Studio Name,Email Address,Address,Country,Website URL,City
F45 Crows Nest,crowsnest@f45training.com.au,"1/123 Willoughby Road, Crows Nest NSW 2065, Australia",Australia,https://f45training.com/crowsnest/,Crows Nest
F45 Dee Why,deewhy@f45training.com.au,"693A Pittwater Rd, Dee Why NSW 2099, Australia",Australia,https://f45training.com/deewhy/,Dee Why
F45 Burleigh,burleigh@f45training.com.au,"11 Kortum Dr, Burleigh Heads QLD 4220, Australia",Australia,https://f45training.com/burleigh/,Burleigh Heads
F45 East Perth,eastperth@f45training.com.au,"197 Adelaide Terrace, East Perth WA 6004, Australia",Australia,https://f45training.com/eastperth/,East Perth
F45 Chatswood,chatswood@f45training.com.au,"6/3 Spring Street, Chatswood, New South Wales, Australia",Australia,https://f45training.com/chatswood/,Chatswood
F45 Lane Cove,lanecove@f45training.com.au,"1/229 Burns Bay Rd, Lane Cove, NSW, 2066, Australia",Australia,https://f45training.com/lanecove/,Lane Cove
F45 Cockburn,cockburn@f45training.com.au,"U2/5 Parkes St, Cockburn Central, WA 6164",Australia,https://f45training.com/cockburn/,Central
F45 Broadbeach,broadbeach@f45training.com.au,"2, Oasis Shopping Centre, Victoria Avenue, Broadbeach QLD 4218, Australia",Australia,https://f45training.com/broadbeach/,Broadbeach
F45 Tweed Heads,tweedheads@f45training.com.au,"33 Bay St, Tweed Heads, NSW, 2485, Australia",Australia,https://f45training.com/tweedheads/,Tweed Heads
F45 Bondi Junction,bondijunction@f45training.com.au,"1/410 Oxford Street, Bondi Junction, New South Wales, Australia",Australia,https://f45training.com/bondijunction/,Bondi Junction
F45 Peakhurst,peakhurst@f45training.com.au,1/707 Forrest Road Peakhurst 2210 Located above Sportsworld Indoor,Australia,https://f45training.com/peakhurst/,1/
F45 Bella Vista,bellavista@f45training.com.au,"Unit 5/ 22 Lexington Drive,  BELLA VISTA  NSW 2153",Australia,https://f45training.com/bellavista/,BELLA VISTA
F45 Dickson,dickson@f45training.com.au,"490 Northbourne Ave, Dickson ACT 2602, Australia",Australia,https://f45training.com/dickson/,Dickson
F45 Dalyellup,dalyellup@f45training.com.au,"T1A Woolworths Dalyellup Shopping Centre Tiffany Centre, Dalyellup WA 6230",Australia,https://f45training.com/dalyellup/,Dalyellup
F45 Phillip,phillip@f45training.com.au,"68 Dundas Ct, Phillip ACT 2606, Australia",Australia,https://f45training.com/phillip/,Phillip
F45 Brighton (VIC),brighton@f45training.com.au,"193A Bay Street, Brighton, VIC, 3186, Australia",Australia,https://f45training.com/brighton/,Brighton
F45 Moorebank,moorebank@f45training.com.au,"3/42 Seton Rd, NSW 2170 Australia",Australia,https://f45training.com/moorebank/,NSW 2170 Australia
F45 St Ives,stives@f45training.com.au,"186 Mona Vale Rd, St Ives, NSW, 2075, Australia",Australia,https://f45training.com/stives/,St Ives
F45 Wollongong CBD,wollongongcbd@f45training.com.au,"12/30 Swan Street, Wollongong, NSW, 2500",Australia,https://f45training.com/wollongongcbd/,Wollongong
F45 Gosford,gosford@f45training.com.au,"134 Mann St, Gosford, New South Wales, 2250, Australia",Australia,https://f45training.com/gosford/,Gosford
F45 Darlinghurst,darlinghurst@f45training.com.au,"10-14 Oxford Square, Darlinghurst, NSW, 2010, Australia",Australia,https://f45training.com/darlinghurst/,Darlinghurst
F45 Norwood,norwood@f45training.com.au,"119 The Parade, Norwood SA 5067, Australia",Australia,https://f45training.com/norwood/,Norwood
F45 Leichhardt,leichhardtadmin@f45training.com.au,"7/1a Lords Road, Leichhardt, New South Wales, Australia",Australia,https://f45training.com/leichhardt/,Leichhardt
F45 Gladstone,gladstone@f45training.com.au,"113/111 Emmadale Dr, New Auckland QLD 4680, Australia",Australia,https://f45training.com/gladstone/,New Auckland
F45 Greenhills Maitland,greenhills@f45training.com.au,"Unit 3, 4a Garnett Road Greenhills  NSW  2323",Australia,https://f45training.com/greenhillsmaitland/,4a Garnett Road Greenhills
F45 Rosebery,rosebery@f45training.com.au,"36 Morley Avenue, Rosebery, New South Wales, Australia",Australia,https://f45training.com/rosebery/,Rosebery
F45 Carlingford,carlingford@f45training.com.au," 372 Pennant Hills Rd, Carlingford, NSW, 2118, Australia",Australia,https://f45training.com/carlingford/,Carlingford
F45 Strathfield,strathfield@f45training.com.au,"235 Homebush Rd, Strathfield, NSW, 2135, Australia",Australia,https://f45training.com/strathfield/,Strathfield
F45 Richmond NSW,richmondnsw@f45training.com.au,Shop 4/9 West Market Street Richmond 2753 NSW,Australia,https://f45training.com/richmondnsw/,Richmond
F45 Brisbane CBD,brisbanecbd@f45training.com.au,"201 Charlotte St, Brisbane City QLD 4000, Australia",Australia,https://f45training.com/brisbanecbd/,Brisbane City
F45 Frenchs Forest,frenchsforest@f45training.com.au,"level 2/1 Skyline Pl, Frenchs Forest NSW 2086, Australia",Australia,https://f45training.com/frenchsforest/,Frenchs Forest
F45 Paddington QLD,paddingtonqld@f45training.com.au,2/183 Given Terrace Paddington QLD 4064,Australia,https://f45training.com/paddingtonqld/,2/
F45 Duncraig,duncraig@f45training.com.au,"1/50 Marri rd, Duncraig",Australia,https://f45training.com/duncraig/,Duncraig
F45 Sydney Olympic Park,sydneyolympicpark@f45training.com.au,"Sydney Olympic Park, NSW, 2127, Australia",Australia,https://f45training.com/olympicpark/,NSW
F45 Vasse,vasse@f45training.com.au,"2/20 Burler Drive, Vasse, WA, 6280, Australia",Australia,https://f45training.com/vasse/,Vasse
F45 Panania,panania@f45training.com.au,"73 Anderson Avenue, Panania, New South Wales, Australia",Australia,https://f45training.com/panania/,Panania
F45 Townsville Central,townsvillecentral@f45training.com.au,"shop 1/277 Charters Towers Road, Mysterton QLD 4812, Australia",Australia,https://f45training.com/townsvillecentral/,Mysterton
F45 Matraville,matraville@f45training.com.au,"506 Bunnerong Rd, Matraville, NSW, 2036, Australia",Australia,https://f45training.com/matraville/,Matraville
F45 Rouse Hill,rousehill@f45training.com.au,"12/322 Annangrove Rd, Rouse Hill, NSW, 2155, Australia",Australia,https://f45training.com/rousehill/,Rouse Hill
F45 Launceston,launceston@f45training.com.au,"43-45 Brisbane St, Launceston TAS 7250, Australia",Australia,https://f45training.com/launceston/,Launceston
F45 Westleigh,westleigh@f45training.com.au,"Suite 1, 4-8 Eucalyptus Drive, Westleigh NSW 2120",Australia,https://f45training.com/westleigh/,Westleigh
F45 Gateshead,gateshead@f45training.com.au,"38 Metro Ct, Gateshead, NSW, 2290, Australia",Australia,https://f45training.com/gateshead/,Gateshead
F45 Caloundra,caloundra@f45training.com.au,"782 Nicklin Way, Currimundi, QLD, 4551, Australia",Australia,https://f45training.com/caloundra/,Currimundi
F45 Woolloomooloo,woolloomooloo@f45training.com.au,"Lower Ground, 100 William St, Woolloomooloo, New South Wales, Australia",Australia,https://f45training.com/woolloomooloo/,100 William St
F45 The Ponds,theponds@f45training.com.au,"T16, The Ponds Shopping Centre, Corner Riverbank Drive & The Ponds Boulevarde, Sydney NSW 2155",Australia,https://f45training.com/f45-training-the-ponds/,Sydney
F45 Booragoon,booragoon@f45training.com.au,"500 Marmion St, Booragoon WA 6154, Australia",Australia,https://f45training.com/booragoon/,Booragoon
F45 Barton,barton@f45training.com.au,"10 National Circuit, Barton, Australian Capital Territory, 2600, Canberra, Australia",Australia,https://f45training.com/barton/,Barton
F45 Enoggera,enoggera@f45training.com.au,"60 Pickering St, Enoggera QLD 4051, Australia",Australia,https://f45training.com/enoggera/,Enoggera
F45 Victoria Park,victoriapark@f45training.com.au,"3/115 Albany Highway, Victoria Park, Western Australia, Australia",Australia,https://f45training.com/victoriapark/,Victoria Park
F45 Docklands South,docklandsouth@f45training.com.au,"818 Bourke Street, Docklands, Victoria, Australia",Australia,https://f45training.com/docklandssouth/,Docklands
F45 Leederville,leederville@f45training.com.au,"19/663 Newcastle St, Leederville WA 6007, Australia",Australia,https://f45training.com/leederville/,Leederville
F45 Avalon,avalon@f45training.com.au,Avalon Cinema Centre 37-39 Old Barrenjoey Rd (entry via Wickham Lane),Australia,https://f45training.com/avalon/,Lane)
F45 Seaforth,seaforth@f45training.com.au,"38 Frenchs Forest Road, Seaforth, NSW, 2092, Australia",Australia,https://f45training.com/seaforth/,Seaforth
F45 Glenhaven,glenhaven@f45training.com.au,"6/78 Glenhaven Road, Glenhaven, New South Wales, Australia",Australia,https://f45training.com/glenhaven/,Glenhaven
F45 Port Macquarie,portmacquarie@f45training.com.au,"2/10 Short Street, Port Macquarie, NSW, 2444, Australia",Australia,https://f45training.com/portmacquarie/,Port Macquarie
F45 Kings Park,kingspark@f45training.com.au,"2 Garling Road, Kings Park NSW 2148, Australia",Australia,https://f45training.com/kingspark/,Kings Park
F45 Upper Mount Gravatt,uppermountgravatt@f45training.com.au,"Brisbane, 1/ 50 Freda Street, Upper Mount Gravatt, Queensland, 4122, Australia",Australia,https://f45training.com/uppermtgravatt/,1/ 50 Freda Street
F45 South Perth,southperth@f45training.com.au,"97-99 Canning Hwy, South Perth WA 6151, Australia",Australia,https://f45training.com/southperth/,South Perth
F45 Sandringham - Highett,sandringham-highett@f45training.com.au,"34 George St, Sandringham VIC, Australia",Australia,https://f45training.com/sandringham-highett/,Sandringham VIC
F45 Nundah,nundah@f45training.com.au,"1/1229 Sandgate Road, Nundah, Queensland, Australia",Australia,https://f45training.com/nundah/,Nundah
F45 Torquay,torquay@f45training.com.au,"222 Fischer Street, Torquay, Victoria, Australia",Australia,https://f45training.com/torquay/,Torquay
F45 Ashmore,ashmore@f45training.com.au,"6/15 Dominions Rd, Ashmore, Queensland, Australia",Australia,https://f45training.com/ashmore/,Ashmore
F45 Mornington,mornington@f45training.com.au,"Level 1, 209 Mornington Tyabb Road, Mornington",Australia,https://f45training.com/mornington/,209 Mornington Tyabb Road
F45 Toowoomba Central,toowoombacentral@f45training.com.au,"14 Laurel Street, Toowoomba, Queensland, 4350, Australia",Australia,https://f45training.com/toowoombacentral/,Toowoomba
F45 Albany,albany@f45training.com.au,"141 Lockyer Ave, Centennial Park WA 6330, Australia",Australia,https://f45training.com/albany/,Centennial Park
F45 Coolum,coolum@f45training.com.au,F45 training Coolum,Australia,https://f45training.com/coolum/,Coolum
F45 Redcliffe,redcliffe@f45training.com.au,"244 Anzac Ave, Kippa-Ring QLD 4021, Australia",Australia,https://f45training.com/redcliffe/,Kippa-Ring
F45 Ellenbrook,ellenbrook@f45training.com.au,"23 The Broadway, Ellenbrook, WA, 6069, Australia",Australia,https://f45training.com/ellenbrook/,Ellenbrook
F45 Bankstown,bankstown@f45training.com.au,"9A Greenfield Parade, BANKSTOWN NSW 2200",Australia,https://f45training.com/bankstown/,BANKSTOWN
F45 Campbelltown,campbelltown@f45training.com.au,"Macarthur Square Shopping Centre, Campbelltown, New South Wales, Australia",Australia,https://f45training.com/campbelltown/,Campbelltown
F45 Geelong West,geelongwest@f45training.com.au,"270 Shannon Ave, Geelong West, Victoria, Australia",Australia,https://f45training.com/geelongwest/,Geelong West
F45 Nedlands,nedlands@f45training.com.au,"Unit 7, 158 Stirling Highway, Nedlands WA 6009",Australia,https://f45training.com/nedlands/,Nedlands
F45 Tumbi Umbi,tumbiumbi@f45training.com.au,"4/10 Bon-Mace Cl, Berkeley Vale NSW 2261, Australia",Australia,https://f45training.com/tumbiumbi/,Berkeley Vale
F45 Geraldton,geraldton@f45training.com.au,"20 Anzac Terrace, Geraldton WA 6530, Australia",Australia,https://f45training.com/geraldton/,Geraldton
F45 Chermside,chermside@f45training.com.au,"Shop 2631B, Level 2, Westfield Chermside QLD 4032",Australia,https://f45training.com/chermside/,Westfield Chermside
F45 Nowra,nowra@f45training.com.au,"176 Princes Hwy, South Nowra NSW 2541, Australia",Australia,https://f45training.com/nowra/,South Nowra
F45 Hurstville,hurstville@f45training.com.au,"Level 3, 8 Crofts Avenue Hurstville NSW 2220",Australia,https://f45training.com/hurstville/,8 Crofts Avenue Hurstville
F45 Keperra Mitchelton,keperramitchelton@f45training.com.au,Great western Super Centre Cnr Samford Road & Settlement Road Keperra QLD 4054,Australia,https://f45training.com/keperra/,QLD
F45 Charmhaven,charmhaven@f45training.com.au,"18-20 Arizona Rd, Charmhaven NSW 2263, Australia",Australia,https://f45training.com/charmhaven/,Charmhaven
F45 Willetton,willetton@f45training.com.au,"4/185 High Rd, Willetton WA 6155, Australia",Australia,https://f45training.com/willetton/,Willetton
F45 Petersham,petersham.admin@f45training.com.au,"94 Audley Street, Petersham NSW 2049",Australia,https://f45training.com/petersham/,Petersham
F45 Osborne Park,osbornepark@f45training.com.au,"235 Main Street, Osborne Park, Western Australia, Australia",Australia,https://f45training.com/osbornepark/,Osborne Park
F45 St Kilda,stkilda@f45training.com.au,"43 Fitzroy St, St Kilda, VIC, 3182, Australia",Australia,https://f45training.com/stkilda/,St Kilda
F45 Woy Woy,woywoy@f45training.com.au,"32 Blackwall Rd, Woy Woy NSW 2256, Australia",Australia,https://f45training.com/woywoy/,Woy Woy
F45 Coffs Harbour,coffsharbour@f45training.com.au,"4/22 Forge Drive, North Boambee Valley NSW 2450, Australia",Australia,https://f45training.com/coffsharbour/,North Boambee Valley
F45 Minchinbury,minchinbury@f45training.com.au,"32/40 Sterling Road, Minchinbury, NSW, 2770, Australia",Australia,https://f45training.com/minchinbury/,Minchinbury
F45 West Lakes,westlakes@f45training.com.au,"137-139 Brebner Drive, West Lakes, SA, 5021, Australia",Australia,https://f45training.com/westlakes/,West Lakes
F45 Ballarat CBD,ballaratcbd@f45training.com.au,"8 Mair Street, Ballarat Central VIC, Australia",Australia,https://f45training.com/ballaratcbd/,Central
F45 Glendenning,glendenning@f45training.com.au,"Unit 2/5 Voyager Circuit, Glendenning NSW 2761, Australia",Australia,https://f45training.com/glendenning/,Glendenning
F45 Brunswick West,brunswickwest@f45training.com.au,"4 Pearson St, Brunswick West VIC 3055, Australia",Australia,https://f45training.com/brunswickwest/,Brunswick West
F45 Treendale,treendale@f45training.com.au,"30 The Promenade Treendale, WA 6233",Australia,https://f45training.com/treendale/,WA 6233
F45 Essendon,essendon@f45training.com.au,"1007B Mt Alexander Rd, Essendon VIC 3040, Australia",Australia,https://f45training.com/essendon/,Essendon
F45 Madeley,madeley@f45training.com.au,"2/1 Venture Loop, Wangara WA 6065, Australia",Australia,https://f45training.com/madeley/,Wangara
F45 Ormeau,ormeau@f45training.com.au,"1/27 Motorway Cct, Ormeau QLD 4208, Australia",Australia,https://f45training.com/ormeau/,Ormeau
F45 Balwyn,balwyn@f45training.com.au,"461 Whitehorse Rd, Balwyn VIC 3103, Australia",Australia,https://f45training.com/balwyn/,Balwyn
F45 Woodville,woodville@f45training.com.au,"39-51 David Terrace, Woodville Park, South Australia, 5011, Australia",Australia,https://f45training.com/woodville/,Woodville Park
F45 Ashburton,ashburton@f45training.com.au,"211 High St, Ashburton VIC 3147, Australia",Australia,https://f45training.com/ashburton/,Ashburton
F45 Brighton (SA),brightonsa@f45training.com.au,"428 Brighton Rd, Brighton, SA, 5048, Australia",Australia,https://f45training.com/brightonsa/,Brighton
F45 St Morris,stmorris@f45training.com.au,"Unit 6 & 7, 221 Glynburn Rd, St Morris SA 5068, Australia",Australia,https://f45training.com/stmorris/,St Morris
F45 Croydon VIC,croydonvic@f45training.com.au,"1/17 Coolstore Rd, Croydon VIC 3136, Australia",Australia,https://f45training.com/croydonvic/,Croydon
F45 Bassendean,bassendean@f45training.com.au,31/2 West Road Bassendean 6054 ,Australia,https://f45training.com/bassendean/,Bassendean
F45 Bulimba,bulimba@f45training.com.au,"21 Godwin St, Bulimba QLD 4171, Australia",Australia,https://f45training.com/bulimba/,Bulimba
F45 Forest Lake,forestlake@f45training.com.au,"235 Forest Lake Blvd, Forest Lake QLD 4078, Australia",Australia,https://f45training.com/forestlake/,Forest Lake
F45 Tuggerah,tuggerah@f45training.com.au,"2/5 Bounty Close, Tuggerah NSW 2259, Australia",Australia,https://f45training.com/tuggerah/,Tuggerah
F45 Capalaba,capalaba@f45training.com.au,"85 Redland Bay Road, Capalaba, QLD, 4157, Australia",Australia,https://f45training.com/capalaba/,Capalaba
F45 Bundaberg,bundaberg@f45training.com.au,"4 Phoebe Cres, Kensington QLD 4670, Australia",Australia,https://f45training.com/bundaberg/,Kensington
F45 Chelsea,chelsea@f45training.com.au,"2/450 Nepean Highway, Chelsea, VIC, 3196, Australia",Australia,https://f45training.com/chelsea/,Chelsea
F45 Woodvale,woodvale@f45training.com.au,"20/153 Trappers Dr, Woodvale WA 6026, Australia",Australia,https://f45training.com/woodvale/,Woodvale
F45 Mount Lawley,mountlawley@f45training.com.au,"33 Railway Parade, Mount Lawley WA 6050, Australia",Australia,https://f45training.com/mountlawley/,Mount Lawley
F45 Glenmore Park,glenmorepark@f45training.com.au,"Floribunda Community Centre, 3-4 Floribunda Ave, Glenmore Park NSW 2745, Australia",Australia,https://f45training.com/glenmorepark/,Glenmore Park
F45 Northern Suburbs Darwin,northernsuburbsdarwin@f45training.com.au,"3/8 Osgood Drive, Eaton, Northern Territory, 0820, Australia",Australia,https://f45training.com/northernsuburbsdarwin/,Eaton
F45 Cranbourne,cranbourne.admin@f45training.com.au,"1-3 Universal Way, Cranbourne West VIC 3977, Australia",Australia,https://f45training.com/cranbourne/,Cranbourne West
F45 Forrestfield,forrestfield@f45training.com.au,"20 Strelitzia Ave, Forrestfield WA 6058, Austrália",Australia,https://f45training.com/forrestfield/,Forrestfield
F45 Craigieburn,craigieburn@f45training.com.au,"3/360 Hume Highway, Craigieburn, Victoria, Australia",Australia,https://f45training.com/craigieburn/,Craigieburn
F45 Kallangur,kallangur@f45training.com.au,"1408 Anzac Ave, Kallangur, QLD, 4503, Australia",Australia,https://f45training.com/kallangur/,Kallangur
F45 Mitcham,mitcham@f45training.com.au,"603 Maroondah Hwy Service Rd, Mitcham VIC 3132, Australia",Australia,https://f45training.com/mitcham/,Mitcham
F45 Albany Creek,albanycreek@f45training.com.au,"5-15 Jagora Dr, Albany Creek QLD 4035, Australia",Australia,https://f45training.com/albanycreek/,Albany Creek
F45 Bendigo,bendigo@f45training.com.au,"216 High Street, Bendigo, Victoria, 3550, Australia",Australia,https://f45training.com/bendigo/,Bendigo
F45 Margaret River,margaretriver@f45training.com.au,"5/8 Owen-Tucker Ln, Margaret River WA 6285, Australia",Australia,https://f45training.com/margaretriver/,Margaret River
F45 Northbridge NSW,northbridgensw@f45training.com.au,"level 1/115 Sailors Bay Road, Northbridge NSW 2063, Australia",Australia,https://f45training.com/northbridgensw/,Northbridge
F45 Concord,concord@f45training.com.au,"1 Nullawarra Ave, Concord NSW 2137, Australia",Australia,https://f45training.com/concord/,Concord
F45 Palmerston,palmerston@f45training.com.au,"Zuccoli Parade, Zuccoli NT 0832, Australia",Australia,https://f45training.com/palmerston/,Zuccoli
F45 Glenroy,glenroy@f45training.com.au,13 Blenheim St Glenroy VIC 3046,Australia,https://f45training.com/glenroy/,VIC
F45 Jimboomba,jimboomba@f45training.com.au,"2/3 Paul Court, Jimboomba, Queensland, Australia",Australia,https://f45training.com/jimboomba/,Jimboomba
F45 Pakenham,pakenham@f45training.com.au,"3/114 Princes Hwy, Pakenham VIC 3810, Australia",Australia,https://f45training.com/pakenham/,Pakenham
F45 Burns Beach,burnsbeach@f45training.com.au,"1244 Marmion Ave, Currambine WA 6028, Australia",Australia,https://f45training.com/burnsbeach/,Currambine
F45 Port Lincoln,portlincoln@f45training.com.au,"16 King St, Port Lincoln SA 5606, Australia",Australia,https://f45training.com/portlincoln/,Port Lincoln
F45 Salisbury SA,salisburysa@f45training.com.au,"shop 1/34 Park Terrace, Salisbury SA 5108, Australia",Australia,https://f45training.com/salisburysa/,Salisbury
F45 Midvale,midvale@f45training.com.au,"3/28 Elliott St, Midvale WA 6056, Australia",Australia,https://f45training.com/midvale/,Midvale
F45 Mackay City,mackaycity@f45training.com.au,"53 Wood St, Mackay QLD 4740, Australia",Australia,https://f45training.com/mackaycity/,Mackay
F45 Rowville,rowville@f45training.com.au,"20 Enterprise Dr, Rowville, VIC, 3178, Australia",Australia,https://f45training.com/rowville/,Rowville
F45 Bulli,bulli@f45training.com.au,"222 Princes Hwy, Bulli NSW 2516, Australia",Australia,https://f45training.com/bulli/,Bulli
F45 Burnside,burnside@f45training.com.au,"375 Greenhill Rd, Toorak Gardens SA 5065, Australia",Australia,https://f45training.com/burnside/,Toorak Gardens
F45 Hervey Bay,herveybay@f45training.com.au,"4/101 Beach Rd, Pialba QLD 4655, Australia",Australia,https://f45training.com/herveybay/,Pialba
F45 Pullenvale,pullenvale@f45training.com.au,"1st Floor,  Pullenvale Marketplace 8 McCaskill Rd Pullenvale 4069",Australia,https://f45training.com/pullenvale/,Pullenvale Marketplace 8 McCaskill Rd Pullenvale 4069
F45 Thuringowa,thuringowa@f45training.com.au,"40 Bamford Ln, Kirwan QLD 4817, Australia",Australia,https://f45training.com/thuringowa/,Kirwan
F45 Wodonga,wodonga.admin@f45training.com.au,"71 Church Street, Wodonga VIC 3690, Australia",Australia,https://f45training.com/wodonga/,Wodonga
F45 Doreen,doreen@f45training.com.au,"111 Elation Blvd, Doreen VIC 3754, Australia",Australia,https://f45training.com/doreen/,Doreen
F45 Tamworth,tamworth@f45training.com.au,"172 Peel St, North Tamworth NSW 2340, Australia",Australia,https://f45training.com/tamworth/,North Tamworth
F45 Mount Isa,mountisa@f45training.com.au,"14 Beverly Ln, Mornington QLD 4825, Australia",Australia,https://f45training.com/mountisa/,Mornington
F45 Rochedale South,rochedalesouth@f45training.com.au,"549 Underwood Rd, Rochedale South QLD 4123, Australia",Australia,https://f45training.com/rochedalesouth/,Rochedale South
F45 Noble Park,noblepark@f45training.com.au,"405A Princes Hwy, Noble Park VIC 3174, Australia",Australia,https://f45training.com/noblepark/,Noble Park
F45 Port Stephens,portstephens@f45training.com.au,"Sandy Point Rd, Salamander Bay NSW 2317, Australia",Australia,https://f45training.com/portstephens/,Salamander Bay
F45 Melton,melton@f45training.com.au,"2/23 Glenville Dr, Melton VIC 3337, Australia",Australia,https://f45training.com/melton/,Melton
F45 Point Cook,pointcook@f45training.com.au,"Shop No. #3.  Featherbrook Shopping Centre, 238 Boardwalk Boulevard, Point Cook",Australia,https://f45training.com/pointcook/,238 Boardwalk Boulevard
F45 Casuarina,casuarina@f45training.com.au,"12/480 Casuarina Way, Casuarina NSW 2487, Australia",Australia,https://f45training.com/casuarina/,Casuarina
F45 Hope Island,hopeisland@f45training.com.au,"Marina Quays Blvd, Hope Island QLD 4212, Australia",Australia,https://f45training.com/hopeisland/,Hope Island
F45 Somerville,somerville@f45training.com.au,"5/91-95 Grant Road, Somerville, Vic, 3912",Australia,https://f45training.com/somerville/,Somerville
F45 Nerang,nerang@f45training.com.au,"Tibbing St, Nerang QLD 4211, Australia",Australia,https://f45training.com/nerang/,Nerang
F45 Bli Bli,blibli@f45training.com.au,"304 David Low Way, Bli Bli QLD 4560, Australia",Australia,https://f45training.com/blibli/,Bli Bli
F45 Kalgoorlie,kalgoorlie@f45training.com.au,"315 Hannan St, Kalgoorlie WA 6430, Australia",Australia,https://f45training.com/kalgoorlie/,Kalgoorlie
F45 Blackwood,blackwood@f45training.com.au,"180 Main Rd, Blackwood SA 5051, Australia",Australia,https://f45training.com/blackwood/,Blackwood
F45 Goulburn,goulburn@f45training.com.au,Unit 6 Auburn Street Goulburn NSW,Australia,https://f45training.com/goulburn/,NSW
F45 Gympie,gympie@f45training.com.au,"Shop 201-203 Southside QLD 4570, Australia",Australia,https://f45training.com/gympie/,Australia
F45 Armidale,armidale@f45training.com.au,"3/244 Beardy St, Armidale NSW 2350, Australia",Australia,https://f45training.com/armidale/,Armidale
F45 Ngunnawal,ngunnawal@f45training.com.au,"4 Wanganeen Ave, Ngunnawal ACT 2913, Australia",Australia,https://f45training.com/ngunnawal/,Ngunnawal
F45 Picton,picton@f45training.com.au,"81-83 Argyle St, Picton NSW 2571, Australia",Australia,https://f45training.com/picton/,Picton
F45 Beenleigh,beenleigh@f45training.com.au,"137 George St, Beenleigh QLD 4207, Australia",Australia,https://f45training.com/beenleigh/,Beenleigh
F45 Truganina,truganina@f45training.com.au,"2/5 Connect Road, Truganina VIC 3029, Australia",Australia,https://f45training.com/truganina/,Truganina
F45 Mackay North,mackaynorth@f45training.com.au,"39/43 Arana Dr, Rural View QLD 4740, Australia",Australia,https://f45training.com/mackaynorth/,Rural View
F45 Toowoomba West,toowoombawest@f45training.com.au,"1/3 Hurstway Ct, Kearneys Spring QLD 4350, Australia",Australia,https://f45training.com/toowoombawest/,Kearneys Spring
F45 Wakerley,wakerley@f45training.com.au,"260 New Cleveland Rd, Tingalpa QLD 4173, Australia",Australia,https://f45training.com/wakerley/,Tingalpa
F45 Reservoir VIC,reservoirvic@f45training.com.au,"7 Parer St, Reservoir VIC 3073, Australia",Australia,https://f45training.com/reservoirvic/,Reservoir
F45 Secret Harbour,secretharbour@f45training.com.au,"Shop 112 Secret Harbour Square, Oasis Drive, Secret Harbour WA 6173",Australia,https://f45training.com/secretharbour/,Secret Harbour
F45 Kingsgrove,kingsgrove@f45training.com.au,"1/48 Garema Circuit, Kingsgrove NSW 2208, Australia",Australia,https://f45training.com/kingsgrove/,Kingsgrove
F45 Wangaratta,wangaratta@f45training.com.au,"rear 106-108 murphy st, wangaratta",Australia,https://f45training.com/wangaratta/,wangaratta
F45 Seaford-Aldinga,seaford-aldinga@f45training.com.au,"9/1 Prow Dr, Seaford Meadows SA 5169, Australia",Australia,https://f45training.com/seaford-aldinga/,Seaford Meadows
F45 Lismore,lismore@f45training.com.au,"2 Carrington St, Lismore NSW 2480, Australia",Australia,https://f45training.com/lismore/,Lismore
F45 Preston,preston@f45training.com.au,"555-557 Plenty Rd Preston, VIC, 3072",Australia,https://f45training.com/preston/,VIC
F45 Coburg,coburg@f45training.com.au,"307-309 Sydney Rd, Coburg, Victoria, Australia",Australia,https://f45training.com/coburg/,Coburg
F45 Warragul,warragul@f45training.com.au,"5 Hazel Dr, Warragul VIC 3820, Australia",Australia,https://f45training.com/warragul/,Warragul
F45 Sippy Downs,sippydowns@f45training.com.au,"123 Sippy Downs Dr, Sippy Downs QLD 4556, Australia",Australia,https://f45training.com/sippydowns/,Sippy Downs
F45 Leppington,leppington@f45training.com.au,"1640 Camden Valley Way, Leppington NSW 2179, Australia",Australia,https://f45training.com/leppington/,Leppington
F45 Cessnock,cessnock@f45training.com.au,"6 Cessnock St, Cessnock NSW 2325, Australia",Australia,https://f45training.com/cessnock/,Cessnock
F45 Meadowbank,meadowbank@f45training.com.au,"Shop 4.5/11A Bay Drive, Meadowbank NSW 2114",Australia,https://f45training.com/meadowbank/,Meadowbank
F45 Rutherford,rutherford@f45training.com.au,"Unit 2 / 51 Shipley Drive, Rutherford. NSW. 2320",Australia,https://f45training.com/rutherford/,Rutherford. NSW. 2320
F45 Bulleen,bulleen@f45training.com.au,"101 Manningham Rd, Bulleen VIC 3105, Australia",Australia,https://f45training.com/bulleen/,Bulleen
F45 Singleton,singleton@f45training.com.au,"6/21 Ryan Avenue, Singleton NSW 2330, Australia",Australia,https://f45training.com/singleton/,Singleton
F45 Merrylands,merrylands@f45training.com.au,"171 Pitt St, Merrylands NSW 2160, Australia",Australia,https://f45training.com/merrylands/,Merrylands
F45 Drysdale,drysdale@f45training.com.au,"49-51 Murradoc Rd, Drysdale VIC 3222, Australia",Australia,https://f45training.com/drysdale/,Drysdale
F45 Sherwood,sherwood@f45training.com.au,"14 Primrose St, Sherwood QLD 4075, Australia",Australia,https://f45training.com/sherwood/,Sherwood
F45 Emerald QLD,emeraldqld@f45training.com.au,"59 Clermont St, Emerald QLD 4720, Australia",Australia,https://f45training.com/emeraldqld/,Emerald
F45 Victor Harbor,victorharbor@f45training.com.au,"Lot 5 Adelaide Road, McCracken SA 5211, Australia",Australia,https://f45training.com/victorharbor/,McCracken
F45 Nambour,nambour@f45training.com.au,"Shop 13, Short St, Nambour QLD 4560",Australia,https://f45training.com/nambour/,Nambour
F45 Ulladulla,ulladulla@f45training.com.au,"3/37 Deering St, Ulladulla NSW 2539, Australia",Australia,https://f45training.com/ulladulla/,Ulladulla
F45 Mariahilf,mariahilf@f45training.at,"Windmühlgasse 22, 1060 Vienna, Austria",Austria,https://f45training.com/mariahilf/,1060 Vienna
F45 Nordbahn,nordbahn@f45training.at,"Austria, ",Austria,https://f45training.com/nordbahn/,
F45 Saar,saar@f45training.bh,"Avenue 21, Saar, Bahrain",Bahrain,https://f45training.com/saar/,Saar
F45 Brussels Central Station,brusselscentralstation@f45training.be,"Galerie Ravenstein, 1000 Brussel, Belgium",Belgium,https://f45training.com/brusselscentralstation/,1000 Brussel
F45 Las Brisas,lasbrisas@f45training.bo,"Av. Cristo Redentor y, Santa Cruz de la Sierra, Bolivia",Bolivia,https://f45training.com/lasbrisas/,Santa Cruz de la Sierra
F45 Ic Norte,icnorte@f45training.bo,Avenica Busch 3er Anillo Externo S/N 2ndo Piso SUPERMERCADO IC NORTE Unit # 1.,Bolivia,https://f45training.com/icnorte/,1.
F45 Rio de Janeiro,riodejaneiro@f45training.com,"Brazil, ",Brazil,https://f45training.com/riodejaneiro/,
F45 Liberty Village,libertyvillage@f45training.com,"171 East Liberty Street, Liberty Village, Toronto, ON, Canada",Canada,https://f45training.com/libertyvillage/,Liberty Village
F45 Chestermere,chestermere@f45training.com,"105 288 Kinniburgh Blvd, Chestermere, AB, Canada",Canada,https://f45training.com/chestermere/,Chestermere
F45 Yorkville,yorkville@f45training.com,"110 Bloor Street West, Toronto, Ontario M5S 2W7, Canada",Canada,https://f45training.com/yorkville/,Toronto
F45 Port Coquitlam,portcoquitlam@f45training.com,"575 Seaborne Ave #2130, Port Coquitlam, BC V3E 3G7, Canada",Canada,https://f45training.com/portcoquitlam/,Port Coquitlam
F45 Lonsdale,lonsdale@f45training.com,"1617 Lonsdale Ave, North Vancouver, BC V7M 2J5, Canada",Canada,https://f45training.com/lonsdale/,North Vancouver
F45 St. Lawrence Market,stlawrencemarket@f45training.com,"106 Front St E, Toronto, ON M5A 1E1, Canada",Canada,https://f45training.com/stlawrencemarket/,Toronto
F45 Ossington,ossington@f45training.com,"829 College St, Toronto, ON M6G 1C9, Canada",Canada,https://f45training.com/ossington/,Toronto
F45 Toronto Downtown,torontodowntown@f45training.com,"165 King St W, Toronto, ON M5H 4H2, Canada",Canada,https://f45training.com/torontodowntown/,Toronto
F45 Don Mills,donmills@f45training.com,"1090 Don Mills Rd, North York, ON M3C 3R6, Canada",Canada,https://f45training.com/donmills/,North York
F45 Belmont Village KW,belmontvillagekw@f45training.com,"137 Glasgow St, Kitchener, ON N2G 4X8, Canada",Canada,https://f45training.com/belmontvillagekw/,Kitchener
F45 Parkwoods,parkwoods@f45training.com,"1252 Lawrence Ave E, North York, ON M3A 1C3, Canada",Canada,https://f45training.com/parkwoods/,North York
F45 Regent Park,regentpark@f45training.com,"659 Dundas St E, Toronto, ON M5A 2C1, Canada",Canada,https://f45training.com/regentpark/,Toronto
F45 Yonge & Eglinton,yongeeglinton@f45training.com,"1 Eglinton Ave E, Toronto, ON M4P 3A1, Canada",Canada,https://f45training.com/yongeandeglinton/,Toronto
F45 Toronto Midtown,torontomidtown@f45training.com,"1 St Clair Ave E, Toronto, ON M4T, Canada",Canada,https://f45training.com/torontomidtown/,Toronto
F45 Humber Bay,humberbay@f45training.com,"36 Park Lawn Rd, Etobicoke, ON M8Y 3H8, Canada",Canada,https://f45training.com/humberbay/,Etobicoke
F45 North York,northyork@f45training.com,"5095 Yonge St, North York, ON M2N 6Z4, Canada",Canada,https://f45training.com/northyork/,North York
F45 Aurora Canada,auroracanada@f45training.com,"446 Hollandview Trail, Aurora, ON L4G 7M6",Canada,https://f45training.com/auroracanada/,Aurora
F45 Joshua Creek,joshuacreek@f45training.com,"Oakwoods Centre (Upper Middle/Ford Drive) 1903 Ironoak Way, Unit 8 Oakville, Ontario L6H 0N1",Canada,https://f45training.com/joshuacreek/,Unit 8 Oakville
F45 Leaside,leaside@f45training.com,"1669 Bayview Avenue, East York, ON, Canada",Canada,https://f45training.com/leaside/,East York
F45 Trinity Bellwoods,trinitybellwoods.admin@f45training.com,"828 Richmond St W, Toronto, ON M6J 1C9, Canada",Canada,https://f45training.com/trinitybellwoods/,Toronto
F45 Tecumseh,tecumseh@f45training.com,"400 Manning Rd, Windsor, ON N8N 3N7, Canada",Canada,https://f45training.com/tecumseh/,Windsor
F45 North Langley,northlangley@f45training.com,"20121 Willowbrook Dr, Langley City, BC V3A 5E6, Canada",Canada,https://f45training.com/northlangley/,Langley City
F45 Fairview West Island,fairviewwestisland@f45training.com,"3880 Boul Saint-Jean, Dollard-des-Ormeaux, QC H9G 1X1, Canada",Canada,https://f45training.com/fairviewwestisland/,Dollard-des-Ormeaux
F45 Kelowna,kelowna@f45training.com,"1455 Harvey Avenue, Kelowna, BC, Canada",Canada,https://f45training.com/kelowna/,Kelowna
F45 Airdrie,airdrie@f45training.com,"401 Coopers Boulevard SW, Airdrie, T4B 4J3",Canada,https://f45training.com/airdrie/,Airdrie
F45 Kits Point,kitspoint@f45training.com,"1735 W 4th Ave, Vancouver, BC V6J 1M2, Canada",Canada,https://f45training.com/kitspoint/,Vancouver
F45 Squamish,squamish@f45training.com,"12-1257 Commercial Way, Squamish, BC V8B 0Z4",Canada,https://f45training.com/squamish/,Squamish
F45 Vancouver Chinatown,vancouverchinatown@f45training.com,"#10 211 E Georgia St., Vancouver, BC, V6A 1Z7",Canada,https://f45training.com/vancouverchinatown/,Vancouver
F45 The Junction,thejunction@f45training.com,"1655 Dupont St, Toronto, ON M6P 3T1, Canada",Canada,https://f45training.com/thejunction/,Toronto
F45 Burnaby West,burnabywest@f45training.com,"2225 Willingdon Avenue Burnaby, BC V5C 0J9",Canada,https://f45training.com/burnabywest/,BC V5C 0J9
F45 Markham,markham@f45training.com," 3150 HWY 7 East, Unit 5a, Markham, ON, L3R-5A1",Canada,https://f45training.com/markham/,Unit 5a
F45 New Toronto,newtoronto@f45training.com,"300 New Toronto St, Toronto, ON M8V 2E8",Canada,https://f45training.com/newtoronto/,Toronto
F45 Leslieville,leslieville@f45training.com,"19 Dickens St, Toronto, ON M4M 1T8, Canada",Canada,https://f45training.com/leslieville/,Toronto
F45 Sheridan,sheridan@f45training.com,"1900 Dundas Street West, Mississauga, ON, Canada",Canada,https://f45training.com/sheridan/,Mississauga
F45 Danforth Toronto,danforthtoronto@f45training.com,"836 Danforth Ave, Toronto, ON M4J 1L6, Canada",Canada,https://f45training.com/danforthtoronto/,Toronto
F45 Hamilton Downtown,hamiltondowntown@f45training.com,"15 Wellington St N, Hamilton, Ontario L8R 1M7, Canada",Canada,https://f45training.com/hamiltondowntown/,Hamilton
F45 Vaughan West,vaughanwest@f45training.com,"3971 Major MacKenzie Dr W, Vaughan,  ON L6A 1S1, Canada",Canada,https://f45training.com/vaughanwest/,Vaughan
F45 Marda Loop,mardaloop@f45training.com,"2012 34 Ave SW, Calgary, AB T2T 2C3, Canada",Canada,https://f45training.com/mardaloop/,Calgary
F45 Burlington Downtown,burlingtondowntown@f45training.com,"534 Brant St, Burlington, ON L7R 2G8, Canada",Canada,https://f45training.com/burlingtondowntown/,Burlington
F45 Etobicoke Central,etobicokecentral@f45training.com,"5110 Dundas St W, Etobicoke, ON M9A 1C2, Canada",Canada,https://f45training.com/etobicokecentral/,Etobicoke
F45 Parkdale,parkdale@f45training.com,"1558 Queen St W, Toronto, ON M6R 1A6, Canada",Canada,https://f45training.com/parkdale/,Toronto
F45 North Elgin,northelgin@f45training.com,105 2055 152 street Surrey,Canada,https://f45training.com/northelgin/,Surrey
F45 Waterdown,waterdown@f45training.com,"477 Dundas Street East Unit #3, Waterdown, ON L0R 2H8, Canada",Canada,https://f45training.com/waterdown/,Waterdown
F45 Ancaster,ancaster@f45training.com,"1146 Wilson St W, Ancaster, ON, Canada",Canada,https://f45training.com/ancaster/,Ancaster
F45 Ajax Central,ajaxcentral@f45training.com,"235 Bayly St W, Ajax, ON L1S 3K3, Canada",Canada,https://f45training.com/ajaxcentral/,Ajax
F45 LaSalle,lasalle@f45training.com,"2D, 5881 Malden Rd, Windsor, ON N9H 1S5, Canada",Canada,https://f45training.com/lasalle/,Windsor
F45 Stockyards,stockyards@f45training.com,"2583 St Clair Ave W unit 5, Toronto, ON M6N 1L8, Canada",Canada,https://f45training.com/stockyards/,Toronto
F45 Long Branch TO,longbranchto@f45training.com,"3773 Lake Shore Blvd W, Etobicoke, ON M8W 1R1, Canada",Canada,https://f45training.com/longbranchto/,Etobicoke
F45 Jefferson,jefferson@f45training.com,"11860 Yonge St, Richmond Hill, ON L4E 4Y2, Canada",Canada,https://f45training.com/jefferson/,Richmond Hill
F45 Pump Hill,pumphill@f45training.com,"#312-2515 90th Ave SW Calgary, AB, Canada T2V 0L8",Canada,https://f45training.com/pumphill/,AB
F45 Guildwood,guildwood@f45training.com,"3775 Kingston Rd, Scarborough, ON M1J 3H4, Canada",Canada,https://f45training.com/guildwood/,Scarborough
F45 Yorkdale,yorkdale@f45training.com,"3101 Dufferin Street, Toronto, ON, Canada",Canada,https://f45training.com/yorkdale/,Toronto
F45 Newmarket CAN,newmarketcan@f45training.com,"18185 Yonge St, East Gwillimbury, ON L9N 0H9, Canada",Canada,https://f45training.com/newmarketcan/,East Gwillimbury
F45 Milton,milton@f45training.com,"264 Bronte St S, Milton, ON L9T 1Y8, Canada",Canada,https://f45training.com/milton/,Milton
F45 Tuxedo,tuxedo@f45training.com,"515 Sterling Lyon Pkwy, Winnipeg, MB R3P 2S8, Canada",Canada,https://f45training.com/tuxedo/,Winnipeg
F45 St Albert North,stalbertnorth@f45training.com,"7 Inglewood Dr, St. Albert, AB T8N 5E2, Canada",Canada,https://f45training.com/stalbertnorth/,St. Albert
F45 Spruce Grove,sprucegrove@f45training.com,"Suite 114, 20 Westwind Drive, Spruce Grove, Alberta",Canada,https://f45training.com/sprucegrove/,20 Westwind Drive
F45 South Red Deer,southreddeer@f45training.com,"2827 30 Ave, Red Deer, AB T4R 2P7, Canada",Canada,https://f45training.com/southreddeer/,Red Deer
F45 Symons Valley,symonsvalley@f45training.com,"Unit A 74 Sage Hill Plaza NW, Calgary, AB T3R, Canada",Canada,https://f45training.com/SymonsValley/,Calgary
F45 False Creek,falsecreek@f45training.com,"433 W 8th Ave, Vancouver, BC V5Y 3Z5, Canada",Canada,https://f45training.com/falsecreek/,Vancouver
F45 Thornhill Disera Dr.,thornhilldiseradr@f45training.com,"240-11 Disera Dr, Thornhill, ON L4J0E3 , Canada",Canada,https://f45training.com/thornhilldiseradr/,Thornhill
F45 Golden Mile,goldenmile@f45training.com,"69 Lebovic Ave, Units 107-109, Scarborough, ON M1L 0H2, Canada",Canada,https://f45training.com/goldenmile/,Scarborough
F45 West District Calgary,westdistrictcalgary@f45training.com,"8517 Broadcast Avenue SW, Calgary, Alberta, T3H 6B8",Canada,https://f45training.com/westdistrictcalgary/,Calgary
F45 Lougheed,lougheed@f45training.com,107 655 North Road Coquitlam BC V3J 1P5,Canada,https://f45training.com/Lougheed/,1P5
F45 Port Moody,portmoody@f45training.com,"2401 Spring St., Port Moody BC VH3 2B1, Canada",Canada,https://f45training.com/portmoody/,Port Moody BC VH3 2B1
F45 Ambleside Beach District,amblesidebeachdistrict@f45training.com,"1439 Clyde Ave, West Vancouver, BC V7T 1E9, Canada",Canada,https://f45training.com/amblesidebeachdistrict/,West Vancouver
F45 Hamptons Alberta,hamptonsalberta@f45training.com,19904 Lessard Rd NW Edmonton AB T6M 0T9 Canada ,Canada,https://f45training.com/hamptonsalberta/,0T9
F45 Westmount Edmonton,westmount@f45training.com,"11018 127 St NW, Edmonton, AB T5M 0T2, Canada",Canada,https://f45training.com/westmount/,Edmonton
F45 Lawrence Park,lawrencepark@f45training.com,"3335 Yonge St, Toronto, ON M4N 2L9, Canada",Canada,https://f45training.com/LawrencePark/,Toronto
F45 Port Credit,portcredit@f45training.com,"Lakeshore Rd E, Mississauga, ON, Canada",Canada,https://f45training.com/portcredit/,Mississauga
F45 Beach District Vancouver,beachdistrictvancouver@f45training.com,"1348 Granville St, Vancouver, BC V6Z 1M7, Canada",Canada,https://f45training.com/beachdistrictvancouver/,Vancouver
F45 Sunnylea,sunnylea@f45training.com,"10 neighbourhood lane, toronto, ontario m8y 0a4",Canada,https://f45training.com/sunnylea/,toronto
F45 Inglewood CAN,inglewoodcan@f45training.com,"1020 9 Ave SE, Calgary, AB T2G 0S7, Canada",Canada,https://f45training.com/inglewoodcan/,Calgary
F45 Southgate Riverbend,southgateriverbend@f45training.com,"4506 Calgary Trail Northwest, Edmonton, AB, Canada",Canada,https://f45training.com/southgateriverbend/,Edmonton
F45 Doon,doon@f45training.com,"401 New Dundee Rd, Kitchener, Ontario N2P 2N7, Canada",Canada,https://f45training.com/doon/,Kitchener
F45 Sportsworld KW,sportsworldkw@f45training.com,"1601 River Road East unit 10, Kitchener, Ontario, Canada",Canada,https://f45training.com/sportsworldkw/,Kitchener
F45 Richmond Hill Central,richmondhillcentral@f45training.com,"10815 Bathurst St, Richmond Hill, ON L4C 9Y2, Canada",Canada,https://f45training.com/richmondhillcentral/,Richmond Hill
F45 Calgary Kensington,calgarykensington@f45training.com,"1110 Kensington Rd NW, Calgary, AB T2N 3P1, Canada",Canada,https://f45training.com/calgarykensington/,Calgary
F45 Signal Hill,signalhill@f45training.com,"5687 Signal Hill Centre Southwest, Southwest Calgary, Calgary, AB T3H 3P8, Canada",Canada,https://f45training.com/signalhill/,Calgary
F45 Kingsville,kingsville@f45training.com,"106 Wigle Ave, Kingsville, ON N9Y 2J8, Canada",Canada,https://f45training.com/kingsville/,Kingsville
F45 King West,kingwest@f45training.com,"67a Portland St, Toronto, ON, Canada",Canada,https://f45training.com/kingwest/,Toronto
F45 Streetsville,streetsville@f45training.com,128 Queen Street South Unit 24,Canada,https://f45training.com/streetsville/,24
F45 Glen Abbey Oakville,glenabbeyoakville@f45training.com,"220 North Service Rd W, Oakville, ON L6M 2Y4, Canada",Canada,https://f45training.com/glenabbeyoakville/,Oakville
F45 Masonville,masonville@f45training.com,"435 Windermere Rd, London, ON N5X 2T1, Canada",Canada,https://f45training.com/masonville/,London
F45 Kingsland,kingsland@f45training.com,"Unit 118, 7004 Macleod Trail SE, Calgary, Alberta Canada T2H0L3",Canada,https://f45training.com/kingsland/,7004 Macleod Trail SE
F45 Blue Mountain,bluemountain@f45training.com,"7 Ste Marie St, Collingwood, ON L9Y 3J9, Canada",Canada,https://f45training.com/bluemountain/,Collingwood
F45 Shawnessy,shawnessy@f45training.com,"50 Shawnee Blvd SW, Calgary, AB T2Y 3S1, Canada",Canada,https://f45training.com/shawnessy/,Calgary
F45 Bloor West Village,bloorwestvillage@f45training.com,"2100 Bloor St W, Toronto, ON M6S 1N4, Canada",Canada,https://f45training.com/bloorwestvillage/,Toronto
F45 Lambton-Kingsway,lambton-kingsway@f45training.com,"4158 Dundas St W, Etobicoke, ON M8X 1X3, Canada",Canada,https://f45training.com/lambton-kingsway/,Etobicoke
F45 Brooklin,brooklin@f45training.com,"72 Baldwin St, Whitby, ON L1M 1A3, Canada",Canada,https://f45training.com/brooklin/,Whitby
F45 Sherway,sherway@f45training.com,"2200 Dundas St E Unit 6, Mississauga, ON L4X 2V3, Canada",Canada,https://f45training.com/sherway/,Mississauga
F45 Bridgeland Calgary,bridgelandcalgary@f45training.com,"64 9th Street NE, Calgary, Alberta, T2E 4H7.",Canada,https://f45training.com/bridgelandcalgary/,Calgary
F45 Morgan Heights,morganheights@f45training.com,"3211 152 Street, Surrey, BC V3Z 3M1",Canada,https://f45training.com/morganheights/,Surrey
F45 Legacy,legacy@f45training.com,"210th Ave SE and MacLeod Trail, Calgary, Alberta ( The Township Shopping Centre)",Canada,https://f45training.com/legacy/,Calgary
F45 Galleria,galleria@f45training.com,"1245 Dupont St, Toronto, ON M6H 2A6, Canada",Canada,https://f45training.com/galleria/,Toronto
F45 Markville,markville@f45training.com,"5051 Highway 7, Unit 2-4, Markham, Ontario, L3R 1N3",Canada,https://f45training.com/markville/,Unit 2-4
F45 The Annex,theannex@f45training.com,"440 Dupont St, Toronto, ON M5R 3E1, Canada",Canada,https://f45training.com/theannex/,Toronto
F45 Arbour Lake,arbourlake@f45training.com,"Unit 323, 150 Crowfoot Crescent NW Calgary, AB T3G 3T2",Canada,https://f45training.com/arbourlake/,150 Crowfoot Crescent NW Calgary
F45 Griffintown,griffintown@f45training.com,"1705 Rue William, Montréal, QC H3J 1R3, Canada",Canada,https://f45training.com/griffintown/,Montréal
F45 Stoney Creek Mountain,stoneycreekmountain@f45training.com,"1970 Rymal Rd E, Hannon, ON L0R 1P0, Canada",Canada,https://f45training.com/stoneycreekmountain/,Hannon
F45 Richmond City Centre,richmondcitycentre@f45training.com,5751 cedarbridge way unit 120 Richmond British Columbia V6X 2A8,Canada,https://f45training.com/richmondcitycentre/,2A8
F45 Maple Ontario,mapleontario@f45training.com,"Major MacKenzie Dr W, Vaughan, ON, Canada",Canada,https://f45training.com/mapleontario/,Vaughan
F45 North Vancouver,northvancouver@f45training.com,"721 Marine Dr, North Vancouver, BC V7M 1H4, Canada",Canada,https://f45training.com/northvancouver/,North Vancouver
F45 Oak and Broadway,oakandbroadway@f45training.com,"980 W Broadway, Vancouver, BC V5Z 1K7, Canada",Canada,https://f45training.com/oakandbroadway/,Vancouver
F45 South Guelph,southguelph@f45training.com,"Unit 102 ? 1886 Gordon St., Guelph, ON",Canada,https://f45training.com/southguelph/,Guelph
F45 Westbend,westbend@f45training.com,"1886 Oxford St W, London, ON N6H 4N2, Canada",Canada,https://f45training.com/westbend/,London
F45 Lakewood SC,lakewoodsc@f45training.com,"117 Slimmon Rd, Saskatoon, SK S7V 0B8, Canada",Canada,https://f45training.com/lakewoodsc/,Saskatoon
F45 Bolton South,boltonsouth@f45training.com,"14 McEwan Dr W, Bolton, ON L7E 1H1, Canada",Canada,https://f45training.com/boltonsouth/,Bolton
F45 Whitby North,whitbynorth@f45training.com,"4160 Baldwin St S, Whitby, ON L1R 2W6, Canada",Canada,https://f45training.com/whitbynorth/,Whitby
F45 Conestoga KW,conestogakw@f45training.com,"620 Davenport Road, Waterloo, Ontario, Canada",Canada,https://f45training.com/conestogakw/,Waterloo
F45 Sunrise East Village,sunriseeastvillage@f45training.com,"2841 East Hastings Street  Vancouver, BC, V5K 1Z5 ",Canada,https://f45training.com/sunriseeastvillage/,BC
F45 Alton Village,altonvillage@f45training.com,"3247 Appleby Line, Burlington, ON L7M 0V7, Canada",Canada,https://f45training.com/altonvillage/,Burlington
F45 Pine Grove,pinegrove@f45training.com,"5875 Hwy 7, Woodbridge, ON L4L 1T9, Canada",Canada,https://f45training.com/pinegrove/,Woodbridge
F45 Grimsby,grimsby@f45training.com,"32 Main Street West, Grimsby, ON L3M 1R4, Canada",Canada,https://f45training.com/grimsby/,Grimsby
F45 Fraserhood,fraserhood@f45training.com,"4364 Fraser Street, Vancouver, BC V5V 4G3, Canada",Canada,https://f45training.com/fraserhood/,Vancouver
F45 Stouffville,stouffville@f45training.com,"200 Mostar St, Whitchurch-Stouffville, ON L4A 0Y2, Canada",Canada,https://f45training.com/stouffville/,Whitchurch-Stouffville
F45 Consumers Rd,consumersrd@f45training.com,"155 Consumers Rd, Toronto, Ontario  M2J 0A3",Canada,https://f45training.com/consumersrd/,Toronto
F45 Seton,seton@f45training.com,"#290, 3775 202 Avenue SE  Calgary, Alberta  T3M 2L3 ",Canada,https://f45training.com/seton/,3775 202 Avenue SE  Calgary
F45 Barrie South West,barriesouthwest@f45training.com,"556 Bryne Dr, Barrie, ON L4N 9P6, Canada unit 5/6",Canada,https://f45training.com/barriesouthwest/,Barrie
F45 Upper Beaches,upperbeaches@f45training.com,"2359 Danforth Ave unit 7, Toronto, Ontario, Canada",Canada,https://f45training.com/upperbeaches/,Toronto
F45 Courtice,courtice@f45training.com,"1635 Highway 2, Unit 206, Courtice, Ontario, L1E 2R6",Canada,https://f45training.com/courtice/,Unit 206
F45 Kingston Downtown,kingstondowntown@f45training.com,"574 Princess St, Kingston, Ontario, K7L 1C9",Canada,https://f45training.com/kingstondowntown/,Kingston
F45 Pickering,pickering@f45training.com,"1101 Kingston Road suite 130, Pickering, Ontario L1V 1B5, Canada",Canada,https://f45training.com/pickering/,Pickering
F45 Kingston West,kingstonwest@f45training.com,"1718 Bath Rd, Kingston, ON K7M 4Y2, Canada",Canada,https://f45training.com/kingstonwest/,Kingston
F45 Lakeport,lakeport@f45training.com,"395 Ontario St, St. Catharines, ON L2N 7N6, Canada",Canada,https://f45training.com/lakeport/,St. Catharines
F45 Clarkson,clarkson@f45training.com,"1900 Lakeshore Rd W, Mississauga, ON L5J 1J7, Canada",Canada,https://f45training.com/clarkson/,Mississauga
F45 Bayview Village,bayviewvillage@f45training.com,"621 Sheppard Ave E, North York, ON M2K 0G4, Canada ",Canada,https://f45training.com/bayviewvillage/,North York
F45 Southeast Barrie,southeastbarrie@f45training.com,"636 Yonge St, unit D3A - D4, Barrie, ON, L4N 4E6, Canada",Canada,https://f45training.com/southeastbarrie/,unit D3A - D4
F45 Bow Trail,bowtrail@f45training.com,"4251 Bow Trail SW, Calgary, AB T3C 2G1, Canada",Canada,https://f45training.com/bowtrail/,Calgary
F45 Okotoks,okotoks@f45training.com,"31 Southridge Dr Unit 201, Okotoks, AB T1S 2N3, Canada",Canada,https://f45training.com/okotoks/,Okotoks
F45 Coal Harbour,coalharbour@f45training.com,"1050 W Pender St, Vancouver, BC V6E 3S7, Canada",Canada,https://f45training.com/coalharbour/,Vancouver
F45 Fonthill,fonthill@f45training.com,"2601 RR 20 #6, Thorold, ON L0S 1E6",Canada,https://f45training.com/fonthill/,Thorold
F45 North Park Brampton,northparkbrampton@f45training.com,"2120 N Park Dr, Brampton, ON L6S 0C9, Canada",Canada,https://f45training.com/northparkbrampton/,Brampton
F45 Point Grey,pointgrey@f45training.com,"3349 West Broadway, Vancouver, BC V6R 2B1, Canada",Canada,https://f45training.com/pointgrey/,Vancouver
F45 Surrey Central,surreycentral@f45training.com,"13685 102 Ave, Surrey, BC V3T 1N7, Canada",Canada,https://f45training.com/surreycentral/,Surrey
F45 Langford,langford.admin@f45training.com,"2840 Peatt Rd, Victoria, BC V9B 3V5, Canada",Canada,https://f45training.com/langford/,Victoria
F45 PTBO Central,ptbocentral@f45training.com,"550 Lansdowne St W, Peterborough, ON K9J 8J8, Canada",Canada,https://f45training.com/ptbocentral/,Peterborough
F45 Newton,newton@f45training.com,"7218 King George Blvd, Surrey BC V3W 5A5 CANADA",Canada,https://f45training.com/newton/,Surrey BC V3W 5A5 CANADA
F45 South Newmarket CAN,southnewmarketcan@f45training.com,"17325 Leslie St, Newmarket, ON L3Y 0A4, Canada",Canada,https://f45training.com/southnewmarketcan/,Newmarket
F45 Burnaby Highgate,burnabyhighgate@f45training.com,"7370 Kingsway, Burnaby, BC V3N, Canada",Canada,https://f45training.com/burnabyhighgate/,Burnaby
F45 New Westminster South,newwestminstersouth@f45training.com,"605 7th Avenue, New Westminster, BC V3L 3C5, Canada",Canada,https://f45training.com/newwestminstersouth/,New Westminster
F45 Downtown Victoria,downtownvictoria@f45training.com,"595 Pandora Ave, Victoria, BC V8W 1N5, Canada",Canada,https://f45training.com/downtownvictoria/,Victoria
F45 Delta,delta@f45training.com,"4857 Elliott St #158, Delta, BC V4K 2X7, Canada",Canada,https://f45training.com/delta/,Delta
F45 Niagara Falls,niagarafalls@f45training.com,"6863 Lundy's Lane unit b, Niagara Falls, ON, Canada",Canada,https://f45training.com/niagarafalls/,Niagara Falls
F45 Quarry Park Riverbend,quarryparkriverbend@f45training.com,"11488 24 St SE #250, Calgary, AB T2Z 4C9, Canada",Canada,https://f45training.com/quarryparkriverbend/,Calgary
F45 Fallingbrook,fallingbrook@f45training.com,"1120 Kingston Road, Scarborough, ON M1N 1N8, Canada",Canada,https://f45training.com/fallingbrook/,Scarborough
F45 Belleville ON,bellevilleon@f45training.com,"199 Bell Blvd, Belleville, ON K8P 5B8, Canada",Canada,https://f45training.com/bellevilleon/,Belleville
F45 Oshawa North,oshawanorth@f45training.com,"4b-1383 Wilson Rd N, Oshawa, ON L1K 2Z5, Canada",Canada,https://f45training.com/oshawanorth/,Oshawa
F45 Cochrane,cochrane@f45training.com,"1117-116 Grande Blvd, Cochrane, Alberta, Canada",Canada,https://f45training.com/cochrane/,Cochrane
F45 Hydrostone,hydrostone@f45training.com,"6074 Lady Hammond Rd, Halifax, NS B3K 2R7, Canada",Canada,https://f45training.com/hydrostone/,Halifax
F45 Paris ON,parison@f45training.com,"1070 Rest Acres Rd, Paris, Ont N3L 0B5, Canada",Canada,https://f45training.com/parison/,Paris
F45 NDG,ndg@f45training.com,"6638 Rue Saint-Jacques, Montreal, QC H4B 1V8, Canada",Canada,https://f45training.com/ndg/,Montreal
F45 Maple Ridge,mapleridge@f45training.com,"11900 Haney Pl, Maple Ridge, BC V2X 8T1, Canada",Canada,https://f45training.com/mapleridge/,Maple Ridge
F45 Cayman Islands,caymanislands@f45training.com,"Shop 28, The Strand, West Bay Road",Cayman Islands,https://f45training.com/caymanislands/,The Strand
F45 Jardin Del Este,jardindeleste@f45training.cl,"Candelaria Goyenechea 3868, Vitacura",Chile,https://f45training.com/jardindeleste/,Vitacura
F45 Xuhui,xuhui@f45training.cn,"259 Jia Shan Lu, Xuhui Qu, Shanghai, China",China,https://f45training.com/xuhui/,Xuhui Qu
F45 Xintiandi,xintiandi@f45training.cn,"700 Huangpi S Rd, Huangpu Qu, Shanghai Shi, China, 200120",China,https://f45training.com/xintiandi/,Huangpu Qu
F45 Shekou,shekou@f45training.cn,"Unit 710, 7/F, Technology Building, 1067 Nanhai Ave, Shekou, Nanshan District, Shenzhen, China.",China,https://f45training.com/shekou/,7/F
F45 Jiading Central,jiadingcentral@f45training.cn,"room 206-207,Building B,Now Factory (the name of the estate),NO.70 BoLe road,district Jiading,Shanghai",China,https://f45training.com/jiadingcentral/,Building B
F45 Nanshan Mountain,nanshanmountain@f45training.cn,https://goo.gl/maps/e2r54fA6u37x155x8,China,https://f45training.com/nanshanmountain/,https://goo.gl/maps/e2r54fA6u37x155x8
F45 Shen Zhen Tech Park,shenzhentechpark@f45training.cn,Desai Technology Building,China,https://f45training.com/shenzhentechpark/,Building
F45 Da Sheng,dasheng@f45training.cn,Tongqi Road? chongchuan? ??? ??? ??,China,https://f45training.com/dasheng/,??
F45 Chegongmiao,chegongmiao@f45training.cn,"B03, B1, Shahe Century Holiday Plaza, 9030 Shennan Avenue, Shahe street, Nanshan District, Shenzhen City, Guangdong Province, China ???????????????????9030????????????b03",China,https://f45training.com/chegongmiao/,B1
F45 Chaoyang Park South,chaoyangparksouth@f45training.cn,"Tian Shui Yuan Jie, ??? Chaoyang, Beijing, China",China,https://f45training.com/chaoyangparksouth/,??? Chaoyang
F45 Futian District,futiandistrict@f45training.cn,"28/F, Block A, Tower 3,  Excellence Century Center, 2030 Jintian Rd, Futian CBD, Futian District, Shenzhen, Guangdong Province, China ",China,https://f45training.com/futiandistrict/,Block A
F45 Zone 4 Abidjan,zone4abidjan@f45training.af,"Rue G143, Z4 En Face Du Cours Sevigne Abidjan, Abidjan, Côte d'Ivoire",Côte d'Ivoire,https://f45training.com/zone4abidjan/,Z4 En Face Du Cours Sevigne Abidjan
F45 Radnicka Cesta,radnickacesta@f45training.com.au,"Radnicka cesta 20, 10000, Zagreb, Croatia",Croatia,https://f45training.com/radnickacesta/,10000
F45 Prague 1,prague1@f45training.com,"PANSKÁ 895/6, NOVÉ M?STO, 110 00, PRAHA 1, ?ESKO",Czechia,https://f45training.com/prague1/,NOVÉ M?STO
F45 Piantini,piantini@f45training.com.do,"Calle Hector Inchaustegui Cabral 14, Santo Domingo, Dominican Republic",Dominican Republic,https://f45training.com/piantini/,Santo Domingo
F45 Sodic West,sodicwest@f45training.eg,"Giza Governorate, Egypt",Egypt,https://f45training.com/sodicwest/,Egypt
F45 O1 New Cairo,o1newcairo@f45training.eg,"Mohammed Nagib Axis, First New Cairo, Cairo Governorate, Egypt",Egypt,https://f45training.com/o1newcairo/,First New Cairo
F45 Golf Central,golfcentral@f45training.eg,"6th of October, Egypt",Egypt,https://f45training.com/golfcentral/,Egypt
F45 Balma-Gramont,balma-gramont@f45training.fr,"19 Avenue Prat Gimont, 31130 Balma, France",France,https://f45training.com/balma-gramont/,31130 Balma
F45 Tahiti,tahiti@f45training.pf,"17 Allée Pierre Loti, Pape'ete, Tahiti",French Polynesia,https://f45training.com/tahiti/,Pape'ete
F45 Munich Obersendling,munichobersendling@f45training.de,"Kistlerhofstraße 168, 81379 München, Germany",Germany,https://f45training.com/munichobersendling/,81379 München
F45 Zona 16,zona16@f45training.com,"Via Boulevar La Montaña, Boulevar Acatán Zona 16 Ciudad de Guatemala",Guatemala,https://f45training.com/zona16/,Boulevar Acatán Zona 16 Ciudad de Guatemala
F45 Quarry Bay,quarrybay@f45training.hk,"Westlands Centre, 20 Westlands Rd, Quarry Bay, Hong Kong",Hong Kong,https://f45training.com/quarrybay/,Quarry Bay
F45 Wan Chai,wanchai@f45training.hk,"Level 15, 36 Hennessy Road, Wanchai",Hong Kong,https://f45training.com/wanchai/,36 Hennessy Road
F45 Hong Kong Central,hongkongcentral@f45training.hk,"Li Dong Building, 9 Li Yuen St E, Central, Hong Kong",Hong Kong,https://f45training.com/hongkongcentral/,Central
F45 Wong Chuk Hang,wongchukhang@f45training.com,"23 Yip Kan St, Hong Kong",Hong Kong,https://f45training.com/wongchukhang/,Hong Kong
F45 Sai Ying Pun,saiyingpun@f45training.hk,"Unit 1A, 1/F, BUPA Centre, 141 Connaught Road, Hong Kong",Hong Kong,https://f45training.com/saiyingpun/,1/F
F45 Kwun Tong Central,kwuntongcentral@f45training.hk,"Unit 502-3, 5/F, Futura Plaza, 111-113 How Ming Street, Kwun Tong, Hong Kong",Hong Kong,https://f45training.com/kwuntongcentral/,5/F
F45 Tsim Sha Tsui,tsimshatsui@f45training.hk,"102 Austin Rd, Tsim Sha Tsui, Hong Kong",Hong Kong,https://f45training.com/tsimshatsui/,Tsim Sha Tsui
F45 Budapest 13,budapest13@f45training.hu,"Budapest, Fiasty, 1139 Hungary",Hungary,https://f45training.com/budapest13/,Fiasty
F45 Jubilee Hills,jubileehills@f45training.in,Level 2  Starbucks Coffee Building Road No. 92 Near Apollo Hospital Jubilee Hills Hyderabad - 500033,India,https://f45training.com/jubileehills/,-
F45 Basheerbagh,basheerbagh@f45training.in,"Skyline & Sterling Residency, Shaheedyaar Jung Road, Basheer Bagh, Hyderabad, Telangana, India",India,https://f45training.com/basheerbagh/,Shaheedyaar Jung Road
F45 Kukatpally,kukatpally@f45training.in,"Level1, Manjeera Trinity Corporate, Beside Manjeera Mall, Kukatpally, Hyderabad",India,https://f45training.com/kukatpally/,Manjeera Trinity Corporate
F45 Neelankarai,neelankarai@f45training.in,"357, E Coast Rd, Saraswathy Nagar North, Neelankarai, Chennai, Tamil Nadu 600041, India",India,https://f45training.com/neelankarai/,E Coast Rd
F45 Kondapur,kondapur@f45training.in,"Kondapur, Hyderabad, Telangana, India",India,https://f45training.com/kondapur/,Hyderabad
F45 Panathur,panathur@f45training.in,"# 76/1B, 4th floor, Dodda Kannehalli main Road, Beside New Horizon Gurukul, Panathur, Bengaluru, Karnataka 560087",India,https://f45training.com/panathur/,4th floor
F45 Seminyak,seminyak@f45training.id,"Level 6 Batu Belig Square, Jalan Batu Belig, Seminyak",Indonesia,https://f45training.com/seminyak/,Jalan Batu Belig
F45 Senopati North,senopatinorth@f45training.id,"Jl. Senopati no 27-29, Selong, Kby. Baru, Kota Jakarta Selatan, Daerah Khusus Ibukota Jakarta, Indonesia",Indonesia,https://f45training.com/senopatinorth/,Selong
F45 Canggu,canggu@f45training.id,"Jl. Pantai Batu Bolong No.83, Canggu, Kuta Utara, Kabupaten Badung, Bali 80351, Indonesia",Indonesia,https://f45training.com/canggu/,Canggu
F45 Dharmawangsa Square,dharmawangsasquare@f45training.id,"Jl. Wijaya II, RT.5/RW.1, Pulo, Kby. Baru, Kota Jakarta Selatan, Daerah Khusus Ibukota Jakarta 12160, Indonesia",Indonesia,https://f45training.com/dharmawangsasquare/,RT.5/RW.1
F45 Cilandak,cilandak@f45training.id,"Jl. T.B Simatupang Raya No. 10, Cilandak, Jl. TB Simatupang, RT.10/RW.2, Cilandak Bar., Cilandak, Kota Jakarta Selatan, Daerah Khusus Ibukota Jakarta 12420, Indonesia",Indonesia,https://f45training.com/cilandak/,Cilandak
F45 Graha Famili,grahafamili@f45training.id,"Jl. Mayjen Yono Suwoyo No.Kav. 3, Pradahkalikendal, Dukuh Pakis, Kota SBY, Jawa Timur 60226, Indonesia",Indonesia,https://f45training.com/grahafamili/,Pradahkalikendal
F45 Kemang,kemang@f45training.id,"Jl. Kemang Sel. Raya No.99B, Bangka, Kec. Mampang Prpt., Kota Jakarta Selatan, Daerah Khusus Ibukota Jakarta 12730",Indonesia,https://f45training.com/kemang/,Bangka
F45 Simpang Lima,simpanglima@f45training.id,"Jl. Lapangan Bola No.33C, RT.4/RW.10, Kb. Jeruk, Kec. Kb. Jeruk, Kota Jakarta Barat, Daerah Khusus Ibukota Jakarta 11530",Indonesia,https://f45training.com/simpanglima/,RT.4/RW.10
F45 Bintaro Sector 9,bintarosector9@f45training.id,"Jl. Jend. Sudirman Blok B2 No.14, Pd. Jaya, Kec. Pd. Aren, Kota Tangerang Selatan, Banten 15220, Indonesia",Indonesia,https://f45training.com/bintarosector9/,Pd. Jaya
F45 Gading Serpong,gadingserpong@f45training.id,"Summarecon Digital Center, Gading, Kec. Serpong, Tangerang, Banten 15810, Indonesia",Indonesia,https://f45training.com/gadingserpong/,Gading
F45 One East Surabaya,oneeastsurabaya@f45training.id,"One East Apartment, Upper Ground, G1.1 & G1.2, Jl Raya Kertajaya Indah No 79, Manyar Sabrangan, Mulyorejo, Surabaya",Indonesia,https://f45training.com/oneeastsurabaya/,Upper Ground
F45 Citraland,citraland@f45training.id,"Ruko Taman Gapura G/8, Lontar, Kec. Sambikerep, Kota SBY, Jawa Timur 60217  ",Indonesia,https://f45training.com/citraland/,Lontar
F45 Karada,karada@f45training.iq,"3rd Floor, Building 159/308, Street 42, Karada Baghdad, Iraq",Iraq,https://f45training.com/karada/,Building 159/308
F45 Mansour Central,mansourcentral@f45training.iq,"605, street 13, Salman Centr. O Building,Floor 4, Baghdad.",Iraq,https://f45training.com/mansourcentral/,street 13
F45 Blackrock Dublin,blackrockdublin@f45training.ie,"Frascati Shopping Centre, Frascati Rd, Blackrock, Co. Dublin, Ireland",Ireland,https://f45training.com/blackrockdublin/,Frascati Rd
F45 Grangegorman,grangegorman.admin@f45training.ie,"Unit 3, Ardcairn House, 8 Grangegorman Lower, Arran Quay, Smithfield, Dublin 7",Ireland,https://f45training.com/grangegorman/,Ardcairn House
F45 Junction 6 Castleknock,junction6castleknock@f45training.ie,"River Rd Abbotstown Castleknock Co. Dublin, D15 EA43, Ireland",Ireland,https://f45training.com/junction6castleknock/,D15 EA43
F45 Elysian,elysian@f45training.ie,"Unit 4, The Elysian, Eglinton Street, South City Centre, Cork City Ireland T12 KTDI",Ireland,https://f45training.com/elysian/,The Elysian
F45 Charlestown IRL,charlestownirl@f45training.ie,"Charlestown Place, Charlestown Leisure Building, St Margaret's Rd, Dublin, Ireland",Ireland,https://f45training.com/charlestownirl/,Charlestown Leisure Building
F45 Hamamatsucho,hamamatsucho@f45training.jp,"1 Chome-16-3 Shibadaimon, Minato City, Tokyo, Japan",Japan,https://f45training.com/hamamatsucho/,Minato City
F45 Abdoun East,abdouneast.admin@f45training.com,"Al Mazar Street, Abdoun, Amman, Jordan 11184",Jordan,https://f45training.com/abdouneast/,Abdoun
F45 Dabouq,dabouq@f45training.com,"Ahl Al-Beit St., Amman, Jordan",Jordan,https://f45training.com/dabouq/,Amman
F45 Lavington,lavington@f45training.ke,"Naushad Merali Dr, Nairobi, Kenya",Kenya,https://f45training.com/lavington/,Nairobi
F45 Salmiya,salmiya@f45training.com,"Al Tayyeb Tower, Baghdad Street 7 Ln, Salmiya, Kuwait",Kuwait,https://f45training.com/salmiya/,Baghdad Street 7 Ln
F45 Kuwait South,kuwaitsouth@f45training.com,"104 Rd 89 Mall Egaila Block 5, 71505, Kuwait",Kuwait,https://f45training.com/kuwaitsouth/,71505
F45 Kuwait City,kuwaitcity@f45training.com,Block 2 Street 74 Al Bastaki International Hotel 35152 Kuwait,Kuwait,https://f45training.com/kuwaitcity/,35152
F45 Jahra,jahra@f45training.com,"8M66+V32 Al Jahra, Kuwait",Kuwait,https://f45training.com/jahra/,Kuwait
F45 Ashrafieh,ashrafieh@f45training.com,"Sodeco, Beirut, Mount Lebanon Governorate, Lebanon",Lebanon,https://f45training.com/ashrafieh/,Beirut
F45 Dbayeh,dbayeh@f45training.com,"Dbayeh, Lebanon",Lebanon,https://f45training.com/dbayeh/,Lebanon
F45 Verdun,verdun@f45training.com,"Verdun Gardens, Alfred Nobel Street Beirut, Lebanon",Lebanon,https://f45training.com/verdun/,Alfred Nobel Street Beirut
F45 Strassen,strassen@f45training.lu,"Strassen, Luxembourg",Luxembourg,https://f45training.com/strassen/,Luxembourg
F45 Damansara Heights,damansaraheights@f45training.my,"Level 1, Wisma UOA Damansara II, Jalan Changkat Semantan, Bukit Damansara, 50490 Kuala Lumpur Malaysia",Malaysia,https://f45training.com/damansaraheights/,Wisma UOA Damansara II
F45 Desa Park,desapark@f45training.my,"Jalan Intisari, Desa Parkcity, 52200 Kuala Lumpur, Wilayah Persekutuan Kuala Lumpur, Malaysia",Malaysia,https://f45training.com/desapark/,Desa Parkcity
F45 KL Gateway,klgateway@f45training.my,"L3.03, KL Gateway Mall, 2, Jalan Kerinchi Lestari, Pantai Dalam, 59200 Kuala Lumpur",Malaysia,https://f45training.com/klgateway/,KL Gateway Mall
F45 Sliema,sliema@f45training.mt,"22 Triq Bisazza, Tas-Sliema, Malta",Malta,https://f45training.com/sliema/,Tas-Sliema
F45 Condesa,condesa@f45training.mx,"Juan de la Barrera 95, La Condesa, 06140 Mexico City, CDMX, Mexico",Mexico,https://f45training.com/condesa/,La Condesa
F45 Olivar de los Padres,olivardelospadres@f45training.mx,"Av Toluca 1036, San José del Olivar, Olivar de los Padres, 01770 Ciudad de México, CDMX, Mexico",Mexico,https://f45training.com/olivardelospadres/,San José del Olivar
F45 San José del Cabo,sanjosedelcabo@f45training.mx,"Cabo San Lucas-San José del Cabo 3C, 23405 San José del Cabo, B.C.S., Mexico",Mexico,https://f45training.com/sanjosédelcabo/,23405 San José del Cabo
F45 Hlaing,hlaing@f45training.com.mm,"No. 69, 11 Wards, Marketplace 6.5 Miles, Pyay Road, Hlaing Township, Yangon, Myanmar, 11051",Myanmar (Burma),https://f45training.com/hlaing/,11 Wards
F45 Walvis Bay,walvisbay@f45training.com.na,"60 Theo Ben Gurirab Street, Walvisbay, Namibia",Namibia,https://f45training.com/walvisbay/,Walvisbay
F45 Windhoek Central,windhoekcentral@f45training.com.na,"3rd Floor, Nr. 40 TV Moore Street, Southern Industrial, Windhoek, Namibia",Namibia,https://f45training.com/windhoekcentral/,Nr. 40 TV Moore Street
F45 Swakopmund,swakopmund@f45training.com.na,"Namibia, ",Namibia,https://f45training.com/swakopmund/,
F45 Amsterdam Centrum,amsterdamcentrum@f45training.nl,"Frederiksplein 8, 1017 XM Amsterdam, Netherlands",Netherlands,https://f45training.com/amsterdamcentrum/,1017 XM Amsterdam
F45 Noumea,noumea@f45training.nc,"F45 Training Noumea, 10 Rue Anatole France, Noumea 98800, New Caledonia",New Caledonia,https://f45training.com/noumea/,10 Rue Anatole France
F45 Auteuil,auteuil@f45training.com,"86 Route Territoriale 1, Noumea, New Caledonia",New Caledonia,https://f45training.com/auteuil/,Noumea
F45 Newmarket,newmarket.admin@f45training.com,"11 Morgan Street, Newmarket, Auckland, 1023, New Zealand",New Zealand,https://f45training.com/newmarket/,Newmarket
F45 Albany (NZ),albany@f45training.co.nz,"215 Rosedale Road, Albany, Auckland, New Zealand",New Zealand,https://f45training.com/albanynz/,Albany
F45 Takapuna,takapuna@f45training.co.nz,"47 Barrys Point Rd, Takapuna, Auckland 0622, New Zealand",New Zealand,https://f45training.com/takapuna/,Takapuna
F45 Tauranga,tauranga@f45training.co.nz,"134 Devonport Rd, Tauranga, 3110, New Zealand",New Zealand,https://f45training.com/tauranga/,Tauranga
F45 Ponsonby,ponsonby@f45training.co.nz,"22 Mackelvie St, Grey Lynn, Auckland 1021, New Zealand",New Zealand,https://f45training.com/ponsonby/,Grey Lynn
F45 Rototuna,rototuna@f45training.co.nz,"44 Horsham Downs Road, Rototuna North, Hamilton, New Zealand",New Zealand,https://f45training.com/rototuna/,Rototuna North
F45 Richmond NZ,richmond@f45training.co.nz,"15 Sundial Square, Richmond 7020, New Zealand",New Zealand,https://f45training.com/richmond/,Richmond 7020
F45 Palmerston North,palmerstonnorth@f45training.co.nz,"211 Cuba St, Palmerston North, 4410, New Zealand",New Zealand,https://f45training.com/palmerstonnorth/,Palmerston North
F45 Wigram,wigram@f45training.co.nz,"140 Hayton Rd, Wigram, Christchurch 8042, New Zealand",New Zealand,https://f45training.com/wigram/,Wigram
F45 Howick,howick@f45training.co.nz,"10/219 Moore St, Howick, Auckland 2014, New Zealand",New Zealand,https://f45training.com/howick/,Howick
F45 Rolleston,rolleston@f45training.co.nz,"141 Hoskyns Road, Rolleston 7675, Canterbury, New Zealand",New Zealand,https://f45training.com/rolleston/,Rolleston 7675
F45 Napier,napier@f45training.co.nz,"3/11 Wakefield St, Onekawa, Napier 4110, New Zealand",New Zealand,https://f45training.com/napier/,Onekawa
F45 Birkenhead,birkenhead@f45training.co.nz,"63a Birkenhead Ave, Birkenhead, Auckland 0626, New Zealand",New Zealand,https://f45training.com/birkenhead/,Birkenhead
F45 New Lynn,newlynn@f45training.co.nz,"28 Clark St, New Lynn, Auckland 0600, New Zealand",New Zealand,https://f45training.com/newlynn/,New Lynn
F45 Dunedin South,dunedinsouth@f45training.co.nz,"28 McBride St, South Dunedin, Dunedin 9012, New Zealand",New Zealand,https://f45training.com/dunedinsouth/,South Dunedin
F45 Hamilton Central,hamiltoncentral@f45training.co.nz,"85 Tristram St, Hamilton Lake, Hamilton 3204, New Zealand",New Zealand,https://f45training.com/hamiltoncentral/,Hamilton Lake
F45 North Wellington,northwellington@f45training.co.nz,"132 Hutt Road, Kaiwharawhara, Wellington, New Zealand",New Zealand,https://f45training.com/northwellington/,Kaiwharawhara
F45 Grey Lynn,greylynn@f45training.co.nz,58 Surrey Cresent Grey Lynn Auckland 1021,New Zealand,https://f45training.com/greylynn/,Auckland
F45 One Tree Hill,onetreehill@f45training.co.nz,"34 Princes St, Onehunga, Auckland 1061, New Zealand",New Zealand,https://f45training.com/onetreehill/,Onehunga
F45 Remuera,remuera@f45training.co.nz,"228 Orakei Rd, Remuera, Auckland 1071, New Zealand",New Zealand,https://f45training.com/remuera/,Remuera
F45 New Plymouth,newplymouth@f45training.co.nz,"5 High Street, New Plymouth 4312, New Zealand",New Zealand,https://f45training.com/newplymouth/,New Plymouth 4312
F45 Marshland,marshland@f45training.co.nz,"410 Marshland Rd, Marshland, Christchurch 8083, New Zealand",New Zealand,https://f45training.com/marshland/,Marshland
F45 Manukau,manukau.admin@f45training.co.nz,"6/11 Norman Spencer Drive, Manukau, Auckland 2104, New Zealand",New Zealand,https://f45training.com/manukau/,Manukau
F45 Porirua CBD,poriruacbd@f45training.co.nz,"8 Serlby Pl, Porirua 5022, New Zealand",New Zealand,https://f45training.com/poriruacbd/,Porirua 5022
F45 Nelson,nelson@f45training.co.nz,"101 Bridge St, Nelson, 7010, New Zealand",New Zealand,https://f45training.com/nelson/,Nelson
F45 Pukekohe,pukekohe@f45training.co.nz,"243 Manukau Rd, Pukekohe 2120, New Zealand",New Zealand,https://f45training.com/pukekohe/,Pukekohe 2120
F45 Cambridge NZ,cambridge@f45training.co.nz,"30 Albert St, Leamington, Cambridge 3434, New Zealand",New Zealand,https://f45training.com/cambridgenz/,Leamington
F45 Massey,massey@f45training.co.nz,"Shop 5a, 16 Westgate Drive, Massey, Waitakere 0657, New Zealand",New Zealand,https://f45training.com/massey/,16 Westgate Drive
F45 Glenfield,glenfield@f45training.co.nz,"127 Target Rd, Wairau Valley, Auckland 0629, New Zealand",New Zealand,https://f45training.com/glenfield/,Wairau Valley
F45 Kumeu,kumeu@f45training.co.nz,"16 Wookey Lane, Kumeu 0810, New Zealand",New Zealand,https://f45training.com/kumeu/,Kumeu 0810
F45 Ashburton NZ,ashburtonnz@f45training.co.nz,"39 Tancred Street, Ashburton 7700, New Zealand",New Zealand,https://f45training.com/ashburtonnz/,Ashburton 7700
F45 Silverdale,silverdale@f45training.co.nz,"2181 East Coast Road, Silverdale, Auckland, 0932",New Zealand,https://f45training.com/silverdale/,Silverdale
F45 Whangaparaoa,whangaparaoa@f45training.co.nz,"2 David Sidwell Place, Stanmore Bay, Whangaparaoa, New Zealand",New Zealand,https://f45training.com/whangaparaoa/,Stanmore Bay
F45 Papatoetoe,papatoetoe.admin@f45training.co.nz,"129 Great South Rd, Papatoetoe, Auckland 2025, New Zealand",New Zealand,https://f45training.com/papatoetoe/,Papatoetoe
F45 Whangarei South,whangareisouth@f45training.co.nz,"20 Vine Street, Whang?rei, New Zealand",New Zealand,https://f45training.com/whangareisouth/,Whang?rei
F45 Wanaka,wanaka@f45training.co.nz,"17 Reece Cres, Wanaka 9305, New Zealand",New Zealand,https://f45training.com/wanaka/,Wanaka 9305
F45 Glen Eden,gleneden@f45training.co.nz,"176 W Coast Rd, Glen Eden, Auckland 0602, New Zealand",New Zealand,https://f45training.com/gleneden/,Glen Eden
F45 Otahuhu,otahuhu@f45training.co.nz,"507 Great South Rd, Otahuhu, Auckland 1062, New Zealand",New Zealand,https://f45training.com/otahuhu/,Otahuhu
F45 Takanini,takanini@f45training.co.nz,"212 Great South Rd, Takanini 2112, New Zealand",New Zealand,https://f45training.com/takanini/,Takanini 2112
F45 Blenheim,blenheim@f45training.co.nz,"2 Pitchill St, Mayfield, Blenheim 7201, New Zealand",New Zealand,https://f45training.com/blenheim/,Mayfield
F45 Whanganui,whanganui@f45training.co.nz,"176 Glasgow Street, College Estate, Whanganui 4500, New Zealand",New Zealand,https://f45training.com/whanganui/,College Estate
F45 Swanson,swanson@f45training.co.nz,"15b Airdrie Road, Ranui, Auckland 0612, Auckland, New Zealand",New Zealand,https://f45training.com/swanson/,Ranui
F45 Hillsborough,hillsborough@f45training.co.nz,"509 Mount Albert Road, Three Kings, Auckland 1042, New Zealand",New Zealand,https://f45training.com/hillsborough/,Three Kings
F45 Motueka,motueka@f45training.co.nz,"201 High St, Motueka 7120, New Zealand",New Zealand,https://f45training.com/motueka/,Motueka 7120
F45 Basin Reserve,basinreserve@f45training.co.nz,"102 Adelaide Road, Mount Cook, Wellington, New Zealand",New Zealand,https://f45training.com/basinreserve/,Mount Cook
F45 Gisborne,gisborne@f45training.co.nz,"53 Awapuni Road, Gisborne 4010, New Zealand",New Zealand,https://f45training.com/gisborne/,Gisborne 4010
F45 Whakatane,whakatane@f45training.co.nz,"16 Boon St, Whakatane, New Zealand",New Zealand,https://f45training.com/whakatane/,Whakatane
F45 Paraparaumu,paraparaumu@f45training.co.nz,"10 Manchester St, Paraparaumu 5032, New Zealand",New Zealand,https://f45training.com/paraparaumu/,Paraparaumu 5032
F45 Ellerslie,ellerslie@f45training.co.nz,"6 Findlay Street, Ellerslie, Auckland 1051, New Zealand",New Zealand,https://f45training.com/ellerslie/,Ellerslie
F45 Morrinsville,morrinsville@f45training.co.nz,"9 Canada Street, Morrinsville 3300, New Zealand",New Zealand,https://f45training.com/morrinsville/,Morrinsville 3300
F45 Matamata,matamata@f45training.co.nz,"21 Rockford Street, Matamata 3400, New Zealand",New Zealand,https://f45training.com/matamata/,Matamata 3400
F45 KeriKeri,kerikeri@f45training.co.nz,"7 General Gates Avenue, Northland 0230, New Zealand",New Zealand,https://f45training.com/kerikeri/,Northland 0230
F45 Waiheke,waiheke@f45training.co.nz,"17 Belgium Street, Ostend, Waiheke Island, New Zealand",New Zealand,https://f45training.com/waiheke/,Ostend
F45 Muscat Salam Square,muscatsalamsquare@f45training.com,"1 Dawat Al Adab Street, Muscat, Oman",Oman,https://f45training.com/muscatsalamsquare/,Muscat
F45 Model Town,modeltown@f45training.pk,18/19 K Commercial Model Town Lahore,Pakistan,https://f45training.com/gulbergiii/,Lahore
F45 Port Moresby,portmoresby@f45training.com.au,"Stratos Ave, Port Moresby, Papua New Guinea",Papua New Guinea,https://f45training.com/portmoresby/,Port Moresby
F45 Villa Morra,villamorra@f45training.com.py,"Capitán Juan Dimas Motta 637, Asunción, Paraguay",Paraguay,https://f45training.com/villamorra/,Asunción
F45 BGC Stop Over,bgcstopover@f45training.ph,"Bonifacio Global City, 2nd Ave, Taguig, NCR, Philippines",Philippines,https://f45training.com/bgcstopover/,2nd Ave
F45 Zamboanga,zamboanga@f45training.ph,"Gov Alvarez Ave, Zamboanga, Zamboanga Sibugay, Philippines",Philippines,https://f45training.com/zamboanga/,Zamboanga
F45 Mandaluyong,mandaluyong@f45training.ph,"cor., United St, Mandaluyong, Metro Manila, Philippines",Philippines,https://f45training.com/mandaluyong/,United St
F45 Makati Avenue,makatiavenue@f45training.ph,"Zuellig Building, Paseo de Roxas, Makati, Metro Manila, Philippines",Philippines,https://f45training.com/makatiavenue/,Paseo de Roxas
F45 Cebu Business Park,cebubusinesspark@f45training.ph,"GF TECH TOWER Bldg.,Sumilon corner, Camiguin Road, Cebu City, Cebu, Philippines",Philippines,https://f45training.com/cebubusinesspark/,Sumilon corner
F45 BF Homes Paranaque,bfhomesparanaque@f45training.ph,"EJV Building, 3rd floor, #21, Aguirre Ave, Parañaque, 1720 Metro Manila, Philippines",Philippines,https://f45training.com/bfhomesparanaque/,3rd floor
F45 Metro Wilanowska,metrowilanowska@f45training.pl,"Pu?awska 182, 02-670 Warszawa, Polska",Poland,https://f45training.com/metrowilanowska/,02-670 Warszawa
F45 Rondo Daszynskiego,rondodaszynskiego@f45training.pl,"Ch?odna 51, 00-867 Warszawa, Polska",Poland,https://f45training.com/rondodaszynskiego/,00-867 Warszawa
F45 Wilanow,wilanow@f45training.pl,"Sarmacka 4, 02-972 Warszawa, Polska",Poland,https://f45training.com/wilanow/,02-972 Warszawa
F45 Polanka,polanka@f45training.pl,"Polanka 2, 61-131 Pozna, Poland",Poland,https://f45training.com/polanka/,61-131 Pozna
F45 Bulvary Wroclaw,bulvarywroclaw@f45training.pl,"Ksi?cia Witolda 11, 50-202 Wroc?aw, Poland",Poland,https://f45training.com/bulvarywroclaw/,50-202 Wroc?aw
F45 The Pearl,thepearl@f45training.qa,"La Croisette 25, Unit 319 Porto Arabia, The Pearl West Bay, Doha – Qatar",Qatar,https://f45training.com/thepearl/,Doha
F45 West Bay,westbay@f45training.qa,"Maysaloun Street, Onaiza 63 5649? Doha, Qatar",Qatar,https://f45training.com/westbay/,Doha
F45 Education City,educationcity@f45training.qa,"Education City? Al Huqoul Street, Doha, Qatar",Qatar,https://f45training.com/educationcity/,Doha
F45 Sports City Qatar,sportscityqatar@f45training.qa,"Al Buwairda St R09, Mezzanine Floor, Iconic 2022 Building",Qatar,https://f45training.com/sportscityqatar/,Mezzanine Floor
F45 Al Sadd,alsadd@f45training.qa,"118 Al Bustan Street, Doha, Qatar",Qatar,https://f45training.com/alsadd/,Doha
F45 Bucharest North,bucharestnorth@f45training.com.au,"Strada Grigore Gafencu 49-57, Bucure?ti 014132, Romania",Romania,https://f45training.com/bucharestnorth/,Bucure?ti 014132
F45 Al Khobar,alkhobar@f45training.com,"Prince Faisal Bin Fahd Road, Al Hada, Al Khobar 34439, Saudi Arabia",Saudi Arabia,https://f45training.com/alkhobar/,Al Hada
F45 Tanjong Katong,tanjongkatong@f45training.sg,216 Tanjong Katong Road Singapore 437009,Singapore,https://f45training.com/tanjongkatong/,Road
F45 Siglap,siglap@f45training.sg,52 Burnfoot Terrace Singapore 459838,Singapore,https://f45training.com/siglap/,Terrace
F45 River Valley,rivervalley@f45training.sg,"372 River Valley Rd, Singapore 248280",Singapore,https://f45training.com/rivervalley/,Singapore
F45 Novena,novena@f45training.sg,1 Goldhill Plaza Singapore,Singapore,https://f45training.com/novena/,Plaza
F45 Changi Business Park,changibusinesspark@f45training.sg,"51 Changi Business Park Central 2, Singapore 486066",Singapore,https://f45training.com/changibusinesspark/,Singapore
F45 Serangoon Garden South,serangoongardensouth@f45training.sg,"11 Lichfield Road, Singapore 556831",Singapore,https://f45training.com/serangoongardensouth/,Singapore
F45 Boat Quay,boatquay@f45training.sg,"73/75 South Bridge Rd, Singapore 058705",Singapore,https://f45training.com/boatquay/,Singapore
F45 Sunset Singapore,sunsetsingapore@f45training.sg,"41 Sunset Way, Singapore 597071",Singapore,https://f45training.com/sunsetsingapore/,Singapore
F45 Alexandra,alexandra@f45training.sg,"354 Alexandra Rd, Singapore 159949, Singapore",Singapore,https://f45training.com/alexandra/,Singapore
F45 Tanjong Rhu,tanjongrhu@f45training.sg,"02-03 Kallang Wave Mall, 1 Stadium Place, Singapore 397628",Singapore,https://f45training.com/tanjongrhu/,Singapore
F45 Lower Peirce - Thomson - AMK,lowerpeircethomsonamk@f45training.sg,"4 Jln Gelenggang, Singapore 578188",Singapore,https://f45training.com/lowerpeircethomsonamk/,Singapore
F45 Aljunied-Paya Lebar,aljunied-payalebar@f45training.sg,"12 Aljunied Rd, Singapore 389801",Singapore,https://f45training.com/aljuniedpayalebar/,Singapore
F45 Macpherson Ubi,macphersonubi@f45training.sg,"10 Arumugam Rd, Singapore 409957",Singapore,https://f45training.com/macphersonubi/,Singapore
F45 Jurong West,jurongwest@f45training.sg,"7 Jurong West Ave 5, Singapore 649486, Singapore",Singapore,https://f45training.com/jurongwest/,Singapore
F45 Sengkang East,sengkangeast@f45training.sg,"2 Rivervale Close, Singapore",Singapore,https://f45training.com/sengkangeast/,Singapore
F45 Punggol Plaza,punggolplaza@f45training.sg,"168 Punggol Field, Singapore 820168, Singapore",Singapore,https://f45training.com/punggolplaza/,Singapore
F45 Bezigrad,bezigrad@f45training.si,"Dunajska cesta 167, 1000 Ljubljana, Slovenia",Slovenia,https://f45training.com/bezigrad/,1000 Ljubljana
F45 Somerset West,somersetwest@f45training.co.za,Melcksloot Village Somerset West Western Cape 7130,South Africa,https://f45training.com/somersetwest/,Somerset West
F45 Kloof St,kloofst@f45training.co.za,"10 Jamieson St, Gardens, Cape Town, 8001, South Africa",South Africa,https://f45training.com/kloofst/,Cape Town
F45 Woodstock,woodstock.admin@f45training.co.za,"145 Sir Lowry Rd, Woodstock, Cape Town, 7915, South Africa",South Africa,https://f45training.com/woodstock/,Cape Town
F45 Stellenbosch Central,stellenboschcentral@f45training.co.za,"Plein St, Stellenbosch Central, Stellenbosch, Western Cape, South Africa",South Africa,https://f45training.com/stellenboschcentral/,Central
F45 Waterkloof,waterkloof@f45training.co.za,"471 Fehrsen St, Nieuw Muckleneuk, Pretoria, 0181",South Africa,https://f45training.com/waterkloof/,Pretoria
F45 Bryanston,bryanston@f45training.co.za,"Grosvenor Rd, Bryanston, Johannesburg, 2191, South Africa",South Africa,https://f45training.com/bryanston/,Johannesburg
F45 Rosebank,rosebank@f45training.co.za,"177 Oxford Rd, Rosebank, Johannesburg, 2196, South Africa",South Africa,https://f45training.com/rosebank/,Johannesburg
F45 Fourways,fourways@f45training.co.za,"Douglasdale Shopping Center, Corner Douglas Drive & Leslie Ave, Douglasdale, Johannesburg, 2191, South Africa",South Africa,https://f45training.com/fourways/,Johannesburg
F45 Silver Lakes,silverlakes@f45training.co.za,"Six Fountains Adventure Centre, Corner Solomon Mahlangu & Bendeman Boulevard, Silver Lakes, Pretoria, 0184, South Africa",South Africa,https://f45training.com/silverlakes/,Pretoria
F45 South Downs Centurion,southdownscenturion@f45training.co.za,"Logan Avenue, Highveld, Centurion, South Africa",South Africa,https://f45training.com/southdownscenturion/,Highveld
F45 Claremont Cape Town,claremontcapetown@f45training.co.za,"95 Main Rd, Rondebosch, Cape Town, 7700, South Africa",South Africa,https://f45training.com/claremontcapetown/,Cape Town
F45 Kateka Wellness Sanctuary,katekawellnesssanctuary@f45training.co.za,Kateka Safari and Wellness,South Africa,https://f45training.com/katekawellnesssanctuary/,Wellness
F45 Bedfordview,bedfordview@f45training.co.za,"59 Van Buuren Rd, Bedfordview, Germiston, 2008, South Africa",South Africa,https://f45training.com/bedfordview/,Bedfordview
F45 Faerie Glen,faerieglen@f45training.co.za,"445 Glenwood Rd, Faerie Glen, Pretoria, 0081, South Africa",South Africa,https://f45training.com/faerieglen/,Pretoria
F45 Durbanville,durbanvillesouth@f45training.co.za,"South Africa, ",South Africa,https://f45training.com/durbanvillesouth/,
F45 Greenstone,greenstone@f45training.co.za,"Stoneridge Centre, Stoneridge Drive, Greenstone Park, Lethabong, 1609, South Africa",South Africa,https://f45training.com/greenstone/,Stoneridge Drive
F45 Paarl South,paarlsouth@f45training.co.za,"333 Main Street, Lemoenkloof, Paarl, 7646, South Africa",South Africa,https://f45training.com/paarlsouth/,Lemoenkloof
F45 Craighall,craighall@f45training.za,"South Africa, ",South Africa,https://f45training.com/craighill/,
F45 Salt Rock,saltrock@f45training.co.za,"South Africa, ",South Africa,https://f45training.com/saltrock/,
F45 Rustenburg,rustenburg@f45training.za,"166 Kock Street, Rustenburg, South Africa",South Africa,https://f45training.com/rustenburg/,Rustenburg
F45 Clubview,clubview@f45training.co.za,"Clubview Corner Shopping Centre, Harvard Ave, Clubview, Centurion, 0014, South Africa",South Africa,https://f45training.com/clubview/,Harvard Ave
F45 Randpark,randpark@f45training.co.za,"Randpark, Randburg, South Africa",South Africa,https://f45training.com/randridge/,Randburg
F45 Morningside,morningside@f45training.co.za,"South Africa, ",South Africa,https://f45training.com/morningside/,
F45 Gangnam,gangnam@f45training.kr,"14 Teheran-ro 84-gil, Daechi-dong, Gangnam-gu, Seoul, South Korea",South Korea,https://f45training.com/gangnam/,Daechi-dong
F45 Hannam,hannam@f45training.kr,"258 Hannam-dong, Yongsan-gu, Seoul, South Korea",South Korea,https://f45training.com/hannam/,Yongsan-gu
F45 Jamsil,jamsil@f45training.kr,"7-25 Sincheon-dong, Songpa-gu, Seoul, South Korea",South Korea,https://f45training.com/jamsil/,Songpa-gu
F45 Yeouido,yeouido@f45training.kr,"Shinyong Building, B1, 16 Gukjegeumyung-ro 8-gil, Yeouido-dong, Yeongdeungpo-gu, Seoul",South Korea,https://f45training.com/yeouido/,B1
F45 Yeoksam,yeoksam@f45training.kr,"B1, 13, Teheran-ro 14-gil, Gangnam-gu, Seoul 06235",South Korea,https://f45training.com/yeoksam/,13
F45 Gwanghwamun,gwanghwamun@f45training.kr,"28 Saemunan-ro 5ga-gil 1FL #102 Jongno-gu, Seoul",South Korea,https://f45training.com/gwanghwamun/,Seoul
F45 Gwanggyo,gwanggyo@f45training.kr," B1, 30, Docheong-ro 89beon-gil, Yeongtong-gu, Suwon-si, Gyeonggi-do, Republic of Korea 16509",South Korea,https://f45training.com/gwanggyo/,30
F45 Pangyo,pangyo@f45training.kr,"670 Daewangpangyo-ro, Sampyeong-dong, Bundang-gu, Seongnam-si, Gyeonggi-do, South Korea",South Korea,https://f45training.com/pangyo/,Sampyeong-dong
F45 Gongdeok,gongdeok@f45training.kr,"320 Dongmak-ro, Dohwa-dong, Mapo-gu, Seoul, South Korea",South Korea,https://f45training.com/gongdeok/,Dohwa-dong
F45 Gyodae,gyodae@f45training.kr,"1698-8 Seocho-dong, Seocho-gu, Seoul, South Korea",South Korea,https://f45training.com/gyodae/,Seocho-gu
F45 Seongsu,seongsu@f45training.kr,"314-5 Seongsu-dong 2(i)-ga, Seongdong-gu, Seoul, South Korea",South Korea,https://f45training.com/seongsu/,Seongdong-gu
F45 Sadang,sadang@f45training.kr," B1, 2072, Nambusunhwan-ro, Gwanak-gu, Seoul, Republic of Korea 08806",South Korea,https://f45training.com/sadang/,2072
F45 Sinsa,sinsa@f45training.kr,"b1, 548-2 Sinsa-dong, Gangnam-gu, Seoul, South Korea",South Korea,https://f45training.com/sinsa/,548-2 Sinsa-dong
F45 Unjeong,unjeong@f45training.kr,"#701, 21, Cheongam-ro 17beon-gil, Paju-si, Gyeonggi-do, 10892, Rep. of KOREA",South Korea,https://f45training.com/unjeong/,21
F45 Samsan,samsan@f45training.kr,"6, Wolpyeong-ro 207beon-gil, Nam-gu, Ulsan, 44696, Rep. of KOREA ",South Korea,https://f45training.com/samsan/,Wolpyeong-ro 207beon-gil
F45 Centum City,centumcity@f45training.kr,"#501, 26, Centum 3-ro, Haeundae-gu, Busan, 48060, Rep. of KOREA ",South Korea,https://f45training.com/centumcity/,26
F45 Suseong-Dong,suseong-dong@f45training.kr,"2392 Dalgubeol-daero, Suseong-gu, Daegu, South Korea",South Korea,https://f45training.com/suseong-dong/,Suseong-gu
F45 Sangam,sangam@f45training.kr,"Nurikkum Square Building, 1605 Sangamdong, Mapogu, Seoul, Korea",South Korea,https://f45training.com/sangam/,1605 Sangamdong
F45 Magok Station,magokstation@f45training.kr,"307, 3rd floor 59, 21 Magokjungang-ro, Gangseo-gu, Seoul, South Korea",South Korea,https://f45training.com/magokstation/,3rd floor 59
F45 Cheongdam-dong,cheongdam-dong@f45training.kr,"87-5 Cheongdam-dong, Gangnam-gu, Seoul, South Korea",South Korea,https://f45training.com/cheongdam-dong/,Gangnam-gu
F45 Sinyongsan,sinyongsan@f45training.kr,"37 Hangang-daero, Yongsan-gu, Seoul 04379, Republic of Korea",South Korea,https://f45training.com/sinyongsan/,Yongsan-gu
F45 Dodam,dodam@f45training.kr,"B1, 8-20, Bodeum 3-ro, Sejong-si, Republic of Korea 30098",South Korea,https://f45training.com/dodam/,8-20
F45 Seohyeon,seohyeon@f45training.kr,"B1, 21, Hwangsaeul-ro 342beon-gil, Bundang-gu, Seongnam-si, Gyeonggi-do, Republic of Korea 13591",South Korea,https://f45training.com/f45seohyeon/,21
F45 Guro Digital Complex,gurodigitalcomplex@f45training.kr,"11 Digital-ro 33-gil, Guro-gu, Seoul, Republic of Korea",South Korea,https://f45training.com/f45gurodigitalcomplex/,Guro-gu
F45 Misa,misa@f45training.kr,"3F, 95, Misagangbyeongdong-ro, Hanam-si, Gyeonggi-do, Republic of Korea 12913",South Korea,https://f45training.com/misa/,95
F45 Euljiro,euljiro@f45training.kr," B1, 100, Cheonggyecheon-ro, Jung-gu, Seoul, Republic of Korea 04542",South Korea,https://f45training.com/euljiro/,100
F45 Sinchon,sinchon@f45training.kr,"B1, 121, Seogang-ro, Mapo-gu, Seoul, 04057, Rep. of KOREA",South Korea,https://f45training.com/sinchon/,121
F45 Jeongja,jeongja@f45training.kr,"18 Jeongjail-ro 198(baekgusippal), Bundang-gu, Seongnam-si, Gyeonggi-do, South Korea",South Korea,https://f45training.com/jeongja/,Bundang-gu
F45 Mokdong,mokdong@f45training.kr,"177 Mokdong-ro, Yangcheon-gu, Seoul, Republic of Korea",South Korea,https://f45training.com/mokdong/,Yangcheon-gu
F45 Yeongtong,yeongtong@f45training.kr,"#703, 40, Bandal-ro 7beon-gil, Yeongtong-gu, Suwon-si, Gyeonggi-do, 16704, Rep. of KOREA ",South Korea,https://f45training.com/yeongtong/,40
F45 Seolleung,seolleung@f45training.kr,"B1, 8, Seolleung-ro 93-gil, Gangnam-gu, Seoul, 06149, Rep. of KOREA ",South Korea,https://f45training.com/seolleung/,8
F45 Wangsimni,wangsimni@f45training.kr,"336 Wangsimni-ro, Seongdong-gu, Seoul, Republic of Korea",South Korea,https://f45training.com/wangsimni/,Seongdong-gu
F45 Dunchon,dunchon@f45training.kr,"1325 Yangjae-daero, Gangdong-gu, Seoul 05405, Republic of Korea",South Korea,https://f45training.com/dunchon/,Gangdong-gu
F45 Gasan,gasan@f45training.kr,"254 Beotkkot-ro, Geumcheon-gu, Seoul, Republic of Korea",South Korea,https://f45training.com/gasan/,Geumcheon-gu
F45 Nakseongdae,nakseongdae@f45training.kr,"1926 Nambusunhwan-ro, Gwanak-gu, Seoul 08793, Republic of Korea",South Korea,https://f45training.com/nakseongdae/,Gwanak-gu
F45 Munjeong,munjeong@f45training.kr,"#216~217, Building B, 128, Beobwon-ro, Songpa-gu, Seoul, 05854, Rep. of KOREA ",South Korea,https://f45training.com/munjeong/,Building B
F45 Songdo,songdo@f45training.kr,"241 Incheon tower-daero, Yeonsu-gu, Incheon, Republic of Korea",South Korea,https://f45training.com/songdo/,Yeonsu-gu
F45 Boramae,boramae@f45training.kr,"#307, 16, Boramae-ro 5ga-gil, Dongjak-gu, Seoul, 07071, Rep. of KOREA ",South Korea,https://f45training.com/boramae/,16
F45 Sangnam,sangnam@f45training.kr,"4f, 13 Jungang-daero 100beon-gil, Seongsan-gu, Changwon-si, Gyeongsangnam-do, Republic of Korea",South Korea,https://f45training.com/sangnam/,13 Jungang-daero 100beon-gil
F45 Cheomdan,cheomdan@f45training.kr,"2nd floor, Urban Dream, 694-90 Ssangam-dong, Gwangsan-gu, Gwangju, South Korea",South Korea,https://f45training.com/cheomdan/,Urban Dream
F45 Dongtan,dongtan@f45training.kr,"2nd floor, 42, Metapolis-ro, Hwaseong-si, Gyeonggi-do, 18455, Rep. of KOREA ",South Korea,https://f45training.com/dongtan/,42
F45 Dunsan,dunsan@f45training.kr,"B1, 29, Munjeong-ro, Seo-gu, Daejeon, 35235, Rep. of KOREA ",South Korea,https://f45training.com/dunsan/,29
F45 Hapjeong,hapjeong@f45training.kr,"378-8 Seogyo-dong, Mapo-gu, Seoul, South Korea",South Korea,https://f45training.com/hapjeong/,Mapo-gu
F45 Wirye,wirye@f45training.kr,"#B105, 9-9, Wiryegwangjang-ro, Sujeong-gu, Seongnam-si, Gyeonggi-do, 13646, Rep. of KOREA ",South Korea,https://f45training.com/wirye/,9-9
F45 Ingye,ingye@f45training.kr,"B1, 10-3, Gwongwang-ro 187beon-gil, Paldal-gu, Suwon-si, Gyeonggi-do, 16489, Rep. of KOREA ",South Korea,https://f45training.com/ingye/,10-3
F45 Seomyeon,seomyeon@f45training.kr,"#B202~5, 50, Jungang-daero 666beon-gil, Busanjin-gu, Busan, 47300, Rep. of KOREA",South Korea,https://f45training.com/seomyeon/,50
F45 Ilsan,ilsan@f45training.kr,"2nd floor, 31-17, Jeongbalsan-ro, Ilsandong-gu, Goyang-si, Gyeonggi-do, 10402, Rep. of KOREA",South Korea,https://f45training.com/ilsan/,31-17
F45 Gagyeong,gagyeong@f45training.kr,"3rd floor, 16, SeohyeonDong-ro, Heungdeok-gu, Cheongju-si, Chungcheongbuk-do, 28378, Rep. of KOREA",South Korea,https://f45training.com/gagyeong/,16
F45 Suyu,suyu@f45training.kr,"323, Dobong-ro, Gangbuk-gu, Seoul, 01073, Rep. of KOREA",South Korea,https://f45training.com/suyu/,Dobong-ro
F45 Dalseo,dalseo@f45training.kr,"7th floor, 17, Joam-ro, Dalseo-gu, Daegu, 42758, Republic of Korea",South Korea,https://f45training.com/dalseo/,17
F45 Jeju City,jejucity@f45training.kr,"2nd floor, 377, Jungang-ro, Jeju-si, Jeju-do, 63230, Republic of Korea",South Korea,https://f45training.com/jejucity/,377
F45 Uijeongbu Station,uijeongbustation@f45training.kr,"457, Pyeonghwa-ro, Uijeongbu-si, Gyeonggi-do, 11700, Republic of Korea",South Korea,https://f45training.com/uijeongbustation/,Pyeonghwa-ro
F45 Beomgye,beomgye@f45training.kr,"767-1 Gyeongsu-daero, Dongan-gu, Anyang-si, Gyeonggi-do, South Korea",South Korea,https://f45training.com/beomgye/,Dongan-gu
F45 Gojan,gojan@f45training.kr,"4f, 716-5 Gojan-dong, Danwon-gu, Ansan-si, Gyeonggi-do, South Korea",South Korea,https://f45training.com/gojan/,716-5 Gojan-dong
F45 Dasan,dasan@f45training.kr,"6f, 6063 Dasan-dong, Namyangju-si, Gyeonggi-do, Republic of Korea",South Korea,https://f45training.com/dasan/,6063 Dasan-dong
F45 Godeok,godeok@f45training.kr,"3rd floor, 38 Godeokyeoyeom 9-gil, Pyeongtaek-si, Gyeonggi-do 18014, Republic of Korea",South Korea,https://f45training.com/godeok/,38 Godeokyeoyeom 9-gil
F45 Bupyeong,bupyeong@f45training.kr,"4F, 68 Bupyeong-daero, Bupyeong-gu, Incheon, South Korea",South Korea,https://f45training.com/bupyeong/,68 Bupyeong-daero
F45 Dangjin,dangjin@f45training.kr,"3f, 226-12 Dangjinjungang 2-ro, Dangjin-si, Chungcheongnam-do, Republic of Korea",South Korea,https://f45training.com/dangjin/,226-12 Dangjinjungang 2-ro
F45 Yeonsinnae,yeonsinnae@f45training.kr,"South Korea, ",South Korea,https://f45training.com/yeonsinnae/,
F45 Buldang,buldang@f45training.kr,"South Korea, ",South Korea,https://f45training.com/buldang/,
F45 Cheongna,cheongna@f45training.kr,"South Korea, ",South Korea,https://f45training.com/cheongna/,
F45 Sinjungdong,sinjungdong@f45training.kr,"B1, 223, Sinheung-ro, Wonmi-gu, Bucheon-si, Gyeonggi-do, 14539, Republic of Korea",South Korea,https://f45training.com/sinjungdong/,223
F45 Ibiza,ibiza@f45training.es,"Calle Agapito Llobet, 23, Ibiza, Spain",Spain,https://f45training.com/ibiza/,23
F45 Barrio Salamanca,barriosalamanca@f45training.es,"Calle de Lagasca, 120, 28006 Madrid, Spain",Spain,https://f45training.com/barriosalamanca/,120
F45 Plaza Utrillas Zaragoza,plazautrillaszaragoza@f45training.es,"Calle de Miguel Servet, 79, 50013 Zaragoza, Spain",Spain,https://f45training.com/plazautrillaszaragoza/,79
F45 Las Rozas,lasrozas@f45training.es,"Calle Dublín, 5, 28232 Las Rozas de Madrid, Madrid, España",Spain,https://f45training.com/lasrozas/,5
F45 San Bernardo,sanbernardo@f45training.es,"C. Jazmineras, 3, Sevilla, Spain",Spain,https://f45training.com/sanbernardo/,3
F45 Sitges,sitges@f45training.es,"Carrer Drets Humans, 13, 08870 Sitges, Barcelona, Spain",Spain,https://f45training.com/sitges/,13
F45 Palma Racket Club,palmaracketclub@f45training.es,"Carrer de Galícia, 7, 07013 Palma, Illes Balears, Spain",Spain,https://f45training.com/palmaracketclub/,7
F45 Embajadores,embajadores@f45training.es,"Calle de Martín de Vargas, 7, 28005 Madrid, Spain",Spain,https://f45training.com/embajadores/,7
F45 Marbella,marbella@f45training.es,"Marbella West, Spain",Spain,https://f45training.com/marbella/,Spain
F45 Plaza San Francisco,plazasanfrancisco@f45training.es,"Calle de la Corona de Aragón, 18, 50009 Zaragoza, Spain",Spain,https://f45training.com/plazasanfrancisco/,18
F45 Aribau,aribau@f45training.es,"Carrer d'Aribau, 172, 08036 Barcelona, Spain",Spain,https://f45training.com/aribau/,172
F45 Casp,casp@f45training.es,"Carrer de Girona, 25, L'Eixample, 08010 Barcelona, Spain",Spain,https://f45training.com/casp/,25
F45 Quai du Seujet,quaiduseujet@f45training.ch,"Quai du Seujet 24, 1201 Genève, Switzerland",Switzerland,https://f45training.com/quaiduseujet/,1201 Genève
F45 Taichung,taichung@f45training.tw,132 Da Dun Fourth Street Taichung Taiwan 40878,Taiwan,https://f45training.com/taichung/,Taichung
F45 Neihu,neihu@f45training.tw,"No. 358, Ruiguang Road, Neihu District, Taipei City, Taiwan 114",Taiwan,https://f45training.com/neihu/,Ruiguang Road
F45 Daan,daan@f45training.tw,"No. 163, Section 1, Jianguo South Road, Da’an District, Taipei City, Taiwan 106",Taiwan,https://f45training.com/daan/,Section 1
F45 Taipei Arena,taipeiarena@f45training.tw,"34-B1 Bade Road, Section 3, Songshan District, Taipei, Taiwan ",Taiwan,https://f45training.com/taipeiarena/,Section 3
F45 Xinyi,xinyi@f45training.tw,"No. 413, Section 4, Xinyi Road, Xinyi District, Taipei City, Taiwan",Taiwan,https://f45training.com/xinyi/,Section 4
F45 Beitun,beitun@f45training.tw,"No. 389, Section 2, Chongdeshi Rd, Beitun District, Taichung City, 406",Taiwan,https://f45training.com/beitun/,Section 2
F45 Wufu,wufu@f45training.tw,"No. 126, Zhuangjing 3 Road, Zhubei City, Hsinchu County, Taiwan",Taiwan,https://f45training.com/wufu/,Zhuangjing 3 Road
F45 Asok,asok@f45training.com,"48 Sukhumvit 16 (10th Flr Parking Building of Foodland, Khlong Tan, Klongtoey, Bangkok 10110, Thailand",Thailand,https://f45training.com/asok/,Khlong Tan
F45 Dubai Marina,dubaimarina@f45training.ae,Trident Grand Residence - Dubai - United Arab Emirates,United Arab Emirates,https://f45training.com/dubaimarina/,Dubai
F45 Dubai Motor City,dubaimotorcity@f45training.ae,Motor City - Dubai - United Arab Emirates,United Arab Emirates,https://f45training.com/dubaimotorcity/,Dubai
F45 Al Maryah Island,almaryahisland@f45training.ae,"Active Sports Pavillion, Al Maryah Island, Abu Dhabi, UAE",United Arab Emirates,https://f45training.com/almaryahisland/,Abu Dhabi
F45 Downtown Dubai,downtowndubai@f45training.ae,Dubai - United Arab Emirates,United Arab Emirates,https://f45training.com/downtowndubai/,Dubai
F45 Dubai DIFC,dubaidifc.admin@f45training.ae,DIFC Area - Dubai - United Arab Emirates,United Arab Emirates,https://f45training.com/dubaidifc/,Dubai
F45 Springs Souk,springssouk@f45training.ae,"Spring Souk Mall, 1st Floor (above Coffee Club)",United Arab Emirates,https://f45training.com/springssouk/,1st Floor (above Coffee Club)
F45 Palm Jumeirah,palmjumeirah@f45training.ae,The Palm Jumeirah - Dubai - United Arab Emirates,United Arab Emirates,https://f45training.com/palmjumeirah/,Dubai
F45 Dubai Hills,dubaihills@f45training.ae,"Unit 105,  Level 1, Business Park Building 3, Dubai Hills Estate, Dubai",United Arab Emirates,https://f45training.com/dubaihills/,Dubai
F45 Jumeirah Park,jumeirahpark@f45training.ae,"Jumeirah Park East Pavilion District 7, 1st floor Studio #03, Dubai",United Arab Emirates,https://f45training.com/jumeirahpark/,Dubai
F45 Town Square Dubai,townsquaredubai@f45training.ae,"Warda 1, Shop 18, Town Square, Dubai, UAE ",United Arab Emirates,https://f45training.com/townsquaredubai/,Dubai
F45 Meydan,meydan@f45training.ae,Al Meydan Rd - Nad Al Sheba 1 - Dubai - United Arab Emirates,United Arab Emirates,https://f45training.com/meydan/,Dubai
F45 Jumeirah,jumeirah@f45training.ae,"Jumeirah, United Arab Emirates",United Arab Emirates,https://f45training.com/jumeirah/,United Arab Emirates
F45 Umm Suqeim,ummsuqeim@f45training.ae,"Umm Suqeim, United Arab Emirates",United Arab Emirates,https://f45training.com/ummsuqeim/,United Arab Emirates
F45 Mirdif,mirdif@f45training.ae,117 91 D St - Mirdif - Dubai - United Arab Emirates,United Arab Emirates,https://f45training.com/mirdif/,Dubai
F45 Al Raha Beach,alrahabeach.admin@f45training.ae,"Al Raha Mall, Channel Street, Al Raha Beach, Abu Dhabi, UAE",United Arab Emirates,https://f45training.com/alrahabeach/,Abu Dhabi
F45 Shams Al Reem,shamsalreem@f45training.ae,Jazeerat Al Reem - Abu Dhabi - United Arab Emirates,United Arab Emirates,https://f45training.com/shamsalreem/,Abu Dhabi
F45 Saadiyat Marina,saadiyatmarina@f45training.ae,Gulf Paradise Building – Al Saadiyat Island – Saadiyat Marina District – Abu Dhabi – United Arab Emirates,United Arab Emirates,https://f45training.com/saadiyatmarina/,Abu Dhabi
F45 Yas Island,yasisland@f45training.ae,Waters edge Building 3 Retail Shops 1 & 2 - Abu Dhabi - United Arab Emirates,United Arab Emirates,https://f45training.com/yasisland/,Abu Dhabi
F45 Arjan,arjan@f45training.ae,Arjan-Dubailand - Dubai - United Arab Emirates,United Arab Emirates,https://f45training.com/arjan/,Dubai
F45 Stratford,stratford@f45training.co.uk,"Unit 2, Canalside, Here East Queen Elizabeth Olympic Park, London E20 3BS",United Kingdom,https://f45training.com/stratford/,London
F45 Islington,islington@f45training.co.uk,"St Alban's Pl, London N1 0NX, UK",United Kingdom,https://f45training.com/islington/,London
F45 Kingston,kingston@f45training.co.uk,"198 Cambridge Rd, Kingston upon Thames KT1 3LF, UK",United Kingdom,https://f45training.com/kingston/,Kingston upon Thames
F45 London Paddington,londonpaddington@f45training.co.uk,"Praed St, London W2 1JX, UK",United Kingdom,https://f45training.com/londonpaddington/,London
F45 Tottenham Court Road,tottenhamcourtroad@f45training.co.uk,"114-115 Tottenham Court Rd, Kings Cross, London W1T 5AH, UK",United Kingdom,https://f45training.com/tottenhamcourtroad/,London
F45 Brixton,brixton.admin@f45training.co.uk,"230 Brixton Rd, London SW9 6AH, UK",United Kingdom,https://f45training.com/brixton/,London
F45 Fulham,fulham@f45training.co.uk,"423 NORTH ROAD, LONDON, UK, SW6 1NY",United Kingdom,https://f45training.com/fulham/,LONDON
F45 Shepherds Bush,shepherdsbush@f45training.co.uk,"Units 1A West Works Building, 195 Wood Lane, London, W12 7FQ",United Kingdom,https://f45training.com/shepherdsbush/,195 Wood Lane
F45 Brighton Central,brightoncentral@f45training.co.uk,"Brighton BN1 4HB, United Kingdom",United Kingdom,https://f45training.com/brightoncentral/,United Kingdom
F45 Ashtead,ashtead@f45training.co.uk,"13 The St, Ashtead KT21 2AD, UK",United Kingdom,https://f45training.com/ashtead/,Ashtead
F45 South Wimbledon,southwimbledon@f45training.co.uk,"Spur House, 14 Morden Rd, South Wimbledon, London SW19 3BJ, UK",United Kingdom,https://f45training.com/southwimbledon/,London
F45 Wandsworth,wandsworth@f45training.co.uk,"131-133 East Hill, Wandsworth,London, SW18 2QB",United Kingdom,https://f45training.com/wandsworth/,Wandsworth
F45 Camden,camden@f45training.co.uk,"Centro 1, 39 Plender Street, London, NW1 0DT",United Kingdom,https://f45training.com/camden/,39 Plender Street
F45 Ealing,ealing@f45training.co.uk,"32-38 Uxbridge Road, London W5 2SN, UK",United Kingdom,https://f45training.com/ealing/,London
F45 Chelmsford,chelmsford@f45training.co.uk,"High Chelmer Shopping Centre, 1-4 Market Road, Chelmsford, Essex CM1 1XF, UK",United Kingdom,https://f45training.com/chelmsford/,Essex
F45 Tooting,tooting@f45training.co.uk,"First Floor, 20 Totterdown Street, Tooting, London SW17 8TA",United Kingdom,https://f45training.com/tooting/,London
F45 Haggerston,haggerston@f45training.co.uk,"31 Downham Rd, London N1, UK",United Kingdom,https://f45training.com/haggerston/,London N1
F45 Millharbour,millharbour@f45training.co.uk,"35 Harbour Way, Canary Wharf, Isle of Dogs, London, E14 9PD, United Kingdom ",United Kingdom,https://f45training.com/millharbour/,Canary Wharf
F45 Peckham Rye,peckhamrye@f45training.co.uk,"237 Rye Ln, London SE15 4UR, UK",United Kingdom,https://f45training.com/peckhamrye/,London
F45 Harrogate,harrogate@f45training.co.uk,"5 Albert Street, Harrogate HG1 1JX, UK",United Kingdom,https://f45training.com/harrogate/,Harrogate
F45 Liverpool Street,liverpoolstreet@f45training.co.uk,"Middlesex St, London E1 7EZ, UK",United Kingdom,https://f45training.com/liverpoolstreet/,London
F45 Oxford Circus,oxfordcircus.admin@f45training.co.uk,"2a Little Portland St, London W1W 7JA, UK",United Kingdom,https://f45training.com/oxfordcircus/,London
F45 Battersea Park,batterseapark@f45training.co.uk,"336A QUEENSTOWN ROAD, London, SW11 8EE   ",United Kingdom,https://f45training.com/batterseapark/,London
F45 Holloway,holloway@f45training.co.uk,"258 Holloway Rd, London N7 6NE, UK",United Kingdom,https://f45training.com/holloway/,London
F45 Manchester NQ,manchesternq@f45training.co.uk,"77 Piccadilly, Manchester M1 2BU, UK",United Kingdom,https://f45training.com/manchesternq/,Manchester
F45 Kensington Olympia,kensingtonolympia@f45training.co.uk,"Roberts House, 103 Hammersmith Rd, Hammersmith, London W14 0QH, UK",United Kingdom,https://f45training.com/kensingtonolympia/,London
F45 Cambridge Station,cambridgestation@f45training.co.uk,"60 Station Road, Cambridge CB1 2JH, UK",United Kingdom,https://f45training.com/cambridgestation/,Cambridge
F45 Salford Central,salfordcentral@f45training.co.uk,"112 Chapel Walks, Chapel Street, Salford, M3 5DW",United Kingdom,https://f45training.com/salfordcentral/,Chapel Street
F45 Leadenhall Market,leadenhallmarket@f45training.co.uk,"77 Gracechurch St, London EC3V 0AS, UK",United Kingdom,https://f45training.com/leadenhallmarket/,London
F45 Chiswick Park,chiswickpark@f45training.co.uk,"The Lightbox, 111 Power Rd, Chiswick, London W4 5PY",United Kingdom,https://f45training.com/chiswickpark/,London
F45 Cheltenham Central,cheltenhamcentral@f45training.co.uk,"Unit F, The Brewery Quarter, High Street, Cheltenham, GL50 3FF",United Kingdom,https://f45training.com/cheltenhamcentral/,The Brewery Quarter
F45 Soho,soho@f45training.co.uk,"14a Dufour's Pl, Soho, London W1F 7SN, UK",United Kingdom,https://f45training.com/soho/,London
F45 Mill Hill,millhill@f45training.co.uk,"615-619 Watford Way, London NW7 3JN, UK",United Kingdom,https://f45training.com/millhill/,London
F45 Blackwall,blackwall@f45training.co.uk,"2 Clove Cres, Poplar, London E14, UK",United Kingdom,https://f45training.com/blackwall/,Poplar
F45 Hampstead Heath,hampsteadheath@f45training.co.uk,"Units 3&4 Spectrum House, 32-34 Gordon House Road, Gospel Oak, London NW5 1LP, UK",United Kingdom,https://f45training.com/hampsteadheath/,London
F45 Streatham Hill,streathamhill@f45training.co.uk,"9 Streatham High Rd, Streatham Hill, London SW16 1EF, UK",United Kingdom,https://f45training.com/streathamhill/,London
F45 Kensal Green,kensalgreen@f45training.co.uk,"25 Chamberlayne Road, London, UK",United Kingdom,https://f45training.com/kensalgreen/,London
F45 Glasgow West End,glasgowwestend@f45training.co.uk,"14 Vinicombe Street, Glasgow G12 8BG, UK",United Kingdom,https://f45training.com/glasgowwestend/,Glasgow
F45 Stockbridge,stockbridge@f45training.co.uk,"Tanfield, 1 Inverleith Row, Edinburgh EH3 5DA, UK",United Kingdom,https://f45training.com/stockbridge/,Edinburgh
F45 Finsbury Park,finsburypark@f45training.co.uk,"Finsbury Park, London N4 3JG, UK",United Kingdom,https://f45training.com/finsburypark/,London
F45 Henley-on-Thames,henley-on-thames@f45training.co.uk,"Market Pl, Henley-on-Thames RG9, UK",United Kingdom,https://f45training.com/henley-on-thames/,Henley-on-Thames RG9
F45 Bermondsey,bermondsey@f45training.co.uk,"202-203 Grange Rd, Bermondsey, London SE1 3AA, UK",United Kingdom,https://f45training.com/bermondsey/,London
F45 Teddington,teddington@f45training.co.uk,"The Causeway, Teddington TW11 0HB, UK",United Kingdom,https://f45training.com/teddington/,Teddington
F45 Nottingham Waterside,nottinghamwaterside@f45training.co.uk,"Unit D, The Waterside apartments, Trent Bridge, Nottingham, NG5 2GN ",United Kingdom,https://f45training.com/nottinghamwaterside/,The Waterside apartments
F45 Blackhorse Lane,blackhorselane@f45training.co.uk,"Blackhorse Road, United Kingdom",United Kingdom,https://f45training.com/blackhorselane/,United Kingdom
F45 Maidenhead Central,maidenheadcentral@f45training.co.uk,"The Colonnade, Maidenhead SL6, UK",United Kingdom,https://f45training.com/maidenheadcentral/,Maidenhead SL6
F45 Old Street London,oldstreetlondon@f45training.co.uk,"168-172 Bentima House, Bunhill Row, Old Street, London EC1V 9BP",United Kingdom,https://f45training.com/oldstreetlondon/,London
F45 Clapham Junction,claphamjunction@f45training.co.uk,"72 St John's Hill, London SW11 1SF, UK",United Kingdom,https://f45training.com/claphamjunction/,London
F45 London Fields,londonfields@f45training.co.uk,"19 Sidworth St, Hackney, London E8 3SD, UK",United Kingdom,https://f45training.com/londonfields/,London
F45 High Street Kensington,highstreetkensington@f45training.co.uk,"193 Kensington High Street, London W8 6SH, UK",United Kingdom,https://f45training.com/highstreetkensington/,London
F45 West Edinburgh,westedinburgh@f45training.co.uk,"597 Calder Road, Edinburgh EH11 4HJ, UK",United Kingdom,https://f45training.com/westedinburgh/,Edinburgh
F45 Dalston,dalston@f45training.co.uk,"? STAMFORD WORKS, 3 Gillett Street, London N16 8JH, UK",United Kingdom,https://f45training.com/dalston/,London
F45 Surbiton,surbiton.admin@f45training.co.uk,"Surbiton, United Kingdom",United Kingdom,https://f45training.com/surbiton/,United Kingdom
F45 Bromley UK,bromley@f45training.co.uk,"3 St Marks Square, Bromley, BR29UY",United Kingdom,https://f45training.com/bromleyuk/,Bromley
F45 Shoreditch - Underwood St,shoreditch-underwoodst@f45training.co.uk,"6-14 Underwood St, London N1 7JQ, United Kingdom",United Kingdom,https://f45training.com/shoreditch-underwoodst/,London
F45 Summerlin,summerlin@f45training.com,"1000 South Rampart Boulevard, Las Vegas, NV 89145, United States",United States,https://f45training.com/summerlin/,Las Vegas
F45 Dublin,dublin@f45training.com,"6585 Dublin Center Drive, Dublin, Ohio 43017, United States",United States,https://f45training.com/dublin/,Dublin
F45 Goldenwest,goldenwest@f45training.com,"15712 Gothard St, Huntington Beach, CA 92647, USA",United States,https://f45training.com/goldenwest/,Huntington Beach
F45 Flatiron,flatiron@f45training.com,"123 W 20th St, New York, NY 10011, USA",United States,https://f45training.com/flatiron/,New York
F45 South Asheville,southasheville@f45training.com,"336 Rockwood Rd, Arden, NC 28704, United States",United States,https://f45training.com/southasheville/,Arden
F45 Venice,venice@f45training.com,"2321 Abbot Kinney Blvd. #102, Venice, Los Angeles, California, United States, 90291",United States,https://f45training.com/venice/,Venice
F45 North Mission Viejo,northmissionviejo@f45training.com,"27835 Santa Margarita Pkwy, Mission Viejo, CA 92691, USA",United States,https://f45training.com/northmissionviejo/,Mission Viejo
F45 Mount Pleasant,mountpleasant@f45training.com,"1973 Riviera Dr, Mt Pleasant, SC 29464, USA",United States,https://f45training.com/mountpleasant/,Mt Pleasant
F45 Corona Del Mar,coronadelmar@f45training.com,"2935 East Coast Hwy, Corona Del Mar, CA 92625, United States",United States,https://f45training.com/coronadelmar/,Corona Del Mar
F45 Newport Beach,newportbeach@f45training.com,"3305 Newport Blvd, Newport Beach, CA 92663, USA",United States,https://f45training.com/newportbeach/,Newport Beach
F45 La Jolla,lajolla@f45training.com,"7743 Fay Ave, La Jolla, San Diego, La Jolla, CA, United States",United States,https://f45training.com/lajolla/,La Jolla
F45 San Mateo,sanmateo@f45training.com,"24 42nd Ave, San Mateo, CA 94403, USA",United States,https://f45training.com/sanmateo/,San Mateo
F45 Plano West,planowest@f45training.com,"5813 Preston Road, Plano, Texas 75093, United States",United States,https://f45training.com/planowest/,Plano
F45 Dripping Springs TX,drippingspringstx@f45training.com,"12400 U.S. 290 suite 240, Austin, TX 78737, USA",United States,https://f45training.com/drippingspringstx/,Austin
F45 Lakeway,lakeway@f45training.com,"3944 South Farm to Market 620 Rd. Building 2, Suite 120, Bee Cave TX",United States,https://f45training.com/lakeway/,Suite 120
F45 Southwest Las Vegas,southwestlasvegas@f45training.com,"4555 S Fort Apache Rd, Las Vegas, NV 89147, USA",United States,https://f45training.com/southwestlasvegas/,Las Vegas
F45 Four Points,fourpoints@f45training.com,"7900 N FM 620, Austin, TX 78726, USA",United States,https://f45training.com/fourpoints/,Austin
F45 Buckhead,buckhead@f45training.com,"220 Pharr Road Northeast, Atlanta, GA 30305, United States",United States,https://f45training.com/buckhead/,Atlanta
F45 Del Mar,delmar@f45training.com,"3890 Valley Centre Dr suite 104, San Diego, San Diego, CA 92130, USA",United States,https://f45training.com/delmar/,San Diego
F45 Highlands Ranch,highlandsranch@f45training.com,"2670 E County Line Rd, Littleton, CO 80126, USA",United States,https://f45training.com/highlandsranch/,Littleton
F45 Tustin,tustin@f45training.com,"139 W First St, Tustin, CA 92780, USA",United States,https://f45training.com/tustin/,Tustin
F45 Meridian South,meridiansouth@f45training.com,"3068 E Overland Rd, Meridian, ID 83642, United States",United States,https://f45training.com/meridiansouth/,Meridian
F45 Traverse Mountain,traversemountain@f45training.com,"1873 W Traverse Pkwy, Lehi, UT 84043, USA",United States,https://f45training.com/traversemountain/,Lehi
F45 Culver City,culvercity@f45training.com,"11194 Washington Pl, Culver City, CA 90232, USA",United States,https://f45training.com/culvercity/,Culver City
F45 Exchange Place Jersey City,exchangeplacejerseycity@f45training.com,"65 Bay St, Jersey City, NJ 07302, USA",United States,https://f45training.com/exchangeplacejerseycity/,Jersey City
F45 Dix Hills,dixhills@f45training.com,"3027 Jericho Turnpike, East Northport, NY 11731, United States",United States,https://f45training.com/dixhills/,East Northport
USC,usccollege@f45training.com,USC,United States,https://f45training.com/usc/,USC
F45 Cinco Ranch West,cincoranchwest@f45training.com,"4950 Katy-Gaston Rd, Katy, TX 77494, USA",United States,https://f45training.com/cincoranchwest/,Katy
F45 Pasadena,pasadena@f45training.com,"678 E Walnut Street, Pasadena, CA 91101",United States,https://f45training.com/pasadena/,Pasadena
F45 Doral,doral@f45training.com,"7500 NW 104th Ave , Doral, FL 33178, United States",United States,https://f45training.com/doral/,Doral
F45 Pentagon Row,pentagonrow@f45training.com,"1101 S Joyce St, Arlington, VA 22202, USA",United States,https://f45training.com/pentagonrow/,Arlington
F45 Staunton,staunton@f45training.com,"106 Rowe Rd, Staunton, VA 24401, USA",United States,https://f45training.com/staunton/,Staunton
"F45 Old Town, Alexandria",oldtownalexandria@f45training.com,"901 N Washington St, Alexandria, VA, United States",United States,https://f45training.com/oldtownalexandria/,Alexandria
F45 West University Place TX,westuniversityplacetx@f45training.com,"2507 Bartlett St, Houston, TX 77098, USA",United States,https://f45training.com/westuniversityplacetx/,Houston
F45 Little Italy,littleitaly@f45training.com,"2155 Kettner Blvd, San Diego, CA 92101, USA",United States,https://f45training.com/littleitaly/,San Diego
F45 Sarasota UTC,sarasotautc@f45training.com,"8405 Honore Ave, University Park, FL 34201, USA",United States,https://f45training.com/sarasotautc/,University Park
F45 Sarasota,sarasota@f45training.com,"1900 Main St, Sarasota, FL 34236, USA",United States,https://f45training.com/sarasota/,Sarasota
F45 North Park,northpark@f45training.com,"3800 30th St, San Diego, CA 92104, USA",United States,https://f45training.com/northpark/,San Diego
F45 Southwest Minneapolis,southwestminneapolis@f45training.com,"5445 Lyndale Ave S, Minneapolis, MN 55419, USA",United States,https://f45training.com/southwestminneapolis/,Minneapolis
F45 Sorrento Valley,sorrentovalley@f45training.com,"6755 Mira Mesa Blvd, San Diego, CA 92121, USA",United States,https://f45training.com/sorrentovalley/,San Diego
F45 Olde Raleigh,olderaleigh@f45training.com,"3434 Edwards Mill Rd, Raleigh, NC 27612, USA",United States,https://f45training.com/olderaleigh/,Raleigh
F45 West Mckinney,westmckinney@f45training.com,"8031 W University Dr, McKinney, TX 75071, USA",United States,https://f45training.com/westmckinney/,McKinney
F45 Fairfield CT,fairfieldusa@f45training.com,"915-917 Post Road, Fairfield, CT 06824, United States",United States,https://f45training.com/fairfieldusa/,Fairfield
F45 Woodbury,woodbury@f45training.com,"650 Commerce Dr, Woodbury, MN 55125, USA",United States,https://f45training.com/woodbury/,Woodbury
F45 West Arvada,westarvada@f45training.com,"14455 W 64th Ave, Arvada, CO 80004, USA",United States,https://f45training.com/westarvada/,Arvada
F45 East Evanston,eastevanston@f45training.com,"1723 Benson Ave, Evanston, IL 60201, USA",United States,https://f45training.com/eastevanston/,Evanston
F45 Lincoln Park North,lincolnparknorth@f45training.com,"1001 W Diversey Pkwy, Chicago, IL 60614, USA",United States,https://f45training.com/lincolnparknorth/,Chicago
F45 Aliso Viejo,alisoviejo@f45training.com,"Aliso Viejo Town Center, 26711 Aliso Creek Rd, #100A, Aliso Viejo CA 92656",United States,https://f45training.com/alisoviejo/,26711 Aliso Creek Rd
F45 Lower East Side,lowereastside@f45training.com,"100 Delancey Street, New York, NY, USA",United States,https://f45training.com/lowereastside/,New York
F45 Dumbo,dumbo@f45training.com,"55 Prospect St, Brooklyn, NY 11201, USA",United States,https://f45training.com/dumbo/,Brooklyn
F45 Hermosa Beach,hermosabeach@f45training.com,"1038 Hermosa Ave, Hermosa Beach, CA 90254, USA",United States,https://f45training.com/hermosabeach/,Hermosa Beach
F45 Dallas Arena,dallasarena@f45training.com,"1710 Payne Street, Dallas, TX 75201, USA",United States,https://f45training.com/dallasarena/,Dallas
F45 Old East Dallas,oldeastdallas@f45training.com,"2650 N Fitzhugh Ave, Dallas, TX 75206, USA",United States,https://f45training.com/oldeastdallas/,Dallas
F45 Creekside,creekside@f45training.com,"26435 Kuykendahl Rd ste 200, Tomball, TX 77375, USA",United States,https://f45training.com/creekside/,Tomball
F45 Sherman Oaks,shermanoaks@f45training.com,"13752 Ventura Blvd, Sherman Oaks, CA 91423, USA",United States,https://f45training.com/shermanoaks/,Sherman Oaks
F45 Prosper,prosper@f45training.com,"1061 N Coleman St, Prosper, TX 75078, USA",United States,https://f45training.com/prosper/,Prosper
F45 Bridgeland,bridgeland@f45training.com,"10611 Fry Road, Cypress, Texas 77433, United States",United States,https://f45training.com/bridgeland/,Cypress
F45 Santa Barbara,santabarbara@f45training.com,"528 Anacapa St, Santa Barbara, CA 93101, USA",United States,https://f45training.com/santabarbara/,Santa Barbara
F45 West Lubbock,westlubbock@f45training.com,"6620 Milwaukee Ave, Lubbock, TX 79424, USA",United States,https://f45training.com/westlubbock/,Lubbock
F45 Glen Ellyn,glenellyn@f45training.com,"369 Roosevelt Rd, Glen Ellyn, IL 60137, USA",United States,https://f45training.com/glenellyn/,Glen Ellyn
F45 Naperville,naperville@f45training.com,"790 Royal St George Dr #126, Naperville, IL 60563, USA",United States,https://f45training.com/naperville/,Naperville
F45 Geneva,geneva@f45training.com,"962 South Randall Road, St. Charles, IL  60175",United States,https://f45training.com/geneva/,St. Charles
F45 Schaumburg,schaumburg@f45training.com,"160e South Roselle Road, Schaumburg, IL 60193, USA",United States,https://f45training.com/schaumburg/,Schaumburg
F45 Arts District,artsdistrict@f45training.com,"300 S Santa Fe Ave, Los Angeles, CA 90013, USA",United States,https://f45training.com/artsdistrict/,Los Angeles
F45 Frisco West,friscowest@f45training.com,"252 W Stonebrook Pkwy suite 580, Frisco, TX 75036, USA",United States,https://f45training.com/friscowest/,Frisco
F45 Henderson,henderson@f45training.com,"1550 North Green Valley Parkway suite 310, Henderson, NV 89074, USA",United States,https://f45training.com/henderson/,Henderson
F45 Irvine Business Complex,irvinebusinesscomplex@f45training.com,"17835 Sky Park Circle Suite E  Irvine, CA 92614",United States,https://f45training.com/irvinebusinesscomplex/,CA 92614
F45 Laguna Hills,lagunahills@f45training.com,"25260 La Paz Rd, Laguna Hills, CA 92653, USA",United States,https://f45training.com/lagunahills/,Laguna Hills
F45 Central Boulder,centralboulder@f45training.com,"1750 29th Street, Boulder, CO 80301",United States,https://f45training.com/centralboulder/,Boulder
F45 Port Chester,portchester@f45training.com,"509 Boston Post Rd, Port Chester, NY 10573",United States,https://f45training.com/portchester/,Port Chester
F45 Round Rock Central,roundrockcentral@f45training.com,"3200 Greenlawn Boulevard, Round Rock, TX, USA",United States,https://f45training.com/roundrockcentral/,Round Rock
F45 Williamsburg North,williamsburgnorth@f45training.com,"289 Grand St, Brooklyn, NY 11211, USA",United States,https://f45training.com/williamsburgnorth/,Brooklyn
F45 Sienna,sienna@f45training.com,"4340 Sienna Pkwy, Missouri City, TX 77459, USA",United States,https://f45training.com/sienna/,Missouri City
F45 Cane Island,caneisland@f45training.com,"28365 W Ten Blvd. suite 100, Katy, TX 77494, USA",United States,https://f45training.com/caneisland/,Katy
F45 North Weston,northweston@f45training.com,"Suite 1, 2575 Glades Cir, Weston, FL 33327, USA",United States,https://f45training.com/northweston/,Weston
F45 Brickell,brickell@f45training.com,"923 Brickell Ave, Miami, FL 33131, USA",United States,https://f45training.com/brickell/,Miami
F45 Huntington Beach Downtown,huntingtonbeachdowntown@f45training.com,"180 5th St, Huntington Beach, CA 92648, USA",United States,https://f45training.com/huntingtonbeachdowntown/,Huntington Beach
F45 Coral Gables,coralgables@f45training.com,"5958 S Dixie Hwy, South Miami, FL 33143, USA",United States,https://f45training.com/coralgables/,South Miami
F45 Sparkman Tampa,sparkmantampa@f45training.com,"615 Channelside Dr, Tampa, FL 33602, USA",United States,https://f45training.com/sparkmantampa/,Tampa
F45 St Petersburg,stpetersburg@f45training.com,"1575 4th St N, St. Petersburg, FL 33704, USA",United States,https://f45training.com/stpetersburg/,St. Petersburg
F45 Midtown Tampa,midtowntampa@f45training.com,"1109 Assembly Drive, Tampa, FL 33607",United States,https://f45training.com/midtowntampa/,Tampa
F45 Westlake,westlake@f45training.com,"3201 Bee Cave Rd. Suite 134 Austin, Texas 78746",United States,https://f45training.com/westlake/,Texas 78746
F45 Yorba Linda North,yorbalindanorth@f45training.com,"1135 E Imperial Hwy, Placentia, CA 92870, USA",United States,https://f45training.com/yorbalindanorth/,Placentia
F45 West Cary,westcary@f45training.com,"402 Ledgestone Way, Cary, NC 27519, USA",United States,https://f45training.com/westcary/,Cary
F45 Boca Raton,bocaraton@f45training.com,"1101 S Federal Hwy, Boca Raton, FL 33432, United States",United States,https://f45training.com/bocaraton/,Boca Raton
F45 North Smyrna,northsmyrna@f45training.com,"2440 Atlanta Rd SE, Smyrna, GA 30080, USA",United States,https://f45training.com/northsmyrna/,Smyrna
F45 West Boca Raton,westbocaraton@f45training.com,"9658 Glades Rd Suite 240, Boca Raton, FL 33434",United States,https://f45training.com/westbocaraton/,Boca Raton
F45 Kendall West,kendallwest@f45training.com,"4292 SW 152nd Ave, Miami, FL 33185, USA",United States,https://f45training.com/kendallwest/,Miami
F45 Brookhaven,brookhaven@f45training.com,"1350 Dresden Drive, Atlanta, GA, USA",United States,https://f45training.com/brookhaven/,Atlanta
F45 Sandy Springs City Center,sandyspringscitycenter@f45training.com,"6125 Roswell Rd, Atlanta, GA 30328, USA",United States,https://f45training.com/sandyspringscitycenter/,Atlanta
F45 Land O'Lakes,landolakes@f45training.com,"18963 FL-54, Lutz, FL 33558, USA",United States,https://f45training.com/landolakes/,Lutz
F45 Laguna Niguel,lagunaniguel@f45training.com,"30251 Golden Lantern, Laguna Niguel, CA 92677, USA",United States,https://f45training.com/lagunaniguel/,Laguna Niguel
F45 San Clemente,sanclemente@f45training.com,"101 W Avenida Vista Hermosa #474, San Clemente, CA 92672",United States,https://f45training.com/sanclemente/,San Clemente
F45 Dana Point,danapoint@f45training.com,"34255 Pacific Coast Highway, Unit 111, Dana Point, CA 92629",United States,https://f45training.com/danapoint/,Dana Point
F45 Bryn Mawr,brynmawr@f45training.com,"936 Lancaster Ave, Bryn Mawr, PA 19010, USA",United States,https://f45training.com/brynmawr/,Bryn Mawr
F45 West Palm Beach,westpalmbeach@f45training.com,"531 Evernia St, West Palm Beach, FL 33401, USA",United States,https://f45training.com/westpalmbeach/,West Palm Beach
F45 North Beach,northbeach@f45training.com,"350 Bay St, San Francisco, CA 94133, USA",United States,https://f45training.com/northbeach/,San Francisco
F45 City Center SF,citycentersf@f45training.com,"2675 Geary Boulevard suite e101, San Francisco, CA 94118, USA",United States,https://f45training.com/citycentersf/,San Francisco
F45 Transbay,transbay@f45training.com,"Howard Street & Beale Street, San Francisco, CA 94105, USA",United States,https://f45training.com/transbay/,San Francisco
UCSF,ucsf@f45training.com,UCSF,United States,https://f45training.com/ucsf/,UCSF
F45 Glastonbury,glastonbury@f45training.com,"730 Hebron Avenue, Glastonbury, CT 06033, USA",United States,https://f45training.com/glastonbury/,Glastonbury
F45 Scottsdale Midtown,scottsdalemidtown@f45training.com,"11013 N Scottsdale Rd. Suite 100, Scottsdale, AZ 85254, USA",United States,https://f45training.com/scottsdalemidtown/,Scottsdale
F45 Greatwood,greatwood@f45training.com,"1270 Crabb River Rd, Richmond, TX 77469, USA",United States,https://f45training.com/greatwood/,Richmond
F45 Ballard,ballard@f45training.com,"907 NW Ballard Way, Seattle, WA 98107, USA",United States,https://f45training.com/ballard/,Seattle
F45 U Street,ustreet@f45training.com,"1020 U St NW, Washington, DC 20001, USA",United States,https://f45training.com/ustreet/,Washington
F45 East Hillcrest,easthillcrest@f45training.com,"1255A University Ave, Hillcrest, San Diego, CA 92103, United States",United States,https://f45training.com/easthillcrest/,San Diego
F45 North Sunnyvale,northsunnyvale@f45training.com,671 Tasman Drive,United States,https://f45training.com/northsunnyvale/,Drive
F45 Sloans Lake,sloanslake@f45training.com,"1525 Raleigh St, Denver, CO 80204, USA",United States,https://f45training.com/sloanslake/,Denver
F45 Stillwater,stillwater@f45training.com,"14344 60th Street North, Stillwater, MN, United States",United States,https://f45training.com/stillwater/,Stillwater
F45 North Shoal Creek,northshoalcreek@f45training.com,"3301 Steck Ave, Austin, TX 78757, USA",United States,https://f45training.com/northshoalcreek/,Austin
F45 South Eagle,southeagle@f45training.com,"2794 S Eagle Rd, Ste 130 Eagle, ID 83616",United States,https://f45training.com/southeagle/,Ste 130 Eagle
F45 Crossroads KC,crossroadskc@f45training.com,"1827 Walnut St, Kansas City, MO 64108, USA",United States,https://f45training.com/crossroadskc/,Kansas City
F45 Sumter,sumter@f45training.com,"20 West Liberty Street, Sumter, SC 29150, USA",United States,https://f45training.com/sumter/,Sumter
F45 Five Points Raleigh,fivepointsraleigh@f45training.com,"2320 Bale Street Suite 104, Raleigh, NC 27608, USA",United States,https://f45training.com/fivepointsraleigh/,Raleigh
F45 Jollyville,jollyville@f45training.com,"7318 McNeil Dr, Austin, TX 78729, USA",United States,https://f45training.com/jollyville/,Austin
F45 Greater Heights,greaterheights@f45training.com,"2522 Yale Street, Suite 110, Houston, TX 77008, USA",United States,https://f45training.com/greaterheights/,Houston
F45 Bloomfield,bloomfield@f45training.com,"28 Broad St, Bloomfield, NJ 07003, USA",United States,https://f45training.com/bloomfield/,Bloomfield
F45 Coconut Creek,coconutcreek@f45training.com,"5375 Lyons Rd, Coconut Creek, FL 33073, USA",United States,https://f45training.com/coconutcreek/,Coconut Creek
F45 North Midland,northmidland@f45training.com,"4425 West Wadley Suite 110. Midland, TX 79707 ",United States,https://f45training.com/northmidland/,TX 79707
F45 Rancho Penasquitos,ranchopenasquitos@f45training.com,"13289 Black Mountain Rd, San Diego, CA 92129, USA",United States,https://f45training.com/ranchopenasquitos/,San Diego
F45 Manayunk,manayunk@f45training.com,"6001 Ridge Ave, Philadelphia, PA 19128, USA",United States,https://f45training.com/manayunk/,Philadelphia
F45 South Hill,southhill@f45training.com,"13103 Meridian Ave E Suite 102 Puyallup WA, 98374",United States,https://f45training.com/southhill/,98374
F45 West Carmel,westcarmel@f45training.com,"4335 West 106th Street, Carmel, IN, USA",United States,https://f45training.com/westcarmel/,Carmel
F45 Central Park CO,centralparkco@f45training.com,"3996 Central Park Blvd, Denver, CO 80230, USA",United States,https://f45training.com/centralparkco/,Denver
F45 Cy-Fair West,cy-fairwest@f45training.com,"27230 U.S. 290 suite 100, Cypress, TX 77433, USA",United States,https://f45training.com/cyfairwest/,Cypress
F45 Louetta,louetta@f45training.com,"12754 Grant Rd. Cypress, TX 77429",United States,https://f45training.com/louetta/,TX 77429
F45 Northern Liberties,northernliberties@f45training.com,"117 Spring Garden Street, Philadelphia PA 19123",United States,https://f45training.com/northernliberties/,Philadelphia PA 19123
F45 Daphne,daphne@f45training.com,"1501 US-98, Daphne, AL 36526, USA",United States,https://f45training.com/daphne/,Daphne
F45 Sandy,sandy@f45training.com,"2101 East 9400 South, Sandy, UT 84093, USA",United States,https://f45training.com/sandy/,Sandy
F45 Midtown Anchorage,midtownanchorage@f45training.com,"4307 Arctic Blvd, Anchorage, AK 99503, USA",United States,https://f45training.com/midtownanchorage/,Anchorage
F45 Coral Springs West,coralspringswest@f45training.com,"10595 Wiles Rd, Coral Springs, FL 33076, USA",United States,https://f45training.com/coralspringswest/,Coral Springs
F45 St Louis Park,stlouispark@f45training.com,"4631 Excelsior Blvd, St Louis Park, MN 55416, USA",United States,https://f45training.com/stlouispark/,St Louis Park
F45 Boerum Hill,boerumhill@f45training.com,"65 Smith street, Brooklyn, NY 11201, USA",United States,https://f45training.com/boerumhill/,Brooklyn
F45 Hinsdale,hinsdale@f45training.com,"5520 Wolf Rd, Western Springs, IL 60558, USA",United States,https://f45training.com/hinsdale/,Western Springs
F45 Black Rock,blackrock@f45training.com,"166 Chandler St, Buffalo, NY 14207, USA",United States,https://f45training.com/blackrock/,Buffalo
F45 West Ashley,westashley@f45training.com,"827 Savannah Hwy, Charleston, SC 29407, USA",United States,https://f45training.com/westashley/,Charleston
F45 Deerwood,deerwood@f45training.com,"8738 Baymeadows Rd. East, Suite 104, Jacksonville, FL 32256",United States,https://f45training.com/deerwood/,Jacksonville
F45 Sugarhouse,sugarhouse@f45training.com,"1505 E 2100 S, Salt Lake City, UT 84105, USA",United States,https://f45training.com/sugarhouse/,Salt Lake City
F45 Bressi Ranch,bressiranch@f45training.com,"Palomar Airport Rd. and El Fuerte St. San Diego, CA 92009",United States,https://f45training.com/bressiranch/,CA 92009
F45 Rancho Mission Viejo,ranchomissionviejo@f45training.com,"30595 Gateway Pl, San Juan Capistrano, CA 92675, USA",United States,https://f45training.com/ranchomissionviejo/,San Juan Capistrano
F45 Stamford Harbor Point,stamfordharborpoint@f45training.com,"121 Towne St, Stamford, CT 06902, USA",United States,https://f45training.com/stamfordharborpoint/,Stamford
F45 Decatur,decatur@f45training.com,"1605 Church Street, Suite 680 Decatur, GA 30033",United States,https://f45training.com/decatur/,Suite 680 Decatur
F45 Calabasas,calabasas@f45training.com,"23693 Calabasas Rd, Calabasas, CA 91302, USA",United States,https://f45training.com/calabasas/,Calabasas
F45 Pacific Beach,pacificbeach@f45training.com,"1225 Garnet Ave, San Diego, CA 92109, USA",United States,https://f45training.com/pacificbeach/,San Diego
F45 Midtown Charlotte,midtowncharlotte@f45training.com,"500 E Morehead St, Charlotte, NC 28202, USA",United States,https://f45training.com/midtowncharlotte/,Charlotte
F45 Heath,heath@f45training.com,"824 Steger Towne Rd, Rockwall, TX 75032, USA",United States,https://f45training.com/heath/,Rockwall
F45 Heritage Trace,heritagetrace@f45training.com,"4500 Heritage Trace Pkwy Suite 100 Fort Worth, TX 76244",United States,https://f45training.com/heritagetrace/,TX 76244
F45 Domain Austin,domainaustin@f45training.com,"3220 Amy Donovan Plaza, #124 Austin, TX 78758, USA",United States,https://f45training.com/domainaustin/,#124 Austin
F45 Solana Beach,solanabeach@f45training.com,"330 S Cedros Ave, Solana Beach, CA 92075, USA",United States,https://f45training.com/solanabeach/,Solana Beach
F45 Cranford,cranford@f45training.com,"123 N Union Ave, Cranford, NJ 07016, USA",United States,https://f45training.com/cranford/,Cranford
F45 Clark,clark@f45training.com,"1085 Raritan Rd, Clark, NJ 07066, USA",United States,https://f45training.com/clark/,Clark
F45 Shrewsbury,shrewsbury@f45training.com,"468 Broad St, Shrewsbury, NJ 07702, USA",United States,https://f45training.com/shrewsbury/,Shrewsbury
F45 Seattle Central District,seattlecentraldistrict@f45training.com,"1801 S Jackson St, Seattle, WA 98144, USA",United States,https://f45training.com/seattlecentraldistrict/,Seattle
F45 Queen Anne,queenanne@f45training.com,"2221 Queen Anne Ave N, Seattle, WA 98109, USA",United States,https://f45training.com/queenanne/,Seattle
F45 Westchase,westchase@f45training.com,"9550 W Linebaugh Ave, Westchase, FL 33626, USA",United States,https://f45training.com/westchase/,Westchase
F45 Redwood City,redwoodcity@f45training.com,"2065 Broadway, Redwood City, CA 94063, USA",United States,https://f45training.com/redwoodcity/,Redwood City
F45 Kirkland,kirkland@f45training.com,"120 Park Ln, Kirkland, WA 98033, USA",United States,https://f45training.com/kirkland/,Kirkland
F45 Redmond WA,redmondwa@f45training.com,"7405 168th Avenue NE, Suite A. Redmond, WA 98052",United States,https://f45training.com/redmondwa/,Suite A. Redmond
F45 Roscoe Village,roscoevillage@f45training.com,"1525 W Belmont Ave, Chicago, IL 60657, USA",United States,https://f45training.com/roscoevillage/,Chicago
F45 Summerwood,summerwood@f45training.com,"14609 W Lake Houston Pkwy, Houston, TX 77044, USA",United States,https://f45training.com/summerwood/,Houston
F45 Hampshire Meadows,hampshiremeadows@f45training.com,"207 Russell St, Hadley, MA 01035, USA",United States,https://f45training.com/hampshiremeadows/,Hadley
F45 Palm Beach Gardens,palmbeachgardens@f45training.com,"4773 PGA Boulevard, Palm Beach Gardens, FL, USA",United States,https://f45training.com/palmbeachgardens/,Palm Beach Gardens
F45 Largo East,largoeast@f45training.com,"2715 East Bay Dr., Largo, FL 33771",United States,https://f45training.com/largoeast/,Largo
F45 Westlake Village,westlakevillage@f45training.com,"31230 Cedar Valley Dr, Westlake Village, CA 91362, USA",United States,https://f45training.com/westlakevillage/,Westlake Village
F45 Westport,westport@f45training.com,"222 Post Road West, Westport, CT 06880",United States,https://f45training.com/westport/,Westport
F45 Pooler,pooler@f45training.com,"1702 Pooler Parkway ste 112, Pooler, GA 31322, USA",United States,https://f45training.com/pooler/,Pooler
F45 South McKinney,southmckinney@f45training.com,"2890 Craig Dr, McKinney, TX 75070, USA",United States,https://f45training.com/southmckinney/,McKinney
F45 Dumbarton,dumbarton@f45training.com,"5709 W Broad St, Richmond, VA 23230, USA",United States,https://f45training.com/dumbarton/,Richmond
F45 Fishers Geist,fishersgeist@f45training.com,"11760 Olio Rd, Fishers, IN 46037, USA",United States,https://f45training.com/fishersgeist/,Fishers
F45 Carmel Clay Terrace,carmelclayterrace@f45training.com,"14300 Clay Terrace Blvd, Carmel, IN 46032, USA",United States,https://f45training.com/carmelclayterrace/,Carmel
F45 North Point Loma,northpointloma@f45training.com,"3253 Kemper St, San Diego, CA 92110, USA",United States,https://f45training.com/northpointloma/,San Diego
F45 Chesterfield,chesterfield@f45training.com,"17065 Baxter Rd, Chesterfield, MO 63005, USA",United States,https://f45training.com/chesterfield/,Chesterfield
F45 Jacksonville Beach,jacksonvillebeach@f45training.com,"325 9th Avenue North, Jacksonville Beach, FL 32250, USA",United States,https://f45training.com/jacksonvillebeach/,Jacksonville Beach
F45 Rice Military,ricemilitary@f45training.com,"4500 Washington Avenue, Suite 400, Houston, TX 77007, USA",United States,https://f45training.com/ricemilitary/,Houston
F45 Germantown,germantown@f45training.com,7850 Poplar Avenue Suite 20,United States,https://f45training.com/germantown/,20
F45 East Setauket,eastsetauket@f45training.com,"1385 Route 25A, East Setauket, NY 11733, USA",United States,https://f45training.com/eastsetauket/,East Setauket
F45 Arlington,arlington@f45training.com,"3865 Wilson Blvd, Arlington, VA 22203, USA",United States,https://f45training.com/arlington/,Arlington
F45 Pearlridge,pearlridge@f45training.com,"98-1005 Moanalua Rd, Aiea, HI 96701, USA",United States,https://f45training.com/pearlridge/,Aiea
F45 South Keller,southkeller@f45training.com,"8245 Precinct Line Rd, North Richland Hills, TX 76182, USA",United States,https://f45training.com/southkeller/,North Richland Hills
"F45 Center City, Philadelphia",centercityphiladelphia@f45training.com,"1900 John F Kennedy Blvd, Philadelphia, PA 19103, USA",United States,https://f45training.com/centercityphiladelphia/,Philadelphia
F45 Encinitas Central,encinitascentral@f45training.com,"967 S Coast Hwy 101, Encinitas, CA 92024, USA",United States,https://f45training.com/encinitascentral/,Encinitas
F45 East Phoenix,eastphoenix@f45training.com,"3844 N 32nd St, #101 Phoenix, AZ 85018, USA",United States,https://f45training.com/eastphoenix/,#101 Phoenix
F45 Hebron,hebron@f45training.com,"1001 E Hebron Pkwy, Carrollton, TX 75010, USA",United States,https://f45training.com/hebron/,Carrollton
F45 Wall,wall@f45training.com,"1837 Old Mill Road, Wall NJ 07719",United States,https://f45training.com/wall/,Wall NJ 07719
F45 Viera,viera@f45training.com,"5410 Murrell Rd, Rockledge, FL 32955, USA",United States,https://f45training.com/viera/,Rockledge
F45 Aventura,aventura@f45training.com,3565 N.E. 207th Street Suite # A-12,United States,https://f45training.com/aventura/,A-12
F45 Woodforest TX,woodforesttx@f45training.com,"870 New Day Avenue suite 1150, Montgomery, TX 77316, USA",United States,https://f45training.com/woodforesttx/,Montgomery
F45 Ponte Vedra Beach,pontevedrabeach@f45training.com,"544 Marsh Landing Pkwy, Jacksonville Beach, Unit 2, FL 32250, USA",United States,https://f45training.com/pontevedrabeach/,Unit 2
F45 Northwest St. Charles,northwestst.charles@f45training.com,"3731 Elm St, St Charles, MO 63301, USA",United States,https://f45training.com/northweststcharles/,St Charles
F45 West Apex,westapex@f45training.com,"1756 Olive Chapel Rd, Apex, NC 27502, USA",United States,https://f45training.com/westapex/,Apex
F45 Thousand Oaks,thousandoaks@f45training.com,"820 Thousand Oaks Blvd, Thousand Oaks, CA 91360, USA",United States,https://f45training.com/thousandoaks/,Thousand Oaks
F45 Glen Cove,glencove@f45training.com,"95 School St, Glen Cove, NY 11542, USA",United States,https://f45training.com/glencove/,Glen Cove
F45 West Hempstead,westhempstead@f45training.com,"456 Hempstead Turnpike, West Hempstead, NY 11552, USA",United States,https://f45training.com/westhempstead/,West Hempstead
F45 Bellmore,bellmore@f45training.com,"2410 Merrick Rd, Bellmore, NY 11710, USA",United States,https://f45training.com/bellmore/,Bellmore
F45 Farmingdale,farmingdale@f45training.com,"150 South Front Street, Farmingdale, NY, USA",United States,https://f45training.com/farmingdale/,Farmingdale
F45 Huntington NY,huntingtonny@f45training.com,"2 Union Place, Huntington, NY 11743, USA",United States,https://f45training.com/huntingtonny/,Huntington
F45 Hauppauge,hauppauge@f45training.com,"812 Wheeler Rd, Hauppauge, NY 11788, USA",United States,https://f45training.com/hauppauge/,Hauppauge
F45 Long Beach NY,longbeachny@f45training.com,"120 W Park Ave, Long Beach, NY 11561, USA",United States,https://f45training.com/LongBeachNY/,Long Beach
F45 Rockville Centre,rockvillecentre@f45training.com,"290 Sunrise Hwy, Rockville Centre, NY 11570, USA",United States,https://f45training.com/rockvillecentre/,Rockville Centre
F45 Downtown Los Angeles,downtownlosangeles@f45training.com,"1200 S Grand Ave, Los Angeles, CA 90015, USA",United States,https://f45training.com/downtownlosangeles/,Los Angeles
F45 Milwaukee Lakefront,milwaukeelakefront@f45training.com,"2636 N Downer Ave, Milwaukee, WI 53211, USA",United States,https://f45training.com/milwaukeelakefront/,Milwaukee
F45 Park City,parkcity@f45training.com,"1241 Center Drive Suite L-120 Park City, Utah 84098",United States,https://f45training.com/parkcity/,Utah 84098
F45 Willow Bend,willowbend@f45training.com,"6100 W. Park suite 200 Plano, TX 75093 F45 Willow Bend",United States,https://f45training.com/willowbend/,TX 75093 F45 Willow Bend
F45 4S Ranch,4sranch@f45training.com,16625 Dove Canyon Rd Unit 105,United States,https://f45training.com/4sranch/,105
F45 Great Neck Plaza,greatneckplaza@f45training.com,"45 Middle Neck Rd, Great Neck Plaza, NY 11021, USA",United States,https://f45training.com/greatneckplaza/,Great Neck Plaza
F45 Clearwater,clearwater@f45training.com,"2172 Gulf to Bay Blvd, Clearwater, FL 33765, USA",United States,https://f45training.com/clearwater/,Clearwater
F45 La Quinta 111,laquinta111@f45training.com,"78-370 CA-111, La Quinta, CA 92253",United States,https://f45training.com/laquinta111/,La Quinta
F45 Lyndon at Westport Village,lyndonatwestportvillage@f45training.com,"1201 Herr Lane Unit 180A Louisville, KY 40222",United States,https://f45training.com/lyndonatwestportvillage/,KY 40222
F45 South Torrance,southtorrance@f45training.com,"3965 Pacific Coast Highway, Torrance, CA 90505, USA",United States,https://f45training.com/southtorrance/,Torrance
F45 East Nashville,eastnashville@f45training.com,"418 Woodland St, Nashville, TN 37206",United States,https://f45training.com/eastnashville/,Nashville
F45 Nashville Nations,nashvillenations@f45training.com,"1610 54th Ave N #140, Nashville, TN, USA",United States,https://f45training.com/nashvillenations/,Nashville
F45 Breckinridge Park,breckinridgepark@f45training.com,"4251 E Renner Road # 100, Richardson, Texas 75082",United States,https://f45training.com/breckinridgepark/,Richardson
F45 Sparta NJ,spartanj@f45training.com,"12 North Village Blvd, Sparta Township, NJ 07871",United States,https://f45training.com/spartanj/,Sparta Township
F45 Orland Park,orlandpark@f45training.com,"15762 South La Grange Road, Orland Park, IL 60462, USA",United States,https://f45training.com/orlandpark/,Orland Park
F45 Tysons,tysons@f45training.com,"1640 Boro Place, McLean, VA 22102, USA",United States,https://f45training.com/tysons/,McLean
F45 Saugus,saugus@f45training.com,"1565 Broadway, Saugus, MA 01906, USA",United States,https://f45training.com/saugus/,Saugus
F45 South Norwalk,southnorwalk@f45training.com,"515 West Ave, Norwalk, CT 06850, USA",United States,https://f45training.com/southnorwalk/,Norwalk
F45 Country Walk,countrywalk@f45training.com,"13751 SW 152nd St, Miami, FL 33177, USA",United States,https://f45training.com/countrywalk/,Miami
F45 Northgate WA,northgatewa@f45training.com,"301 NE 103rd St, Ste 2A, Seattle WA 98125",United States,https://f45training.com/northgatewa/,Ste 2A
F45 Crown Point,crownpoint@f45training.com,"870 N Superior Dr, Crown Point, IN 46307, USA",United States,https://f45training.com/crownpoint/,Crown Point
F45 Valparaiso,valparaiso@f45training.com,"2272 W US Hwy 30, Valparaiso, IN 46385, USA",United States,https://f45training.com/valparaiso/,Valparaiso
F45 Schererville,schererville@f45training.com,"150 W Lincoln Hwy, Schererville, IN 46375, USA",United States,https://f45training.com/schererville/,Schererville
F45 Flower Mound,flowermound@f45training.com,"1900 Long Prairie Rd Ste 124 Flower Mound, TX 75022",United States,https://f45training.com/flowermound/,TX 75022
F45 Marina Del Rey,marinadelrey@f45training.com,"4728b Lincoln Blvd, Marina del Rey, CA 90292, USA",United States,https://f45training.com/marinadelrey/,Marina del Rey
F45 Farmington,farmington@f45training.com,"1060 UT-225, Farmington, UT 84025, USA",United States,https://f45training.com/farmington/,Farmington
F45 Kapolei West,kapoleiwest@f45training.com,"2114 Lauwilwili St Apt 102B , Kapolei Hawaii 96707",United States,https://f45training.com/kapoleiwest/,Kapolei Hawaii 96707
F45 Holmdel,holmdel@f45training.com,"101 Crawfords Corner Rd, Holmdel, NJ 07733, USA",United States,https://f45training.com/holmdel/,Holmdel
F45 Watters Creek,watterscreek@f45training.com,"950 Watters Creek Blvd, Allen, TX 75013, USA",United States,https://f45training.com/watterscreek/,Allen
F45 Sacramento Midtown,sacramentomidtown@f45training.com,"1720 21st Street, Sacramento, CA 95811, USA",United States,https://f45training.com/sacramentomidtown/,Sacramento
F45 Wayne NJ,waynenj@f45training.com,"237 Berdan Ave, Wayne, NJ 07470, USA",United States,https://f45training.com/waynenj/,Wayne
F45 South Park,southpark@f45training.com,"4701 Park Rd, Charlotte, NC 28209, USA",United States,https://f45training.com/southpark/,Charlotte
F45 Plaza Midwood,plazamidwood@f45training.com,"1020 E 10th St, Charlotte, NC 28204, USA",United States,https://f45training.com/plazamidwood/,Charlotte
F45 Garden District,gardendistrict@f45training.com,"3300 Magazine St, New Orleans, LA 70115, USA",United States,https://f45training.com/gardendistrict/,New Orleans
F45 Park Slope,parkslope@f45training.com,"150 4th Ave, Brooklyn, NY 11217, USA",United States,https://f45training.com/parkslope/,Brooklyn
F45 Morris Plains,morrisplains@f45training.com,"1767 NJ-10 East, Morris Plains, NJ 07950, USA",United States,https://f45training.com/morrisplains/,Morris Plains
F45 Bogota,bogota@f45training.com,"1000 W Fort Lee Rd, Bogota, NJ 07603, USA",United States,https://f45training.com/bogota/,Bogota
F45 North Paramus,northparamus@f45training.com,"556 NJ-17, Paramus, NJ 07652, USA",United States,https://f45training.com/northparamus/,Paramus
F45 Natick,natick@f45training.com,"213 N Main St, Natick, MA 01760, USA",United States,https://f45training.com/natick/,Natick
F45 Midtown Houston,midtownhouston@f45training.com,"2600 Travis St, Houston, TX 77006, USA",United States,https://f45training.com/midtownhouston/,Houston
F45 Pembroke Pines West,pembrokepineswest@f45training.com,"18211 Pines Blvd Pembroke Pines, FL 33029",United States,https://f45training.com/pembrokepineswest/,FL 33029
F45 Davie FL,daviefl@f45training.com,"11452 W State Rd 84, Davie, FL 33325, USA",United States,https://f45training.com/daviefl/,Davie
F45 Miramar,miramar@f45training.com,"12721 Miramar Pkwy, Miramar, FL 33027, USA",United States,https://f45training.com/miramar/,Miramar
F45 Northborough,northborough@f45training.com,8114 shops way Northborough ma 01532,United States,https://f45training.com/northborough/,01532
F45 Ashburn,ashburn@f45training.com,"21020 Sycolin Rd, Ashburn, VA 20147, USA",United States,https://f45training.com/ashburn/,Ashburn
F45 Downtown Charleston,downtowncharleston@f45training.com,"476 Meeting St, Charleston, SC 29403, USA",United States,https://f45training.com/downtowncharleston/,Charleston
F45 Crestwood,crestwood@f45training.com,"5998 Pleasant Colony Court, Suite #20 Crestwood, KY 40014",United States,https://f45training.com/crestwood/,Suite #20 Crestwood
F45 Middletown Kentucky,middletownkentucky@f45training.com,"12905 Shelbyville Rd, Louisville, KY 40243, USA",United States,https://f45training.com/middletownkentucky/,Louisville
F45 Longmont,longmont@f45training.com,"900 S Hover St, Longmont, CO 80501, USA",United States,https://f45training.com/longmont/,Longmont
F45 Hunters Creek Village,hunterscreekvillage@f45training.com,"7925 Katy Fwy, Houston, TX 77024, USA",United States,https://f45training.com/hunterscreekvillage/,Houston
F45 Birmingham MI,birminghammi@f45training.com,"2450 Cole St, Birmingham, MI 48009, USA",United States,https://f45training.com/birminghammi/,Birmingham
F45 Cedar Park,cedarpark@f45training.com,"401 W Whitestone Blvd, Cedar Park, TX 78613, USA",United States,https://f45training.com/cedarpark/,Cedar Park
F45 Scottsdale Old Town,scottsdaleoldtown@f45training.com,"3712 N Scottsdale Rd, Scottsdale, AZ 85251, USA",United States,https://f45training.com/scottsdaleoldtown/,Scottsdale
F45 Desert Ridge,desertridge@f45training.com,"5315 E High St, Phoenix, AZ 85054, USA",United States,https://f45training.com/desertridge/,Phoenix
F45 Shannon Plaza,shannonplaza@f45training.com,"3515 Witherspoon Blvd #101, Durham, NC 27707",United States,https://f45training.com/shannonplaza/,Durham
F45 Santa Rosa Bennett Valley,santarosabennettvalley@f45training.com,"3895 Princeton Dr, Santa Rosa, CA 95405, USA",United States,https://f45training.com/santarosabennettvalley/,Santa Rosa
F45 Pinecrest,pinecrest@f45training.com,"12705 S Dixie Hwy, Miami, FL 33156, USA",United States,https://f45training.com/pinecrest/,Miami
F45 Southlake,southlake@f45training.com,"1241 E State Hwy 114, Suite 120 Southlake, TX 76092",United States,https://f45training.com/southlake/,Suite 120 Southlake
F45 Brookfield,brookfield@f45training.com,"17365 W, Bluemound Rd Brookfield WI  53045",United States,https://f45training.com/brookfield/,Bluemound Rd Brookfield WI  53045
F45 Delafield,delafield@f45training.com,"3272 Golf Rd, Unit C, Delafield, WI  53018",United States,https://f45training.com/delafield/,Delafield
F45 Ala Moana,alamoana@f45training.com,"956 Kawaiahao St, Honolulu, HI 96814, USA",United States,https://f45training.com/alamoana/,Honolulu
F45 Long Island City,longislandcity@f45training.com,"2218 Jackson Ave, Long Island City, NY 11101, USA",United States,https://f45training.com/longislandcity/,Long Island City
F45 Lake St Louis,lakestlouis@f45training.com,"107 Pond Fort Trail, Lake St Louis, MO 63367, USA",United States,https://f45training.com/lakestlouis/,Lake St Louis
F45 Alamitos Bay,alamitosbay@f45training.com,"6467 E Pacific Coast Hwy, Long Beach, CA 90803, USA",United States,https://f45training.com/alamitosbay/,Long Beach
F45 Wellington Florida,wellingtonflorida@f45training.com,"2863 S State Rd 7 suite 100, Wellington, FL 33414, USA",United States,https://f45training.com/wellingtonflorida/,Wellington
F45 West Brandon,westbrandon@f45training.com,"1602 W Brandon Blvd, Brandon, FL 33510, USA",United States,https://f45training.com/westbrandon/,Brandon
F45 New Tampa,newtampa@f45training.com,"18035 Highwoods Preserve Pkwy, Tampa, FL 33647, USA",United States,https://f45training.com/newtampa/,Tampa
F45 The Gulch,thegulch@f45training.com,"139 12th Ave N, Nashville, TN 37203, USA",United States,https://f45training.com/thegulch/,Nashville
F45 Midtown Nashville,midtownnashville@f45training.com,"2317 Elliston Pl, Nashville, TN 37203, USA",United States,https://f45training.com/midtownnashville/,Nashville
F45 Columbia Heights,columbiaheights@f45training.com,1400 Irving St Unit 150 NW Washington DC 20010,United States,https://f45training.com/columbiaheights/,20010
F45 Millburn,millburn@f45training.com,"296 Millburn Ave, Millburn, NJ 07041, USA",United States,https://f45training.com/millburn/,Millburn
F45 Penrose,penrose@f45training.com,"2501 9th Rd S #65, Arlington, VA 22204 ",United States,https://f45training.com/penrose/,Arlington
F45 Eastlake,eastlake@f45training.com,"1800 Eastlake Ave E, Seattle, WA 98102, USA",United States,https://f45training.com/eastlake/,Seattle
F45 Fells Point,fellspoint@f45training.com,"608 S Broadway, Baltimore, MD 21231, USA",United States,https://f45training.com/FellsPoint/,Baltimore
F45 Thomas Circle,thomascircle@f45training.com,"1111 14th St NW, Washington, DC 20005, USA",United States,https://f45training.com/thomascircle/,Washington
F45 Downtown Jersey City,downtownjerseycity@f45training.com,"252 9th St, Jersey City, NJ 07302, USA",United States,https://f45training.com/downtownjerseycity/,Jersey City
F45 Hoboken North,hobokennorth@f45training.com,"720 Monroe St. Suite E303. Hoboken, NJ 07030",United States,https://f45training.com/hobokennorth/,NJ 07030
F45 Cresskill,cresskill@f45training.com,"44 E Madison Ave, Cresskill, NJ 07626, USA",United States,https://f45training.com/cresskill/,Cresskill
F45 Ponderosa West,westes@f45training.com,"6046 Eastridge Rd, Odessa, TX 79762, USA",United States,https://f45training.com/ponderosawest/,Odessa
F45 Navy Yard - Wharf,navyyard-wharf@f45training.com,"1250 Half Street Southeast, Washington, DC 20003, USA",United States,https://f45training.com/navyyard-wharf/,Washington
F45 Cupertino,cupertino@f45training.com,"19700 Vallco Pkwy, Cupertino, CA 95014, USA",United States,https://f45training.com/cupertino/,Cupertino
F45 Rocklin,rocklin@f45training.com,"4155 Rocklin Road, Rocklin, California 95677, USA",United States,https://f45training.com/rocklin/,Rocklin
F45 Wolfchase,wolfchase@f45training.com,"2850 Wolf Creek Pkwy, Memphis, TN 38133, USA",United States,https://f45training.com/wolfchase/,Memphis
F45 Walnut Hill Dallas,walnuthilldallas@f45training.com,"8061 Walnut Hill Lane, Suite 912, Dallas, TX 75231",United States,https://f45training.com/walnuthilldallas/,Dallas
F45 Deerfield,deerfield@f45training.com,"2030 N Loop 1604 W, San Antonio, TX 78248, USA",United States,https://f45training.com/deerfield/,San Antonio
F45 RiNo CO,rinoco@f45training.com,"3400 Blake St, Denver, CO 80205, USA",United States,https://f45training.com/rinoco/,Denver
F45 Oak Forest Houston,oakforesthouston@f45training.com,"2009 W. 34th Street, Suite D Houston, TX 77018",United States,https://f45training.com/oakforesthouston/,Suite D Houston
F45 Arts District Houston,artsdistricthouston@f45training.com,"1302 Houston Ave, Houston, TX 77007, USA",United States,https://f45training.com/artsdistricthouston/,Houston
F45 Lantana,lantana@f45training.com,"3600 FM 407 STE 185, Bartonville TX 76226",United States,https://f45training.com/lantana/,Bartonville TX 76226
F45 West Boynton,westboynton@f45training.com,"8773 W Boynton Beach Blvd, Boynton Beach, FL 33472, USA",United States,https://f45training.com/westboynton/,Boynton Beach
F45 Little Elm,littleelm@f45training.com,"26744 E University Dr, Little Elm, TX 76227, USA",United States,https://f45training.com/littleelm/,Little Elm
F45 Cambridge USA,cambridgeusa@f45training.com,"1500 Wilson Blvd, Arlington, VA 22209, USA",United States,https://f45training.com/cambridgeusa/,Arlington
F45 Watertown,watertown@f45training.com,"49 Bond Street, Watertown, MA 02472, USA",United States,https://f45training.com/watertown/,Watertown
F45 Glover Park,gloverpark@f45training.com,"2101 Wisconsin Ave NW, Washington, DC 20007, USA",United States,https://f45training.com/gloverpark/,Washington
F45 East Cambridge,eastcambridge@f45training.com,"930 W Broad St, Falls Church, VA 22046, USA",United States,https://f45training.com/eastcambridge/,Falls Church
F45 Davis Square,davissquare@f45training.com,"Cleveland Park, United States",United States,https://f45training.com/davissquare/,United States
F45 Fan District VA,fandistrictva@f45training.com,"2035 W Broad St, Richmond, VA 23220, USA",United States,https://f45training.com/fandistrictva/,Richmond
F45 Ellisville,ellisville@f45training.com,"15860 Clayton Rd, Ellisville, MO 63011, USA",United States,https://f45training.com/ellisville/,Ellisville
F45 Winston-Salem,winstonsalem@f45training.com,"486 North Patterson Avenue, Winston-Salem, NC 27101, USA",United States,https://f45training.com/winstonsalem/,Winston-Salem
F45 Morgan Hill,morganhill@f45training.com,"17460 Depot Street, Suite 100 Morgan Hill CA, 95037, USA",United States,https://f45training.com/morganhill/,Suite 100 Morgan Hill CA
F45 San Bruno,sanbruno@f45training.com,"555 San Mateo Ave, San Bruno, CA 94066, USA",United States,https://f45training.com/sanbruno/,San Bruno
F45 West Park Ridge,westparkridge@f45training.com,"948 N Northwest Hwy, Park Ridge, IL 60068, USA",United States,https://f45training.com/westparkridge/,Park Ridge
F45 Atlantic Highlands,atlantichighlands@f45training.com,"13550 Atlantic Blvd, Jacksonville, FL 32225, USA",United States,https://f45training.com/atlantichighlands/,Jacksonville
F45 Clarendon,clarendon@f45training.com,"2500 Wilson Blvd, Arlington, VA, USA",United States,https://f45training.com/clarendon/,Arlington
F45 Corte Madera,cortemadera@f45training.com,"1508 Redwood Hwy Corte Madera, CA 94925",United States,https://f45training.com/cortemadera/,CA 94925
F45 Melville,melville@f45training.com,"560 Walt Whitman Rd, Melville, NY 11747, USA",United States,https://f45training.com/melville/,Melville
F45 Plainview NY,plainviewny@f45training.com,"1161 Old Country Rd, Plainview, NY 11803, USA",United States,https://f45training.com/plainviewny/,Plainview
F45 Santa Monica Main St,santamonica@f45training.com,"2000 Main St, Ste B, Santa Monica CA 90405",United States,https://f45training.com/santamonicamainst/,Ste B
F45 Lynnwood WA,lynnwoodwa@f45training.com,"17214 Hwy 99, Lynnwood, WA 98037, USA",United States,https://f45training.com/lynnwoodwa/,Lynnwood
F45 Downtown Orlando,downtownorlando@f45training.com,"777 N Orange Ave, Orlando, FL 32801, USA",United States,https://f45training.com/downtownorlando/,Orlando
F45 Des Peres,desperes@f45training.com,"11735 Manchester Rd, Des Peres, MO 63131, USA",United States,https://f45training.com/desperes/,Des Peres
F45 North Livonia,northlivonia@f45training.com,"19716 Haggerty Road, Livonia, MI 48152, USA",United States,https://f45training.com/NorthLivonia/,Livonia
F45 Southwest Burlington,southwestburlington@f45training.com,"34 Cambridge Street, #100 Burlington MA 01803",United States,https://f45training.com/southwestburlington/,#100 Burlington MA 01803
F45 Cooper City,coopercity@f45training.com,"9600 Stirling Rd, Cooper City, FL 33024, USA",United States,https://f45training.com/coopercity/,Cooper City
F45 North Thornton,norththornton@f45training.com,"14340 Lincoln St, Thornton, CO 80023, USA",United States,https://f45training.com/norththornton/,Thornton
F45 Colorado Springs Central,coloradospringscentral@f45training.com,"5182 North Nevada Ave. Suite 120 Colorado Springs, CO 80918",United States,https://f45training.com/coloradospringscentral/,CO 80918
F45 Langtree,langtree@f45training.com,"129 Mecklynn Rd, Mooresville, NC 28117, USA",United States,https://f45training.com/langtree/,Mooresville
F45 Pittsburgh Strip District,pittsburghstripdistrict@f45training.com,"1627 Penn Ave, Pittsburgh, PA 15222, USA",United States,https://f45training.com/pittsburghstripdistrict/,Pittsburgh
F45 Fruit Cove,fruitcove@f45training.com,"71 Doctors Village Drive, Saint Johns, Florida 32259",United States,https://f45training.com/fruitcove/,Saint Johns
F45 Fulshear,fulshear@f45training.com,"6615 W Cross Creek Bend Ln, Fulshear, TX 77441, USA",United States,https://f45training.com/fulshear/,Fulshear
F45 Newtown PA,newtownpa@f45training.com,"2833 S Eagle Rd, Newtown, PA 18940, USA",United States,https://f45training.com/newtownpa/,Newtown
F45 Centennial East,centennialeast@f45training.com,"6232 S Parker Rd, Centennial, CO 80016, USA",United States,https://f45training.com/centennialeast/,Centennial
F45 South Springfield MO,southspringfieldmo@f45training.com,"1937 W Republic Rd, Springfield, MO 65807, USA",United States,https://f45training.com/southspringfieldmo/,Springfield
F45 Sunset Strip,sunsetstrip@f45training.com,"745 N San Vicente Blvd, West Hollywood, CA 90069, USA",United States,https://f45training.com/sunsetstrip/,West Hollywood
F45 North Santa Rosa,northsantarosa@f45training.com,"3565 Industrial Drive, Santa Rosa, CA 95403",United States,https://f45training.com/northsantarosa/,Santa Rosa
F45 Scarsdale,scarsdale@f45training.com,"696 Central Park Avenue, Scarsdale, NY 10583",United States,https://f45training.com/scarsdale/,Scarsdale
F45 Energy Corridor,energycorridor@f45training.com,"14754 Memorial Dr, Houston, TX 77079, USA",United States,https://f45training.com/energycorridor/,Houston
F45 Brick NJ,bricknj@f45training.com,"990 Cedar Bridge Ave, Brick Township, NJ 08723, USA",United States,https://f45training.com/bricknj/,Brick Township
F45 Indianapolis Downtown,indianapolisdowntown@f45training.com,"435 Virginia Ave, Indianapolis, IN 46203, USA",United States,https://f45training.com/indianapolisdowntown/,Indianapolis
F45 Oldsmar,oldsmar@f45training.com,"4011 Tampa Rd, Oldsmar, FL 34677, USA",United States,https://f45training.com/oldsmar/,Oldsmar
F45 South Edison,southedison@f45training.com,"1908 Lincoln Hwy, Edison, NJ 08817, USA",United States,https://f45training.com/southedison/,Edison
F45 Manalapan,manalapan@f45training.com,"100 US-9, Manalapan Township, NJ 07726, USA",United States,https://f45training.com/manalapan/,Manalapan Township
F45 Allston,allston@f45training.com,"89 Brighton Avenue, Allston, MA 02134",United States,https://f45training.com/allston/,Allston
F45 Brookline,brookline@f45training.com,"Brookline, United States",United States,https://f45training.com/brookline/,United States
F45 Brattle St,brattlest@f45training.com,"20 Brattle Street, Cambridge, Massachusetts 02138, USA",United States,https://f45training.com/brattlest/,Cambridge
F45 Fenway,fenway@f45training.com,"839 Beacon St, Boston, MA 02215, USA",United States,https://f45training.com/fenway/,Boston
F45 Pompano Beach,pompanobeach@f45training.com,"824 N Federal Hwy, Pompano Beach, FL 33062, USA",United States,https://f45training.com/pompanobeach/,Pompano Beach
F45 Mt Juliet,mtjuliet@f45training.com,"2014 Providence Parkway, Mt. Juliet, TN 37122, USA",United States,https://f45training.com/mtjuliet/,Mt. Juliet
F45 Central Burbank,centralburbank@f45training.com,"213 E Orange Grove Ave, Burbank, CA 91502, USA",United States,https://f45training.com/centralburbank/,Burbank
F45 Bala Cynwyd,balacynwyd@f45training.com,"3800 City Ave, Philadelphia, PA 19131, USA",United States,https://f45training.com/balacynwyd/,Philadelphia
F45 Carmel Mountain Ranch,carmelmountainranch@f45training.com,"11467 Carmel Mountain Rd, San Diego, CA 92128, USA",United States,https://f45training.com/carmelmountainranch/,San Diego
F45 Petaluma,petaluma@f45training.com,"105 N McDowell Blvd, Petaluma, CA 94954, USA",United States,https://f45training.com/petaluma/,Petaluma
F45 San Rafael,sanrafael@f45training.com,"239 3rd St, San Rafael, CA 94901, USA",United States,https://f45training.com/sanrafael/,San Rafael
F45 Nona,nona@f45training.com,"13084 Narcoossee Rd, Orlando, FL 32832, USA",United States,https://f45training.com/nona/,Orlando
F45 Downtown Silver Spring,downtownsilverspring@f45training.com,"8250 Georgia Ave, Silver Spring, MD 20910, USA",United States,https://f45training.com/downtownsilverspring/,Silver Spring
F45 SoDa Row,sodarow@f45training.com,"11277 Kestrel Rise Rd., Suite A, South Jordan UT. 84009",United States,https://f45training.com/sodarow/,Suite A
F45 Royersford,royersford@f45training.com,"1839 E Ridge Pike, Royersford, PA 19468, USA",United States,https://f45training.com/royersford/,Royersford
F45 Shelby 26 Mile,shelby26mile@f45training.com,"56270 Van Dyke Avenue, Shelby, MI 48315, USA",United States,https://f45training.com/shelby26mile/,Shelby
F45 Willow Glen East,willowgleneast@f45training.com,"1150 Foxworthy Ave, San Jose, CA 95118, USA",United States,https://f45training.com/willowgleneast/,San Jose
F45 Cotswold,cotswold@f45training.com,"282 S Sharon Amity Rd, Charlotte, NC 28211, USA",United States,https://f45training.com/cotswold/,Charlotte
F45 Chandler Steelyard,chandlersteelyard@f45training.com,"5025 S Gilbert Rd #4, Chandler, AZ 85249",United States,https://f45training.com/chandlersteelyard/,Chandler
F45 East Point 22,eastpoint22@f45training.com,"10706 East Point TwentyTwo Blvd Ste 109, Mesa, AZ 85212",United States,https://f45training.com/eastpoint22/,Mesa
F45 Fresno North,fresnonorth@f45training.com,"218 E River Park Cir, Fresno, CA 93720, USA",United States,https://f45training.com/fresnonorth/,Fresno
F45 Ventura Main,venturamain@f45training.com,"1150 Callens Rd, Ventura, CA 93003, USA",United States,https://f45training.com/venturamain/,Ventura
F45 Severna Park,severnapark@f45training.com,"484D Ritchie Highway, Severna Park, MD",United States,https://f45training.com/severnapark/,Severna Park
F45 Lindon,lindon@f45training.com,"259 N 290 W, Lindon, UT 84042",United States,https://f45training.com/lindon/,Lindon
F45 Santan Village,santanvillage@f45training.com,"2810 S Market St, Gilbert, AZ 85295, USA",United States,https://f45training.com/santanvillage/,Gilbert
F45 Uptown Denver,uptowndenver@f45training.com,"464 E 19th Ave, Denver, CO 80203, USA",United States,https://f45training.com/uptowndenver/,Denver
F45 Metairie Central,metairiecentral@f45training.com,"3926 Barron St, Metairie, LA 70002, USA",United States,https://f45training.com/metairiecentral/,Metairie
F45 Fort Mill,fortmill@f45training.com,"1504 Carolina Pl, Fort Mill, SC 29708, USA",United States,https://f45training.com/fortmill/,Fort Mill
F45 Gilbert East,gilberteast@f45training.com,"4049 E Williams Field Rd, Gilbert, AZ 85295, USA",United States,https://f45training.com/gilberteast/,Gilbert
F45 Rochester Hills,rochesterhills@f45training.com,"878 S Rochester Rd, Rochester Hills, MI 48307, USA",United States,https://f45training.com/rochesterhills/,Rochester Hills
F45 Mountain View CA,mountainviewca@f45training.com,"1350 Grant Rd, Mountain View, CA 94040, USA",United States,https://f45training.com/mountainviewca/,Mountain View
F45 Alamo Ranch TX,alamoranchtx@f45training.com,"Culebra Rd, San Antonio, TX, USA",United States,https://f45training.com/alamoranchtx/,San Antonio
F45 Encino Park,encinopark@f45training.com,"22151 Bulverde Rd, San Antonio, TX 78259, USA",United States,https://f45training.com/encinopark/,San Antonio
F45 Medical Center SATX,medicalcentersatx@f45training.com,"10103 Huebner Rd, San Antonio, TX 78240, USA",United States,https://f45training.com/medicalcentersatx/,San Antonio
F45 Bandera Pointe,banderapointe@f45training.com,"11321 Bandera Rd, San Antonio, TX 78250, USA",United States,https://f45training.com/banderapointe/,San Antonio
F45 Campbell CA,campbellca@f45training.com,"412 E Campbell Ave, Campbell, CA 95008, USA",United States,https://f45training.com/campbellca/,Campbell
F45 Hodges-Kernan,hodges-kernan@f45training.com,"12675 Beach Blvd, Jacksonville, FL 32246, USA",United States,https://f45training.com/hodges-kernan/,Jacksonville
F45 La Costa,lacosta@f45training.com,"3247 Camino De Los Coches, Carlsbad, CA 92009, USA",United States,https://f45training.com/lacosta/,Carlsbad
F45 Carlsbad Poinsettia,carlsbadpoinsettia@f45training.com,"7030 Avenida Encinas, Suite 130, Carlsbad CA 92011",United States,https://f45training.com/carlsbadpoinsettia/,Suite 130
F45 Coronado CA,coronado@f45training.com,"1000 C Ave, Coronado, CA 92118, USA",United States,https://f45training.com/coronado/,Coronado
F45 Bothell,bothell@f45training.com,"10125 Main St, Bothell, WA 98011, USA",United States,https://f45training.com/bothell/,Bothell
F45 City Square Baton Rouge,citysquarebatonrouge@f45training.com,"9730 Bluebonnet Blvd, Baton Rouge, LA 70810, USA",United States,https://f45training.com/citysquarebatonrouge/,Baton Rouge
F45 South Riding,southriding@f45training.com,"25421 Lizzio Center Dr, Ste.170, South Riding VA 20152",United States,https://f45training.com/southriding/,Ste.170
F45 The Pecans of Queen Creek,thepecansofqueencreek@f45training.com,"24750 S Ellsworth Rd, Queen Creek, AZ 85142, USA",United States,https://f45training.com/thepecansofqueencreek/,Queen Creek
F45 Gilbert and the 202,gilbertandthe202@f45training.com,"3757 S Gilbert Rd, Gilbert, AZ 85297",United States,https://f45training.com/gilbertandthe202/,Gilbert
F45 South End Charlotte,southendcharlotte@f45training.com,"141 New Bern St, Charlotte, NC 28209, USA",United States,https://f45training.com/southendcharlotte/,Charlotte
F45 Manhattan Beach Pacific,manhattanbeachpacific@f45training.com,"2001 N Sepulveda Blvd, Manhattan Beach, CA 90266, USA",United States,https://f45training.com/manhattanbeachpacific/,Manhattan Beach
F45 Fairfax Corner,fairfaxcorner@f45training.com,"11881 Grand Commons Ave, Fairfax, VA 22030, USA",United States,https://f45training.com/fairfaxcorner/,Fairfax
F45 Oceanside Pier,oceansidepier@f45training.com,"401 N Coast Hwy ste 109, Oceanside, CA 92054, USA",United States,https://f45training.com/oceansidepier/,Oceanside
F45 Mount Kisco,mountkisco.admin@f45training.com,"39B S Moger Ave, Mt Kisco, NY 10549, USA",United States,https://f45training.com/mountkisco/,Mt Kisco
F45 North Auburn,northauburn@f45training.com,"1188 Opelika Rd, 700-1, Auburn, AL 36830, USA",United States,https://f45training.com/northauburn/,Auburn
F45 Herricks,herricks@f45training.com,"2461 Jericho Turnpike, Garden City Park, NY 11040, USA",United States,https://f45training.com/herricks/,Garden City Park
F45 Shirlington,shirlington@f45training.com,"2800 South Randolph Street, Arlington, VA, USA",United States,https://f45training.com/shirlington/,Arlington
F45 Noma,noma@f45training.com,"200 K St NE, Washington, DC, USA",United States,https://f45training.com/noma/,Washington
F45 St George Dino Crossing,stgeorgedinocrossing@f45training.com,"446 S Mall Dr, St. George, UT 84790, USA",United States,https://f45training.com/stgeorgedinocrossing/,St. George
F45 East Eau Claire,easteauclaire@f45training.com,"1415 Winchester Way, Altoona, WI 54720, USA",United States,https://f45training.com/easteauclaire/,Altoona
F45 Tallahassee Midtown,tallahasseemidtown@f45training.com,"1309 Thomasville Rd, Tallahassee, FL 32303, USA",United States,https://f45training.com/tallahasseemidtown/,Tallahassee
F45 Horizon West,horizonwest@f45training.com,"5742 Hamlin Groves Trail, Winter Garden, Florida, 34787",United States,https://f45training.com/horizonwest/,Winter Garden
F45 Porter Ranch,porterranch@f45training.com,"19300 Rinaldi St, Porter Ranch, CA 91326, USA",United States,https://f45training.com/porterranch/,Porter Ranch
F45 South Fishers,southfishers@f45training.com,"8936 E 96th St, Fishers, IN 46037, USA",United States,https://f45training.com/southfishers/,Fishers
F45 Center Grove Indiana,centergroveindiana@f45training.com,"1533 Olive Branch Parke Ln, Greenwood, IN 46143, USA",United States,https://f45training.com/CenterGroveIndiana/,Greenwood
F45 Dr Phillips,drphillips@f45training.com,"7932 W Sand Lake Rd, Orlando, FL 32819, USA",United States,https://f45training.com/drphillips/,Orlando
F45 Forest Acres,forestacres@f45training.com,"4333 Fort Jackson Blvd, Columbia, SC 29205, USA",United States,https://f45training.com/forestacres/,Columbia
F45 Chandler North,chandlernorth@f45training.com,"1959 W Ray Rd, Chandler, AZ 85224, USA",United States,https://f45training.com/chandlernorth/,Chandler
F45 Uptown Phoenix,uptownphoenix@f45training.com,"6210 N 7th St, Phoenix, AZ 85012",United States,https://f45training.com/uptownphoenix/,Phoenix
F45 Amherst,amherst@f45training.com,"3202 Sheridan Dr, Buffalo, Amherst, NY 14226, USA",United States,https://f45training.com/amherst/,Amherst
F45 Downtown Tuscaloosa,downtowntuscaloosa@f45training.com,"2008 University Blvd, Tuscaloosa, AL 35401, USA",United States,https://f45training.com/downtowntuscaloosa/,Tuscaloosa
F45 Oxford AL,oxfordal@f45training.com,"541 Davis Loop, Oxford, AL 36203, USA",United States,https://f45training.com/oxfordal/,Oxford
F45 Tempe Town Lake,tempetownlake@f45training.com,"430 N Scottsdale Rd, Tempe, AZ 85281, USA",United States,https://f45training.com/tempetownlake/,Tempe
F45 College Station TX,collegestationtx@f45training.com,"1904 Texas Ave South College Station, TX 77840",United States,https://f45training.com/collegestationtx/,TX 77840
F45 The Grove at Wesley Chapel,thegroveatwesleychapel@f45training.com,"Unit 102 at 6027 Wesley Grove Blvd, Wesley Chapel, FL",United States,https://f45training.com/thegroveatwesleychapel/,Wesley Chapel
F45 Lakes of Bella Terra,lakesofbellaterra@f45training.com,"1803 First Oaks St, Richmond, TX 77406, USA",United States,https://f45training.com/lakesofbellaterra/,Richmond
F45 Williamsville NY,williamsvilleny@f45training.com,"5475 Sheridan Dr, Buffalo, NY 14221, USA",United States,https://f45training.com/williamsvilleny/,Buffalo
F45 Northeast Heights,northeastheights@f45training.com,"5920 Holly Ave NE, Albuquerque, NM 87113, USA",United States,https://f45training.com/northeastheights/,Albuquerque
F45 West Knoxville,westknoxville@f45training.com,"9405 S Northshore Drive Suite 102, Knoxville, TN 37922",United States,https://f45training.com/westknoxville/,Knoxville
F45 Lake Mary,lakemary@f45training.com,"1120 Townpark Ave, Suite B1012, Lake Mary 32746",United States,https://f45training.com/lakemary/,Suite B1012
F45 Hamburg,hamburg@f45training.com,"4953 Camp Rd. Suite C. Hamburg, NY 14075",United States,https://f45training.com/hamburg/,NY 14075
F45 West Hartford,westhartford.admin@f45training.com,"31 Crossroads Plaza, West Hartford CT 06119",United States,https://f45training.com/westhartford/,West Hartford CT 06119
F45 East Chapel Hill NC,eastchapelhillnc@f45training.com,"1728 Fordham Blvd, Suite 113, Chapel Hill, NC 27514",United States,https://f45training.com/eastchapelhillnc/,Chapel Hill
F45 Fairfax Circle,fairfaxcircle@f45training.com,"9424 Fairfax Blvd, Fairfax, VA 22031, USA",United States,https://f45training.com/fairfaxcircle/,Fairfax
F45 Reston Town Center,restontowncenter@f45training.com,"11840 Freedom Dr, Reston, VA 20190, USA ",United States,https://f45training.com/restontowncenter/,Reston
F45 Diamond Bar,diamondbar@f45training.com,"303 S Diamond Bar Blvd, Suite M, Diamond Bar, CA 91765",United States,https://f45training.com/diamondbar/,Diamond Bar
F45 Murrieta North,murrietanorth@f45training.com,"36100 Hidden Springs Rd, Wildomar, CA 92595, USA",United States,https://f45training.com/murrietanorth/,Wildomar
F45 Marana,marana@f45training.com,"8275 N Silverbell Rd, Tucson, AZ 85743, USA",United States,https://f45training.com/marana/,Tucson
F45 Oro Valley,orovalley@f45training.com,"9740 N Oracle Rd, Oro Valley, AZ 85704, USA",United States,https://f45training.com/orovalley/,Oro Valley
F45 Northeast Tucson,northeasttucson@f45training.com,"7000 E Tanque Verde Rd, Tucson, AZ 85715, USA  Suite 3",United States,https://f45training.com/northeasttucson/,Tucson
F45 Sam Hughes,samhughes@f45training.com,"800 N Country Club Rd, Tucson, AZ 85716, USA",United States,https://f45training.com/samhughes/,Tucson
F45 Rita Ranch,ritaranch@f45training.com,"10185 E Old Vail Rd, Tucson, AZ 85747, USA",United States,https://f45training.com/ritaranch/,Tucson
F45 St. Philips,stphilips@f45training.com,"4280 N Campbell Ave ste# 100, Tucson, AZ 85718",United States,https://f45training.com/stphilips/,Tucson
F45 West 7th Fort Worth,west7thfortworth@f45training.com,"901 University Dr, Fort Worth, Texas 76107, USA",United States,https://f45training.com/west7thfortworth/,Fort Worth
F45 Hawaii Kai,hawaiikai@f45training.com,"377 Keahole St, Honolulu, HI 96825, USA",United States,https://f45training.com/hawaiikai/,Honolulu
F45 Morton Ranch,mortonranch@f45training.com,"3011 W Grand Pkwy N, Katy, TX 77449, USA",United States,https://f45training.com/mortonranch/,Katy
F45 South Park Hill,southparkhill@f45training.com,"1305 Krameria Street, Denver, CO 80220, USA",United States,https://f45training.com/southparkhill/,Denver
F45 South Weber,southweber@f45training.com,"6009 Fashion Point Dr, South Ogden, UT 84403, USA",United States,https://f45training.com/southweber/,South Ogden
F45 La Mesa,lamesa@f45training.com,"8716 La Mesa Blvd, La Mesa, CA 91942, USA",United States,https://f45training.com/lamesa/,La Mesa
F45 Eastlake Village,eastlakevillage@f45training.com,"2260 Otay Lakes Rd, Chula Vista, CA 91915, USA",United States,https://f45training.com/eastlakevillage/,Chula Vista
F45 Eagan West,eaganwest@f45training.com,"2139 Cliff Rd, Eagan, MN 55122, USA",United States,https://f45training.com/eaganwest/,Eagan
F45 Branham Park,branhampark@f45training.com,"1705 Branham Ln, San Jose, CA 95118, USA",United States,https://f45training.com/branhampark/,San Jose
F45 Annapolis Harbour,annapolisharbour@f45training.com,"2580 Solomons Island Rd, Annapolis, MD 21401, USA",United States,https://f45training.com/annapolisharbour/,Annapolis
F45 Delray Beach,delraybeach@f45training.com,"301 NE 1st St, Delray Beach, FL 33483, USA",United States,https://f45training.com/delraybeach/,Delray Beach
F45 Lakewood Ranch North,lakewoodranchnorth@f45training.com,"9648 SR-64 East, Bradenton, Fl 34212",United States,https://f45training.com/lakewoodranchnorth/,Bradenton
F45 Central Houston,centralhouston@f45training.com,"8415 Stella Link Rd, Houston, TX 77025, USA",United States,https://f45training.com/centralhouston/,Houston
F45 Dresher,dresher@f45training.com,"1650 Limekiln Pike, Dresher, PA 19025, USA",United States,https://f45training.com/dresher/,Dresher
F45 Medford MA,medfordma@f45training.com,"4110 Mystic Valley Pkwy, Medford, MA 02155, USA",United States,https://f45training.com/medfordma/,Medford
F45 Waterside Fort Worth,watersidefortworth@f45training.com,"5912 Convair Dr suite 200, Fort Worth, TX 76109, USA",United States,https://f45training.com/watersidefortworth/,Fort Worth
F45 South Loop,southloop@f45training.com,"1322 S Michigan Ave, Chicago, IL 60605, USA",United States,https://f45training.com/southloop/,Chicago
F45 Aliana,aliana@f45training.com,"16717 W Airport Blvd, Suite 160, Richmond, TX 77407, USA",United States,https://f45training.com/Aliana/,Richmond
F45 East Lansing,eastlansing@f45training.com,"2650 E Grand River Ave, East Lansing, MI 48823, USA",United States,https://f45training.com/eastlansing/,East Lansing
F45 South Shore Austin,southshoreaustin@f45training.com,"1604 E Riverside Dr, Austin, TX 78741, USA",United States,https://f45training.com/southshoreaustin/,Austin
F45 South Elgin,southelgin@f45training.com,"594 Randall Rd, South Elgin, IL 60177, USA",United States,https://f45training.com/southelgin/,South Elgin
F45 Laredo Del Mar,laredodelmar@f45training.com,"1705 E Del Mar Blvd, Laredo, TX 78041, USA",United States,https://f45training.com/laredodelmar/,Laredo
F45 Shelton,shelton@f45training.com,"391 Bridgeport Avenue, Shelton, CT, USA",United States,https://f45training.com/shelton/,Shelton
F45 Cookes Crossing,cookescrossing@f45training.com,"665 Potomac Station Dr, Leesburg, VA 20176, USA",United States,https://f45training.com/cookescrossing/,Leesburg
F45 Mayfaire,mayfaire@f45training.com,"417 Arboretum Drive, Wilmington, NC 28405, USA",United States,https://f45training.com/mayfaire/,Wilmington
F45 Midtown Wilmington,midtownwilmington@f45training.com,"3500 Oleander Dr, Wilmington, NC 28403, USA",United States,https://f45training.com/midtownwilmington/,Wilmington
F45 Capitol Hill DC,capitolhilldc@f45training.com,"415 14th St SE, Washington, DC 20003, USA",United States,https://f45training.com/capitolhilldc/,Washington
F45 Windham NH,windhamnh@f45training.com,"53 Range Rd, Windham, NH 03087, USA",United States,https://f45training.com/windhamnh/,Windham
F45 North Arvada,northarvada@f45training.com,"7350 W 88th Ave, Westminster, CO 80021, USA",United States,https://f45training.com/northarvada/,Westminster
F45 Laveen,laveen@f45training.com,"4920 W Baseline Rd, Laveen Village, AZ 85339, USA",United States,https://f45training.com/laveen/,Laveen Village
F45 Downtown Raleigh,downtownraleigh@f45training.com,"207 W Davie St, Raleigh, NC 27601, USA",United States,https://f45training.com/downtownraleigh/,Raleigh
F45 West Omaha,westomaha@f45training.com,"563-565 North 155th Plaza, Omaha, NE 68154, USA",United States,https://f45training.com/westomaha/,Omaha
F45 Upper Westside Atlanta,upperwestsideatlanta@f45training.com,"2275 Marietta Blvd NW, Atlanta, GA 30318, USA",United States,https://f45training.com/upperwestsideatlanta/,Atlanta
F45 Liberty Station,libertystation@f45training.com,"2850 Womble Rd suite 102, San Diego, CA 92106, USA",United States,https://f45training.com/libertystation/,San Diego
F45 Edgewood DC,edgewooddc@f45training.com,"680 Rhode Island Ave NE, Washington, DC ",United States,https://f45training.com/edgewooddc/,Washington
F45 Belle Meade,bellemeade@f45training.com,"73 White Bridge Rd, Nashville, TN 37205, USA",United States,https://f45training.com/bellemeade/,Nashville
F45 Elmhurst IL,elmhurstil@f45training.com,"155 N York St, Elmhurst, IL 60126, USA",United States,https://f45training.com/elmhurstil/,Elmhurst
F45 Foxborough,foxborough@f45training.com,"121 Main St, Foxborough, MA 02035, USA",United States,https://f45training.com/foxborough/,Foxborough
F45 Hudson,hudson@f45training.com,"2 Highland Common E, Hudson, MA 01749, USA",United States,https://f45training.com/hudson/,Hudson
F45 Fort Collins South,fortcollinssouth@f45training.com,"2842 Council Tree Ave. Suite 101 Fort Collins, CO 80525",United States,https://f45training.com/fortcollinssouth/,CO 80525
F45 Gainesville VA,gainesvilleva@f45training.com,"13841 Heathcote Blvd, Gainesville, VA 20155",United States,https://f45training.com/gainesvilleva/,Gainesville
F45 Midtown East NYC,midtowneastnyc@f45training.com,"900 3rd Ave, New York, NY 10022, USA",United States,https://f45training.com/midtowneastnyc/,New York
F45 Westfield Central,westfieldcentral@f45training.com,"16156 Spring Mill Rd, Westfield, IN 46074, USA",United States,https://f45training.com/westfieldcentral/,Westfield
F45 Frisco,frisco@f45training.com,"5855 Preston rd Frisco, TX 75034",United States,https://f45training.com/frisco/,TX 75034
F45 Centennial CO,centennialco@f45training.com,"11435 E Briarwood Ave Unit 400, Englewood, CO 80112, USA",United States,https://f45training.com/centennialco/,Englewood
F45 Cory Merrill,corymerrill@f45training.com,"1699 S Colorado Blvd, Denver, CO 80222, USA",United States,https://f45training.com/corymerrill/,Denver
F45 San Marcos,sanmarcos@f45training.com,"630 Nordahl Rd, San Marcos, CA 92069, USA",United States,https://f45training.com/sanmarcos/,San Marcos
F45 Northport NY,northportny@f45training.com,"240 Fort Salonga Rd, Northport, NY 11768, USA",United States,https://f45training.com/northportny/,Northport
F45 Moraga,moraga@f45training.com,"535 Center St, Moraga, CA 94556, USA",United States,https://f45training.com/moraga/,Moraga
F45 Baldwin Park FL,baldwinparkfl@f45training.com,"4837 New Broad Street, Orlando, FL 32814, USA",United States,https://f45training.com/baldwinparkfl/,Orlando
F45 Las Vegas Arts District,lasvegasartsdistrict@f45training.com,1301 s commerce st las vegas nv 89102,United States,https://f45training.com/lasvegasartsdistrict/,89102
F45 Friendswood,friendswood@f45training.com,"1501 W. Parkwood Suite #107 Friendswood, Texas 77546",United States,https://f45training.com/friendswood/,Texas 77546
F45 Coral Ridge,coralridge@f45training.com,"3101 N Federal Hwy, Oakland Park, FL 33306, USA",United States,https://f45training.com/coralridge/,Oakland Park
F45 The Cove,thecove@f45training.com,"744 South Federal Highway, Deerfield Beach, Florida 33441",United States,https://f45training.com/thecove/,Deerfield Beach
F45 Golden Triangle,goldentriangle@f45training.com,"919 Bannock Street Denver, CO 80204",United States,https://f45training.com/goldentriangle/,CO 80204
F45 Landmark,landmark@f45training.com,"416 S Pickett St, Alexandria, VA 22304, USA",United States,https://f45training.com/landmark/,Alexandria
F45 North Cucamonga,northcucamonga@f45training.com,"11144 Foothill Blvd, #130 Rancho Cucamonga, CA 91730, USA",United States,https://f45training.com/northcucamonga/,#130 Rancho Cucamonga
F45 South Pointe Miami,southpointemiami@f45training.com,"601 Washington Ave, Miami Beach, FL 33139, USA",United States,https://f45training.com/southpointemiami/,Miami Beach
F45 Deephaven,deephaven@f45training.com," 3432 County Rd 101, Minnetonka, MN 55345, USA",United States,https://f45training.com/deephaven/,Minnetonka
F45 Elkhorn,elkhorn@f45training.com,"19019 Evans Street #107, Elkhorn, NE, 68022",United States,https://f45training.com/elkhorn/,Elkhorn
F45 Broad Ripple,broadripple@f45training.com,"1037 Broad Ripple Ave, Indianapolis, IN 46220, USA",United States,https://f45training.com/broadripple/,Indianapolis
F45 Mosaic District,mosaicdistrict@f45training.com,"2980 District Ave, Suite, Fairfax, VA 22031, USA",United States,https://f45training.com/mosaicdistrict/,Fairfax
F45 Bel Air Maryland,belairmaryland@f45training.com,"2108 Emmorton Rd, Bel Air, MD 21015, USA",United States,https://f45training.com/belairmaryland/,Bel Air
F45 Timonium,timonium@f45training.com,"1811 York Rd, Lutherville-Timonium, MD 21093, USA",United States,https://f45training.com/timonium/,Lutherville-Timonium
F45 Northwest Reno,northwestreno@f45training.com,"5110 Mae Anne Ave, Suite 702, Reno, NV 89523, USA",United States,https://f45training.com/northwestreno/,Reno
F45 Northeast Carmel,northeastcarmel@f45training.com,"14570 River Rd, Carmel, IN 46033, USA",United States,https://f45training.com/northeastcarmel/,Carmel
F45 Chino Hills,chinohills@f45training.com,"15850 Soquel Canyon Pkwy suite m, Chino Hills, CA 91709, USA",United States,https://f45training.com/chinohills/,Chino Hills
F45 Costa Mesa Square,costamesasquare@f45training.com,"3030 Harbor Blvd E, Costa Mesa, CA 92626",United States,https://f45training.com/costamesasquare/,Costa Mesa
F45 Carle Place,carleplace@f45training.com,"216 Glen Cove Rd, Carle Place, NY 11514",United States,https://f45training.com/carleplace/,Carle Place
F45 Bocage,bocage@f45training.com,"7575 Jefferson Hwy, Baton Rouge, LA 70806, USA",United States,https://f45training.com/bocage/,Baton Rouge
F45 Franklin Berry Farms,franklinberryfarms@f45training.com,"3100 Village Plains BLVd, Franklin TN 34067",United States,https://f45training.com/franklinberryfarms/,Franklin TN 34067
F45 Downtown Gilbert,downtowngilbert@f45training.com,"325 Ash St, Gilbert, AZ 85233, USA",United States,https://f45training.com/downtowngilbert/,Gilbert
F45 West Highland,westhighland@f45training.com,"3460 W 38th Ave, Denver, CO 80211, USA",United States,https://f45training.com/westhighland/,Denver
F45 Belmar,belmar@f45training.com,"7349 W Alaska Dr, Lakewood, CO 80226, USA",United States,https://f45training.com/belmar/,Lakewood
F45 Parker,parker@f45training.com,"19250 E Lincoln Avenue Parker, Colorado 80138",United States,https://f45training.com/parker/,Colorado 80138
F45 Oviedo,oviedo@f45training.com,"310 W Mitchell Hammock Rd SUITE 200, Oviedo, FL 32765, USA",United States,https://f45training.com/oviedo/,Oviedo
F45 Maitland City Centre,maitlandcitycentre@f45training.com,"155 S Orlando Ave, Maitland, FL 32751, USA",United States,https://f45training.com/maitlandcitycentre/,Maitland
F45 Deland,deland@f45training.com,"2621 South Woodland Boulevard, DeLand, Florida 32720, USA",United States,https://f45training.com/deland/,DeLand
F45 Sobo Denver,sobodenver@f45training.com,"2111 S Broadway Ste. 102, Denver, CO 80210",United States,https://f45training.com/sobodenver/,Denver
F45 DC Ranch,dcranch@f45training.com,"18221 N Pima Rd, Scottsdale, AZ 85255, USA",United States,https://f45training.com/dcranch/,Scottsdale
F45 Dedham,dedham@f45training.com,"700 Washington St, Dedham, MA 02026, USA",United States,https://f45training.com/dedham/,Dedham
F45 West Waltham,westwaltham@f45training.com,"475 Winter St, Waltham, MA 02451, USA",United States,https://f45training.com/westwaltham/,Waltham
F45 Cranston,cranston@f45training.com,"40 Sockanosset Cross Rd, Cranston, RI 02920, USA",United States,https://f45training.com/cranston/,Cranston
F45 Hollywood Hills FL,hollywoodhillsfl@f45training.com,"250 S State Rd 7, Hollywood, FL 33023, USA",United States,https://f45training.com/hollywoodhillsfl/,Hollywood
F45 South Knoxville,southknoxville@f45training.com,"2201 Kerns Rising Way suite 135, Knoxville, TN 37920, USA",United States,https://f45training.com/southknoxville/,Knoxville
F45 Scottsdale Horizon,scottsdalehorizon@f45training.com,"14854 N Frank Lloyd Wright Blvd, Scottsdale, AZ 85260, USA",United States,https://f45training.com/scottsdalehorizon/,Scottsdale
F45 West Amarillo,westamarillo@f45training.com,"4514 First United Dr, Amarillo, TX 79119, USA",United States,https://f45training.com/westamarillo/,Amarillo
F45 Sterling Ridge,sterlingridge@f45training.com,"30420 FM 2978 Pky, Suite 500, the woodlands, tx 77382",United States,https://f45training.com/sterlingridge/,Suite 500
F45 Medford South,medfordsouth@f45training.com,"625 E Jackson St, Medford, OR 97504, USA",United States,https://f45training.com/medfordsouth/,Medford
F45 Belvedere Square,belvederesquare@f45training.com,"514 E Belvedere Ave, Baltimore, MD 21212, USA",United States,https://f45training.com/belvederesquare/,Baltimore
F45 Heritage Corner,heritagecorner@f45training.com,"1894 South Franklin Street, Wake Forest, NC 27587, USA",United States,https://f45training.com/heritagecorner/,Wake Forest
F45 Burlingame,burlingame@f45training.com,"868 N Delaware St, San Mateo, CA 94401, USA",United States,https://f45training.com/burlingame/,San Mateo
F45 Creve Coeur,crevecoeur@f45training.com,"12513 Olive Blvd, Creve Coeur, MO 63141, USA",United States,https://f45training.com/crevecoeur/,Creve Coeur
F45 Wentzville,wentzville@f45training.com,"1305 Lodora Dr, Wentzville, MO 63385, USA",United States,https://f45training.com/wentzville/,Wentzville
F45 Rock Hill,rockhill@f45training.com,"9548 Manchester Road, Rock Hill, MO 63119, USA",United States,https://f45training.com/rockhill/,Rock Hill
F45 Tatum Ranch,tatumranch@f45training.com,"28230 N Tatum Blvd, Cave Creek, Arizona 85331, USA",United States,https://f45training.com/tatumranch/,Cave Creek
F45 Dardenne Prairie South,dardenneprairiesouth@f45training.com,4625 state Highway K Ofallon MO 63368,United States,https://f45training.com/dardenneprairiesouth/,63368
F45 West Delray,westdelray@f45training.com,"8870 West Atlantic Avenue, Delray Beach, FL 33446, USA",United States,https://f45training.com/westdelray/,Delray Beach
F45 DePaul,depaul@f45training.com,"1730 W Fullerton Ave, Chicago, IL 60614, USA",United States,https://f45training.com/depaul/,Chicago
F45 MCAS Miramar,miramarbase@f45training.com,"2471 Elrod Avenue, San Diego, CA 92126, USA",United States,https://f45training.com/MiramarBase/,San Diego
F45 Aurora Eola,auroraeola@f45training.com,"444 N Eola Rd, Aurora, IL 60502, USA",United States,https://f45training.com/auroraeola/,Aurora
F45 Skokie,skokie@f45training.com,"5663 W Touhy Ave, Niles, Illinois, USA",United States,https://f45training.com/skokie/,Niles
F45 Willow Park,willowpark@f45training.com,"229 Shops Blvd, Willow Park, TX 76087, USA",United States,https://f45training.com/willowpark/,Willow Park
F45 Leawood,leawood@f45training.com,"3803 W 95th St, Leawood, KS 66206, USA",United States,https://f45training.com/leawood/,Leawood
F45 Lakewood TX,lakewoodtx@f45training.com,"6465 E Mockingbird Ln, Dallas, TX 75214, USA",United States,https://f45training.com/lakewoodtx/,Dallas
F45 Bend West,bendwest@f45training.com,"61334 S Hwy 97, Bend, OR 97702, USA",United States,https://f45training.com/bendwest/,Bend
F45 STMA,stma@f45training.com,"5713 Lachman Ave NE, Albertville, MN 55301, USA",United States,https://f45training.com/stma/,Albertville
F45 Southlands CO,southlandsco@f45training.com,"24112 E Orchard Rd, Aurora, CO 80016, USA",United States,https://f45training.com/southlandsco/,Aurora
F45 Vienna VA,viennava@f45training.com,"322 Maple Avenue West, Vienna, VA 22180, USA",United States,https://f45training.com/viennava/,Vienna
F45 Goodyear,goodyear@f45training.com,"633 Estrella Pkwy, Goodyear, AZ 85338, USA",United States,https://f45training.com/goodyear/,Goodyear
F45 O'Fallon IL,ofallonil@f45training.com,"705 Cambridge Blvd, O'Fallon, IL 62269, USA",United States,https://f45training.com/ofallonil/,O'Fallon
F45 Cary,cary@f45training.com,"252 Grande Heights Dr, Cary, NC, USA",United States,https://f45training.com/cary/,Cary
F45 Swamp Town,swamptown@f45training.com,"4871 Celebration Pointe Ave, Suite 20, Gainesville, FL 32608. ",United States,https://f45training.com/swamptown/,Gainesville
F45 Inver Grove Heights,invergroveheights@f45training.com,"7751 Amana Trail, Inver Grove Heights, MN 55077, USA",United States,https://f45training.com/invergroveheights/,Inver Grove Heights
F45 West Park Roseville,westparkroseville@f45training.com,"2310 Pleasant Grove Blvd ste 160, Roseville, CA 95747, USA",United States,https://f45training.com/westparkroseville/,Roseville
F45 GSQ,gsq@f45training.com,"2015 North Globe Drive, Goodyear, AZ 85395, USA",United States,https://f45training.com/gsq/,Goodyear
F45 Novato,novato@f45training.com,"140 Vintage Way suite g13, Novato, CA 94945, USA",United States,https://f45training.com/novato/,Novato
F45 Alhambra CA,alhambraca@f45training.com,"410 West Main Street, #300, Alhambra, CA, USA",United States,https://f45training.com/alhambraca/,#300
F45 Murabella,murabella@f45training.com,"185 Murabella Parkway, St. Augustine, FL, USA",United States,https://f45training.com/murabella/,St. Augustine
F45 North Peoria,northpeoria@f45training.com,"24985 North 83rd Avenue, Peoria, AZ 85383, USA",United States,https://f45training.com/northpeoria/,Peoria
F45 Katy Westlake,katywestlake@f45training.com,"21788 Katy Fwy, Katy, TX 77449, USA",United States,https://f45training.com/katywestlake/,Katy
F45 Studio City,studiocity@f45training.com,"11055 Ventura Boulevard, Studio City, CA, USA",United States,https://f45training.com/studiocity/,Studio City
F45 East Cobb,eastcobb@f45training.com,"4365 Roswell Rd, Marietta, GA 30062, USA",United States,https://f45training.com/eastcobb/,Marietta
F45 Nob Hill Estates,nobhillestates@f45training.com,"835 N Nob Hill Rd, Plantation, FL 33324, USA",United States,https://f45training.com/nobhillestates/,Plantation
F45 E 86th St NYC,e86thstnyc@f45training.com,"163 East 86th St, New York, NY 10028, USA",United States,https://f45training.com/oldtappan/,New York
F45 Brentwood TN,brentwoodtn@f45training.com,"7030 Executive Center Dr, Brentwood, TN 37027, USA",United States,https://f45training.com/brentwoodtn/,Brentwood
F45 Dominion,dominion@f45training.com,"22015 West Interstate 10 ste 201, San Antonio, Texas 78257, USA",United States,https://f45training.com/Dominion/,San Antonio
F45 Goleta East,goletaeast@f45training.com,"5186 Hollister Ave, Santa Barbara, CA 93111, USA",United States,https://f45training.com/goletaeast/,Santa Barbara
F45 Dogtown STL,dogtownstl@f45training.com,"6322 Clayton Avenue St. Louis, MO, 63139",United States,https://f45training.com/dogtownstl/,MO
F45 Salisbury MA,salisburyma@f45training.com,"141 Bridge Rd, Salisbury, MA 01952, USA",United States,https://f45training.com/salisburyma/,Salisbury
F45 Coeur dAlene,coeurd'alene@f45training.com,"348 W Bosanko Ave, Coeur d'Alene, ID 83815, USA",United States,https://f45training.com/coeurdalene/,Coeur d'Alene
F45 Carlsbad Village,carlsbadvillage@f45training.com,"1040 Carlsbad Village Dr, Carlsbad, CA 92008, USA",United States,https://f45training.com/carlsbadvillage/,Carlsbad
F45 Aptos,aptos@f45training.com,"20 Rancho Del Mar, Aptos, CA 95003, USA",United States,https://f45training.com/aptos/,Aptos
F45 Santee,santee@f45training.com,"9802 N Magnolia Ave, Santee, CA 92071, USA",United States,https://f45training.com/santee/,Santee
F45 Maple Grove MN,maplegrovemn@f45training.com,"9408 Dunkirk Ln N, Maple Grove, MN 55311, USA",United States,https://f45training.com/maplegrovemn/,Maple Grove
F45 Plymouth MN,plymouthmn@f45training.com,"3900 Vinewood Ln N, Plymouth, MN 55441, USA",United States,https://f45training.com/plymouthmn/,Plymouth
F45 Lawton West,lawtonwest@f45training.com,"2044 Northwest 82nd Street, Lawton, OK, USA",United States,https://f45training.com/lawtonwest/,Lawton
F45 North Brunswick,northbrunswick@f45training.com,"2246 US-130, North Brunswick Township, NJ 08902, USA",United States,https://f45training.com/northbrunswick/,North Brunswick Township
F45 Tuskawilla,tuskawilla.admin@f45training.com,"5285 Red Bug Lake Rd, Winter Springs, FL 32708, USA",United States,https://f45training.com/tuskawilla/,Winter Springs
F45 Maynard Crossing,maynardcrossing@f45training.com,"15 Digital Way, Suite 22, Maynard MA 01754",United States,https://f45training.com/maynardcrossing/,Suite 22
F45 San Ramon,sanramon@f45training.com,"3151 Crow Canyon Pl, San Ramon, CA 94583, USA",United States,https://f45training.com/sanramon/,San Ramon
F45 Northwest OKC,northwestokc@f45training.com,"3000 W Memorial Rd, Oklahoma City, OK 73120, USA",United States,https://f45training.com/northwestokc/,Oklahoma City
F45 Lakewood Ranch South,lakewoodranchsouth@f45training.com,"3090 Fruitville Commons Blvd, Sarasota, FL 34240, USA",United States,https://f45training.com/lakewoodranchsouth/,Sarasota
F45 Spring Harmony,springharmony@f45training.com,"4057 Riley Fuzzel Road #1050, Spring, Texas 77386, USA",United States,https://f45training.com/springharmony/,Spring
F45 East Idaho Falls,eastidahofalls@f45training.com,"3630 South 25th East, Idaho Falls, Idaho 83404, USA",United States,https://f45training.com/eastidahofalls/,Idaho Falls
F45 Fenton,fenton@f45training.com,"70 Fenton Plaza, Fenton, MO 63026, USA",United States,https://f45training.com/fenton/,Fenton
F45 Raleigh Hills,raleighhills@f45training.com,"4775 SW 77th Ave, Portland, OR 97225, USA",United States,https://f45training.com/raleighhills/,Portland
F45 Avalon Park,avalonpark@f45training.com,"12001 Avalon Lake Dr, Orlando, FL 32828, USA",United States,https://f45training.com/avalonpark/,Orlando
F45 Sodo FL,sodofl@f45training.com,"25 West Crystal Lake Street, Suite 157, Orlando, FL 32806, USA",United States,https://f45training.com/sodofl/,Orlando
F45 Mansfield TX,mansfieldtx@f45training.com,"3030 E Broad St, Mansfield, TX 76063, USA",United States,https://f45training.com/mansfieldtx/,Mansfield
F45 Starland District,starlanddistrict@f45training.com,"2400 Bull Street, Savannah, GA, United States",United States,https://f45training.com/starlanddistrict/,Savannah
F45 West Lake Conroe,westlakeconroe@f45training.com,"19794 Hwy 105 W suite 200, Montgomery, TX 77365",United States,https://f45training.com/westlakeconroe/,Montgomery
F45 Surprise AZ,surpriseaz@f45training.com,"17200 W Peoria Ave ste 106, Surprise, AZ 85388, USA",United States,https://f45training.com/surpriseaz/,Surprise
F45 Ahwatukee,ahwatukee@f45training.com,"4645 E Chandler Blvd #114, Phoenix, AZ 85048, USA",United States,https://f45training.com/ahwatukee/,Phoenix
F45 Red Mountain,redmountain@f45training.com,"4425 E McKellips Rd b109, Mesa, AZ 85215, USA",United States,https://f45training.com/redmountain/,Mesa
F45 North Andover,northandover@f45training.com,"1274 Osgood St, North Andover, MA 01845, USA",United States,https://f45training.com/northandover/,North Andover
F45 Melissa TX,melissatx@f45training.com,2435 Sam Rayburn Hwy Suite 100 Melissa Tx 75454,United States,https://f45training.com/melissatx/,75454
F45 Riverview FL,riverviewfl@f45training.com,"9926 Upper Alafia Ct.  Riverview, FL 33578",United States,https://f45training.com/riverviewfl/,FL 33578
F45 Leander East,leandereast@f45training.com,"9101 West State HWY 29, Unit 105, Liberty Hill, Texas ",United States,https://f45training.com/leandereast/,Unit 105
F45 Nichols Hills,nicholshills@f45training.com,"7417 N May Ave, Oklahoma City, OK 73116, USA",United States,https://f45training.com/nicholshills/,Oklahoma City
F45 Coral Way,coralway@f45training.com,"2750 Coral Way, Miami, FL 33145, USA",United States,https://f45training.com/coralway/,Miami
F45 Gallatin TN,gallatintn@f45training.com,"879 Green Lea Blvd, Gallatin, TN 37066, USA",United States,https://f45training.com/gallatintn/,Gallatin
F45 Boston Financial District,bostonfinancialdistrict@f45training.com,"99 Summer Street, Boston, Massachusetts 02110, USA",United States,https://f45training.com/bostonfinancialdistrict/,Boston
F45 Union Square NYC,unionsquarenyc@f45training.com,"110 East 13th Street, New York, NY 10003, USA",United States,https://f45training.com/unionsquarenyc/,New York
F45 Mountain View NJ,mountainviewnj@f45training.com,"150-152 Mountainview Blvd, Wayne, New Jersey 07470, USA",United States,https://f45training.com/mountainviewnj/,Wayne
F45 West Fargo ND,westfargond@f45training.com,"1970 Sheyenne St, West Fargo, ND 58078",United States,https://f45training.com/westfargond/,West Fargo
F45 Collin Creek,collincreek@f45training.com,"721 North Central Expressway suite 404, Plano, TX 75075, USA",United States,https://f45training.com/collincreek/,Plano
F45 Yukon,yukon@f45training.com,"1010 Garth Brooks Blvd, Yukon, OK 73099, USA",United States,https://f45training.com/yukon/,Yukon
F45 Corpus Christi,corpuschristi@f45training.com,"7514 S Padre Island Dr, Corpus Christi, TX 78412, USA",United States,https://f45training.com/corpuschristi/,Corpus Christi
F45 Lantana Plaza,lantanaplaza@f45training.com,"5820 Jog Rd #10 Lake Worth, FL 33467",United States,https://f45training.com/lantanaplaza/,FL 33467
F45 Prestonwood,prestonwood@f45training.com,"6959 Arapaho Rd #121, Dallas, TX 75248, USA",United States,https://f45training.com/prestonwood/,Dallas
F45 Bartram Park,bartrampark@f45training.com,"13820 Old St Augustine Rd, Jacksonville, FL 32258, USA",United States,https://f45training.com/bartrampark/,Jacksonville
F45 Klein,klein@f45training.com,"7202 North Grand Parkway, Spring, TX, USA",United States,https://f45training.com/klein/,Spring
F45 Ivy Walk,ivywalk@f45training.com,"1675 Cumberland Parkway Southeast, unit 412/413, Smyrna, GA 30080, USA",United States,https://f45training.com/ivywalk/,Smyrna
F45 Reynoldstown,reynoldstown@f45training.com,"780 Memorial Dr SE unit 5a, Atlanta, GA 30316, USA",United States,https://f45training.com/reynoldstown/,Atlanta
F45 Alpharetta,alpharetta@f45training.com,"11740 Haynes Bridge Road, Alpharetta, GA, USA",United States,https://f45training.com/alpharetta/,Alpharetta
F45 Johns Creek,johnscreek@f45training.com,"11030 Medlock Bridge Rd suite 120, Duluth, GA 30097, USA",United States,https://f45training.com/johnscreek/,Duluth
F45 Cumming,cumming@f45training.com,"410 Peachtree Parkway unit 338, Cumming, GA 30041, USA",United States,https://f45training.com/cumming/,Cumming
F45 Emory Point,emorypoint@f45training.com,"1568 Avenue Place unit d1 180, Atlanta, GA 30329, USA",United States,https://f45training.com/emorypoint/,Atlanta
F45 Summerhill,summerhill@f45training.com,"572 Hank Aaron Drive Southwest suite 4110 4120, Atlanta, GA, USA",United States,https://f45training.com/summerhill/,Atlanta
F45 Dadeland,dadeland@f45training.com,"9095 S Dixie Hwy, Pinecrest, FL, USA",United States,https://f45training.com/dadeland/,Pinecrest
F45 Boynton Beach,boyntonbeach@f45training.com,"6391 W Boynton Beach Blvd suite a1, Boynton Beach, FL, USA",United States,https://f45training.com/boyntonbeach/,Boynton Beach
F45 Sunrise FL,sunrisefl@f45training.com,"10091 West Oakland Park Boulevard, Sunrise, FL 33351, USA",United States,https://f45training.com/sunrisefl/,Sunrise
F45 Burke VA,burkeva@f45training.com,"5765 Burke Centre Parkway, Burke, VA, USA",United States,https://f45training.com/burkeva/,Burke
F45 Pasadena MD,pasadenamd@f45training.com,"8 Mountain Rd suite 8a, Glen Burnie, MD, USA",United States,https://f45training.com/pasadenamd/,Glen Burnie
F45 Springfield VA,springfieldva@f45training.com,"6364 Springfield Plaza, Springfield, VA 22150, USA",United States,https://f45training.com/springfieldva/,Springfield
F45 Gaithersburg MD,gaithersburgmd@f45training.com,"74-76 Market St, Gaithersburg, MD, USA",United States,https://f45training.com/gaithersburgmd/,Gaithersburg
F45 White Marsh,whitemarsh@f45training.com,"8153 Honeygo Blvd, Nottingham, MD 21236, USA",United States,https://f45training.com/whitemarsh/,Nottingham
F45 Lenexa,lenexa@f45training.com,,United States,https://f45training.com/lenexa/,
F45 Olathe,olathe@f45training.com,"15293 W 119th St, Olathe, KS 66062, USA",United States,https://f45training.com/olathe/,Olathe
F45 Canton MD,cantonmd@f45training.com,"3904 Boston St unit SW01, Baltimore. MD 21224, USA",United States,https://f45training.com/cantonmd/,Baltimore. MD 21224
F45 McHenry Row,mchenryrow@f45training.com,"1713 Whetstone Way, Baltimore, MD 21230, USA",United States,https://f45training.com/mchenryrow/,Baltimore
F45 Olney,olney@f45training.com,"18115 Town Center Dr, Olney, MD 20832, USA",United States,https://f45training.com/olney/,Olney
F45 Old Alabama,oldalabama@f45training.com,"3005 Old Alabama Rd suite 210, Alpharetta, GA 30022, USA",United States,https://f45training.com/oldalabama/,Alpharetta
F45 Lee's Summit,leessummit@f45training.com,"1138 Northeast Douglas Street, Lee's Summit, MO, USA",United States,https://f45training.com/leessummit/,Lee's Summit
F45 Newington,newington@f45training.com,"30c Fenn Road, Newington, CT 06111, USA",United States,https://f45training.com/newington/,Newington
F45 Tampa Heights,tampaheights@f45training.com,"106 W Oak Ave, Tampa, FL 33602, USA",United States,https://f45training.com/tampaheights/,Tampa
F45 Madison Main Street,madisonmainstreet@f45training.com,"300 Main St, Madison, NJ 07940, USA",United States,https://f45training.com/madisonmainstreet/,Madison
F45 St John's Town Center,stjohnstowncenter@f45training.com,"10261 River Marsh Drive suite 101, Jacksonville, FL 32246, USA",United States,https://f45training.com/stjohnstowncenter/,Jacksonville
F45 Trenton,trenton@f45training.com,"1200 W Auburn Ave, McAllen, Texas 78504, USA",United States,https://f45training.com/trenton/,McAllen
F45 Downtown Boise,downtownboise@f45training.com,"202 E Myrtle St, Boise, ID 83702, USA",United States,https://f45training.com/downtownboise/,Boise
F45 Brodie Lane,brodielane@f45training.com,"9911 Brodie Ln #300, Austin, TX 78748, USA",United States,https://f45training.com/brodielane/,Austin
F45 River City,rivercity@f45training.com,"13121 City Center Blvd, Ste 100, Jacksonville, FL 32218",United States,https://f45training.com/rivercity/,Jacksonville
F45 Port Washington,portwashington@f45training.com,"5 Soundview Market Pl, Port Washington, NY 11050",United States,https://f45training.com/portwashington/,Port Washington
F45 Tribeca,tribeca@f45training.com,"105 Duane Street, New York, New York 10007, USA",United States,https://f45training.com/tribeca/,New York
F45 South Slope,southslope@f45training.com,"South Slope, United States",United States,https://f45training.com/southslope/,United States
F45 Sayville Heights,sayvilleheights@f45training.com,"5185 Sunrise Highway, Sayville, NY 11716, USA",United States,https://f45training.com/sayvilleheights/,Sayville
F45 Yorkville 2nd Ave North,yorkville2ndavenorth@f45training.com,"2nd Ave, Yorkville, New York, NY, United States",United States,https://f45training.com/yorkville2ndavenorth/,Yorkville
F45 Yorkville 2nd Ave,yorkville2ndave@f45training.com,"2nd Ave, Yorkville, New York, NY, United States",United States,https://f45training.com/yorkville2ndave/,Yorkville
F45 Purdue University,purdueuniversity@f45training.com,"PMU, South Grant Street, West Lafayette, IN, USA",United States,https://f45training.com/PurdueUniversity/,South Grant Street
F45 Westbrook Crossing,westbrookcrossing@f45training.com,"11 Main St, Westbrook, ME 04092, USA",United States,https://f45training.com/westbrookcrossing/,Westbrook
F45 Arvada Ridge,arvadaridge@f45training.com,"5091 Kipling Street suite 300, Wheat Ridge, Colorado 80033, USA",United States,https://f45training.com/arvadaridge/,Wheat Ridge
F45 Downtown Overland Park,downtownoverlandpark@f45training.com,"8095 Metcalf Ave, Overland Park, KS 66204, USA",United States,https://f45training.com/downtownoverlandpark/,Overland Park
F45 Midtown Phoenix,midtownphoenix@f45training.com,"3427 N 7th Ave, Phoenix, AZ 85013, USA",United States,https://f45training.com/midtownphoenix/,Phoenix
F45 Southie,southie@f45training.com,"235 Old Colony Ave, Boston, South Boston, MA 02127, USA",United States,https://f45training.com/southie/,South Boston
F45 South Shore Boston,southshoreboston@f45training.com,"795 Bridge St, Weymouth, MA 02191, USA",United States,https://f45training.com/southshoreboston/,Weymouth
F45 Midlothian,midlothian@f45training.com,"2003 Huguenot Road, Bon Air, VA, USA",United States,https://f45training.com/midlothian/,Bon Air
F45 New Caney,newcaney@f45training.com,"22118 Market Place Drive, New Caney, Texas 77357, USA",United States,https://f45training.com/newcaney/,New Caney
F45 Bleecker St,bleeckerst@f45training.com,"Bleecker St, New York, NY, United States",United States,https://f45training.com/bleeckerst/,New York
F45 Muncie,muncie@f45training.com,"815 S Tillotson Ave, Muncie, IN 47304, USA",United States,https://f45training.com/muncie/,Muncie
F45 Grand Central Park,grandcentralpark@f45training.com,"1219 Grand Central Blvd Ste 200, Conroe Texas 77304",United States,https://f45training.com/grandcentralpark/,Central
F45 Lakewood Ranch East,lakewoodrancheast@f45training.com,"5770 Ranch Lake Blvd, Bradenton, FL 34202, USA",United States,https://f45training.com/lakewoodrancheast/,Bradenton
F45 Pike Road,pikeroad@f45training.com,"9593 Vaughn Rd, Pike Rd, AL 36064, USA",United States,https://f45training.com/pikeroad/,Pike Rd
F45 Paradise Valley,paradisevalley@f45training.com,"12005 N Tatum Blvd ste 105, Phoenix, AZ 85028, USA",United States,https://f45training.com/paradisevalley/,Phoenix
F45 Downtown Portland,downtownportland@f45training.com,"178 Kennebec St, Portland, ME 04101, USA",United States,https://f45training.com/downtownportland/,Portland
F45 Tanglewood Houston,tanglewoodhouston@f45training.com,"6363 San Felipe St, Houston, TX 77057, USA ",United States,https://f45training.com/tanglewoodhouston/,Houston
F45 Winter Springs,wintersprings@f45training.com,"861 E State Rd 434, Winter Springs, FL 32708, USA",United States,https://f45training.com/wintersprings/,Winter Springs
F45 Southpark Meadows,southparkmeadows@f45training.com,"10001 S I-35 Frontage Rd, Austin, TX 78747, USA",United States,https://f45training.com/southparkmeadows/,Austin
F45 Ridgefield CT,ridgefieldct@f45training.com,"92 Grove St, Ridgefield, CT 06877, USA",United States,https://f45training.com/ridgefieldct/,Ridgefield
F45 Oceanside NY,oceansideny@f45training.com,"3133 Long Beach Road, Oceanside, NY 11572",United States,https://f45training.com/oceansideny/,Oceanside
F45 Lincoln Square South,lincolnsquaresouth@f45training.com,"847 11th Ave, New York, NY 10019",United States,https://f45training.com/lincolnsquaresouth/,New York
F45 Fulton St Station,fultonststation@f45training.com,"80 Nassau St, New York, NY 10038, USA",United States,https://f45training.com/fultonststation/,New York
F45 Green Mountain,greenmountain@f45training.com,"2585 South Lewis Way, Denver, CO 80227, USA",United States,https://f45training.com/greenmountain/,Denver
F45 East Somerville,eastsomerville@f45training.com,"442 McGrath Hwy, Somerville, MA 02143, USA",United States,https://f45training.com/eastsomerville/,Somerville
F45 Argyle,argyle@f45training.com,"1234 FM 407 suite 400, Northlake, TX 76226, USA",United States,https://f45training.com/argyle/,Northlake
F45 Portsmouth NH,portsmouthnh@f45training.com,"360 US1 Bypass, Building C, Unit 7 Portsmouth, NH 03820",United States,https://f45training.com/portsmouthnh/,Unit 7 Portsmouth
F45 Sunnyside NY,sunnysideny@f45training.com,"39-11 Queens Blvd, Long Island City, NY 11104, USA",United States,https://f45training.com/sunnysideny/,Long Island City
F45 Liberty Township,libertytownship@f45training.com,"7564 Gibson Street, Liberty Township, Ohio 45069, USA",United States,https://f45training.com/libertytownship/,Liberty Township
F45 Flemington,flemington@f45training.com,"100 Reaville Ave, Flemington, NJ 08822, USA",United States,https://f45training.com/flemington/,Flemington
F45 Chadds Ford,chaddsford@f45training.com,"Chadds Ford, PA, United States",United States,https://f45training.com/chaddsford/,PA
F45 King of Prussia,kingofprussia@f45training.com,"King of Prussia, PA, United States",United States,https://f45training.com/kingofprussia/,PA
F45 West Chester,westchester@f45training.com,"706 E Market St, West Chester, PA 19382, USA",United States,https://f45training.com/westchester/,West Chester
F45 Collegeville,collegeville@f45training.com,"Collegeville, PA, United States",United States,https://f45training.com/collegeville/,PA
F45 Newtown Square,newtownsquare@f45training.com,"Newtown Square, PA, United States",United States,https://f45training.com/newtownsquare/,PA
F45 Wyomissing,wyomissing@f45training.com,"Wyomissing, PA, United States",United States,https://f45training.com/wyomissing/,PA
F45 Blue Bell,bluebell@f45training.com,"Blue Bell, PA, United States",United States,https://f45training.com/bluebell/,PA
F45 Doylestown,doylestown@f45training.com,,United States,https://f45training.com/doylestown/,
F45 Lionville,lionville@f45training.com,"Lionville, PA, United States",United States,https://f45training.com/lionville/,PA
F45 Conshohocken,conshohocken@f45training.com,"Conshohocken, PA, United States",United States,https://f45training.com/conshohocken/,PA
F45 Downtown Des Moines,downtowndesmoines@f45training.com,"210 SW 11th St, Suite 5, Des Moines, IA 50309, USA",United States,https://f45training.com/downtowndesmoines/,Des Moines
F45 Ankeny,ankeny@f45training.com,"2405 SW White Birch Dr, Ankeny, IA 50023, USA",United States,https://f45training.com/ankeny/,Ankeny
F45 Dupont Circle,dupontcircle@f45training.com,"Soldier, KS, United States",United States,https://f45training.com/soldiercity/,KS
F45 Windermere FL,windermerefl@f45training.com,"Windermere, FL, United States",United States,https://f45training.com/windermerefl/,FL
F45 South Tampa,southtampa@f45training.com,"South Tampa, Tampa, FL, USA",United States,https://f45training.com/southtampa/,Tampa
F45 West Village,westvillage@f45training.com,"80 Carmine St, New York, NY 10014, USA",United States,https://f45training.com/westvillage/,New York
F45 Blue Hill Country Club,bluehillcountryclub@f45training.com,"23 Pecunit St, Canton, MA 02021, USA",United States,https://f45training.com/indianspringcountryclub/,Canton
F45 Mt. Laurel Township,mt.laureltownship@f45training.com,"22 Centerton Road, Mt Laurel Township, NJ 08054, USA",United States,https://f45training.com/mt.laureltownship/,Mt Laurel Township
F45 The Club at 12 Oaks,theclubat12oaks@f45training.com,"2004 Green Oaks Pkwy, Holly Springs, NC 27540, USA",United States,https://f45training.com/theclubat12oaks/,Holly Springs
F45 Fort Wayne SW,fortwaynesw@f45training.com,"9902 Illinois Rd, Fort Wayne, IN 46804, USA",United States,https://f45training.com/fortwaynesw/,Fort Wayne
F45 Fairmont Pkwy Pasadena,fairmontpkwypasadena@f45training.com,"5687 Fairmont Parkway, Pasadena, TX 77505, USA",United States,https://f45training.com/fairmontpkwypasadena/,Pasadena
F45 Swampscott,swampscott@f45training.com,"421 Paradise Road, Swampscott, MA 01907, USA",United States,https://f45training.com/swampscott/,Swampscott
F45 Savage,savage@f45training.com,"7705 Egan Drive, Savage, MN, USA",United States,https://f45training.com/savage/,Savage
F45 Wiregrass,wiregrass@f45training.com,"27709 State Rd 56, Wesley Chapel, FL 33543, USA",United States,https://f45training.com/wiregrass/,Wesley Chapel
F45 Lakeland Highlands,lakelandhighlands@f45training.com,"2930 Florida Ave S, Lakeland, FL 33803, USA",United States,https://f45training.com/lakelandhighlands/,Lakeland
F45 Madison West,madisonwest@f45training.com,"7836 Mineral Point Rd, Madison, WI 53717, USA",United States,https://f45training.com/madisonwest/,Madison
F45 Copperfield,copperfield@f45training.com,"7097a Hwy 6 N, Houston, Texas 77095, USA",United States,https://f45training.com/copperfield/,Houston
F45 Anthem AZ,anthemaz@f45training.com,"42101 N 41st Dr, Anthem, AZ 85086, USA",United States,https://f45training.com/anthemaz/,Anthem
F45 West 42nd NYC,west42ndnyc@f45training.com,"470 W 42nd St, New York, New York 10036, USA",United States,https://f45training.com/west42ndnyc/,New York
F45 Hilton Head Island,hiltonheadisland@f45training.com,"50 Shelter Cove Ln, Hilton Head Island, SC 29928, USA",United States,https://f45training.com/hiltonheadisland/,Hilton Head Island
F45 Edwardsville,edwardsville@f45training.com,"88 Magnolia Dr ste h, Glen Carbon, IL 62034, USA",United States,https://f45training.com/edwardsville/,Glen Carbon
F45 Downtown Phoenix,downtownphoenix@f45training.com,"400 N 2nd Ave, Phoenix, AZ 85003, USA",United States,https://f45training.com/downtownphoenix/,Phoenix
F45 Branchburg,branchburg@f45training.com,"3150 U.S. 22, Branchburg, NJ 08876, USA",United States,https://f45training.com/branchburg/,Branchburg
F45 Park West AZ,parkwestaz@f45training.com,"9736 W Northern Ave suite 1500, Peoria, AZ 85345, USA",United States,https://f45training.com/parkwestaz/,Peoria
F45 Franklin Park,franklinpark@f45training.com,"4204 W Sylvania Ave, Toledo, OH 43623, USA",United States,https://f45training.com/franklinpark/,Toledo
F45 South Hills,southhills@f45training.com,"4000 Oxford Drive unit 101, Bethel Park, PA 15102, USA",United States,https://f45training.com/southhills/,Bethel Park
F45 North Albany,northalbany@f45training.com,"617 NW Hickory St suite 180, Albany, Oregon 97321, USA",United States,https://f45training.com/northalbany/,Albany
F45 Kings Grant,kingsgrant@f45training.com,"2929 Virginia Beach Blvd, Virginia Beach, Virginia 23452, USA",United States,https://f45training.com/kingsgrant/,Virginia Beach
F45 Huntersville,huntersville@f45training.com,"15004 Village Crossing Road, Suite 600, Huntersville, NC 28078",United States,https://f45training.com/huntersville/,Huntersville
F45 Hewlett,hewlett@f45training.com,"1342 Peninsula Blvd, Hempstead, NY 11557, USA",United States,https://f45training.com/hewlettbaypark/,Hempstead
F45 Siesta Key,siestakey@f45training.com,"3908 South Tamiami Trail, Sarasota, FL 34231, USA",United States,https://f45training.com/siestakey/,Sarasota
F45 Westford,westford@f45training.com,"174 Littleton Rd, Westford, MA 01886, USA",United States,https://f45training.com/westford/,Westford
F45 Legacy Trail,legacytrail@f45training.com,"6970 Arbor Ridge Drive, Tyler, TX 75703, USA",United States,https://f45training.com/legacytrail/,Tyler
F45 South Kendall,southkendall@f45training.com,"Kendall Drive, Tallahassee, Florida, USA",United States,https://f45training.com/southkendall/,Tallahassee
F45 Frederick MD,frederickmd@f45training.com,"5207 Buckeystown Pike, Frederick, MD 21703, USA",United States,https://f45training.com/frederickmd/,Frederick
F45 Bethesda South,bethesdasouth@f45training.com,"4611-K Sangamore Rd, Bethesda, MD, 20186",United States,https://f45training.com/bethesdasouth/,Bethesda
F45 Germantown MD,germantownmd@f45training.com,"20630 Seneca Meadows Pkwy suite 3, Germantown, MD 20876, USA",United States,https://f45training.com/germantownmd/,Germantown
F45 Potomac,potomac@f45training.com,"1097 Seven Locks Rd, Potomac, MD 20854, USA",United States,https://f45training.com/potomac/,Potomac
F45 College Park MD,collegeparkmd@f45training.com,"7326 Baltimore Avenue, College Park, MD, USA",United States,https://f45training.com/collegeparkmd/,College Park
F45 Campus Plaza SD,campusplazasd@f45training.com,"6145 El Cajon Blvd, Suite 3E3F, San Diego, CA 92115",United States,https://f45training.com/campusplazasd/,San Diego
F45 Cross Trails,crosstrails@f45training.com,"2000 N Mays St suite 115, Round Rock, TX 78664, USA",United States,https://f45training.com/crosstrails/,Round Rock
F45 Fort Myers Central,fortmyerscentral@f45training.com,"8595 College Pkwy, Fort Myers, FL 33919, USA",United States,https://f45training.com/fortmyerscentral/,Fort Myers
F45 West San Marcos CA,westsanmarcosca@f45training.com,"727 W San Marcos Blvd unit 111, San Marcos, CA 92078, USA",United States,https://f45training.com/westsanmarcosca/,San Marcos
F45 Felicita Town Center,felicitatowncenter@f45training.com,"1855 South Centre City Parkway, Escondido, CA 92025, USA",United States,https://f45training.com/felicitatowncenter/,Escondido
F45 Chantilly Woods North,chantillywoodsnorth@f45training.com,"3301 Louetta Rd, Spring, TX 77388, USA",United States,https://f45training.com/chantillywoodsnorth/,Spring
F45 North End Boston,northendboston@f45training.com,"99 Blackstone Street, Boston, MA 02109",United States,https://f45training.com/northendboston/,Boston
F45 Parrish,parrish@f45training.com,"11617 Moccasin Wallow Rd, Parrish, FL 34219, USA",United States,https://f45training.com/parrish/,Parrish
F45 Northshore TN,northshoretn@f45training.com,"119 North Market Street, Chattanooga, TN 37405, USA",United States,https://f45training.com/northshoretn/,Chattanooga
F45 Hilton Downtown Austin,hiltondowntownaustin@f45training.com,"500 E 4th St, Austin, TX 78701, USA",United States,https://f45training.com/hiltondowntownaustin/,Austin
F45 Nipomo,nipomo@f45training.com,"505 Sandydale Dr, Nipomo, CA 93444, USA",United States,https://f45training.com/nipomo/,Nipomo
F45 Palm Springs CA,palmspringsca@f45training.com,"333 S Indian Canyon Dr, Palm Springs, CA 92262, USA",United States,https://f45training.com/palmspringsca/,Palm Springs
F45 Seven Oaks CA,sevenoaksca@f45training.com,"9000 Ming Ave, Bakersfield, CA 93311, USA",United States,https://f45training.com/sevenoaksca/,Bakersfield
F45 Monkey Junction,monkeyjunction@f45training.com,"5617 Carolina Beach Rd Suite 130, Wilmington, NC 28412, USA",United States,https://f45training.com/monkeyjunction/,Wilmington
F45 SOCO Lab,socolab@f45training.com,"3601 South Congress Avenue, Austin, TX, USA",United States,https://f45training.com/socolab/,Austin
F45 Bay Shore NY,bayshoreny@f45training.com,"2 Smith Ave, Bay Shore, NY 11706, USA",United States,https://f45training.com/bayshoreny/,Bay Shore
F45 South St Philadelphia,southstphiladelphia@f45training.com,"1430 South St, Philadelphia, PA 19146, USA",United States,https://f45training.com/southstphiladelphia/,Philadelphia
F45 West Hackensack,westhackensack@f45training.com,"370 West Pleasantview Avenue unit 12, Hackensack, New Jersey 07601, USA",United States,https://f45training.com/westhackensack/,Hackensack
F45 South Lamar,southlamar@f45training.com,"2153 S Lamar Blvd, Austin, TX 78704, USA",United States,https://f45training.com/southlamar/,Austin
F45 Northwest Tucson,northwesttucson@f45training.com,"9705 N Thornydale Rd, Tucson, AZ 85742, USA",United States,https://f45training.com/northwesttucson/,Tucson
F45 West Los Angeles,westlosangeles@f45training.com,"2485 S Sepulveda Blvd, West Los Angeles, Los Angeles, CA 90064, USA",United States,https://f45training.com/westlosangeles/,Los Angeles
F45 Morristown,morristown@f45training.com,"5-9 South St, Morristown, NJ 07960, USA",United States,https://f45training.com/morristown/,Morristown
F45 West Athens,westathens@f45training.com,"175 Tracy Street, Athens, GA 30601, USA",United States,https://f45training.com/westathens/,Athens
F45 Zona Rosa KC,zonarosakc@f45training.com,"8530 NW Prairie View Rd Unit #P252 Kansas City, MO 64153",United States,https://f45training.com/zonarosakc/,MO 64153
F45 Nomad,nomad@f45training.com,"33 East 33rd Street, New York, NY 10016, USA",United States,https://f45training.com/nomad/,New York
F45 Loveland CO,lovelandco@f45training.com,"5809 McWhinney Blvd, Loveland, CO 80538, USA",United States,https://f45training.com/lovelandco/,Loveland
F45 Brandywine,brandywine@f45training.com,1818 Naamans Rd. Wilmington DE 19810,United States,https://f45training.com/brandywine/,19810
F45 Lorton,lorton@f45training.com,"9900 Power House Rd, Lorton, VA 22079, USA",United States,https://f45training.com/lorton/,Lorton
F45 Vancouver East WAS,vancouvereastwas@f45training.com,"3000 SE 164th Ave unit 103, Vancouver, WA 98683, USA",United States,https://f45training.com/vancouvereastwas/,Vancouver
F45 Vancouver Central WAS,vancouvercentralwas@f45training.com,"409 E Mill Plain Blvd, Vancouver, WA 98660, USA",United States,https://f45training.com/vancouvercentralwas/,Vancouver
F45 Downtown Cleveland,downtowncleveland@f45training.com,"510 Superior Ave, Cleveland, OH 44114, USA",United States,https://f45training.com/downtowncleveland/,Cleveland
F45 Kingsgate,kingsgate@f45training.com,"12506 NE 144th St, Kirkland, WA 98034, United States",United States,https://f45training.com/kingsgate/,Kirkland
F45 Riverlakes,riverlakes@f45training.com,"3250 Coffee Rd suite 200, Bakersfield, CA 93312, USA",United States,https://f45training.com/riverlakes/,Bakersfield
F45 Modesto East,modestoeast@f45training.com,"1533 Oakdale Road suite c 1, Modesto, CA 95355, USA",United States,https://f45training.com/modestoeast/,Modesto
F45 Lafayette LA,lafayettela@f45training.com,"4533 Johnston St, Lafayette, LA 70503, USA",United States,https://f45training.com/lafayettela/,Lafayette
F45 Hyde Park OH,hydeparkoh@f45training.com,"3880 Paxton Avenue, Cincinnati, OH 45209, USA",United States,https://f45training.com/hydeparkoh/,Cincinnati
F45 South Reno,southreno@f45training.com,"6815 Sierra Center Pkwy, Reno, NV 89511, USA",United States,https://f45training.com/southreno/,Reno
F45 South Lexington,southlexington@f45training.com,"151 W Zandale Dr, Lexington, KY 40503, USA",United States,https://f45training.com/southlexington/,Lexington
F45 Platinum Triangle,platinumtriangle@f45training.com,"1912 S Jacaranda St, Anaheim, CA 92805, USA",United States,https://f45training.com/platinumtriangle/,Anaheim
F45 Waco,waco@f45training.com,"1201 Hewitt Dr, Waco, TX 76712, USA",United States,https://f45training.com/waco/,Waco
F45 Camarillo,camarillo@f45training.com,"678 Ponderosa Dr, Camarillo, CA 93010, USA",United States,https://f45training.com/camarillo/,Camarillo
F45 Ellicott City,ellicottcity@f45training.com,"10030 Baltimore National Pike, Ellicott City, MD 21042, USA",United States,https://f45training.com/ellicottcity/,Ellicott City
F45 Pearl District,pearldistrict@f45training.com,"536 NW 14th Ave, Portland, OR 97209, USA",United States,https://f45training.com/pearldistrict/,Portland
F45 Wilmington MA,wilmingtonma@f45training.com,"64 Concord St, Wilmington, MA 01887, USA",United States,https://f45training.com/wilmingtonma/,Wilmington
F45 Stafford VA,staffordva@f45training.com,"35 Walpole Street suite 109, Stafford, VA 22554, USA",United States,https://f45training.com/staffordva/,Stafford
F45 Visalia,visalia@f45training.com,"5410 W Cypress Ave, Visalia, CA 93277, USA",United States,https://f45training.com/visalia/,Visalia
F45 Midlothian TX,midlothiantx@f45training.com,"550 Hawkins Run Road, Midlothian, TX 76065, USA",United States,https://f45training.com/midlothiantx/,Midlothian
F45 Clairemont,clairemont@f45training.com,"4722 Clairemont Mesa Blvd, San Diego, CA, USA",United States,https://f45training.com/clairemont/,San Diego
F45 Rogers,rogers@f45training.com,"2877 West Walnut Street suite 102, Rogers, AR, USA",United States,https://f45training.com/rogers/,Rogers
F45 East Lexington,eastlexington@f45training.com,"Lexington, Kentucky, USA",United States,https://f45training.com/eastlexington/,Kentucky
F45 Manchester CT,manchesterct@f45training.com,"1141 Tolland Turnpike suite 13, Manchester, CT 06042, USA",United States,https://f45training.com/manchesterct/,Manchester
F45 Bluffton,bluffton@f45training.com,"New Riverside Village Way, Bluffton, SC 29910, USA",United States,https://f45training.com/bluffton/,Bluffton
F45 South Barrington Arboretum,southbarringtonarboretum@f45training.com,"100 W Higgins Rd, South Barrington, IL 60010, USA",United States,https://f45training.com/southbarringtonarboretum/,South Barrington
F45 Hunters Creek,hunterscreek@f45training.com,"2055 Town Center Blvd, Orlando, FL 32837, USA",United States,https://f45training.com/hunterscreek/,Orlando
F45 Temecula,temecula@f45training.com,"33195 Temecula Pkwy, Temecula, CA 92592, USA",United States,https://f45training.com/temecula/,Temecula
F45 Murrysville,murrysville@f45training.com,"4491 School Road South, Murrysville, PA, USA",United States,https://f45training.com/murrysville/,Murrysville
F45 East Brainerd,eastbrainerd@f45training.com,"2372 Lifestyle Way, Chattanooga, TN 37421, USA",United States,https://f45training.com/eastbrainerd/,Chattanooga
F45 Memorial Houston ,memorialhouston@f45training.com,"12474 Memorial Dr, Houston, TX 77024, USA",United States,https://f45training.com/memorialhouston/,Houston
F45 Pocitos,pocitos@f45training.uy,"Pedro F. Berro 1323, 11300 Montevideo, Uruguay",Uruguay,https://f45training.com/pocitos/,11300 Montevideo
F45 Punta Carretas,puntacarretas@f45training.uy,"Bulevar General Artigas 557, 11300 Montevideo, Departamento de Montevideo, Uruguay",Uruguay,https://f45training.com/puntacarretas/,11300 Montevideo
