Country,Date (YYYY-MM-DD),New Cases,New Deaths,Total Vaccinations,Stringency Index
Australia,2022-01-01,0.0,17.0,,47.16
Australia,2022-01-02,289614.0,20.0,42768270.0,47.15
Australia,2022-01-03,0.0,18.0,42812691.0,47.15
Australia,2022-01-04,0.0,18.0,43024593.0,47.13
Australia,2022-01-05,0.0,25.0,43286155.0,47.12
Australia,2022-01-06,0.0,23.0,43558448.0,52.67
Australia,2022-01-07,0.0,36.0,43823668.0,52.66
Australia,2022-01-08,0.0,50.0,43987111.0,52.65
Australia,2022-01-09,588813.0,49.0,44086608.0,52.65
Australia,2022-01-10,0.0,40.0,44374463.0,52.63
Australia,2022-01-11,0.0,54.0,44700720.0,47.06
Australia,2022-01-12,0.0,56.0,45045755.0,47.05
Australia,2022-01-13,0.0,70.0,45391353.0,52.6
Australia,2022-01-14,0.0,76.0,45729166.0,52.59
Australia,2022-01-15,0.0,68.0,45919637.0,52.59
Australia,2022-01-16,462325.0,76.0,46034466.0,52.59
Australia,2022-01-17,0.0,93.0,46361913.0,52.58
Australia,2022-01-18,0.0,87.0,46682438.0,52.57
Australia,2022-01-19,0.0,76.0,47013624.0,52.56
Australia,2022-01-20,0.0,91.0,47364850.0,52.56
Australia,2022-01-21,0.0,114.0,47698880.0,52.55
Australia,2022-01-22,0.0,101.0,47889638.0,55.32
Australia,2022-01-23,347960.0,98.0,48010195.0,55.32
Australia,2022-01-24,0.0,88.0,48330551.0,55.31
Australia,2022-01-25,0.0,111.0,48651936.0,55.3
Australia,2022-01-26,0.0,93.0,48734111.0,55.3
Australia,2022-01-27,0.0,89.0,49037474.0,55.29
Australia,2022-01-28,0.0,107.0,49343894.0,55.28
Australia,2022-01-29,0.0,94.0,49516636.0,55.28
Australia,2022-01-30,267817.0,88.0,49607239.0,46.82
Australia,2022-01-31,0.0,87.0,49866290.0,46.81
Australia,2022-02-01,0.0,101.0,50132340.0,46.8
Australia,2022-02-02,0.0,74.0,50400541.0,46.79
Australia,2022-02-03,0.0,86.0,50653287.0,46.78
Australia,2022-02-04,0.0,94.0,50900072.0,46.77
Australia,2022-02-05,0.0,77.0,51027861.0,46.76
Australia,2022-02-06,201112.0,62.0,51098236.0,46.76
Australia,2022-02-07,0.0,66.0,51313905.0,46.75
Australia,2022-02-08,0.0,64.0,51533463.0,46.74
Australia,2022-02-09,0.0,77.0,51747277.0,46.73
Australia,2022-02-10,0.0,60.0,51948284.0,46.72
Australia,2022-02-11,0.0,53.0,52150693.0,46.71
Australia,2022-02-12,0.0,64.0,52258992.0,46.71
Australia,2022-02-13,171754.0,52.0,52308370.0,37.6
Australia,2022-02-14,0.0,54.0,52474947.0,37.59
Australia,2022-02-15,0.0,47.0,52635184.0,37.58
Australia,2022-02-16,0.0,40.0,52791256.0,37.58
Australia,2022-02-17,0.0,43.0,52941505.0,37.57
Australia,2022-02-18,0.0,50.0,53096563.0,37.56
Australia,2022-02-19,0.0,54.0,53183572.0,37.55
Australia,2022-02-20,160429.0,36.0,53224792.0,37.55
Australia,2022-02-21,0.0,31.0,53365398.0,35.37
Australia,2022-02-22,0.0,25.0,53497461.0,35.37
Australia,2022-02-23,0.0,43.0,53621446.0,35.36
Australia,2022-02-24,0.0,46.0,53744582.0,35.35
Australia,2022-02-25,0.0,32.0,53866202.0,35.34
Australia,2022-02-26,0.0,41.0,53932803.0,35.34
Australia,2022-02-27,160402.0,24.0,53963467.0,35.33
Australia,2022-02-28,0.0,33.0,54065507.0,35.33
Australia,2022-03-01,0.0,19.0,54155508.0,35.32
Australia,2022-03-02,0.0,27.0,54241892.0,35.32
Australia,2022-03-03,0.0,25.0,54327853.0,38.09
Australia,2022-03-04,0.0,8.0,54418534.0,38.08
Australia,2022-03-05,0.0,22.0,54469705.0,38.07
Australia,2022-03-06,195717.0,17.0,54492395.0,38.07
Australia,2022-03-07,0.0,20.0,54570032.0,38.05
Australia,2022-03-08,0.0,19.0,54659334.0,38.03
Australia,2022-03-09,0.0,24.0,54749553.0,38.0
Australia,2022-03-10,0.0,14.0,54842227.0,37.98
Australia,2022-03-11,0.0,13.0,54948620.0,37.94
Australia,2022-03-12,0.0,20.0,55020466.0,37.91
Australia,2022-03-13,241848.0,30.0,55054842.0,37.89
Australia,2022-03-14,0.0,17.0,55128376.0,37.87
Australia,2022-03-15,0.0,21.0,55224388.0,37.83
Australia,2022-03-16,0.0,17.0,55316946.0,37.8
Australia,2022-03-17,0.0,27.0,55408135.0,37.77
Australia,2022-03-18,0.0,20.0,55507339.0,37.73
Australia,2022-03-19,0.0,15.0,55577748.0,37.69
Australia,2022-03-20,327240.0,22.0,55613993.0,37.67
Australia,2022-03-21,0.0,18.0,55700491.0,37.64
Australia,2022-03-22,0.0,19.0,55783094.0,37.61
Australia,2022-03-23,0.0,22.0,55854308.0,37.59
Australia,2022-03-24,0.0,26.0,55932910.0,37.56
Australia,2022-03-25,0.0,20.0,56017618.0,37.53
Australia,2022-03-26,0.0,24.0,56077605.0,37.51
Australia,2022-03-27,385762.0,20.0,56107787.0,37.49
Australia,2022-03-28,0.0,31.0,56179315.0,37.46
Australia,2022-03-29,0.0,28.0,56242913.0,37.45
Australia,2022-03-30,0.0,31.0,56303174.0,37.43
Australia,2022-03-31,0.0,25.0,56362692.0,44.17
Australia,2022-04-01,0.0,30.0,56421957.0,44.16
Australia,2022-04-02,0.0,28.0,56461823.0,44.14
Australia,2022-04-03,395982.0,27.0,56481559.0,44.14
Australia,2022-04-04,0.0,29.0,56532490.0,44.13
Australia,2022-04-05,0.0,33.0,56579444.0,44.12
Australia,2022-04-06,0.0,23.0,56624383.0,44.11
Australia,2022-04-07,0.0,28.0,56668400.0,44.1
Australia,2022-04-08,0.0,36.0,56715194.0,44.09
Australia,2022-04-09,0.0,23.0,56738523.0,44.09
Australia,2022-04-10,359765.0,26.0,56902635.0,44.09
Australia,2022-04-11,0.0,36.0,56956090.0,44.07
Australia,2022-04-12,0.0,43.0,56999362.0,44.07
Australia,2022-04-13,0.0,37.0,57038091.0,44.06
Australia,2022-04-14,0.0,44.0,57077786.0,41.28
Australia,2022-04-15,0.0,27.0,57081480.0,41.28
Australia,2022-04-16,0.0,39.0,57090843.0,41.28
Australia,2022-04-17,306184.0,24.0,57155581.0,41.28
Australia,2022-04-18,0.0,50.0,57162085.0,41.28
Australia,2022-04-19,0.0,39.0,57197856.0,41.27
Australia,2022-04-20,0.0,44.0,57231365.0,41.26
Australia,2022-04-21,0.0,47.0,57264495.0,41.26
Australia,2022-04-22,0.0,39.0,57298477.0,41.25
Australia,2022-04-23,0.0,50.0,57317327.0,41.25
Australia,2022-04-24,289282.0,46.0,57457036.0,41.25
Australia,2022-04-25,0.0,38.0,57460079.0,41.25
Australia,2022-04-26,0.0,34.0,57487919.0,41.24
Australia,2022-04-27,0.0,40.0,57512161.0,41.24
Australia,2022-04-28,0.0,49.0,57536051.0,41.23
Australia,2022-04-29,0.0,44.0,57561209.0,38.45
Australia,2022-04-30,0.0,53.0,57575626.0,38.45
Australia,2022-05-01,272054.0,37.0,57735950.0,38.45
Australia,2022-05-02,0.0,37.0,57753579.0,38.44
Australia,2022-05-03,0.0,39.0,57773120.0,38.44
Australia,2022-05-04,0.0,43.0,57792004.0,38.44
Australia,2022-05-05,0.0,42.0,57811614.0,38.43
Australia,2022-05-06,0.0,56.0,57831047.0,38.43
Australia,2022-05-07,0.0,53.0,57840803.0,38.43
Australia,2022-05-08,304061.0,45.0,58050262.0,38.43
Australia,2022-05-09,0.0,35.0,58067475.0,38.43
Australia,2022-05-10,0.0,46.0,58084460.0,38.42
Australia,2022-05-11,0.0,56.0,58101143.0,38.42
Australia,2022-05-12,0.0,49.0,58118259.0,38.42
Australia,2022-05-13,0.0,50.0,58135809.0,38.42
Australia,2022-05-14,0.0,50.0,58141095.0,38.42
Australia,2022-05-15,350375.0,53.0,58400788.0,38.42
Australia,2022-05-16,0.0,41.0,58416891.0,38.42
Australia,2022-05-17,0.0,37.0,58432049.0,38.41
Australia,2022-05-18,0.0,54.0,58447879.0,35.63
Australia,2022-05-19,0.0,46.0,58463990.0,35.63
Australia,2022-05-20,0.0,41.0,58480010.0,35.63
Australia,2022-05-21,0.0,44.0,58487969.0,23.68
Australia,2022-05-22,311716.0,54.0,58756853.0,23.68
Australia,2022-05-23,0.0,49.0,58812010.0,23.68
Australia,2022-05-24,0.0,57.0,58874211.0,23.68
Australia,2022-05-25,0.0,60.0,58936138.0,23.68
Australia,2022-05-26,0.0,51.0,58999547.0,23.68
Australia,2022-05-27,0.0,39.0,59059590.0,23.68
Australia,2022-05-28,0.0,47.0,59072890.0,23.68
Australia,2022-05-29,240429.0,41.0,59089678.0,23.68
Australia,2022-05-30,0.0,48.0,59142893.0,23.67
Australia,2022-05-31,0.0,44.0,59202011.0,23.67
Australia,2022-06-01,0.0,99.0,59261572.0,23.67
Australia,2022-06-02,0.0,53.0,59321031.0,23.67
Australia,2022-06-03,0.0,43.0,59375533.0,23.67
Australia,2022-06-04,0.0,40.0,59386702.0,23.67
Australia,2022-06-05,199964.0,48.0,59399900.0,23.67
Australia,2022-06-06,0.0,49.0,59444066.0,23.67
Australia,2022-06-07,0.0,49.0,59499838.0,23.67
Australia,2022-06-08,0.0,46.0,59552386.0,23.67
Australia,2022-06-09,0.0,38.0,59607038.0,23.67
Australia,2022-06-10,0.0,56.0,59652982.0,23.67
Australia,2022-06-11,0.0,45.0,,23.67
Australia,2022-06-12,184472.0,48.0,59663231.0,23.67
Australia,2022-06-13,0.0,45.0,59684229.0,23.67
Australia,2022-06-14,0.0,42.0,59739431.0,23.67
Australia,2022-06-15,0.0,42.0,59788611.0,15.33
Australia,2022-06-16,0.0,54.0,59835561.0,15.33
Australia,2022-06-17,0.0,57.0,59882363.0,15.33
Australia,2022-06-18,0.0,45.0,59897091.0,15.33
Australia,2022-06-19,191043.0,59.0,59899939.0,15.33
Australia,2022-06-20,0.0,42.0,59942310.0,15.33
Australia,2022-06-21,0.0,46.0,59987771.0,15.33
Australia,2022-06-22,0.0,49.0,60030381.0,15.33
Australia,2022-06-23,0.0,60.0,60075193.0,15.33
Australia,2022-06-24,0.0,41.0,60113851.0,15.33
Australia,2022-06-25,0.0,44.0,60125909.0,15.33
Australia,2022-06-26,204308.0,42.0,60131190.0,15.33
Australia,2022-06-27,0.0,48.0,60165116.0,15.33
Australia,2022-06-28,0.0,54.0,60203805.0,15.33
Australia,2022-06-29,0.0,42.0,60240472.0,15.33
Australia,2022-06-30,0.0,48.0,60277104.0,15.33
Australia,2022-07-01,0.0,51.0,60307995.0,15.33
Australia,2022-07-02,0.0,0.0,60317275.0,15.33
Australia,2022-07-03,0.0,101.0,60319007.0,15.33
Australia,2022-07-04,243697.0,43.0,60352205.0,15.33
Australia,2022-07-05,0.0,57.0,60390456.0,15.33
Australia,2022-07-06,0.0,65.0,60430700.0,11.11
Australia,2022-07-07,0.0,61.0,60478973.0,11.11
Australia,2022-07-08,0.0,54.0,60538256.0,11.11
Australia,2022-07-09,0.0,58.0,60558799.0,11.11
Australia,2022-07-10,0.0,62.0,60566832.0,11.11
Australia,2022-07-11,271605.0,60.0,60666885.0,11.11
Australia,2022-07-12,0.0,57.0,60785581.0,11.11
Australia,2022-07-13,0.0,56.0,60901407.0,11.11
Australia,2022-07-14,0.0,62.0,61018137.0,11.11
Australia,2022-07-15,0.0,77.0,61135222.0,11.11
Australia,2022-07-16,0.0,67.0,61184744.0,11.11
Australia,2022-07-17,0.0,72.0,61205725.0,11.11
Australia,2022-07-18,303029.0,87.0,61308022.0,11.11
Australia,2022-07-19,0.0,66.0,61418398.0,11.11
Australia,2022-07-20,0.0,101.0,61524870.0,11.11
Australia,2022-07-21,0.0,96.0,61632291.0,11.11
Australia,2022-07-22,0.0,92.0,61737742.0,11.11
Australia,2022-07-23,0.0,73.0,61781182.0,11.11
Australia,2022-07-24,0.0,92.0,61796565.0,11.11
Australia,2022-07-25,319779.0,97.0,61878802.0,11.11
Australia,2022-07-26,0.0,85.0,61973263.0,11.11
Australia,2022-07-27,0.0,95.0,62057787.0,11.11
Australia,2022-07-28,0.0,86.0,62140178.0,11.11
Australia,2022-07-29,0.0,94.0,62214063.0,11.11
Australia,2022-07-30,0.0,75.0,62245285.0,11.11
Australia,2022-07-31,0.0,86.0,62255266.0,11.11
Australia,2022-08-01,259334.0,89.0,62311916.0,11.11
Australia,2022-08-02,0.0,92.0,62371340.0,11.11
Australia,2022-08-03,0.0,103.0,62426327.0,11.11
Australia,2022-08-04,0.0,81.0,62481417.0,11.11
Australia,2022-08-05,0.0,78.0,,11.11
Australia,2022-08-06,0.0,77.0,,11.11
Australia,2022-08-07,0.0,83.0,,11.11
Australia,2022-08-08,200397.0,80.0,62596404.0,11.11
Australia,2022-08-09,0.0,81.0,62637824.0,11.11
Australia,2022-08-10,0.0,77.0,62675448.0,11.11
Australia,2022-08-11,0.0,67.0,62712556.0,11.11
Australia,2022-08-12,0.0,76.0,,11.11
Australia,2022-08-13,0.0,71.0,,11.11
Australia,2022-08-14,0.0,74.0,62766146.0,11.11
Australia,2022-08-15,139178.0,61.0,62794740.0,11.11
Australia,2022-08-16,0.0,73.0,62825336.0,11.11
Australia,2022-08-17,0.0,52.0,62857791.0,11.11
Australia,2022-08-18,0.0,45.0,62885656.0,11.11
Australia,2022-08-19,0.0,60.0,,11.11
Australia,2022-08-20,0.0,49.0,,11.11
Australia,2022-08-21,0.0,35.0,62926030.0,11.11
Australia,2022-08-22,103184.0,51.0,62946742.0,11.11
Australia,2022-08-23,0.0,48.0,62969297.0,11.11
Australia,2022-08-24,0.0,41.0,62990246.0,11.11
Australia,2022-08-25,0.0,49.0,63011373.0,11.11
Australia,2022-08-26,0.0,44.0,,11.11
Australia,2022-08-27,0.0,50.0,,11.11
Australia,2022-08-28,0.0,46.0,,11.11
Australia,2022-08-29,79985.0,39.0,,11.11
Australia,2022-08-30,0.0,40.0,,11.11
Australia,2022-08-31,0.0,28.0,,11.11
Australia,2022-09-01,0.0,31.0,,11.11
Australia,2022-09-02,0.0,40.0,,11.11
Australia,2022-09-03,0.0,29.0,,11.11
Australia,2022-09-04,0.0,33.0,,11.11
Australia,2022-09-05,63392.0,35.0,,11.11
Australia,2022-09-06,0.0,30.0,,11.11
Australia,2022-09-07,0.0,32.0,,11.11
Australia,2022-09-08,0.0,33.0,,11.11
Australia,2022-09-09,0.0,35.0,,11.11
Australia,2022-09-10,0.0,28.0,,11.11
Australia,2022-09-11,0.0,21.0,,11.11
Australia,2022-09-12,51273.0,24.0,,11.11
Australia,2022-09-13,0.0,28.0,,11.11
Australia,2022-09-14,0.0,26.0,,11.11
Australia,2022-09-15,0.0,24.0,,11.11
Australia,2022-09-16,0.0,30.0,,11.11
Australia,2022-09-17,0.0,19.0,,11.11
Australia,2022-09-18,0.0,33.0,,11.11
Australia,2022-09-19,43401.0,0.0,,11.11
Australia,2022-09-20,0.0,0.0,,11.11
Australia,2022-09-21,0.0,0.0,,11.11
Australia,2022-09-22,0.0,0.0,,11.11
Australia,2022-09-23,0.0,0.0,,11.11
Australia,2022-09-24,0.0,0.0,,11.11
Australia,2022-09-25,0.0,147.0,,11.11
Australia,2022-09-26,37578.0,0.0,,11.11
Australia,2022-09-27,0.0,0.0,,11.11
Australia,2022-09-28,0.0,0.0,,11.11
Australia,2022-09-29,0.0,0.0,,11.11
Australia,2022-09-30,0.0,0.0,,11.11
Australia,2022-10-01,0.0,0.0,,11.11
Australia,2022-10-02,0.0,113.0,,11.11
Australia,2022-10-03,38674.0,0.0,,11.11
Australia,2022-10-04,0.0,0.0,,11.11
Australia,2022-10-05,0.0,0.0,,11.11
Australia,2022-10-06,0.0,0.0,,11.11
Australia,2022-10-07,0.0,0.0,,11.11
Australia,2022-10-08,0.0,0.0,,11.11
Australia,2022-10-09,0.0,102.0,,11.11
Australia,2022-10-10,31327.0,0.0,,11.11
Australia,2022-10-11,0.0,0.0,,11.11
Australia,2022-10-12,0.0,0.0,,11.11
Australia,2022-10-13,0.0,0.0,,11.11
Australia,2022-10-14,0.0,0.0,,11.11
Australia,2022-10-15,0.0,0.0,,11.11
Australia,2022-10-16,0.0,74.0,,11.11
Australia,2022-10-17,29620.0,0.0,,11.11
Australia,2022-10-18,0.0,0.0,,11.11
Australia,2022-10-19,0.0,0.0,,11.11
Australia,2022-10-20,0.0,0.0,,11.11
Australia,2022-10-21,0.0,0.0,,11.11
Australia,2022-10-22,0.0,0.0,,11.11
Australia,2022-10-23,0.0,103.0,,11.11
Australia,2022-10-24,30363.0,0.0,,11.11
Australia,2022-10-25,0.0,0.0,,11.11
Australia,2022-10-26,0.0,0.0,,11.11
Australia,2022-10-27,0.0,0.0,,11.11
Australia,2022-10-28,0.0,0.0,,11.11
Australia,2022-10-29,0.0,0.0,,11.11
Australia,2022-10-30,0.0,85.0,,11.11
Australia,2022-10-31,35763.0,0.0,,11.11
Australia,2022-11-01,0.0,0.0,,11.11
Australia,2022-11-02,0.0,0.0,,11.11
Australia,2022-11-03,0.0,0.0,63179861.0,11.11
Australia,2022-11-04,0.0,0.0,,11.11
Australia,2022-11-05,0.0,0.0,,11.11
Australia,2022-11-06,0.0,111.0,,11.11
Australia,2022-11-07,52310.0,0.0,,11.11
Australia,2022-11-08,0.0,0.0,,11.11
Australia,2022-11-09,0.0,0.0,,11.11
Australia,2022-11-10,0.0,0.0,63236277.0,11.11
Australia,2022-11-11,0.0,0.0,,11.11
Australia,2022-11-12,0.0,0.0,,11.11
Australia,2022-11-13,0.0,116.0,,11.11
Australia,2022-11-14,73573.0,0.0,,11.11
Australia,2022-11-15,0.0,0.0,,11.11
Australia,2022-11-16,0.0,0.0,,11.11
Australia,2022-11-17,0.0,0.0,63332108.0,11.11
Australia,2022-11-18,0.0,0.0,,11.11
Australia,2022-11-19,0.0,0.0,,11.11
Australia,2022-11-20,0.0,154.0,,11.11
Australia,2022-11-21,83407.0,0.0,,11.11
Australia,2022-11-22,0.0,0.0,,11.11
Australia,2022-11-23,0.0,0.0,,11.11
Australia,2022-11-24,0.0,0.0,63406631.0,11.11
Australia,2022-11-25,0.0,0.0,,11.11
Australia,2022-11-26,0.0,0.0,,11.11
Australia,2022-11-27,0.0,178.0,,11.11
Australia,2022-11-28,97897.0,0.0,,11.11
Australia,2022-11-29,0.0,0.0,,11.11
Australia,2022-11-30,0.0,0.0,,11.11
Australia,2022-12-01,0.0,0.0,63460368.0,11.11
Australia,2022-12-02,0.0,0.0,,11.11
Australia,2022-12-03,0.0,0.0,,11.11
Australia,2022-12-04,0.0,259.0,,11.11
Australia,2022-12-05,107902.0,0.0,,11.11
Australia,2022-12-06,0.0,0.0,,11.11
Australia,2022-12-07,0.0,0.0,,11.11
Australia,2022-12-08,0.0,0.0,63505559.0,11.11
Australia,2022-12-09,0.0,0.0,,11.11
Australia,2022-12-10,0.0,0.0,,11.11
Australia,2022-12-11,0.0,272.0,,11.11
Australia,2022-12-12,112016.0,0.0,,11.11
Australia,2022-12-13,0.0,0.0,,11.11
Australia,2022-12-14,0.0,0.0,,11.11
Australia,2022-12-15,0.0,0.0,63548762.0,11.11
Australia,2022-12-16,0.0,0.0,,11.11
Australia,2022-12-17,0.0,0.0,,11.11
Australia,2022-12-18,0.0,299.0,,11.11
Australia,2022-12-19,108322.0,0.0,,11.11
Australia,2022-12-20,0.0,0.0,,11.11
Australia,2022-12-21,0.0,0.0,,11.11
Australia,2022-12-22,0.0,0.0,63583562.0,11.11
Australia,2022-12-23,0.0,0.0,,11.11
Australia,2022-12-24,0.0,0.0,,11.11
Australia,2022-12-25,0.0,334.0,,11.11
Australia,2022-12-26,91518.0,0.0,,11.11
Australia,2022-12-27,0.0,0.0,,11.11
Australia,2022-12-28,0.0,0.0,,11.11
Australia,2022-12-29,0.0,0.0,,11.11
Australia,2022-12-30,0.0,0.0,,11.11
Australia,2022-12-31,0.0,1094.0,,11.11
Australia,2023-01-01,0.0,0.0,,
Australia,2023-01-02,64519.0,0.0,,
Australia,2023-01-03,0.0,0.0,,
Australia,2023-01-04,0.0,0.0,,
Australia,2023-01-05,0.0,0.0,63611887.0,
Australia,2023-01-06,22470.0,0.0,,
Australia,2023-01-07,0.0,0.0,,
Australia,2023-01-08,0.0,0.0,,
Australia,2023-01-09,46003.0,0.0,,
Australia,2023-01-10,0.0,0.0,,
Australia,2023-01-11,0.0,0.0,,
Australia,2023-01-12,0.0,0.0,63634307.0,
Australia,2023-01-13,0.0,0.0,,
Australia,2023-01-14,0.0,0.0,,
Australia,2023-01-15,0.0,0.0,,
Australia,2023-01-16,30909.0,0.0,,
Australia,2023-01-17,0.0,0.0,,
Australia,2023-01-18,0.0,0.0,,
Australia,2023-01-19,0.0,0.0,63654606.0,
Australia,2023-01-20,0.0,0.0,,
Australia,2023-01-21,0.0,0.0,,
Australia,2023-01-22,0.0,0.0,,
Australia,2023-01-23,22041.0,0.0,,
Australia,2023-01-24,0.0,0.0,,
Australia,2023-01-25,0.0,0.0,,
Australia,2023-01-26,0.0,0.0,63668170.0,
Australia,2023-01-27,0.0,0.0,,
Australia,2023-01-28,0.0,0.0,,
Australia,2023-01-29,0.0,0.0,,
Australia,2023-01-30,18922.0,0.0,,
Australia,2023-01-31,0.0,0.0,,
Australia,2023-02-01,0.0,1040.0,,
Australia,2023-02-02,0.0,0.0,63681652.0,
Australia,2023-02-03,0.0,0.0,,
Australia,2023-02-04,0.0,0.0,,
Australia,2023-02-05,0.0,121.0,,
Australia,2023-02-06,17067.0,0.0,,
Australia,2023-02-07,0.0,0.0,,
Australia,2023-02-08,0.0,0.0,,
Australia,2023-02-09,0.0,0.0,,
Australia,2023-02-10,0.0,0.0,,
Australia,2023-02-11,0.0,0.0,,
Australia,2023-02-12,0.0,96.0,,
Australia,2023-02-13,17927.0,0.0,,
Australia,2023-02-14,0.0,0.0,,
Australia,2023-02-15,0.0,0.0,,
Australia,2023-02-16,0.0,0.0,,
Australia,2023-02-17,0.0,0.0,,
Australia,2023-02-18,0.0,0.0,,
Australia,2023-02-19,0.0,89.0,,
Australia,2023-02-20,17814.0,0.0,,
Australia,2023-02-21,0.0,0.0,,
Australia,2023-02-22,0.0,0.0,,
Australia,2023-02-23,0.0,0.0,,
Australia,2023-02-24,0.0,0.0,,
Australia,2023-02-25,0.0,0.0,,
Australia,2023-02-26,0.0,90.0,,
Australia,2023-02-27,18262.0,0.0,,
Australia,2023-02-28,0.0,0.0,,
Australia,2023-03-01,0.0,0.0,,
Australia,2023-03-02,0.0,0.0,,
Australia,2023-03-03,0.0,0.0,,
Australia,2023-03-04,0.0,0.0,,
Australia,2023-03-05,0.0,78.0,,
Australia,2023-03-06,19780.0,0.0,,
Australia,2023-03-07,0.0,0.0,,
Australia,2023-03-08,0.0,0.0,,
Australia,2023-03-09,0.0,0.0,,
Australia,2023-03-10,0.0,0.0,,
Australia,2023-03-11,0.0,0.0,,
Australia,2023-03-12,0.0,78.0,,
Australia,2023-03-13,21681.0,0.0,,
Australia,2023-03-14,0.0,0.0,,
Australia,2023-03-15,0.0,0.0,,
Australia,2023-03-16,0.0,0.0,,
Australia,2023-03-17,0.0,0.0,,
Australia,2023-03-18,0.0,0.0,,
Australia,2023-03-19,0.0,88.0,,
Australia,2023-03-20,23014.0,0.0,,
Australia,2023-03-21,0.0,0.0,,
Australia,2023-03-22,0.0,0.0,,
Australia,2023-03-23,0.0,0.0,,
Australia,2023-03-24,0.0,0.0,65492360.0,
Australia,2023-03-25,0.0,0.0,,
Australia,2023-03-26,0.0,93.0,,
Australia,2023-03-27,25521.0,0.0,,
Australia,2023-03-28,0.0,0.0,,
Australia,2023-03-29,0.0,0.0,,
Australia,2023-03-30,0.0,0.0,,
Australia,2023-03-31,0.0,0.0,,
Australia,2023-04-01,0.0,0.0,,
Australia,2023-04-02,0.0,103.0,,
Australia,2023-04-03,27650.0,0.0,,
Australia,2023-04-04,0.0,0.0,,
Australia,2023-04-05,0.0,0.0,,
Australia,2023-04-06,0.0,0.0,,
Australia,2023-04-07,0.0,0.0,,
Australia,2023-04-08,0.0,0.0,,
Australia,2023-04-09,0.0,123.0,,
Australia,2023-04-10,27055.0,0.0,,
Australia,2023-04-11,0.0,0.0,,
Australia,2023-04-12,0.0,0.0,,
Australia,2023-04-13,0.0,0.0,,
Australia,2023-04-14,0.0,0.0,,
Australia,2023-04-15,0.0,0.0,,
Australia,2023-04-16,0.0,131.0,,
Australia,2023-04-17,29966.0,0.0,,
Australia,2023-04-18,0.0,0.0,,
Australia,2023-04-19,0.0,0.0,,
Australia,2023-04-20,0.0,0.0,,
Australia,2023-04-21,0.0,0.0,,
Australia,2023-04-22,0.0,0.0,,
Australia,2023-04-23,0.0,146.0,,
Australia,2023-04-24,29431.0,0.0,,
Australia,2023-04-25,0.0,0.0,,
Australia,2023-04-26,0.0,0.0,,
Australia,2023-04-27,0.0,0.0,,
Australia,2023-04-28,0.0,0.0,,
Australia,2023-04-29,0.0,0.0,,
Australia,2023-04-30,0.0,155.0,,
Australia,2023-05-01,29663.0,0.0,,
Australia,2023-05-02,0.0,0.0,,
Australia,2023-05-03,0.0,0.0,,
Australia,2023-05-04,0.0,0.0,,
Australia,2023-05-05,0.0,0.0,,
Australia,2023-05-06,0.0,0.0,,
Australia,2023-05-07,0.0,173.0,,
Australia,2023-05-08,31859.0,0.0,,
Australia,2023-05-09,0.0,0.0,,
Australia,2023-05-10,0.0,0.0,,
Australia,2023-05-11,0.0,0.0,,
Australia,2023-05-12,0.0,0.0,,
Australia,2023-05-13,0.0,0.0,,
Australia,2023-05-14,0.0,173.0,,
Australia,2023-05-15,37720.0,0.0,,
Australia,2023-05-16,0.0,0.0,,
Australia,2023-05-17,0.0,0.0,,
Australia,2023-05-18,0.0,0.0,,
Australia,2023-05-19,0.0,0.0,,
Australia,2023-05-20,0.0,0.0,,
Australia,2023-05-21,0.0,170.0,,
Australia,2023-05-22,41012.0,0.0,,
Australia,2023-05-23,0.0,0.0,,
Australia,2023-05-24,0.0,0.0,,
Australia,2023-05-25,0.0,0.0,,
Australia,2023-05-26,0.0,0.0,,
Australia,2023-05-27,0.0,0.0,,
Australia,2023-05-28,0.0,213.0,,
Australia,2023-05-29,39051.0,0.0,,
Australia,2023-05-30,0.0,0.0,,
Australia,2023-05-31,0.0,0.0,,
Australia,2023-06-01,0.0,0.0,,
Australia,2023-06-02,0.0,0.0,,
Australia,2023-06-03,0.0,0.0,,
Australia,2023-06-04,0.0,232.0,,
Australia,2023-06-05,33125.0,0.0,,
Australia,2023-06-06,0.0,0.0,,
Australia,2023-06-07,0.0,0.0,,
Australia,2023-06-08,0.0,0.0,,
Australia,2023-06-09,0.0,0.0,,
Australia,2023-06-10,0.0,0.0,,
Australia,2023-06-11,0.0,226.0,,
Australia,2023-06-12,22769.0,0.0,,
Australia,2023-06-13,0.0,0.0,,
Australia,2023-06-14,0.0,0.0,,
Australia,2023-06-15,0.0,0.0,,
Australia,2023-06-16,0.0,0.0,,
Australia,2023-06-17,0.0,0.0,,
Australia,2023-06-18,0.0,183.0,,
Australia,2023-06-19,16822.0,0.0,,
Australia,2023-06-20,0.0,0.0,,
Australia,2023-06-21,0.0,0.0,,
Australia,2023-06-22,0.0,0.0,,
Australia,2023-06-23,0.0,0.0,,
Australia,2023-06-24,0.0,0.0,,
Australia,2023-06-25,0.0,59.0,,
Australia,2023-06-26,13551.0,0.0,,
Australia,2023-06-27,0.0,0.0,,
Australia,2023-06-28,0.0,0.0,,
Australia,2023-06-29,0.0,0.0,,
Australia,2023-06-30,0.0,0.0,,
Australia,2023-07-01,0.0,0.0,,
Australia,2023-07-02,0.0,0.0,,
Australia,2023-07-03,10511.0,0.0,,
Australia,2023-07-04,0.0,0.0,,
Australia,2023-07-05,0.0,0.0,,
Australia,2023-07-06,0.0,0.0,68247343.0,
Australia,2023-07-07,0.0,0.0,,
Australia,2023-07-08,0.0,0.0,,
Australia,2023-07-09,0.0,0.0,,
Australia,2023-07-10,7826.0,0.0,,
Australia,2023-07-11,0.0,0.0,,
Australia,2023-07-12,0.0,0.0,,
Australia,2023-07-13,0.0,0.0,,
Australia,2023-07-14,0.0,0.0,,
Australia,2023-07-15,0.0,0.0,,
Australia,2023-07-16,0.0,0.0,,
Australia,2023-07-17,6495.0,-76.0,,
Australia,2023-07-18,0.0,0.0,,
Australia,2023-07-19,0.0,0.0,,
Australia,2023-07-20,0.0,0.0,,
Australia,2023-07-21,0.0,0.0,,
Australia,2023-07-22,0.0,0.0,,
Australia,2023-07-23,0.0,0.0,,
Australia,2023-07-24,5525.0,85.0,,
Australia,2023-07-25,0.0,0.0,,
Australia,2023-07-26,0.0,0.0,,
Australia,2023-07-27,0.0,0.0,,
Australia,2023-07-28,0.0,0.0,,
Australia,2023-07-29,0.0,0.0,,
Australia,2023-07-30,0.0,0.0,,
Australia,2023-07-31,5410.0,60.0,,
Australia,2023-08-01,0.0,0.0,,
Australia,2023-08-02,0.0,0.0,,
Australia,2023-08-03,0.0,0.0,68480571.0,
Australia,2023-08-04,0.0,0.0,,
Australia,2023-08-05,0.0,0.0,,
Australia,2023-08-06,0.0,0.0,,
Australia,2023-08-07,5116.0,67.0,,
Australia,2023-08-08,0.0,0.0,,
Australia,2023-08-09,0.0,0.0,,
Australia,2023-08-10,0.0,0.0,,
Australia,2023-08-11,0.0,0.0,,
Australia,2023-08-12,0.0,0.0,,
Australia,2023-08-13,0.0,0.0,,
Australia,2023-08-14,5194.0,56.0,,
Australia,2023-08-15,0.0,0.0,,
Australia,2023-08-16,0.0,0.0,,
Australia,2023-08-17,0.0,0.0,,
Australia,2023-08-18,0.0,0.0,,
Australia,2023-08-19,0.0,0.0,,
Australia,2023-08-20,0.0,0.0,,
Australia,2023-08-21,5176.0,53.0,,
Australia,2023-08-22,0.0,0.0,,
Australia,2023-08-23,0.0,0.0,,
Australia,2023-08-24,0.0,0.0,,
Australia,2023-08-25,0.0,0.0,,
Australia,2023-08-26,0.0,0.0,,
Australia,2023-08-27,0.0,0.0,,
Australia,2023-08-28,5491.0,39.0,,
Australia,2023-08-29,0.0,0.0,,
Australia,2023-08-30,0.0,0.0,,
Australia,2023-08-31,0.0,0.0,,
Australia,2023-09-01,0.0,0.0,,
Australia,2023-09-02,0.0,0.0,,
Australia,2023-09-03,0.0,0.0,,
Australia,2023-09-04,5033.0,40.0,,
Australia,2023-09-05,0.0,0.0,,
Australia,2023-09-06,0.0,0.0,,
Australia,2023-09-07,0.0,0.0,68653247.0,
Australia,2023-09-08,0.0,0.0,,
Australia,2023-09-09,0.0,0.0,,
Australia,2023-09-10,0.0,0.0,,
Australia,2023-09-11,5017.0,38.0,,
Australia,2023-09-12,0.0,0.0,,
Australia,2023-09-13,0.0,0.0,,
Australia,2023-09-14,0.0,0.0,,
Australia,2023-09-15,0.0,0.0,,
Australia,2023-09-16,0.0,0.0,,
Australia,2023-09-17,0.0,0.0,,
Australia,2023-09-18,5189.0,37.0,,
Australia,2023-09-19,0.0,0.0,,
Australia,2023-09-20,0.0,0.0,,
Australia,2023-09-21,0.0,0.0,,
Australia,2023-09-22,0.0,0.0,,
Australia,2023-09-23,0.0,0.0,,
Australia,2023-09-24,0.0,0.0,,
Australia,2023-09-25,5393.0,33.0,,
Australia,2023-09-26,0.0,0.0,,
Australia,2023-09-27,0.0,0.0,,
Australia,2023-09-28,0.0,0.0,,
Australia,2023-09-29,0.0,0.0,,
Australia,2023-09-30,0.0,0.0,,
Australia,2023-10-01,0.0,0.0,,
Australia,2023-10-02,5561.0,78.0,,
Australia,2023-10-03,0.0,0.0,,
Australia,2023-10-04,0.0,0.0,,
Australia,2023-10-05,0.0,0.0,68770769.0,
Australia,2023-10-06,0.0,0.0,,
Australia,2023-10-07,0.0,0.0,,
Australia,2023-10-08,0.0,0.0,,
Australia,2023-10-09,4691.0,45.0,,
Australia,2023-10-10,0.0,0.0,,
Australia,2023-10-11,0.0,0.0,,
Australia,2023-10-12,0.0,0.0,,
Australia,2023-10-13,0.0,0.0,,
Australia,2023-10-14,0.0,0.0,,
Australia,2023-10-15,0.0,0.0,,
Australia,2023-10-16,5358.0,52.0,,
Australia,2023-10-17,0.0,0.0,,
Australia,2023-10-18,0.0,0.0,,
Australia,2023-10-19,0.0,0.0,,
Australia,2023-10-20,0.0,0.0,,
Australia,2023-10-21,0.0,0.0,,
Australia,2023-10-22,0.0,0.0,,
Australia,2023-10-23,6347.0,72.0,,
Australia,2023-10-24,0.0,0.0,,
Australia,2023-10-25,0.0,0.0,,
Australia,2023-10-26,0.0,0.0,,
Australia,2023-10-27,0.0,0.0,,
Australia,2023-10-28,0.0,0.0,,
Australia,2023-10-29,0.0,0.0,,
Australia,2023-10-30,7687.0,51.0,,
Australia,2023-10-31,0.0,0.0,,
Australia,2023-11-01,0.0,0.0,,
Australia,2023-11-02,0.0,0.0,,
Australia,2023-11-03,0.0,0.0,,
Australia,2023-11-04,0.0,0.0,,
Australia,2023-11-05,0.0,0.0,,
Australia,2023-11-06,10293.0,113.0,,
Australia,2023-11-07,0.0,0.0,,
Australia,2023-11-08,0.0,0.0,,
Australia,2023-11-09,0.0,0.0,,
Australia,2023-11-10,0.0,0.0,,
Australia,2023-11-11,0.0,0.0,,
Australia,2023-11-12,0.0,0.0,,
Australia,2023-11-13,10799.0,91.0,,
Australia,2023-11-14,0.0,0.0,,
Australia,2023-11-15,0.0,0.0,,
Australia,2023-11-16,0.0,0.0,,
Australia,2023-11-17,0.0,0.0,,
Australia,2023-11-18,0.0,0.0,,
Australia,2023-11-19,0.0,0.0,,
Australia,2023-11-20,10282.0,89.0,,
Australia,2023-11-21,0.0,0.0,,
Australia,2023-11-22,0.0,0.0,,
Australia,2023-11-23,0.0,0.0,,
Australia,2023-11-24,0.0,0.0,,
Australia,2023-11-25,0.0,0.0,,
Australia,2023-11-26,0.0,0.0,,
Australia,2023-11-27,9620.0,152.0,,
Australia,2023-11-28,0.0,0.0,,
Australia,2023-11-29,0.0,0.0,,
Australia,2023-11-30,0.0,0.0,,
Australia,2023-12-01,,,,
Australia,2023-12-02,,,,
Australia,2023-12-03,,,,
Australia,2023-12-04,9981.0,172.0,,
Australia,2023-12-05,,,,
Australia,2023-12-06,,,,
Australia,2023-12-07,,,69306345.0,
Australia,2023-12-08,,,,
Australia,2023-12-09,,,,
Australia,2023-12-10,,,,
Australia,2023-12-11,10497.0,92.0,,
Australia,2023-12-12,,,,
Australia,2023-12-13,,,,
Australia,2023-12-14,,,,
Australia,2023-12-15,,,,
Australia,2023-12-16,,,,
Australia,2023-12-17,,,,
Australia,2023-12-18,11146.0,64.0,,
Australia,2023-12-19,,,,
Australia,2023-12-20,,,,
Australia,2023-12-21,,,,
Australia,2023-12-22,,,,
Australia,2023-12-23,,,,
Australia,2023-12-24,,,,
Australia,2023-12-25,10734.0,71.0,,
Australia,2023-12-26,,,,
Australia,2023-12-27,,,,
Australia,2023-12-28,,,,
Australia,2023-12-29,,,,
Australia,2023-12-30,,,,
Australia,2023-12-31,,,69686752.0,
Australia,2024-01-01,9818.0,63.0,,
Australia,2024-01-02,,,,
Australia,2024-01-03,,,,
Australia,2024-01-04,,,,
Australia,2024-01-05,,,,
Australia,2024-01-06,,,,
Australia,2024-01-07,,,,
Australia,2024-01-08,11054.0,60.0,,
Australia,2024-01-09,,,,
Australia,2024-01-10,,,,
Australia,2024-01-11,,,,
Australia,2024-01-12,,,,
Australia,2024-01-13,,,,
Australia,2024-01-14,,,,
Australia,2024-01-15,10792.0,137.0,,
Australia,2024-01-16,,,,
Australia,2024-01-17,,,,
Australia,2024-01-18,,,,
Australia,2024-01-19,,,,
Australia,2024-01-20,,,,
Australia,2024-01-21,,,,
Australia,2024-01-22,9043.0,53.0,,
Australia,2024-01-23,,,,
Australia,2024-01-24,,,,
Australia,2024-01-25,,,,
Australia,2024-01-26,,,,
Australia,2024-01-27,,,,
Australia,2024-01-28,,,,
Australia,2024-01-29,7918.0,53.0,,
Australia,2024-01-30,,,,
Australia,2024-01-31,,,,
Australia,2024-02-01,,,,
Australia,2024-02-02,,,,
Australia,2024-02-03,,,,
Australia,2024-02-04,,,,
Australia,2024-02-05,8100.0,75.0,,
Australia,2024-02-06,,,,
Australia,2024-02-07,,,,
Australia,2024-02-08,,,,
Australia,2024-02-09,,,,
Australia,2024-02-10,,,,
Australia,2024-02-11,,,,
Australia,2024-02-12,7461.0,58.0,,
Australia,2024-02-13,,,,
Australia,2024-02-14,,,,
Australia,2024-02-15,,,,
Australia,2024-02-16,,,,
Australia,2024-02-17,,,,
Australia,2024-02-18,,,,
Australia,2024-02-19,7398.0,40.0,,
Australia,2024-02-20,,,,
Australia,2024-02-21,,,,
Australia,2024-02-22,,,,
Australia,2024-02-23,,,,
Australia,2024-02-24,,,,
Australia,2024-02-25,,,,
Australia,2024-02-26,7388.0,42.0,,
Australia,2024-02-27,,,,
Australia,2024-02-28,,,,
Australia,2024-02-29,,,,
Australia,2024-03-01,,,,
Australia,2024-03-02,,,,
Australia,2024-03-03,,,,
Australia,2024-03-04,6719.0,33.0,,
Australia,2024-03-05,,,,
Australia,2024-03-06,,,,
Australia,2024-03-07,,,,
Australia,2024-03-08,,,,
Australia,2024-03-09,,,,
Australia,2024-03-10,,,,
Australia,2024-03-11,6514.0,,,
Australia,2024-03-12,,,,
Australia,2024-03-13,,,,
Australia,2024-03-14,,,,
Australia,2024-03-15,,,,
Australia,2024-03-16,,,,
Australia,2024-03-17,,,,
Australia,2024-03-18,5201.0,47.0,,
Australia,2024-03-19,,,,
Australia,2024-03-20,,,,
Australia,2024-03-21,,,,
Australia,2024-03-22,,,,
Australia,2024-03-23,,,,
Australia,2024-03-24,,,,
Australia,2024-03-25,4698.0,34.0,,
Australia,2024-03-26,,,,
Australia,2024-03-27,,,,
Australia,2024-03-28,,,,
Australia,2024-03-29,,,,
Australia,2024-03-30,,,,
Australia,2024-03-31,,,,
Australia,2024-04-01,4281.0,51.0,,
Australia,2024-04-02,,,,
Australia,2024-04-03,,,,
Australia,2024-04-04,,,,
Australia,2024-04-05,,,,
Australia,2024-04-06,,,,
Australia,2024-04-07,,,,
Australia,2024-04-08,4522.0,41.0,,
Australia,2024-04-09,,,,
Australia,2024-04-10,,,,
Australia,2024-04-11,,,,
Australia,2024-04-12,,,,
Australia,2024-04-13,,,,
Australia,2024-04-14,,,,
Australia,2024-04-15,4424.0,34.0,,
Australia,2024-04-16,,,,
Australia,2024-04-17,,,,
Australia,2024-04-18,,,,
Australia,2024-04-19,,,,
Australia,2024-04-20,,,,
Australia,2024-04-21,,,,
Australia,2024-04-22,4657.0,21.0,,
Australia,2024-04-23,,,,
Australia,2024-04-24,,,,
Australia,2024-04-25,,,,
Australia,2024-04-26,,,,
Australia,2024-04-27,,,,
Australia,2024-04-28,,,,
Australia,2024-04-29,4866.0,16.0,,
Australia,2024-04-30,,,,
Australia,2024-05-01,,,,
Australia,2024-05-02,,,,
Australia,2024-05-03,,,,
Australia,2024-05-04,,,,
Australia,2024-05-05,,,,
Australia,2024-05-06,6769.0,18.0,,
Australia,2024-05-07,,,,
Australia,2024-05-08,,,,
Australia,2024-05-09,,,,
Australia,2024-05-10,,,,
Australia,2024-05-11,,,,
Australia,2024-05-12,,,,
Australia,2024-05-13,8003.0,16.0,,
Australia,2024-05-14,,,,
Australia,2024-05-15,,,,
Australia,2024-05-16,,,,
Australia,2024-05-17,,,,
Australia,2024-05-18,,,,
Australia,2024-05-19,,,,
Australia,2024-05-20,,,,
Australia,2024-05-21,,,,
Australia,2024-05-22,,,,
Australia,2024-05-23,,,,
Australia,2024-05-24,,,,
Australia,2024-05-25,,,,
Australia,2024-05-26,,,,
Australia,2024-05-27,,,,
Australia,2024-05-28,,,,
Australia,2024-05-29,,,,
Australia,2024-05-30,,,,
Australia,2024-05-31,,,,
Australia,2024-06-01,,,,
Australia,2024-06-02,,,,
Australia,2024-06-03,,,,
Australia,2024-06-04,,,,
Australia,2024-06-05,,,,
Australia,2024-06-06,,,,
Australia,2024-06-07,,,,
Australia,2024-06-08,,,,
Australia,2024-06-09,,,,
Australia,2024-06-10,,,,
Australia,2024-06-11,,,,
Australia,2024-06-12,,,,
Australia,2024-06-13,,,,
Australia,2024-06-14,,,,
Australia,2024-06-15,,,,
Australia,2024-06-16,,,,
Australia,2024-06-17,,,,
Australia,2024-06-18,,,,
Australia,2024-06-19,,,,
Australia,2024-06-20,,,,
Australia,2024-06-21,,,,
Australia,2024-06-22,,,,
Australia,2024-06-23,,,,
Australia,2024-06-24,,,,
Australia,2024-06-25,,,,
Australia,2024-06-26,,,,
Australia,2024-06-27,,,,
Australia,2024-06-28,,,,
Australia,2024-06-29,,,,
Australia,2024-06-30,,,,
Australia,2024-07-01,,,,
Australia,2024-07-02,,,,
Australia,2024-07-03,,,,
Australia,2024-07-04,,,,
Australia,2024-07-05,,,,
Australia,2024-07-06,,,,
Australia,2024-07-07,,,,
Australia,2024-07-08,,,,
Australia,2024-07-09,,,,
Australia,2024-07-10,,,,
Australia,2024-07-11,,,,
Australia,2024-07-12,,,,
Australia,2024-07-13,,,,
Australia,2024-07-14,,,,
Australia,2024-07-15,,,,
Australia,2024-07-16,,,,
Australia,2024-07-17,,,,
Australia,2024-07-18,,,,
Australia,2024-07-19,,,,
Australia,2024-07-20,,,,
Australia,2024-07-21,,,,
Australia,2024-07-22,,,,
Australia,2024-07-23,,,,
Australia,2024-07-24,,,,
Australia,2024-07-25,,,,
Australia,2024-07-26,,,,
Australia,2024-07-27,,,,
Australia,2024-07-28,,,,
Australia,2024-07-29,,,,
Australia,2024-07-30,,,,
Australia,2024-07-31,,,,
Australia,2024-08-01,,,,
Australia,2024-08-02,,,,
Australia,2024-08-03,,,,
Australia,2024-08-04,,,,
Australia,2024-08-05,,,,
Australia,2024-08-06,,,,
Australia,2024-08-07,,,,
Australia,2024-08-08,,,,
Australia,2024-08-09,,,,
Australia,2024-08-10,,,,
Australia,2024-08-11,,,,
Australia,2024-08-12,,,,
Australia,2024-08-13,,,,
Australia,2024-08-14,,,,
Australia,2024-08-15,,,,
Australia,2024-08-16,,,,
Australia,2024-08-17,,,,
Australia,2024-08-18,,,,
Australia,2024-08-19,,,,
Australia,2024-08-20,,,,
Australia,2024-08-21,,,,
Australia,2024-08-22,,,,
Australia,2024-08-23,,,,
Australia,2024-08-24,,,,
Australia,2024-08-25,,,,
Australia,2024-08-26,,,,
Australia,2024-08-27,,,,
Australia,2024-08-28,,,,
Australia,2024-08-29,,,,
Australia,2024-08-30,,,,
Australia,2024-08-31,,,,
Australia,2024-09-01,,,,
Australia,2024-09-02,,,,
Australia,2024-09-03,,,,
Australia,2024-09-04,,,,
Australia,2024-09-05,,,,
Australia,2024-09-06,,,,
Australia,2024-09-07,,,,
Australia,2024-09-08,,,,
Australia,2024-09-09,,,,
Australia,2024-09-10,,,,
Australia,2024-09-11,,,,
Australia,2024-09-12,,,,
Australia,2024-09-13,,,,
Australia,2024-09-14,,,,
Australia,2024-09-15,,,,
Australia,2024-09-16,,,,
Australia,2024-09-17,,,,
Australia,2024-09-18,,,,
Australia,2024-09-19,,,,
Australia,2024-09-20,,,,
Australia,2024-09-21,,,,
Australia,2024-09-22,,,,
Australia,2024-09-23,,,,
Australia,2024-09-24,,,,
Australia,2024-09-25,,,,
Australia,2024-09-26,,,,
Australia,2024-09-27,,,,
Australia,2024-09-28,,,,
Australia,2024-09-29,,,,
Australia,2024-09-30,,,,
Australia,2024-10-01,,,,
Australia,2024-10-02,,,,
Australia,2024-10-03,,,,
Australia,2024-10-04,,,,
Australia,2024-10-05,,,,
Australia,2024-10-06,,,,
Australia,2024-10-07,,,,
Australia,2024-10-08,,,,
Australia,2024-10-09,,,,
Australia,2024-10-10,,,,
Australia,2024-10-11,,,,
Australia,2024-10-12,,,,
Australia,2024-10-13,,,,
Australia,2024-10-14,,,,
Australia,2024-10-15,,,,
Australia,2024-10-16,,,,
Australia,2024-10-17,,,,
Australia,2024-10-18,,,,
Australia,2024-10-19,,,,
Australia,2024-10-20,,,,
Australia,2024-10-21,,,,
Australia,2024-10-22,,,,
Australia,2024-10-23,,,,
Australia,2024-10-24,,,,
Australia,2024-10-25,,,,
Australia,2024-10-26,,,,
Australia,2024-10-27,,,,
Australia,2024-10-28,,,,
Australia,2024-10-29,,,,
Australia,2024-10-30,,,,
Australia,2024-10-31,,,,
Australia,2024-11-01,,,,
Australia,2024-11-02,,,,
Australia,2024-11-03,,,,
Australia,2024-11-04,,,,
Australia,2024-11-05,,,,
Australia,2024-11-06,,,,
Australia,2024-11-07,,,,
Australia,2024-11-08,,,,
Australia,2024-11-09,,,,
Australia,2024-11-10,,,,
Australia,2024-11-11,,,,
Australia,2024-11-12,,,,
Australia,2024-11-13,,,,
Australia,2024-11-14,,,,
Australia,2024-11-15,,,,
Australia,2024-11-16,,,,
Australia,2024-11-17,,,,
Australia,2024-11-18,,,,
Australia,2024-11-19,,,,
Australia,2024-11-20,,,,
Australia,2024-11-21,,,,
Australia,2024-11-22,,,,
Australia,2024-11-23,,,,
Australia,2024-11-24,,,,
Australia,2024-11-25,,,,
Australia,2024-11-26,,,,
Australia,2024-11-27,,,,
Australia,2024-11-28,,,,
Australia,2024-11-29,,,,
Australia,2024-11-30,,,,
Australia,2024-12-01,,,,
Australia,2024-12-02,,,,
Australia,2024-12-03,,,,
Australia,2024-12-04,,,,
Australia,2024-12-05,,,,
Australia,2024-12-06,,,,
Australia,2024-12-07,,,,
Australia,2024-12-08,,,,
Australia,2024-12-09,,,,
Australia,2024-12-10,,,,
Australia,2024-12-11,,,,
Australia,2024-12-12,,,,
Australia,2024-12-13,,,,
Australia,2024-12-14,,,,
Australia,2024-12-15,,,,
Australia,2024-12-16,,,,
Australia,2024-12-17,,,,
Australia,2024-12-18,,,,
Australia,2024-12-19,,,,
Australia,2024-12-20,,,,
Australia,2024-12-21,,,,
Australia,2024-12-22,,,,
Australia,2024-12-23,,,,
Australia,2024-12-24,,,,
Australia,2024-12-25,,,,
Australia,2024-12-26,,,,
Australia,2024-12-27,,,,
Australia,2024-12-28,,,,
Australia,2024-12-29,,,,
Australia,2024-12-30,,,,
Australia,2024-12-31,,,,
Brazil,2022-01-01,13405.0,167.0,331292259.0,47.07
Brazil,2022-01-02,10282.0,72.0,331335826.0,47.07
Brazil,2022-01-03,3986.0,49.0,332076818.0,47.06
Brazil,2022-01-04,1721.0,28.0,332903332.0,47.06
Brazil,2022-01-05,11850.0,76.0,333627875.0,47.05
Brazil,2022-01-06,18759.0,175.0,,47.05
Brazil,2022-01-07,27267.0,129.0,,47.05
Brazil,2022-01-08,35826.0,128.0,,47.05
Brazil,2022-01-09,63292.0,181.0,335742922.0,47.03
Brazil,2022-01-10,49303.0,115.0,336825920.0,47.02
Brazil,2022-01-11,24382.0,44.0,337655171.0,47.01
Brazil,2022-01-12,34788.0,110.0,338386118.0,47.0
Brazil,2022-01-13,70765.0,147.0,339257036.0,46.99
Brazil,2022-01-14,86631.0,133.0,339988963.0,38.62
Brazil,2022-01-15,98826.0,174.0,340281915.0,38.62
Brazil,2022-01-16,112286.0,251.0,343352666.0,38.57
Brazil,2022-01-17,48520.0,175.0,347329271.0,38.51
Brazil,2022-01-18,24934.0,74.0,348164653.0,38.49
Brazil,2022-01-19,74134.0,121.0,349495232.0,38.47
Brazil,2022-01-20,137103.0,351.0,350629268.0,38.46
Brazil,2022-01-21,204854.0,338.0,351485976.0,38.44
Brazil,2022-01-22,168495.0,350.0,352744905.0,38.42
Brazil,2022-01-23,166539.0,358.0,352952210.0,38.42
Brazil,2022-01-24,157393.0,238.0,354878131.0,38.4
Brazil,2022-01-25,135080.0,296.0,355987219.0,34.53
Brazil,2022-01-26,80340.0,259.0,357132990.0,34.52
Brazil,2022-01-27,186722.0,487.0,358789930.0,34.5
Brazil,2022-01-28,224567.0,570.0,360492730.0,34.49
Brazil,2022-01-29,228954.0,672.0,361165196.0,34.48
Brazil,2022-01-30,269968.0,799.0,361309679.0,34.48
Brazil,2022-01-31,179816.0,640.0,362503209.0,34.47
Brazil,2022-02-01,134175.0,330.0,363827251.0,34.46
Brazil,2022-02-02,77947.0,284.0,365113872.0,34.44
Brazil,2022-02-03,193465.0,929.0,366488450.0,34.42
Brazil,2022-02-04,172903.0,893.0,367778211.0,34.4
Brazil,2022-02-05,298408.0,1041.0,368572365.0,34.39
Brazil,2022-02-06,184311.0,493.0,369521071.0,34.38
Brazil,2022-02-07,197442.0,1308.0,370659862.0,38.08
Brazil,2022-02-08,59737.0,391.0,371840433.0,38.06
Brazil,2022-02-09,66583.0,428.0,373331749.0,38.04
Brazil,2022-02-10,177027.0,1189.0,375028165.0,38.0
Brazil,2022-02-11,178814.0,1264.0,376813738.0,37.98
Brazil,2022-02-12,164066.0,943.0,377626315.0,37.97
Brazil,2022-02-13,166009.0,1135.0,378011196.0,38.77
Brazil,2022-02-14,140234.0,896.0,378917750.0,38.76
Brazil,2022-02-15,54220.0,314.0,379776348.0,38.75
Brazil,2022-02-16,58540.0,473.0,380878261.0,38.73
Brazil,2022-02-17,120549.0,854.0,382196732.0,38.71
Brazil,2022-02-18,147734.0,1085.0,384112607.0,38.68
Brazil,2022-02-19,131049.0,1128.0,385030790.0,38.66
Brazil,2022-02-20,121027.0,1127.0,385406305.0,38.66
Brazil,2022-02-21,108725.0,851.0,386298288.0,38.64
Brazil,2022-02-22,40625.0,406.0,387226162.0,34.92
Brazil,2022-02-23,37339.0,318.0,388306875.0,34.89
Brazil,2022-02-24,105776.0,816.0,389748374.0,34.86
Brazil,2022-02-25,133563.0,999.0,391253145.0,34.84
Brazil,2022-02-26,93757.0,971.0,391785022.0,34.83
Brazil,2022-02-27,,,391970436.0,34.82
Brazil,2022-02-28,165403.0,1523.0,392763634.0,34.79
Brazil,2022-03-01,24054.0,221.0,392925626.0,34.79
Brazil,2022-03-02,19516.0,199.0,,34.79
Brazil,2022-03-03,23545.0,297.0,394111796.0,34.99
Brazil,2022-03-04,30995.0,370.0,394812859.0,34.97
Brazil,2022-03-05,61870.0,578.0,395464826.0,34.96
Brazil,2022-03-06,69769.0,677.0,395658972.0,34.96
Brazil,2022-03-07,59253.0,672.0,396537303.0,34.94
Brazil,2022-03-08,15961.0,216.0,397386286.0,34.93
Brazil,2022-03-09,20456.0,198.0,398449118.0,34.91
Brazil,2022-03-10,68893.0,488.0,400536072.0,34.84
Brazil,2022-03-11,54906.0,669.0,401272006.0,34.82
Brazil,2022-03-12,56635.0,588.0,402357624.0,34.81
Brazil,2022-03-13,55211.0,470.0,402573315.0,34.8
Brazil,2022-03-14,45020.0,389.0,403286505.0,34.79
Brazil,2022-03-15,18642.0,133.0,403856898.0,34.78
Brazil,2022-03-16,11287.0,171.0,404885141.0,34.75
Brazil,2022-03-17,52094.0,336.0,405634648.0,34.74
Brazil,2022-03-18,45882.0,355.0,406685448.0,34.72
Brazil,2022-03-19,49601.0,485.0,407274462.0,34.71
Brazil,2022-03-20,45472.0,373.0,407435784.0,34.7
Brazil,2022-03-21,44154.0,304.0,408348030.0,34.69
Brazil,2022-03-22,13218.0,103.0,408961974.0,34.67
Brazil,2022-03-23,11110.0,97.0,409606978.0,34.66
Brazil,2022-03-24,41021.0,394.0,410175836.0,34.65
Brazil,2022-03-25,47376.0,302.0,410860641.0,34.64
Brazil,2022-03-26,37690.0,312.0,411116197.0,34.63
Brazil,2022-03-27,34576.0,256.0,411548202.0,34.62
Brazil,2022-03-28,,,412177025.0,34.61
Brazil,2022-03-29,40161.0,313.0,413559595.0,34.59
Brazil,2022-03-30,9923.0,77.0,414606124.0,34.57
Brazil,2022-03-31,30056.0,285.0,415350921.0,34.55
Brazil,2022-04-01,33937.0,263.0,,33.16
Brazil,2022-04-02,31561.0,253.0,,33.16
Brazil,2022-04-03,27270.0,245.0,416625503.0,33.14
Brazil,2022-04-04,17062.0,106.0,417150367.0,33.13
Brazil,2022-04-05,7210.0,39.0,418081276.0,33.12
Brazil,2022-04-06,13361.0,165.0,418988804.0,33.1
Brazil,2022-04-07,27331.0,216.0,419669076.0,33.09
Brazil,2022-04-08,27120.0,195.0,420411074.0,33.07
Brazil,2022-04-09,26502.0,250.0,420841281.0,33.07
Brazil,2022-04-10,30212.0,149.0,421028480.0,33.06
Brazil,2022-04-11,21229.0,98.0,421634418.0,33.05
Brazil,2022-04-12,7210.0,38.0,422368139.0,33.04
Brazil,2022-04-13,8803.0,69.0,422804515.0,33.03
Brazil,2022-04-14,22724.0,166.0,423594585.0,33.02
Brazil,2022-04-15,26924.0,163.0,,29.52
Brazil,2022-04-16,23171.0,140.0,,29.52
Brazil,2022-04-17,13278.0,111.0,424058492.0,29.51
Brazil,2022-04-18,2775.0,31.0,424403120.0,29.5
Brazil,2022-04-19,2541.0,22.0,425301193.0,29.48
Brazil,2022-04-20,8470.0,66.0,426002158.0,29.46
Brazil,2022-04-21,14131.0,125.0,426445178.0,29.45
Brazil,2022-04-22,36750.0,263.0,,29.45
Brazil,2022-04-23,18660.0,92.0,426683997.0,29.44
Brazil,2022-04-24,8068.0,51.0,426686042.0,29.44
Brazil,2022-04-25,6957.0,53.0,426987455.0,29.43
Brazil,2022-04-26,3809.0,36.0,427262945.0,29.42
Brazil,2022-04-27,6456.0,76.0,428179278.0,29.4
Brazil,2022-04-28,22142.0,144.0,428748714.0,29.39
Brazil,2022-04-29,20943.0,245.0,429202399.0,29.38
Brazil,2022-04-30,19916.0,114.0,,29.38
Brazil,2022-05-01,14122.0,185.0,429613287.0,29.37
Brazil,2022-05-02,15194.0,87.0,430000411.0,29.36
Brazil,2022-05-03,6263.0,16.0,430435333.0,29.35
Brazil,2022-05-04,6498.0,89.0,430951275.0,29.33
Brazil,2022-05-05,21432.0,92.0,431278922.0,29.32
Brazil,2022-05-06,20072.0,65.0,431859321.0,29.31
Brazil,2022-05-07,21682.0,137.0,432025086.0,29.31
Brazil,2022-05-08,19725.0,195.0,432134475.0,29.31
Brazil,2022-05-09,14622.0,35.0,432354816.0,29.3
Brazil,2022-05-10,6006.0,13.0,432639345.0,29.29
Brazil,2022-05-11,9709.0,53.0,434019486.0,29.26
Brazil,2022-05-12,20143.0,198.0,435017274.0,29.25
Brazil,2022-05-13,23398.0,126.0,435185477.0,29.25
Brazil,2022-05-14,21344.0,125.0,435226309.0,29.25
Brazil,2022-05-15,25609.0,139.0,435243423.0,29.25
Brazil,2022-05-16,17355.0,92.0,435312095.0,29.25
Brazil,2022-05-17,6296.0,46.0,,29.25
Brazil,2022-05-18,13510.0,69.0,436276886.0,29.22
Brazil,2022-05-19,26386.0,229.0,436936651.0,29.22
Brazil,2022-05-20,13525.0,103.0,437099610.0,29.21
Brazil,2022-05-21,10415.0,114.0,437142038.0,29.21
Brazil,2022-05-22,10187.0,60.0,,29.21
Brazil,2022-05-23,16194.0,35.0,,29.21
Brazil,2022-05-24,12613.0,99.0,,29.21
Brazil,2022-05-25,12775.0,39.0,,29.21
Brazil,2022-05-26,32820.0,239.0,438839760.0,29.18
Brazil,2022-05-27,9787.0,132.0,440230116.0,29.17
Brazil,2022-05-28,33910.0,143.0,440558613.0,29.16
Brazil,2022-05-29,40633.0,139.0,440647763.0,29.16
Brazil,2022-05-30,24239.0,72.0,440887471.0,29.15
Brazil,2022-05-31,8195.0,62.0,441054017.0,29.15
Brazil,2022-06-01,24082.0,63.0,441279964.0,29.15
Brazil,2022-06-02,41377.0,160.0,,29.15
Brazil,2022-06-03,40979.0,125.0,442571325.0,29.12
Brazil,2022-06-04,41273.0,127.0,443278533.0,29.12
Brazil,2022-06-05,36189.0,43.0,443475532.0,29.11
Brazil,2022-06-06,15590.0,26.0,443829496.0,29.11
Brazil,2022-06-07,6266.0,8.0,444537453.0,29.1
Brazil,2022-06-08,35783.0,36.0,445097070.0,29.09
Brazil,2022-06-09,71045.0,307.0,446745262.0,28.97
Brazil,2022-06-10,49614.0,299.0,,28.97
Brazil,2022-06-11,45073.0,143.0,447416630.0,28.95
Brazil,2022-06-12,56491.0,170.0,447455088.0,28.95
Brazil,2022-06-13,27796.0,114.0,447773835.0,27.51
Brazil,2022-06-14,11728.0,36.0,448234610.0,27.5
Brazil,2022-06-15,40173.0,70.0,448567375.0,27.5
Brazil,2022-06-16,44441.0,174.0,449034484.0,27.49
Brazil,2022-06-17,70290.0,339.0,449187010.0,27.48
Brazil,2022-06-18,32934.0,151.0,449291596.0,27.48
Brazil,2022-06-19,28672.0,72.0,449339384.0,27.48
Brazil,2022-06-20,20127.0,94.0,449796728.0,27.47
Brazil,2022-06-21,10691.0,55.0,450342490.0,27.47
Brazil,2022-06-22,50272.0,96.0,450847767.0,27.46
Brazil,2022-06-23,64362.0,229.0,451276207.0,27.45
Brazil,2022-06-24,71906.0,140.0,451641403.0,27.45
Brazil,2022-06-25,72049.0,365.0,451645589.0,27.45
Brazil,2022-06-26,60384.0,334.0,451787907.0,27.45
Brazil,2022-06-27,38793.0,140.0,452218476.0,27.44
Brazil,2022-06-28,16679.0,36.0,,27.44
Brazil,2022-06-29,51678.0,127.0,454770759.0,27.41
Brazil,2022-06-30,76638.0,316.0,454854179.0,27.41
Brazil,2022-07-01,75925.0,277.0,455499598.0,27.39
Brazil,2022-07-02,75139.0,291.0,455720321.0,27.39
Brazil,2022-07-03,76045.0,284.0,456101065.0,27.38
Brazil,2022-07-04,37784.0,158.0,456903089.0,27.38
Brazil,2022-07-05,18575.0,53.0,457240603.0,27.37
Brazil,2022-07-06,45501.0,122.0,,27.37
Brazil,2022-07-07,74591.0,396.0,458043955.0,27.36
Brazil,2022-07-08,77166.0,361.0,,27.36
Brazil,2022-07-09,72050.0,283.0,458439642.0,27.36
Brazil,2022-07-10,71114.0,266.0,458522879.0,27.35
Brazil,2022-07-11,43657.0,215.0,459647933.0,27.35
Brazil,2022-07-12,,,,27.35
Brazil,2022-07-13,66006.0,204.0,460051351.0,27.34
Brazil,2022-07-14,64048.0,344.0,461148848.0,27.33
Brazil,2022-07-15,72224.0,380.0,,27.33
Brazil,2022-07-16,65379.0,297.0,461493406.0,27.32
Brazil,2022-07-17,107959.0,311.0,461568115.0,27.32
Brazil,2022-07-18,40149.0,205.0,,27.32
Brazil,2022-07-19,10852.0,55.0,,27.32
Brazil,2022-07-20,38697.0,168.0,,27.32
Brazil,2022-07-21,57999.0,353.0,,27.32
Brazil,2022-07-22,56480.0,346.0,,27.32
Brazil,2022-07-23,51433.0,269.0,,27.32
Brazil,2022-07-24,,,465319009.0,27.27
Brazil,2022-07-25,75806.0,441.0,,25.72
Brazil,2022-07-26,9823.0,37.0,,25.72
Brazil,2022-07-27,30609.0,179.0,,25.72
Brazil,2022-07-28,37914.0,351.0,,25.72
Brazil,2022-07-29,44514.0,310.0,,25.72
Brazil,2022-07-30,44592.0,265.0,,25.72
Brazil,2022-07-31,41713.0,244.0,,25.72
Brazil,2022-08-01,22889.0,173.0,,25.72
Brazil,2022-08-02,20313.0,28.0,,25.72
Brazil,2022-08-03,22064.0,201.0,,25.72
Brazil,2022-08-04,34464.0,295.0,,25.72
Brazil,2022-08-05,33633.0,265.0,,23.97
Brazil,2022-08-06,40433.0,261.0,,23.97
Brazil,2022-08-07,29976.0,222.0,,23.97
Brazil,2022-08-08,16703.0,181.0,465620128.0,23.94
Brazil,2022-08-09,7198.0,57.0,465843376.0,23.94
Brazil,2022-08-10,17409.0,170.0,466047379.0,23.94
Brazil,2022-08-11,30220.0,365.0,466464500.0,23.94
Brazil,2022-08-12,30935.0,255.0,466850155.0,23.93
Brazil,2022-08-13,27644.0,220.0,,23.93
Brazil,2022-08-14,23552.0,247.0,467002964.0,23.93
Brazil,2022-08-15,17726.0,147.0,467119772.0,23.93
Brazil,2022-08-16,4429.0,37.0,,23.93
Brazil,2022-08-17,7954.0,120.0,,23.93
Brazil,2022-08-18,23040.0,206.0,468196498.0,23.93
Brazil,2022-08-19,21927.0,247.0,468240252.0,23.92
Brazil,2022-08-20,22167.0,206.0,468323757.0,23.92
Brazil,2022-08-21,18863.0,142.0,468339633.0,23.92
Brazil,2022-08-22,15548.0,144.0,468400138.0,23.92
Brazil,2022-08-23,5079.0,47.0,468580889.0,23.92
Brazil,2022-08-24,6218.0,122.0,468684685.0,23.92
Brazil,2022-08-25,20241.0,203.0,468741076.0,23.92
Brazil,2022-08-26,18277.0,202.0,468802225.0,23.92
Brazil,2022-08-27,21039.0,157.0,468830167.0,23.92
Brazil,2022-08-28,18270.0,164.0,468834023.0,23.92
Brazil,2022-08-29,12386.0,75.0,470058345.0,22.22
Brazil,2022-08-30,3452.0,22.0,470115910.0,22.22
Brazil,2022-08-31,12458.0,128.0,470327404.0,22.22
Brazil,2022-09-01,16806.0,229.0,470483060.0,22.22
Brazil,2022-09-02,15842.0,114.0,470528623.0,22.22
Brazil,2022-09-03,14821.0,182.0,470708499.0,22.22
Brazil,2022-09-04,11471.0,115.0,470745558.0,22.22
Brazil,2022-09-05,11722.0,92.0,470784030.0,22.22
Brazil,2022-09-06,9672.0,71.0,470898070.0,22.22
Brazil,2022-09-07,,,470910315.0,22.22
Brazil,2022-09-08,13392.0,155.0,470943250.0,22.22
Brazil,2022-09-09,8892.0,57.0,471130593.0,22.22
Brazil,2022-09-10,4206.0,85.0,471187373.0,22.22
Brazil,2022-09-11,12710.0,91.0,471204985.0,22.22
Brazil,2022-09-12,9409.0,40.0,471266090.0,22.22
Brazil,2022-09-13,,,471378826.0,22.22
Brazil,2022-09-14,7809.0,45.0,471541070.0,22.22
Brazil,2022-09-15,10420.0,104.0,471637254.0,22.22
Brazil,2022-09-16,14525.0,119.0,471683198.0,22.22
Brazil,2022-09-17,9931.0,82.0,471818420.0,22.22
Brazil,2022-09-18,10252.0,97.0,471848842.0,22.22
Brazil,2022-09-19,2978.0,34.0,471886071.0,22.22
Brazil,2022-09-20,4984.0,42.0,471922157.0,22.22
Brazil,2022-09-21,4980.0,52.0,472074264.0,22.22
Brazil,2022-09-22,8741.0,90.0,,22.22
Brazil,2022-09-23,7179.0,86.0,472271029.0,22.22
Brazil,2022-09-24,8708.0,73.0,472338682.0,22.22
Brazil,2022-09-25,7772.0,73.0,472364620.0,22.22
Brazil,2022-09-26,6567.0,32.0,472820035.0,22.22
Brazil,2022-09-27,1226.0,23.0,472853663.0,22.22
Brazil,2022-09-28,6068.0,30.0,472972308.0,22.22
Brazil,2022-09-29,8289.0,46.0,,22.22
Brazil,2022-09-30,7613.0,46.0,,22.22
Brazil,2022-10-01,9541.0,51.0,,22.22
Brazil,2022-10-02,8793.0,58.0,,22.22
Brazil,2022-10-03,5986.0,218.0,,22.22
Brazil,2022-10-04,1023.0,66.0,,22.22
Brazil,2022-10-05,4996.0,51.0,,22.22
Brazil,2022-10-06,7367.0,93.0,,22.22
Brazil,2022-10-07,7121.0,109.0,473061343.0,22.22
Brazil,2022-10-08,8216.0,133.0,473061574.0,22.22
Brazil,2022-10-09,7904.0,97.0,473061603.0,22.22
Brazil,2022-10-10,3888.0,39.0,473062582.0,22.22
Brazil,2022-10-11,482.0,9.0,473062796.0,22.22
Brazil,2022-10-12,4682.0,26.0,,22.22
Brazil,2022-10-13,7350.0,86.0,473081170.0,22.22
Brazil,2022-10-14,5114.0,63.0,473081511.0,22.22
Brazil,2022-10-15,3212.0,43.0,473081752.0,22.22
Brazil,2022-10-16,6597.0,75.0,473081842.0,22.22
Brazil,2022-10-17,2216.0,9.0,473082944.0,22.22
Brazil,2022-10-18,380.0,2.0,473101078.0,22.22
Brazil,2022-10-19,5532.0,88.0,473101313.0,22.22
Brazil,2022-10-20,8283.0,83.0,473101635.0,22.22
Brazil,2022-10-21,8447.0,157.0,473101789.0,22.22
Brazil,2022-10-22,4939.0,,473101982.0,22.22
Brazil,2022-10-23,4383.0,44.0,473101996.0,22.22
Brazil,2022-10-24,1508.0,39.0,473102012.0,22.22
Brazil,2022-10-25,1636.0,8.0,473102204.0,22.22
Brazil,2022-10-26,9523.0,92.0,473102401.0,22.22
Brazil,2022-10-27,6015.0,44.0,473102633.0,22.22
Brazil,2022-10-28,7751.0,197.0,473102959.0,22.22
Brazil,2022-10-29,8183.0,55.0,,22.22
Brazil,2022-10-30,6969.0,118.0,,22.22
Brazil,2022-10-31,1842.0,11.0,473103001.0,22.22
Brazil,2022-11-01,797.0,1.0,473103290.0,22.22
Brazil,2022-11-02,3883.0,65.0,473103553.0,22.22
Brazil,2022-11-03,8286.0,62.0,,22.22
Brazil,2022-11-04,2302.0,9.0,473115692.0,22.22
Brazil,2022-11-05,6971.0,39.0,,22.22
Brazil,2022-11-06,2755.0,65.0,,22.22
Brazil,2022-11-07,1310.0,10.0,,22.22
Brazil,2022-11-08,1077.0,6.0,,22.22
Brazil,2022-11-09,4042.0,47.0,473119948.0,22.22
Brazil,2022-11-10,12661.0,92.0,,22.22
Brazil,2022-11-11,9406.0,80.0,473127683.0,22.22
Brazil,2022-11-12,12017.0,40.0,,22.22
Brazil,2022-11-13,18622.0,49.0,,22.22
Brazil,2022-11-14,3739.0,,473133683.0,22.22
Brazil,2022-11-15,994.0,2.0,,22.22
Brazil,2022-11-16,8123.0,36.0,473450995.0,22.22
Brazil,2022-11-17,2073.0,8.0,,22.22
Brazil,2022-11-18,14946.0,62.0,473453404.0,22.22
Brazil,2022-11-19,32970.0,71.0,473453735.0,22.22
Brazil,2022-11-20,28452.0,72.0,473453818.0,22.22
Brazil,2022-11-21,7714.0,13.0,473458939.0,22.22
Brazil,2022-11-22,4325.0,8.0,473459277.0,22.22
Brazil,2022-11-23,23760.0,111.0,473459811.0,22.22
Brazil,2022-11-24,16858.0,116.0,473460865.0,22.22
Brazil,2022-11-25,29884.0,117.0,473461002.0,22.22
Brazil,2022-11-26,22637.0,69.0,473461305.0,22.22
Brazil,2022-11-27,44830.0,101.0,473461456.0,22.22
Brazil,2022-11-28,,,,22.22
Brazil,2022-11-29,18698.0,37.0,474619417.0,22.22
Brazil,2022-11-30,20385.0,57.0,476264691.0,22.22
Brazil,2022-12-01,44039.0,129.0,476316566.0,22.22
Brazil,2022-12-02,33534.0,136.0,,22.22
Brazil,2022-12-03,35978.0,144.0,476352286.0,22.22
Brazil,2022-12-04,35409.0,129.0,476359177.0,22.22
Brazil,2022-12-05,24227.0,35.0,476384113.0,22.22
Brazil,2022-12-06,7332.0,15.0,,22.22
Brazil,2022-12-07,27086.0,105.0,476451791.0,22.22
Brazil,2022-12-08,55908.0,180.0,,22.22
Brazil,2022-12-09,45682.0,168.0,476477130.0,22.22
Brazil,2022-12-10,33935.0,100.0,476491315.0,22.22
Brazil,2022-12-11,,,476495347.0,22.22
Brazil,2022-12-12,39045.0,70.0,476523713.0,22.22
Brazil,2022-12-13,6777.0,7.0,476548450.0,22.22
Brazil,2022-12-14,66232.0,261.0,,22.22
Brazil,2022-12-15,,,476553058.0,22.22
Brazil,2022-12-16,107641.0,434.0,478100116.0,22.22
Brazil,2022-12-17,58421.0,203.0,478131210.0,22.22
Brazil,2022-12-18,59694.0,158.0,480155675.0,22.22
Brazil,2022-12-19,22584.0,53.0,,22.22
Brazil,2022-12-20,9868.0,20.0,480187165.0,22.22
Brazil,2022-12-21,43085.0,158.0,,22.22
Brazil,2022-12-22,56697.0,239.0,480215327.0,22.22
Brazil,2022-12-23,42681.0,181.0,480216368.0,22.22
Brazil,2022-12-24,48404.0,191.0,480272969.0,22.22
Brazil,2022-12-25,31492.0,91.0,480288516.0,22.22
Brazil,2022-12-26,,,480291721.0,22.22
Brazil,2022-12-27,,,480310839.0,22.22
Brazil,2022-12-28,66052.0,226.0,,22.22
Brazil,2022-12-29,35898.0,230.0,480331769.0,22.22
Brazil,2022-12-30,38434.0,363.0,480332769.0,22.22
Brazil,2022-12-31,37694.0,172.0,480333910.0,22.22
Brazil,2023-01-01,28866.0,119.0,480333982.0,
Brazil,2023-01-02,,,,
Brazil,2023-01-03,,,480415107.0,
Brazil,2023-01-04,31085.0,128.0,480430556.0,
Brazil,2023-01-05,28057.0,211.0,,
Brazil,2023-01-06,32715.0,219.0,482245470.0,
Brazil,2023-01-07,27674.0,158.0,482292286.0,
Brazil,2023-01-08,26402.0,210.0,482318528.0,
Brazil,2023-01-09,11172.0,27.0,482318566.0,
Brazil,2023-01-10,1664.0,11.0,482319264.0,
Brazil,2023-01-11,21236.0,100.0,482329975.0,
Brazil,2023-01-12,41146.0,68.0,482331002.0,
Brazil,2023-01-13,26433.0,103.0,482331930.0,
Brazil,2023-01-14,19070.0,148.0,482332527.0,
Brazil,2023-01-15,,,482332889.0,
Brazil,2023-01-16,26779.0,102.0,482332927.0,
Brazil,2023-01-17,3385.0,5.0,482568192.0,
Brazil,2023-01-18,12688.0,67.0,482569045.0,
Brazil,2023-01-19,24260.0,114.0,482577061.0,
Brazil,2023-01-20,12797.0,91.0,,
Brazil,2023-01-21,21031.0,472.0,482653461.0,
Brazil,2023-01-22,13976.0,101.0,482653528.0,
Brazil,2023-01-23,4650.0,66.0,,
Brazil,2023-01-24,552.0,3.0,482660379.0,
Brazil,2023-01-25,12860.0,85.0,483479123.0,
Brazil,2023-01-26,20497.0,143.0,483511611.0,
Brazil,2023-01-27,17267.0,118.0,483584812.0,
Brazil,2023-01-28,11450.0,93.0,483585204.0,
Brazil,2023-01-29,11140.0,46.0,483585261.0,
Brazil,2023-01-30,2511.0,15.0,,
Brazil,2023-01-31,483.0,2.0,483587737.0,
Brazil,2023-02-01,13553.0,133.0,,
Brazil,2023-02-02,16766.0,182.0,483637909.0,
Brazil,2023-02-03,13363.0,126.0,483959289.0,
Brazil,2023-02-04,19973.0,48.0,483961356.0,
Brazil,2023-02-05,8742.0,97.0,483962208.0,
Brazil,2023-02-06,1561.0,15.0,,
Brazil,2023-02-07,727.0,1.0,484032139.0,
Brazil,2023-02-08,9828.0,78.0,484035422.0,
Brazil,2023-02-09,9217.0,94.0,,
Brazil,2023-02-10,19899.0,50.0,,
Brazil,2023-02-11,9733.0,37.0,484302525.0,
Brazil,2023-02-12,12716.0,42.0,,
Brazil,2023-02-13,2193.0,12.0,484384204.0,
Brazil,2023-02-14,298.0,,484388358.0,
Brazil,2023-02-15,20662.0,88.0,484436984.0,
Brazil,2023-02-16,,,484442842.0,
Brazil,2023-02-17,7396.0,132.0,484445913.0,
Brazil,2023-02-18,9625.0,120.0,,
Brazil,2023-02-19,17169.0,33.0,484446084.0,
Brazil,2023-02-20,1691.0,9.0,484446127.0,
Brazil,2023-02-21,484.0,,484988616.0,
Brazil,2023-02-22,417.0,2.0,,
Brazil,2023-02-23,1880.0,11.0,,
Brazil,2023-02-24,5174.0,312.0,484995271.0,
Brazil,2023-02-25,11616.0,453.0,,
Brazil,2023-02-26,11587.0,94.0,485006494.0,
Brazil,2023-02-27,2934.0,18.0,,
Brazil,2023-02-28,952.0,1.0,485188835.0,
Brazil,2023-03-01,13813.0,59.0,,
Brazil,2023-03-02,14706.0,81.0,485219050.0,
Brazil,2023-03-03,10528.0,110.0,485247773.0,
Brazil,2023-03-04,3327.0,46.0,485257376.0,
Brazil,2023-03-05,9262.0,33.0,485257436.0,
Brazil,2023-03-06,9467.0,34.0,,
Brazil,2023-03-07,,,485268593.0,
Brazil,2023-03-08,,,485279135.0,
Brazil,2023-03-09,,,,
Brazil,2023-03-10,,,485508128.0,
Brazil,2023-03-11,,,485967890.0,
Brazil,2023-03-12,,,,
Brazil,2023-03-13,59994.0,324.0,485995326.0,
Brazil,2023-03-14,,,486174541.0,
Brazil,2023-03-15,,,,
Brazil,2023-03-16,,,486240117.0,
Brazil,2023-03-17,,,,
Brazil,2023-03-18,,,486361889.0,
Brazil,2023-03-19,,,486362655.0,
Brazil,2023-03-20,59163.0,283.0,,
Brazil,2023-03-21,,,486412239.0,
Brazil,2023-03-22,,,486436436.0,
Brazil,2023-03-23,,,,
Brazil,2023-03-24,,,,
Brazil,2023-03-25,,,,
Brazil,2023-03-26,,,,
Brazil,2023-03-27,,,,
Brazil,2023-03-28,,,,
Brazil,2023-03-29,,,,
Brazil,2023-03-30,53986.0,322.0,,
Brazil,2023-03-31,,,,
Brazil,2023-04-01,,,,
Brazil,2023-04-02,,,,
Brazil,2023-04-03,,,,
Brazil,2023-04-04,,,,
Brazil,2023-04-05,,,,
Brazil,2023-04-06,,,,
Brazil,2023-04-07,,,,
Brazil,2023-04-08,,,,
Brazil,2023-04-09,60591.0,317.0,,
Brazil,2023-04-10,,,,
Brazil,2023-04-11,,,,
Brazil,2023-04-12,,,,
Brazil,2023-04-13,,,,
Brazil,2023-04-14,,,,
Brazil,2023-04-15,,,,
Brazil,2023-04-16,38838.0,255.0,,
Brazil,2023-04-17,,,,
Brazil,2023-04-18,,,,
Brazil,2023-04-19,,,,
Brazil,2023-04-20,,,,
Brazil,2023-04-21,,,,
Brazil,2023-04-22,,,,
Brazil,2023-04-23,49140.0,404.0,,
Brazil,2023-04-24,,,,
Brazil,2023-04-25,,,,
Brazil,2023-04-26,,,,
Brazil,2023-04-27,,,,
Brazil,2023-04-28,,,,
Brazil,2023-04-29,,,,
Brazil,2023-04-30,42186.0,279.0,,
Brazil,2023-05-01,,,,
Brazil,2023-05-02,,,,
Brazil,2023-05-03,,,,
Brazil,2023-05-04,,,,
Brazil,2023-05-05,,,,
Brazil,2023-05-06,,,,
Brazil,2023-05-07,38553.0,339.0,,
Brazil,2023-05-08,,,,
Brazil,2023-05-09,,,,
Brazil,2023-05-10,,,,
Brazil,2023-05-11,,,,
Brazil,2023-05-12,,,,
Brazil,2023-05-13,,,,
Brazil,2023-05-14,23950.0,283.0,,
Brazil,2023-05-15,,,,
Brazil,2023-05-16,,,,
Brazil,2023-05-17,,,,
Brazil,2023-05-18,,,,
Brazil,2023-05-19,,,,
Brazil,2023-05-20,,,,
Brazil,2023-05-21,,,,
Brazil,2023-05-22,,,,
Brazil,2023-05-23,,,,
Brazil,2023-05-24,,,,
Brazil,2023-05-25,,,,
Brazil,2023-05-26,,,,
Brazil,2023-05-27,,,,
Brazil,2023-05-28,,,,
Brazil,2023-05-29,,,,
Brazil,2023-05-30,,,,
Brazil,2023-05-31,,,,
Brazil,2023-06-01,,,,
Brazil,2023-06-02,,,,
Brazil,2023-06-03,,,,
Brazil,2023-06-04,,,,
Brazil,2023-06-05,,,,
Brazil,2023-06-06,,,,
Brazil,2023-06-07,,,,
Brazil,2023-06-08,,,,
Brazil,2023-06-09,,,,
Brazil,2023-06-10,,,,
Brazil,2023-06-11,,,,
Brazil,2023-06-12,,,,
Brazil,2023-06-13,,,,
Brazil,2023-06-14,,,,
Brazil,2023-06-15,,,,
Brazil,2023-06-16,,,,
Brazil,2023-06-17,,,,
Brazil,2023-06-18,,,,
Brazil,2023-06-19,,,,
Brazil,2023-06-20,,,,
Brazil,2023-06-21,,,,
Brazil,2023-06-22,,,,
Brazil,2023-06-23,,,,
Brazil,2023-06-24,,,,
Brazil,2023-06-25,,,,
Brazil,2023-06-26,,,,
Brazil,2023-06-27,,,,
Brazil,2023-06-28,,,,
Brazil,2023-06-29,,,,
Brazil,2023-06-30,,,,
Brazil,2023-07-01,,,,
Brazil,2023-07-02,,,,
Brazil,2023-07-03,,,,
Brazil,2023-07-04,,,,
Brazil,2023-07-05,,,,
Brazil,2023-07-06,,,,
Brazil,2023-07-07,,,,
Brazil,2023-07-08,,,,
Brazil,2023-07-09,,,,
Brazil,2023-07-10,,,,
Brazil,2023-07-11,,,,
Brazil,2023-07-12,,,,
Brazil,2023-07-13,,,,
Brazil,2023-07-14,,,,
Brazil,2023-07-15,,,,
Brazil,2023-07-16,,,,
Brazil,2023-07-17,,,,
Brazil,2023-07-18,,,,
Brazil,2023-07-19,,,,
Brazil,2023-07-20,,,,
Brazil,2023-07-21,,,,
Brazil,2023-07-22,,,,
Brazil,2023-07-23,,,,
Brazil,2023-07-24,,,,
Brazil,2023-07-25,,,,
Brazil,2023-07-26,,,,
Brazil,2023-07-27,,,,
Brazil,2023-07-28,,,,
Brazil,2023-07-29,,,,
Brazil,2023-07-30,,,,
Brazil,2023-07-31,,,,
Brazil,2023-08-01,,,,
Brazil,2023-08-02,,,,
Brazil,2023-08-03,,,,
Brazil,2023-08-04,,,,
Brazil,2023-08-05,,,,
Brazil,2023-08-06,,,,
Brazil,2023-08-07,,,,
Brazil,2023-08-08,,,,
Brazil,2023-08-09,,,,
Brazil,2023-08-10,,,,
Brazil,2023-08-11,,,,
Brazil,2023-08-12,,,,
Brazil,2023-08-13,,,,
Brazil,2023-08-14,,,,
Brazil,2023-08-15,,,,
Brazil,2023-08-16,,,,
Brazil,2023-08-17,,,,
Brazil,2023-08-18,,,,
Brazil,2023-08-19,,,,
Brazil,2023-08-20,,,,
Brazil,2023-08-21,,,,
Brazil,2023-08-22,,,,
Brazil,2023-08-23,,,,
Brazil,2023-08-24,,,,
Brazil,2023-08-25,,,,
Brazil,2023-08-26,,,,
Brazil,2023-08-27,,,,
Brazil,2023-08-28,,,,
Brazil,2023-08-29,,,,
Brazil,2023-08-30,,,,
Brazil,2023-08-31,,,,
Brazil,2023-09-01,,,,
Brazil,2023-09-02,,,,
Brazil,2023-09-03,,,,
Brazil,2023-09-04,,,,
Brazil,2023-09-05,,,,
Brazil,2023-09-06,,,,
Brazil,2023-09-07,,,,
Brazil,2023-09-08,,,,
Brazil,2023-09-09,,,,
Brazil,2023-09-10,,,,
Brazil,2023-09-11,,,,
Brazil,2023-09-12,,,,
Brazil,2023-09-13,,,,
Brazil,2023-09-14,,,,
Brazil,2023-09-15,,,,
Brazil,2023-09-16,,,,
Brazil,2023-09-17,,,,
Brazil,2023-09-18,,,,
Brazil,2023-09-19,,,,
Brazil,2023-09-20,,,,
Brazil,2023-09-21,,,,
Brazil,2023-09-22,,,,
Brazil,2023-09-23,,,,
Brazil,2023-09-24,,,,
Brazil,2023-09-25,,,,
Brazil,2023-09-26,,,,
Brazil,2023-09-27,,,,
Brazil,2023-09-28,,,,
Brazil,2023-09-29,,,,
Brazil,2023-09-30,,,,
Brazil,2023-10-01,,,,
Brazil,2023-10-02,,,,
Brazil,2023-10-03,,,,
Brazil,2023-10-04,,,,
Brazil,2023-10-05,,,,
Brazil,2023-10-06,,,,
Brazil,2023-10-07,,,,
Brazil,2023-10-08,,,,
Brazil,2023-10-09,,,,
Brazil,2023-10-10,,,,
Brazil,2023-10-11,,,,
Brazil,2023-10-12,,,,
Brazil,2023-10-13,,,,
Brazil,2023-10-14,,,,
Brazil,2023-10-15,,,,
Brazil,2023-10-16,,,,
Brazil,2023-10-17,,,,
Brazil,2023-10-18,,,,
Brazil,2023-10-19,,,,
Brazil,2023-10-20,,,,
Brazil,2023-10-21,,,,
Brazil,2023-10-22,,,,
Brazil,2023-10-23,,,,
Brazil,2023-10-24,,,,
Brazil,2023-10-25,,,,
Brazil,2023-10-26,,,,
Brazil,2023-10-27,,,,
Brazil,2023-10-28,,,,
Brazil,2023-10-29,,,,
Brazil,2023-10-30,,,,
Brazil,2023-10-31,,,,
Brazil,2023-11-01,,,,
Brazil,2023-11-02,,,,
Brazil,2023-11-03,,,,
Brazil,2023-11-04,,,,
Brazil,2023-11-05,,,,
Brazil,2023-11-06,,,,
Brazil,2023-11-07,,,,
Brazil,2023-11-08,,,,
Brazil,2023-11-09,,,,
Brazil,2023-11-10,,,,
Brazil,2023-11-11,,,,
Brazil,2023-11-12,,,,
Brazil,2023-11-13,,,,
Brazil,2023-11-14,,,,
Brazil,2023-11-15,,,,
Brazil,2023-11-16,,,,
Brazil,2023-11-17,,,,
Brazil,2023-11-18,,,,
Brazil,2023-11-19,,,,
Brazil,2023-11-20,,,,
Brazil,2023-11-21,,,,
Brazil,2023-11-22,,,,
Brazil,2023-11-23,,,,
Brazil,2023-11-24,,,,
Brazil,2023-11-25,,,,
Brazil,2023-11-26,,,,
Brazil,2023-11-27,,,,
Brazil,2023-11-28,,,,
Brazil,2023-11-29,,,,
Brazil,2023-11-30,,,,
Brazil,2023-12-01,,,,
Brazil,2023-12-02,,,,
Brazil,2023-12-03,,,,
Brazil,2023-12-04,,,,
Brazil,2023-12-05,,,,
Brazil,2023-12-06,,,,
Brazil,2023-12-07,,,,
Brazil,2023-12-08,,,,
Brazil,2023-12-09,,,,
Brazil,2023-12-10,,,,
Brazil,2023-12-11,,,,
Brazil,2023-12-12,,,,
Brazil,2023-12-13,,,,
Brazil,2023-12-14,,,,
Brazil,2023-12-15,,,,
Brazil,2023-12-16,,,,
Brazil,2023-12-17,,,,
Brazil,2023-12-18,,,,
Brazil,2023-12-19,,,,
Brazil,2023-12-20,,,,
Brazil,2023-12-21,,,,
Brazil,2023-12-22,,,,
Brazil,2023-12-23,,,,
Brazil,2023-12-24,,,,
Brazil,2023-12-25,,,,
Brazil,2023-12-26,,,,
Brazil,2023-12-27,,,,
Brazil,2023-12-28,,,,
Brazil,2023-12-29,,,516237106.0,
Brazil,2023-12-30,,,,
Brazil,2023-12-31,,,,
Brazil,2024-01-01,,,,
Brazil,2024-01-02,,,,
Brazil,2024-01-03,,,,
Brazil,2024-01-04,,,,
Brazil,2024-01-05,,,,
Brazil,2024-01-06,,,,
Brazil,2024-01-07,,,,
Brazil,2024-01-08,,,,
Brazil,2024-01-09,,,,
Brazil,2024-01-10,,,,
Brazil,2024-01-11,,,,
Brazil,2024-01-12,,,,
Brazil,2024-01-13,,,,
Brazil,2024-01-14,,,,
Brazil,2024-01-15,,,,
Brazil,2024-01-16,,,,
Brazil,2024-01-17,,,,
Brazil,2024-01-18,,,,
Brazil,2024-01-19,,,,
Brazil,2024-01-20,,,,
Brazil,2024-01-21,,,,
Brazil,2024-01-22,,,,
Brazil,2024-01-23,,,,
Brazil,2024-01-24,,,,
Brazil,2024-01-25,,,,
Brazil,2024-01-26,,,,
Brazil,2024-01-27,,,,
Brazil,2024-01-28,,,,
Brazil,2024-01-29,,,,
Brazil,2024-01-30,,,,
Brazil,2024-01-31,,,,
Brazil,2024-02-01,,,,
Brazil,2024-02-02,,,,
Brazil,2024-02-03,,,,
Brazil,2024-02-04,,,,
Brazil,2024-02-05,,,,
Brazil,2024-02-06,,,,
Brazil,2024-02-07,,,,
Brazil,2024-02-08,,,,
Brazil,2024-02-09,,,,
Brazil,2024-02-10,,,,
Brazil,2024-02-11,,,,
Brazil,2024-02-12,,,,
Brazil,2024-02-13,,,,
Brazil,2024-02-14,,,,
Brazil,2024-02-15,,,,
Brazil,2024-02-16,,,,
Brazil,2024-02-17,,,,
Brazil,2024-02-18,,,,
Brazil,2024-02-19,,,,
Brazil,2024-02-20,,,,
Brazil,2024-02-21,,,,
Brazil,2024-02-22,,,,
Brazil,2024-02-23,,,,
Brazil,2024-02-24,,,,
Brazil,2024-02-25,,,,
Brazil,2024-02-26,,,,
Brazil,2024-02-27,,,,
Brazil,2024-02-28,,,,
Brazil,2024-02-29,,,,
Brazil,2024-03-01,,,,
Brazil,2024-03-02,,,,
Brazil,2024-03-03,,,,
Brazil,2024-03-04,,,,
Brazil,2024-03-05,,,,
Brazil,2024-03-06,,,,
Brazil,2024-03-07,,,,
Brazil,2024-03-08,,,,
Brazil,2024-03-09,,,,
Brazil,2024-03-10,,,,
Brazil,2024-03-11,,,,
Brazil,2024-03-12,,,,
Brazil,2024-03-13,,,,
Brazil,2024-03-14,,,,
Brazil,2024-03-15,,,,
Brazil,2024-03-16,,,,
Brazil,2024-03-17,,,,
Brazil,2024-03-18,,,,
Brazil,2024-03-19,,,,
Brazil,2024-03-20,,,,
Brazil,2024-03-21,,,,
Brazil,2024-03-22,,,,
Brazil,2024-03-23,,,,
Brazil,2024-03-24,,,,
Brazil,2024-03-25,,,,
Brazil,2024-03-26,,,,
Brazil,2024-03-27,,,,
Brazil,2024-03-28,,,,
Brazil,2024-03-29,,,,
Brazil,2024-03-30,,,,
Brazil,2024-03-31,,,,
Brazil,2024-04-01,,,,
Brazil,2024-04-02,,,,
Brazil,2024-04-03,,,,
Brazil,2024-04-04,,,,
Brazil,2024-04-05,,,,
Brazil,2024-04-06,,,,
Brazil,2024-04-07,,,,
Brazil,2024-04-08,,,,
Brazil,2024-04-09,,,,
Brazil,2024-04-10,,,,
Brazil,2024-04-11,,,,
Brazil,2024-04-12,,,,
Brazil,2024-04-13,,,,
Brazil,2024-04-14,,,,
Brazil,2024-04-15,,,,
Brazil,2024-04-16,,,,
Brazil,2024-04-17,,,,
Brazil,2024-04-18,,,,
Brazil,2024-04-19,,,,
Brazil,2024-04-20,,,,
Brazil,2024-04-21,,,,
Brazil,2024-04-22,,,,
Brazil,2024-04-23,,,,
Brazil,2024-04-24,,,,
Brazil,2024-04-25,,,,
Brazil,2024-04-26,,,,
Brazil,2024-04-27,,,,
Brazil,2024-04-28,,,,
Brazil,2024-04-29,,,,
Brazil,2024-04-30,,,,
Brazil,2024-05-01,,,,
Brazil,2024-05-02,,,,
Brazil,2024-05-03,,,,
Brazil,2024-05-04,,,,
Brazil,2024-05-05,,,,
Brazil,2024-05-06,,,,
Brazil,2024-05-07,,,,
Brazil,2024-05-08,,,,
Brazil,2024-05-09,,,,
Brazil,2024-05-10,,,,
Brazil,2024-05-11,,,,
Brazil,2024-05-12,,,,
Brazil,2024-05-13,,,,
Brazil,2024-05-14,,,,
Brazil,2024-05-15,,,,
Brazil,2024-05-16,,,,
Brazil,2024-05-17,,,,
Brazil,2024-05-18,,,,
Brazil,2024-05-19,,,,
Brazil,2024-05-20,,,,
Brazil,2024-05-21,,,,
Brazil,2024-05-22,,,,
Brazil,2024-05-23,,,,
Brazil,2024-05-24,,,,
Brazil,2024-05-25,,,,
Brazil,2024-05-26,,,,
Brazil,2024-05-27,,,,
Brazil,2024-05-28,,,,
Brazil,2024-05-29,,,,
Brazil,2024-05-30,,,,
Brazil,2024-05-31,,,,
Brazil,2024-06-01,,,,
Brazil,2024-06-02,,,,
Brazil,2024-06-03,,,,
Brazil,2024-06-04,,,,
Brazil,2024-06-05,,,,
Brazil,2024-06-06,,,,
Brazil,2024-06-07,,,,
Brazil,2024-06-08,,,,
Brazil,2024-06-09,,,,
Brazil,2024-06-10,,,,
Brazil,2024-06-11,,,,
Brazil,2024-06-12,,,,
Brazil,2024-06-13,,,,
Brazil,2024-06-14,,,,
Brazil,2024-06-15,,,,
Brazil,2024-06-16,,,,
Brazil,2024-06-17,,,,
Brazil,2024-06-18,,,,
Brazil,2024-06-19,,,,
Brazil,2024-06-20,,,,
Brazil,2024-06-21,,,,
Brazil,2024-06-22,,,,
Brazil,2024-06-23,,,,
Brazil,2024-06-24,,,,
Brazil,2024-06-25,,,,
Brazil,2024-06-26,,,,
Brazil,2024-06-27,,,,
Brazil,2024-06-28,,,,
Brazil,2024-06-29,,,,
Brazil,2024-06-30,,,,
Brazil,2024-07-01,,,,
Brazil,2024-07-02,,,,
Brazil,2024-07-03,,,,
Brazil,2024-07-04,,,,
Brazil,2024-07-05,,,,
Brazil,2024-07-06,,,,
Brazil,2024-07-07,,,,
Brazil,2024-07-08,,,,
Brazil,2024-07-09,,,,
Brazil,2024-07-10,,,,
Brazil,2024-07-11,,,,
Brazil,2024-07-12,,,,
Brazil,2024-07-13,,,,
Brazil,2024-07-14,,,,
Brazil,2024-07-15,,,,
Brazil,2024-07-16,,,,
Brazil,2024-07-17,,,,
Brazil,2024-07-18,,,,
Brazil,2024-07-19,,,,
Brazil,2024-07-20,,,,
Brazil,2024-07-21,,,,
Brazil,2024-07-22,,,,
Brazil,2024-07-23,,,,
Brazil,2024-07-24,,,,
Brazil,2024-07-25,,,,
Brazil,2024-07-26,,,,
Brazil,2024-07-27,,,,
Brazil,2024-07-28,,,,
Brazil,2024-07-29,,,,
Brazil,2024-07-30,,,,
Brazil,2024-07-31,,,,
Brazil,2024-08-01,,,,
Brazil,2024-08-02,,,,
Brazil,2024-08-03,,,,
Brazil,2024-08-04,,,,
Brazil,2024-08-05,,,,
Brazil,2024-08-06,,,,
Brazil,2024-08-07,,,,
Brazil,2024-08-08,,,,
Brazil,2024-08-09,,,,
Brazil,2024-08-10,,,,
Brazil,2024-08-11,,,,
Brazil,2024-08-12,,,,
Brazil,2024-08-13,,,,
Brazil,2024-08-14,,,,
Brazil,2024-08-15,,,,
Brazil,2024-08-16,,,,
Brazil,2024-08-17,,,,
Brazil,2024-08-18,,,,
Brazil,2024-08-19,,,,
Brazil,2024-08-20,,,,
Brazil,2024-08-21,,,,
Brazil,2024-08-22,,,,
Brazil,2024-08-23,,,,
Brazil,2024-08-24,,,,
Brazil,2024-08-25,,,,
Brazil,2024-08-26,,,,
Brazil,2024-08-27,,,,
Brazil,2024-08-28,,,,
Brazil,2024-08-29,,,,
Brazil,2024-08-30,,,,
Brazil,2024-08-31,,,,
Brazil,2024-09-01,,,,
Brazil,2024-09-02,,,,
Brazil,2024-09-03,,,,
Brazil,2024-09-04,,,,
Brazil,2024-09-05,,,,
Brazil,2024-09-06,,,,
Brazil,2024-09-07,,,,
Brazil,2024-09-08,,,,
Brazil,2024-09-09,,,,
Brazil,2024-09-10,,,,
Brazil,2024-09-11,,,,
Brazil,2024-09-12,,,,
Brazil,2024-09-13,,,,
Brazil,2024-09-14,,,,
Brazil,2024-09-15,,,,
Brazil,2024-09-16,,,,
Brazil,2024-09-17,,,,
Brazil,2024-09-18,,,,
Brazil,2024-09-19,,,,
Brazil,2024-09-20,,,,
Brazil,2024-09-21,,,,
Brazil,2024-09-22,,,,
Brazil,2024-09-23,,,,
Brazil,2024-09-24,,,,
Brazil,2024-09-25,,,,
Brazil,2024-09-26,,,,
Brazil,2024-09-27,,,,
Brazil,2024-09-28,,,,
Brazil,2024-09-29,,,,
Brazil,2024-09-30,,,,
Brazil,2024-10-01,,,,
Brazil,2024-10-02,,,,
Brazil,2024-10-03,,,,
Brazil,2024-10-04,,,,
Brazil,2024-10-05,,,,
Brazil,2024-10-06,,,,
Brazil,2024-10-07,,,,
Brazil,2024-10-08,,,,
Brazil,2024-10-09,,,,
Brazil,2024-10-10,,,,
Brazil,2024-10-11,,,,
Brazil,2024-10-12,,,,
Brazil,2024-10-13,,,,
Brazil,2024-10-14,,,,
Brazil,2024-10-15,,,,
Brazil,2024-10-16,,,,
Brazil,2024-10-17,,,,
Brazil,2024-10-18,,,,
Brazil,2024-10-19,,,,
Brazil,2024-10-20,,,,
Brazil,2024-10-21,,,,
Brazil,2024-10-22,,,,
Brazil,2024-10-23,,,,
Brazil,2024-10-24,,,,
Brazil,2024-10-25,,,,
Brazil,2024-10-26,,,,
Brazil,2024-10-27,,,,
Brazil,2024-10-28,,,,
Brazil,2024-10-29,,,,
Brazil,2024-10-30,,,,
Brazil,2024-10-31,,,,
Brazil,2024-11-01,,,,
Brazil,2024-11-02,,,,
Brazil,2024-11-03,,,,
Brazil,2024-11-04,,,,
Brazil,2024-11-05,,,,
Brazil,2024-11-06,,,,
Brazil,2024-11-07,,,,
Brazil,2024-11-08,,,,
Brazil,2024-11-09,,,,
Brazil,2024-11-10,,,,
Brazil,2024-11-11,,,,
Brazil,2024-11-12,,,,
Brazil,2024-11-13,,,,
Brazil,2024-11-14,,,,
Brazil,2024-11-15,,,,
Brazil,2024-11-16,,,,
Brazil,2024-11-17,,,,
Brazil,2024-11-18,,,,
Brazil,2024-11-19,,,,
Brazil,2024-11-20,,,,
Brazil,2024-11-21,,,,
Brazil,2024-11-22,,,,
Brazil,2024-11-23,,,,
Brazil,2024-11-24,,,,
Brazil,2024-11-25,,,,
Brazil,2024-11-26,,,,
Brazil,2024-11-27,,,,
Brazil,2024-11-28,,,,
Brazil,2024-11-29,,,,
Brazil,2024-11-30,,,,
Brazil,2024-12-01,,,,
Brazil,2024-12-02,,,,
Brazil,2024-12-03,,,,
Brazil,2024-12-04,,,,
Brazil,2024-12-05,,,,
Brazil,2024-12-06,,,,
Brazil,2024-12-07,,,,
Brazil,2024-12-08,,,,
Brazil,2024-12-09,,,,
Brazil,2024-12-10,,,,
Brazil,2024-12-11,,,,
Brazil,2024-12-12,,,,
Brazil,2024-12-13,,,,
Brazil,2024-12-14,,,,
Brazil,2024-12-15,,,,
Brazil,2024-12-16,,,,
Brazil,2024-12-17,,,,
Brazil,2024-12-18,,,,
Brazil,2024-12-19,,,,
Brazil,2024-12-20,,,,
Brazil,2024-12-21,,,,
Brazil,2024-12-22,,,,
Brazil,2024-12-23,,,,
Brazil,2024-12-24,,,,
Brazil,2024-12-25,,,,
Brazil,2024-12-26,,,,
Brazil,2024-12-27,,,,
Brazil,2024-12-28,,,,
Brazil,2024-12-29,,,,
Brazil,2024-12-30,,,,
Brazil,2024-12-31,14890.0,81.0,,
Canada,2022-01-01,40002.0,27.0,68969997.0,68.15
Canada,2022-01-02,45837.0,39.0,68992326.0,68.15
Canada,2022-01-03,46118.0,19.0,69106851.0,71.86
Canada,2022-01-04,45329.0,28.0,69638768.0,71.86
Canada,2022-01-05,38077.0,28.0,70031151.0,71.85
Canada,2022-01-06,37408.0,55.0,70450195.0,71.85
Canada,2022-01-07,39433.0,67.0,70872487.0,71.84
Canada,2022-01-08,43137.0,58.0,71173617.0,71.84
Canada,2022-01-09,44331.0,84.0,71394370.0,71.84
Canada,2022-01-10,41056.0,73.0,71796155.0,71.83
Canada,2022-01-11,38588.0,42.0,72218206.0,71.83
Canada,2022-01-12,34174.0,49.0,72621357.0,71.83
Canada,2022-01-13,28949.0,109.0,73045646.0,71.82
Canada,2022-01-14,32475.0,120.0,73444341.0,71.82
Canada,2022-01-15,31357.0,106.0,73723271.0,71.81
Canada,2022-01-16,31670.0,124.0,73939872.0,71.81
Canada,2022-01-17,28896.0,138.0,74369628.0,68.1
Canada,2022-01-18,28538.0,75.0,74636751.0,64.39
Canada,2022-01-19,23606.0,124.0,74989065.0,71.8
Canada,2022-01-20,21163.0,142.0,75302695.0,71.8
Canada,2022-01-21,22297.0,174.0,75614633.0,71.79
Canada,2022-01-22,23949.0,205.0,75828249.0,71.78
Canada,2022-01-23,23161.0,157.0,76005682.0,71.78
Canada,2022-01-24,21301.0,119.0,76324615.0,71.77
Canada,2022-01-25,19993.0,89.0,76656070.0,71.76
Canada,2022-01-26,13863.0,187.0,76914692.0,71.75
Canada,2022-01-27,14165.0,174.0,77168750.0,71.74
Canada,2022-01-28,18489.0,223.0,77418082.0,71.73
Canada,2022-01-29,18497.0,178.0,77588951.0,71.73
Canada,2022-01-30,17695.0,148.0,77731817.0,71.72
Canada,2022-01-31,15520.0,119.0,78058871.0,71.71
Canada,2022-02-01,13561.0,70.0,78256877.0,71.7
Canada,2022-02-02,10721.0,146.0,78448376.0,71.69
Canada,2022-02-03,11077.0,153.0,78628083.0,71.68
Canada,2022-02-04,15097.0,176.0,78788023.0,66.12
Canada,2022-02-05,14215.0,166.0,78902627.0,66.11
Canada,2022-02-06,14122.0,150.0,78999803.0,66.1
Canada,2022-02-07,11500.0,97.0,79198701.0,66.09
Canada,2022-02-08,10311.0,82.0,79317565.0,66.09
Canada,2022-02-09,7877.0,125.0,79442808.0,66.08
Canada,2022-02-10,8853.0,119.0,79576467.0,66.07
Canada,2022-02-11,11139.0,145.0,79700924.0,66.06
Canada,2022-02-12,10632.0,112.0,79783888.0,66.06
Canada,2022-02-13,10190.0,137.0,79853280.0,66.05
Canada,2022-02-14,11205.0,105.0,79920095.0,66.05
Canada,2022-02-15,7811.0,30.0,80074659.0,66.04
Canada,2022-02-16,5801.0,109.0,80161597.0,66.03
Canada,2022-02-17,6034.0,97.0,80255393.0,66.03
Canada,2022-02-18,8016.0,107.0,80338798.0,66.02
Canada,2022-02-19,7583.0,93.0,80399443.0,66.02
Canada,2022-02-20,7023.0,72.0,80452340.0,66.02
Canada,2022-02-21,7545.0,50.0,80482255.0,54.16
Canada,2022-02-22,4803.0,29.0,80617865.0,54.15
Canada,2022-02-23,4729.0,19.0,80684862.0,54.14
Canada,2022-02-24,5555.0,97.0,80746882.0,54.14
Canada,2022-02-25,6374.0,90.0,80811337.0,54.13
Canada,2022-02-26,6927.0,84.0,80856070.0,54.13
Canada,2022-02-27,6742.0,96.0,80899819.0,54.12
Canada,2022-02-28,6224.0,91.0,81240344.0,45.92
Canada,2022-03-01,4795.0,14.0,81283247.0,44.43
Canada,2022-03-02,5902.0,58.0,81316875.0,44.42
Canada,2022-03-03,3921.0,42.0,81357599.0,44.42
Canada,2022-03-04,6907.0,90.0,81413759.0,44.41
Canada,2022-03-05,5995.0,70.0,81442547.0,44.4
Canada,2022-03-06,6769.0,70.0,81470475.0,44.4
Canada,2022-03-07,5436.0,54.0,81514437.0,44.39
Canada,2022-03-08,4092.0,29.0,81535361.0,44.38
Canada,2022-03-09,5654.0,53.0,81565480.0,44.38
Canada,2022-03-10,5925.0,59.0,81600357.0,44.37
Canada,2022-03-11,6034.0,63.0,81632275.0,44.37
Canada,2022-03-12,5686.0,53.0,81657327.0,44.36
Canada,2022-03-13,6169.0,109.0,81682578.0,44.36
Canada,2022-03-14,5179.0,51.0,81722559.0,38.94
Canada,2022-03-15,5023.0,28.0,81749857.0,38.93
Canada,2022-03-16,3939.0,29.0,81777863.0,38.92
Canada,2022-03-17,6427.0,53.0,81807663.0,38.91
Canada,2022-03-18,5856.0,52.0,81836706.0,38.91
Canada,2022-03-19,5631.0,51.0,81859131.0,38.9
Canada,2022-03-20,5284.0,37.0,81892792.0,38.9
Canada,2022-03-21,6968.0,75.0,81920252.0,38.89
Canada,2022-03-22,5413.0,22.0,81941771.0,38.88
Canada,2022-03-23,3142.0,29.0,81976083.0,38.88
Canada,2022-03-24,9562.0,31.0,81998352.0,38.87
Canada,2022-03-25,5207.0,25.0,82023172.0,38.86
Canada,2022-03-26,5928.0,34.0,82043808.0,38.86
Canada,2022-03-27,5951.0,45.0,82066794.0,38.85
Canada,2022-03-28,7930.0,47.0,82091375.0,36.07
Canada,2022-03-29,7051.0,28.0,82108557.0,36.06
Canada,2022-03-30,4018.0,13.0,82150509.0,36.05
Canada,2022-03-31,15847.0,73.0,82200646.0,36.04
Canada,2022-04-01,6880.0,34.0,82236389.0,36.03
Canada,2022-04-02,7127.0,20.0,82265892.0,36.03
Canada,2022-04-03,7544.0,45.0,82295372.0,36.03
Canada,2022-04-04,9958.0,51.0,82308457.0,36.03
Canada,2022-04-05,9035.0,32.0,82331416.0,36.02
Canada,2022-04-06,4987.0,9.0,82377670.0,33.76
Canada,2022-04-07,20315.0,80.0,82429836.0,33.76
Canada,2022-04-08,7779.0,48.0,82489717.0,32.71
Canada,2022-04-09,8308.0,44.0,82553628.0,32.71
Canada,2022-04-10,8274.0,42.0,82610307.0,32.7
Canada,2022-04-11,11775.0,81.0,82636549.0,21.48
Canada,2022-04-12,9668.0,41.0,82694153.0,21.48
Canada,2022-04-13,11875.0,28.0,82791206.0,21.48
Canada,2022-04-14,13493.0,79.0,82877032.0,21.47
Canada,2022-04-15,7608.0,33.0,82967677.0,21.47
Canada,2022-04-16,8019.0,49.0,83009859.0,21.47
Canada,2022-04-17,4508.0,13.0,83058885.0,21.47
Canada,2022-04-18,11410.0,98.0,83065817.0,21.47
Canada,2022-04-19,2559.0,1.0,83105052.0,21.47
Canada,2022-04-20,18930.0,98.0,83222788.0,21.47
Canada,2022-04-21,11324.0,71.0,83443290.0,21.44
Canada,2022-04-22,3600.0,64.0,83521683.0,21.44
Canada,2022-04-23,8080.0,55.0,83596095.0,21.43
Canada,2022-04-24,7344.0,65.0,83646348.0,21.43
Canada,2022-04-25,12609.0,166.0,83668600.0,21.43
Canada,2022-04-26,5861.0,26.0,83720468.0,21.43
Canada,2022-04-27,8951.0,34.0,83820034.0,21.42
Canada,2022-04-28,11935.0,110.0,83937844.0,21.42
Canada,2022-04-29,5170.0,49.0,84004794.0,21.42
Canada,2022-04-30,5473.0,44.0,84066328.0,21.41
Canada,2022-05-01,4520.0,48.0,84106133.0,21.41
Canada,2022-05-02,9934.0,171.0,84120111.0,21.41
Canada,2022-05-03,3372.0,23.0,84158921.0,21.41
Canada,2022-05-04,5769.0,26.0,84251013.0,21.41
Canada,2022-05-05,9711.0,113.0,84361304.0,21.4
Canada,2022-05-06,4269.0,64.0,84418077.0,21.4
Canada,2022-05-07,4237.0,50.0,84471986.0,21.4
Canada,2022-05-08,3777.0,39.0,84509118.0,21.4
Canada,2022-05-09,8215.0,190.0,84523101.0,21.4
Canada,2022-05-10,2806.0,12.0,84559800.0,21.4
Canada,2022-05-11,5085.0,23.0,84640451.0,21.39
Canada,2022-05-12,7218.0,130.0,84713309.0,21.39
Canada,2022-05-13,3173.0,59.0,84737821.0,21.39
Canada,2022-05-14,2989.0,39.0,84782244.0,21.39
Canada,2022-05-15,2932.0,48.0,84824174.0,21.39
Canada,2022-05-16,6264.0,215.0,84829565.0,21.39
Canada,2022-05-17,2249.0,10.0,84886032.0,21.38
Canada,2022-05-18,4061.0,31.0,84956794.0,21.38
Canada,2022-05-19,5608.0,87.0,85100712.0,21.37
Canada,2022-05-20,2516.0,31.0,85138439.0,21.37
Canada,2022-05-21,2257.0,37.0,85173394.0,21.37
Canada,2022-05-22,2100.0,36.0,85194431.0,21.37
Canada,2022-05-23,4890.0,127.0,85197697.0,21.37
Canada,2022-05-24,1546.0,7.0,85211597.0,19.86
Canada,2022-05-25,2622.0,15.0,85264939.0,19.85
Canada,2022-05-26,4157.0,59.0,85361080.0,19.84
Canada,2022-05-27,1426.0,38.0,85393159.0,19.84
Canada,2022-05-28,2004.0,32.0,85422600.0,19.84
Canada,2022-05-29,1755.0,25.0,85443492.0,19.84
Canada,2022-05-30,4266.0,167.0,85452059.0,19.84
Canada,2022-05-31,1336.0,2.0,85472419.0,19.84
Canada,2022-06-01,2576.0,10.0,85518572.0,18.81
Canada,2022-06-02,3856.0,74.0,85602537.0,18.81
Canada,2022-06-03,1817.0,33.0,85624820.0,18.81
Canada,2022-06-04,1743.0,8.0,85644848.0,18.81
Canada,2022-06-05,1432.0,10.0,85662797.0,18.81
Canada,2022-06-06,901.0,10.0,85668786.0,18.81
Canada,2022-06-07,710.0,3.0,85685680.0,18.81
Canada,2022-06-08,1871.0,16.0,85717264.0,18.81
Canada,2022-06-09,2332.0,14.0,85805103.0,18.81
Canada,2022-06-10,3867.0,34.0,85826396.0,18.8
Canada,2022-06-11,2989.0,,85845856.0,18.8
Canada,2022-06-12,,,85859393.0,18.8
Canada,2022-06-13,,,85865019.0,18.8
Canada,2022-06-14,,,85880659.0,18.8
Canada,2022-06-15,,,85914126.0,18.8
Canada,2022-06-16,,,85994239.0,18.8
Canada,2022-06-17,,,86011775.0,18.8
Canada,2022-06-18,23312.0,-331.0,86029705.0,18.79
Canada,2022-06-19,,,86042203.0,18.79
Canada,2022-06-20,,,86048427.0,16.76
Canada,2022-06-21,,,86063069.0,16.76
Canada,2022-06-22,,,86092018.0,16.76
Canada,2022-06-23,,,86173422.0,16.76
Canada,2022-06-24,,,86197486.0,16.76
Canada,2022-06-25,15463.0,143.0,86212881.0,16.76
Canada,2022-06-26,,,86224926.0,16.76
Canada,2022-06-27,,,86229670.0,16.76
Canada,2022-06-28,,,86243700.0,16.76
Canada,2022-06-29,,,86262333.0,16.76
Canada,2022-06-30,,,86285286.0,16.76
Canada,2022-07-01,,,86307371.0,16.76
Canada,2022-07-02,17752.0,140.0,86310020.0,16.76
Canada,2022-07-03,,,86322172.0,16.76
Canada,2022-07-04,,,86327299.0,16.75
Canada,2022-07-05,,,86344188.0,16.75
Canada,2022-07-06,,,86389174.0,16.75
Canada,2022-07-07,,,86493313.0,16.75
Canada,2022-07-08,,,86511407.0,16.75
Canada,2022-07-09,22662.0,152.0,86552454.0,16.75
Canada,2022-07-10,,,86572894.0,16.75
Canada,2022-07-11,,,86581198.0,16.75
Canada,2022-07-12,,,86602259.0,16.75
Canada,2022-07-13,,,86689156.0,16.75
Canada,2022-07-14,,,86719654.0,16.75
Canada,2022-07-15,,,86764797.0,16.75
Canada,2022-07-16,27557.0,174.0,86809232.0,16.75
Canada,2022-07-17,,,86845316.0,16.75
Canada,2022-07-18,,,86860376.0,16.75
Canada,2022-07-19,,,86897908.0,16.74
Canada,2022-07-20,,,86966932.0,19.52
Canada,2022-07-21,,,87062149.0,19.52
Canada,2022-07-22,,,87114587.0,16.74
Canada,2022-07-23,32435.0,242.0,87165220.0,16.74
Canada,2022-07-24,,,87198207.0,16.74
Canada,2022-07-25,,,87214618.0,16.74
Canada,2022-07-26,,,87248306.0,16.74
Canada,2022-07-27,,,87464598.0,16.74
Canada,2022-07-28,,,87550509.0,16.74
Canada,2022-07-29,,,87581174.0,16.74
Canada,2022-07-30,33319.0,291.0,87589077.0,16.74
Canada,2022-07-31,,,87608200.0,16.74
Canada,2022-08-01,,,87695625.0,16.74
Canada,2022-08-02,,,87712042.0,16.74
Canada,2022-08-03,,,87748060.0,16.74
Canada,2022-08-04,,,87821303.0,16.74
Canada,2022-08-05,,,87849440.0,16.74
Canada,2022-08-06,28849.0,263.0,87878452.0,16.73
Canada,2022-08-07,,,87901269.0,16.73
Canada,2022-08-08,,,87916862.0,19.51
Canada,2022-08-09,,,87947738.0,19.51
Canada,2022-08-10,,,88018442.0,19.51
Canada,2022-08-11,,,,19.51
Canada,2022-08-12,,,88059852.0,19.51
Canada,2022-08-13,25692.0,346.0,88086269.0,19.51
Canada,2022-08-14,,,88106624.0,19.51
Canada,2022-08-15,,,88113708.0,19.51
Canada,2022-08-16,,,88137886.0,19.51
Canada,2022-08-17,,,88261126.0,19.51
Canada,2022-08-18,,,88338827.0,19.51
Canada,2022-08-19,,,88386848.0,19.51
Canada,2022-08-20,23906.0,259.0,88420782.0,19.5
Canada,2022-08-21,,,88439369.0,19.5
Canada,2022-08-22,,,88452043.0,19.5
Canada,2022-08-23,,,88481436.0,19.5
Canada,2022-08-24,,,88548404.0,19.5
Canada,2022-08-25,,,88587345.0,19.5
Canada,2022-08-26,,,88625611.0,19.5
Canada,2022-08-27,23082.0,300.0,88638500.0,19.5
Canada,2022-08-28,,,88646603.0,19.5
Canada,2022-08-29,,,88691152.0,16.72
Canada,2022-08-30,,,88716496.0,16.72
Canada,2022-08-31,,,88779159.0,16.72
Canada,2022-09-01,,,88856588.0,16.72
Canada,2022-09-02,,,88890266.0,16.72
Canada,2022-09-03,21086.0,302.0,88905621.0,16.72
Canada,2022-09-04,,,88914457.0,16.72
Canada,2022-09-05,,,88945621.0,16.72
Canada,2022-09-06,,,88951235.0,19.5
Canada,2022-09-07,,,89002967.0,19.5
Canada,2022-09-08,,,89053944.0,19.49
Canada,2022-09-09,,,89081959.0,19.49
Canada,2022-09-10,18478.0,253.0,89093264.0,19.49
Canada,2022-09-11,,,89102669.0,19.49
Canada,2022-09-12,,,89150310.0,19.49
Canada,2022-09-13,,,89173311.0,19.49
Canada,2022-09-14,,,89229784.0,19.49
Canada,2022-09-15,,,89294848.0,19.49
Canada,2022-09-16,,,89339163.0,19.49
Canada,2022-09-17,16726.0,227.0,89356762.0,19.49
Canada,2022-09-18,,,89368494.0,19.49
Canada,2022-09-19,,,89419491.0,19.49
Canada,2022-09-20,,,89449468.0,19.49
Canada,2022-09-21,,,89507629.0,19.49
Canada,2022-09-22,,,89607170.0,19.49
Canada,2022-09-23,,,89655427.0,19.49
Canada,2022-09-24,17558.0,224.0,89677549.0,19.49
Canada,2022-09-25,,,89688932.0,19.49
Canada,2022-09-26,,,89745122.0,13.93
Canada,2022-09-27,,,89798327.0,13.93
Canada,2022-09-28,,,89912438.0,13.92
Canada,2022-09-29,,,90108818.0,13.92
Canada,2022-09-30,,,90181416.0,13.92
Canada,2022-10-01,18643.0,210.0,90216065.0,8.33
Canada,2022-10-02,,,90240649.0,8.33
Canada,2022-10-03,,,90301621.0,8.33
Canada,2022-10-04,,,90344883.0,8.33
Canada,2022-10-05,,,90404968.0,8.33
Canada,2022-10-06,,,90601138.0,8.33
Canada,2022-10-07,,,90665634.0,8.33
Canada,2022-10-08,19634.0,231.0,90800849.0,8.33
Canada,2022-10-09,,,90819917.0,8.33
Canada,2022-10-10,,,90871133.0,5.56
Canada,2022-10-11,,,90881794.0,5.56
Canada,2022-10-12,,,91011332.0,5.56
Canada,2022-10-13,,,91225877.0,5.56
Canada,2022-10-14,,,91289781.0,5.56
Canada,2022-10-15,20412.0,287.0,91323408.0,5.56
Canada,2022-10-16,,,91347864.0,5.56
Canada,2022-10-17,,,91409049.0,5.56
Canada,2022-10-18,,,91459340.0,5.56
Canada,2022-10-19,,,91573787.0,5.56
Canada,2022-10-20,,,91760269.0,5.56
Canada,2022-10-21,,,91881933.0,5.56
Canada,2022-10-22,21454.0,379.0,91944406.0,5.56
Canada,2022-10-23,,,91975890.0,5.56
Canada,2022-10-24,,,92045293.0,5.56
Canada,2022-10-25,,,92103299.0,5.56
Canada,2022-10-26,,,92240196.0,5.56
Canada,2022-10-27,,,92492874.0,5.56
Canada,2022-10-28,,,92568160.0,5.56
Canada,2022-10-29,21359.0,380.0,92620163.0,5.56
Canada,2022-10-30,,,92649102.0,5.56
Canada,2022-10-31,,,92713021.0,5.56
Canada,2022-11-01,,,92761615.0,5.56
Canada,2022-11-02,,,92922264.0,5.56
Canada,2022-11-03,,,93165671.0,5.56
Canada,2022-11-04,,,93233452.0,5.56
Canada,2022-11-05,20964.0,376.0,93279202.0,5.56
Canada,2022-11-06,,,93306040.0,5.56
Canada,2022-11-07,,,93362917.0,5.56
Canada,2022-11-08,,,93396787.0,5.56
Canada,2022-11-09,,,93490527.0,5.56
Canada,2022-11-10,,,93690400.0,5.56
Canada,2022-11-11,,,93733807.0,5.56
Canada,2022-11-12,18396.0,344.0,93770822.0,5.56
Canada,2022-11-13,,,93795525.0,5.56
Canada,2022-11-14,,,93806827.0,5.56
Canada,2022-11-15,,,93971251.0,5.56
Canada,2022-11-16,,,94089475.0,5.56
Canada,2022-11-17,,,94243993.0,5.56
Canada,2022-11-18,,,94348589.0,5.56
Canada,2022-11-19,15289.0,304.0,,5.56
Canada,2022-11-20,,,94411648.0,5.56
Canada,2022-11-21,,,94472525.0,5.56
Canada,2022-11-22,,,94516071.0,5.56
Canada,2022-11-23,,,94616471.0,5.56
Canada,2022-11-24,,,94801622.0,5.56
Canada,2022-11-25,,,94856886.0,5.56
Canada,2022-11-26,14582.0,322.0,94887590.0,5.56
Canada,2022-11-27,,,94906783.0,5.56
Canada,2022-11-28,,,94962386.0,5.56
Canada,2022-11-29,,,94997924.0,5.56
Canada,2022-11-30,,,95083208.0,5.56
Canada,2022-12-01,,,95233716.0,5.56
Canada,2022-12-02,,,95277654.0,5.56
Canada,2022-12-03,15134.0,308.0,,5.56
Canada,2022-12-04,,,95318970.0,5.56
Canada,2022-12-05,,,95368268.0,5.56
Canada,2022-12-06,,,95379536.0,5.56
Canada,2022-12-07,,,95469860.0,5.56
Canada,2022-12-08,,,95567743.0,5.56
Canada,2022-12-09,,,95588037.0,5.56
Canada,2022-12-10,16209.0,285.0,,5.56
Canada,2022-12-11,,,,5.56
Canada,2022-12-12,,,95627345.0,5.56
Canada,2022-12-13,,,,5.56
Canada,2022-12-14,,,,5.56
Canada,2022-12-15,,,,5.56
Canada,2022-12-16,,,95798034.0,5.56
Canada,2022-12-17,16625.0,280.0,,5.56
Canada,2022-12-18,,,95830448.0,5.56
Canada,2022-12-19,,,95936288.0,5.56
Canada,2022-12-20,,,95962730.0,5.56
Canada,2022-12-21,,,96050833.0,5.56
Canada,2022-12-22,,,96191475.0,5.56
Canada,2022-12-23,,,96219812.0,5.56
Canada,2022-12-24,17398.0,382.0,96225904.0,5.56
Canada,2022-12-25,,,96228815.0,5.56
Canada,2022-12-26,,,96233171.0,5.56
Canada,2022-12-27,,,96235754.0,5.56
Canada,2022-12-28,,,96248636.0,5.56
Canada,2022-12-29,,,96268870.0,5.56
Canada,2022-12-30,,,96292227.0,5.56
Canada,2022-12-31,16395.0,350.0,96303716.0,5.56
Canada,2023-01-01,,,96307828.0,
Canada,2023-01-02,,,96312417.0,
Canada,2023-01-03,,,96321465.0,
Canada,2023-01-04,,,96336799.0,
Canada,2023-01-05,,,96394532.0,
Canada,2023-01-06,,,96420042.0,
Canada,2023-01-07,16691.0,258.0,96459054.0,
Canada,2023-01-08,,,96470800.0,
Canada,2023-01-09,,,96490259.0,
Canada,2023-01-10,,,96507599.0,
Canada,2023-01-11,,,96603876.0,
Canada,2023-01-12,,,96657606.0,
Canada,2023-01-13,,,96681035.0,
Canada,2023-01-14,16796.0,332.0,96694837.0,
Canada,2023-01-15,,,96704240.0,
Canada,2023-01-16,,,96721823.0,
Canada,2023-01-17,,,96734922.0,
Canada,2023-01-18,,,96771308.0,
Canada,2023-01-19,,,96813059.0,
Canada,2023-01-20,,,96839130.0,
Canada,2023-01-21,13674.0,302.0,96851120.0,
Canada,2023-01-22,,,96858746.0,
Canada,2023-01-23,,,96871790.0,
Canada,2023-01-24,,,96882972.0,
Canada,2023-01-25,,,96903460.0,
Canada,2023-01-26,,,96926078.0,
Canada,2023-01-27,,,96957517.0,
Canada,2023-01-28,11455.0,278.0,96966754.0,
Canada,2023-01-29,,,96972665.0,
Canada,2023-01-30,,,96981756.0,
Canada,2023-01-31,,,96988929.0,
Canada,2023-02-01,,,97012944.0,
Canada,2023-02-02,,,97036886.0,
Canada,2023-02-03,,,97039451.0,
Canada,2023-02-04,10337.0,252.0,,
Canada,2023-02-05,,,,
Canada,2023-02-06,,,97043080.0,
Canada,2023-02-07,,,97044213.0,
Canada,2023-02-08,,,97058035.0,
Canada,2023-02-09,,,97070759.0,
Canada,2023-02-10,,,97118323.0,
Canada,2023-02-11,10333.0,226.0,97124303.0,
Canada,2023-02-12,,,97128363.0,
Canada,2023-02-13,,,97133775.0,
Canada,2023-02-14,,,97138499.0,
Canada,2023-02-15,,,97153948.0,
Canada,2023-02-16,,,97171560.0,
Canada,2023-02-17,,,97180385.0,
Canada,2023-02-18,10322.0,212.0,97185449.0,
Canada,2023-02-19,,,97188769.0,
Canada,2023-02-20,,,97192867.0,
Canada,2023-02-21,,,97195005.0,
Canada,2023-02-22,,,97208383.0,
Canada,2023-02-23,,,97223831.0,
Canada,2023-02-24,,,97230489.0,
Canada,2023-02-25,9670.0,168.0,97235426.0,
Canada,2023-02-26,,,97238869.0,
Canada,2023-02-27,,,97243660.0,
Canada,2023-02-28,,,97247842.0,
Canada,2023-03-01,,,97261224.0,
Canada,2023-03-02,,,97275784.0,
Canada,2023-03-03,,,97284447.0,
Canada,2023-03-04,9161.0,165.0,97289351.0,
Canada,2023-03-05,,,97291878.0,
Canada,2023-03-06,,,97296727.0,
Canada,2023-03-07,,,97301517.0,
Canada,2023-03-08,,,97315829.0,
Canada,2023-03-09,,,97334577.0,
Canada,2023-03-10,,,97343813.0,
Canada,2023-03-11,8947.0,161.0,97347820.0,
Canada,2023-03-12,,,97350673.0,
Canada,2023-03-13,,,97356081.0,
Canada,2023-03-14,,,97361130.0,
Canada,2023-03-15,,,97374194.0,
Canada,2023-03-16,,,97389205.0,
Canada,2023-03-17,,,97398924.0,
Canada,2023-03-18,8585.0,181.0,97403219.0,
Canada,2023-03-19,,,97405918.0,
Canada,2023-03-20,,,97406675.0,
Canada,2023-03-21,,,97416484.0,
Canada,2023-03-22,,,97423011.0,
Canada,2023-03-23,,,97436645.0,
Canada,2023-03-24,,,97445529.0,
Canada,2023-03-25,8346.0,151.0,97449756.0,
Canada,2023-03-26,,,97452214.0,
Canada,2023-03-27,,,97458152.0,
Canada,2023-03-28,,,97463282.0,
Canada,2023-03-29,,,97483020.0,
Canada,2023-03-30,,,97498218.0,
Canada,2023-03-31,,,97506991.0,
Canada,2023-04-01,7850.0,131.0,97511144.0,
Canada,2023-04-02,,,97513311.0,
Canada,2023-04-03,,,97518385.0,
Canada,2023-04-04,,,97523249.0,
Canada,2023-04-05,,,97536215.0,
Canada,2023-04-06,,,97554285.0,
Canada,2023-04-07,,,97563119.0,
Canada,2023-04-08,,,97563951.0,
Canada,2023-04-09,7085.0,147.0,97566361.0,
Canada,2023-04-10,,,97568332.0,
Canada,2023-04-11,,,97571216.0,
Canada,2023-04-12,,,97586508.0,
Canada,2023-04-13,,,97620353.0,
Canada,2023-04-14,,,97626779.0,
Canada,2023-04-15,,,97633610.0,
Canada,2023-04-16,6293.0,146.0,97636849.0,
Canada,2023-04-17,,,97644279.0,
Canada,2023-04-18,,,97648982.0,
Canada,2023-04-19,,,97667087.0,
Canada,2023-04-20,,,97720921.0,
Canada,2023-04-21,,,97731634.0,
Canada,2023-04-22,,,97737941.0,
Canada,2023-04-23,6605.0,119.0,97741207.0,
Canada,2023-04-24,,,97745695.0,
Canada,2023-04-25,,,97750374.0,
Canada,2023-04-26,,,97768738.0,
Canada,2023-04-27,,,97777740.0,
Canada,2023-04-28,,,97788647.0,
Canada,2023-04-29,,,97795110.0,
Canada,2023-04-30,5770.0,150.0,97797720.0,
Canada,2023-05-01,,,97802696.0,
Canada,2023-05-02,,,97807837.0,
Canada,2023-05-03,,,97824550.0,
Canada,2023-05-04,,,97832155.0,
Canada,2023-05-05,,,97847310.0,
Canada,2023-05-06,,,,
Canada,2023-05-07,5230.0,141.0,97868790.0,
Canada,2023-05-08,,,,
Canada,2023-05-09,,,97883207.0,
Canada,2023-05-10,,,97906292.0,
Canada,2023-05-11,,,97918842.0,
Canada,2023-05-12,,,97935131.0,
Canada,2023-05-13,,,97946414.0,
Canada,2023-05-14,4633.0,120.0,97950560.0,
Canada,2023-05-15,,,97951607.0,
Canada,2023-05-16,1805.0,47.0,97960286.0,
Canada,2023-05-17,,,97983336.0,
Canada,2023-05-18,,,98001202.0,
Canada,2023-05-19,,,98015414.0,
Canada,2023-05-20,,,98024545.0,
Canada,2023-05-21,,,98027562.0,
Canada,2023-05-22,,,98028506.0,
Canada,2023-05-23,1638.0,35.0,98029221.0,
Canada,2023-05-24,,,98043338.0,
Canada,2023-05-25,,,98051992.0,
Canada,2023-05-26,,,98062452.0,
Canada,2023-05-27,,,98070499.0,
Canada,2023-05-28,,,98073375.0,
Canada,2023-05-29,,,98074324.0,
Canada,2023-05-30,1546.0,34.0,98080106.0,
Canada,2023-05-31,,,98094913.0,
Canada,2023-06-01,,,98101674.0,
Canada,2023-06-02,,,98110466.0,
Canada,2023-06-03,,,98115846.0,
Canada,2023-06-04,,,98117874.0,
Canada,2023-06-05,,,98118466.0,
Canada,2023-06-06,1266.0,29.0,98122855.0,
Canada,2023-06-07,,,98147499.0,
Canada,2023-06-08,,,98152812.0,
Canada,2023-06-09,,,98161057.0,
Canada,2023-06-10,,,,
Canada,2023-06-11,,,,
Canada,2023-06-12,,,,
Canada,2023-06-13,1012.0,25.0,,
Canada,2023-06-14,,,98166242.0,
Canada,2023-06-15,,,98170994.0,
Canada,2023-06-16,,,98178712.0,
Canada,2023-06-17,,,98182682.0,
Canada,2023-06-18,,,98184228.0,
Canada,2023-06-19,,,98184577.0,
Canada,2023-06-20,860.0,22.0,98187655.0,
Canada,2023-06-21,,,98200331.0,
Canada,2023-06-22,,,98204014.0,
Canada,2023-06-23,,,98210290.0,
Canada,2023-06-24,,,98213922.0,
Canada,2023-06-25,,,98215412.0,
Canada,2023-06-26,,,98215917.0,
Canada,2023-06-27,759.0,20.0,98218884.0,
Canada,2023-06-28,,,98229855.0,
Canada,2023-06-29,,,98233554.0,
Canada,2023-06-30,,,98238922.0,
Canada,2023-07-01,,,98241992.0,
Canada,2023-07-02,,,98242258.0,
Canada,2023-07-03,,,98242608.0,
Canada,2023-07-04,638.0,12.0,98243828.0,
Canada,2023-07-05,,,98249138.0,
Canada,2023-07-06,,,98251465.0,
Canada,2023-07-07,,,98256135.0,
Canada,2023-07-08,,,98258505.0,
Canada,2023-07-09,,,98259406.0,
Canada,2023-07-10,,,98259696.0,
Canada,2023-07-11,761.0,25.0,98261403.0,
Canada,2023-07-12,,,98267197.0,
Canada,2023-07-13,,,98269238.0,
Canada,2023-07-14,,,98272575.0,
Canada,2023-07-15,,,98274439.0,
Canada,2023-07-16,,,98275228.0,
Canada,2023-07-17,,,98275415.0,
Canada,2023-07-18,934.0,22.0,98276713.0,
Canada,2023-07-19,,,98281374.0,
Canada,2023-07-20,,,98282785.0,
Canada,2023-07-21,,,98285462.0,
Canada,2023-07-22,,,98286956.0,
Canada,2023-07-23,,,98287640.0,
Canada,2023-07-24,,,98287871.0,
Canada,2023-07-25,1006.0,22.0,98288919.0,
Canada,2023-07-26,,,98304348.0,
Canada,2023-07-27,,,98305535.0,
Canada,2023-07-28,,,98308139.0,
Canada,2023-07-29,,,98309420.0,
Canada,2023-07-30,,,98310043.0,
Canada,2023-07-31,,,98310269.0,
Canada,2023-08-01,1041.0,25.0,98311354.0,
Canada,2023-08-02,,,98315507.0,
Canada,2023-08-03,,,98316523.0,
Canada,2023-08-04,,,98318558.0,
Canada,2023-08-05,,,98319857.0,
Canada,2023-08-06,,,98320425.0,
Canada,2023-08-07,,,98320665.0,
Canada,2023-08-08,1078.0,22.0,98320978.0,
Canada,2023-08-09,,,98324631.0,
Canada,2023-08-10,,,98326136.0,
Canada,2023-08-11,,,98328547.0,
Canada,2023-08-12,,,98330175.0,
Canada,2023-08-13,,,98330956.0,
Canada,2023-08-14,,,98331197.0,
Canada,2023-08-15,1600.0,21.0,98332459.0,
Canada,2023-08-16,,,98338816.0,
Canada,2023-08-17,,,98340416.0,
Canada,2023-08-18,,,98343087.0,
Canada,2023-08-19,,,98344784.0,
Canada,2023-08-20,,,98345613.0,
Canada,2023-08-21,,,98345840.0,
Canada,2023-08-22,2090.0,27.0,98347065.0,
Canada,2023-08-23,,,98352515.0,
Canada,2023-08-24,,,98354014.0,
Canada,2023-08-25,,,98356417.0,
Canada,2023-08-26,,,98358015.0,
Canada,2023-08-27,,,98358790.0,
Canada,2023-08-28,,,98358972.0,
Canada,2023-08-29,2316.0,51.0,98359869.0,
Canada,2023-08-30,,,98364517.0,
Canada,2023-08-31,,,98365911.0,
Canada,2023-09-01,,,98368286.0,
Canada,2023-09-02,,,98369539.0,
Canada,2023-09-03,,,98370205.0,
Canada,2023-09-04,,,98370349.0,
Canada,2023-09-05,2672.0,64.0,98370476.0,
Canada,2023-09-06,,,98373412.0,
Canada,2023-09-07,,,98374516.0,
Canada,2023-09-08,,,98376609.0,
Canada,2023-09-09,,,98377797.0,
Canada,2023-09-10,,,98378607.0,
Canada,2023-09-11,,,98378733.0,
Canada,2023-09-12,3234.0,58.0,98379606.0,
Canada,2023-09-13,,,98382983.0,
Canada,2023-09-14,,,98383995.0,
Canada,2023-09-15,,,98386358.0,
Canada,2023-09-16,,,98387466.0,
Canada,2023-09-17,,,98388153.0,
Canada,2023-09-18,,,98388293.0,
Canada,2023-09-19,4002.0,67.0,98389101.0,
Canada,2023-09-20,,,98391878.0,
Canada,2023-09-21,,,98392689.0,
Canada,2023-09-22,,,98394449.0,
Canada,2023-09-23,,,98395390.0,
Canada,2023-09-24,,,98395992.0,
Canada,2023-09-25,,,98396115.0,
Canada,2023-09-26,4747.0,85.0,98396745.0,
Canada,2023-09-27,,,98399201.0,
Canada,2023-09-28,,,98399870.0,
Canada,2023-09-29,,,98409321.0,
Canada,2023-09-30,,,98410188.0,
Canada,2023-10-01,,,98410653.0,
Canada,2023-10-02,,,98410780.0,
Canada,2023-10-03,4658.0,106.0,98411641.0,
Canada,2023-10-04,,,98415977.0,
Canada,2023-10-05,,,98418490.0,
Canada,2023-10-06,,,98423270.0,
Canada,2023-10-07,,,98427435.0,
Canada,2023-10-08,,,98428178.0,
Canada,2023-10-09,,,98428301.0,
Canada,2023-10-10,4260.0,81.0,98428358.0,
Canada,2023-10-11,,,98465944.0,
Canada,2023-10-12,,,,
Canada,2023-10-13,,,98493478.0,
Canada,2023-10-14,,,98509278.0,
Canada,2023-10-15,,,98518490.0,
Canada,2023-10-16,,,98522886.0,
Canada,2023-10-17,4856.0,101.0,98544885.0,
Canada,2023-10-18,,,98741728.0,
Canada,2023-10-19,,,98772597.0,
Canada,2023-10-20,,,98825162.0,
Canada,2023-10-21,,,98868933.0,
Canada,2023-10-22,,,98891820.0,
Canada,2023-10-23,,,98900318.0,
Canada,2023-10-24,4936.0,109.0,98938571.0,
Canada,2023-10-25,,,99174648.0,
Canada,2023-10-26,,,99215875.0,
Canada,2023-10-27,,,99279753.0,
Canada,2023-10-28,,,99331994.0,
Canada,2023-10-29,,,99355123.0,
Canada,2023-10-30,,,99365717.0,
Canada,2023-10-31,4945.0,90.0,99419057.0,
Canada,2023-11-01,,,99626240.0,
Canada,2023-11-02,,,99756128.0,
Canada,2023-11-03,,,99819444.0,
Canada,2023-11-04,,,99880379.0,
Canada,2023-11-05,,,99913556.0,
Canada,2023-11-06,,,99927461.0,
Canada,2023-11-07,5061.0,103.0,99975129.0,
Canada,2023-11-08,,,100214385.0,
Canada,2023-11-09,,,100282888.0,
Canada,2023-11-10,,,100335630.0,
Canada,2023-11-11,,,100384009.0,
Canada,2023-11-12,,,100408208.0,
Canada,2023-11-13,,,100419134.0,
Canada,2023-11-14,5924.0,111.0,100457399.0,
Canada,2023-11-15,,,100656895.0,
Canada,2023-11-16,,,100713434.0,
Canada,2023-11-17,,,100754142.0,
Canada,2023-11-18,,,100793016.0,
Canada,2023-11-19,,,100815112.0,
Canada,2023-11-20,,,100824031.0,
Canada,2023-11-21,6132.0,105.0,100855271.0,
Canada,2023-11-22,,,101049275.0,
Canada,2023-11-23,,,101095280.0,
Canada,2023-11-24,,,101127426.0,
Canada,2023-11-25,,,101158044.0,
Canada,2023-11-26,,,101174486.0,
Canada,2023-11-27,,,101181335.0,
Canada,2023-11-28,5603.0,126.0,101205035.0,
Canada,2023-11-29,,,101350472.0,
Canada,2023-11-30,,,101388070.0,
Canada,2023-12-01,,,101415976.0,
Canada,2023-12-02,,,101440992.0,
Canada,2023-12-03,,,101454325.0,
Canada,2023-12-04,,,101460268.0,
Canada,2023-12-05,5482.0,93.0,101479811.0,
Canada,2023-12-06,,,101617113.0,
Canada,2023-12-07,,,101648611.0,
Canada,2023-12-08,,,101670894.0,
Canada,2023-12-09,,,101693702.0,
Canada,2023-12-10,,,101707149.0,
Canada,2023-12-11,,,101775102.0,
Canada,2023-12-12,5448.0,74.0,101802215.0,
Canada,2023-12-13,,,101828633.0,
Canada,2023-12-14,,,101853193.0,
Canada,2023-12-15,,,101870813.0,
Canada,2023-12-16,,,101888153.0,
Canada,2023-12-17,,,101896965.0,
Canada,2023-12-18,,,101901078.0,
Canada,2023-12-19,5261.0,84.0,101915204.0,
Canada,2023-12-20,,,102006204.0,
Canada,2023-12-21,,,,
Canada,2023-12-22,,,,
Canada,2023-12-23,,,,
Canada,2023-12-24,,,,
Canada,2023-12-25,,,,
Canada,2023-12-26,6102.0,134.0,,
Canada,2023-12-27,,,102050271.0,
Canada,2023-12-28,,,102107809.0,
Canada,2023-12-29,,,102114785.0,
Canada,2023-12-30,,,102121098.0,
Canada,2023-12-31,,,102123709.0,
Canada,2024-01-01,,,102124661.0,
Canada,2024-01-02,5079.0,91.0,102125064.0,
Canada,2024-01-03,,,102149952.0,
Canada,2024-01-04,,,102160553.0,
Canada,2024-01-05,,,102168361.0,
Canada,2024-01-06,,,102176574.0,
Canada,2024-01-07,,,102180413.0,
Canada,2024-01-08,,,102182068.0,
Canada,2024-01-09,3939.0,88.0,102187405.0,
Canada,2024-01-10,,,102216676.0,
Canada,2024-01-11,,,102224102.0,
Canada,2024-01-12,,,102229072.0,
Canada,2024-01-13,,,102234981.0,
Canada,2024-01-14,,,102237353.0,
Canada,2024-01-15,,,102238654.0,
Canada,2024-01-16,3121.0,57.0,102242467.0,
Canada,2024-01-17,,,102265211.0,
Canada,2024-01-18,,,102271621.0,
Canada,2024-01-19,,,102275554.0,
Canada,2024-01-20,,,102279684.0,
Canada,2024-01-21,,,102281667.0,
Canada,2024-01-22,,,102282485.0,
Canada,2024-01-23,2623.0,42.0,102299711.0,
Canada,2024-01-24,,,102302232.0,
Canada,2024-01-25,,,102307258.0,
Canada,2024-01-26,,,102310088.0,
Canada,2024-01-27,,,102313054.0,
Canada,2024-01-28,,,102314552.0,
Canada,2024-01-29,,,102315163.0,
Canada,2024-01-30,2446.0,43.0,102317422.0,
Canada,2024-01-31,,,102319708.0,
Canada,2024-02-01,,,102324092.0,
Canada,2024-02-02,,,102326191.0,
Canada,2024-02-03,,,102328768.0,
Canada,2024-02-04,,,102329901.0,
Canada,2024-02-05,,,102330496.0,
Canada,2024-02-06,2132.0,39.0,102348206.0,
Canada,2024-02-07,,,102349998.0,
Canada,2024-02-08,,,102353591.0,
Canada,2024-02-09,,,102355523.0,
Canada,2024-02-10,,,102357559.0,
Canada,2024-02-11,,,102358478.0,
Canada,2024-02-12,,,102358882.0,
Canada,2024-02-13,1915.0,43.0,102366179.0,
Canada,2024-02-14,,,102367541.0,
Canada,2024-02-15,,,102369878.0,
Canada,2024-02-16,,,102371124.0,
Canada,2024-02-17,,,102372942.0,
Canada,2024-02-18,,,102373639.0,
Canada,2024-02-19,,,102373981.0,
Canada,2024-02-20,1653.0,40.0,102379028.0,
Canada,2024-02-21,,,102380428.0,
Canada,2024-02-22,,,102383030.0,
Canada,2024-02-23,,,102384518.0,
Canada,2024-02-24,,,102386164.0,
Canada,2024-02-25,,,102386831.0,
Canada,2024-02-26,,,102387211.0,
Canada,2024-02-27,1496.0,38.0,102388509.0,
Canada,2024-02-28,,,102393189.0,
Canada,2024-02-29,,,102395703.0,
Canada,2024-03-01,,,102396807.0,
Canada,2024-03-02,,,102398231.0,
Canada,2024-03-03,,,102398902.0,
Canada,2024-03-04,,,102399240.0,
Canada,2024-03-05,1218.0,27.0,102400307.0,
Canada,2024-03-06,,,102401382.0,
Canada,2024-03-07,,,102403489.0,
Canada,2024-03-08,,,102404537.0,
Canada,2024-03-09,,,102405745.0,
Canada,2024-03-10,,,102406409.0,
Canada,2024-03-11,,,102406678.0,
Canada,2024-03-12,1380.0,21.0,102407722.0,
Canada,2024-03-13,,,102415712.0,
Canada,2024-03-14,,,102417669.0,
Canada,2024-03-15,,,102418789.0,
Canada,2024-03-16,,,102420002.0,
Canada,2024-03-17,,,102420500.0,
Canada,2024-03-18,,,102420702.0,
Canada,2024-03-19,1119.0,24.0,102424734.0,
Canada,2024-03-20,,,102425543.0,
Canada,2024-03-21,,,102427100.0,
Canada,2024-03-22,,,102428044.0,
Canada,2024-03-23,,,102429000.0,
Canada,2024-03-24,,,102429415.0,
Canada,2024-03-25,,,102433267.0,
Canada,2024-03-26,888.0,12.0,102434172.0,
Canada,2024-03-27,,,102434887.0,
Canada,2024-03-28,,,102436304.0,
Canada,2024-03-29,,,102437269.0,
Canada,2024-03-30,,,102437452.0,
Canada,2024-03-31,,,102437795.0,
Canada,2024-04-01,,,102437877.0,
Canada,2024-04-02,1031.0,16.0,102438512.0,
Canada,2024-04-03,,,102441927.0,
Canada,2024-04-04,,,102443811.0,
Canada,2024-04-05,,,102444696.0,
Canada,2024-04-06,,,102445780.0,
Canada,2024-04-07,,,102446320.0,
Canada,2024-04-08,,,102446668.0,
Canada,2024-04-09,1102.0,24.0,102451048.0,
Canada,2024-04-10,,,102452134.0,
Canada,2024-04-11,,,102455291.0,
Canada,2024-04-12,,,102456498.0,
Canada,2024-04-13,,,102458002.0,
Canada,2024-04-14,,,102458713.0,
Canada,2024-04-15,,,102459119.0,
Canada,2024-04-16,1023.0,22.0,102460747.0,
Canada,2024-04-17,,,102470460.0,
Canada,2024-04-18,,,102474423.0,
Canada,2024-04-19,,,102476467.0,
Canada,2024-04-20,,,102478228.0,
Canada,2024-04-21,,,102478956.0,
Canada,2024-04-22,,,102479279.0,
Canada,2024-04-23,1167.0,22.0,102490783.0,
Canada,2024-04-24,,,102492631.0,
Canada,2024-04-25,,,102496060.0,
Canada,2024-04-26,,,102498689.0,
Canada,2024-04-27,,,102500906.0,
Canada,2024-04-28,,,102501837.0,
Canada,2024-04-29,,,102513045.0,
Canada,2024-04-30,1283.0,22.0,102515284.0,
Canada,2024-05-01,,,102517452.0,
Canada,2024-05-02,,,102522228.0,
Canada,2024-05-03,,,102525024.0,
Canada,2024-05-04,,,102528694.0,
Canada,2024-05-05,,,102530112.0,
Canada,2024-05-06,,,102530762.0,
Canada,2024-05-07,1355.0,29.0,102534805.0,
Canada,2024-05-08,,,102551352.0,
Canada,2024-05-09,,,,
Canada,2024-05-10,,,,
Canada,2024-05-11,,,,
Canada,2024-05-12,,,,
Canada,2024-05-13,,,,
Canada,2024-05-14,1717.0,25.0,102564106.0,
Canada,2024-05-15,,,,
Canada,2024-05-16,,,102611287.0,
Canada,2024-05-17,,,102619729.0,
Canada,2024-05-18,,,102626818.0,
Canada,2024-05-19,,,102629038.0,
Canada,2024-05-20,,,102629978.0,
Canada,2024-05-21,1470.0,27.0,102630849.0,
Canada,2024-05-22,,,102637035.0,
Canada,2024-05-23,,,102647326.0,
Canada,2024-05-24,,,102654488.0,
Canada,2024-05-25,,,102659999.0,
Canada,2024-05-26,,,102661468.0,
Canada,2024-05-27,,,102662201.0,
Canada,2024-05-28,1351.0,16.0,102667503.0,
Canada,2024-05-29,,,102673185.0,
Canada,2024-05-30,,,102706456.0,
Canada,2024-05-31,,,102712768.0,
Canada,2024-06-01,,,102718282.0,
Canada,2024-06-02,,,102719620.0,
Canada,2024-06-03,,,102720106.0,
Canada,2024-06-04,624.0,12.0,102724399.0,
Canada,2024-06-05,,,102728926.0,
Canada,2024-06-06,,,,
Canada,2024-06-07,,,,
Canada,2024-06-08,,,,
Canada,2024-06-09,,,,
Canada,2024-06-10,,,,
Canada,2024-06-11,578.0,15.0,,
Canada,2024-06-12,,,102751981.0,
Canada,2024-06-13,,,,
Canada,2024-06-14,,,,
Canada,2024-06-15,,,,
Canada,2024-06-16,,,,
Canada,2024-06-17,,,102760612.0,
Canada,2024-06-18,553.0,12.0,,
Canada,2024-06-19,,,,
Canada,2024-06-20,,,102816708.0,
Canada,2024-06-21,,,102820177.0,
Canada,2024-06-22,,,102823009.0,
Canada,2024-06-23,,,102823877.0,
Canada,2024-06-24,,,102824203.0,
Canada,2024-06-25,605.0,12.0,102826562.0,
Canada,2024-06-26,,,102834793.0,
Canada,2024-06-27,,,,
Canada,2024-06-28,,,102842884.0,
Canada,2024-06-29,,,102845552.0,
Canada,2024-06-30,,,102846213.0,
Canada,2024-07-01,,,102850981.0,
Canada,2024-07-02,600.0,9.0,102851156.0,
Canada,2024-07-03,,,102852975.0,
Canada,2024-07-04,,,102856866.0,
Canada,2024-07-05,,,102858988.0,
Canada,2024-07-06,,,102861095.0,
Canada,2024-07-07,,,102861651.0,
Canada,2024-07-08,,,102866143.0,
Canada,2024-07-09,519.0,5.0,102867679.0,
Canada,2024-07-10,,,102869160.0,
Canada,2024-07-11,,,,
Canada,2024-07-12,,,,
Canada,2024-07-13,,,,
Canada,2024-07-14,,,,
Canada,2024-07-15,,,102873183.0,
Canada,2024-07-16,467.0,6.0,,
Canada,2024-07-17,,,,
Canada,2024-07-18,,,,
Canada,2024-07-19,,,,
Canada,2024-07-20,,,,
Canada,2024-07-21,,,,
Canada,2024-07-22,,,,
Canada,2024-07-23,327.0,2.0,,
Canada,2024-07-24,,,102877159.0,
Canada,2024-07-25,,,,
Canada,2024-07-26,,,,
Canada,2024-07-27,,,,
Canada,2024-07-28,,,,
Canada,2024-07-29,,,,
Canada,2024-07-30,38.0,0.0,,
Canada,2024-07-31,,,,
Canada,2024-08-01,,,,
Canada,2024-08-02,,,,
Canada,2024-08-03,,,,
Canada,2024-08-04,,,,
Canada,2024-08-05,,,,
Canada,2024-08-06,,,,
Canada,2024-08-07,,,,
Canada,2024-08-08,,,,
Canada,2024-08-09,,,,
Canada,2024-08-10,,,,
Canada,2024-08-11,,,,
Canada,2024-08-12,,,,
Canada,2024-08-13,,,,
Canada,2024-08-14,,,,
Canada,2024-08-15,,,,
Canada,2024-08-16,,,,
Canada,2024-08-17,,,,
Canada,2024-08-18,,,,
Canada,2024-08-19,,,,
Canada,2024-08-20,,,,
Canada,2024-08-21,,,,
Canada,2024-08-22,,,,
Canada,2024-08-23,,,,
Canada,2024-08-24,,,,
Canada,2024-08-25,,,,
Canada,2024-08-26,,,,
Canada,2024-08-27,,,,
Canada,2024-08-28,,,,
Canada,2024-08-29,,,,
Canada,2024-08-30,,,,
Canada,2024-08-31,,,,
Canada,2024-09-01,,,,
Canada,2024-09-02,,,,
Canada,2024-09-03,,,,
Canada,2024-09-04,,,,
Canada,2024-09-05,,,,
Canada,2024-09-06,,,,
Canada,2024-09-07,,,,
Canada,2024-09-08,,,,
Canada,2024-09-09,,,,
Canada,2024-09-10,,,,
Canada,2024-09-11,,,,
Canada,2024-09-12,,,,
Canada,2024-09-13,,,,
Canada,2024-09-14,,,,
Canada,2024-09-15,,,,
Canada,2024-09-16,,,,
Canada,2024-09-17,,,,
Canada,2024-09-18,,,,
Canada,2024-09-19,,,,
Canada,2024-09-20,,,,
Canada,2024-09-21,,,,
Canada,2024-09-22,,,,
Canada,2024-09-23,,,,
Canada,2024-09-24,,,,
Canada,2024-09-25,,,,
Canada,2024-09-26,,,,
Canada,2024-09-27,,,,
Canada,2024-09-28,,,,
Canada,2024-09-29,,,,
Canada,2024-09-30,,,,
Canada,2024-10-01,,,,
Canada,2024-10-02,,,,
Canada,2024-10-03,,,,
Canada,2024-10-04,,,,
Canada,2024-10-05,,,,
Canada,2024-10-06,,,,
Canada,2024-10-07,,,,
Canada,2024-10-08,,,,
Canada,2024-10-09,,,,
Canada,2024-10-10,,,,
Canada,2024-10-11,,,,
Canada,2024-10-12,,,,
Canada,2024-10-13,,,,
Canada,2024-10-14,,,,
Canada,2024-10-15,,,,
Canada,2024-10-16,,,,
Canada,2024-10-17,,,,
Canada,2024-10-18,,,,
Canada,2024-10-19,,,,
Canada,2024-10-20,,,,
Canada,2024-10-21,,,,
Canada,2024-10-22,,,,
Canada,2024-10-23,,,,
Canada,2024-10-24,,,,
Canada,2024-10-25,,,,
Canada,2024-10-26,,,,
Canada,2024-10-27,,,,
Canada,2024-10-28,,,,
Canada,2024-10-29,,,,
Canada,2024-10-30,,,,
Canada,2024-10-31,,,,
Canada,2024-11-01,,,,
Canada,2024-11-02,,,,
Canada,2024-11-03,,,,
Canada,2024-11-04,,,,
Canada,2024-11-05,,,,
Canada,2024-11-06,,,,
Canada,2024-11-07,,,,
Canada,2024-11-08,,,,
Canada,2024-11-09,,,,
Canada,2024-11-10,,,,
Canada,2024-11-11,,,,
Canada,2024-11-12,,,,
Canada,2024-11-13,,,,
Canada,2024-11-14,,,,
Canada,2024-11-15,,,,
Canada,2024-11-16,,,,
Canada,2024-11-17,,,,
Canada,2024-11-18,,,,
Canada,2024-11-19,,,,
Canada,2024-11-20,,,,
Canada,2024-11-21,,,,
Canada,2024-11-22,,,,
Canada,2024-11-23,,,,
Canada,2024-11-24,,,,
Canada,2024-11-25,,,,
Canada,2024-11-26,,,,
Canada,2024-11-27,,,,
Canada,2024-11-28,,,,
Canada,2024-11-29,,,,
Canada,2024-11-30,,,,
Canada,2024-12-01,,,,
Canada,2024-12-02,,,,
Canada,2024-12-03,,,,
Canada,2024-12-04,,,,
Canada,2024-12-05,,,,
Canada,2024-12-06,,,,
Canada,2024-12-07,,,,
Canada,2024-12-08,,,,
Canada,2024-12-09,,,,
Canada,2024-12-10,,,,
Canada,2024-12-11,,,,
Canada,2024-12-12,,,,
Canada,2024-12-13,,,,
Canada,2024-12-14,,,,
Canada,2024-12-15,,,,
Canada,2024-12-16,,,,
Canada,2024-12-17,,,,
Canada,2024-12-18,,,,
Canada,2024-12-19,,,,
Canada,2024-12-20,,,,
Canada,2024-12-21,,,,
Canada,2024-12-22,,,,
Canada,2024-12-23,,,,
Canada,2024-12-24,,,,
Canada,2024-12-25,,,,
Canada,2024-12-26,,,,
Canada,2024-12-27,,,,
Canada,2024-12-28,,,,
Canada,2024-12-29,,,,
Canada,2024-12-30,,,,
Canada,2024-12-31,,,,
France,2022-01-01,,,124260120.0,43.74
France,2022-01-02,1140724.0,1315.0,124337828.0,43.74
France,2022-01-03,,,124964222.0,48.33
France,2022-01-04,,,125761303.0,48.29
France,2022-01-05,,,126497377.0,48.25
France,2022-01-06,,,127293771.0,48.21
France,2022-01-07,,,128181786.0,48.16
France,2022-01-08,,,128732123.0,48.13
France,2022-01-09,1726217.0,1484.0,128903213.0,48.12
France,2022-01-10,,,129503105.0,48.09
France,2022-01-11,,,130196157.0,48.05
France,2022-01-12,,,130806981.0,48.02
France,2022-01-13,,,131427274.0,47.98
France,2022-01-14,,,132144113.0,47.94
France,2022-01-15,,,132590581.0,47.92
France,2022-01-16,1961912.0,1499.0,132708853.0,47.91
France,2022-01-17,,,133115307.0,47.89
France,2022-01-18,,,133575270.0,47.86
France,2022-01-19,,,133968316.0,47.84
France,2022-01-20,,,134352412.0,47.82
France,2022-01-21,,,134817889.0,47.79
France,2022-01-22,,,135113141.0,47.77
France,2022-01-23,2417043.0,1658.0,135181712.0,47.77
France,2022-01-24,,,135463945.0,44.9
France,2022-01-25,,,135781947.0,44.87
France,2022-01-26,,,136081264.0,44.83
France,2022-01-27,,,136353052.0,44.81
France,2022-01-28,,,136744958.0,44.77
France,2022-01-29,,,137001060.0,44.74
France,2022-01-30,2329374.0,1933.0,137059274.0,44.73
France,2022-01-31,,,137263399.0,44.71
France,2022-02-01,,,137500635.0,44.68
France,2022-02-02,,,137760284.0,44.65
France,2022-02-03,,,137975408.0,44.62
France,2022-02-04,,,138298564.0,44.59
France,2022-02-05,,,138516994.0,44.56
France,2022-02-06,1707588.0,1996.0,138560889.0,44.56
France,2022-02-07,,,138774629.0,44.53
France,2022-02-08,,,138995083.0,44.51
France,2022-02-09,,,139241044.0,44.48
France,2022-02-10,,,139440128.0,44.46
France,2022-02-11,,,139726319.0,44.43
France,2022-02-12,,,139910904.0,44.4
France,2022-02-13,958639.0,1988.0,139948103.0,44.4
France,2022-02-14,,,140139237.0,44.38
France,2022-02-15,,,140330299.0,44.36
France,2022-02-16,,,140515982.0,30.04
France,2022-02-17,,,140633819.0,30.02
France,2022-02-18,,,140794899.0,29.99
France,2022-02-19,,,140895230.0,29.97
France,2022-02-20,565947.0,1745.0,140913257.0,29.97
France,2022-02-21,,,140997562.0,29.95
France,2022-02-22,,,141082116.0,29.94
France,2022-02-23,,,141183178.0,29.91
France,2022-02-24,,,141253548.0,29.9
France,2022-02-25,,,141360310.0,29.88
France,2022-02-26,,,141429856.0,29.87
France,2022-02-27,393549.0,1331.0,141441835.0,29.87
France,2022-02-28,,,141498380.0,29.86
France,2022-03-01,,,141559649.0,29.85
France,2022-03-02,,,141630491.0,29.83
France,2022-03-03,,,141672957.0,29.83
France,2022-03-04,,,141729724.0,29.82
France,2022-03-05,,,141767367.0,29.81
France,2022-03-06,348284.0,1094.0,141772541.0,29.81
France,2022-03-07,,,141799432.0,29.8
France,2022-03-08,,,141827483.0,29.8
France,2022-03-09,,,141864246.0,29.79
France,2022-03-10,,,141889287.0,29.78
France,2022-03-11,,,141924333.0,29.78
France,2022-03-12,,,141951285.0,29.77
France,2022-03-13,419228.0,820.0,141954960.0,29.77
France,2022-03-14,,,141980203.0,18.83
France,2022-03-15,,,142012192.0,18.83
France,2022-03-16,,,142055226.0,18.83
France,2022-03-17,,,142084683.0,18.83
France,2022-03-18,,,142131036.0,18.83
France,2022-03-19,,,142160658.0,18.83
France,2022-03-20,586328.0,792.0,142164692.0,18.83
France,2022-03-21,,,142196996.0,18.83
France,2022-03-22,,,142236658.0,18.83
France,2022-03-23,,,142286545.0,18.83
France,2022-03-24,,,142320336.0,18.83
France,2022-03-25,,,142373946.0,18.83
France,2022-03-26,,,142405356.0,18.82
France,2022-03-27,851993.0,727.0,142409806.0,18.82
France,2022-03-28,,,142442980.0,18.82
France,2022-03-29,,,142488217.0,18.82
France,2022-03-30,,,142539787.0,18.82
France,2022-03-31,,,142583021.0,18.82
France,2022-04-01,,,142641279.0,18.82
France,2022-04-02,,,142664650.0,18.82
France,2022-04-03,959358.0,801.0,142668194.0,18.82
France,2022-04-04,,,142707318.0,18.82
France,2022-04-05,,,142761609.0,18.82
France,2022-04-06,,,142808288.0,18.82
France,2022-04-07,,,142860937.0,18.82
France,2022-04-08,,,142930844.0,18.82
France,2022-04-09,,,142957783.0,18.82
France,2022-04-10,928373.0,788.0,142962838.0,18.82
France,2022-04-11,,,143002634.0,18.82
France,2022-04-12,,,143062400.0,18.82
France,2022-04-13,,,143114635.0,18.82
France,2022-04-14,,,143168732.0,18.82
France,2022-04-15,,,143225727.0,18.82
France,2022-04-16,,,143243560.0,18.82
France,2022-04-17,822438.0,852.0,143246262.0,18.82
France,2022-04-18,,,143250864.0,18.82
France,2022-04-19,,,143298052.0,18.82
France,2022-04-20,,,143345940.0,18.82
France,2022-04-21,,,143398079.0,18.82
France,2022-04-22,,,143457714.0,18.82
France,2022-04-23,,,143478989.0,18.82
France,2022-04-24,539161.0,889.0,143482775.0,18.82
France,2022-04-25,,,143518388.0,18.82
France,2022-04-26,,,143575360.0,18.82
France,2022-04-27,,,143623022.0,18.82
France,2022-04-28,,,143676175.0,18.82
France,2022-04-29,,,143735862.0,18.82
France,2022-04-30,,,143758435.0,18.82
France,2022-05-01,376510.0,867.0,143760897.0,18.82
France,2022-05-02,,,143795573.0,18.82
France,2022-05-03,,,143849343.0,18.82
France,2022-05-04,,,143892409.0,18.82
France,2022-05-05,,,143943918.0,18.82
France,2022-05-06,,,144001991.0,18.82
France,2022-05-07,,,144021062.0,18.82
France,2022-05-08,264928.0,749.0,144024452.0,18.82
France,2022-05-09,,,144058349.0,18.81
France,2022-05-10,,,144116161.0,18.81
France,2022-05-11,,,144159886.0,18.81
France,2022-05-12,,,144211377.0,18.81
France,2022-05-13,,,144268328.0,18.81
France,2022-05-14,,,144287842.0,18.81
France,2022-05-15,216715.0,614.0,144291323.0,18.81
France,2022-05-16,,,144324338.0,18.81
France,2022-05-17,,,144378249.0,18.81
France,2022-05-18,,,144419580.0,18.81
France,2022-05-19,,,144470118.0,18.81
France,2022-05-20,,,144527907.0,18.81
France,2022-05-21,,,144546343.0,18.81
France,2022-05-22,162239.0,466.0,144549397.0,18.81
France,2022-05-23,,,144581955.0,18.81
France,2022-05-24,,,144636509.0,18.81
France,2022-05-25,,,144675355.0,18.81
France,2022-05-26,,,144678868.0,18.81
France,2022-05-27,,,144713292.0,18.81
France,2022-05-28,,,144725947.0,18.81
France,2022-05-29,113355.0,300.0,144728093.0,18.81
France,2022-05-30,,,144757379.0,18.81
France,2022-05-31,,,144806876.0,18.81
France,2022-06-01,,,144847302.0,18.81
France,2022-06-02,,,144898313.0,18.81
France,2022-06-03,,,144955282.0,18.81
France,2022-06-04,,,144971934.0,18.81
France,2022-06-05,148073.0,329.0,144974435.0,18.81
France,2022-06-06,,,144980040.0,18.81
France,2022-06-07,,,145029707.0,18.81
France,2022-06-08,,,145071960.0,18.81
France,2022-06-09,,,145125827.0,18.81
France,2022-06-10,,,145188588.0,18.81
France,2022-06-11,,,145208348.0,18.81
France,2022-06-12,193813.0,237.0,145211841.0,18.81
France,2022-06-13,,,145245661.0,18.81
France,2022-06-14,,,145304956.0,18.81
France,2022-06-15,,,145349204.0,18.81
France,2022-06-16,,,145402291.0,18.81
France,2022-06-17,,,145465856.0,18.81
France,2022-06-18,,,145483932.0,18.81
France,2022-06-19,297927.0,265.0,145487152.0,18.81
France,2022-06-20,,,145525096.0,18.81
France,2022-06-21,,,145589038.0,18.81
France,2022-06-22,,,145640942.0,18.81
France,2022-06-23,,,145710337.0,18.81
France,2022-06-24,,,145797660.0,18.81
France,2022-06-25,,,145826539.0,18.81
France,2022-06-26,456705.0,291.0,145832868.0,18.81
France,2022-06-27,,,145895018.0,18.81
France,2022-06-28,,,146005397.0,18.81
France,2022-06-29,,,146094138.0,18.81
France,2022-06-30,,,146207975.0,18.81
France,2022-07-01,,,146351245.0,18.81
France,2022-07-02,,,146398476.0,18.81
France,2022-07-03,731586.0,264.0,146407860.0,18.81
France,2022-07-04,,,146507253.0,18.8
France,2022-07-05,,,146664349.0,18.8
France,2022-07-06,,,146784454.0,18.8
France,2022-07-07,,,146933095.0,18.8
France,2022-07-08,,,147095991.0,18.8
France,2022-07-09,,,147143997.0,18.8
France,2022-07-10,903969.0,424.0,147154306.0,18.8
France,2022-07-11,,,147261557.0,18.8
France,2022-07-12,,,147431034.0,18.8
France,2022-07-13,,,147545813.0,18.8
France,2022-07-14,,,147553868.0,18.8
France,2022-07-15,,,147657513.0,18.8
France,2022-07-16,,,147690265.0,18.8
France,2022-07-17,683784.0,585.0,147697246.0,18.8
France,2022-07-18,,,147774269.0,18.8
France,2022-07-19,,,147897231.0,18.8
France,2022-07-20,,,147991519.0,18.8
France,2022-07-21,,,148096323.0,18.8
France,2022-07-22,,,148204633.0,18.8
France,2022-07-23,,,148234646.0,18.8
France,2022-07-24,522296.0,731.0,148240491.0,18.8
France,2022-07-25,,,148300924.0,18.8
France,2022-07-26,,,148403186.0,18.8
France,2022-07-27,,,148477974.0,18.8
France,2022-07-28,,,148555665.0,18.8
France,2022-07-29,,,148635937.0,18.8
France,2022-07-30,,,148656113.0,18.8
France,2022-07-31,329431.0,597.0,148659924.0,18.8
France,2022-08-01,,,148700439.0,11.11
France,2022-08-02,,,148767858.0,11.11
France,2022-08-03,,,148815088.0,11.11
France,2022-08-04,,,148866752.0,11.11
France,2022-08-05,,,148921052.0,11.11
France,2022-08-06,,,148933422.0,11.11
France,2022-08-07,212195.0,529.0,148935852.0,11.11
France,2022-08-08,,,148963832.0,11.11
France,2022-08-09,,,149011683.0,11.11
France,2022-08-10,,,149046364.0,11.11
France,2022-08-11,,,149081780.0,11.11
France,2022-08-12,,,149116762.0,11.11
France,2022-08-13,,,149124108.0,11.11
France,2022-08-14,151186.0,518.0,149125515.0,11.11
France,2022-08-15,,,149127038.0,11.11
France,2022-08-16,,,149154903.0,11.11
France,2022-08-17,,,149183388.0,11.11
France,2022-08-18,,,149215463.0,11.11
France,2022-08-19,,,149248989.0,11.11
France,2022-08-20,,,149256729.0,11.11
France,2022-08-21,119216.0,413.0,149258275.0,11.11
France,2022-08-22,,,149278493.0,11.11
France,2022-08-23,,,149313707.0,11.11
France,2022-08-24,,,149338354.0,11.11
France,2022-08-25,,,149367354.0,11.11
France,2022-08-26,,,149399844.0,11.11
France,2022-08-27,,,149407491.0,11.11
France,2022-08-28,117039.0,317.0,149409003.0,11.11
France,2022-08-29,,,149428351.0,11.11
France,2022-08-30,,,149463779.0,11.11
France,2022-08-31,,,149486288.0,11.11
France,2022-09-01,,,149515030.0,11.11
France,2022-09-02,,,149550849.0,11.11
France,2022-09-03,,,149559848.0,11.11
France,2022-09-04,106571.0,302.0,149561360.0,11.11
France,2022-09-05,,,149582300.0,11.11
France,2022-09-06,,,149620869.0,11.11
France,2022-09-07,,,149642194.0,11.11
France,2022-09-08,,,149672367.0,11.11
France,2022-09-09,,,149706364.0,11.11
France,2022-09-10,,,149714876.0,11.11
France,2022-09-11,112374.0,263.0,149716112.0,11.11
France,2022-09-12,,,149733269.0,11.11
France,2022-09-13,,,149765347.0,11.11
France,2022-09-14,,,149786016.0,11.11
France,2022-09-15,,,149814509.0,11.11
France,2022-09-16,,,149846425.0,11.11
France,2022-09-17,,,149854933.0,11.11
France,2022-09-18,188853.0,202.0,149856480.0,11.11
France,2022-09-19,,,149873092.0,11.11
France,2022-09-20,,,149904894.0,11.11
France,2022-09-21,,,149925260.0,11.11
France,2022-09-22,,,149953776.0,11.11
France,2022-09-23,,,149988895.0,11.11
France,2022-09-24,,,149998493.0,11.11
France,2022-09-25,230732.0,217.0,150000223.0,11.11
France,2022-09-26,,,150017220.0,11.11
France,2022-09-27,,,150048251.0,11.11
France,2022-09-28,,,150067674.0,11.11
France,2022-09-29,,,150093206.0,11.11
France,2022-09-30,,,150124638.0,11.11
France,2022-10-01,,,150133771.0,11.11
France,2022-10-02,310114.0,217.0,150134827.0,11.11
France,2022-10-03,,,150150932.0,11.11
France,2022-10-04,,,150179424.0,11.11
France,2022-10-05,,,150197942.0,11.11
France,2022-10-06,,,150224015.0,11.11
France,2022-10-07,,,150260204.0,11.11
France,2022-10-08,,,150271164.0,11.11
France,2022-10-09,385474.0,314.0,150273340.0,11.11
France,2022-10-10,,,150298188.0,11.11
France,2022-10-11,,,150344234.0,11.11
France,2022-10-12,,,150375724.0,11.11
France,2022-10-13,,,150419651.0,11.11
France,2022-10-14,,,150474027.0,11.11
France,2022-10-15,,,150488704.0,11.11
France,2022-10-16,392073.0,414.0,150491273.0,11.11
France,2022-10-17,,,150521935.0,11.11
France,2022-10-18,,,150574089.0,11.11
France,2022-10-19,,,150613502.0,11.11
France,2022-10-20,,,150669245.0,11.11
France,2022-10-21,,,150733686.0,11.11
France,2022-10-22,,,150749039.0,11.11
France,2022-10-23,348646.0,522.0,150751658.0,11.11
France,2022-10-24,,,150783084.0,11.11
France,2022-10-25,,,150838398.0,11.11
France,2022-10-26,,,150875677.0,11.11
France,2022-10-27,,,150921846.0,11.11
France,2022-10-28,,,150972224.0,11.11
France,2022-10-29,,,150983675.0,11.11
France,2022-10-30,222885.0,495.0,150985769.0,11.11
France,2022-10-31,,,151004777.0,11.11
France,2022-11-01,,,151007161.0,11.11
France,2022-11-02,,,151036805.0,11.11
France,2022-11-03,,,151082334.0,11.11
France,2022-11-04,,,151131915.0,11.11
France,2022-11-05,,,151143727.0,11.11
France,2022-11-06,153617.0,445.0,151145807.0,11.11
France,2022-11-07,,,151176514.0,11.11
France,2022-11-08,,,151235049.0,11.11
France,2022-11-09,,,151271258.0,11.11
France,2022-11-10,,,151321168.0,11.11
France,2022-11-11,,,151323410.0,11.11
France,2022-11-12,,,151332272.0,11.11
France,2022-11-13,151055.0,397.0,151333920.0,11.11
France,2022-11-14,,,151361542.0,11.11
France,2022-11-15,,,151412470.0,11.11
France,2022-11-16,,,151445398.0,11.11
France,2022-11-17,,,151489776.0,11.11
France,2022-11-18,,,151540947.0,11.11
France,2022-11-19,,,151552873.0,11.11
France,2022-11-20,221689.0,469.0,151555148.0,11.11
France,2022-11-21,,,151579978.0,11.11
France,2022-11-22,,,151625009.0,11.11
France,2022-11-23,,,151654847.0,11.11
France,2022-11-24,,,151696936.0,11.11
France,2022-11-25,,,151742603.0,11.11
France,2022-11-26,,,151753953.0,11.11
France,2022-11-27,293632.0,455.0,151756049.0,11.11
France,2022-11-28,,,151784408.0,11.11
France,2022-11-29,,,151836475.0,11.11
France,2022-11-30,,,151878365.0,11.11
France,2022-12-01,,,151936852.0,11.11
France,2022-12-02,,,152005977.0,11.11
France,2022-12-03,,,152026977.0,11.11
France,2022-12-04,384070.0,485.0,152032029.0,11.11
France,2022-12-05,,,152082200.0,11.11
France,2022-12-06,,,152168787.0,11.11
France,2022-12-07,,,152233544.0,11.11
France,2022-12-08,,,152321551.0,11.11
France,2022-12-09,,,152427565.0,11.11
France,2022-12-10,,,152466322.0,11.11
France,2022-12-11,429679.0,569.0,152475959.0,11.11
France,2022-12-12,,,152550953.0,11.11
France,2022-12-13,,,152665160.0,11.11
France,2022-12-14,,,152746657.0,11.11
France,2022-12-15,,,152853052.0,11.11
France,2022-12-16,,,152969532.0,11.11
France,2022-12-17,,,153005620.0,11.11
France,2022-12-18,391192.0,721.0,153012967.0,11.11
France,2022-12-19,,,153076165.0,11.11
France,2022-12-20,,,153165527.0,11.11
France,2022-12-21,,,153223084.0,11.11
France,2022-12-22,,,153275611.0,11.11
France,2022-12-23,,,153306366.0,11.11
France,2022-12-24,,,153309735.0,11.11
France,2022-12-25,299842.0,807.0,153310512.0,11.11
France,2022-12-26,,,153330722.0,11.11
France,2022-12-27,,,153369883.0,11.11
France,2022-12-28,,,153399852.0,11.11
France,2022-12-29,,,153430851.0,11.11
France,2022-12-30,,,153454031.0,11.11
France,2022-12-31,,,153458028.0,11.11
France,2023-01-01,151707.0,808.0,153458987.0,
France,2023-01-02,,,153482592.0,
France,2023-01-03,,,153532931.0,
France,2023-01-04,,,153569082.0,
France,2023-01-05,,,153618534.0,
France,2023-01-06,,,153674258.0,
France,2023-01-07,,,153689910.0,
France,2023-01-08,80829.0,775.0,153693574.0,
France,2023-01-09,,,153720032.0,
France,2023-01-10,,,153767901.0,
France,2023-01-11,,,153797264.0,
France,2023-01-12,,,153836912.0,
France,2023-01-13,,,153879155.0,
France,2023-01-14,,,153890757.0,
France,2023-01-15,43524.0,506.0,153892947.0,
France,2023-01-16,,,153912589.0,
France,2023-01-17,,,153946296.0,
France,2023-01-18,,,153967151.0,
France,2023-01-19,,,153994134.0,
France,2023-01-20,,,154024766.0,
France,2023-01-21,,,154032899.0,
France,2023-01-22,31693.0,398.0,154034072.0,
France,2023-01-23,,,154047593.0,
France,2023-01-24,,,154071959.0,
France,2023-01-25,,,154087495.0,
France,2023-01-26,,,154108061.0,
France,2023-01-27,,,154130928.0,
France,2023-01-28,,,154136850.0,
France,2023-01-29,29999.0,326.0,154137554.0,
France,2023-01-30,,,154148034.0,
France,2023-01-31,,,154165142.0,
France,2023-02-01,,,154176180.0,
France,2023-02-02,,,154190731.0,
France,2023-02-03,,,154206565.0,
France,2023-02-04,,,154210853.0,
France,2023-02-05,26127.0,260.0,154211279.0,
France,2023-02-06,,,154218497.0,
France,2023-02-07,,,154230738.0,
France,2023-02-08,,,154238648.0,
France,2023-02-09,,,154248702.0,
France,2023-02-10,,,154259612.0,
France,2023-02-11,,,154262738.0,
France,2023-02-12,22545.0,171.0,154263070.0,
France,2023-02-13,,,154267781.0,
France,2023-02-14,,,154275631.0,
France,2023-02-15,,,154281379.0,
France,2023-02-16,,,154288420.0,
France,2023-02-17,,,154296070.0,
France,2023-02-18,,,154298643.0,
France,2023-02-19,24116.0,180.0,154298906.0,
France,2023-02-20,,,154303086.0,
France,2023-02-21,,,154309383.0,
France,2023-02-22,,,154313698.0,
France,2023-02-23,,,154319234.0,
France,2023-02-24,,,154325460.0,
France,2023-02-25,,,154327396.0,
France,2023-02-26,26274.0,170.0,154327579.0,
France,2023-02-27,,,154330718.0,
France,2023-02-28,,,154335793.0,
France,2023-03-01,,,154339197.0,
France,2023-03-02,,,154343577.0,
France,2023-03-03,,,154349107.0,
France,2023-03-04,,,154350948.0,
France,2023-03-05,25318.0,152.0,154351079.0,
France,2023-03-06,,,154353531.0,
France,2023-03-07,,,154357063.0,
France,2023-03-08,,,154359498.0,
France,2023-03-09,,,154362598.0,
France,2023-03-10,,,154366922.0,
France,2023-03-11,,,154368379.0,
France,2023-03-12,35851.0,125.0,154368507.0,
France,2023-03-13,,,154370512.0,
France,2023-03-14,,,154373542.0,
France,2023-03-15,,,154375777.0,
France,2023-03-16,,,154378499.0,
France,2023-03-17,,,154381992.0,
France,2023-03-18,,,154383337.0,
France,2023-03-19,46305.0,163.0,154383458.0,
France,2023-03-20,,,154385444.0,
France,2023-03-21,,,154388240.0,
France,2023-03-22,,,154390203.0,
France,2023-03-23,,,154392621.0,
France,2023-03-24,,,154395969.0,
France,2023-03-25,,,154397199.0,
France,2023-03-26,54593.0,168.0,154397284.0,
France,2023-03-27,,,154399176.0,
France,2023-03-28,,,154401798.0,
France,2023-03-29,,,154403640.0,
France,2023-03-30,,,154406014.0,
France,2023-03-31,,,154409111.0,
France,2023-04-01,,,154410447.0,
France,2023-04-02,57282.0,210.0,154410548.0,
France,2023-04-03,,,154412375.0,
France,2023-04-04,,,154414536.0,
France,2023-04-05,,,154416090.0,
France,2023-04-06,,,154417906.0,
France,2023-04-07,,,154420255.0,
France,2023-04-08,,,154421103.0,
France,2023-04-09,55344.0,188.0,154421165.0,
France,2023-04-10,,,154421297.0,
France,2023-04-11,,,154423191.0,
France,2023-04-12,,,154424655.0,
France,2023-04-13,,,154426344.0,
France,2023-04-14,,,154428708.0,
France,2023-04-15,,,154429573.0,
France,2023-04-16,52509.0,162.0,154429661.0,
France,2023-04-17,,,154431024.0,
France,2023-04-18,,,154432641.0,
France,2023-04-19,,,154433815.0,
France,2023-04-20,,,154435271.0,
France,2023-04-21,,,154437209.0,
France,2023-04-22,,,154437836.0,
France,2023-04-23,48578.0,280.0,154437883.0,
France,2023-04-24,,,154439041.0,
France,2023-04-25,,,154440528.0,
France,2023-04-26,,,154441549.0,
France,2023-04-27,,,154442978.0,
France,2023-04-28,,,154444699.0,
France,2023-04-29,,,154445303.0,
France,2023-04-30,40443.0,249.0,154445339.0,
France,2023-05-01,,,154445443.0,
France,2023-05-02,,,154446969.0,
France,2023-05-03,,,154448008.0,
France,2023-05-04,,,154449368.0,
France,2023-05-05,,,154450831.0,
France,2023-05-06,,,154451346.0,
France,2023-05-07,31332.0,239.0,154451397.0,
France,2023-05-08,,,154451479.0,
France,2023-05-09,,,154452488.0,
France,2023-05-10,,,154453459.0,
France,2023-05-11,,,154454537.0,
France,2023-05-12,,,154455832.0,
France,2023-05-13,,,154456291.0,
France,2023-05-14,24280.0,160.0,154456341.0,
France,2023-05-15,,,154457176.0,
France,2023-05-16,,,154458520.0,
France,2023-05-17,,,154459483.0,
France,2023-05-18,,,154459537.0,
France,2023-05-19,,,154460489.0,
France,2023-05-20,,,154460819.0,
France,2023-05-21,20650.0,132.0,154460860.0,
France,2023-05-22,,,154461676.0,
France,2023-05-23,,,154462673.0,
France,2023-05-24,,,154463554.0,
France,2023-05-25,,,154464476.0,
France,2023-05-26,,,154465596.0,
France,2023-05-27,,,154465917.0,
France,2023-05-28,25230.0,149.0,154465938.0,
France,2023-05-29,,,154465991.0,
France,2023-05-30,,,154467010.0,
France,2023-05-31,,,154467854.0,
France,2023-06-01,,,154468810.0,
France,2023-06-02,,,154469848.0,
France,2023-06-03,,,154470159.0,
France,2023-06-04,18614.0,112.0,154470196.0,
France,2023-06-05,,,154471132.0,
France,2023-06-06,,,154472412.0,
France,2023-06-07,,,154473288.0,
France,2023-06-08,,,154474403.0,
France,2023-06-09,,,154475422.0,
France,2023-06-10,,,154475705.0,
France,2023-06-11,15618.0,106.0,154475736.0,
France,2023-06-12,,,154476676.0,
France,2023-06-13,,,154477896.0,
France,2023-06-14,,,154478781.0,
France,2023-06-15,,,154479894.0,
France,2023-06-16,,,154481057.0,
France,2023-06-17,,,154481283.0,
France,2023-06-18,11200.0,67.0,154481331.0,
France,2023-06-19,,,154482114.0,
France,2023-06-20,,,154483230.0,
France,2023-06-21,,,154484127.0,
France,2023-06-22,,,154485066.0,
France,2023-06-23,,,154486036.0,
France,2023-06-24,,,154486226.0,
France,2023-06-25,7982.0,62.0,154486260.0,
France,2023-06-26,,,154486865.0,
France,2023-06-27,,,154487793.0,
France,2023-06-28,,,154488485.0,
France,2023-06-29,,,154489124.0,
France,2023-06-30,,,154489830.0,
France,2023-07-01,,,154490028.0,
France,2023-07-02,,,154490037.0,
France,2023-07-03,,,154490501.0,
France,2023-07-04,,,154491089.0,
France,2023-07-05,,,154491597.0,
France,2023-07-06,,,154492212.0,
France,2023-07-07,,,154492803.0,
France,2023-07-08,,,154492967.0,
France,2023-07-09,,,154492981.0,
France,2023-07-10,,,154493266.0,
France,2023-07-11,,,,
France,2023-07-12,,,,
France,2023-07-13,,,,
France,2023-07-14,,,,
France,2023-07-15,,,,
France,2023-07-16,,,,
France,2023-07-17,,,,
France,2023-07-18,,,,
France,2023-07-19,,,,
France,2023-07-20,,,,
France,2023-07-21,,,,
France,2023-07-22,,,,
France,2023-07-23,,,,
France,2023-07-24,,,,
France,2023-07-25,,,,
France,2023-07-26,,,,
France,2023-07-27,,,,
France,2023-07-28,,,,
France,2023-07-29,,,,
France,2023-07-30,,,,
France,2023-07-31,,,,
France,2023-08-01,,,,
France,2023-08-02,,,,
France,2023-08-03,,,,
France,2023-08-04,,,,
France,2023-08-05,,,,
France,2023-08-06,,,,
France,2023-08-07,,,,
France,2023-08-08,,,,
France,2023-08-09,,,,
France,2023-08-10,,,,
France,2023-08-11,,,,
France,2023-08-12,,,,
France,2023-08-13,,,,
France,2023-08-14,,,,
France,2023-08-15,,,,
France,2023-08-16,,,,
France,2023-08-17,,,,
France,2023-08-18,,,,
France,2023-08-19,,,,
France,2023-08-20,,,,
France,2023-08-21,,,,
France,2023-08-22,,,,
France,2023-08-23,,,,
France,2023-08-24,,,,
France,2023-08-25,,,,
France,2023-08-26,,,,
France,2023-08-27,,,,
France,2023-08-28,,,,
France,2023-08-29,,,,
France,2023-08-30,,,,
France,2023-08-31,,,,
France,2023-09-01,,,,
France,2023-09-02,,,,
France,2023-09-03,,,,
France,2023-09-04,,,,
France,2023-09-05,,,,
France,2023-09-06,,,,
France,2023-09-07,,,,
France,2023-09-08,,,,
France,2023-09-09,,,,
France,2023-09-10,,,,
France,2023-09-11,,,,
France,2023-09-12,,,,
France,2023-09-13,,,,
France,2023-09-14,,,,
France,2023-09-15,,,,
France,2023-09-16,,,,
France,2023-09-17,,,,
France,2023-09-18,,,,
France,2023-09-19,,,,
France,2023-09-20,,,,
France,2023-09-21,,,,
France,2023-09-22,,,,
France,2023-09-23,,,,
France,2023-09-24,,,,
France,2023-09-25,,,,
France,2023-09-26,,,,
France,2023-09-27,,,,
France,2023-09-28,,,,
France,2023-09-29,,,,
France,2023-09-30,,,,
France,2023-10-01,,,,
France,2023-10-02,,,,
France,2023-10-03,,,,
France,2023-10-04,,,,
France,2023-10-05,,,,
France,2023-10-06,,,,
France,2023-10-07,,,,
France,2023-10-08,,,,
France,2023-10-09,,,,
France,2023-10-10,,,,
France,2023-10-11,,,,
France,2023-10-12,,,,
France,2023-10-13,,,,
France,2023-10-14,,,,
France,2023-10-15,,,,
France,2023-10-16,,,,
France,2023-10-17,,,,
France,2023-10-18,,,,
France,2023-10-19,,,,
France,2023-10-20,,,,
France,2023-10-21,,,,
France,2023-10-22,,,,
France,2023-10-23,,,,
France,2023-10-24,,,,
France,2023-10-25,,,,
France,2023-10-26,,,,
France,2023-10-27,,,,
France,2023-10-28,,,,
France,2023-10-29,,,,
France,2023-10-30,,5.0,,
France,2023-10-31,,,,
France,2023-11-01,,,,
France,2023-11-02,,,,
France,2023-11-03,,,,
France,2023-11-04,,,,
France,2023-11-05,,,,
France,2023-11-06,,6.0,,
France,2023-11-07,,,,
France,2023-11-08,,,,
France,2023-11-09,,,,
France,2023-11-10,,,,
France,2023-11-11,,,,
France,2023-11-12,,,,
France,2023-11-13,,7.0,,
France,2023-11-14,,,,
France,2023-11-15,,,,
France,2023-11-16,,,,
France,2023-11-17,,,,
France,2023-11-18,,,,
France,2023-11-19,,,,
France,2023-11-20,,1.0,,
France,2023-11-21,,,,
France,2023-11-22,,,,
France,2023-11-23,,,,
France,2023-11-24,,,,
France,2023-11-25,,,,
France,2023-11-26,,,,
France,2023-11-27,,13.0,,
France,2023-11-28,,,,
France,2023-11-29,,,,
France,2023-11-30,,,,
France,2023-12-01,,,,
France,2023-12-02,,,,
France,2023-12-03,,,,
France,2023-12-04,,5.0,,
France,2023-12-05,,,,
France,2023-12-06,,,,
France,2023-12-07,,,,
France,2023-12-08,,,,
France,2023-12-09,,,,
France,2023-12-10,,,,
France,2023-12-11,,7.0,,
France,2023-12-12,,,,
France,2023-12-13,,,,
France,2023-12-14,,,,
France,2023-12-15,,,,
France,2023-12-16,,,,
France,2023-12-17,,,,
France,2023-12-18,,10.0,,
France,2023-12-19,,,,
France,2023-12-20,,,,
France,2023-12-21,,,,
France,2023-12-22,,,,
France,2023-12-23,,,158060078.0,
France,2023-12-24,,,,
France,2023-12-25,,8.0,,
France,2023-12-26,,,,
France,2023-12-27,,,,
France,2023-12-28,,,,
France,2023-12-29,,,,
France,2023-12-30,,,,
France,2023-12-31,,,,
France,2024-01-01,,7.0,,
France,2024-01-02,,,,
France,2024-01-03,,,,
France,2024-01-04,,,,
France,2024-01-05,,,,
France,2024-01-06,,,,
France,2024-01-07,,,,
France,2024-01-08,,11.0,,
France,2024-01-09,,,,
France,2024-01-10,,,,
France,2024-01-11,,,,
France,2024-01-12,,,,
France,2024-01-13,,,,
France,2024-01-14,,,,
France,2024-01-15,,8.0,,
France,2024-01-16,,,,
France,2024-01-17,,,,
France,2024-01-18,,,,
France,2024-01-19,,,,
France,2024-01-20,,,,
France,2024-01-21,,,,
France,2024-01-22,,8.0,,
France,2024-01-23,,,,
France,2024-01-24,,,,
France,2024-01-25,,,,
France,2024-01-26,,,,
France,2024-01-27,,,,
France,2024-01-28,,,,
France,2024-01-29,,1.0,,
France,2024-01-30,,,,
France,2024-01-31,,,,
France,2024-02-01,,,,
France,2024-02-02,,,,
France,2024-02-03,,,,
France,2024-02-04,,,,
France,2024-02-05,,2.0,,
France,2024-02-06,,,,
France,2024-02-07,,,,
France,2024-02-08,,,,
France,2024-02-09,,,,
France,2024-02-10,,,,
France,2024-02-11,,,,
France,2024-02-12,,2.0,,
France,2024-02-13,,,,
France,2024-02-14,,,,
France,2024-02-15,,,,
France,2024-02-16,,,,
France,2024-02-17,,,,
France,2024-02-18,,,,
France,2024-02-19,,3.0,,
France,2024-02-20,,,,
France,2024-02-21,,,,
France,2024-02-22,,,,
France,2024-02-23,,,,
France,2024-02-24,,,,
France,2024-02-25,,,,
France,2024-02-26,,2.0,,
France,2024-02-27,,,,
France,2024-02-28,,,,
France,2024-02-29,,,,
France,2024-03-01,,,,
France,2024-03-02,,,,
France,2024-03-03,,,,
France,2024-03-04,,,,
France,2024-03-05,,,,
France,2024-03-06,,,,
France,2024-03-07,,,,
France,2024-03-08,,,,
France,2024-03-09,,,,
France,2024-03-10,,,,
France,2024-03-11,,,,
France,2024-03-12,,,,
France,2024-03-13,,,,
France,2024-03-14,,,,
France,2024-03-15,,,,
France,2024-03-16,,,,
France,2024-03-17,,,,
France,2024-03-18,,,,
France,2024-03-19,,,,
France,2024-03-20,,,,
France,2024-03-21,,,,
France,2024-03-22,,,,
France,2024-03-23,,,,
France,2024-03-24,,,,
France,2024-03-25,,,,
France,2024-03-26,,,,
France,2024-03-27,,,,
France,2024-03-28,,,,
France,2024-03-29,,,,
France,2024-03-30,,,,
France,2024-03-31,,,,
France,2024-04-01,,,,
France,2024-04-02,,,,
France,2024-04-03,,,,
France,2024-04-04,,,,
France,2024-04-05,,,,
France,2024-04-06,,,,
France,2024-04-07,,,,
France,2024-04-08,,,,
France,2024-04-09,,,,
France,2024-04-10,,,,
France,2024-04-11,,,,
France,2024-04-12,,,,
France,2024-04-13,,,,
France,2024-04-14,,,,
France,2024-04-15,,,,
France,2024-04-16,,,,
France,2024-04-17,,,,
France,2024-04-18,,,,
France,2024-04-19,,,,
France,2024-04-20,,,,
France,2024-04-21,,,,
France,2024-04-22,,,,
France,2024-04-23,,,,
France,2024-04-24,,,,
France,2024-04-25,,,,
France,2024-04-26,,,,
France,2024-04-27,,,,
France,2024-04-28,,,,
France,2024-04-29,,,,
France,2024-04-30,,,,
France,2024-05-01,,,,
France,2024-05-02,,,,
France,2024-05-03,,,,
France,2024-05-04,,,,
France,2024-05-05,,,,
France,2024-05-06,,,,
France,2024-05-07,,,,
France,2024-05-08,,,,
France,2024-05-09,,,,
France,2024-05-10,,,,
France,2024-05-11,,,,
France,2024-05-12,,,,
France,2024-05-13,445.0,,,
France,2024-05-14,,,,
France,2024-05-15,,,,
France,2024-05-16,,,,
France,2024-05-17,,,,
France,2024-05-18,,,,
France,2024-05-19,,,,
France,2024-05-20,422.0,,,
France,2024-05-21,,,,
France,2024-05-22,,,,
France,2024-05-23,,,,
France,2024-05-24,,,,
France,2024-05-25,,,,
France,2024-05-26,,,,
France,2024-05-27,661.0,,,
France,2024-05-28,,,,
France,2024-05-29,,,,
France,2024-05-30,,,,
France,2024-05-31,,,,
France,2024-06-01,,,,
France,2024-06-02,,,,
France,2024-06-03,914.0,,,
France,2024-06-04,,,,
France,2024-06-05,,,,
France,2024-06-06,,,,
France,2024-06-07,,,,
France,2024-06-08,,,,
France,2024-06-09,,,,
France,2024-06-10,1071.0,,,
France,2024-06-11,,,,
France,2024-06-12,,,,
France,2024-06-13,,,,
France,2024-06-14,,,,
France,2024-06-15,,,,
France,2024-06-16,,,,
France,2024-06-17,1323.0,,,
France,2024-06-18,,,,
France,2024-06-19,,,,
France,2024-06-20,,,,
France,2024-06-21,,,,
France,2024-06-22,,,,
France,2024-06-23,,,,
France,2024-06-24,1311.0,,,
France,2024-06-25,,,,
France,2024-06-26,,,,
France,2024-06-27,,,,
France,2024-06-28,,,,
France,2024-06-29,,,,
France,2024-06-30,,,,
France,2024-07-01,1135.0,,,
France,2024-07-02,,,,
France,2024-07-03,,,,
France,2024-07-04,,,,
France,2024-07-05,,,,
France,2024-07-06,,,,
France,2024-07-07,,,,
France,2024-07-08,1173.0,,,
France,2024-07-09,,,,
France,2024-07-10,,,,
France,2024-07-11,,,,
France,2024-07-12,,,,
France,2024-07-13,,,,
France,2024-07-14,,,,
France,2024-07-15,1138.0,,,
France,2024-07-16,,,,
France,2024-07-17,,,,
France,2024-07-18,,,,
France,2024-07-19,,,,
France,2024-07-20,,,,
France,2024-07-21,,,,
France,2024-07-22,1062.0,,,
France,2024-07-23,,,,
France,2024-07-24,,,,
France,2024-07-25,,,,
France,2024-07-26,,,,
France,2024-07-27,,,,
France,2024-07-28,,,,
France,2024-07-29,864.0,,,
France,2024-07-30,,,,
France,2024-07-31,,,,
France,2024-08-01,,,,
France,2024-08-02,,,,
France,2024-08-03,,,,
France,2024-08-04,,,,
France,2024-08-05,908.0,,,
France,2024-08-06,,,,
France,2024-08-07,,,,
France,2024-08-08,,,,
France,2024-08-09,,,,
France,2024-08-10,,,,
France,2024-08-11,,,,
France,2024-08-12,879.0,,,
France,2024-08-13,,,,
France,2024-08-14,,,,
France,2024-08-15,,,,
France,2024-08-16,,,,
France,2024-08-17,,,,
France,2024-08-18,,,,
France,2024-08-19,825.0,,,
France,2024-08-20,,,,
France,2024-08-21,,,,
France,2024-08-22,,,,
France,2024-08-23,,,,
France,2024-08-24,,,,
France,2024-08-25,,,,
France,2024-08-26,908.0,,,
France,2024-08-27,,,,
France,2024-08-28,,,,
France,2024-08-29,,,,
France,2024-08-30,,,,
France,2024-08-31,,,,
France,2024-09-01,,,,
France,2024-09-02,907.0,,,
France,2024-09-03,,,,
France,2024-09-04,,,,
France,2024-09-05,,,,
France,2024-09-06,,,,
France,2024-09-07,,,,
France,2024-09-08,,,,
France,2024-09-09,1089.0,,,
France,2024-09-10,,,,
France,2024-09-11,,,,
France,2024-09-12,,,,
France,2024-09-13,,,,
France,2024-09-14,,,,
France,2024-09-15,,,,
France,2024-09-16,1753.0,,,
France,2024-09-17,,,,
France,2024-09-18,,,,
France,2024-09-19,,,,
France,2024-09-20,,,,
France,2024-09-21,,,,
France,2024-09-22,,,,
France,2024-09-23,1873.0,,,
France,2024-09-24,,,,
France,2024-09-25,,,,
France,2024-09-26,,,,
France,2024-09-27,,,,
France,2024-09-28,,,,
France,2024-09-29,,,,
France,2024-09-30,2079.0,,,
France,2024-10-01,,,,
France,2024-10-02,,,,
France,2024-10-03,,,,
France,2024-10-04,,,,
France,2024-10-05,,,,
France,2024-10-06,,,,
France,2024-10-07,1864.0,5.0,,
France,2024-10-08,,,,
France,2024-10-09,,,,
France,2024-10-10,,,,
France,2024-10-11,,,,
France,2024-10-12,,,,
France,2024-10-13,,,,
France,2024-10-14,1758.0,4.0,,
France,2024-10-15,,,,
France,2024-10-16,,,,
France,2024-10-17,,,,
France,2024-10-18,,,,
France,2024-10-19,,,,
France,2024-10-20,,,,
France,2024-10-21,1167.0,8.0,,
France,2024-10-22,,,,
France,2024-10-23,,,,
France,2024-10-24,,,,
France,2024-10-25,,,,
France,2024-10-26,,,,
France,2024-10-27,,,,
France,2024-10-28,822.0,4.0,,
France,2024-10-29,,,,
France,2024-10-30,,,,
France,2024-10-31,,,,
France,2024-11-01,,,,
France,2024-11-02,,,,
France,2024-11-03,,,,
France,2024-11-04,996.0,5.0,,
France,2024-11-05,,,,
France,2024-11-06,,,,
France,2024-11-07,,,,
France,2024-11-08,,,,
France,2024-11-09,,,,
France,2024-11-10,,,,
France,2024-11-11,717.0,4.0,,
France,2024-11-12,,,,
France,2024-11-13,,,,
France,2024-11-14,,,,
France,2024-11-15,,,,
France,2024-11-16,,,,
France,2024-11-17,,,,
France,2024-11-18,671.0,6.0,,
France,2024-11-19,,,,
France,2024-11-20,,,,
France,2024-11-21,,,,
France,2024-11-22,,,,
France,2024-11-23,,,,
France,2024-11-24,,,,
France,2024-11-25,736.0,1.0,,
France,2024-11-26,,,,
France,2024-11-27,,,,
France,2024-11-28,,,,
France,2024-11-29,,,,
France,2024-11-30,,,,
France,2024-12-01,,,,
France,2024-12-02,633.0,2.0,,
France,2024-12-03,,,,
France,2024-12-04,,,,
France,2024-12-05,,,,
France,2024-12-06,,,,
France,2024-12-07,,,,
France,2024-12-08,,,,
France,2024-12-09,702.0,6.0,,
France,2024-12-10,,,,
France,2024-12-11,,,,
France,2024-12-12,,,,
France,2024-12-13,,,,
France,2024-12-14,,,,
France,2024-12-15,,,,
France,2024-12-16,805.0,4.0,,
France,2024-12-17,,,,
France,2024-12-18,,,,
France,2024-12-19,,,,
France,2024-12-20,,,,
France,2024-12-21,,,,
France,2024-12-22,,,,
France,2024-12-23,783.0,3.0,,
France,2024-12-24,,,,
France,2024-12-25,,,,
France,2024-12-26,,,,
France,2024-12-27,,,,
France,2024-12-28,,,,
France,2024-12-29,,,,
France,2024-12-30,843.0,3.0,,
France,2024-12-31,,,,
Germany,2022-01-01,,,153995046.0,42.69
Germany,2022-01-02,208696.0,1029.0,154149145.0,42.68
Germany,2022-01-03,,,154631122.0,42.67
Germany,2022-01-04,,,155332942.0,42.64
Germany,2022-01-05,,,156150467.0,42.62
Germany,2022-01-06,,,156834932.0,42.6
Germany,2022-01-07,,,157601984.0,42.57
Germany,2022-01-08,,,158121986.0,42.55
Germany,2022-01-09,337882.0,870.0,158307123.0,42.54
Germany,2022-01-10,,,158867218.0,42.52
Germany,2022-01-11,,,159664278.0,42.49
Germany,2022-01-12,,,160546009.0,42.46
Germany,2022-01-13,,,161383884.0,42.43
Germany,2022-01-14,,,162164168.0,42.41
Germany,2022-01-15,,,162631402.0,42.39
Germany,2022-01-16,486124.0,693.0,162785933.0,42.38
Germany,2022-01-17,,,163267268.0,42.37
Germany,2022-01-18,,,163920058.0,42.34
Germany,2022-01-19,,,164601486.0,42.32
Germany,2022-01-20,,,165303324.0,42.29
Germany,2022-01-21,,,165901732.0,42.27
Germany,2022-01-22,,,166198249.0,42.26
Germany,2022-01-23,796815.0,867.0,166306015.0,42.25
Germany,2022-01-24,,,166663282.0,38.7
Germany,2022-01-25,,,167164058.0,38.7
Germany,2022-01-26,,,167668204.0,38.7
Germany,2022-01-27,,,168178554.0,38.69
Germany,2022-01-28,,,168616838.0,38.69
Germany,2022-01-29,,,168828824.0,38.69
Germany,2022-01-30,1114352.0,1117.0,168904414.0,38.69
Germany,2022-01-31,,,169137403.0,38.69
Germany,2022-02-01,,,169430588.0,38.69
Germany,2022-02-02,,,169792351.0,38.68
Germany,2022-02-03,,,170134605.0,38.68
Germany,2022-02-04,,,170447403.0,38.68
Germany,2022-02-05,,,170595247.0,38.68
Germany,2022-02-06,1292740.0,1504.0,170648307.0,38.68
Germany,2022-02-07,,,170816096.0,38.67
Germany,2022-02-08,,,171093053.0,38.67
Germany,2022-02-09,,,171376125.0,38.67
Germany,2022-02-10,,,171653513.0,38.67
Germany,2022-02-11,,,171904560.0,38.67
Germany,2022-02-12,,,172015117.0,38.67
Germany,2022-02-13,1309845.0,1705.0,172049657.0,38.67
Germany,2022-02-14,,,172183786.0,38.66
Germany,2022-02-15,,,172407852.0,38.66
Germany,2022-02-16,,,172632727.0,38.66
Germany,2022-02-17,,,172861342.0,38.66
Germany,2022-02-18,,,173072265.0,38.66
Germany,2022-02-19,,,173153471.0,38.66
Germany,2022-02-20,1193271.0,1786.0,173184473.0,38.66
Germany,2022-02-21,,,173317029.0,38.66
Germany,2022-02-22,,,173520869.0,38.65
Germany,2022-02-23,,,173728636.0,38.65
Germany,2022-02-24,,,173939397.0,38.65
Germany,2022-02-25,,,174115508.0,38.65
Germany,2022-02-26,,,174177488.0,38.65
Germany,2022-02-27,1093093.0,1645.0,174196831.0,38.65
Germany,2022-02-28,,,174300293.0,38.65
Germany,2022-03-01,,,174462975.0,38.65
Germany,2022-03-02,,,174623981.0,38.65
Germany,2022-03-03,,,174840447.0,36.56
Germany,2022-03-04,,,175003668.0,36.56
Germany,2022-03-05,,,175058715.0,36.56
Germany,2022-03-06,1134009.0,1606.0,175081201.0,36.56
Germany,2022-03-07,,,175176579.0,36.56
Germany,2022-03-08,,,175345658.0,36.56
Germany,2022-03-09,,,175524288.0,36.56
Germany,2022-03-10,,,175719267.0,36.55
Germany,2022-03-11,,,175887067.0,36.55
Germany,2022-03-12,,,175939343.0,36.55
Germany,2022-03-13,1413846.0,1778.0,175957871.0,36.55
Germany,2022-03-14,,,176050384.0,36.55
Germany,2022-03-15,,,176224755.0,36.55
Germany,2022-03-16,,,176408292.0,36.55
Germany,2022-03-17,,,176602809.0,36.55
Germany,2022-03-18,,,176752392.0,36.55
Germany,2022-03-19,,,176800464.0,36.55
Germany,2022-03-20,1582504.0,1934.0,176817534.0,36.55
Germany,2022-03-21,,,176912382.0,36.55
Germany,2022-03-22,,,177080406.0,36.55
Germany,2022-03-23,,,177259449.0,36.54
Germany,2022-03-24,,,177443447.0,36.54
Germany,2022-03-25,,,177595866.0,36.54
Germany,2022-03-26,,,177638789.0,36.54
Germany,2022-03-27,1588891.0,1881.0,177654963.0,36.54
Germany,2022-03-28,,,177748824.0,36.54
Germany,2022-03-29,,,177914900.0,36.54
Germany,2022-03-30,,,178101972.0,36.54
Germany,2022-03-31,,,178283670.0,36.54
Germany,2022-04-01,,,178403722.0,36.54
Germany,2022-04-02,,,178438692.0,36.54
Germany,2022-04-03,1295125.0,1536.0,178452524.0,14.57
Germany,2022-04-04,,,178527622.0,14.56
Germany,2022-04-05,,,178680113.0,14.56
Germany,2022-04-06,,,178863253.0,14.56
Germany,2022-04-07,,,179046485.0,14.56
Germany,2022-04-08,,,179188792.0,14.56
Germany,2022-04-09,,,179222285.0,14.56
Germany,2022-04-10,984600.0,1292.0,179233503.0,14.56
Germany,2022-04-11,,,179297532.0,14.56
Germany,2022-04-12,,,179416964.0,14.56
Germany,2022-04-13,,,179543726.0,14.56
Germany,2022-04-14,,,179649342.0,14.56
Germany,2022-04-15,,,179655688.0,14.56
Germany,2022-04-16,,,179662848.0,14.56
Germany,2022-04-17,778948.0,985.0,179664808.0,14.56
Germany,2022-04-18,,,179667613.0,14.56
Germany,2022-04-19,,,179742834.0,14.56
Germany,2022-04-20,,,179835245.0,14.56
Germany,2022-04-21,,,179939501.0,14.56
Germany,2022-04-22,,,180024757.0,14.56
Germany,2022-04-23,,,180045189.0,14.56
Germany,2022-04-24,731499.0,808.0,180051757.0,14.56
Germany,2022-04-25,,,180105820.0,14.56
Germany,2022-04-26,,,180222796.0,14.56
Germany,2022-04-27,,,180342633.0,14.56
Germany,2022-04-28,,,180465188.0,14.56
Germany,2022-04-29,,,180568599.0,14.56
Germany,2022-04-30,,,180589838.0,14.56
Germany,2022-05-01,596917.0,678.0,180594234.0,14.56
Germany,2022-05-02,,,180637215.0,14.56
Germany,2022-05-03,,,180728958.0,14.56
Germany,2022-05-04,,,180877143.0,14.56
Germany,2022-05-05,,,180982850.0,14.56
Germany,2022-05-06,,,181059658.0,14.56
Germany,2022-05-07,,,181075012.0,14.56
Germany,2022-05-08,471440.0,541.0,181079368.0,14.56
Germany,2022-05-09,,,181115229.0,14.56
Germany,2022-05-10,,,181197940.0,14.56
Germany,2022-05-11,,,181281422.0,14.56
Germany,2022-05-12,,,181367720.0,14.56
Germany,2022-05-13,,,181427449.0,14.56
Germany,2022-05-14,,,181439139.0,14.56
Germany,2022-05-15,408745.0,418.0,181443290.0,14.56
Germany,2022-05-16,,,181474331.0,14.56
Germany,2022-05-17,,,181543988.0,14.56
Germany,2022-05-18,,,181612560.0,14.56
Germany,2022-05-19,,,181687578.0,14.56
Germany,2022-05-20,,,181742986.0,14.56
Germany,2022-05-21,,,181754760.0,14.56
Germany,2022-05-22,292505.0,330.0,181758348.0,14.56
Germany,2022-05-23,,,181787324.0,14.56
Germany,2022-05-24,,,181850591.0,14.56
Germany,2022-05-25,,,181911751.0,14.56
Germany,2022-05-26,,,181914247.0,14.56
Germany,2022-05-27,,,181935203.0,14.56
Germany,2022-05-28,,,181942994.0,14.56
Germany,2022-05-29,187159.0,213.0,181945617.0,14.56
Germany,2022-05-30,,,181970700.0,14.56
Germany,2022-05-31,,,182019562.0,14.56
Germany,2022-06-01,,,182069446.0,14.56
Germany,2022-06-02,,,182126390.0,14.56
Germany,2022-06-03,,,182169391.0,14.56
Germany,2022-06-04,,,182177173.0,14.56
Germany,2022-06-05,245141.0,223.0,182178792.0,14.56
Germany,2022-06-06,,,182180607.0,14.56
Germany,2022-06-07,,,182214206.0,14.56
Germany,2022-06-08,,,182256865.0,14.56
Germany,2022-06-09,,,182308923.0,14.56
Germany,2022-06-10,,,182346858.0,14.56
Germany,2022-06-11,,,182356539.0,14.56
Germany,2022-06-12,331434.0,285.0,182358916.0,14.56
Germany,2022-06-13,,,182382172.0,14.56
Germany,2022-06-14,,,182428087.0,14.56
Germany,2022-06-15,,,182476360.0,14.56
Germany,2022-06-16,,,182503570.0,14.56
Germany,2022-06-17,,,182537311.0,14.56
Germany,2022-06-18,,,182547162.0,14.56
Germany,2022-06-19,413791.0,402.0,182551611.0,14.56
Germany,2022-06-20,,,182577360.0,14.56
Germany,2022-06-21,,,182627234.0,14.56
Germany,2022-06-22,,,182682238.0,14.56
Germany,2022-06-23,,,182746757.0,14.56
Germany,2022-06-24,,,182795499.0,14.56
Germany,2022-06-25,,,182807771.0,14.56
Germany,2022-06-26,574225.0,566.0,182811050.0,14.56
Germany,2022-06-27,,,182835621.0,14.56
Germany,2022-06-28,,,182891473.0,14.56
Germany,2022-06-29,,,182946087.0,14.56
Germany,2022-06-30,,,183007531.0,14.56
Germany,2022-07-01,,,183043347.0,14.56
Germany,2022-07-02,,,183053840.0,14.56
Germany,2022-07-03,622776.0,610.0,183056551.0,14.56
Germany,2022-07-04,,,183077657.0,14.56
Germany,2022-07-05,,,183125391.0,14.56
Germany,2022-07-06,,,183178026.0,14.56
Germany,2022-07-07,,,183238547.0,14.56
Germany,2022-07-08,,,183281158.0,14.56
Germany,2022-07-09,,,183292772.0,14.56
Germany,2022-07-10,629349.0,702.0,183295571.0,14.56
Germany,2022-07-11,,,183320802.0,11.11
Germany,2022-07-12,,,183378310.0,11.11
Germany,2022-07-13,,,183438375.0,11.11
Germany,2022-07-14,,,183504189.0,11.11
Germany,2022-07-15,,,183559082.0,11.11
Germany,2022-07-16,,,183575557.0,11.11
Germany,2022-07-17,675130.0,960.0,183579465.0,11.11
Germany,2022-07-18,,,183605734.0,11.11
Germany,2022-07-19,,,183658003.0,11.11
Germany,2022-07-20,,,183708918.0,11.11
Germany,2022-07-21,,,183772984.0,11.11
Germany,2022-07-22,,,183822123.0,11.11
Germany,2022-07-23,,,183833261.0,11.11
Germany,2022-07-24,627179.0,1129.0,183837518.0,11.11
Germany,2022-07-25,,,183859823.0,11.11
Germany,2022-07-26,,,183911262.0,11.11
Germany,2022-07-27,,,183964369.0,11.11
Germany,2022-07-28,,,184019716.0,11.11
Germany,2022-07-29,,,184061665.0,11.11
Germany,2022-07-30,,,184071290.0,11.11
Germany,2022-07-31,495729.0,1038.0,184074128.0,11.11
Germany,2022-08-01,,,184093672.0,11.11
Germany,2022-08-02,,,184132008.0,11.11
Germany,2022-08-03,,,184173764.0,11.11
Germany,2022-08-04,,,184216506.0,11.11
Germany,2022-08-05,,,184249250.0,11.11
Germany,2022-08-06,,,184258533.0,11.11
Germany,2022-08-07,362936.0,791.0,184260639.0,11.11
Germany,2022-08-08,,,184277926.0,11.11
Germany,2022-08-09,,,184316066.0,11.11
Germany,2022-08-10,,,184355469.0,11.11
Germany,2022-08-11,,,184396275.0,11.11
Germany,2022-08-12,,,184425163.0,11.11
Germany,2022-08-13,,,184431163.0,11.11
Germany,2022-08-14,298292.0,623.0,184433131.0,11.11
Germany,2022-08-15,,,184446756.0,11.11
Germany,2022-08-16,,,184479383.0,11.11
Germany,2022-08-17,,,184514844.0,11.11
Germany,2022-08-18,,,184557307.0,11.11
Germany,2022-08-19,,,184586754.0,11.11
Germany,2022-08-20,,,184593898.0,11.11
Germany,2022-08-21,263329.0,593.0,184596217.0,11.11
Germany,2022-08-22,,,184613175.0,11.11
Germany,2022-08-23,,,184648127.0,11.11
Germany,2022-08-24,,,184686494.0,11.11
Germany,2022-08-25,,,184724645.0,11.11
Germany,2022-08-26,,,184753851.0,11.11
Germany,2022-08-27,,,184760838.0,11.11
Germany,2022-08-28,227979.0,397.0,184762658.0,11.11
Germany,2022-08-29,,,184779528.0,11.11
Germany,2022-08-30,,,184812862.0,11.11
Germany,2022-08-31,,,184849265.0,11.11
Germany,2022-09-01,,,184881483.0,11.11
Germany,2022-09-02,,,184908994.0,11.11
Germany,2022-09-03,,,184915043.0,11.11
Germany,2022-09-04,201757.0,351.0,184916839.0,11.11
Germany,2022-09-05,,,184930835.0,11.11
Germany,2022-09-06,,,184958920.0,11.11
Germany,2022-09-07,,,184988321.0,11.11
Germany,2022-09-08,,,185018130.0,11.11
Germany,2022-09-09,,,185039898.0,11.11
Germany,2022-09-10,,,185046790.0,11.11
Germany,2022-09-11,204084.0,317.0,185048568.0,11.11
Germany,2022-09-12,,,185063790.0,11.11
Germany,2022-09-13,,,185108396.0,11.11
Germany,2022-09-14,,,185160051.0,11.11
Germany,2022-09-15,,,185215537.0,11.11
Germany,2022-09-16,,,185260230.0,11.11
Germany,2022-09-17,,,185272786.0,11.11
Germany,2022-09-18,228913.0,354.0,185276182.0,11.11
Germany,2022-09-19,,,185299863.0,11.11
Germany,2022-09-20,,,185353129.0,11.11
Germany,2022-09-21,,,185412280.0,11.11
Germany,2022-09-22,,,185477787.0,11.11
Germany,2022-09-23,,,185528896.0,11.11
Germany,2022-09-24,,,185543018.0,11.11
Germany,2022-09-25,286535.0,520.0,185548182.0,11.11
Germany,2022-09-26,,,185580246.0,11.11
Germany,2022-09-27,,,185657282.0,11.11
Germany,2022-09-28,,,185744451.0,11.11
Germany,2022-09-29,,,185845911.0,11.11
Germany,2022-09-30,,,185932640.0,11.11
Germany,2022-10-01,,,185960282.0,11.11
Germany,2022-10-02,458852.0,880.0,185966975.0,11.11
Germany,2022-10-03,,,185976141.0,11.11
Germany,2022-10-04,,,186046768.0,11.11
Germany,2022-10-05,,,186148908.0,11.11
Germany,2022-10-06,,,186269821.0,11.11
Germany,2022-10-07,,,186376100.0,11.11
Germany,2022-10-08,,,186407598.0,11.11
Germany,2022-10-09,594073.0,1284.0,186416466.0,11.11
Germany,2022-10-10,,,186475589.0,11.11
Germany,2022-10-11,,,186590769.0,11.11
Germany,2022-10-12,,,186715665.0,11.11
Germany,2022-10-13,,,186861310.0,11.11
Germany,2022-10-14,,,186988423.0,11.11
Germany,2022-10-15,,,187029622.0,11.11
Germany,2022-10-16,644986.0,1560.0,187041154.0,11.11
Germany,2022-10-17,,,187111709.0,11.11
Germany,2022-10-18,,,187245453.0,11.11
Germany,2022-10-19,,,187390631.0,11.11
Germany,2022-10-20,,,187536560.0,11.11
Germany,2022-10-21,,,187671826.0,11.11
Germany,2022-10-22,,,187711206.0,11.11
Germany,2022-10-23,544616.0,1477.0,187720696.0,11.11
Germany,2022-10-24,,,187808992.0,11.11
Germany,2022-10-25,,,187941341.0,11.11
Germany,2022-10-26,,,188055620.0,11.11
Germany,2022-10-27,,,188216422.0,11.11
Germany,2022-10-28,,,188337450.0,11.11
Germany,2022-10-29,,,188367475.0,11.11
Germany,2022-10-30,373903.0,1049.0,188374533.0,11.11
Germany,2022-10-31,,,188411647.0,11.11
Germany,2022-11-01,,,188465022.0,11.11
Germany,2022-11-02,,,188575476.0,11.11
Germany,2022-11-03,,,188720177.0,11.11
Germany,2022-11-04,,,188828734.0,11.11
Germany,2022-11-05,,,188854131.0,11.11
Germany,2022-11-06,243578.0,698.0,188861717.0,11.11
Germany,2022-11-07,,,188920657.0,11.11
Germany,2022-11-08,,,189055696.0,11.11
Germany,2022-11-09,,,189188721.0,11.11
Germany,2022-11-10,,,189332840.0,11.11
Germany,2022-11-11,,,189444318.0,11.11
Germany,2022-11-12,,,189468413.0,11.11
Germany,2022-11-13,202015.0,640.0,189476099.0,11.11
Germany,2022-11-14,,,189532510.0,11.11
Germany,2022-11-15,,,189642213.0,11.11
Germany,2022-11-16,,,189753837.0,11.11
Germany,2022-11-17,,,189881174.0,11.11
Germany,2022-11-18,,,189975228.0,11.11
Germany,2022-11-19,,,189997691.0,11.11
Germany,2022-11-20,169667.0,553.0,190004078.0,11.11
Germany,2022-11-21,,,190052711.0,11.11
Germany,2022-11-22,,,190147273.0,11.11
Germany,2022-11-23,,,190244342.0,11.11
Germany,2022-11-24,,,190353147.0,11.11
Germany,2022-11-25,,,190429539.0,11.11
Germany,2022-11-26,,,190445860.0,11.11
Germany,2022-11-27,170589.0,640.0,190451636.0,11.11
Germany,2022-11-28,,,190488349.0,11.11
Germany,2022-11-29,,,190565162.0,11.11
Germany,2022-11-30,,,190644801.0,11.11
Germany,2022-12-01,,,190730666.0,11.11
Germany,2022-12-02,,,190791453.0,11.11
Germany,2022-12-03,,,190805241.0,11.11
Germany,2022-12-04,184825.0,800.0,190808690.0,11.11
Germany,2022-12-05,,,190840949.0,11.11
Germany,2022-12-06,,,190903814.0,11.11
Germany,2022-12-07,,,190975522.0,11.11
Germany,2022-12-08,,,191049190.0,11.11
Germany,2022-12-09,,,191102030.0,11.11
Germany,2022-12-10,,,191113550.0,11.11
Germany,2022-12-11,199505.0,961.0,191118216.0,11.11
Germany,2022-12-12,,,191145259.0,11.11
Germany,2022-12-13,,,191200375.0,11.11
Germany,2022-12-14,,,191258209.0,11.11
Germany,2022-12-15,,,191321999.0,11.11
Germany,2022-12-16,,,191367916.0,11.11
Germany,2022-12-17,,,191377806.0,11.11
Germany,2022-12-18,222953.0,1139.0,191380604.0,11.11
Germany,2022-12-19,,,191403276.0,11.11
Germany,2022-12-20,,,191438515.0,11.11
Germany,2022-12-21,,,191473269.0,11.11
Germany,2022-12-22,,,191503787.0,11.11
Germany,2022-12-23,,,191522185.0,11.11
Germany,2022-12-24,,,191523470.0,11.11
Germany,2022-12-25,230746.0,1288.0,191524947.0,11.11
Germany,2022-12-26,,,191525963.0,11.11
Germany,2022-12-27,,,191537588.0,11.11
Germany,2022-12-28,,,191550975.0,11.11
Germany,2022-12-29,,,191564788.0,11.11
Germany,2022-12-30,,,191580777.0,11.11
Germany,2022-12-31,,,191587054.0,11.11
Germany,2023-01-01,151567.0,970.0,191587420.0,
Germany,2023-01-02,,,191591569.0,
Germany,2023-01-03,,,191600962.0,
Germany,2023-01-04,,,191614725.0,
Germany,2023-01-05,,,191633368.0,
Germany,2023-01-06,,,191646411.0,
Germany,2023-01-07,,,191650401.0,
Germany,2023-01-08,130316.0,829.0,191652408.0,
Germany,2023-01-09,,,191661886.0,
Germany,2023-01-10,,,191686531.0,
Germany,2023-01-11,,,191713506.0,
Germany,2023-01-12,,,191746416.0,
Germany,2023-01-13,,,191770500.0,
Germany,2023-01-14,,,191774519.0,
Germany,2023-01-15,89089.0,517.0,191776364.0,
Germany,2023-01-16,,,191786224.0,
Germany,2023-01-17,,,191807569.0,
Germany,2023-01-18,,,191829091.0,
Germany,2023-01-19,,,191853102.0,
Germany,2023-01-20,,,191869892.0,
Germany,2023-01-21,,,191872900.0,
Germany,2023-01-22,62867.0,338.0,191873973.0,
Germany,2023-01-23,,,191882064.0,
Germany,2023-01-24,,,191898710.0,
Germany,2023-01-25,,,191916055.0,
Germany,2023-01-26,,,191934611.0,
Germany,2023-01-27,,,191947109.0,
Germany,2023-01-28,,,191949995.0,
Germany,2023-01-29,73298.0,331.0,191950675.0,
Germany,2023-01-30,,,191957697.0,
Germany,2023-01-31,,,191969425.0,
Germany,2023-02-01,,,191980496.0,
Germany,2023-02-02,,,191993485.0,
Germany,2023-02-03,,,192002356.0,
Germany,2023-02-04,,,192004218.0,
Germany,2023-02-05,84243.0,344.0,192004840.0,
Germany,2023-02-06,,,192010292.0,
Germany,2023-02-07,,,192019861.0,
Germany,2023-02-08,,,192029360.0,
Germany,2023-02-09,,,192040291.0,
Germany,2023-02-10,,,192047593.0,
Germany,2023-02-11,,,192048982.0,
Germany,2023-02-12,86595.0,455.0,192049552.0,
Germany,2023-02-13,,,192053288.0,
Germany,2023-02-14,,,192060415.0,
Germany,2023-02-15,,,192067467.0,
Germany,2023-02-16,,,192075282.0,
Germany,2023-02-17,,,192080065.0,
Germany,2023-02-18,,,192081685.0,
Germany,2023-02-19,97850.0,601.0,192082064.0,
Germany,2023-02-20,,,192084718.0,
Germany,2023-02-21,,,192089344.0,
Germany,2023-02-22,,,192094182.0,
Germany,2023-02-23,,,192100742.0,
Germany,2023-02-24,,,192105299.0,
Germany,2023-02-25,,,192106437.0,
Germany,2023-02-26,113434.0,599.0,192107073.0,
Germany,2023-02-27,,,192110808.0,
Germany,2023-02-28,,,192116766.0,
Germany,2023-03-01,,,192121108.0,
Germany,2023-03-02,,,192127181.0,
Germany,2023-03-03,,,192131097.0,
Germany,2023-03-04,,,192132003.0,
Germany,2023-03-05,86321.0,535.0,192132374.0,
Germany,2023-03-06,,,192134633.0,
Germany,2023-03-07,,,192139623.0,
Germany,2023-03-08,,,192143479.0,
Germany,2023-03-09,,,192148319.0,
Germany,2023-03-10,,,192151634.0,
Germany,2023-03-11,,,192152454.0,
Germany,2023-03-12,43758.0,572.0,192153053.0,
Germany,2023-03-13,,,192155063.0,
Germany,2023-03-14,,,192158808.0,
Germany,2023-03-15,,,192162738.0,
Germany,2023-03-16,,,192167079.0,
Germany,2023-03-17,,,192170126.0,
Germany,2023-03-18,,,192171303.0,
Germany,2023-03-19,40307.0,626.0,192171767.0,
Germany,2023-03-20,,,192173581.0,
Germany,2023-03-21,,,192177566.0,
Germany,2023-03-22,,,192180777.0,
Germany,2023-03-23,,,192184525.0,
Germany,2023-03-24,,,192187754.0,
Germany,2023-03-25,,,192188843.0,
Germany,2023-03-26,32639.0,545.0,192189521.0,
Germany,2023-03-27,,,192191467.0,
Germany,2023-03-28,,,192194925.0,
Germany,2023-03-29,,,192198510.0,
Germany,2023-03-30,,,192203395.0,
Germany,2023-03-31,,,192209132.0,
Germany,2023-04-01,,,192210171.0,
Germany,2023-04-02,22652.0,431.0,192210691.0,
Germany,2023-04-03,,,192212196.0,
Germany,2023-04-04,,,192214629.0,
Germany,2023-04-05,,,192217111.0,
Germany,2023-04-06,,,192220523.0,
Germany,2023-04-07,,,192221468.0,
Germany,2023-04-08,,,,
Germany,2023-04-09,14679.0,278.0,,
Germany,2023-04-10,,,,
Germany,2023-04-11,,,,
Germany,2023-04-12,,,,
Germany,2023-04-13,,,,
Germany,2023-04-14,,,,
Germany,2023-04-15,,,,
Germany,2023-04-16,13045.0,304.0,,
Germany,2023-04-17,,,,
Germany,2023-04-18,,,,
Germany,2023-04-19,,,,
Germany,2023-04-20,,,,
Germany,2023-04-21,,,,
Germany,2023-04-22,,,,
Germany,2023-04-23,11468.0,231.0,,
Germany,2023-04-24,,,,
Germany,2023-04-25,,,,
Germany,2023-04-26,,,,
Germany,2023-04-27,,,,
Germany,2023-04-28,,,,
Germany,2023-04-29,,,,
Germany,2023-04-30,9193.0,162.0,,
Germany,2023-05-01,,,,
Germany,2023-05-02,,,,
Germany,2023-05-03,,,,
Germany,2023-05-04,,,,
Germany,2023-05-05,,,,
Germany,2023-05-06,,,,
Germany,2023-05-07,7360.0,167.0,,
Germany,2023-05-08,,,,
Germany,2023-05-09,,,,
Germany,2023-05-10,,,,
Germany,2023-05-11,,,,
Germany,2023-05-12,,,,
Germany,2023-05-13,,,,
Germany,2023-05-14,6708.0,109.0,,
Germany,2023-05-15,,,,
Germany,2023-05-16,,,,
Germany,2023-05-17,,,,
Germany,2023-05-18,,,,
Germany,2023-05-19,,,,
Germany,2023-05-20,,,,
Germany,2023-05-21,4359.0,85.0,,
Germany,2023-05-22,,,,
Germany,2023-05-23,,,,
Germany,2023-05-24,,,,
Germany,2023-05-25,,,,
Germany,2023-05-26,,,,
Germany,2023-05-27,,,,
Germany,2023-05-28,4272.0,72.0,,
Germany,2023-05-29,,,,
Germany,2023-05-30,,,,
Germany,2023-05-31,,,,
Germany,2023-06-01,,,,
Germany,2023-06-02,,,,
Germany,2023-06-03,,,,
Germany,2023-06-04,2767.0,55.0,,
Germany,2023-06-05,,,,
Germany,2023-06-06,,,,
Germany,2023-06-07,,,,
Germany,2023-06-08,,,,
Germany,2023-06-09,,,,
Germany,2023-06-10,,,,
Germany,2023-06-11,2392.0,32.0,,
Germany,2023-06-12,,,,
Germany,2023-06-13,,,,
Germany,2023-06-14,,,,
Germany,2023-06-15,,,,
Germany,2023-06-16,,,,
Germany,2023-06-17,,,,
Germany,2023-06-18,2014.0,30.0,,
Germany,2023-06-19,,,,
Germany,2023-06-20,,,,
Germany,2023-06-21,,,,
Germany,2023-06-22,,,,
Germany,2023-06-23,,,,
Germany,2023-06-24,,,,
Germany,2023-06-25,1528.0,15.0,,
Germany,2023-06-26,,,,
Germany,2023-06-27,,,,
Germany,2023-06-28,,,,
Germany,2023-06-29,,,,
Germany,2023-06-30,,,,
Germany,2023-07-01,,,,
Germany,2023-07-02,1099.0,8.0,,
Germany,2023-07-03,,,,
Germany,2023-07-04,,,,
Germany,2023-07-05,,,,
Germany,2023-07-06,,,,
Germany,2023-07-07,,,,
Germany,2023-07-08,,,,
Germany,2023-07-09,,,,
Germany,2023-07-10,,,,
Germany,2023-07-11,,,,
Germany,2023-07-12,,,,
Germany,2023-07-13,,,,
Germany,2023-07-14,,,,
Germany,2023-07-15,,,,
Germany,2023-07-16,,,,
Germany,2023-07-17,,,,
Germany,2023-07-18,,,,
Germany,2023-07-19,,,,
Germany,2023-07-20,,,,
Germany,2023-07-21,,,,
Germany,2023-07-22,,,,
Germany,2023-07-23,,,,
Germany,2023-07-24,,,,
Germany,2023-07-25,,,,
Germany,2023-07-26,,,,
Germany,2023-07-27,,,,
Germany,2023-07-28,,,,
Germany,2023-07-29,,,,
Germany,2023-07-30,,,,
Germany,2023-07-31,,,,
Germany,2023-08-01,,,,
Germany,2023-08-02,,,,
Germany,2023-08-03,,,,
Germany,2023-08-04,,,,
Germany,2023-08-05,,,,
Germany,2023-08-06,,,,
Germany,2023-08-07,,,,
Germany,2023-08-08,,,,
Germany,2023-08-09,,,,
Germany,2023-08-10,,,,
Germany,2023-08-11,,,,
Germany,2023-08-12,,,,
Germany,2023-08-13,,,,
Germany,2023-08-14,,,,
Germany,2023-08-15,,,,
Germany,2023-08-16,,,,
Germany,2023-08-17,,,,
Germany,2023-08-18,,,,
Germany,2023-08-19,,,,
Germany,2023-08-20,,,,
Germany,2023-08-21,,,,
Germany,2023-08-22,,,,
Germany,2023-08-23,,,,
Germany,2023-08-24,,,,
Germany,2023-08-25,,,,
Germany,2023-08-26,,,,
Germany,2023-08-27,,,,
Germany,2023-08-28,,,,
Germany,2023-08-29,,,,
Germany,2023-08-30,,,,
Germany,2023-08-31,,,,
Germany,2023-09-01,,,,
Germany,2023-09-02,,,,
Germany,2023-09-03,,,,
Germany,2023-09-04,,,,
Germany,2023-09-05,,,,
Germany,2023-09-06,,,,
Germany,2023-09-07,,,,
Germany,2023-09-08,,,,
Germany,2023-09-09,,,,
Germany,2023-09-10,,,,
Germany,2023-09-11,,,,
Germany,2023-09-12,,,,
Germany,2023-09-13,,,,
Germany,2023-09-14,,,,
Germany,2023-09-15,,,,
Germany,2023-09-16,,,,
Germany,2023-09-17,,,,
Germany,2023-09-18,,,,
Germany,2023-09-19,,,,
Germany,2023-09-20,,,,
Germany,2023-09-21,,,,
Germany,2023-09-22,,,,
Germany,2023-09-23,,,,
Germany,2023-09-24,,,,
Germany,2023-09-25,,,,
Germany,2023-09-26,,,,
Germany,2023-09-27,,,,
Germany,2023-09-28,,,,
Germany,2023-09-29,,,,
Germany,2023-09-30,,,,
Germany,2023-10-01,,,,
Germany,2023-10-02,,,,
Germany,2023-10-03,,,,
Germany,2023-10-04,,,,
Germany,2023-10-05,,,,
Germany,2023-10-06,,,,
Germany,2023-10-07,,,,
Germany,2023-10-08,,,,
Germany,2023-10-09,,,,
Germany,2023-10-10,,,,
Germany,2023-10-11,,,,
Germany,2023-10-12,,,,
Germany,2023-10-13,,,,
Germany,2023-10-14,,,,
Germany,2023-10-15,,,,
Germany,2023-10-16,,,,
Germany,2023-10-17,,,,
Germany,2023-10-18,,,,
Germany,2023-10-19,,,,
Germany,2023-10-20,,,,
Germany,2023-10-21,,,,
Germany,2023-10-22,,,,
Germany,2023-10-23,,,,
Germany,2023-10-24,,,,
Germany,2023-10-25,,,,
Germany,2023-10-26,,,,
Germany,2023-10-27,,,,
Germany,2023-10-28,,,,
Germany,2023-10-29,,,,
Germany,2023-10-30,,,,
Germany,2023-10-31,,,,
Germany,2023-11-01,,,,
Germany,2023-11-02,,,,
Germany,2023-11-03,,,,
Germany,2023-11-04,,,,
Germany,2023-11-05,,,,
Germany,2023-11-06,,,,
Germany,2023-11-07,,,,
Germany,2023-11-08,,,,
Germany,2023-11-09,,,,
Germany,2023-11-10,,,,
Germany,2023-11-11,,,,
Germany,2023-11-12,,,,
Germany,2023-11-13,,,,
Germany,2023-11-14,,,,
Germany,2023-11-15,,,,
Germany,2023-11-16,,,,
Germany,2023-11-17,,,,
Germany,2023-11-18,,,,
Germany,2023-11-19,,,,
Germany,2023-11-20,,,,
Germany,2023-11-21,,,,
Germany,2023-11-22,,,,
Germany,2023-11-23,,,,
Germany,2023-11-24,,,,
Germany,2023-11-25,,,,
Germany,2023-11-26,,,,
Germany,2023-11-27,,,,
Germany,2023-11-28,,,,
Germany,2023-11-29,,,,
Germany,2023-11-30,,,,
Germany,2023-12-01,,,,
Germany,2023-12-02,,,,
Germany,2023-12-03,,,,
Germany,2023-12-04,,,,
Germany,2023-12-05,,,,
Germany,2023-12-06,,,,
Germany,2023-12-07,,,,
Germany,2023-12-08,,,,
Germany,2023-12-09,,,,
Germany,2023-12-10,,,,
Germany,2023-12-11,,,,
Germany,2023-12-12,,,,
Germany,2023-12-13,,,,
Germany,2023-12-14,,,,
Germany,2023-12-15,,,,
Germany,2023-12-16,,,,
Germany,2023-12-17,,,,
Germany,2023-12-18,,,,
Germany,2023-12-19,,,,
Germany,2023-12-20,,,,
Germany,2023-12-21,,,,
Germany,2023-12-22,,,,
Germany,2023-12-23,,,193241457.0,
Germany,2023-12-24,,,,
Germany,2023-12-25,,,,
Germany,2023-12-26,,,,
Germany,2023-12-27,,,,
Germany,2023-12-28,,,,
Germany,2023-12-29,,,,
Germany,2023-12-30,,,,
Germany,2023-12-31,,,,
Germany,2024-01-01,,,,
Germany,2024-01-02,,,,
Germany,2024-01-03,,,,
Germany,2024-01-04,,,,
Germany,2024-01-05,,,,
Germany,2024-01-06,,,,
Germany,2024-01-07,,,,
Germany,2024-01-08,,,,
Germany,2024-01-09,,,,
Germany,2024-01-10,,,,
Germany,2024-01-11,,,,
Germany,2024-01-12,,,,
Germany,2024-01-13,,,,
Germany,2024-01-14,,,,
Germany,2024-01-15,,,,
Germany,2024-01-16,,,,
Germany,2024-01-17,,,,
Germany,2024-01-18,,,,
Germany,2024-01-19,,,,
Germany,2024-01-20,,,,
Germany,2024-01-21,,,,
Germany,2024-01-22,,,,
Germany,2024-01-23,,,,
Germany,2024-01-24,,,,
Germany,2024-01-25,,,,
Germany,2024-01-26,,,,
Germany,2024-01-27,,,,
Germany,2024-01-28,,,,
Germany,2024-01-29,,,,
Germany,2024-01-30,,,,
Germany,2024-01-31,,,,
Germany,2024-02-01,,,,
Germany,2024-02-02,,,,
Germany,2024-02-03,,,,
Germany,2024-02-04,,,,
Germany,2024-02-05,,,,
Germany,2024-02-06,,,,
Germany,2024-02-07,,,,
Germany,2024-02-08,,,,
Germany,2024-02-09,,,,
Germany,2024-02-10,,,,
Germany,2024-02-11,,,,
Germany,2024-02-12,,,,
Germany,2024-02-13,,,,
Germany,2024-02-14,,,,
Germany,2024-02-15,,,,
Germany,2024-02-16,,,,
Germany,2024-02-17,,,,
Germany,2024-02-18,,,,
Germany,2024-02-19,,,,
Germany,2024-02-20,,,,
Germany,2024-02-21,,,,
Germany,2024-02-22,,,,
Germany,2024-02-23,,,,
Germany,2024-02-24,,,,
Germany,2024-02-25,,,,
Germany,2024-02-26,,,,
Germany,2024-02-27,,,,
Germany,2024-02-28,,,,
Germany,2024-02-29,,,,
Germany,2024-03-01,,,,
Germany,2024-03-02,,,,
Germany,2024-03-03,,,,
Germany,2024-03-04,,,,
Germany,2024-03-05,,,,
Germany,2024-03-06,,,,
Germany,2024-03-07,,,,
Germany,2024-03-08,,,,
Germany,2024-03-09,,,,
Germany,2024-03-10,,,,
Germany,2024-03-11,,,,
Germany,2024-03-12,,,,
Germany,2024-03-13,,,,
Germany,2024-03-14,,,,
Germany,2024-03-15,,,,
Germany,2024-03-16,,,,
Germany,2024-03-17,,,,
Germany,2024-03-18,,,,
Germany,2024-03-19,,,,
Germany,2024-03-20,,,,
Germany,2024-03-21,,,,
Germany,2024-03-22,,,,
Germany,2024-03-23,,,,
Germany,2024-03-24,,,,
Germany,2024-03-25,,,,
Germany,2024-03-26,,,,
Germany,2024-03-27,,,,
Germany,2024-03-28,,,,
Germany,2024-03-29,,,,
Germany,2024-03-30,,,,
Germany,2024-03-31,,,,
Germany,2024-04-01,,,,
Germany,2024-04-02,,,,
Germany,2024-04-03,,,,
Germany,2024-04-04,,,,
Germany,2024-04-05,,,,
Germany,2024-04-06,,,,
Germany,2024-04-07,,,,
Germany,2024-04-08,,,,
Germany,2024-04-09,,,,
Germany,2024-04-10,,,,
Germany,2024-04-11,,,,
Germany,2024-04-12,,,,
Germany,2024-04-13,,,,
Germany,2024-04-14,,,,
Germany,2024-04-15,,,,
Germany,2024-04-16,,,,
Germany,2024-04-17,,,,
Germany,2024-04-18,,,,
Germany,2024-04-19,,,,
Germany,2024-04-20,,,,
Germany,2024-04-21,,,,
Germany,2024-04-22,,,,
Germany,2024-04-23,,,,
Germany,2024-04-24,,,,
Germany,2024-04-25,,,,
Germany,2024-04-26,,,,
Germany,2024-04-27,,,,
Germany,2024-04-28,,,,
Germany,2024-04-29,,,,
Germany,2024-04-30,,,,
Germany,2024-05-01,,,,
Germany,2024-05-02,,,,
Germany,2024-05-03,,,,
Germany,2024-05-04,,,,
Germany,2024-05-05,,,,
Germany,2024-05-06,,,,
Germany,2024-05-07,,,,
Germany,2024-05-08,,,,
Germany,2024-05-09,,,,
Germany,2024-05-10,,,,
Germany,2024-05-11,,,,
Germany,2024-05-12,,,,
Germany,2024-05-13,,,,
Germany,2024-05-14,,,,
Germany,2024-05-15,,,,
Germany,2024-05-16,,,,
Germany,2024-05-17,,,,
Germany,2024-05-18,,,,
Germany,2024-05-19,,,,
Germany,2024-05-20,,,,
Germany,2024-05-21,,,,
Germany,2024-05-22,,,,
Germany,2024-05-23,,,,
Germany,2024-05-24,,,,
Germany,2024-05-25,,,,
Germany,2024-05-26,,,,
Germany,2024-05-27,,,,
Germany,2024-05-28,,,,
Germany,2024-05-29,,,,
Germany,2024-05-30,,,,
Germany,2024-05-31,,,,
Germany,2024-06-01,,,,
Germany,2024-06-02,,,,
Germany,2024-06-03,,,,
Germany,2024-06-04,,,,
Germany,2024-06-05,,,,
Germany,2024-06-06,,,,
Germany,2024-06-07,,,,
Germany,2024-06-08,,,,
Germany,2024-06-09,,,,
Germany,2024-06-10,,,,
Germany,2024-06-11,,,,
Germany,2024-06-12,,,,
Germany,2024-06-13,,,,
Germany,2024-06-14,,,,
Germany,2024-06-15,,,,
Germany,2024-06-16,,,,
Germany,2024-06-17,,,,
Germany,2024-06-18,,,,
Germany,2024-06-19,,,,
Germany,2024-06-20,,,,
Germany,2024-06-21,,,,
Germany,2024-06-22,,,,
Germany,2024-06-23,,,,
Germany,2024-06-24,,,,
Germany,2024-06-25,,,,
Germany,2024-06-26,,,,
Germany,2024-06-27,,,,
Germany,2024-06-28,,,,
Germany,2024-06-29,,,,
Germany,2024-06-30,,,,
Germany,2024-07-01,,,,
Germany,2024-07-02,,,,
Germany,2024-07-03,,,,
Germany,2024-07-04,,,,
Germany,2024-07-05,,,,
Germany,2024-07-06,,,,
Germany,2024-07-07,,,,
Germany,2024-07-08,,,,
Germany,2024-07-09,,,,
Germany,2024-07-10,,,,
Germany,2024-07-11,,,,
Germany,2024-07-12,,,,
Germany,2024-07-13,,,,
Germany,2024-07-14,,,,
Germany,2024-07-15,,,,
Germany,2024-07-16,,,,
Germany,2024-07-17,,,,
Germany,2024-07-18,,,,
Germany,2024-07-19,,,,
Germany,2024-07-20,,,,
Germany,2024-07-21,,,,
Germany,2024-07-22,,,,
Germany,2024-07-23,,,,
Germany,2024-07-24,,,,
Germany,2024-07-25,,,,
Germany,2024-07-26,,,,
Germany,2024-07-27,,,,
Germany,2024-07-28,,,,
Germany,2024-07-29,,,,
Germany,2024-07-30,,,,
Germany,2024-07-31,,,,
Germany,2024-08-01,,,,
Germany,2024-08-02,,,,
Germany,2024-08-03,,,,
Germany,2024-08-04,,,,
Germany,2024-08-05,,,,
Germany,2024-08-06,,,,
Germany,2024-08-07,,,,
Germany,2024-08-08,,,,
Germany,2024-08-09,,,,
Germany,2024-08-10,,,,
Germany,2024-08-11,,,,
Germany,2024-08-12,,,,
Germany,2024-08-13,,,,
Germany,2024-08-14,,,,
Germany,2024-08-15,,,,
Germany,2024-08-16,,,,
Germany,2024-08-17,,,,
Germany,2024-08-18,,,,
Germany,2024-08-19,,,,
Germany,2024-08-20,,,,
Germany,2024-08-21,,,,
Germany,2024-08-22,,,,
Germany,2024-08-23,,,,
Germany,2024-08-24,,,,
Germany,2024-08-25,,,,
Germany,2024-08-26,,,,
Germany,2024-08-27,,,,
Germany,2024-08-28,,,,
Germany,2024-08-29,,,,
Germany,2024-08-30,,,,
Germany,2024-08-31,,,,
Germany,2024-09-01,,,,
Germany,2024-09-02,,,,
Germany,2024-09-03,,,,
Germany,2024-09-04,,,,
Germany,2024-09-05,,,,
Germany,2024-09-06,,,,
Germany,2024-09-07,,,,
Germany,2024-09-08,,,,
Germany,2024-09-09,,,,
Germany,2024-09-10,,,,
Germany,2024-09-11,,,,
Germany,2024-09-12,,,,
Germany,2024-09-13,,,,
Germany,2024-09-14,,,,
Germany,2024-09-15,,,,
Germany,2024-09-16,,,,
Germany,2024-09-17,,,,
Germany,2024-09-18,,,,
Germany,2024-09-19,,,,
Germany,2024-09-20,,,,
Germany,2024-09-21,,,,
Germany,2024-09-22,,,,
Germany,2024-09-23,,,,
Germany,2024-09-24,,,,
Germany,2024-09-25,,,,
Germany,2024-09-26,,,,
Germany,2024-09-27,,,,
Germany,2024-09-28,,,,
Germany,2024-09-29,,,,
Germany,2024-09-30,2.0,,,
Germany,2024-10-01,,,,
Germany,2024-10-02,,,,
Germany,2024-10-03,,,,
Germany,2024-10-04,,,,
Germany,2024-10-05,,,,
Germany,2024-10-06,,,,
Germany,2024-10-07,11.0,,,
Germany,2024-10-08,,,,
Germany,2024-10-09,,,,
Germany,2024-10-10,,,,
Germany,2024-10-11,,,,
Germany,2024-10-12,,,,
Germany,2024-10-13,,,,
Germany,2024-10-14,9.0,,,
Germany,2024-10-15,,,,
Germany,2024-10-16,,,,
Germany,2024-10-17,,,,
Germany,2024-10-18,,,,
Germany,2024-10-19,,,,
Germany,2024-10-20,,,,
Germany,2024-10-21,7.0,,,
Germany,2024-10-22,,,,
Germany,2024-10-23,,,,
Germany,2024-10-24,,,,
Germany,2024-10-25,,,,
Germany,2024-10-26,,,,
Germany,2024-10-27,,,,
Germany,2024-10-28,9.0,,,
Germany,2024-10-29,,,,
Germany,2024-10-30,,,,
Germany,2024-10-31,,,,
Germany,2024-11-01,,,,
Germany,2024-11-02,,,,
Germany,2024-11-03,,,,
Germany,2024-11-04,12.0,,,
Germany,2024-11-05,,,,
Germany,2024-11-06,,,,
Germany,2024-11-07,,,,
Germany,2024-11-08,,,,
Germany,2024-11-09,,,,
Germany,2024-11-10,,,,
Germany,2024-11-11,4.0,,,
Germany,2024-11-12,,,,
Germany,2024-11-13,,,,
Germany,2024-11-14,,,,
Germany,2024-11-15,,,,
Germany,2024-11-16,,,,
Germany,2024-11-17,,,,
Germany,2024-11-18,5.0,,,
Germany,2024-11-19,,,,
Germany,2024-11-20,,,,
Germany,2024-11-21,,,,
Germany,2024-11-22,,,,
Germany,2024-11-23,,,,
Germany,2024-11-24,,,,
Germany,2024-11-25,6.0,,,
Germany,2024-11-26,,,,
Germany,2024-11-27,,,,
Germany,2024-11-28,,,,
Germany,2024-11-29,,,,
Germany,2024-11-30,,,,
Germany,2024-12-01,,,,
Germany,2024-12-02,11.0,,,
Germany,2024-12-03,,,,
Germany,2024-12-04,,,,
Germany,2024-12-05,,,,
Germany,2024-12-06,,,,
Germany,2024-12-07,,,,
Germany,2024-12-08,,,,
Germany,2024-12-09,6.0,,,
Germany,2024-12-10,,,,
Germany,2024-12-11,,,,
Germany,2024-12-12,,,,
Germany,2024-12-13,,,,
Germany,2024-12-14,,,,
Germany,2024-12-15,,,,
Germany,2024-12-16,4.0,,,
Germany,2024-12-17,,,,
Germany,2024-12-18,,,,
Germany,2024-12-19,,,,
Germany,2024-12-20,,,,
Germany,2024-12-21,,,,
Germany,2024-12-22,,,,
Germany,2024-12-23,2.0,,,
Germany,2024-12-24,,,,
Germany,2024-12-25,,,,
Germany,2024-12-26,,,,
Germany,2024-12-27,,,,
Germany,2024-12-28,,,,
Germany,2024-12-29,,,,
Germany,2024-12-30,3.0,,,
Germany,2024-12-31,,,,
India,2022-01-01,22775.0,406.0,1454069802.0,68.58
India,2022-01-02,27553.0,284.0,1456586234.0,68.56
India,2022-01-03,33750.0,123.0,1464526170.0,68.69
India,2022-01-04,37379.0,124.0,1472330269.0,68.67
India,2022-01-05,58097.0,534.0,1482203963.0,68.65
India,2022-01-06,90928.0,325.0,1491991022.0,68.63
India,2022-01-07,117100.0,302.0,1505591911.0,68.6
India,2022-01-08,141986.0,285.0,1508007415.0,68.59
India,2022-01-09,159632.0,327.0,1517705282.0,68.56
India,2022-01-10,179723.0,146.0,1524222751.0,68.55
India,2022-01-11,168063.0,277.0,1537841948.0,68.51
India,2022-01-12,194720.0,442.0,1544297708.0,68.49
India,2022-01-13,247417.0,380.0,1553919710.0,68.46
India,2022-01-14,264202.0,315.0,1556478542.0,68.45
India,2022-01-15,268833.0,402.0,1565638547.0,68.42
India,2022-01-16,271202.0,314.0,1570696006.0,68.4
India,2022-01-17,258089.0,385.0,1575863289.0,68.39
India,2022-01-18,238018.0,310.0,1576006300.0,68.39
India,2022-01-19,282970.0,441.0,1592451490.0,76.39
India,2022-01-20,317532.0,491.0,1600333779.0,76.34
India,2022-01-21,347254.0,703.0,1609613007.0,78.05
India,2022-01-22,337704.0,488.0,1617088106.0,78.01
India,2022-01-23,333533.0,525.0,1622210924.0,77.98
India,2022-01-24,306064.0,439.0,1623419845.0,77.98
India,2022-01-25,255874.0,614.0,1630312330.0,76.15
India,2022-01-26,285914.0,665.0,1636183520.0,76.11
India,2022-01-27,286384.0,573.0,1639112704.0,76.09
India,2022-01-28,251209.0,627.0,1645293992.0,77.87
India,2022-01-29,235532.0,871.0,1650461284.0,77.84
India,2022-01-30,234281.0,893.0,1657362150.0,77.81
India,2022-01-31,209918.0,959.0,1664786038.0,75.92
India,2022-02-01,167059.0,1192.0,1671163877.0,74.01
India,2022-02-02,161386.0,1733.0,1677030680.0,73.97
India,2022-02-03,172433.0,1008.0,1681517744.0,73.93
India,2022-02-04,149394.0,1072.0,1687048487.0,73.89
India,2022-02-05,127952.0,1059.0,1693177165.0,75.75
India,2022-02-06,107474.0,865.0,1695886196.0,75.74
India,2022-02-07,83876.0,895.0,1696048044.0,73.82
India,2022-02-08,67597.0,1188.0,1702679391.0,69.21
India,2022-02-09,71365.0,1217.0,1710023580.0,69.17
India,2022-02-10,67084.0,1241.0,1710398811.0,69.17
India,2022-02-11,58077.0,657.0,1720173263.0,69.11
India,2022-02-12,50407.0,804.0,1723371281.0,69.09
India,2022-02-13,44877.0,684.0,1727912049.0,69.06
India,2022-02-14,34113.0,346.0,1729729648.0,66.28
India,2022-02-15,27409.0,347.0,1736068837.0,64.52
India,2022-02-16,30615.0,514.0,1738650284.0,64.5
India,2022-02-17,30757.0,541.0,1743931966.0,64.48
India,2022-02-18,25920.0,492.0,1747936912.0,64.46
India,2022-02-19,22270.0,325.0,1751467446.0,64.45
India,2022-02-20,19968.0,673.0,1753406786.0,64.44
India,2022-02-21,16051.0,206.0,1755791055.0,64.43
India,2022-02-22,13405.0,235.0,1759523094.0,64.41
India,2022-02-23,15102.0,278.0,1761691159.0,64.4
India,2022-02-24,14148.0,302.0,1764970949.0,64.38
India,2022-02-25,13166.0,302.0,1768596814.0,64.37
India,2022-02-26,11499.0,255.0,1772317897.0,64.35
India,2022-02-27,10273.0,243.0,1773724815.0,64.34
India,2022-02-28,8013.0,119.0,1775178647.0,64.33
India,2022-03-01,6915.0,180.0,1776674379.0,55.07
India,2022-03-02,7554.0,223.0,1778253673.0,55.06
India,2022-03-03,6561.0,142.0,1781445039.0,55.04
India,2022-03-04,6396.0,201.0,1784081444.0,55.03
India,2022-03-05,5921.0,289.0,1786849348.0,55.02
India,2022-03-06,5476.0,158.0,1787845508.0,55.01
India,2022-03-07,4362.0,66.0,1789317128.0,55.0
India,2022-03-08,3993.0,108.0,1791553063.0,54.99
India,2022-03-09,4575.0,145.0,1793520158.0,54.98
India,2022-03-10,4184.0,104.0,1795443790.0,54.97
India,2022-03-11,4194.0,255.0,1798217482.0,54.96
India,2022-03-12,3614.0,89.0,1799411716.0,54.95
India,2022-03-13,3116.0,47.0,1800720203.0,54.95
India,2022-03-14,2503.0,27.0,1802515613.0,54.94
India,2022-03-15,2568.0,97.0,1804173297.0,46.6
India,2022-03-16,2876.0,98.0,1806005751.0,46.59
India,2022-03-17,2539.0,60.0,1808015400.0,46.58
India,2022-03-18,2528.0,149.0,1809229692.0,46.58
India,2022-03-19,2075.0,71.0,1810472831.0,46.58
India,2022-03-20,1761.0,127.0,1811384731.0,46.57
India,2022-03-21,1549.0,31.0,1813883509.0,46.57
India,2022-03-22,1581.0,33.0,1816439799.0,46.56
India,2022-03-23,1778.0,62.0,1820574288.0,46.55
India,2022-03-24,1938.0,67.0,1824268730.0,46.55
India,2022-03-25,1685.0,83.0,1826265830.0,46.54
India,2022-03-26,1660.0,4100.0,1830285290.0,43.06
India,2022-03-27,1421.0,149.0,1831347741.0,43.06
India,2022-03-28,1270.0,31.0,1833040014.0,43.06
India,2022-03-29,1259.0,35.0,1834500657.0,43.06
India,2022-03-30,1233.0,31.0,1838519822.0,43.06
India,2022-03-31,1225.0,28.0,1841947045.0,43.06
India,2022-04-01,1335.0,52.0,1843313964.0,40.28
India,2022-04-02,1260.0,83.0,,40.28
India,2022-04-03,1096.0,81.0,,40.28
India,2022-04-04,913.0,13.0,1847000842.0,50.46
India,2022-04-05,795.0,58.0,1848699443.0,50.46
India,2022-04-06,1086.0,71.0,1850895496.0,50.46
India,2022-04-07,1033.0,43.0,1852472643.0,50.46
India,2022-04-08,1109.0,43.0,1853783376.0,50.46
India,2022-04-09,1150.0,83.0,1855432129.0,50.46
India,2022-04-10,1054.0,29.0,1856267473.0,50.46
India,2022-04-11,861.0,6.0,1857308103.0,50.46
India,2022-04-12,796.0,19.0,1859559964.0,50.46
India,2022-04-13,1088.0,26.0,1860601312.0,50.46
India,2022-04-14,1007.0,1.0,1862055068.0,50.46
India,2022-04-15,949.0,6.0,1862475218.0,50.46
India,2022-04-16,975.0,4.0,,50.46
India,2022-04-17,1150.0,4.0,,50.46
India,2022-04-18,2183.0,214.0,1865530788.0,50.46
India,2022-04-19,1247.0,1.0,1867730851.0,50.46
India,2022-04-20,2067.0,40.0,1868475798.0,50.46
India,2022-04-21,2380.0,56.0,1870188115.0,50.46
India,2022-04-22,2451.0,54.0,1872146953.0,50.46
India,2022-04-23,2527.0,33.0,,50.46
India,2022-04-24,2593.0,44.0,1875857737.0,50.46
India,2022-04-25,2541.0,30.0,1876721584.0,50.46
India,2022-04-26,2483.0,1399.0,1879171201.0,37.04
India,2022-04-27,2927.0,32.0,1881446210.0,37.04
India,2022-04-28,3303.0,39.0,1883679480.0,37.04
India,2022-04-29,3377.0,60.0,1886979879.0,37.04
India,2022-04-30,3688.0,50.0,1888681185.0,37.04
India,2022-05-01,3324.0,40.0,1890938196.0,37.04
India,2022-05-02,3157.0,26.0,1891772613.0,37.04
India,2022-05-03,2568.0,20.0,1893322786.0,37.04
India,2022-05-04,3205.0,31.0,1894097635.0,37.04
India,2022-05-05,3275.0,55.0,1895735848.0,37.04
India,2022-05-06,3545.0,27.0,1897620959.0,37.04
India,2022-05-07,3805.0,22.0,1899566264.0,37.04
India,2022-05-08,3451.0,40.0,1901414279.0,37.04
India,2022-05-09,3207.0,29.0,1902826009.0,37.04
India,2022-05-10,2288.0,10.0,1904468335.0,37.04
India,2022-05-11,2897.0,54.0,1906086192.0,37.04
India,2022-05-12,2827.0,24.0,1907730016.0,37.04
India,2022-05-13,2841.0,9.0,1909303657.0,37.04
India,2022-05-14,2858.0,11.0,1910988931.0,37.04
India,2022-05-15,2487.0,13.0,1912387924.0,37.04
India,2022-05-16,2202.0,27.0,1912934803.0,37.04
India,2022-05-17,1569.0,19.0,1914231848.0,37.04
India,2022-05-18,1829.0,33.0,1915784498.0,37.04
India,2022-05-19,2364.0,10.0,1917330271.0,37.04
India,2022-05-20,2259.0,20.0,1918969942.0,37.04
India,2022-05-21,2323.0,25.0,1920639056.0,37.04
India,2022-05-22,2226.0,65.0,1922077507.0,37.04
India,2022-05-23,2022.0,46.0,1923079150.0,37.04
India,2022-05-24,1675.0,31.0,1924562314.0,37.04
India,2022-05-25,2124.0,17.0,1925998950.0,37.04
India,2022-05-26,2628.0,18.0,1927492886.0,37.04
India,2022-05-27,2710.0,14.0,1929071592.0,37.04
India,2022-05-28,2685.0,33.0,1930645136.0,37.04
India,2022-05-29,2828.0,14.0,1931892904.0,37.04
India,2022-05-30,2706.0,25.0,1932350200.0,37.04
India,2022-05-31,2338.0,19.0,1933706281.0,37.04
India,2022-06-01,2745.0,6.0,1935937188.0,37.04
India,2022-06-02,3712.0,5.0,1936227419.0,37.04
India,2022-06-03,4041.0,10.0,1937558468.0,37.04
India,2022-06-04,3962.0,26.0,1938863350.0,37.04
India,2022-06-05,4270.0,15.0,1939962957.0,37.04
India,2022-06-06,4518.0,9.0,1940463971.0,37.04
India,2022-06-07,3714.0,7.0,1941877578.0,37.04
India,2022-06-08,5233.0,7.0,1943533128.0,37.04
India,2022-06-09,7240.0,8.0,1945224141.0,37.04
India,2022-06-10,7584.0,24.0,1946888891.0,37.04
India,2022-06-11,8329.0,10.0,1948512551.0,37.04
India,2022-06-12,8582.0,4.0,1949991113.0,37.04
India,2022-06-13,8084.0,10.0,1951184908.0,37.04
India,2022-06-14,6594.0,6.0,1952767342.0,37.04
India,2022-06-15,8822.0,15.0,1954285339.0,37.04
India,2022-06-16,12213.0,11.0,1955954232.0,37.04
India,2022-06-17,12847.0,14.0,1957644567.0,37.04
India,2022-06-18,13216.0,23.0,1959268288.0,37.04
India,2022-06-19,12899.0,15.0,1960498702.0,37.04
India,2022-06-20,12781.0,18.0,1960998144.0,37.04
India,2022-06-21,9923.0,17.0,1962421213.0,37.04
India,2022-06-22,12249.0,13.0,1963796134.0,37.04
India,2022-06-23,13313.0,38.0,1965433440.0,37.04
India,2022-06-24,17336.0,13.0,1966980412.0,37.04
India,2022-06-25,15940.0,20.0,1968671713.0,37.04
India,2022-06-26,11739.0,25.0,1969852777.0,37.04
India,2022-06-27,17073.0,21.0,1970469750.0,37.04
India,2022-06-28,11793.0,27.0,1972351905.0,37.04
India,2022-06-29,14506.0,30.0,1973822032.0,37.04
India,2022-06-30,18819.0,39.0,1975334761.0,37.04
India,2022-07-01,17070.0,23.0,1976570002.0,37.04
India,2022-07-02,17092.0,29.0,1977618374.0,37.04
India,2022-07-03,16103.0,31.0,1978551059.0,37.04
India,2022-07-04,16135.0,24.0,1978918170.0,37.04
India,2022-07-05,13086.0,19.0,1980107125.0,37.04
India,2022-07-06,16159.0,28.0,1981185072.0,37.04
India,2022-07-07,18930.0,35.0,1982580433.0,37.04
India,2022-07-08,18815.0,38.0,1984334136.0,37.04
India,2022-07-09,18840.0,43.0,,37.04
India,2022-07-10,18257.0,42.0,1986908392.0,37.04
India,2022-07-11,16678.0,26.0,1987985218.0,37.04
India,2022-07-12,13615.0,20.0,1989187695.0,37.04
India,2022-07-13,16906.0,45.0,1991240408.0,37.04
India,2022-07-14,20139.0,38.0,1994169877.0,37.04
India,2022-07-15,20038.0,47.0,1996965088.0,37.04
India,2022-07-16,20044.0,56.0,,37.04
India,2022-07-17,20528.0,49.0,,37.04
India,2022-07-18,16935.0,51.0,2001968030.0,37.04
India,2022-07-19,15528.0,25.0,2003874710.0,37.04
India,2022-07-20,20557.0,40.0,2006671447.0,37.04
India,2022-07-21,21566.0,45.0,2009895110.0,37.04
India,2022-07-22,21880.0,60.0,2013731335.0,37.04
India,2022-07-23,21411.0,67.0,2017443065.0,37.04
India,2022-07-24,20279.0,36.0,2020403475.0,37.04
India,2022-07-25,16866.0,41.0,2022304876.0,37.04
India,2022-07-26,14830.0,36.0,2025484888.0,37.04
India,2022-07-27,18313.0,57.0,2028636906.0,37.04
India,2022-07-28,20557.0,45.0,2032936191.0,37.04
India,2022-07-29,20409.0,46.0,2036654672.0,37.04
India,2022-07-30,20408.0,54.0,2040074302.0,37.04
India,2022-07-31,19673.0,45.0,2042774905.0,37.04
India,2022-08-01,16464.0,39.0,2043818288.0,37.04
India,2022-08-02,13734.0,34.0,2046516773.0,31.48
India,2022-08-03,17135.0,47.0,,31.48
India,2022-08-04,19893.0,53.0,2052900354.0,31.48
India,2022-08-05,20551.0,70.0,2056488272.0,31.48
India,2022-08-06,19406.0,49.0,2059773065.0,31.48
India,2022-08-07,18738.0,40.0,2062862077.0,31.48
India,2022-08-08,16167.0,41.0,2066179158.0,31.48
India,2022-08-09,12751.0,42.0,2069154989.0,31.48
India,2022-08-10,16047.0,54.0,2070740882.0,31.48
India,2022-08-11,16299.0,53.0,2073245736.0,31.48
India,2022-08-12,16561.0,49.0,2075074767.0,31.48
India,2022-08-13,15815.0,68.0,2077667936.0,31.48
India,2022-08-14,14092.0,41.0,2080314240.0,31.48
India,2022-08-15,14917.0,32.0,2082646297.0,31.48
India,2022-08-16,8813.0,29.0,2083497365.0,31.48
India,2022-08-17,9062.0,36.0,2086296791.0,31.48
India,2022-08-18,12608.0,72.0,2090061582.0,31.48
India,2022-08-19,15754.0,47.0,2092978091.0,31.48
India,2022-08-20,13272.0,36.0,2094438592.0,31.48
India,2022-08-21,11539.0,43.0,2097388903.0,31.48
India,2022-08-22,9531.0,36.0,2100689201.0,31.48
India,2022-08-23,8586.0,48.0,2103627869.0,31.48
India,2022-08-24,10649.0,36.0,2106237544.0,31.48
India,2022-08-25,10725.0,36.0,2108724109.0,31.48
India,2022-08-26,10256.0,68.0,2111876002.0,31.48
India,2022-08-27,9520.0,41.0,2114453857.0,31.48
India,2022-08-28,9436.0,157.0,2117020150.0,31.48
India,2022-08-29,7591.0,45.0,2119502119.0,31.48
India,2022-08-30,5439.0,30.0,2122099237.0,31.48
India,2022-08-31,7231.0,45.0,2124186933.0,31.48
India,2022-09-01,7946.0,37.0,2125613960.0,31.48
India,2022-09-02,6168.0,21.0,2127923399.0,31.48
India,2022-09-03,7211.0,25.0,2130464186.0,31.48
India,2022-09-04,6817.0,34.0,2132658458.0,31.48
India,2022-09-05,5910.0,16.0,2135583657.0,31.48
India,2022-09-06,4417.0,23.0,2137561057.0,31.48
India,2022-09-07,5379.0,27.0,2139659830.0,31.48
India,2022-09-08,6395.0,33.0,2143231108.0,31.48
India,2022-09-09,6093.0,31.0,2145936972.0,31.48
India,2022-09-10,5554.0,18.0,2148075189.0,31.48
India,2022-09-11,5076.0,11.0,2150122402.0,31.48
India,2022-09-12,5221.0,15.0,2152915577.0,31.48
India,2022-09-13,4369.0,20.0,2155069979.0,31.48
India,2022-09-14,5108.0,31.0,2157151049.0,31.48
India,2022-09-15,6422.0,34.0,2160120066.0,31.48
India,2022-09-16,6298.0,23.0,2162085492.0,31.48
India,2022-09-17,5747.0,29.0,2164396948.0,31.48
India,2022-09-18,5664.0,35.0,2165982650.0,31.48
India,2022-09-19,4858.0,18.0,2167186118.0,31.48
India,2022-09-20,4043.0,15.0,2168505627.0,31.48
India,2022-09-21,4510.0,33.0,2169753427.0,31.48
India,2022-09-22,5443.0,26.0,2171336749.0,31.48
India,2022-09-23,5383.0,20.0,2172815223.0,31.48
India,2022-09-24,4912.0,38.0,2174341590.0,31.48
India,2022-09-25,4777.0,23.0,2175957465.0,31.48
India,2022-09-26,4129.0,20.0,2176997087.0,31.48
India,2022-09-27,3230.0,32.0,2178441102.0,31.48
India,2022-09-28,3615.0,22.0,2179945601.0,31.48
India,2022-09-29,4272.0,27.0,2182239274.0,31.48
India,2022-09-30,3947.0,18.0,2185459294.0,31.48
India,2022-10-01,3805.0,26.0,2186955246.0,31.48
India,2022-10-02,3375.0,18.0,2187548762.0,31.48
India,2022-10-03,3011.0,28.0,2187731108.0,31.48
India,2022-10-04,1968.0,15.0,2188076740.0,31.48
India,2022-10-05,2468.0,17.0,2188332870.0,31.48
India,2022-10-06,2529.0,12.0,2188448601.0,31.48
India,2022-10-07,1997.0,9.0,2188865321.0,31.48
India,2022-10-08,2797.0,24.0,2189375345.0,31.48
India,2022-10-09,2756.0,21.0,2189790426.0,31.48
India,2022-10-10,2424.0,15.0,2190007323.0,31.48
India,2022-10-11,1957.0,8.0,2190521299.0,31.48
India,2022-10-12,2139.0,13.0,2191338497.0,31.48
India,2022-10-13,2786.0,12.0,,31.48
India,2022-10-14,2678.0,10.0,2192191132.0,31.48
India,2022-10-15,2430.0,17.0,2192779896.0,31.48
India,2022-10-16,2401.0,21.0,2193219253.0,31.48
India,2022-10-17,2060.0,10.0,2193368589.0,31.48
India,2022-10-18,1542.0,8.0,2193800204.0,31.48
India,2022-10-19,1946.0,10.0,2194182432.0,31.48
India,2022-10-20,2141.0,20.0,2194672934.0,31.48
India,2022-10-21,2119.0,10.0,2195113126.0,31.48
India,2022-10-22,2112.0,4.0,2195399307.0,31.48
India,2022-10-23,1994.0,4.0,2195580184.0,31.48
India,2022-10-24,1334.0,16.0,2195619506.0,31.48
India,2022-10-25,862.0,3.0,2195651402.0,31.48
India,2022-10-26,830.0,1.0,2195754191.0,31.48
India,2022-10-27,1112.0,6.0,2195883501.0,31.48
India,2022-10-28,2208.0,12.0,2196044179.0,31.48
India,2022-10-29,1574.0,9.0,2196215302.0,31.48
India,2022-10-30,1604.0,8.0,2196335748.0,31.48
India,2022-10-31,1326.0,8.0,,31.48
India,2022-11-01,1046.0,53.0,2196483169.0,31.48
India,2022-11-02,1190.0,1375.0,2196609939.0,31.48
India,2022-11-03,1321.0,9.0,2196781421.0,31.48
India,2022-11-04,1216.0,18.0,2196971035.0,31.48
India,2022-11-05,1082.0,7.0,2197138806.0,31.48
India,2022-11-06,1132.0,14.0,2197262288.0,31.48
India,2022-11-07,937.0,9.0,2197295587.0,31.48
India,2022-11-08,625.0,0.0,2197435518.0,31.48
India,2022-11-09,811.0,2.0,2197513103.0,31.48
India,2022-11-10,1016.0,3.0,2197646336.0,31.48
India,2022-11-11,842.0,6.0,2197783974.0,31.48
India,2022-11-12,833.0,8.0,2197896947.0,31.48
India,2022-11-13,734.0,3.0,2197978762.0,31.48
India,2022-11-14,547.0,1.0,2198006694.0,31.48
India,2022-11-15,-749.0,1.0,2198123903.0,31.48
India,2022-11-16,501.0,2.0,2198226412.0,31.48
India,2022-11-17,635.0,11.0,2198344955.0,31.48
India,2022-11-18,656.0,7.0,2198447644.0,31.48
India,2022-11-19,556.0,17.0,2198537172.0,31.48
India,2022-11-20,492.0,4.0,2198603903.0,31.48
India,2022-11-21,406.0,12.0,2198619380.0,31.48
India,2022-11-22,294.0,5.0,2198696929.0,28.7
India,2022-11-23,360.0,5.0,2198773864.0,28.7
India,2022-11-24,408.0,5.0,2198861053.0,28.7
India,2022-11-25,347.0,3.0,2198939280.0,28.7
India,2022-11-26,389.0,4.0,2199012704.0,28.7
India,2022-11-27,343.0,4.0,2199058598.0,28.7
India,2022-11-28,291.0,2.0,2199071394.0,28.7
India,2022-11-29,215.0,1.0,2199165837.0,28.7
India,2022-11-30,279.0,5.0,2199192115.0,28.7
India,2022-12-01,291.0,2.0,2199255614.0,28.7
India,2022-12-02,275.0,2.0,2199308269.0,28.7
India,2022-12-03,253.0,3.0,2199362341.0,28.7
India,2022-12-04,226.0,1.0,2199404380.0,28.7
India,2022-12-05,226.0,2.0,2199414864.0,28.7
India,2022-12-06,165.0,3.0,2199459244.0,28.7
India,2022-12-07,166.0,5.0,2199500144.0,28.7
India,2022-12-08,241.0,9.0,2199546356.0,28.7
India,2022-12-09,249.0,6.0,2199596513.0,28.7
India,2022-12-10,210.0,1.0,2199646883.0,28.7
India,2022-12-11,173.0,4.0,2199683095.0,28.7
India,2022-12-12,159.0,0.0,2199694877.0,28.7
India,2022-12-13,114.0,0.0,2199746138.0,28.7
India,2022-12-14,152.0,0.0,2199803956.0,28.7
India,2022-12-15,200.0,5.0,2199861495.0,28.7
India,2022-12-16,162.0,0.0,2199918890.0,28.7
India,2022-12-17,167.0,4.0,2199968116.0,28.7
India,2022-12-18,176.0,5.0,2200010800.0,28.7
India,2022-12-19,135.0,2.0,2200021116.0,28.7
India,2022-12-20,112.0,3.0,2200070782.0,28.7
India,2022-12-21,131.0,3.0,2200125212.0,28.7
India,2022-12-22,185.0,1.0,2200198937.0,28.7
India,2022-12-23,163.0,9.0,2200291726.0,28.7
India,2022-12-24,201.0,1.0,2200398405.0,28.7
India,2022-12-25,227.0,2.0,2200495328.0,28.7
India,2022-12-26,196.0,2.0,2200534092.0,28.7
India,2022-12-27,157.0,1.0,2200631022.0,28.7
India,2022-12-28,188.0,0.0,2200721618.0,28.7
India,2022-12-29,268.0,2.0,2200817500.0,28.7
India,2022-12-30,243.0,1.0,2200901700.0,28.7
India,2022-12-31,226.0,3.0,2200989986.0,28.7
India,2023-01-01,265.0,3.0,2201044679.0,
India,2023-01-02,173.0,2.0,2201054881.0,
India,2023-01-03,134.0,0.0,2201103827.0,
India,2023-01-04,175.0,0.0,2201152760.0,
India,2023-01-05,188.0,3.0,2201212338.0,
India,2023-01-06,228.0,4.0,2201259958.0,
India,2023-01-07,214.0,4.0,2201318312.0,
India,2023-01-08,163.0,2.0,2201370207.0,
India,2023-01-09,170.0,1.0,2201384597.0,
India,2023-01-10,121.0,1.0,2201442947.0,
India,2023-01-11,171.0,0.0,2201494588.0,
India,2023-01-12,197.0,1.0,2201554690.0,
India,2023-01-13,174.0,2.0,2201603914.0,
India,2023-01-14,179.0,1.0,2201655453.0,
India,2023-01-15,104.0,0.0,2201675334.0,
India,2023-01-16,114.0,0.0,2201682359.0,
India,2023-01-17,79.0,0.0,2201741781.0,
India,2023-01-18,138.0,2.0,2201842205.0,
India,2023-01-19,134.0,0.0,2202035883.0,
India,2023-01-20,145.0,0.0,2202213913.0,
India,2023-01-21,131.0,2.0,2202437860.0,
India,2023-01-22,140.0,3.0,2202785299.0,
India,2023-01-23,94.0,2.0,2202837316.0,
India,2023-01-24,89.0,2.0,2203061150.0,
India,2023-01-25,102.0,0.0,2203278103.0,
India,2023-01-26,132.0,1.0,2203548583.0,
India,2023-01-27,99.0,1.0,2203593846.0,
India,2023-01-28,93.0,0.0,2203808355.0,
India,2023-01-29,109.0,1.0,2204066383.0,
India,2023-01-30,80.0,0.0,2204593034.0,
India,2023-01-31,65.0,0.0,2204868897.0,
India,2023-02-01,111.0,0.0,2205104562.0,
India,2023-02-02,128.0,1.0,2205275282.0,
India,2023-02-03,99.0,0.0,2205436773.0,
India,2023-02-04,128.0,0.0,2205597607.0,
India,2023-02-05,113.0,4.0,2205732045.0,
India,2023-02-06,91.0,0.0,2205782602.0,
India,2023-02-07,89.0,0.0,2205920241.0,
India,2023-02-08,96.0,1.0,2206046004.0,
India,2023-02-09,109.0,2.0,2206164359.0,
India,2023-02-10,114.0,2.0,2206238494.0,
India,2023-02-11,132.0,0.0,2206263146.0,
India,2023-02-12,124.0,0.0,2206269503.0,
India,2023-02-13,79.0,0.0,2206271789.0,
India,2023-02-14,77.0,3.0,2206278370.0,
India,2023-02-15,102.0,3.0,2206285694.0,
India,2023-02-16,126.0,1.0,2206293300.0,
India,2023-02-17,156.0,0.0,2206300775.0,
India,2023-02-18,117.0,0.0,2206308578.0,
India,2023-02-19,142.0,3.0,2206311696.0,
India,2023-02-20,120.0,1.0,2206313573.0,
India,2023-02-21,95.0,0.0,2206320683.0,
India,2023-02-22,125.0,1.0,2206327329.0,
India,2023-02-23,193.0,1.0,2206334710.0,
India,2023-02-24,169.0,1.0,2206341948.0,
India,2023-02-25,180.0,0.0,2206348628.0,
India,2023-02-26,218.0,5.0,2206353431.0,
India,2023-02-27,185.0,1.0,2206355345.0,
India,2023-02-28,169.0,1.0,2206361497.0,
India,2023-03-01,240.0,1.0,2206367997.0,
India,2023-03-02,268.0,0.0,2206375298.0,
India,2023-03-03,283.0,0.0,2206382304.0,
India,2023-03-04,334.0,3.0,2206389144.0,
India,2023-03-05,324.0,0.0,2206395019.0,
India,2023-03-06,281.0,0.0,2206396683.0,
India,2023-03-07,266.0,0.0,2206401818.0,
India,2023-03-08,326.0,0.0,2206404680.0,
India,2023-03-09,379.0,1.0,2206407392.0,
India,2023-03-10,440.0,3.0,2206414969.0,
India,2023-03-11,456.0,1.0,2206422153.0,
India,2023-03-12,524.0,1.0,2206427310.0,
India,2023-03-13,444.0,1.0,2206429324.0,
India,2023-03-14,402.0,2.0,2206436933.0,
India,2023-03-15,618.0,5.0,2206445180.0,
India,2023-03-16,754.0,1.0,2206454439.0,
India,2023-03-17,796.0,5.0,2206462789.0,
India,2023-03-18,843.0,4.0,,
India,2023-03-19,1071.0,3.0,2206477662.0,
India,2023-03-20,918.0,4.0,2206479622.0,
India,2023-03-21,646.0,2.0,2206487387.0,
India,2023-03-22,1134.0,5.0,2206494924.0,
India,2023-03-23,1300.0,3.0,2206502054.0,
India,2023-03-24,1249.0,2.0,2206508895.0,
India,2023-03-25,1590.0,6.0,2206518662.0,
India,2023-03-26,1890.0,7.0,2206525453.0,
India,2023-03-27,1805.0,6.0,2206528035.0,
India,2023-03-28,1573.0,4.0,2206539832.0,
India,2023-03-29,2151.0,7.0,2206551999.0,
India,2023-03-30,3016.0,14.0,2206565971.0,
India,2023-03-31,3094.0,5.0,2206573347.0,
India,2023-04-01,2995.0,9.0,2206582172.0,
India,2023-04-02,3824.0,5.0,2206584467.0,
India,2023-04-03,3641.0,11.0,2206585373.0,
India,2023-04-04,3038.0,9.0,2206587295.0,
India,2023-04-05,4435.0,15.0,2206589359.0,
India,2023-04-06,5335.0,13.0,2206591315.0,
India,2023-04-07,6050.0,14.0,2206593723.0,
India,2023-04-08,6155.0,11.0,2206595334.0,
India,2023-04-09,5357.0,11.0,,
India,2023-04-10,5880.0,14.0,2206596119.0,
India,2023-04-11,5676.0,21.0,2206596475.0,
India,2023-04-12,7830.0,16.0,2206596918.0,
India,2023-04-13,10158.0,19.0,2206597253.0,
India,2023-04-14,11109.0,29.0,2206597676.0,
India,2023-04-15,10753.0,27.0,2206598272.0,
India,2023-04-16,10093.0,23.0,2206598920.0,
India,2023-04-17,9111.0,27.0,2206599169.0,
India,2023-04-18,7633.0,11.0,2206599883.0,
India,2023-04-19,10542.0,38.0,2206600395.0,
India,2023-04-20,12591.0,40.0,2206601077.0,
India,2023-04-21,11692.0,28.0,2206605334.0,
India,2023-04-22,12193.0,42.0,2206610588.0,
India,2023-04-23,10112.0,29.0,2206612148.0,
India,2023-04-24,6904.0,16.0,2206612924.0,
India,2023-04-25,6934.0,24.0,2206618256.0,
India,2023-04-26,9629.0,29.0,2206623223.0,
India,2023-04-27,9355.0,26.0,2206628016.0,
India,2023-04-28,7533.0,44.0,2206632455.0,
India,2023-04-29,7171.0,40.0,2206636332.0,
India,2023-04-30,5874.0,25.0,2206638852.0,
India,2023-05-01,4282.0,14.0,2206639112.0,
India,2023-05-02,3325.0,17.0,2206641678.0,
India,2023-05-03,3720.0,20.0,2206644025.0,
India,2023-05-04,3962.0,22.0,2206646421.0,
India,2023-05-05,3611.0,36.0,2206648123.0,
India,2023-05-06,2961.0,17.0,2206649602.0,
India,2023-05-07,2380.0,21.0,2206651926.0,
India,2023-05-08,1839.0,12.0,2206652521.0,
India,2023-05-09,1331.0,15.0,2206655406.0,
India,2023-05-10,2109.0,15.0,2206657460.0,
India,2023-05-11,1690.0,14.0,2206659444.0,
India,2023-05-12,1580.0,17.0,2206661076.0,
India,2023-05-13,1223.0,14.0,2206662991.0,
India,2023-05-14,1272.0,3.0,2206664302.0,
India,2023-05-15,801.0,8.0,2206664701.0,
India,2023-05-16,656.0,12.0,2206665720.0,
India,2023-05-17,1021.0,4.0,2206666633.0,
India,2023-05-18,906.0,20.0,2206667567.0,
India,2023-05-19,865.0,4.0,2206668544.0,
India,2023-05-20,782.0,6.0,2206669647.0,
India,2023-05-21,756.0,8.0,2206670777.0,
India,2023-05-22,473.0,7.0,2206671276.0,
India,2023-05-23,405.0,4.0,2206672631.0,
India,2023-05-24,552.0,6.0,2206674131.0,
India,2023-05-25,535.0,5.0,2206675684.0,
India,2023-05-26,490.0,2.0,2206677058.0,
India,2023-05-27,425.0,3.0,2206678402.0,
India,2023-05-28,403.0,5.0,2206679740.0,
India,2023-05-29,310.0,2.0,2206680457.0,
India,2023-05-30,224.0,1.0,2206682105.0,
India,2023-05-31,310.0,3.0,2206683432.0,
India,2023-06-01,288.0,2.0,2206684650.0,
India,2023-06-02,267.0,2.0,2206684841.0,
India,2023-06-03,237.0,4.0,2206685203.0,
India,2023-06-04,202.0,2.0,2206685701.0,
India,2023-06-05,174.0,2.0,2206685870.0,
India,2023-06-06,124.0,2.0,2206698880.0,
India,2023-06-07,214.0,0.0,,
India,2023-06-08,199.0,2.0,2206700691.0,
India,2023-06-09,169.0,2.0,2206701590.0,
India,2023-06-10,186.0,0.0,2206702474.0,
India,2023-06-11,140.0,3.0,2206703190.0,
India,2023-06-12,92.0,0.0,2206703418.0,
India,2023-06-13,80.0,1.0,2206703842.0,
India,2023-06-14,120.0,0.0,2206704374.0,
India,2023-06-15,106.0,1.0,2206704828.0,
India,2023-06-16,96.0,0.0,2206705520.0,
India,2023-06-17,108.0,0.0,2206706199.0,
India,2023-06-18,90.0,2.0,2206706658.0,
India,2023-06-19,63.0,1.0,2206706830.0,
India,2023-06-20,36.0,1.0,2206707238.0,
India,2023-06-21,92.0,1.0,2206707577.0,
India,2023-06-22,95.0,2.0,2206707979.0,
India,2023-06-23,51.0,2.0,2206708393.0,
India,2023-06-24,55.0,1.0,2206708901.0,
India,2023-06-25,80.0,0.0,2206709397.0,
India,2023-06-26,47.0,0.0,2206709565.0,
India,2023-06-27,33.0,0.0,2206709961.0,
India,2023-06-28,65.0,2.0,2206710359.0,
India,2023-06-29,47.0,0.0,2206710758.0,
India,2023-06-30,44.0,0.0,2206711105.0,
India,2023-07-01,40.0,1.0,2206711549.0,
India,2023-07-02,53.0,1.0,2206711895.0,
India,2023-07-03,44.0,1.0,2206712127.0,
India,2023-07-04,26.0,0.0,2206712735.0,
India,2023-07-05,56.0,2.0,2206713591.0,
India,2023-07-06,42.0,0.0,2206714180.0,
India,2023-07-07,45.0,2.0,2206715005.0,
India,2023-07-08,49.0,0.0,2206715854.0,
India,2023-07-09,32.0,1.0,2206716406.0,
India,2023-07-10,24.0,0.0,2206716774.0,
India,2023-07-11,20.0,0.0,2206717428.0,
India,2023-07-12,46.0,0.0,2206718031.0,
India,2023-07-13,48.0,0.0,2206718939.0,
India,2023-07-14,52.0,1.0,2206719308.0,
India,2023-07-15,54.0,0.0,2206719758.0,
India,2023-07-16,59.0,1.0,2206720221.0,
India,2023-07-17,43.0,0.0,2206720381.0,
India,2023-07-18,34.0,0.0,2206720710.0,
India,2023-07-19,49.0,0.0,2206721233.0,
India,2023-07-20,51.0,0.0,2206721763.0,
India,2023-07-21,109.0,0.0,2206722234.0,
India,2023-07-22,60.0,0.0,2206722619.0,
India,2023-07-23,40.0,0.0,2206722950.0,
India,2023-07-24,47.0,0.0,2206723072.0,
India,2023-07-25,21.0,0.0,2206723493.0,
India,2023-07-26,60.0,0.0,2206724088.0,
India,2023-07-27,42.0,0.0,2206724574.0,
India,2023-07-28,52.0,0.0,2206724960.0,
India,2023-07-29,50.0,0.0,2206725380.0,
India,2023-07-30,52.0,1.0,2206725652.0,
India,2023-07-31,41.0,1.0,2206725772.0,
India,2023-08-01,36.0,0.0,2206726166.0,
India,2023-08-02,60.0,0.0,2206726495.0,
India,2023-08-03,77.0,1.0,2206726837.0,
India,2023-08-04,54.0,0.0,2206727193.0,
India,2023-08-05,77.0,0.0,2206727736.0,
India,2023-08-06,47.0,0.0,2206728111.0,
India,2023-08-07,54.0,0.0,2206728226.0,
India,2023-08-08,25.0,0.0,2206728512.0,
India,2023-08-09,53.0,0.0,,
India,2023-08-10,39.0,2.0,2206729352.0,
India,2023-08-11,47.0,0.0,2206729780.0,
India,2023-08-12,38.0,0.0,2206730204.0,
India,2023-08-13,38.0,1.0,2206730432.0,
India,2023-08-14,39.0,0.0,2206730562.0,
India,2023-08-15,22.0,1.0,2206730932.0,
India,2023-08-16,58.0,0.0,2206731050.0,
India,2023-08-17,33.0,2.0,2206731565.0,
India,2023-08-18,50.0,0.0,2206732173.0,
India,2023-08-19,72.0,1.0,2206732967.0,
India,2023-08-20,51.0,0.0,2206733667.0,
India,2023-08-21,54.0,1.0,2206733896.0,
India,2023-08-22,23.0,0.0,2206734821.0,
India,2023-08-23,56.0,0.0,2206735941.0,
India,2023-08-24,54.0,0.0,2206737105.0,
India,2023-08-25,73.0,1.0,2206738985.0,
India,2023-08-26,60.0,1.0,2206739251.0,
India,2023-08-27,44.0,0.0,2206739561.0,
India,2023-08-28,70.0,1.0,2206739657.0,
India,2023-08-29,23.0,0.0,2206739827.0,
India,2023-08-30,61.0,0.0,2206740053.0,
India,2023-08-31,50.0,1.0,2206740203.0,
India,2023-09-01,49.0,0.0,2206740419.0,
India,2023-09-02,50.0,93.0,2206740558.0,
India,2023-09-03,60.0,0.0,2206740582.0,
India,2023-09-04,46.0,0.0,2206740693.0,
India,2023-09-05,28.0,0.0,2206740831.0,
India,2023-09-06,66.0,1.0,2206740986.0,
India,2023-09-07,71.0,0.0,2206741122.0,
India,2023-09-08,46.0,0.0,2206741270.0,
India,2023-09-09,59.0,1.0,2206741392.0,
India,2023-09-10,68.0,2.0,2206741515.0,
India,2023-09-11,70.0,0.0,2206741581.0,
India,2023-09-12,40.0,0.0,2206741730.0,
India,2023-09-13,97.0,1.0,2206741897.0,
India,2023-09-14,58.0,1.0,2206742058.0,
India,2023-09-15,60.0,0.0,2206742223.0,
India,2023-09-16,72.0,0.0,2206742378.0,
India,2023-09-17,55.0,1.0,2206742614.0,
India,2023-09-18,55.0,0.0,2206742674.0,
India,2023-09-19,26.0,0.0,2206742784.0,
India,2023-09-20,51.0,1.0,2206742896.0,
India,2023-09-21,44.0,0.0,2206743064.0,
India,2023-09-22,55.0,0.0,2206743233.0,
India,2023-09-23,70.0,0.0,2206743390.0,
India,2023-09-24,62.0,0.0,2206743504.0,
India,2023-09-25,40.0,0.0,2206743571.0,
India,2023-09-26,38.0,0.0,2206743738.0,
India,2023-09-27,47.0,0.0,2206743857.0,
India,2023-09-28,51.0,0.0,2206743976.0,
India,2023-09-29,40.0,0.0,2206744057.0,
India,2023-09-30,41.0,0.0,2206744185.0,
India,2023-10-01,56.0,1.0,2206744310.0,
India,2023-10-02,36.0,0.0,,
India,2023-10-03,42.0,0.0,2206744321.0,
India,2023-10-04,38.0,2.0,2206744540.0,
India,2023-10-05,250.0,0.0,2206744665.0,
India,2023-10-06,39.0,0.0,2206744792.0,
India,2023-10-07,42.0,0.0,2206744933.0,
India,2023-10-08,43.0,0.0,2206745072.0,
India,2023-10-09,38.0,0.0,2206745137.0,
India,2023-10-10,26.0,1.0,2206745320.0,
India,2023-10-11,46.0,0.0,2206745473.0,
India,2023-10-12,35.0,0.0,2206745599.0,
India,2023-10-13,37.0,2.0,2206745748.0,
India,2023-10-14,51.0,0.0,2206745882.0,
India,2023-10-15,27.0,0.0,2206746004.0,
India,2023-10-16,33.0,0.0,2206746074.0,
India,2023-10-17,21.0,0.0,2206746188.0,
India,2023-10-18,38.0,0.0,2206746308.0,
India,2023-10-19,48.0,0.0,2206746462.0,
India,2023-10-20,37.0,1.0,2206746557.0,
India,2023-10-21,1275.0,1253.0,2206746671.0,
India,2023-10-22,12.0,0.0,2206746777.0,
India,2023-10-23,9.0,0.0,2206746797.0,
India,2023-10-24,14.0,2.0,2206746853.0,
India,2023-10-25,51.0,0.0,2206746931.0,
India,2023-10-26,24.0,0.0,2206747046.0,
India,2023-10-27,26.0,0.0,2206747152.0,
India,2023-10-28,35.0,0.0,2206747260.0,
India,2023-10-29,34.0,0.0,2206747344.0,
India,2023-10-30,23.0,0.0,2206747390.0,
India,2023-10-31,22.0,0.0,2206747498.0,
India,2023-11-01,38.0,1.0,2206747609.0,
India,2023-11-02,15.0,0.0,2206747709.0,
India,2023-11-03,19.0,0.0,2206747812.0,
India,2023-11-04,14.0,0.0,2206747947.0,
India,2023-11-05,8.0,0.0,2206748064.0,
India,2023-11-06,8.0,0.0,2206748113.0,
India,2023-11-07,5.0,0.0,2206748229.0,
India,2023-11-08,11.0,1.0,2206748339.0,
India,2023-11-09,11.0,0.0,2206748472.0,
India,2023-11-10,14.0,0.0,2206748541.0,
India,2023-11-11,6.0,0.0,2206748621.0,
India,2023-11-12,17.0,0.0,2206748688.0,
India,2023-11-13,8.0,0.0,2206748709.0,
India,2023-11-14,18.0,0.0,2206748760.0,
India,2023-11-15,10.0,0.0,2206748836.0,
India,2023-11-16,18.0,0.0,2206748928.0,
India,2023-11-17,26.0,0.0,2206749008.0,
India,2023-11-18,18.0,0.0,2206749119.0,
India,2023-11-19,21.0,0.0,2206749228.0,
India,2023-11-20,18.0,0.0,2206749268.0,
India,2023-11-21,13.0,0.0,2206749380.0,
India,2023-11-22,23.0,0.0,2206749483.0,
India,2023-11-23,26.0,0.0,2206749596.0,
India,2023-11-24,36.0,2.0,2206749688.0,
India,2023-11-25,42.0,0.0,2206749783.0,
India,2023-11-26,31.0,1.0,2206749855.0,
India,2023-11-27,21.0,0.0,2206749904.0,
India,2023-11-28,22.0,0.0,2206749991.0,
India,2023-11-29,79.0,0.0,2206750080.0,
India,2023-11-30,58.0,0.0,2206750188.0,
India,2023-12-01,71.0,,2206750296.0,
India,2023-12-02,88.0,2.0,2206750388.0,
India,2023-12-03,76.0,,2206750473.0,
India,2023-12-04,59.0,,2206750511.0,
India,2023-12-05,83.0,1.0,2206750581.0,
India,2023-12-06,119.0,1.0,2206750655.0,
India,2023-12-07,121.0,3.0,2206750735.0,
India,2023-12-08,180.0,1.0,2206750821.0,
India,2023-12-09,148.0,,2206750914.0,
India,2023-12-10,166.0,,2206751015.0,
India,2023-12-11,122.0,1.0,2206751024.0,
India,2023-12-12,164.0,,2206751028.0,
India,2023-12-13,252.0,1.0,2206751031.0,
India,2023-12-14,237.0,1.0,2206751195.0,
India,2023-12-15,312.0,1.0,2206751336.0,
India,2023-12-16,339.0,1.0,2206751436.0,
India,2023-12-17,335.0,5.0,2206751585.0,
India,2023-12-18,260.0,1.0,2206751630.0,
India,2023-12-19,288.0,1.0,2206751639.0,
India,2023-12-20,614.0,3.0,,
India,2023-12-21,594.0,6.0,,
India,2023-12-22,640.0,1.0,,
India,2023-12-23,752.0,4.0,,
India,2023-12-24,656.0,1.0,,
India,2023-12-25,628.0,1.0,,
India,2023-12-26,412.0,3.0,,
India,2023-12-27,529.0,3.0,,
India,2023-12-28,702.0,6.0,,
India,2023-12-29,797.0,5.0,,
India,2023-12-30,743.0,7.0,,
India,2023-12-31,741.0,3.0,,
India,2024-01-01,736.0,3.0,,
India,2024-01-02,573.0,2.0,,
India,2024-01-03,602.0,5.0,,
India,2024-01-04,760.0,2.0,,
India,2024-01-05,761.0,12.0,,
India,2024-01-06,774.0,2.0,2206753933.0,
India,2024-01-07,756.0,5.0,2206754170.0,
India,2024-01-08,605.0,4.0,2206754235.0,
India,2024-01-09,475.0,6.0,2206754451.0,
India,2024-01-10,605.0,4.0,2206754684.0,
India,2024-01-11,514.0,3.0,2206754867.0,
India,2024-01-12,609.0,3.0,2206755017.0,
India,2024-01-13,441.0,,2206755433.0,
India,2024-01-14,375.0,2.0,2206755544.0,
India,2024-01-15,272.0,,2206755596.0,
India,2024-01-16,189.0,3.0,,
India,2024-01-17,269.0,3.0,2206755895.0,
India,2024-01-18,305.0,3.0,2206756276.0,
India,2024-01-19,355.0,2.0,2206756523.0,
India,2024-01-20,313.0,3.0,2206756804.0,
India,2024-01-21,290.0,6.0,2206756985.0,
India,2024-01-22,203.0,2.0,2206757029.0,
India,2024-01-23,236.0,3.0,2206757155.0,
India,2024-01-24,160.0,2.0,2206757325.0,
India,2024-01-25,198.0,1.0,2206757558.0,
India,2024-01-26,187.0,1.0,2206757664.0,
India,2024-01-27,159.0,1.0,2206757695.0,
India,2024-01-28,182.0,1.0,2206757784.0,
India,2024-01-29,112.0,,2206757813.0,
India,2024-01-30,124.0,,2206758109.0,
India,2024-01-31,133.0,2.0,2206758325.0,
India,2024-02-01,160.0,1.0,2206758574.0,
India,2024-02-02,187.0,3.0,2206759016.0,
India,2024-02-03,159.0,3.0,2206759669.0,
India,2024-02-04,188.0,,2206759948.0,
India,2024-02-05,122.0,,2206760050.0,
India,2024-02-06,124.0,1.0,2206760130.0,
India,2024-02-07,157.0,2.0,2206760523.0,
India,2024-02-08,70.0,1.0,2206760716.0,
India,2024-02-09,,1.0,2206760995.0,
India,2024-02-10,163.0,2.0,2206761092.0,
India,2024-02-11,376.0,1.0,2206761155.0,
India,2024-02-12,74.0,,2206761177.0,
India,2024-02-13,123.0,4.0,2206761261.0,
India,2024-02-14,120.0,1.0,2206761522.0,
India,2024-02-15,120.0,1.0,2206761916.0,
India,2024-02-16,166.0,2.0,,
India,2024-02-17,144.0,2.0,,
India,2024-02-18,155.0,,2206766427.0,
India,2024-02-19,110.0,,2206766687.0,
India,2024-02-20,105.0,1.0,2206770009.0,
India,2024-02-21,161.0,2.0,2206771637.0,
India,2024-02-22,136.0,1.0,2206772705.0,
India,2024-02-23,167.0,,2206773668.0,
India,2024-02-24,155.0,1.0,2206774615.0,
India,2024-02-25,148.0,1.0,2206775216.0,
India,2024-02-26,114.0,1.0,2206775261.0,
India,2024-02-27,125.0,5.0,2206776126.0,
India,2024-02-28,181.0,1.0,2206777009.0,
India,2024-02-29,193.0,4.0,2206777956.0,
India,2024-03-01,204.0,2.0,2206778892.0,
India,2024-03-02,182.0,2.0,2206779318.0,
India,2024-03-03,178.0,2.0,2206779419.0,
India,2024-03-04,120.0,1.0,2206779453.0,
India,2024-03-05,135.0,3.0,2206779679.0,
India,2024-03-06,217.0,,2206779826.0,
India,2024-03-07,202.0,5.0,2206779967.0,
India,2024-03-08,237.0,1.0,2206780443.0,
India,2024-03-09,179.0,3.0,2206781259.0,
India,2024-03-10,112.0,2.0,2206782234.0,
India,2024-03-11,148.0,,2206782803.0,
India,2024-03-12,138.0,,2206784151.0,
India,2024-03-13,197.0,2.0,2206785112.0,
India,2024-03-14,199.0,1.0,2206787759.0,
India,2024-03-15,225.0,4.0,2206791691.0,
India,2024-03-16,197.0,,2206796472.0,
India,2024-03-17,137.0,4.0,2206802191.0,
India,2024-03-18,129.0,2.0,2206802661.0,
India,2024-03-19,86.0,2.0,2206810541.0,
India,2024-03-20,159.0,2.0,2206820337.0,
India,2024-03-21,172.0,6.0,2206828558.0,
India,2024-03-22,131.0,2.0,2206834088.0,
India,2024-03-23,180.0,2.0,2206839699.0,
India,2024-03-24,132.0,2.0,2206843933.0,
India,2024-03-25,121.0,1.0,2206844597.0,
India,2024-03-26,57.0,,2206846384.0,
India,2024-03-27,71.0,,2206856776.0,
India,2024-03-28,129.0,3.0,2206864252.0,
India,2024-03-29,114.0,4.0,2206865741.0,
India,2024-03-30,121.0,4.0,2206865759.0,
India,2024-03-31,103.0,1.0,2206865838.0,
India,2024-04-01,62.0,,2206865849.0,
India,2024-04-02,83.0,4.0,2206865863.0,
India,2024-04-03,104.0,2.0,2206865885.0,
India,2024-04-04,114.0,2.0,2206865918.0,
India,2024-04-05,108.0,3.0,2206865932.0,
India,2024-04-06,123.0,1.0,2206865956.0,
India,2024-04-07,101.0,1.0,2206865998.0,
India,2024-04-08,70.0,,2206866020.0,
India,2024-04-09,58.0,1.0,2206866034.0,
India,2024-04-10,71.0,2.0,2206866050.0,
India,2024-04-11,71.0,2.0,2206866069.0,
India,2024-04-12,68.0,,2206866081.0,
India,2024-04-13,102.0,3.0,2206866111.0,
India,2024-04-14,78.0,1.0,2206866129.0,
India,2024-04-15,66.0,,2206866138.0,
India,2024-04-16,62.0,2.0,2206866164.0,
India,2024-04-17,90.0,1.0,2206866209.0,
India,2024-04-18,72.0,1.0,2206866236.0,
India,2024-04-19,104.0,1.0,2206866255.0,
India,2024-04-20,113.0,1.0,2206866285.0,
India,2024-04-21,117.0,1.0,2206866303.0,
India,2024-04-22,75.0,,2206866322.0,
India,2024-04-23,74.0,3.0,2206866360.0,
India,2024-04-24,129.0,,2206866395.0,
India,2024-04-25,112.0,1.0,2206866432.0,
India,2024-04-26,120.0,,2206866454.0,
India,2024-04-27,122.0,,2206866484.0,
India,2024-04-28,124.0,,2206866511.0,
India,2024-04-29,78.0,1.0,2206866520.0,
India,2024-04-30,134.0,,2206866553.0,
India,2024-05-01,133.0,,2206866572.0,
India,2024-05-02,112.0,1.0,2206866594.0,
India,2024-05-03,137.0,1.0,2206866605.0,
India,2024-05-04,93.0,1.0,2206866623.0,
India,2024-05-05,136.0,,2206866634.0,
India,2024-05-06,90.0,,2206866657.0,
India,2024-05-07,82.0,4.0,2206866667.0,
India,2024-05-08,118.0,3.0,2206866680.0,
India,2024-05-09,133.0,,2206866704.0,
India,2024-05-10,123.0,2.0,2206866722.0,
India,2024-05-11,98.0,1.0,2206866762.0,
India,2024-05-12,98.0,,2206866775.0,
India,2024-05-13,59.0,,2206866777.0,
India,2024-05-14,81.0,1.0,2206866791.0,
India,2024-05-15,103.0,2.0,2206866801.0,
India,2024-05-16,88.0,2.0,,
India,2024-05-17,109.0,6.0,,
India,2024-05-18,94.0,,,
India,2024-05-19,88.0,,,
India,2024-05-20,49.0,,,
India,2024-05-21,68.0,1.0,2206866926.0,
India,2024-05-22,55.0,,2206866947.0,
India,2024-05-23,53.0,,2206866977.0,
India,2024-05-24,66.0,1.0,2206866996.0,
India,2024-05-25,46.0,,2206867018.0,
India,2024-05-26,33.0,,2206867057.0,
India,2024-05-27,37.0,,2206867067.0,
India,2024-05-28,48.0,,2206867087.0,
India,2024-05-29,87.0,1.0,2206867144.0,
India,2024-05-30,62.0,1.0,2206867175.0,
India,2024-05-31,39.0,2.0,2206867190.0,
India,2024-06-01,57.0,1.0,2206867215.0,
India,2024-06-02,32.0,,2206867227.0,
India,2024-06-03,15.0,1.0,2206867239.0,
India,2024-06-04,29.0,,2206867253.0,
India,2024-06-05,26.0,,2206867262.0,
India,2024-06-06,36.0,,2206867286.0,
India,2024-06-07,32.0,,2206867300.0,
India,2024-06-08,26.0,1.0,2206867312.0,
India,2024-06-09,,,2206867324.0,
India,2024-06-10,38.0,,2206867330.0,
India,2024-06-11,,,2206867337.0,
India,2024-06-12,,,2206867349.0,
India,2024-06-13,,,2206867353.0,
India,2024-06-14,,,2206867362.0,
India,2024-06-15,,,2206867396.0,
India,2024-06-16,,,2206867401.0,
India,2024-06-17,210.0,2.0,2206867405.0,
India,2024-06-18,,,2206867416.0,
India,2024-06-19,,,2206867423.0,
India,2024-06-20,,,2206867443.0,
India,2024-06-21,,,2206867451.0,
India,2024-06-22,,,2206867473.0,
India,2024-06-23,,,2206867489.0,
India,2024-06-24,334.0,1.0,2206867497.0,
India,2024-06-25,,,2206867526.0,
India,2024-06-26,,,2206867540.0,
India,2024-06-27,,,2206867556.0,
India,2024-06-28,,,2206867572.0,
India,2024-06-29,,,2206867592.0,
India,2024-06-30,,,2206867624.0,
India,2024-07-01,134.0,,2206867627.0,
India,2024-07-02,,,2206867643.0,
India,2024-07-03,,,2206867654.0,
India,2024-07-04,,,2206867665.0,
India,2024-07-05,,,2206867672.0,
India,2024-07-06,,,2206867683.0,
India,2024-07-07,,,2206867688.0,
India,2024-07-08,,,2206867690.0,
India,2024-07-09,,,2206867702.0,
India,2024-07-10,,,2206867714.0,
India,2024-07-11,,,2206867725.0,
India,2024-07-12,,,2206867736.0,
India,2024-07-13,,,2206867751.0,
India,2024-07-14,,,2206867756.0,
India,2024-07-15,,,,
India,2024-07-16,,,2206867771.0,
India,2024-07-17,,,2206867778.0,
India,2024-07-18,440.0,1.0,2206867786.0,
India,2024-07-19,,,2206867791.0,
India,2024-07-20,,,2206867799.0,
India,2024-07-21,,,2206867803.0,
India,2024-07-22,243.0,,2206867810.0,
India,2024-07-23,,,2206867817.0,
India,2024-07-24,,,2206867830.0,
India,2024-07-25,,,2206867838.0,
India,2024-07-26,,,,
India,2024-07-27,,,,
India,2024-07-28,,,,
India,2024-07-29,313.0,,2206867881.0,
India,2024-07-30,,,2206867892.0,
India,2024-07-31,,,2206867897.0,
India,2024-08-01,,,2206867903.0,
India,2024-08-02,,,2206867916.0,
India,2024-08-03,,,2206867926.0,
India,2024-08-04,,,2206867938.0,
India,2024-08-05,306.0,3.0,2206867945.0,
India,2024-08-06,,,2206867952.0,
India,2024-08-07,,,2206867954.0,
India,2024-08-08,,,2206867964.0,
India,2024-08-09,,,2206867970.0,
India,2024-08-10,,,2206867986.0,
India,2024-08-11,,,2206867993.0,
India,2024-08-12,266.0,3.0,2206868000.0,
India,2024-08-13,,,,
India,2024-08-14,,,,
India,2024-08-15,,,,
India,2024-08-16,,,,
India,2024-08-17,,,,
India,2024-08-18,,,,
India,2024-08-19,200.0,3.0,,
India,2024-08-20,,,,
India,2024-08-21,,,,
India,2024-08-22,,,,
India,2024-08-23,,,,
India,2024-08-24,,,,
India,2024-08-25,,,,
India,2024-08-26,282.0,4.0,,
India,2024-08-27,,,,
India,2024-08-28,,,,
India,2024-08-29,,,,
India,2024-08-30,,,,
India,2024-08-31,,,,
India,2024-09-01,,,,
India,2024-09-02,235.0,,,
India,2024-09-03,,,,
India,2024-09-04,,,,
India,2024-09-05,,,,
India,2024-09-06,,,,
India,2024-09-07,,,,
India,2024-09-08,,,,
India,2024-09-09,190.0,2.0,,
India,2024-09-10,,,,
India,2024-09-11,,,,
India,2024-09-12,,,,
India,2024-09-13,,,,
India,2024-09-14,,,,
India,2024-09-15,,,,
India,2024-09-16,188.0,3.0,,
India,2024-09-17,,,,
India,2024-09-18,,,,
India,2024-09-19,,,,
India,2024-09-20,,,,
India,2024-09-21,,,,
India,2024-09-22,,,,
India,2024-09-23,190.0,5.0,,
India,2024-09-24,,,,
India,2024-09-25,,,,
India,2024-09-26,,,,
India,2024-09-27,,,,
India,2024-09-28,,,,
India,2024-09-29,,,,
India,2024-09-30,187.0,2.0,,
India,2024-10-01,,,,
India,2024-10-02,,,,
India,2024-10-03,,,,
India,2024-10-04,,,,
India,2024-10-05,,,,
India,2024-10-06,,,,
India,2024-10-07,156.0,3.0,,
India,2024-10-08,,,,
India,2024-10-09,,,,
India,2024-10-10,,,,
India,2024-10-11,,,,
India,2024-10-12,,,,
India,2024-10-13,,,,
India,2024-10-14,133.0,1.0,,
India,2024-10-15,,,,
India,2024-10-16,,,,
India,2024-10-17,,,,
India,2024-10-18,,,,
India,2024-10-19,,,,
India,2024-10-20,,,,
India,2024-10-21,115.0,1.0,,
India,2024-10-22,,,,
India,2024-10-23,,,,
India,2024-10-24,,,,
India,2024-10-25,,,,
India,2024-10-26,,,,
India,2024-10-27,,,,
India,2024-10-28,85.0,1.0,,
India,2024-10-29,,,,
India,2024-10-30,,,,
India,2024-10-31,,,,
India,2024-11-01,,,,
India,2024-11-02,,,,
India,2024-11-03,,,,
India,2024-11-04,65.0,1.0,,
India,2024-11-05,,,,
India,2024-11-06,,,,
India,2024-11-07,,,,
India,2024-11-08,,,,
India,2024-11-09,,,,
India,2024-11-10,,,,
India,2024-11-11,62.0,1.0,,
India,2024-11-12,,,,
India,2024-11-13,,,,
India,2024-11-14,,,,
India,2024-11-15,,,,
India,2024-11-16,,,,
India,2024-11-17,,,,
India,2024-11-18,48.0,1.0,,
India,2024-11-19,,,,
India,2024-11-20,,,,
India,2024-11-21,,,,
India,2024-11-22,,,,
India,2024-11-23,,,,
India,2024-11-24,,,,
India,2024-11-25,29.0,1.0,,
India,2024-11-26,,,,
India,2024-11-27,,,,
India,2024-11-28,,,,
India,2024-11-29,,,,
India,2024-11-30,,,,
India,2024-12-01,,,,
India,2024-12-02,36.0,,,
India,2024-12-03,,,,
India,2024-12-04,,,,
India,2024-12-05,,,,
India,2024-12-06,,,,
India,2024-12-07,,,,
India,2024-12-08,,,,
India,2024-12-09,11.0,,,
India,2024-12-10,,,,
India,2024-12-11,,,,
India,2024-12-12,,,,
India,2024-12-13,,,,
India,2024-12-14,,,,
India,2024-12-15,,,,
India,2024-12-16,17.0,3.0,,
India,2024-12-17,,,,
India,2024-12-18,,,,
India,2024-12-19,,,,
India,2024-12-20,,,,
India,2024-12-21,,,,
India,2024-12-22,,,,
India,2024-12-23,,,,
India,2024-12-24,,,,
India,2024-12-25,,,,
India,2024-12-26,,,,
India,2024-12-27,,,,
India,2024-12-28,,,,
India,2024-12-29,,,,
India,2024-12-30,24.0,,,
India,2024-12-31,,,,
Italy,2022-01-01,144255.0,155.0,111473427.0,53.5
Italy,2022-01-02,141352.0,111.0,111812825.0,53.5
Italy,2022-01-03,61041.0,133.0,112440318.0,53.48
Italy,2022-01-04,68034.0,140.0,113128939.0,53.46
Italy,2022-01-05,170837.0,259.0,113795814.0,53.44
Italy,2022-01-06,189088.0,231.0,114136588.0,53.44
Italy,2022-01-07,219430.0,198.0,114824288.0,53.41
Italy,2022-01-08,108297.0,223.0,115465539.0,53.39
Italy,2022-01-09,197535.0,184.0,115886864.0,53.37
Italy,2022-01-10,155642.0,157.0,116555193.0,53.35
Italy,2022-01-11,117405.0,227.0,117280080.0,53.32
Italy,2022-01-12,220519.0,294.0,117993369.0,53.3
Italy,2022-01-13,196205.0,313.0,118701098.0,53.28
Italy,2022-01-14,184577.0,316.0,119408776.0,53.26
Italy,2022-01-15,200869.0,360.0,120109502.0,53.24
Italy,2022-01-16,192936.0,308.0,120543930.0,53.23
Italy,2022-01-17,157465.0,248.0,121142919.0,53.21
Italy,2022-01-18,83387.0,287.0,121773392.0,53.19
Italy,2022-01-19,228123.0,434.0,122384174.0,53.16
Italy,2022-01-20,200966.0,380.0,122987638.0,53.14
Italy,2022-01-21,198865.0,385.0,123574048.0,53.12
Italy,2022-01-22,185600.0,373.0,124140192.0,52.53
Italy,2022-01-23,177335.0,333.0,124488576.0,52.51
Italy,2022-01-24,142487.0,227.0,125019518.0,52.48
Italy,2022-01-25,77666.0,352.0,125571124.0,52.45
Italy,2022-01-26,215051.0,469.0,126102268.0,52.42
Italy,2022-01-27,167166.0,426.0,126620670.0,52.39
Italy,2022-01-28,156040.0,389.0,127153435.0,52.36
Italy,2022-01-29,144347.0,378.0,127682074.0,52.33
Italy,2022-01-30,137427.0,377.0,128002698.0,52.31
Italy,2022-01-31,104110.0,235.0,128454068.0,52.27
Italy,2022-02-01,57631.0,349.0,128879106.0,52.24
Italy,2022-02-02,133306.0,427.0,129267022.0,52.21
Italy,2022-02-03,119323.0,395.0,129627807.0,52.18
Italy,2022-02-04,112956.0,414.0,129995504.0,52.14
Italy,2022-02-05,100900.0,433.0,130361244.0,52.1
Italy,2022-02-06,93192.0,375.0,130552012.0,52.07
Italy,2022-02-07,78943.0,229.0,130836123.0,52.03
Italy,2022-02-08,41602.0,326.0,131109171.0,52.0
Italy,2022-02-09,102429.0,415.0,131352225.0,51.97
Italy,2022-02-10,81669.0,384.0,131590684.0,51.94
Italy,2022-02-11,76195.0,325.0,131832197.0,47.5
Italy,2022-02-12,67478.0,334.0,132075319.0,47.46
Italy,2022-02-13,62221.0,269.0,132194832.0,47.43
Italy,2022-02-14,52345.0,191.0,132367592.0,47.4
Italy,2022-02-15,28776.0,281.0,132551074.0,47.37
Italy,2022-02-16,71023.0,388.0,132712481.0,47.34
Italy,2022-02-17,59869.0,278.0,132861943.0,47.32
Italy,2022-02-18,58055.0,320.0,133030258.0,47.29
Italy,2022-02-19,53700.0,314.0,133192594.0,47.26
Italy,2022-02-20,50675.0,252.0,133268139.0,47.24
Italy,2022-02-21,42202.0,141.0,133401599.0,47.21
Italy,2022-02-22,24484.0,201.0,133528730.0,47.19
Italy,2022-02-23,60137.0,322.0,133647382.0,47.17
Italy,2022-02-24,49162.0,252.0,133763973.0,47.15
Italy,2022-02-25,47493.0,249.0,133894841.0,47.13
Italy,2022-02-26,42069.0,193.0,134028511.0,47.11
Italy,2022-02-27,39360.0,210.0,134089100.0,47.09
Italy,2022-02-28,31878.0,144.0,134204348.0,46.57
Italy,2022-03-01,18278.0,207.0,134289405.0,43.78
Italy,2022-03-02,47136.0,233.0,134369219.0,43.78
Italy,2022-03-03,37946.0,214.0,134455265.0,43.77
Italy,2022-03-04,42588.0,185.0,134548868.0,43.76
Italy,2022-03-05,38353.0,210.0,134637696.0,43.75
Italy,2022-03-06,41364.0,173.0,134667075.0,43.74
Italy,2022-03-07,35889.0,105.0,134741263.0,43.74
Italy,2022-03-08,22662.0,130.0,134812322.0,43.73
Italy,2022-03-09,60753.0,184.0,134878865.0,43.72
Italy,2022-03-10,49815.0,156.0,134951968.0,43.72
Italy,2022-03-11,55156.0,136.0,135031698.0,43.71
Italy,2022-03-12,53961.0,156.0,135109749.0,43.71
Italy,2022-03-13,54669.0,133.0,135133979.0,43.71
Italy,2022-03-14,50079.0,86.0,135196528.0,43.7
Italy,2022-03-15,29698.0,129.0,135260068.0,43.69
Italy,2022-03-16,86414.0,180.0,135316951.0,43.69
Italy,2022-03-17,74147.0,137.0,135377141.0,43.69
Italy,2022-03-18,82368.0,128.0,135441907.0,43.68
Italy,2022-03-19,78577.0,165.0,135502517.0,43.68
Italy,2022-03-20,75768.0,85.0,135517812.0,43.68
Italy,2022-03-21,61564.0,93.0,135570083.0,43.67
Italy,2022-03-22,33445.0,119.0,135620688.0,43.67
Italy,2022-03-23,96904.0,197.0,135665554.0,43.67
Italy,2022-03-24,78358.0,153.0,135717247.0,43.67
Italy,2022-03-25,82648.0,182.0,135773450.0,43.66
Italy,2022-03-26,76397.0,146.0,135826967.0,43.66
Italy,2022-03-27,74616.0,118.0,135839947.0,43.66
Italy,2022-03-28,60612.0,82.0,135884633.0,43.65
Italy,2022-03-29,31560.0,95.0,135926609.0,43.65
Italy,2022-03-30,100296.0,177.0,135965403.0,43.65
Italy,2022-03-31,71411.0,170.0,136007970.0,43.65
Italy,2022-04-01,74364.0,159.0,136039905.0,36.46
Italy,2022-04-02,77040.0,154.0,136069816.0,36.46
Italy,2022-04-03,71412.0,129.0,136075785.0,36.46
Italy,2022-04-04,55009.0,118.0,136103048.0,36.46
Italy,2022-04-05,31329.0,125.0,136132114.0,36.46
Italy,2022-04-06,88914.0,194.0,136160348.0,36.46
Italy,2022-04-07,69885.0,149.0,136189937.0,36.45
Italy,2022-04-08,70123.0,150.0,136223831.0,36.45
Italy,2022-04-09,67641.0,144.0,136254165.0,36.45
Italy,2022-04-10,64421.0,112.0,136260058.0,36.45
Italy,2022-04-11,53920.0,90.0,136288736.0,36.45
Italy,2022-04-12,28705.0,115.0,136316570.0,36.45
Italy,2022-04-13,84056.0,169.0,136345876.0,36.45
Italy,2022-04-14,62586.0,155.0,136382176.0,36.45
Italy,2022-04-15,65617.0,149.0,136414750.0,36.44
Italy,2022-04-16,62290.0,133.0,136433826.0,36.44
Italy,2022-04-17,64533.0,133.0,136434341.0,36.44
Italy,2022-04-18,52253.0,85.0,136436260.0,36.44
Italy,2022-04-19,18588.0,79.0,136478845.0,36.44
Italy,2022-04-20,27326.0,127.0,136524755.0,36.44
Italy,2022-04-21,100440.0,205.0,136570823.0,36.44
Italy,2022-04-22,75995.0,166.0,136620226.0,36.44
Italy,2022-04-23,73744.0,202.0,136658595.0,36.44
Italy,2022-04-24,71028.0,143.0,136665541.0,36.44
Italy,2022-04-25,56848.0,79.0,136669009.0,36.44
Italy,2022-04-26,25282.0,93.0,136719959.0,36.44
Italy,2022-04-27,29984.0,146.0,136770534.0,36.44
Italy,2022-04-28,88431.0,186.0,136818266.0,36.44
Italy,2022-04-29,70034.0,131.0,136867225.0,36.44
Italy,2022-04-30,59395.0,133.0,136904313.0,36.44
Italy,2022-05-01,54017.0,130.0,136906764.0,22.53
Italy,2022-05-02,41591.0,105.0,136942462.0,22.52
Italy,2022-05-03,19068.0,124.0,136986532.0,22.52
Italy,2022-05-04,62409.0,153.0,137032548.0,22.52
Italy,2022-05-05,47643.0,152.0,137078532.0,22.52
Italy,2022-05-06,48715.0,138.0,137123196.0,22.52
Italy,2022-05-07,44364.0,125.0,137153456.0,22.52
Italy,2022-05-08,40783.0,113.0,137159262.0,22.52
Italy,2022-05-09,31225.0,72.0,137194876.0,22.52
Italy,2022-05-10,17421.0,84.0,137237743.0,22.52
Italy,2022-05-11,56199.0,158.0,137285324.0,22.52
Italy,2022-05-12,42683.0,115.0,137331214.0,22.52
Italy,2022-05-13,39483.0,130.0,137374734.0,22.52
Italy,2022-05-14,39029.0,115.0,137405273.0,22.52
Italy,2022-05-15,36334.0,91.0,137411107.0,22.52
Italy,2022-05-16,27726.0,62.0,137442815.0,22.52
Italy,2022-05-17,13776.0,102.0,137479421.0,22.52
Italy,2022-05-18,44901.0,148.0,137522884.0,22.52
Italy,2022-05-19,30927.0,136.0,137564385.0,22.52
Italy,2022-05-20,30722.0,108.0,137602674.0,22.52
Italy,2022-05-21,26818.0,89.0,137629225.0,22.52
Italy,2022-05-22,24246.0,91.0,137633992.0,22.52
Italy,2022-05-23,18289.0,34.0,137662720.0,22.52
Italy,2022-05-24,10021.0,80.0,137697702.0,22.52
Italy,2022-05-25,31860.0,118.0,137735893.0,22.52
Italy,2022-05-26,22999.0,114.0,137773579.0,22.52
Italy,2022-05-27,22636.0,107.0,137808489.0,22.52
Italy,2022-05-28,20051.0,105.0,137831789.0,22.52
Italy,2022-05-29,18622.0,66.0,137836129.0,22.52
Italy,2022-05-30,15136.0,27.0,137861570.0,22.52
Italy,2022-05-31,7846.0,62.0,137891607.0,22.52
Italy,2022-06-01,24687.0,66.0,137916027.0,19.22
Italy,2022-06-02,18822.0,59.0,137917459.0,19.22
Italy,2022-06-03,17718.0,79.0,137936985.0,19.22
Italy,2022-06-04,9692.0,40.0,137949224.0,19.22
Italy,2022-06-05,22809.0,47.0,137950541.0,19.22
Italy,2022-06-06,15522.0,27.0,137968417.0,19.22
Italy,2022-06-07,8616.0,70.0,137990844.0,19.22
Italy,2022-06-08,28547.0,70.0,138014909.0,19.22
Italy,2022-06-09,22925.0,80.0,138039388.0,19.22
Italy,2022-06-10,23534.0,73.0,138062486.0,19.22
Italy,2022-06-11,22012.0,63.0,138077141.0,19.22
Italy,2022-06-12,22458.0,60.0,138078770.0,19.22
Italy,2022-06-13,19310.0,26.0,138093588.0,19.22
Italy,2022-06-14,10668.0,41.0,138114184.0,19.22
Italy,2022-06-15,39844.0,73.0,138135626.0,19.22
Italy,2022-06-16,32809.0,48.0,138155702.0,19.22
Italy,2022-06-17,37068.0,64.0,138175145.0,19.22
Italy,2022-06-18,36170.0,41.0,138188786.0,19.22
Italy,2022-06-19,34971.0,45.0,138189861.0,19.22
Italy,2022-06-20,34255.0,18.0,138205167.0,19.22
Italy,2022-06-21,16905.0,59.0,138224648.0,19.22
Italy,2022-06-22,63264.0,62.0,138245223.0,19.22
Italy,2022-06-23,54873.0,50.0,138265591.0,19.22
Italy,2022-06-24,57432.0,75.0,138285982.0,19.22
Italy,2022-06-25,56410.0,51.0,138301946.0,19.22
Italy,2022-06-26,56873.0,40.0,138303195.0,19.22
Italy,2022-06-27,49325.0,44.0,138320129.0,19.22
Italy,2022-06-28,25019.0,63.0,138341023.0,19.22
Italy,2022-06-29,84161.0,69.0,138362364.0,19.22
Italy,2022-06-30,95455.0,60.0,138385623.0,19.22
Italy,2022-07-01,84234.0,59.0,138403462.0,19.22
Italy,2022-07-02,86900.0,72.0,138415263.0,19.22
Italy,2022-07-03,85943.0,63.0,138416366.0,19.22
Italy,2022-07-04,72917.0,57.0,138433048.0,19.22
Italy,2022-07-05,36885.0,59.0,138455452.0,19.22
Italy,2022-07-06,133015.0,94.0,138479223.0,19.22
Italy,2022-07-07,110017.0,72.0,138505561.0,19.22
Italy,2022-07-08,108386.0,94.0,138532776.0,19.22
Italy,2022-07-09,101863.0,105.0,138551325.0,19.22
Italy,2022-07-10,98901.0,93.0,138553063.0,19.22
Italy,2022-07-11,81563.0,44.0,138579213.0,19.22
Italy,2022-07-12,83761.0,127.0,138616307.0,19.22
Italy,2022-07-13,144058.0,157.0,138666237.0,19.22
Italy,2022-07-14,111591.0,106.0,138726996.0,19.22
Italy,2022-07-15,108632.0,105.0,138797723.0,19.22
Italy,2022-07-16,97936.0,134.0,138842132.0,19.22
Italy,2022-07-17,91384.0,111.0,138847918.0,19.22
Italy,2022-07-18,68996.0,79.0,138916575.0,19.22
Italy,2022-07-19,32051.0,112.0,138995642.0,19.22
Italy,2022-07-20,121103.0,176.0,139079063.0,19.22
Italy,2022-07-21,86801.0,157.0,139166972.0,19.22
Italy,2022-07-22,81535.0,157.0,139248504.0,19.22
Italy,2022-07-23,71667.0,155.0,139297878.0,19.22
Italy,2022-07-24,69174.0,116.0,139305185.0,19.22
Italy,2022-07-25,51875.0,77.0,139369888.0,19.22
Italy,2022-07-26,24117.0,104.0,139439969.0,19.22
Italy,2022-07-27,88651.0,253.0,139515430.0,19.22
Italy,2022-07-28,64400.0,207.0,139595594.0,19.22
Italy,2022-07-29,60826.0,199.0,139665586.0,19.22
Italy,2022-07-30,54417.0,244.0,139709119.0,19.22
Italy,2022-07-31,50297.0,121.0,139715452.0,19.22
Italy,2022-08-01,37252.0,83.0,139765262.0,19.22
Italy,2022-08-02,19520.0,121.0,139821037.0,19.22
Italy,2022-08-03,65099.0,190.0,139875127.0,19.22
Italy,2022-08-04,45956.0,171.0,139931500.0,19.22
Italy,2022-08-05,42959.0,161.0,139979953.0,19.22
Italy,2022-08-06,38215.0,175.0,140004953.0,19.22
Italy,2022-08-07,34997.0,158.0,140009362.0,19.22
Italy,2022-08-08,26656.0,74.0,140041640.0,19.22
Italy,2022-08-09,11975.0,113.0,140078400.0,19.22
Italy,2022-08-10,43078.0,177.0,140112556.0,19.22
Italy,2022-08-11,31699.0,145.0,140145374.0,19.22
Italy,2022-08-12,28423.0,130.0,140170038.0,19.22
Italy,2022-08-13,26689.0,152.0,140179357.0,19.22
Italy,2022-08-14,24785.0,129.0,140180165.0,19.22
Italy,2022-08-15,19455.0,78.0,140180362.0,19.22
Italy,2022-08-16,9893.0,42.0,140198303.0,19.22
Italy,2022-08-17,8941.0,70.0,140219454.0,19.22
Italy,2022-08-18,36261.0,128.0,140245124.0,19.22
Italy,2022-08-19,27291.0,147.0,140265143.0,19.22
Italy,2022-08-20,24689.0,124.0,140274490.0,19.22
Italy,2022-08-21,24392.0,88.0,140275406.0,19.22
Italy,2022-08-22,19470.0,63.0,140292037.0,19.22
Italy,2022-08-23,10417.0,75.0,140313193.0,19.22
Italy,2022-08-24,35357.0,134.0,140333232.0,19.22
Italy,2022-08-25,25388.0,112.0,140355999.0,19.22
Italy,2022-08-26,23435.0,84.0,140376879.0,19.22
Italy,2022-08-27,21995.0,99.0,140386665.0,19.22
Italy,2022-08-28,21802.0,80.0,140387866.0,19.22
Italy,2022-08-29,17647.0,41.0,140406188.0,19.22
Italy,2022-08-30,8347.0,60.0,140428369.0,19.22
Italy,2022-08-31,31087.0,98.0,140450197.0,19.22
Italy,2022-09-01,21814.0,90.0,140470010.0,15.51
Italy,2022-09-02,20498.0,68.0,140486720.0,15.51
Italy,2022-09-03,19158.0,91.0,140495417.0,15.51
Italy,2022-09-04,17660.0,48.0,140496074.0,15.51
Italy,2022-09-05,13196.0,30.0,140510804.0,15.51
Italy,2022-09-06,6608.0,40.0,140527356.0,15.51
Italy,2022-09-07,24848.0,80.0,140543871.0,15.51
Italy,2022-09-08,17570.0,57.0,140560280.0,15.51
Italy,2022-09-09,17317.0,89.0,140575033.0,15.51
Italy,2022-09-10,15542.0,59.0,140581505.0,15.51
Italy,2022-09-11,15563.0,18.0,140581959.0,15.51
Italy,2022-09-12,12315.0,34.0,140593572.0,15.51
Italy,2022-09-13,6411.0,33.0,140608051.0,15.51
Italy,2022-09-14,23158.0,93.0,140624532.0,15.51
Italy,2022-09-15,18849.0,69.0,140642457.0,15.51
Italy,2022-09-16,17973.0,60.0,140660186.0,15.51
Italy,2022-09-17,17362.0,44.0,140668835.0,15.51
Italy,2022-09-18,17150.0,38.0,140669888.0,15.51
Italy,2022-09-19,12081.0,32.0,140684107.0,15.51
Italy,2022-09-20,8257.0,31.0,140701908.0,15.51
Italy,2022-09-21,28385.0,60.0,140720495.0,15.51
Italy,2022-09-22,21188.0,46.0,140740918.0,15.51
Italy,2022-09-23,22523.0,60.0,140760779.0,15.51
Italy,2022-09-24,21083.0,49.0,140771497.0,15.51
Italy,2022-09-25,22360.0,43.0,140772666.0,15.51
Italy,2022-09-26,18794.0,13.0,140791063.0,15.51
Italy,2022-09-27,10006.0,32.0,140814225.0,15.51
Italy,2022-09-28,44875.0,64.0,140840108.0,15.51
Italy,2022-09-29,36795.0,48.0,140868321.0,15.51
Italy,2022-09-30,37521.0,30.0,140896187.0,15.51
Italy,2022-10-01,34475.0,38.0,140910751.0,15.51
Italy,2022-10-02,33068.0,38.0,140912764.0,15.51
Italy,2022-10-03,28906.0,20.0,140937241.0,15.51
Italy,2022-10-04,13316.0,47.0,140968873.0,15.51
Italy,2022-10-05,60272.0,60.0,141007111.0,15.51
Italy,2022-10-06,45223.0,43.0,141053307.0,15.51
Italy,2022-10-07,44849.0,56.0,141103822.0,15.51
Italy,2022-10-08,44665.0,62.0,141130479.0,15.51
Italy,2022-10-09,43716.0,60.0,141134212.0,15.51
Italy,2022-10-10,34443.0,41.0,141177148.0,15.51
Italy,2022-10-11,15089.0,51.0,141232278.0,15.51
Italy,2022-10-12,65917.0,80.0,141289672.0,15.51
Italy,2022-10-13,47754.0,69.0,141354328.0,15.51
Italy,2022-10-14,45705.0,66.0,141418658.0,15.51
Italy,2022-10-15,40576.0,98.0,141451672.0,15.51
Italy,2022-10-16,38968.0,73.0,141456307.0,15.51
Italy,2022-10-17,30238.0,32.0,141504646.0,15.51
Italy,2022-10-18,14030.0,93.0,141567554.0,15.51
Italy,2022-10-19,58357.0,113.0,141633482.0,15.51
Italy,2022-10-20,41703.0,81.0,141705733.0,15.51
Italy,2022-10-21,40560.0,84.0,141771898.0,15.51
Italy,2022-10-22,36114.0,91.0,141807496.0,15.51
Italy,2022-10-23,31775.0,92.0,141812972.0,15.51
Italy,2022-10-24,25553.0,52.0,141862847.0,15.51
Italy,2022-10-25,11605.0,39.0,141924426.0,15.51
Italy,2022-10-26,48713.0,120.0,141991519.0,15.51
Italy,2022-10-27,35036.0,93.0,142061117.0,15.51
Italy,2022-10-28,31758.0,94.0,142125340.0,15.51
Italy,2022-10-29,29037.0,85.0,142158130.0,15.51
Italy,2022-10-30,26799.0,76.0,142163070.0,15.51
Italy,2022-10-31,18500.0,53.0,142199651.0,15.51
Italy,2022-11-01,7968.0,53.0,142203858.0,15.51
Italy,2022-11-02,31419.0,82.0,142250284.0,15.51
Italy,2022-11-03,14106.0,60.0,142308987.0,15.51
Italy,2022-11-04,38995.0,87.0,142366800.0,15.51
Italy,2022-11-05,28421.0,118.0,142397950.0,15.51
Italy,2022-11-06,26580.0,101.0,142401901.0,15.51
Italy,2022-11-07,20666.0,45.0,142442791.0,15.51
Italy,2022-11-08,10241.0,53.0,142495065.0,19.21
Italy,2022-11-09,38905.0,86.0,142547577.0,19.21
Italy,2022-11-10,28172.0,81.0,142604140.0,19.21
Italy,2022-11-11,28196.0,65.0,142657552.0,19.21
Italy,2022-11-12,27233.0,84.0,142686945.0,19.21
Italy,2022-11-13,27768.0,70.0,142691081.0,19.21
Italy,2022-11-14,22801.0,46.0,142728012.0,19.21
Italy,2022-11-15,11313.0,66.0,142774233.0,19.21
Italy,2022-11-16,47334.0,106.0,142823674.0,19.21
Italy,2022-11-17,36187.0,88.0,142873904.0,19.21
Italy,2022-11-18,35710.0,73.0,142924755.0,19.21
Italy,2022-11-19,34830.0,85.0,142950208.0,19.21
Italy,2022-11-20,32838.0,76.0,142954046.0,19.21
Italy,2022-11-21,25955.0,37.0,142988109.0,19.21
Italy,2022-11-22,12671.0,66.0,143027818.0,19.21
Italy,2022-11-23,50281.0,117.0,143072238.0,19.21
Italy,2022-11-24,35640.0,110.0,143118171.0,19.21
Italy,2022-11-25,36907.0,89.0,143164443.0,19.21
Italy,2022-11-26,34596.0,84.0,143191185.0,19.21
Italy,2022-11-27,32408.0,89.0,143195894.0,19.21
Italy,2022-11-28,23956.0,51.0,143231210.0,19.21
Italy,2022-11-29,12266.0,81.0,143274703.0,19.21
Italy,2022-11-30,50620.0,141.0,143322451.0,19.21
Italy,2022-12-01,36977.0,86.0,143367431.0,19.21
Italy,2022-12-02,36597.0,103.0,143413590.0,19.21
Italy,2022-12-03,33849.0,106.0,143439420.0,19.21
Italy,2022-12-04,33527.0,105.0,143442922.0,19.21
Italy,2022-12-05,25414.0,45.0,143480333.0,19.21
Italy,2022-12-06,12547.0,67.0,143525909.0,19.21
Italy,2022-12-07,49463.0,166.0,143565939.0,19.21
Italy,2022-12-08,35365.0,102.0,143567765.0,19.21
Italy,2022-12-09,31159.0,95.0,143604587.0,19.21
Italy,2022-12-10,11106.0,90.0,143624150.0,19.21
Italy,2022-12-11,33379.0,110.0,143626754.0,19.21
Italy,2022-12-12,23241.0,48.0,143659626.0,19.21
Italy,2022-12-13,11654.0,74.0,143698951.0,19.21
Italy,2022-12-14,42457.0,142.0,143740680.0,19.21
Italy,2022-12-15,27870.0,143.0,143783078.0,19.21
Italy,2022-12-16,24923.0,112.0,143824597.0,19.21
Italy,2022-12-17,23074.0,131.0,143845555.0,19.21
Italy,2022-12-18,20968.0,101.0,143848921.0,19.21
Italy,2022-12-19,16266.0,68.0,143876058.0,19.21
Italy,2022-12-20,8545.0,84.0,143906224.0,19.21
Italy,2022-12-21,28475.0,117.0,143933529.0,19.21
Italy,2022-12-22,20680.0,141.0,143955149.0,19.21
Italy,2022-12-23,19564.0,156.0,143968043.0,19.21
Italy,2022-12-24,19132.0,134.0,143969619.0,19.21
Italy,2022-12-25,19765.0,98.0,143969646.0,19.21
Italy,2022-12-26,15974.0,44.0,143970151.0,19.21
Italy,2022-12-27,4528.0,36.0,143986439.0,19.21
Italy,2022-12-28,8322.0,76.0,144005520.0,21.99
Italy,2022-12-29,29761.0,204.0,144026401.0,21.99
Italy,2022-12-30,24617.0,114.0,144045157.0,21.99
Italy,2022-12-31,24733.0,150.0,144048328.0,21.99
Italy,2023-01-01,24393.0,126.0,144048401.0,
Italy,2023-01-02,17240.0,54.0,144061766.0,
Italy,2023-01-03,5430.0,86.0,144084509.0,
Italy,2023-01-04,27102.0,140.0,144108786.0,
Italy,2023-01-05,19205.0,97.0,144129951.0,
Italy,2023-01-06,17874.0,122.0,144130742.0,
Italy,2023-01-07,16494.0,71.0,144139089.0,
Italy,2023-01-08,4967.0,44.0,144140449.0,
Italy,2023-01-09,13425.0,53.0,144157794.0,
Italy,2023-01-10,5620.0,65.0,144180848.0,
Italy,2023-01-11,20616.0,150.0,144204137.0,
Italy,2023-01-12,12120.0,89.0,144228330.0,
Italy,2023-01-13,10818.0,104.0,144251167.0,
Italy,2023-01-14,9082.0,86.0,144263834.0,
Italy,2023-01-15,8064.0,79.0,144264780.0,
Italy,2023-01-16,5814.0,29.0,144279200.0,
Italy,2023-01-17,3038.0,74.0,144296051.0,
Italy,2023-01-18,11219.0,78.0,144313868.0,
Italy,2023-01-19,7618.0,73.0,144332135.0,
Italy,2023-01-20,7053.0,76.0,144349304.0,
Italy,2023-01-21,6703.0,54.0,144357395.0,
Italy,2023-01-22,5745.0,59.0,144357977.0,
Italy,2023-01-23,3720.0,16.0,144367512.0,
Italy,2023-01-24,2499.0,44.0,144380743.0,
Italy,2023-01-25,8061.0,73.0,144393761.0,
Italy,2023-01-26,5900.0,54.0,144406497.0,
Italy,2023-01-27,5531.0,45.0,144418081.0,
Italy,2023-01-28,4974.0,38.0,144423388.0,
Italy,2023-01-29,6037.0,33.0,144423848.0,
Italy,2023-01-30,3443.0,25.0,144430259.0,
Italy,2023-01-31,1827.0,33.0,144439112.0,
Italy,2023-02-01,7297.0,115.0,144446316.0,
Italy,2023-02-02,5243.0,147.0,144453404.0,
Italy,2023-02-03,5556.0,48.0,144460607.0,
Italy,2023-02-04,4675.0,57.0,144464146.0,
Italy,2023-02-05,4710.0,30.0,144464281.0,
Italy,2023-02-06,3487.0,18.0,144469045.0,
Italy,2023-02-07,1800.0,32.0,144475146.0,
Italy,2023-02-08,7120.0,64.0,144481041.0,
Italy,2023-02-09,4706.0,40.0,144486867.0,
Italy,2023-02-10,4403.0,38.0,144492005.0,
Italy,2023-02-11,3961.0,45.0,144494603.0,
Italy,2023-02-12,3809.0,22.0,144494781.0,
Italy,2023-02-13,2835.0,12.0,144498266.0,
Italy,2023-02-14,1579.0,26.0,144502463.0,
Italy,2023-02-15,6733.0,66.0,144506767.0,
Italy,2023-02-16,4833.0,63.0,144511013.0,
Italy,2023-02-17,4597.0,65.0,144514683.0,
Italy,2023-02-18,4374.0,48.0,144516406.0,
Italy,2023-02-19,4195.0,29.0,144516486.0,
Italy,2023-02-20,3077.0,18.0,144519257.0,
Italy,2023-02-21,1613.0,19.0,144522558.0,
Italy,2023-02-22,6798.0,56.0,144526276.0,
Italy,2023-02-23,4661.0,34.0,144529862.0,
Italy,2023-02-24,4720.0,40.0,144533177.0,
Italy,2023-02-25,4414.0,49.0,144534610.0,
Italy,2023-02-26,3894.0,31.0,144534745.0,
Italy,2023-02-27,2839.0,13.0,144537103.0,
Italy,2023-02-28,1494.0,31.0,144540116.0,
Italy,2023-03-01,5892.0,44.0,144542383.0,
Italy,2023-03-02,4628.0,32.0,144544494.0,
Italy,2023-03-03,3497.0,28.0,144546582.0,
Italy,2023-03-04,3521.0,51.0,144547411.0,
Italy,2023-03-05,3262.0,23.0,144547516.0,
Italy,2023-03-06,2316.0,9.0,144548930.0,
Italy,2023-03-07,1419.0,25.0,144550909.0,
Italy,2023-03-08,5684.0,45.0,144552840.0,
Italy,2023-03-09,3932.0,27.0,144554653.0,
Italy,2023-03-10,3829.0,36.0,144556549.0,
Italy,2023-03-11,3597.0,32.0,144557336.0,
Italy,2023-03-12,3372.0,24.0,144557390.0,
Italy,2023-03-13,2511.0,27.0,144558809.0,
Italy,2023-03-14,1378.0,37.0,144560618.0,
Italy,2023-03-15,5470.0,38.0,144562339.0,
Italy,2023-03-16,3921.0,28.0,144564143.0,
Italy,2023-03-17,3483.0,26.0,144565618.0,
Italy,2023-03-18,3285.0,24.0,144566323.0,
Italy,2023-03-19,2993.0,21.0,144566385.0,
Italy,2023-03-20,2163.0,7.0,144567629.0,
Italy,2023-03-21,1178.0,21.0,144569188.0,
Italy,2023-03-22,5182.0,46.0,144570685.0,
Italy,2023-03-23,3859.0,30.0,144571955.0,
Italy,2023-03-24,3577.0,34.0,144573293.0,
Italy,2023-03-25,3347.0,22.0,144573877.0,
Italy,2023-03-26,3359.0,19.0,144573955.0,
Italy,2023-03-27,2068.0,9.0,144574976.0,
Italy,2023-03-28,1229.0,16.0,144576233.0,
Italy,2023-03-29,5015.0,38.0,144577575.0,
Italy,2023-03-30,3595.0,23.0,144578765.0,
Italy,2023-03-31,3256.0,29.0,144579659.0,
Italy,2023-04-01,3002.0,42.0,144579854.0,
Italy,2023-04-02,2834.0,24.0,144579860.0,
Italy,2023-04-03,2136.0,12.0,144580439.0,
Italy,2023-04-04,1219.0,15.0,144581280.0,
Italy,2023-04-05,4710.0,39.0,144581981.0,
Italy,2023-04-06,3295.0,30.0,144582504.0,
Italy,2023-04-07,2877.0,11.0,144582914.0,
Italy,2023-04-08,3000.0,19.0,144583012.0,
Italy,2023-04-09,2670.0,22.0,144583013.0,
Italy,2023-04-10,2194.0,6.0,144583014.0,
Italy,2023-04-11,898.0,6.0,144583598.0,
Italy,2023-04-12,1445.0,22.0,144584355.0,
Italy,2023-04-13,6706.0,26.0,144585019.0,
Italy,2023-04-14,4873.0,28.0,144585668.0,
Italy,2023-04-15,4322.0,36.0,144585930.0,
Italy,2023-04-16,4308.0,13.0,144585946.0,
Italy,2023-04-17,2836.0,4.0,144586553.0,
Italy,2023-04-18,1498.0,18.0,144587467.0,
Italy,2023-04-19,6004.0,28.0,144588202.0,
Italy,2023-04-20,4867.0,70.0,144588936.0,
Italy,2023-04-21,4214.0,22.0,144589530.0,
Italy,2023-04-22,3766.0,21.0,144589726.0,
Italy,2023-04-23,3474.0,24.0,144589735.0,
Italy,2023-04-24,2614.0,16.0,144590034.0,
Italy,2023-04-25,1306.0,19.0,144590036.0,
Italy,2023-04-26,4857.0,25.0,144590650.0,
Italy,2023-04-27,1578.0,25.0,144591265.0,
Italy,2023-04-28,5573.0,26.0,144591958.0,
Italy,2023-04-29,3808.0,21.0,144592105.0,
Italy,2023-04-30,3314.0,27.0,144592112.0,
Italy,2023-05-01,2311.0,10.0,144592119.0,
Italy,2023-05-02,1179.0,8.0,144592517.0,
Italy,2023-05-03,1472.0,21.0,144592913.0,
Italy,2023-05-04,5157.0,48.0,144593398.0,
Italy,2023-05-05,3580.0,31.0,144593877.0,
Italy,2023-05-06,3416.0,32.0,144593973.0,
Italy,2023-05-07,2779.0,32.0,144593978.0,
Italy,2023-05-08,1974.0,14.0,144594344.0,
Italy,2023-05-09,1096.0,23.0,144594766.0,
Italy,2023-05-10,4205.0,32.0,144595230.0,
Italy,2023-05-11,2982.0,19.0,144595742.0,
Italy,2023-05-12,2592.0,24.0,144596047.0,
Italy,2023-05-13,2191.0,21.0,144596142.0,
Italy,2023-05-14,2070.0,21.0,144596153.0,
Italy,2023-05-15,1382.0,16.0,144596578.0,
Italy,2023-05-16,705.0,19.0,144596953.0,
Italy,2023-05-17,2965.0,35.0,144597397.0,
Italy,2023-05-18,2754.0,32.0,144597775.0,
Italy,2023-05-19,2276.0,18.0,144598101.0,
Italy,2023-05-20,2060.0,34.0,144598210.0,
Italy,2023-05-21,2021.0,10.0,144598214.0,
Italy,2023-05-22,1515.0,8.0,144598537.0,
Italy,2023-05-23,869.0,19.0,144598861.0,
Italy,2023-05-24,3490.0,28.0,144599196.0,
Italy,2023-05-25,2608.0,25.0,144599572.0,
Italy,2023-05-26,2414.0,26.0,144599923.0,
Italy,2023-05-27,2194.0,27.0,144600051.0,
Italy,2023-05-28,2046.0,21.0,144600055.0,
Italy,2023-05-29,1482.0,12.0,144600289.0,
Italy,2023-05-30,800.0,6.0,144600637.0,
Italy,2023-05-31,2858.0,24.0,144601007.0,
Italy,2023-06-01,2058.0,17.0,144601217.0,
Italy,2023-06-02,1823.0,18.0,144601225.0,
Italy,2023-06-03,1332.0,24.0,144601273.0,
Italy,2023-06-04,630.0,10.0,144601275.0,
Italy,2023-06-05,1185.0,5.0,144601482.0,
Italy,2023-06-06,732.0,9.0,144601692.0,
Italy,2023-06-07,2399.0,23.0,144601901.0,
Italy,2023-06-08,1496.0,8.0,144602103.0,
Italy,2023-06-09,1377.0,29.0,144602299.0,
Italy,2023-06-10,1178.0,17.0,144602359.0,
Italy,2023-06-11,1134.0,13.0,144602360.0,
Italy,2023-06-12,820.0,9.0,144602548.0,
Italy,2023-06-13,455.0,4.0,144602687.0,
Italy,2023-06-14,1728.0,11.0,144602843.0,
Italy,2023-06-15,1152.0,14.0,144603013.0,
Italy,2023-06-16,993.0,13.0,144603163.0,
Italy,2023-06-17,913.0,15.0,144603252.0,
Italy,2023-06-18,869.0,15.0,,
Italy,2023-06-19,587.0,8.0,144603405.0,
Italy,2023-06-20,297.0,7.0,144603581.0,
Italy,2023-06-21,1416.0,13.0,144603692.0,
Italy,2023-06-22,816.0,12.0,144603837.0,
Italy,2023-06-23,759.0,6.0,144603970.0,
Italy,2023-06-24,731.0,21.0,144604000.0,
Italy,2023-06-25,686.0,17.0,144604003.0,
Italy,2023-06-26,528.0,6.0,144604105.0,
Italy,2023-06-27,381.0,10.0,144604249.0,
Italy,2023-06-28,1002.0,19.0,144604403.0,
Italy,2023-06-29,689.0,9.0,144604567.0,
Italy,2023-06-30,683.0,4.0,144604658.0,
Italy,2023-07-01,585.0,9.0,144604668.0,
Italy,2023-07-02,562.0,10.0,,
Italy,2023-07-03,391.0,1.0,144604721.0,
Italy,2023-07-04,195.0,5.0,144604782.0,
Italy,2023-07-05,810.0,7.0,144604841.0,
Italy,2023-07-06,610.0,2.0,144604870.0,
Italy,2023-07-07,575.0,4.0,144604904.0,
Italy,2023-07-08,469.0,3.0,144604924.0,
Italy,2023-07-09,486.0,7.0,,
Italy,2023-07-10,402.0,2.0,144604956.0,
Italy,2023-07-11,198.0,1.0,144605014.0,
Italy,2023-07-12,802.0,13.0,144605096.0,
Italy,2023-07-13,514.0,2.0,144605192.0,
Italy,2023-07-14,551.0,8.0,144605246.0,
Italy,2023-07-15,508.0,13.0,144605257.0,
Italy,2023-07-16,430.0,4.0,,
Italy,2023-07-17,317.0,2.0,144605290.0,
Italy,2023-07-18,200.0,6.0,144605353.0,
Italy,2023-07-19,842.0,12.0,144605410.0,
Italy,2023-07-20,538.0,7.0,144605454.0,
Italy,2023-07-21,567.0,1.0,144605506.0,
Italy,2023-07-22,545.0,9.0,144605521.0,
Italy,2023-07-23,563.0,6.0,,
Italy,2023-07-24,373.0,1.0,144605569.0,
Italy,2023-07-25,231.0,1.0,144605632.0,
Italy,2023-07-26,1010.0,4.0,144605676.0,
Italy,2023-07-27,717.0,1.0,144605725.0,
Italy,2023-07-28,689.0,3.0,144605764.0,
Italy,2023-07-29,706.0,5.0,144605784.0,
Italy,2023-07-30,655.0,2.0,,
Italy,2023-07-31,553.0,1.0,144605814.0,
Italy,2023-08-01,276.0,2.0,144605878.0,
Italy,2023-08-02,1395.0,9.0,144605891.0,
Italy,2023-08-03,1095.0,13.0,144605919.0,
Italy,2023-08-04,1092.0,9.0,144605952.0,
Italy,2023-08-05,983.0,10.0,144605958.0,
Italy,2023-08-06,958.0,5.0,,
Italy,2023-08-07,524.0,2.0,144606004.0,
Italy,2023-08-08,421.0,11.0,144606040.0,
Italy,2023-08-09,1269.0,23.0,144606079.0,
Italy,2023-08-10,941.0,7.0,144606125.0,
Italy,2023-08-11,959.0,7.0,144606163.0,
Italy,2023-08-12,955.0,17.0,144606165.0,
Italy,2023-08-13,1002.0,9.0,,
Italy,2023-08-14,689.0,3.0,144606170.0,
Italy,2023-08-15,475.0,9.0,144606171.0,
Italy,2023-08-16,1421.0,6.0,144606189.0,
Italy,2023-08-17,388.0,5.0,144606223.0,
Italy,2023-08-18,1694.0,8.0,144606252.0,
Italy,2023-08-19,1433.0,5.0,144606253.0,
Italy,2023-08-20,1591.0,2.0,,
Italy,2023-08-21,1256.0,4.0,144606275.0,
Italy,2023-08-22,635.0,3.0,144606321.0,
Italy,2023-08-23,2793.0,11.0,144606364.0,
Italy,2023-08-24,2200.0,11.0,144606391.0,
Italy,2023-08-25,1938.0,8.0,144606453.0,
Italy,2023-08-26,2158.0,14.0,144606471.0,
Italy,2023-08-27,1968.0,4.0,,
Italy,2023-08-28,1485.0,10.0,144606523.0,
Italy,2023-08-29,867.0,6.0,144606554.0,
Italy,2023-08-30,3744.0,13.0,144606624.0,
Italy,2023-08-31,2703.0,10.0,144606652.0,
Italy,2023-09-01,2847.0,16.0,144606670.0,
Italy,2023-09-02,2709.0,16.0,144606676.0,
Italy,2023-09-03,2758.0,10.0,,
Italy,2023-09-04,2124.0,6.0,144606696.0,
Italy,2023-09-05,1203.0,13.0,144606751.0,
Italy,2023-09-06,5546.0,12.0,144606792.0,
Italy,2023-09-07,4122.0,21.0,144606825.0,
Italy,2023-09-08,3974.0,21.0,144606881.0,
Italy,2023-09-09,3926.0,10.0,144606891.0,
Italy,2023-09-10,3835.0,6.0,,
Italy,2023-09-11,3066.0,8.0,144606915.0,
Italy,2023-09-12,1548.0,14.0,144606975.0,
Italy,2023-09-13,8510.0,18.0,144607070.0,
Italy,2023-09-14,5918.0,22.0,144607152.0,
Italy,2023-09-15,5574.0,14.0,144607243.0,
Italy,2023-09-16,5083.0,20.0,144607260.0,
Italy,2023-09-17,5028.0,13.0,144607261.0,
Italy,2023-09-18,3625.0,5.0,144607313.0,
Italy,2023-09-19,1758.0,18.0,144607369.0,
Italy,2023-09-20,8707.0,27.0,144607440.0,
Italy,2023-09-21,6306.0,20.0,144607520.0,
Italy,2023-09-22,6078.0,32.0,144607551.0,
Italy,2023-09-23,5633.0,20.0,144607559.0,
Italy,2023-09-24,5417.0,12.0,144607559.0,
Italy,2023-09-25,4473.0,6.0,144607604.0,
Italy,2023-09-26,1875.0,8.0,144607645.0,
Italy,2023-09-27,8834.0,20.0,144607727.0,
Italy,2023-09-28,6465.0,31.0,144607786.0,
Italy,2023-09-29,6656.0,17.0,144607826.0,
Italy,2023-09-30,6594.0,26.0,144607832.0,
Italy,2023-10-01,4905.0,22.0,,
Italy,2023-10-02,5304.0,11.0,144607845.0,
Italy,2023-10-03,1971.0,22.0,144607850.0,
Italy,2023-10-04,11363.0,25.0,144607862.0,
Italy,2023-10-05,7354.0,14.0,144607866.0,
Italy,2023-10-06,6965.0,28.0,144607875.0,
Italy,2023-10-07,6575.0,26.0,144607876.0,
Italy,2023-10-08,6116.0,28.0,,
Italy,2023-10-09,3977.0,6.0,144607880.0,
Italy,2023-10-10,1793.0,20.0,144607888.0,
Italy,2023-10-11,9320.0,28.0,144607903.0,
Italy,2023-10-12,6874.0,25.0,144607945.0,
Italy,2023-10-13,6208.0,26.0,144607948.0,
Italy,2023-10-14,5148.0,36.0,,
Italy,2023-10-15,4851.0,23.0,,
Italy,2023-10-16,3153.0,15.0,144607964.0,
Italy,2023-10-17,2324.0,28.0,144607971.0,
Italy,2023-10-18,7577.0,44.0,144607988.0,
Italy,2023-10-19,4580.0,25.0,144608018.0,
Italy,2023-10-20,4286.0,44.0,144608029.0,
Italy,2023-10-21,4049.0,29.0,144608059.0,
Italy,2023-10-22,3964.0,29.0,144608061.0,
Italy,2023-10-23,2638.0,14.0,144608077.0,
Italy,2023-10-24,1342.0,24.0,144608100.0,
Italy,2023-10-25,7075.0,24.0,144608153.0,
Italy,2023-10-26,4570.0,32.0,144608183.0,
Italy,2023-10-27,4444.0,30.0,144608250.0,
Italy,2023-10-28,4188.0,26.0,144608257.0,
Italy,2023-10-29,4183.0,17.0,,
Italy,2023-10-30,24847.0,131.0,144608288.0,
Italy,2023-10-31,,,144608324.0,
Italy,2023-11-01,,,144608324.0,
Italy,2023-11-02,,,144608350.0,
Italy,2023-11-03,,,144608391.0,
Italy,2023-11-04,,,144608446.0,
Italy,2023-11-05,,,144608447.0,
Italy,2023-11-06,31250.0,195.0,144608466.0,
Italy,2023-11-07,,,144608495.0,
Italy,2023-11-08,,,144608550.0,
Italy,2023-11-09,,,144608605.0,
Italy,2023-11-10,,,144608663.0,
Italy,2023-11-11,,,144608697.0,
Italy,2023-11-12,,,144608699.0,
Italy,2023-11-13,42476.0,246.0,144608728.0,
Italy,2023-11-14,,,144608768.0,
Italy,2023-11-15,,,144608813.0,
Italy,2023-11-16,,,144608839.0,
Italy,2023-11-17,,,,
Italy,2023-11-18,,,,
Italy,2023-11-19,,,,
Italy,2023-11-20,49716.0,256.0,,
Italy,2023-11-21,,,,
Italy,2023-11-22,,,,
Italy,2023-11-23,,,,
Italy,2023-11-24,,,,
Italy,2023-11-25,,,,
Italy,2023-11-26,,,,
Italy,2023-11-27,56696.0,318.0,,
Italy,2023-11-28,,,,
Italy,2023-11-29,,,,
Italy,2023-11-30,,,,
Italy,2023-12-01,,,,
Italy,2023-12-02,,,,
Italy,2023-12-03,,,,
Italy,2023-12-04,54349.0,357.0,,
Italy,2023-12-05,,,,
Italy,2023-12-06,,,,
Italy,2023-12-07,,,,
Italy,2023-12-08,,,,
Italy,2023-12-09,,,,
Italy,2023-12-10,,,,
Italy,2023-12-11,66376.0,382.0,,
Italy,2023-12-12,,,,
Italy,2023-12-13,,,,
Italy,2023-12-14,,,,
Italy,2023-12-15,,,,
Italy,2023-12-16,,,,
Italy,2023-12-17,,,,
Italy,2023-12-18,58152.0,351.0,,
Italy,2023-12-19,,,,
Italy,2023-12-20,,,,
Italy,2023-12-21,,,,
Italy,2023-12-22,,,,
Italy,2023-12-23,,,150321543.0,
Italy,2023-12-24,,,,
Italy,2023-12-25,35547.0,332.0,,
Italy,2023-12-26,,,,
Italy,2023-12-27,,,,
Italy,2023-12-28,,,,
Italy,2023-12-29,,,,
Italy,2023-12-30,,,,
Italy,2023-12-31,,,,
Italy,2024-01-01,21704.0,327.0,,
Italy,2024-01-02,,,,
Italy,2024-01-03,,,,
Italy,2024-01-04,,,,
Italy,2024-01-05,,,,
Italy,2024-01-06,,,,
Italy,2024-01-07,,,,
Italy,2024-01-08,12630.0,234.0,,
Italy,2024-01-09,,,,
Italy,2024-01-10,,,,
Italy,2024-01-11,,,,
Italy,2024-01-12,,,,
Italy,2024-01-13,,,,
Italy,2024-01-14,,,,
Italy,2024-01-15,6719.0,165.0,,
Italy,2024-01-16,,,,
Italy,2024-01-17,,,,
Italy,2024-01-18,,,,
Italy,2024-01-19,,,,
Italy,2024-01-20,,,,
Italy,2024-01-21,,,,
Italy,2024-01-22,4227.0,131.0,,
Italy,2024-01-23,,,,
Italy,2024-01-24,,,,
Italy,2024-01-25,,,,
Italy,2024-01-26,,,,
Italy,2024-01-27,,,,
Italy,2024-01-28,,,,
Italy,2024-01-29,3181.0,85.0,,
Italy,2024-01-30,,,,
Italy,2024-01-31,,,,
Italy,2024-02-01,,,,
Italy,2024-02-02,,,,
Italy,2024-02-03,,,,
Italy,2024-02-04,,,,
Italy,2024-02-05,2470.0,61.0,,
Italy,2024-02-06,,,,
Italy,2024-02-07,,,,
Italy,2024-02-08,,,,
Italy,2024-02-09,,,,
Italy,2024-02-10,,,,
Italy,2024-02-11,,,,
Italy,2024-02-12,1738.0,60.0,,
Italy,2024-02-13,,,,
Italy,2024-02-14,,,,
Italy,2024-02-15,,,,
Italy,2024-02-16,,,,
Italy,2024-02-17,,,,
Italy,2024-02-18,,,,
Italy,2024-02-19,1259.0,47.0,,
Italy,2024-02-20,,,,
Italy,2024-02-21,,,,
Italy,2024-02-22,,,,
Italy,2024-02-23,,,,
Italy,2024-02-24,,,,
Italy,2024-02-25,,,,
Italy,2024-02-26,946.0,20.0,,
Italy,2024-02-27,,,,
Italy,2024-02-28,,,,
Italy,2024-02-29,,,,
Italy,2024-03-01,,,,
Italy,2024-03-02,,,,
Italy,2024-03-03,,,,
Italy,2024-03-04,764.0,23.0,,
Italy,2024-03-05,,,,
Italy,2024-03-06,,,,
Italy,2024-03-07,,,,
Italy,2024-03-08,,,,
Italy,2024-03-09,,,,
Italy,2024-03-10,,,,
Italy,2024-03-11,697.0,15.0,,
Italy,2024-03-12,,,,
Italy,2024-03-13,,,,
Italy,2024-03-14,,,,
Italy,2024-03-15,,,,
Italy,2024-03-16,,,,
Italy,2024-03-17,,,,
Italy,2024-03-18,621.0,18.0,,
Italy,2024-03-19,,,,
Italy,2024-03-20,,,,
Italy,2024-03-21,,,,
Italy,2024-03-22,,,,
Italy,2024-03-23,,,,
Italy,2024-03-24,,,,
Italy,2024-03-25,523.0,13.0,,
Italy,2024-03-26,,,,
Italy,2024-03-27,,,,
Italy,2024-03-28,,,,
Italy,2024-03-29,,,,
Italy,2024-03-30,,,,
Italy,2024-03-31,,,,
Italy,2024-04-01,569.0,7.0,,
Italy,2024-04-02,,,,
Italy,2024-04-03,,,,
Italy,2024-04-04,,,,
Italy,2024-04-05,,,,
Italy,2024-04-06,,,,
Italy,2024-04-07,,,,
Italy,2024-04-08,521.0,11.0,,
Italy,2024-04-09,,,,
Italy,2024-04-10,,,,
Italy,2024-04-11,,,,
Italy,2024-04-12,,,,
Italy,2024-04-13,,,,
Italy,2024-04-14,,,,
Italy,2024-04-15,537.0,13.0,,
Italy,2024-04-16,,,,
Italy,2024-04-17,,,,
Italy,2024-04-18,,,,
Italy,2024-04-19,,,,
Italy,2024-04-20,,,,
Italy,2024-04-21,,,,
Italy,2024-04-22,572.0,9.0,,
Italy,2024-04-23,,,,
Italy,2024-04-24,,,,
Italy,2024-04-25,,,,
Italy,2024-04-26,,,,
Italy,2024-04-27,,,,
Italy,2024-04-28,,,,
Italy,2024-04-29,666.0,9.0,,
Italy,2024-04-30,,,,
Italy,2024-05-01,,,,
Italy,2024-05-02,,,,
Italy,2024-05-03,,,,
Italy,2024-05-04,,,,
Italy,2024-05-05,,,,
Italy,2024-05-06,774.0,12.0,,
Italy,2024-05-07,,,,
Italy,2024-05-08,,,,
Italy,2024-05-09,,,,
Italy,2024-05-10,,,,
Italy,2024-05-11,,,,
Italy,2024-05-12,,,,
Italy,2024-05-13,832.0,7.0,,
Italy,2024-05-14,,,,
Italy,2024-05-15,,,,
Italy,2024-05-16,,,,
Italy,2024-05-17,,,,
Italy,2024-05-18,,,,
Italy,2024-05-19,,,,
Italy,2024-05-20,951.0,8.0,,
Italy,2024-05-21,,,,
Italy,2024-05-22,,,,
Italy,2024-05-23,,,,
Italy,2024-05-24,,,,
Italy,2024-05-25,,,,
Italy,2024-05-26,,,,
Italy,2024-05-27,1268.0,11.0,,
Italy,2024-05-28,,,,
Italy,2024-05-29,,,,
Italy,2024-05-30,,,,
Italy,2024-05-31,,,,
Italy,2024-06-01,,,,
Italy,2024-06-02,,,,
Italy,2024-06-03,1587.0,15.0,,
Italy,2024-06-04,,,,
Italy,2024-06-05,,,,
Italy,2024-06-06,,,,
Italy,2024-06-07,,,,
Italy,2024-06-08,,,,
Italy,2024-06-09,,,,
Italy,2024-06-10,1961.0,8.0,,
Italy,2024-06-11,,,,
Italy,2024-06-12,,,,
Italy,2024-06-13,,,,
Italy,2024-06-14,,,,
Italy,2024-06-15,,,,
Italy,2024-06-16,,,,
Italy,2024-06-17,2485.0,24.0,,
Italy,2024-06-18,,,,
Italy,2024-06-19,,,,
Italy,2024-06-20,,,,
Italy,2024-06-21,,,,
Italy,2024-06-22,,,,
Italy,2024-06-23,,,,
Italy,2024-06-24,3301.0,19.0,,
Italy,2024-06-25,,,,
Italy,2024-06-26,,,,
Italy,2024-06-27,,,,
Italy,2024-06-28,,,,
Italy,2024-06-29,,,,
Italy,2024-06-30,,,,
Italy,2024-07-01,4722.0,34.0,,
Italy,2024-07-02,,,,
Italy,2024-07-03,,,,
Italy,2024-07-04,,,,
Italy,2024-07-05,,,,
Italy,2024-07-06,,,,
Italy,2024-07-07,,,,
Italy,2024-07-08,8018.0,39.0,,
Italy,2024-07-09,,,,
Italy,2024-07-10,,,,
Italy,2024-07-11,,,,
Italy,2024-07-12,,,,
Italy,2024-07-13,,,,
Italy,2024-07-14,,,,
Italy,2024-07-15,11770.0,55.0,,
Italy,2024-07-16,,,,
Italy,2024-07-17,,,,
Italy,2024-07-18,,,,
Italy,2024-07-19,,,,
Italy,2024-07-20,,,,
Italy,2024-07-21,,,,
Italy,2024-07-22,16567.0,66.0,,
Italy,2024-07-23,,,,
Italy,2024-07-24,,,,
Italy,2024-07-25,,,,
Italy,2024-07-26,,,,
Italy,2024-07-27,,,,
Italy,2024-07-28,,,,
Italy,2024-07-29,17724.0,73.0,,
Italy,2024-07-30,,,,
Italy,2024-07-31,,,,
Italy,2024-08-01,,,,
Italy,2024-08-02,,,,
Italy,2024-08-03,,,,
Italy,2024-08-04,,,,
Italy,2024-08-05,17114.0,98.0,,
Italy,2024-08-06,,,,
Italy,2024-08-07,,,,
Italy,2024-08-08,,,,
Italy,2024-08-09,,,,
Italy,2024-08-10,,,,
Italy,2024-08-11,,,,
Italy,2024-08-12,13248.0,89.0,,
Italy,2024-08-13,,,,
Italy,2024-08-14,,,,
Italy,2024-08-15,,,,
Italy,2024-08-16,,,,
Italy,2024-08-17,,,,
Italy,2024-08-18,,,,
Italy,2024-08-19,14900.0,121.0,,
Italy,2024-08-20,,,,
Italy,2024-08-21,,,,
Italy,2024-08-22,,,,
Italy,2024-08-23,,,,
Italy,2024-08-24,,,,
Italy,2024-08-25,,,,
Italy,2024-08-26,13673.0,87.0,,
Italy,2024-08-27,,,,
Italy,2024-08-28,,,,
Italy,2024-08-29,,,,
Italy,2024-08-30,,,,
Italy,2024-08-31,,,,
Italy,2024-09-01,,,,
Italy,2024-09-02,10827.0,87.0,,
Italy,2024-09-03,,,,
Italy,2024-09-04,,,,
Italy,2024-09-05,,,,
Italy,2024-09-06,,,,
Italy,2024-09-07,,,,
Italy,2024-09-08,,,,
Italy,2024-09-09,8528.0,52.0,,
Italy,2024-09-10,,,,
Italy,2024-09-11,,,,
Italy,2024-09-12,,,,
Italy,2024-09-13,,,,
Italy,2024-09-14,,,,
Italy,2024-09-15,,,,
Italy,2024-09-16,9641.0,82.0,,
Italy,2024-09-17,,,,
Italy,2024-09-18,,,,
Italy,2024-09-19,,,,
Italy,2024-09-20,,,,
Italy,2024-09-21,,,,
Italy,2024-09-22,,,,
Italy,2024-09-23,13038.0,75.0,,
Italy,2024-09-24,,,,
Italy,2024-09-25,,,,
Italy,2024-09-26,,,,
Italy,2024-09-27,,,,
Italy,2024-09-28,,,,
Italy,2024-09-29,,,,
Italy,2024-09-30,12569.0,85.0,,
Italy,2024-10-01,,,,
Italy,2024-10-02,,,,
Italy,2024-10-03,,,,
Italy,2024-10-04,,,,
Italy,2024-10-05,,,,
Italy,2024-10-06,,,,
Italy,2024-10-07,11735.0,113.0,,
Italy,2024-10-08,,,,
Italy,2024-10-09,,,,
Italy,2024-10-10,,,,
Italy,2024-10-11,,,,
Italy,2024-10-12,,,,
Italy,2024-10-13,,,,
Italy,2024-10-14,9702.0,118.0,,
Italy,2024-10-15,,,,
Italy,2024-10-16,,,,
Italy,2024-10-17,,,,
Italy,2024-10-18,,,,
Italy,2024-10-19,,,,
Italy,2024-10-20,,,,
Italy,2024-10-21,6681.0,103.0,,
Italy,2024-10-22,,,,
Italy,2024-10-23,,,,
Italy,2024-10-24,,,,
Italy,2024-10-25,,,,
Italy,2024-10-26,,,,
Italy,2024-10-27,,,,
Italy,2024-10-28,4121.0,103.0,,
Italy,2024-10-29,,,,
Italy,2024-10-30,,,,
Italy,2024-10-31,,,,
Italy,2024-11-01,,,,
Italy,2024-11-02,,,,
Italy,2024-11-03,,,,
Italy,2024-11-04,3146.0,68.0,,
Italy,2024-11-05,,,,
Italy,2024-11-06,,,,
Italy,2024-11-07,,,,
Italy,2024-11-08,,,,
Italy,2024-11-09,,,,
Italy,2024-11-10,,,,
Italy,2024-11-11,2439.0,52.0,,
Italy,2024-11-12,,,,
Italy,2024-11-13,,,,
Italy,2024-11-14,,,,
Italy,2024-11-15,,,,
Italy,2024-11-16,,,,
Italy,2024-11-17,,,,
Italy,2024-11-18,2270.0,47.0,,
Italy,2024-11-19,,,,
Italy,2024-11-20,,,,
Italy,2024-11-21,,,,
Italy,2024-11-22,,,,
Italy,2024-11-23,,,,
Italy,2024-11-24,,,,
Italy,2024-11-25,2180.0,49.0,,
Italy,2024-11-26,,,,
Italy,2024-11-27,,,,
Italy,2024-11-28,,,,
Italy,2024-11-29,,,,
Italy,2024-11-30,,,,
Italy,2024-12-01,,,,
Italy,2024-12-02,1980.0,36.0,,
Italy,2024-12-03,,,,
Italy,2024-12-04,,,,
Italy,2024-12-05,,,,
Italy,2024-12-06,,,,
Italy,2024-12-07,,,,
Italy,2024-12-08,,,,
Italy,2024-12-09,1895.0,29.0,,
Italy,2024-12-10,,,,
Italy,2024-12-11,,,,
Italy,2024-12-12,,,,
Italy,2024-12-13,,,,
Italy,2024-12-14,,,,
Italy,2024-12-15,,,,
Italy,2024-12-16,1852.0,39.0,,
Italy,2024-12-17,,,,
Italy,2024-12-18,,,,
Italy,2024-12-19,,,,
Italy,2024-12-20,,,,
Italy,2024-12-21,,,,
Italy,2024-12-22,,,,
Italy,2024-12-23,1644.0,39.0,,
Italy,2024-12-24,,,,
Italy,2024-12-25,,,,
Italy,2024-12-26,,,,
Italy,2024-12-27,,,,
Italy,2024-12-28,,,,
Italy,2024-12-29,,,,
Italy,2024-12-30,1711.0,34.0,,
Italy,2024-12-31,,,,
Japan,2022-01-01,504.0,0.0,201971819.0,47.22
Japan,2022-01-02,516.0,2.0,201972748.0,47.22
Japan,2022-01-03,783.0,1.0,201973926.0,47.22
Japan,2022-01-04,1256.0,1.0,201995289.0,47.22
Japan,2022-01-05,2506.0,1.0,202041791.0,47.22
Japan,2022-01-06,4194.0,0.0,202101232.0,47.22
Japan,2022-01-07,5983.0,2.0,202251245.0,47.22
Japan,2022-01-08,7930.0,2.0,202439469.0,47.22
Japan,2022-01-09,8144.0,1.0,202480542.0,47.22
Japan,2022-01-10,6394.0,2.0,202489684.0,47.22
Japan,2022-01-11,6829.0,2.0,202607606.0,47.22
Japan,2022-01-12,12243.0,5.0,202759143.0,47.22
Japan,2022-01-13,17940.0,2.0,202909573.0,47.22
Japan,2022-01-14,21241.0,11.0,203186006.0,47.22
Japan,2022-01-15,22707.0,6.0,203426196.0,47.22
Japan,2022-01-16,26881.0,2.0,203485253.0,47.22
Japan,2022-01-17,23351.0,1.0,203668664.0,47.22
Japan,2022-01-18,29862.0,10.0,203901102.0,47.22
Japan,2022-01-19,39841.0,13.0,204156275.0,47.22
Japan,2022-01-20,44638.0,12.0,204409889.0,47.22
Japan,2022-01-21,49531.0,9.0,204806165.0,47.22
Japan,2022-01-22,54180.0,12.0,205127581.0,47.22
Japan,2022-01-23,48411.0,16.0,205228062.0,47.22
Japan,2022-01-24,47176.0,17.0,205509065.0,47.22
Japan,2022-01-25,60933.0,36.0,205838744.0,47.22
Japan,2022-01-26,69736.0,40.0,206188140.0,47.22
Japan,2022-01-27,73945.0,43.0,206529145.0,47.22
Japan,2022-01-28,80994.0,44.0,207014690.0,47.22
Japan,2022-01-29,82159.0,43.0,207437144.0,47.22
Japan,2022-01-30,85042.0,35.0,207627512.0,47.22
Japan,2022-01-31,61190.0,28.0,207982584.0,47.22
Japan,2022-02-01,80222.0,79.0,208652029.0,47.22
Japan,2022-02-02,93388.0,78.0,209301410.0,47.22
Japan,2022-02-03,103038.0,90.0,209958655.0,47.22
Japan,2022-02-04,99299.0,92.0,210781895.0,47.22
Japan,2022-02-05,100949.0,126.0,211565058.0,47.22
Japan,2022-02-06,92865.0,67.0,212076855.0,47.22
Japan,2022-02-07,71708.0,122.0,212889569.0,47.22
Japan,2022-02-08,95945.0,141.0,213799613.0,47.22
Japan,2022-02-09,97946.0,155.0,214695157.0,47.22
Japan,2022-02-10,100097.0,175.0,215615198.0,47.22
Japan,2022-02-11,98173.0,142.0,216008883.0,47.22
Japan,2022-02-12,67506.0,143.0,216950863.0,47.22
Japan,2022-02-13,80234.0,157.0,217587570.0,47.22
Japan,2022-02-14,63581.0,135.0,218487445.0,47.22
Japan,2022-02-15,79896.0,207.0,219488639.0,47.22
Japan,2022-02-16,90522.0,253.0,220454530.0,47.22
Japan,2022-02-17,95603.0,244.0,221411048.0,47.22
Japan,2022-02-18,92939.0,235.0,222537365.0,47.22
Japan,2022-02-19,77153.0,203.0,223639855.0,47.22
Japan,2022-02-20,72861.0,185.0,224396297.0,47.22
Japan,2022-02-21,55903.0,179.0,225346096.0,47.22
Japan,2022-02-22,66373.0,272.0,226423324.0,47.22
Japan,2022-02-23,77810.0,257.0,226865009.0,47.22
Japan,2022-02-24,65657.0,226.0,227841954.0,47.22
Japan,2022-02-25,65196.0,256.0,229007542.0,47.22
Japan,2022-02-26,69661.0,259.0,230202609.0,47.22
Japan,2022-02-27,69267.0,0.0,231026327.0,47.22
Japan,2022-02-28,51272.0,363.0,231952516.0,47.22
Japan,2022-03-01,61843.0,227.0,232946232.0,47.22
Japan,2022-03-02,71570.0,232.0,233906360.0,47.22
Japan,2022-03-03,70958.0,257.0,234864388.0,47.22
Japan,2022-03-04,64333.0,255.0,236056882.0,47.22
Japan,2022-03-05,63520.0,185.0,237284084.0,47.22
Japan,2022-03-06,55417.0,146.0,238093359.0,47.22
Japan,2022-03-07,40575.0,114.0,238996122.0,47.22
Japan,2022-03-08,49416.0,232.0,239936125.0,47.22
Japan,2022-03-09,62747.0,205.0,240830797.0,47.22
Japan,2022-03-10,62825.0,211.0,241712698.0,47.22
Japan,2022-03-11,55970.0,163.0,242869634.0,47.22
Japan,2022-03-12,55328.0,169.0,244072128.0,47.22
Japan,2022-03-13,52002.0,125.0,244805789.0,47.22
Japan,2022-03-14,35846.0,108.0,245625624.0,47.22
Japan,2022-03-15,45649.0,180.0,246487609.0,47.22
Japan,2022-03-16,57922.0,158.0,247310019.0,47.22
Japan,2022-03-17,55147.0,164.0,248106439.0,47.22
Japan,2022-03-18,49246.0,155.0,249219410.0,47.22
Japan,2022-03-19,45733.0,126.0,250413179.0,47.22
Japan,2022-03-20,42151.0,0.0,251108949.0,47.22
Japan,2022-03-21,27701.0,131.0,251313454.0,45.37
Japan,2022-03-22,21420.0,70.0,252079669.0,45.37
Japan,2022-03-23,36605.0,110.0,252802861.0,45.37
Japan,2022-03-24,49063.0,129.0,253513207.0,45.37
Japan,2022-03-25,48228.0,116.0,254544025.0,45.37
Japan,2022-03-26,47047.0,98.0,255628662.0,45.37
Japan,2022-03-27,43565.0,68.0,256212933.0,45.37
Japan,2022-03-28,32916.0,64.0,256881902.0,45.37
Japan,2022-03-29,41473.0,82.0,257543704.0,45.37
Japan,2022-03-30,52765.0,97.0,258134679.0,45.37
Japan,2022-03-31,48047.0,87.0,258633834.0,45.37
Japan,2022-04-01,53544.0,103.0,259284418.0,45.37
Japan,2022-04-02,47377.0,48.0,260055727.0,45.37
Japan,2022-04-03,48245.0,38.0,260413405.0,45.37
Japan,2022-04-04,33834.0,41.0,260867094.0,45.37
Japan,2022-04-05,42315.0,60.0,261334640.0,45.37
Japan,2022-04-06,54142.0,69.0,261767641.0,45.37
Japan,2022-04-07,55044.0,72.0,262200619.0,45.37
Japan,2022-04-08,52104.0,62.0,262954145.0,45.37
Japan,2022-04-09,52162.0,56.0,263819004.0,45.37
Japan,2022-04-10,47876.0,38.0,264207558.0,45.37
Japan,2022-04-11,33136.0,37.0,264621713.0,45.37
Japan,2022-04-12,51331.0,44.0,265046208.0,45.37
Japan,2022-04-13,56704.0,60.0,265449000.0,45.37
Japan,2022-04-14,0.0,0.0,265850188.0,45.37
Japan,2022-04-15,106609.0,59.0,266625946.0,45.37
Japan,2022-04-16,47009.0,108.0,267501463.0,45.37
Japan,2022-04-17,39899.0,31.0,267890858.0,45.37
Japan,2022-04-18,28282.0,26.0,268277030.0,45.37
Japan,2022-04-19,37631.0,53.0,268670040.0,45.37
Japan,2022-04-20,47460.0,49.0,269049854.0,45.37
Japan,2022-04-21,47409.0,50.0,269433473.0,45.37
Japan,2022-04-22,42808.0,56.0,270191531.0,45.37
Japan,2022-04-23,43721.0,27.0,271087358.0,45.37
Japan,2022-04-24,38450.0,24.0,271465156.0,45.37
Japan,2022-04-25,28495.0,36.0,271836923.0,45.37
Japan,2022-04-26,37258.0,58.0,272205473.0,45.37
Japan,2022-04-27,45771.0,65.0,272563386.0,45.37
Japan,2022-04-28,42313.0,39.0,273052202.0,45.37
Japan,2022-04-29,37477.0,42.0,273318825.0,45.37
Japan,2022-04-30,25182.0,19.0,273925876.0,45.37
Japan,2022-05-01,25425.0,34.0,274105909.0,45.37
Japan,2022-05-02,23197.0,30.0,274363088.0,45.37
Japan,2022-05-03,27062.0,52.0,274440854.0,45.37
Japan,2022-05-04,26720.0,25.0,274493188.0,45.37
Japan,2022-05-05,21368.0,18.0,274527021.0,45.37
Japan,2022-05-06,23615.0,35.0,274889933.0,45.37
Japan,2022-05-07,34696.0,24.0,275345670.0,45.37
Japan,2022-05-08,40942.0,28.0,275498330.0,45.37
Japan,2022-05-09,33664.0,30.0,275726990.0,45.37
Japan,2022-05-10,39041.0,51.0,275966405.0,45.37
Japan,2022-05-11,45740.0,41.0,276193293.0,45.37
Japan,2022-05-12,42378.0,39.0,276416362.0,45.37
Japan,2022-05-13,38439.0,31.0,276916913.0,45.37
Japan,2022-05-14,39416.0,34.0,277509711.0,45.37
Japan,2022-05-15,34845.0,22.0,277710319.0,45.37
Japan,2022-05-16,26334.0,28.0,277914653.0,45.37
Japan,2022-05-17,33734.0,33.0,278115170.0,45.37
Japan,2022-05-18,41527.0,53.0,278306452.0,45.37
Japan,2022-05-19,38812.0,36.0,278494868.0,45.37
Japan,2022-05-20,39001.0,44.0,278908538.0,45.37
Japan,2022-05-21,34957.0,37.0,279400540.0,45.37
Japan,2022-05-22,31262.0,15.0,279542416.0,45.37
Japan,2022-05-23,22916.0,30.0,279698776.0,45.37
Japan,2022-05-24,29522.0,32.0,279846433.0,43.08
Japan,2022-05-25,34869.0,49.0,279989320.0,43.08
Japan,2022-05-26,31542.0,40.0,280136512.0,43.08
Japan,2022-05-27,28335.0,39.0,280495553.0,43.08
Japan,2022-05-28,24919.0,39.0,280931253.0,43.08
Japan,2022-05-29,20828.0,22.0,281063606.0,43.08
Japan,2022-05-30,18686.0,24.0,281192311.0,43.08
Japan,2022-05-31,19982.0,36.0,281316725.0,43.08
Japan,2022-06-01,22513.0,59.0,281406082.0,43.08
Japan,2022-06-02,20961.0,35.0,281494159.0,43.08
Japan,2022-06-03,19271.0,23.0,281738094.0,43.08
Japan,2022-06-04,0.0,17.0,282034141.0,43.08
Japan,2022-06-05,32757.0,21.0,282104699.0,43.08
Japan,2022-06-06,11351.0,24.0,282194474.0,43.08
Japan,2022-06-07,15519.0,21.0,282283005.0,43.08
Japan,2022-06-08,18275.0,26.0,282365833.0,43.08
Japan,2022-06-09,17201.0,22.0,282446498.0,43.08
Japan,2022-06-10,15790.0,13.0,282669391.0,37.53
Japan,2022-06-11,14684.0,12.0,282936853.0,37.53
Japan,2022-06-12,13128.0,19.0,283000424.0,37.53
Japan,2022-06-13,10204.0,25.0,283081487.0,37.53
Japan,2022-06-14,14030.0,28.0,283162529.0,37.53
Japan,2022-06-15,16555.0,17.0,283240462.0,37.52
Japan,2022-06-16,15802.0,23.0,283316103.0,37.52
Japan,2022-06-17,8905.0,20.0,283527446.0,37.52
Japan,2022-06-18,12867.0,9.0,283767556.0,37.52
Japan,2022-06-19,19638.0,13.0,283825289.0,37.52
Japan,2022-06-20,10207.0,12.0,283912502.0,37.52
Japan,2022-06-21,13998.0,20.0,284005310.0,37.52
Japan,2022-06-22,17160.0,14.0,284099597.0,37.52
Japan,2022-06-23,16782.0,16.0,284192159.0,37.52
Japan,2022-06-24,16064.0,9.0,284423585.0,37.52
Japan,2022-06-25,15671.0,10.0,284689531.0,37.52
Japan,2022-06-26,13771.0,13.0,284756733.0,37.52
Japan,2022-06-27,11988.0,107.0,284881863.0,37.52
Japan,2022-06-28,17709.0,0.0,285020221.0,37.52
Japan,2022-06-29,0.0,35.0,285153197.0,37.52
Japan,2022-06-30,46437.0,16.0,285281251.0,37.52
Japan,2022-07-01,23125.0,11.0,285568471.0,37.52
Japan,2022-07-02,23327.0,0.0,285851025.0,37.52
Japan,2022-07-03,0.0,24.0,285939503.0,37.52
Japan,2022-07-04,22154.0,16.0,286202476.0,37.52
Japan,2022-07-05,20774.0,15.0,286481530.0,37.52
Japan,2022-07-06,32906.0,14.0,286751687.0,37.52
Japan,2022-07-07,44845.0,31.0,287041128.0,37.52
Japan,2022-07-08,47786.0,8.0,287527842.0,37.52
Japan,2022-07-09,49557.0,10.0,287990500.0,37.52
Japan,2022-07-10,51738.0,19.0,288152069.0,37.52
Japan,2022-07-11,50918.0,20.0,288559898.0,37.52
Japan,2022-07-12,46033.0,29.0,289009728.0,37.52
Japan,2022-07-13,68191.0,34.0,289441419.0,37.52
Japan,2022-07-14,92507.0,0.0,289877797.0,37.52
Japan,2022-07-15,97339.0,52.0,290541804.0,37.52
Japan,2022-07-16,99291.0,14.0,291223109.0,37.52
Japan,2022-07-17,104832.0,16.0,291534125.0,37.52
Japan,2022-07-18,103602.0,33.0,291637139.0,37.52
Japan,2022-07-19,79633.0,54.0,292217059.0,37.52
Japan,2022-07-20,81362.0,38.0,292810715.0,37.52
Japan,2022-07-21,135239.0,64.0,293380009.0,37.52
Japan,2022-07-22,180826.0,53.0,294196490.0,37.52
Japan,2022-07-23,196297.0,33.0,295027052.0,37.52
Japan,2022-07-24,192109.0,55.0,295467112.0,37.52
Japan,2022-07-25,172673.0,108.0,296090222.0,37.52
Japan,2022-07-26,154011.0,122.0,296773967.0,37.52
Japan,2022-07-27,180226.0,116.0,297426252.0,37.52
Japan,2022-07-28,207236.0,130.0,298074952.0,37.52
Japan,2022-07-29,230055.0,91.0,298962838.0,37.52
Japan,2022-07-30,221938.0,78.0,299865122.0,37.52
Japan,2022-07-31,212960.0,109.0,300315136.0,37.52
Japan,2022-08-01,196812.0,125.0,300898005.0,37.52
Japan,2022-08-02,167678.0,157.0,301556356.0,37.52
Japan,2022-08-03,195801.0,183.0,302199970.0,37.52
Japan,2022-08-04,231597.0,189.0,302828627.0,37.52
Japan,2022-08-05,253392.0,161.0,303737639.0,37.52
Japan,2022-08-06,236809.0,154.0,304643137.0,37.52
Japan,2022-08-07,214879.0,162.0,305067332.0,37.52
Japan,2022-08-08,198563.0,250.0,305700844.0,37.52
Japan,2022-08-09,172998.0,248.0,306387331.0,37.52
Japan,2022-08-10,196732.0,214.0,307089757.0,37.52
Japan,2022-08-11,227828.0,464.0,307297688.0,37.52
Japan,2022-08-12,240205.0,155.0,307882789.0,37.52
Japan,2022-08-13,192364.0,0.0,308200618.0,37.52
Japan,2022-08-14,166611.0,215.0,308344875.0,37.52
Japan,2022-08-15,169972.0,284.0,308553938.0,37.52
Japan,2022-08-16,159781.0,300.0,308955030.0,37.52
Japan,2022-08-17,178286.0,279.0,309479360.0,37.52
Japan,2022-08-18,208483.0,283.0,310039754.0,37.52
Japan,2022-08-19,261252.0,263.0,310876684.0,37.52
Japan,2022-08-20,255810.0,228.0,311690723.0,37.52
Japan,2022-08-21,242790.0,269.0,312076201.0,37.52
Japan,2022-08-22,217875.0,317.0,312628404.0,37.52
Japan,2022-08-23,185497.0,293.0,313230074.0,37.52
Japan,2022-08-24,194223.0,310.0,313794074.0,37.52
Japan,2022-08-25,237410.0,325.0,314331263.0,37.52
Japan,2022-08-26,227139.0,248.0,315141187.0,37.52
Japan,2022-08-27,196628.0,235.0,315890645.0,37.51
Japan,2022-08-28,0.0,248.0,316219357.0,37.51
Japan,2022-08-29,326090.0,311.0,316704147.0,37.51
Japan,2022-08-30,125907.0,316.0,317234611.0,37.51
Japan,2022-08-31,139582.0,318.0,317700754.0,37.51
Japan,2022-09-01,167340.0,347.0,318051472.0,37.51
Japan,2022-09-02,153313.0,284.0,318618300.0,37.51
Japan,2022-09-03,135425.0,225.0,319124495.0,37.51
Japan,2022-09-04,117130.0,239.0,319295449.0,37.51
Japan,2022-09-05,105010.0,282.0,319619628.0,37.51
Japan,2022-09-06,84295.0,265.0,319959873.0,37.51
Japan,2022-09-07,100729.0,261.0,320284775.0,37.04
Japan,2022-09-08,126487.0,212.0,320572708.0,37.04
Japan,2022-09-09,120660.0,197.0,321055124.0,37.04
Japan,2022-09-10,0.0,127.0,321490477.0,37.04
Japan,2022-09-11,0.0,157.0,321616059.0,37.04
Japan,2022-09-12,274599.0,191.0,321880216.0,37.04
Japan,2022-09-13,64694.0,192.0,322161679.0,37.04
Japan,2022-09-14,78701.0,170.0,322413022.0,37.04
Japan,2022-09-15,99546.0,186.0,322635324.0,37.04
Japan,2022-09-16,88379.0,139.0,323020232.0,37.04
Japan,2022-09-17,0.0,82.0,323357345.0,37.04
Japan,2022-09-18,0.0,73.0,323433220.0,37.04
Japan,2022-09-19,211155.0,124.0,323450755.0,37.04
Japan,2022-09-20,41330.0,120.0,323652216.0,37.04
Japan,2022-09-21,58510.0,106.0,323848202.0,37.04
Japan,2022-09-22,41478.0,85.0,324053631.0,37.04
Japan,2022-09-23,78058.0,69.0,324121530.0,37.04
Japan,2022-09-24,64053.0,44.0,324373927.0,37.04
Japan,2022-09-25,40918.0,88.0,324462783.0,37.04
Japan,2022-09-26,43730.0,0.0,324636491.0,31.48
Japan,2022-09-27,50781.0,88.0,324822750.0,31.48
Japan,2022-09-28,0.0,127.0,325005534.0,31.48
Japan,2022-09-29,68718.0,111.0,325174800.0,31.48
Japan,2022-09-30,42173.0,105.0,325473375.0,31.48
Japan,2022-10-01,72064.0,71.0,325673927.0,31.48
Japan,2022-10-02,29492.0,53.0,325739979.0,31.48
Japan,2022-10-03,0.0,65.0,325858307.0,31.48
Japan,2022-10-04,15167.0,74.0,325988694.0,31.48
Japan,2022-10-05,39723.0,91.0,326112630.0,31.48
Japan,2022-10-06,41193.0,156.0,326233704.0,31.48
Japan,2022-10-07,33440.0,57.0,326490040.0,31.48
Japan,2022-10-08,56228.0,0.0,326802759.0,31.48
Japan,2022-10-09,22796.0,50.0,326919856.0,31.48
Japan,2022-10-10,0.0,104.0,326951984.0,31.48
Japan,2022-10-11,25676.0,78.0,327128848.0,31.48
Japan,2022-10-12,45505.0,63.0,327302851.0,31.48
Japan,2022-10-13,45690.0,67.0,327469391.0,31.48
Japan,2022-10-14,36605.0,47.0,327808721.0,31.48
Japan,2022-10-15,35138.0,20.0,328217117.0,31.48
Japan,2022-10-16,29662.0,0.0,328376663.0,31.48
Japan,2022-10-17,15372.0,124.0,328587850.0,31.48
Japan,2022-10-18,42006.0,71.0,328810372.0,31.48
Japan,2022-10-19,43555.0,67.0,329026053.0,31.48
Japan,2022-10-20,36110.0,78.0,329233806.0,31.48
Japan,2022-10-21,31593.0,44.0,329646128.0,31.48
Japan,2022-10-22,34173.0,35.0,330168171.0,31.48
Japan,2022-10-23,30873.0,38.0,330373681.0,31.48
Japan,2022-10-24,16852.0,0.0,330606535.0,31.48
Japan,2022-10-25,47703.0,138.0,330859174.0,31.48
Japan,2022-10-26,50294.0,51.0,331112368.0,31.48
Japan,2022-10-27,42737.0,58.0,331368121.0,31.48
Japan,2022-10-28,39314.0,42.0,331856935.0,31.48
Japan,2022-10-29,44463.0,23.0,332456256.0,31.48
Japan,2022-10-30,40611.0,52.0,332716989.0,31.48
Japan,2022-10-31,22341.0,70.0,333003925.0,31.48
Japan,2022-11-01,65280.0,69.0,333357001.0,31.48
Japan,2022-11-02,71968.0,59.0,333783467.0,31.48
Japan,2022-11-03,67473.0,72.0,333981615.0,31.48
Japan,2022-11-04,34064.0,46.0,334592961.0,31.48
Japan,2022-11-05,74170.0,42.0,335314381.0,31.48
Japan,2022-11-06,66397.0,70.0,335669596.0,31.48
Japan,2022-11-07,31622.0,97.0,336111813.0,31.48
Japan,2022-11-08,83684.0,100.0,336607501.0,31.48
Japan,2022-11-09,0.0,0.0,337108288.0,31.48
Japan,2022-11-10,87410.0,176.0,337617072.0,31.48
Japan,2022-11-11,78577.0,67.0,338411299.0,31.48
Japan,2022-11-12,153579.0,48.0,339311860.0,31.48
Japan,2022-11-13,68894.0,88.0,339797104.0,31.48
Japan,2022-11-14,37555.0,111.0,340358947.0,31.48
Japan,2022-11-15,102829.0,133.0,340985180.0,31.48
Japan,2022-11-16,107702.0,0.0,341617473.0,31.48
Japan,2022-11-17,93005.0,200.0,342237202.0,31.48
Japan,2022-11-18,0.0,122.0,343162838.0,31.48
Japan,2022-11-19,174262.0,57.0,344147118.0,31.48
Japan,2022-11-20,77722.0,144.0,344696768.0,31.48
Japan,2022-11-21,42424.0,160.0,345341432.0,31.48
Japan,2022-11-22,121236.0,130.0,346159656.0,31.48
Japan,2022-11-23,133361.0,0.0,346496904.0,31.48
Japan,2022-11-24,60108.0,264.0,347192118.0,31.48
Japan,2022-11-25,0.0,245.0,348200664.0,31.48
Japan,2022-11-26,243167.0,0.0,349249480.0,31.48
Japan,2022-11-27,98476.0,153.0,349831348.0,31.48
Japan,2022-11-28,49117.0,210.0,350526297.0,31.48
Japan,2022-11-29,135096.0,182.0,351299806.0,31.48
Japan,2022-11-30,138396.0,187.0,352044212.0,31.48
Japan,2022-12-01,118201.0,180.0,352753428.0,31.48
Japan,2022-12-02,109928.0,151.0,353782821.0,31.48
Japan,2022-12-03,109591.0,117.0,354823816.0,31.48
Japan,2022-12-04,89566.0,147.0,355367373.0,31.48
Japan,2022-12-05,47621.0,211.0,356078469.0,31.48
Japan,2022-12-06,137277.0,243.0,356875853.0,31.48
Japan,2022-12-07,149383.0,228.0,357649615.0,31.48
Japan,2022-12-08,133065.0,222.0,358393777.0,31.48
Japan,2022-12-09,127090.0,190.0,359494614.0,31.48
Japan,2022-12-10,135761.0,127.0,360564648.0,31.48
Japan,2022-12-11,119174.0,214.0,361110242.0,31.48
Japan,2022-12-12,62336.0,244.0,361832884.0,31.48
Japan,2022-12-13,176994.0,277.0,362630565.0,31.48
Japan,2022-12-14,190607.0,259.0,363393135.0,31.48
Japan,2022-12-15,168491.0,264.0,364118106.0,31.48
Japan,2022-12-16,153602.0,232.0,365198726.0,31.48
Japan,2022-12-17,158383.0,180.0,366242526.0,31.48
Japan,2022-12-18,136237.0,231.0,366765907.0,31.48
Japan,2022-12-19,70921.0,296.0,367431600.0,31.48
Japan,2022-12-20,187070.0,339.0,368168362.0,31.48
Japan,2022-12-21,206943.0,315.0,368860848.0,33.33
Japan,2022-12-22,184375.0,339.0,369512074.0,33.33
Japan,2022-12-23,173336.0,306.0,370390826.0,33.33
Japan,2022-12-24,177622.0,0.0,371159278.0,33.33
Japan,2022-12-25,149665.0,488.0,371501132.0,33.33
Japan,2022-12-26,0.0,415.0,372049523.0,33.33
Japan,2022-12-27,281599.0,0.0,372585960.0,33.33
Japan,2022-12-28,216219.0,420.0,372967980.0,33.33
Japan,2022-12-29,0.0,326.0,373121941.0,33.33
Japan,2022-12-30,192063.0,292.0,373160718.0,33.33
Japan,2022-12-31,148784.0,247.0,373165262.0,33.33
Japan,2023-01-01,107465.0,208.0,373165799.0,
Japan,2023-01-02,86924.0,273.0,373168887.0,
Japan,2023-01-03,76264.0,168.0,373172405.0,
Japan,2023-01-04,91904.0,334.0,373272887.0,
Japan,2023-01-05,104304.0,0.0,373444046.0,
Japan,2023-01-06,226904.0,0.0,373799715.0,
Japan,2023-01-07,245542.0,0.0,374188338.0,
Japan,2023-01-08,238654.0,0.0,374309428.0,
Japan,2023-01-09,190538.0,0.0,374340133.0,
Japan,2023-01-10,95308.0,0.0,374646517.0,
Japan,2023-01-11,78982.0,0.0,374966726.0,
Japan,2023-01-12,198873.0,0.0,375261665.0,
Japan,2023-01-13,185472.0,0.0,375749999.0,
Japan,2023-01-14,144077.0,0.0,376222966.0,
Japan,2023-01-15,132071.0,0.0,376356480.0,
Japan,2023-01-16,108281.0,0.0,376641524.0,
Japan,2023-01-17,54378.0,0.0,376942731.0,
Japan,2023-01-18,126799.0,0.0,377212997.0,
Japan,2023-01-19,125108.0,0.0,377450528.0,
Japan,2023-01-20,96392.0,0.0,377861477.0,
Japan,2023-01-21,82614.0,0.0,378244087.0,
Japan,2023-01-22,78954.0,0.0,378345745.0,
Japan,2023-01-23,64450.0,0.0,378556827.0,
Japan,2023-01-24,32571.0,0.0,378773724.0,
Japan,2023-01-25,93801.0,0.0,378956989.0,
Japan,2023-01-26,79354.0,0.0,379140114.0,
Japan,2023-01-27,59885.0,0.0,379467860.0,
Japan,2023-01-28,53911.0,0.0,379785800.0,
Japan,2023-01-29,54782.0,0.0,379866215.0,
Japan,2023-01-30,44729.0,0.0,380019134.0,
Japan,2023-01-31,21426.0,0.0,380179620.0,
Japan,2023-02-01,47118.0,9903.0,380284084.0,
Japan,2023-02-02,55537.0,397.0,380375919.0,
Japan,2023-02-03,45299.0,237.0,380553796.0,
Japan,2023-02-04,39924.0,256.0,380743259.0,
Japan,2023-02-05,38581.0,188.0,380778068.0,
Japan,2023-02-06,32459.0,124.0,380865887.0,
Japan,2023-02-07,15612.0,161.0,380962766.0,
Japan,2023-02-08,44755.0,200.0,381046772.0,
Japan,2023-02-09,41584.0,223.0,381124393.0,
Japan,2023-02-10,32969.0,192.0,381288338.0,
Japan,2023-02-11,28615.0,181.0,381341413.0,
Japan,2023-02-12,27371.0,137.0,381367577.0,
Japan,2023-02-13,13740.0,93.0,381435216.0,
Japan,2023-02-14,9423.0,135.0,381508511.0,
Japan,2023-02-15,32070.0,213.0,381573123.0,
Japan,2023-02-16,28772.0,172.0,381634345.0,
Japan,2023-02-17,21347.0,141.0,381755481.0,
Japan,2023-02-18,18606.0,130.0,381899484.0,
Japan,2023-02-19,17124.0,107.0,381921807.0,
Japan,2023-02-20,14239.0,51.0,381975793.0,
Japan,2023-02-21,7020.0,72.0,382037371.0,
Japan,2023-02-22,19410.0,114.0,382104490.0,
Japan,2023-02-23,18654.0,128.0,382115182.0,
Japan,2023-02-24,15193.0,83.0,382217374.0,
Japan,2023-02-25,6512.0,72.0,382327778.0,
Japan,2023-02-26,14846.0,62.0,382346744.0,
Japan,2023-02-27,12399.0,52.0,382388933.0,
Japan,2023-02-28,5598.0,67.0,382434720.0,
Japan,2023-03-01,14524.0,99.0,382462819.0,
Japan,2023-03-02,13950.0,87.0,382490505.0,
Japan,2023-03-03,11506.0,67.0,382550266.0,
Japan,2023-03-04,10522.0,81.0,382618059.0,
Japan,2023-03-05,10431.0,50.0,382630148.0,
Japan,2023-03-06,8731.0,34.0,382656740.0,
Japan,2023-03-07,4415.0,35.0,382689491.0,
Japan,2023-03-08,12014.0,69.0,382718095.0,
Japan,2023-03-09,11805.0,80.0,382744600.0,
Japan,2023-03-10,9834.0,49.0,382804351.0,
Japan,2023-03-11,9113.0,118.0,382867460.0,
Japan,2023-03-12,9100.0,43.0,382877921.0,
Japan,2023-03-13,7013.0,27.0,382903705.0,
Japan,2023-03-14,3444.0,47.0,382932844.0,
Japan,2023-03-15,10011.0,61.0,382957786.0,
Japan,2023-03-16,9552.0,0.0,382979680.0,
Japan,2023-03-17,0.0,105.0,383029281.0,
Japan,2023-03-18,14770.0,38.0,383084297.0,
Japan,2023-03-19,7066.0,34.0,383093670.0,
Japan,2023-03-20,5938.0,22.0,383119930.0,
Japan,2023-03-21,2605.0,29.0,383123377.0,
Japan,2023-03-22,8683.0,30.0,383144481.0,
Japan,2023-03-23,4460.0,40.0,383166164.0,
Japan,2023-03-24,8485.0,49.0,383214338.0,
Japan,2023-03-25,8639.0,44.0,383271561.0,
Japan,2023-03-26,8286.0,22.0,383284874.0,
Japan,2023-03-27,6324.0,17.0,383307521.0,
Japan,2023-03-28,2887.0,27.0,383336017.0,
Japan,2023-03-29,8445.0,34.0,383359890.0,
Japan,2023-03-30,8327.0,0.0,383380902.0,
Japan,2023-03-31,0.0,83.0,383419107.0,
Japan,2023-04-01,0.0,31.0,383436594.0,
Japan,2023-04-02,21415.0,14.0,383439074.0,
Japan,2023-04-03,6290.0,28.0,383446901.0,
Japan,2023-04-04,3215.0,-14.0,383456515.0,
Japan,2023-04-05,9616.0,0.0,383465127.0,
Japan,2023-04-06,9500.0,62.0,383471970.0,
Japan,2023-04-07,8562.0,31.0,383489676.0,
Japan,2023-04-08,8338.0,21.0,383513079.0,
Japan,2023-04-09,8468.0,15.0,383516079.0,
Japan,2023-04-10,7079.0,14.0,383522638.0,
Japan,2023-04-11,3508.0,0.0,383530139.0,
Japan,2023-04-12,9940.0,54.0,383536970.0,
Japan,2023-04-13,10176.0,18.0,383543306.0,
Japan,2023-04-14,9128.0,16.0,383560226.0,
Japan,2023-04-15,8420.0,22.0,383584211.0,
Japan,2023-04-16,8596.0,15.0,383587760.0,
Japan,2023-04-17,7028.0,9.0,383594078.0,
Japan,2023-04-18,3499.0,20.0,383601545.0,
Japan,2023-04-19,11612.0,22.0,383608438.0,
Japan,2023-04-20,12094.0,28.0,383615361.0,
Japan,2023-04-21,10543.0,24.0,383633028.0,
Japan,2023-04-22,10074.0,18.0,383660753.0,
Japan,2023-04-23,10660.0,20.0,383664623.0,
Japan,2023-04-24,8694.0,13.0,383671834.0,
Japan,2023-04-25,4095.0,18.0,383679987.0,
Japan,2023-04-26,12551.0,36.0,383687783.0,
Japan,2023-04-27,13233.0,24.0,383694973.0,
Japan,2023-04-28,11764.0,34.0,383714597.0,
Japan,2023-04-29,11428.0,27.0,383721256.0,
Japan,2023-04-30,13047.0,14.0,383724199.0,
Japan,2023-05-01,6722.0,8.0,383729556.0,
Japan,2023-05-02,5026.0,19.0,383735450.0,
Japan,2023-05-03,17218.0,27.0,383736203.0,
Japan,2023-05-04,16631.0,18.0,383736895.0,
Japan,2023-05-05,7343.0,19.0,383738020.0,
Japan,2023-05-06,5807.0,12.0,383746133.0,
Japan,2023-05-07,6229.0,9.0,383747738.0,
Japan,2023-05-08,14436.0,15.0,,
Japan,2023-05-09,9310.0,0.0,,
Japan,2023-05-10,0.0,0.0,,
Japan,2023-05-11,0.0,25.0,,
Japan,2023-05-12,833.0,0.0,,
Japan,2023-05-13,0.0,0.0,,
Japan,2023-05-14,0.0,0.0,,
Japan,2023-05-15,0.0,0.0,,
Japan,2023-05-16,0.0,0.0,,
Japan,2023-05-17,0.0,0.0,,
Japan,2023-05-18,0.0,0.0,,
Japan,2023-05-19,0.0,0.0,,
Japan,2023-05-20,0.0,0.0,,
Japan,2023-05-21,0.0,0.0,,
Japan,2023-05-22,0.0,0.0,,
Japan,2023-05-23,0.0,0.0,,
Japan,2023-05-24,0.0,0.0,,
Japan,2023-05-25,0.0,0.0,,
Japan,2023-05-26,0.0,0.0,,
Japan,2023-05-27,0.0,0.0,,
Japan,2023-05-28,0.0,0.0,,
Japan,2023-05-29,0.0,0.0,,
Japan,2023-05-30,0.0,0.0,,
Japan,2023-05-31,0.0,0.0,,
Japan,2023-06-01,0.0,0.0,,
Japan,2023-06-02,0.0,0.0,,
Japan,2023-06-03,0.0,0.0,,
Japan,2023-06-04,0.0,0.0,,
Japan,2023-06-05,0.0,0.0,,
Japan,2023-06-06,0.0,0.0,,
Japan,2023-06-07,0.0,0.0,,
Japan,2023-06-08,0.0,0.0,,
Japan,2023-06-09,0.0,0.0,,
Japan,2023-06-10,0.0,0.0,,
Japan,2023-06-11,0.0,0.0,,
Japan,2023-06-12,0.0,0.0,,
Japan,2023-06-13,0.0,0.0,,
Japan,2023-06-14,0.0,0.0,,
Japan,2023-06-15,0.0,0.0,,
Japan,2023-06-16,0.0,0.0,,
Japan,2023-06-17,0.0,0.0,,
Japan,2023-06-18,0.0,0.0,,
Japan,2023-06-19,0.0,0.0,,
Japan,2023-06-20,0.0,0.0,,
Japan,2023-06-21,0.0,0.0,,
Japan,2023-06-22,0.0,0.0,,
Japan,2023-06-23,0.0,0.0,,
Japan,2023-06-24,0.0,0.0,,
Japan,2023-06-25,0.0,0.0,,
Japan,2023-06-26,0.0,0.0,,
Japan,2023-06-27,0.0,0.0,,
Japan,2023-06-28,0.0,0.0,,
Japan,2023-06-29,0.0,0.0,,
Japan,2023-06-30,0.0,0.0,,
Japan,2023-07-01,0.0,0.0,,
Japan,2023-07-02,0.0,0.0,,
Japan,2023-07-03,0.0,0.0,,
Japan,2023-07-04,0.0,0.0,,
Japan,2023-07-05,0.0,0.0,,
Japan,2023-07-06,0.0,0.0,,
Japan,2023-07-07,0.0,0.0,,
Japan,2023-07-08,0.0,0.0,,
Japan,2023-07-09,0.0,0.0,,
Japan,2023-07-10,0.0,0.0,,
Japan,2023-07-11,0.0,0.0,,
Japan,2023-07-12,0.0,0.0,,
Japan,2023-07-13,0.0,0.0,,
Japan,2023-07-14,0.0,0.0,,
Japan,2023-07-15,0.0,0.0,,
Japan,2023-07-16,0.0,0.0,,
Japan,2023-07-17,0.0,0.0,,
Japan,2023-07-18,0.0,0.0,,
Japan,2023-07-19,0.0,0.0,,
Japan,2023-07-20,0.0,0.0,,
Japan,2023-07-21,0.0,0.0,,
Japan,2023-07-22,0.0,0.0,,
Japan,2023-07-23,0.0,0.0,,
Japan,2023-07-24,0.0,0.0,,
Japan,2023-07-25,0.0,0.0,,
Japan,2023-07-26,0.0,0.0,,
Japan,2023-07-27,0.0,0.0,,
Japan,2023-07-28,0.0,0.0,,
Japan,2023-07-29,0.0,0.0,,
Japan,2023-07-30,0.0,0.0,,
Japan,2023-07-31,0.0,0.0,,
Japan,2023-08-01,0.0,0.0,,
Japan,2023-08-02,0.0,0.0,,
Japan,2023-08-03,0.0,0.0,,
Japan,2023-08-04,0.0,0.0,,
Japan,2023-08-05,0.0,0.0,,
Japan,2023-08-06,0.0,0.0,,
Japan,2023-08-07,0.0,0.0,,
Japan,2023-08-08,0.0,0.0,,
Japan,2023-08-09,0.0,0.0,,
Japan,2023-08-10,0.0,0.0,,
Japan,2023-08-11,0.0,0.0,,
Japan,2023-08-12,0.0,0.0,,
Japan,2023-08-13,0.0,0.0,,
Japan,2023-08-14,0.0,0.0,,
Japan,2023-08-15,0.0,0.0,,
Japan,2023-08-16,0.0,0.0,,
Japan,2023-08-17,0.0,0.0,,
Japan,2023-08-18,0.0,0.0,,
Japan,2023-08-19,0.0,0.0,,
Japan,2023-08-20,0.0,0.0,,
Japan,2023-08-21,0.0,0.0,,
Japan,2023-08-22,0.0,0.0,,
Japan,2023-08-23,0.0,0.0,,
Japan,2023-08-24,0.0,0.0,,
Japan,2023-08-25,0.0,0.0,,
Japan,2023-08-26,0.0,0.0,,
Japan,2023-08-27,0.0,0.0,,
Japan,2023-08-28,0.0,0.0,,
Japan,2023-08-29,0.0,0.0,,
Japan,2023-08-30,0.0,0.0,,
Japan,2023-08-31,0.0,0.0,,
Japan,2023-09-01,0.0,0.0,,
Japan,2023-09-02,0.0,0.0,,
Japan,2023-09-03,0.0,0.0,,
Japan,2023-09-04,0.0,0.0,,
Japan,2023-09-05,0.0,0.0,,
Japan,2023-09-06,0.0,0.0,,
Japan,2023-09-07,0.0,0.0,,
Japan,2023-09-08,0.0,0.0,,
Japan,2023-09-09,0.0,0.0,,
Japan,2023-09-10,0.0,0.0,,
Japan,2023-09-11,0.0,0.0,,
Japan,2023-09-12,0.0,0.0,,
Japan,2023-09-13,0.0,0.0,,
Japan,2023-09-14,0.0,0.0,,
Japan,2023-09-15,0.0,0.0,,
Japan,2023-09-16,0.0,0.0,,
Japan,2023-09-17,0.0,0.0,,
Japan,2023-09-18,0.0,0.0,,
Japan,2023-09-19,0.0,0.0,,
Japan,2023-09-20,0.0,0.0,,
Japan,2023-09-21,0.0,0.0,,
Japan,2023-09-22,0.0,0.0,,
Japan,2023-09-23,0.0,0.0,,
Japan,2023-09-24,0.0,0.0,,
Japan,2023-09-25,0.0,0.0,,
Japan,2023-09-26,0.0,0.0,,
Japan,2023-09-27,0.0,0.0,,
Japan,2023-09-28,0.0,0.0,,
Japan,2023-09-29,0.0,0.0,,
Japan,2023-09-30,0.0,0.0,,
Japan,2023-10-01,0.0,0.0,,
Japan,2023-10-02,0.0,0.0,,
Japan,2023-10-03,0.0,0.0,,
Japan,2023-10-04,0.0,0.0,,
Japan,2023-10-05,0.0,0.0,,
Japan,2023-10-06,0.0,0.0,,
Japan,2023-10-07,0.0,0.0,,
Japan,2023-10-08,0.0,0.0,,
Japan,2023-10-09,0.0,0.0,,
Japan,2023-10-10,0.0,0.0,,
Japan,2023-10-11,0.0,0.0,,
Japan,2023-10-12,0.0,0.0,,
Japan,2023-10-13,0.0,0.0,,
Japan,2023-10-14,0.0,0.0,,
Japan,2023-10-15,0.0,0.0,,
Japan,2023-10-16,0.0,0.0,,
Japan,2023-10-17,0.0,0.0,,
Japan,2023-10-18,0.0,0.0,,
Japan,2023-10-19,0.0,0.0,,
Japan,2023-10-20,0.0,0.0,,
Japan,2023-10-21,0.0,0.0,,
Japan,2023-10-22,0.0,0.0,,
Japan,2023-10-23,0.0,0.0,,
Japan,2023-10-24,0.0,0.0,,
Japan,2023-10-25,0.0,0.0,,
Japan,2023-10-26,0.0,0.0,,
Japan,2023-10-27,0.0,0.0,,
Japan,2023-10-28,0.0,0.0,,
Japan,2023-10-29,0.0,0.0,,
Japan,2023-10-30,0.0,0.0,,
Japan,2023-10-31,0.0,0.0,,
Japan,2023-11-01,0.0,0.0,,
Japan,2023-11-02,0.0,0.0,,
Japan,2023-11-03,0.0,0.0,,
Japan,2023-11-04,0.0,0.0,,
Japan,2023-11-05,0.0,0.0,,
Japan,2023-11-06,0.0,0.0,,
Japan,2023-11-07,0.0,0.0,,
Japan,2023-11-08,0.0,0.0,,
Japan,2023-11-09,0.0,0.0,,
Japan,2023-11-10,0.0,0.0,,
Japan,2023-11-11,0.0,0.0,,
Japan,2023-11-12,0.0,0.0,,
Japan,2023-11-13,0.0,0.0,,
Japan,2023-11-14,0.0,0.0,,
Japan,2023-11-15,0.0,0.0,,
Japan,2023-11-16,0.0,0.0,,
Japan,2023-11-17,0.0,0.0,,
Japan,2023-11-18,0.0,0.0,,
Japan,2023-11-19,0.0,0.0,,
Japan,2023-11-20,0.0,0.0,,
Japan,2023-11-21,0.0,0.0,,
Japan,2023-11-22,0.0,0.0,,
Japan,2023-11-23,0.0,0.0,,
Japan,2023-11-24,0.0,0.0,,
Japan,2023-11-25,0.0,0.0,,
Japan,2023-11-26,0.0,0.0,,
Japan,2023-11-27,0.0,0.0,,
Japan,2023-11-28,0.0,0.0,,
Japan,2023-11-29,0.0,0.0,,
Japan,2023-11-30,0.0,0.0,,
Japan,2023-12-01,,,,
Japan,2023-12-02,,,,
Japan,2023-12-03,,,,
Japan,2023-12-04,,,,
Japan,2023-12-05,,,,
Japan,2023-12-06,,,,
Japan,2023-12-07,,,,
Japan,2023-12-08,,,,
Japan,2023-12-09,,,,
Japan,2023-12-10,,,,
Japan,2023-12-11,,,,
Japan,2023-12-12,,,,
Japan,2023-12-13,,,,
Japan,2023-12-14,,,,
Japan,2023-12-15,,,,
Japan,2023-12-16,,,,
Japan,2023-12-17,,,,
Japan,2023-12-18,,,,
Japan,2023-12-19,,,,
Japan,2023-12-20,,,,
Japan,2023-12-21,,,,
Japan,2023-12-22,,,,
Japan,2023-12-23,,,,
Japan,2023-12-24,,,,
Japan,2023-12-25,,,,
Japan,2023-12-26,,,,
Japan,2023-12-27,,,,
Japan,2023-12-28,,,,
Japan,2023-12-29,,,,
Japan,2023-12-30,,,,
Japan,2023-12-31,,,433356604.0,
Japan,2024-01-01,,,,
Japan,2024-01-02,,,,
Japan,2024-01-03,,,,
Japan,2024-01-04,,,,
Japan,2024-01-05,,,,
Japan,2024-01-06,,,,
Japan,2024-01-07,,,,
Japan,2024-01-08,,,,
Japan,2024-01-09,,,,
Japan,2024-01-10,,,,
Japan,2024-01-11,,,,
Japan,2024-01-12,,,,
Japan,2024-01-13,,,,
Japan,2024-01-14,,,,
Japan,2024-01-15,,,,
Japan,2024-01-16,,,,
Japan,2024-01-17,,,,
Japan,2024-01-18,,,,
Japan,2024-01-19,,,,
Japan,2024-01-20,,,,
Japan,2024-01-21,,,,
Japan,2024-01-22,,,,
Japan,2024-01-23,,,,
Japan,2024-01-24,,,,
Japan,2024-01-25,,,,
Japan,2024-01-26,,,,
Japan,2024-01-27,,,,
Japan,2024-01-28,,,,
Japan,2024-01-29,,,,
Japan,2024-01-30,,,,
Japan,2024-01-31,,,,
Japan,2024-02-01,,,,
Japan,2024-02-02,,,,
Japan,2024-02-03,,,,
Japan,2024-02-04,,,,
Japan,2024-02-05,,,,
Japan,2024-02-06,,,,
Japan,2024-02-07,,,,
Japan,2024-02-08,,,,
Japan,2024-02-09,,,,
Japan,2024-02-10,,,,
Japan,2024-02-11,,,,
Japan,2024-02-12,,,,
Japan,2024-02-13,,,,
Japan,2024-02-14,,,,
Japan,2024-02-15,,,,
Japan,2024-02-16,,,,
Japan,2024-02-17,,,,
Japan,2024-02-18,,,,
Japan,2024-02-19,,,,
Japan,2024-02-20,,,,
Japan,2024-02-21,,,,
Japan,2024-02-22,,,,
Japan,2024-02-23,,,,
Japan,2024-02-24,,,,
Japan,2024-02-25,,,,
Japan,2024-02-26,,,,
Japan,2024-02-27,,,,
Japan,2024-02-28,,,,
Japan,2024-02-29,,,,
Japan,2024-03-01,,,,
Japan,2024-03-02,,,,
Japan,2024-03-03,,,,
Japan,2024-03-04,,,,
Japan,2024-03-05,,,,
Japan,2024-03-06,,,,
Japan,2024-03-07,,,,
Japan,2024-03-08,,,,
Japan,2024-03-09,,,,
Japan,2024-03-10,,,,
Japan,2024-03-11,,,,
Japan,2024-03-12,,,,
Japan,2024-03-13,,,,
Japan,2024-03-14,,,,
Japan,2024-03-15,,,,
Japan,2024-03-16,,,,
Japan,2024-03-17,,,,
Japan,2024-03-18,,,,
Japan,2024-03-19,,,,
Japan,2024-03-20,,,,
Japan,2024-03-21,,,,
Japan,2024-03-22,,,,
Japan,2024-03-23,,,,
Japan,2024-03-24,,,,
Japan,2024-03-25,,,,
Japan,2024-03-26,,,,
Japan,2024-03-27,,,,
Japan,2024-03-28,,,,
Japan,2024-03-29,,,,
Japan,2024-03-30,,,,
Japan,2024-03-31,,,,
Japan,2024-04-01,,,,
Japan,2024-04-02,,,,
Japan,2024-04-03,,,,
Japan,2024-04-04,,,,
Japan,2024-04-05,,,,
Japan,2024-04-06,,,,
Japan,2024-04-07,,,,
Japan,2024-04-08,,,,
Japan,2024-04-09,,,,
Japan,2024-04-10,,,,
Japan,2024-04-11,,,,
Japan,2024-04-12,,,,
Japan,2024-04-13,,,,
Japan,2024-04-14,,,,
Japan,2024-04-15,,,,
Japan,2024-04-16,,,,
Japan,2024-04-17,,,,
Japan,2024-04-18,,,,
Japan,2024-04-19,,,,
Japan,2024-04-20,,,,
Japan,2024-04-21,,,,
Japan,2024-04-22,,,,
Japan,2024-04-23,,,,
Japan,2024-04-24,,,,
Japan,2024-04-25,,,,
Japan,2024-04-26,,,,
Japan,2024-04-27,,,,
Japan,2024-04-28,,,,
Japan,2024-04-29,,,,
Japan,2024-04-30,,,,
Japan,2024-05-01,,,,
Japan,2024-05-02,,,,
Japan,2024-05-03,,,,
Japan,2024-05-04,,,,
Japan,2024-05-05,,,,
Japan,2024-05-06,,,,
Japan,2024-05-07,,,,
Japan,2024-05-08,,,,
Japan,2024-05-09,,,,
Japan,2024-05-10,,,,
Japan,2024-05-11,,,,
Japan,2024-05-12,,,,
Japan,2024-05-13,,,,
Japan,2024-05-14,,,,
Japan,2024-05-15,,,,
Japan,2024-05-16,,,,
Japan,2024-05-17,,,,
Japan,2024-05-18,,,,
Japan,2024-05-19,,,,
Japan,2024-05-20,,,,
Japan,2024-05-21,,,,
Japan,2024-05-22,,,,
Japan,2024-05-23,,,,
Japan,2024-05-24,,,,
Japan,2024-05-25,,,,
Japan,2024-05-26,,,,
Japan,2024-05-27,,,,
Japan,2024-05-28,,,,
Japan,2024-05-29,,,,
Japan,2024-05-30,,,,
Japan,2024-05-31,,,,
Japan,2024-06-01,,,,
Japan,2024-06-02,,,,
Japan,2024-06-03,,,,
Japan,2024-06-04,,,,
Japan,2024-06-05,,,,
Japan,2024-06-06,,,,
Japan,2024-06-07,,,,
Japan,2024-06-08,,,,
Japan,2024-06-09,,,,
Japan,2024-06-10,,,,
Japan,2024-06-11,,,,
Japan,2024-06-12,,,,
Japan,2024-06-13,,,,
Japan,2024-06-14,,,,
Japan,2024-06-15,,,,
Japan,2024-06-16,,,,
Japan,2024-06-17,,,,
Japan,2024-06-18,,,,
Japan,2024-06-19,,,,
Japan,2024-06-20,,,,
Japan,2024-06-21,,,,
Japan,2024-06-22,,,,
Japan,2024-06-23,,,,
Japan,2024-06-24,,,,
Japan,2024-06-25,,,,
Japan,2024-06-26,,,,
Japan,2024-06-27,,,,
Japan,2024-06-28,,,,
Japan,2024-06-29,,,,
Japan,2024-06-30,,,,
Japan,2024-07-01,,,,
Japan,2024-07-02,,,,
Japan,2024-07-03,,,,
Japan,2024-07-04,,,,
Japan,2024-07-05,,,,
Japan,2024-07-06,,,,
Japan,2024-07-07,,,,
Japan,2024-07-08,,,,
Japan,2024-07-09,,,,
Japan,2024-07-10,,,,
Japan,2024-07-11,,,,
Japan,2024-07-12,,,,
Japan,2024-07-13,,,,
Japan,2024-07-14,,,,
Japan,2024-07-15,,,,
Japan,2024-07-16,,,,
Japan,2024-07-17,,,,
Japan,2024-07-18,,,,
Japan,2024-07-19,,,,
Japan,2024-07-20,,,,
Japan,2024-07-21,,,,
Japan,2024-07-22,,,,
Japan,2024-07-23,,,,
Japan,2024-07-24,,,,
Japan,2024-07-25,,,,
Japan,2024-07-26,,,,
Japan,2024-07-27,,,,
Japan,2024-07-28,,,,
Japan,2024-07-29,,,,
Japan,2024-07-30,,,,
Japan,2024-07-31,,,,
Japan,2024-08-01,,,,
Japan,2024-08-02,,,,
Japan,2024-08-03,,,,
Japan,2024-08-04,,,,
Japan,2024-08-05,,,,
Japan,2024-08-06,,,,
Japan,2024-08-07,,,,
Japan,2024-08-08,,,,
Japan,2024-08-09,,,,
Japan,2024-08-10,,,,
Japan,2024-08-11,,,,
Japan,2024-08-12,,,,
Japan,2024-08-13,,,,
Japan,2024-08-14,,,,
Japan,2024-08-15,,,,
Japan,2024-08-16,,,,
Japan,2024-08-17,,,,
Japan,2024-08-18,,,,
Japan,2024-08-19,,,,
Japan,2024-08-20,,,,
Japan,2024-08-21,,,,
Japan,2024-08-22,,,,
Japan,2024-08-23,,,,
Japan,2024-08-24,,,,
Japan,2024-08-25,,,,
Japan,2024-08-26,,,,
Japan,2024-08-27,,,,
Japan,2024-08-28,,,,
Japan,2024-08-29,,,,
Japan,2024-08-30,,,,
Japan,2024-08-31,,,,
Japan,2024-09-01,,,,
Japan,2024-09-02,,,,
Japan,2024-09-03,,,,
Japan,2024-09-04,,,,
Japan,2024-09-05,,,,
Japan,2024-09-06,,,,
Japan,2024-09-07,,,,
Japan,2024-09-08,,,,
Japan,2024-09-09,,,,
Japan,2024-09-10,,,,
Japan,2024-09-11,,,,
Japan,2024-09-12,,,,
Japan,2024-09-13,,,,
Japan,2024-09-14,,,,
Japan,2024-09-15,,,,
Japan,2024-09-16,,,,
Japan,2024-09-17,,,,
Japan,2024-09-18,,,,
Japan,2024-09-19,,,,
Japan,2024-09-20,,,,
Japan,2024-09-21,,,,
Japan,2024-09-22,,,,
Japan,2024-09-23,,,,
Japan,2024-09-24,,,,
Japan,2024-09-25,,,,
Japan,2024-09-26,,,,
Japan,2024-09-27,,,,
Japan,2024-09-28,,,,
Japan,2024-09-29,,,,
Japan,2024-09-30,,,,
Japan,2024-10-01,,,,
Japan,2024-10-02,,,,
Japan,2024-10-03,,,,
Japan,2024-10-04,,,,
Japan,2024-10-05,,,,
Japan,2024-10-06,,,,
Japan,2024-10-07,,,,
Japan,2024-10-08,,,,
Japan,2024-10-09,,,,
Japan,2024-10-10,,,,
Japan,2024-10-11,,,,
Japan,2024-10-12,,,,
Japan,2024-10-13,,,,
Japan,2024-10-14,,,,
Japan,2024-10-15,,,,
Japan,2024-10-16,,,,
Japan,2024-10-17,,,,
Japan,2024-10-18,,,,
Japan,2024-10-19,,,,
Japan,2024-10-20,,,,
Japan,2024-10-21,,,,
Japan,2024-10-22,,,,
Japan,2024-10-23,,,,
Japan,2024-10-24,,,,
Japan,2024-10-25,,,,
Japan,2024-10-26,,,,
Japan,2024-10-27,,,,
Japan,2024-10-28,,,,
Japan,2024-10-29,,,,
Japan,2024-10-30,,,,
Japan,2024-10-31,,,,
Japan,2024-11-01,,,,
Japan,2024-11-02,,,,
Japan,2024-11-03,,,,
Japan,2024-11-04,,,,
Japan,2024-11-05,,,,
Japan,2024-11-06,,,,
Japan,2024-11-07,,,,
Japan,2024-11-08,,,,
Japan,2024-11-09,,,,
Japan,2024-11-10,,,,
Japan,2024-11-11,,,,
Japan,2024-11-12,,,,
Japan,2024-11-13,,,,
Japan,2024-11-14,,,,
Japan,2024-11-15,,,,
Japan,2024-11-16,,,,
Japan,2024-11-17,,,,
Japan,2024-11-18,,,,
Japan,2024-11-19,,,,
Japan,2024-11-20,,,,
Japan,2024-11-21,,,,
Japan,2024-11-22,,,,
Japan,2024-11-23,,,,
Japan,2024-11-24,,,,
Japan,2024-11-25,,,,
Japan,2024-11-26,,,,
Japan,2024-11-27,,,,
Japan,2024-11-28,,,,
Japan,2024-11-29,,,,
Japan,2024-11-30,,,,
Japan,2024-12-01,,,,
Japan,2024-12-02,,,,
Japan,2024-12-03,,,,
Japan,2024-12-04,,,,
Japan,2024-12-05,,,,
Japan,2024-12-06,,,,
Japan,2024-12-07,,,,
Japan,2024-12-08,,,,
Japan,2024-12-09,,,,
Japan,2024-12-10,,,,
Japan,2024-12-11,,,,
Japan,2024-12-12,,,,
Japan,2024-12-13,,,,
Japan,2024-12-14,,,,
Japan,2024-12-15,,,,
Japan,2024-12-16,,,,
Japan,2024-12-17,,,,
Japan,2024-12-18,,,,
Japan,2024-12-19,,,,
Japan,2024-12-20,,,,
Japan,2024-12-21,,,,
Japan,2024-12-22,,,,
Japan,2024-12-23,,,,
Japan,2024-12-24,,,,
Japan,2024-12-25,,,,
Japan,2024-12-26,,,,
Japan,2024-12-27,,,,
Japan,2024-12-28,,,,
Japan,2024-12-29,,,,
Japan,2024-12-30,,,,
Japan,2024-12-31,,,,
Mexico,2022-01-01,12780.0,96.0,148938454.0,35.19
Mexico,2022-01-02,11297.0,107.0,148943207.0,35.19
Mexico,2022-01-03,3757.0,109.0,148943382.0,35.19
Mexico,2022-01-04,5868.0,107.0,149382709.0,35.19
Mexico,2022-01-05,24299.0,146.0,149574164.0,39.15
Mexico,2022-01-06,32330.0,135.0,150180676.0,39.12
Mexico,2022-01-07,39146.0,140.0,,39.12
Mexico,2022-01-08,42720.0,138.0,151464652.0,39.08
Mexico,2022-01-09,46683.0,134.0,151945143.0,39.07
Mexico,2022-01-10,22680.0,142.0,152051707.0,39.06
Mexico,2022-01-11,19065.0,172.0,152315526.0,39.05
Mexico,2022-01-12,69003.0,183.0,,39.05
Mexico,2022-01-13,71900.0,185.0,153673555.0,39.02
Mexico,2022-01-14,75684.0,229.0,154611440.0,38.99
Mexico,2022-01-15,74978.0,229.0,155420388.0,38.97
Mexico,2022-01-16,73472.0,245.0,155882479.0,38.95
Mexico,2022-01-17,31477.0,247.0,,38.95
Mexico,2022-01-18,23881.0,281.0,156419272.0,38.94
Mexico,2022-01-19,81302.0,324.0,157145915.0,38.93
Mexico,2022-01-20,75305.0,377.0,157875271.0,38.91
Mexico,2022-01-21,71115.0,368.0,158656184.0,38.9
Mexico,2022-01-22,65742.0,388.0,,38.9
Mexico,2022-01-23,57993.0,410.0,160480629.0,38.89
Mexico,2022-01-24,25291.0,457.0,160816753.0,48.52
Mexico,2022-01-25,19021.0,433.0,161466948.0,48.52
Mexico,2022-01-26,62338.0,503.0,161997209.0,48.51
Mexico,2022-01-27,51378.0,561.0,164844649.0,48.5
Mexico,2022-01-28,46573.0,529.0,,48.5
Mexico,2022-01-29,41530.0,562.0,,48.5
Mexico,2022-01-30,36598.0,558.0,165543906.0,48.49
Mexico,2022-01-31,16659.0,548.0,165750330.0,48.49
Mexico,2022-02-01,12439.0,562.0,166102210.0,48.49
Mexico,2022-02-02,37510.0,548.0,166768826.0,48.49
Mexico,2022-02-03,29513.0,606.0,167682458.0,48.48
Mexico,2022-02-04,26920.0,583.0,168535697.0,48.48
Mexico,2022-02-05,23346.0,551.0,,48.48
Mexico,2022-02-06,20160.0,503.0,169627892.0,48.47
Mexico,2022-02-07,8937.0,504.0,169681294.0,36.64
Mexico,2022-02-08,6593.0,499.0,169815314.0,36.64
Mexico,2022-02-09,9686.0,488.0,170203675.0,36.64
Mexico,2022-02-10,20031.0,494.0,170713604.0,36.64
Mexico,2022-02-11,14943.0,497.0,171453754.0,36.63
Mexico,2022-02-12,13691.0,421.0,172046323.0,36.63
Mexico,2022-02-13,12491.0,405.0,172480864.0,36.63
Mexico,2022-02-14,5865.0,398.0,172673715.0,36.63
Mexico,2022-02-15,4898.0,391.0,173037874.0,36.61
Mexico,2022-02-16,13381.0,391.0,173826545.0,36.61
Mexico,2022-02-17,10387.0,348.0,174967379.0,36.61
Mexico,2022-02-18,9679.0,323.0,176177592.0,36.61
Mexico,2022-02-19,9260.0,295.0,,36.61
Mexico,2022-02-20,8106.0,239.0,177918897.0,36.61
Mexico,2022-02-21,3657.0,257.0,178130383.0,36.61
Mexico,2022-02-22,3176.0,244.0,,36.61
Mexico,2022-02-23,8162.0,262.0,179274307.0,36.6
Mexico,2022-02-24,6422.0,249.0,180066010.0,36.6
Mexico,2022-02-25,5941.0,208.0,,36.6
Mexico,2022-02-26,5458.0,198.0,,36.6
Mexico,2022-02-27,4465.0,153.0,181637603.0,36.6
Mexico,2022-02-28,1762.0,164.0,181945907.0,36.6
Mexico,2022-03-01,1521.0,156.0,182185704.0,36.6
Mexico,2022-03-02,5255.0,157.0,182472333.0,36.6
Mexico,2022-03-03,3637.0,113.0,182771895.0,36.6
Mexico,2022-03-04,3148.0,132.0,183043385.0,36.6
Mexico,2022-03-05,3259.0,101.0,,36.6
Mexico,2022-03-06,2787.0,107.0,183509755.0,36.59
Mexico,2022-03-07,1111.0,68.0,,38.7
Mexico,2022-03-08,903.0,96.0,183907915.0,38.7
Mexico,2022-03-09,3027.0,86.0,184272842.0,38.69
Mexico,2022-03-10,2469.0,72.0,184812990.0,38.69
Mexico,2022-03-11,2413.0,70.0,,38.69
Mexico,2022-03-12,2267.0,75.0,186141053.0,38.68
Mexico,2022-03-13,1879.0,65.0,,38.68
Mexico,2022-03-14,743.0,65.0,186532017.0,38.68
Mexico,2022-03-15,683.0,58.0,186796040.0,38.68
Mexico,2022-03-16,2265.0,46.0,187180552.0,38.68
Mexico,2022-03-17,1926.0,53.0,187650994.0,38.68
Mexico,2022-03-18,1596.0,41.0,188160158.0,38.67
Mexico,2022-03-19,1524.0,40.0,,38.67
Mexico,2022-03-20,1331.0,46.0,188763277.0,38.67
Mexico,2022-03-21,518.0,36.0,188854049.0,25.7
Mexico,2022-03-22,331.0,35.0,188885665.0,25.7
Mexico,2022-03-23,588.0,26.0,189083111.0,25.7
Mexico,2022-03-24,1698.0,33.0,,25.7
Mexico,2022-03-25,1357.0,26.0,189804498.0,25.7
Mexico,2022-03-26,1267.0,25.0,190197035.0,25.69
Mexico,2022-03-27,1161.0,28.0,190337668.0,25.69
Mexico,2022-03-28,422.0,22.0,190441475.0,25.69
Mexico,2022-03-29,357.0,29.0,191907868.0,25.69
Mexico,2022-03-30,1462.0,20.0,,25.69
Mexico,2022-03-31,1263.0,21.0,,25.69
Mexico,2022-04-01,1188.0,23.0,,25.69
Mexico,2022-04-02,1066.0,17.0,,25.69
Mexico,2022-04-03,765.0,21.0,,25.69
Mexico,2022-04-04,343.0,15.0,,25.69
Mexico,2022-04-05,281.0,13.0,,25.69
Mexico,2022-04-06,1029.0,23.0,,25.69
Mexico,2022-04-07,810.0,17.0,,25.69
Mexico,2022-04-08,798.0,16.0,,25.69
Mexico,2022-04-09,767.0,13.0,,25.69
Mexico,2022-04-10,729.0,20.0,,25.69
Mexico,2022-04-11,315.0,6.0,,25.69
Mexico,2022-04-12,261.0,10.0,,25.69
Mexico,2022-04-13,801.0,7.0,194537872.0,25.68
Mexico,2022-04-14,674.0,12.0,,25.68
Mexico,2022-04-15,642.0,12.0,,25.68
Mexico,2022-04-16,276.0,15.0,,25.68
Mexico,2022-04-17,236.0,9.0,195528994.0,25.67
Mexico,2022-04-18,212.0,16.0,,25.67
Mexico,2022-04-19,228.0,11.0,,25.67
Mexico,2022-04-20,886.0,7.0,196438782.0,25.67
Mexico,2022-04-21,606.0,8.0,196998244.0,25.67
Mexico,2022-04-22,756.0,8.0,197496797.0,25.67
Mexico,2022-04-23,586.0,12.0,,25.67
Mexico,2022-04-24,572.0,8.0,198353262.0,25.67
Mexico,2022-04-25,271.0,8.0,198511220.0,25.67
Mexico,2022-04-26,329.0,4.0,,25.67
Mexico,2022-04-27,863.0,3.0,,25.67
Mexico,2022-04-28,688.0,9.0,,25.67
Mexico,2022-04-29,672.0,6.0,,25.67
Mexico,2022-04-30,623.0,3.0,,25.67
Mexico,2022-05-01,547.0,8.0,,25.67
Mexico,2022-05-02,243.0,9.0,,25.67
Mexico,2022-05-03,222.0,7.0,,25.67
Mexico,2022-05-04,857.0,8.0,,25.67
Mexico,2022-05-05,797.0,6.0,,25.67
Mexico,2022-05-06,756.0,2.0,201861103.0,25.67
Mexico,2022-05-07,677.0,4.0,,25.67
Mexico,2022-05-08,772.0,6.0,,25.67
Mexico,2022-05-09,294.0,7.0,,25.67
Mexico,2022-05-10,283.0,6.0,,25.67
Mexico,2022-05-11,1079.0,4.0,,25.67
Mexico,2022-05-12,510.0,9.0,,25.67
Mexico,2022-05-13,1144.0,5.0,205629496.0,25.67
Mexico,2022-05-14,1064.0,1.0,,25.67
Mexico,2022-05-15,985.0,2.0,,25.67
Mexico,2022-05-16,397.0,7.0,206941649.0,25.67
Mexico,2022-05-17,335.0,7.0,,25.67
Mexico,2022-05-18,1412.0,6.0,,25.67
Mexico,2022-05-19,1322.0,6.0,,25.67
Mexico,2022-05-20,1420.0,2.0,206941649.0,25.67
Mexico,2022-05-21,1448.0,5.0,,25.67
Mexico,2022-05-22,1416.0,7.0,,25.67
Mexico,2022-05-23,593.0,4.0,,25.67
Mexico,2022-05-24,579.0,7.0,,25.67
Mexico,2022-05-25,2301.0,6.0,,25.67
Mexico,2022-05-26,2114.0,4.0,,25.67
Mexico,2022-05-27,2320.0,9.0,,25.67
Mexico,2022-05-28,2171.0,3.0,,25.67
Mexico,2022-05-29,2159.0,5.0,,25.67
Mexico,2022-05-30,924.0,4.0,,25.67
Mexico,2022-05-31,876.0,3.0,,25.67
Mexico,2022-06-01,3470.0,6.0,,25.67
Mexico,2022-06-02,3461.0,7.0,,25.67
Mexico,2022-06-03,3665.0,3.0,208630697.0,25.67
Mexico,2022-06-04,3478.0,4.0,,25.67
Mexico,2022-06-05,3676.0,8.0,,25.67
Mexico,2022-06-06,1559.0,5.0,,25.67
Mexico,2022-06-07,1356.0,5.0,,25.67
Mexico,2022-06-08,6200.0,5.0,,25.67
Mexico,2022-06-09,5791.0,5.0,,25.67
Mexico,2022-06-10,6614.0,4.0,208765211.0,25.67
Mexico,2022-06-11,6369.0,7.0,,25.67
Mexico,2022-06-12,6482.0,6.0,,25.67
Mexico,2022-06-13,2616.0,7.0,,25.67
Mexico,2022-06-14,2264.0,15.0,,25.67
Mexico,2022-06-15,10039.0,11.0,,25.67
Mexico,2022-06-16,9562.0,14.0,,25.67
Mexico,2022-06-17,10208.0,5.0,209030212.0,25.67
Mexico,2022-06-18,10018.0,11.0,,25.67
Mexico,2022-06-19,10606.0,13.0,,25.67
Mexico,2022-06-20,4453.0,14.0,,25.67
Mexico,2022-06-21,3733.0,14.0,,17.59
Mexico,2022-06-22,16957.0,14.0,,17.59
Mexico,2022-06-23,16735.0,17.0,,17.59
Mexico,2022-06-24,18014.0,22.0,209179257.0,17.59
Mexico,2022-06-25,18409.0,18.0,,17.59
Mexico,2022-06-26,18965.0,19.0,,17.59
Mexico,2022-06-27,7782.0,18.0,,19.44
Mexico,2022-06-28,7167.0,30.0,,19.44
Mexico,2022-06-29,28019.0,27.0,,19.44
Mexico,2022-06-30,26950.0,22.0,,19.44
Mexico,2022-07-01,27564.0,35.0,,19.44
Mexico,2022-07-02,27831.0,26.0,,19.44
Mexico,2022-07-03,27152.0,28.0,,19.44
Mexico,2022-07-04,11114.0,40.0,,19.44
Mexico,2022-07-05,9632.0,33.0,,19.44
Mexico,2022-07-06,37784.0,51.0,,19.44
Mexico,2022-07-07,36007.0,41.0,,25.0
Mexico,2022-07-08,36453.0,49.0,209673612.0,25.0
Mexico,2022-07-09,35711.0,54.0,,25.0
Mexico,2022-07-10,33404.0,47.0,,25.0
Mexico,2022-07-11,13288.0,60.0,,25.0
Mexico,2022-07-12,11636.0,75.0,,30.56
Mexico,2022-07-13,44550.0,82.0,,30.56
Mexico,2022-07-14,39637.0,73.0,,33.33
Mexico,2022-07-15,37545.0,100.0,,33.33
Mexico,2022-07-16,35391.0,92.0,,33.33
Mexico,2022-07-17,31826.0,77.0,,33.33
Mexico,2022-07-18,12400.0,85.0,,33.33
Mexico,2022-07-19,10354.0,82.0,,33.33
Mexico,2022-07-20,38847.0,92.0,,33.33
Mexico,2022-07-21,32969.0,76.0,,33.33
Mexico,2022-07-22,31827.0,103.0,209673612.0,33.33
Mexico,2022-07-23,28372.0,87.0,,33.33
Mexico,2022-07-24,25218.0,82.0,,33.33
Mexico,2022-07-25,9627.0,78.0,,33.33
Mexico,2022-07-26,7504.0,79.0,,33.33
Mexico,2022-07-27,28488.0,98.0,,33.33
Mexico,2022-07-28,22981.0,100.0,,33.33
Mexico,2022-07-29,20538.0,96.0,,33.33
Mexico,2022-07-30,17760.0,87.0,,33.33
Mexico,2022-07-31,15140.0,100.0,,33.33
Mexico,2022-08-01,5936.0,86.0,,33.33
Mexico,2022-08-02,5023.0,83.0,,33.33
Mexico,2022-08-03,18914.0,83.0,,33.33
Mexico,2022-08-04,14396.0,94.0,,33.33
Mexico,2022-08-05,13319.0,84.0,209673612.0,33.33
Mexico,2022-08-06,12068.0,82.0,,33.33
Mexico,2022-08-07,10607.0,84.0,,33.33
Mexico,2022-08-08,4014.0,71.0,,33.33
Mexico,2022-08-09,3270.0,48.0,,33.33
Mexico,2022-08-10,13093.0,69.0,,33.33
Mexico,2022-08-11,9846.0,59.0,,33.33
Mexico,2022-08-12,8932.0,64.0,209673612.0,33.33
Mexico,2022-08-13,7753.0,53.0,,33.33
Mexico,2022-08-14,6746.0,59.0,,33.33
Mexico,2022-08-15,2458.0,40.0,,33.33
Mexico,2022-08-16,2139.0,46.0,,33.33
Mexico,2022-08-17,8209.0,41.0,,33.33
Mexico,2022-08-18,5876.0,58.0,,33.33
Mexico,2022-08-19,5345.0,44.0,209673612.0,33.33
Mexico,2022-08-20,4834.0,34.0,,33.33
Mexico,2022-08-21,4383.0,29.0,,33.33
Mexico,2022-08-22,1708.0,39.0,,33.33
Mexico,2022-08-23,1522.0,31.0,,33.33
Mexico,2022-08-24,5618.0,32.0,,33.33
Mexico,2022-08-25,4126.0,44.0,,33.33
Mexico,2022-08-26,3755.0,37.0,209673612.0,33.33
Mexico,2022-08-27,3281.0,27.0,,33.33
Mexico,2022-08-28,2946.0,21.0,,33.33
Mexico,2022-08-29,1140.0,34.0,,24.07
Mexico,2022-08-30,1108.0,24.0,,15.74
Mexico,2022-08-31,3830.0,23.0,,15.74
Mexico,2022-09-01,3075.0,24.0,,15.74
Mexico,2022-09-02,2599.0,18.0,209673612.0,15.74
Mexico,2022-09-03,2437.0,25.0,,15.74
Mexico,2022-09-04,2222.0,23.0,,15.74
Mexico,2022-09-05,963.0,17.0,,15.74
Mexico,2022-09-06,894.0,15.0,,15.74
Mexico,2022-09-07,2762.0,15.0,,15.74
Mexico,2022-09-08,2107.0,14.0,,15.74
Mexico,2022-09-09,1865.0,14.0,,15.74
Mexico,2022-09-10,1767.0,17.0,,15.74
Mexico,2022-09-11,1697.0,13.0,,15.74
Mexico,2022-09-12,632.0,20.0,,13.89
Mexico,2022-09-13,594.0,12.0,,13.89
Mexico,2022-09-14,2283.0,11.0,,13.89
Mexico,2022-09-15,1638.0,19.0,,13.89
Mexico,2022-09-16,1400.0,6.0,209673612.0,13.89
Mexico,2022-09-17,729.0,10.0,,13.89
Mexico,2022-09-18,415.0,8.0,,13.89
Mexico,2022-09-19,466.0,9.0,,13.89
Mexico,2022-09-20,394.0,5.0,,13.89
Mexico,2022-09-21,1866.0,5.0,,13.89
Mexico,2022-09-22,1464.0,12.0,,13.89
Mexico,2022-09-23,1307.0,7.0,,13.89
Mexico,2022-09-24,1133.0,16.0,,13.89
Mexico,2022-09-25,1043.0,1.0,,13.89
Mexico,2022-09-26,422.0,10.0,,13.89
Mexico,2022-09-27,340.0,8.0,,13.89
Mexico,2022-09-28,1324.0,12.0,,13.89
Mexico,2022-09-29,960.0,13.0,,13.89
Mexico,2022-09-30,807.0,6.0,,13.89
Mexico,2022-10-01,709.0,3.0,,13.89
Mexico,2022-10-02,637.0,3.0,,13.89
Mexico,2022-10-03,321.0,8.0,,13.89
Mexico,2022-10-04,249.0,9.0,,13.89
Mexico,2022-10-05,913.0,7.0,,13.89
Mexico,2022-10-06,677.0,12.0,,13.89
Mexico,2022-10-07,659.0,10.0,223158993.0,13.89
Mexico,2022-10-08,579.0,5.0,,13.89
Mexico,2022-10-09,480.0,2.0,,13.89
Mexico,2022-10-10,174.0,3.0,,13.89
Mexico,2022-10-11,169.0,2.0,,13.89
Mexico,2022-10-12,650.0,4.0,,13.89
Mexico,2022-10-13,555.0,2.0,,13.89
Mexico,2022-10-14,461.0,3.0,,13.89
Mexico,2022-10-15,459.0,4.0,,13.89
Mexico,2022-10-16,399.0,4.0,,13.89
Mexico,2022-10-17,146.0,2.0,,13.89
Mexico,2022-10-18,162.0,4.0,,13.89
Mexico,2022-10-19,603.0,7.0,,13.89
Mexico,2022-10-20,471.0,2.0,,13.89
Mexico,2022-10-21,464.0,4.0,,13.89
Mexico,2022-10-22,425.0,2.0,,13.89
Mexico,2022-10-23,386.0,4.0,,13.89
Mexico,2022-10-24,148.0,1.0,,13.89
Mexico,2022-10-25,124.0,6.0,,13.89
Mexico,2022-10-26,648.0,7.0,,13.89
Mexico,2022-10-27,497.0,3.0,,13.89
Mexico,2022-10-28,535.0,3.0,,13.89
Mexico,2022-10-29,444.0,3.0,,13.89
Mexico,2022-10-30,444.0,2.0,,13.89
Mexico,2022-10-31,151.0,1.0,,13.89
Mexico,2022-11-01,99.0,6.0,,13.89
Mexico,2022-11-02,604.0,3.0,,13.89
Mexico,2022-11-03,475.0,6.0,,13.89
Mexico,2022-11-04,392.0,,,13.89
Mexico,2022-11-05,647.0,5.0,,13.89
Mexico,2022-11-06,528.0,3.0,,13.89
Mexico,2022-11-07,209.0,1.0,,13.89
Mexico,2022-11-08,197.0,1.0,,13.89
Mexico,2022-11-09,919.0,2.0,,13.89
Mexico,2022-11-10,768.0,5.0,,13.89
Mexico,2022-11-11,788.0,2.0,,13.89
Mexico,2022-11-12,822.0,4.0,,13.89
Mexico,2022-11-13,700.0,4.0,,13.89
Mexico,2022-11-14,256.0,7.0,,13.89
Mexico,2022-11-15,259.0,3.0,,13.89
Mexico,2022-11-16,1113.0,3.0,,13.89
Mexico,2022-11-17,1030.0,7.0,,13.89
Mexico,2022-11-18,1047.0,2.0,,13.89
Mexico,2022-11-19,966.0,5.0,,13.89
Mexico,2022-11-20,999.0,6.0,,13.89
Mexico,2022-11-21,298.0,2.0,,13.89
Mexico,2022-11-22,295.0,1.0,,13.89
Mexico,2022-11-23,448.0,,,13.89
Mexico,2022-11-24,1640.0,7.0,,13.89
Mexico,2022-11-25,1609.0,6.0,,13.89
Mexico,2022-11-26,1586.0,4.0,,13.89
Mexico,2022-11-27,1543.0,2.0,,13.89
Mexico,2022-11-28,579.0,7.0,,13.89
Mexico,2022-11-29,540.0,5.0,,13.89
Mexico,2022-11-30,2550.0,14.0,,13.89
Mexico,2022-12-01,2373.0,9.0,,13.89
Mexico,2022-12-02,2217.0,15.0,,13.89
Mexico,2022-12-03,2351.0,5.0,,13.89
Mexico,2022-12-04,2139.0,6.0,,13.89
Mexico,2022-12-05,831.0,6.0,,13.89
Mexico,2022-12-06,780.0,9.0,,13.89
Mexico,2022-12-07,3733.0,11.0,,13.89
Mexico,2022-12-08,3560.0,16.0,,13.89
Mexico,2022-12-09,3681.0,7.0,,13.89
Mexico,2022-12-10,3434.0,10.0,,13.89
Mexico,2022-12-11,3184.0,10.0,,13.89
Mexico,2022-12-12,1323.0,15.0,,13.89
Mexico,2022-12-13,1139.0,7.0,,13.89
Mexico,2022-12-14,4879.0,16.0,,13.89
Mexico,2022-12-15,4988.0,22.0,,13.89
Mexico,2022-12-16,5157.0,13.0,,13.89
Mexico,2022-12-17,4849.0,21.0,,13.89
Mexico,2022-12-18,4385.0,23.0,,13.89
Mexico,2022-12-19,1778.0,21.0,,13.89
Mexico,2022-12-20,1389.0,21.0,,13.89
Mexico,2022-12-21,6758.0,22.0,,13.89
Mexico,2022-12-22,6576.0,24.0,,13.89
Mexico,2022-12-23,6361.0,19.0,,13.89
Mexico,2022-12-24,6045.0,28.0,,13.89
Mexico,2022-12-25,5043.0,24.0,,13.89
Mexico,2022-12-26,1391.0,21.0,,13.89
Mexico,2022-12-27,842.0,30.0,,13.89
Mexico,2022-12-28,6585.0,30.0,,13.89
Mexico,2022-12-29,5907.0,39.0,,13.89
Mexico,2022-12-30,5992.0,25.0,,13.89
Mexico,2022-12-31,5320.0,32.0,,13.89
Mexico,2023-01-01,4779.0,29.0,,
Mexico,2023-01-02,1525.0,32.0,,
Mexico,2023-01-03,1025.0,38.0,,
Mexico,2023-01-04,6434.0,33.0,,
Mexico,2023-01-05,6201.0,46.0,,
Mexico,2023-01-06,6287.0,40.0,,
Mexico,2023-01-07,5580.0,49.0,,
Mexico,2023-01-08,4880.0,42.0,,
Mexico,2023-01-09,1758.0,49.0,,
Mexico,2023-01-10,1583.0,40.0,,
Mexico,2023-01-11,6840.0,47.0,,
Mexico,2023-01-12,5631.0,41.0,,
Mexico,2023-01-13,5184.0,34.0,,
Mexico,2023-01-14,4607.0,54.0,,
Mexico,2023-01-15,4034.0,36.0,,
Mexico,2023-01-16,1466.0,30.0,,
Mexico,2023-01-17,1298.0,34.0,,
Mexico,2023-01-18,5476.0,43.0,,
Mexico,2023-01-19,4597.0,51.0,,
Mexico,2023-01-20,4616.0,35.0,,
Mexico,2023-01-21,4186.0,26.0,,
Mexico,2023-01-22,3875.0,42.0,,
Mexico,2023-01-23,1435.0,32.0,,
Mexico,2023-01-24,1172.0,41.0,,
Mexico,2023-01-25,5386.0,43.0,,
Mexico,2023-01-26,4381.0,48.0,,
Mexico,2023-01-27,4149.0,29.0,,
Mexico,2023-01-28,3871.0,24.0,,
Mexico,2023-01-29,3202.0,34.0,,
Mexico,2023-01-30,1216.0,26.0,,
Mexico,2023-01-31,1033.0,32.0,,
Mexico,2023-02-01,4728.0,37.0,,
Mexico,2023-02-02,3720.0,28.0,,
Mexico,2023-02-03,3573.0,22.0,,
Mexico,2023-02-04,3340.0,22.0,,
Mexico,2023-02-05,2963.0,27.0,,
Mexico,2023-02-06,1063.0,25.0,,
Mexico,2023-02-07,769.0,15.0,,
Mexico,2023-02-08,1235.0,24.0,,
Mexico,2023-02-09,4700.0,27.0,,
Mexico,2023-02-10,4056.0,19.0,,
Mexico,2023-02-11,3562.0,18.0,,
Mexico,2023-02-12,3309.0,20.0,,
Mexico,2023-02-13,1150.0,16.0,,
Mexico,2023-02-14,934.0,33.0,,
Mexico,2023-02-15,4326.0,24.0,,
Mexico,2023-02-16,3385.0,24.0,,
Mexico,2023-02-17,3528.0,22.0,,
Mexico,2023-02-18,3352.0,24.0,,
Mexico,2023-02-19,3027.0,27.0,,
Mexico,2023-02-20,1060.0,21.0,,
Mexico,2023-02-21,994.0,22.0,,
Mexico,2023-02-22,4347.0,20.0,,
Mexico,2023-02-23,3783.0,17.0,,
Mexico,2023-02-24,3709.0,15.0,,
Mexico,2023-02-25,3402.0,11.0,,
Mexico,2023-02-26,3010.0,11.0,,
Mexico,2023-02-27,1029.0,9.0,,
Mexico,2023-02-28,921.0,12.0,,
Mexico,2023-03-01,4387.0,22.0,,
Mexico,2023-03-02,3531.0,14.0,,
Mexico,2023-03-03,3417.0,16.0,,
Mexico,2023-03-04,3142.0,13.0,,
Mexico,2023-03-05,2991.0,12.0,,
Mexico,2023-03-06,950.0,14.0,,
Mexico,2023-03-07,883.0,10.0,,
Mexico,2023-03-08,4567.0,15.0,,
Mexico,2023-03-09,3716.0,23.0,,
Mexico,2023-03-10,3613.0,15.0,,
Mexico,2023-03-11,3422.0,20.0,,
Mexico,2023-03-12,3162.0,10.0,,
Mexico,2023-03-13,1073.0,12.0,,
Mexico,2023-03-14,890.0,9.0,,
Mexico,2023-03-15,4561.0,11.0,,
Mexico,2023-03-16,3606.0,10.0,,
Mexico,2023-03-17,3300.0,7.0,,
Mexico,2023-03-18,2984.0,14.0,,
Mexico,2023-03-19,2607.0,11.0,,
Mexico,2023-03-20,860.0,22.0,,
Mexico,2023-03-21,624.0,13.0,,
Mexico,2023-03-22,910.0,10.0,,
Mexico,2023-03-23,3845.0,19.0,,
Mexico,2023-03-24,3393.0,14.0,,
Mexico,2023-03-25,3111.0,13.0,,
Mexico,2023-03-26,2614.0,20.0,,
Mexico,2023-03-27,915.0,13.0,,
Mexico,2023-03-28,750.0,19.0,,
Mexico,2023-03-29,3576.0,14.0,,
Mexico,2023-03-30,2887.0,20.0,,
Mexico,2023-03-31,2614.0,9.0,,
Mexico,2023-04-01,2336.0,10.0,,
Mexico,2023-04-02,2035.0,11.0,,
Mexico,2023-04-03,,,,
Mexico,2023-04-04,,,,
Mexico,2023-04-05,,,,
Mexico,2023-04-06,,,,
Mexico,2023-04-07,,,,
Mexico,2023-04-08,,,,
Mexico,2023-04-09,8608.0,84.0,,
Mexico,2023-04-10,,,,
Mexico,2023-04-11,,,,
Mexico,2023-04-12,,,,
Mexico,2023-04-13,,,,
Mexico,2023-04-14,,,,
Mexico,2023-04-15,,,,
Mexico,2023-04-16,9869.0,69.0,,
Mexico,2023-04-17,,,,
Mexico,2023-04-18,,,,
Mexico,2023-04-19,,,,
Mexico,2023-04-20,,,,
Mexico,2023-04-21,,,,
Mexico,2023-04-22,,,,
Mexico,2023-04-23,9401.0,73.0,,
Mexico,2023-04-24,,,,
Mexico,2023-04-25,,,,
Mexico,2023-04-26,,,,
Mexico,2023-04-27,,,,
Mexico,2023-04-28,,,,
Mexico,2023-04-29,,,,
Mexico,2023-04-30,9419.0,72.0,,
Mexico,2023-05-01,,,,
Mexico,2023-05-02,,,,
Mexico,2023-05-03,,,,
Mexico,2023-05-04,,,,
Mexico,2023-05-05,,,,
Mexico,2023-05-06,,,,
Mexico,2023-05-07,8109.0,54.0,,
Mexico,2023-05-08,,,,
Mexico,2023-05-09,,,,
Mexico,2023-05-10,,,,
Mexico,2023-05-11,,,,
Mexico,2023-05-12,,,,
Mexico,2023-05-13,,,,
Mexico,2023-05-14,7429.0,38.0,,
Mexico,2023-05-15,,,,
Mexico,2023-05-16,,,,
Mexico,2023-05-17,,,,
Mexico,2023-05-18,,,,
Mexico,2023-05-19,,,,
Mexico,2023-05-20,,,,
Mexico,2023-05-21,,,,
Mexico,2023-05-22,,,,
Mexico,2023-05-23,,,,
Mexico,2023-05-24,,,,
Mexico,2023-05-25,,,,
Mexico,2023-05-26,,,,
Mexico,2023-05-27,,,,
Mexico,2023-05-28,,,,
Mexico,2023-05-29,,,,
Mexico,2023-05-30,,,,
Mexico,2023-05-31,,,,
Mexico,2023-06-01,,,,
Mexico,2023-06-02,,,,
Mexico,2023-06-03,,,,
Mexico,2023-06-04,,,,
Mexico,2023-06-05,,,,
Mexico,2023-06-06,,,,
Mexico,2023-06-07,,,,
Mexico,2023-06-08,,,,
Mexico,2023-06-09,,,,
Mexico,2023-06-10,,,,
Mexico,2023-06-11,,,,
Mexico,2023-06-12,,,,
Mexico,2023-06-13,,,,
Mexico,2023-06-14,,,,
Mexico,2023-06-15,,,,
Mexico,2023-06-16,,,,
Mexico,2023-06-17,,,,
Mexico,2023-06-18,,,,
Mexico,2023-06-19,,,,
Mexico,2023-06-20,,,,
Mexico,2023-06-21,,,,
Mexico,2023-06-22,,,,
Mexico,2023-06-23,,,,
Mexico,2023-06-24,,,,
Mexico,2023-06-25,,,,
Mexico,2023-06-26,,,,
Mexico,2023-06-27,,,,
Mexico,2023-06-28,,,,
Mexico,2023-06-29,,,,
Mexico,2023-06-30,,,,
Mexico,2023-07-01,,,,
Mexico,2023-07-02,,,,
Mexico,2023-07-03,,,,
Mexico,2023-07-04,,,,
Mexico,2023-07-05,,,,
Mexico,2023-07-06,,,,
Mexico,2023-07-07,,,,
Mexico,2023-07-08,,,,
Mexico,2023-07-09,,,,
Mexico,2023-07-10,,,,
Mexico,2023-07-11,,,,
Mexico,2023-07-12,,,,
Mexico,2023-07-13,,,,
Mexico,2023-07-14,,,,
Mexico,2023-07-15,,,,
Mexico,2023-07-16,,,,
Mexico,2023-07-17,,,,
Mexico,2023-07-18,,,,
Mexico,2023-07-19,,,,
Mexico,2023-07-20,,,,
Mexico,2023-07-21,,,,
Mexico,2023-07-22,,,,
Mexico,2023-07-23,,,,
Mexico,2023-07-24,,,,
Mexico,2023-07-25,,,,
Mexico,2023-07-26,,,,
Mexico,2023-07-27,,,,
Mexico,2023-07-28,,,,
Mexico,2023-07-29,,,,
Mexico,2023-07-30,,,,
Mexico,2023-07-31,,,,
Mexico,2023-08-01,,,,
Mexico,2023-08-02,,,,
Mexico,2023-08-03,,,,
Mexico,2023-08-04,,,,
Mexico,2023-08-05,,,,
Mexico,2023-08-06,,,,
Mexico,2023-08-07,,,,
Mexico,2023-08-08,,,,
Mexico,2023-08-09,,,,
Mexico,2023-08-10,,,,
Mexico,2023-08-11,,,,
Mexico,2023-08-12,,,,
Mexico,2023-08-13,,,,
Mexico,2023-08-14,,,,
Mexico,2023-08-15,,,,
Mexico,2023-08-16,,,,
Mexico,2023-08-17,,,,
Mexico,2023-08-18,,,,
Mexico,2023-08-19,,,,
Mexico,2023-08-20,,,,
Mexico,2023-08-21,,,,
Mexico,2023-08-22,,,,
Mexico,2023-08-23,,,,
Mexico,2023-08-24,,,,
Mexico,2023-08-25,,,,
Mexico,2023-08-26,,,,
Mexico,2023-08-27,,,,
Mexico,2023-08-28,,,,
Mexico,2023-08-29,,,,
Mexico,2023-08-30,,,,
Mexico,2023-08-31,,,,
Mexico,2023-09-01,,,,
Mexico,2023-09-02,,,,
Mexico,2023-09-03,,,,
Mexico,2023-09-04,,,,
Mexico,2023-09-05,,,,
Mexico,2023-09-06,,,,
Mexico,2023-09-07,,,,
Mexico,2023-09-08,,,,
Mexico,2023-09-09,,,,
Mexico,2023-09-10,,,,
Mexico,2023-09-11,,,,
Mexico,2023-09-12,,,,
Mexico,2023-09-13,,,,
Mexico,2023-09-14,,,,
Mexico,2023-09-15,,,,
Mexico,2023-09-16,,,,
Mexico,2023-09-17,,,,
Mexico,2023-09-18,,,,
Mexico,2023-09-19,,,,
Mexico,2023-09-20,,,,
Mexico,2023-09-21,,,,
Mexico,2023-09-22,,,,
Mexico,2023-09-23,,,,
Mexico,2023-09-24,,,,
Mexico,2023-09-25,,,,
Mexico,2023-09-26,,,,
Mexico,2023-09-27,,,,
Mexico,2023-09-28,,,,
Mexico,2023-09-29,,,,
Mexico,2023-09-30,,,,
Mexico,2023-10-01,,,,
Mexico,2023-10-02,,,,
Mexico,2023-10-03,,,,
Mexico,2023-10-04,,,,
Mexico,2023-10-05,,,,
Mexico,2023-10-06,,,,
Mexico,2023-10-07,,,,
Mexico,2023-10-08,,,,
Mexico,2023-10-09,,,,
Mexico,2023-10-10,,,,
Mexico,2023-10-11,,,,
Mexico,2023-10-12,,,,
Mexico,2023-10-13,,,,
Mexico,2023-10-14,,,,
Mexico,2023-10-15,,,,
Mexico,2023-10-16,,,,
Mexico,2023-10-17,,,,
Mexico,2023-10-18,,,,
Mexico,2023-10-19,,,,
Mexico,2023-10-20,,,,
Mexico,2023-10-21,,,,
Mexico,2023-10-22,,,,
Mexico,2023-10-23,,,,
Mexico,2023-10-24,,,,
Mexico,2023-10-25,,,,
Mexico,2023-10-26,,,,
Mexico,2023-10-27,,,,
Mexico,2023-10-28,,,,
Mexico,2023-10-29,,,,
Mexico,2023-10-30,,,,
Mexico,2023-10-31,,,,
Mexico,2023-11-01,,,,
Mexico,2023-11-02,,,,
Mexico,2023-11-03,,,,
Mexico,2023-11-04,,,,
Mexico,2023-11-05,,,,
Mexico,2023-11-06,,,,
Mexico,2023-11-07,,,,
Mexico,2023-11-08,,,,
Mexico,2023-11-09,,,,
Mexico,2023-11-10,,,,
Mexico,2023-11-11,,,,
Mexico,2023-11-12,,,,
Mexico,2023-11-13,,,,
Mexico,2023-11-14,,,,
Mexico,2023-11-15,,,,
Mexico,2023-11-16,,,,
Mexico,2023-11-17,,,,
Mexico,2023-11-18,,,,
Mexico,2023-11-19,,,,
Mexico,2023-11-20,,,,
Mexico,2023-11-21,,,,
Mexico,2023-11-22,,,,
Mexico,2023-11-23,,,,
Mexico,2023-11-24,,,,
Mexico,2023-11-25,,,,
Mexico,2023-11-26,,,,
Mexico,2023-11-27,,,,
Mexico,2023-11-28,,,,
Mexico,2023-11-29,,,,
Mexico,2023-11-30,,,,
Mexico,2023-12-01,,,,
Mexico,2023-12-02,,,,
Mexico,2023-12-03,,,,
Mexico,2023-12-04,,,,
Mexico,2023-12-05,,,,
Mexico,2023-12-06,,,,
Mexico,2023-12-07,,,,
Mexico,2023-12-08,,,,
Mexico,2023-12-09,,,,
Mexico,2023-12-10,,,,
Mexico,2023-12-11,,,,
Mexico,2023-12-12,,,,
Mexico,2023-12-13,,,,
Mexico,2023-12-14,,,,
Mexico,2023-12-15,,,,
Mexico,2023-12-16,,,,
Mexico,2023-12-17,,,,
Mexico,2023-12-18,,,,
Mexico,2023-12-19,,,,
Mexico,2023-12-20,,,,
Mexico,2023-12-21,,,,
Mexico,2023-12-22,,,,
Mexico,2023-12-23,,,,
Mexico,2023-12-24,,,,
Mexico,2023-12-25,,,,
Mexico,2023-12-26,,,,
Mexico,2023-12-27,,,,
Mexico,2023-12-28,,,,
Mexico,2023-12-29,,,,
Mexico,2023-12-30,,,,
Mexico,2023-12-31,,,,
Mexico,2024-01-01,,,,
Mexico,2024-01-02,206.0,5.0,,
Mexico,2024-01-03,,,,
Mexico,2024-01-04,,,,
Mexico,2024-01-05,,,,
Mexico,2024-01-06,,,,
Mexico,2024-01-07,,,,
Mexico,2024-01-08,,,,
Mexico,2024-01-09,302.0,10.0,,
Mexico,2024-01-10,,,,
Mexico,2024-01-11,,,,
Mexico,2024-01-12,,,,
Mexico,2024-01-13,,,,
Mexico,2024-01-14,,,,
Mexico,2024-01-15,,,,
Mexico,2024-01-16,547.0,15.0,,
Mexico,2024-01-17,,,,
Mexico,2024-01-18,,,,
Mexico,2024-01-19,,,,
Mexico,2024-01-20,,,,
Mexico,2024-01-21,,,,
Mexico,2024-01-22,,,,
Mexico,2024-01-23,624.0,23.0,,
Mexico,2024-01-24,,,,
Mexico,2024-01-25,,,,
Mexico,2024-01-26,,,,
Mexico,2024-01-27,,,,
Mexico,2024-01-28,,,,
Mexico,2024-01-29,,,,
Mexico,2024-01-30,659.0,20.0,,
Mexico,2024-01-31,,,,
Mexico,2024-02-01,,,,
Mexico,2024-02-02,,,,
Mexico,2024-02-03,,,,
Mexico,2024-02-04,,,,
Mexico,2024-02-05,,,,
Mexico,2024-02-06,728.0,22.0,,
Mexico,2024-02-07,,,,
Mexico,2024-02-08,,,,
Mexico,2024-02-09,,,,
Mexico,2024-02-10,,,,
Mexico,2024-02-11,,,,
Mexico,2024-02-12,,,,
Mexico,2024-02-13,670.0,23.0,,
Mexico,2024-02-14,,,,
Mexico,2024-02-15,,,,
Mexico,2024-02-16,,,,
Mexico,2024-02-17,,,,
Mexico,2024-02-18,,,,
Mexico,2024-02-19,,,,
Mexico,2024-02-20,604.0,23.0,,
Mexico,2024-02-21,,,,
Mexico,2024-02-22,,,,
Mexico,2024-02-23,,,,
Mexico,2024-02-24,,,,
Mexico,2024-02-25,,,,
Mexico,2024-02-26,,,,
Mexico,2024-02-27,550.0,25.0,,
Mexico,2024-02-28,,,,
Mexico,2024-02-29,,,,
Mexico,2024-03-01,,,,
Mexico,2024-03-02,,,,
Mexico,2024-03-03,,,,
Mexico,2024-03-04,,,,
Mexico,2024-03-05,387.0,38.0,,
Mexico,2024-03-06,,,,
Mexico,2024-03-07,,,,
Mexico,2024-03-08,,,,
Mexico,2024-03-09,,,,
Mexico,2024-03-10,,,,
Mexico,2024-03-11,,,,
Mexico,2024-03-12,263.0,18.0,,
Mexico,2024-03-13,,,,
Mexico,2024-03-14,,,,
Mexico,2024-03-15,,,,
Mexico,2024-03-16,,,,
Mexico,2024-03-17,,,,
Mexico,2024-03-18,,,,
Mexico,2024-03-19,219.0,28.0,,
Mexico,2024-03-20,,,,
Mexico,2024-03-21,,,,
Mexico,2024-03-22,,,,
Mexico,2024-03-23,,,,
Mexico,2024-03-24,,,,
Mexico,2024-03-25,,,,
Mexico,2024-03-26,144.0,13.0,,
Mexico,2024-03-27,,,,
Mexico,2024-03-28,,,,
Mexico,2024-03-29,,,,
Mexico,2024-03-30,,,,
Mexico,2024-03-31,,,,
Mexico,2024-04-01,,,,
Mexico,2024-04-02,208.0,14.0,,
Mexico,2024-04-03,,,,
Mexico,2024-04-04,,,,
Mexico,2024-04-05,,,,
Mexico,2024-04-06,,,,
Mexico,2024-04-07,,,,
Mexico,2024-04-08,,,,
Mexico,2024-04-09,134.0,9.0,,
Mexico,2024-04-10,,,,
Mexico,2024-04-11,,,,
Mexico,2024-04-12,,,,
Mexico,2024-04-13,,,,
Mexico,2024-04-14,,,,
Mexico,2024-04-15,,,,
Mexico,2024-04-16,140.0,10.0,,
Mexico,2024-04-17,,,,
Mexico,2024-04-18,,,,
Mexico,2024-04-19,,,,
Mexico,2024-04-20,,,,
Mexico,2024-04-21,,,,
Mexico,2024-04-22,,,,
Mexico,2024-04-23,124.0,10.0,,
Mexico,2024-04-24,,,,
Mexico,2024-04-25,,,,
Mexico,2024-04-26,,,,
Mexico,2024-04-27,,,,
Mexico,2024-04-28,,,,
Mexico,2024-04-29,,,,
Mexico,2024-04-30,92.0,9.0,,
Mexico,2024-05-01,,,,
Mexico,2024-05-02,,,,
Mexico,2024-05-03,,,,
Mexico,2024-05-04,,,,
Mexico,2024-05-05,,,,
Mexico,2024-05-06,,,,
Mexico,2024-05-07,108.0,7.0,,
Mexico,2024-05-08,,,,
Mexico,2024-05-09,,,,
Mexico,2024-05-10,,,,
Mexico,2024-05-11,,,,
Mexico,2024-05-12,,,,
Mexico,2024-05-13,,,,
Mexico,2024-05-14,139.0,13.0,,
Mexico,2024-05-15,,,,
Mexico,2024-05-16,,,,
Mexico,2024-05-17,,,,
Mexico,2024-05-18,,,,
Mexico,2024-05-19,,,,
Mexico,2024-05-20,,,,
Mexico,2024-05-21,125.0,12.0,,
Mexico,2024-05-22,,,,
Mexico,2024-05-23,,,,
Mexico,2024-05-24,,,,
Mexico,2024-05-25,,,,
Mexico,2024-05-26,,,,
Mexico,2024-05-27,,,,
Mexico,2024-05-28,123.0,9.0,,
Mexico,2024-05-29,,,,
Mexico,2024-05-30,,,,
Mexico,2024-05-31,,,,
Mexico,2024-06-01,,,,
Mexico,2024-06-02,,,,
Mexico,2024-06-03,,,,
Mexico,2024-06-04,144.0,11.0,,
Mexico,2024-06-05,,,,
Mexico,2024-06-06,,,,
Mexico,2024-06-07,,,,
Mexico,2024-06-08,,,,
Mexico,2024-06-09,,,,
Mexico,2024-06-10,,,,
Mexico,2024-06-11,183.0,6.0,,
Mexico,2024-06-12,,,,
Mexico,2024-06-13,,,,
Mexico,2024-06-14,,,,
Mexico,2024-06-15,,,,
Mexico,2024-06-16,,,,
Mexico,2024-06-17,,,,
Mexico,2024-06-18,195.0,13.0,,
Mexico,2024-06-19,,,,
Mexico,2024-06-20,,,,
Mexico,2024-06-21,,,,
Mexico,2024-06-22,,,,
Mexico,2024-06-23,,,,
Mexico,2024-06-24,,,,
Mexico,2024-06-25,262.0,5.0,,
Mexico,2024-06-26,,,,
Mexico,2024-06-27,,,,
Mexico,2024-06-28,,,,
Mexico,2024-06-29,,,,
Mexico,2024-06-30,,,,
Mexico,2024-07-01,,,,
Mexico,2024-07-02,403.0,12.0,,
Mexico,2024-07-03,,,,
Mexico,2024-07-04,,,,
Mexico,2024-07-05,,,,
Mexico,2024-07-06,,,,
Mexico,2024-07-07,,,,
Mexico,2024-07-08,,,,
Mexico,2024-07-09,541.0,13.0,,
Mexico,2024-07-10,,,,
Mexico,2024-07-11,,,,
Mexico,2024-07-12,,,,
Mexico,2024-07-13,,,,
Mexico,2024-07-14,,,,
Mexico,2024-07-15,,,,
Mexico,2024-07-16,954.0,22.0,,
Mexico,2024-07-17,,,,
Mexico,2024-07-18,,,,
Mexico,2024-07-19,,,,
Mexico,2024-07-20,,,,
Mexico,2024-07-21,,,,
Mexico,2024-07-22,,,,
Mexico,2024-07-23,902.0,28.0,,
Mexico,2024-07-24,,,,
Mexico,2024-07-25,,,,
Mexico,2024-07-26,,,,
Mexico,2024-07-27,,,,
Mexico,2024-07-28,,,,
Mexico,2024-07-29,,,,
Mexico,2024-07-30,684.0,36.0,,
Mexico,2024-07-31,,,,
Mexico,2024-08-01,,,,
Mexico,2024-08-02,,,,
Mexico,2024-08-03,,,,
Mexico,2024-08-04,,,,
Mexico,2024-08-05,,,,
Mexico,2024-08-06,632.0,39.0,,
Mexico,2024-08-07,,,,
Mexico,2024-08-08,,,,
Mexico,2024-08-09,,,,
Mexico,2024-08-10,,,,
Mexico,2024-08-11,,,,
Mexico,2024-08-12,,,,
Mexico,2024-08-13,469.0,29.0,,
Mexico,2024-08-14,,,,
Mexico,2024-08-15,,,,
Mexico,2024-08-16,,,,
Mexico,2024-08-17,,,,
Mexico,2024-08-18,,,,
Mexico,2024-08-19,,,,
Mexico,2024-08-20,330.0,31.0,,
Mexico,2024-08-21,,,,
Mexico,2024-08-22,,,,
Mexico,2024-08-23,,,,
Mexico,2024-08-24,,,,
Mexico,2024-08-25,,,,
Mexico,2024-08-26,,,,
Mexico,2024-08-27,291.0,16.0,,
Mexico,2024-08-28,,,,
Mexico,2024-08-29,,,,
Mexico,2024-08-30,,,,
Mexico,2024-08-31,,,,
Mexico,2024-09-01,,,,
Mexico,2024-09-02,,,,
Mexico,2024-09-03,247.0,14.0,,
Mexico,2024-09-04,,,,
Mexico,2024-09-05,,,,
Mexico,2024-09-06,,,,
Mexico,2024-09-07,,,,
Mexico,2024-09-08,,,,
Mexico,2024-09-09,,,,
Mexico,2024-09-10,158.0,12.0,,
Mexico,2024-09-11,,,,
Mexico,2024-09-12,,,,
Mexico,2024-09-13,,,,
Mexico,2024-09-14,,,,
Mexico,2024-09-15,,,,
Mexico,2024-09-16,,,,
Mexico,2024-09-17,136.0,6.0,,
Mexico,2024-09-18,,,,
Mexico,2024-09-19,,,,
Mexico,2024-09-20,,,,
Mexico,2024-09-21,,,,
Mexico,2024-09-22,,,,
Mexico,2024-09-23,,,,
Mexico,2024-09-24,91.0,10.0,,
Mexico,2024-09-25,,,,
Mexico,2024-09-26,,,,
Mexico,2024-09-27,,,,
Mexico,2024-09-28,,,,
Mexico,2024-09-29,,,,
Mexico,2024-09-30,,,,
Mexico,2024-10-01,89.0,5.0,,
Mexico,2024-10-02,,,,
Mexico,2024-10-03,,,,
Mexico,2024-10-04,,,,
Mexico,2024-10-05,,,,
Mexico,2024-10-06,,,,
Mexico,2024-10-07,,,,
Mexico,2024-10-08,49.0,9.0,,
Mexico,2024-10-09,,,,
Mexico,2024-10-10,,,,
Mexico,2024-10-11,,,,
Mexico,2024-10-12,,,,
Mexico,2024-10-13,,,,
Mexico,2024-10-14,,,,
Mexico,2024-10-15,32.0,5.0,,
Mexico,2024-10-16,,,,
Mexico,2024-10-17,,,,
Mexico,2024-10-18,,,,
Mexico,2024-10-19,,,,
Mexico,2024-10-20,,,,
Mexico,2024-10-21,,,,
Mexico,2024-10-22,27.0,4.0,,
Mexico,2024-10-23,,,,
Mexico,2024-10-24,,,,
Mexico,2024-10-25,,,,
Mexico,2024-10-26,,,,
Mexico,2024-10-27,,,,
Mexico,2024-10-28,,,,
Mexico,2024-10-29,33.0,2.0,,
Mexico,2024-10-30,,,,
Mexico,2024-10-31,,,,
Mexico,2024-11-01,,,,
Mexico,2024-11-02,,,,
Mexico,2024-11-03,,,,
Mexico,2024-11-04,,,,
Mexico,2024-11-05,39.0,4.0,,
Mexico,2024-11-06,,,,
Mexico,2024-11-07,,,,
Mexico,2024-11-08,,,,
Mexico,2024-11-09,,,,
Mexico,2024-11-10,,,,
Mexico,2024-11-11,,,,
Mexico,2024-11-12,18.0,1.0,,
Mexico,2024-11-13,,,,
Mexico,2024-11-14,,,,
Mexico,2024-11-15,,,,
Mexico,2024-11-16,,,,
Mexico,2024-11-17,,,,
Mexico,2024-11-18,,,,
Mexico,2024-11-19,20.0,1.0,,
Mexico,2024-11-20,,,,
Mexico,2024-11-21,,,,
Mexico,2024-11-22,,,,
Mexico,2024-11-23,,,,
Mexico,2024-11-24,,,,
Mexico,2024-11-25,,,,
Mexico,2024-11-26,17.0,1.0,,
Mexico,2024-11-27,,,,
Mexico,2024-11-28,,,,
Mexico,2024-11-29,,,,
Mexico,2024-11-30,,,,
Mexico,2024-12-01,,,,
Mexico,2024-12-02,,,,
Mexico,2024-12-03,28.0,1.0,,
Mexico,2024-12-04,,,,
Mexico,2024-12-05,,,,
Mexico,2024-12-06,,,,
Mexico,2024-12-07,,,,
Mexico,2024-12-08,,,,
Mexico,2024-12-09,,,,
Mexico,2024-12-10,18.0,0.0,,
Mexico,2024-12-11,,,,
Mexico,2024-12-12,,,,
Mexico,2024-12-13,,,,
Mexico,2024-12-14,,,,
Mexico,2024-12-15,,,,
Mexico,2024-12-16,,,,
Mexico,2024-12-17,9.0,0.0,,
Mexico,2024-12-18,,,,
Mexico,2024-12-19,,,,
Mexico,2024-12-20,,,,
Mexico,2024-12-21,,,,
Mexico,2024-12-22,,,,
Mexico,2024-12-23,,,,
Mexico,2024-12-24,0.0,0.0,,
Mexico,2024-12-25,,,,
Mexico,2024-12-26,,,,
Mexico,2024-12-27,,,,
Mexico,2024-12-28,,,,
Mexico,2024-12-29,,,,
Mexico,2024-12-30,,,,
Mexico,2024-12-31,31.0,1.0,,
Russia,2022-01-01,19751.0,847.0,146724190.0,54.17
Russia,2022-01-02,18233.0,811.0,,54.17
Russia,2022-01-03,16343.0,835.0,146733930.0,54.17
Russia,2022-01-04,15903.0,834.0,,54.17
Russia,2022-01-05,15772.0,828.0,,54.17
Russia,2022-01-06,15316.0,802.0,146761432.0,54.17
Russia,2022-01-07,16735.0,787.0,147151775.0,48.61
Russia,2022-01-08,16568.0,796.0,147189126.0,48.61
Russia,2022-01-09,16246.0,763.0,147390352.0,48.61
Russia,2022-01-10,15830.0,741.0,147564815.0,48.61
Russia,2022-01-11,17525.0,783.0,148312773.0,48.61
Russia,2022-01-12,17946.0,745.0,148798883.0,48.61
Russia,2022-01-13,21155.0,740.0,149620043.0,48.61
Russia,2022-01-14,23820.0,739.0,149640850.0,48.61
Russia,2022-01-15,27179.0,723.0,149766287.0,48.61
Russia,2022-01-16,29230.0,686.0,149979932.0,48.61
Russia,2022-01-17,30726.0,670.0,150096505.0,48.61
Russia,2022-01-18,31252.0,688.0,150791871.0,48.61
Russia,2022-01-19,33899.0,698.0,,48.61
Russia,2022-01-20,38850.0,684.0,,48.61
Russia,2022-01-21,49513.0,692.0,151194542.0,48.61
Russia,2022-01-22,57212.0,681.0,151894759.0,48.61
Russia,2022-01-23,63205.0,679.0,151930977.0,48.61
Russia,2022-01-24,65109.0,655.0,152466537.0,48.61
Russia,2022-01-25,67809.0,681.0,152501244.0,48.61
Russia,2022-01-26,74692.0,657.0,152916877.0,48.61
Russia,2022-01-27,88816.0,665.0,,48.61
Russia,2022-01-28,98040.0,673.0,153417808.0,48.61
Russia,2022-01-29,113122.0,668.0,153662331.0,48.61
Russia,2022-01-30,121228.0,617.0,154084022.0,48.61
Russia,2022-01-31,124070.0,621.0,154374065.0,48.61
Russia,2022-02-01,125836.0,663.0,154723714.0,48.61
Russia,2022-02-02,141883.0,678.0,154892987.0,48.61
Russia,2022-02-03,155768.0,667.0,155054047.0,48.61
Russia,2022-02-04,168201.0,682.0,155378595.0,48.61
Russia,2022-02-05,177282.0,714.0,155647358.0,48.61
Russia,2022-02-06,180071.0,661.0,155743283.0,48.61
Russia,2022-02-07,171905.0,609.0,155777605.0,35.56
Russia,2022-02-08,165643.0,698.0,156439421.0,35.54
Russia,2022-02-09,183103.0,669.0,156758382.0,35.53
Russia,2022-02-10,197076.0,701.0,157051145.0,35.53
Russia,2022-02-11,203949.0,722.0,157411762.0,35.53
Russia,2022-02-12,203766.0,729.0,157657205.0,35.52
Russia,2022-02-13,197949.0,706.0,157847689.0,35.51
Russia,2022-02-14,180456.0,683.0,158122926.0,35.5
Russia,2022-02-15,166631.0,704.0,158411769.0,35.49
Russia,2022-02-16,179284.0,748.0,159211213.0,35.48
Russia,2022-02-17,180622.0,790.0,160816996.0,35.47
Russia,2022-02-18,180071.0,784.0,,35.47
Russia,2022-02-19,179147.0,798.0,,35.47
Russia,2022-02-20,170699.0,745.0,,35.47
Russia,2022-02-21,152337.0,735.0,,35.47
Russia,2022-02-22,135172.0,796.0,,35.47
Russia,2022-02-23,137642.0,785.0,,35.47
Russia,2022-02-24,132998.0,762.0,,41.02
Russia,2022-02-25,123460.0,787.0,,41.02
Russia,2022-02-26,123175.0,793.0,,41.02
Russia,2022-02-27,115913.0,769.0,,41.02
Russia,2022-02-28,106920.0,733.0,,41.02
Russia,2022-03-01,97333.0,786.0,,41.02
Russia,2022-03-02,97455.0,784.0,,41.02
Russia,2022-03-03,93026.0,781.0,160920944.0,35.45
Russia,2022-03-04,89174.0,776.0,160957155.0,35.44
Russia,2022-03-05,86769.0,750.0,161195872.0,35.44
Russia,2022-03-06,79863.0,744.0,161243863.0,35.44
Russia,2022-03-07,73162.0,668.0,161246982.0,35.44
Russia,2022-03-08,66576.0,652.0,,35.44
Russia,2022-03-09,58675.0,645.0,161300053.0,35.43
Russia,2022-03-10,51231.0,665.0,161429748.0,35.43
Russia,2022-03-11,50743.0,674.0,161477737.0,35.43
Russia,2022-03-12,48154.0,630.0,161480902.0,35.43
Russia,2022-03-13,44989.0,596.0,,35.43
Russia,2022-03-14,41055.0,533.0,161729803.0,35.43
Russia,2022-03-15,36678.0,558.0,161799245.0,35.42
Russia,2022-03-16,36519.0,576.0,161833738.0,35.42
Russia,2022-03-17,34819.0,561.0,161840383.0,35.42
Russia,2022-03-18,34442.0,524.0,161841637.0,35.42
Russia,2022-03-19,32958.0,495.0,161844766.0,35.42
Russia,2022-03-20,31035.0,434.0,162052208.0,35.42
Russia,2022-03-21,28709.0,409.0,162246779.0,35.42
Russia,2022-03-22,26394.0,472.0,162443249.0,35.41
Russia,2022-03-23,26826.0,429.0,162700595.0,35.41
Russia,2022-03-24,25387.0,418.0,163038146.0,35.4
Russia,2022-03-25,25382.0,398.0,163065113.0,35.4
Russia,2022-03-26,24072.0,395.0,163472534.0,35.39
Russia,2022-03-27,23280.0,338.0,163498591.0,35.39
Russia,2022-03-28,21101.0,335.0,163513489.0,35.39
Russia,2022-03-29,19660.0,339.0,163601171.0,35.39
Russia,2022-03-30,20145.0,352.0,163623016.0,35.39
Russia,2022-03-31,19277.0,345.0,,35.39
Russia,2022-04-01,19164.0,342.0,,35.39
Russia,2022-04-02,17949.0,340.0,,35.39
Russia,2022-04-03,16828.0,304.0,,35.39
Russia,2022-04-04,15291.0,287.0,164105625.0,35.38
Russia,2022-04-05,13947.0,316.0,164203781.0,35.38
Russia,2022-04-06,14661.0,291.0,164252315.0,35.38
Russia,2022-04-07,14355.0,287.0,164655183.0,35.38
Russia,2022-04-08,14311.0,280.0,164655398.0,35.38
Russia,2022-04-09,13573.0,288.0,,35.38
Russia,2022-04-10,13056.0,259.0,,35.38
Russia,2022-04-11,11855.0,248.0,164784981.0,35.37
Russia,2022-04-12,10910.0,281.0,,35.37
Russia,2022-04-13,11754.0,267.0,164818433.0,35.37
Russia,2022-04-14,11348.0,254.0,164994641.0,35.37
Russia,2022-04-15,11432.0,261.0,165034184.0,35.36
Russia,2022-04-16,11095.0,240.0,,35.36
Russia,2022-04-17,10263.0,233.0,,35.36
Russia,2022-04-18,9434.0,213.0,165150500.0,35.36
Russia,2022-04-19,8640.0,235.0,165383251.0,35.36
Russia,2022-04-20,9195.0,223.0,165451803.0,35.36
Russia,2022-04-21,8875.0,197.0,165933619.0,35.36
Russia,2022-04-22,9001.0,195.0,165983904.0,35.36
Russia,2022-04-23,8829.0,171.0,,35.36
Russia,2022-04-24,8446.0,168.0,,35.36
Russia,2022-04-25,7651.0,159.0,,35.36
Russia,2022-04-26,7107.0,176.0,166077704.0,35.34
Russia,2022-04-27,7705.0,163.0,,35.34
Russia,2022-04-28,7681.0,166.0,166202144.0,35.34
Russia,2022-04-29,7710.0,161.0,166371248.0,35.34
Russia,2022-04-30,7363.0,157.0,166388061.0,35.34
Russia,2022-05-01,7047.0,147.0,,35.34
Russia,2022-05-02,6207.0,136.0,166457255.0,35.34
Russia,2022-05-03,5466.0,125.0,166462546.0,23.15
Russia,2022-05-04,5093.0,129.0,166506180.0,23.15
Russia,2022-05-05,5011.0,139.0,,23.15
Russia,2022-05-06,5541.0,136.0,166534236.0,23.15
Russia,2022-05-07,5500.0,132.0,,23.15
Russia,2022-05-08,5447.0,118.0,,23.15
Russia,2022-05-09,5030.0,103.0,,23.15
Russia,2022-05-10,4531.0,101.0,,23.15
Russia,2022-05-11,4102.0,98.0,,23.15
Russia,2022-05-12,4065.0,111.0,,23.15
Russia,2022-05-13,4896.0,105.0,,23.15
Russia,2022-05-14,5047.0,107.0,,23.15
Russia,2022-05-15,4956.0,99.0,,23.15
Russia,2022-05-16,4543.0,89.0,,23.15
Russia,2022-05-17,4122.0,110.0,,23.15
Russia,2022-05-18,4732.0,106.0,,23.15
Russia,2022-05-19,4927.0,97.0,166672811.0,23.15
Russia,2022-05-20,5089.0,96.0,,23.15
Russia,2022-05-21,5034.0,102.0,166676353.0,23.15
Russia,2022-05-22,4710.0,80.0,,23.15
Russia,2022-05-23,4158.0,76.0,,23.15
Russia,2022-05-24,3785.0,90.0,166701737.0,23.15
Russia,2022-05-25,4580.0,93.0,166798541.0,23.15
Russia,2022-05-26,4700.0,91.0,166818877.0,23.15
Russia,2022-05-27,4619.0,84.0,166828750.0,23.15
Russia,2022-05-28,4556.0,86.0,166829407.0,23.15
Russia,2022-05-29,4188.0,85.0,166830060.0,23.15
Russia,2022-05-30,3801.0,74.0,,23.15
Russia,2022-05-31,3526.0,88.0,167125605.0,23.15
Russia,2022-06-01,4151.0,83.0,,23.15
Russia,2022-06-02,4262.0,85.0,167184591.0,23.15
Russia,2022-06-03,4188.0,78.0,,23.15
Russia,2022-06-04,4101.0,82.0,167218973.0,23.15
Russia,2022-06-05,3786.0,75.0,,23.15
Russia,2022-06-06,3349.0,64.0,,23.15
Russia,2022-06-07,3259.0,73.0,167219817.0,23.15
Russia,2022-06-08,3646.0,79.0,167220271.0,23.15
Russia,2022-06-09,3774.0,77.0,,23.15
Russia,2022-06-10,3678.0,70.0,167223461.0,23.15
Russia,2022-06-11,3627.0,72.0,167234970.0,23.15
Russia,2022-06-12,3403.0,65.0,167269203.0,23.15
Russia,2022-06-13,2996.0,56.0,,23.15
Russia,2022-06-14,2797.0,61.0,,23.15
Russia,2022-06-15,2718.0,66.0,,23.15
Russia,2022-06-16,3326.0,67.0,,23.15
Russia,2022-06-17,3373.0,63.0,167805412.0,23.15
Russia,2022-06-18,3382.0,68.0,168160562.0,23.15
Russia,2022-06-19,3081.0,62.0,,23.15
Russia,2022-06-20,2667.0,54.0,,23.15
Russia,2022-06-21,2500.0,60.0,168244558.0,23.15
Russia,2022-06-22,3058.0,66.0,168248674.0,23.15
Russia,2022-06-23,3166.0,68.0,,23.15
Russia,2022-06-24,3154.0,65.0,168286901.0,23.15
Russia,2022-06-25,3072.0,61.0,,23.15
Russia,2022-06-26,3004.0,55.0,,23.15
Russia,2022-06-27,2683.0,51.0,168877773.0,23.15
Russia,2022-06-28,2541.0,59.0,,22.69
Russia,2022-06-29,3028.0,54.0,168942751.0,22.69
Russia,2022-06-30,3106.0,56.0,,22.69
Russia,2022-07-01,3155.0,53.0,,22.69
Russia,2022-07-02,3285.0,51.0,,22.69
Russia,2022-07-03,3080.0,47.0,,22.69
Russia,2022-07-04,2866.0,43.0,168992435.0,22.69
Russia,2022-07-05,2676.0,48.0,,22.69
Russia,2022-07-06,3150.0,44.0,,22.69
Russia,2022-07-07,3359.0,52.0,,22.69
Russia,2022-07-08,3464.0,49.0,,22.69
Russia,2022-07-09,3539.0,45.0,,22.69
Russia,2022-07-10,3398.0,39.0,169032177.0,22.69
Russia,2022-07-11,3097.0,38.0,169145557.0,22.69
Russia,2022-07-12,3002.0,48.0,,22.69
Russia,2022-07-13,3929.0,42.0,,31.02
Russia,2022-07-14,4238.0,43.0,,31.02
Russia,2022-07-15,4457.0,40.0,,31.02
Russia,2022-07-16,4698.0,41.0,,31.02
Russia,2022-07-17,4664.0,46.0,,31.02
Russia,2022-07-18,4548.0,35.0,169349030.0,31.02
Russia,2022-07-19,4200.0,44.0,169672751.0,31.02
Russia,2022-07-20,5685.0,37.0,,31.02
Russia,2022-07-21,6391.0,42.0,,31.02
Russia,2022-07-22,6659.0,41.0,,31.02
Russia,2022-07-23,6953.0,38.0,,31.02
Russia,2022-07-24,7523.0,37.0,169735679.0,31.02
Russia,2022-07-25,6571.0,34.0,,31.02
Russia,2022-07-26,6183.0,47.0,170172145.0,31.02
Russia,2022-07-27,9027.0,36.0,170307823.0,31.02
Russia,2022-07-28,11515.0,41.0,,31.02
Russia,2022-07-29,11422.0,39.0,,31.02
Russia,2022-07-30,12248.0,43.0,,31.02
Russia,2022-07-31,12498.0,38.0,,31.02
Russia,2022-08-01,10824.0,36.0,,31.02
Russia,2022-08-02,9560.0,48.0,170939937.0,31.02
Russia,2022-08-03,14638.0,43.0,,31.02
Russia,2022-08-04,17126.0,44.0,,31.02
Russia,2022-08-05,18555.0,47.0,171469139.0,31.02
Russia,2022-08-06,19974.0,46.0,,31.02
Russia,2022-08-07,20303.0,44.0,,31.02
Russia,2022-08-08,17862.0,45.0,171567996.0,31.02
Russia,2022-08-09,16325.0,60.0,171574030.0,31.02
Russia,2022-08-10,23771.0,56.0,171598127.0,31.02
Russia,2022-08-11,25815.0,52.0,,31.02
Russia,2022-08-12,27810.0,57.0,,31.02
Russia,2022-08-13,28694.0,60.0,,31.02
Russia,2022-08-14,28982.0,54.0,172190537.0,31.02
Russia,2022-08-15,25273.0,53.0,,31.02
Russia,2022-08-16,23909.0,59.0,,31.02
Russia,2022-08-17,33106.0,63.0,,31.02
Russia,2022-08-18,35809.0,62.0,,31.02
Russia,2022-08-19,37609.0,65.0,172353049.0,31.02
Russia,2022-08-20,40010.0,69.0,,31.02
Russia,2022-08-21,39669.0,64.0,,31.02
Russia,2022-08-22,33061.0,57.0,172776605.0,31.02
Russia,2022-08-23,30967.0,69.0,,31.02
Russia,2022-08-24,40231.0,72.0,173249265.0,31.02
Russia,2022-08-25,43919.0,71.0,173448592.0,31.02
Russia,2022-08-26,46452.0,81.0,173452712.0,31.02
Russia,2022-08-27,47093.0,90.0,,31.02
Russia,2022-08-28,46857.0,83.0,,31.02
Russia,2022-08-29,39658.0,77.0,173640371.0,31.02
Russia,2022-08-30,37067.0,94.0,174268516.0,31.02
Russia,2022-08-31,46321.0,92.0,174883953.0,31.02
Russia,2022-09-01,49761.0,95.0,,31.02
Russia,2022-09-02,50952.0,91.0,175086336.0,31.02
Russia,2022-09-03,51699.0,92.0,,31.02
Russia,2022-09-04,48042.0,87.0,,31.02
Russia,2022-09-05,41690.0,76.0,,31.02
Russia,2022-09-06,38500.0,95.0,,31.02
Russia,2022-09-07,47958.0,94.0,,31.02
Russia,2022-09-08,50618.0,93.0,,31.02
Russia,2022-09-09,52106.0,96.0,,31.02
Russia,2022-09-10,53486.0,97.0,,31.02
Russia,2022-09-11,52829.0,86.0,,31.02
Russia,2022-09-12,46488.0,81.0,175254853.0,31.02
Russia,2022-09-13,44045.0,101.0,175700223.0,31.02
Russia,2022-09-14,51735.0,98.0,175762402.0,31.02
Russia,2022-09-15,56126.0,99.0,175945341.0,31.02
Russia,2022-09-16,59035.0,110.0,175974391.0,31.02
Russia,2022-09-17,58305.0,107.0,,31.02
Russia,2022-09-18,56751.0,101.0,,31.02
Russia,2022-09-19,49488.0,91.0,176402953.0,31.02
Russia,2022-09-20,46474.0,98.0,176736408.0,31.02
Russia,2022-09-21,53045.0,107.0,176836345.0,31.02
Russia,2022-09-22,53457.0,106.0,176983063.0,31.02
Russia,2022-09-23,53335.0,104.0,,31.02
Russia,2022-09-24,51269.0,111.0,,31.02
Russia,2022-09-25,46758.0,95.0,,31.02
Russia,2022-09-26,40188.0,85.0,177713003.0,31.02
Russia,2022-09-27,36605.0,101.0,,31.02
Russia,2022-09-28,40017.0,111.0,177816467.0,31.02
Russia,2022-09-29,38739.0,109.0,177912460.0,31.02
Russia,2022-09-30,37286.0,106.0,178107276.0,31.02
Russia,2022-10-01,33186.0,103.0,,31.02
Russia,2022-10-02,30085.0,96.0,,31.02
Russia,2022-10-03,24158.0,91.0,178321974.0,31.02
Russia,2022-10-04,21687.0,107.0,178687641.0,31.02
Russia,2022-10-05,23757.0,113.0,178835717.0,31.02
Russia,2022-10-06,23045.0,108.0,,31.02
Russia,2022-10-07,22268.0,104.0,178849380.0,31.02
Russia,2022-10-08,20571.0,106.0,,31.02
Russia,2022-10-09,18819.0,102.0,,31.02
Russia,2022-10-10,15661.0,96.0,178920360.0,31.02
Russia,2022-10-11,13970.0,109.0,,31.02
Russia,2022-10-12,15640.0,105.0,178944598.0,31.02
Russia,2022-10-13,15477.0,101.0,179202586.0,31.02
Russia,2022-10-14,14736.0,99.0,,31.02
Russia,2022-10-15,13384.0,98.0,,31.02
Russia,2022-10-16,12354.0,94.0,,31.02
Russia,2022-10-17,10403.0,92.0,179687898.0,31.02
Russia,2022-10-18,9474.0,91.0,,22.69
Russia,2022-10-19,10656.0,92.0,,22.69
Russia,2022-10-20,10067.0,90.0,,22.69
Russia,2022-10-21,9761.0,93.0,179768583.0,22.69
Russia,2022-10-22,9348.0,90.0,,22.69
Russia,2022-10-23,8672.0,88.0,,22.69
Russia,2022-10-24,7329.0,89.0,179791916.0,22.69
Russia,2022-10-25,6578.0,84.0,,22.69
Russia,2022-10-26,7518.0,80.0,,22.69
Russia,2022-10-27,7849.0,82.0,180177841.0,22.69
Russia,2022-10-28,7606.0,78.0,,22.69
Russia,2022-10-29,7107.0,79.0,,22.69
Russia,2022-10-30,6803.0,75.0,,22.69
Russia,2022-10-31,5781.0,71.0,180354300.0,22.69
Russia,2022-11-01,5252.0,72.0,,22.69
Russia,2022-11-02,6385.0,68.0,,22.69
Russia,2022-11-03,6375.0,73.0,180506700.0,22.69
Russia,2022-11-04,6149.0,71.0,,22.69
Russia,2022-11-05,5617.0,67.0,,22.69
Russia,2022-11-06,4566.0,62.0,,22.69
Russia,2022-11-07,4421.0,61.0,,22.69
Russia,2022-11-08,4320.0,63.0,,22.69
Russia,2022-11-09,5335.0,62.0,,22.69
Russia,2022-11-10,5594.0,61.0,,22.69
Russia,2022-11-11,5554.0,67.0,181063313.0,22.69
Russia,2022-11-12,5514.0,62.0,,22.69
Russia,2022-11-13,5364.0,60.0,,22.69
Russia,2022-11-14,4578.0,61.0,,22.69
Russia,2022-11-15,4431.0,64.0,,22.69
Russia,2022-11-16,5380.0,63.0,,22.69
Russia,2022-11-17,5680.0,61.0,,22.69
Russia,2022-11-18,5546.0,60.0,181120444.0,22.69
Russia,2022-11-19,5445.0,62.0,,22.69
Russia,2022-11-20,5217.0,59.0,,22.69
Russia,2022-11-21,4662.0,55.0,,22.69
Russia,2022-11-22,4460.0,59.0,,11.11
Russia,2022-11-23,5631.0,54.0,181894298.0,11.11
Russia,2022-11-24,5784.0,58.0,,11.11
Russia,2022-11-25,5992.0,56.0,,11.11
Russia,2022-11-26,6088.0,53.0,,11.11
Russia,2022-11-27,5918.0,51.0,,11.11
Russia,2022-11-28,5048.0,50.0,,11.11
Russia,2022-11-29,4928.0,53.0,,11.11
Russia,2022-11-30,6088.0,59.0,,11.11
Russia,2022-12-01,6785.0,58.0,,11.11
Russia,2022-12-02,6721.0,57.0,,11.11
Russia,2022-12-03,6669.0,59.0,182669867.0,11.11
Russia,2022-12-04,6598.0,55.0,182741127.0,11.11
Russia,2022-12-05,5667.0,52.0,,11.11
Russia,2022-12-06,5561.0,59.0,,11.11
Russia,2022-12-07,6935.0,58.0,,11.11
Russia,2022-12-08,7430.0,54.0,,11.11
Russia,2022-12-09,7465.0,52.0,,11.11
Russia,2022-12-10,7397.0,54.0,,11.11
Russia,2022-12-11,7096.0,51.0,182811953.0,11.11
Russia,2022-12-12,6376.0,50.0,,11.11
Russia,2022-12-13,5977.0,59.0,,11.11
Russia,2022-12-14,7532.0,55.0,183351734.0,11.11
Russia,2022-12-15,7833.0,57.0,,11.11
Russia,2022-12-16,8451.0,59.0,183356011.0,11.11
Russia,2022-12-17,7531.0,58.0,,11.11
Russia,2022-12-18,7222.0,51.0,,11.11
Russia,2022-12-19,6341.0,50.0,,11.11
Russia,2022-12-20,5994.0,57.0,183358313.0,11.11
Russia,2022-12-21,7442.0,59.0,,11.11
Russia,2022-12-22,7451.0,54.0,,11.11
Russia,2022-12-23,7409.0,57.0,,11.11
Russia,2022-12-24,6986.0,54.0,,11.11
Russia,2022-12-25,6595.0,52.0,,11.11
Russia,2022-12-26,5335.0,50.0,,11.11
Russia,2022-12-27,5197.0,59.0,183856503.0,11.11
Russia,2022-12-28,6202.0,56.0,,11.11
Russia,2022-12-29,6146.0,56.0,,11.11
Russia,2022-12-30,5810.0,50.0,,11.11
Russia,2022-12-31,5527.0,58.0,183889038.0,11.11
Russia,2023-01-01,5038.0,50.0,,
Russia,2023-01-02,3884.0,43.0,,
Russia,2023-01-03,3080.0,48.0,,
Russia,2023-01-04,3328.0,45.0,183894218.0,
Russia,2023-01-05,3274.0,47.0,,
Russia,2023-01-06,3439.0,41.0,,
Russia,2023-01-07,3303.0,49.0,,
Russia,2023-01-08,3127.0,45.0,,
Russia,2023-01-09,2754.0,41.0,,
Russia,2023-01-10,3032.0,47.0,,
Russia,2023-01-11,4201.0,46.0,184207620.0,
Russia,2023-01-12,4675.0,48.0,,
Russia,2023-01-13,5078.0,47.0,,
Russia,2023-01-14,5102.0,46.0,184226161.0,
Russia,2023-01-15,4789.0,43.0,,
Russia,2023-01-16,4289.0,40.0,,
Russia,2023-01-17,4042.0,45.0,,
Russia,2023-01-18,5478.0,46.0,,
Russia,2023-01-19,5914.0,40.0,184329260.0,
Russia,2023-01-20,6078.0,41.0,,
Russia,2023-01-21,6014.0,43.0,,
Russia,2023-01-22,5729.0,41.0,,
Russia,2023-01-23,4719.0,41.0,,
Russia,2023-01-24,4702.0,42.0,,
Russia,2023-01-25,6442.0,44.0,,
Russia,2023-01-26,7077.0,40.0,,
Russia,2023-01-27,7164.0,41.0,184434902.0,
Russia,2023-01-28,7219.0,42.0,,
Russia,2023-01-29,6941.0,40.0,,
Russia,2023-01-30,5979.0,38.0,,
Russia,2023-01-31,5792.0,45.0,,
Russia,2023-02-01,8504.0,41.0,,
Russia,2023-02-02,9287.0,40.0,184547820.0,
Russia,2023-02-03,9670.0,46.0,,
Russia,2023-02-04,9681.0,40.0,,
Russia,2023-02-05,9410.0,45.0,,
Russia,2023-02-06,8084.0,40.0,185098557.0,
Russia,2023-02-07,7615.0,43.0,,
Russia,2023-02-08,10389.0,44.0,,
Russia,2023-02-09,12301.0,41.0,,
Russia,2023-02-10,12392.0,37.0,,
Russia,2023-02-11,12845.0,36.0,,
Russia,2023-02-12,12347.0,31.0,,
Russia,2023-02-13,11006.0,30.0,185560330.0,
Russia,2023-02-14,9826.0,35.0,,
Russia,2023-02-15,13436.0,36.0,,
Russia,2023-02-16,14740.0,37.0,185624873.0,
Russia,2023-02-17,15359.0,38.0,,
Russia,2023-02-18,15318.0,36.0,,
Russia,2023-02-19,14233.0,36.0,185641260.0,
Russia,2023-02-20,12076.0,30.0,,
Russia,2023-02-21,11277.0,38.0,,
Russia,2023-02-22,13954.0,34.0,,
Russia,2023-02-23,14721.0,37.0,,
Russia,2023-02-24,13829.0,32.0,185672750.0,
Russia,2023-02-25,11071.0,34.0,,
Russia,2023-02-26,9574.0,31.0,,
Russia,2023-02-27,9580.0,30.0,,
Russia,2023-02-28,9753.0,35.0,,
Russia,2023-03-01,13438.0,37.0,,
Russia,2023-03-02,14096.0,39.0,185697869.0,
Russia,2023-03-03,14516.0,40.0,,
Russia,2023-03-04,14049.0,39.0,185755859.0,
Russia,2023-03-05,13559.0,43.0,,
Russia,2023-03-06,11163.0,38.0,,
Russia,2023-03-07,10449.0,42.0,,
Russia,2023-03-08,12320.0,45.0,,
Russia,2023-03-09,12496.0,40.0,,
Russia,2023-03-10,10311.0,44.0,,
Russia,2023-03-11,12241.0,42.0,,
Russia,2023-03-12,11985.0,37.0,186124620.0,
Russia,2023-03-13,10268.0,34.0,,
Russia,2023-03-14,9526.0,44.0,,
Russia,2023-03-15,12046.0,32.0,,
Russia,2023-03-16,13009.0,38.0,,
Russia,2023-03-17,12915.0,35.0,,
Russia,2023-03-18,13009.0,32.0,,
Russia,2023-03-19,12333.0,33.0,186318525.0,
Russia,2023-03-20,10310.0,31.0,,
Russia,2023-03-21,9373.0,34.0,,
Russia,2023-03-22,12001.0,39.0,,
Russia,2023-03-23,12512.0,36.0,186540172.0,
Russia,2023-03-24,12493.0,35.0,,
Russia,2023-03-25,12382.0,37.0,,
Russia,2023-03-26,10940.0,32.0,,
Russia,2023-03-27,8989.0,31.0,,
Russia,2023-03-28,8447.0,37.0,186575672.0,
Russia,2023-03-29,11128.0,33.0,,
Russia,2023-03-30,10750.0,32.0,,
Russia,2023-03-31,11065.0,34.0,,
Russia,2023-04-01,9946.0,36.0,,
Russia,2023-04-02,9591.0,31.0,,
Russia,2023-04-03,7836.0,34.0,186636075.0,
Russia,2023-04-04,7141.0,38.0,,
Russia,2023-04-05,8636.0,36.0,,
Russia,2023-04-06,9371.0,39.0,,
Russia,2023-04-07,8915.0,38.0,,
Russia,2023-04-08,8955.0,37.0,,
Russia,2023-04-09,8008.0,36.0,,
Russia,2023-04-10,6622.0,34.0,,
Russia,2023-04-11,5932.0,38.0,,
Russia,2023-04-12,7282.0,39.0,,
Russia,2023-04-13,7892.0,37.0,,
Russia,2023-04-14,8082.0,35.0,,
Russia,2023-04-15,7445.0,37.0,,
Russia,2023-04-16,7094.0,38.0,,
Russia,2023-04-17,5789.0,36.0,,
Russia,2023-04-18,5257.0,37.0,,
Russia,2023-04-19,6305.0,38.0,186639601.0,
Russia,2023-04-20,7041.0,35.0,,
Russia,2023-04-21,7116.0,33.0,,
Russia,2023-04-22,7030.0,34.0,,
Russia,2023-04-23,6389.0,32.0,,
Russia,2023-04-24,5458.0,34.0,,
Russia,2023-04-25,5093.0,35.0,,
Russia,2023-04-26,6012.0,33.0,,
Russia,2023-04-27,6503.0,33.0,,
Russia,2023-04-28,6548.0,31.0,,
Russia,2023-04-29,5990.0,32.0,186640698.0,
Russia,2023-04-30,5341.0,34.0,,
Russia,2023-05-01,4242.0,31.0,,
Russia,2023-05-02,3404.0,30.0,,
Russia,2023-05-03,3214.0,33.0,,
Russia,2023-05-04,4273.0,32.0,,
Russia,2023-05-05,4215.0,32.0,,
Russia,2023-05-06,4281.0,33.0,186678610.0,
Russia,2023-05-07,3811.0,29.0,,
Russia,2023-05-08,3118.0,28.0,,
Russia,2023-05-09,2726.0,25.0,,
Russia,2023-05-10,2344.0,28.0,,
Russia,2023-05-11,2405.0,24.0,,
Russia,2023-05-12,3111.0,28.0,,
Russia,2023-05-13,3027.0,27.0,,
Russia,2023-05-14,2996.0,25.0,,
Russia,2023-05-15,2379.0,26.0,186681219.0,
Russia,2023-05-16,,,,
Russia,2023-05-17,,,,
Russia,2023-05-18,,,,
Russia,2023-05-19,,,,
Russia,2023-05-20,,,,
Russia,2023-05-21,,,,
Russia,2023-05-22,17118.0,183.0,,
Russia,2023-05-23,,,186681419.0,
Russia,2023-05-24,,,,
Russia,2023-05-25,,,,
Russia,2023-05-26,,,186692479.0,
Russia,2023-05-27,,,,
Russia,2023-05-28,,,,
Russia,2023-05-29,11276.0,138.0,,
Russia,2023-05-30,,,,
Russia,2023-05-31,,,,
Russia,2023-06-01,,,,
Russia,2023-06-02,,,,
Russia,2023-06-03,,,,
Russia,2023-06-04,,,,
Russia,2023-06-05,13309.0,169.0,,
Russia,2023-06-06,,,,
Russia,2023-06-07,,,,
Russia,2023-06-08,,,,
Russia,2023-06-09,,,,
Russia,2023-06-10,,,,
Russia,2023-06-11,,,,
Russia,2023-06-12,4406.0,87.0,,
Russia,2023-06-13,,,,
Russia,2023-06-14,,,,
Russia,2023-06-15,,,,
Russia,2023-06-16,,,,
Russia,2023-06-17,,,,
Russia,2023-06-18,,,,
Russia,2023-06-19,6545.0,123.0,,
Russia,2023-06-20,,,,
Russia,2023-06-21,,,,
Russia,2023-06-22,,,,
Russia,2023-06-23,,,,
Russia,2023-06-24,,,,
Russia,2023-06-25,,,,
Russia,2023-06-26,5789.0,127.0,,
Russia,2023-06-27,,,,
Russia,2023-06-28,,,,
Russia,2023-06-29,,,,
Russia,2023-06-30,,,,
Russia,2023-07-01,,,,
Russia,2023-07-02,,,,
Russia,2023-07-03,4490.0,86.0,,
Russia,2023-07-04,,,186700479.0,
Russia,2023-07-05,,,,
Russia,2023-07-06,,,,
Russia,2023-07-07,,,,
Russia,2023-07-08,,,,
Russia,2023-07-09,,,,
Russia,2023-07-10,4030.0,66.0,,
Russia,2023-07-11,,,,
Russia,2023-07-12,,,,
Russia,2023-07-13,,,,
Russia,2023-07-14,,,,
Russia,2023-07-15,,,,
Russia,2023-07-16,,,,
Russia,2023-07-17,3389.0,57.0,,
Russia,2023-07-18,,,,
Russia,2023-07-19,,,,
Russia,2023-07-20,,,,
Russia,2023-07-21,,,,
Russia,2023-07-22,,,,
Russia,2023-07-23,,,,
Russia,2023-07-24,,,,
Russia,2023-07-25,3182.0,42.0,,
Russia,2023-07-26,,,,
Russia,2023-07-27,,,,
Russia,2023-07-28,,,,
Russia,2023-07-29,,,,
Russia,2023-07-30,,,,
Russia,2023-07-31,,,,
Russia,2023-08-01,2985.0,40.0,,
Russia,2023-08-02,,,,
Russia,2023-08-03,,,,
Russia,2023-08-04,,,,
Russia,2023-08-05,,,,
Russia,2023-08-06,,,,
Russia,2023-08-07,,,,
Russia,2023-08-08,2932.0,43.0,,
Russia,2023-08-09,,,,
Russia,2023-08-10,,,,
Russia,2023-08-11,,,,
Russia,2023-08-12,,,,
Russia,2023-08-13,,,,
Russia,2023-08-14,,,,
Russia,2023-08-15,2944.0,41.0,,
Russia,2023-08-16,,,,
Russia,2023-08-17,,,,
Russia,2023-08-18,,,,
Russia,2023-08-19,,,,
Russia,2023-08-20,,,,
Russia,2023-08-21,,,,
Russia,2023-08-22,3378.0,34.0,,
Russia,2023-08-23,,,,
Russia,2023-08-24,,,,
Russia,2023-08-25,,,,
Russia,2023-08-26,,,,
Russia,2023-08-27,,,,
Russia,2023-08-28,,,,
Russia,2023-08-29,4020.0,11.0,,
Russia,2023-08-30,,,,
Russia,2023-08-31,,,,
Russia,2023-09-01,,,,
Russia,2023-09-02,,,,
Russia,2023-09-03,,,,
Russia,2023-09-04,,,,
Russia,2023-09-05,5217.0,16.0,,
Russia,2023-09-06,,,,
Russia,2023-09-07,,,,
Russia,2023-09-08,,,,
Russia,2023-09-09,,,,
Russia,2023-09-10,,,,
Russia,2023-09-11,,,,
Russia,2023-09-12,7688.0,10.0,,
Russia,2023-09-13,,,,
Russia,2023-09-14,,,,
Russia,2023-09-15,,,,
Russia,2023-09-16,,,,
Russia,2023-09-17,,,,
Russia,2023-09-18,,,,
Russia,2023-09-19,11516.0,14.0,,
Russia,2023-09-20,,,,
Russia,2023-09-21,,,,
Russia,2023-09-22,,,,
Russia,2023-09-23,,,,
Russia,2023-09-24,,,,
Russia,2023-09-25,,,,
Russia,2023-09-26,14435.0,24.0,187374508.0,
Russia,2023-09-27,,,,
Russia,2023-09-28,,,,
Russia,2023-09-29,,,,
Russia,2023-09-30,,,,
Russia,2023-10-01,,,,
Russia,2023-10-02,,,,
Russia,2023-10-03,16429.0,30.0,,
Russia,2023-10-04,,,,
Russia,2023-10-05,,,,
Russia,2023-10-06,,,,
Russia,2023-10-07,,,,
Russia,2023-10-08,,,,
Russia,2023-10-09,,,,
Russia,2023-10-10,16127.0,25.0,,
Russia,2023-10-11,,,,
Russia,2023-10-12,,,,
Russia,2023-10-13,,,,
Russia,2023-10-14,,,,
Russia,2023-10-15,,,,
Russia,2023-10-16,,,,
Russia,2023-10-17,16852.0,43.0,,
Russia,2023-10-18,,,,
Russia,2023-10-19,,,,
Russia,2023-10-20,,,,
Russia,2023-10-21,,,,
Russia,2023-10-22,,,,
Russia,2023-10-23,,,,
Russia,2023-10-24,19922.0,50.0,,
Russia,2023-10-25,,,,
Russia,2023-10-26,,,,
Russia,2023-10-27,,,,
Russia,2023-10-28,,,,
Russia,2023-10-29,,,,
Russia,2023-10-30,34191.0,63.0,,
Russia,2023-10-31,,,,
Russia,2023-11-01,,,,
Russia,2023-11-02,,,,
Russia,2023-11-03,,,,
Russia,2023-11-04,,,,
Russia,2023-11-05,,,,
Russia,2023-11-06,41386.0,76.0,,
Russia,2023-11-07,,,,
Russia,2023-11-08,,,,
Russia,2023-11-09,,,,
Russia,2023-11-10,,,,
Russia,2023-11-11,,,,
Russia,2023-11-12,,,,
Russia,2023-11-13,58150.0,93.0,,
Russia,2023-11-14,,,,
Russia,2023-11-15,,,,
Russia,2023-11-16,,,,
Russia,2023-11-17,,,,
Russia,2023-11-18,,,,
Russia,2023-11-19,,,,
Russia,2023-11-20,77106.0,90.0,,
Russia,2023-11-21,,,,
Russia,2023-11-22,,,,
Russia,2023-11-23,,,,
Russia,2023-11-24,,,,
Russia,2023-11-25,,,,
Russia,2023-11-26,,,,
Russia,2023-11-27,95079.0,138.0,,
Russia,2023-11-28,,,,
Russia,2023-11-29,,,,
Russia,2023-11-30,,,,
Russia,2023-12-01,,,,
Russia,2023-12-02,,,,
Russia,2023-12-03,,,,
Russia,2023-12-04,107174.0,148.0,,
Russia,2023-12-05,,,,
Russia,2023-12-06,,,,
Russia,2023-12-07,,,,
Russia,2023-12-08,,,,
Russia,2023-12-09,,,,
Russia,2023-12-10,,,,
Russia,2023-12-11,96903.0,164.0,,
Russia,2023-12-12,,,,
Russia,2023-12-13,,,,
Russia,2023-12-14,,,,
Russia,2023-12-15,,,,
Russia,2023-12-16,,,,
Russia,2023-12-17,,,,
Russia,2023-12-18,79032.0,186.0,,
Russia,2023-12-19,,,,
Russia,2023-12-20,,,,
Russia,2023-12-21,,,,
Russia,2023-12-22,,,,
Russia,2023-12-23,,,,
Russia,2023-12-24,,,,
Russia,2023-12-25,58797.0,206.0,,
Russia,2023-12-26,,,,
Russia,2023-12-27,,,,
Russia,2023-12-28,,,,
Russia,2023-12-29,,,,
Russia,2023-12-30,,,,
Russia,2023-12-31,,,,
Russia,2024-01-01,25922.0,123.0,,
Russia,2024-01-02,,,,
Russia,2024-01-03,,,,
Russia,2024-01-04,,,,
Russia,2024-01-05,,,,
Russia,2024-01-06,,,,
Russia,2024-01-07,,,,
Russia,2024-01-08,26993.0,150.0,,
Russia,2024-01-09,,,,
Russia,2024-01-10,,,,
Russia,2024-01-11,,,,
Russia,2024-01-12,,,,
Russia,2024-01-13,,,,
Russia,2024-01-14,,,,
Russia,2024-01-15,26000.0,141.0,,
Russia,2024-01-16,,,,
Russia,2024-01-17,,,,
Russia,2024-01-18,,,,
Russia,2024-01-19,,,,
Russia,2024-01-20,,,,
Russia,2024-01-21,,,,
Russia,2024-01-22,24288.0,111.0,,
Russia,2024-01-23,,,,
Russia,2024-01-24,,,,
Russia,2024-01-25,,,,
Russia,2024-01-26,,,,
Russia,2024-01-27,,,,
Russia,2024-01-28,,,,
Russia,2024-01-29,25751.0,107.0,,
Russia,2024-01-30,,,,
Russia,2024-01-31,,,,
Russia,2024-02-01,,,,
Russia,2024-02-02,,,,
Russia,2024-02-03,,,,
Russia,2024-02-04,,,,
Russia,2024-02-05,27400.0,106.0,,
Russia,2024-02-06,,,,
Russia,2024-02-07,,,,
Russia,2024-02-08,,,,
Russia,2024-02-09,,,,
Russia,2024-02-10,,,,
Russia,2024-02-11,,,,
Russia,2024-02-12,28257.0,,,
Russia,2024-02-13,,,,
Russia,2024-02-14,,,,
Russia,2024-02-15,,,,
Russia,2024-02-16,,,,
Russia,2024-02-17,,,,
Russia,2024-02-18,,,,
Russia,2024-02-19,26623.0,65.0,,
Russia,2024-02-20,,,,
Russia,2024-02-21,,,,
Russia,2024-02-22,,,,
Russia,2024-02-23,,,,
Russia,2024-02-24,,,,
Russia,2024-02-25,,,,
Russia,2024-02-26,25835.0,70.0,,
Russia,2024-02-27,,,,
Russia,2024-02-28,,,,
Russia,2024-02-29,,,,
Russia,2024-03-01,,,,
Russia,2024-03-02,,,,
Russia,2024-03-03,,,,
Russia,2024-03-04,24099.0,65.0,,
Russia,2024-03-05,,,,
Russia,2024-03-06,,,,
Russia,2024-03-07,,,,
Russia,2024-03-08,,,,
Russia,2024-03-09,,,,
Russia,2024-03-10,,,,
Russia,2024-03-11,24056.0,77.0,,
Russia,2024-03-12,,,,
Russia,2024-03-13,,,,
Russia,2024-03-14,,,,
Russia,2024-03-15,,,,
Russia,2024-03-16,,,,
Russia,2024-03-17,,,,
Russia,2024-03-18,24912.0,71.0,,
Russia,2024-03-19,,,,
Russia,2024-03-20,,,,
Russia,2024-03-21,,,,
Russia,2024-03-22,,,,
Russia,2024-03-23,,,,
Russia,2024-03-24,,,,
Russia,2024-03-25,21590.0,75.0,,
Russia,2024-03-26,,,,
Russia,2024-03-27,,,,
Russia,2024-03-28,,,,
Russia,2024-03-29,,,,
Russia,2024-03-30,,,,
Russia,2024-03-31,,,,
Russia,2024-04-01,19954.0,69.0,,
Russia,2024-04-02,,,,
Russia,2024-04-03,,,,
Russia,2024-04-04,,,,
Russia,2024-04-05,,,,
Russia,2024-04-06,,,,
Russia,2024-04-07,,,,
Russia,2024-04-08,18137.0,61.0,,
Russia,2024-04-09,,,,
Russia,2024-04-10,,,,
Russia,2024-04-11,,,,
Russia,2024-04-12,,,,
Russia,2024-04-13,,,,
Russia,2024-04-14,,,,
Russia,2024-04-15,16280.0,55.0,,
Russia,2024-04-16,,,,
Russia,2024-04-17,,,,
Russia,2024-04-18,,,,
Russia,2024-04-19,,,,
Russia,2024-04-20,,,,
Russia,2024-04-21,,,,
Russia,2024-04-22,14940.0,69.0,,
Russia,2024-04-23,,,,
Russia,2024-04-24,,,,
Russia,2024-04-25,,,,
Russia,2024-04-26,,,,
Russia,2024-04-27,,,,
Russia,2024-04-28,,,,
Russia,2024-04-29,10913.0,47.0,,
Russia,2024-04-30,,,,
Russia,2024-05-01,,,,
Russia,2024-05-02,,,,
Russia,2024-05-03,,,,
Russia,2024-05-04,,,,
Russia,2024-05-05,,,,
Russia,2024-05-06,10857.0,49.0,,
Russia,2024-05-07,,,,
Russia,2024-05-08,,,,
Russia,2024-05-09,,,,
Russia,2024-05-10,,,,
Russia,2024-05-11,,,,
Russia,2024-05-12,,,,
Russia,2024-05-13,11550.0,8.0,,
Russia,2024-05-14,,,,
Russia,2024-05-15,,,,
Russia,2024-05-16,,,,
Russia,2024-05-17,,,,
Russia,2024-05-18,,,,
Russia,2024-05-19,,,,
Russia,2024-05-20,12342.0,48.0,,
Russia,2024-05-21,,,,
Russia,2024-05-22,,,,
Russia,2024-05-23,,,,
Russia,2024-05-24,,,,
Russia,2024-05-25,,,,
Russia,2024-05-26,,,,
Russia,2024-05-27,12339.0,30.0,,
Russia,2024-05-28,,,,
Russia,2024-05-29,,,,
Russia,2024-05-30,,,,
Russia,2024-05-31,,,,
Russia,2024-06-01,,,,
Russia,2024-06-02,,,,
Russia,2024-06-03,11701.0,44.0,,
Russia,2024-06-04,,,,
Russia,2024-06-05,,,,
Russia,2024-06-06,,,,
Russia,2024-06-07,,,,
Russia,2024-06-08,,,,
Russia,2024-06-09,,,,
Russia,2024-06-10,8168.0,31.0,,
Russia,2024-06-11,,,,
Russia,2024-06-12,,,,
Russia,2024-06-13,,,,
Russia,2024-06-14,,,,
Russia,2024-06-15,,,,
Russia,2024-06-16,,,,
Russia,2024-06-17,6770.0,41.0,,
Russia,2024-06-18,,,,
Russia,2024-06-19,,,,
Russia,2024-06-20,,,,
Russia,2024-06-21,,,,
Russia,2024-06-22,,,,
Russia,2024-06-23,,,,
Russia,2024-06-24,5948.0,19.0,,
Russia,2024-06-25,,,,
Russia,2024-06-26,,,,
Russia,2024-06-27,,,,
Russia,2024-06-28,,,,
Russia,2024-06-29,,,,
Russia,2024-06-30,,,,
Russia,2024-07-01,5847.0,17.0,,
Russia,2024-07-02,,,,
Russia,2024-07-03,,,,
Russia,2024-07-04,,,,
Russia,2024-07-05,,,,
Russia,2024-07-06,,,,
Russia,2024-07-07,,,,
Russia,2024-07-08,5348.0,27.0,,
Russia,2024-07-09,,,,
Russia,2024-07-10,,,,
Russia,2024-07-11,,,,
Russia,2024-07-12,,,,
Russia,2024-07-13,,,,
Russia,2024-07-14,,,,
Russia,2024-07-15,5431.0,20.0,,
Russia,2024-07-16,,,,
Russia,2024-07-17,,,,
Russia,2024-07-18,,,,
Russia,2024-07-19,,,,
Russia,2024-07-20,,,,
Russia,2024-07-21,,,,
Russia,2024-07-22,6148.0,23.0,,
Russia,2024-07-23,,,,
Russia,2024-07-24,,,,
Russia,2024-07-25,,,,
Russia,2024-07-26,,,,
Russia,2024-07-27,,,,
Russia,2024-07-28,,,,
Russia,2024-07-29,7777.0,10.0,,
Russia,2024-07-30,,,,
Russia,2024-07-31,,,,
Russia,2024-08-01,,,,
Russia,2024-08-02,,,,
Russia,2024-08-03,,,,
Russia,2024-08-04,,,,
Russia,2024-08-05,9943.0,14.0,,
Russia,2024-08-06,,,,
Russia,2024-08-07,,,,
Russia,2024-08-08,,,,
Russia,2024-08-09,,,,
Russia,2024-08-10,,,,
Russia,2024-08-11,,,,
Russia,2024-08-12,13254.0,11.0,,
Russia,2024-08-13,,,,
Russia,2024-08-14,,,,
Russia,2024-08-15,,,,
Russia,2024-08-16,,,,
Russia,2024-08-17,,,,
Russia,2024-08-18,,,,
Russia,2024-08-19,17641.0,17.0,,
Russia,2024-08-20,,,,
Russia,2024-08-21,,,,
Russia,2024-08-22,,,,
Russia,2024-08-23,,,,
Russia,2024-08-24,,,,
Russia,2024-08-25,,,,
Russia,2024-08-26,21324.0,28.0,,
Russia,2024-08-27,,,,
Russia,2024-08-28,,,,
Russia,2024-08-29,,,,
Russia,2024-08-30,,,,
Russia,2024-08-31,,,,
Russia,2024-09-01,,,,
Russia,2024-09-02,24895.0,34.0,,
Russia,2024-09-03,,,,
Russia,2024-09-04,,,,
Russia,2024-09-05,,,,
Russia,2024-09-06,,,,
Russia,2024-09-07,,,,
Russia,2024-09-08,,,,
Russia,2024-09-09,32083.0,33.0,,
Russia,2024-09-10,,,,
Russia,2024-09-11,,,,
Russia,2024-09-12,,,,
Russia,2024-09-13,,,,
Russia,2024-09-14,,,,
Russia,2024-09-15,,,,
Russia,2024-09-16,36255.0,27.0,,
Russia,2024-09-17,,,,
Russia,2024-09-18,,,,
Russia,2024-09-19,,,,
Russia,2024-09-20,,,,
Russia,2024-09-21,,,,
Russia,2024-09-22,,,,
Russia,2024-09-23,35689.0,38.0,,
Russia,2024-09-24,,,,
Russia,2024-09-25,,,,
Russia,2024-09-26,,,,
Russia,2024-09-27,,,,
Russia,2024-09-28,,,,
Russia,2024-09-29,,,,
Russia,2024-09-30,33518.0,37.0,,
Russia,2024-10-01,,,,
Russia,2024-10-02,,,,
Russia,2024-10-03,,,,
Russia,2024-10-04,,,,
Russia,2024-10-05,,,,
Russia,2024-10-06,,,,
Russia,2024-10-07,29882.0,36.0,,
Russia,2024-10-08,,,,
Russia,2024-10-09,,,,
Russia,2024-10-10,,,,
Russia,2024-10-11,,,,
Russia,2024-10-12,,,,
Russia,2024-10-13,,,,
Russia,2024-10-14,24777.0,45.0,,
Russia,2024-10-15,,,,
Russia,2024-10-16,,,,
Russia,2024-10-17,,,,
Russia,2024-10-18,,,,
Russia,2024-10-19,,,,
Russia,2024-10-20,,,,
Russia,2024-10-21,24857.0,49.0,,
Russia,2024-10-22,,,,
Russia,2024-10-23,,,,
Russia,2024-10-24,,,,
Russia,2024-10-25,,,,
Russia,2024-10-26,,,,
Russia,2024-10-27,,,,
Russia,2024-10-28,24076.0,70.0,,
Russia,2024-10-29,,,,
Russia,2024-10-30,,,,
Russia,2024-10-31,,,,
Russia,2024-11-01,,,,
Russia,2024-11-02,,,,
Russia,2024-11-03,,,,
Russia,2024-11-04,22398.0,45.0,,
Russia,2024-11-05,,,,
Russia,2024-11-06,,,,
Russia,2024-11-07,,,,
Russia,2024-11-08,,,,
Russia,2024-11-09,,,,
Russia,2024-11-10,,,,
Russia,2024-11-11,25108.0,46.0,,
Russia,2024-11-12,,,,
Russia,2024-11-13,,,,
Russia,2024-11-14,,,,
Russia,2024-11-15,,,,
Russia,2024-11-16,,,,
Russia,2024-11-17,,,,
Russia,2024-11-18,28958.0,49.0,,
Russia,2024-11-19,,,,
Russia,2024-11-20,,,,
Russia,2024-11-21,,,,
Russia,2024-11-22,,,,
Russia,2024-11-23,,,,
Russia,2024-11-24,,,,
Russia,2024-11-25,31138.0,61.0,,
Russia,2024-11-26,,,,
Russia,2024-11-27,,,,
Russia,2024-11-28,,,,
Russia,2024-11-29,,,,
Russia,2024-11-30,,,,
Russia,2024-12-01,,,,
Russia,2024-12-02,33782.0,47.0,,
Russia,2024-12-03,,,,
Russia,2024-12-04,,,,
Russia,2024-12-05,,,,
Russia,2024-12-06,,,,
Russia,2024-12-07,,,,
Russia,2024-12-08,,,,
Russia,2024-12-09,33211.0,48.0,,
Russia,2024-12-10,,,,
Russia,2024-12-11,,,,
Russia,2024-12-12,,,,
Russia,2024-12-13,,,,
Russia,2024-12-14,,,,
Russia,2024-12-15,,,,
Russia,2024-12-16,27813.0,56.0,,
Russia,2024-12-17,,,,
Russia,2024-12-18,,,,
Russia,2024-12-19,,,,
Russia,2024-12-20,,,,
Russia,2024-12-21,,,,
Russia,2024-12-22,,,,
Russia,2024-12-23,22496.0,56.0,,
Russia,2024-12-24,,,,
Russia,2024-12-25,,,,
Russia,2024-12-26,,,,
Russia,2024-12-27,,,,
Russia,2024-12-28,,,,
Russia,2024-12-29,,,,
Russia,2024-12-30,10021.0,32.0,,
Russia,2024-12-31,,,,
South Africa,2022-01-01,11754.0,84.0,27966664.0,44.44
South Africa,2022-01-02,9793.0,53.0,27967541.0,44.44
South Africa,2022-01-03,4357.0,30.0,28022126.0,44.44
South Africa,2022-01-04,3076.0,84.0,28153104.0,44.44
South Africa,2022-01-05,8078.0,139.0,,44.44
South Africa,2022-01-06,11106.0,110.0,,44.44
South Africa,2022-01-07,9858.0,551.0,28296823.0,44.44
South Africa,2022-01-08,9259.0,140.0,,44.44
South Africa,2022-01-09,7699.0,119.0,28317883.0,44.44
South Africa,2022-01-10,4542.0,82.0,28514757.0,44.44
South Africa,2022-01-11,2409.0,77.0,28617042.0,44.44
South Africa,2022-01-12,5668.0,119.0,28706020.0,44.44
South Africa,2022-01-13,6760.0,181.0,28794410.0,44.44
South Africa,2022-01-14,5917.0,159.0,28884710.0,44.44
South Africa,2022-01-15,5235.0,128.0,28906789.0,44.44
South Africa,2022-01-16,4590.0,161.0,28911169.0,44.44
South Africa,2022-01-17,2597.0,86.0,28999088.0,44.44
South Africa,2022-01-18,1691.0,87.0,29084973.0,44.44
South Africa,2022-01-19,3657.0,100.0,29169144.0,44.44
South Africa,2022-01-20,4322.0,156.0,29251262.0,44.44
South Africa,2022-01-21,3960.0,139.0,29339383.0,44.44
South Africa,2022-01-22,3519.0,103.0,29363052.0,44.44
South Africa,2022-01-23,3049.0,114.0,,44.44
South Africa,2022-01-24,1931.0,114.0,29452653.0,44.44
South Africa,2022-01-25,1332.0,88.0,,44.44
South Africa,2022-01-26,3197.0,132.0,29626329.0,44.44
South Africa,2022-01-27,4511.0,94.0,29702542.0,44.44
South Africa,2022-01-28,4100.0,160.0,29784202.0,44.44
South Africa,2022-01-29,3789.0,133.0,,44.44
South Africa,2022-01-30,3342.0,121.0,29812348.0,44.44
South Africa,2022-01-31,2226.0,117.0,29884699.0,44.44
South Africa,2022-02-01,1366.0,71.0,,44.44
South Africa,2022-02-02,3085.0,195.0,30031893.0,44.44
South Africa,2022-02-03,4502.0,175.0,30101146.0,44.44
South Africa,2022-02-04,3266.0,82.0,,44.44
South Africa,2022-02-05,2778.0,221.0,,44.44
South Africa,2022-02-06,3357.0,51.0,30189744.0,44.44
South Africa,2022-02-07,1752.0,18.0,,44.44
South Africa,2022-02-08,1228.0,186.0,,44.44
South Africa,2022-02-09,2824.0,268.0,30397805.0,44.44
South Africa,2022-02-10,3628.0,213.0,,44.44
South Africa,2022-02-11,3169.0,203.0,30540615.0,44.44
South Africa,2022-02-12,2862.0,146.0,30555190.0,44.44
South Africa,2022-02-13,2489.0,134.0,30570386.0,44.44
South Africa,2022-02-14,1649.0,8.0,30627415.0,44.44
South Africa,2022-02-15,1094.0,257.0,,44.44
South Africa,2022-02-16,2364.0,181.0,30779273.0,44.44
South Africa,2022-02-17,3699.0,89.0,30858874.0,44.44
South Africa,2022-02-18,3056.0,435.0,,44.44
South Africa,2022-02-19,2800.0,343.0,30959837.0,44.44
South Africa,2022-02-20,2267.0,319.0,30964954.0,40.74
South Africa,2022-02-21,1456.0,50.0,,40.74
South Africa,2022-02-22,1151.0,137.0,31123187.0,40.74
South Africa,2022-02-23,2334.0,64.0,31217929.0,40.74
South Africa,2022-02-24,3117.0,110.0,,40.74
South Africa,2022-02-25,2411.0,40.0,31404302.0,40.74
South Africa,2022-02-26,2111.0,127.0,,40.74
South Africa,2022-02-27,2320.0,46.0,31439128.0,40.74
South Africa,2022-02-28,1266.0,38.0,,40.74
South Africa,2022-03-01,785.0,183.0,31652555.0,40.74
South Africa,2022-03-02,1649.0,18.0,,40.74
South Africa,2022-03-03,1995.0,28.0,,40.74
South Africa,2022-03-04,1853.0,41.0,31989917.0,40.74
South Africa,2022-03-05,1898.0,18.0,32019752.0,40.74
South Africa,2022-03-06,1735.0,26.0,32027166.0,40.74
South Africa,2022-03-07,1147.0,,32126152.0,40.74
South Africa,2022-03-08,801.0,66.0,,40.74
South Africa,2022-03-09,1436.0,16.0,32225496.0,40.74
South Africa,2022-03-10,1867.0,31.0,32322691.0,40.74
South Africa,2022-03-11,1868.0,25.0,32517834.0,40.74
South Africa,2022-03-12,1671.0,28.0,,40.74
South Africa,2022-03-13,1570.0,3.0,32540997.0,40.74
South Africa,2022-03-14,972.0,13.0,32548342.0,40.74
South Africa,2022-03-15,671.0,,32630886.0,40.74
South Africa,2022-03-16,1648.0,2.0,32722417.0,40.74
South Africa,2022-03-17,1980.0,40.0,32817492.0,40.74
South Africa,2022-03-18,1681.0,62.0,32903329.0,40.74
South Africa,2022-03-19,1558.0,39.0,32987853.0,40.74
South Africa,2022-03-20,1287.0,11.0,33008136.0,40.74
South Africa,2022-03-21,889.0,2.0,33014381.0,40.74
South Africa,2022-03-22,566.0,9.0,33023123.0,34.14
South Africa,2022-03-23,912.0,3.0,33105213.0,34.13
South Africa,2022-03-24,1393.0,6.0,33201427.0,34.12
South Africa,2022-03-25,2120.0,33.0,33296217.0,34.12
South Africa,2022-03-26,1557.0,7.0,33379248.0,34.11
South Africa,2022-03-27,1497.0,26.0,33405701.0,34.11
South Africa,2022-03-28,989.0,1.0,,34.11
South Africa,2022-03-29,581.0,4.0,33485691.0,34.1
South Africa,2022-03-30,1557.0,6.0,33569841.0,34.09
South Africa,2022-03-31,1677.0,44.0,33656772.0,34.09
South Africa,2022-04-01,1886.0,12.0,33738165.0,34.08
South Africa,2022-04-02,1692.0,10.0,,34.08
South Africa,2022-04-03,1420.0,4.0,,34.08
South Africa,2022-04-04,889.0,4.0,33821204.0,36.3
South Africa,2022-04-05,685.0,2.0,33875176.0,36.29
South Africa,2022-04-06,1538.0,15.0,33931060.0,36.28
South Africa,2022-04-07,2031.0,3.0,33991918.0,36.27
South Africa,2022-04-08,1481.0,5.0,34054426.0,36.26
South Africa,2022-04-09,1377.0,9.0,34118324.0,36.26
South Africa,2022-04-10,1181.0,12.0,34139709.0,36.25
South Africa,2022-04-11,828.0,,34146981.0,36.25
South Africa,2022-04-12,553.0,2.0,34195988.0,36.25
South Africa,2022-04-13,1291.0,18.0,34253459.0,36.24
South Africa,2022-04-14,1659.0,16.0,34309973.0,36.23
South Africa,2022-04-15,1768.0,6.0,34350797.0,36.22
South Africa,2022-04-16,1846.0,4.0,,36.22
South Africa,2022-04-17,1206.0,2.0,,36.22
South Africa,2022-04-18,832.0,3.0,34362003.0,36.22
South Africa,2022-04-19,877.0,34.0,34366442.0,36.22
South Africa,2022-04-20,1475.0,14.0,34413466.0,36.21
South Africa,2022-04-21,2842.0,16.0,34469342.0,36.2
South Africa,2022-04-22,4406.0,65.0,34526599.0,36.19
South Africa,2022-04-23,4629.0,10.0,34596427.0,36.19
South Africa,2022-04-24,4230.0,12.0,,36.19
South Africa,2022-04-25,3222.0,5.0,34600601.0,36.19
South Africa,2022-04-26,1954.0,30.0,34659733.0,36.18
South Africa,2022-04-27,5062.0,15.0,34726984.0,36.17
South Africa,2022-04-28,6371.0,3.0,34739327.0,36.16
South Africa,2022-04-29,,,34806757.0,36.15
South Africa,2022-04-30,9100.0,9.0,34864969.0,36.15
South Africa,2022-05-01,6527.0,3.0,34877539.0,36.14
South Africa,2022-05-02,3838.0,,34881319.0,36.14
South Africa,2022-05-03,2650.0,7.0,34887157.0,36.14
South Africa,2022-05-04,3785.0,7.0,34941461.0,36.13
South Africa,2022-05-05,15927.0,94.0,34999285.0,36.13
South Africa,2022-05-06,,,35058457.0,36.12
South Africa,2022-05-07,9253.0,34.0,35112052.0,36.11
South Africa,2022-05-08,8524.0,11.0,35124794.0,36.11
South Africa,2022-05-09,5486.0,7.0,35128412.0,36.11
South Africa,2022-05-10,3237.0,10.0,35182056.0,36.1
South Africa,2022-05-11,7523.0,26.0,35243240.0,36.09
South Africa,2022-05-12,10017.0,50.0,35307618.0,36.08
South Africa,2022-05-13,8920.0,21.0,35370563.0,36.07
South Africa,2022-05-14,8349.0,114.0,35425251.0,36.07
South Africa,2022-05-15,8015.0,9.0,35436933.0,36.06
South Africa,2022-05-16,4344.0,2.0,35441399.0,36.06
South Africa,2022-05-17,2952.0,16.0,35494610.0,36.06
South Africa,2022-05-18,5096.0,41.0,35556934.0,36.05
South Africa,2022-05-19,8179.0,55.0,35617595.0,36.04
South Africa,2022-05-20,7238.0,31.0,35679922.0,36.03
South Africa,2022-05-21,6375.0,18.0,35731661.0,36.02
South Africa,2022-05-22,5019.0,15.0,35740663.0,36.02
South Africa,2022-05-23,3220.0,2.0,35744528.0,36.02
South Africa,2022-05-24,1662.0,19.0,35794074.0,36.01
South Africa,2022-05-25,4227.0,50.0,35849352.0,36.01
South Africa,2022-05-26,5284.0,41.0,35903813.0,36.0
South Africa,2022-05-27,3800.0,49.0,35959268.0,35.99
South Africa,2022-05-28,3274.0,36.0,36005670.0,35.98
South Africa,2022-05-29,4074.0,14.0,36015744.0,35.98
South Africa,2022-05-30,1774.0,4.0,36020076.0,35.98
South Africa,2022-05-31,1004.0,16.0,36063285.0,35.98
South Africa,2022-06-01,2806.0,28.0,36105946.0,35.97
South Africa,2022-06-02,2647.0,29.0,36148904.0,35.96
South Africa,2022-06-03,2970.0,31.0,36192016.0,35.95
South Africa,2022-06-04,2028.0,35.0,36230916.0,35.95
South Africa,2022-06-05,1656.0,28.0,36238288.0,35.95
South Africa,2022-06-06,1127.0,4.0,36240713.0,35.95
South Africa,2022-06-07,726.0,33.0,36277964.0,35.94
South Africa,2022-06-08,2062.0,47.0,36319056.0,35.93
South Africa,2022-06-09,2093.0,27.0,36363675.0,35.93
South Africa,2022-06-10,1976.0,24.0,36406003.0,35.92
South Africa,2022-06-11,1591.0,20.0,36439266.0,35.92
South Africa,2022-06-12,975.0,9.0,36446543.0,35.92
South Africa,2022-06-13,962.0,7.0,36448670.0,35.92
South Africa,2022-06-14,536.0,25.0,36484428.0,35.91
South Africa,2022-06-15,710.0,41.0,36522914.0,35.9
South Africa,2022-06-16,1903.0,26.0,36558454.0,35.9
South Africa,2022-06-17,1936.0,8.0,36565633.0,35.9
South Africa,2022-06-18,971.0,5.0,36594656.0,35.89
South Africa,2022-06-19,960.0,9.0,36600625.0,35.89
South Africa,2022-06-20,995.0,6.0,36602354.0,35.89
South Africa,2022-06-21,291.0,16.0,36634824.0,35.89
South Africa,2022-06-22,1087.0,20.0,36669717.0,11.11
South Africa,2022-06-23,1028.0,57.0,36703505.0,11.11
South Africa,2022-06-24,1050.0,7.0,36731686.0,11.11
South Africa,2022-06-25,1887.0,23.0,36754405.0,11.11
South Africa,2022-06-26,505.0,4.0,36758843.0,11.11
South Africa,2022-06-27,212.0,9.0,36760098.0,11.11
South Africa,2022-06-28,343.0,5.0,36780463.0,11.11
South Africa,2022-06-29,440.0,19.0,36802355.0,11.11
South Africa,2022-06-30,399.0,29.0,36823695.0,11.11
South Africa,2022-07-01,380.0,16.0,36843272.0,11.11
South Africa,2022-07-02,842.0,2.0,36857675.0,11.11
South Africa,2022-07-03,226.0,1.0,36860698.0,11.11
South Africa,2022-07-04,109.0,3.0,36861626.0,11.11
South Africa,2022-07-05,384.0,32.0,36877585.0,11.11
South Africa,2022-07-06,657.0,12.0,36894896.0,11.11
South Africa,2022-07-07,463.0,9.0,36911182.0,11.11
South Africa,2022-07-08,365.0,8.0,36928268.0,11.11
South Africa,2022-07-09,,,36945840.0,11.11
South Africa,2022-07-10,,,,11.11
South Africa,2022-07-11,706.0,4.0,36946616.0,11.11
South Africa,2022-07-12,491.0,15.0,36962546.0,11.11
South Africa,2022-07-13,397.0,12.0,36979793.0,11.11
South Africa,2022-07-14,482.0,8.0,36996750.0,11.11
South Africa,2022-07-15,406.0,3.0,37012038.0,11.11
South Africa,2022-07-16,,,37025629.0,11.11
South Africa,2022-07-17,,,,11.11
South Africa,2022-07-18,880.0,4.0,,11.11
South Africa,2022-07-19,263.0,13.0,37044632.0,11.11
South Africa,2022-07-20,550.0,4.0,37060820.0,11.11
South Africa,2022-07-21,372.0,3.0,37077459.0,11.11
South Africa,2022-07-22,317.0,1.0,37095461.0,11.11
South Africa,2022-07-23,,,37110233.0,11.11
South Africa,2022-07-24,,,,11.11
South Africa,2022-07-25,848.0,12.0,,11.11
South Africa,2022-07-26,521.0,7.0,37128596.0,11.11
South Africa,2022-07-27,381.0,5.0,37146065.0,11.11
South Africa,2022-07-28,,,37162754.0,11.11
South Africa,2022-07-29,318.0,10.0,37179144.0,11.11
South Africa,2022-07-30,354.0,5.0,37192985.0,11.11
South Africa,2022-07-31,569.0,,,11.11
South Africa,2022-08-01,,,,11.11
South Africa,2022-08-02,,,37210790.0,11.11
South Africa,2022-08-03,,,37225158.0,11.11
South Africa,2022-08-04,,,37240214.0,11.11
South Africa,2022-08-05,,,37254563.0,11.11
South Africa,2022-08-06,,,37265934.0,11.11
South Africa,2022-08-07,1747.0,,,11.11
South Africa,2022-08-08,,,,11.11
South Africa,2022-08-09,45.0,,37276271.0,11.11
South Africa,2022-08-10,,,37277458.0,11.11
South Africa,2022-08-11,164.0,,37290784.0,11.11
South Africa,2022-08-12,,,37305157.0,11.11
South Africa,2022-08-13,845.0,,37316663.0,11.11
South Africa,2022-08-14,239.0,,37318036.0,11.11
South Africa,2022-08-15,168.0,,37318866.0,11.11
South Africa,2022-08-16,111.0,,37331317.0,11.11
South Africa,2022-08-17,253.0,84.0,37343941.0,11.11
South Africa,2022-08-18,292.0,,37356903.0,11.11
South Africa,2022-08-19,,,37369962.0,11.11
South Africa,2022-08-20,521.0,,37379850.0,11.11
South Africa,2022-08-21,221.0,,37381114.0,11.11
South Africa,2022-08-22,147.0,,37381696.0,11.11
South Africa,2022-08-23,123.0,,37393438.0,11.11
South Africa,2022-08-24,207.0,18.0,37405743.0,11.11
South Africa,2022-08-25,246.0,,37414274.0,11.11
South Africa,2022-08-26,299.0,,37425711.0,11.11
South Africa,2022-08-27,247.0,,37434569.0,11.11
South Africa,2022-08-28,211.0,,37436152.0,11.11
South Africa,2022-08-29,147.0,,37436769.0,11.11
South Africa,2022-08-30,74.0,,37446594.0,11.11
South Africa,2022-08-31,226.0,,37456345.0,11.11
South Africa,2022-09-01,280.0,24.0,37466505.0,11.11
South Africa,2022-09-02,302.0,,37476658.0,11.11
South Africa,2022-09-03,246.0,,37485310.0,11.11
South Africa,2022-09-04,,,37487347.0,11.11
South Africa,2022-09-05,327.0,,37487964.0,11.11
South Africa,2022-09-06,,,37496444.0,11.11
South Africa,2022-09-07,,,37506007.0,11.11
South Africa,2022-09-08,,21.0,37515117.0,11.11
South Africa,2022-09-09,909.0,,37524691.0,11.11
South Africa,2022-09-10,,,37534055.0,11.11
South Africa,2022-09-11,556.0,,37535318.0,11.11
South Africa,2022-09-12,128.0,,37535745.0,11.11
South Africa,2022-09-13,,,37544120.0,11.11
South Africa,2022-09-14,319.0,,37553463.0,11.11
South Africa,2022-09-15,262.0,17.0,37562742.0,11.11
South Africa,2022-09-16,361.0,,37571929.0,11.11
South Africa,2022-09-17,,,,11.11
South Africa,2022-09-18,533.0,,37580269.0,11.11
South Africa,2022-09-19,157.0,,37580608.0,11.11
South Africa,2022-09-20,120.0,,37587301.0,11.11
South Africa,2022-09-21,,,37594492.0,11.11
South Africa,2022-09-22,303.0,23.0,37600784.0,11.11
South Africa,2022-09-23,551.0,,37607361.0,11.11
South Africa,2022-09-24,152.0,,37612482.0,11.11
South Africa,2022-09-25,,,37613037.0,11.11
South Africa,2022-09-26,389.0,,37613399.0,11.11
South Africa,2022-09-27,236.0,,37619988.0,11.11
South Africa,2022-09-28,314.0,,37627223.0,11.11
South Africa,2022-09-29,323.0,,37634853.0,11.11
South Africa,2022-09-30,343.0,16.0,37641904.0,11.11
South Africa,2022-10-01,,,,11.11
South Africa,2022-10-02,,,,11.11
South Africa,2022-10-03,309.0,,,11.11
South Africa,2022-10-04,,,37653469.0,11.11
South Africa,2022-10-05,723.0,,37659460.0,11.11
South Africa,2022-10-06,342.0,9.0,37666463.0,11.11
South Africa,2022-10-07,287.0,,37673007.0,11.11
South Africa,2022-10-08,359.0,,37678611.0,11.11
South Africa,2022-10-09,,,37679258.0,11.11
South Africa,2022-10-10,,,37679458.0,11.11
South Africa,2022-10-11,598.0,,37685885.0,11.11
South Africa,2022-10-12,360.0,,37692917.0,11.11
South Africa,2022-10-13,361.0,52.0,,11.11
South Africa,2022-10-14,470.0,,37708729.0,11.11
South Africa,2022-10-15,396.0,,37715750.0,11.11
South Africa,2022-10-16,385.0,,37716539.0,11.11
South Africa,2022-10-17,,,37716831.0,11.11
South Africa,2022-10-18,374.0,,37724286.0,11.11
South Africa,2022-10-19,397.0,,37732345.0,11.11
South Africa,2022-10-20,424.0,11.0,37741417.0,11.11
South Africa,2022-10-21,406.0,,37750215.0,11.11
South Africa,2022-10-22,416.0,,,11.11
South Africa,2022-10-23,,,37758822.0,11.11
South Africa,2022-10-24,,,37759279.0,11.11
South Africa,2022-10-25,693.0,,37766941.0,11.11
South Africa,2022-10-26,369.0,,37775735.0,11.11
South Africa,2022-10-27,349.0,54.0,37783368.0,11.11
South Africa,2022-10-28,371.0,,37790150.0,11.11
South Africa,2022-10-29,410.0,,37795990.0,11.11
South Africa,2022-10-30,177.0,,37796701.0,11.11
South Africa,2022-10-31,416.0,,,11.11
South Africa,2022-11-01,148.0,,37803448.0,11.11
South Africa,2022-11-02,343.0,,37810070.0,11.11
South Africa,2022-11-03,376.0,52.0,37818301.0,11.11
South Africa,2022-11-04,469.0,,37826461.0,11.11
South Africa,2022-11-05,241.0,,37833135.0,11.11
South Africa,2022-11-06,,,37833886.0,11.11
South Africa,2022-11-07,205.0,,37834064.0,11.11
South Africa,2022-11-08,718.0,,37840769.0,11.11
South Africa,2022-11-09,436.0,,37847847.0,11.11
South Africa,2022-11-10,528.0,8.0,37856678.0,11.11
South Africa,2022-11-11,,,37865436.0,11.11
South Africa,2022-11-12,1094.0,,37872764.0,11.11
South Africa,2022-11-13,464.0,,37873475.0,11.11
South Africa,2022-11-14,,,37873660.0,11.11
South Africa,2022-11-15,1161.0,,37881330.0,11.11
South Africa,2022-11-16,1179.0,,37889885.0,11.11
South Africa,2022-11-17,643.0,24.0,37898854.0,11.11
South Africa,2022-11-18,458.0,,37907435.0,11.11
South Africa,2022-11-19,598.0,,37914717.0,11.11
South Africa,2022-11-20,,,37915540.0,11.11
South Africa,2022-11-21,,,37915803.0,11.11
South Africa,2022-11-22,900.0,,37922524.0,11.11
South Africa,2022-11-23,380.0,,37929074.0,11.11
South Africa,2022-11-24,843.0,,37936533.0,11.11
South Africa,2022-11-25,514.0,33.0,37944997.0,11.11
South Africa,2022-11-26,,,37951019.0,11.11
South Africa,2022-11-27,1081.0,,37951691.0,11.11
South Africa,2022-11-28,,,37952064.0,11.11
South Africa,2022-11-29,41.0,,37958997.0,11.11
South Africa,2022-11-30,,,37967080.0,11.11
South Africa,2022-12-01,,36.0,37974920.0,11.11
South Africa,2022-12-02,,,37982823.0,11.11
South Africa,2022-12-03,,,37988317.0,11.11
South Africa,2022-12-04,1932.0,,37988794.0,11.11
South Africa,2022-12-05,,,37989092.0,11.11
South Africa,2022-12-06,,,37993879.0,11.11
South Africa,2022-12-07,,,38000170.0,11.11
South Africa,2022-12-08,,86.0,38006145.0,11.11
South Africa,2022-12-09,,,38012272.0,11.11
South Africa,2022-12-10,,,38016970.0,11.11
South Africa,2022-12-11,,,38017614.0,11.11
South Africa,2022-12-12,2350.0,,,11.11
South Africa,2022-12-13,,,38022437.0,11.11
South Africa,2022-12-14,,,38027236.0,11.11
South Africa,2022-12-15,,18.0,38032683.0,11.11
South Africa,2022-12-16,,,38036088.0,11.11
South Africa,2022-12-17,,,38036467.0,11.11
South Africa,2022-12-18,,,38036993.0,11.11
South Africa,2022-12-19,1341.0,,,11.11
South Africa,2022-12-20,,,38040275.0,11.11
South Africa,2022-12-21,,,38043656.0,11.11
South Africa,2022-12-22,,,38046706.0,11.11
South Africa,2022-12-23,,,38049123.0,11.11
South Africa,2022-12-24,,,38050295.0,11.11
South Africa,2022-12-25,1629.0,,38050611.0,11.11
South Africa,2022-12-26,,,38050611.0,11.11
South Africa,2022-12-27,49.0,,,11.11
South Africa,2022-12-28,,,,11.11
South Africa,2022-12-29,299.0,,,11.11
South Africa,2022-12-30,,,,11.11
South Africa,2022-12-31,,,,11.11
South Africa,2023-01-01,,,,
South Africa,2023-01-02,739.0,,,
South Africa,2023-01-03,,,,
South Africa,2023-01-04,,,,
South Africa,2023-01-05,,,,
South Africa,2023-01-06,,,,
South Africa,2023-01-07,,,,
South Africa,2023-01-08,969.0,,,
South Africa,2023-01-09,,,,
South Africa,2023-01-10,,,,
South Africa,2023-01-11,,,,
South Africa,2023-01-12,,,,
South Africa,2023-01-13,,,,
South Africa,2023-01-14,,,,
South Africa,2023-01-15,1499.0,,,
South Africa,2023-01-16,,,,
South Africa,2023-01-17,104.0,,,
South Africa,2023-01-18,223.0,,,
South Africa,2023-01-19,874.0,,,
South Africa,2023-01-20,799.0,20.0,,
South Africa,2023-01-21,,,,
South Africa,2023-01-22,419.0,7.0,,
South Africa,2023-01-23,,,,
South Africa,2023-01-24,,,,
South Africa,2023-01-25,,,,
South Africa,2023-01-26,,,,
South Africa,2023-01-27,,,,
South Africa,2023-01-28,,,,
South Africa,2023-01-29,1450.0,,,
South Africa,2023-01-30,,,,
South Africa,2023-01-31,,,,
South Africa,2023-02-01,,,,
South Africa,2023-02-02,,,,
South Africa,2023-02-03,,,,
South Africa,2023-02-04,,,,
South Africa,2023-02-05,1478.0,,,
South Africa,2023-02-06,,,,
South Africa,2023-02-07,,,,
South Africa,2023-02-08,,,,
South Africa,2023-02-09,,,,
South Africa,2023-02-10,,,,
South Africa,2023-02-11,,,,
South Africa,2023-02-12,1781.0,,,
South Africa,2023-02-13,,,,
South Africa,2023-02-14,,,,
South Africa,2023-02-15,,,,
South Africa,2023-02-16,,,,
South Africa,2023-02-17,,,,
South Africa,2023-02-18,,,,
South Africa,2023-02-19,1470.0,,,
South Africa,2023-02-20,,,,
South Africa,2023-02-21,,,,
South Africa,2023-02-22,,,,
South Africa,2023-02-23,,,,
South Africa,2023-02-24,,,,
South Africa,2023-02-25,,,,
South Africa,2023-02-26,1193.0,,38578896.0,
South Africa,2023-02-27,,,,
South Africa,2023-02-28,,,,
South Africa,2023-03-01,,,,
South Africa,2023-03-02,,,,
South Africa,2023-03-03,,,,
South Africa,2023-03-04,,,,
South Africa,2023-03-05,4165.0,,,
South Africa,2023-03-06,,,,
South Africa,2023-03-07,,,,
South Africa,2023-03-08,,,,
South Africa,2023-03-09,,,,
South Africa,2023-03-10,,,,
South Africa,2023-03-11,,,,
South Africa,2023-03-12,2481.0,,38609441.0,
South Africa,2023-03-13,,,,
South Africa,2023-03-14,,,,
South Africa,2023-03-15,,,,
South Africa,2023-03-16,,,,
South Africa,2023-03-17,,,,
South Africa,2023-03-18,,,,
South Africa,2023-03-19,2210.0,,38645389.0,
South Africa,2023-03-20,,,,
South Africa,2023-03-21,,,,
South Africa,2023-03-22,,,,
South Africa,2023-03-23,,,,
South Africa,2023-03-24,,,,
South Africa,2023-03-25,,,,
South Africa,2023-03-26,2099.0,,,
South Africa,2023-03-27,,,,
South Africa,2023-03-28,,,,
South Africa,2023-03-29,,,,
South Africa,2023-03-30,,,,
South Africa,2023-03-31,,,,
South Africa,2023-04-01,,,,
South Africa,2023-04-02,,,38711609.0,
South Africa,2023-04-03,,,,
South Africa,2023-04-04,,,,
South Africa,2023-04-05,,,,
South Africa,2023-04-06,,,,
South Africa,2023-04-07,,,,
South Africa,2023-04-08,,,,
South Africa,2023-04-09,,,,
South Africa,2023-04-10,,,,
South Africa,2023-04-11,,,,
South Africa,2023-04-12,,,,
South Africa,2023-04-13,,,,
South Africa,2023-04-14,,,,
South Africa,2023-04-15,,,,
South Africa,2023-04-16,,,38768176.0,
South Africa,2023-04-17,,,,
South Africa,2023-04-18,,,,
South Africa,2023-04-19,,,,
South Africa,2023-04-20,,,,
South Africa,2023-04-21,,,,
South Africa,2023-04-22,,,,
South Africa,2023-04-23,,,,
South Africa,2023-04-24,,,,
South Africa,2023-04-25,,,,
South Africa,2023-04-26,,,,
South Africa,2023-04-27,,,,
South Africa,2023-04-28,,,,
South Africa,2023-04-29,,,,
South Africa,2023-04-30,,,38813021.0,
South Africa,2023-05-01,,,,
South Africa,2023-05-02,,,,
South Africa,2023-05-03,,,,
South Africa,2023-05-04,,,,
South Africa,2023-05-05,,,,
South Africa,2023-05-06,,,,
South Africa,2023-05-07,,,,
South Africa,2023-05-08,,,,
South Africa,2023-05-09,,,,
South Africa,2023-05-10,,,,
South Africa,2023-05-11,,,,
South Africa,2023-05-12,,,,
South Africa,2023-05-13,,,,
South Africa,2023-05-14,,,38841308.0,
South Africa,2023-05-15,,,,
South Africa,2023-05-16,,,,
South Africa,2023-05-17,,,,
South Africa,2023-05-18,,,,
South Africa,2023-05-19,,,,
South Africa,2023-05-20,,,,
South Africa,2023-05-21,,,,
South Africa,2023-05-22,,,,
South Africa,2023-05-23,,,,
South Africa,2023-05-24,,,,
South Africa,2023-05-25,,,,
South Africa,2023-05-26,,,,
South Africa,2023-05-27,,,,
South Africa,2023-05-28,,,,
South Africa,2023-05-29,,,,
South Africa,2023-05-30,,,,
South Africa,2023-05-31,,,,
South Africa,2023-06-01,,,,
South Africa,2023-06-02,,,,
South Africa,2023-06-03,,,,
South Africa,2023-06-04,,,38882146.0,
South Africa,2023-06-05,,,,
South Africa,2023-06-06,,,,
South Africa,2023-06-07,,,,
South Africa,2023-06-08,,,,
South Africa,2023-06-09,,,,
South Africa,2023-06-10,,,,
South Africa,2023-06-11,,,,
South Africa,2023-06-12,,,,
South Africa,2023-06-13,,,,
South Africa,2023-06-14,,,,
South Africa,2023-06-15,,,,
South Africa,2023-06-16,,,,
South Africa,2023-06-17,,,,
South Africa,2023-06-18,,,,
South Africa,2023-06-19,,,,
South Africa,2023-06-20,,,,
South Africa,2023-06-21,,,,
South Africa,2023-06-22,,,,
South Africa,2023-06-23,,,,
South Africa,2023-06-24,,,,
South Africa,2023-06-25,,,,
South Africa,2023-06-26,,,,
South Africa,2023-06-27,,,,
South Africa,2023-06-28,,,,
South Africa,2023-06-29,,,,
South Africa,2023-06-30,,,,
South Africa,2023-07-01,,,,
South Africa,2023-07-02,,,,
South Africa,2023-07-03,,,,
South Africa,2023-07-04,,,,
South Africa,2023-07-05,,,,
South Africa,2023-07-06,,,,
South Africa,2023-07-07,,,,
South Africa,2023-07-08,,,,
South Africa,2023-07-09,,,,
South Africa,2023-07-10,,,,
South Africa,2023-07-11,,,,
South Africa,2023-07-12,,,,
South Africa,2023-07-13,,,,
South Africa,2023-07-14,,,,
South Africa,2023-07-15,,,,
South Africa,2023-07-16,,,,
South Africa,2023-07-17,,,,
South Africa,2023-07-18,,,,
South Africa,2023-07-19,,,,
South Africa,2023-07-20,,,,
South Africa,2023-07-21,,,,
South Africa,2023-07-22,,,,
South Africa,2023-07-23,,,,
South Africa,2023-07-24,,,,
South Africa,2023-07-25,,,,
South Africa,2023-07-26,,,,
South Africa,2023-07-27,,,,
South Africa,2023-07-28,,,,
South Africa,2023-07-29,,,,
South Africa,2023-07-30,,,,
South Africa,2023-07-31,,,,
South Africa,2023-08-01,,,,
South Africa,2023-08-02,,,,
South Africa,2023-08-03,,,,
South Africa,2023-08-04,,,,
South Africa,2023-08-05,,,,
South Africa,2023-08-06,,,,
South Africa,2023-08-07,,,,
South Africa,2023-08-08,,,,
South Africa,2023-08-09,,,,
South Africa,2023-08-10,,,,
South Africa,2023-08-11,,,,
South Africa,2023-08-12,,,,
South Africa,2023-08-13,,,,
South Africa,2023-08-14,,,,
South Africa,2023-08-15,,,,
South Africa,2023-08-16,,,,
South Africa,2023-08-17,,,,
South Africa,2023-08-18,,,,
South Africa,2023-08-19,,,,
South Africa,2023-08-20,,,,
South Africa,2023-08-21,,,,
South Africa,2023-08-22,,,,
South Africa,2023-08-23,,,,
South Africa,2023-08-24,,,,
South Africa,2023-08-25,,,,
South Africa,2023-08-26,,,,
South Africa,2023-08-27,,,,
South Africa,2023-08-28,,,,
South Africa,2023-08-29,,,,
South Africa,2023-08-30,,,,
South Africa,2023-08-31,,,,
South Africa,2023-09-01,,,,
South Africa,2023-09-02,,,,
South Africa,2023-09-03,,,,
South Africa,2023-09-04,,,,
South Africa,2023-09-05,,,,
South Africa,2023-09-06,,,,
South Africa,2023-09-07,,,,
South Africa,2023-09-08,,,,
South Africa,2023-09-09,,,,
South Africa,2023-09-10,,,,
South Africa,2023-09-11,,,,
South Africa,2023-09-12,,,,
South Africa,2023-09-13,,,,
South Africa,2023-09-14,,,,
South Africa,2023-09-15,,,,
South Africa,2023-09-16,,,,
South Africa,2023-09-17,,,,
South Africa,2023-09-18,,,,
South Africa,2023-09-19,,,,
South Africa,2023-09-20,,,,
South Africa,2023-09-21,,,,
South Africa,2023-09-22,,,,
South Africa,2023-09-23,,,,
South Africa,2023-09-24,,,41798812.0,
South Africa,2023-09-25,,,,
South Africa,2023-09-26,,,,
South Africa,2023-09-27,,,,
South Africa,2023-09-28,,,,
South Africa,2023-09-29,,,,
South Africa,2023-09-30,,,,
South Africa,2023-10-01,,,,
South Africa,2023-10-02,8.0,,,
South Africa,2023-10-03,,,,
South Africa,2023-10-04,,,,
South Africa,2023-10-05,,,,
South Africa,2023-10-06,,,,
South Africa,2023-10-07,,,,
South Africa,2023-10-08,,,,
South Africa,2023-10-09,20.0,,,
South Africa,2023-10-10,,,,
South Africa,2023-10-11,,,,
South Africa,2023-10-12,,,,
South Africa,2023-10-13,,,,
South Africa,2023-10-14,,,,
South Africa,2023-10-15,,,,
South Africa,2023-10-16,15.0,,,
South Africa,2023-10-17,,,,
South Africa,2023-10-18,,,,
South Africa,2023-10-19,,,,
South Africa,2023-10-20,,,,
South Africa,2023-10-21,,,,
South Africa,2023-10-22,,,,
South Africa,2023-10-23,5.0,,,
South Africa,2023-10-24,,,,
South Africa,2023-10-25,,,,
South Africa,2023-10-26,,,,
South Africa,2023-10-27,,,,
South Africa,2023-10-28,,,,
South Africa,2023-10-29,,,,
South Africa,2023-10-30,10.0,,,
South Africa,2023-10-31,,,,
South Africa,2023-11-01,,,,
South Africa,2023-11-02,,,,
South Africa,2023-11-03,,,,
South Africa,2023-11-04,,,,
South Africa,2023-11-05,,,,
South Africa,2023-11-06,12.0,,,
South Africa,2023-11-07,,,,
South Africa,2023-11-08,,,,
South Africa,2023-11-09,,,,
South Africa,2023-11-10,,,,
South Africa,2023-11-11,,,,
South Africa,2023-11-12,,,,
South Africa,2023-11-13,14.0,,,
South Africa,2023-11-14,,,,
South Africa,2023-11-15,,,,
South Africa,2023-11-16,,,,
South Africa,2023-11-17,,,,
South Africa,2023-11-18,,,,
South Africa,2023-11-19,,,,
South Africa,2023-11-20,12.0,,,
South Africa,2023-11-21,,,,
South Africa,2023-11-22,,,,
South Africa,2023-11-23,,,,
South Africa,2023-11-24,,,,
South Africa,2023-11-25,,,,
South Africa,2023-11-26,,,,
South Africa,2023-11-27,7.0,,,
South Africa,2023-11-28,,,,
South Africa,2023-11-29,,,,
South Africa,2023-11-30,,,,
South Africa,2023-12-01,,,,
South Africa,2023-12-02,,,,
South Africa,2023-12-03,,,,
South Africa,2023-12-04,,,,
South Africa,2023-12-05,,,,
South Africa,2023-12-06,,,,
South Africa,2023-12-07,,,,
South Africa,2023-12-08,,,,
South Africa,2023-12-09,,,,
South Africa,2023-12-10,,,,
South Africa,2023-12-11,,,,
South Africa,2023-12-12,,,,
South Africa,2023-12-13,,,,
South Africa,2023-12-14,,,,
South Africa,2023-12-15,,,,
South Africa,2023-12-16,,,,
South Africa,2023-12-17,,,,
South Africa,2023-12-18,,,,
South Africa,2023-12-19,,,,
South Africa,2023-12-20,,,,
South Africa,2023-12-21,,,,
South Africa,2023-12-22,,,,
South Africa,2023-12-23,,,,
South Africa,2023-12-24,,,,
South Africa,2023-12-25,,,,
South Africa,2023-12-26,,,,
South Africa,2023-12-27,,,,
South Africa,2023-12-28,,,,
South Africa,2023-12-29,,,,
South Africa,2023-12-30,,,,
South Africa,2023-12-31,,,,
South Africa,2024-01-01,,,,
South Africa,2024-01-02,,,,
South Africa,2024-01-03,,,,
South Africa,2024-01-04,,,,
South Africa,2024-01-05,,,,
South Africa,2024-01-06,,,,
South Africa,2024-01-07,,,,
South Africa,2024-01-08,,,,
South Africa,2024-01-09,,,,
South Africa,2024-01-10,,,,
South Africa,2024-01-11,,,,
South Africa,2024-01-12,,,,
South Africa,2024-01-13,,,,
South Africa,2024-01-14,,,,
South Africa,2024-01-15,,,,
South Africa,2024-01-16,,,,
South Africa,2024-01-17,,,,
South Africa,2024-01-18,,,,
South Africa,2024-01-19,,,,
South Africa,2024-01-20,,,,
South Africa,2024-01-21,,,,
South Africa,2024-01-22,,,,
South Africa,2024-01-23,,,,
South Africa,2024-01-24,,,,
South Africa,2024-01-25,,,,
South Africa,2024-01-26,,,,
South Africa,2024-01-27,,,,
South Africa,2024-01-28,,,,
South Africa,2024-01-29,,,,
South Africa,2024-01-30,,,,
South Africa,2024-01-31,,,,
South Africa,2024-02-01,,,,
South Africa,2024-02-02,,,,
South Africa,2024-02-03,,,,
South Africa,2024-02-04,,,,
South Africa,2024-02-05,,,,
South Africa,2024-02-06,,,,
South Africa,2024-02-07,,,,
South Africa,2024-02-08,,,,
South Africa,2024-02-09,,,,
South Africa,2024-02-10,,,,
South Africa,2024-02-11,,,,
South Africa,2024-02-12,,,,
South Africa,2024-02-13,,,,
South Africa,2024-02-14,,,,
South Africa,2024-02-15,,,,
South Africa,2024-02-16,,,,
South Africa,2024-02-17,,,,
South Africa,2024-02-18,,,,
South Africa,2024-02-19,,,,
South Africa,2024-02-20,,,,
South Africa,2024-02-21,,,,
South Africa,2024-02-22,,,,
South Africa,2024-02-23,,,,
South Africa,2024-02-24,,,,
South Africa,2024-02-25,,,,
South Africa,2024-02-26,,,,
South Africa,2024-02-27,,,,
South Africa,2024-02-28,,,,
South Africa,2024-02-29,,,,
South Africa,2024-03-01,,,,
South Africa,2024-03-02,,,,
South Africa,2024-03-03,,,,
South Africa,2024-03-04,,,,
South Africa,2024-03-05,,,,
South Africa,2024-03-06,,,,
South Africa,2024-03-07,,,,
South Africa,2024-03-08,,,,
South Africa,2024-03-09,,,,
South Africa,2024-03-10,,,,
South Africa,2024-03-11,2.0,,,
South Africa,2024-03-12,,,,
South Africa,2024-03-13,,,,
South Africa,2024-03-14,,,,
South Africa,2024-03-15,,,,
South Africa,2024-03-16,,,,
South Africa,2024-03-17,,,,
South Africa,2024-03-18,4.0,,,
South Africa,2024-03-19,,,,
South Africa,2024-03-20,,,,
South Africa,2024-03-21,,,,
South Africa,2024-03-22,,,,
South Africa,2024-03-23,,,,
South Africa,2024-03-24,,,,
South Africa,2024-03-25,6.0,,,
South Africa,2024-03-26,,,,
South Africa,2024-03-27,,,,
South Africa,2024-03-28,,,,
South Africa,2024-03-29,,,,
South Africa,2024-03-30,,,,
South Africa,2024-03-31,,,,
South Africa,2024-04-01,4.0,,,
South Africa,2024-04-02,,,,
South Africa,2024-04-03,,,,
South Africa,2024-04-04,,,,
South Africa,2024-04-05,,,,
South Africa,2024-04-06,,,,
South Africa,2024-04-07,,,,
South Africa,2024-04-08,8.0,,,
South Africa,2024-04-09,,,,
South Africa,2024-04-10,,,,
South Africa,2024-04-11,,,,
South Africa,2024-04-12,,,,
South Africa,2024-04-13,,,,
South Africa,2024-04-14,,,,
South Africa,2024-04-15,12.0,,,
South Africa,2024-04-16,,,,
South Africa,2024-04-17,,,,
South Africa,2024-04-18,,,,
South Africa,2024-04-19,,,,
South Africa,2024-04-20,,,,
South Africa,2024-04-21,,,,
South Africa,2024-04-22,4.0,,,
South Africa,2024-04-23,,,,
South Africa,2024-04-24,,,,
South Africa,2024-04-25,,,,
South Africa,2024-04-26,,,,
South Africa,2024-04-27,,,,
South Africa,2024-04-28,,,,
South Africa,2024-04-29,4.0,,,
South Africa,2024-04-30,,,,
South Africa,2024-05-01,,,,
South Africa,2024-05-02,,,,
South Africa,2024-05-03,,,,
South Africa,2024-05-04,,,,
South Africa,2024-05-05,,,,
South Africa,2024-05-06,3.0,,,
South Africa,2024-05-07,,,,
South Africa,2024-05-08,,,,
South Africa,2024-05-09,,,,
South Africa,2024-05-10,,,,
South Africa,2024-05-11,,,,
South Africa,2024-05-12,,,,
South Africa,2024-05-13,13.0,,,
South Africa,2024-05-14,,,,
South Africa,2024-05-15,,,,
South Africa,2024-05-16,,,,
South Africa,2024-05-17,,,,
South Africa,2024-05-18,,,,
South Africa,2024-05-19,,,,
South Africa,2024-05-20,11.0,,,
South Africa,2024-05-21,,,,
South Africa,2024-05-22,,,,
South Africa,2024-05-23,,,,
South Africa,2024-05-24,,,,
South Africa,2024-05-25,,,,
South Africa,2024-05-26,,,,
South Africa,2024-05-27,4.0,,,
South Africa,2024-05-28,,,,
South Africa,2024-05-29,,,,
South Africa,2024-05-30,,,,
South Africa,2024-05-31,,,,
South Africa,2024-06-01,,,,
South Africa,2024-06-02,,,,
South Africa,2024-06-03,8.0,,,
South Africa,2024-06-04,,,,
South Africa,2024-06-05,,,,
South Africa,2024-06-06,,,,
South Africa,2024-06-07,,,,
South Africa,2024-06-08,,,,
South Africa,2024-06-09,,,,
South Africa,2024-06-10,6.0,,,
South Africa,2024-06-11,,,,
South Africa,2024-06-12,,,,
South Africa,2024-06-13,,,,
South Africa,2024-06-14,,,,
South Africa,2024-06-15,,,,
South Africa,2024-06-16,,,,
South Africa,2024-06-17,9.0,,,
South Africa,2024-06-18,,,,
South Africa,2024-06-19,,,,
South Africa,2024-06-20,,,,
South Africa,2024-06-21,,,,
South Africa,2024-06-22,,,,
South Africa,2024-06-23,,,,
South Africa,2024-06-24,5.0,,,
South Africa,2024-06-25,,,,
South Africa,2024-06-26,,,,
South Africa,2024-06-27,,,,
South Africa,2024-06-28,,,,
South Africa,2024-06-29,,,,
South Africa,2024-06-30,,,,
South Africa,2024-07-01,4.0,,,
South Africa,2024-07-02,,,,
South Africa,2024-07-03,,,,
South Africa,2024-07-04,,,,
South Africa,2024-07-05,,,,
South Africa,2024-07-06,,,,
South Africa,2024-07-07,,,,
South Africa,2024-07-08,7.0,,,
South Africa,2024-07-09,,,,
South Africa,2024-07-10,,,,
South Africa,2024-07-11,,,,
South Africa,2024-07-12,,,,
South Africa,2024-07-13,,,,
South Africa,2024-07-14,,,,
South Africa,2024-07-15,8.0,,,
South Africa,2024-07-16,,,,
South Africa,2024-07-17,,,,
South Africa,2024-07-18,,,,
South Africa,2024-07-19,,,,
South Africa,2024-07-20,,,,
South Africa,2024-07-21,,,,
South Africa,2024-07-22,4.0,,,
South Africa,2024-07-23,,,,
South Africa,2024-07-24,,,,
South Africa,2024-07-25,,,,
South Africa,2024-07-26,,,,
South Africa,2024-07-27,,,,
South Africa,2024-07-28,,,,
South Africa,2024-07-29,3.0,,,
South Africa,2024-07-30,,,,
South Africa,2024-07-31,,,,
South Africa,2024-08-01,,,,
South Africa,2024-08-02,,,,
South Africa,2024-08-03,,,,
South Africa,2024-08-04,,,,
South Africa,2024-08-05,9.0,,,
South Africa,2024-08-06,,,,
South Africa,2024-08-07,,,,
South Africa,2024-08-08,,,,
South Africa,2024-08-09,,,,
South Africa,2024-08-10,,,,
South Africa,2024-08-11,,,,
South Africa,2024-08-12,2.0,,,
South Africa,2024-08-13,,,,
South Africa,2024-08-14,,,,
South Africa,2024-08-15,,,,
South Africa,2024-08-16,,,,
South Africa,2024-08-17,,,,
South Africa,2024-08-18,,,,
South Africa,2024-08-19,5.0,0.0,,
South Africa,2024-08-20,,,,
South Africa,2024-08-21,,,,
South Africa,2024-08-22,,,,
South Africa,2024-08-23,,,,
South Africa,2024-08-24,,,,
South Africa,2024-08-25,,,,
South Africa,2024-08-26,4.0,,,
South Africa,2024-08-27,,,,
South Africa,2024-08-28,,,,
South Africa,2024-08-29,,,,
South Africa,2024-08-30,,,,
South Africa,2024-08-31,,,,
South Africa,2024-09-01,,,,
South Africa,2024-09-02,13.0,,,
South Africa,2024-09-03,,,,
South Africa,2024-09-04,,,,
South Africa,2024-09-05,,,,
South Africa,2024-09-06,,,,
South Africa,2024-09-07,,,,
South Africa,2024-09-08,,,,
South Africa,2024-09-09,6.0,,,
South Africa,2024-09-10,,,,
South Africa,2024-09-11,,,,
South Africa,2024-09-12,,,,
South Africa,2024-09-13,,,,
South Africa,2024-09-14,,,,
South Africa,2024-09-15,,,,
South Africa,2024-09-16,1.0,,,
South Africa,2024-09-17,,,,
South Africa,2024-09-18,,,,
South Africa,2024-09-19,,,,
South Africa,2024-09-20,,,,
South Africa,2024-09-21,,,,
South Africa,2024-09-22,,,,
South Africa,2024-09-23,1.0,,,
South Africa,2024-09-24,,,,
South Africa,2024-09-25,,,,
South Africa,2024-09-26,,,,
South Africa,2024-09-27,,,,
South Africa,2024-09-28,,,,
South Africa,2024-09-29,,,,
South Africa,2024-09-30,2.0,,,
South Africa,2024-10-01,,,,
South Africa,2024-10-02,,,,
South Africa,2024-10-03,,,,
South Africa,2024-10-04,,,,
South Africa,2024-10-05,,,,
South Africa,2024-10-06,,,,
South Africa,2024-10-07,4.0,,,
South Africa,2024-10-08,,,,
South Africa,2024-10-09,,,,
South Africa,2024-10-10,,,,
South Africa,2024-10-11,,,,
South Africa,2024-10-12,,,,
South Africa,2024-10-13,,,,
South Africa,2024-10-14,2.0,,,
South Africa,2024-10-15,,,,
South Africa,2024-10-16,,,,
South Africa,2024-10-17,,,,
South Africa,2024-10-18,,,,
South Africa,2024-10-19,,,,
South Africa,2024-10-20,,,,
South Africa,2024-10-21,4.0,,,
South Africa,2024-10-22,,,,
South Africa,2024-10-23,,,,
South Africa,2024-10-24,,,,
South Africa,2024-10-25,,,,
South Africa,2024-10-26,,,,
South Africa,2024-10-27,,,,
South Africa,2024-10-28,2.0,,,
South Africa,2024-10-29,,,,
South Africa,2024-10-30,,,,
South Africa,2024-10-31,,,,
South Africa,2024-11-01,,,,
South Africa,2024-11-02,,,,
South Africa,2024-11-03,,,,
South Africa,2024-11-04,5.0,,,
South Africa,2024-11-05,,,,
South Africa,2024-11-06,,,,
South Africa,2024-11-07,,,,
South Africa,2024-11-08,,,,
South Africa,2024-11-09,,,,
South Africa,2024-11-10,,,,
South Africa,2024-11-11,6.0,,,
South Africa,2024-11-12,,,,
South Africa,2024-11-13,,,,
South Africa,2024-11-14,,,,
South Africa,2024-11-15,,,,
South Africa,2024-11-16,,,,
South Africa,2024-11-17,,,,
South Africa,2024-11-18,5.0,,,
South Africa,2024-11-19,,,,
South Africa,2024-11-20,,,,
South Africa,2024-11-21,,,,
South Africa,2024-11-22,,,,
South Africa,2024-11-23,,,,
South Africa,2024-11-24,,,,
South Africa,2024-11-25,6.0,,,
South Africa,2024-11-26,,,,
South Africa,2024-11-27,,,,
South Africa,2024-11-28,,,,
South Africa,2024-11-29,,,,
South Africa,2024-11-30,,,,
South Africa,2024-12-01,,,,
South Africa,2024-12-02,8.0,,,
South Africa,2024-12-03,,,,
South Africa,2024-12-04,,,,
South Africa,2024-12-05,,,,
South Africa,2024-12-06,,,,
South Africa,2024-12-07,,,,
South Africa,2024-12-08,,,,
South Africa,2024-12-09,7.0,,,
South Africa,2024-12-10,,,,
South Africa,2024-12-11,,,,
South Africa,2024-12-12,,,,
South Africa,2024-12-13,,,,
South Africa,2024-12-14,,,,
South Africa,2024-12-15,,,,
South Africa,2024-12-16,5.0,,,
South Africa,2024-12-17,,,,
South Africa,2024-12-18,,,,
South Africa,2024-12-19,,,,
South Africa,2024-12-20,,,,
South Africa,2024-12-21,,,,
South Africa,2024-12-22,,,,
South Africa,2024-12-23,1.0,,,
South Africa,2024-12-24,,,,
South Africa,2024-12-25,,,,
South Africa,2024-12-26,,,,
South Africa,2024-12-27,,,,
South Africa,2024-12-28,,,,
South Africa,2024-12-29,,,,
South Africa,2024-12-30,10.0,,,
South Africa,2024-12-31,,,,
South Korea,2022-01-01,3828.0,69.0,103999524.0,46.39
South Korea,2022-01-02,3124.0,36.0,104021841.0,46.39
South Korea,2022-01-03,3023.0,51.0,104632345.0,46.38
South Korea,2022-01-04,4441.0,57.0,105081854.0,46.37
South Korea,2022-01-05,4125.0,49.0,105514132.0,46.37
South Korea,2022-01-06,3714.0,45.0,106002930.0,46.36
South Korea,2022-01-07,3510.0,54.0,106736986.0,46.35
South Korea,2022-01-08,3368.0,51.0,107172073.0,46.34
South Korea,2022-01-09,3003.0,34.0,107194291.0,46.34
South Korea,2022-01-10,3094.0,43.0,107773460.0,46.33
South Korea,2022-01-11,4383.0,52.0,108211524.0,46.32
South Korea,2022-01-12,4161.0,44.0,108593506.0,46.31
South Korea,2022-01-13,4542.0,49.0,109031042.0,46.3
South Korea,2022-01-14,4414.0,22.0,109726433.0,46.29
South Korea,2022-01-15,4193.0,29.0,110075775.0,46.29
South Korea,2022-01-16,3857.0,23.0,110097281.0,46.29
South Korea,2022-01-17,4067.0,45.0,110571617.0,46.28
South Korea,2022-01-18,5803.0,74.0,110893932.0,46.27
South Korea,2022-01-19,6600.0,28.0,111165960.0,46.27
South Korea,2022-01-20,6769.0,21.0,111503807.0,46.27
South Korea,2022-01-21,7003.0,28.0,112048693.0,46.26
South Korea,2022-01-22,7628.0,11.0,112335367.0,46.26
South Korea,2022-01-23,7508.0,25.0,112351977.0,46.26
South Korea,2022-01-24,8563.0,23.0,112703330.0,46.25
South Korea,2022-01-25,13008.0,32.0,112986890.0,46.25
South Korea,2022-01-26,14507.0,34.0,113276982.0,46.25
South Korea,2022-01-27,16096.0,24.0,113627826.0,46.24
South Korea,2022-01-28,17523.0,34.0,114184464.0,46.24
South Korea,2022-01-29,17519.0,20.0,114556010.0,46.24
South Korea,2022-01-30,17075.0,23.0,114583047.0,46.24
South Korea,2022-01-31,18341.0,17.0,114604100.0,46.24
South Korea,2022-02-01,20267.0,15.0,114607423.0,46.24
South Korea,2022-02-02,22906.0,25.0,114621448.0,46.24
South Korea,2022-02-03,27437.0,24.0,115015673.0,46.23
South Korea,2022-02-04,36347.0,22.0,115423645.0,43.45
South Korea,2022-02-05,38680.0,15.0,115653749.0,43.45
South Korea,2022-02-06,35285.0,13.0,115667255.0,43.45
South Korea,2022-02-07,36710.0,36.0,115944983.0,41.59
South Korea,2022-02-08,49567.0,21.0,116130714.0,41.59
South Korea,2022-02-09,54122.0,20.0,116296209.0,41.59
South Korea,2022-02-10,53926.0,49.0,116522220.0,41.59
South Korea,2022-02-11,54912.0,33.0,116858228.0,41.59
South Korea,2022-02-12,56428.0,36.0,117045956.0,41.59
South Korea,2022-02-13,54617.0,21.0,117055996.0,41.59
South Korea,2022-02-14,57164.0,61.0,117274377.0,41.58
South Korea,2022-02-15,90435.0,39.0,117434804.0,41.58
South Korea,2022-02-16,93132.0,36.0,117583121.0,41.58
South Korea,2022-02-17,109823.0,45.0,117772410.0,41.58
South Korea,2022-02-18,102210.0,71.0,118048602.0,41.58
South Korea,2022-02-19,104814.0,51.0,118200538.0,41.58
South Korea,2022-02-20,95339.0,45.0,118209762.0,41.58
South Korea,2022-02-21,99569.0,58.0,118385931.0,41.58
South Korea,2022-02-22,171442.0,99.0,118512030.0,41.58
South Korea,2022-02-23,170015.0,82.0,118633336.0,41.58
South Korea,2022-02-24,165890.0,94.0,118800973.0,41.58
South Korea,2022-02-25,166198.0,112.0,119055795.0,41.57
South Korea,2022-02-26,163555.0,49.0,119189513.0,41.57
South Korea,2022-02-27,139626.0,114.0,119196404.0,41.57
South Korea,2022-02-28,138989.0,112.0,119359992.0,41.57
South Korea,2022-03-01,219240.0,96.0,119365836.0,40.74
South Korea,2022-03-02,198788.0,128.0,119449189.0,40.74
South Korea,2022-03-03,266853.0,186.0,119534911.0,40.74
South Korea,2022-03-04,254310.0,216.0,119665902.0,40.74
South Korea,2022-03-05,243625.0,161.0,119728843.0,40.74
South Korea,2022-03-06,210709.0,139.0,119730949.0,40.74
South Korea,2022-03-07,202702.0,186.0,119822697.0,40.74
South Korea,2022-03-08,342429.0,158.0,119891020.0,40.74
South Korea,2022-03-09,327538.0,206.0,119902444.0,40.74
South Korea,2022-03-10,282973.0,229.0,119993035.0,40.74
South Korea,2022-03-11,383651.0,269.0,120120935.0,40.74
South Korea,2022-03-12,350169.0,251.0,120168327.0,40.74
South Korea,2022-03-13,309780.0,200.0,120169348.0,40.74
South Korea,2022-03-14,362322.0,293.0,120238133.0,40.74
South Korea,2022-03-15,400730.0,164.0,120292107.0,40.74
South Korea,2022-03-16,621328.0,429.0,120345958.0,40.74
South Korea,2022-03-17,407017.0,301.0,120411363.0,40.74
South Korea,2022-03-18,381329.0,319.0,120514921.0,40.74
South Korea,2022-03-19,334708.0,327.0,120551578.0,40.74
South Korea,2022-03-20,208914.0,329.0,120552268.0,40.74
South Korea,2022-03-21,353806.0,384.0,120613739.0,40.74
South Korea,2022-03-22,490872.0,291.0,120657578.0,40.74
South Korea,2022-03-23,395480.0,470.0,120704029.0,40.74
South Korea,2022-03-24,339514.0,392.0,120757863.0,40.74
South Korea,2022-03-25,335479.0,323.0,120842905.0,40.74
South Korea,2022-03-26,318130.0,282.0,120882266.0,40.74
South Korea,2022-03-27,187033.0,287.0,120882941.0,40.74
South Korea,2022-03-28,347441.0,237.0,120932449.0,40.74
South Korea,2022-03-29,424573.0,432.0,120964813.0,40.74
South Korea,2022-03-30,320657.0,375.0,121000487.0,40.74
South Korea,2022-03-31,280273.0,360.0,121046205.0,40.74
South Korea,2022-04-01,264097.0,339.0,121110760.0,37.96
South Korea,2022-04-02,234301.0,306.0,121139934.0,37.96
South Korea,2022-04-03,127050.0,218.0,121140365.0,37.96
South Korea,2022-04-04,266084.0,209.0,121171186.0,37.96
South Korea,2022-04-05,286235.0,371.0,121191526.0,37.96
South Korea,2022-04-06,224776.0,348.0,121217180.0,37.96
South Korea,2022-04-07,205333.0,373.0,121247282.0,37.96
South Korea,2022-04-08,185495.0,338.0,121298528.0,37.96
South Korea,2022-04-09,164481.0,329.0,121317181.0,37.96
South Korea,2022-04-10,90849.0,258.0,121317458.0,37.96
South Korea,2022-04-11,210706.0,171.0,121336674.0,37.96
South Korea,2022-04-12,195393.0,184.0,121351609.0,37.96
South Korea,2022-04-13,148405.0,318.0,121372338.0,37.96
South Korea,2022-04-14,125846.0,264.0,121422535.0,37.96
South Korea,2022-04-15,107882.0,273.0,121524960.0,37.96
South Korea,2022-04-16,93001.0,203.0,121552464.0,37.96
South Korea,2022-04-17,47684.0,132.0,121552835.0,37.96
South Korea,2022-04-18,118465.0,130.0,121614970.0,13.89
South Korea,2022-04-19,111277.0,166.0,121679077.0,13.89
South Korea,2022-04-20,90819.0,147.0,121754464.0,13.89
South Korea,2022-04-21,81058.0,206.0,121826856.0,13.89
South Korea,2022-04-22,75414.0,151.0,121983220.0,13.89
South Korea,2022-04-23,64725.0,109.0,122024058.0,13.89
South Korea,2022-04-24,34310.0,110.0,122024678.0,13.89
South Korea,2022-04-25,80335.0,82.0,122235107.0,13.89
South Korea,2022-04-26,76762.0,141.0,122460046.0,13.89
South Korea,2022-04-27,57447.0,122.0,122690807.0,13.89
South Korea,2022-04-28,50544.0,136.0,122903153.0,13.89
South Korea,2022-04-29,43286.0,70.0,123298346.0,13.89
South Korea,2022-04-30,37771.0,81.0,123381965.0,13.89
South Korea,2022-05-01,19973.0,83.0,123383182.0,13.89
South Korea,2022-05-02,51105.0,49.0,123550345.0,13.89
South Korea,2022-05-03,49045.0,72.0,123732090.0,13.89
South Korea,2022-05-04,42296.0,79.0,123894587.0,13.89
South Korea,2022-05-05,26714.0,48.0,123898312.0,13.89
South Korea,2022-05-06,39552.0,83.0,124153282.0,13.89
South Korea,2022-05-07,40064.0,71.0,124203394.0,13.89
South Korea,2022-05-08,20564.0,40.0,124204059.0,13.89
South Korea,2022-05-09,49907.0,62.0,124311759.0,13.89
South Korea,2022-05-10,43902.0,29.0,124439411.0,13.89
South Korea,2022-05-11,35864.0,63.0,124546697.0,13.89
South Korea,2022-05-12,32451.0,52.0,124651656.0,13.89
South Korea,2022-05-13,29541.0,55.0,124815552.0,13.89
South Korea,2022-05-14,25434.0,48.0,124852509.0,13.89
South Korea,2022-05-15,13251.0,35.0,124853038.0,13.89
South Korea,2022-05-16,35080.0,27.0,124916856.0,13.89
South Korea,2022-05-17,31327.0,31.0,124993196.0,13.89
South Korea,2022-05-18,28113.0,40.0,125057664.0,13.89
South Korea,2022-05-19,25105.0,43.0,125118952.0,13.89
South Korea,2022-05-20,23462.0,26.0,125224010.0,13.89
South Korea,2022-05-21,19298.0,54.0,125248274.0,13.89
South Korea,2022-05-22,9944.0,22.0,125248622.0,13.89
South Korea,2022-05-23,26326.0,19.0,125291231.0,13.89
South Korea,2022-05-24,23937.0,23.0,125342042.0,13.89
South Korea,2022-05-25,18799.0,34.0,125387389.0,13.89
South Korea,2022-05-26,16584.0,40.0,125432060.0,13.89
South Korea,2022-05-27,14382.0,36.0,125512539.0,13.89
South Korea,2022-05-28,12654.0,19.0,125533091.0,13.89
South Korea,2022-05-29,6124.0,9.0,125533401.0,13.89
South Korea,2022-05-30,17171.0,9.0,125566401.0,13.89
South Korea,2022-05-31,15797.0,21.0,125600563.0,13.89
South Korea,2022-06-01,9878.0,32.0,125604091.0,13.89
South Korea,2022-06-02,12510.0,9.0,125631780.0,13.89
South Korea,2022-06-03,12048.0,20.0,125684117.0,13.89
South Korea,2022-06-04,9835.0,21.0,125697789.0,13.89
South Korea,2022-06-05,5022.0,20.0,125697966.0,13.89
South Korea,2022-06-06,6134.0,6.0,125698995.0,13.89
South Korea,2022-06-07,13343.0,18.0,125719636.0,13.89
South Korea,2022-06-08,12150.0,18.0,125742547.0,13.89
South Korea,2022-06-09,9315.0,10.0,125761596.0,13.89
South Korea,2022-06-10,8428.0,20.0,125798290.0,13.89
South Korea,2022-06-11,7382.0,17.0,125807419.0,13.89
South Korea,2022-06-12,3818.0,2.0,125807564.0,13.89
South Korea,2022-06-13,9766.0,9.0,125822391.0,13.89
South Korea,2022-06-14,9419.0,8.0,125838018.0,13.89
South Korea,2022-06-15,7982.0,9.0,125853900.0,13.89
South Korea,2022-06-16,7198.0,11.0,125867719.0,13.89
South Korea,2022-06-17,6842.0,14.0,125892992.0,13.89
South Korea,2022-06-18,6067.0,10.0,125899579.0,13.89
South Korea,2022-06-19,3511.0,12.0,125899660.0,13.89
South Korea,2022-06-20,9286.0,11.0,125910734.0,13.89
South Korea,2022-06-21,8937.0,14.0,125923447.0,13.89
South Korea,2022-06-22,7480.0,10.0,125936007.0,13.89
South Korea,2022-06-23,7227.0,21.0,125948680.0,13.89
South Korea,2022-06-24,6780.0,3.0,125973107.0,13.89
South Korea,2022-06-25,6246.0,3.0,125979494.0,13.89
South Korea,2022-06-26,3404.0,5.0,125979605.0,13.89
South Korea,2022-06-27,9870.0,7.0,125990820.0,13.89
South Korea,2022-06-28,10453.0,10.0,126003692.0,13.89
South Korea,2022-06-29,9583.0,8.0,126016505.0,13.89
South Korea,2022-06-30,9528.0,7.0,126028997.0,13.89
South Korea,2022-07-01,10695.0,8.0,126049928.0,13.89
South Korea,2022-07-02,10059.0,0.0,126055808.0,13.89
South Korea,2022-07-03,0.0,6.0,126055898.0,13.89
South Korea,2022-07-04,6239.0,7.0,126067107.0,13.89
South Korea,2022-07-05,18138.0,10.0,126080676.0,13.89
South Korea,2022-07-06,19363.0,12.0,126096331.0,13.89
South Korea,2022-07-07,18498.0,19.0,126113066.0,13.89
South Korea,2022-07-08,19323.0,19.0,126149215.0,13.89
South Korea,2022-07-09,20263.0,18.0,126158654.0,13.89
South Korea,2022-07-10,20410.0,7.0,126158808.0,13.89
South Korea,2022-07-11,12656.0,12.0,126177910.0,13.89
South Korea,2022-07-12,37342.0,16.0,126201657.0,13.89
South Korea,2022-07-13,40239.0,16.0,126229569.0,13.89
South Korea,2022-07-14,39178.0,16.0,126260697.0,13.89
South Korea,2022-07-15,38845.0,14.0,126327597.0,13.89
South Korea,2022-07-16,41310.0,11.0,126345272.0,13.89
South Korea,2022-07-17,40342.0,12.0,126345538.0,13.89
South Korea,2022-07-18,26254.0,12.0,126412663.0,13.89
South Korea,2022-07-19,73558.0,17.0,126491440.0,13.89
South Korea,2022-07-20,76341.0,31.0,126578702.0,13.89
South Korea,2022-07-21,71117.0,30.0,126666382.0,13.89
South Korea,2022-07-22,68632.0,18.0,126844399.0,13.89
South Korea,2022-07-23,68521.0,17.0,126893098.0,13.89
South Korea,2022-07-24,65433.0,17.0,126893961.0,13.89
South Korea,2022-07-25,35824.0,25.0,126972351.0,13.89
South Korea,2022-07-26,99224.0,25.0,127047422.0,13.89
South Korea,2022-07-27,100197.0,35.0,127117041.0,13.89
South Korea,2022-07-28,88339.0,35.0,127178576.0,13.89
South Korea,2022-07-29,85320.0,20.0,127287886.0,13.89
South Korea,2022-07-30,81944.0,21.0,127317617.0,13.89
South Korea,2022-07-31,73589.0,16.0,127318099.0,13.89
South Korea,2022-08-01,44600.0,26.0,127423062.0,13.89
South Korea,2022-08-02,111733.0,34.0,127531264.0,13.89
South Korea,2022-08-03,119877.0,47.0,127627847.0,13.89
South Korea,2022-08-04,107850.0,45.0,127715231.0,13.89
South Korea,2022-08-05,112901.0,27.0,127884156.0,13.89
South Korea,2022-08-06,110610.0,29.0,127938205.0,13.89
South Korea,2022-08-07,105507.0,40.0,127939312.0,13.89
South Korea,2022-08-08,55214.0,50.0,128020500.0,13.89
South Korea,2022-08-09,149839.0,59.0,128099829.0,13.89
South Korea,2022-08-10,151747.0,58.0,128168714.0,13.89
South Korea,2022-08-11,137198.0,67.0,128232343.0,13.89
South Korea,2022-08-12,128714.0,57.0,128348138.0,13.89
South Korea,2022-08-13,124515.0,50.0,128387273.0,13.89
South Korea,2022-08-14,119603.0,37.0,128387950.0,13.89
South Korea,2022-08-15,62078.0,42.0,128390316.0,13.89
South Korea,2022-08-16,83977.0,61.0,128444505.0,13.89
South Korea,2022-08-17,180709.0,83.0,128502414.0,13.89
South Korea,2022-08-18,178503.0,84.0,128559110.0,13.89
South Korea,2022-08-19,138812.0,64.0,128661225.0,13.89
South Korea,2022-08-20,129350.0,65.0,128695411.0,13.89
South Korea,2022-08-21,110944.0,52.0,128696087.0,13.89
South Korea,2022-08-22,58886.0,63.0,128739562.0,13.89
South Korea,2022-08-23,150084.0,108.0,128781453.0,13.89
South Korea,2022-08-24,139249.0,81.0,128817340.0,13.89
South Korea,2022-08-25,113295.0,86.0,128854050.0,13.89
South Korea,2022-08-26,101140.0,70.0,128917587.0,13.89
South Korea,2022-08-27,95538.0,49.0,128938008.0,13.89
South Korea,2022-08-28,85295.0,71.0,128938350.0,13.89
South Korea,2022-08-29,43023.0,75.0,128967451.0,13.89
South Korea,2022-08-30,115596.0,112.0,128995312.0,13.89
South Korea,2022-08-31,103887.0,64.0,129020102.0,13.89
South Korea,2022-09-01,81515.0,74.0,129042227.0,13.89
South Korea,2022-09-02,89586.0,79.0,129079228.0,13.89
South Korea,2022-09-03,79623.0,56.0,129091619.0,13.89
South Korea,2022-09-04,72144.0,44.0,129091830.0,13.89
South Korea,2022-09-05,37448.0,56.0,129109356.0,13.89
South Korea,2022-09-06,99781.0,64.0,129124088.0,13.89
South Korea,2022-09-07,85493.0,68.0,129139511.0,13.89
South Korea,2022-09-08,72625.0,22.0,129154755.0,13.89
South Korea,2022-09-09,69410.0,48.0,129155779.0,13.89
South Korea,2022-09-10,42724.0,47.0,129155844.0,13.89
South Korea,2022-09-11,28214.0,35.0,129155878.0,13.89
South Korea,2022-09-12,36938.0,60.0,129156801.0,13.89
South Korea,2022-09-13,57309.0,72.0,129169117.0,13.89
South Korea,2022-09-14,93865.0,60.0,129183715.0,13.89
South Korea,2022-09-15,71429.0,46.0,129198740.0,13.89
South Korea,2022-09-16,51874.0,57.0,129223392.0,13.89
South Korea,2022-09-17,43457.0,39.0,129231929.0,13.89
South Korea,2022-09-18,34707.0,24.0,129232081.0,13.89
South Korea,2022-09-19,19354.0,59.0,129244518.0,13.89
South Korea,2022-09-20,47862.0,59.0,129256105.0,13.89
South Korea,2022-09-21,41249.0,68.0,129266564.0,13.89
South Korea,2022-09-22,32982.0,63.0,129278463.0,13.89
South Korea,2022-09-23,29108.0,73.0,129295334.0,13.89
South Korea,2022-09-24,29315.0,33.0,129300616.0,13.89
South Korea,2022-09-25,25792.0,26.0,129300704.0,13.89
South Korea,2022-09-26,14110.0,46.0,129310321.0,13.89
South Korea,2022-09-27,39392.0,46.0,129318650.0,13.89
South Korea,2022-09-28,36124.0,42.0,129326882.0,13.89
South Korea,2022-09-29,30850.0,39.0,129336556.0,13.89
South Korea,2022-09-30,28497.0,44.0,129350823.0,13.89
South Korea,2022-10-01,26913.0,20.0,129355315.0,11.11
South Korea,2022-10-02,23597.0,19.0,129355417.0,11.11
South Korea,2022-10-03,12150.0,16.0,129355787.0,11.11
South Korea,2022-10-04,16394.0,29.0,129362868.0,11.11
South Korea,2022-10-05,34694.0,41.0,129369673.0,11.11
South Korea,2022-10-06,28609.0,32.0,129377153.0,11.11
South Korea,2022-10-07,22298.0,29.0,129388556.0,11.11
South Korea,2022-10-08,19379.0,23.0,129392586.0,11.11
South Korea,2022-10-09,17654.0,10.0,129392663.0,11.11
South Korea,2022-10-10,8981.0,15.0,129393564.0,11.11
South Korea,2022-10-11,15444.0,25.0,129399779.0,11.11
South Korea,2022-10-12,30506.0,35.0,129405527.0,11.11
South Korea,2022-10-13,26936.0,25.0,129411990.0,11.11
South Korea,2022-10-14,23583.0,32.0,129421632.0,11.11
South Korea,2022-10-15,22757.0,11.0,129425156.0,11.11
South Korea,2022-10-16,21469.0,5.0,129425221.0,11.11
South Korea,2022-10-17,10982.0,43.0,129431479.0,11.11
South Korea,2022-10-18,33227.0,23.0,129437215.0,11.11
South Korea,2022-10-19,29441.0,30.0,129443191.0,11.11
South Korea,2022-10-20,25389.0,22.0,129450057.0,11.11
South Korea,2022-10-21,24751.0,16.0,129460416.0,11.11
South Korea,2022-10-22,26823.0,10.0,129464309.0,11.11
South Korea,2022-10-23,26256.0,17.0,129464413.0,11.11
South Korea,2022-10-24,14257.0,26.0,129471303.0,11.11
South Korea,2022-10-25,43722.0,26.0,129477265.0,11.11
South Korea,2022-10-26,40807.0,31.0,129483272.0,11.11
South Korea,2022-10-27,34948.0,31.0,,11.11
South Korea,2022-10-28,35899.0,27.0,129500211.0,11.11
South Korea,2022-10-29,37321.0,18.0,129503908.0,11.11
South Korea,2022-10-30,34511.0,54.0,129504006.0,11.11
South Korea,2022-10-31,18510.0,9.0,129509774.0,11.11
South Korea,2022-11-01,58332.0,41.0,129514774.0,11.11
South Korea,2022-11-02,54740.0,35.0,129519668.0,11.11
South Korea,2022-11-03,46871.0,41.0,129525420.0,11.11
South Korea,2022-11-04,43449.0,18.0,129533514.0,11.11
South Korea,2022-11-05,40863.0,16.0,129536705.0,11.11
South Korea,2022-11-06,36675.0,30.0,129536774.0,11.11
South Korea,2022-11-07,18671.0,59.0,129541515.0,11.11
South Korea,2022-11-08,62273.0,52.0,129545542.0,11.11
South Korea,2022-11-09,62472.0,40.0,129549553.0,11.11
South Korea,2022-11-10,55365.0,46.0,129554358.0,11.11
South Korea,2022-11-11,54519.0,48.0,129561421.0,11.11
South Korea,2022-11-12,54328.0,44.0,129564355.0,11.11
South Korea,2022-11-13,48362.0,39.0,129564441.0,11.11
South Korea,2022-11-14,23765.0,47.0,129568893.0,11.11
South Korea,2022-11-15,72883.0,67.0,129572797.0,11.11
South Korea,2022-11-16,66587.0,63.0,129576836.0,11.11
South Korea,2022-11-17,55437.0,65.0,129581457.0,11.11
South Korea,2022-11-18,49418.0,41.0,129587797.0,11.11
South Korea,2022-11-19,50435.0,35.0,129590639.0,11.11
South Korea,2022-11-20,46011.0,45.0,129590739.0,11.11
South Korea,2022-11-21,23091.0,53.0,129595140.0,11.11
South Korea,2022-11-22,72873.0,59.0,129599036.0,11.11
South Korea,2022-11-23,70324.0,55.0,129602863.0,11.11
South Korea,2022-11-24,59089.0,52.0,129606973.0,11.11
South Korea,2022-11-25,53698.0,39.0,129612539.0,11.11
South Korea,2022-11-26,52648.0,44.0,129615124.0,11.11
South Korea,2022-11-27,47028.0,41.0,129615235.0,11.11
South Korea,2022-11-28,22327.0,52.0,129619075.0,11.11
South Korea,2022-11-29,71476.0,62.0,129622240.0,11.11
South Korea,2022-11-30,67415.0,53.0,129625158.0,11.11
South Korea,2022-12-01,57079.0,48.0,129627796.0,11.11
South Korea,2022-12-02,52987.0,60.0,129631322.0,11.11
South Korea,2022-12-03,52726.0,40.0,129633354.0,11.11
South Korea,2022-12-04,46564.0,24.0,129633453.0,11.11
South Korea,2022-12-05,23160.0,54.0,129636055.0,11.11
South Korea,2022-12-06,77604.0,61.0,129638070.0,11.11
South Korea,2022-12-07,74714.0,67.0,129639998.0,11.11
South Korea,2022-12-08,65253.0,0.0,129642013.0,11.11
South Korea,2022-12-09,62604.0,94.0,129644643.0,11.11
South Korea,2022-12-10,62738.0,30.0,129645939.0,11.11
South Korea,2022-12-11,54319.0,29.0,129646007.0,11.11
South Korea,2022-12-12,25667.0,46.0,129647782.0,11.11
South Korea,2022-12-13,86852.0,58.0,,11.11
South Korea,2022-12-14,84571.0,66.0,,11.11
South Korea,2022-12-15,70154.0,55.0,,11.11
South Korea,2022-12-16,66953.0,42.0,,11.11
South Korea,2022-12-17,66752.0,39.0,,11.11
South Korea,2022-12-18,58862.0,56.0,,11.11
South Korea,2022-12-19,26622.0,59.0,,11.11
South Korea,2022-12-20,87559.0,62.0,,11.11
South Korea,2022-12-21,88172.0,63.0,,11.11
South Korea,2022-12-22,75744.0,70.0,,11.11
South Korea,2022-12-23,68168.0,46.0,,11.11
South Korea,2022-12-24,66049.0,42.0,,11.11
South Korea,2022-12-25,58448.0,50.0,,11.11
South Korea,2022-12-26,25545.0,69.0,,11.11
South Korea,2022-12-27,87451.0,76.0,,11.11
South Korea,2022-12-28,87498.0,68.0,,11.11
South Korea,2022-12-29,71413.0,61.0,,11.11
South Korea,2022-12-30,65207.0,63.0,,11.11
South Korea,2022-12-31,63104.0,53.0,,11.11
South Korea,2023-01-01,57527.0,29.0,,
South Korea,2023-01-02,22735.0,54.0,,
South Korea,2023-01-03,81056.0,66.0,,
South Korea,2023-01-04,78575.0,75.0,,
South Korea,2023-01-05,64106.0,0.0,,
South Korea,2023-01-06,56954.0,0.0,,
South Korea,2023-01-07,53608.0,0.0,,
South Korea,2023-01-08,46766.0,0.0,,
South Korea,2023-01-09,19106.0,0.0,,
South Korea,2023-01-10,60041.0,0.0,,
South Korea,2023-01-11,54343.0,0.0,,
South Korea,2023-01-12,43953.0,0.0,,
South Korea,2023-01-13,39726.0,0.0,,
South Korea,2023-01-14,36552.0,0.0,,
South Korea,2023-01-15,32570.0,0.0,,
South Korea,2023-01-16,14144.0,0.0,,
South Korea,2023-01-17,40199.0,0.0,,
South Korea,2023-01-18,36908.0,0.0,,
South Korea,2023-01-19,29816.0,0.0,,
South Korea,2023-01-20,27408.0,0.0,,
South Korea,2023-01-21,27539.0,0.0,,
South Korea,2023-01-22,16624.0,0.0,,
South Korea,2023-01-23,9227.0,0.0,,
South Korea,2023-01-24,12262.0,0.0,,
South Korea,2023-01-25,19538.0,0.0,,
South Korea,2023-01-26,35096.0,0.0,,
South Korea,2023-01-27,31711.0,0.0,,
South Korea,2023-01-28,23367.0,0.0,,
South Korea,2023-01-29,18871.0,0.0,,
South Korea,2023-01-30,7416.0,0.0,,
South Korea,2023-01-31,19629.0,0.0,,
South Korea,2023-02-01,20420.0,1026.0,,
South Korea,2023-02-02,16862.0,30.0,,
South Korea,2023-02-03,14961.0,22.0,,
South Korea,2023-02-04,14504.0,22.0,,
South Korea,2023-02-05,14018.0,18.0,,
South Korea,2023-02-06,5850.0,10.0,,
South Korea,2023-02-07,16120.0,22.0,,
South Korea,2023-02-08,17934.0,34.0,,
South Korea,2023-02-09,14664.0,17.0,,
South Korea,2023-02-10,13504.0,16.0,,
South Korea,2023-02-11,12665.0,23.0,,
South Korea,2023-02-12,12051.0,11.0,,
South Korea,2023-02-13,5174.0,11.0,,
South Korea,2023-02-14,14371.0,24.0,,
South Korea,2023-02-15,14957.0,22.0,,
South Korea,2023-02-16,12519.0,28.0,,
South Korea,2023-02-17,11436.0,12.0,,
South Korea,2023-02-18,10641.0,12.0,,
South Korea,2023-02-19,10274.0,9.0,,
South Korea,2023-02-20,4324.0,8.0,,
South Korea,2023-02-21,11880.0,14.0,,
South Korea,2023-02-22,13082.0,22.0,,
South Korea,2023-02-23,10845.0,20.0,,
South Korea,2023-02-24,10051.0,11.0,,
South Korea,2023-02-25,9913.0,6.0,,
South Korea,2023-02-26,9212.0,15.0,,
South Korea,2023-02-27,4026.0,16.0,,
South Korea,2023-02-28,10817.0,11.0,,
South Korea,2023-03-01,12291.0,15.0,,
South Korea,2023-03-02,7561.0,11.0,,
South Korea,2023-03-03,10408.0,6.0,,
South Korea,2023-03-04,11121.0,5.0,,
South Korea,2023-03-05,9813.0,9.0,,
South Korea,2023-03-06,4300.0,15.0,,
South Korea,2023-03-07,12284.0,12.0,,
South Korea,2023-03-08,12798.0,20.0,,
South Korea,2023-03-09,10890.0,12.0,,
South Korea,2023-03-10,10335.0,3.0,,
South Korea,2023-03-11,9867.0,7.0,,
South Korea,2023-03-12,9342.0,12.0,,
South Korea,2023-03-13,4198.0,6.0,,
South Korea,2023-03-14,11401.0,10.0,,
South Korea,2023-03-15,11899.0,17.0,,
South Korea,2023-03-16,9934.0,7.0,,
South Korea,2023-03-17,9065.0,4.0,,
South Korea,2023-03-18,8995.0,3.0,,
South Korea,2023-03-19,8807.0,9.0,,
South Korea,2023-03-20,3930.0,7.0,,
South Korea,2023-03-21,12016.0,9.0,,
South Korea,2023-03-22,13081.0,14.0,,
South Korea,2023-03-23,11400.0,10.0,,
South Korea,2023-03-24,10283.0,6.0,,
South Korea,2023-03-25,10155.0,3.0,,
South Korea,2023-03-26,9361.0,3.0,,
South Korea,2023-03-27,4204.0,8.0,,
South Korea,2023-03-28,12129.0,14.0,,
South Korea,2023-03-29,13134.0,10.0,,
South Korea,2023-03-30,11039.0,10.0,,
South Korea,2023-03-31,10368.0,16.0,,
South Korea,2023-04-01,10523.0,0.0,,
South Korea,2023-04-02,9724.0,0.0,,
South Korea,2023-04-03,4349.0,15.0,,
South Korea,2023-04-04,9499.0,-7.0,,
South Korea,2023-04-05,13366.0,13.0,,
South Korea,2023-04-06,14459.0,9.0,,
South Korea,2023-04-07,12080.0,4.0,,
South Korea,2023-04-08,10372.0,2.0,,
South Korea,2023-04-09,9553.0,15.0,,
South Korea,2023-04-10,4005.0,10.0,,
South Korea,2023-04-11,12444.0,0.0,,
South Korea,2023-04-12,13926.0,19.0,,
South Korea,2023-04-13,11596.0,5.0,,
South Korea,2023-04-14,11246.0,2.0,,
South Korea,2023-04-15,11682.0,4.0,,
South Korea,2023-04-16,10188.0,4.0,,
South Korea,2023-04-17,4946.0,10.0,,
South Korea,2023-04-18,15173.0,6.0,,
South Korea,2023-04-19,16508.0,9.0,,
South Korea,2023-04-20,14094.0,7.0,,
South Korea,2023-04-21,13596.0,5.0,,
South Korea,2023-04-22,13266.0,0.0,,
South Korea,2023-04-23,11834.0,14.0,,
South Korea,2023-04-24,5027.0,7.0,,
South Korea,2023-04-25,14817.0,15.0,,
South Korea,2023-04-26,16383.0,11.0,,
South Korea,2023-04-27,14284.0,11.0,,
South Korea,2023-04-28,13790.0,3.0,,
South Korea,2023-04-29,14412.0,5.0,,
South Korea,2023-04-30,13614.0,8.0,,
South Korea,2023-05-01,5774.0,10.0,,
South Korea,2023-05-02,15741.0,8.0,,
South Korea,2023-05-03,20197.0,7.0,,
South Korea,2023-05-04,19853.0,6.0,,
South Korea,2023-05-05,18752.0,3.0,,
South Korea,2023-05-06,11801.0,6.0,,
South Korea,2023-05-07,14742.0,7.0,,
South Korea,2023-05-08,8164.0,14.0,,
South Korea,2023-05-09,21362.0,23.0,,
South Korea,2023-05-10,23515.0,12.0,,
South Korea,2023-05-11,20571.0,8.0,,
South Korea,2023-05-12,19989.0,6.0,,
South Korea,2023-05-13,19352.0,6.0,,
South Korea,2023-05-14,17403.0,7.0,,
South Korea,2023-05-15,7178.0,13.0,,
South Korea,2023-05-16,23680.0,11.0,,
South Korea,2023-05-17,26147.0,18.0,,
South Korea,2023-05-18,21797.0,13.0,,
South Korea,2023-05-19,19467.0,5.0,,
South Korea,2023-05-20,18106.0,5.0,,
South Korea,2023-05-21,16808.0,12.0,,
South Korea,2023-05-22,6798.0,15.0,,
South Korea,2023-05-23,21385.0,17.0,,
South Korea,2023-05-24,22961.0,17.0,,
South Korea,2023-05-25,19080.0,15.0,,
South Korea,2023-05-26,17933.0,0.0,,
South Korea,2023-05-27,17531.0,0.0,,
South Korea,2023-05-28,0.0,3.0,,
South Korea,2023-05-29,0.0,0.0,,
South Korea,2023-05-30,32127.0,0.0,,
South Korea,2023-05-31,24411.0,0.0,,
South Korea,2023-06-01,24604.0,0.0,,
South Korea,2023-06-02,19724.0,61.0,,
South Korea,2023-06-03,0.0,0.0,,
South Korea,2023-06-04,0.0,12.0,,
South Korea,2023-06-05,34837.0,4.0,,
South Korea,2023-06-06,0.0,4.0,,
South Korea,2023-06-07,26410.0,21.0,,
South Korea,2023-06-08,15156.0,20.0,,
South Korea,2023-06-09,20450.0,5.0,,
South Korea,2023-06-10,21215.0,8.0,,
South Korea,2023-06-11,17690.0,4.0,,
South Korea,2023-06-12,16006.0,0.0,,
South Korea,2023-06-13,4982.0,0.0,,
South Korea,2023-06-14,82.0,0.0,,
South Korea,2023-06-15,0.0,0.0,,
South Korea,2023-06-16,0.0,0.0,,
South Korea,2023-06-17,0.0,0.0,,
South Korea,2023-06-18,0.0,67.0,,
South Korea,2023-06-19,113819.0,0.0,,
South Korea,2023-06-20,0.0,0.0,,
South Korea,2023-06-21,0.0,0.0,,
South Korea,2023-06-22,0.0,0.0,,
South Korea,2023-06-23,0.0,0.0,,
South Korea,2023-06-24,0.0,0.0,,
South Korea,2023-06-25,0.0,57.0,,
South Korea,2023-06-26,113120.0,0.0,,
South Korea,2023-06-27,0.0,0.0,,
South Korea,2023-06-28,0.0,0.0,,
South Korea,2023-06-29,0.0,0.0,,
South Korea,2023-06-30,0.0,0.0,,
South Korea,2023-07-01,0.0,0.0,,
South Korea,2023-07-02,0.0,0.0,,
South Korea,2023-07-03,124548.0,54.0,,
South Korea,2023-07-04,0.0,0.0,,
South Korea,2023-07-05,0.0,0.0,,
South Korea,2023-07-06,0.0,0.0,,
South Korea,2023-07-07,0.0,0.0,,
South Korea,2023-07-08,0.0,0.0,,
South Korea,2023-07-09,0.0,0.0,,
South Korea,2023-07-10,150444.0,0.0,,
South Korea,2023-07-11,0.0,0.0,,
South Korea,2023-07-12,0.0,0.0,,
South Korea,2023-07-13,0.0,0.0,,
South Korea,2023-07-14,0.0,0.0,,
South Korea,2023-07-15,0.0,0.0,,
South Korea,2023-07-16,0.0,0.0,,
South Korea,2023-07-17,204911.0,88.0,,
South Korea,2023-07-18,0.0,0.0,,
South Korea,2023-07-19,0.0,0.0,,
South Korea,2023-07-20,0.0,0.0,,
South Korea,2023-07-21,0.0,0.0,,
South Korea,2023-07-22,0.0,0.0,,
South Korea,2023-07-23,0.0,0.0,,
South Korea,2023-07-24,271581.0,57.0,,
South Korea,2023-07-25,0.0,0.0,,
South Korea,2023-07-26,0.0,0.0,,
South Korea,2023-07-27,0.0,0.0,,
South Korea,2023-07-28,0.0,0.0,,
South Korea,2023-07-29,0.0,0.0,,
South Korea,2023-07-30,0.0,0.0,,
South Korea,2023-07-31,318706.0,97.0,,
South Korea,2023-08-01,332423.0,0.0,,
South Korea,2023-08-02,0.0,98.0,,
South Korea,2023-08-03,0.0,0.0,,
South Korea,2023-08-04,0.0,0.0,,
South Korea,2023-08-05,0.0,0.0,,
South Korea,2023-08-06,0.0,0.0,,
South Korea,2023-08-07,20255.0,0.0,,
South Korea,2023-08-08,61318.0,0.0,,
South Korea,2023-08-09,0.0,0.0,,
South Korea,2023-08-10,0.0,0.0,,
South Korea,2023-08-11,0.0,0.0,,
South Korea,2023-08-12,0.0,0.0,,
South Korea,2023-08-13,0.0,0.0,,
South Korea,2023-08-14,281745.0,146.0,,
South Korea,2023-08-15,0.0,0.0,,
South Korea,2023-08-16,0.0,0.0,,
South Korea,2023-08-17,0.0,0.0,,
South Korea,2023-08-18,0.0,0.0,,
South Korea,2023-08-19,0.0,0.0,,
South Korea,2023-08-20,0.0,0.0,,
South Korea,2023-08-21,282263.0,130.0,,
South Korea,2023-08-22,0.0,125.0,,
South Korea,2023-08-23,0.0,0.0,,
South Korea,2023-08-24,0.0,0.0,,
South Korea,2023-08-25,0.0,0.0,,
South Korea,2023-08-26,0.0,0.0,,
South Korea,2023-08-27,0.0,0.0,,
South Korea,2023-08-28,256742.0,0.0,,
South Korea,2023-08-29,0.0,0.0,,
South Korea,2023-08-30,0.0,0.0,,
South Korea,2023-08-31,0.0,0.0,,
South Korea,2023-09-01,0.0,0.0,,
South Korea,2023-09-02,0.0,0.0,,
South Korea,2023-09-03,0.0,0.0,,
South Korea,2023-09-04,135331.0,122.0,,
South Korea,2023-09-05,0.0,0.0,,
South Korea,2023-09-06,0.0,0.0,,
South Korea,2023-09-07,0.0,0.0,,
South Korea,2023-09-08,0.0,0.0,,
South Korea,2023-09-09,0.0,0.0,,
South Korea,2023-09-10,0.0,0.0,,
South Korea,2023-09-11,0.0,0.0,,
South Korea,2023-09-12,0.0,0.0,,
South Korea,2023-09-13,0.0,0.0,,
South Korea,2023-09-14,0.0,0.0,,
South Korea,2023-09-15,0.0,0.0,,
South Korea,2023-09-16,0.0,0.0,,
South Korea,2023-09-17,0.0,0.0,,
South Korea,2023-09-18,0.0,0.0,,
South Korea,2023-09-19,0.0,0.0,,
South Korea,2023-09-20,0.0,0.0,,
South Korea,2023-09-21,0.0,0.0,,
South Korea,2023-09-22,0.0,0.0,,
South Korea,2023-09-23,0.0,0.0,,
South Korea,2023-09-24,0.0,0.0,,
South Korea,2023-09-25,0.0,0.0,,
South Korea,2023-09-26,0.0,0.0,,
South Korea,2023-09-27,0.0,0.0,,
South Korea,2023-09-28,0.0,0.0,,
South Korea,2023-09-29,0.0,0.0,,
South Korea,2023-09-30,0.0,0.0,,
South Korea,2023-10-01,0.0,0.0,,
South Korea,2023-10-02,0.0,0.0,,
South Korea,2023-10-03,0.0,0.0,,
South Korea,2023-10-04,0.0,0.0,,
South Korea,2023-10-05,0.0,0.0,,
South Korea,2023-10-06,0.0,0.0,,
South Korea,2023-10-07,0.0,0.0,,
South Korea,2023-10-08,0.0,0.0,,
South Korea,2023-10-09,0.0,0.0,,
South Korea,2023-10-10,0.0,0.0,,
South Korea,2023-10-11,0.0,0.0,,
South Korea,2023-10-12,0.0,0.0,,
South Korea,2023-10-13,0.0,0.0,,
South Korea,2023-10-14,0.0,0.0,,
South Korea,2023-10-15,0.0,0.0,,
South Korea,2023-10-16,0.0,0.0,,
South Korea,2023-10-17,0.0,0.0,,
South Korea,2023-10-18,0.0,0.0,,
South Korea,2023-10-19,0.0,0.0,,
South Korea,2023-10-20,0.0,0.0,,
South Korea,2023-10-21,0.0,0.0,,
South Korea,2023-10-22,0.0,0.0,,
South Korea,2023-10-23,0.0,0.0,,
South Korea,2023-10-24,0.0,0.0,,
South Korea,2023-10-25,0.0,0.0,,
South Korea,2023-10-26,0.0,0.0,,
South Korea,2023-10-27,0.0,0.0,,
South Korea,2023-10-28,0.0,0.0,,
South Korea,2023-10-29,0.0,0.0,,
South Korea,2023-10-30,0.0,0.0,,
South Korea,2023-10-31,0.0,0.0,,
South Korea,2023-11-01,0.0,0.0,,
South Korea,2023-11-02,0.0,0.0,,
South Korea,2023-11-03,0.0,0.0,,
South Korea,2023-11-04,0.0,0.0,,
South Korea,2023-11-05,0.0,0.0,,
South Korea,2023-11-06,0.0,0.0,,
South Korea,2023-11-07,0.0,0.0,,
South Korea,2023-11-08,0.0,0.0,,
South Korea,2023-11-09,0.0,0.0,,
South Korea,2023-11-10,0.0,0.0,,
South Korea,2023-11-11,0.0,0.0,,
South Korea,2023-11-12,0.0,0.0,,
South Korea,2023-11-13,0.0,0.0,,
South Korea,2023-11-14,0.0,0.0,,
South Korea,2023-11-15,0.0,0.0,,
South Korea,2023-11-16,0.0,0.0,,
South Korea,2023-11-17,0.0,0.0,,
South Korea,2023-11-18,0.0,0.0,,
South Korea,2023-11-19,0.0,0.0,,
South Korea,2023-11-20,0.0,0.0,,
South Korea,2023-11-21,0.0,0.0,,
South Korea,2023-11-22,0.0,0.0,,
South Korea,2023-11-23,0.0,0.0,,
South Korea,2023-11-24,0.0,0.0,,
South Korea,2023-11-25,0.0,0.0,,
South Korea,2023-11-26,0.0,0.0,,
South Korea,2023-11-27,0.0,0.0,,
South Korea,2023-11-28,0.0,0.0,,
South Korea,2023-11-29,0.0,0.0,,
South Korea,2023-11-30,0.0,0.0,,
South Korea,2023-12-01,,,,
South Korea,2023-12-02,,,,
South Korea,2023-12-03,,,,
South Korea,2023-12-04,,,,
South Korea,2023-12-05,,,,
South Korea,2023-12-06,,,,
South Korea,2023-12-07,,,,
South Korea,2023-12-08,,,,
South Korea,2023-12-09,,,,
South Korea,2023-12-10,,,,
South Korea,2023-12-11,,,,
South Korea,2023-12-12,,,,
South Korea,2023-12-13,,,,
South Korea,2023-12-14,,,,
South Korea,2023-12-15,,,,
South Korea,2023-12-16,,,,
South Korea,2023-12-17,,,,
South Korea,2023-12-18,,,,
South Korea,2023-12-19,,,,
South Korea,2023-12-20,,,,
South Korea,2023-12-21,,,,
South Korea,2023-12-22,,,,
South Korea,2023-12-23,,,,
South Korea,2023-12-24,,,,
South Korea,2023-12-25,,,,
South Korea,2023-12-26,,,,
South Korea,2023-12-27,,,,
South Korea,2023-12-28,,,,
South Korea,2023-12-29,,,,
South Korea,2023-12-30,,,,
South Korea,2023-12-31,,,,
South Korea,2024-01-01,,,,
South Korea,2024-01-02,,,,
South Korea,2024-01-03,,,,
South Korea,2024-01-04,,,,
South Korea,2024-01-05,,,,
South Korea,2024-01-06,,,,
South Korea,2024-01-07,,,,
South Korea,2024-01-08,,,,
South Korea,2024-01-09,,,,
South Korea,2024-01-10,,,,
South Korea,2024-01-11,,,,
South Korea,2024-01-12,,,,
South Korea,2024-01-13,,,,
South Korea,2024-01-14,,,,
South Korea,2024-01-15,,,,
South Korea,2024-01-16,,,,
South Korea,2024-01-17,,,,
South Korea,2024-01-18,,,,
South Korea,2024-01-19,,,,
South Korea,2024-01-20,,,,
South Korea,2024-01-21,,,,
South Korea,2024-01-22,,,,
South Korea,2024-01-23,,,,
South Korea,2024-01-24,,,,
South Korea,2024-01-25,,,,
South Korea,2024-01-26,,,,
South Korea,2024-01-27,,,,
South Korea,2024-01-28,,,,
South Korea,2024-01-29,,,,
South Korea,2024-01-30,,,,
South Korea,2024-01-31,,,,
South Korea,2024-02-01,,,,
South Korea,2024-02-02,,,,
South Korea,2024-02-03,,,,
South Korea,2024-02-04,,,,
South Korea,2024-02-05,,,,
South Korea,2024-02-06,,,,
South Korea,2024-02-07,,,,
South Korea,2024-02-08,,,,
South Korea,2024-02-09,,,,
South Korea,2024-02-10,,,,
South Korea,2024-02-11,,,,
South Korea,2024-02-12,,,,
South Korea,2024-02-13,,,,
South Korea,2024-02-14,,,,
South Korea,2024-02-15,,,,
South Korea,2024-02-16,,,,
South Korea,2024-02-17,,,,
South Korea,2024-02-18,,,,
South Korea,2024-02-19,,,,
South Korea,2024-02-20,,,,
South Korea,2024-02-21,,,,
South Korea,2024-02-22,,,,
South Korea,2024-02-23,,,,
South Korea,2024-02-24,,,,
South Korea,2024-02-25,,,,
South Korea,2024-02-26,,,,
South Korea,2024-02-27,,,,
South Korea,2024-02-28,,,,
South Korea,2024-02-29,,,,
South Korea,2024-03-01,,,,
South Korea,2024-03-02,,,,
South Korea,2024-03-03,,,,
South Korea,2024-03-04,,,,
South Korea,2024-03-05,,,,
South Korea,2024-03-06,,,,
South Korea,2024-03-07,,,,
South Korea,2024-03-08,,,,
South Korea,2024-03-09,,,,
South Korea,2024-03-10,,,,
South Korea,2024-03-11,,,,
South Korea,2024-03-12,,,,
South Korea,2024-03-13,,,,
South Korea,2024-03-14,,,,
South Korea,2024-03-15,,,,
South Korea,2024-03-16,,,,
South Korea,2024-03-17,,,,
South Korea,2024-03-18,,,,
South Korea,2024-03-19,,,,
South Korea,2024-03-20,,,,
South Korea,2024-03-21,,,,
South Korea,2024-03-22,,,,
South Korea,2024-03-23,,,,
South Korea,2024-03-24,,,,
South Korea,2024-03-25,,,,
South Korea,2024-03-26,,,,
South Korea,2024-03-27,,,,
South Korea,2024-03-28,,,,
South Korea,2024-03-29,,,,
South Korea,2024-03-30,,,,
South Korea,2024-03-31,,,,
South Korea,2024-04-01,,,,
South Korea,2024-04-02,,,,
South Korea,2024-04-03,,,,
South Korea,2024-04-04,,,,
South Korea,2024-04-05,,,,
South Korea,2024-04-06,,,,
South Korea,2024-04-07,,,,
South Korea,2024-04-08,,,,
South Korea,2024-04-09,,,,
South Korea,2024-04-10,,,,
South Korea,2024-04-11,,,,
South Korea,2024-04-12,,,,
South Korea,2024-04-13,,,,
South Korea,2024-04-14,,,,
South Korea,2024-04-15,,,,
South Korea,2024-04-16,,,,
South Korea,2024-04-17,,,,
South Korea,2024-04-18,,,,
South Korea,2024-04-19,,,,
South Korea,2024-04-20,,,,
South Korea,2024-04-21,,,,
South Korea,2024-04-22,,,,
South Korea,2024-04-23,,,,
South Korea,2024-04-24,,,,
South Korea,2024-04-25,,,,
South Korea,2024-04-26,,,,
South Korea,2024-04-27,,,,
South Korea,2024-04-28,,,,
South Korea,2024-04-29,,,,
South Korea,2024-04-30,,,,
South Korea,2024-05-01,,,,
South Korea,2024-05-02,,,,
South Korea,2024-05-03,,,,
South Korea,2024-05-04,,,,
South Korea,2024-05-05,,,,
South Korea,2024-05-06,,,,
South Korea,2024-05-07,,,,
South Korea,2024-05-08,,,,
South Korea,2024-05-09,,,,
South Korea,2024-05-10,,,,
South Korea,2024-05-11,,,,
South Korea,2024-05-12,,,,
South Korea,2024-05-13,,,,
South Korea,2024-05-14,,,,
South Korea,2024-05-15,,,,
South Korea,2024-05-16,,,,
South Korea,2024-05-17,,,,
South Korea,2024-05-18,,,,
South Korea,2024-05-19,,,,
South Korea,2024-05-20,,,,
South Korea,2024-05-21,,,,
South Korea,2024-05-22,,,,
South Korea,2024-05-23,,,,
South Korea,2024-05-24,,,,
South Korea,2024-05-25,,,,
South Korea,2024-05-26,,,,
South Korea,2024-05-27,,,,
South Korea,2024-05-28,,,,
South Korea,2024-05-29,,,,
South Korea,2024-05-30,,,,
South Korea,2024-05-31,,,,
South Korea,2024-06-01,,,,
South Korea,2024-06-02,,,,
South Korea,2024-06-03,,,,
South Korea,2024-06-04,,,,
South Korea,2024-06-05,,,,
South Korea,2024-06-06,,,,
South Korea,2024-06-07,,,,
South Korea,2024-06-08,,,,
South Korea,2024-06-09,,,,
South Korea,2024-06-10,,,,
South Korea,2024-06-11,,,,
South Korea,2024-06-12,,,,
South Korea,2024-06-13,,,,
South Korea,2024-06-14,,,,
South Korea,2024-06-15,,,,
South Korea,2024-06-16,,,,
South Korea,2024-06-17,,,,
South Korea,2024-06-18,,,,
South Korea,2024-06-19,,,,
South Korea,2024-06-20,,,,
South Korea,2024-06-21,,,,
South Korea,2024-06-22,,,,
South Korea,2024-06-23,,,,
South Korea,2024-06-24,,,,
South Korea,2024-06-25,,,,
South Korea,2024-06-26,,,,
South Korea,2024-06-27,,,,
South Korea,2024-06-28,,,,
South Korea,2024-06-29,,,,
South Korea,2024-06-30,,,,
South Korea,2024-07-01,,,,
South Korea,2024-07-02,,,,
South Korea,2024-07-03,,,,
South Korea,2024-07-04,,,,
South Korea,2024-07-05,,,,
South Korea,2024-07-06,,,,
South Korea,2024-07-07,,,,
South Korea,2024-07-08,,,,
South Korea,2024-07-09,,,,
South Korea,2024-07-10,,,,
South Korea,2024-07-11,,,,
South Korea,2024-07-12,,,,
South Korea,2024-07-13,,,,
South Korea,2024-07-14,,,,
South Korea,2024-07-15,,,,
South Korea,2024-07-16,,,,
South Korea,2024-07-17,,,,
South Korea,2024-07-18,,,,
South Korea,2024-07-19,,,,
South Korea,2024-07-20,,,,
South Korea,2024-07-21,,,,
South Korea,2024-07-22,,,,
South Korea,2024-07-23,,,,
South Korea,2024-07-24,,,,
South Korea,2024-07-25,,,,
South Korea,2024-07-26,,,,
South Korea,2024-07-27,,,,
South Korea,2024-07-28,,,,
South Korea,2024-07-29,,,,
South Korea,2024-07-30,,,,
South Korea,2024-07-31,,,,
South Korea,2024-08-01,,,,
South Korea,2024-08-02,,,,
South Korea,2024-08-03,,,,
South Korea,2024-08-04,,,,
South Korea,2024-08-05,,,,
South Korea,2024-08-06,,,,
South Korea,2024-08-07,,,,
South Korea,2024-08-08,,,,
South Korea,2024-08-09,,,,
South Korea,2024-08-10,,,,
South Korea,2024-08-11,,,,
South Korea,2024-08-12,,,,
South Korea,2024-08-13,,,,
South Korea,2024-08-14,,,,
South Korea,2024-08-15,,,,
South Korea,2024-08-16,,,,
South Korea,2024-08-17,,,,
South Korea,2024-08-18,,,,
South Korea,2024-08-19,,,,
South Korea,2024-08-20,,,,
South Korea,2024-08-21,,,,
South Korea,2024-08-22,,,,
South Korea,2024-08-23,,,,
South Korea,2024-08-24,,,,
South Korea,2024-08-25,,,,
South Korea,2024-08-26,,,,
South Korea,2024-08-27,,,,
South Korea,2024-08-28,,,,
South Korea,2024-08-29,,,,
South Korea,2024-08-30,,,,
South Korea,2024-08-31,,,,
South Korea,2024-09-01,,,,
South Korea,2024-09-02,,,,
South Korea,2024-09-03,,,,
South Korea,2024-09-04,,,,
South Korea,2024-09-05,,,,
South Korea,2024-09-06,,,,
South Korea,2024-09-07,,,,
South Korea,2024-09-08,,,,
South Korea,2024-09-09,,,,
South Korea,2024-09-10,,,,
South Korea,2024-09-11,,,,
South Korea,2024-09-12,,,,
South Korea,2024-09-13,,,,
South Korea,2024-09-14,,,,
South Korea,2024-09-15,,,,
South Korea,2024-09-16,,,,
South Korea,2024-09-17,,,,
South Korea,2024-09-18,,,,
South Korea,2024-09-19,,,,
South Korea,2024-09-20,,,,
South Korea,2024-09-21,,,,
South Korea,2024-09-22,,,,
South Korea,2024-09-23,,,,
South Korea,2024-09-24,,,,
South Korea,2024-09-25,,,,
South Korea,2024-09-26,,,,
South Korea,2024-09-27,,,,
South Korea,2024-09-28,,,,
South Korea,2024-09-29,,,,
South Korea,2024-09-30,,,,
South Korea,2024-10-01,,,,
South Korea,2024-10-02,,,,
South Korea,2024-10-03,,,,
South Korea,2024-10-04,,,,
South Korea,2024-10-05,,,,
South Korea,2024-10-06,,,,
South Korea,2024-10-07,,,,
South Korea,2024-10-08,,,,
South Korea,2024-10-09,,,,
South Korea,2024-10-10,,,,
South Korea,2024-10-11,,,,
South Korea,2024-10-12,,,,
South Korea,2024-10-13,,,,
South Korea,2024-10-14,,,,
South Korea,2024-10-15,,,,
South Korea,2024-10-16,,,,
South Korea,2024-10-17,,,,
South Korea,2024-10-18,,,,
South Korea,2024-10-19,,,,
South Korea,2024-10-20,,,,
South Korea,2024-10-21,,,,
South Korea,2024-10-22,,,,
South Korea,2024-10-23,,,,
South Korea,2024-10-24,,,,
South Korea,2024-10-25,,,,
South Korea,2024-10-26,,,,
South Korea,2024-10-27,,,,
South Korea,2024-10-28,,,,
South Korea,2024-10-29,,,,
South Korea,2024-10-30,,,,
South Korea,2024-10-31,,,,
South Korea,2024-11-01,,,,
South Korea,2024-11-02,,,,
South Korea,2024-11-03,,,,
South Korea,2024-11-04,,,,
South Korea,2024-11-05,,,,
South Korea,2024-11-06,,,,
South Korea,2024-11-07,,,,
South Korea,2024-11-08,,,,
South Korea,2024-11-09,,,,
South Korea,2024-11-10,,,,
South Korea,2024-11-11,,,,
South Korea,2024-11-12,,,,
South Korea,2024-11-13,,,,
South Korea,2024-11-14,,,,
South Korea,2024-11-15,,,,
South Korea,2024-11-16,,,,
South Korea,2024-11-17,,,,
South Korea,2024-11-18,,,,
South Korea,2024-11-19,,,,
South Korea,2024-11-20,,,,
South Korea,2024-11-21,,,,
South Korea,2024-11-22,,,,
South Korea,2024-11-23,,,,
South Korea,2024-11-24,,,,
South Korea,2024-11-25,,,,
South Korea,2024-11-26,,,,
South Korea,2024-11-27,,,,
South Korea,2024-11-28,,,,
South Korea,2024-11-29,,,,
South Korea,2024-11-30,,,,
South Korea,2024-12-01,,,,
South Korea,2024-12-02,,,,
South Korea,2024-12-03,,,,
South Korea,2024-12-04,,,,
South Korea,2024-12-05,,,,
South Korea,2024-12-06,,,,
South Korea,2024-12-07,,,,
South Korea,2024-12-08,,,,
South Korea,2024-12-09,,,,
South Korea,2024-12-10,,,,
South Korea,2024-12-11,,,,
South Korea,2024-12-12,,,,
South Korea,2024-12-13,,,,
South Korea,2024-12-14,,,,
South Korea,2024-12-15,,,,
South Korea,2024-12-16,,,,
South Korea,2024-12-17,,,,
South Korea,2024-12-18,,,,
South Korea,2024-12-19,,,,
South Korea,2024-12-20,,,,
South Korea,2024-12-21,,,,
South Korea,2024-12-22,,,,
South Korea,2024-12-23,,,,
South Korea,2024-12-24,,,,
South Korea,2024-12-25,,,,
South Korea,2024-12-26,,,,
South Korea,2024-12-27,,,,
South Korea,2024-12-28,,,,
South Korea,2024-12-29,,,,
South Korea,2024-12-30,,,,
South Korea,2024-12-31,,,,
Spain,2022-01-01,,,,38.65
Spain,2022-01-02,793378.0,731.0,84250146.0,38.61
Spain,2022-01-03,,,84506436.0,38.61
Spain,2022-01-04,,,84790916.0,38.61
Spain,2022-01-05,,,,38.61
Spain,2022-01-06,,,84998186.0,38.61
Spain,2022-01-07,,,,38.61
Spain,2022-01-08,,,,38.61
Spain,2022-01-09,892500.0,1047.0,85480089.0,38.6
Spain,2022-01-10,,,85731280.0,38.6
Spain,2022-01-11,,,86024996.0,38.59
Spain,2022-01-12,,,86326709.0,38.59
Spain,2022-01-13,,,86659108.0,38.59
Spain,2022-01-14,,,,38.59
Spain,2022-01-15,,,,38.59
Spain,2022-01-16,956506.0,1387.0,87153288.0,38.58
Spain,2022-01-17,,,87397175.0,38.58
Spain,2022-01-18,,,87645324.0,38.58
Spain,2022-01-19,,,88000590.0,38.57
Spain,2022-01-20,,,88348566.0,38.57
Spain,2022-01-21,,,,38.57
Spain,2022-01-22,,,,38.57
Spain,2022-01-23,847389.0,1568.0,88759314.0,38.57
Spain,2022-01-24,,,88984996.0,38.56
Spain,2022-01-25,,,89270072.0,38.56
Spain,2022-01-26,,,89508239.0,38.56
Spain,2022-01-27,,,89717860.0,38.56
Spain,2022-01-28,,,,38.56
Spain,2022-01-29,,,,38.56
Spain,2022-01-30,625727.0,1769.0,90135346.0,38.56
Spain,2022-01-31,,,90272896.0,38.56
Spain,2022-02-01,,,90449104.0,38.55
Spain,2022-02-02,,,90592858.0,38.55
Spain,2022-02-03,,,90715372.0,38.55
Spain,2022-02-04,,,,38.55
Spain,2022-02-05,,,,38.55
Spain,2022-02-06,383768.0,1706.0,90943374.0,38.55
Spain,2022-02-07,,,91101392.0,38.54
Spain,2022-02-08,,,91211425.0,38.54
Spain,2022-02-09,,,91316118.0,38.54
Spain,2022-02-10,,,91411886.0,38.54
Spain,2022-02-11,,,,38.54
Spain,2022-02-12,,,,38.54
Spain,2022-02-13,244929.0,1400.0,91571654.0,38.54
Spain,2022-02-14,,,91619524.0,38.54
Spain,2022-02-15,,,91716903.0,38.53
Spain,2022-02-16,,,92022504.0,38.45
Spain,2022-02-17,,,92121948.0,38.44
Spain,2022-02-18,,,,38.44
Spain,2022-02-19,,,,38.44
Spain,2022-02-20,158925.0,943.0,92210830.0,38.43
Spain,2022-02-21,,,92237054.0,38.43
Spain,2022-02-22,,,92337963.0,38.42
Spain,2022-02-23,,,92371808.0,38.42
Spain,2022-02-24,,,92491318.0,38.41
Spain,2022-02-25,,,,38.41
Spain,2022-02-26,,,,38.41
Spain,2022-02-27,117945.0,662.0,92591078.0,38.4
Spain,2022-02-28,,,92633158.0,38.4
Spain,2022-03-01,,,92679676.0,38.39
Spain,2022-03-02,,,92726740.0,38.39
Spain,2022-03-03,,,92774397.0,38.38
Spain,2022-03-04,,,,38.38
Spain,2022-03-05,,,,38.38
Spain,2022-03-06,111287.0,528.0,,38.38
Spain,2022-03-07,,,,35.61
Spain,2022-03-08,,,,35.61
Spain,2022-03-09,,,,35.61
Spain,2022-03-10,,,93346088.0,35.45
Spain,2022-03-11,,,,35.45
Spain,2022-03-12,,,,35.45
Spain,2022-03-13,110619.0,444.0,,35.45
Spain,2022-03-14,,,,35.45
Spain,2022-03-15,,,,35.45
Spain,2022-03-16,,,93571317.0,35.42
Spain,2022-03-17,,,,35.42
Spain,2022-03-18,,,,35.42
Spain,2022-03-19,,,,35.42
Spain,2022-03-20,118670.0,373.0,,35.42
Spain,2022-03-21,,,,35.42
Spain,2022-03-22,,,,35.42
Spain,2022-03-23,,,93807121.0,35.39
Spain,2022-03-24,,,,35.39
Spain,2022-03-25,,,,35.39
Spain,2022-03-26,,,,35.39
Spain,2022-03-27,123403.0,311.0,,35.39
Spain,2022-03-28,,,,35.39
Spain,2022-03-29,,,,35.39
Spain,2022-03-30,,,94004482.0,35.37
Spain,2022-03-31,,,,35.37
Spain,2022-04-01,,,,35.37
Spain,2022-04-02,,,,35.37
Spain,2022-04-03,67059.0,313.0,,35.37
Spain,2022-04-04,,,,35.37
Spain,2022-04-05,,,,35.37
Spain,2022-04-06,,,94130810.0,35.36
Spain,2022-04-07,,,,34.51
Spain,2022-04-08,,,,34.51
Spain,2022-04-09,,,,34.51
Spain,2022-04-10,72198.0,336.0,,34.51
Spain,2022-04-11,,,,34.51
Spain,2022-04-12,,,94223806.0,34.5
Spain,2022-04-13,,,,34.5
Spain,2022-04-14,,,,34.5
Spain,2022-04-15,,,,34.5
Spain,2022-04-16,,,,34.5
Spain,2022-04-17,74154.0,385.0,,34.5
Spain,2022-04-18,,,,34.5
Spain,2022-04-19,,,,34.5
Spain,2022-04-20,,,,27.59
Spain,2022-04-21,,,94295766.0,27.59
Spain,2022-04-22,,,,27.59
Spain,2022-04-23,,,,27.59
Spain,2022-04-24,102380.0,419.0,,27.59
Spain,2022-04-25,,,,27.59
Spain,2022-04-26,,,,27.59
Spain,2022-04-27,,,94404832.0,27.59
Spain,2022-04-28,,,,27.59
Spain,2022-04-29,,,,27.59
Spain,2022-04-30,,,,27.59
Spain,2022-05-01,119043.0,417.0,,27.59
Spain,2022-05-02,,,,27.59
Spain,2022-05-03,,,,27.59
Spain,2022-05-04,,,94485122.0,27.59
Spain,2022-05-05,,,,27.59
Spain,2022-05-06,,,,27.59
Spain,2022-05-07,,,,27.59
Spain,2022-05-08,120608.0,494.0,,27.59
Spain,2022-05-09,,,,27.59
Spain,2022-05-10,,,,27.59
Spain,2022-05-11,,,94567014.0,27.59
Spain,2022-05-12,,,,27.59
Spain,2022-05-13,,,,27.59
Spain,2022-05-14,,,,27.59
Spain,2022-05-15,123129.0,552.0,,27.59
Spain,2022-05-16,,,,27.59
Spain,2022-05-17,,,,27.59
Spain,2022-05-18,,,94653236.0,27.59
Spain,2022-05-19,,,,27.59
Spain,2022-05-20,,,,27.59
Spain,2022-05-21,,,,27.59
Spain,2022-05-22,100265.0,532.0,,27.59
Spain,2022-05-23,,,,27.59
Spain,2022-05-24,,,,27.59
Spain,2022-05-25,,,94734966.0,27.59
Spain,2022-05-26,,,,27.59
Spain,2022-05-27,,,,27.59
Spain,2022-05-28,,,,27.59
Spain,2022-05-29,78838.0,454.0,,27.59
Spain,2022-05-30,,,,27.59
Spain,2022-05-31,,,,27.59
Spain,2022-06-01,,,94815730.0,27.59
Spain,2022-06-02,,,,27.59
Spain,2022-06-03,,,,27.59
Spain,2022-06-04,,,,27.59
Spain,2022-06-05,77617.0,442.0,,27.59
Spain,2022-06-06,,,,27.59
Spain,2022-06-07,,,,27.59
Spain,2022-06-08,,,94901362.0,27.58
Spain,2022-06-09,,,,27.58
Spain,2022-06-10,,,,27.58
Spain,2022-06-11,,,,27.58
Spain,2022-06-12,79575.0,427.0,,27.58
Spain,2022-06-13,,,,27.58
Spain,2022-06-14,,,,27.58
Spain,2022-06-15,,,94987684.0,27.58
Spain,2022-06-16,,,,27.58
Spain,2022-06-17,,,,27.58
Spain,2022-06-18,,,,27.58
Spain,2022-06-19,95721.0,497.0,,27.58
Spain,2022-06-20,,,,27.58
Spain,2022-06-21,,,,27.58
Spain,2022-06-22,,,95071546.0,27.58
Spain,2022-06-23,,,,27.58
Spain,2022-06-24,,,,27.58
Spain,2022-06-25,,,,27.58
Spain,2022-06-26,129495.0,525.0,,27.58
Spain,2022-06-27,,,,27.58
Spain,2022-06-28,,,,27.58
Spain,2022-06-29,,,95153556.0,27.58
Spain,2022-06-30,,,,27.58
Spain,2022-07-01,,,,27.58
Spain,2022-07-02,,,,27.58
Spain,2022-07-03,159628.0,643.0,,27.58
Spain,2022-07-04,,,,27.58
Spain,2022-07-05,,,,27.58
Spain,2022-07-06,,,95245599.0,27.58
Spain,2022-07-07,,,,27.58
Spain,2022-07-08,,,,27.58
Spain,2022-07-09,,,,27.58
Spain,2022-07-10,146154.0,853.0,,27.58
Spain,2022-07-11,,,,27.58
Spain,2022-07-12,,,,27.58
Spain,2022-07-13,,,95340742.0,23.61
Spain,2022-07-14,,,,23.61
Spain,2022-07-15,,,,23.61
Spain,2022-07-16,,,,23.61
Spain,2022-07-17,101461.0,1104.0,,23.61
Spain,2022-07-18,,,,23.61
Spain,2022-07-19,,,,23.61
Spain,2022-07-20,,,95425998.0,23.61
Spain,2022-07-21,,,,23.61
Spain,2022-07-22,,,,23.61
Spain,2022-07-23,,,,23.61
Spain,2022-07-24,68057.0,958.0,,23.61
Spain,2022-07-25,,,,23.61
Spain,2022-07-26,,,,23.61
Spain,2022-07-27,,,95491074.0,23.61
Spain,2022-07-28,,,,23.61
Spain,2022-07-29,,,,23.61
Spain,2022-07-30,,,,23.61
Spain,2022-07-31,45541.0,788.0,,23.61
Spain,2022-08-01,,,,23.61
Spain,2022-08-02,,,,23.61
Spain,2022-08-03,,,95548924.0,23.61
Spain,2022-08-04,,,,23.61
Spain,2022-08-05,,,,23.61
Spain,2022-08-06,,,,23.61
Spain,2022-08-07,32376.0,597.0,,23.61
Spain,2022-08-08,,,,23.61
Spain,2022-08-09,,,,23.61
Spain,2022-08-10,,,95584445.0,23.61
Spain,2022-08-11,,,,23.61
Spain,2022-08-12,,,,23.61
Spain,2022-08-13,,,,23.61
Spain,2022-08-14,23157.0,498.0,,23.61
Spain,2022-08-15,,,,23.61
Spain,2022-08-16,,,,23.61
Spain,2022-08-17,,,95612718.0,23.61
Spain,2022-08-18,,,,23.61
Spain,2022-08-19,,,,23.61
Spain,2022-08-20,,,,23.61
Spain,2022-08-21,17529.0,339.0,,23.61
Spain,2022-08-22,,,,23.61
Spain,2022-08-23,,,,13.89
Spain,2022-08-24,,,95643377.0,13.89
Spain,2022-08-25,,,,13.89
Spain,2022-08-26,,,,13.89
Spain,2022-08-27,,,,13.89
Spain,2022-08-28,17231.0,305.0,,13.89
Spain,2022-08-29,,,,13.89
Spain,2022-08-30,,,,13.89
Spain,2022-08-31,,,95676798.0,13.89
Spain,2022-09-01,,,,13.89
Spain,2022-09-02,,,,13.89
Spain,2022-09-03,,,,13.89
Spain,2022-09-04,15221.0,252.0,,13.89
Spain,2022-09-05,,,,13.89
Spain,2022-09-06,,,,13.89
Spain,2022-09-07,,,95704322.0,13.89
Spain,2022-09-08,,,,13.89
Spain,2022-09-09,,,,13.89
Spain,2022-09-10,,,,13.89
Spain,2022-09-11,13517.0,171.0,,13.89
Spain,2022-09-12,,,,13.89
Spain,2022-09-13,,,,13.89
Spain,2022-09-14,,,95739561.0,13.89
Spain,2022-09-15,,,,13.89
Spain,2022-09-16,,,,13.89
Spain,2022-09-17,,,,13.89
Spain,2022-09-18,15587.0,165.0,,13.89
Spain,2022-09-19,,,,13.89
Spain,2022-09-20,,,,13.89
Spain,2022-09-21,,,95763061.0,13.89
Spain,2022-09-22,,,,13.89
Spain,2022-09-23,,,,13.89
Spain,2022-09-24,,,,13.89
Spain,2022-09-25,16469.0,107.0,,13.89
Spain,2022-09-26,,,,13.89
Spain,2022-09-27,,,,13.89
Spain,2022-09-28,,,95783126.0,13.89
Spain,2022-09-29,,,,13.89
Spain,2022-09-30,,,,13.89
Spain,2022-10-01,,,,8.33
Spain,2022-10-02,17740.0,126.0,,8.33
Spain,2022-10-03,,,,8.33
Spain,2022-10-04,,,,8.33
Spain,2022-10-05,,,95796340.0,8.33
Spain,2022-10-06,,,,8.33
Spain,2022-10-07,,,,8.33
Spain,2022-10-08,,,,8.33
Spain,2022-10-09,22273.0,150.0,,8.33
Spain,2022-10-10,,,,8.33
Spain,2022-10-11,,,,8.33
Spain,2022-10-12,,,,8.33
Spain,2022-10-13,,,95804542.0,8.33
Spain,2022-10-14,,,,8.33
Spain,2022-10-15,,,,8.33
Spain,2022-10-16,21512.0,147.0,,8.33
Spain,2022-10-17,,,,8.33
Spain,2022-10-18,,,,8.33
Spain,2022-10-19,,,97667329.0,8.33
Spain,2022-10-20,,,,8.33
Spain,2022-10-21,,,,5.56
Spain,2022-10-22,,,,5.56
Spain,2022-10-23,22259.0,179.0,,5.56
Spain,2022-10-24,,,,5.56
Spain,2022-10-25,,,,5.56
Spain,2022-10-26,,,,5.56
Spain,2022-10-27,,,98948747.0,5.56
Spain,2022-10-28,,,,5.56
Spain,2022-10-29,,,,5.56
Spain,2022-10-30,20302.0,166.0,,5.56
Spain,2022-10-31,,,,5.56
Spain,2022-11-01,,,,5.56
Spain,2022-11-02,,,99955993.0,5.56
Spain,2022-11-03,,,,5.56
Spain,2022-11-04,,,,5.56
Spain,2022-11-05,,,,5.56
Spain,2022-11-06,18527.0,142.0,,5.56
Spain,2022-11-07,,,,5.56
Spain,2022-11-08,,,,5.56
Spain,2022-11-09,,,101035693.0,5.56
Spain,2022-11-10,,,,5.56
Spain,2022-11-11,,,,5.56
Spain,2022-11-12,,,,5.56
Spain,2022-11-13,20387.0,147.0,,5.56
Spain,2022-11-14,,,,5.56
Spain,2022-11-15,,,,5.56
Spain,2022-11-16,,,102011601.0,5.56
Spain,2022-11-17,,,,5.56
Spain,2022-11-18,,,,5.56
Spain,2022-11-19,,,,5.56
Spain,2022-11-20,21950.0,163.0,,5.56
Spain,2022-11-21,,,,5.56
Spain,2022-11-22,,,,5.56
Spain,2022-11-23,,,102574756.0,5.56
Spain,2022-11-24,,,,5.56
Spain,2022-11-25,,,,5.56
Spain,2022-11-26,,,,5.56
Spain,2022-11-27,19892.0,175.0,,5.56
Spain,2022-11-28,,,,5.56
Spain,2022-11-29,,,,5.56
Spain,2022-11-30,,,,5.56
Spain,2022-12-01,,,103005173.0,5.56
Spain,2022-12-02,,,,5.56
Spain,2022-12-03,,,,5.56
Spain,2022-12-04,19294.0,183.0,,5.56
Spain,2022-12-05,,,,5.56
Spain,2022-12-06,,,103212818.0,5.56
Spain,2022-12-07,,,,5.56
Spain,2022-12-08,,,,5.56
Spain,2022-12-09,,,,5.56
Spain,2022-12-10,,,,5.56
Spain,2022-12-11,16989.0,190.0,,5.56
Spain,2022-12-12,,,,5.56
Spain,2022-12-13,,,,5.56
Spain,2022-12-14,,,103756296.0,5.56
Spain,2022-12-15,,,,5.56
Spain,2022-12-16,,,,5.56
Spain,2022-12-17,,,,5.56
Spain,2022-12-18,19638.0,241.0,,5.56
Spain,2022-12-19,,,,5.56
Spain,2022-12-20,,,,5.56
Spain,2022-12-21,,,104045018.0,5.56
Spain,2022-12-22,,,,5.56
Spain,2022-12-23,,,,5.56
Spain,2022-12-24,,,,5.56
Spain,2022-12-25,17005.0,217.0,,5.56
Spain,2022-12-26,,,,5.56
Spain,2022-12-27,,,,5.56
Spain,2022-12-28,,,104186558.0,5.56
Spain,2022-12-29,,,,5.56
Spain,2022-12-30,,,,5.56
Spain,2022-12-31,,,,5.56
Spain,2023-01-01,14823.0,210.0,,
Spain,2023-01-02,,,,
Spain,2023-01-03,,,104301730.0,
Spain,2023-01-04,,,,
Spain,2023-01-05,,,,
Spain,2023-01-06,,,,
Spain,2023-01-07,,,,
Spain,2023-01-08,12663.0,202.0,,
Spain,2023-01-09,,,,
Spain,2023-01-10,,,,
Spain,2023-01-11,,,104536856.0,
Spain,2023-01-12,,,,
Spain,2023-01-13,,,,
Spain,2023-01-14,,,,
Spain,2023-01-15,11960.0,178.0,,
Spain,2023-01-16,,,,
Spain,2023-01-17,,,,
Spain,2023-01-18,,,104863700.0,
Spain,2023-01-19,,,,
Spain,2023-01-20,,,,
Spain,2023-01-21,,,,
Spain,2023-01-22,7480.0,197.0,,
Spain,2023-01-23,,,,
Spain,2023-01-24,,,,
Spain,2023-01-25,,,105094800.0,
Spain,2023-01-26,,,,
Spain,2023-01-27,,,,
Spain,2023-01-28,,,,
Spain,2023-01-29,5787.0,136.0,,
Spain,2023-01-30,,,,
Spain,2023-01-31,,,,
Spain,2023-02-01,,,105253468.0,
Spain,2023-02-02,,,,
Spain,2023-02-03,,,,
Spain,2023-02-04,,,,
Spain,2023-02-05,5699.0,116.0,,
Spain,2023-02-06,,,,
Spain,2023-02-07,,,,
Spain,2023-02-08,,,105373684.0,
Spain,2023-02-09,,,,
Spain,2023-02-10,,,,
Spain,2023-02-11,,,,
Spain,2023-02-12,6074.0,103.0,,
Spain,2023-02-13,,,,
Spain,2023-02-14,,,,
Spain,2023-02-15,,,105459628.0,
Spain,2023-02-16,,,,
Spain,2023-02-17,,,,
Spain,2023-02-18,,,,
Spain,2023-02-19,6051.0,85.0,,
Spain,2023-02-20,,,,
Spain,2023-02-21,,,,
Spain,2023-02-22,,,105522606.0,
Spain,2023-02-23,,,,
Spain,2023-02-24,,,,
Spain,2023-02-25,,,,
Spain,2023-02-26,6455.0,91.0,,
Spain,2023-02-27,,,,
Spain,2023-02-28,,,,
Spain,2023-03-01,,,,
Spain,2023-03-02,,,,
Spain,2023-03-03,,,,
Spain,2023-03-04,,,,
Spain,2023-03-05,6566.0,82.0,,
Spain,2023-03-06,,,,
Spain,2023-03-07,,,,
Spain,2023-03-08,,,,
Spain,2023-03-09,,,,
Spain,2023-03-10,,,,
Spain,2023-03-11,,,,
Spain,2023-03-12,8286.0,97.0,,
Spain,2023-03-13,,,,
Spain,2023-03-14,,,,
Spain,2023-03-15,,,,
Spain,2023-03-16,,,,
Spain,2023-03-17,,,,
Spain,2023-03-18,,,,
Spain,2023-03-19,7421.0,123.0,,
Spain,2023-03-20,,,,
Spain,2023-03-21,,,,
Spain,2023-03-22,,,,
Spain,2023-03-23,,,,
Spain,2023-03-24,,,,
Spain,2023-03-25,,,,
Spain,2023-03-26,7577.0,95.0,,
Spain,2023-03-27,,,,
Spain,2023-03-28,,,,
Spain,2023-03-29,,,105733320.0,
Spain,2023-03-30,,,,
Spain,2023-03-31,,,,
Spain,2023-04-01,,,,
Spain,2023-04-02,7962.0,84.0,,
Spain,2023-04-03,,,,
Spain,2023-04-04,,,,
Spain,2023-04-05,,,,
Spain,2023-04-06,,,,
Spain,2023-04-07,,,,
Spain,2023-04-08,,,,
Spain,2023-04-09,6617.0,86.0,,
Spain,2023-04-10,,,,
Spain,2023-04-11,,,,
Spain,2023-04-12,,,,
Spain,2023-04-13,,,,
Spain,2023-04-14,,,,
Spain,2023-04-15,,,,
Spain,2023-04-16,10278.0,80.0,,
Spain,2023-04-17,,,,
Spain,2023-04-18,,,,
Spain,2023-04-19,,,,
Spain,2023-04-20,,,,
Spain,2023-04-21,,,,
Spain,2023-04-22,,,,
Spain,2023-04-23,10867.0,112.0,,
Spain,2023-04-24,,,,
Spain,2023-04-25,,,,
Spain,2023-04-26,,,105799888.0,
Spain,2023-04-27,,,,
Spain,2023-04-28,,,,
Spain,2023-04-29,,,,
Spain,2023-04-30,11183.0,128.0,,
Spain,2023-05-01,,,,
Spain,2023-05-02,,,,
Spain,2023-05-03,,,,
Spain,2023-05-04,,,,
Spain,2023-05-05,,,,
Spain,2023-05-06,,,,
Spain,2023-05-07,10603.0,98.0,,
Spain,2023-05-08,,,,
Spain,2023-05-09,,,,
Spain,2023-05-10,,,,
Spain,2023-05-11,,,,
Spain,2023-05-12,,,,
Spain,2023-05-13,,,,
Spain,2023-05-14,11262.0,102.0,,
Spain,2023-05-15,,,,
Spain,2023-05-16,,,,
Spain,2023-05-17,,,,
Spain,2023-05-18,,,,
Spain,2023-05-19,,,,
Spain,2023-05-20,,,,
Spain,2023-05-21,11023.0,100.0,,
Spain,2023-05-22,,,,
Spain,2023-05-23,,,,
Spain,2023-05-24,,,105840320.0,
Spain,2023-05-25,,,,
Spain,2023-05-26,,,,
Spain,2023-05-27,,,,
Spain,2023-05-28,11262.0,99.0,,
Spain,2023-05-29,,,,
Spain,2023-05-30,,,,
Spain,2023-05-31,,,,
Spain,2023-06-01,,,,
Spain,2023-06-02,,,,
Spain,2023-06-03,,,,
Spain,2023-06-04,8917.0,98.0,,
Spain,2023-06-05,,,,
Spain,2023-06-06,,,,
Spain,2023-06-07,,,,
Spain,2023-06-08,,,,
Spain,2023-06-09,,,,
Spain,2023-06-10,,,,
Spain,2023-06-11,6866.0,89.0,,
Spain,2023-06-12,,,,
Spain,2023-06-13,,,,
Spain,2023-06-14,,,,
Spain,2023-06-15,,,,
Spain,2023-06-16,,,,
Spain,2023-06-17,,,,
Spain,2023-06-18,5430.0,65.0,,
Spain,2023-06-19,,,,
Spain,2023-06-20,,,,
Spain,2023-06-21,,,,
Spain,2023-06-22,,,,
Spain,2023-06-23,,,,
Spain,2023-06-24,,,,
Spain,2023-06-25,4502.0,42.0,,
Spain,2023-06-26,,,,
Spain,2023-06-27,,,,
Spain,2023-06-28,,,,
Spain,2023-06-29,,,,
Spain,2023-06-30,,,,
Spain,2023-07-01,,,,
Spain,2023-07-02,1764.0,11.0,,
Spain,2023-07-03,,,,
Spain,2023-07-04,,,,
Spain,2023-07-05,,,,
Spain,2023-07-06,,,,
Spain,2023-07-07,,,,
Spain,2023-07-08,,,,
Spain,2023-07-09,,,,
Spain,2023-07-10,,,,
Spain,2023-07-11,,,,
Spain,2023-07-12,,,,
Spain,2023-07-13,,,,
Spain,2023-07-14,,,,
Spain,2023-07-15,,,,
Spain,2023-07-16,,,,
Spain,2023-07-17,,,,
Spain,2023-07-18,,,,
Spain,2023-07-19,,,,
Spain,2023-07-20,,,,
Spain,2023-07-21,,,,
Spain,2023-07-22,,,,
Spain,2023-07-23,,,,
Spain,2023-07-24,,,,
Spain,2023-07-25,,,,
Spain,2023-07-26,,,,
Spain,2023-07-27,,,,
Spain,2023-07-28,,,,
Spain,2023-07-29,,,,
Spain,2023-07-30,,,,
Spain,2023-07-31,,,,
Spain,2023-08-01,,,,
Spain,2023-08-02,,,,
Spain,2023-08-03,,,,
Spain,2023-08-04,,,,
Spain,2023-08-05,,,,
Spain,2023-08-06,,,,
Spain,2023-08-07,,,,
Spain,2023-08-08,,,,
Spain,2023-08-09,,,,
Spain,2023-08-10,,,,
Spain,2023-08-11,,,,
Spain,2023-08-12,,,,
Spain,2023-08-13,,,,
Spain,2023-08-14,,,,
Spain,2023-08-15,,,,
Spain,2023-08-16,,,,
Spain,2023-08-17,,,,
Spain,2023-08-18,,,,
Spain,2023-08-19,,,,
Spain,2023-08-20,,,,
Spain,2023-08-21,,,,
Spain,2023-08-22,,,,
Spain,2023-08-23,,,,
Spain,2023-08-24,,,,
Spain,2023-08-25,,,,
Spain,2023-08-26,,,,
Spain,2023-08-27,,,,
Spain,2023-08-28,,,,
Spain,2023-08-29,,,,
Spain,2023-08-30,,,,
Spain,2023-08-31,,,,
Spain,2023-09-01,,,,
Spain,2023-09-02,,,,
Spain,2023-09-03,,,,
Spain,2023-09-04,,,,
Spain,2023-09-05,,,,
Spain,2023-09-06,,,,
Spain,2023-09-07,,,,
Spain,2023-09-08,,,,
Spain,2023-09-09,,,,
Spain,2023-09-10,,,,
Spain,2023-09-11,,,,
Spain,2023-09-12,,,,
Spain,2023-09-13,,,,
Spain,2023-09-14,,,,
Spain,2023-09-15,,,,
Spain,2023-09-16,,,,
Spain,2023-09-17,,,,
Spain,2023-09-18,,,,
Spain,2023-09-19,,,,
Spain,2023-09-20,,,,
Spain,2023-09-21,,,,
Spain,2023-09-22,,,,
Spain,2023-09-23,,,,
Spain,2023-09-24,,,,
Spain,2023-09-25,,,,
Spain,2023-09-26,,,,
Spain,2023-09-27,,,,
Spain,2023-09-28,,,,
Spain,2023-09-29,,,,
Spain,2023-09-30,,,,
Spain,2023-10-01,,,,
Spain,2023-10-02,,,,
Spain,2023-10-03,,,,
Spain,2023-10-04,,,,
Spain,2023-10-05,,,,
Spain,2023-10-06,,,,
Spain,2023-10-07,,,,
Spain,2023-10-08,,,,
Spain,2023-10-09,,,,
Spain,2023-10-10,,,,
Spain,2023-10-11,,,,
Spain,2023-10-12,,,,
Spain,2023-10-13,,,,
Spain,2023-10-14,,,,
Spain,2023-10-15,,,,
Spain,2023-10-16,,,,
Spain,2023-10-17,,,,
Spain,2023-10-18,,,,
Spain,2023-10-19,,,,
Spain,2023-10-20,,,,
Spain,2023-10-21,,,,
Spain,2023-10-22,,,,
Spain,2023-10-23,,,,
Spain,2023-10-24,,,,
Spain,2023-10-25,,,,
Spain,2023-10-26,,,,
Spain,2023-10-27,,,,
Spain,2023-10-28,,,,
Spain,2023-10-29,,,,
Spain,2023-10-30,,,,
Spain,2023-10-31,,,,
Spain,2023-11-01,,,,
Spain,2023-11-02,,,,
Spain,2023-11-03,,,,
Spain,2023-11-04,,,,
Spain,2023-11-05,,,,
Spain,2023-11-06,,,,
Spain,2023-11-07,,,,
Spain,2023-11-08,,,,
Spain,2023-11-09,,,,
Spain,2023-11-10,,,,
Spain,2023-11-11,,,,
Spain,2023-11-12,,,,
Spain,2023-11-13,,,,
Spain,2023-11-14,,,,
Spain,2023-11-15,,,,
Spain,2023-11-16,,,,
Spain,2023-11-17,,,,
Spain,2023-11-18,,,,
Spain,2023-11-19,,,,
Spain,2023-11-20,,,,
Spain,2023-11-21,,,,
Spain,2023-11-22,,,,
Spain,2023-11-23,,,,
Spain,2023-11-24,,,,
Spain,2023-11-25,,,,
Spain,2023-11-26,,,,
Spain,2023-11-27,,,,
Spain,2023-11-28,,,,
Spain,2023-11-29,,,,
Spain,2023-11-30,,,,
Spain,2023-12-01,,,,
Spain,2023-12-02,,,,
Spain,2023-12-03,,,,
Spain,2023-12-04,,,,
Spain,2023-12-05,,,,
Spain,2023-12-06,,,,
Spain,2023-12-07,,,,
Spain,2023-12-08,,,,
Spain,2023-12-09,,,,
Spain,2023-12-10,,,,
Spain,2023-12-11,,,,
Spain,2023-12-12,,,,
Spain,2023-12-13,,,,
Spain,2023-12-14,,,,
Spain,2023-12-15,,,,
Spain,2023-12-16,,,,
Spain,2023-12-17,,,,
Spain,2023-12-18,,,,
Spain,2023-12-19,,,,
Spain,2023-12-20,,,,
Spain,2023-12-21,,,,
Spain,2023-12-22,,,,
Spain,2023-12-23,,,119228502.0,
Spain,2023-12-24,,,,
Spain,2023-12-25,,,,
Spain,2023-12-26,,,,
Spain,2023-12-27,,,,
Spain,2023-12-28,,,,
Spain,2023-12-29,,,,
Spain,2023-12-30,,,,
Spain,2023-12-31,,,,
Spain,2024-01-01,,,,
Spain,2024-01-02,,,,
Spain,2024-01-03,,,,
Spain,2024-01-04,,,,
Spain,2024-01-05,,,,
Spain,2024-01-06,,,,
Spain,2024-01-07,,,,
Spain,2024-01-08,,,,
Spain,2024-01-09,,,,
Spain,2024-01-10,,,,
Spain,2024-01-11,,,,
Spain,2024-01-12,,,,
Spain,2024-01-13,,,,
Spain,2024-01-14,,,,
Spain,2024-01-15,,,,
Spain,2024-01-16,,,,
Spain,2024-01-17,,,,
Spain,2024-01-18,,,,
Spain,2024-01-19,,,,
Spain,2024-01-20,,,,
Spain,2024-01-21,,,,
Spain,2024-01-22,,,,
Spain,2024-01-23,,,,
Spain,2024-01-24,,,,
Spain,2024-01-25,,,,
Spain,2024-01-26,,,,
Spain,2024-01-27,,,,
Spain,2024-01-28,,,,
Spain,2024-01-29,,,,
Spain,2024-01-30,,,,
Spain,2024-01-31,,,,
Spain,2024-02-01,,,,
Spain,2024-02-02,,,,
Spain,2024-02-03,,,,
Spain,2024-02-04,,,,
Spain,2024-02-05,,,,
Spain,2024-02-06,,,,
Spain,2024-02-07,,,,
Spain,2024-02-08,,,,
Spain,2024-02-09,,,,
Spain,2024-02-10,,,,
Spain,2024-02-11,,,,
Spain,2024-02-12,,,,
Spain,2024-02-13,,,,
Spain,2024-02-14,,,,
Spain,2024-02-15,,,,
Spain,2024-02-16,,,,
Spain,2024-02-17,,,,
Spain,2024-02-18,,,,
Spain,2024-02-19,,,,
Spain,2024-02-20,,,,
Spain,2024-02-21,,,,
Spain,2024-02-22,,,,
Spain,2024-02-23,,,,
Spain,2024-02-24,,,,
Spain,2024-02-25,,,,
Spain,2024-02-26,,,,
Spain,2024-02-27,,,,
Spain,2024-02-28,,,,
Spain,2024-02-29,,,,
Spain,2024-03-01,,,,
Spain,2024-03-02,,,,
Spain,2024-03-03,,,,
Spain,2024-03-04,,,,
Spain,2024-03-05,,,,
Spain,2024-03-06,,,,
Spain,2024-03-07,,,,
Spain,2024-03-08,,,,
Spain,2024-03-09,,,,
Spain,2024-03-10,,,,
Spain,2024-03-11,,,,
Spain,2024-03-12,,,,
Spain,2024-03-13,,,,
Spain,2024-03-14,,,,
Spain,2024-03-15,,,,
Spain,2024-03-16,,,,
Spain,2024-03-17,,,,
Spain,2024-03-18,,,,
Spain,2024-03-19,,,,
Spain,2024-03-20,,,,
Spain,2024-03-21,,,,
Spain,2024-03-22,,,,
Spain,2024-03-23,,,,
Spain,2024-03-24,,,,
Spain,2024-03-25,,,,
Spain,2024-03-26,,,,
Spain,2024-03-27,,,,
Spain,2024-03-28,,,,
Spain,2024-03-29,,,,
Spain,2024-03-30,,,,
Spain,2024-03-31,,,,
Spain,2024-04-01,,,,
Spain,2024-04-02,,,,
Spain,2024-04-03,,,,
Spain,2024-04-04,,,,
Spain,2024-04-05,,,,
Spain,2024-04-06,,,,
Spain,2024-04-07,,,,
Spain,2024-04-08,,,,
Spain,2024-04-09,,,,
Spain,2024-04-10,,,,
Spain,2024-04-11,,,,
Spain,2024-04-12,,,,
Spain,2024-04-13,,,,
Spain,2024-04-14,,,,
Spain,2024-04-15,,,,
Spain,2024-04-16,,,,
Spain,2024-04-17,,,,
Spain,2024-04-18,,,,
Spain,2024-04-19,,,,
Spain,2024-04-20,,,,
Spain,2024-04-21,,,,
Spain,2024-04-22,,,,
Spain,2024-04-23,,,,
Spain,2024-04-24,,,,
Spain,2024-04-25,,,,
Spain,2024-04-26,,,,
Spain,2024-04-27,,,,
Spain,2024-04-28,,,,
Spain,2024-04-29,,,,
Spain,2024-04-30,,,,
Spain,2024-05-01,,,,
Spain,2024-05-02,,,,
Spain,2024-05-03,,,,
Spain,2024-05-04,,,,
Spain,2024-05-05,,,,
Spain,2024-05-06,,,,
Spain,2024-05-07,,,,
Spain,2024-05-08,,,,
Spain,2024-05-09,,,,
Spain,2024-05-10,,,,
Spain,2024-05-11,,,,
Spain,2024-05-12,,,,
Spain,2024-05-13,,,,
Spain,2024-05-14,,,,
Spain,2024-05-15,,,,
Spain,2024-05-16,,,,
Spain,2024-05-17,,,,
Spain,2024-05-18,,,,
Spain,2024-05-19,,,,
Spain,2024-05-20,,,,
Spain,2024-05-21,,,,
Spain,2024-05-22,,,,
Spain,2024-05-23,,,,
Spain,2024-05-24,,,,
Spain,2024-05-25,,,,
Spain,2024-05-26,,,,
Spain,2024-05-27,,,,
Spain,2024-05-28,,,,
Spain,2024-05-29,,,,
Spain,2024-05-30,,,,
Spain,2024-05-31,,,,
Spain,2024-06-01,,,,
Spain,2024-06-02,,,,
Spain,2024-06-03,,,,
Spain,2024-06-04,,,,
Spain,2024-06-05,,,,
Spain,2024-06-06,,,,
Spain,2024-06-07,,,,
Spain,2024-06-08,,,,
Spain,2024-06-09,,,,
Spain,2024-06-10,,,,
Spain,2024-06-11,,,,
Spain,2024-06-12,,,,
Spain,2024-06-13,,,,
Spain,2024-06-14,,,,
Spain,2024-06-15,,,,
Spain,2024-06-16,,,,
Spain,2024-06-17,,,,
Spain,2024-06-18,,,,
Spain,2024-06-19,,,,
Spain,2024-06-20,,,,
Spain,2024-06-21,,,,
Spain,2024-06-22,,,,
Spain,2024-06-23,,,,
Spain,2024-06-24,,,,
Spain,2024-06-25,,,,
Spain,2024-06-26,,,,
Spain,2024-06-27,,,,
Spain,2024-06-28,,,,
Spain,2024-06-29,,,,
Spain,2024-06-30,,,,
Spain,2024-07-01,,,,
Spain,2024-07-02,,,,
Spain,2024-07-03,,,,
Spain,2024-07-04,,,,
Spain,2024-07-05,,,,
Spain,2024-07-06,,,,
Spain,2024-07-07,,,,
Spain,2024-07-08,,,,
Spain,2024-07-09,,,,
Spain,2024-07-10,,,,
Spain,2024-07-11,,,,
Spain,2024-07-12,,,,
Spain,2024-07-13,,,,
Spain,2024-07-14,,,,
Spain,2024-07-15,,,,
Spain,2024-07-16,,,,
Spain,2024-07-17,,,,
Spain,2024-07-18,,,,
Spain,2024-07-19,,,,
Spain,2024-07-20,,,,
Spain,2024-07-21,,,,
Spain,2024-07-22,,,,
Spain,2024-07-23,,,,
Spain,2024-07-24,,,,
Spain,2024-07-25,,,,
Spain,2024-07-26,,,,
Spain,2024-07-27,,,,
Spain,2024-07-28,,,,
Spain,2024-07-29,,,,
Spain,2024-07-30,,,,
Spain,2024-07-31,,,,
Spain,2024-08-01,,,,
Spain,2024-08-02,,,,
Spain,2024-08-03,,,,
Spain,2024-08-04,,,,
Spain,2024-08-05,,,,
Spain,2024-08-06,,,,
Spain,2024-08-07,,,,
Spain,2024-08-08,,,,
Spain,2024-08-09,,,,
Spain,2024-08-10,,,,
Spain,2024-08-11,,,,
Spain,2024-08-12,,,,
Spain,2024-08-13,,,,
Spain,2024-08-14,,,,
Spain,2024-08-15,,,,
Spain,2024-08-16,,,,
Spain,2024-08-17,,,,
Spain,2024-08-18,,,,
Spain,2024-08-19,,,,
Spain,2024-08-20,,,,
Spain,2024-08-21,,,,
Spain,2024-08-22,,,,
Spain,2024-08-23,,,,
Spain,2024-08-24,,,,
Spain,2024-08-25,,,,
Spain,2024-08-26,,,,
Spain,2024-08-27,,,,
Spain,2024-08-28,,,,
Spain,2024-08-29,,,,
Spain,2024-08-30,,,,
Spain,2024-08-31,,,,
Spain,2024-09-01,,,,
Spain,2024-09-02,,,,
Spain,2024-09-03,,,,
Spain,2024-09-04,,,,
Spain,2024-09-05,,,,
Spain,2024-09-06,,,,
Spain,2024-09-07,,,,
Spain,2024-09-08,,,,
Spain,2024-09-09,,,,
Spain,2024-09-10,,,,
Spain,2024-09-11,,,,
Spain,2024-09-12,,,,
Spain,2024-09-13,,,,
Spain,2024-09-14,,,,
Spain,2024-09-15,,,,
Spain,2024-09-16,,,,
Spain,2024-09-17,,,,
Spain,2024-09-18,,,,
Spain,2024-09-19,,,,
Spain,2024-09-20,,,,
Spain,2024-09-21,,,,
Spain,2024-09-22,,,,
Spain,2024-09-23,,,,
Spain,2024-09-24,,,,
Spain,2024-09-25,,,,
Spain,2024-09-26,,,,
Spain,2024-09-27,,,,
Spain,2024-09-28,,,,
Spain,2024-09-29,,,,
Spain,2024-09-30,,,,
Spain,2024-10-01,,,,
Spain,2024-10-02,,,,
Spain,2024-10-03,,,,
Spain,2024-10-04,,,,
Spain,2024-10-05,,,,
Spain,2024-10-06,,,,
Spain,2024-10-07,,,,
Spain,2024-10-08,,,,
Spain,2024-10-09,,,,
Spain,2024-10-10,,,,
Spain,2024-10-11,,,,
Spain,2024-10-12,,,,
Spain,2024-10-13,,,,
Spain,2024-10-14,,,,
Spain,2024-10-15,,,,
Spain,2024-10-16,,,,
Spain,2024-10-17,,,,
Spain,2024-10-18,,,,
Spain,2024-10-19,,,,
Spain,2024-10-20,,,,
Spain,2024-10-21,,,,
Spain,2024-10-22,,,,
Spain,2024-10-23,,,,
Spain,2024-10-24,,,,
Spain,2024-10-25,,,,
Spain,2024-10-26,,,,
Spain,2024-10-27,,,,
Spain,2024-10-28,,,,
Spain,2024-10-29,,,,
Spain,2024-10-30,,,,
Spain,2024-10-31,,,,
Spain,2024-11-01,,,,
Spain,2024-11-02,,,,
Spain,2024-11-03,,,,
Spain,2024-11-04,,,,
Spain,2024-11-05,,,,
Spain,2024-11-06,,,,
Spain,2024-11-07,,,,
Spain,2024-11-08,,,,
Spain,2024-11-09,,,,
Spain,2024-11-10,,,,
Spain,2024-11-11,,,,
Spain,2024-11-12,,,,
Spain,2024-11-13,,,,
Spain,2024-11-14,,,,
Spain,2024-11-15,,,,
Spain,2024-11-16,,,,
Spain,2024-11-17,,,,
Spain,2024-11-18,,,,
Spain,2024-11-19,,,,
Spain,2024-11-20,,,,
Spain,2024-11-21,,,,
Spain,2024-11-22,,,,
Spain,2024-11-23,,,,
Spain,2024-11-24,,,,
Spain,2024-11-25,,,,
Spain,2024-11-26,,,,
Spain,2024-11-27,,,,
Spain,2024-11-28,,,,
Spain,2024-11-29,,,,
Spain,2024-11-30,,,,
Spain,2024-12-01,,,,
Spain,2024-12-02,,,,
Spain,2024-12-03,,,,
Spain,2024-12-04,,,,
Spain,2024-12-05,,,,
Spain,2024-12-06,,,,
Spain,2024-12-07,,,,
Spain,2024-12-08,,,,
Spain,2024-12-09,,,,
Spain,2024-12-10,,,,
Spain,2024-12-11,,,,
Spain,2024-12-12,,,,
Spain,2024-12-13,,,,
Spain,2024-12-14,,,,
Spain,2024-12-15,,,,
Spain,2024-12-16,,,,
Spain,2024-12-17,,,,
Spain,2024-12-18,,,,
Spain,2024-12-19,,,,
Spain,2024-12-20,,,,
Spain,2024-12-21,,,,
Spain,2024-12-22,,,,
Spain,2024-12-23,,,,
Spain,2024-12-24,,,,
Spain,2024-12-25,,,,
Spain,2024-12-26,,,,
Spain,2024-12-27,,,,
Spain,2024-12-28,,,,
Spain,2024-12-29,,,,
Spain,2024-12-30,,,,
Spain,2024-12-31,,,,
United Kingdom,2022-01-01,236576.0,176.0,133336724.0,42.1
United Kingdom,2022-01-02,188567.0,155.0,133477149.0,42.1
United Kingdom,2022-01-03,118275.0,176.0,133667427.0,42.1
United Kingdom,2022-01-04,181068.0,170.0,133956004.0,40.24
United Kingdom,2022-01-05,229901.0,178.0,134274176.0,40.24
United Kingdom,2022-01-06,275647.0,204.0,134563461.0,40.23
United Kingdom,2022-01-07,222174.0,182.0,134844030.0,40.23
United Kingdom,2022-01-08,172980.0,222.0,135162439.0,40.22
United Kingdom,2022-01-09,120287.0,228.0,135357499.0,40.21
United Kingdom,2022-01-10,93615.0,215.0,135551676.0,40.21
United Kingdom,2022-01-11,95790.0,240.0,135739326.0,40.21
United Kingdom,2022-01-12,132959.0,244.0,135915818.0,40.2
United Kingdom,2022-01-13,115245.0,232.0,136080385.0,40.2
United Kingdom,2022-01-14,103219.0,239.0,136244149.0,40.19
United Kingdom,2022-01-15,96412.0,243.0,136438400.0,40.19
United Kingdom,2022-01-16,86325.0,235.0,136554312.0,40.18
United Kingdom,2022-01-17,77950.0,259.0,136669829.0,40.18
United Kingdom,2022-01-18,98097.0,256.0,136792383.0,40.17
United Kingdom,2022-01-19,131514.0,232.0,136905995.0,40.17
United Kingdom,2022-01-20,118857.0,233.0,137022678.0,38.19
United Kingdom,2022-01-21,111760.0,221.0,137145712.0,38.18
United Kingdom,2022-01-22,100324.0,201.0,137287078.0,38.17
United Kingdom,2022-01-23,91730.0,248.0,137372778.0,38.16
United Kingdom,2022-01-24,81733.0,224.0,137474493.0,38.16
United Kingdom,2022-01-25,102365.0,218.0,137570759.0,38.15
United Kingdom,2022-01-26,127364.0,229.0,137671500.0,38.15
United Kingdom,2022-01-27,113202.0,193.0,137770110.0,36.83
United Kingdom,2022-01-28,108668.0,196.0,137878417.0,36.82
United Kingdom,2022-01-29,96201.0,220.0,137991693.0,36.82
United Kingdom,2022-01-30,84026.0,202.0,138064677.0,36.82
United Kingdom,2022-01-31,73512.0,181.0,138143343.0,36.81
United Kingdom,2022-02-01,87702.0,190.0,138220429.0,36.81
United Kingdom,2022-02-02,105051.0,207.0,138299206.0,36.81
United Kingdom,2022-02-03,93949.0,207.0,138377561.0,36.8
United Kingdom,2022-02-04,88418.0,188.0,138459789.0,36.8
United Kingdom,2022-02-05,76644.0,191.0,138540476.0,36.8
United Kingdom,2022-02-06,63264.0,160.0,138585207.0,36.8
United Kingdom,2022-02-07,52305.0,172.0,138650801.0,36.79
United Kingdom,2022-02-08,60552.0,158.0,138718046.0,36.79
United Kingdom,2022-02-09,76483.0,140.0,138785770.0,36.79
United Kingdom,2022-02-10,69661.0,158.0,138857877.0,36.79
United Kingdom,2022-02-11,64339.0,144.0,138937527.0,36.01
United Kingdom,2022-02-12,52293.0,124.0,139019119.0,36.01
United Kingdom,2022-02-13,44559.0,141.0,139059236.0,36.01
United Kingdom,2022-02-14,37529.0,144.0,139117565.0,36.0
United Kingdom,2022-02-15,41755.0,127.0,139203940.0,29.06
United Kingdom,2022-02-16,54745.0,158.0,139271748.0,29.06
United Kingdom,2022-02-17,52502.0,133.0,139336958.0,29.06
United Kingdom,2022-02-18,51572.0,133.0,139383222.0,29.06
United Kingdom,2022-02-19,44716.0,124.0,139447647.0,29.06
United Kingdom,2022-02-20,33241.0,128.0,139482283.0,29.06
United Kingdom,2022-02-21,34647.0,122.0,139534856.0,29.06
United Kingdom,2022-02-22,37720.0,127.0,139591656.0,29.06
United Kingdom,2022-02-23,45132.0,110.0,139648374.0,29.05
United Kingdom,2022-02-24,39188.0,120.0,139698351.0,29.05
United Kingdom,2022-02-25,36476.0,119.0,139752045.0,29.05
United Kingdom,2022-02-26,30631.0,127.0,139809636.0,29.05
United Kingdom,2022-02-27,27837.0,120.0,139840793.0,29.05
United Kingdom,2022-02-28,25089.0,103.0,139884311.0,23.15
United Kingdom,2022-03-01,31360.0,119.0,139927804.0,23.15
United Kingdom,2022-03-02,44649.0,105.0,139973288.0,23.15
United Kingdom,2022-03-03,44795.0,106.0,140027447.0,23.15
United Kingdom,2022-03-04,46179.0,146.0,140075947.0,23.15
United Kingdom,2022-03-05,43761.0,105.0,140128595.0,23.15
United Kingdom,2022-03-06,41408.0,112.0,140156950.0,23.15
United Kingdom,2022-03-07,38759.0,101.0,140194389.0,23.15
United Kingdom,2022-03-08,49026.0,95.0,140233703.0,23.15
United Kingdom,2022-03-09,68520.0,123.0,140505942.0,23.15
United Kingdom,2022-03-10,70112.0,119.0,140547747.0,23.15
United Kingdom,2022-03-11,73531.0,106.0,140589008.0,23.15
United Kingdom,2022-03-12,70510.0,114.0,140641497.0,23.15
United Kingdom,2022-03-13,67030.0,120.0,140668555.0,23.15
United Kingdom,2022-03-14,62078.0,123.0,140716282.0,23.15
United Kingdom,2022-03-15,75739.0,112.0,140757171.0,23.15
United Kingdom,2022-03-16,99834.0,141.0,140795859.0,23.15
United Kingdom,2022-03-17,93708.0,122.0,140836312.0,23.15
United Kingdom,2022-03-18,91751.0,146.0,140877124.0,20.37
United Kingdom,2022-03-19,82853.0,136.0,140928603.0,20.37
United Kingdom,2022-03-20,75285.0,171.0,140956797.0,20.37
United Kingdom,2022-03-21,67417.0,165.0,141195753.0,20.37
United Kingdom,2022-03-22,81054.0,175.0,141268773.0,20.37
United Kingdom,2022-03-23,109286.0,163.0,,20.37
United Kingdom,2022-03-24,99095.0,167.0,141497169.0,20.37
United Kingdom,2022-03-25,94185.0,158.0,141602615.0,20.37
United Kingdom,2022-03-26,82905.0,166.0,141712994.0,20.37
United Kingdom,2022-03-27,72430.0,182.0,141763443.0,20.37
United Kingdom,2022-03-28,61456.0,162.0,141863396.0,20.37
United Kingdom,2022-03-29,68336.0,160.0,141973466.0,20.37
United Kingdom,2022-03-30,92857.0,177.0,142097072.0,20.37
United Kingdom,2022-03-31,80126.0,196.0,142226665.0,20.37
United Kingdom,2022-04-01,73643.0,181.0,142353556.0,20.37
United Kingdom,2022-04-02,54791.0,192.0,142501681.0,20.37
United Kingdom,2022-04-03,47462.0,204.0,142569737.0,20.37
United Kingdom,2022-04-04,37592.0,192.0,142682439.0,20.37
United Kingdom,2022-04-05,42179.0,188.0,142807297.0,20.37
United Kingdom,2022-04-06,53727.0,179.0,142955467.0,20.37
United Kingdom,2022-04-07,49101.0,202.0,143098332.0,20.37
United Kingdom,2022-04-08,44750.0,196.0,143246573.0,20.37
United Kingdom,2022-04-09,38709.0,231.0,143444480.0,20.37
United Kingdom,2022-04-10,32988.0,238.0,143529693.0,20.37
United Kingdom,2022-04-11,27885.0,173.0,143662759.0,20.37
United Kingdom,2022-04-12,30952.0,197.0,143817666.0,20.37
United Kingdom,2022-04-13,37371.0,185.0,143982907.0,20.37
United Kingdom,2022-04-14,33771.0,199.0,144143784.0,20.37
United Kingdom,2022-04-15,31685.0,222.0,144198218.0,20.37
United Kingdom,2022-04-16,26639.0,192.0,144293592.0,20.37
United Kingdom,2022-04-17,21617.0,172.0,144320958.0,20.37
United Kingdom,2022-04-18,19925.0,164.0,144348969.0,12.96
United Kingdom,2022-04-19,20144.0,162.0,144475450.0,11.11
United Kingdom,2022-04-20,25223.0,174.0,144619744.0,11.11
United Kingdom,2022-04-21,25772.0,159.0,144889928.0,11.11
United Kingdom,2022-04-22,21457.0,161.0,145034679.0,11.11
United Kingdom,2022-04-23,18464.0,162.0,145260814.0,11.11
United Kingdom,2022-04-24,15703.0,155.0,145345291.0,11.11
United Kingdom,2022-04-25,13210.0,146.0,145462848.0,11.11
United Kingdom,2022-04-26,14715.0,131.0,145601079.0,11.11
United Kingdom,2022-04-27,17109.0,129.0,145749054.0,11.11
United Kingdom,2022-04-28,14560.0,125.0,145891737.0,11.11
United Kingdom,2022-04-29,13055.0,135.0,146026060.0,11.11
United Kingdom,2022-04-30,11608.0,130.0,146177909.0,11.11
United Kingdom,2022-05-01,10012.0,108.0,146229228.0,11.11
United Kingdom,2022-05-02,8354.0,107.0,146253183.0,11.11
United Kingdom,2022-05-03,9034.0,113.0,146351118.0,11.11
United Kingdom,2022-05-04,11907.0,110.0,146473803.0,11.11
United Kingdom,2022-05-05,13318.0,107.0,146584606.0,11.11
United Kingdom,2022-05-06,11672.0,90.0,146693875.0,11.11
United Kingdom,2022-05-07,10221.0,87.0,146832916.0,11.11
United Kingdom,2022-05-08,8954.0,98.0,146883684.0,11.11
United Kingdom,2022-05-09,7517.0,103.0,146971578.0,11.11
United Kingdom,2022-05-10,9062.0,85.0,147074574.0,11.11
United Kingdom,2022-05-11,10702.0,83.0,147178551.0,11.11
United Kingdom,2022-05-12,9748.0,101.0,147279179.0,11.11
United Kingdom,2022-05-13,8725.0,79.0,147365638.0,11.11
United Kingdom,2022-05-14,7642.0,69.0,147466205.0,11.11
United Kingdom,2022-05-15,6942.0,72.0,147509967.0,11.11
United Kingdom,2022-05-16,6120.0,66.0,147577271.0,11.11
United Kingdom,2022-05-17,7973.0,73.0,147655047.0,11.11
United Kingdom,2022-05-18,9417.0,66.0,147734156.0,11.11
United Kingdom,2022-05-19,8286.0,72.0,147818312.0,11.11
United Kingdom,2022-05-20,7638.0,46.0,147891495.0,11.11
United Kingdom,2022-05-21,6820.0,46.0,147982669.0,11.11
United Kingdom,2022-05-22,5821.0,72.0,148014472.0,11.11
United Kingdom,2022-05-23,5019.0,49.0,148071051.0,11.11
United Kingdom,2022-05-24,5997.0,59.0,148136503.0,11.11
United Kingdom,2022-05-25,7313.0,63.0,148193463.0,11.11
United Kingdom,2022-05-26,6679.0,51.0,148279251.0,11.11
United Kingdom,2022-05-27,6293.0,34.0,148339935.0,11.11
United Kingdom,2022-05-28,5753.0,45.0,148406012.0,11.11
United Kingdom,2022-05-29,5409.0,45.0,148435348.0,11.11
United Kingdom,2022-05-30,4988.0,34.0,148489319.0,11.11
United Kingdom,2022-05-31,5680.0,30.0,148549749.0,11.11
United Kingdom,2022-06-01,7115.0,51.0,148602903.0,11.11
United Kingdom,2022-06-02,7093.0,51.0,148619153.0,11.11
United Kingdom,2022-06-03,7011.0,25.0,148624868.0,11.11
United Kingdom,2022-06-04,6209.0,47.0,148652500.0,11.11
United Kingdom,2022-06-05,6635.0,28.0,148687238.0,11.11
United Kingdom,2022-06-06,7492.0,38.0,148722699.0,11.11
United Kingdom,2022-06-07,9815.0,30.0,148765227.0,11.11
United Kingdom,2022-06-08,11747.0,43.0,148813872.0,11.11
United Kingdom,2022-06-09,11411.0,33.0,148857231.0,11.11
United Kingdom,2022-06-10,11784.0,43.0,148899102.0,11.11
United Kingdom,2022-06-11,11319.0,27.0,148955243.0,11.11
United Kingdom,2022-06-12,10784.0,44.0,148981299.0,11.11
United Kingdom,2022-06-13,10077.0,32.0,149011553.0,11.11
United Kingdom,2022-06-14,12693.0,43.0,149043966.0,11.11
United Kingdom,2022-06-15,15272.0,41.0,149080378.0,11.11
United Kingdom,2022-06-16,15141.0,36.0,149119037.0,11.11
United Kingdom,2022-06-17,14837.0,45.0,149153226.0,11.11
United Kingdom,2022-06-18,14225.0,57.0,149201470.0,11.11
United Kingdom,2022-06-19,13919.0,45.0,149223290.0,11.11
United Kingdom,2022-06-20,13623.0,44.0,149323461.0,11.11
United Kingdom,2022-06-21,16997.0,47.0,149359041.0,11.11
United Kingdom,2022-06-22,19942.0,48.0,149397250.0,11.11
United Kingdom,2022-06-23,20896.0,58.0,149433668.0,11.11
United Kingdom,2022-06-24,20873.0,73.0,149470315.0,11.11
United Kingdom,2022-06-25,19590.0,62.0,149528186.0,11.11
United Kingdom,2022-06-26,18350.0,48.0,149554065.0,11.11
United Kingdom,2022-06-27,16800.0,71.0,149588027.0,11.11
United Kingdom,2022-06-28,20778.0,69.0,149625788.0,11.11
United Kingdom,2022-06-29,25104.0,64.0,149664930.0,11.11
United Kingdom,2022-06-30,25041.0,72.0,149760288.0,11.11
United Kingdom,2022-07-01,24601.0,83.0,149794315.0,11.11
United Kingdom,2022-07-02,24240.0,75.0,149844630.0,11.11
United Kingdom,2022-07-03,23650.0,79.0,149868716.0,11.11
United Kingdom,2022-07-04,21961.0,90.0,149901038.0,11.11
United Kingdom,2022-07-05,27780.0,69.0,149934557.0,11.11
United Kingdom,2022-07-06,33704.0,91.0,149968871.0,11.11
United Kingdom,2022-07-07,31415.0,102.0,150004504.0,11.11
United Kingdom,2022-07-08,29698.0,116.0,150039542.0,11.11
United Kingdom,2022-07-09,26454.0,102.0,150090560.0,11.11
United Kingdom,2022-07-10,24611.0,109.0,150111688.0,11.11
United Kingdom,2022-07-11,21246.0,109.0,150137381.0,11.11
United Kingdom,2022-07-12,25096.0,116.0,150165388.0,11.11
United Kingdom,2022-07-13,29826.0,128.0,150195878.0,11.11
United Kingdom,2022-07-14,26946.0,154.0,150226878.0,11.11
United Kingdom,2022-07-15,23856.0,135.0,150257498.0,11.11
United Kingdom,2022-07-16,21100.0,126.0,150307641.0,11.11
United Kingdom,2022-07-17,18359.0,105.0,150327814.0,11.11
United Kingdom,2022-07-18,15017.0,122.0,150347683.0,11.11
United Kingdom,2022-07-19,17236.0,159.0,150366313.0,11.11
United Kingdom,2022-07-20,18718.0,127.0,150393033.0,11.11
United Kingdom,2022-07-21,16670.0,225.0,150419214.0,11.11
United Kingdom,2022-07-22,16169.0,191.0,150449254.0,11.11
United Kingdom,2022-07-23,14158.0,126.0,150491264.0,11.11
United Kingdom,2022-07-24,12378.0,117.0,150510870.0,11.11
United Kingdom,2022-07-25,9934.0,127.0,150538103.0,11.11
United Kingdom,2022-07-26,11275.0,132.0,150563993.0,11.11
United Kingdom,2022-07-27,13299.0,114.0,150590197.0,11.11
United Kingdom,2022-07-28,11725.0,120.0,150620996.0,11.11
United Kingdom,2022-07-29,10544.0,115.0,150645477.0,11.11
United Kingdom,2022-07-30,9329.0,126.0,150678502.0,11.11
United Kingdom,2022-07-31,8508.0,118.0,150693815.0,11.11
United Kingdom,2022-08-01,7325.0,77.0,150713304.0,11.11
United Kingdom,2022-08-02,8426.0,98.0,150732196.0,11.11
United Kingdom,2022-08-03,9835.0,93.0,150752976.0,11.11
United Kingdom,2022-08-04,9170.0,102.0,150787483.0,11.11
United Kingdom,2022-08-05,8353.0,107.0,150806994.0,11.11
United Kingdom,2022-08-06,7296.0,85.0,150833041.0,11.11
United Kingdom,2022-08-07,6548.0,87.0,150845549.0,11.11
United Kingdom,2022-08-08,5420.0,65.0,150862329.0,11.11
United Kingdom,2022-08-09,6547.0,100.0,150877864.0,11.11
United Kingdom,2022-08-10,8068.0,100.0,150893884.0,11.11
United Kingdom,2022-08-11,7309.0,90.0,150910475.0,11.11
United Kingdom,2022-08-12,6748.0,76.0,150925526.0,11.11
United Kingdom,2022-08-13,6193.0,98.0,150947230.0,11.11
United Kingdom,2022-08-14,5339.0,107.0,150956970.0,11.11
United Kingdom,2022-08-15,4495.0,92.0,150981465.0,11.11
United Kingdom,2022-08-16,5363.0,90.0,150996250.0,11.11
United Kingdom,2022-08-17,6424.0,89.0,151011469.0,11.11
United Kingdom,2022-08-18,5559.0,71.0,151026215.0,5.56
United Kingdom,2022-08-19,5032.0,56.0,151040310.0,5.56
United Kingdom,2022-08-20,4564.0,63.0,151061845.0,5.56
United Kingdom,2022-08-21,4012.0,69.0,151070146.0,5.56
United Kingdom,2022-08-22,3502.0,76.0,151084016.0,5.56
United Kingdom,2022-08-23,4085.0,61.0,151098759.0,5.56
United Kingdom,2022-08-24,5224.0,65.0,151115565.0,5.56
United Kingdom,2022-08-25,4778.0,78.0,151133558.0,5.56
United Kingdom,2022-08-26,4554.0,52.0,151147578.0,5.56
United Kingdom,2022-08-27,3796.0,49.0,151165625.0,5.56
United Kingdom,2022-08-28,3451.0,44.0,151172487.0,5.56
United Kingdom,2022-08-29,3112.0,58.0,151175590.0,5.56
United Kingdom,2022-08-30,3439.0,61.0,151190603.0,5.56
United Kingdom,2022-08-31,4662.0,54.0,151206358.0,5.56
United Kingdom,2022-09-01,5226.0,43.0,151217368.0,5.56
United Kingdom,2022-09-02,4616.0,75.0,151227151.0,5.56
United Kingdom,2022-09-03,4350.0,44.0,151242828.0,5.56
United Kingdom,2022-09-04,3808.0,48.0,151248820.0,5.56
United Kingdom,2022-09-05,3417.0,54.0,,5.56
United Kingdom,2022-09-06,4288.0,45.0,,5.56
United Kingdom,2022-09-07,5125.0,39.0,,5.56
United Kingdom,2022-09-08,4578.0,40.0,,5.56
United Kingdom,2022-09-09,4235.0,61.0,,5.56
United Kingdom,2022-09-10,3747.0,47.0,,5.56
United Kingdom,2022-09-11,3553.0,38.0,,5.56
United Kingdom,2022-09-12,3268.0,48.0,,5.56
United Kingdom,2022-09-13,4347.0,31.0,,5.56
United Kingdom,2022-09-14,5308.0,43.0,,5.56
United Kingdom,2022-09-15,5148.0,50.0,,5.56
United Kingdom,2022-09-16,4973.0,45.0,,5.56
United Kingdom,2022-09-17,4634.0,49.0,,5.56
United Kingdom,2022-09-18,4134.0,39.0,,5.56
United Kingdom,2022-09-19,3521.0,40.0,,5.56
United Kingdom,2022-09-20,4339.0,40.0,,5.56
United Kingdom,2022-09-21,6166.0,49.0,,5.56
United Kingdom,2022-09-22,7828.0,50.0,,5.56
United Kingdom,2022-09-23,7553.0,37.0,,5.56
United Kingdom,2022-09-24,6815.0,50.0,,5.56
United Kingdom,2022-09-25,6485.0,54.0,,5.56
United Kingdom,2022-09-26,5719.0,49.0,,5.56
United Kingdom,2022-09-27,7240.0,41.0,,5.56
United Kingdom,2022-09-28,8618.0,66.0,,5.56
United Kingdom,2022-09-29,8254.0,68.0,,5.56
United Kingdom,2022-09-30,8414.0,62.0,,5.56
United Kingdom,2022-10-01,7895.0,67.0,,5.56
United Kingdom,2022-10-02,7615.0,64.0,,5.56
United Kingdom,2022-10-03,7065.0,81.0,,5.56
United Kingdom,2022-10-04,9204.0,64.0,,5.56
United Kingdom,2022-10-05,11692.0,83.0,,5.56
United Kingdom,2022-10-06,10965.0,92.0,,5.56
United Kingdom,2022-10-07,10231.0,99.0,,5.56
United Kingdom,2022-10-08,9389.0,97.0,,5.56
United Kingdom,2022-10-09,8950.0,101.0,,5.56
United Kingdom,2022-10-10,7053.0,92.0,,5.56
United Kingdom,2022-10-11,8558.0,101.0,,5.56
United Kingdom,2022-10-12,10497.0,93.0,,5.56
United Kingdom,2022-10-13,9461.0,110.0,,5.56
United Kingdom,2022-10-14,8769.0,127.0,,5.56
United Kingdom,2022-10-15,8134.0,112.0,,5.56
United Kingdom,2022-10-16,7970.0,116.0,,5.56
United Kingdom,2022-10-17,6442.0,109.0,,5.56
United Kingdom,2022-10-18,7780.0,107.0,,5.56
United Kingdom,2022-10-19,10002.0,117.0,,5.56
United Kingdom,2022-10-20,8235.0,109.0,,5.56
United Kingdom,2022-10-21,7598.0,101.0,,5.56
United Kingdom,2022-10-22,6576.0,123.0,,5.56
United Kingdom,2022-10-23,6297.0,112.0,,5.56
United Kingdom,2022-10-24,4968.0,112.0,,5.56
United Kingdom,2022-10-25,5523.0,103.0,,5.56
United Kingdom,2022-10-26,6807.0,106.0,,5.56
United Kingdom,2022-10-27,5665.0,117.0,,5.56
United Kingdom,2022-10-28,5449.0,92.0,,5.56
United Kingdom,2022-10-29,4855.0,107.0,,5.56
United Kingdom,2022-10-30,4401.0,88.0,,5.56
United Kingdom,2022-10-31,3583.0,97.0,,5.56
United Kingdom,2022-11-01,4271.0,98.0,,5.56
United Kingdom,2022-11-02,5129.0,83.0,,5.56
United Kingdom,2022-11-03,4549.0,85.0,,5.56
United Kingdom,2022-11-04,4014.0,80.0,,5.56
United Kingdom,2022-11-05,3678.0,84.0,,5.56
United Kingdom,2022-11-06,3107.0,98.0,,5.56
United Kingdom,2022-11-07,2665.0,79.0,,5.56
United Kingdom,2022-11-08,3267.0,58.0,,5.56
United Kingdom,2022-11-09,4321.0,77.0,,5.56
United Kingdom,2022-11-10,3829.0,65.0,,5.56
United Kingdom,2022-11-11,3576.0,64.0,,5.56
United Kingdom,2022-11-12,3205.0,55.0,,5.56
United Kingdom,2022-11-13,2893.0,73.0,,5.56
United Kingdom,2022-11-14,2433.0,46.0,,5.56
United Kingdom,2022-11-15,2912.0,56.0,,5.56
United Kingdom,2022-11-16,3923.0,62.0,,5.56
United Kingdom,2022-11-17,3534.0,67.0,,5.56
United Kingdom,2022-11-18,3260.0,54.0,,5.56
United Kingdom,2022-11-19,3037.0,55.0,,5.56
United Kingdom,2022-11-20,2773.0,58.0,,5.56
United Kingdom,2022-11-21,2431.0,59.0,,5.56
United Kingdom,2022-11-22,2890.0,62.0,,5.56
United Kingdom,2022-11-23,3938.0,53.0,,5.56
United Kingdom,2022-11-24,3805.0,59.0,,5.56
United Kingdom,2022-11-25,3616.0,60.0,,5.56
United Kingdom,2022-11-26,3329.0,52.0,,5.56
United Kingdom,2022-11-27,2902.0,42.0,,5.56
United Kingdom,2022-11-28,2551.0,49.0,,5.56
United Kingdom,2022-11-29,3448.0,56.0,,5.56
United Kingdom,2022-11-30,4639.0,61.0,,5.56
United Kingdom,2022-12-01,4386.0,54.0,,5.56
United Kingdom,2022-12-02,3980.0,47.0,,5.56
United Kingdom,2022-12-03,3505.0,55.0,,5.56
United Kingdom,2022-12-04,3596.0,52.0,,5.56
United Kingdom,2022-12-05,2748.0,57.0,,5.56
United Kingdom,2022-12-06,3786.0,48.0,,5.56
United Kingdom,2022-12-07,5325.0,64.0,,5.56
United Kingdom,2022-12-08,5241.0,75.0,,5.56
United Kingdom,2022-12-09,5195.0,64.0,,5.56
United Kingdom,2022-12-10,4537.0,71.0,,5.56
United Kingdom,2022-12-11,4216.0,71.0,,5.56
United Kingdom,2022-12-12,3570.0,70.0,,5.56
United Kingdom,2022-12-13,4631.0,71.0,,5.56
United Kingdom,2022-12-14,6986.0,70.0,,5.56
United Kingdom,2022-12-15,7111.0,67.0,,5.56
United Kingdom,2022-12-16,6533.0,97.0,,5.56
United Kingdom,2022-12-17,6094.0,59.0,,5.56
United Kingdom,2022-12-18,6084.0,88.0,,5.56
United Kingdom,2022-12-19,4743.0,92.0,,5.56
United Kingdom,2022-12-20,5772.0,100.0,,5.56
United Kingdom,2022-12-21,9073.0,115.0,,5.56
United Kingdom,2022-12-22,8631.0,113.0,,5.56
United Kingdom,2022-12-23,7802.0,110.0,,5.56
United Kingdom,2022-12-24,6877.0,114.0,,5.56
United Kingdom,2022-12-25,5741.0,119.0,,5.56
United Kingdom,2022-12-26,4132.0,145.0,,5.56
United Kingdom,2022-12-27,3694.0,131.0,,5.56
United Kingdom,2022-12-28,4950.0,129.0,,5.56
United Kingdom,2022-12-29,6605.0,142.0,,5.56
United Kingdom,2022-12-30,8419.0,134.0,,5.56
United Kingdom,2022-12-31,7718.0,133.0,,5.56
United Kingdom,2023-01-01,6126.0,157.0,,
United Kingdom,2023-01-02,4287.0,150.0,,
United Kingdom,2023-01-03,3663.0,131.0,,
United Kingdom,2023-01-04,5057.0,129.0,,
United Kingdom,2023-01-05,6260.0,139.0,,
United Kingdom,2023-01-06,5590.0,140.0,,
United Kingdom,2023-01-07,4683.0,146.0,,
United Kingdom,2023-01-08,3850.0,116.0,,
United Kingdom,2023-01-09,2732.0,121.0,,
United Kingdom,2023-01-10,2821.0,125.0,,
United Kingdom,2023-01-11,3606.0,133.0,,
United Kingdom,2023-01-12,3118.0,116.0,,
United Kingdom,2023-01-13,2645.0,97.0,,
United Kingdom,2023-01-14,2480.0,119.0,,
United Kingdom,2023-01-15,2131.0,106.0,,
United Kingdom,2023-01-16,1498.0,103.0,,
United Kingdom,2023-01-17,1851.0,114.0,,
United Kingdom,2023-01-18,2564.0,110.0,,
United Kingdom,2023-01-19,2206.0,93.0,,
United Kingdom,2023-01-20,2120.0,93.0,,
United Kingdom,2023-01-21,2029.0,84.0,,
United Kingdom,2023-01-22,1868.0,82.0,,
United Kingdom,2023-01-23,1522.0,75.0,,
United Kingdom,2023-01-24,1906.0,77.0,,
United Kingdom,2023-01-25,2655.0,76.0,,
United Kingdom,2023-01-26,2771.0,83.0,,
United Kingdom,2023-01-27,2651.0,67.0,,
United Kingdom,2023-01-28,2544.0,72.0,,
United Kingdom,2023-01-29,2452.0,79.0,,
United Kingdom,2023-01-30,1961.0,73.0,,
United Kingdom,2023-01-31,2454.0,77.0,,
United Kingdom,2023-02-01,3556.0,61.0,,
United Kingdom,2023-02-02,3551.0,63.0,,
United Kingdom,2023-02-03,3476.0,72.0,,
United Kingdom,2023-02-04,3221.0,76.0,,
United Kingdom,2023-02-05,2971.0,71.0,,
United Kingdom,2023-02-06,2397.0,66.0,,
United Kingdom,2023-02-07,2816.0,73.0,,
United Kingdom,2023-02-08,3979.0,57.0,,
United Kingdom,2023-02-09,3717.0,67.0,,
United Kingdom,2023-02-10,3664.0,72.0,,
United Kingdom,2023-02-11,3356.0,64.0,,
United Kingdom,2023-02-12,3296.0,76.0,,
United Kingdom,2023-02-13,2577.0,61.0,,
United Kingdom,2023-02-14,3183.0,70.0,,
United Kingdom,2023-02-15,4885.0,54.0,,
United Kingdom,2023-02-16,4698.0,79.0,,
United Kingdom,2023-02-17,4251.0,71.0,,
United Kingdom,2023-02-18,4290.0,76.0,,
United Kingdom,2023-02-19,4072.0,84.0,,
United Kingdom,2023-02-20,3145.0,78.0,,
United Kingdom,2023-02-21,3700.0,60.0,,
United Kingdom,2023-02-22,4908.0,80.0,,
United Kingdom,2023-02-23,4701.0,61.0,,
United Kingdom,2023-02-24,4212.0,84.0,,
United Kingdom,2023-02-25,3775.0,75.0,,
United Kingdom,2023-02-26,3402.0,81.0,,
United Kingdom,2023-02-27,2737.0,77.0,,
United Kingdom,2023-02-28,3165.0,85.0,,
United Kingdom,2023-03-01,4743.0,79.0,,
United Kingdom,2023-03-02,4548.0,74.0,,
United Kingdom,2023-03-03,4378.0,83.0,,
United Kingdom,2023-03-04,3945.0,103.0,,
United Kingdom,2023-03-05,3722.0,81.0,,
United Kingdom,2023-03-06,2816.0,100.0,,
United Kingdom,2023-03-07,3497.0,97.0,,
United Kingdom,2023-03-08,5093.0,91.0,,
United Kingdom,2023-03-09,4909.0,93.0,,
United Kingdom,2023-03-10,4738.0,97.0,,
United Kingdom,2023-03-11,4350.0,94.0,,
United Kingdom,2023-03-12,4015.0,93.0,,
United Kingdom,2023-03-13,3430.0,100.0,,
United Kingdom,2023-03-14,4445.0,102.0,,
United Kingdom,2023-03-15,5878.0,96.0,,
United Kingdom,2023-03-16,5620.0,94.0,,
United Kingdom,2023-03-17,4875.0,106.0,,
United Kingdom,2023-03-18,4905.0,104.0,,
United Kingdom,2023-03-19,4188.0,111.0,,
United Kingdom,2023-03-20,3457.0,99.0,,
United Kingdom,2023-03-21,4117.0,91.0,,
United Kingdom,2023-03-22,5292.0,96.0,,
United Kingdom,2023-03-23,5298.0,128.0,,
United Kingdom,2023-03-24,4871.0,103.0,,
United Kingdom,2023-03-25,4441.0,108.0,,
United Kingdom,2023-03-26,4173.0,114.0,,
United Kingdom,2023-03-27,3059.0,115.0,,
United Kingdom,2023-03-28,3513.0,86.0,,
United Kingdom,2023-03-29,4414.0,98.0,,
United Kingdom,2023-03-30,4002.0,113.0,,
United Kingdom,2023-03-31,3863.0,96.0,,
United Kingdom,2023-04-01,3461.0,108.0,,
United Kingdom,2023-04-02,2860.0,75.0,,
United Kingdom,2023-04-03,2348.0,76.0,,
United Kingdom,2023-04-04,2517.0,78.0,,
United Kingdom,2023-04-05,2785.0,87.0,,
United Kingdom,2023-04-06,2513.0,99.0,,
United Kingdom,2023-04-07,2603.0,67.0,,
United Kingdom,2023-04-08,2290.0,104.0,,
United Kingdom,2023-04-09,1838.0,94.0,,
United Kingdom,2023-04-10,1715.0,84.0,,
United Kingdom,2023-04-11,1874.0,70.0,,
United Kingdom,2023-04-12,2440.0,74.0,,
United Kingdom,2023-04-13,2640.0,75.0,,
United Kingdom,2023-04-14,2345.0,76.0,,
United Kingdom,2023-04-15,2141.0,91.0,,
United Kingdom,2023-04-16,1762.0,80.0,,
United Kingdom,2023-04-17,1438.0,70.0,,
United Kingdom,2023-04-18,1989.0,79.0,,
United Kingdom,2023-04-19,2334.0,65.0,,
United Kingdom,2023-04-20,2011.0,67.0,,
United Kingdom,2023-04-21,1885.0,81.0,,
United Kingdom,2023-04-22,1665.0,72.0,,
United Kingdom,2023-04-23,1501.0,86.0,,
United Kingdom,2023-04-24,1315.0,55.0,,
United Kingdom,2023-04-25,1585.0,73.0,,
United Kingdom,2023-04-26,1906.0,49.0,,
United Kingdom,2023-04-27,1796.0,61.0,,
United Kingdom,2023-04-28,1740.0,62.0,,
United Kingdom,2023-04-29,1657.0,52.0,,
United Kingdom,2023-04-30,1493.0,54.0,,
United Kingdom,2023-05-01,1349.0,53.0,,
United Kingdom,2023-05-02,1393.0,42.0,,
United Kingdom,2023-05-03,1788.0,51.0,,
United Kingdom,2023-05-04,1963.0,59.0,,
United Kingdom,2023-05-05,1674.0,49.0,,
United Kingdom,2023-05-06,1624.0,54.0,,
United Kingdom,2023-05-07,1312.0,46.0,,
United Kingdom,2023-05-08,1021.0,47.0,,
United Kingdom,2023-05-09,1200.0,54.0,,
United Kingdom,2023-05-10,1441.0,38.0,,
United Kingdom,2023-05-11,1571.0,36.0,,
United Kingdom,2023-05-12,1409.0,41.0,,
United Kingdom,2023-05-13,1304.0,55.0,,
United Kingdom,2023-05-14,1032.0,49.0,,
United Kingdom,2023-05-15,871.0,32.0,,
United Kingdom,2023-05-16,1108.0,30.0,,
United Kingdom,2023-05-17,1246.0,32.0,,
United Kingdom,2023-05-18,1161.0,50.0,,
United Kingdom,2023-05-19,1111.0,49.0,,
United Kingdom,2023-05-20,1055.0,37.0,,
United Kingdom,2023-05-21,941.0,47.0,,
United Kingdom,2023-05-22,782.0,30.0,,
United Kingdom,2023-05-23,964.0,33.0,,
United Kingdom,2023-05-24,1192.0,39.0,,
United Kingdom,2023-05-25,1130.0,31.0,,
United Kingdom,2023-05-26,1027.0,34.0,,
United Kingdom,2023-05-27,888.0,25.0,,
United Kingdom,2023-05-28,776.0,44.0,,
United Kingdom,2023-05-29,622.0,37.0,,
United Kingdom,2023-05-30,666.0,25.0,,
United Kingdom,2023-05-31,818.0,24.0,,
United Kingdom,2023-06-01,866.0,34.0,,
United Kingdom,2023-06-02,909.0,22.0,,
United Kingdom,2023-06-03,736.0,32.0,,
United Kingdom,2023-06-04,644.0,25.0,,
United Kingdom,2023-06-05,530.0,32.0,,
United Kingdom,2023-06-06,669.0,26.0,,
United Kingdom,2023-06-07,881.0,22.0,,
United Kingdom,2023-06-08,856.0,24.0,,
United Kingdom,2023-06-09,772.0,24.0,,
United Kingdom,2023-06-10,640.0,24.0,,
United Kingdom,2023-06-11,547.0,19.0,,
United Kingdom,2023-06-12,426.0,23.0,,
United Kingdom,2023-06-13,572.0,29.0,,
United Kingdom,2023-06-14,675.0,31.0,,
United Kingdom,2023-06-15,580.0,27.0,,
United Kingdom,2023-06-16,524.0,30.0,,
United Kingdom,2023-06-17,450.0,23.0,,
United Kingdom,2023-06-18,393.0,24.0,,
United Kingdom,2023-06-19,381.0,15.0,,
United Kingdom,2023-06-20,387.0,19.0,,
United Kingdom,2023-06-21,467.0,21.0,,
United Kingdom,2023-06-22,436.0,19.0,,
United Kingdom,2023-06-23,409.0,17.0,,
United Kingdom,2023-06-24,398.0,9.0,,
United Kingdom,2023-06-25,326.0,15.0,,
United Kingdom,2023-06-26,285.0,13.0,,
United Kingdom,2023-06-27,333.0,21.0,,
United Kingdom,2023-06-28,347.0,10.0,,
United Kingdom,2023-06-29,330.0,18.0,,
United Kingdom,2023-06-30,340.0,8.0,,
United Kingdom,2023-07-01,289.0,14.0,,
United Kingdom,2023-07-02,270.0,19.0,,
United Kingdom,2023-07-03,239.0,13.0,,
United Kingdom,2023-07-04,300.0,14.0,,
United Kingdom,2023-07-05,389.0,7.0,,
United Kingdom,2023-07-06,352.0,10.0,,
United Kingdom,2023-07-07,399.0,12.0,,
United Kingdom,2023-07-08,375.0,12.0,,
United Kingdom,2023-07-09,401.0,7.0,,
United Kingdom,2023-07-10,341.0,9.0,,
United Kingdom,2023-07-11,428.0,8.0,,
United Kingdom,2023-07-12,502.0,11.0,,
United Kingdom,2023-07-13,502.0,9.0,,
United Kingdom,2023-07-14,478.0,8.0,,
United Kingdom,2023-07-15,474.0,15.0,,
United Kingdom,2023-07-16,389.0,5.0,,
United Kingdom,2023-07-17,385.0,10.0,,
United Kingdom,2023-07-18,425.0,8.0,,
United Kingdom,2023-07-19,582.0,8.0,,
United Kingdom,2023-07-20,599.0,11.0,,
United Kingdom,2023-07-21,538.0,13.0,,
United Kingdom,2023-07-22,576.0,3.0,,
United Kingdom,2023-07-23,513.0,12.0,,
United Kingdom,2023-07-24,467.0,8.0,,
United Kingdom,2023-07-25,552.0,11.0,,
United Kingdom,2023-07-26,716.0,9.0,,
United Kingdom,2023-07-27,756.0,11.0,,
United Kingdom,2023-07-28,732.0,16.0,,
United Kingdom,2023-07-29,713.0,13.0,,
United Kingdom,2023-07-30,741.0,16.0,,
United Kingdom,2023-07-31,720.0,13.0,,
United Kingdom,2023-08-01,870.0,10.0,,
United Kingdom,2023-08-02,969.0,17.0,,
United Kingdom,2023-08-03,970.0,18.0,,
United Kingdom,2023-08-04,946.0,20.0,,
United Kingdom,2023-08-05,930.0,12.0,,
United Kingdom,2023-08-06,908.0,13.0,,
United Kingdom,2023-08-07,794.0,22.0,,
United Kingdom,2023-08-08,963.0,20.0,,
United Kingdom,2023-08-09,1186.0,13.0,,
United Kingdom,2023-08-10,1294.0,14.0,,
United Kingdom,2023-08-11,1249.0,14.0,,
United Kingdom,2023-08-12,1185.0,34.0,,
United Kingdom,2023-08-13,1106.0,24.0,,
United Kingdom,2023-08-14,1027.0,37.0,,
United Kingdom,2023-08-15,1127.0,22.0,,
United Kingdom,2023-08-16,1335.0,27.0,,
United Kingdom,2023-08-17,1315.0,24.0,,
United Kingdom,2023-08-18,1307.0,33.0,,
United Kingdom,2023-08-19,1261.0,35.0,,
United Kingdom,2023-08-20,1174.0,28.0,,
United Kingdom,2023-08-21,1027.0,46.0,,
United Kingdom,2023-08-22,1168.0,33.0,,
United Kingdom,2023-08-23,1454.0,30.0,,
United Kingdom,2023-08-24,1448.0,33.0,,
United Kingdom,2023-08-25,1361.0,26.0,,
United Kingdom,2023-08-26,1317.0,29.0,,
United Kingdom,2023-08-27,1213.0,31.0,,
United Kingdom,2023-08-28,1033.0,23.0,,
United Kingdom,2023-08-29,1111.0,31.0,,
United Kingdom,2023-08-30,1337.0,22.0,,
United Kingdom,2023-08-31,1654.0,38.0,,
United Kingdom,2023-09-01,1818.0,36.0,,
United Kingdom,2023-09-02,1750.0,22.0,,
United Kingdom,2023-09-03,1768.0,25.0,,
United Kingdom,2023-09-04,1569.0,35.0,,
United Kingdom,2023-09-05,1916.0,37.0,,
United Kingdom,2023-09-06,2304.0,33.0,,
United Kingdom,2023-09-07,2240.0,46.0,,
United Kingdom,2023-09-08,2153.0,44.0,,
United Kingdom,2023-09-09,1962.0,40.0,,
United Kingdom,2023-09-10,1789.0,52.0,,
United Kingdom,2023-09-11,1534.0,44.0,,
United Kingdom,2023-09-12,1767.0,47.0,,
United Kingdom,2023-09-13,2098.0,38.0,,
United Kingdom,2023-09-14,1899.0,39.0,,
United Kingdom,2023-09-15,1705.0,48.0,,
United Kingdom,2023-09-16,1717.0,44.0,,
United Kingdom,2023-09-17,1553.0,43.0,,
United Kingdom,2023-09-18,1434.0,27.0,,
United Kingdom,2023-09-19,1754.0,36.0,,
United Kingdom,2023-09-20,2161.0,43.0,,
United Kingdom,2023-09-21,2202.0,43.0,,
United Kingdom,2023-09-22,2120.0,42.0,,
United Kingdom,2023-09-23,2006.0,34.0,,
United Kingdom,2023-09-24,1885.0,41.0,,
United Kingdom,2023-09-25,1718.0,37.0,,
United Kingdom,2023-09-26,2185.0,40.0,,
United Kingdom,2023-09-27,2783.0,41.0,,
United Kingdom,2023-09-28,2970.0,33.0,,
United Kingdom,2023-09-29,2895.0,50.0,,
United Kingdom,2023-09-30,2544.0,48.0,,
United Kingdom,2023-10-01,2327.0,40.0,,
United Kingdom,2023-10-02,2095.0,48.0,,
United Kingdom,2023-10-03,2559.0,50.0,,
United Kingdom,2023-10-04,2716.0,46.0,,
United Kingdom,2023-10-05,2735.0,40.0,,
United Kingdom,2023-10-06,2504.0,50.0,,
United Kingdom,2023-10-07,2300.0,54.0,,
United Kingdom,2023-10-08,2174.0,56.0,,
United Kingdom,2023-10-09,1695.0,61.0,,
United Kingdom,2023-10-10,2111.0,54.0,,
United Kingdom,2023-10-11,2310.0,51.0,,
United Kingdom,2023-10-12,2087.0,53.0,,
United Kingdom,2023-10-13,1952.0,63.0,,
United Kingdom,2023-10-14,1581.0,48.0,,
United Kingdom,2023-10-15,1524.0,34.0,,
United Kingdom,2023-10-16,1144.0,50.0,,
United Kingdom,2023-10-17,1237.0,53.0,,
United Kingdom,2023-10-18,1482.0,44.0,,
United Kingdom,2023-10-19,1446.0,58.0,,
United Kingdom,2023-10-20,1427.0,59.0,,
United Kingdom,2023-10-21,1356.0,64.0,,
United Kingdom,2023-10-22,1179.0,60.0,,
United Kingdom,2023-10-23,881.0,,,
United Kingdom,2023-10-24,1004.0,,,
United Kingdom,2023-10-25,1203.0,,,
United Kingdom,2023-10-26,1193.0,,,
United Kingdom,2023-10-27,1042.0,,,
United Kingdom,2023-10-28,1040.0,,,
United Kingdom,2023-10-29,962.0,,,
United Kingdom,2023-10-30,6599.0,,,
United Kingdom,2023-10-31,,,,
United Kingdom,2023-11-01,,,,
United Kingdom,2023-11-02,,,,
United Kingdom,2023-11-03,,,,
United Kingdom,2023-11-04,,,,
United Kingdom,2023-11-05,,,,
United Kingdom,2023-11-06,4868.0,,,
United Kingdom,2023-11-07,,,,
United Kingdom,2023-11-08,,,,
United Kingdom,2023-11-09,,,,
United Kingdom,2023-11-10,,,,
United Kingdom,2023-11-11,,,,
United Kingdom,2023-11-12,,,,
United Kingdom,2023-11-13,5222.0,,,
United Kingdom,2023-11-14,,,,
United Kingdom,2023-11-15,,,,
United Kingdom,2023-11-16,,,,
United Kingdom,2023-11-17,,,,
United Kingdom,2023-11-18,,,,
United Kingdom,2023-11-19,,,,
United Kingdom,2023-11-20,4734.0,,,
United Kingdom,2023-11-21,,,,
United Kingdom,2023-11-22,,,,
United Kingdom,2023-11-23,,,,
United Kingdom,2023-11-24,,,,
United Kingdom,2023-11-25,,,,
United Kingdom,2023-11-26,,,,
United Kingdom,2023-11-27,5391.0,,,
United Kingdom,2023-11-28,,,,
United Kingdom,2023-11-29,,,,
United Kingdom,2023-11-30,,,,
United Kingdom,2023-12-01,,,,
United Kingdom,2023-12-02,,,,
United Kingdom,2023-12-03,,,,
United Kingdom,2023-12-04,7548.0,,,
United Kingdom,2023-12-05,,,,
United Kingdom,2023-12-06,,,,
United Kingdom,2023-12-07,,,,
United Kingdom,2023-12-08,,,,
United Kingdom,2023-12-09,,,,
United Kingdom,2023-12-10,,,,
United Kingdom,2023-12-11,9465.0,,,
United Kingdom,2023-12-12,,,,
United Kingdom,2023-12-13,,,,
United Kingdom,2023-12-14,,,,
United Kingdom,2023-12-15,,,,
United Kingdom,2023-12-16,,,,
United Kingdom,2023-12-17,,,,
United Kingdom,2023-12-18,10711.0,,,
United Kingdom,2023-12-19,,,,
United Kingdom,2023-12-20,,,,
United Kingdom,2023-12-21,,,,
United Kingdom,2023-12-22,,,,
United Kingdom,2023-12-23,,,,
United Kingdom,2023-12-24,,,,
United Kingdom,2023-12-25,10154.0,,,
United Kingdom,2023-12-26,,,,
United Kingdom,2023-12-27,,,,
United Kingdom,2023-12-28,,,,
United Kingdom,2023-12-29,,,,
United Kingdom,2023-12-30,,,,
United Kingdom,2023-12-31,,,,
United Kingdom,2024-01-01,8847.0,,,
United Kingdom,2024-01-02,,,,
United Kingdom,2024-01-03,,,,
United Kingdom,2024-01-04,,,,
United Kingdom,2024-01-05,,,,
United Kingdom,2024-01-06,,,,
United Kingdom,2024-01-07,,,,
United Kingdom,2024-01-08,6759.0,,,
United Kingdom,2024-01-09,,,,
United Kingdom,2024-01-10,,,,
United Kingdom,2024-01-11,,,,
United Kingdom,2024-01-12,,,,
United Kingdom,2024-01-13,,,,
United Kingdom,2024-01-14,,,,
United Kingdom,2024-01-15,6541.0,,,
United Kingdom,2024-01-16,,,,
United Kingdom,2024-01-17,,,,
United Kingdom,2024-01-18,,,,
United Kingdom,2024-01-19,,,,
United Kingdom,2024-01-20,,,,
United Kingdom,2024-01-21,,,,
United Kingdom,2024-01-22,6599.0,,,
United Kingdom,2024-01-23,,,,
United Kingdom,2024-01-24,,,,
United Kingdom,2024-01-25,,,,
United Kingdom,2024-01-26,,,,
United Kingdom,2024-01-27,,,,
United Kingdom,2024-01-28,,,,
United Kingdom,2024-01-29,5158.0,,,
United Kingdom,2024-01-30,,,,
United Kingdom,2024-01-31,,,,
United Kingdom,2024-02-01,,,,
United Kingdom,2024-02-02,,,,
United Kingdom,2024-02-03,,,,
United Kingdom,2024-02-04,,,,
United Kingdom,2024-02-05,4071.0,,,
United Kingdom,2024-02-06,,,,
United Kingdom,2024-02-07,,,,
United Kingdom,2024-02-08,,,,
United Kingdom,2024-02-09,,,,
United Kingdom,2024-02-10,,,,
United Kingdom,2024-02-11,,,,
United Kingdom,2024-02-12,2877.0,,,
United Kingdom,2024-02-13,,,,
United Kingdom,2024-02-14,,,,
United Kingdom,2024-02-15,,,,
United Kingdom,2024-02-16,,,,
United Kingdom,2024-02-17,,,,
United Kingdom,2024-02-18,,,,
United Kingdom,2024-02-19,1978.0,,,
United Kingdom,2024-02-20,,,,
United Kingdom,2024-02-21,,,,
United Kingdom,2024-02-22,,,,
United Kingdom,2024-02-23,,,,
United Kingdom,2024-02-24,,,,
United Kingdom,2024-02-25,,,,
United Kingdom,2024-02-26,1570.0,,,
United Kingdom,2024-02-27,,,,
United Kingdom,2024-02-28,,,,
United Kingdom,2024-02-29,,,,
United Kingdom,2024-03-01,,,,
United Kingdom,2024-03-02,,,,
United Kingdom,2024-03-03,,,,
United Kingdom,2024-03-04,1607.0,,,
United Kingdom,2024-03-05,,,,
United Kingdom,2024-03-06,,,,
United Kingdom,2024-03-07,,,,
United Kingdom,2024-03-08,,,,
United Kingdom,2024-03-09,,,,
United Kingdom,2024-03-10,,,,
United Kingdom,2024-03-11,1720.0,,,
United Kingdom,2024-03-12,,,,
United Kingdom,2024-03-13,,,,
United Kingdom,2024-03-14,,,,
United Kingdom,2024-03-15,,,,
United Kingdom,2024-03-16,,,,
United Kingdom,2024-03-17,,,,
United Kingdom,2024-03-18,1505.0,,,
United Kingdom,2024-03-19,,,,
United Kingdom,2024-03-20,,,,
United Kingdom,2024-03-21,,,,
United Kingdom,2024-03-22,,,,
United Kingdom,2024-03-23,,,,
United Kingdom,2024-03-24,,,,
United Kingdom,2024-03-25,1457.0,,,
United Kingdom,2024-03-26,,,,
United Kingdom,2024-03-27,,,,
United Kingdom,2024-03-28,,,,
United Kingdom,2024-03-29,,,,
United Kingdom,2024-03-30,,,,
United Kingdom,2024-03-31,,,,
United Kingdom,2024-04-01,1580.0,,,
United Kingdom,2024-04-02,,,,
United Kingdom,2024-04-03,,,,
United Kingdom,2024-04-04,,,,
United Kingdom,2024-04-05,,,,
United Kingdom,2024-04-06,,,,
United Kingdom,2024-04-07,,,,
United Kingdom,2024-04-08,1483.0,,,
United Kingdom,2024-04-09,,,,
United Kingdom,2024-04-10,,,,
United Kingdom,2024-04-11,,,,
United Kingdom,2024-04-12,,,,
United Kingdom,2024-04-13,,,,
United Kingdom,2024-04-14,,,,
United Kingdom,2024-04-15,1629.0,,,
United Kingdom,2024-04-16,,,,
United Kingdom,2024-04-17,,,,
United Kingdom,2024-04-18,,,,
United Kingdom,2024-04-19,,,,
United Kingdom,2024-04-20,,,,
United Kingdom,2024-04-21,,,,
United Kingdom,2024-04-22,2053.0,,,
United Kingdom,2024-04-23,,,,
United Kingdom,2024-04-24,,,,
United Kingdom,2024-04-25,,,,
United Kingdom,2024-04-26,,,,
United Kingdom,2024-04-27,,,,
United Kingdom,2024-04-28,,,,
United Kingdom,2024-04-29,2848.0,,,
United Kingdom,2024-04-30,,,,
United Kingdom,2024-05-01,,,,
United Kingdom,2024-05-02,,,,
United Kingdom,2024-05-03,,,,
United Kingdom,2024-05-04,,,,
United Kingdom,2024-05-05,,,,
United Kingdom,2024-05-06,2952.0,,,
United Kingdom,2024-05-07,,,,
United Kingdom,2024-05-08,,,,
United Kingdom,2024-05-09,,,,
United Kingdom,2024-05-10,,,,
United Kingdom,2024-05-11,,,,
United Kingdom,2024-05-12,,,,
United Kingdom,2024-05-13,2599.0,,,
United Kingdom,2024-05-14,,,,
United Kingdom,2024-05-15,,,,
United Kingdom,2024-05-16,,,,
United Kingdom,2024-05-17,,,,
United Kingdom,2024-05-18,,,,
United Kingdom,2024-05-19,,,,
United Kingdom,2024-05-20,2290.0,,,
United Kingdom,2024-05-21,,,,
United Kingdom,2024-05-22,,,,
United Kingdom,2024-05-23,,,,
United Kingdom,2024-05-24,,,,
United Kingdom,2024-05-25,,,,
United Kingdom,2024-05-26,,,,
United Kingdom,2024-05-27,2421.0,,,
United Kingdom,2024-05-28,,,,
United Kingdom,2024-05-29,,,,
United Kingdom,2024-05-30,,,,
United Kingdom,2024-05-31,,,,
United Kingdom,2024-06-01,,,,
United Kingdom,2024-06-02,,,,
United Kingdom,2024-06-03,2889.0,,,
United Kingdom,2024-06-04,,,,
United Kingdom,2024-06-05,,,,
United Kingdom,2024-06-06,,,,
United Kingdom,2024-06-07,,,,
United Kingdom,2024-06-08,,,,
United Kingdom,2024-06-09,,,,
United Kingdom,2024-06-10,3864.0,,,
United Kingdom,2024-06-11,,,,
United Kingdom,2024-06-12,,,,
United Kingdom,2024-06-13,,,,
United Kingdom,2024-06-14,,,,
United Kingdom,2024-06-15,,,,
United Kingdom,2024-06-16,,,,
United Kingdom,2024-06-17,4852.0,,,
United Kingdom,2024-06-18,,,,
United Kingdom,2024-06-19,,,,
United Kingdom,2024-06-20,,,,
United Kingdom,2024-06-21,,,,
United Kingdom,2024-06-22,,,,
United Kingdom,2024-06-23,,,,
United Kingdom,2024-06-24,4877.0,,,
United Kingdom,2024-06-25,,,,
United Kingdom,2024-06-26,,,,
United Kingdom,2024-06-27,,,,
United Kingdom,2024-06-28,,,,
United Kingdom,2024-06-29,,,,
United Kingdom,2024-06-30,,,,
United Kingdom,2024-07-01,4819.0,,,
United Kingdom,2024-07-02,,,,
United Kingdom,2024-07-03,,,,
United Kingdom,2024-07-04,,,,
United Kingdom,2024-07-05,,,,
United Kingdom,2024-07-06,,,,
United Kingdom,2024-07-07,,,,
United Kingdom,2024-07-08,5317.0,,,
United Kingdom,2024-07-09,,,,
United Kingdom,2024-07-10,,,,
United Kingdom,2024-07-11,,,,
United Kingdom,2024-07-12,,,,
United Kingdom,2024-07-13,,,,
United Kingdom,2024-07-14,,,,
United Kingdom,2024-07-15,5153.0,,,
United Kingdom,2024-07-16,,,,
United Kingdom,2024-07-17,,,,
United Kingdom,2024-07-18,,,,
United Kingdom,2024-07-19,,,,
United Kingdom,2024-07-20,,,,
United Kingdom,2024-07-21,,,,
United Kingdom,2024-07-22,4231.0,,,
United Kingdom,2024-07-23,,,,
United Kingdom,2024-07-24,,,,
United Kingdom,2024-07-25,,,,
United Kingdom,2024-07-26,,,,
United Kingdom,2024-07-27,,,,
United Kingdom,2024-07-28,,,,
United Kingdom,2024-07-29,3537.0,,,
United Kingdom,2024-07-30,,,,
United Kingdom,2024-07-31,,,,
United Kingdom,2024-08-01,,,,
United Kingdom,2024-08-02,,,,
United Kingdom,2024-08-03,,,,
United Kingdom,2024-08-04,,,,
United Kingdom,2024-08-05,2633.0,,,
United Kingdom,2024-08-06,,,,
United Kingdom,2024-08-07,,,,
United Kingdom,2024-08-08,,,,
United Kingdom,2024-08-09,,,,
United Kingdom,2024-08-10,,,,
United Kingdom,2024-08-11,,,,
United Kingdom,2024-08-12,2254.0,,,
United Kingdom,2024-08-13,,,,
United Kingdom,2024-08-14,,,,
United Kingdom,2024-08-15,,,,
United Kingdom,2024-08-16,,,,
United Kingdom,2024-08-17,,,,
United Kingdom,2024-08-18,,,,
United Kingdom,2024-08-19,2050.0,,,
United Kingdom,2024-08-20,,,,
United Kingdom,2024-08-21,,,,
United Kingdom,2024-08-22,,,,
United Kingdom,2024-08-23,,,,
United Kingdom,2024-08-24,,,,
United Kingdom,2024-08-25,,,,
United Kingdom,2024-08-26,2264.0,,,
United Kingdom,2024-08-27,,,,
United Kingdom,2024-08-28,,,,
United Kingdom,2024-08-29,,,,
United Kingdom,2024-08-30,,,,
United Kingdom,2024-08-31,,,,
United Kingdom,2024-09-01,,,,
United Kingdom,2024-09-02,2345.0,,,
United Kingdom,2024-09-03,,,,
United Kingdom,2024-09-04,,,,
United Kingdom,2024-09-05,,,,
United Kingdom,2024-09-06,,,,
United Kingdom,2024-09-07,,,,
United Kingdom,2024-09-08,,,,
United Kingdom,2024-09-09,2460.0,,,
United Kingdom,2024-09-10,,,,
United Kingdom,2024-09-11,,,,
United Kingdom,2024-09-12,,,,
United Kingdom,2024-09-13,,,,
United Kingdom,2024-09-14,,,,
United Kingdom,2024-09-15,,,,
United Kingdom,2024-09-16,3458.0,,,
United Kingdom,2024-09-17,,,,
United Kingdom,2024-09-18,,,,
United Kingdom,2024-09-19,,,,
United Kingdom,2024-09-20,,,,
United Kingdom,2024-09-21,,,,
United Kingdom,2024-09-22,,,,
United Kingdom,2024-09-23,3527.0,,,
United Kingdom,2024-09-24,,,,
United Kingdom,2024-09-25,,,,
United Kingdom,2024-09-26,,,,
United Kingdom,2024-09-27,,,,
United Kingdom,2024-09-28,,,,
United Kingdom,2024-09-29,,,,
United Kingdom,2024-09-30,3838.0,,,
United Kingdom,2024-10-01,,,,
United Kingdom,2024-10-02,,,,
United Kingdom,2024-10-03,,,,
United Kingdom,2024-10-04,,,,
United Kingdom,2024-10-05,,,,
United Kingdom,2024-10-06,,,,
United Kingdom,2024-10-07,3969.0,,,
United Kingdom,2024-10-08,,,,
United Kingdom,2024-10-09,,,,
United Kingdom,2024-10-10,,,,
United Kingdom,2024-10-11,,,,
United Kingdom,2024-10-12,,,,
United Kingdom,2024-10-13,,,,
United Kingdom,2024-10-14,3817.0,,,
United Kingdom,2024-10-15,,,,
United Kingdom,2024-10-16,,,,
United Kingdom,2024-10-17,,,,
United Kingdom,2024-10-18,,,,
United Kingdom,2024-10-19,,,,
United Kingdom,2024-10-20,,,,
United Kingdom,2024-10-21,2936.0,,,
United Kingdom,2024-10-22,,,,
United Kingdom,2024-10-23,,,,
United Kingdom,2024-10-24,,,,
United Kingdom,2024-10-25,,,,
United Kingdom,2024-10-26,,,,
United Kingdom,2024-10-27,,,,
United Kingdom,2024-10-28,2096.0,,,
United Kingdom,2024-10-29,,,,
United Kingdom,2024-10-30,,,,
United Kingdom,2024-10-31,,,,
United Kingdom,2024-11-01,,,,
United Kingdom,2024-11-02,,,,
United Kingdom,2024-11-03,,,,
United Kingdom,2024-11-04,1721.0,,,
United Kingdom,2024-11-05,,,,
United Kingdom,2024-11-06,,,,
United Kingdom,2024-11-07,,,,
United Kingdom,2024-11-08,,,,
United Kingdom,2024-11-09,,,,
United Kingdom,2024-11-10,,,,
United Kingdom,2024-11-11,1366.0,,,
United Kingdom,2024-11-12,,,,
United Kingdom,2024-11-13,,,,
United Kingdom,2024-11-14,,,,
United Kingdom,2024-11-15,,,,
United Kingdom,2024-11-16,,,,
United Kingdom,2024-11-17,,,,
United Kingdom,2024-11-18,1402.0,,,
United Kingdom,2024-11-19,,,,
United Kingdom,2024-11-20,,,,
United Kingdom,2024-11-21,,,,
United Kingdom,2024-11-22,,,,
United Kingdom,2024-11-23,,,,
United Kingdom,2024-11-24,,,,
United Kingdom,2024-11-25,1392.0,,,
United Kingdom,2024-11-26,,,,
United Kingdom,2024-11-27,,,,
United Kingdom,2024-11-28,,,,
United Kingdom,2024-11-29,,,,
United Kingdom,2024-11-30,,,,
United Kingdom,2024-12-01,,,,
United Kingdom,2024-12-02,1397.0,,,
United Kingdom,2024-12-03,,,,
United Kingdom,2024-12-04,,,,
United Kingdom,2024-12-05,,,,
United Kingdom,2024-12-06,,,,
United Kingdom,2024-12-07,,,,
United Kingdom,2024-12-08,,,,
United Kingdom,2024-12-09,1377.0,,,
United Kingdom,2024-12-10,,,,
United Kingdom,2024-12-11,,,,
United Kingdom,2024-12-12,,,,
United Kingdom,2024-12-13,,,,
United Kingdom,2024-12-14,,,,
United Kingdom,2024-12-15,,,,
United Kingdom,2024-12-16,1497.0,,,
United Kingdom,2024-12-17,,,,
United Kingdom,2024-12-18,,,,
United Kingdom,2024-12-19,,,,
United Kingdom,2024-12-20,,,,
United Kingdom,2024-12-21,,,,
United Kingdom,2024-12-22,,,,
United Kingdom,2024-12-23,1181.0,,,
United Kingdom,2024-12-24,,,,
United Kingdom,2024-12-25,,,,
United Kingdom,2024-12-26,,,,
United Kingdom,2024-12-27,,,,
United Kingdom,2024-12-28,,,,
United Kingdom,2024-12-29,,,,
United Kingdom,2024-12-30,1204.0,,,
United Kingdom,2024-12-31,,,,
United States,2022-01-01,584647.0,1334.0,521918004.0,47.65
United States,2022-01-02,471965.0,1344.0,522418645.0,47.64
United States,2022-01-03,302957.0,430.0,523671276.0,47.63
United States,2022-01-04,390858.0,374.0,525094724.0,47.62
United States,2022-01-05,902391.0,1672.0,526556546.0,47.61
United States,2022-01-06,732514.0,2840.0,528030730.0,47.6
United States,2022-01-07,702790.0,1846.0,529692905.0,47.59
United States,2022-01-08,798436.0,2088.0,530748218.0,47.57
United States,2022-01-09,852951.0,2466.0,531249385.0,47.57
United States,2022-01-10,448743.0,869.0,532518009.0,47.56
United States,2022-01-11,486541.0,699.0,533834532.0,47.55
United States,2022-01-12,1265520.0,1962.0,535157096.0,47.54
United States,2022-01-13,803539.0,3189.0,536459113.0,47.53
United States,2022-01-14,855880.0,2480.0,537939916.0,47.52
United States,2022-01-15,892303.0,2179.0,538735091.0,47.51
United States,2022-01-16,898407.0,3002.0,539128831.0,47.51
United States,2022-01-17,465957.0,1380.0,539959879.0,47.5
United States,2022-01-18,418737.0,873.0,540967964.0,47.49
United States,2022-01-19,968465.0,1453.0,541956732.0,45.7
United States,2022-01-20,856293.0,2642.0,542902164.0,45.69
United States,2022-01-21,780466.0,3259.0,543995187.0,45.68
United States,2022-01-22,776490.0,2901.0,544621478.0,45.68
United States,2022-01-23,776480.0,3800.0,544955362.0,45.67
United States,2022-01-24,328564.0,1218.0,545759030.0,45.66
United States,2022-01-25,314947.0,960.0,546569635.0,45.65
United States,2022-01-26,1011148.0,2784.0,547369589.0,45.64
United States,2022-01-27,493232.0,3530.0,548167302.0,45.63
United States,2022-01-28,545225.0,3409.0,549131881.0,45.62
United States,2022-01-29,572820.0,2898.0,549605781.0,45.61
United States,2022-01-30,523326.0,3604.0,549872736.0,45.61
United States,2022-01-31,222172.0,1516.0,550509505.0,45.6
United States,2022-02-01,158214.0,925.0,551133326.0,45.59
United States,2022-02-02,576521.0,2779.0,551712410.0,45.58
United States,2022-02-03,296458.0,4076.0,552239065.0,45.57
United States,2022-02-04,303405.0,3218.0,552902416.0,45.56
United States,2022-02-05,350050.0,2715.0,553345385.0,45.55
United States,2022-02-06,281890.0,3425.0,553560912.0,45.54
United States,2022-02-07,104762.0,1254.0,554050086.0,45.54
United States,2022-02-08,96578.0,714.0,554557634.0,45.53
United States,2022-02-09,305358.0,3301.0,555075095.0,45.52
United States,2022-02-10,197921.0,3804.0,555590555.0,45.51
United States,2022-02-11,196394.0,3005.0,556220255.0,45.5
United States,2022-02-12,165790.0,2579.0,556569334.0,45.49
United States,2022-02-13,155309.0,2893.0,556723665.0,45.49
United States,2022-02-14,67888.0,969.0,557069849.0,45.48
United States,2022-02-15,47904.0,727.0,557476940.0,45.48
United States,2022-02-16,174293.0,2973.0,557896546.0,45.47
United States,2022-02-17,108080.0,3370.0,558309529.0,45.46
United States,2022-02-18,105714.0,2708.0,558841815.0,45.45
United States,2022-02-19,100475.0,2316.0,559126887.0,45.45
United States,2022-02-20,103802.0,2309.0,559282790.0,45.45
United States,2022-02-21,40797.0,716.0,559603106.0,45.44
United States,2022-02-22,31174.0,588.0,559960737.0,45.43
United States,2022-02-23,48413.0,1100.0,560308460.0,45.43
United States,2022-02-24,115022.0,3252.0,560642108.0,45.42
United States,2022-02-25,73662.0,2611.0,561041040.0,45.41
United States,2022-02-26,75062.0,2488.0,561286587.0,45.41
United States,2022-02-27,74142.0,2291.0,561411021.0,45.41
United States,2022-02-28,25662.0,576.0,561731241.0,37.1
United States,2022-03-01,18169.0,360.0,562016477.0,37.1
United States,2022-03-02,76237.0,2302.0,562278498.0,37.09
United States,2022-03-03,63819.0,1971.0,562536557.0,34.65
United States,2022-03-04,52784.0,1536.0,562860566.0,34.64
United States,2022-03-05,51622.0,1364.0,563044675.0,34.64
United States,2022-03-06,44216.0,1569.0,563134718.0,34.64
United States,2022-03-07,14292.0,322.0,563349201.0,34.63
United States,2022-03-08,8941.0,367.0,563566957.0,34.63
United States,2022-03-09,57277.0,1530.0,563783622.0,34.62
United States,2022-03-10,31172.0,1735.0,564000370.0,34.62
United States,2022-03-11,46110.0,1957.0,564263628.0,34.61
United States,2022-03-12,39598.0,1258.0,564407241.0,34.61
United States,2022-03-13,36942.0,1437.0,564482230.0,34.6
United States,2022-03-14,12159.0,506.0,564680597.0,34.6
United States,2022-03-15,9126.0,195.0,564888705.0,34.6
United States,2022-03-16,60969.0,-2437.0,565100185.0,38.31
United States,2022-03-17,24495.0,1443.0,565301461.0,38.31
United States,2022-03-18,37828.0,1500.0,565558018.0,38.31
United States,2022-03-19,33159.0,1066.0,565704746.0,38.3
United States,2022-03-20,31004.0,972.0,565781754.0,38.3
United States,2022-03-21,9881.0,200.0,565973887.0,38.3
United States,2022-03-22,10038.0,150.0,566159708.0,38.29
United States,2022-03-23,38828.0,789.0,566355586.0,38.29
United States,2022-03-24,24771.0,937.0,566547055.0,38.28
United States,2022-03-25,45160.0,1244.0,566782151.0,38.28
United States,2022-03-26,36077.0,895.0,566907330.0,38.27
United States,2022-03-27,28714.0,776.0,566972545.0,38.27
United States,2022-03-28,12511.0,180.0,567147602.0,38.27
United States,2022-03-29,9753.0,95.0,567347383.0,38.26
United States,2022-03-30,32427.0,686.0,567752614.0,29.88
United States,2022-03-31,24078.0,732.0,568312182.0,29.87
United States,2022-04-01,48239.0,1173.0,568979449.0,29.87
United States,2022-04-02,40063.0,704.0,569327368.0,29.87
United States,2022-04-03,27393.0,602.0,569538505.0,29.86
United States,2022-04-04,11677.0,148.0,570102675.0,29.86
United States,2022-04-05,10548.0,117.0,570662195.0,29.86
United States,2022-04-06,26930.0,322.0,571244170.0,29.85
United States,2022-04-07,33374.0,524.0,571832114.0,29.85
United States,2022-04-08,42256.0,944.0,572511686.0,29.84
United States,2022-04-09,33806.0,523.0,572852561.0,29.84
United States,2022-04-10,42601.0,889.0,573050619.0,29.84
United States,2022-04-11,14053.0,141.0,573635515.0,29.84
United States,2022-04-12,17314.0,69.0,574255670.0,29.83
United States,2022-04-13,34571.0,323.0,574843355.0,29.83
United States,2022-04-14,28789.0,733.0,575437749.0,29.83
United States,2022-04-15,46149.0,603.0,576010808.0,29.82
United States,2022-04-16,62708.0,710.0,576272817.0,29.82
United States,2022-04-17,44355.0,544.0,576333501.0,29.82
United States,2022-04-18,16817.0,49.0,576853355.0,29.82
United States,2022-04-19,18767.0,57.0,577401120.0,29.81
United States,2022-04-20,36003.0,366.0,577942563.0,29.81
United States,2022-04-21,53418.0,427.0,578452888.0,27.96
United States,2022-04-22,57408.0,547.0,578954304.0,27.95
United States,2022-04-23,49509.0,655.0,579217040.0,27.95
United States,2022-04-24,68799.0,342.0,579352566.0,27.95
United States,2022-04-25,23458.0,72.0,579784139.0,27.94
United States,2022-04-26,21103.0,61.0,580244877.0,27.94
United States,2022-04-27,49858.0,217.0,580724865.0,27.94
United States,2022-04-28,64414.0,384.0,581208935.0,27.93
United States,2022-04-29,77145.0,729.0,581725064.0,27.93
United States,2022-04-30,61915.0,288.0,581969320.0,27.93
United States,2022-05-01,80656.0,491.0,582105667.0,27.93
United States,2022-05-02,25939.0,90.0,582501777.0,27.92
United States,2022-05-03,26774.0,133.0,582926063.0,27.92
United States,2022-05-04,64100.0,180.0,583347637.0,27.92
United States,2022-05-05,72566.0,648.0,583762706.0,27.91
United States,2022-05-06,100537.0,804.0,584220928.0,27.91
United States,2022-05-07,80010.0,300.0,584429134.0,27.91
United States,2022-05-08,95732.0,486.0,584521044.0,27.91
United States,2022-05-09,27518.0,61.0,584914317.0,27.9
United States,2022-05-10,31753.0,63.0,585340252.0,27.9
United States,2022-05-11,100982.0,189.0,585767899.0,26.51
United States,2022-05-12,100249.0,393.0,586205590.0,26.51
United States,2022-05-13,127795.0,566.0,586682307.0,26.51
United States,2022-05-14,98705.0,262.0,586923096.0,26.51
United States,2022-05-15,117953.0,432.0,587055539.0,26.51
United States,2022-05-16,29099.0,79.0,587445897.0,26.5
United States,2022-05-17,46227.0,66.0,587859971.0,26.5
United States,2022-05-18,123395.0,231.0,588284128.0,26.5
United States,2022-05-19,129614.0,368.0,588728821.0,26.49
United States,2022-05-20,146420.0,606.0,589245260.0,26.49
United States,2022-05-21,109730.0,252.0,589517170.0,26.49
United States,2022-05-22,150010.0,479.0,589672496.0,26.49
United States,2022-05-23,36406.0,97.0,590113345.0,26.49
United States,2022-05-24,44879.0,67.0,590545030.0,26.48
United States,2022-05-25,110873.0,388.0,590964490.0,26.48
United States,2022-05-26,133342.0,471.0,591370905.0,26.48
United States,2022-05-27,153916.0,699.0,591821297.0,26.48
United States,2022-05-28,113174.0,327.0,592023979.0,26.48
United States,2022-05-29,148130.0,580.0,592137372.0,26.47
United States,2022-05-30,36051.0,87.0,592169657.0,26.47
United States,2022-05-31,35465.0,58.0,592549109.0,26.47
United States,2022-06-01,55525.0,78.0,592925569.0,26.47
United States,2022-06-02,155982.0,366.0,593289019.0,26.47
United States,2022-06-03,140951.0,575.0,593693735.0,26.46
United States,2022-06-04,111559.0,354.0,593887053.0,26.46
United States,2022-06-05,140094.0,461.0,593994792.0,32.02
United States,2022-06-06,47471.0,87.0,594316453.0,32.02
United States,2022-06-07,43315.0,127.0,594637210.0,32.02
United States,2022-06-08,99664.0,297.0,594961848.0,32.01
United States,2022-06-09,152307.0,476.0,595276977.0,32.01
United States,2022-06-10,144559.0,642.0,595626439.0,32.01
United States,2022-06-11,105965.0,264.0,595789983.0,32.01
United States,2022-06-12,147763.0,391.0,595877362.0,32.01
United States,2022-06-13,37707.0,144.0,596148394.0,32.0
United States,2022-06-14,38721.0,91.0,596428503.0,32.0
United States,2022-06-15,91358.0,286.0,596713598.0,32.0
United States,2022-06-16,138010.0,419.0,596996739.0,32.0
United States,2022-06-17,143175.0,569.0,597297646.0,32.0
United States,2022-06-18,97574.0,301.0,597429806.0,32.0
United States,2022-06-19,125711.0,392.0,597492627.0,32.0
United States,2022-06-20,35853.0,96.0,597728913.0,31.99
United States,2022-06-21,35517.0,115.0,597999848.0,31.99
United States,2022-06-22,52244.0,140.0,598287185.0,31.99
United States,2022-06-23,186492.0,513.0,598574623.0,31.99
United States,2022-06-24,134198.0,625.0,598885852.0,31.99
United States,2022-06-25,101869.0,492.0,599049651.0,31.99
United States,2022-06-26,163464.0,520.0,599129200.0,31.99
United States,2022-06-27,44012.0,107.0,599383974.0,31.98
United States,2022-06-28,44178.0,76.0,599652426.0,31.98
United States,2022-06-29,96530.0,256.0,599926759.0,31.98
United States,2022-06-30,154793.0,625.0,600209859.0,31.98
United States,2022-07-01,148959.0,555.0,600491056.0,31.98
United States,2022-07-02,112856.0,476.0,600605915.0,31.98
United States,2022-07-03,172444.0,547.0,600665121.0,31.98
United States,2022-07-04,48178.0,138.0,600678310.0,31.98
United States,2022-07-05,46196.0,87.0,600931387.0,31.97
United States,2022-07-06,45747.0,119.0,601198869.0,31.97
United States,2022-07-07,169689.0,469.0,601473370.0,31.97
United States,2022-07-08,145751.0,601.0,601781861.0,30.76
United States,2022-07-09,120595.0,491.0,601929618.0,30.76
United States,2022-07-10,167613.0,549.0,602008303.0,30.76
United States,2022-07-11,55577.0,106.0,602279526.0,30.76
United States,2022-07-12,57136.0,111.0,602582714.0,30.76
United States,2022-07-13,113656.0,279.0,602930737.0,30.76
United States,2022-07-14,184135.0,651.0,603299076.0,30.75
United States,2022-07-15,156001.0,711.0,603716134.0,30.75
United States,2022-07-16,138983.0,455.0,603930168.0,30.75
United States,2022-07-17,182741.0,472.0,604046436.0,30.75
United States,2022-07-18,57577.0,154.0,604408072.0,30.75
United States,2022-07-19,56070.0,173.0,604769565.0,30.75
United States,2022-07-20,101687.0,351.0,605115695.0,30.75
United States,2022-07-21,179375.0,705.0,605481860.0,30.74
United States,2022-07-22,158884.0,675.0,605897195.0,30.74
United States,2022-07-23,148445.0,494.0,606099785.0,30.74
United States,2022-07-24,206657.0,635.0,606199644.0,30.74
United States,2022-07-25,53259.0,159.0,606511647.0,30.74
United States,2022-07-26,54599.0,173.0,606834201.0,30.74
United States,2022-07-27,106403.0,303.0,607144582.0,30.73
United States,2022-07-28,168680.0,631.0,607453044.0,30.73
United States,2022-07-29,160831.0,696.0,607777244.0,30.73
United States,2022-07-30,144834.0,520.0,607918011.0,30.73
United States,2022-07-31,259377.0,631.0,607987438.0,30.73
United States,2022-08-01,37913.0,137.0,608231492.0,30.73
United States,2022-08-02,37944.0,118.0,608490580.0,32.58
United States,2022-08-03,119038.0,400.0,608744254.0,32.57
United States,2022-08-04,161349.0,720.0,608993926.0,32.57
United States,2022-08-05,149835.0,715.0,609261617.0,32.57
United States,2022-08-06,131403.0,560.0,609386096.0,32.57
United States,2022-08-07,150569.0,611.0,609450014.0,32.57
United States,2022-08-08,33241.0,162.0,609670908.0,32.57
United States,2022-08-09,32807.0,121.0,609899676.0,32.57
United States,2022-08-10,98627.0,337.0,610114731.0,32.56
United States,2022-08-11,137268.0,800.0,610332958.0,32.56
United States,2022-08-12,138358.0,774.0,610572962.0,32.56
United States,2022-08-13,125122.0,587.0,610680157.0,32.56
United States,2022-08-14,136195.0,661.0,610733034.0,32.56
United States,2022-08-15,30589.0,132.0,610930659.0,32.56
United States,2022-08-16,21098.0,117.0,611135493.0,32.56
United States,2022-08-17,99341.0,343.0,611337776.0,24.22
United States,2022-08-18,126626.0,730.0,611532626.0,24.22
United States,2022-08-19,120016.0,759.0,611745904.0,24.22
United States,2022-08-20,114305.0,536.0,611833778.0,24.22
United States,2022-08-21,132950.0,614.0,611877494.0,24.22
United States,2022-08-22,28624.0,141.0,612044423.0,24.21
United States,2022-08-23,27897.0,129.0,612220949.0,24.21
United States,2022-08-24,81700.0,308.0,612395636.0,24.21
United States,2022-08-25,115986.0,675.0,612566835.0,24.21
United States,2022-08-26,130588.0,766.0,612747240.0,24.21
United States,2022-08-27,110093.0,538.0,612825521.0,24.21
United States,2022-08-28,115441.0,664.0,612863903.0,24.21
United States,2022-08-29,29176.0,162.0,613005369.0,24.21
United States,2022-08-30,27073.0,129.0,613153914.0,24.2
United States,2022-08-31,78248.0,270.0,613288488.0,24.2
United States,2022-09-01,116212.0,633.0,613387308.0,24.2
United States,2022-09-02,120932.0,864.0,613477812.0,24.2
United States,2022-09-03,103592.0,500.0,613534191.0,24.2
United States,2022-09-04,105130.0,532.0,613577190.0,24.2
United States,2022-09-05,24912.0,114.0,613590568.0,24.2
United States,2022-09-06,24255.0,112.0,613768601.0,24.2
United States,2022-09-07,22446.0,114.0,614169956.0,24.2
United States,2022-09-08,118994.0,529.0,614602333.0,24.2
United States,2022-09-09,91690.0,688.0,615168648.0,24.19
United States,2022-09-10,85271.0,473.0,615488045.0,24.19
United States,2022-09-11,81941.0,595.0,615691059.0,24.19
United States,2022-09-12,22131.0,135.0,616243845.0,24.19
United States,2022-09-13,20216.0,86.0,616779522.0,24.19
United States,2022-09-14,57915.0,264.0,617356244.0,24.18
United States,2022-09-15,57983.0,562.0,617940516.0,24.18
United States,2022-09-16,89519.0,799.0,618646280.0,24.18
United States,2022-09-17,97563.0,684.0,618986490.0,24.18
United States,2022-09-18,61574.0,369.0,619181453.0,24.18
United States,2022-09-19,17572.0,98.0,619799773.0,24.17
United States,2022-09-20,20188.0,79.0,620430242.0,24.17
United States,2022-09-21,44794.0,227.0,621118372.0,24.17
United States,2022-09-22,49594.0,504.0,621800988.0,24.17
United States,2022-09-23,83979.0,698.0,622616170.0,24.16
United States,2022-09-24,99198.0,754.0,622997168.0,24.16
United States,2022-09-25,53400.0,345.0,623214027.0,24.16
United States,2022-09-26,15871.0,102.0,623929765.0,24.16
United States,2022-09-27,15295.0,85.0,624640495.0,24.16
United States,2022-09-28,37642.0,232.0,625374865.0,24.15
United States,2022-09-29,40387.0,462.0,626094074.0,24.15
United States,2022-09-30,78175.0,1156.0,626922109.0,24.15
United States,2022-10-01,87152.0,596.0,627301508.0,24.15
United States,2022-10-02,46712.0,349.0,627510797.0,24.15
United States,2022-10-03,12202.0,124.0,628231741.0,24.15
United States,2022-10-04,13856.0,57.0,628959450.0,24.14
United States,2022-10-05,32368.0,183.0,629757129.0,24.14
United States,2022-10-06,37655.0,444.0,630535128.0,24.14
United States,2022-10-07,64193.0,767.0,631412942.0,24.13
United States,2022-10-08,78599.0,651.0,631823057.0,24.13
United States,2022-10-09,41711.0,334.0,632045454.0,24.13
United States,2022-10-10,11333.0,72.0,632787018.0,24.13
United States,2022-10-11,13220.0,78.0,633550560.0,24.13
United States,2022-10-12,24419.0,169.0,634374623.0,24.12
United States,2022-10-13,38156.0,398.0,635159624.0,24.12
United States,2022-10-14,57464.0,652.0,636051522.0,24.12
United States,2022-10-15,72989.0,644.0,636439029.0,24.12
United States,2022-10-16,33699.0,261.0,636652216.0,24.12
United States,2022-10-17,6050.0,26.0,637416156.0,24.11
United States,2022-10-18,11151.0,8.0,638178731.0,24.11
United States,2022-10-19,33860.0,234.0,638977419.0,24.11
United States,2022-10-20,38999.0,466.0,639747912.0,24.11
United States,2022-10-21,,,640605372.0,24.1
United States,2022-10-22,193674.0,2221.0,640990400.0,24.1
United States,2022-10-23,,,641199944.0,24.1
United States,2022-10-24,,,641947260.0,24.1
United States,2022-10-25,,,642715816.0,24.1
United States,2022-10-26,,,643560650.0,24.09
United States,2022-10-27,,,644349693.0,24.09
United States,2022-10-28,255156.0,3081.0,645210369.0,24.09
United States,2022-10-29,,,645582174.0,24.09
United States,2022-10-30,,,645776076.0,24.09
United States,2022-10-31,,,646384492.0,24.09
United States,2022-11-01,,,647024640.0,28.77
United States,2022-11-02,,,647681343.0,28.77
United States,2022-11-03,,,648323080.0,28.77
United States,2022-11-04,267304.0,2463.0,649079809.0,28.77
United States,2022-11-05,,,649423049.0,28.77
United States,2022-11-06,,,649603308.0,28.77
United States,2022-11-07,,,650187784.0,28.76
United States,2022-11-08,,,650752536.0,28.76
United States,2022-11-09,,,651308671.0,28.76
United States,2022-11-10,,,651866732.0,28.76
United States,2022-11-11,282897.0,2290.0,652467920.0,28.76
United States,2022-11-12,,,652750515.0,28.76
United States,2022-11-13,,,652909399.0,28.76
United States,2022-11-14,,,653425942.0,28.76
United States,2022-11-15,,,653949826.0,28.75
United States,2022-11-16,,,654477790.0,28.75
United States,2022-11-17,,,654989880.0,28.75
United States,2022-11-18,274984.0,2202.0,655557955.0,28.75
United States,2022-11-19,,,655824941.0,28.75
United States,2022-11-20,,,655969930.0,28.75
United States,2022-11-21,,,656425345.0,28.75
United States,2022-11-22,,,656849167.0,28.75
United States,2022-11-23,,,657208062.0,28.74
United States,2022-11-24,,,657213970.0,28.74
United States,2022-11-25,300171.0,2619.0,657461380.0,28.74
United States,2022-11-26,,,657652917.0,28.74
United States,2022-11-27,,,657771833.0,28.74
United States,2022-11-28,,,658107322.0,28.74
United States,2022-11-29,,,658455874.0,28.74
United States,2022-11-30,,,658889454.0,28.74
United States,2022-12-01,,,659277438.0,28.74
United States,2022-12-02,302599.0,1763.0,659716279.0,28.74
United States,2022-12-03,,,659920383.0,28.74
United States,2022-12-04,,,660035121.0,28.74
United States,2022-12-05,,,660385971.0,28.73
United States,2022-12-06,,,660751583.0,28.73
United States,2022-12-07,,,661127692.0,28.73
United States,2022-12-08,,,661506931.0,28.73
United States,2022-12-09,462223.0,3035.0,661933435.0,28.73
United States,2022-12-10,,,662149278.0,28.73
United States,2022-12-11,,,662273358.0,28.73
United States,2022-12-12,,,662639997.0,28.73
United States,2022-12-13,,,663008281.0,28.73
United States,2022-12-14,,,663358039.0,28.73
United States,2022-12-15,,,663682048.0,28.73
United States,2022-12-16,446014.0,2652.0,664062673.0,28.72
United States,2022-12-17,,,664259895.0,28.72
United States,2022-12-18,,,664373850.0,28.72
United States,2022-12-19,,,664711486.0,28.72
United States,2022-12-20,,,665028939.0,28.72
United States,2022-12-21,,,665317901.0,28.72
United States,2022-12-22,,,665547079.0,28.72
United States,2022-12-23,508009.0,3033.0,665700653.0,28.72
United States,2022-12-24,,,665739625.0,28.72
United States,2022-12-25,,,665742181.0,28.72
United States,2022-12-26,,,665852398.0,28.72
United States,2022-12-27,,,666118942.0,28.72
United States,2022-12-28,,,666380587.0,28.72
United States,2022-12-29,,,666644942.0,28.72
United States,2022-12-30,392203.0,2480.0,666888577.0,28.71
United States,2022-12-31,,,666952241.0,28.71
United States,2023-01-01,,,666962231.0,
United States,2023-01-02,,,667086190.0,
United States,2023-01-03,,,667314723.0,
United States,2023-01-04,,,667532053.0,
United States,2023-01-05,,,667759856.0,
United States,2023-01-06,471714.0,2764.0,668032629.0,
United States,2023-01-07,,,668166932.0,
United States,2023-01-08,,,668235802.0,
United States,2023-01-09,,,668442071.0,
United States,2023-01-10,,,668645088.0,
United States,2023-01-11,,,668845541.0,
United States,2023-01-12,,,669042935.0,
United States,2023-01-13,448092.0,4407.0,669264387.0,
United States,2023-01-14,,,669367918.0,
United States,2023-01-15,,,669415509.0,
United States,2023-01-16,,,669528573.0,
United States,2023-01-17,,,669679540.0,
United States,2023-01-18,,,669826716.0,
United States,2023-01-19,,,669967935.0,
United States,2023-01-20,308025.0,3664.0,670125256.0,
United States,2023-01-21,,,670190219.0,
United States,2023-01-22,,,670221095.0,
United States,2023-01-23,,,670340666.0,
United States,2023-01-24,,,670463588.0,
United States,2023-01-25,,,670578583.0,
United States,2023-01-26,,,670699113.0,
United States,2023-01-27,294867.0,3743.0,670830072.0,
United States,2023-01-28,,,670882585.0,
United States,2023-01-29,,,670909681.0,
United States,2023-01-30,,,671010721.0,
United States,2023-01-31,,,671113219.0,
United States,2023-02-01,,,671212866.0,
United States,2023-02-02,,,671312243.0,
United States,2023-02-03,285402.0,3452.0,671423970.0,
United States,2023-02-04,,,671470458.0,
United States,2023-02-05,,,671495506.0,
United States,2023-02-06,,,671589596.0,
United States,2023-02-07,,,671684807.0,
United States,2023-02-08,,,671778135.0,
United States,2023-02-09,,,671869542.0,
United States,2023-02-10,278228.0,3440.0,671969526.0,
United States,2023-02-11,,,672011939.0,
United States,2023-02-12,,,672030694.0,
United States,2023-02-13,,,672110032.0,
United States,2023-02-14,,,672184132.0,
United States,2023-02-15,,,672267033.0,
United States,2023-02-16,,,672346061.0,
United States,2023-02-17,254372.0,2857.0,672434501.0,
United States,2023-02-18,,,672468591.0,
United States,2023-02-19,,,672486324.0,
United States,2023-02-20,,,672548661.0,
United States,2023-02-21,,,672624669.0,
United States,2023-02-22,,,672696611.0,
United States,2023-02-23,,,672767310.0,
United States,2023-02-24,,,672846343.0,
United States,2023-02-25,267168.0,2362.0,672878203.0,
United States,2023-02-26,,,672894784.0,
United States,2023-02-27,,,672966752.0,
United States,2023-02-28,,,673038761.0,
United States,2023-03-01,,,673110198.0,
United States,2023-03-02,,,673180440.0,
United States,2023-03-03,,,673258607.0,
United States,2023-03-04,227828.0,2197.0,673290317.0,
United States,2023-03-05,,,673306999.0,
United States,2023-03-06,,,673373725.0,
United States,2023-03-07,,,673441497.0,
United States,2023-03-08,,,673507961.0,
United States,2023-03-09,,,673573609.0,
United States,2023-03-10,,,673645633.0,
United States,2023-03-11,170593.0,1887.0,673675506.0,
United States,2023-03-12,,,673691159.0,
United States,2023-03-13,,,673752611.0,
United States,2023-03-14,,,673812827.0,
United States,2023-03-15,,,673876699.0,
United States,2023-03-16,,,673938204.0,
United States,2023-03-17,,,674004866.0,
United States,2023-03-18,126613.0,1741.0,674031936.0,
United States,2023-03-19,,,674046252.0,
United States,2023-03-20,,,674106474.0,
United States,2023-03-21,,,674166233.0,
United States,2023-03-22,,,674225438.0,
United States,2023-03-23,,,674283757.0,
United States,2023-03-24,,,674348833.0,
United States,2023-03-25,152968.0,2084.0,674374334.0,
United States,2023-03-26,,,674388697.0,
United States,2023-03-27,,,674444701.0,
United States,2023-03-28,,,674501459.0,
United States,2023-03-29,,,674559267.0,
United States,2023-03-30,,,674615703.0,
United States,2023-03-31,,,674674587.0,
United States,2023-04-01,176358.0,1746.0,674696382.0,
United States,2023-04-02,,,674708566.0,
United States,2023-04-03,,,674759102.0,
United States,2023-04-04,,,674810463.0,
United States,2023-04-05,,,674861309.0,
United States,2023-04-06,,,674913181.0,
United States,2023-04-07,,,674960747.0,
United States,2023-04-08,,,674982343.0,
United States,2023-04-09,103472.0,1729.0,674988543.0,
United States,2023-04-10,,,675037992.0,
United States,2023-04-11,,,675087206.0,
United States,2023-04-12,,,675136008.0,
United States,2023-04-13,,,675182462.0,
United States,2023-04-14,,,675232286.0,
United States,2023-04-15,,,675251980.0,
United States,2023-04-16,104057.0,1290.0,675261871.0,
United States,2023-04-17,,,675304457.0,
United States,2023-04-18,,,675347903.0,
United States,2023-04-19,,,675391336.0,
United States,2023-04-20,,,675450061.0,
United States,2023-04-21,,,675530053.0,
United States,2023-04-22,,,675573420.0,
United States,2023-04-23,98467.0,1198.0,675599153.0,
United States,2023-04-24,,,675684285.0,
United States,2023-04-25,,,675768513.0,
United States,2023-04-26,,,675856678.0,
United States,2023-04-27,,,675946505.0,
United States,2023-04-28,,,676043612.0,
United States,2023-04-29,,,676083527.0,
United States,2023-04-30,86484.0,1046.0,676107562.0,
United States,2023-05-01,,,676198192.0,
United States,2023-05-02,,,676292617.0,
United States,2023-05-03,,,676390150.0,
United States,2023-05-04,,,676493615.0,
United States,2023-05-05,,,676599339.0,
United States,2023-05-06,,,676640011.0,
United States,2023-05-07,77165.0,1146.0,676661397.0,
United States,2023-05-08,,,676717031.0,
United States,2023-05-09,,,676728782.0,
United States,2023-05-10,,,,
United States,2023-05-11,,,,
United States,2023-05-12,,,,
United States,2023-05-13,,,,
United States,2023-05-14,93260.0,1943.0,,
United States,2023-05-15,,,,
United States,2023-05-16,,761.0,,
United States,2023-05-17,,,,
United States,2023-05-18,,,,
United States,2023-05-19,,,,
United States,2023-05-20,,,,
United States,2023-05-21,,,,
United States,2023-05-22,,,,
United States,2023-05-23,,743.0,,
United States,2023-05-24,,,,
United States,2023-05-25,,,,
United States,2023-05-26,,,,
United States,2023-05-27,,,,
United States,2023-05-28,,,,
United States,2023-05-29,,,,
United States,2023-05-30,,697.0,,
United States,2023-05-31,,,,
United States,2023-06-01,,,,
United States,2023-06-02,,,,
United States,2023-06-03,,,,
United States,2023-06-04,,,,
United States,2023-06-05,,,,
United States,2023-06-06,,633.0,,
United States,2023-06-07,,,,
United States,2023-06-08,,,,
United States,2023-06-09,,,,
United States,2023-06-10,,,,
United States,2023-06-11,,,,
United States,2023-06-12,,,,
United States,2023-06-13,,613.0,,
United States,2023-06-14,,,,
United States,2023-06-15,,,,
United States,2023-06-16,,,,
United States,2023-06-17,,,,
United States,2023-06-18,,,,
United States,2023-06-19,,,,
United States,2023-06-20,,584.0,,
United States,2023-06-21,,,,
United States,2023-06-22,,,,
United States,2023-06-23,,,,
United States,2023-06-24,,,,
United States,2023-06-25,,,,
United States,2023-06-26,,,,
United States,2023-06-27,,543.0,,
United States,2023-06-28,,,,
United States,2023-06-29,,,,
United States,2023-06-30,,,,
United States,2023-07-01,,,,
United States,2023-07-02,,,,
United States,2023-07-03,,,,
United States,2023-07-04,,494.0,,
United States,2023-07-05,,,,
United States,2023-07-06,,,,
United States,2023-07-07,,,,
United States,2023-07-08,,,,
United States,2023-07-09,,,,
United States,2023-07-10,,,,
United States,2023-07-11,,510.0,,
United States,2023-07-12,,,,
United States,2023-07-13,,,,
United States,2023-07-14,,,,
United States,2023-07-15,,,,
United States,2023-07-16,,,,
United States,2023-07-17,,,,
United States,2023-07-18,,540.0,,
United States,2023-07-19,,,,
United States,2023-07-20,,,,
United States,2023-07-21,,,,
United States,2023-07-22,,,,
United States,2023-07-23,,,,
United States,2023-07-24,,,,
United States,2023-07-25,,554.0,,
United States,2023-07-26,,,,
United States,2023-07-27,,,,
United States,2023-07-28,,,,
United States,2023-07-29,,,,
United States,2023-07-30,,,,
United States,2023-07-31,,,,
United States,2023-08-01,,673.0,,
United States,2023-08-02,,,,
United States,2023-08-03,,,,
United States,2023-08-04,,,,
United States,2023-08-05,,,,
United States,2023-08-06,,,,
United States,2023-08-07,,,,
United States,2023-08-08,,754.0,,
United States,2023-08-09,,,,
United States,2023-08-10,,,,
United States,2023-08-11,,,,
United States,2023-08-12,,,,
United States,2023-08-13,,,,
United States,2023-08-14,,,,
United States,2023-08-15,,925.0,,
United States,2023-08-16,,,,
United States,2023-08-17,,,,
United States,2023-08-18,,,,
United States,2023-08-19,,,,
United States,2023-08-20,,,,
United States,2023-08-21,,,,
United States,2023-08-22,,1068.0,,
United States,2023-08-23,,,,
United States,2023-08-24,,,,
United States,2023-08-25,,,,
United States,2023-08-26,,,,
United States,2023-08-27,,,,
United States,2023-08-28,,,,
United States,2023-08-29,,1188.0,,
United States,2023-08-30,,,,
United States,2023-08-31,,,,
United States,2023-09-01,,,,
United States,2023-09-02,,,,
United States,2023-09-03,,,,
United States,2023-09-04,,,,
United States,2023-09-05,,1317.0,,
United States,2023-09-06,,,,
United States,2023-09-07,,,,
United States,2023-09-08,,,,
United States,2023-09-09,,,,
United States,2023-09-10,,,,
United States,2023-09-11,,,,
United States,2023-09-12,,1412.0,,
United States,2023-09-13,,,,
United States,2023-09-14,,,,
United States,2023-09-15,,,,
United States,2023-09-16,,,,
United States,2023-09-17,,,,
United States,2023-09-18,,,,
United States,2023-09-19,,1419.0,,
United States,2023-09-20,,,,
United States,2023-09-21,,,,
United States,2023-09-22,,,,
United States,2023-09-23,,,,
United States,2023-09-24,,,,
United States,2023-09-25,,,,
United States,2023-09-26,,1459.0,,
United States,2023-09-27,,,,
United States,2023-09-28,,,,
United States,2023-09-29,,,,
United States,2023-09-30,,,,
United States,2023-10-01,,,,
United States,2023-10-02,,,,
United States,2023-10-03,,1402.0,,
United States,2023-10-04,,,,
United States,2023-10-05,,,,
United States,2023-10-06,,,,
United States,2023-10-07,,,,
United States,2023-10-08,,,,
United States,2023-10-09,,,,
United States,2023-10-10,,1317.0,,
United States,2023-10-11,,,,
United States,2023-10-12,,,,
United States,2023-10-13,,,,
United States,2023-10-14,,,,
United States,2023-10-15,,,,
United States,2023-10-16,,,,
United States,2023-10-17,,1394.0,,
United States,2023-10-18,,,,
United States,2023-10-19,,,,
United States,2023-10-20,,,,
United States,2023-10-21,,,,
United States,2023-10-22,,,,
United States,2023-10-23,,,,
United States,2023-10-24,,1292.0,,
United States,2023-10-25,,,,
United States,2023-10-26,,,,
United States,2023-10-27,,,,
United States,2023-10-28,,,,
United States,2023-10-29,,,,
United States,2023-10-30,,,,
United States,2023-10-31,,1247.0,,
United States,2023-11-01,,,,
United States,2023-11-02,,,,
United States,2023-11-03,,,,
United States,2023-11-04,,,,
United States,2023-11-05,,,,
United States,2023-11-06,,,,
United States,2023-11-07,,1395.0,,
United States,2023-11-08,,,,
United States,2023-11-09,,,,
United States,2023-11-10,,,,
United States,2023-11-11,,,,
United States,2023-11-12,,,,
United States,2023-11-13,,,,
United States,2023-11-14,,1431.0,,
United States,2023-11-15,,,,
United States,2023-11-16,,,,
United States,2023-11-17,,,,
United States,2023-11-18,,,,
United States,2023-11-19,,,,
United States,2023-11-20,,,,
United States,2023-11-21,,1428.0,,
United States,2023-11-22,,,,
United States,2023-11-23,,,,
United States,2023-11-24,,,,
United States,2023-11-25,,,,
United States,2023-11-26,,,,
United States,2023-11-27,,,,
United States,2023-11-28,,1735.0,,
United States,2023-11-29,,,,
United States,2023-11-30,,,,
United States,2023-12-01,,,,
United States,2023-12-02,,,,
United States,2023-12-03,,,,
United States,2023-12-04,,,,
United States,2023-12-05,,1794.0,,
United States,2023-12-06,,,,
United States,2023-12-07,,,,
United States,2023-12-08,,,,
United States,2023-12-09,,,,
United States,2023-12-10,,,,
United States,2023-12-11,,,,
United States,2023-12-12,,1851.0,,
United States,2023-12-13,,,,
United States,2023-12-14,,,,
United States,2023-12-15,,,,
United States,2023-12-16,,,,
United States,2023-12-17,,,,
United States,2023-12-18,,,,
United States,2023-12-19,,1938.0,,
United States,2023-12-20,,,,
United States,2023-12-21,,,,
United States,2023-12-22,,,,
United States,2023-12-23,,,,
United States,2023-12-24,,,,
United States,2023-12-25,,,,
United States,2023-12-26,,2234.0,,
United States,2023-12-27,,,,
United States,2023-12-28,,,,
United States,2023-12-29,,,,
United States,2023-12-30,,,,
United States,2023-12-31,,,,
United States,2024-01-01,,,,
United States,2024-01-02,,2500.0,,
United States,2024-01-03,,,,
United States,2024-01-04,,,,
United States,2024-01-05,,,,
United States,2024-01-06,,,,
United States,2024-01-07,,,,
United States,2024-01-08,,,,
United States,2024-01-09,,2592.0,,
United States,2024-01-10,,,,
United States,2024-01-11,,,,
United States,2024-01-12,,,,
United States,2024-01-13,,,,
United States,2024-01-14,,,,
United States,2024-01-15,,,,
United States,2024-01-16,,2370.0,,
United States,2024-01-17,,,,
United States,2024-01-18,,,,
United States,2024-01-19,,,,
United States,2024-01-20,,,,
United States,2024-01-21,,,,
United States,2024-01-22,,,,
United States,2024-01-23,,2139.0,,
United States,2024-01-24,,,,
United States,2024-01-25,,,,
United States,2024-01-26,,,,
United States,2024-01-27,,,,
United States,2024-01-28,,,,
United States,2024-01-29,,,,
United States,2024-01-30,,1748.0,,
United States,2024-01-31,,,,
United States,2024-02-01,,,,
United States,2024-02-02,,,,
United States,2024-02-03,,,,
United States,2024-02-04,,,,
United States,2024-02-05,,,,
United States,2024-02-06,,1628.0,,
United States,2024-02-07,,,,
United States,2024-02-08,,,,
United States,2024-02-09,,,,
United States,2024-02-10,,,,
United States,2024-02-11,,,,
United States,2024-02-12,,,,
United States,2024-02-13,,1393.0,,
United States,2024-02-14,,,,
United States,2024-02-15,,,,
United States,2024-02-16,,,,
United States,2024-02-17,,,,
United States,2024-02-18,,,,
United States,2024-02-19,,,,
United States,2024-02-20,,1329.0,,
United States,2024-02-21,,,,
United States,2024-02-22,,,,
United States,2024-02-23,,,,
United States,2024-02-24,,,,
United States,2024-02-25,,,,
United States,2024-02-26,,,,
United States,2024-02-27,,1275.0,,
United States,2024-02-28,,,,
United States,2024-02-29,,,,
United States,2024-03-01,,,,
United States,2024-03-02,,,,
United States,2024-03-03,,,,
United States,2024-03-04,,,,
United States,2024-03-05,,1105.0,,
United States,2024-03-06,,,,
United States,2024-03-07,,,,
United States,2024-03-08,,,,
United States,2024-03-09,,,,
United States,2024-03-10,,,,
United States,2024-03-11,,,,
United States,2024-03-12,,1047.0,,
United States,2024-03-13,,,,
United States,2024-03-14,,,,
United States,2024-03-15,,,,
United States,2024-03-16,,,,
United States,2024-03-17,,,,
United States,2024-03-18,,,,
United States,2024-03-19,,852.0,,
United States,2024-03-20,,,,
United States,2024-03-21,,,,
United States,2024-03-22,,,,
United States,2024-03-23,,,,
United States,2024-03-24,,,,
United States,2024-03-25,,,,
United States,2024-03-26,,743.0,,
United States,2024-03-27,,,,
United States,2024-03-28,,,,
United States,2024-03-29,,,,
United States,2024-03-30,,,,
United States,2024-03-31,,,,
United States,2024-04-01,,,,
United States,2024-04-02,,635.0,,
United States,2024-04-03,,,,
United States,2024-04-04,,,,
United States,2024-04-05,,,,
United States,2024-04-06,,,,
United States,2024-04-07,,,,
United States,2024-04-08,,,,
United States,2024-04-09,,575.0,,
United States,2024-04-10,,,,
United States,2024-04-11,,,,
United States,2024-04-12,,,,
United States,2024-04-13,,,,
United States,2024-04-14,,,,
United States,2024-04-15,,,,
United States,2024-04-16,,501.0,,
United States,2024-04-17,,,,
United States,2024-04-18,,,,
United States,2024-04-19,,,,
United States,2024-04-20,,,,
United States,2024-04-21,,,,
United States,2024-04-22,,,,
United States,2024-04-23,,430.0,,
United States,2024-04-24,,,,
United States,2024-04-25,,,,
United States,2024-04-26,,,,
United States,2024-04-27,,,,
United States,2024-04-28,,,,
United States,2024-04-29,,,,
United States,2024-04-30,,427.0,,
United States,2024-05-01,,,,
United States,2024-05-02,,,,
United States,2024-05-03,,,,
United States,2024-05-04,,,,
United States,2024-05-05,,,,
United States,2024-05-06,,,,
United States,2024-05-07,,334.0,,
United States,2024-05-08,,,,
United States,2024-05-09,,,,
United States,2024-05-10,,,,
United States,2024-05-11,,,,
United States,2024-05-12,,,,
United States,2024-05-13,,,,
United States,2024-05-14,,340.0,,
United States,2024-05-15,,,,
United States,2024-05-16,,,,
United States,2024-05-17,,,,
United States,2024-05-18,,,,
United States,2024-05-19,,,,
United States,2024-05-20,,,,
United States,2024-05-21,,344.0,,
United States,2024-05-22,,,,
United States,2024-05-23,,,,
United States,2024-05-24,,,,
United States,2024-05-25,,,,
United States,2024-05-26,,,,
United States,2024-05-27,,,,
United States,2024-05-28,,325.0,,
United States,2024-05-29,,,,
United States,2024-05-30,,,,
United States,2024-05-31,,,,
United States,2024-06-01,,,,
United States,2024-06-02,,,,
United States,2024-06-03,,,,
United States,2024-06-04,,314.0,,
United States,2024-06-05,,,,
United States,2024-06-06,,,,
United States,2024-06-07,,,,
United States,2024-06-08,,,,
United States,2024-06-09,,,,
United States,2024-06-10,,,,
United States,2024-06-11,,366.0,,
United States,2024-06-12,,,,
United States,2024-06-13,,,,
United States,2024-06-14,,,,
United States,2024-06-15,,,,
United States,2024-06-16,,,,
United States,2024-06-17,,,,
United States,2024-06-18,,435.0,,
United States,2024-06-19,,,,
United States,2024-06-20,,,,
United States,2024-06-21,,,,
United States,2024-06-22,,,,
United States,2024-06-23,,,,
United States,2024-06-24,,,,
United States,2024-06-25,,444.0,,
United States,2024-06-26,,,,
United States,2024-06-27,,,,
United States,2024-06-28,,,,
United States,2024-06-29,,,,
United States,2024-06-30,,,,
United States,2024-07-01,,,,
United States,2024-07-02,,533.0,,
United States,2024-07-03,,,,
United States,2024-07-04,,,,
United States,2024-07-05,,,,
United States,2024-07-06,,,,
United States,2024-07-07,,,,
United States,2024-07-08,,,,
United States,2024-07-09,,595.0,,
United States,2024-07-10,,,,
United States,2024-07-11,,,,
United States,2024-07-12,,,,
United States,2024-07-13,,,,
United States,2024-07-14,,,,
United States,2024-07-15,,,,
United States,2024-07-16,,736.0,,
United States,2024-07-17,,,,
United States,2024-07-18,,,,
United States,2024-07-19,,,,
United States,2024-07-20,,,,
United States,2024-07-21,,,,
United States,2024-07-22,,,,
United States,2024-07-23,,861.0,,
United States,2024-07-24,,,,
United States,2024-07-25,,,,
United States,2024-07-26,,,,
United States,2024-07-27,,,,
United States,2024-07-28,,,,
United States,2024-07-29,,,,
United States,2024-07-30,,989.0,,
United States,2024-07-31,,,,
United States,2024-08-01,,,,
United States,2024-08-02,,,,
United States,2024-08-03,,,,
United States,2024-08-04,,,,
United States,2024-08-05,,,,
United States,2024-08-06,,1070.0,,
United States,2024-08-07,,,,
United States,2024-08-08,,,,
United States,2024-08-09,,,,
United States,2024-08-10,,,,
United States,2024-08-11,,,,
United States,2024-08-12,,,,
United States,2024-08-13,,1083.0,,
United States,2024-08-14,,,,
United States,2024-08-15,,,,
United States,2024-08-16,,,,
United States,2024-08-17,,,,
United States,2024-08-18,,,,
United States,2024-08-19,,,,
United States,2024-08-20,,1258.0,,
United States,2024-08-21,,,,
United States,2024-08-22,,,,
United States,2024-08-23,,,,
United States,2024-08-24,,,,
United States,2024-08-25,,,,
United States,2024-08-26,,,,
United States,2024-08-27,,1359.0,,
United States,2024-08-28,,,,
United States,2024-08-29,,,,
United States,2024-08-30,,,,
United States,2024-08-31,,,,
United States,2024-09-01,,,,
United States,2024-09-02,,,,
United States,2024-09-03,,1231.0,,
United States,2024-09-04,,,,
United States,2024-09-05,,,,
United States,2024-09-06,,,,
United States,2024-09-07,,,,
United States,2024-09-08,,,,
United States,2024-09-09,,,,
United States,2024-09-10,,1244.0,,
United States,2024-09-11,,,,
United States,2024-09-12,,,,
United States,2024-09-13,,,,
United States,2024-09-14,,,,
United States,2024-09-15,,,,
United States,2024-09-16,,,,
United States,2024-09-17,,1103.0,,
United States,2024-09-18,,,,
United States,2024-09-19,,,,
United States,2024-09-20,,,,
United States,2024-09-21,,,,
United States,2024-09-22,,,,
United States,2024-09-23,,,,
United States,2024-09-24,,1035.0,,
United States,2024-09-25,,,,
United States,2024-09-26,,,,
United States,2024-09-27,,,,
United States,2024-09-28,,,,
United States,2024-09-29,,,,
United States,2024-09-30,,,,
United States,2024-10-01,,975.0,,
United States,2024-10-02,,,,
United States,2024-10-03,,,,
United States,2024-10-04,,,,
United States,2024-10-05,,,,
United States,2024-10-06,,,,
United States,2024-10-07,,,,
United States,2024-10-08,,807.0,,
United States,2024-10-09,,,,
United States,2024-10-10,,,,
United States,2024-10-11,,,,
United States,2024-10-12,,,,
United States,2024-10-13,,,,
United States,2024-10-14,,,,
United States,2024-10-15,,739.0,,
United States,2024-10-16,,,,
United States,2024-10-17,,,,
United States,2024-10-18,,,,
United States,2024-10-19,,,,
United States,2024-10-20,,,,
United States,2024-10-21,,,,
United States,2024-10-22,,646.0,,
United States,2024-10-23,,,,
United States,2024-10-24,,,,
United States,2024-10-25,,,,
United States,2024-10-26,,,,
United States,2024-10-27,,,,
United States,2024-10-28,,,,
United States,2024-10-29,,603.0,,
United States,2024-10-30,,,,
United States,2024-10-31,,,,
United States,2024-11-01,,,,
United States,2024-11-02,,,,
United States,2024-11-03,,,,
United States,2024-11-04,,,,
United States,2024-11-05,,560.0,,
United States,2024-11-06,,,,
United States,2024-11-07,,,,
United States,2024-11-08,,,,
United States,2024-11-09,,,,
United States,2024-11-10,,,,
United States,2024-11-11,,,,
United States,2024-11-12,,531.0,,
United States,2024-11-13,,,,
United States,2024-11-14,,,,
United States,2024-11-15,,,,
United States,2024-11-16,,,,
United States,2024-11-17,,,,
United States,2024-11-18,,,,
United States,2024-11-19,,474.0,,
United States,2024-11-20,,,,
United States,2024-11-21,,,,
United States,2024-11-22,,,,
United States,2024-11-23,,,,
United States,2024-11-24,,,,
United States,2024-11-25,,,,
United States,2024-11-26,,501.0,,
United States,2024-11-27,,,,
United States,2024-11-28,,,,
United States,2024-11-29,,,,
United States,2024-11-30,,,,
United States,2024-12-01,,,,
United States,2024-12-02,,,,
United States,2024-12-03,,506.0,,
United States,2024-12-04,,,,
United States,2024-12-05,,,,
United States,2024-12-06,,,,
United States,2024-12-07,,,,
United States,2024-12-08,,,,
United States,2024-12-09,,,,
United States,2024-12-10,,571.0,,
United States,2024-12-11,,,,
United States,2024-12-12,,,,
United States,2024-12-13,,,,
United States,2024-12-14,,,,
United States,2024-12-15,,,,
United States,2024-12-16,,,,
United States,2024-12-17,,597.0,,
United States,2024-12-18,,,,
United States,2024-12-19,,,,
United States,2024-12-20,,,,
United States,2024-12-21,,,,
United States,2024-12-22,,,,
United States,2024-12-23,,,,
United States,2024-12-24,,677.0,,
United States,2024-12-25,,,,
United States,2024-12-26,,,,
United States,2024-12-27,,,,
United States,2024-12-28,,,,
United States,2024-12-29,,,,
United States,2024-12-30,,,,
United States,2024-12-31,,909.0,,
