store,plz,served,error
REWE,01945,False,
Flink,01945,False,
Knuspr,01945,False,
Picnic,01945,False,
REWE,01968,True,
Flink,01968,True,
Knuspr,01968,True,
Picnic,01968,True,
REWE,01979,False,
Flink,01979,False,
Knuspr,01979,False,
Picnic,01979,False,
REWE,01983,False,
Flink,01983,False,
Knuspr,01983,False,
Picnic,01983,False,
REWE,01987,False,
Flink,01987,False,
Knuspr,01987,False,
Picnic,01987,False,
REWE,01990,True,
Flink,01990,True,
Knuspr,01990,True,
Picnic,01990,True,
REWE,01993,False,
Flink,01993,False,
Knuspr,01993,False,
Picnic,01993,False,
REWE,01994,True,
Flink,01994,True,
Knuspr,01994,True,
Picnic,01994,True,
REWE,01996,True,
Flink,01996,True,
Knuspr,01996,True,
Picnic,01996,True,
REWE,01998,True,
Flink,01998,True,
Knuspr,01998,True,
Picnic,01998,True,
REWE,03042,True,
Flink,03042,True,
Knuspr,03042,True,
Picnic,03042,True,
REWE,03044,True,
Flink,03044,True,
Knuspr,03044,True,
Picnic,03044,True,
REWE,03046,True,
Flink,03046,True,
Knuspr,03046,True,
Picnic,03046,True,
REWE,03048,True,
Flink,03048,True,
Knuspr,03048,True,
Picnic,03048,True,
REWE,03050,True,
Flink,03050,True,
Knuspr,03050,True,
Picnic,03050,True,
REWE,03051,False,
Flink,03051,False,
Knuspr,03051,False,
Picnic,03051,False,
REWE,03052,True,
Flink,03052,True,
Knuspr,03052,True,
Picnic,03052,True,
REWE,03053,False,
Flink,03053,False,
Knuspr,03053,False,
Picnic,03053,False,
REWE,03054,True,
Flink,03054,True,
Knuspr,03054,True,
Picnic,03054,True,
REWE,03055,False,
Flink,03055,False,
Knuspr,03055,False,
Picnic,03055,False,
REWE,03058,True,
Flink,03058,True,
Knuspr,03058,True,
Picnic,03058,True,
REWE,03096,True,
Flink,03096,True,
Knuspr,03096,True,
Picnic,03096,True,
REWE,03099,False,
Flink,03099,False,
Knuspr,03099,False,
Picnic,03099,False,
REWE,03103,False,
Flink,03103,False,
Knuspr,03103,False,
Picnic,03103,False,
REWE,03116,True,
Flink,03116,True,
Knuspr,03116,True,
Picnic,03116,True,
REWE,03119,False,
Flink,03119,False,
Knuspr,03119,False,
Picnic,03119,False,
REWE,03130,True,
Flink,03130,True,
Knuspr,03130,True,
Picnic,03130,True,
REWE,03139,False,
Flink,03139,False,
Knuspr,03139,False,
Picnic,03139,False,
REWE,03149,False,
Flink,03149,False,
Knuspr,03149,False,
Picnic,03149,False,
REWE,03159,False,
Flink,03159,False,
Knuspr,03159,False,
Picnic,03159,False,
REWE,03172,True,
Flink,03172,True,
Knuspr,03172,True,
Picnic,03172,True,
REWE,03185,False,
Flink,03185,False,
Knuspr,03185,False,
Picnic,03185,False,
REWE,03197,False,
Flink,03197,False,
Knuspr,03197,False,
Picnic,03197,False,
REWE,03202,True,
Flink,03202,True,
Knuspr,03202,True,
Picnic,03202,True,
REWE,03205,False,
Flink,03205,False,
Knuspr,03205,False,
Picnic,03205,False,
REWE,03222,True,
Flink,03222,True,
Knuspr,03222,True,
Picnic,03222,True,
REWE,03226,True,
Flink,03226,True,
Knuspr,03226,True,
Picnic,03226,True,
REWE,03229,False,
Flink,03229,False,
Knuspr,03229,False,
Picnic,03229,False,
REWE,03238,True,
Flink,03238,True,
Knuspr,03238,True,
Picnic,03238,True,
REWE,03246,True,
Flink,03246,True,
Knuspr,03246,True,
Picnic,03246,True,
REWE,03249,False,
Flink,03249,False,
Knuspr,03249,False,
Picnic,03249,False,
REWE,03253,False,
Flink,03253,False,
Knuspr,03253,False,
Picnic,03253,False,
REWE,04895,False,
Flink,04895,False,
Knuspr,04895,False,
Picnic,04895,False,
REWE,04910,True,
Flink,04910,True,
Knuspr,04910,True,
Picnic,04910,True,
REWE,04916,True,
Flink,04916,True,
Knuspr,04916,True,
Picnic,04916,True,
REWE,04924,True,
Flink,04924,True,
Knuspr,04924,True,
Picnic,04924,True,
REWE,04928,True,
Flink,04928,True,
Knuspr,04928,True,
Picnic,04928,True,
REWE,04931,False,
Flink,04931,False,
Knuspr,04931,False,
Picnic,04931,False,
REWE,04932,True,
Flink,04932,True,
Knuspr,04932,True,
Picnic,04932,True,
REWE,04934,True,
Flink,04934,True,
Knuspr,04934,True,
Picnic,04934,True,
REWE,04936,True,
Flink,04936,True,
Knuspr,04936,True,
Picnic,04936,True,
REWE,04938,True,
Flink,04938,True,
Knuspr,04938,True,
Picnic,04938,True,
REWE,12529,False,
Flink,12529,False,
Knuspr,12529,False,
Picnic,12529,False,
REWE,14461,False,
Flink,14461,False,
Knuspr,14461,False,
Picnic,14461,False,
REWE,14467,False,
Flink,14467,False,
Knuspr,14467,False,
Picnic,14467,False,
REWE,14469,False,
Flink,14469,False,
Knuspr,14469,False,
Picnic,14469,False,
REWE,14471,False,
Flink,14471,False,
Knuspr,14471,False,
Picnic,14471,False,
REWE,14473,False,
Flink,14473,False,
Knuspr,14473,False,
Picnic,14473,False,
REWE,14476,True,
Flink,14476,True,
Knuspr,14476,True,
Picnic,14476,True,
REWE,14478,True,
Flink,14478,True,
Knuspr,14478,True,
Picnic,14478,True,
REWE,14480,True,
Flink,14480,True,
Knuspr,14480,True,
Picnic,14480,True,
REWE,14482,True,
Flink,14482,True,
Knuspr,14482,True,
Picnic,14482,True,
REWE,14513,False,
Flink,14513,False,
Knuspr,14513,False,
Picnic,14513,False,
REWE,14532,True,
Flink,14532,True,
Knuspr,14532,True,
Picnic,14532,True,
REWE,14542,True,
Flink,14542,True,
Knuspr,14542,True,
Picnic,14542,True,
REWE,14547,False,
Flink,14547,False,
Knuspr,14547,False,
Picnic,14547,False,
REWE,14548,True,
Flink,14548,True,
Knuspr,14548,True,
Picnic,14548,True,
REWE,14550,True,
Flink,14550,True,
Knuspr,14550,True,
Picnic,14550,True,
REWE,14552,True,
Flink,14552,True,
Knuspr,14552,True,
Picnic,14552,True,
REWE,14554,True,
Flink,14554,True,
Knuspr,14554,True,
Picnic,14554,True,
REWE,14557,False,
Flink,14557,False,
Knuspr,14557,False,
Picnic,14557,False,
REWE,14558,True,
Flink,14558,True,
Knuspr,14558,True,
Picnic,14558,True,
REWE,14612,True,
Flink,14612,True,
Knuspr,14612,True,
Picnic,14612,True,
REWE,14621,False,
Flink,14621,False,
Knuspr,14621,False,
Picnic,14621,False,
REWE,14624,True,
Flink,14624,True,
Knuspr,14624,True,
Picnic,14624,True,
REWE,14627,False,
Flink,14627,False,
Knuspr,14627,False,
Picnic,14627,False,
REWE,14641,False,
Flink,14641,False,
Knuspr,14641,False,
Picnic,14641,False,
REWE,14656,True,
Flink,14656,True,
Knuspr,14656,True,
Picnic,14656,True,
REWE,14662,True,
Flink,14662,True,
Knuspr,14662,True,
Picnic,14662,True,
REWE,14669,False,
Flink,14669,False,
Knuspr,14669,False,
Picnic,14669,False,
REWE,14712,True,
Flink,14712,True,
Knuspr,14712,True,
Picnic,14712,True,
REWE,14715,False,
Flink,14715,False,
Knuspr,14715,False,
Picnic,14715,False,
REWE,14727,False,
Flink,14727,False,
Knuspr,14727,False,
Picnic,14727,False,
REWE,14728,True,
Flink,14728,True,
Knuspr,14728,True,
Picnic,14728,True,
REWE,14770,True,
Flink,14770,True,
Knuspr,14770,True,
Picnic,14770,True,
REWE,14772,True,
Flink,14772,True,
Knuspr,14772,True,
Picnic,14772,True,
REWE,14774,True,
Flink,14774,True,
Knuspr,14774,True,
Picnic,14774,True,
REWE,14776,True,
Flink,14776,True,
Knuspr,14776,True,
Picnic,14776,True,
REWE,14778,True,
Flink,14778,True,
Knuspr,14778,True,
Picnic,14778,True,
REWE,14789,False,
Flink,14789,False,
Knuspr,14789,False,
Picnic,14789,False,
REWE,14793,False,
Flink,14793,False,
Knuspr,14793,False,
Picnic,14793,False,
REWE,14797,False,
Flink,14797,False,
Knuspr,14797,False,
Picnic,14797,False,
REWE,14798,True,
Flink,14798,True,
Knuspr,14798,True,
Picnic,14798,True,
REWE,14806,True,
Flink,14806,True,
Knuspr,14806,True,
Picnic,14806,True,
REWE,14822,True,
Flink,14822,True,
Knuspr,14822,True,
Picnic,14822,True,
REWE,14823,False,
Flink,14823,False,
Knuspr,14823,False,
Picnic,14823,False,
REWE,14827,False,
Flink,14827,False,
Knuspr,14827,False,
Picnic,14827,False,
REWE,14828,True,
Flink,14828,True,
Knuspr,14828,True,
Picnic,14828,True,
REWE,14913,False,
Flink,14913,False,
Knuspr,14913,False,
Picnic,14913,False,
REWE,14929,False,
Flink,14929,False,
Knuspr,14929,False,
Picnic,14929,False,
REWE,14943,False,
Flink,14943,False,
Knuspr,14943,False,
Picnic,14943,False,
REWE,14947,False,
Flink,14947,False,
Knuspr,14947,False,
Picnic,14947,False,
REWE,14959,False,
Flink,14959,False,
Knuspr,14959,False,
Picnic,14959,False,
REWE,14974,True,
Flink,14974,True,
Knuspr,14974,True,
Picnic,14974,True,
REWE,14979,False,
Flink,14979,False,
Knuspr,14979,False,
Picnic,14979,False,
REWE,15230,True,
Flink,15230,True,
Knuspr,15230,True,
Picnic,15230,True,
REWE,15232,True,
Flink,15232,True,
Knuspr,15232,True,
Picnic,15232,True,
REWE,15234,True,
Flink,15234,True,
Knuspr,15234,True,
Picnic,15234,True,
REWE,15236,True,
Flink,15236,True,
Knuspr,15236,True,
Picnic,15236,True,
REWE,15295,False,
Flink,15295,False,
Knuspr,15295,False,
Picnic,15295,False,
REWE,15299,False,
Flink,15299,False,
Knuspr,15299,False,
Picnic,15299,False,
REWE,15306,True,
Flink,15306,True,
Knuspr,15306,True,
Picnic,15306,True,
REWE,15320,True,
Flink,15320,True,
Knuspr,15320,True,
Picnic,15320,True,
REWE,15324,True,
Flink,15324,True,
Knuspr,15324,True,
Picnic,15324,True,
REWE,15326,True,
Flink,15326,True,
Knuspr,15326,True,
Picnic,15326,True,
REWE,15328,True,
Flink,15328,True,
Knuspr,15328,True,
Picnic,15328,True,
REWE,15344,True,
Flink,15344,True,
Knuspr,15344,True,
Picnic,15344,True,
REWE,15345,False,
Flink,15345,False,
Knuspr,15345,False,
Picnic,15345,False,
REWE,15366,True,
Flink,15366,True,
Knuspr,15366,True,
Picnic,15366,True,
REWE,15370,True,
Flink,15370,True,
Knuspr,15370,True,
Picnic,15370,True,
REWE,15372,True,
Flink,15372,True,
Knuspr,15372,True,
Picnic,15372,True,
REWE,15374,True,
Flink,15374,True,
Knuspr,15374,True,
Picnic,15374,True,
REWE,15377,False,
Flink,15377,False,
Knuspr,15377,False,
Picnic,15377,False,
REWE,15378,True,
Flink,15378,True,
Knuspr,15378,True,
Picnic,15378,True,
REWE,15517,False,
Flink,15517,False,
Knuspr,15517,False,
Picnic,15517,False,
REWE,15518,True,
Flink,15518,True,
Knuspr,15518,True,
Picnic,15518,True,
REWE,15526,True,
Flink,15526,True,
Knuspr,15526,True,
Picnic,15526,True,
REWE,15528,True,
Flink,15528,True,
Knuspr,15528,True,
Picnic,15528,True,
REWE,15537,False,
Flink,15537,False,
Knuspr,15537,False,
Picnic,15537,False,
REWE,15562,True,
Flink,15562,True,
Knuspr,15562,True,
Picnic,15562,True,
REWE,15566,True,
Flink,15566,True,
Knuspr,15566,True,
Picnic,15566,True,
REWE,15569,False,
Flink,15569,False,
Knuspr,15569,False,
Picnic,15569,False,
REWE,15711,False,
Flink,15711,False,
Knuspr,15711,False,
Picnic,15711,False,
REWE,15712,True,
Flink,15712,True,
Knuspr,15712,True,
Picnic,15712,True,
REWE,15713,False,
Flink,15713,False,
Knuspr,15713,False,
Picnic,15713,False,
REWE,15732,True,
Flink,15732,True,
Knuspr,15732,True,
Picnic,15732,True,
REWE,15738,True,
Flink,15738,True,
Knuspr,15738,True,
Picnic,15738,True,
REWE,15741,False,
Flink,15741,False,
Knuspr,15741,False,
Picnic,15741,False,
REWE,15745,False,
Flink,15745,False,
Knuspr,15745,False,
Picnic,15745,False,
REWE,15746,True,
Flink,15746,True,
Knuspr,15746,True,
Picnic,15746,True,
REWE,15748,True,
Flink,15748,True,
Knuspr,15748,True,
Picnic,15748,True,
REWE,15749,False,
Flink,15749,False,
Knuspr,15749,False,
Picnic,15749,False,
REWE,15752,True,
Flink,15752,True,
Knuspr,15752,True,
Picnic,15752,True,
REWE,15754,True,
Flink,15754,True,
Knuspr,15754,True,
Picnic,15754,True,
REWE,15755,False,
Flink,15755,False,
Knuspr,15755,False,
Picnic,15755,False,
REWE,15757,False,
Flink,15757,False,
Knuspr,15757,False,
Picnic,15757,False,
REWE,15806,True,
Flink,15806,True,
Knuspr,15806,True,
Picnic,15806,True,
REWE,15827,False,
Flink,15827,False,
Knuspr,15827,False,
Picnic,15827,False,
REWE,15831,False,
Flink,15831,False,
Knuspr,15831,False,
Picnic,15831,False,
REWE,15834,True,
Flink,15834,True,
Knuspr,15834,True,
Picnic,15834,True,
REWE,15837,False,
Flink,15837,False,
Knuspr,15837,False,
Picnic,15837,False,
REWE,15838,True,
Flink,15838,True,
Knuspr,15838,True,
Picnic,15838,True,
REWE,15848,True,
Flink,15848,True,
Knuspr,15848,True,
Picnic,15848,True,
REWE,15859,False,
Flink,15859,False,
Knuspr,15859,False,
Picnic,15859,False,
REWE,15864,True,
Flink,15864,True,
Knuspr,15864,True,
Picnic,15864,True,
REWE,15868,True,
Flink,15868,True,
Knuspr,15868,True,
Picnic,15868,True,
REWE,15890,True,
Flink,15890,True,
Knuspr,15890,True,
Picnic,15890,True,
REWE,15898,True,
Flink,15898,True,
Knuspr,15898,True,
Picnic,15898,True,
REWE,15907,False,
Flink,15907,False,
Knuspr,15907,False,
Picnic,15907,False,
REWE,15910,True,
Flink,15910,True,
Knuspr,15910,True,
Picnic,15910,True,
REWE,15913,False,
Flink,15913,False,
Knuspr,15913,False,
Picnic,15913,False,
REWE,15926,True,
Flink,15926,True,
Knuspr,15926,True,
Picnic,15926,True,
REWE,15936,True,
Flink,15936,True,
Knuspr,15936,True,
Picnic,15936,True,
REWE,15938,True,
Flink,15938,True,
Knuspr,15938,True,
Picnic,15938,True,
REWE,16225,False,
Flink,16225,False,
Knuspr,16225,False,
Picnic,16225,False,
REWE,16227,False,
Flink,16227,False,
Knuspr,16227,False,
Picnic,16227,False,
REWE,16230,True,
Flink,16230,True,
Knuspr,16230,True,
Picnic,16230,True,
REWE,16244,True,
Flink,16244,True,
Knuspr,16244,True,
Picnic,16244,True,
REWE,16247,False,
Flink,16247,False,
Knuspr,16247,False,
Picnic,16247,False,
REWE,16248,True,
Flink,16248,True,
Knuspr,16248,True,
Picnic,16248,True,
REWE,16259,False,
Flink,16259,False,
Knuspr,16259,False,
Picnic,16259,False,
REWE,16269,False,
Flink,16269,False,
Knuspr,16269,False,
Picnic,16269,False,
REWE,16278,True,
Flink,16278,True,
Knuspr,16278,True,
Picnic,16278,True,
REWE,16303,False,
Flink,16303,False,
Knuspr,16303,False,
Picnic,16303,False,
REWE,16306,True,
Flink,16306,True,
Knuspr,16306,True,
Picnic,16306,True,
REWE,16307,False,
Flink,16307,False,
Knuspr,16307,False,
Picnic,16307,False,
REWE,16321,False,
Flink,16321,False,
Knuspr,16321,False,
Picnic,16321,False,
REWE,16341,False,
Flink,16341,False,
Knuspr,16341,False,
Picnic,16341,False,
REWE,16348,True,
Flink,16348,True,
Knuspr,16348,True,
Picnic,16348,True,
REWE,16352,True,
Flink,16352,True,
Knuspr,16352,True,
Picnic,16352,True,
REWE,16356,True,
Flink,16356,True,
Knuspr,16356,True,
Picnic,16356,True,
REWE,16359,False,
Flink,16359,False,
Knuspr,16359,False,
Picnic,16359,False,
REWE,16515,False,
Flink,16515,False,
Knuspr,16515,False,
Picnic,16515,False,
REWE,16540,True,
Flink,16540,True,
Knuspr,16540,True,
Picnic,16540,True,
REWE,16547,False,
Flink,16547,False,
Knuspr,16547,False,
Picnic,16547,False,
REWE,16548,True,
Flink,16548,True,
Knuspr,16548,True,
Picnic,16548,True,
REWE,16552,True,
Flink,16552,True,
Knuspr,16552,True,
Picnic,16552,True,
REWE,16556,True,
Flink,16556,True,
Knuspr,16556,True,
Picnic,16556,True,
REWE,16559,False,
Flink,16559,False,
Knuspr,16559,False,
Picnic,16559,False,
REWE,16562,True,
Flink,16562,True,
Knuspr,16562,True,
Picnic,16562,True,
REWE,16565,False,
Flink,16565,False,
Knuspr,16565,False,
Picnic,16565,False,
REWE,16567,False,
Flink,16567,False,
Knuspr,16567,False,
Picnic,16567,False,
REWE,16727,False,
Flink,16727,False,
Knuspr,16727,False,
Picnic,16727,False,
REWE,16761,False,
Flink,16761,False,
Knuspr,16761,False,
Picnic,16761,False,
REWE,16766,True,
Flink,16766,True,
Knuspr,16766,True,
Picnic,16766,True,
REWE,16767,False,
Flink,16767,False,
Knuspr,16767,False,
Picnic,16767,False,
REWE,16775,False,
Flink,16775,False,
Knuspr,16775,False,
Picnic,16775,False,
REWE,16792,True,
Flink,16792,True,
Knuspr,16792,True,
Picnic,16792,True,
REWE,16798,True,
Flink,16798,True,
Knuspr,16798,True,
Picnic,16798,True,
REWE,16816,True,
Flink,16816,True,
Knuspr,16816,True,
Picnic,16816,True,
REWE,16818,True,
Flink,16818,True,
Knuspr,16818,True,
Picnic,16818,True,
REWE,16827,False,
Flink,16827,False,
Knuspr,16827,False,
Picnic,16827,False,
REWE,16831,False,
Flink,16831,False,
Knuspr,16831,False,
Picnic,16831,False,
REWE,16833,False,
Flink,16833,False,
Knuspr,16833,False,
Picnic,16833,False,
REWE,16835,False,
Flink,16835,False,
Knuspr,16835,False,
Picnic,16835,False,
REWE,16837,False,
Flink,16837,False,
Knuspr,16837,False,
Picnic,16837,False,
REWE,16845,False,
Flink,16845,False,
Knuspr,16845,False,
Picnic,16845,False,
REWE,16866,True,
Flink,16866,True,
Knuspr,16866,True,
Picnic,16866,True,
REWE,16868,True,
Flink,16868,True,
Knuspr,16868,True,
Picnic,16868,True,
REWE,16909,False,
Flink,16909,False,
Knuspr,16909,False,
Picnic,16909,False,
REWE,16918,True,
Flink,16918,True,
Knuspr,16918,True,
Picnic,16918,True,
REWE,16921,False,
Flink,16921,False,
Knuspr,16921,False,
Picnic,16921,False,
REWE,16928,True,
Flink,16928,True,
Knuspr,16928,True,
Picnic,16928,True,
REWE,16945,False,
Flink,16945,False,
Knuspr,16945,False,
Picnic,16945,False,
REWE,16949,False,
Flink,16949,False,
Knuspr,16949,False,
Picnic,16949,False,
REWE,17268,True,
Flink,17268,True,
Knuspr,17268,True,
Picnic,17268,True,
REWE,17279,False,
Flink,17279,False,
Knuspr,17279,False,
Picnic,17279,False,
REWE,17291,False,
Flink,17291,False,
Knuspr,17291,False,
Picnic,17291,False,
REWE,17326,True,
Flink,17326,True,
Knuspr,17326,True,
Picnic,17326,True,
REWE,17337,False,
Flink,17337,False,
Knuspr,17337,False,
Picnic,17337,False,
REWE,19309,False,
Flink,19309,False,
Knuspr,19309,False,
Picnic,19309,False,
REWE,19322,True,
Flink,19322,True,
Knuspr,19322,True,
Picnic,19322,True,
REWE,19336,True,
Flink,19336,True,
Knuspr,19336,True,
Picnic,19336,True,
REWE,19339,False,
Flink,19339,False,
Knuspr,19339,False,
Picnic,19339,False,
REWE,19348,True,
Flink,19348,True,
Knuspr,19348,True,
Picnic,19348,True,
REWE,19357,False,
Flink,19357,False,
Knuspr,19357,False,
Picnic,19357,False,
REWE,10115,False,
Flink,10115,False,
Knuspr,10115,False,
Picnic,10115,False,
REWE,10117,False,
Flink,10117,False,
Knuspr,10117,False,
Picnic,10117,False,
REWE,10119,False,
Flink,10119,False,
Knuspr,10119,False,
Picnic,10119,False,
REWE,10178,True,
Flink,10178,True,
Knuspr,10178,True,
Picnic,10178,True,
REWE,10179,False,
Flink,10179,False,
Knuspr,10179,False,
Picnic,10179,False,
REWE,10243,False,
Flink,10243,False,
Knuspr,10243,False,
Picnic,10243,False,
REWE,10245,False,
Flink,10245,False,
Knuspr,10245,False,
Picnic,10245,False,
REWE,10247,False,
Flink,10247,False,
Knuspr,10247,False,
Picnic,10247,False,
REWE,10249,False,
Flink,10249,False,
Knuspr,10249,False,
Picnic,10249,False,
REWE,10315,False,
Flink,10315,False,
Knuspr,10315,False,
Picnic,10315,False,
REWE,10317,False,
Flink,10317,False,
Knuspr,10317,False,
Picnic,10317,False,
REWE,10318,True,
Flink,10318,True,
Knuspr,10318,True,
Picnic,10318,True,
REWE,10319,False,
Flink,10319,False,
Knuspr,10319,False,
Picnic,10319,False,
REWE,10365,False,
Flink,10365,False,
Knuspr,10365,False,
Picnic,10365,False,
REWE,10367,False,
Flink,10367,False,
Knuspr,10367,False,
Picnic,10367,False,
REWE,10369,False,
Flink,10369,False,
Knuspr,10369,False,
Picnic,10369,False,
REWE,10405,False,
Flink,10405,False,
Knuspr,10405,False,
Picnic,10405,False,
REWE,10407,False,
Flink,10407,False,
Knuspr,10407,False,
Picnic,10407,False,
REWE,10409,False,
Flink,10409,False,
Knuspr,10409,False,
Picnic,10409,False,
REWE,10435,False,
Flink,10435,False,
Knuspr,10435,False,
Picnic,10435,False,
REWE,10437,False,
Flink,10437,False,
Knuspr,10437,False,
Picnic,10437,False,
REWE,10439,False,
Flink,10439,False,
Knuspr,10439,False,
Picnic,10439,False,
REWE,10551,False,
Flink,10551,False,
Knuspr,10551,False,
Picnic,10551,False,
REWE,10553,False,
Flink,10553,False,
Knuspr,10553,False,
Picnic,10553,False,
REWE,10555,False,
Flink,10555,False,
Knuspr,10555,False,
Picnic,10555,False,
REWE,10557,False,
Flink,10557,False,
Knuspr,10557,False,
Picnic,10557,False,
REWE,10559,False,
Flink,10559,False,
Knuspr,10559,False,
Picnic,10559,False,
REWE,10585,False,
Flink,10585,False,
Knuspr,10585,False,
Picnic,10585,False,
REWE,10587,False,
Flink,10587,False,
Knuspr,10587,False,
Picnic,10587,False,
REWE,10589,False,
Flink,10589,False,
Knuspr,10589,False,
Picnic,10589,False,
REWE,10623,False,
Flink,10623,False,
Knuspr,10623,False,
Picnic,10623,False,
REWE,10625,False,
Flink,10625,False,
Knuspr,10625,False,
Picnic,10625,False,
REWE,10627,False,
Flink,10627,False,
Knuspr,10627,False,
Picnic,10627,False,
REWE,10629,False,
Flink,10629,False,
Knuspr,10629,False,
Picnic,10629,False,
REWE,10707,False,
Flink,10707,False,
Knuspr,10707,False,
Picnic,10707,False,
REWE,10709,False,
Flink,10709,False,
Knuspr,10709,False,
Picnic,10709,False,
REWE,10711,False,
Flink,10711,False,
Knuspr,10711,False,
Picnic,10711,False,
REWE,10713,False,
Flink,10713,False,
Knuspr,10713,False,
Picnic,10713,False,
REWE,10715,False,
Flink,10715,False,
Knuspr,10715,False,
Picnic,10715,False,
REWE,10717,False,
Flink,10717,False,
Knuspr,10717,False,
Picnic,10717,False,
REWE,10719,False,
Flink,10719,False,
Knuspr,10719,False,
Picnic,10719,False,
REWE,10777,False,
Flink,10777,False,
Knuspr,10777,False,
Picnic,10777,False,
REWE,10779,False,
Flink,10779,False,
Knuspr,10779,False,
Picnic,10779,False,
REWE,10781,False,
Flink,10781,False,
Knuspr,10781,False,
Picnic,10781,False,
REWE,10783,False,
Flink,10783,False,
Knuspr,10783,False,
Picnic,10783,False,
REWE,10785,False,
Flink,10785,False,
Knuspr,10785,False,
Picnic,10785,False,
REWE,10787,False,
Flink,10787,False,
Knuspr,10787,False,
Picnic,10787,False,
REWE,10789,False,
Flink,10789,False,
Knuspr,10789,False,
Picnic,10789,False,
REWE,10823,False,
Flink,10823,False,
Knuspr,10823,False,
Picnic,10823,False,
REWE,10825,False,
Flink,10825,False,
Knuspr,10825,False,
Picnic,10825,False,
REWE,10827,False,
Flink,10827,False,
Knuspr,10827,False,
Picnic,10827,False,
REWE,10829,False,
Flink,10829,False,
Knuspr,10829,False,
Picnic,10829,False,
REWE,10961,False,
Flink,10961,False,
Knuspr,10961,False,
Picnic,10961,False,
REWE,10963,False,
Flink,10963,False,
Knuspr,10963,False,
Picnic,10963,False,
REWE,10965,False,
Flink,10965,False,
Knuspr,10965,False,
Picnic,10965,False,
REWE,10967,False,
Flink,10967,False,
Knuspr,10967,False,
Picnic,10967,False,
REWE,10969,False,
Flink,10969,False,
Knuspr,10969,False,
Picnic,10969,False,
REWE,10997,False,
Flink,10997,False,
Knuspr,10997,False,
Picnic,10997,False,
REWE,10999,False,
Flink,10999,False,
Knuspr,10999,False,
Picnic,10999,False,
REWE,11011,False,
Flink,11011,False,
Knuspr,11011,False,
Picnic,11011,False,
REWE,12043,False,
Flink,12043,False,
Knuspr,12043,False,
Picnic,12043,False,
REWE,12045,False,
Flink,12045,False,
Knuspr,12045,False,
Picnic,12045,False,
REWE,12047,False,
Flink,12047,False,
Knuspr,12047,False,
Picnic,12047,False,
REWE,12049,False,
Flink,12049,False,
Knuspr,12049,False,
Picnic,12049,False,
REWE,12051,False,
Flink,12051,False,
Knuspr,12051,False,
Picnic,12051,False,
REWE,12053,False,
Flink,12053,False,
Knuspr,12053,False,
Picnic,12053,False,
REWE,12055,False,
Flink,12055,False,
Knuspr,12055,False,
Picnic,12055,False,
REWE,12057,False,
Flink,12057,False,
Knuspr,12057,False,
Picnic,12057,False,
REWE,12059,False,
Flink,12059,False,
Knuspr,12059,False,
Picnic,12059,False,
REWE,12099,False,
Flink,12099,False,
Knuspr,12099,False,
Picnic,12099,False,
REWE,12101,False,
Flink,12101,False,
Knuspr,12101,False,
Picnic,12101,False,
REWE,12103,False,
Flink,12103,False,
Knuspr,12103,False,
Picnic,12103,False,
REWE,12105,False,
Flink,12105,False,
Knuspr,12105,False,
Picnic,12105,False,
REWE,12107,False,
Flink,12107,False,
Knuspr,12107,False,
Picnic,12107,False,
REWE,12109,False,
Flink,12109,False,
Knuspr,12109,False,
Picnic,12109,False,
REWE,12157,False,
Flink,12157,False,
Knuspr,12157,False,
Picnic,12157,False,
REWE,12159,False,
Flink,12159,False,
Knuspr,12159,False,
Picnic,12159,False,
REWE,12161,False,
Flink,12161,False,
Knuspr,12161,False,
Picnic,12161,False,
REWE,12163,False,
Flink,12163,False,
Knuspr,12163,False,
Picnic,12163,False,
REWE,12165,False,
Flink,12165,False,
Knuspr,12165,False,
Picnic,12165,False,
REWE,12167,False,
Flink,12167,False,
Knuspr,12167,False,
Picnic,12167,False,
REWE,12169,False,
Flink,12169,False,
Knuspr,12169,False,
Picnic,12169,False,
REWE,12203,False,
Flink,12203,False,
Knuspr,12203,False,
Picnic,12203,False,
REWE,12205,False,
Flink,12205,False,
Knuspr,12205,False,
Picnic,12205,False,
REWE,12207,False,
Flink,12207,False,
Knuspr,12207,False,
Picnic,12207,False,
REWE,12209,False,
Flink,12209,False,
Knuspr,12209,False,
Picnic,12209,False,
REWE,12247,False,
Flink,12247,False,
Knuspr,12247,False,
Picnic,12247,False,
REWE,12249,False,
Flink,12249,False,
Knuspr,12249,False,
Picnic,12249,False,
REWE,12277,False,
Flink,12277,False,
Knuspr,12277,False,
Picnic,12277,False,
REWE,12279,False,
Flink,12279,False,
Knuspr,12279,False,
Picnic,12279,False,
REWE,12305,False,
Flink,12305,False,
Knuspr,12305,False,
Picnic,12305,False,
REWE,12307,False,
Flink,12307,False,
Knuspr,12307,False,
Picnic,12307,False,
REWE,12309,False,
Flink,12309,False,
Knuspr,12309,False,
Picnic,12309,False,
REWE,12347,False,
Flink,12347,False,
Knuspr,12347,False,
Picnic,12347,False,
REWE,12349,False,
Flink,12349,False,
Knuspr,12349,False,
Picnic,12349,False,
REWE,12351,False,
Flink,12351,False,
Knuspr,12351,False,
Picnic,12351,False,
REWE,12353,False,
Flink,12353,False,
Knuspr,12353,False,
Picnic,12353,False,
REWE,12355,False,
Flink,12355,False,
Knuspr,12355,False,
Picnic,12355,False,
REWE,12357,False,
Flink,12357,False,
Knuspr,12357,False,
Picnic,12357,False,
REWE,12359,False,
Flink,12359,False,
Knuspr,12359,False,
Picnic,12359,False,
REWE,12435,False,
Flink,12435,False,
Knuspr,12435,False,
Picnic,12435,False,
REWE,12437,False,
Flink,12437,False,
Knuspr,12437,False,
Picnic,12437,False,
REWE,12439,False,
Flink,12439,False,
Knuspr,12439,False,
Picnic,12439,False,
REWE,12459,False,
Flink,12459,False,
Knuspr,12459,False,
Picnic,12459,False,
REWE,12487,False,
Flink,12487,False,
Knuspr,12487,False,
Picnic,12487,False,
REWE,12489,False,
Flink,12489,False,
Knuspr,12489,False,
Picnic,12489,False,
REWE,12524,True,
Flink,12524,True,
Knuspr,12524,True,
Picnic,12524,True,
REWE,12526,True,
Flink,12526,True,
Knuspr,12526,True,
Picnic,12526,True,
REWE,12527,False,
Flink,12527,False,
Knuspr,12527,False,
Picnic,12527,False,
REWE,12555,False,
Flink,12555,False,
Knuspr,12555,False,
Picnic,12555,False,
REWE,12557,False,
Flink,12557,False,
Knuspr,12557,False,
Picnic,12557,False,
REWE,12559,False,
Flink,12559,False,
Knuspr,12559,False,
Picnic,12559,False,
REWE,12587,False,
Flink,12587,False,
Knuspr,12587,False,
Picnic,12587,False,
REWE,12589,False,
Flink,12589,False,
Knuspr,12589,False,
Picnic,12589,False,
REWE,12619,False,
Flink,12619,False,
Knuspr,12619,False,
Picnic,12619,False,
REWE,12621,False,
Flink,12621,False,
Knuspr,12621,False,
Picnic,12621,False,
REWE,12623,False,
Flink,12623,False,
Knuspr,12623,False,
Picnic,12623,False,
REWE,12627,False,
Flink,12627,False,
Knuspr,12627,False,
Picnic,12627,False,
REWE,12629,False,
Flink,12629,False,
Knuspr,12629,False,
Picnic,12629,False,
REWE,12679,False,
Flink,12679,False,
Knuspr,12679,False,
Picnic,12679,False,
REWE,12681,False,
Flink,12681,False,
Knuspr,12681,False,
Picnic,12681,False,
REWE,12683,False,
Flink,12683,False,
Knuspr,12683,False,
Picnic,12683,False,
REWE,12685,False,
Flink,12685,False,
Knuspr,12685,False,
Picnic,12685,False,
REWE,12687,False,
Flink,12687,False,
Knuspr,12687,False,
Picnic,12687,False,
REWE,12689,False,
Flink,12689,False,
Knuspr,12689,False,
Picnic,12689,False,
REWE,13047,False,
Flink,13047,False,
Knuspr,13047,False,
Picnic,13047,False,
REWE,13051,False,
Flink,13051,False,
Knuspr,13051,False,
Picnic,13051,False,
REWE,13053,False,
Flink,13053,False,
Knuspr,13053,False,
Picnic,13053,False,
REWE,13055,False,
Flink,13055,False,
Knuspr,13055,False,
Picnic,13055,False,
REWE,13057,False,
Flink,13057,False,
Knuspr,13057,False,
Picnic,13057,False,
REWE,13059,False,
Flink,13059,False,
Knuspr,13059,False,
Picnic,13059,False,
REWE,13086,True,
Flink,13086,True,
Knuspr,13086,True,
Picnic,13086,True,
REWE,13088,True,
Flink,13088,True,
Knuspr,13088,True,
Picnic,13088,True,
REWE,13089,False,
Flink,13089,False,
Knuspr,13089,False,
Picnic,13089,False,
REWE,13125,False,
Flink,13125,False,
Knuspr,13125,False,
Picnic,13125,False,
REWE,13127,False,
Flink,13127,False,
Knuspr,13127,False,
Picnic,13127,False,
REWE,13129,False,
Flink,13129,False,
Knuspr,13129,False,
Picnic,13129,False,
REWE,13156,True,
Flink,13156,True,
Knuspr,13156,True,
Picnic,13156,True,
REWE,13158,True,
Flink,13158,True,
Knuspr,13158,True,
Picnic,13158,True,
REWE,13159,False,
Flink,13159,False,
Knuspr,13159,False,
Picnic,13159,False,
REWE,13187,False,
Flink,13187,False,
Knuspr,13187,False,
Picnic,13187,False,
REWE,13189,False,
Flink,13189,False,
Knuspr,13189,False,
Picnic,13189,False,
REWE,13347,False,
Flink,13347,False,
Knuspr,13347,False,
Picnic,13347,False,
REWE,13349,False,
Flink,13349,False,
Knuspr,13349,False,
Picnic,13349,False,
REWE,13351,False,
Flink,13351,False,
Knuspr,13351,False,
Picnic,13351,False,
REWE,13353,False,
Flink,13353,False,
Knuspr,13353,False,
Picnic,13353,False,
REWE,13355,False,
Flink,13355,False,
Knuspr,13355,False,
Picnic,13355,False,
REWE,13357,False,
Flink,13357,False,
Knuspr,13357,False,
Picnic,13357,False,
REWE,13359,False,
Flink,13359,False,
Knuspr,13359,False,
Picnic,13359,False,
REWE,13403,False,
Flink,13403,False,
Knuspr,13403,False,
Picnic,13403,False,
REWE,13405,False,
Flink,13405,False,
Knuspr,13405,False,
Picnic,13405,False,
REWE,13407,False,
Flink,13407,False,
Knuspr,13407,False,
Picnic,13407,False,
REWE,13409,False,
Flink,13409,False,
Knuspr,13409,False,
Picnic,13409,False,
REWE,13435,False,
Flink,13435,False,
Knuspr,13435,False,
Picnic,13435,False,
REWE,13437,False,
Flink,13437,False,
Knuspr,13437,False,
Picnic,13437,False,
REWE,13439,False,
Flink,13439,False,
Knuspr,13439,False,
Picnic,13439,False,
REWE,13465,False,
Flink,13465,False,
Knuspr,13465,False,
Picnic,13465,False,
REWE,13467,False,
Flink,13467,False,
Knuspr,13467,False,
Picnic,13467,False,
REWE,13469,False,
Flink,13469,False,
Knuspr,13469,False,
Picnic,13469,False,
REWE,13503,False,
Flink,13503,False,
Knuspr,13503,False,
Picnic,13503,False,
REWE,13505,False,
Flink,13505,False,
Knuspr,13505,False,
Picnic,13505,False,
REWE,13507,False,
Flink,13507,False,
Knuspr,13507,False,
Picnic,13507,False,
REWE,13509,False,
Flink,13509,False,
Knuspr,13509,False,
Picnic,13509,False,
REWE,13581,False,
Flink,13581,False,
Knuspr,13581,False,
Picnic,13581,False,
REWE,13583,False,
Flink,13583,False,
Knuspr,13583,False,
Picnic,13583,False,
REWE,13585,False,
Flink,13585,False,
Knuspr,13585,False,
Picnic,13585,False,
REWE,13587,False,
Flink,13587,False,
Knuspr,13587,False,
Picnic,13587,False,
REWE,13589,False,
Flink,13589,False,
Knuspr,13589,False,
Picnic,13589,False,
REWE,13591,False,
Flink,13591,False,
Knuspr,13591,False,
Picnic,13591,False,
REWE,13593,False,
Flink,13593,False,
Knuspr,13593,False,
Picnic,13593,False,
REWE,13595,False,
Flink,13595,False,
Knuspr,13595,False,
Picnic,13595,False,
REWE,13597,False,
Flink,13597,False,
Knuspr,13597,False,
Picnic,13597,False,
REWE,13599,False,
Flink,13599,False,
Knuspr,13599,False,
Picnic,13599,False,
REWE,13627,False,
Flink,13627,False,
Knuspr,13627,False,
Picnic,13627,False,
REWE,13629,False,
Flink,13629,False,
Knuspr,13629,False,
Picnic,13629,False,
REWE,14050,True,
Flink,14050,True,
Knuspr,14050,True,
Picnic,14050,True,
REWE,14052,True,
Flink,14052,True,
Knuspr,14052,True,
Picnic,14052,True,
REWE,14053,False,
Flink,14053,False,
Knuspr,14053,False,
Picnic,14053,False,
REWE,14055,False,
Flink,14055,False,
Knuspr,14055,False,
Picnic,14055,False,
REWE,14057,False,
Flink,14057,False,
Knuspr,14057,False,
Picnic,14057,False,
REWE,14059,False,
Flink,14059,False,
Knuspr,14059,False,
Picnic,14059,False,
REWE,14089,False,
Flink,14089,False,
Knuspr,14089,False,
Picnic,14089,False,
REWE,14109,False,
Flink,14109,False,
Knuspr,14109,False,
Picnic,14109,False,
REWE,14129,False,
Flink,14129,False,
Knuspr,14129,False,
Picnic,14129,False,
REWE,14131,False,
Flink,14131,False,
Knuspr,14131,False,
Picnic,14131,False,
REWE,14163,False,
Flink,14163,False,
Knuspr,14163,False,
Picnic,14163,False,
REWE,14165,False,
Flink,14165,False,
Knuspr,14165,False,
Picnic,14165,False,
REWE,14167,False,
Flink,14167,False,
Knuspr,14167,False,
Picnic,14167,False,
REWE,14169,False,
Flink,14169,False,
Knuspr,14169,False,
Picnic,14169,False,
REWE,14193,False,
Flink,14193,False,
Knuspr,14193,False,
Picnic,14193,False,
REWE,14195,False,
Flink,14195,False,
Knuspr,14195,False,
Picnic,14195,False,
REWE,14197,False,
Flink,14197,False,
Knuspr,14197,False,
Picnic,14197,False,
REWE,14199,False,
Flink,14199,False,
Knuspr,14199,False,
Picnic,14199,False,
REWE,70173,False,
Flink,70173,False,
Knuspr,70173,False,
Picnic,70173,False,
REWE,70174,True,
Flink,70174,True,
Knuspr,70174,True,
Picnic,70174,True,
REWE,70176,True,
Flink,70176,True,
Knuspr,70176,True,
Picnic,70176,True,
REWE,70178,True,
Flink,70178,True,
Knuspr,70178,True,
Picnic,70178,True,
REWE,70180,True,
Flink,70180,True,
Knuspr,70180,True,
Picnic,70180,True,
REWE,70182,True,
Flink,70182,True,
Knuspr,70182,True,
Picnic,70182,True,
REWE,70184,True,
Flink,70184,True,
Knuspr,70184,True,
Picnic,70184,True,
REWE,70186,True,
Flink,70186,True,
Knuspr,70186,True,
Picnic,70186,True,
REWE,70188,True,
Flink,70188,True,
Knuspr,70188,True,
Picnic,70188,True,
REWE,70190,True,
Flink,70190,True,
Knuspr,70190,True,
Picnic,70190,True,
REWE,70191,False,
Flink,70191,False,
Knuspr,70191,False,
Picnic,70191,False,
REWE,70192,True,
Flink,70192,True,
Knuspr,70192,True,
Picnic,70192,True,
REWE,70193,False,
Flink,70193,False,
Knuspr,70193,False,
Picnic,70193,False,
REWE,70195,False,
Flink,70195,False,
Knuspr,70195,False,
Picnic,70195,False,
REWE,70197,False,
Flink,70197,False,
Knuspr,70197,False,
Picnic,70197,False,
REWE,70199,False,
Flink,70199,False,
Knuspr,70199,False,
Picnic,70199,False,
REWE,70327,False,
Flink,70327,False,
Knuspr,70327,False,
Picnic,70327,False,
REWE,70329,False,
Flink,70329,False,
Knuspr,70329,False,
Picnic,70329,False,
REWE,70372,True,
Flink,70372,True,
Knuspr,70372,True,
Picnic,70372,True,
REWE,70374,True,
Flink,70374,True,
Knuspr,70374,True,
Picnic,70374,True,
REWE,70376,True,
Flink,70376,True,
Knuspr,70376,True,
Picnic,70376,True,
REWE,70378,True,
Flink,70378,True,
Knuspr,70378,True,
Picnic,70378,True,
REWE,70435,False,
Flink,70435,False,
Knuspr,70435,False,
Picnic,70435,False,
REWE,70437,False,
Flink,70437,False,
Knuspr,70437,False,
Picnic,70437,False,
REWE,70439,False,
Flink,70439,False,
Knuspr,70439,False,
Picnic,70439,False,
REWE,70469,False,
Flink,70469,False,
Knuspr,70469,False,
Picnic,70469,False,
REWE,70499,False,
Flink,70499,False,
Knuspr,70499,False,
Picnic,70499,False,
REWE,70563,False,
Flink,70563,False,
Knuspr,70563,False,
Picnic,70563,False,
REWE,70565,False,
Flink,70565,False,
Knuspr,70565,False,
Picnic,70565,False,
REWE,70567,False,
Flink,70567,False,
Knuspr,70567,False,
Picnic,70567,False,
REWE,70569,False,
Flink,70569,False,
Knuspr,70569,False,
Picnic,70569,False,
REWE,70597,False,
Flink,70597,False,
Knuspr,70597,False,
Picnic,70597,False,
REWE,70599,False,
Flink,70599,False,
Knuspr,70599,False,
Picnic,70599,False,
REWE,70619,False,
Flink,70619,False,
Knuspr,70619,False,
Picnic,70619,False,
REWE,70629,False,
Flink,70629,False,
Knuspr,70629,False,
Picnic,70629,False,
REWE,70734,True,
Flink,70734,True,
Knuspr,70734,True,
Picnic,70734,True,
REWE,70736,True,
Flink,70736,True,
Knuspr,70736,True,
Picnic,70736,True,
REWE,70771,False,
Flink,70771,False,
Knuspr,70771,False,
Picnic,70771,False,
REWE,70794,True,
Flink,70794,True,
Knuspr,70794,True,
Picnic,70794,True,
REWE,70806,True,
Flink,70806,True,
Knuspr,70806,True,
Picnic,70806,True,
REWE,70825,False,
Flink,70825,False,
Knuspr,70825,False,
Picnic,70825,False,
REWE,70839,False,
Flink,70839,False,
Knuspr,70839,False,
Picnic,70839,False,
REWE,71032,True,
Flink,71032,True,
Knuspr,71032,True,
Picnic,71032,True,
REWE,71034,True,
Flink,71034,True,
Knuspr,71034,True,
Picnic,71034,True,
REWE,71063,False,
Flink,71063,False,
Knuspr,71063,False,
Picnic,71063,False,
REWE,71065,False,
Flink,71065,False,
Knuspr,71065,False,
Picnic,71065,False,
REWE,71067,False,
Flink,71067,False,
Knuspr,71067,False,
Picnic,71067,False,
REWE,71069,False,
Flink,71069,False,
Knuspr,71069,False,
Picnic,71069,False,
REWE,71083,False,
Flink,71083,False,
Knuspr,71083,False,
Picnic,71083,False,
REWE,71088,True,
Flink,71088,True,
Knuspr,71088,True,
Picnic,71088,True,
REWE,71093,False,
Flink,71093,False,
Knuspr,71093,False,
Picnic,71093,False,
REWE,71101,False,
Flink,71101,False,
Knuspr,71101,False,
Picnic,71101,False,
REWE,71106,True,
Flink,71106,True,
Knuspr,71106,True,
Picnic,71106,True,
REWE,71111,False,
Flink,71111,False,
Knuspr,71111,False,
Picnic,71111,False,
REWE,71116,True,
Flink,71116,True,
Knuspr,71116,True,
Picnic,71116,True,
REWE,71120,True,
Flink,71120,True,
Knuspr,71120,True,
Picnic,71120,True,
REWE,71126,True,
Flink,71126,True,
Knuspr,71126,True,
Picnic,71126,True,
REWE,71131,False,
Flink,71131,False,
Knuspr,71131,False,
Picnic,71131,False,
REWE,71134,True,
Flink,71134,True,
Knuspr,71134,True,
Picnic,71134,True,
REWE,71139,False,
Flink,71139,False,
Knuspr,71139,False,
Picnic,71139,False,
REWE,71144,True,
Flink,71144,True,
Knuspr,71144,True,
Picnic,71144,True,
REWE,71149,False,
Flink,71149,False,
Knuspr,71149,False,
Picnic,71149,False,
REWE,71154,True,
Flink,71154,True,
Knuspr,71154,True,
Picnic,71154,True,
REWE,71155,False,
Flink,71155,False,
Knuspr,71155,False,
Picnic,71155,False,
REWE,71157,False,
Flink,71157,False,
Knuspr,71157,False,
Picnic,71157,False,
REWE,71159,False,
Flink,71159,False,
Knuspr,71159,False,
Picnic,71159,False,
REWE,71229,False,
Flink,71229,False,
Knuspr,71229,False,
Picnic,71229,False,
REWE,71254,True,
Flink,71254,True,
Knuspr,71254,True,
Picnic,71254,True,
REWE,71263,False,
Flink,71263,False,
Knuspr,71263,False,
Picnic,71263,False,
REWE,71272,True,
Flink,71272,True,
Knuspr,71272,True,
Picnic,71272,True,
REWE,71277,False,
Flink,71277,False,
Knuspr,71277,False,
Picnic,71277,False,
REWE,71282,True,
Flink,71282,True,
Knuspr,71282,True,
Picnic,71282,True,
REWE,71287,False,
Flink,71287,False,
Knuspr,71287,False,
Picnic,71287,False,
REWE,71332,True,
Flink,71332,True,
Knuspr,71332,True,
Picnic,71332,True,
REWE,71334,True,
Flink,71334,True,
Knuspr,71334,True,
Picnic,71334,True,
REWE,71336,True,
Flink,71336,True,
Knuspr,71336,True,
Picnic,71336,True,
REWE,71364,True,
Flink,71364,True,
Knuspr,71364,True,
Picnic,71364,True,
REWE,71384,True,
Flink,71384,True,
Knuspr,71384,True,
Picnic,71384,True,
REWE,71394,True,
Flink,71394,True,
Knuspr,71394,True,
Picnic,71394,True,
REWE,71397,False,
Flink,71397,False,
Knuspr,71397,False,
Picnic,71397,False,
REWE,71404,True,
Flink,71404,True,
Knuspr,71404,True,
Picnic,71404,True,
REWE,71409,False,
Flink,71409,False,
Knuspr,71409,False,
Picnic,71409,False,
REWE,71522,True,
Flink,71522,True,
Knuspr,71522,True,
Picnic,71522,True,
REWE,71540,True,
Flink,71540,True,
Knuspr,71540,True,
Picnic,71540,True,
REWE,71543,False,
Flink,71543,False,
Knuspr,71543,False,
Picnic,71543,False,
REWE,71546,True,
Flink,71546,True,
Knuspr,71546,True,
Picnic,71546,True,
REWE,71549,False,
Flink,71549,False,
Knuspr,71549,False,
Picnic,71549,False,
REWE,71554,True,
Flink,71554,True,
Knuspr,71554,True,
Picnic,71554,True,
REWE,71560,True,
Flink,71560,True,
Knuspr,71560,True,
Picnic,71560,True,
REWE,71563,False,
Flink,71563,False,
Knuspr,71563,False,
Picnic,71563,False,
REWE,71566,True,
Flink,71566,True,
Knuspr,71566,True,
Picnic,71566,True,
REWE,71570,True,
Flink,71570,True,
Knuspr,71570,True,
Picnic,71570,True,
REWE,71573,False,
Flink,71573,False,
Knuspr,71573,False,
Picnic,71573,False,
REWE,71576,True,
Flink,71576,True,
Knuspr,71576,True,
Picnic,71576,True,
REWE,71577,False,
Flink,71577,False,
Knuspr,71577,False,
Picnic,71577,False,
REWE,71579,False,
Flink,71579,False,
Knuspr,71579,False,
Picnic,71579,False,
REWE,71634,True,
Flink,71634,True,
Knuspr,71634,True,
Picnic,71634,True,
REWE,71636,True,
Flink,71636,True,
Knuspr,71636,True,
Picnic,71636,True,
REWE,71638,True,
Flink,71638,True,
Knuspr,71638,True,
Picnic,71638,True,
REWE,71640,True,
Flink,71640,True,
Knuspr,71640,True,
Picnic,71640,True,
REWE,71642,True,
Flink,71642,True,
Knuspr,71642,True,
Picnic,71642,True,
REWE,71665,False,
Flink,71665,False,
Knuspr,71665,False,
Picnic,71665,False,
REWE,71672,True,
Flink,71672,True,
Knuspr,71672,True,
Picnic,71672,True,
REWE,71679,False,
Flink,71679,False,
Knuspr,71679,False,
Picnic,71679,False,
REWE,71686,True,
Flink,71686,True,
Knuspr,71686,True,
Picnic,71686,True,
REWE,71691,False,
Flink,71691,False,
Knuspr,71691,False,
Picnic,71691,False,
REWE,71696,True,
Flink,71696,True,
Knuspr,71696,True,
Picnic,71696,True,
REWE,71701,False,
Flink,71701,False,
Knuspr,71701,False,
Picnic,71701,False,
REWE,71706,True,
Flink,71706,True,
Knuspr,71706,True,
Picnic,71706,True,
REWE,71711,False,
Flink,71711,False,
Knuspr,71711,False,
Picnic,71711,False,
REWE,71717,False,
Flink,71717,False,
Knuspr,71717,False,
Picnic,71717,False,
REWE,71718,True,
Flink,71718,True,
Knuspr,71718,True,
Picnic,71718,True,
REWE,71720,True,
Flink,71720,True,
Knuspr,71720,True,
Picnic,71720,True,
REWE,71723,False,
Flink,71723,False,
Knuspr,71723,False,
Picnic,71723,False,
REWE,71726,True,
Flink,71726,True,
Knuspr,71726,True,
Picnic,71726,True,
REWE,71729,False,
Flink,71729,False,
Knuspr,71729,False,
Picnic,71729,False,
REWE,71732,True,
Flink,71732,True,
Knuspr,71732,True,
Picnic,71732,True,
REWE,71735,False,
Flink,71735,False,
Knuspr,71735,False,
Picnic,71735,False,
REWE,71737,False,
Flink,71737,False,
Knuspr,71737,False,
Picnic,71737,False,
REWE,71739,False,
Flink,71739,False,
Knuspr,71739,False,
Picnic,71739,False,
REWE,72622,True,
Flink,72622,True,
Knuspr,72622,True,
Picnic,72622,True,
REWE,72631,False,
Flink,72631,False,
Knuspr,72631,False,
Picnic,72631,False,
REWE,72636,True,
Flink,72636,True,
Knuspr,72636,True,
Picnic,72636,True,
REWE,72639,False,
Flink,72639,False,
Knuspr,72639,False,
Picnic,72639,False,
REWE,72644,True,
Flink,72644,True,
Knuspr,72644,True,
Picnic,72644,True,
REWE,72649,False,
Flink,72649,False,
Knuspr,72649,False,
Picnic,72649,False,
REWE,72654,True,
Flink,72654,True,
Knuspr,72654,True,
Picnic,72654,True,
REWE,72655,False,
Flink,72655,False,
Knuspr,72655,False,
Picnic,72655,False,
REWE,72657,False,
Flink,72657,False,
Knuspr,72657,False,
Picnic,72657,False,
REWE,72658,True,
Flink,72658,True,
Knuspr,72658,True,
Picnic,72658,True,
REWE,72660,True,
Flink,72660,True,
Knuspr,72660,True,
Picnic,72660,True,
REWE,72663,False,
Flink,72663,False,
Knuspr,72663,False,
Picnic,72663,False,
REWE,72664,True,
Flink,72664,True,
Knuspr,72664,True,
Picnic,72664,True,
REWE,72666,True,
Flink,72666,True,
Knuspr,72666,True,
Picnic,72666,True,
REWE,72667,False,
Flink,72667,False,
Knuspr,72667,False,
Picnic,72667,False,
REWE,72669,False,
Flink,72669,False,
Knuspr,72669,False,
Picnic,72669,False,
REWE,73033,False,
Flink,73033,False,
Knuspr,73033,False,
Picnic,73033,False,
REWE,73035,False,
Flink,73035,False,
Knuspr,73035,False,
Picnic,73035,False,
REWE,73037,False,
Flink,73037,False,
Knuspr,73037,False,
Picnic,73037,False,
REWE,73054,True,
Flink,73054,True,
Knuspr,73054,True,
Picnic,73054,True,
REWE,73061,False,
Flink,73061,False,
Knuspr,73061,False,
Picnic,73061,False,
REWE,73066,True,
Flink,73066,True,
Knuspr,73066,True,
Picnic,73066,True,
REWE,73072,True,
Flink,73072,True,
Knuspr,73072,True,
Picnic,73072,True,
REWE,73079,False,
Flink,73079,False,
Knuspr,73079,False,
Picnic,73079,False,
REWE,73084,True,
Flink,73084,True,
Knuspr,73084,True,
Picnic,73084,True,
REWE,73087,False,
Flink,73087,False,
Knuspr,73087,False,
Picnic,73087,False,
REWE,73092,True,
Flink,73092,True,
Knuspr,73092,True,
Picnic,73092,True,
REWE,73095,False,
Flink,73095,False,
Knuspr,73095,False,
Picnic,73095,False,
REWE,73098,True,
Flink,73098,True,
Knuspr,73098,True,
Picnic,73098,True,
REWE,73099,False,
Flink,73099,False,
Knuspr,73099,False,
Picnic,73099,False,
REWE,73101,False,
Flink,73101,False,
Knuspr,73101,False,
Picnic,73101,False,
REWE,73102,True,
Flink,73102,True,
Knuspr,73102,True,
Picnic,73102,True,
REWE,73104,True,
Flink,73104,True,
Knuspr,73104,True,
Picnic,73104,True,
REWE,73105,False,
Flink,73105,False,
Knuspr,73105,False,
Picnic,73105,False,
REWE,73107,False,
Flink,73107,False,
Knuspr,73107,False,
Picnic,73107,False,
REWE,73108,True,
Flink,73108,True,
Knuspr,73108,True,
Picnic,73108,True,
REWE,73110,True,
Flink,73110,True,
Knuspr,73110,True,
Picnic,73110,True,
REWE,73111,False,
Flink,73111,False,
Knuspr,73111,False,
Picnic,73111,False,
REWE,73113,False,
Flink,73113,False,
Knuspr,73113,False,
Picnic,73113,False,
REWE,73114,True,
Flink,73114,True,
Knuspr,73114,True,
Picnic,73114,True,
REWE,73116,True,
Flink,73116,True,
Knuspr,73116,True,
Picnic,73116,True,
REWE,73117,False,
Flink,73117,False,
Knuspr,73117,False,
Picnic,73117,False,
REWE,73119,False,
Flink,73119,False,
Knuspr,73119,False,
Picnic,73119,False,
REWE,73207,False,
Flink,73207,False,
Knuspr,73207,False,
Picnic,73207,False,
REWE,73230,True,
Flink,73230,True,
Knuspr,73230,True,
Picnic,73230,True,
REWE,73235,False,
Flink,73235,False,
Knuspr,73235,False,
Picnic,73235,False,
REWE,73240,True,
Flink,73240,True,
Knuspr,73240,True,
Picnic,73240,True,
REWE,73249,False,
Flink,73249,False,
Knuspr,73249,False,
Picnic,73249,False,
REWE,73252,True,
Flink,73252,True,
Knuspr,73252,True,
Picnic,73252,True,
REWE,73257,False,
Flink,73257,False,
Knuspr,73257,False,
Picnic,73257,False,
REWE,73262,True,
Flink,73262,True,
Knuspr,73262,True,
Picnic,73262,True,
REWE,73265,False,
Flink,73265,False,
Knuspr,73265,False,
Picnic,73265,False,
REWE,73266,True,
Flink,73266,True,
Knuspr,73266,True,
Picnic,73266,True,
REWE,73268,True,
Flink,73268,True,
Knuspr,73268,True,
Picnic,73268,True,
REWE,73269,False,
Flink,73269,False,
Knuspr,73269,False,
Picnic,73269,False,
REWE,73271,False,
Flink,73271,False,
Knuspr,73271,False,
Picnic,73271,False,
REWE,73272,True,
Flink,73272,True,
Knuspr,73272,True,
Picnic,73272,True,
REWE,73274,True,
Flink,73274,True,
Knuspr,73274,True,
Picnic,73274,True,
REWE,73275,False,
Flink,73275,False,
Knuspr,73275,False,
Picnic,73275,False,
REWE,73277,False,
Flink,73277,False,
Knuspr,73277,False,
Picnic,73277,False,
REWE,73278,True,
Flink,73278,True,
Knuspr,73278,True,
Picnic,73278,True,
REWE,73312,True,
Flink,73312,True,
Knuspr,73312,True,
Picnic,73312,True,
REWE,73326,True,
Flink,73326,True,
Knuspr,73326,True,
Picnic,73326,True,
REWE,73329,False,
Flink,73329,False,
Knuspr,73329,False,
Picnic,73329,False,
REWE,73333,False,
Flink,73333,False,
Knuspr,73333,False,
Picnic,73333,False,
REWE,73337,False,
Flink,73337,False,
Knuspr,73337,False,
Picnic,73337,False,
REWE,73342,True,
Flink,73342,True,
Knuspr,73342,True,
Picnic,73342,True,
REWE,73344,True,
Flink,73344,True,
Knuspr,73344,True,
Picnic,73344,True,
REWE,73345,False,
Flink,73345,False,
Knuspr,73345,False,
Picnic,73345,False,
REWE,73347,False,
Flink,73347,False,
Knuspr,73347,False,
Picnic,73347,False,
REWE,73349,False,
Flink,73349,False,
Knuspr,73349,False,
Picnic,73349,False,
REWE,73430,True,
Flink,73430,True,
Knuspr,73430,True,
Picnic,73430,True,
REWE,73431,False,
Flink,73431,False,
Knuspr,73431,False,
Picnic,73431,False,
REWE,73432,True,
Flink,73432,True,
Knuspr,73432,True,
Picnic,73432,True,
REWE,73433,False,
Flink,73433,False,
Knuspr,73433,False,
Picnic,73433,False,
REWE,73434,True,
Flink,73434,True,
Knuspr,73434,True,
Picnic,73434,True,
REWE,73441,False,
Flink,73441,False,
Knuspr,73441,False,
Picnic,73441,False,
REWE,73447,False,
Flink,73447,False,
Knuspr,73447,False,
Picnic,73447,False,
REWE,73450,True,
Flink,73450,True,
Knuspr,73450,True,
Picnic,73450,True,
REWE,73453,False,
Flink,73453,False,
Knuspr,73453,False,
Picnic,73453,False,
REWE,73457,False,
Flink,73457,False,
Knuspr,73457,False,
Picnic,73457,False,
REWE,73460,True,
Flink,73460,True,
Knuspr,73460,True,
Picnic,73460,True,
REWE,73463,False,
Flink,73463,False,
Knuspr,73463,False,
Picnic,73463,False,
REWE,73466,True,
Flink,73466,True,
Knuspr,73466,True,
Picnic,73466,True,
REWE,73467,False,
Flink,73467,False,
Knuspr,73467,False,
Picnic,73467,False,
REWE,73469,False,
Flink,73469,False,
Knuspr,73469,False,
Picnic,73469,False,
REWE,73479,False,
Flink,73479,False,
Knuspr,73479,False,
Picnic,73479,False,
REWE,73485,False,
Flink,73485,False,
Knuspr,73485,False,
Picnic,73485,False,
REWE,73486,True,
Flink,73486,True,
Knuspr,73486,True,
Picnic,73486,True,
REWE,73488,True,
Flink,73488,True,
Knuspr,73488,True,
Picnic,73488,True,
REWE,73489,False,
Flink,73489,False,
Knuspr,73489,False,
Picnic,73489,False,
REWE,73491,False,
Flink,73491,False,
Knuspr,73491,False,
Picnic,73491,False,
REWE,73492,True,
Flink,73492,True,
Knuspr,73492,True,
Picnic,73492,True,
REWE,73494,True,
Flink,73494,True,
Knuspr,73494,True,
Picnic,73494,True,
REWE,73495,False,
Flink,73495,False,
Knuspr,73495,False,
Picnic,73495,False,
REWE,73497,False,
Flink,73497,False,
Knuspr,73497,False,
Picnic,73497,False,
REWE,73499,False,
Flink,73499,False,
Knuspr,73499,False,
Picnic,73499,False,
REWE,73525,False,
Flink,73525,False,
Knuspr,73525,False,
Picnic,73525,False,
REWE,73527,False,
Flink,73527,False,
Knuspr,73527,False,
Picnic,73527,False,
REWE,73529,False,
Flink,73529,False,
Knuspr,73529,False,
Picnic,73529,False,
REWE,73540,True,
Flink,73540,True,
Knuspr,73540,True,
Picnic,73540,True,
REWE,73547,False,
Flink,73547,False,
Knuspr,73547,False,
Picnic,73547,False,
REWE,73550,True,
Flink,73550,True,
Knuspr,73550,True,
Picnic,73550,True,
REWE,73553,False,
Flink,73553,False,
Knuspr,73553,False,
Picnic,73553,False,
REWE,73557,False,
Flink,73557,False,
Knuspr,73557,False,
Picnic,73557,False,
REWE,73560,True,
Flink,73560,True,
Knuspr,73560,True,
Picnic,73560,True,
REWE,73563,False,
Flink,73563,False,
Knuspr,73563,False,
Picnic,73563,False,
REWE,73565,False,
Flink,73565,False,
Knuspr,73565,False,
Picnic,73565,False,
REWE,73566,True,
Flink,73566,True,
Knuspr,73566,True,
Picnic,73566,True,
REWE,73568,True,
Flink,73568,True,
Knuspr,73568,True,
Picnic,73568,True,
REWE,73569,False,
Flink,73569,False,
Knuspr,73569,False,
Picnic,73569,False,
REWE,73571,False,
Flink,73571,False,
Knuspr,73571,False,
Picnic,73571,False,
REWE,73572,True,
Flink,73572,True,
Knuspr,73572,True,
Picnic,73572,True,
REWE,73574,True,
Flink,73574,True,
Knuspr,73574,True,
Picnic,73574,True,
REWE,73575,False,
Flink,73575,False,
Knuspr,73575,False,
Picnic,73575,False,
REWE,73577,False,
Flink,73577,False,
Knuspr,73577,False,
Picnic,73577,False,
REWE,73579,False,
Flink,73579,False,
Knuspr,73579,False,
Picnic,73579,False,
REWE,73614,True,
Flink,73614,True,
Knuspr,73614,True,
Picnic,73614,True,
REWE,73630,True,
Flink,73630,True,
Knuspr,73630,True,
Picnic,73630,True,
REWE,73635,False,
Flink,73635,False,
Knuspr,73635,False,
Picnic,73635,False,
REWE,73642,True,
Flink,73642,True,
Knuspr,73642,True,
Picnic,73642,True,
REWE,73650,True,
Flink,73650,True,
Knuspr,73650,True,
Picnic,73650,True,
REWE,73655,False,
Flink,73655,False,
Knuspr,73655,False,
Picnic,73655,False,
REWE,73660,True,
Flink,73660,True,
Knuspr,73660,True,
Picnic,73660,True,
REWE,73663,False,
Flink,73663,False,
Knuspr,73663,False,
Picnic,73663,False,
REWE,73666,True,
Flink,73666,True,
Knuspr,73666,True,
Picnic,73666,True,
REWE,73667,False,
Flink,73667,False,
Knuspr,73667,False,
Picnic,73667,False,
REWE,73669,False,
Flink,73669,False,
Knuspr,73669,False,
Picnic,73669,False,
REWE,73728,True,
Flink,73728,True,
Knuspr,73728,True,
Picnic,73728,True,
REWE,73730,True,
Flink,73730,True,
Knuspr,73730,True,
Picnic,73730,True,
REWE,73732,True,
Flink,73732,True,
Knuspr,73732,True,
Picnic,73732,True,
REWE,73733,False,
Flink,73733,False,
Knuspr,73733,False,
Picnic,73733,False,
REWE,73734,True,
Flink,73734,True,
Knuspr,73734,True,
Picnic,73734,True,
REWE,73760,True,
Flink,73760,True,
Knuspr,73760,True,
Picnic,73760,True,
REWE,73765,False,
Flink,73765,False,
Knuspr,73765,False,
Picnic,73765,False,
REWE,73770,True,
Flink,73770,True,
Knuspr,73770,True,
Picnic,73770,True,
REWE,73773,False,
Flink,73773,False,
Knuspr,73773,False,
Picnic,73773,False,
REWE,73776,True,
Flink,73776,True,
Knuspr,73776,True,
Picnic,73776,True,
REWE,73779,False,
Flink,73779,False,
Knuspr,73779,False,
Picnic,73779,False,
REWE,74072,True,
Flink,74072,True,
Knuspr,74072,True,
Picnic,74072,True,
REWE,74074,True,
Flink,74074,True,
Knuspr,74074,True,
Picnic,74074,True,
REWE,74076,True,
Flink,74076,True,
Knuspr,74076,True,
Picnic,74076,True,
REWE,74078,True,
Flink,74078,True,
Knuspr,74078,True,
Picnic,74078,True,
REWE,74080,True,
Flink,74080,True,
Knuspr,74080,True,
Picnic,74080,True,
REWE,74081,False,
Flink,74081,False,
Knuspr,74081,False,
Picnic,74081,False,
REWE,74172,True,
Flink,74172,True,
Knuspr,74172,True,
Picnic,74172,True,
REWE,74177,False,
Flink,74177,False,
Knuspr,74177,False,
Picnic,74177,False,
REWE,74182,True,
Flink,74182,True,
Knuspr,74182,True,
Picnic,74182,True,
REWE,74189,False,
Flink,74189,False,
Knuspr,74189,False,
Picnic,74189,False,
REWE,74193,False,
Flink,74193,False,
Knuspr,74193,False,
Picnic,74193,False,
REWE,74196,True,
Flink,74196,True,
Knuspr,74196,True,
Picnic,74196,True,
REWE,74199,False,
Flink,74199,False,
Knuspr,74199,False,
Picnic,74199,False,
REWE,74206,True,
Flink,74206,True,
Knuspr,74206,True,
Picnic,74206,True,
REWE,74211,False,
Flink,74211,False,
Knuspr,74211,False,
Picnic,74211,False,
REWE,74214,True,
Flink,74214,True,
Knuspr,74214,True,
Picnic,74214,True,
REWE,74219,False,
Flink,74219,False,
Knuspr,74219,False,
Picnic,74219,False,
REWE,74223,False,
Flink,74223,False,
Knuspr,74223,False,
Picnic,74223,False,
REWE,74226,True,
Flink,74226,True,
Knuspr,74226,True,
Picnic,74226,True,
REWE,74229,False,
Flink,74229,False,
Knuspr,74229,False,
Picnic,74229,False,
REWE,74232,True,
Flink,74232,True,
Knuspr,74232,True,
Picnic,74232,True,
REWE,74235,False,
Flink,74235,False,
Knuspr,74235,False,
Picnic,74235,False,
REWE,74238,True,
Flink,74238,True,
Knuspr,74238,True,
Picnic,74238,True,
REWE,74239,False,
Flink,74239,False,
Knuspr,74239,False,
Picnic,74239,False,
REWE,74243,False,
Flink,74243,False,
Knuspr,74243,False,
Picnic,74243,False,
REWE,74245,False,
Flink,74245,False,
Knuspr,74245,False,
Picnic,74245,False,
REWE,74246,True,
Flink,74246,True,
Knuspr,74246,True,
Picnic,74246,True,
REWE,74248,True,
Flink,74248,True,
Knuspr,74248,True,
Picnic,74248,True,
REWE,74249,False,
Flink,74249,False,
Knuspr,74249,False,
Picnic,74249,False,
REWE,74251,False,
Flink,74251,False,
Knuspr,74251,False,
Picnic,74251,False,
REWE,74252,True,
Flink,74252,True,
Knuspr,74252,True,
Picnic,74252,True,
REWE,74254,True,
Flink,74254,True,
Knuspr,74254,True,
Picnic,74254,True,
REWE,74255,False,
Flink,74255,False,
Knuspr,74255,False,
Picnic,74255,False,
REWE,74257,False,
Flink,74257,False,
Knuspr,74257,False,
Picnic,74257,False,
REWE,74259,False,
Flink,74259,False,
Knuspr,74259,False,
Picnic,74259,False,
REWE,74321,False,
Flink,74321,False,
Knuspr,74321,False,
Picnic,74321,False,
REWE,74336,True,
Flink,74336,True,
Knuspr,74336,True,
Picnic,74336,True,
REWE,74337,False,
Flink,74337,False,
Knuspr,74337,False,
Picnic,74337,False,
REWE,74343,False,
Flink,74343,False,
Knuspr,74343,False,
Picnic,74343,False,
REWE,74348,True,
Flink,74348,True,
Knuspr,74348,True,
Picnic,74348,True,
REWE,74354,True,
Flink,74354,True,
Knuspr,74354,True,
Picnic,74354,True,
REWE,74357,False,
Flink,74357,False,
Knuspr,74357,False,
Picnic,74357,False,
REWE,74360,True,
Flink,74360,True,
Knuspr,74360,True,
Picnic,74360,True,
REWE,74363,False,
Flink,74363,False,
Knuspr,74363,False,
Picnic,74363,False,
REWE,74366,True,
Flink,74366,True,
Knuspr,74366,True,
Picnic,74366,True,
REWE,74369,False,
Flink,74369,False,
Knuspr,74369,False,
Picnic,74369,False,
REWE,74372,True,
Flink,74372,True,
Knuspr,74372,True,
Picnic,74372,True,
REWE,74374,True,
Flink,74374,True,
Knuspr,74374,True,
Picnic,74374,True,
REWE,74376,True,
Flink,74376,True,
Knuspr,74376,True,
Picnic,74376,True,
REWE,74379,False,
Flink,74379,False,
Knuspr,74379,False,
Picnic,74379,False,
REWE,74382,True,
Flink,74382,True,
Knuspr,74382,True,
Picnic,74382,True,
REWE,74385,False,
Flink,74385,False,
Knuspr,74385,False,
Picnic,74385,False,
REWE,74388,True,
Flink,74388,True,
Knuspr,74388,True,
Picnic,74388,True,
REWE,74389,False,
Flink,74389,False,
Knuspr,74389,False,
Picnic,74389,False,
REWE,74391,False,
Flink,74391,False,
Knuspr,74391,False,
Picnic,74391,False,
REWE,74392,True,
Flink,74392,True,
Knuspr,74392,True,
Picnic,74392,True,
REWE,74394,True,
Flink,74394,True,
Knuspr,74394,True,
Picnic,74394,True,
REWE,74395,False,
Flink,74395,False,
Knuspr,74395,False,
Picnic,74395,False,
REWE,74397,False,
Flink,74397,False,
Knuspr,74397,False,
Picnic,74397,False,
REWE,74399,False,
Flink,74399,False,
Knuspr,74399,False,
Picnic,74399,False,
REWE,74405,False,
Flink,74405,False,
Knuspr,74405,False,
Picnic,74405,False,
REWE,74417,False,
Flink,74417,False,
Knuspr,74417,False,
Picnic,74417,False,
REWE,74420,True,
Flink,74420,True,
Knuspr,74420,True,
Picnic,74420,True,
REWE,74423,False,
Flink,74423,False,
Knuspr,74423,False,
Picnic,74423,False,
REWE,74424,True,
Flink,74424,True,
Knuspr,74424,True,
Picnic,74424,True,
REWE,74426,True,
Flink,74426,True,
Knuspr,74426,True,
Picnic,74426,True,
REWE,74427,False,
Flink,74427,False,
Knuspr,74427,False,
Picnic,74427,False,
REWE,74429,False,
Flink,74429,False,
Knuspr,74429,False,
Picnic,74429,False,
REWE,74523,False,
Flink,74523,False,
Knuspr,74523,False,
Picnic,74523,False,
REWE,74532,True,
Flink,74532,True,
Knuspr,74532,True,
Picnic,74532,True,
REWE,74535,False,
Flink,74535,False,
Knuspr,74535,False,
Picnic,74535,False,
REWE,74538,True,
Flink,74538,True,
Knuspr,74538,True,
Picnic,74538,True,
REWE,74541,False,
Flink,74541,False,
Knuspr,74541,False,
Picnic,74541,False,
REWE,74542,True,
Flink,74542,True,
Knuspr,74542,True,
Picnic,74542,True,
REWE,74544,True,
Flink,74544,True,
Knuspr,74544,True,
Picnic,74544,True,
REWE,74545,False,
Flink,74545,False,
Knuspr,74545,False,
Picnic,74545,False,
REWE,74547,False,
Flink,74547,False,
Knuspr,74547,False,
Picnic,74547,False,
REWE,74549,False,
Flink,74549,False,
Knuspr,74549,False,
Picnic,74549,False,
REWE,74564,True,
Flink,74564,True,
Knuspr,74564,True,
Picnic,74564,True,
REWE,74572,True,
Flink,74572,True,
Knuspr,74572,True,
Picnic,74572,True,
REWE,74575,False,
Flink,74575,False,
Knuspr,74575,False,
Picnic,74575,False,
REWE,74579,False,
Flink,74579,False,
Knuspr,74579,False,
Picnic,74579,False,
REWE,74582,True,
Flink,74582,True,
Knuspr,74582,True,
Picnic,74582,True,
REWE,74585,False,
Flink,74585,False,
Knuspr,74585,False,
Picnic,74585,False,
REWE,74586,True,
Flink,74586,True,
Knuspr,74586,True,
Picnic,74586,True,
REWE,74589,False,
Flink,74589,False,
Knuspr,74589,False,
Picnic,74589,False,
REWE,74592,True,
Flink,74592,True,
Knuspr,74592,True,
Picnic,74592,True,
REWE,74594,True,
Flink,74594,True,
Knuspr,74594,True,
Picnic,74594,True,
REWE,74595,False,
Flink,74595,False,
Knuspr,74595,False,
Picnic,74595,False,
REWE,74597,False,
Flink,74597,False,
Knuspr,74597,False,
Picnic,74597,False,
REWE,74599,False,
Flink,74599,False,
Knuspr,74599,False,
Picnic,74599,False,
REWE,74613,False,
Flink,74613,False,
Knuspr,74613,False,
Picnic,74613,False,
REWE,74626,True,
Flink,74626,True,
Knuspr,74626,True,
Picnic,74626,True,
REWE,74629,False,
Flink,74629,False,
Knuspr,74629,False,
Picnic,74629,False,
REWE,74632,True,
Flink,74632,True,
Knuspr,74632,True,
Picnic,74632,True,
REWE,74635,False,
Flink,74635,False,
Knuspr,74635,False,
Picnic,74635,False,
REWE,74638,True,
Flink,74638,True,
Knuspr,74638,True,
Picnic,74638,True,
REWE,74639,False,
Flink,74639,False,
Knuspr,74639,False,
Picnic,74639,False,
REWE,74653,False,
Flink,74653,False,
Knuspr,74653,False,
Picnic,74653,False,
REWE,74670,True,
Flink,74670,True,
Knuspr,74670,True,
Picnic,74670,True,
REWE,74673,False,
Flink,74673,False,
Knuspr,74673,False,
Picnic,74673,False,
REWE,74676,True,
Flink,74676,True,
Knuspr,74676,True,
Picnic,74676,True,
REWE,74677,False,
Flink,74677,False,
Knuspr,74677,False,
Picnic,74677,False,
REWE,74679,False,
Flink,74679,False,
Knuspr,74679,False,
Picnic,74679,False,
REWE,74744,True,
Flink,74744,True,
Knuspr,74744,True,
Picnic,74744,True,
REWE,74831,False,
Flink,74831,False,
Knuspr,74831,False,
Picnic,74831,False,
REWE,74832,True,
Flink,74832,True,
Knuspr,74832,True,
Picnic,74832,True,
REWE,74861,False,
Flink,74861,False,
Knuspr,74861,False,
Picnic,74861,False,
REWE,74906,True,
Flink,74906,True,
Knuspr,74906,True,
Picnic,74906,True,
REWE,74912,True,
Flink,74912,True,
Knuspr,74912,True,
Picnic,74912,True,
REWE,74930,True,
Flink,74930,True,
Knuspr,74930,True,
Picnic,74930,True,
REWE,74936,True,
Flink,74936,True,
Knuspr,74936,True,
Picnic,74936,True,
REWE,75031,False,
Flink,75031,False,
Knuspr,75031,False,
Picnic,75031,False,
REWE,75050,True,
Flink,75050,True,
Knuspr,75050,True,
Picnic,75050,True,
REWE,75392,True,
Flink,75392,True,
Knuspr,75392,True,
Picnic,75392,True,
REWE,89168,True,
Flink,89168,True,
Knuspr,89168,True,
Picnic,89168,True,
REWE,89518,True,
Flink,89518,True,
Knuspr,89518,True,
Picnic,89518,True,
REWE,89520,True,
Flink,89520,True,
Knuspr,89520,True,
Picnic,89520,True,
REWE,89522,True,
Flink,89522,True,
Knuspr,89522,True,
Picnic,89522,True,
REWE,89537,False,
Flink,89537,False,
Knuspr,89537,False,
Picnic,89537,False,
REWE,89542,True,
Flink,89542,True,
Knuspr,89542,True,
Picnic,89542,True,
REWE,89547,False,
Flink,89547,False,
Knuspr,89547,False,
Picnic,89547,False,
REWE,89551,False,
Flink,89551,False,
Knuspr,89551,False,
Picnic,89551,False,
REWE,89555,False,
Flink,89555,False,
Knuspr,89555,False,
Picnic,89555,False,
REWE,89558,True,
Flink,89558,True,
Knuspr,89558,True,
Picnic,89558,True,
REWE,89561,False,
Flink,89561,False,
Knuspr,89561,False,
Picnic,89561,False,
REWE,89564,True,
Flink,89564,True,
Knuspr,89564,True,
Picnic,89564,True,
REWE,89567,False,
Flink,89567,False,
Knuspr,89567,False,
Picnic,89567,False,
REWE,89568,True,
Flink,89568,True,
Knuspr,89568,True,
Picnic,89568,True,
REWE,97877,False,
Flink,97877,False,
Knuspr,97877,False,
Picnic,97877,False,
REWE,97896,True,
Flink,97896,True,
Knuspr,97896,True,
Picnic,97896,True,
REWE,97900,True,
Flink,97900,True,
Knuspr,97900,True,
Picnic,97900,True,
REWE,97922,True,
Flink,97922,True,
Knuspr,97922,True,
Picnic,97922,True,
REWE,97941,False,
Flink,97941,False,
Knuspr,97941,False,
Picnic,97941,False,
REWE,97944,True,
Flink,97944,True,
Knuspr,97944,True,
Picnic,97944,True,
REWE,97947,False,
Flink,97947,False,
Knuspr,97947,False,
Picnic,97947,False,
REWE,97950,True,
Flink,97950,True,
Knuspr,97950,True,
Picnic,97950,True,
REWE,97953,False,
Flink,97953,False,
Knuspr,97953,False,
Picnic,97953,False,
REWE,97956,True,
Flink,97956,True,
Knuspr,97956,True,
Picnic,97956,True,
REWE,97957,False,
Flink,97957,False,
Knuspr,97957,False,
Picnic,97957,False,
REWE,97959,False,
Flink,97959,False,
Knuspr,97959,False,
Picnic,97959,False,
REWE,97980,True,
Flink,97980,True,
Knuspr,97980,True,
Picnic,97980,True,
REWE,97990,True,
Flink,97990,True,
Knuspr,97990,True,
Picnic,97990,True,
REWE,97993,False,
Flink,97993,False,
Knuspr,97993,False,
Picnic,97993,False,
REWE,97996,True,
Flink,97996,True,
Knuspr,97996,True,
Picnic,97996,True,
REWE,97999,False,
Flink,97999,False,
Knuspr,97999,False,
Picnic,97999,False,
REWE,68159,False,
Flink,68159,False,
Knuspr,68159,False,
Picnic,68159,False,
REWE,68161,False,
Flink,68161,False,
Knuspr,68161,False,
Picnic,68161,False,
REWE,68163,False,
Flink,68163,False,
Knuspr,68163,False,
Picnic,68163,False,
REWE,68165,False,
Flink,68165,False,
Knuspr,68165,False,
Picnic,68165,False,
REWE,68167,False,
Flink,68167,False,
Knuspr,68167,False,
Picnic,68167,False,
REWE,68169,False,
Flink,68169,False,
Knuspr,68169,False,
Picnic,68169,False,
REWE,68199,False,
Flink,68199,False,
Knuspr,68199,False,
Picnic,68199,False,
REWE,68219,False,
Flink,68219,False,
Knuspr,68219,False,
Picnic,68219,False,
REWE,68229,False,
Flink,68229,False,
Knuspr,68229,False,
Picnic,68229,False,
REWE,68239,False,
Flink,68239,False,
Knuspr,68239,False,
Picnic,68239,False,
REWE,68259,False,
Flink,68259,False,
Knuspr,68259,False,
Picnic,68259,False,
REWE,68305,False,
Flink,68305,False,
Knuspr,68305,False,
Picnic,68305,False,
REWE,68307,False,
Flink,68307,False,
Knuspr,68307,False,
Picnic,68307,False,
REWE,68309,False,
Flink,68309,False,
Knuspr,68309,False,
Picnic,68309,False,
REWE,68526,True,
Flink,68526,True,
Knuspr,68526,True,
Picnic,68526,True,
REWE,68535,False,
Flink,68535,False,
Knuspr,68535,False,
Picnic,68535,False,
REWE,68542,True,
Flink,68542,True,
Knuspr,68542,True,
Picnic,68542,True,
REWE,68549,False,
Flink,68549,False,
Knuspr,68549,False,
Picnic,68549,False,
REWE,68723,False,
Flink,68723,False,
Knuspr,68723,False,
Picnic,68723,False,
REWE,68753,False,
Flink,68753,False,
Knuspr,68753,False,
Picnic,68753,False,
REWE,68766,True,
Flink,68766,True,
Knuspr,68766,True,
Picnic,68766,True,
REWE,68775,False,
Flink,68775,False,
Knuspr,68775,False,
Picnic,68775,False,
REWE,68782,True,
Flink,68782,True,
Knuspr,68782,True,
Picnic,68782,True,
REWE,68789,False,
Flink,68789,False,
Knuspr,68789,False,
Picnic,68789,False,
REWE,68794,True,
Flink,68794,True,
Knuspr,68794,True,
Picnic,68794,True,
REWE,68799,False,
Flink,68799,False,
Knuspr,68799,False,
Picnic,68799,False,
REWE,68804,True,
Flink,68804,True,
Knuspr,68804,True,
Picnic,68804,True,
REWE,68809,False,
Flink,68809,False,
Knuspr,68809,False,
Picnic,68809,False,
REWE,69115,False,
Flink,69115,False,
Knuspr,69115,False,
Picnic,69115,False,
REWE,69117,False,
Flink,69117,False,
Knuspr,69117,False,
Picnic,69117,False,
REWE,69118,True,
Flink,69118,True,
Knuspr,69118,True,
Picnic,69118,True,
REWE,69120,True,
Flink,69120,True,
Knuspr,69120,True,
Picnic,69120,True,
REWE,69121,False,
Flink,69121,False,
Knuspr,69121,False,
Picnic,69121,False,
REWE,69123,False,
Flink,69123,False,
Knuspr,69123,False,
Picnic,69123,False,
REWE,69124,True,
Flink,69124,True,
Knuspr,69124,True,
Picnic,69124,True,
REWE,69126,True,
Flink,69126,True,
Knuspr,69126,True,
Picnic,69126,True,
REWE,69151,False,
Flink,69151,False,
Knuspr,69151,False,
Picnic,69151,False,
REWE,69168,True,
Flink,69168,True,
Knuspr,69168,True,
Picnic,69168,True,
REWE,69181,False,
Flink,69181,False,
Knuspr,69181,False,
Picnic,69181,False,
REWE,69190,True,
Flink,69190,True,
Knuspr,69190,True,
Picnic,69190,True,
REWE,69198,True,
Flink,69198,True,
Knuspr,69198,True,
Picnic,69198,True,
REWE,69207,False,
Flink,69207,False,
Knuspr,69207,False,
Picnic,69207,False,
REWE,69214,True,
Flink,69214,True,
Knuspr,69214,True,
Picnic,69214,True,
REWE,69221,False,
Flink,69221,False,
Knuspr,69221,False,
Picnic,69221,False,
REWE,69226,True,
Flink,69226,True,
Knuspr,69226,True,
Picnic,69226,True,
REWE,69231,False,
Flink,69231,False,
Knuspr,69231,False,
Picnic,69231,False,
REWE,69234,True,
Flink,69234,True,
Knuspr,69234,True,
Picnic,69234,True,
REWE,69242,True,
Flink,69242,True,
Knuspr,69242,True,
Picnic,69242,True,
REWE,69245,False,
Flink,69245,False,
Knuspr,69245,False,
Picnic,69245,False,
REWE,69250,True,
Flink,69250,True,
Knuspr,69250,True,
Picnic,69250,True,
REWE,69251,False,
Flink,69251,False,
Knuspr,69251,False,
Picnic,69251,False,
REWE,69253,False,
Flink,69253,False,
Knuspr,69253,False,
Picnic,69253,False,
REWE,69254,True,
Flink,69254,True,
Knuspr,69254,True,
Picnic,69254,True,
REWE,69256,True,
Flink,69256,True,
Knuspr,69256,True,
Picnic,69256,True,
REWE,69257,False,
Flink,69257,False,
Knuspr,69257,False,
Picnic,69257,False,
REWE,69259,False,
Flink,69259,False,
Knuspr,69259,False,
Picnic,69259,False,
REWE,69412,True,
Flink,69412,True,
Knuspr,69412,True,
Picnic,69412,True,
REWE,69427,False,
Flink,69427,False,
Knuspr,69427,False,
Picnic,69427,False,
REWE,69429,False,
Flink,69429,False,
Knuspr,69429,False,
Picnic,69429,False,
REWE,69434,True,
Flink,69434,True,
Knuspr,69434,True,
Picnic,69434,True,
REWE,69436,True,
Flink,69436,True,
Knuspr,69436,True,
Picnic,69436,True,
REWE,69437,False,
Flink,69437,False,
Knuspr,69437,False,
Picnic,69437,False,
REWE,69439,False,
Flink,69439,False,
Knuspr,69439,False,
Picnic,69439,False,
REWE,69469,False,
Flink,69469,False,
Knuspr,69469,False,
Picnic,69469,False,
REWE,69493,False,
Flink,69493,False,
Knuspr,69493,False,
Picnic,69493,False,
REWE,69502,True,
Flink,69502,True,
Knuspr,69502,True,
Picnic,69502,True,
REWE,69514,True,
Flink,69514,True,
Knuspr,69514,True,
Picnic,69514,True,
REWE,71292,True,
Flink,71292,True,
Knuspr,71292,True,
Picnic,71292,True,
REWE,71296,True,
Flink,71296,True,
Knuspr,71296,True,
Picnic,71296,True,
REWE,71297,False,
Flink,71297,False,
Knuspr,71297,False,
Picnic,71297,False,
REWE,71299,False,
Flink,71299,False,
Knuspr,71299,False,
Picnic,71299,False,
REWE,72160,True,
Flink,72160,True,
Knuspr,72160,True,
Picnic,72160,True,
REWE,72178,True,
Flink,72178,True,
Knuspr,72178,True,
Picnic,72178,True,
REWE,72184,True,
Flink,72184,True,
Knuspr,72184,True,
Picnic,72184,True,
REWE,72186,True,
Flink,72186,True,
Knuspr,72186,True,
Picnic,72186,True,
REWE,72202,True,
Flink,72202,True,
Knuspr,72202,True,
Picnic,72202,True,
REWE,72213,False,
Flink,72213,False,
Knuspr,72213,False,
Picnic,72213,False,
REWE,72218,True,
Flink,72218,True,
Knuspr,72218,True,
Picnic,72218,True,
REWE,72221,False,
Flink,72221,False,
Knuspr,72221,False,
Picnic,72221,False,
REWE,72224,True,
Flink,72224,True,
Knuspr,72224,True,
Picnic,72224,True,
REWE,72226,True,
Flink,72226,True,
Knuspr,72226,True,
Picnic,72226,True,
REWE,72227,False,
Flink,72227,False,
Knuspr,72227,False,
Picnic,72227,False,
REWE,72229,False,
Flink,72229,False,
Knuspr,72229,False,
Picnic,72229,False,
REWE,72250,True,
Flink,72250,True,
Knuspr,72250,True,
Picnic,72250,True,
REWE,72270,True,
Flink,72270,True,
Knuspr,72270,True,
Picnic,72270,True,
REWE,72275,False,
Flink,72275,False,
Knuspr,72275,False,
Picnic,72275,False,
REWE,72280,True,
Flink,72280,True,
Knuspr,72280,True,
Picnic,72280,True,
REWE,72285,False,
Flink,72285,False,
Knuspr,72285,False,
Picnic,72285,False,
REWE,72290,True,
Flink,72290,True,
Knuspr,72290,True,
Picnic,72290,True,
REWE,72291,False,
Flink,72291,False,
Knuspr,72291,False,
Picnic,72291,False,
REWE,72293,False,
Flink,72293,False,
Knuspr,72293,False,
Picnic,72293,False,
REWE,72294,True,
Flink,72294,True,
Knuspr,72294,True,
Picnic,72294,True,
REWE,72296,True,
Flink,72296,True,
Knuspr,72296,True,
Picnic,72296,True,
REWE,72297,False,
Flink,72297,False,
Knuspr,72297,False,
Picnic,72297,False,
REWE,72299,False,
Flink,72299,False,
Knuspr,72299,False,
Picnic,72299,False,
REWE,74706,True,
Flink,74706,True,
Knuspr,74706,True,
Picnic,74706,True,
REWE,74722,True,
Flink,74722,True,
Knuspr,74722,True,
Picnic,74722,True,
REWE,74731,False,
Flink,74731,False,
Knuspr,74731,False,
Picnic,74731,False,
REWE,74736,True,
Flink,74736,True,
Knuspr,74736,True,
Picnic,74736,True,
REWE,74740,True,
Flink,74740,True,
Knuspr,74740,True,
Picnic,74740,True,
REWE,74743,False,
Flink,74743,False,
Knuspr,74743,False,
Picnic,74743,False,
REWE,74746,True,
Flink,74746,True,
Knuspr,74746,True,
Picnic,74746,True,
REWE,74747,False,
Flink,74747,False,
Knuspr,74747,False,
Picnic,74747,False,
REWE,74749,False,
Flink,74749,False,
Knuspr,74749,False,
Picnic,74749,False,
REWE,74821,False,
Flink,74821,False,
Knuspr,74821,False,
Picnic,74821,False,
REWE,74834,True,
Flink,74834,True,
Knuspr,74834,True,
Picnic,74834,True,
REWE,74838,True,
Flink,74838,True,
Knuspr,74838,True,
Picnic,74838,True,
REWE,74842,True,
Flink,74842,True,
Knuspr,74842,True,
Picnic,74842,True,
REWE,74847,False,
Flink,74847,False,
Knuspr,74847,False,
Picnic,74847,False,
REWE,74850,True,
Flink,74850,True,
Knuspr,74850,True,
Picnic,74850,True,
REWE,74855,False,
Flink,74855,False,
Knuspr,74855,False,
Picnic,74855,False,
REWE,74858,True,
Flink,74858,True,
Knuspr,74858,True,
Picnic,74858,True,
REWE,74862,True,
Flink,74862,True,
Knuspr,74862,True,
Picnic,74862,True,
REWE,74864,True,
Flink,74864,True,
Knuspr,74864,True,
Picnic,74864,True,
REWE,74865,False,
Flink,74865,False,
Knuspr,74865,False,
Picnic,74865,False,
REWE,74867,False,
Flink,74867,False,
Knuspr,74867,False,
Picnic,74867,False,
REWE,74869,False,
Flink,74869,False,
Knuspr,74869,False,
Picnic,74869,False,
REWE,74889,False,
Flink,74889,False,
Knuspr,74889,False,
Picnic,74889,False,
REWE,74909,False,
Flink,74909,False,
Knuspr,74909,False,
Picnic,74909,False,
REWE,74915,False,
Flink,74915,False,
Knuspr,74915,False,
Picnic,74915,False,
REWE,74918,True,
Flink,74918,True,
Knuspr,74918,True,
Picnic,74918,True,
REWE,74921,False,
Flink,74921,False,
Knuspr,74921,False,
Picnic,74921,False,
REWE,74924,True,
Flink,74924,True,
Knuspr,74924,True,
Picnic,74924,True,
REWE,74925,False,
Flink,74925,False,
Knuspr,74925,False,
Picnic,74925,False,
REWE,74927,False,
Flink,74927,False,
Knuspr,74927,False,
Picnic,74927,False,
REWE,74928,True,
Flink,74928,True,
Knuspr,74928,True,
Picnic,74928,True,
REWE,74931,False,
Flink,74931,False,
Knuspr,74931,False,
Picnic,74931,False,
REWE,74933,False,
Flink,74933,False,
Knuspr,74933,False,
Picnic,74933,False,
REWE,74934,True,
Flink,74934,True,
Knuspr,74934,True,
Picnic,74934,True,
REWE,74937,False,
Flink,74937,False,
Knuspr,74937,False,
Picnic,74937,False,
REWE,74939,False,
Flink,74939,False,
Knuspr,74939,False,
Picnic,74939,False,
REWE,75015,False,
Flink,75015,False,
Knuspr,75015,False,
Picnic,75015,False,
REWE,75038,True,
Flink,75038,True,
Knuspr,75038,True,
Picnic,75038,True,
REWE,75045,False,
Flink,75045,False,
Knuspr,75045,False,
Picnic,75045,False,
REWE,75053,False,
Flink,75053,False,
Knuspr,75053,False,
Picnic,75053,False,
REWE,75056,True,
Flink,75056,True,
Knuspr,75056,True,
Picnic,75056,True,
REWE,75057,False,
Flink,75057,False,
Knuspr,75057,False,
Picnic,75057,False,
REWE,75059,False,
Flink,75059,False,
Knuspr,75059,False,
Picnic,75059,False,
REWE,75172,True,
Flink,75172,True,
Knuspr,75172,True,
Picnic,75172,True,
REWE,75173,False,
Flink,75173,False,
Knuspr,75173,False,
Picnic,75173,False,
REWE,75175,False,
Flink,75175,False,
Knuspr,75175,False,
Picnic,75175,False,
REWE,75177,False,
Flink,75177,False,
Knuspr,75177,False,
Picnic,75177,False,
REWE,75179,False,
Flink,75179,False,
Knuspr,75179,False,
Picnic,75179,False,
REWE,75180,True,
Flink,75180,True,
Knuspr,75180,True,
Picnic,75180,True,
REWE,75181,False,
Flink,75181,False,
Knuspr,75181,False,
Picnic,75181,False,
REWE,75196,True,
Flink,75196,True,
Knuspr,75196,True,
Picnic,75196,True,
REWE,75203,False,
Flink,75203,False,
Knuspr,75203,False,
Picnic,75203,False,
REWE,75210,True,
Flink,75210,True,
Knuspr,75210,True,
Picnic,75210,True,
REWE,75217,False,
Flink,75217,False,
Knuspr,75217,False,
Picnic,75217,False,
REWE,75223,False,
Flink,75223,False,
Knuspr,75223,False,
Picnic,75223,False,
REWE,75228,True,
Flink,75228,True,
Knuspr,75228,True,
Picnic,75228,True,
REWE,75233,False,
Flink,75233,False,
Knuspr,75233,False,
Picnic,75233,False,
REWE,75236,True,
Flink,75236,True,
Knuspr,75236,True,
Picnic,75236,True,
REWE,75239,False,
Flink,75239,False,
Knuspr,75239,False,
Picnic,75239,False,
REWE,75242,True,
Flink,75242,True,
Knuspr,75242,True,
Picnic,75242,True,
REWE,75245,False,
Flink,75245,False,
Knuspr,75245,False,
Picnic,75245,False,
REWE,75248,True,
Flink,75248,True,
Knuspr,75248,True,
Picnic,75248,True,
REWE,75249,False,
Flink,75249,False,
Knuspr,75249,False,
Picnic,75249,False,
REWE,75305,False,
Flink,75305,False,
Knuspr,75305,False,
Picnic,75305,False,
REWE,75323,False,
Flink,75323,False,
Knuspr,75323,False,
Picnic,75323,False,
REWE,75328,True,
Flink,75328,True,
Knuspr,75328,True,
Picnic,75328,True,
REWE,75331,False,
Flink,75331,False,
Knuspr,75331,False,
Picnic,75331,False,
REWE,75334,True,
Flink,75334,True,
Knuspr,75334,True,
Picnic,75334,True,
REWE,75335,False,
Flink,75335,False,
Knuspr,75335,False,
Picnic,75335,False,
REWE,75337,False,
Flink,75337,False,
Knuspr,75337,False,
Picnic,75337,False,
REWE,75339,False,
Flink,75339,False,
Knuspr,75339,False,
Picnic,75339,False,
REWE,75365,False,
Flink,75365,False,
Knuspr,75365,False,
Picnic,75365,False,
REWE,75378,True,
Flink,75378,True,
Knuspr,75378,True,
Picnic,75378,True,
REWE,75382,True,
Flink,75382,True,
Knuspr,75382,True,
Picnic,75382,True,
REWE,75385,False,
Flink,75385,False,
Knuspr,75385,False,
Picnic,75385,False,
REWE,75387,False,
Flink,75387,False,
Knuspr,75387,False,
Picnic,75387,False,
REWE,75389,False,
Flink,75389,False,
Knuspr,75389,False,
Picnic,75389,False,
REWE,75391,False,
Flink,75391,False,
Knuspr,75391,False,
Picnic,75391,False,
REWE,75394,True,
Flink,75394,True,
Knuspr,75394,True,
Picnic,75394,True,
REWE,75395,False,
Flink,75395,False,
Knuspr,75395,False,
Picnic,75395,False,
REWE,75397,False,
Flink,75397,False,
Knuspr,75397,False,
Picnic,75397,False,
REWE,75399,False,
Flink,75399,False,
Knuspr,75399,False,
Picnic,75399,False,
REWE,75417,False,
Flink,75417,False,
Knuspr,75417,False,
Picnic,75417,False,
REWE,75428,True,
Flink,75428,True,
Knuspr,75428,True,
Picnic,75428,True,
REWE,75433,False,
Flink,75433,False,
Knuspr,75433,False,
Picnic,75433,False,
REWE,75438,True,
Flink,75438,True,
Knuspr,75438,True,
Picnic,75438,True,
REWE,75443,False,
Flink,75443,False,
Knuspr,75443,False,
Picnic,75443,False,
REWE,75446,True,
Flink,75446,True,
Knuspr,75446,True,
Picnic,75446,True,
REWE,75447,False,
Flink,75447,False,
Knuspr,75447,False,
Picnic,75447,False,
REWE,75449,False,
Flink,75449,False,
Knuspr,75449,False,
Picnic,75449,False,
REWE,76006,True,
Flink,76006,True,
Knuspr,76006,True,
Picnic,76006,True,
REWE,76131,False,
Flink,76131,False,
Knuspr,76131,False,
Picnic,76131,False,
REWE,76133,False,
Flink,76133,False,
Knuspr,76133,False,
Picnic,76133,False,
REWE,76135,False,
Flink,76135,False,
Knuspr,76135,False,
Picnic,76135,False,
REWE,76137,False,
Flink,76137,False,
Knuspr,76137,False,
Picnic,76137,False,
REWE,76139,False,
Flink,76139,False,
Knuspr,76139,False,
Picnic,76139,False,
REWE,76149,False,
Flink,76149,False,
Knuspr,76149,False,
Picnic,76149,False,
REWE,76185,False,
Flink,76185,False,
Knuspr,76185,False,
Picnic,76185,False,
REWE,76187,False,
Flink,76187,False,
Knuspr,76187,False,
Picnic,76187,False,
REWE,76189,False,
Flink,76189,False,
Knuspr,76189,False,
Picnic,76189,False,
REWE,76199,False,
Flink,76199,False,
Knuspr,76199,False,
Picnic,76199,False,
REWE,76227,False,
Flink,76227,False,
Knuspr,76227,False,
Picnic,76227,False,
REWE,76228,True,
Flink,76228,True,
Knuspr,76228,True,
Picnic,76228,True,
REWE,76229,False,
Flink,76229,False,
Knuspr,76229,False,
Picnic,76229,False,
REWE,76275,False,
Flink,76275,False,
Knuspr,76275,False,
Picnic,76275,False,
REWE,76287,False,
Flink,76287,False,
Knuspr,76287,False,
Picnic,76287,False,
REWE,76297,False,
Flink,76297,False,
Knuspr,76297,False,
Picnic,76297,False,
REWE,76307,False,
Flink,76307,False,
Knuspr,76307,False,
Picnic,76307,False,
REWE,76316,True,
Flink,76316,True,
Knuspr,76316,True,
Picnic,76316,True,
REWE,76327,False,
Flink,76327,False,
Knuspr,76327,False,
Picnic,76327,False,
REWE,76332,True,
Flink,76332,True,
Knuspr,76332,True,
Picnic,76332,True,
REWE,76337,False,
Flink,76337,False,
Knuspr,76337,False,
Picnic,76337,False,
REWE,76344,True,
Flink,76344,True,
Knuspr,76344,True,
Picnic,76344,True,
REWE,76351,False,
Flink,76351,False,
Knuspr,76351,False,
Picnic,76351,False,
REWE,76356,True,
Flink,76356,True,
Knuspr,76356,True,
Picnic,76356,True,
REWE,76359,False,
Flink,76359,False,
Knuspr,76359,False,
Picnic,76359,False,
REWE,76437,False,
Flink,76437,False,
Knuspr,76437,False,
Picnic,76437,False,
REWE,76448,True,
Flink,76448,True,
Knuspr,76448,True,
Picnic,76448,True,
REWE,76456,True,
Flink,76456,True,
Knuspr,76456,True,
Picnic,76456,True,
REWE,76461,False,
Flink,76461,False,
Knuspr,76461,False,
Picnic,76461,False,
REWE,76467,False,
Flink,76467,False,
Knuspr,76467,False,
Picnic,76467,False,
REWE,76470,True,
Flink,76470,True,
Knuspr,76470,True,
Picnic,76470,True,
REWE,76473,False,
Flink,76473,False,
Knuspr,76473,False,
Picnic,76473,False,
REWE,76474,True,
Flink,76474,True,
Knuspr,76474,True,
Picnic,76474,True,
REWE,76476,True,
Flink,76476,True,
Knuspr,76476,True,
Picnic,76476,True,
REWE,76477,False,
Flink,76477,False,
Knuspr,76477,False,
Picnic,76477,False,
REWE,76479,False,
Flink,76479,False,
Knuspr,76479,False,
Picnic,76479,False,
REWE,76530,True,
Flink,76530,True,
Knuspr,76530,True,
Picnic,76530,True,
REWE,76532,True,
Flink,76532,True,
Knuspr,76532,True,
Picnic,76532,True,
REWE,76534,True,
Flink,76534,True,
Knuspr,76534,True,
Picnic,76534,True,
REWE,76547,False,
Flink,76547,False,
Knuspr,76547,False,
Picnic,76547,False,
REWE,76549,False,
Flink,76549,False,
Knuspr,76549,False,
Picnic,76549,False,
REWE,76571,False,
Flink,76571,False,
Knuspr,76571,False,
Picnic,76571,False,
REWE,76593,False,
Flink,76593,False,
Knuspr,76593,False,
Picnic,76593,False,
REWE,76596,True,
Flink,76596,True,
Knuspr,76596,True,
Picnic,76596,True,
REWE,76597,False,
Flink,76597,False,
Knuspr,76597,False,
Picnic,76597,False,
REWE,76599,False,
Flink,76599,False,
Knuspr,76599,False,
Picnic,76599,False,
REWE,76646,True,
Flink,76646,True,
Knuspr,76646,True,
Picnic,76646,True,
REWE,76661,False,
Flink,76661,False,
Knuspr,76661,False,
Picnic,76661,False,
REWE,76669,False,
Flink,76669,False,
Knuspr,76669,False,
Picnic,76669,False,
REWE,76676,True,
Flink,76676,True,
Knuspr,76676,True,
Picnic,76676,True,
REWE,76684,True,
Flink,76684,True,
Knuspr,76684,True,
Picnic,76684,True,
REWE,76689,False,
Flink,76689,False,
Knuspr,76689,False,
Picnic,76689,False,
REWE,76694,True,
Flink,76694,True,
Knuspr,76694,True,
Picnic,76694,True,
REWE,76698,True,
Flink,76698,True,
Knuspr,76698,True,
Picnic,76698,True,
REWE,76703,False,
Flink,76703,False,
Knuspr,76703,False,
Picnic,76703,False,
REWE,76706,True,
Flink,76706,True,
Knuspr,76706,True,
Picnic,76706,True,
REWE,76707,False,
Flink,76707,False,
Knuspr,76707,False,
Picnic,76707,False,
REWE,76709,False,
Flink,76709,False,
Knuspr,76709,False,
Picnic,76709,False,
REWE,77776,True,
Flink,77776,True,
Knuspr,77776,True,
Picnic,77776,True,
REWE,77815,False,
Flink,77815,False,
Knuspr,77815,False,
Picnic,77815,False,
REWE,77830,True,
Flink,77830,True,
Knuspr,77830,True,
Picnic,77830,True,
REWE,77833,False,
Flink,77833,False,
Knuspr,77833,False,
Picnic,77833,False,
REWE,77836,True,
Flink,77836,True,
Knuspr,77836,True,
Picnic,77836,True,
REWE,77839,False,
Flink,77839,False,
Knuspr,77839,False,
Picnic,77839,False,
REWE,72172,True,
Flink,72172,True,
Knuspr,72172,True,
Picnic,72172,True,
REWE,72175,False,
Flink,72175,False,
Knuspr,72175,False,
Picnic,72175,False,
REWE,72189,False,
Flink,72189,False,
Knuspr,72189,False,
Picnic,72189,False,
REWE,77652,True,
Flink,77652,True,
Knuspr,77652,True,
Picnic,77652,True,
REWE,77654,True,
Flink,77654,True,
Knuspr,77654,True,
Picnic,77654,True,
REWE,77656,True,
Flink,77656,True,
Knuspr,77656,True,
Picnic,77656,True,
REWE,77694,True,
Flink,77694,True,
Knuspr,77694,True,
Picnic,77694,True,
REWE,77704,True,
Flink,77704,True,
Knuspr,77704,True,
Picnic,77704,True,
REWE,77709,False,
Flink,77709,False,
Knuspr,77709,False,
Picnic,77709,False,
REWE,77716,True,
Flink,77716,True,
Knuspr,77716,True,
Picnic,77716,True,
REWE,77723,False,
Flink,77723,False,
Knuspr,77723,False,
Picnic,77723,False,
REWE,77728,True,
Flink,77728,True,
Knuspr,77728,True,
Picnic,77728,True,
REWE,77731,False,
Flink,77731,False,
Knuspr,77731,False,
Picnic,77731,False,
REWE,77736,True,
Flink,77736,True,
Knuspr,77736,True,
Picnic,77736,True,
REWE,77740,True,
Flink,77740,True,
Knuspr,77740,True,
Picnic,77740,True,
REWE,77743,False,
Flink,77743,False,
Knuspr,77743,False,
Picnic,77743,False,
REWE,77746,True,
Flink,77746,True,
Knuspr,77746,True,
Picnic,77746,True,
REWE,77749,False,
Flink,77749,False,
Knuspr,77749,False,
Picnic,77749,False,
REWE,77756,True,
Flink,77756,True,
Knuspr,77756,True,
Picnic,77756,True,
REWE,77761,False,
Flink,77761,False,
Knuspr,77761,False,
Picnic,77761,False,
REWE,77767,False,
Flink,77767,False,
Knuspr,77767,False,
Picnic,77767,False,
REWE,77770,True,
Flink,77770,True,
Knuspr,77770,True,
Picnic,77770,True,
REWE,77773,False,
Flink,77773,False,
Knuspr,77773,False,
Picnic,77773,False,
REWE,77781,False,
Flink,77781,False,
Knuspr,77781,False,
Picnic,77781,False,
REWE,77784,True,
Flink,77784,True,
Knuspr,77784,True,
Picnic,77784,True,
REWE,77787,False,
Flink,77787,False,
Knuspr,77787,False,
Picnic,77787,False,
REWE,77790,True,
Flink,77790,True,
Knuspr,77790,True,
Picnic,77790,True,
REWE,77791,False,
Flink,77791,False,
Knuspr,77791,False,
Picnic,77791,False,
REWE,77793,False,
Flink,77793,False,
Knuspr,77793,False,
Picnic,77793,False,
REWE,77794,True,
Flink,77794,True,
Knuspr,77794,True,
Picnic,77794,True,
REWE,77796,True,
Flink,77796,True,
Knuspr,77796,True,
Picnic,77796,True,
REWE,77797,False,
Flink,77797,False,
Knuspr,77797,False,
Picnic,77797,False,
REWE,77799,False,
Flink,77799,False,
Knuspr,77799,False,
Picnic,77799,False,
REWE,77855,False,
Flink,77855,False,
Knuspr,77855,False,
Picnic,77855,False,
REWE,77866,True,
Flink,77866,True,
Knuspr,77866,True,
Picnic,77866,True,
REWE,77871,False,
Flink,77871,False,
Knuspr,77871,False,
Picnic,77871,False,
REWE,77876,True,
Flink,77876,True,
Knuspr,77876,True,
Picnic,77876,True,
REWE,77880,True,
Flink,77880,True,
Knuspr,77880,True,
Picnic,77880,True,
REWE,77883,False,
Flink,77883,False,
Knuspr,77883,False,
Picnic,77883,False,
REWE,77886,True,
Flink,77886,True,
Knuspr,77886,True,
Picnic,77886,True,
REWE,77887,False,
Flink,77887,False,
Knuspr,77887,False,
Picnic,77887,False,
REWE,77889,False,
Flink,77889,False,
Knuspr,77889,False,
Picnic,77889,False,
REWE,77933,False,
Flink,77933,False,
Knuspr,77933,False,
Picnic,77933,False,
REWE,77944,True,
Flink,77944,True,
Knuspr,77944,True,
Picnic,77944,True,
REWE,77948,True,
Flink,77948,True,
Knuspr,77948,True,
Picnic,77948,True,
REWE,77955,False,
Flink,77955,False,
Knuspr,77955,False,
Picnic,77955,False,
REWE,77960,True,
Flink,77960,True,
Knuspr,77960,True,
Picnic,77960,True,
REWE,77963,False,
Flink,77963,False,
Knuspr,77963,False,
Picnic,77963,False,
REWE,77966,True,
Flink,77966,True,
Knuspr,77966,True,
Picnic,77966,True,
REWE,77971,False,
Flink,77971,False,
Knuspr,77971,False,
Picnic,77971,False,
REWE,77972,True,
Flink,77972,True,
Knuspr,77972,True,
Picnic,77972,True,
REWE,77974,True,
Flink,77974,True,
Knuspr,77974,True,
Picnic,77974,True,
REWE,77975,False,
Flink,77975,False,
Knuspr,77975,False,
Picnic,77975,False,
REWE,77977,False,
Flink,77977,False,
Knuspr,77977,False,
Picnic,77977,False,
REWE,77978,True,
Flink,77978,True,
Knuspr,77978,True,
Picnic,77978,True,
REWE,78048,True,
Flink,78048,True,
Knuspr,78048,True,
Picnic,78048,True,
REWE,78050,True,
Flink,78050,True,
Knuspr,78050,True,
Picnic,78050,True,
REWE,78052,True,
Flink,78052,True,
Knuspr,78052,True,
Picnic,78052,True,
REWE,78054,True,
Flink,78054,True,
Knuspr,78054,True,
Picnic,78054,True,
REWE,78056,True,
Flink,78056,True,
Knuspr,78056,True,
Picnic,78056,True,
REWE,78073,False,
Flink,78073,False,
Knuspr,78073,False,
Picnic,78073,False,
REWE,78078,True,
Flink,78078,True,
Knuspr,78078,True,
Picnic,78078,True,
REWE,78083,False,
Flink,78083,False,
Knuspr,78083,False,
Picnic,78083,False,
REWE,78086,True,
Flink,78086,True,
Knuspr,78086,True,
Picnic,78086,True,
REWE,78087,False,
Flink,78087,False,
Knuspr,78087,False,
Picnic,78087,False,
REWE,78089,False,
Flink,78089,False,
Knuspr,78089,False,
Picnic,78089,False,
REWE,78098,True,
Flink,78098,True,
Knuspr,78098,True,
Picnic,78098,True,
REWE,78112,True,
Flink,78112,True,
Knuspr,78112,True,
Picnic,78112,True,
REWE,78120,True,
Flink,78120,True,
Knuspr,78120,True,
Picnic,78120,True,
REWE,78126,True,
Flink,78126,True,
Knuspr,78126,True,
Picnic,78126,True,
REWE,78132,True,
Flink,78132,True,
Knuspr,78132,True,
Picnic,78132,True,
REWE,78136,True,
Flink,78136,True,
Knuspr,78136,True,
Picnic,78136,True,
REWE,78141,False,
Flink,78141,False,
Knuspr,78141,False,
Picnic,78141,False,
REWE,78144,True,
Flink,78144,True,
Knuspr,78144,True,
Picnic,78144,True,
REWE,78147,False,
Flink,78147,False,
Knuspr,78147,False,
Picnic,78147,False,
REWE,78148,True,
Flink,78148,True,
Knuspr,78148,True,
Picnic,78148,True,
REWE,78166,True,
Flink,78166,True,
Knuspr,78166,True,
Picnic,78166,True,
REWE,78176,True,
Flink,78176,True,
Knuspr,78176,True,
Picnic,78176,True,
REWE,78183,False,
Flink,78183,False,
Knuspr,78183,False,
Picnic,78183,False,
REWE,78187,False,
Flink,78187,False,
Knuspr,78187,False,
Picnic,78187,False,
REWE,78194,True,
Flink,78194,True,
Knuspr,78194,True,
Picnic,78194,True,
REWE,78199,False,
Flink,78199,False,
Knuspr,78199,False,
Picnic,78199,False,
REWE,78224,True,
Flink,78224,True,
Knuspr,78224,True,
Picnic,78224,True,
REWE,78234,True,
Flink,78234,True,
Knuspr,78234,True,
Picnic,78234,True,
REWE,78239,False,
Flink,78239,False,
Knuspr,78239,False,
Picnic,78239,False,
REWE,78244,True,
Flink,78244,True,
Knuspr,78244,True,
Picnic,78244,True,
REWE,78247,False,
Flink,78247,False,
Knuspr,78247,False,
Picnic,78247,False,
REWE,78250,True,
Flink,78250,True,
Knuspr,78250,True,
Picnic,78250,True,
REWE,78253,False,
Flink,78253,False,
Knuspr,78253,False,
Picnic,78253,False,
REWE,78256,True,
Flink,78256,True,
Knuspr,78256,True,
Picnic,78256,True,
REWE,78259,False,
Flink,78259,False,
Knuspr,78259,False,
Picnic,78259,False,
REWE,78262,True,
Flink,78262,True,
Knuspr,78262,True,
Picnic,78262,True,
REWE,78266,True,
Flink,78266,True,
Knuspr,78266,True,
Picnic,78266,True,
REWE,78267,False,
Flink,78267,False,
Knuspr,78267,False,
Picnic,78267,False,
REWE,78269,False,
Flink,78269,False,
Knuspr,78269,False,
Picnic,78269,False,
REWE,78315,False,
Flink,78315,False,
Knuspr,78315,False,
Picnic,78315,False,
REWE,78333,False,
Flink,78333,False,
Knuspr,78333,False,
Picnic,78333,False,
REWE,78337,False,
Flink,78337,False,
Knuspr,78337,False,
Picnic,78337,False,
REWE,78343,False,
Flink,78343,False,
Knuspr,78343,False,
Picnic,78343,False,
REWE,78345,False,
Flink,78345,False,
Knuspr,78345,False,
Picnic,78345,False,
REWE,78351,False,
Flink,78351,False,
Knuspr,78351,False,
Picnic,78351,False,
REWE,78355,False,
Flink,78355,False,
Knuspr,78355,False,
Picnic,78355,False,
REWE,78357,False,
Flink,78357,False,
Knuspr,78357,False,
Picnic,78357,False,
REWE,78359,False,
Flink,78359,False,
Knuspr,78359,False,
Picnic,78359,False,
REWE,78462,True,
Flink,78462,True,
Knuspr,78462,True,
Picnic,78462,True,
REWE,78464,True,
Flink,78464,True,
Knuspr,78464,True,
Picnic,78464,True,
REWE,78465,False,
Flink,78465,False,
Knuspr,78465,False,
Picnic,78465,False,
REWE,78467,False,
Flink,78467,False,
Knuspr,78467,False,
Picnic,78467,False,
REWE,78476,True,
Flink,78476,True,
Knuspr,78476,True,
Picnic,78476,True,
REWE,78479,False,
Flink,78479,False,
Knuspr,78479,False,
Picnic,78479,False,
REWE,78532,True,
Flink,78532,True,
Knuspr,78532,True,
Picnic,78532,True,
REWE,78549,False,
Flink,78549,False,
Knuspr,78549,False,
Picnic,78549,False,
REWE,78554,True,
Flink,78554,True,
Knuspr,78554,True,
Picnic,78554,True,
REWE,78559,False,
Flink,78559,False,
Knuspr,78559,False,
Picnic,78559,False,
REWE,78564,True,
Flink,78564,True,
Knuspr,78564,True,
Picnic,78564,True,
REWE,78567,False,
Flink,78567,False,
Knuspr,78567,False,
Picnic,78567,False,
REWE,78570,True,
Flink,78570,True,
Knuspr,78570,True,
Picnic,78570,True,
REWE,78573,False,
Flink,78573,False,
Knuspr,78573,False,
Picnic,78573,False,
REWE,78576,True,
Flink,78576,True,
Knuspr,78576,True,
Picnic,78576,True,
REWE,78579,False,
Flink,78579,False,
Knuspr,78579,False,
Picnic,78579,False,
REWE,78580,True,
Flink,78580,True,
Knuspr,78580,True,
Picnic,78580,True,
REWE,78582,True,
Flink,78582,True,
Knuspr,78582,True,
Picnic,78582,True,
REWE,78583,False,
Flink,78583,False,
Knuspr,78583,False,
Picnic,78583,False,
REWE,78585,False,
Flink,78585,False,
Knuspr,78585,False,
Picnic,78585,False,
REWE,78586,True,
Flink,78586,True,
Knuspr,78586,True,
Picnic,78586,True,
REWE,78588,True,
Flink,78588,True,
Knuspr,78588,True,
Picnic,78588,True,
REWE,78589,False,
Flink,78589,False,
Knuspr,78589,False,
Picnic,78589,False,
REWE,78591,False,
Flink,78591,False,
Knuspr,78591,False,
Picnic,78591,False,
REWE,78592,True,
Flink,78592,True,
Knuspr,78592,True,
Picnic,78592,True,
REWE,78594,True,
Flink,78594,True,
Knuspr,78594,True,
Picnic,78594,True,
REWE,78595,False,
Flink,78595,False,
Knuspr,78595,False,
Picnic,78595,False,
REWE,78597,False,
Flink,78597,False,
Knuspr,78597,False,
Picnic,78597,False,
REWE,78598,True,
Flink,78598,True,
Knuspr,78598,True,
Picnic,78598,True,
REWE,78600,True,
Flink,78600,True,
Knuspr,78600,True,
Picnic,78600,True,
REWE,78601,False,
Flink,78601,False,
Knuspr,78601,False,
Picnic,78601,False,
REWE,78603,False,
Flink,78603,False,
Knuspr,78603,False,
Picnic,78603,False,
REWE,78604,True,
Flink,78604,True,
Knuspr,78604,True,
Picnic,78604,True,
REWE,78606,True,
Flink,78606,True,
Knuspr,78606,True,
Picnic,78606,True,
REWE,78607,False,
Flink,78607,False,
Knuspr,78607,False,
Picnic,78607,False,
REWE,78609,False,
Flink,78609,False,
Knuspr,78609,False,
Picnic,78609,False,
REWE,78628,True,
Flink,78628,True,
Knuspr,78628,True,
Picnic,78628,True,
REWE,78647,False,
Flink,78647,False,
Knuspr,78647,False,
Picnic,78647,False,
REWE,78652,True,
Flink,78652,True,
Knuspr,78652,True,
Picnic,78652,True,
REWE,78655,False,
Flink,78655,False,
Knuspr,78655,False,
Picnic,78655,False,
REWE,78658,True,
Flink,78658,True,
Knuspr,78658,True,
Picnic,78658,True,
REWE,78661,False,
Flink,78661,False,
Knuspr,78661,False,
Picnic,78661,False,
REWE,78662,True,
Flink,78662,True,
Knuspr,78662,True,
Picnic,78662,True,
REWE,78664,True,
Flink,78664,True,
Knuspr,78664,True,
Picnic,78664,True,
REWE,78665,False,
Flink,78665,False,
Knuspr,78665,False,
Picnic,78665,False,
REWE,78667,False,
Flink,78667,False,
Knuspr,78667,False,
Picnic,78667,False,
REWE,78669,False,
Flink,78669,False,
Knuspr,78669,False,
Picnic,78669,False,
REWE,78713,False,
Flink,78713,False,
Knuspr,78713,False,
Picnic,78713,False,
REWE,78727,False,
Flink,78727,False,
Knuspr,78727,False,
Picnic,78727,False,
REWE,78730,True,
Flink,78730,True,
Knuspr,78730,True,
Picnic,78730,True,
REWE,78733,False,
Flink,78733,False,
Knuspr,78733,False,
Picnic,78733,False,
REWE,78736,True,
Flink,78736,True,
Knuspr,78736,True,
Picnic,78736,True,
REWE,78737,False,
Flink,78737,False,
Knuspr,78737,False,
Picnic,78737,False,
REWE,78739,False,
Flink,78739,False,
Knuspr,78739,False,
Picnic,78739,False,
REWE,79098,True,
Flink,79098,True,
Knuspr,79098,True,
Picnic,79098,True,
REWE,79100,True,
Flink,79100,True,
Knuspr,79100,True,
Picnic,79100,True,
REWE,79102,True,
Flink,79102,True,
Knuspr,79102,True,
Picnic,79102,True,
REWE,79104,True,
Flink,79104,True,
Knuspr,79104,True,
Picnic,79104,True,
REWE,79106,True,
Flink,79106,True,
Knuspr,79106,True,
Picnic,79106,True,
REWE,79108,True,
Flink,79108,True,
Knuspr,79108,True,
Picnic,79108,True,
REWE,79110,True,
Flink,79110,True,
Knuspr,79110,True,
Picnic,79110,True,
REWE,79111,False,
Flink,79111,False,
Knuspr,79111,False,
Picnic,79111,False,
REWE,79112,True,
Flink,79112,True,
Knuspr,79112,True,
Picnic,79112,True,
REWE,79114,True,
Flink,79114,True,
Knuspr,79114,True,
Picnic,79114,True,
REWE,79115,False,
Flink,79115,False,
Knuspr,79115,False,
Picnic,79115,False,
REWE,79117,False,
Flink,79117,False,
Knuspr,79117,False,
Picnic,79117,False,
REWE,79183,False,
Flink,79183,False,
Knuspr,79183,False,
Picnic,79183,False,
REWE,79189,False,
Flink,79189,False,
Knuspr,79189,False,
Picnic,79189,False,
REWE,79194,True,
Flink,79194,True,
Knuspr,79194,True,
Picnic,79194,True,
REWE,79199,False,
Flink,79199,False,
Knuspr,79199,False,
Picnic,79199,False,
REWE,79206,True,
Flink,79206,True,
Knuspr,79206,True,
Picnic,79206,True,
REWE,79211,False,
Flink,79211,False,
Knuspr,79211,False,
Picnic,79211,False,
REWE,79215,False,
Flink,79215,False,
Knuspr,79215,False,
Picnic,79215,False,
REWE,79219,False,
Flink,79219,False,
Knuspr,79219,False,
Picnic,79219,False,
REWE,79224,True,
Flink,79224,True,
Knuspr,79224,True,
Picnic,79224,True,
REWE,79227,False,
Flink,79227,False,
Knuspr,79227,False,
Picnic,79227,False,
REWE,79232,True,
Flink,79232,True,
Knuspr,79232,True,
Picnic,79232,True,
REWE,79235,False,
Flink,79235,False,
Knuspr,79235,False,
Picnic,79235,False,
REWE,79238,True,
Flink,79238,True,
Knuspr,79238,True,
Picnic,79238,True,
REWE,79241,False,
Flink,79241,False,
Knuspr,79241,False,
Picnic,79241,False,
REWE,79244,True,
Flink,79244,True,
Knuspr,79244,True,
Picnic,79244,True,
REWE,79249,False,
Flink,79249,False,
Knuspr,79249,False,
Picnic,79249,False,
REWE,79252,True,
Flink,79252,True,
Knuspr,79252,True,
Picnic,79252,True,
REWE,79254,True,
Flink,79254,True,
Knuspr,79254,True,
Picnic,79254,True,
REWE,79256,True,
Flink,79256,True,
Knuspr,79256,True,
Picnic,79256,True,
REWE,79258,True,
Flink,79258,True,
Knuspr,79258,True,
Picnic,79258,True,
REWE,79261,False,
Flink,79261,False,
Knuspr,79261,False,
Picnic,79261,False,
REWE,79263,False,
Flink,79263,False,
Knuspr,79263,False,
Picnic,79263,False,
REWE,79268,True,
Flink,79268,True,
Knuspr,79268,True,
Picnic,79268,True,
REWE,79271,False,
Flink,79271,False,
Knuspr,79271,False,
Picnic,79271,False,
REWE,79274,True,
Flink,79274,True,
Knuspr,79274,True,
Picnic,79274,True,
REWE,79276,True,
Flink,79276,True,
Knuspr,79276,True,
Picnic,79276,True,
REWE,79279,False,
Flink,79279,False,
Knuspr,79279,False,
Picnic,79279,False,
REWE,79280,True,
Flink,79280,True,
Knuspr,79280,True,
Picnic,79280,True,
REWE,79282,True,
Flink,79282,True,
Knuspr,79282,True,
Picnic,79282,True,
REWE,79283,False,
Flink,79283,False,
Knuspr,79283,False,
Picnic,79283,False,
REWE,79285,False,
Flink,79285,False,
Knuspr,79285,False,
Picnic,79285,False,
REWE,79286,True,
Flink,79286,True,
Knuspr,79286,True,
Picnic,79286,True,
REWE,79288,True,
Flink,79288,True,
Knuspr,79288,True,
Picnic,79288,True,
REWE,79289,False,
Flink,79289,False,
Knuspr,79289,False,
Picnic,79289,False,
REWE,79291,False,
Flink,79291,False,
Knuspr,79291,False,
Picnic,79291,False,
REWE,79292,True,
Flink,79292,True,
Knuspr,79292,True,
Picnic,79292,True,
REWE,79294,True,
Flink,79294,True,
Knuspr,79294,True,
Picnic,79294,True,
REWE,79295,False,
Flink,79295,False,
Knuspr,79295,False,
Picnic,79295,False,
REWE,79297,False,
Flink,79297,False,
Knuspr,79297,False,
Picnic,79297,False,
REWE,79299,False,
Flink,79299,False,
Knuspr,79299,False,
Picnic,79299,False,
REWE,79312,True,
Flink,79312,True,
Knuspr,79312,True,
Picnic,79312,True,
REWE,79331,False,
Flink,79331,False,
Knuspr,79331,False,
Picnic,79331,False,
REWE,79336,True,
Flink,79336,True,
Knuspr,79336,True,
Picnic,79336,True,
REWE,79341,False,
Flink,79341,False,
Knuspr,79341,False,
Picnic,79341,False,
REWE,79346,True,
Flink,79346,True,
Knuspr,79346,True,
Picnic,79346,True,
REWE,79348,True,
Flink,79348,True,
Knuspr,79348,True,
Picnic,79348,True,
REWE,79350,True,
Flink,79350,True,
Knuspr,79350,True,
Picnic,79350,True,
REWE,79353,False,
Flink,79353,False,
Knuspr,79353,False,
Picnic,79353,False,
REWE,79356,True,
Flink,79356,True,
Knuspr,79356,True,
Picnic,79356,True,
REWE,79359,False,
Flink,79359,False,
Knuspr,79359,False,
Picnic,79359,False,
REWE,79361,False,
Flink,79361,False,
Knuspr,79361,False,
Picnic,79361,False,
REWE,79362,True,
Flink,79362,True,
Knuspr,79362,True,
Picnic,79362,True,
REWE,79364,True,
Flink,79364,True,
Knuspr,79364,True,
Picnic,79364,True,
REWE,79365,False,
Flink,79365,False,
Knuspr,79365,False,
Picnic,79365,False,
REWE,79367,False,
Flink,79367,False,
Knuspr,79367,False,
Picnic,79367,False,
REWE,79369,False,
Flink,79369,False,
Knuspr,79369,False,
Picnic,79369,False,
REWE,79379,False,
Flink,79379,False,
Knuspr,79379,False,
Picnic,79379,False,
REWE,79395,False,
Flink,79395,False,
Knuspr,79395,False,
Picnic,79395,False,
REWE,79400,True,
Flink,79400,True,
Knuspr,79400,True,
Picnic,79400,True,
REWE,79410,True,
Flink,79410,True,
Knuspr,79410,True,
Picnic,79410,True,
REWE,79415,False,
Flink,79415,False,
Knuspr,79415,False,
Picnic,79415,False,
REWE,79418,True,
Flink,79418,True,
Knuspr,79418,True,
Picnic,79418,True,
REWE,79423,False,
Flink,79423,False,
Knuspr,79423,False,
Picnic,79423,False,
REWE,79424,True,
Flink,79424,True,
Knuspr,79424,True,
Picnic,79424,True,
REWE,79426,True,
Flink,79426,True,
Knuspr,79426,True,
Picnic,79426,True,
REWE,79427,False,
Flink,79427,False,
Knuspr,79427,False,
Picnic,79427,False,
REWE,79429,False,
Flink,79429,False,
Knuspr,79429,False,
Picnic,79429,False,
REWE,79513,False,
Flink,79513,False,
Knuspr,79513,False,
Picnic,79513,False,
REWE,79539,False,
Flink,79539,False,
Knuspr,79539,False,
Picnic,79539,False,
REWE,79540,True,
Flink,79540,True,
Knuspr,79540,True,
Picnic,79540,True,
REWE,79541,False,
Flink,79541,False,
Knuspr,79541,False,
Picnic,79541,False,
REWE,79576,True,
Flink,79576,True,
Knuspr,79576,True,
Picnic,79576,True,
REWE,79578,True,
Flink,79578,True,
Knuspr,79578,True,
Picnic,79578,True,
REWE,79585,False,
Flink,79585,False,
Knuspr,79585,False,
Picnic,79585,False,
REWE,79588,True,
Flink,79588,True,
Knuspr,79588,True,
Picnic,79588,True,
REWE,79589,False,
Flink,79589,False,
Knuspr,79589,False,
Picnic,79589,False,
REWE,79591,False,
Flink,79591,False,
Knuspr,79591,False,
Picnic,79591,False,
REWE,79592,True,
Flink,79592,True,
Knuspr,79592,True,
Picnic,79592,True,
REWE,79594,True,
Flink,79594,True,
Knuspr,79594,True,
Picnic,79594,True,
REWE,79595,False,
Flink,79595,False,
Knuspr,79595,False,
Picnic,79595,False,
REWE,79597,False,
Flink,79597,False,
Knuspr,79597,False,
Picnic,79597,False,
REWE,79599,False,
Flink,79599,False,
Knuspr,79599,False,
Picnic,79599,False,
REWE,79618,True,
Flink,79618,True,
Knuspr,79618,True,
Picnic,79618,True,
REWE,79639,False,
Flink,79639,False,
Knuspr,79639,False,
Picnic,79639,False,
REWE,79650,True,
Flink,79650,True,
Knuspr,79650,True,
Picnic,79650,True,
REWE,79664,True,
Flink,79664,True,
Knuspr,79664,True,
Picnic,79664,True,
REWE,79669,False,
Flink,79669,False,
Knuspr,79669,False,
Picnic,79669,False,
REWE,79674,True,
Flink,79674,True,
Knuspr,79674,True,
Picnic,79674,True,
REWE,79677,False,
Flink,79677,False,
Knuspr,79677,False,
Picnic,79677,False,
REWE,79682,True,
Flink,79682,True,
Knuspr,79682,True,
Picnic,79682,True,
REWE,79683,False,
Flink,79683,False,
Knuspr,79683,False,
Picnic,79683,False,
REWE,79685,False,
Flink,79685,False,
Knuspr,79685,False,
Picnic,79685,False,
REWE,79686,True,
Flink,79686,True,
Knuspr,79686,True,
Picnic,79686,True,
REWE,79688,True,
Flink,79688,True,
Knuspr,79688,True,
Picnic,79688,True,
REWE,79689,False,
Flink,79689,False,
Knuspr,79689,False,
Picnic,79689,False,
REWE,79691,False,
Flink,79691,False,
Knuspr,79691,False,
Picnic,79691,False,
REWE,79692,True,
Flink,79692,True,
Knuspr,79692,True,
Picnic,79692,True,
REWE,79694,True,
Flink,79694,True,
Knuspr,79694,True,
Picnic,79694,True,
REWE,79695,False,
Flink,79695,False,
Knuspr,79695,False,
Picnic,79695,False,
REWE,79697,False,
Flink,79697,False,
Knuspr,79697,False,
Picnic,79697,False,
REWE,79699,False,
Flink,79699,False,
Knuspr,79699,False,
Picnic,79699,False,
REWE,79713,False,
Flink,79713,False,
Knuspr,79713,False,
Picnic,79713,False,
REWE,79725,False,
Flink,79725,False,
Knuspr,79725,False,
Picnic,79725,False,
REWE,79730,True,
Flink,79730,True,
Knuspr,79730,True,
Picnic,79730,True,
REWE,79733,False,
Flink,79733,False,
Knuspr,79733,False,
Picnic,79733,False,
REWE,79736,True,
Flink,79736,True,
Knuspr,79736,True,
Picnic,79736,True,
REWE,79737,False,
Flink,79737,False,
Knuspr,79737,False,
Picnic,79737,False,
REWE,79739,False,
Flink,79739,False,
Knuspr,79739,False,
Picnic,79739,False,
REWE,79761,False,
Flink,79761,False,
Knuspr,79761,False,
Picnic,79761,False,
REWE,79771,False,
Flink,79771,False,
Knuspr,79771,False,
Picnic,79771,False,
REWE,79774,True,
Flink,79774,True,
Knuspr,79774,True,
Picnic,79774,True,
REWE,79777,False,
Flink,79777,False,
Knuspr,79777,False,
Picnic,79777,False,
REWE,79780,True,
Flink,79780,True,
Knuspr,79780,True,
Picnic,79780,True,
REWE,79787,False,
Flink,79787,False,
Knuspr,79787,False,
Picnic,79787,False,
REWE,79790,True,
Flink,79790,True,
Knuspr,79790,True,
Picnic,79790,True,
REWE,79793,False,
Flink,79793,False,
Knuspr,79793,False,
Picnic,79793,False,
REWE,79798,True,
Flink,79798,True,
Knuspr,79798,True,
Picnic,79798,True,
REWE,79801,False,
Flink,79801,False,
Knuspr,79801,False,
Picnic,79801,False,
REWE,79802,True,
Flink,79802,True,
Knuspr,79802,True,
Picnic,79802,True,
REWE,79804,True,
Flink,79804,True,
Knuspr,79804,True,
Picnic,79804,True,
REWE,79805,False,
Flink,79805,False,
Knuspr,79805,False,
Picnic,79805,False,
REWE,79807,False,
Flink,79807,False,
Knuspr,79807,False,
Picnic,79807,False,
REWE,79809,False,
Flink,79809,False,
Knuspr,79809,False,
Picnic,79809,False,
REWE,79822,True,
Flink,79822,True,
Knuspr,79822,True,
Picnic,79822,True,
REWE,79837,False,
Flink,79837,False,
Knuspr,79837,False,
Picnic,79837,False,
REWE,79843,False,
Flink,79843,False,
Knuspr,79843,False,
Picnic,79843,False,
REWE,79848,True,
Flink,79848,True,
Knuspr,79848,True,
Picnic,79848,True,
REWE,79853,False,
Flink,79853,False,
Knuspr,79853,False,
Picnic,79853,False,
REWE,79856,True,
Flink,79856,True,
Knuspr,79856,True,
Picnic,79856,True,
REWE,79859,False,
Flink,79859,False,
Knuspr,79859,False,
Picnic,79859,False,
REWE,79862,True,
Flink,79862,True,
Knuspr,79862,True,
Picnic,79862,True,
REWE,79865,False,
Flink,79865,False,
Knuspr,79865,False,
Picnic,79865,False,
REWE,79868,True,
Flink,79868,True,
Knuspr,79868,True,
Picnic,79868,True,
REWE,79871,False,
Flink,79871,False,
Knuspr,79871,False,
Picnic,79871,False,
REWE,79872,True,
Flink,79872,True,
Knuspr,79872,True,
Picnic,79872,True,
REWE,79874,True,
Flink,79874,True,
Knuspr,79874,True,
Picnic,79874,True,
REWE,79875,False,
Flink,79875,False,
Knuspr,79875,False,
Picnic,79875,False,
REWE,79877,False,
Flink,79877,False,
Knuspr,79877,False,
Picnic,79877,False,
REWE,79879,False,
Flink,79879,False,
Knuspr,79879,False,
Picnic,79879,False,
REWE,88637,False,
Flink,88637,False,
Knuspr,88637,False,
Picnic,88637,False,
REWE,72070,True,
Flink,72070,True,
Knuspr,72070,True,
Picnic,72070,True,
REWE,72072,True,
Flink,72072,True,
Knuspr,72072,True,
Picnic,72072,True,
REWE,72074,True,
Flink,72074,True,
Knuspr,72074,True,
Picnic,72074,True,
REWE,72076,True,
Flink,72076,True,
Knuspr,72076,True,
Picnic,72076,True,
REWE,72108,True,
Flink,72108,True,
Knuspr,72108,True,
Picnic,72108,True,
REWE,72116,True,
Flink,72116,True,
Knuspr,72116,True,
Picnic,72116,True,
REWE,72119,False,
Flink,72119,False,
Knuspr,72119,False,
Picnic,72119,False,
REWE,72124,True,
Flink,72124,True,
Knuspr,72124,True,
Picnic,72124,True,
REWE,72127,False,
Flink,72127,False,
Knuspr,72127,False,
Picnic,72127,False,
REWE,72131,False,
Flink,72131,False,
Knuspr,72131,False,
Picnic,72131,False,
REWE,72135,False,
Flink,72135,False,
Knuspr,72135,False,
Picnic,72135,False,
REWE,72138,True,
Flink,72138,True,
Knuspr,72138,True,
Picnic,72138,True,
REWE,72141,False,
Flink,72141,False,
Knuspr,72141,False,
Picnic,72141,False,
REWE,72144,True,
Flink,72144,True,
Knuspr,72144,True,
Picnic,72144,True,
REWE,72145,False,
Flink,72145,False,
Knuspr,72145,False,
Picnic,72145,False,
REWE,72147,False,
Flink,72147,False,
Knuspr,72147,False,
Picnic,72147,False,
REWE,72149,False,
Flink,72149,False,
Knuspr,72149,False,
Picnic,72149,False,
REWE,72181,False,
Flink,72181,False,
Knuspr,72181,False,
Picnic,72181,False,
REWE,72336,True,
Flink,72336,True,
Knuspr,72336,True,
Picnic,72336,True,
REWE,72348,True,
Flink,72348,True,
Knuspr,72348,True,
Picnic,72348,True,
REWE,72351,False,
Flink,72351,False,
Knuspr,72351,False,
Picnic,72351,False,
REWE,72355,False,
Flink,72355,False,
Knuspr,72355,False,
Picnic,72355,False,
REWE,72356,True,
Flink,72356,True,
Knuspr,72356,True,
Picnic,72356,True,
REWE,72358,True,
Flink,72358,True,
Knuspr,72358,True,
Picnic,72358,True,
REWE,72359,False,
Flink,72359,False,
Knuspr,72359,False,
Picnic,72359,False,
REWE,72361,False,
Flink,72361,False,
Knuspr,72361,False,
Picnic,72361,False,
REWE,72362,True,
Flink,72362,True,
Knuspr,72362,True,
Picnic,72362,True,
REWE,72364,True,
Flink,72364,True,
Knuspr,72364,True,
Picnic,72364,True,
REWE,72365,False,
Flink,72365,False,
Knuspr,72365,False,
Picnic,72365,False,
REWE,72367,False,
Flink,72367,False,
Knuspr,72367,False,
Picnic,72367,False,
REWE,72369,False,
Flink,72369,False,
Knuspr,72369,False,
Picnic,72369,False,
REWE,72379,False,
Flink,72379,False,
Knuspr,72379,False,
Picnic,72379,False,
REWE,72393,False,
Flink,72393,False,
Knuspr,72393,False,
Picnic,72393,False,
REWE,72401,False,
Flink,72401,False,
Knuspr,72401,False,
Picnic,72401,False,
REWE,72406,True,
Flink,72406,True,
Knuspr,72406,True,
Picnic,72406,True,
REWE,72411,False,
Flink,72411,False,
Knuspr,72411,False,
Picnic,72411,False,
REWE,72414,True,
Flink,72414,True,
Knuspr,72414,True,
Picnic,72414,True,
REWE,72415,False,
Flink,72415,False,
Knuspr,72415,False,
Picnic,72415,False,
REWE,72417,False,
Flink,72417,False,
Knuspr,72417,False,
Picnic,72417,False,
REWE,72419,False,
Flink,72419,False,
Knuspr,72419,False,
Picnic,72419,False,
REWE,72458,True,
Flink,72458,True,
Knuspr,72458,True,
Picnic,72458,True,
REWE,72459,False,
Flink,72459,False,
Knuspr,72459,False,
Picnic,72459,False,
REWE,72461,False,
Flink,72461,False,
Knuspr,72461,False,
Picnic,72461,False,
REWE,72469,False,
Flink,72469,False,
Knuspr,72469,False,
Picnic,72469,False,
REWE,72474,True,
Flink,72474,True,
Knuspr,72474,True,
Picnic,72474,True,
REWE,72475,False,
Flink,72475,False,
Knuspr,72475,False,
Picnic,72475,False,
REWE,72477,False,
Flink,72477,False,
Knuspr,72477,False,
Picnic,72477,False,
REWE,72479,False,
Flink,72479,False,
Knuspr,72479,False,
Picnic,72479,False,
REWE,72488,True,
Flink,72488,True,
Knuspr,72488,True,
Picnic,72488,True,
REWE,72501,False,
Flink,72501,False,
Knuspr,72501,False,
Picnic,72501,False,
REWE,72505,False,
Flink,72505,False,
Knuspr,72505,False,
Picnic,72505,False,
REWE,72510,True,
Flink,72510,True,
Knuspr,72510,True,
Picnic,72510,True,
REWE,72511,False,
Flink,72511,False,
Knuspr,72511,False,
Picnic,72511,False,
REWE,72513,False,
Flink,72513,False,
Knuspr,72513,False,
Picnic,72513,False,
REWE,72514,True,
Flink,72514,True,
Knuspr,72514,True,
Picnic,72514,True,
REWE,72516,True,
Flink,72516,True,
Knuspr,72516,True,
Picnic,72516,True,
REWE,72517,False,
Flink,72517,False,
Knuspr,72517,False,
Picnic,72517,False,
REWE,72519,False,
Flink,72519,False,
Knuspr,72519,False,
Picnic,72519,False,
REWE,72525,False,
Flink,72525,False,
Knuspr,72525,False,
Picnic,72525,False,
REWE,72531,False,
Flink,72531,False,
Knuspr,72531,False,
Picnic,72531,False,
REWE,72532,True,
Flink,72532,True,
Knuspr,72532,True,
Picnic,72532,True,
REWE,72534,True,
Flink,72534,True,
Knuspr,72534,True,
Picnic,72534,True,
REWE,72535,False,
Flink,72535,False,
Knuspr,72535,False,
Picnic,72535,False,
REWE,72537,False,
Flink,72537,False,
Knuspr,72537,False,
Picnic,72537,False,
REWE,72539,False,
Flink,72539,False,
Knuspr,72539,False,
Picnic,72539,False,
REWE,72555,False,
Flink,72555,False,
Knuspr,72555,False,
Picnic,72555,False,
REWE,72574,True,
Flink,72574,True,
Knuspr,72574,True,
Picnic,72574,True,
REWE,72581,False,
Flink,72581,False,
Knuspr,72581,False,
Picnic,72581,False,
REWE,72582,True,
Flink,72582,True,
Knuspr,72582,True,
Picnic,72582,True,
REWE,72584,True,
Flink,72584,True,
Knuspr,72584,True,
Picnic,72584,True,
REWE,72585,False,
Flink,72585,False,
Knuspr,72585,False,
Picnic,72585,False,
REWE,72587,False,
Flink,72587,False,
Knuspr,72587,False,
Picnic,72587,False,
REWE,72589,False,
Flink,72589,False,
Knuspr,72589,False,
Picnic,72589,False,
REWE,72661,False,
Flink,72661,False,
Knuspr,72661,False,
Picnic,72661,False,
REWE,72760,True,
Flink,72760,True,
Knuspr,72760,True,
Picnic,72760,True,
REWE,72762,True,
Flink,72762,True,
Knuspr,72762,True,
Picnic,72762,True,
REWE,72764,True,
Flink,72764,True,
Knuspr,72764,True,
Picnic,72764,True,
REWE,72766,True,
Flink,72766,True,
Knuspr,72766,True,
Picnic,72766,True,
REWE,72768,True,
Flink,72768,True,
Knuspr,72768,True,
Picnic,72768,True,
REWE,72770,True,
Flink,72770,True,
Knuspr,72770,True,
Picnic,72770,True,
REWE,72793,False,
Flink,72793,False,
Knuspr,72793,False,
Picnic,72793,False,
REWE,72800,True,
Flink,72800,True,
Knuspr,72800,True,
Picnic,72800,True,
REWE,72805,False,
Flink,72805,False,
Knuspr,72805,False,
Picnic,72805,False,
REWE,72810,True,
Flink,72810,True,
Knuspr,72810,True,
Picnic,72810,True,
REWE,72813,False,
Flink,72813,False,
Knuspr,72813,False,
Picnic,72813,False,
REWE,72818,True,
Flink,72818,True,
Knuspr,72818,True,
Picnic,72818,True,
REWE,72820,True,
Flink,72820,True,
Knuspr,72820,True,
Picnic,72820,True,
REWE,72827,False,
Flink,72827,False,
Knuspr,72827,False,
Picnic,72827,False,
REWE,72829,False,
Flink,72829,False,
Knuspr,72829,False,
Picnic,72829,False,
REWE,73340,True,
Flink,73340,True,
Knuspr,73340,True,
Picnic,73340,True,
REWE,78354,True,
Flink,78354,True,
Knuspr,78354,True,
Picnic,78354,True,
REWE,88045,False,
Flink,88045,False,
Knuspr,88045,False,
Picnic,88045,False,
REWE,88046,True,
Flink,88046,True,
Knuspr,88046,True,
Picnic,88046,True,
REWE,88048,True,
Flink,88048,True,
Knuspr,88048,True,
Picnic,88048,True,
REWE,88069,False,
Flink,88069,False,
Knuspr,88069,False,
Picnic,88069,False,
REWE,88074,True,
Flink,88074,True,
Knuspr,88074,True,
Picnic,88074,True,
REWE,88079,False,
Flink,88079,False,
Knuspr,88079,False,
Picnic,88079,False,
REWE,88085,False,
Flink,88085,False,
Knuspr,88085,False,
Picnic,88085,False,
REWE,88086,True,
Flink,88086,True,
Knuspr,88086,True,
Picnic,88086,True,
REWE,88090,True,
Flink,88090,True,
Knuspr,88090,True,
Picnic,88090,True,
REWE,88094,True,
Flink,88094,True,
Knuspr,88094,True,
Picnic,88094,True,
REWE,88097,False,
Flink,88097,False,
Knuspr,88097,False,
Picnic,88097,False,
REWE,88099,False,
Flink,88099,False,
Knuspr,88099,False,
Picnic,88099,False,
REWE,88147,False,
Flink,88147,False,
Knuspr,88147,False,
Picnic,88147,False,
REWE,88212,True,
Flink,88212,True,
Knuspr,88212,True,
Picnic,88212,True,
REWE,88213,False,
Flink,88213,False,
Knuspr,88213,False,
Picnic,88213,False,
REWE,88214,True,
Flink,88214,True,
Knuspr,88214,True,
Picnic,88214,True,
REWE,88239,False,
Flink,88239,False,
Knuspr,88239,False,
Picnic,88239,False,
REWE,88250,True,
Flink,88250,True,
Knuspr,88250,True,
Picnic,88250,True,
REWE,88255,False,
Flink,88255,False,
Knuspr,88255,False,
Picnic,88255,False,
REWE,88260,True,
Flink,88260,True,
Knuspr,88260,True,
Picnic,88260,True,
REWE,88263,False,
Flink,88263,False,
Knuspr,88263,False,
Picnic,88263,False,
REWE,88267,False,
Flink,88267,False,
Knuspr,88267,False,
Picnic,88267,False,
REWE,88271,False,
Flink,88271,False,
Knuspr,88271,False,
Picnic,88271,False,
REWE,88273,False,
Flink,88273,False,
Knuspr,88273,False,
Picnic,88273,False,
REWE,88276,True,
Flink,88276,True,
Knuspr,88276,True,
Picnic,88276,True,
REWE,88279,False,
Flink,88279,False,
Knuspr,88279,False,
Picnic,88279,False,
REWE,88281,False,
Flink,88281,False,
Knuspr,88281,False,
Picnic,88281,False,
REWE,88284,True,
Flink,88284,True,
Knuspr,88284,True,
Picnic,88284,True,
REWE,88285,False,
Flink,88285,False,
Knuspr,88285,False,
Picnic,88285,False,
REWE,88287,False,
Flink,88287,False,
Knuspr,88287,False,
Picnic,88287,False,
REWE,88289,False,
Flink,88289,False,
Knuspr,88289,False,
Picnic,88289,False,
REWE,88299,False,
Flink,88299,False,
Knuspr,88299,False,
Picnic,88299,False,
REWE,88316,True,
Flink,88316,True,
Knuspr,88316,True,
Picnic,88316,True,
REWE,88317,False,
Flink,88317,False,
Knuspr,88317,False,
Picnic,88317,False,
REWE,88319,False,
Flink,88319,False,
Knuspr,88319,False,
Picnic,88319,False,
REWE,88326,True,
Flink,88326,True,
Knuspr,88326,True,
Picnic,88326,True,
REWE,88339,False,
Flink,88339,False,
Knuspr,88339,False,
Picnic,88339,False,
REWE,88348,True,
Flink,88348,True,
Knuspr,88348,True,
Picnic,88348,True,
REWE,88353,False,
Flink,88353,False,
Knuspr,88353,False,
Picnic,88353,False,
REWE,88356,True,
Flink,88356,True,
Knuspr,88356,True,
Picnic,88356,True,
REWE,88361,False,
Flink,88361,False,
Knuspr,88361,False,
Picnic,88361,False,
REWE,88364,True,
Flink,88364,True,
Knuspr,88364,True,
Picnic,88364,True,
REWE,88367,False,
Flink,88367,False,
Knuspr,88367,False,
Picnic,88367,False,
REWE,88368,True,
Flink,88368,True,
Knuspr,88368,True,
Picnic,88368,True,
REWE,88370,True,
Flink,88370,True,
Knuspr,88370,True,
Picnic,88370,True,
REWE,88371,False,
Flink,88371,False,
Knuspr,88371,False,
Picnic,88371,False,
REWE,88373,False,
Flink,88373,False,
Knuspr,88373,False,
Picnic,88373,False,
REWE,88374,True,
Flink,88374,True,
Knuspr,88374,True,
Picnic,88374,True,
REWE,88376,True,
Flink,88376,True,
Knuspr,88376,True,
Picnic,88376,True,
REWE,88377,False,
Flink,88377,False,
Knuspr,88377,False,
Picnic,88377,False,
REWE,88379,False,
Flink,88379,False,
Knuspr,88379,False,
Picnic,88379,False,
REWE,88400,True,
Flink,88400,True,
Knuspr,88400,True,
Picnic,88400,True,
REWE,88410,True,
Flink,88410,True,
Knuspr,88410,True,
Picnic,88410,True,
REWE,88416,True,
Flink,88416,True,
Knuspr,88416,True,
Picnic,88416,True,
REWE,88422,True,
Flink,88422,True,
Knuspr,88422,True,
Picnic,88422,True,
REWE,88427,False,
Flink,88427,False,
Knuspr,88427,False,
Picnic,88427,False,
REWE,88430,True,
Flink,88430,True,
Knuspr,88430,True,
Picnic,88430,True,
REWE,88433,False,
Flink,88433,False,
Knuspr,88433,False,
Picnic,88433,False,
REWE,88436,True,
Flink,88436,True,
Knuspr,88436,True,
Picnic,88436,True,
REWE,88437,False,
Flink,88437,False,
Knuspr,88437,False,
Picnic,88437,False,
REWE,88441,False,
Flink,88441,False,
Knuspr,88441,False,
Picnic,88441,False,
REWE,88444,True,
Flink,88444,True,
Knuspr,88444,True,
Picnic,88444,True,
REWE,88447,False,
Flink,88447,False,
Knuspr,88447,False,
Picnic,88447,False,
REWE,88448,True,
Flink,88448,True,
Knuspr,88448,True,
Picnic,88448,True,
REWE,88450,True,
Flink,88450,True,
Knuspr,88450,True,
Picnic,88450,True,
REWE,88451,False,
Flink,88451,False,
Knuspr,88451,False,
Picnic,88451,False,
REWE,88453,False,
Flink,88453,False,
Knuspr,88453,False,
Picnic,88453,False,
REWE,88454,True,
Flink,88454,True,
Knuspr,88454,True,
Picnic,88454,True,
REWE,88456,True,
Flink,88456,True,
Knuspr,88456,True,
Picnic,88456,True,
REWE,88457,False,
Flink,88457,False,
Knuspr,88457,False,
Picnic,88457,False,
REWE,88459,False,
Flink,88459,False,
Knuspr,88459,False,
Picnic,88459,False,
REWE,88471,False,
Flink,88471,False,
Knuspr,88471,False,
Picnic,88471,False,
REWE,88477,False,
Flink,88477,False,
Knuspr,88477,False,
Picnic,88477,False,
REWE,88480,True,
Flink,88480,True,
Knuspr,88480,True,
Picnic,88480,True,
REWE,88481,False,
Flink,88481,False,
Knuspr,88481,False,
Picnic,88481,False,
REWE,88483,False,
Flink,88483,False,
Knuspr,88483,False,
Picnic,88483,False,
REWE,88484,True,
Flink,88484,True,
Knuspr,88484,True,
Picnic,88484,True,
REWE,88486,True,
Flink,88486,True,
Knuspr,88486,True,
Picnic,88486,True,
REWE,88487,False,
Flink,88487,False,
Knuspr,88487,False,
Picnic,88487,False,
REWE,88489,False,
Flink,88489,False,
Knuspr,88489,False,
Picnic,88489,False,
REWE,88499,False,
Flink,88499,False,
Knuspr,88499,False,
Picnic,88499,False,
REWE,88512,True,
Flink,88512,True,
Knuspr,88512,True,
Picnic,88512,True,
REWE,88515,False,
Flink,88515,False,
Knuspr,88515,False,
Picnic,88515,False,
REWE,88518,True,
Flink,88518,True,
Knuspr,88518,True,
Picnic,88518,True,
REWE,88521,False,
Flink,88521,False,
Knuspr,88521,False,
Picnic,88521,False,
REWE,88524,True,
Flink,88524,True,
Knuspr,88524,True,
Picnic,88524,True,
REWE,88525,False,
Flink,88525,False,
Knuspr,88525,False,
Picnic,88525,False,
REWE,88527,False,
Flink,88527,False,
Knuspr,88527,False,
Picnic,88527,False,
REWE,88529,False,
Flink,88529,False,
Knuspr,88529,False,
Picnic,88529,False,
REWE,88605,False,
Flink,88605,False,
Knuspr,88605,False,
Picnic,88605,False,
REWE,88630,True,
Flink,88630,True,
Knuspr,88630,True,
Picnic,88630,True,
REWE,88631,False,
Flink,88631,False,
Knuspr,88631,False,
Picnic,88631,False,
REWE,88633,False,
Flink,88633,False,
Knuspr,88633,False,
Picnic,88633,False,
REWE,88634,True,
Flink,88634,True,
Knuspr,88634,True,
Picnic,88634,True,
REWE,88636,True,
Flink,88636,True,
Knuspr,88636,True,
Picnic,88636,True,
REWE,88639,False,
Flink,88639,False,
Knuspr,88639,False,
Picnic,88639,False,
REWE,88662,True,
Flink,88662,True,
Knuspr,88662,True,
Picnic,88662,True,
REWE,88677,False,
Flink,88677,False,
Knuspr,88677,False,
Picnic,88677,False,
REWE,88682,True,
Flink,88682,True,
Knuspr,88682,True,
Picnic,88682,True,
REWE,88690,True,
Flink,88690,True,
Knuspr,88690,True,
Picnic,88690,True,
REWE,88693,False,
Flink,88693,False,
Knuspr,88693,False,
Picnic,88693,False,
REWE,88696,True,
Flink,88696,True,
Knuspr,88696,True,
Picnic,88696,True,
REWE,88697,False,
Flink,88697,False,
Knuspr,88697,False,
Picnic,88697,False,
REWE,88699,False,
Flink,88699,False,
Knuspr,88699,False,
Picnic,88699,False,
REWE,88709,False,
Flink,88709,False,
Knuspr,88709,False,
Picnic,88709,False,
REWE,88718,True,
Flink,88718,True,
Knuspr,88718,True,
Picnic,88718,True,
REWE,88719,False,
Flink,88719,False,
Knuspr,88719,False,
Picnic,88719,False,
REWE,89040,True,
Flink,89040,True,
Knuspr,89040,True,
Picnic,89040,True,
REWE,89073,False,
Flink,89073,False,
Knuspr,89073,False,
Picnic,89073,False,
REWE,89075,False,
Flink,89075,False,
Knuspr,89075,False,
Picnic,89075,False,
REWE,89077,False,
Flink,89077,False,
Knuspr,89077,False,
Picnic,89077,False,
REWE,89079,False,
Flink,89079,False,
Knuspr,89079,False,
Picnic,89079,False,
REWE,89081,False,
Flink,89081,False,
Knuspr,89081,False,
Picnic,89081,False,
REWE,89129,False,
Flink,89129,False,
Knuspr,89129,False,
Picnic,89129,False,
REWE,89134,True,
Flink,89134,True,
Knuspr,89134,True,
Picnic,89134,True,
REWE,89143,False,
Flink,89143,False,
Knuspr,89143,False,
Picnic,89143,False,
REWE,89150,True,
Flink,89150,True,
Knuspr,89150,True,
Picnic,89150,True,
REWE,89155,False,
Flink,89155,False,
Knuspr,89155,False,
Picnic,89155,False,
REWE,89160,True,
Flink,89160,True,
Knuspr,89160,True,
Picnic,89160,True,
REWE,89165,False,
Flink,89165,False,
Knuspr,89165,False,
Picnic,89165,False,
REWE,89171,False,
Flink,89171,False,
Knuspr,89171,False,
Picnic,89171,False,
REWE,89173,False,
Flink,89173,False,
Knuspr,89173,False,
Picnic,89173,False,
REWE,89174,True,
Flink,89174,True,
Knuspr,89174,True,
Picnic,89174,True,
REWE,89176,True,
Flink,89176,True,
Knuspr,89176,True,
Picnic,89176,True,
REWE,89177,False,
Flink,89177,False,
Knuspr,89177,False,
Picnic,89177,False,
REWE,89179,False,
Flink,89179,False,
Knuspr,89179,False,
Picnic,89179,False,
REWE,89180,True,
Flink,89180,True,
Knuspr,89180,True,
Picnic,89180,True,
REWE,89182,True,
Flink,89182,True,
Knuspr,89182,True,
Picnic,89182,True,
REWE,89183,False,
Flink,89183,False,
Knuspr,89183,False,
Picnic,89183,False,
REWE,89185,False,
Flink,89185,False,
Knuspr,89185,False,
Picnic,89185,False,
REWE,89186,True,
Flink,89186,True,
Knuspr,89186,True,
Picnic,89186,True,
REWE,89188,True,
Flink,89188,True,
Knuspr,89188,True,
Picnic,89188,True,
REWE,89189,False,
Flink,89189,False,
Knuspr,89189,False,
Picnic,89189,False,
REWE,89191,False,
Flink,89191,False,
Knuspr,89191,False,
Picnic,89191,False,
REWE,89192,True,
Flink,89192,True,
Knuspr,89192,True,
Picnic,89192,True,
REWE,89194,True,
Flink,89194,True,
Knuspr,89194,True,
Picnic,89194,True,
REWE,89195,False,
Flink,89195,False,
Knuspr,89195,False,
Picnic,89195,False,
REWE,89197,False,
Flink,89197,False,
Knuspr,89197,False,
Picnic,89197,False,
REWE,89198,True,
Flink,89198,True,
Knuspr,89198,True,
Picnic,89198,True,
REWE,89584,True,
Flink,89584,True,
Knuspr,89584,True,
Picnic,89584,True,
REWE,89597,False,
Flink,89597,False,
Knuspr,89597,False,
Picnic,89597,False,
REWE,89601,False,
Flink,89601,False,
Knuspr,89601,False,
Picnic,89601,False,
REWE,89604,True,
Flink,89604,True,
Knuspr,89604,True,
Picnic,89604,True,
REWE,89605,False,
Flink,89605,False,
Knuspr,89605,False,
Picnic,89605,False,
REWE,89607,False,
Flink,89607,False,
Knuspr,89607,False,
Picnic,89607,False,
REWE,89608,True,
Flink,89608,True,
Knuspr,89608,True,
Picnic,89608,True,
REWE,89610,True,
Flink,89610,True,
Knuspr,89610,True,
Picnic,89610,True,
REWE,89611,False,
Flink,89611,False,
Knuspr,89611,False,
Picnic,89611,False,
REWE,89613,False,
Flink,89613,False,
Knuspr,89613,False,
Picnic,89613,False,
REWE,89614,True,
Flink,89614,True,
Knuspr,89614,True,
Picnic,89614,True,
REWE,89616,True,
Flink,89616,True,
Knuspr,89616,True,
Picnic,89616,True,
REWE,89617,False,
Flink,89617,False,
Knuspr,89617,False,
Picnic,89617,False,
REWE,89619,False,
Flink,89619,False,
Knuspr,89619,False,
Picnic,89619,False,
REWE,80331,False,
Flink,80331,False,
Knuspr,80331,False,
Picnic,80331,False,
REWE,80333,False,
Flink,80333,False,
Knuspr,80333,False,
Picnic,80333,False,
REWE,80335,False,
Flink,80335,False,
Knuspr,80335,False,
Picnic,80335,False,
REWE,80336,True,
Flink,80336,True,
Knuspr,80336,True,
Picnic,80336,True,
REWE,80337,False,
Flink,80337,False,
Knuspr,80337,False,
Picnic,80337,False,
REWE,80339,False,
Flink,80339,False,
Knuspr,80339,False,
Picnic,80339,False,
REWE,80469,False,
Flink,80469,False,
Knuspr,80469,False,
Picnic,80469,False,
REWE,80538,True,
Flink,80538,True,
Knuspr,80538,True,
Picnic,80538,True,
REWE,80539,False,
Flink,80539,False,
Knuspr,80539,False,
Picnic,80539,False,
REWE,80634,True,
Flink,80634,True,
Knuspr,80634,True,
Picnic,80634,True,
REWE,80636,True,
Flink,80636,True,
Knuspr,80636,True,
Picnic,80636,True,
REWE,80637,False,
Flink,80637,False,
Knuspr,80637,False,
Picnic,80637,False,
REWE,80638,True,
Flink,80638,True,
Knuspr,80638,True,
Picnic,80638,True,
REWE,80639,False,
Flink,80639,False,
Knuspr,80639,False,
Picnic,80639,False,
REWE,80686,True,
Flink,80686,True,
Knuspr,80686,True,
Picnic,80686,True,
REWE,80687,False,
Flink,80687,False,
Knuspr,80687,False,
Picnic,80687,False,
REWE,80689,False,
Flink,80689,False,
Knuspr,80689,False,
Picnic,80689,False,
REWE,80796,True,
Flink,80796,True,
Knuspr,80796,True,
Picnic,80796,True,
REWE,80797,False,
Flink,80797,False,
Knuspr,80797,False,
Picnic,80797,False,
REWE,80798,True,
Flink,80798,True,
Knuspr,80798,True,
Picnic,80798,True,
REWE,80799,False,
Flink,80799,False,
Knuspr,80799,False,
Picnic,80799,False,
REWE,80801,False,
Flink,80801,False,
Knuspr,80801,False,
Picnic,80801,False,
REWE,80802,True,
Flink,80802,True,
Knuspr,80802,True,
Picnic,80802,True,
REWE,80803,False,
Flink,80803,False,
Knuspr,80803,False,
Picnic,80803,False,
REWE,80804,True,
Flink,80804,True,
Knuspr,80804,True,
Picnic,80804,True,
REWE,80805,False,
Flink,80805,False,
Knuspr,80805,False,
Picnic,80805,False,
REWE,80807,False,
Flink,80807,False,
Knuspr,80807,False,
Picnic,80807,False,
REWE,80809,False,
Flink,80809,False,
Knuspr,80809,False,
Picnic,80809,False,
REWE,80933,False,
Flink,80933,False,
Knuspr,80933,False,
Picnic,80933,False,
REWE,80935,False,
Flink,80935,False,
Knuspr,80935,False,
Picnic,80935,False,
REWE,80937,False,
Flink,80937,False,
Knuspr,80937,False,
Picnic,80937,False,
REWE,80939,False,
Flink,80939,False,
Knuspr,80939,False,
Picnic,80939,False,
REWE,80992,True,
Flink,80992,True,
Knuspr,80992,True,
Picnic,80992,True,
REWE,80993,False,
Flink,80993,False,
Knuspr,80993,False,
Picnic,80993,False,
REWE,80995,False,
Flink,80995,False,
Knuspr,80995,False,
Picnic,80995,False,
REWE,80997,False,
Flink,80997,False,
Knuspr,80997,False,
Picnic,80997,False,
REWE,80999,False,
Flink,80999,False,
Knuspr,80999,False,
Picnic,80999,False,
REWE,81241,False,
Flink,81241,False,
Knuspr,81241,False,
Picnic,81241,False,
REWE,81243,False,
Flink,81243,False,
Knuspr,81243,False,
Picnic,81243,False,
REWE,81245,False,
Flink,81245,False,
Knuspr,81245,False,
Picnic,81245,False,
REWE,81247,False,
Flink,81247,False,
Knuspr,81247,False,
Picnic,81247,False,
REWE,81249,False,
Flink,81249,False,
Knuspr,81249,False,
Picnic,81249,False,
REWE,81369,False,
Flink,81369,False,
Knuspr,81369,False,
Picnic,81369,False,
REWE,81371,False,
Flink,81371,False,
Knuspr,81371,False,
Picnic,81371,False,
REWE,81373,False,
Flink,81373,False,
Knuspr,81373,False,
Picnic,81373,False,
REWE,81375,False,
Flink,81375,False,
Knuspr,81375,False,
Picnic,81375,False,
REWE,81377,False,
Flink,81377,False,
Knuspr,81377,False,
Picnic,81377,False,
REWE,81379,False,
Flink,81379,False,
Knuspr,81379,False,
Picnic,81379,False,
REWE,81475,False,
Flink,81475,False,
Knuspr,81475,False,
Picnic,81475,False,
REWE,81476,True,
Flink,81476,True,
Knuspr,81476,True,
Picnic,81476,True,
REWE,81477,False,
Flink,81477,False,
Knuspr,81477,False,
Picnic,81477,False,
REWE,81479,False,
Flink,81479,False,
Knuspr,81479,False,
Picnic,81479,False,
REWE,81539,False,
Flink,81539,False,
Knuspr,81539,False,
Picnic,81539,False,
REWE,81541,False,
Flink,81541,False,
Knuspr,81541,False,
Picnic,81541,False,
REWE,81543,False,
Flink,81543,False,
Knuspr,81543,False,
Picnic,81543,False,
REWE,81545,False,
Flink,81545,False,
Knuspr,81545,False,
Picnic,81545,False,
REWE,81547,False,
Flink,81547,False,
Knuspr,81547,False,
Picnic,81547,False,
REWE,81549,False,
Flink,81549,False,
Knuspr,81549,False,
Picnic,81549,False,
REWE,81667,False,
Flink,81667,False,
Knuspr,81667,False,
Picnic,81667,False,
REWE,81669,False,
Flink,81669,False,
Knuspr,81669,False,
Picnic,81669,False,
REWE,81671,False,
Flink,81671,False,
Knuspr,81671,False,
Picnic,81671,False,
REWE,81673,False,
Flink,81673,False,
Knuspr,81673,False,
Picnic,81673,False,
REWE,81675,False,
Flink,81675,False,
Knuspr,81675,False,
Picnic,81675,False,
REWE,81677,False,
Flink,81677,False,
Knuspr,81677,False,
Picnic,81677,False,
REWE,81679,False,
Flink,81679,False,
Knuspr,81679,False,
Picnic,81679,False,
REWE,81735,False,
Flink,81735,False,
Knuspr,81735,False,
Picnic,81735,False,
REWE,81737,False,
Flink,81737,False,
Knuspr,81737,False,
Picnic,81737,False,
REWE,81739,False,
Flink,81739,False,
Knuspr,81739,False,
Picnic,81739,False,
REWE,81825,False,
Flink,81825,False,
Knuspr,81825,False,
Picnic,81825,False,
REWE,81827,False,
Flink,81827,False,
Knuspr,81827,False,
Picnic,81827,False,
REWE,81829,False,
Flink,81829,False,
Knuspr,81829,False,
Picnic,81829,False,
REWE,81925,False,
Flink,81925,False,
Knuspr,81925,False,
Picnic,81925,False,
REWE,81927,False,
Flink,81927,False,
Knuspr,81927,False,
Picnic,81927,False,
REWE,81929,False,
Flink,81929,False,
Knuspr,81929,False,
Picnic,81929,False,
REWE,82008,True,
Flink,82008,True,
Knuspr,82008,True,
Picnic,82008,True,
REWE,82024,True,
Flink,82024,True,
Knuspr,82024,True,
Picnic,82024,True,
REWE,82031,False,
Flink,82031,False,
Knuspr,82031,False,
Picnic,82031,False,
REWE,82032,True,
Flink,82032,True,
Knuspr,82032,True,
Picnic,82032,True,
REWE,82041,False,
Flink,82041,False,
Knuspr,82041,False,
Picnic,82041,False,
REWE,82049,False,
Flink,82049,False,
Knuspr,82049,False,
Picnic,82049,False,
REWE,82054,True,
Flink,82054,True,
Knuspr,82054,True,
Picnic,82054,True,
REWE,82057,False,
Flink,82057,False,
Knuspr,82057,False,
Picnic,82057,False,
REWE,82061,False,
Flink,82061,False,
Knuspr,82061,False,
Picnic,82061,False,
REWE,82064,True,
Flink,82064,True,
Knuspr,82064,True,
Picnic,82064,True,
REWE,82065,False,
Flink,82065,False,
Knuspr,82065,False,
Picnic,82065,False,
REWE,82067,False,
Flink,82067,False,
Knuspr,82067,False,
Picnic,82067,False,
REWE,82069,False,
Flink,82069,False,
Knuspr,82069,False,
Picnic,82069,False,
REWE,82110,True,
Flink,82110,True,
Knuspr,82110,True,
Picnic,82110,True,
REWE,82131,False,
Flink,82131,False,
Knuspr,82131,False,
Picnic,82131,False,
REWE,82140,True,
Flink,82140,True,
Knuspr,82140,True,
Picnic,82140,True,
REWE,82152,True,
Flink,82152,True,
Knuspr,82152,True,
Picnic,82152,True,
REWE,82166,True,
Flink,82166,True,
Knuspr,82166,True,
Picnic,82166,True,
REWE,82178,True,
Flink,82178,True,
Knuspr,82178,True,
Picnic,82178,True,
REWE,82194,True,
Flink,82194,True,
Knuspr,82194,True,
Picnic,82194,True,
REWE,82205,False,
Flink,82205,False,
Knuspr,82205,False,
Picnic,82205,False,
REWE,82211,False,
Flink,82211,False,
Knuspr,82211,False,
Picnic,82211,False,
REWE,82216,True,
Flink,82216,True,
Knuspr,82216,True,
Picnic,82216,True,
REWE,82223,False,
Flink,82223,False,
Knuspr,82223,False,
Picnic,82223,False,
REWE,82229,False,
Flink,82229,False,
Knuspr,82229,False,
Picnic,82229,False,
REWE,82234,True,
Flink,82234,True,
Knuspr,82234,True,
Picnic,82234,True,
REWE,82237,False,
Flink,82237,False,
Knuspr,82237,False,
Picnic,82237,False,
REWE,82239,False,
Flink,82239,False,
Knuspr,82239,False,
Picnic,82239,False,
REWE,82256,True,
Flink,82256,True,
Knuspr,82256,True,
Picnic,82256,True,
REWE,82266,True,
Flink,82266,True,
Knuspr,82266,True,
Picnic,82266,True,
REWE,82269,False,
Flink,82269,False,
Knuspr,82269,False,
Picnic,82269,False,
REWE,82272,True,
Flink,82272,True,
Knuspr,82272,True,
Picnic,82272,True,
REWE,82275,False,
Flink,82275,False,
Knuspr,82275,False,
Picnic,82275,False,
REWE,82276,True,
Flink,82276,True,
Knuspr,82276,True,
Picnic,82276,True,
REWE,82278,True,
Flink,82278,True,
Knuspr,82278,True,
Picnic,82278,True,
REWE,82279,False,
Flink,82279,False,
Knuspr,82279,False,
Picnic,82279,False,
REWE,82281,False,
Flink,82281,False,
Knuspr,82281,False,
Picnic,82281,False,
REWE,82282,True,
Flink,82282,True,
Knuspr,82282,True,
Picnic,82282,True,
REWE,82284,True,
Flink,82284,True,
Knuspr,82284,True,
Picnic,82284,True,
REWE,82285,False,
Flink,82285,False,
Knuspr,82285,False,
Picnic,82285,False,
REWE,82287,False,
Flink,82287,False,
Knuspr,82287,False,
Picnic,82287,False,
REWE,82288,True,
Flink,82288,True,
Knuspr,82288,True,
Picnic,82288,True,
REWE,82290,True,
Flink,82290,True,
Knuspr,82290,True,
Picnic,82290,True,
REWE,82291,False,
Flink,82291,False,
Knuspr,82291,False,
Picnic,82291,False,
REWE,82293,False,
Flink,82293,False,
Knuspr,82293,False,
Picnic,82293,False,
REWE,82294,True,
Flink,82294,True,
Knuspr,82294,True,
Picnic,82294,True,
REWE,82296,True,
Flink,82296,True,
Knuspr,82296,True,
Picnic,82296,True,
REWE,82299,False,
Flink,82299,False,
Knuspr,82299,False,
Picnic,82299,False,
REWE,82319,False,
Flink,82319,False,
Knuspr,82319,False,
Picnic,82319,False,
REWE,82327,False,
Flink,82327,False,
Knuspr,82327,False,
Picnic,82327,False,
REWE,82335,False,
Flink,82335,False,
Knuspr,82335,False,
Picnic,82335,False,
REWE,82340,True,
Flink,82340,True,
Knuspr,82340,True,
Picnic,82340,True,
REWE,82343,False,
Flink,82343,False,
Knuspr,82343,False,
Picnic,82343,False,
REWE,82346,True,
Flink,82346,True,
Knuspr,82346,True,
Picnic,82346,True,
REWE,82347,False,
Flink,82347,False,
Knuspr,82347,False,
Picnic,82347,False,
REWE,82349,False,
Flink,82349,False,
Knuspr,82349,False,
Picnic,82349,False,
REWE,82362,True,
Flink,82362,True,
Knuspr,82362,True,
Picnic,82362,True,
REWE,82377,False,
Flink,82377,False,
Knuspr,82377,False,
Picnic,82377,False,
REWE,82380,True,
Flink,82380,True,
Knuspr,82380,True,
Picnic,82380,True,
REWE,82383,False,
Flink,82383,False,
Knuspr,82383,False,
Picnic,82383,False,
REWE,82386,True,
Flink,82386,True,
Knuspr,82386,True,
Picnic,82386,True,
REWE,82387,False,
Flink,82387,False,
Knuspr,82387,False,
Picnic,82387,False,
REWE,82389,False,
Flink,82389,False,
Knuspr,82389,False,
Picnic,82389,False,
REWE,82390,True,
Flink,82390,True,
Knuspr,82390,True,
Picnic,82390,True,
REWE,82392,True,
Flink,82392,True,
Knuspr,82392,True,
Picnic,82392,True,
REWE,82393,False,
Flink,82393,False,
Knuspr,82393,False,
Picnic,82393,False,
REWE,82395,False,
Flink,82395,False,
Knuspr,82395,False,
Picnic,82395,False,
REWE,82396,True,
Flink,82396,True,
Knuspr,82396,True,
Picnic,82396,True,
REWE,82398,True,
Flink,82398,True,
Knuspr,82398,True,
Picnic,82398,True,
REWE,82399,False,
Flink,82399,False,
Knuspr,82399,False,
Picnic,82399,False,
REWE,82401,False,
Flink,82401,False,
Knuspr,82401,False,
Picnic,82401,False,
REWE,82402,True,
Flink,82402,True,
Knuspr,82402,True,
Picnic,82402,True,
REWE,82404,True,
Flink,82404,True,
Knuspr,82404,True,
Picnic,82404,True,
REWE,82405,False,
Flink,82405,False,
Knuspr,82405,False,
Picnic,82405,False,
REWE,82407,False,
Flink,82407,False,
Knuspr,82407,False,
Picnic,82407,False,
REWE,82409,False,
Flink,82409,False,
Knuspr,82409,False,
Picnic,82409,False,
REWE,82418,True,
Flink,82418,True,
Knuspr,82418,True,
Picnic,82418,True,
REWE,82431,False,
Flink,82431,False,
Knuspr,82431,False,
Picnic,82431,False,
REWE,82432,True,
Flink,82432,True,
Knuspr,82432,True,
Picnic,82432,True,
REWE,82433,False,
Flink,82433,False,
Knuspr,82433,False,
Picnic,82433,False,
REWE,82435,False,
Flink,82435,False,
Knuspr,82435,False,
Picnic,82435,False,
REWE,82436,True,
Flink,82436,True,
Knuspr,82436,True,
Picnic,82436,True,
REWE,82438,True,
Flink,82438,True,
Knuspr,82438,True,
Picnic,82438,True,
REWE,82439,False,
Flink,82439,False,
Knuspr,82439,False,
Picnic,82439,False,
REWE,82441,False,
Flink,82441,False,
Knuspr,82441,False,
Picnic,82441,False,
REWE,82442,True,
Flink,82442,True,
Knuspr,82442,True,
Picnic,82442,True,
REWE,82444,True,
Flink,82444,True,
Knuspr,82444,True,
Picnic,82444,True,
REWE,82445,False,
Flink,82445,False,
Knuspr,82445,False,
Picnic,82445,False,
REWE,82447,False,
Flink,82447,False,
Knuspr,82447,False,
Picnic,82447,False,
REWE,82449,False,
Flink,82449,False,
Knuspr,82449,False,
Picnic,82449,False,
REWE,82467,False,
Flink,82467,False,
Knuspr,82467,False,
Picnic,82467,False,
REWE,82481,False,
Flink,82481,False,
Knuspr,82481,False,
Picnic,82481,False,
REWE,82487,False,
Flink,82487,False,
Knuspr,82487,False,
Picnic,82487,False,
REWE,82488,True,
Flink,82488,True,
Knuspr,82488,True,
Picnic,82488,True,
REWE,82490,True,
Flink,82490,True,
Knuspr,82490,True,
Picnic,82490,True,
REWE,82491,False,
Flink,82491,False,
Knuspr,82491,False,
Picnic,82491,False,
REWE,82493,False,
Flink,82493,False,
Knuspr,82493,False,
Picnic,82493,False,
REWE,82494,True,
Flink,82494,True,
Knuspr,82494,True,
Picnic,82494,True,
REWE,82496,True,
Flink,82496,True,
Knuspr,82496,True,
Picnic,82496,True,
REWE,82497,False,
Flink,82497,False,
Knuspr,82497,False,
Picnic,82497,False,
REWE,82499,False,
Flink,82499,False,
Knuspr,82499,False,
Picnic,82499,False,
REWE,82515,False,
Flink,82515,False,
Knuspr,82515,False,
Picnic,82515,False,
REWE,82538,True,
Flink,82538,True,
Knuspr,82538,True,
Picnic,82538,True,
REWE,82541,False,
Flink,82541,False,
Knuspr,82541,False,
Picnic,82541,False,
REWE,82544,True,
Flink,82544,True,
Knuspr,82544,True,
Picnic,82544,True,
REWE,82547,False,
Flink,82547,False,
Knuspr,82547,False,
Picnic,82547,False,
REWE,82549,False,
Flink,82549,False,
Knuspr,82549,False,
Picnic,82549,False,
REWE,83022,True,
Flink,83022,True,
Knuspr,83022,True,
Picnic,83022,True,
REWE,83024,True,
Flink,83024,True,
Knuspr,83024,True,
Picnic,83024,True,
REWE,83026,True,
Flink,83026,True,
Knuspr,83026,True,
Picnic,83026,True,
REWE,83043,False,
Flink,83043,False,
Knuspr,83043,False,
Picnic,83043,False,
REWE,83052,True,
Flink,83052,True,
Knuspr,83052,True,
Picnic,83052,True,
REWE,83059,False,
Flink,83059,False,
Knuspr,83059,False,
Picnic,83059,False,
REWE,83064,True,
Flink,83064,True,
Knuspr,83064,True,
Picnic,83064,True,
REWE,83071,False,
Flink,83071,False,
Knuspr,83071,False,
Picnic,83071,False,
REWE,83075,False,
Flink,83075,False,
Knuspr,83075,False,
Picnic,83075,False,
REWE,83080,True,
Flink,83080,True,
Knuspr,83080,True,
Picnic,83080,True,
REWE,83083,False,
Flink,83083,False,
Knuspr,83083,False,
Picnic,83083,False,
REWE,83088,True,
Flink,83088,True,
Knuspr,83088,True,
Picnic,83088,True,
REWE,83093,False,
Flink,83093,False,
Knuspr,83093,False,
Picnic,83093,False,
REWE,83098,True,
Flink,83098,True,
Knuspr,83098,True,
Picnic,83098,True,
REWE,83101,False,
Flink,83101,False,
Knuspr,83101,False,
Picnic,83101,False,
REWE,83104,True,
Flink,83104,True,
Knuspr,83104,True,
Picnic,83104,True,
REWE,83109,False,
Flink,83109,False,
Knuspr,83109,False,
Picnic,83109,False,
REWE,83112,True,
Flink,83112,True,
Knuspr,83112,True,
Picnic,83112,True,
REWE,83115,False,
Flink,83115,False,
Knuspr,83115,False,
Picnic,83115,False,
REWE,83119,False,
Flink,83119,False,
Knuspr,83119,False,
Picnic,83119,False,
REWE,83122,True,
Flink,83122,True,
Knuspr,83122,True,
Picnic,83122,True,
REWE,83123,False,
Flink,83123,False,
Knuspr,83123,False,
Picnic,83123,False,
REWE,83125,False,
Flink,83125,False,
Knuspr,83125,False,
Picnic,83125,False,
REWE,83126,True,
Flink,83126,True,
Knuspr,83126,True,
Picnic,83126,True,
REWE,83128,True,
Flink,83128,True,
Knuspr,83128,True,
Picnic,83128,True,
REWE,83129,False,
Flink,83129,False,
Knuspr,83129,False,
Picnic,83129,False,
REWE,83131,False,
Flink,83131,False,
Knuspr,83131,False,
Picnic,83131,False,
REWE,83132,True,
Flink,83132,True,
Knuspr,83132,True,
Picnic,83132,True,
REWE,83134,True,
Flink,83134,True,
Knuspr,83134,True,
Picnic,83134,True,
REWE,83135,False,
Flink,83135,False,
Knuspr,83135,False,
Picnic,83135,False,
REWE,83137,False,
Flink,83137,False,
Knuspr,83137,False,
Picnic,83137,False,
REWE,83139,False,
Flink,83139,False,
Knuspr,83139,False,
Picnic,83139,False,
REWE,83209,False,
Flink,83209,False,
Knuspr,83209,False,
Picnic,83209,False,
REWE,83224,True,
Flink,83224,True,
Knuspr,83224,True,
Picnic,83224,True,
REWE,83229,False,
Flink,83229,False,
Knuspr,83229,False,
Picnic,83229,False,
REWE,83233,False,
Flink,83233,False,
Knuspr,83233,False,
Picnic,83233,False,
REWE,83236,True,
Flink,83236,True,
Knuspr,83236,True,
Picnic,83236,True,
REWE,83242,True,
Flink,83242,True,
Knuspr,83242,True,
Picnic,83242,True,
REWE,83246,True,
Flink,83246,True,
Knuspr,83246,True,
Picnic,83246,True,
REWE,83250,True,
Flink,83250,True,
Knuspr,83250,True,
Picnic,83250,True,
REWE,83253,False,
Flink,83253,False,
Knuspr,83253,False,
Picnic,83253,False,
REWE,83254,True,
Flink,83254,True,
Knuspr,83254,True,
Picnic,83254,True,
REWE,83256,True,
Flink,83256,True,
Knuspr,83256,True,
Picnic,83256,True,
REWE,83257,False,
Flink,83257,False,
Knuspr,83257,False,
Picnic,83257,False,
REWE,83259,False,
Flink,83259,False,
Knuspr,83259,False,
Picnic,83259,False,
REWE,83278,True,
Flink,83278,True,
Knuspr,83278,True,
Picnic,83278,True,
REWE,83301,False,
Flink,83301,False,
Knuspr,83301,False,
Picnic,83301,False,
REWE,83308,True,
Flink,83308,True,
Knuspr,83308,True,
Picnic,83308,True,
REWE,83313,False,
Flink,83313,False,
Knuspr,83313,False,
Picnic,83313,False,
REWE,83317,False,
Flink,83317,False,
Knuspr,83317,False,
Picnic,83317,False,
REWE,83324,True,
Flink,83324,True,
Knuspr,83324,True,
Picnic,83324,True,
REWE,83329,False,
Flink,83329,False,
Knuspr,83329,False,
Picnic,83329,False,
REWE,83334,True,
Flink,83334,True,
Knuspr,83334,True,
Picnic,83334,True,
REWE,83339,False,
Flink,83339,False,
Knuspr,83339,False,
Picnic,83339,False,
REWE,83342,True,
Flink,83342,True,
Knuspr,83342,True,
Picnic,83342,True,
REWE,83344,True,
Flink,83344,True,
Knuspr,83344,True,
Picnic,83344,True,
REWE,83346,True,
Flink,83346,True,
Knuspr,83346,True,
Picnic,83346,True,
REWE,83349,False,
Flink,83349,False,
Knuspr,83349,False,
Picnic,83349,False,
REWE,83352,True,
Flink,83352,True,
Knuspr,83352,True,
Picnic,83352,True,
REWE,83355,False,
Flink,83355,False,
Knuspr,83355,False,
Picnic,83355,False,
REWE,83358,True,
Flink,83358,True,
Knuspr,83358,True,
Picnic,83358,True,
REWE,83359,False,
Flink,83359,False,
Knuspr,83359,False,
Picnic,83359,False,
REWE,83361,False,
Flink,83361,False,
Knuspr,83361,False,
Picnic,83361,False,
REWE,83362,True,
Flink,83362,True,
Knuspr,83362,True,
Picnic,83362,True,
REWE,83364,True,
Flink,83364,True,
Knuspr,83364,True,
Picnic,83364,True,
REWE,83365,False,
Flink,83365,False,
Knuspr,83365,False,
Picnic,83365,False,
REWE,83367,False,
Flink,83367,False,
Knuspr,83367,False,
Picnic,83367,False,
REWE,83368,True,
Flink,83368,True,
Knuspr,83368,True,
Picnic,83368,True,
REWE,83370,True,
Flink,83370,True,
Knuspr,83370,True,
Picnic,83370,True,
REWE,83371,False,
Flink,83371,False,
Knuspr,83371,False,
Picnic,83371,False,
REWE,83373,False,
Flink,83373,False,
Knuspr,83373,False,
Picnic,83373,False,
REWE,83374,True,
Flink,83374,True,
Knuspr,83374,True,
Picnic,83374,True,
REWE,83376,True,
Flink,83376,True,
Knuspr,83376,True,
Picnic,83376,True,
REWE,83377,False,
Flink,83377,False,
Knuspr,83377,False,
Picnic,83377,False,
REWE,83379,False,
Flink,83379,False,
Knuspr,83379,False,
Picnic,83379,False,
REWE,83395,False,
Flink,83395,False,
Knuspr,83395,False,
Picnic,83395,False,
REWE,83404,True,
Flink,83404,True,
Knuspr,83404,True,
Picnic,83404,True,
REWE,83410,True,
Flink,83410,True,
Knuspr,83410,True,
Picnic,83410,True,
REWE,83413,False,
Flink,83413,False,
Knuspr,83413,False,
Picnic,83413,False,
REWE,83416,True,
Flink,83416,True,
Knuspr,83416,True,
Picnic,83416,True,
REWE,83417,False,
Flink,83417,False,
Knuspr,83417,False,
Picnic,83417,False,
REWE,83435,False,
Flink,83435,False,
Knuspr,83435,False,
Picnic,83435,False,
REWE,83451,False,
Flink,83451,False,
Knuspr,83451,False,
Picnic,83451,False,
REWE,83454,True,
Flink,83454,True,
Knuspr,83454,True,
Picnic,83454,True,
REWE,83457,False,
Flink,83457,False,
Knuspr,83457,False,
Picnic,83457,False,
REWE,83458,True,
Flink,83458,True,
Knuspr,83458,True,
Picnic,83458,True,
REWE,83471,False,
Flink,83471,False,
Knuspr,83471,False,
Picnic,83471,False,
REWE,83483,False,
Flink,83483,False,
Knuspr,83483,False,
Picnic,83483,False,
REWE,83486,True,
Flink,83486,True,
Knuspr,83486,True,
Picnic,83486,True,
REWE,83487,False,
Flink,83487,False,
Knuspr,83487,False,
Picnic,83487,False,
REWE,83489,False,
Flink,83489,False,
Knuspr,83489,False,
Picnic,83489,False,
REWE,83512,True,
Flink,83512,True,
Knuspr,83512,True,
Picnic,83512,True,
REWE,83527,False,
Flink,83527,False,
Knuspr,83527,False,
Picnic,83527,False,
REWE,83530,True,
Flink,83530,True,
Knuspr,83530,True,
Picnic,83530,True,
REWE,83533,False,
Flink,83533,False,
Knuspr,83533,False,
Picnic,83533,False,
REWE,83536,True,
Flink,83536,True,
Knuspr,83536,True,
Picnic,83536,True,
REWE,83539,False,
Flink,83539,False,
Knuspr,83539,False,
Picnic,83539,False,
REWE,83543,False,
Flink,83543,False,
Knuspr,83543,False,
Picnic,83543,False,
REWE,83544,True,
Flink,83544,True,
Knuspr,83544,True,
Picnic,83544,True,
REWE,83546,True,
Flink,83546,True,
Knuspr,83546,True,
Picnic,83546,True,
REWE,83547,False,
Flink,83547,False,
Knuspr,83547,False,
Picnic,83547,False,
REWE,83549,False,
Flink,83549,False,
Knuspr,83549,False,
Picnic,83549,False,
REWE,83550,True,
Flink,83550,True,
Knuspr,83550,True,
Picnic,83550,True,
REWE,83552,True,
Flink,83552,True,
Knuspr,83552,True,
Picnic,83552,True,
REWE,83553,False,
Flink,83553,False,
Knuspr,83553,False,
Picnic,83553,False,
REWE,83555,False,
Flink,83555,False,
Knuspr,83555,False,
Picnic,83555,False,
REWE,83556,True,
Flink,83556,True,
Knuspr,83556,True,
Picnic,83556,True,
REWE,83558,True,
Flink,83558,True,
Knuspr,83558,True,
Picnic,83558,True,
REWE,83559,False,
Flink,83559,False,
Knuspr,83559,False,
Picnic,83559,False,
REWE,83561,False,
Flink,83561,False,
Knuspr,83561,False,
Picnic,83561,False,
REWE,83562,True,
Flink,83562,True,
Knuspr,83562,True,
Picnic,83562,True,
REWE,83564,True,
Flink,83564,True,
Knuspr,83564,True,
Picnic,83564,True,
REWE,83565,False,
Flink,83565,False,
Knuspr,83565,False,
Picnic,83565,False,
REWE,83567,False,
Flink,83567,False,
Knuspr,83567,False,
Picnic,83567,False,
REWE,83569,False,
Flink,83569,False,
Knuspr,83569,False,
Picnic,83569,False,
REWE,83607,False,
Flink,83607,False,
Knuspr,83607,False,
Picnic,83607,False,
REWE,83620,True,
Flink,83620,True,
Knuspr,83620,True,
Picnic,83620,True,
REWE,83623,False,
Flink,83623,False,
Knuspr,83623,False,
Picnic,83623,False,
REWE,83624,True,
Flink,83624,True,
Knuspr,83624,True,
Picnic,83624,True,
REWE,83626,True,
Flink,83626,True,
Knuspr,83626,True,
Picnic,83626,True,
REWE,83627,False,
Flink,83627,False,
Knuspr,83627,False,
Picnic,83627,False,
REWE,83629,False,
Flink,83629,False,
Knuspr,83629,False,
Picnic,83629,False,
REWE,83646,True,
Flink,83646,True,
Knuspr,83646,True,
Picnic,83646,True,
REWE,83661,False,
Flink,83661,False,
Knuspr,83661,False,
Picnic,83661,False,
REWE,83666,True,
Flink,83666,True,
Knuspr,83666,True,
Picnic,83666,True,
REWE,83670,True,
Flink,83670,True,
Knuspr,83670,True,
Picnic,83670,True,
REWE,83671,False,
Flink,83671,False,
Knuspr,83671,False,
Picnic,83671,False,
REWE,83673,False,
Flink,83673,False,
Knuspr,83673,False,
Picnic,83673,False,
REWE,83674,True,
Flink,83674,True,
Knuspr,83674,True,
Picnic,83674,True,
REWE,83676,True,
Flink,83676,True,
Knuspr,83676,True,
Picnic,83676,True,
REWE,83677,False,
Flink,83677,False,
Knuspr,83677,False,
Picnic,83677,False,
REWE,83679,False,
Flink,83679,False,
Knuspr,83679,False,
Picnic,83679,False,
REWE,83684,True,
Flink,83684,True,
Knuspr,83684,True,
Picnic,83684,True,
REWE,83700,True,
Flink,83700,True,
Knuspr,83700,True,
Picnic,83700,True,
REWE,83703,False,
Flink,83703,False,
Knuspr,83703,False,
Picnic,83703,False,
REWE,83707,False,
Flink,83707,False,
Knuspr,83707,False,
Picnic,83707,False,
REWE,83708,True,
Flink,83708,True,
Knuspr,83708,True,
Picnic,83708,True,
REWE,83714,True,
Flink,83714,True,
Knuspr,83714,True,
Picnic,83714,True,
REWE,83727,False,
Flink,83727,False,
Knuspr,83727,False,
Picnic,83727,False,
REWE,83730,True,
Flink,83730,True,
Knuspr,83730,True,
Picnic,83730,True,
REWE,83734,True,
Flink,83734,True,
Knuspr,83734,True,
Picnic,83734,True,
REWE,83735,False,
Flink,83735,False,
Knuspr,83735,False,
Picnic,83735,False,
REWE,83737,False,
Flink,83737,False,
Knuspr,83737,False,
Picnic,83737,False,
REWE,83739,False,
Flink,83739,False,
Knuspr,83739,False,
Picnic,83739,False,
REWE,84072,True,
Flink,84072,True,
Knuspr,84072,True,
Picnic,84072,True,
REWE,84104,True,
Flink,84104,True,
Knuspr,84104,True,
Picnic,84104,True,
REWE,84405,False,
Flink,84405,False,
Knuspr,84405,False,
Picnic,84405,False,
REWE,84416,True,
Flink,84416,True,
Knuspr,84416,True,
Picnic,84416,True,
REWE,84419,False,
Flink,84419,False,
Knuspr,84419,False,
Picnic,84419,False,
REWE,84424,True,
Flink,84424,True,
Knuspr,84424,True,
Picnic,84424,True,
REWE,84427,False,
Flink,84427,False,
Knuspr,84427,False,
Picnic,84427,False,
REWE,84428,True,
Flink,84428,True,
Knuspr,84428,True,
Picnic,84428,True,
REWE,84431,False,
Flink,84431,False,
Knuspr,84431,False,
Picnic,84431,False,
REWE,84432,True,
Flink,84432,True,
Knuspr,84432,True,
Picnic,84432,True,
REWE,84434,True,
Flink,84434,True,
Knuspr,84434,True,
Picnic,84434,True,
REWE,84435,False,
Flink,84435,False,
Knuspr,84435,False,
Picnic,84435,False,
REWE,84437,False,
Flink,84437,False,
Knuspr,84437,False,
Picnic,84437,False,
REWE,84439,False,
Flink,84439,False,
Knuspr,84439,False,
Picnic,84439,False,
REWE,84453,False,
Flink,84453,False,
Knuspr,84453,False,
Picnic,84453,False,
REWE,84478,True,
Flink,84478,True,
Knuspr,84478,True,
Picnic,84478,True,
REWE,84489,False,
Flink,84489,False,
Knuspr,84489,False,
Picnic,84489,False,
REWE,84494,True,
Flink,84494,True,
Knuspr,84494,True,
Picnic,84494,True,
REWE,84503,False,
Flink,84503,False,
Knuspr,84503,False,
Picnic,84503,False,
REWE,84508,True,
Flink,84508,True,
Knuspr,84508,True,
Picnic,84508,True,
REWE,84513,False,
Flink,84513,False,
Knuspr,84513,False,
Picnic,84513,False,
REWE,84518,True,
Flink,84518,True,
Knuspr,84518,True,
Picnic,84518,True,
REWE,84524,True,
Flink,84524,True,
Knuspr,84524,True,
Picnic,84524,True,
REWE,84529,False,
Flink,84529,False,
Knuspr,84529,False,
Picnic,84529,False,
REWE,84533,False,
Flink,84533,False,
Knuspr,84533,False,
Picnic,84533,False,
REWE,84539,False,
Flink,84539,False,
Knuspr,84539,False,
Picnic,84539,False,
REWE,84543,False,
Flink,84543,False,
Knuspr,84543,False,
Picnic,84543,False,
REWE,84544,True,
Flink,84544,True,
Knuspr,84544,True,
Picnic,84544,True,
REWE,84546,True,
Flink,84546,True,
Knuspr,84546,True,
Picnic,84546,True,
REWE,84547,False,
Flink,84547,False,
Knuspr,84547,False,
Picnic,84547,False,
REWE,84549,False,
Flink,84549,False,
Knuspr,84549,False,
Picnic,84549,False,
REWE,84550,True,
Flink,84550,True,
Knuspr,84550,True,
Picnic,84550,True,
REWE,84553,False,
Flink,84553,False,
Knuspr,84553,False,
Picnic,84553,False,
REWE,84555,False,
Flink,84555,False,
Knuspr,84555,False,
Picnic,84555,False,
REWE,84556,True,
Flink,84556,True,
Knuspr,84556,True,
Picnic,84556,True,
REWE,84558,True,
Flink,84558,True,
Knuspr,84558,True,
Picnic,84558,True,
REWE,84559,False,
Flink,84559,False,
Knuspr,84559,False,
Picnic,84559,False,
REWE,84561,False,
Flink,84561,False,
Knuspr,84561,False,
Picnic,84561,False,
REWE,84562,True,
Flink,84562,True,
Knuspr,84562,True,
Picnic,84562,True,
REWE,84564,True,
Flink,84564,True,
Knuspr,84564,True,
Picnic,84564,True,
REWE,84565,False,
Flink,84565,False,
Knuspr,84565,False,
Picnic,84565,False,
REWE,84567,False,
Flink,84567,False,
Knuspr,84567,False,
Picnic,84567,False,
REWE,84568,True,
Flink,84568,True,
Knuspr,84568,True,
Picnic,84568,True,
REWE,84570,True,
Flink,84570,True,
Knuspr,84570,True,
Picnic,84570,True,
REWE,84571,False,
Flink,84571,False,
Knuspr,84571,False,
Picnic,84571,False,
REWE,84573,False,
Flink,84573,False,
Knuspr,84573,False,
Picnic,84573,False,
REWE,84574,True,
Flink,84574,True,
Knuspr,84574,True,
Picnic,84574,True,
REWE,84576,True,
Flink,84576,True,
Knuspr,84576,True,
Picnic,84576,True,
REWE,84577,False,
Flink,84577,False,
Knuspr,84577,False,
Picnic,84577,False,
REWE,84579,False,
Flink,84579,False,
Knuspr,84579,False,
Picnic,84579,False,
REWE,85049,False,
Flink,85049,False,
Knuspr,85049,False,
Picnic,85049,False,
REWE,85051,False,
Flink,85051,False,
Knuspr,85051,False,
Picnic,85051,False,
REWE,85053,False,
Flink,85053,False,
Knuspr,85053,False,
Picnic,85053,False,
REWE,85055,False,
Flink,85055,False,
Knuspr,85055,False,
Picnic,85055,False,
REWE,85057,False,
Flink,85057,False,
Knuspr,85057,False,
Picnic,85057,False,
REWE,85072,True,
Flink,85072,True,
Knuspr,85072,True,
Picnic,85072,True,
REWE,85077,False,
Flink,85077,False,
Knuspr,85077,False,
Picnic,85077,False,
REWE,85080,True,
Flink,85080,True,
Knuspr,85080,True,
Picnic,85080,True,
REWE,85084,True,
Flink,85084,True,
Knuspr,85084,True,
Picnic,85084,True,
REWE,85088,True,
Flink,85088,True,
Knuspr,85088,True,
Picnic,85088,True,
REWE,85092,True,
Flink,85092,True,
Knuspr,85092,True,
Picnic,85092,True,
REWE,85095,False,
Flink,85095,False,
Knuspr,85095,False,
Picnic,85095,False,
REWE,85098,True,
Flink,85098,True,
Knuspr,85098,True,
Picnic,85098,True,
REWE,85101,False,
Flink,85101,False,
Knuspr,85101,False,
Picnic,85101,False,
REWE,85104,True,
Flink,85104,True,
Knuspr,85104,True,
Picnic,85104,True,
REWE,85107,False,
Flink,85107,False,
Knuspr,85107,False,
Picnic,85107,False,
REWE,85110,True,
Flink,85110,True,
Knuspr,85110,True,
Picnic,85110,True,
REWE,85111,False,
Flink,85111,False,
Knuspr,85111,False,
Picnic,85111,False,
REWE,85113,False,
Flink,85113,False,
Knuspr,85113,False,
Picnic,85113,False,
REWE,85114,True,
Flink,85114,True,
Knuspr,85114,True,
Picnic,85114,True,
REWE,85116,True,
Flink,85116,True,
Knuspr,85116,True,
Picnic,85116,True,
REWE,85117,False,
Flink,85117,False,
Knuspr,85117,False,
Picnic,85117,False,
REWE,85119,False,
Flink,85119,False,
Knuspr,85119,False,
Picnic,85119,False,
REWE,85120,True,
Flink,85120,True,
Knuspr,85120,True,
Picnic,85120,True,
REWE,85122,True,
Flink,85122,True,
Knuspr,85122,True,
Picnic,85122,True,
REWE,85123,False,
Flink,85123,False,
Knuspr,85123,False,
Picnic,85123,False,
REWE,85125,False,
Flink,85125,False,
Knuspr,85125,False,
Picnic,85125,False,
REWE,85126,True,
Flink,85126,True,
Knuspr,85126,True,
Picnic,85126,True,
REWE,85128,True,
Flink,85128,True,
Knuspr,85128,True,
Picnic,85128,True,
REWE,85129,False,
Flink,85129,False,
Knuspr,85129,False,
Picnic,85129,False,
REWE,85131,False,
Flink,85131,False,
Knuspr,85131,False,
Picnic,85131,False,
REWE,85132,True,
Flink,85132,True,
Knuspr,85132,True,
Picnic,85132,True,
REWE,85134,True,
Flink,85134,True,
Knuspr,85134,True,
Picnic,85134,True,
REWE,85135,False,
Flink,85135,False,
Knuspr,85135,False,
Picnic,85135,False,
REWE,85137,False,
Flink,85137,False,
Knuspr,85137,False,
Picnic,85137,False,
REWE,85139,False,
Flink,85139,False,
Knuspr,85139,False,
Picnic,85139,False,
REWE,85221,False,
Flink,85221,False,
Knuspr,85221,False,
Picnic,85221,False,
REWE,85229,False,
Flink,85229,False,
Knuspr,85229,False,
Picnic,85229,False,
REWE,85232,True,
Flink,85232,True,
Knuspr,85232,True,
Picnic,85232,True,
REWE,85235,False,
Flink,85235,False,
Knuspr,85235,False,
Picnic,85235,False,
REWE,85238,True,
Flink,85238,True,
Knuspr,85238,True,
Picnic,85238,True,
REWE,85241,False,
Flink,85241,False,
Knuspr,85241,False,
Picnic,85241,False,
REWE,85244,True,
Flink,85244,True,
Knuspr,85244,True,
Picnic,85244,True,
REWE,85247,False,
Flink,85247,False,
Knuspr,85247,False,
Picnic,85247,False,
REWE,85250,True,
Flink,85250,True,
Knuspr,85250,True,
Picnic,85250,True,
REWE,85253,False,
Flink,85253,False,
Knuspr,85253,False,
Picnic,85253,False,
REWE,85254,True,
Flink,85254,True,
Knuspr,85254,True,
Picnic,85254,True,
REWE,85256,True,
Flink,85256,True,
Knuspr,85256,True,
Picnic,85256,True,
REWE,85258,True,
Flink,85258,True,
Knuspr,85258,True,
Picnic,85258,True,
REWE,85259,False,
Flink,85259,False,
Knuspr,85259,False,
Picnic,85259,False,
REWE,85276,True,
Flink,85276,True,
Knuspr,85276,True,
Picnic,85276,True,
REWE,85283,False,
Flink,85283,False,
Knuspr,85283,False,
Picnic,85283,False,
REWE,85290,True,
Flink,85290,True,
Knuspr,85290,True,
Picnic,85290,True,
REWE,85293,False,
Flink,85293,False,
Knuspr,85293,False,
Picnic,85293,False,
REWE,85296,True,
Flink,85296,True,
Knuspr,85296,True,
Picnic,85296,True,
REWE,85298,True,
Flink,85298,True,
Knuspr,85298,True,
Picnic,85298,True,
REWE,85301,False,
Flink,85301,False,
Knuspr,85301,False,
Picnic,85301,False,
REWE,85302,True,
Flink,85302,True,
Knuspr,85302,True,
Picnic,85302,True,
REWE,85304,True,
Flink,85304,True,
Knuspr,85304,True,
Picnic,85304,True,
REWE,85305,False,
Flink,85305,False,
Knuspr,85305,False,
Picnic,85305,False,
REWE,85307,False,
Flink,85307,False,
Knuspr,85307,False,
Picnic,85307,False,
REWE,85309,False,
Flink,85309,False,
Knuspr,85309,False,
Picnic,85309,False,
REWE,85354,True,
Flink,85354,True,
Knuspr,85354,True,
Picnic,85354,True,
REWE,85356,True,
Flink,85356,True,
Knuspr,85356,True,
Picnic,85356,True,
REWE,85368,True,
Flink,85368,True,
Knuspr,85368,True,
Picnic,85368,True,
REWE,85375,False,
Flink,85375,False,
Knuspr,85375,False,
Picnic,85375,False,
REWE,85376,True,
Flink,85376,True,
Knuspr,85376,True,
Picnic,85376,True,
REWE,85386,True,
Flink,85386,True,
Knuspr,85386,True,
Picnic,85386,True,
REWE,85391,False,
Flink,85391,False,
Knuspr,85391,False,
Picnic,85391,False,
REWE,85395,False,
Flink,85395,False,
Knuspr,85395,False,
Picnic,85395,False,
REWE,85399,False,
Flink,85399,False,
Knuspr,85399,False,
Picnic,85399,False,
REWE,85402,True,
Flink,85402,True,
Knuspr,85402,True,
Picnic,85402,True,
REWE,85405,False,
Flink,85405,False,
Knuspr,85405,False,
Picnic,85405,False,
REWE,85406,True,
Flink,85406,True,
Knuspr,85406,True,
Picnic,85406,True,
REWE,85408,True,
Flink,85408,True,
Knuspr,85408,True,
Picnic,85408,True,
REWE,85410,True,
Flink,85410,True,
Knuspr,85410,True,
Picnic,85410,True,
REWE,85411,False,
Flink,85411,False,
Knuspr,85411,False,
Picnic,85411,False,
REWE,85413,False,
Flink,85413,False,
Knuspr,85413,False,
Picnic,85413,False,
REWE,85414,True,
Flink,85414,True,
Knuspr,85414,True,
Picnic,85414,True,
REWE,85416,True,
Flink,85416,True,
Knuspr,85416,True,
Picnic,85416,True,
REWE,85417,False,
Flink,85417,False,
Knuspr,85417,False,
Picnic,85417,False,
REWE,85419,False,
Flink,85419,False,
Knuspr,85419,False,
Picnic,85419,False,
REWE,85435,False,
Flink,85435,False,
Knuspr,85435,False,
Picnic,85435,False,
REWE,85445,False,
Flink,85445,False,
Knuspr,85445,False,
Picnic,85445,False,
REWE,85447,False,
Flink,85447,False,
Knuspr,85447,False,
Picnic,85447,False,
REWE,85452,True,
Flink,85452,True,
Knuspr,85452,True,
Picnic,85452,True,
REWE,85456,True,
Flink,85456,True,
Knuspr,85456,True,
Picnic,85456,True,
REWE,85457,False,
Flink,85457,False,
Knuspr,85457,False,
Picnic,85457,False,
REWE,85459,False,
Flink,85459,False,
Knuspr,85459,False,
Picnic,85459,False,
REWE,85461,False,
Flink,85461,False,
Knuspr,85461,False,
Picnic,85461,False,
REWE,85462,True,
Flink,85462,True,
Knuspr,85462,True,
Picnic,85462,True,
REWE,85464,True,
Flink,85464,True,
Knuspr,85464,True,
Picnic,85464,True,
REWE,85465,False,
Flink,85465,False,
Knuspr,85465,False,
Picnic,85465,False,
REWE,85467,False,
Flink,85467,False,
Knuspr,85467,False,
Picnic,85467,False,
REWE,85469,False,
Flink,85469,False,
Knuspr,85469,False,
Picnic,85469,False,
REWE,85521,False,
Flink,85521,False,
Knuspr,85521,False,
Picnic,85521,False,
REWE,85540,True,
Flink,85540,True,
Knuspr,85540,True,
Picnic,85540,True,
REWE,85551,False,
Flink,85551,False,
Knuspr,85551,False,
Picnic,85551,False,
REWE,85560,True,
Flink,85560,True,
Knuspr,85560,True,
Picnic,85560,True,
REWE,85567,False,
Flink,85567,False,
Knuspr,85567,False,
Picnic,85567,False,
REWE,85570,True,
Flink,85570,True,
Knuspr,85570,True,
Picnic,85570,True,
REWE,85579,False,
Flink,85579,False,
Knuspr,85579,False,
Picnic,85579,False,
REWE,85586,True,
Flink,85586,True,
Knuspr,85586,True,
Picnic,85586,True,
REWE,85591,False,
Flink,85591,False,
Knuspr,85591,False,
Picnic,85591,False,
REWE,85598,True,
Flink,85598,True,
Knuspr,85598,True,
Picnic,85598,True,
REWE,85599,False,
Flink,85599,False,
Knuspr,85599,False,
Picnic,85599,False,
REWE,85604,True,
Flink,85604,True,
Knuspr,85604,True,
Picnic,85604,True,
REWE,85609,False,
Flink,85609,False,
Knuspr,85609,False,
Picnic,85609,False,
REWE,85614,True,
Flink,85614,True,
Knuspr,85614,True,
Picnic,85614,True,
REWE,85617,False,
Flink,85617,False,
Knuspr,85617,False,
Picnic,85617,False,
REWE,85622,True,
Flink,85622,True,
Knuspr,85622,True,
Picnic,85622,True,
REWE,85625,False,
Flink,85625,False,
Knuspr,85625,False,
Picnic,85625,False,
REWE,85630,True,
Flink,85630,True,
Knuspr,85630,True,
Picnic,85630,True,
REWE,85635,False,
Flink,85635,False,
Knuspr,85635,False,
Picnic,85635,False,
REWE,85640,True,
Flink,85640,True,
Knuspr,85640,True,
Picnic,85640,True,
REWE,85643,False,
Flink,85643,False,
Knuspr,85643,False,
Picnic,85643,False,
REWE,85646,True,
Flink,85646,True,
Knuspr,85646,True,
Picnic,85646,True,
REWE,85649,False,
Flink,85649,False,
Knuspr,85649,False,
Picnic,85649,False,
REWE,85652,True,
Flink,85652,True,
Knuspr,85652,True,
Picnic,85652,True,
REWE,85653,False,
Flink,85653,False,
Knuspr,85653,False,
Picnic,85653,False,
REWE,85655,False,
Flink,85655,False,
Knuspr,85655,False,
Picnic,85655,False,
REWE,85656,True,
Flink,85656,True,
Knuspr,85656,True,
Picnic,85656,True,
REWE,85658,True,
Flink,85658,True,
Knuspr,85658,True,
Picnic,85658,True,
REWE,85659,False,
Flink,85659,False,
Knuspr,85659,False,
Picnic,85659,False,
REWE,85661,False,
Flink,85661,False,
Knuspr,85661,False,
Picnic,85661,False,
REWE,85662,True,
Flink,85662,True,
Knuspr,85662,True,
Picnic,85662,True,
REWE,85664,True,
Flink,85664,True,
Knuspr,85664,True,
Picnic,85664,True,
REWE,85665,False,
Flink,85665,False,
Knuspr,85665,False,
Picnic,85665,False,
REWE,85667,False,
Flink,85667,False,
Knuspr,85667,False,
Picnic,85667,False,
REWE,85669,False,
Flink,85669,False,
Knuspr,85669,False,
Picnic,85669,False,
REWE,85716,True,
Flink,85716,True,
Knuspr,85716,True,
Picnic,85716,True,
REWE,85737,False,
Flink,85737,False,
Knuspr,85737,False,
Picnic,85737,False,
REWE,85748,True,
Flink,85748,True,
Knuspr,85748,True,
Picnic,85748,True,
REWE,85757,False,
Flink,85757,False,
Knuspr,85757,False,
Picnic,85757,False,
REWE,85764,True,
Flink,85764,True,
Knuspr,85764,True,
Picnic,85764,True,
REWE,85774,True,
Flink,85774,True,
Knuspr,85774,True,
Picnic,85774,True,
REWE,85777,False,
Flink,85777,False,
Knuspr,85777,False,
Picnic,85777,False,
REWE,85778,True,
Flink,85778,True,
Knuspr,85778,True,
Picnic,85778,True,
REWE,86492,True,
Flink,86492,True,
Knuspr,86492,True,
Picnic,86492,True,
REWE,86529,False,
Flink,86529,False,
Knuspr,86529,False,
Picnic,86529,False,
REWE,86558,True,
Flink,86558,True,
Knuspr,86558,True,
Picnic,86558,True,
REWE,86561,False,
Flink,86561,False,
Knuspr,86561,False,
Picnic,86561,False,
REWE,86562,True,
Flink,86562,True,
Knuspr,86562,True,
Picnic,86562,True,
REWE,86564,True,
Flink,86564,True,
Knuspr,86564,True,
Picnic,86564,True,
REWE,86565,False,
Flink,86565,False,
Knuspr,86565,False,
Picnic,86565,False,
REWE,86567,False,
Flink,86567,False,
Knuspr,86567,False,
Picnic,86567,False,
REWE,86571,False,
Flink,86571,False,
Knuspr,86571,False,
Picnic,86571,False,
REWE,86579,False,
Flink,86579,False,
Knuspr,86579,False,
Picnic,86579,False,
REWE,86633,False,
Flink,86633,False,
Knuspr,86633,False,
Picnic,86633,False,
REWE,86643,False,
Flink,86643,False,
Knuspr,86643,False,
Picnic,86643,False,
REWE,86666,True,
Flink,86666,True,
Knuspr,86666,True,
Picnic,86666,True,
REWE,86668,True,
Flink,86668,True,
Knuspr,86668,True,
Picnic,86668,True,
REWE,86669,False,
Flink,86669,False,
Knuspr,86669,False,
Picnic,86669,False,
REWE,86673,False,
Flink,86673,False,
Knuspr,86673,False,
Picnic,86673,False,
REWE,86676,True,
Flink,86676,True,
Knuspr,86676,True,
Picnic,86676,True,
REWE,86697,False,
Flink,86697,False,
Knuspr,86697,False,
Picnic,86697,False,
REWE,86701,False,
Flink,86701,False,
Knuspr,86701,False,
Picnic,86701,False,
REWE,86706,True,
Flink,86706,True,
Knuspr,86706,True,
Picnic,86706,True,
REWE,86836,True,
Flink,86836,True,
Knuspr,86836,True,
Picnic,86836,True,
REWE,86857,False,
Flink,86857,False,
Knuspr,86857,False,
Picnic,86857,False,
REWE,86859,False,
Flink,86859,False,
Knuspr,86859,False,
Picnic,86859,False,
REWE,86899,False,
Flink,86899,False,
Knuspr,86899,False,
Picnic,86899,False,
REWE,86911,False,
Flink,86911,False,
Knuspr,86911,False,
Picnic,86911,False,
REWE,86916,True,
Flink,86916,True,
Knuspr,86916,True,
Picnic,86916,True,
REWE,86919,False,
Flink,86919,False,
Knuspr,86919,False,
Picnic,86919,False,
REWE,86920,True,
Flink,86920,True,
Knuspr,86920,True,
Picnic,86920,True,
REWE,86922,True,
Flink,86922,True,
Knuspr,86922,True,
Picnic,86922,True,
REWE,86923,False,
Flink,86923,False,
Knuspr,86923,False,
Picnic,86923,False,
REWE,86925,False,
Flink,86925,False,
Knuspr,86925,False,
Picnic,86925,False,
REWE,86926,True,
Flink,86926,True,
Knuspr,86926,True,
Picnic,86926,True,
REWE,86928,True,
Flink,86928,True,
Knuspr,86928,True,
Picnic,86928,True,
REWE,86929,False,
Flink,86929,False,
Knuspr,86929,False,
Picnic,86929,False,
REWE,86931,False,
Flink,86931,False,
Knuspr,86931,False,
Picnic,86931,False,
REWE,86932,True,
Flink,86932,True,
Knuspr,86932,True,
Picnic,86932,True,
REWE,86934,True,
Flink,86934,True,
Knuspr,86934,True,
Picnic,86934,True,
REWE,86935,False,
Flink,86935,False,
Knuspr,86935,False,
Picnic,86935,False,
REWE,86937,False,
Flink,86937,False,
Knuspr,86937,False,
Picnic,86937,False,
REWE,86938,True,
Flink,86938,True,
Knuspr,86938,True,
Picnic,86938,True,
REWE,86940,True,
Flink,86940,True,
Knuspr,86940,True,
Picnic,86940,True,
REWE,86941,False,
Flink,86941,False,
Knuspr,86941,False,
Picnic,86941,False,
REWE,86943,False,
Flink,86943,False,
Knuspr,86943,False,
Picnic,86943,False,
REWE,86944,True,
Flink,86944,True,
Knuspr,86944,True,
Picnic,86944,True,
REWE,86946,True,
Flink,86946,True,
Knuspr,86946,True,
Picnic,86946,True,
REWE,86947,False,
Flink,86947,False,
Knuspr,86947,False,
Picnic,86947,False,
REWE,86949,False,
Flink,86949,False,
Knuspr,86949,False,
Picnic,86949,False,
REWE,86956,True,
Flink,86956,True,
Knuspr,86956,True,
Picnic,86956,True,
REWE,86971,False,
Flink,86971,False,
Knuspr,86971,False,
Picnic,86971,False,
REWE,86972,True,
Flink,86972,True,
Knuspr,86972,True,
Picnic,86972,True,
REWE,86974,True,
Flink,86974,True,
Knuspr,86974,True,
Picnic,86974,True,
REWE,86975,False,
Flink,86975,False,
Knuspr,86975,False,
Picnic,86975,False,
REWE,86977,False,
Flink,86977,False,
Knuspr,86977,False,
Picnic,86977,False,
REWE,86978,True,
Flink,86978,True,
Knuspr,86978,True,
Picnic,86978,True,
REWE,86980,True,
Flink,86980,True,
Knuspr,86980,True,
Picnic,86980,True,
REWE,86981,False,
Flink,86981,False,
Knuspr,86981,False,
Picnic,86981,False,
REWE,86984,True,
Flink,86984,True,
Knuspr,86984,True,
Picnic,86984,True,
REWE,86986,True,
Flink,86986,True,
Knuspr,86986,True,
Picnic,86986,True,
REWE,86987,False,
Flink,86987,False,
Knuspr,86987,False,
Picnic,86987,False,
REWE,86989,False,
Flink,86989,False,
Knuspr,86989,False,
Picnic,86989,False,
REWE,91795,False,
Flink,91795,False,
Knuspr,91795,False,
Picnic,91795,False,
REWE,91804,True,
Flink,91804,True,
Knuspr,91804,True,
Picnic,91804,True,
REWE,91809,False,
Flink,91809,False,
Knuspr,91809,False,
Picnic,91809,False,
REWE,92339,False,
Flink,92339,False,
Knuspr,92339,False,
Picnic,92339,False,
REWE,93336,True,
Flink,93336,True,
Knuspr,93336,True,
Picnic,93336,True,
REWE,93349,False,
Flink,93349,False,
Knuspr,93349,False,
Picnic,93349,False,
REWE,84028,True,
Flink,84028,True,
Knuspr,84028,True,
Picnic,84028,True,
REWE,84030,True,
Flink,84030,True,
Knuspr,84030,True,
Picnic,84030,True,
REWE,84032,True,
Flink,84032,True,
Knuspr,84032,True,
Picnic,84032,True,
REWE,84034,True,
Flink,84034,True,
Knuspr,84034,True,
Picnic,84034,True,
REWE,84036,True,
Flink,84036,True,
Knuspr,84036,True,
Picnic,84036,True,
REWE,84048,True,
Flink,84048,True,
Knuspr,84048,True,
Picnic,84048,True,
REWE,84051,False,
Flink,84051,False,
Knuspr,84051,False,
Picnic,84051,False,
REWE,84056,True,
Flink,84056,True,
Knuspr,84056,True,
Picnic,84056,True,
REWE,84061,False,
Flink,84061,False,
Knuspr,84061,False,
Picnic,84061,False,
REWE,84066,True,
Flink,84066,True,
Knuspr,84066,True,
Picnic,84066,True,
REWE,84076,True,
Flink,84076,True,
Knuspr,84076,True,
Picnic,84076,True,
REWE,84079,False,
Flink,84079,False,
Knuspr,84079,False,
Picnic,84079,False,
REWE,84082,True,
Flink,84082,True,
Knuspr,84082,True,
Picnic,84082,True,
REWE,84085,False,
Flink,84085,False,
Knuspr,84085,False,
Picnic,84085,False,
REWE,84088,True,
Flink,84088,True,
Knuspr,84088,True,
Picnic,84088,True,
REWE,84089,False,
Flink,84089,False,
Knuspr,84089,False,
Picnic,84089,False,
REWE,84091,False,
Flink,84091,False,
Knuspr,84091,False,
Picnic,84091,False,
REWE,84092,True,
Flink,84092,True,
Knuspr,84092,True,
Picnic,84092,True,
REWE,84094,True,
Flink,84094,True,
Knuspr,84094,True,
Picnic,84094,True,
REWE,84095,False,
Flink,84095,False,
Knuspr,84095,False,
Picnic,84095,False,
REWE,84097,False,
Flink,84097,False,
Knuspr,84097,False,
Picnic,84097,False,
REWE,84098,True,
Flink,84098,True,
Knuspr,84098,True,
Picnic,84098,True,
REWE,84100,True,
Flink,84100,True,
Knuspr,84100,True,
Picnic,84100,True,
REWE,84101,False,
Flink,84101,False,
Knuspr,84101,False,
Picnic,84101,False,
REWE,84103,False,
Flink,84103,False,
Knuspr,84103,False,
Picnic,84103,False,
REWE,84106,True,
Flink,84106,True,
Knuspr,84106,True,
Picnic,84106,True,
REWE,84107,False,
Flink,84107,False,
Knuspr,84107,False,
Picnic,84107,False,
REWE,84109,False,
Flink,84109,False,
Knuspr,84109,False,
Picnic,84109,False,
REWE,84130,True,
Flink,84130,True,
Knuspr,84130,True,
Picnic,84130,True,
REWE,84137,False,
Flink,84137,False,
Knuspr,84137,False,
Picnic,84137,False,
REWE,84140,True,
Flink,84140,True,
Knuspr,84140,True,
Picnic,84140,True,
REWE,84144,True,
Flink,84144,True,
Knuspr,84144,True,
Picnic,84144,True,
REWE,84149,False,
Flink,84149,False,
Knuspr,84149,False,
Picnic,84149,False,
REWE,84152,True,
Flink,84152,True,
Knuspr,84152,True,
Picnic,84152,True,
REWE,84155,False,
Flink,84155,False,
Knuspr,84155,False,
Picnic,84155,False,
REWE,84160,True,
Flink,84160,True,
Knuspr,84160,True,
Picnic,84160,True,
REWE,84163,False,
Flink,84163,False,
Knuspr,84163,False,
Picnic,84163,False,
REWE,84164,True,
Flink,84164,True,
Knuspr,84164,True,
Picnic,84164,True,
REWE,84166,True,
Flink,84166,True,
Knuspr,84166,True,
Picnic,84166,True,
REWE,84168,True,
Flink,84168,True,
Knuspr,84168,True,
Picnic,84168,True,
REWE,84169,False,
Flink,84169,False,
Knuspr,84169,False,
Picnic,84169,False,
REWE,84171,False,
Flink,84171,False,
Knuspr,84171,False,
Picnic,84171,False,
REWE,84172,True,
Flink,84172,True,
Knuspr,84172,True,
Picnic,84172,True,
REWE,84174,True,
Flink,84174,True,
Knuspr,84174,True,
Picnic,84174,True,
REWE,84175,False,
Flink,84175,False,
Knuspr,84175,False,
Picnic,84175,False,
REWE,84177,False,
Flink,84177,False,
Knuspr,84177,False,
Picnic,84177,False,
REWE,84178,True,
Flink,84178,True,
Knuspr,84178,True,
Picnic,84178,True,
REWE,84180,True,
Flink,84180,True,
Knuspr,84180,True,
Picnic,84180,True,
REWE,84181,False,
Flink,84181,False,
Knuspr,84181,False,
Picnic,84181,False,
REWE,84183,False,
Flink,84183,False,
Knuspr,84183,False,
Picnic,84183,False,
REWE,84184,True,
Flink,84184,True,
Knuspr,84184,True,
Picnic,84184,True,
REWE,84186,True,
Flink,84186,True,
Knuspr,84186,True,
Picnic,84186,True,
REWE,84187,False,
Flink,84187,False,
Knuspr,84187,False,
Picnic,84187,False,
REWE,84189,False,
Flink,84189,False,
Knuspr,84189,False,
Picnic,84189,False,
REWE,84307,False,
Flink,84307,False,
Knuspr,84307,False,
Picnic,84307,False,
REWE,84323,False,
Flink,84323,False,
Knuspr,84323,False,
Picnic,84323,False,
REWE,84326,True,
Flink,84326,True,
Knuspr,84326,True,
Picnic,84326,True,
REWE,84329,False,
Flink,84329,False,
Knuspr,84329,False,
Picnic,84329,False,
REWE,84332,True,
Flink,84332,True,
Knuspr,84332,True,
Picnic,84332,True,
REWE,84333,False,
Flink,84333,False,
Knuspr,84333,False,
Picnic,84333,False,
REWE,84335,False,
Flink,84335,False,
Knuspr,84335,False,
Picnic,84335,False,
REWE,84337,False,
Flink,84337,False,
Knuspr,84337,False,
Picnic,84337,False,
REWE,84339,False,
Flink,84339,False,
Knuspr,84339,False,
Picnic,84339,False,
REWE,84347,False,
Flink,84347,False,
Knuspr,84347,False,
Picnic,84347,False,
REWE,84359,False,
Flink,84359,False,
Knuspr,84359,False,
Picnic,84359,False,
REWE,84364,True,
Flink,84364,True,
Knuspr,84364,True,
Picnic,84364,True,
REWE,84367,False,
Flink,84367,False,
Knuspr,84367,False,
Picnic,84367,False,
REWE,84371,False,
Flink,84371,False,
Knuspr,84371,False,
Picnic,84371,False,
REWE,84375,False,
Flink,84375,False,
Knuspr,84375,False,
Picnic,84375,False,
REWE,84378,True,
Flink,84378,True,
Knuspr,84378,True,
Picnic,84378,True,
REWE,84381,False,
Flink,84381,False,
Knuspr,84381,False,
Picnic,84381,False,
REWE,84384,True,
Flink,84384,True,
Knuspr,84384,True,
Picnic,84384,True,
REWE,84385,False,
Flink,84385,False,
Knuspr,84385,False,
Picnic,84385,False,
REWE,84387,False,
Flink,84387,False,
Knuspr,84387,False,
Picnic,84387,False,
REWE,84389,False,
Flink,84389,False,
Knuspr,84389,False,
Picnic,84389,False,
REWE,84552,True,
Flink,84552,True,
Knuspr,84552,True,
Picnic,84552,True,
REWE,93077,False,
Flink,93077,False,
Knuspr,93077,False,
Picnic,93077,False,
REWE,93309,False,
Flink,93309,False,
Knuspr,93309,False,
Picnic,93309,False,
REWE,93326,True,
Flink,93326,True,
Knuspr,93326,True,
Picnic,93326,True,
REWE,93333,False,
Flink,93333,False,
Knuspr,93333,False,
Picnic,93333,False,
REWE,93339,False,
Flink,93339,False,
Knuspr,93339,False,
Picnic,93339,False,
REWE,93342,True,
Flink,93342,True,
Knuspr,93342,True,
Picnic,93342,True,
REWE,93343,False,
Flink,93343,False,
Knuspr,93343,False,
Picnic,93343,False,
REWE,93345,False,
Flink,93345,False,
Knuspr,93345,False,
Picnic,93345,False,
REWE,93346,True,
Flink,93346,True,
Knuspr,93346,True,
Picnic,93346,True,
REWE,93348,True,
Flink,93348,True,
Knuspr,93348,True,
Picnic,93348,True,
REWE,93351,False,
Flink,93351,False,
Knuspr,93351,False,
Picnic,93351,False,
REWE,93352,True,
Flink,93352,True,
Knuspr,93352,True,
Picnic,93352,True,
REWE,93354,True,
Flink,93354,True,
Knuspr,93354,True,
Picnic,93354,True,
REWE,93356,True,
Flink,93356,True,
Knuspr,93356,True,
Picnic,93356,True,
REWE,93358,True,
Flink,93358,True,
Knuspr,93358,True,
Picnic,93358,True,
REWE,93359,False,
Flink,93359,False,
Knuspr,93359,False,
Picnic,93359,False,
REWE,93471,False,
Flink,93471,False,
Knuspr,93471,False,
Picnic,93471,False,
REWE,94032,True,
Flink,94032,True,
Knuspr,94032,True,
Picnic,94032,True,
REWE,94034,True,
Flink,94034,True,
Knuspr,94034,True,
Picnic,94034,True,
REWE,94036,True,
Flink,94036,True,
Knuspr,94036,True,
Picnic,94036,True,
REWE,94051,False,
Flink,94051,False,
Knuspr,94051,False,
Picnic,94051,False,
REWE,94060,True,
Flink,94060,True,
Knuspr,94060,True,
Picnic,94060,True,
REWE,94065,False,
Flink,94065,False,
Knuspr,94065,False,
Picnic,94065,False,
REWE,94072,True,
Flink,94072,True,
Knuspr,94072,True,
Picnic,94072,True,
REWE,94078,True,
Flink,94078,True,
Knuspr,94078,True,
Picnic,94078,True,
REWE,94081,False,
Flink,94081,False,
Knuspr,94081,False,
Picnic,94081,False,
REWE,94086,True,
Flink,94086,True,
Knuspr,94086,True,
Picnic,94086,True,
REWE,94089,False,
Flink,94089,False,
Knuspr,94089,False,
Picnic,94089,False,
REWE,94094,True,
Flink,94094,True,
Knuspr,94094,True,
Picnic,94094,True,
REWE,94099,False,
Flink,94099,False,
Knuspr,94099,False,
Picnic,94099,False,
REWE,94104,True,
Flink,94104,True,
Knuspr,94104,True,
Picnic,94104,True,
REWE,94107,False,
Flink,94107,False,
Knuspr,94107,False,
Picnic,94107,False,
REWE,94110,True,
Flink,94110,True,
Knuspr,94110,True,
Picnic,94110,True,
REWE,94113,False,
Flink,94113,False,
Knuspr,94113,False,
Picnic,94113,False,
REWE,94116,True,
Flink,94116,True,
Knuspr,94116,True,
Picnic,94116,True,
REWE,94118,True,
Flink,94118,True,
Knuspr,94118,True,
Picnic,94118,True,
REWE,94121,False,
Flink,94121,False,
Knuspr,94121,False,
Picnic,94121,False,
REWE,94124,True,
Flink,94124,True,
Knuspr,94124,True,
Picnic,94124,True,
REWE,94127,False,
Flink,94127,False,
Knuspr,94127,False,
Picnic,94127,False,
REWE,94130,True,
Flink,94130,True,
Knuspr,94130,True,
Picnic,94130,True,
REWE,94133,False,
Flink,94133,False,
Knuspr,94133,False,
Picnic,94133,False,
REWE,94136,True,
Flink,94136,True,
Knuspr,94136,True,
Picnic,94136,True,
REWE,94137,False,
Flink,94137,False,
Knuspr,94137,False,
Picnic,94137,False,
REWE,94139,False,
Flink,94139,False,
Knuspr,94139,False,
Picnic,94139,False,
REWE,94140,True,
Flink,94140,True,
Knuspr,94140,True,
Picnic,94140,True,
REWE,94142,True,
Flink,94142,True,
Knuspr,94142,True,
Picnic,94142,True,
REWE,94143,False,
Flink,94143,False,
Knuspr,94143,False,
Picnic,94143,False,
REWE,94145,False,
Flink,94145,False,
Knuspr,94145,False,
Picnic,94145,False,
REWE,94146,True,
Flink,94146,True,
Knuspr,94146,True,
Picnic,94146,True,
REWE,94148,True,
Flink,94148,True,
Knuspr,94148,True,
Picnic,94148,True,
REWE,94149,False,
Flink,94149,False,
Knuspr,94149,False,
Picnic,94149,False,
REWE,94151,False,
Flink,94151,False,
Knuspr,94151,False,
Picnic,94151,False,
REWE,94152,True,
Flink,94152,True,
Knuspr,94152,True,
Picnic,94152,True,
REWE,94154,True,
Flink,94154,True,
Knuspr,94154,True,
Picnic,94154,True,
REWE,94155,False,
Flink,94155,False,
Knuspr,94155,False,
Picnic,94155,False,
REWE,94157,False,
Flink,94157,False,
Knuspr,94157,False,
Picnic,94157,False,
REWE,94158,True,
Flink,94158,True,
Knuspr,94158,True,
Picnic,94158,True,
REWE,94160,True,
Flink,94160,True,
Knuspr,94160,True,
Picnic,94160,True,
REWE,94161,False,
Flink,94161,False,
Knuspr,94161,False,
Picnic,94161,False,
REWE,94163,False,
Flink,94163,False,
Knuspr,94163,False,
Picnic,94163,False,
REWE,94164,True,
Flink,94164,True,
Knuspr,94164,True,
Picnic,94164,True,
REWE,94166,True,
Flink,94166,True,
Knuspr,94166,True,
Picnic,94166,True,
REWE,94167,False,
Flink,94167,False,
Knuspr,94167,False,
Picnic,94167,False,
REWE,94169,False,
Flink,94169,False,
Knuspr,94169,False,
Picnic,94169,False,
REWE,94209,False,
Flink,94209,False,
Knuspr,94209,False,
Picnic,94209,False,
REWE,94227,False,
Flink,94227,False,
Knuspr,94227,False,
Picnic,94227,False,
REWE,94234,True,
Flink,94234,True,
Knuspr,94234,True,
Picnic,94234,True,
REWE,94239,False,
Flink,94239,False,
Knuspr,94239,False,
Picnic,94239,False,
REWE,94244,True,
Flink,94244,True,
Knuspr,94244,True,
Picnic,94244,True,
REWE,94249,False,
Flink,94249,False,
Knuspr,94249,False,
Picnic,94249,False,
REWE,94250,True,
Flink,94250,True,
Knuspr,94250,True,
Picnic,94250,True,
REWE,94252,True,
Flink,94252,True,
Knuspr,94252,True,
Picnic,94252,True,
REWE,94253,False,
Flink,94253,False,
Knuspr,94253,False,
Picnic,94253,False,
REWE,94255,False,
Flink,94255,False,
Knuspr,94255,False,
Picnic,94255,False,
REWE,94256,True,
Flink,94256,True,
Knuspr,94256,True,
Picnic,94256,True,
REWE,94258,True,
Flink,94258,True,
Knuspr,94258,True,
Picnic,94258,True,
REWE,94259,False,
Flink,94259,False,
Knuspr,94259,False,
Picnic,94259,False,
REWE,94261,False,
Flink,94261,False,
Knuspr,94261,False,
Picnic,94261,False,
REWE,94262,True,
Flink,94262,True,
Knuspr,94262,True,
Picnic,94262,True,
REWE,94264,True,
Flink,94264,True,
Knuspr,94264,True,
Picnic,94264,True,
REWE,94265,False,
Flink,94265,False,
Knuspr,94265,False,
Picnic,94265,False,
REWE,94267,False,
Flink,94267,False,
Knuspr,94267,False,
Picnic,94267,False,
REWE,94269,False,
Flink,94269,False,
Knuspr,94269,False,
Picnic,94269,False,
REWE,94315,False,
Flink,94315,False,
Knuspr,94315,False,
Picnic,94315,False,
REWE,94327,False,
Flink,94327,False,
Knuspr,94327,False,
Picnic,94327,False,
REWE,94330,True,
Flink,94330,True,
Knuspr,94330,True,
Picnic,94330,True,
REWE,94333,False,
Flink,94333,False,
Knuspr,94333,False,
Picnic,94333,False,
REWE,94336,True,
Flink,94336,True,
Knuspr,94336,True,
Picnic,94336,True,
REWE,94339,False,
Flink,94339,False,
Knuspr,94339,False,
Picnic,94339,False,
REWE,94342,True,
Flink,94342,True,
Knuspr,94342,True,
Picnic,94342,True,
REWE,94344,True,
Flink,94344,True,
Knuspr,94344,True,
Picnic,94344,True,
REWE,94345,False,
Flink,94345,False,
Knuspr,94345,False,
Picnic,94345,False,
REWE,94347,False,
Flink,94347,False,
Knuspr,94347,False,
Picnic,94347,False,
REWE,94348,True,
Flink,94348,True,
Knuspr,94348,True,
Picnic,94348,True,
REWE,94350,True,
Flink,94350,True,
Knuspr,94350,True,
Picnic,94350,True,
REWE,94351,False,
Flink,94351,False,
Knuspr,94351,False,
Picnic,94351,False,
REWE,94353,False,
Flink,94353,False,
Knuspr,94353,False,
Picnic,94353,False,
REWE,94354,True,
Flink,94354,True,
Knuspr,94354,True,
Picnic,94354,True,
REWE,94356,True,
Flink,94356,True,
Knuspr,94356,True,
Picnic,94356,True,
REWE,94357,False,
Flink,94357,False,
Knuspr,94357,False,
Picnic,94357,False,
REWE,94359,False,
Flink,94359,False,
Knuspr,94359,False,
Picnic,94359,False,
REWE,94360,True,
Flink,94360,True,
Knuspr,94360,True,
Picnic,94360,True,
REWE,94362,True,
Flink,94362,True,
Knuspr,94362,True,
Picnic,94362,True,
REWE,94363,False,
Flink,94363,False,
Knuspr,94363,False,
Picnic,94363,False,
REWE,94365,False,
Flink,94365,False,
Knuspr,94365,False,
Picnic,94365,False,
REWE,94366,True,
Flink,94366,True,
Knuspr,94366,True,
Picnic,94366,True,
REWE,94368,True,
Flink,94368,True,
Knuspr,94368,True,
Picnic,94368,True,
REWE,94369,False,
Flink,94369,False,
Knuspr,94369,False,
Picnic,94369,False,
REWE,94371,False,
Flink,94371,False,
Knuspr,94371,False,
Picnic,94371,False,
REWE,94372,True,
Flink,94372,True,
Knuspr,94372,True,
Picnic,94372,True,
REWE,94374,True,
Flink,94374,True,
Knuspr,94374,True,
Picnic,94374,True,
REWE,94375,False,
Flink,94375,False,
Knuspr,94375,False,
Picnic,94375,False,
REWE,94377,False,
Flink,94377,False,
Knuspr,94377,False,
Picnic,94377,False,
REWE,94379,False,
Flink,94379,False,
Knuspr,94379,False,
Picnic,94379,False,
REWE,94405,False,
Flink,94405,False,
Knuspr,94405,False,
Picnic,94405,False,
REWE,94419,False,
Flink,94419,False,
Knuspr,94419,False,
Picnic,94419,False,
REWE,94424,True,
Flink,94424,True,
Knuspr,94424,True,
Picnic,94424,True,
REWE,94428,True,
Flink,94428,True,
Knuspr,94428,True,
Picnic,94428,True,
REWE,94431,False,
Flink,94431,False,
Knuspr,94431,False,
Picnic,94431,False,
REWE,94436,True,
Flink,94436,True,
Knuspr,94436,True,
Picnic,94436,True,
REWE,94437,False,
Flink,94437,False,
Knuspr,94437,False,
Picnic,94437,False,
REWE,94439,False,
Flink,94439,False,
Knuspr,94439,False,
Picnic,94439,False,
REWE,94447,False,
Flink,94447,False,
Knuspr,94447,False,
Picnic,94447,False,
REWE,94469,False,
Flink,94469,False,
Knuspr,94469,False,
Picnic,94469,False,
REWE,94474,True,
Flink,94474,True,
Knuspr,94474,True,
Picnic,94474,True,
REWE,94481,False,
Flink,94481,False,
Knuspr,94481,False,
Picnic,94481,False,
REWE,94486,True,
Flink,94486,True,
Knuspr,94486,True,
Picnic,94486,True,
REWE,94491,False,
Flink,94491,False,
Knuspr,94491,False,
Picnic,94491,False,
REWE,94496,True,
Flink,94496,True,
Knuspr,94496,True,
Picnic,94496,True,
REWE,94501,False,
Flink,94501,False,
Knuspr,94501,False,
Picnic,94501,False,
REWE,94505,False,
Flink,94505,False,
Knuspr,94505,False,
Picnic,94505,False,
REWE,94508,True,
Flink,94508,True,
Knuspr,94508,True,
Picnic,94508,True,
REWE,94513,False,
Flink,94513,False,
Knuspr,94513,False,
Picnic,94513,False,
REWE,94518,True,
Flink,94518,True,
Knuspr,94518,True,
Picnic,94518,True,
REWE,94522,True,
Flink,94522,True,
Knuspr,94522,True,
Picnic,94522,True,
REWE,94526,True,
Flink,94526,True,
Knuspr,94526,True,
Picnic,94526,True,
REWE,94527,False,
Flink,94527,False,
Knuspr,94527,False,
Picnic,94527,False,
REWE,94529,False,
Flink,94529,False,
Knuspr,94529,False,
Picnic,94529,False,
REWE,94530,True,
Flink,94530,True,
Knuspr,94530,True,
Picnic,94530,True,
REWE,94532,True,
Flink,94532,True,
Knuspr,94532,True,
Picnic,94532,True,
REWE,94533,False,
Flink,94533,False,
Knuspr,94533,False,
Picnic,94533,False,
REWE,94535,False,
Flink,94535,False,
Knuspr,94535,False,
Picnic,94535,False,
REWE,94536,True,
Flink,94536,True,
Knuspr,94536,True,
Picnic,94536,True,
REWE,94538,True,
Flink,94538,True,
Knuspr,94538,True,
Picnic,94538,True,
REWE,94539,False,
Flink,94539,False,
Knuspr,94539,False,
Picnic,94539,False,
REWE,94541,False,
Flink,94541,False,
Knuspr,94541,False,
Picnic,94541,False,
REWE,94542,True,
Flink,94542,True,
Knuspr,94542,True,
Picnic,94542,True,
REWE,94544,True,
Flink,94544,True,
Knuspr,94544,True,
Picnic,94544,True,
REWE,94545,False,
Flink,94545,False,
Knuspr,94545,False,
Picnic,94545,False,
REWE,94547,False,
Flink,94547,False,
Knuspr,94547,False,
Picnic,94547,False,
REWE,94548,True,
Flink,94548,True,
Knuspr,94548,True,
Picnic,94548,True,
REWE,94550,True,
Flink,94550,True,
Knuspr,94550,True,
Picnic,94550,True,
REWE,94551,False,
Flink,94551,False,
Knuspr,94551,False,
Picnic,94551,False,
REWE,94553,False,
Flink,94553,False,
Knuspr,94553,False,
Picnic,94553,False,
REWE,94554,True,
Flink,94554,True,
Knuspr,94554,True,
Picnic,94554,True,
REWE,94556,True,
Flink,94556,True,
Knuspr,94556,True,
Picnic,94556,True,
REWE,94557,False,
Flink,94557,False,
Knuspr,94557,False,
Picnic,94557,False,
REWE,94559,False,
Flink,94559,False,
Knuspr,94559,False,
Picnic,94559,False,
REWE,94560,True,
Flink,94560,True,
Knuspr,94560,True,
Picnic,94560,True,
REWE,94562,True,
Flink,94562,True,
Knuspr,94562,True,
Picnic,94562,True,
REWE,94563,False,
Flink,94563,False,
Knuspr,94563,False,
Picnic,94563,False,
REWE,94565,False,
Flink,94565,False,
Knuspr,94565,False,
Picnic,94565,False,
REWE,94566,True,
Flink,94566,True,
Knuspr,94566,True,
Picnic,94566,True,
REWE,94568,True,
Flink,94568,True,
Knuspr,94568,True,
Picnic,94568,True,
REWE,94569,False,
Flink,94569,False,
Knuspr,94569,False,
Picnic,94569,False,
REWE,94571,False,
Flink,94571,False,
Knuspr,94571,False,
Picnic,94571,False,
REWE,94572,True,
Flink,94572,True,
Knuspr,94572,True,
Picnic,94572,True,
REWE,94574,True,
Flink,94574,True,
Knuspr,94574,True,
Picnic,94574,True,
REWE,94575,False,
Flink,94575,False,
Knuspr,94575,False,
Picnic,94575,False,
REWE,94577,False,
Flink,94577,False,
Knuspr,94577,False,
Picnic,94577,False,
REWE,94579,False,
Flink,94579,False,
Knuspr,94579,False,
Picnic,94579,False,
REWE,84069,False,
Flink,84069,False,
Knuspr,84069,False,
Picnic,84069,False,
REWE,90602,True,
Flink,90602,True,
Knuspr,90602,True,
Picnic,90602,True,
REWE,91249,False,
Flink,91249,False,
Knuspr,91249,False,
Picnic,91249,False,
REWE,91275,False,
Flink,91275,False,
Knuspr,91275,False,
Picnic,91275,False,
REWE,91281,False,
Flink,91281,False,
Knuspr,91281,False,
Picnic,91281,False,
REWE,92224,True,
Flink,92224,True,
Knuspr,92224,True,
Picnic,92224,True,
REWE,92237,False,
Flink,92237,False,
Knuspr,92237,False,
Picnic,92237,False,
REWE,92242,True,
Flink,92242,True,
Knuspr,92242,True,
Picnic,92242,True,
REWE,92245,False,
Flink,92245,False,
Knuspr,92245,False,
Picnic,92245,False,
REWE,92249,False,
Flink,92249,False,
Knuspr,92249,False,
Picnic,92249,False,
REWE,92253,False,
Flink,92253,False,
Knuspr,92253,False,
Picnic,92253,False,
REWE,92256,True,
Flink,92256,True,
Knuspr,92256,True,
Picnic,92256,True,
REWE,92259,False,
Flink,92259,False,
Knuspr,92259,False,
Picnic,92259,False,
REWE,92260,True,
Flink,92260,True,
Knuspr,92260,True,
Picnic,92260,True,
REWE,92262,True,
Flink,92262,True,
Knuspr,92262,True,
Picnic,92262,True,
REWE,92263,False,
Flink,92263,False,
Knuspr,92263,False,
Picnic,92263,False,
REWE,92265,False,
Flink,92265,False,
Knuspr,92265,False,
Picnic,92265,False,
REWE,92266,True,
Flink,92266,True,
Knuspr,92266,True,
Picnic,92266,True,
REWE,92268,True,
Flink,92268,True,
Knuspr,92268,True,
Picnic,92268,True,
REWE,92269,False,
Flink,92269,False,
Knuspr,92269,False,
Picnic,92269,False,
REWE,92271,False,
Flink,92271,False,
Knuspr,92271,False,
Picnic,92271,False,
REWE,92272,True,
Flink,92272,True,
Knuspr,92272,True,
Picnic,92272,True,
REWE,92274,True,
Flink,92274,True,
Knuspr,92274,True,
Picnic,92274,True,
REWE,92275,False,
Flink,92275,False,
Knuspr,92275,False,
Picnic,92275,False,
REWE,92277,False,
Flink,92277,False,
Knuspr,92277,False,
Picnic,92277,False,
REWE,92278,True,
Flink,92278,True,
Knuspr,92278,True,
Picnic,92278,True,
REWE,92280,True,
Flink,92280,True,
Knuspr,92280,True,
Picnic,92280,True,
REWE,92281,False,
Flink,92281,False,
Knuspr,92281,False,
Picnic,92281,False,
REWE,92283,False,
Flink,92283,False,
Knuspr,92283,False,
Picnic,92283,False,
REWE,92284,True,
Flink,92284,True,
Knuspr,92284,True,
Picnic,92284,True,
REWE,92286,True,
Flink,92286,True,
Knuspr,92286,True,
Picnic,92286,True,
REWE,92287,False,
Flink,92287,False,
Knuspr,92287,False,
Picnic,92287,False,
REWE,92289,False,
Flink,92289,False,
Knuspr,92289,False,
Picnic,92289,False,
REWE,92318,True,
Flink,92318,True,
Knuspr,92318,True,
Picnic,92318,True,
REWE,92331,False,
Flink,92331,False,
Knuspr,92331,False,
Picnic,92331,False,
REWE,92334,True,
Flink,92334,True,
Knuspr,92334,True,
Picnic,92334,True,
REWE,92342,True,
Flink,92342,True,
Knuspr,92342,True,
Picnic,92342,True,
REWE,92345,False,
Flink,92345,False,
Knuspr,92345,False,
Picnic,92345,False,
REWE,92348,True,
Flink,92348,True,
Knuspr,92348,True,
Picnic,92348,True,
REWE,92353,False,
Flink,92353,False,
Knuspr,92353,False,
Picnic,92353,False,
REWE,92355,False,
Flink,92355,False,
Knuspr,92355,False,
Picnic,92355,False,
REWE,92358,True,
Flink,92358,True,
Knuspr,92358,True,
Picnic,92358,True,
REWE,92360,True,
Flink,92360,True,
Knuspr,92360,True,
Picnic,92360,True,
REWE,92361,False,
Flink,92361,False,
Knuspr,92361,False,
Picnic,92361,False,
REWE,92363,False,
Flink,92363,False,
Knuspr,92363,False,
Picnic,92363,False,
REWE,92364,True,
Flink,92364,True,
Knuspr,92364,True,
Picnic,92364,True,
REWE,92366,True,
Flink,92366,True,
Knuspr,92366,True,
Picnic,92366,True,
REWE,92367,False,
Flink,92367,False,
Knuspr,92367,False,
Picnic,92367,False,
REWE,92369,False,
Flink,92369,False,
Knuspr,92369,False,
Picnic,92369,False,
REWE,92421,False,
Flink,92421,False,
Knuspr,92421,False,
Picnic,92421,False,
REWE,92431,False,
Flink,92431,False,
Knuspr,92431,False,
Picnic,92431,False,
REWE,92436,True,
Flink,92436,True,
Knuspr,92436,True,
Picnic,92436,True,
REWE,92439,False,
Flink,92439,False,
Knuspr,92439,False,
Picnic,92439,False,
REWE,92442,True,
Flink,92442,True,
Knuspr,92442,True,
Picnic,92442,True,
REWE,92444,True,
Flink,92444,True,
Knuspr,92444,True,
Picnic,92444,True,
REWE,92445,False,
Flink,92445,False,
Knuspr,92445,False,
Picnic,92445,False,
REWE,92447,False,
Flink,92447,False,
Knuspr,92447,False,
Picnic,92447,False,
REWE,92449,False,
Flink,92449,False,
Knuspr,92449,False,
Picnic,92449,False,
REWE,92507,False,
Flink,92507,False,
Knuspr,92507,False,
Picnic,92507,False,
REWE,92521,False,
Flink,92521,False,
Knuspr,92521,False,
Picnic,92521,False,
REWE,92526,True,
Flink,92526,True,
Knuspr,92526,True,
Picnic,92526,True,
REWE,92533,False,
Flink,92533,False,
Knuspr,92533,False,
Picnic,92533,False,
REWE,92536,True,
Flink,92536,True,
Knuspr,92536,True,
Picnic,92536,True,
REWE,92539,False,
Flink,92539,False,
Knuspr,92539,False,
Picnic,92539,False,
REWE,92540,True,
Flink,92540,True,
Knuspr,92540,True,
Picnic,92540,True,
REWE,92542,True,
Flink,92542,True,
Knuspr,92542,True,
Picnic,92542,True,
REWE,92543,False,
Flink,92543,False,
Knuspr,92543,False,
Picnic,92543,False,
REWE,92545,False,
Flink,92545,False,
Knuspr,92545,False,
Picnic,92545,False,
REWE,92546,True,
Flink,92546,True,
Knuspr,92546,True,
Picnic,92546,True,
REWE,92548,True,
Flink,92548,True,
Knuspr,92548,True,
Picnic,92548,True,
REWE,92549,False,
Flink,92549,False,
Knuspr,92549,False,
Picnic,92549,False,
REWE,92551,False,
Flink,92551,False,
Knuspr,92551,False,
Picnic,92551,False,
REWE,92552,True,
Flink,92552,True,
Knuspr,92552,True,
Picnic,92552,True,
REWE,92554,True,
Flink,92554,True,
Knuspr,92554,True,
Picnic,92554,True,
REWE,92555,False,
Flink,92555,False,
Knuspr,92555,False,
Picnic,92555,False,
REWE,92557,False,
Flink,92557,False,
Knuspr,92557,False,
Picnic,92557,False,
REWE,92559,False,
Flink,92559,False,
Knuspr,92559,False,
Picnic,92559,False,
REWE,92637,False,
Flink,92637,False,
Knuspr,92637,False,
Picnic,92637,False,
REWE,92648,True,
Flink,92648,True,
Knuspr,92648,True,
Picnic,92648,True,
REWE,92655,False,
Flink,92655,False,
Knuspr,92655,False,
Picnic,92655,False,
REWE,92660,True,
Flink,92660,True,
Knuspr,92660,True,
Picnic,92660,True,
REWE,92665,False,
Flink,92665,False,
Knuspr,92665,False,
Picnic,92665,False,
REWE,92670,True,
Flink,92670,True,
Knuspr,92670,True,
Picnic,92670,True,
REWE,92676,True,
Flink,92676,True,
Knuspr,92676,True,
Picnic,92676,True,
REWE,92681,False,
Flink,92681,False,
Knuspr,92681,False,
Picnic,92681,False,
REWE,92685,False,
Flink,92685,False,
Knuspr,92685,False,
Picnic,92685,False,
REWE,92690,True,
Flink,92690,True,
Knuspr,92690,True,
Picnic,92690,True,
REWE,92693,False,
Flink,92693,False,
Knuspr,92693,False,
Picnic,92693,False,
REWE,92694,True,
Flink,92694,True,
Knuspr,92694,True,
Picnic,92694,True,
REWE,92696,True,
Flink,92696,True,
Knuspr,92696,True,
Picnic,92696,True,
REWE,92697,False,
Flink,92697,False,
Knuspr,92697,False,
Picnic,92697,False,
REWE,92699,False,
Flink,92699,False,
Knuspr,92699,False,
Picnic,92699,False,
REWE,92700,True,
Flink,92700,True,
Knuspr,92700,True,
Picnic,92700,True,
REWE,92702,True,
Flink,92702,True,
Knuspr,92702,True,
Picnic,92702,True,
REWE,92703,False,
Flink,92703,False,
Knuspr,92703,False,
Picnic,92703,False,
REWE,92705,False,
Flink,92705,False,
Knuspr,92705,False,
Picnic,92705,False,
REWE,92706,True,
Flink,92706,True,
Knuspr,92706,True,
Picnic,92706,True,
REWE,92708,True,
Flink,92708,True,
Knuspr,92708,True,
Picnic,92708,True,
REWE,92709,False,
Flink,92709,False,
Knuspr,92709,False,
Picnic,92709,False,
REWE,92711,False,
Flink,92711,False,
Knuspr,92711,False,
Picnic,92711,False,
REWE,92712,True,
Flink,92712,True,
Knuspr,92712,True,
Picnic,92712,True,
REWE,92714,True,
Flink,92714,True,
Knuspr,92714,True,
Picnic,92714,True,
REWE,92715,False,
Flink,92715,False,
Knuspr,92715,False,
Picnic,92715,False,
REWE,92717,False,
Flink,92717,False,
Knuspr,92717,False,
Picnic,92717,False,
REWE,92718,True,
Flink,92718,True,
Knuspr,92718,True,
Picnic,92718,True,
REWE,92720,True,
Flink,92720,True,
Knuspr,92720,True,
Picnic,92720,True,
REWE,92721,False,
Flink,92721,False,
Knuspr,92721,False,
Picnic,92721,False,
REWE,92723,False,
Flink,92723,False,
Knuspr,92723,False,
Picnic,92723,False,
REWE,92724,True,
Flink,92724,True,
Knuspr,92724,True,
Picnic,92724,True,
REWE,92726,True,
Flink,92726,True,
Knuspr,92726,True,
Picnic,92726,True,
REWE,92727,False,
Flink,92727,False,
Knuspr,92727,False,
Picnic,92727,False,
REWE,92729,False,
Flink,92729,False,
Knuspr,92729,False,
Picnic,92729,False,
REWE,93047,False,
Flink,93047,False,
Knuspr,93047,False,
Picnic,93047,False,
REWE,93049,False,
Flink,93049,False,
Knuspr,93049,False,
Picnic,93049,False,
REWE,93051,False,
Flink,93051,False,
Knuspr,93051,False,
Picnic,93051,False,
REWE,93053,False,
Flink,93053,False,
Knuspr,93053,False,
Picnic,93053,False,
REWE,93055,False,
Flink,93055,False,
Knuspr,93055,False,
Picnic,93055,False,
REWE,93057,False,
Flink,93057,False,
Knuspr,93057,False,
Picnic,93057,False,
REWE,93059,False,
Flink,93059,False,
Knuspr,93059,False,
Picnic,93059,False,
REWE,93073,False,
Flink,93073,False,
Knuspr,93073,False,
Picnic,93073,False,
REWE,93080,True,
Flink,93080,True,
Knuspr,93080,True,
Picnic,93080,True,
REWE,93083,False,
Flink,93083,False,
Knuspr,93083,False,
Picnic,93083,False,
REWE,93086,True,
Flink,93086,True,
Knuspr,93086,True,
Picnic,93086,True,
REWE,93087,False,
Flink,93087,False,
Knuspr,93087,False,
Picnic,93087,False,
REWE,93089,False,
Flink,93089,False,
Knuspr,93089,False,
Picnic,93089,False,
REWE,93090,True,
Flink,93090,True,
Knuspr,93090,True,
Picnic,93090,True,
REWE,93092,True,
Flink,93092,True,
Knuspr,93092,True,
Picnic,93092,True,
REWE,93093,False,
Flink,93093,False,
Knuspr,93093,False,
Picnic,93093,False,
REWE,93095,False,
Flink,93095,False,
Knuspr,93095,False,
Picnic,93095,False,
REWE,93096,True,
Flink,93096,True,
Knuspr,93096,True,
Picnic,93096,True,
REWE,93098,True,
Flink,93098,True,
Knuspr,93098,True,
Picnic,93098,True,
REWE,93099,False,
Flink,93099,False,
Knuspr,93099,False,
Picnic,93099,False,
REWE,93101,False,
Flink,93101,False,
Knuspr,93101,False,
Picnic,93101,False,
REWE,93102,True,
Flink,93102,True,
Knuspr,93102,True,
Picnic,93102,True,
REWE,93104,True,
Flink,93104,True,
Knuspr,93104,True,
Picnic,93104,True,
REWE,93105,False,
Flink,93105,False,
Knuspr,93105,False,
Picnic,93105,False,
REWE,93107,False,
Flink,93107,False,
Knuspr,93107,False,
Picnic,93107,False,
REWE,93109,False,
Flink,93109,False,
Knuspr,93109,False,
Picnic,93109,False,
REWE,93128,True,
Flink,93128,True,
Knuspr,93128,True,
Picnic,93128,True,
REWE,93133,False,
Flink,93133,False,
Knuspr,93133,False,
Picnic,93133,False,
REWE,93138,True,
Flink,93138,True,
Knuspr,93138,True,
Picnic,93138,True,
REWE,93142,True,
Flink,93142,True,
Knuspr,93142,True,
Picnic,93142,True,
REWE,93149,False,
Flink,93149,False,
Knuspr,93149,False,
Picnic,93149,False,
REWE,93152,True,
Flink,93152,True,
Knuspr,93152,True,
Picnic,93152,True,
REWE,93155,False,
Flink,93155,False,
Knuspr,93155,False,
Picnic,93155,False,
REWE,93158,True,
Flink,93158,True,
Knuspr,93158,True,
Picnic,93158,True,
REWE,93161,False,
Flink,93161,False,
Knuspr,93161,False,
Picnic,93161,False,
REWE,93164,True,
Flink,93164,True,
Knuspr,93164,True,
Picnic,93164,True,
REWE,93167,False,
Flink,93167,False,
Knuspr,93167,False,
Picnic,93167,False,
REWE,93170,True,
Flink,93170,True,
Knuspr,93170,True,
Picnic,93170,True,
REWE,93173,False,
Flink,93173,False,
Knuspr,93173,False,
Picnic,93173,False,
REWE,93176,True,
Flink,93176,True,
Knuspr,93176,True,
Picnic,93176,True,
REWE,93177,False,
Flink,93177,False,
Knuspr,93177,False,
Picnic,93177,False,
REWE,93179,False,
Flink,93179,False,
Knuspr,93179,False,
Picnic,93179,False,
REWE,93180,True,
Flink,93180,True,
Knuspr,93180,True,
Picnic,93180,True,
REWE,93182,True,
Flink,93182,True,
Knuspr,93182,True,
Picnic,93182,True,
REWE,93183,False,
Flink,93183,False,
Knuspr,93183,False,
Picnic,93183,False,
REWE,93185,False,
Flink,93185,False,
Knuspr,93185,False,
Picnic,93185,False,
REWE,93186,True,
Flink,93186,True,
Knuspr,93186,True,
Picnic,93186,True,
REWE,93188,True,
Flink,93188,True,
Knuspr,93188,True,
Picnic,93188,True,
REWE,93189,False,
Flink,93189,False,
Knuspr,93189,False,
Picnic,93189,False,
REWE,93191,False,
Flink,93191,False,
Knuspr,93191,False,
Picnic,93191,False,
REWE,93192,True,
Flink,93192,True,
Knuspr,93192,True,
Picnic,93192,True,
REWE,93194,True,
Flink,93194,True,
Knuspr,93194,True,
Picnic,93194,True,
REWE,93195,False,
Flink,93195,False,
Knuspr,93195,False,
Picnic,93195,False,
REWE,93197,False,
Flink,93197,False,
Knuspr,93197,False,
Picnic,93197,False,
REWE,93199,False,
Flink,93199,False,
Knuspr,93199,False,
Picnic,93199,False,
REWE,93413,False,
Flink,93413,False,
Knuspr,93413,False,
Picnic,93413,False,
REWE,93426,True,
Flink,93426,True,
Knuspr,93426,True,
Picnic,93426,True,
REWE,93437,False,
Flink,93437,False,
Knuspr,93437,False,
Picnic,93437,False,
REWE,93444,True,
Flink,93444,True,
Knuspr,93444,True,
Picnic,93444,True,
REWE,93449,False,
Flink,93449,False,
Knuspr,93449,False,
Picnic,93449,False,
REWE,93453,False,
Flink,93453,False,
Knuspr,93453,False,
Picnic,93453,False,
REWE,93455,False,
Flink,93455,False,
Knuspr,93455,False,
Picnic,93455,False,
REWE,93458,True,
Flink,93458,True,
Knuspr,93458,True,
Picnic,93458,True,
REWE,93462,True,
Flink,93462,True,
Knuspr,93462,True,
Picnic,93462,True,
REWE,93464,True,
Flink,93464,True,
Knuspr,93464,True,
Picnic,93464,True,
REWE,93466,True,
Flink,93466,True,
Knuspr,93466,True,
Picnic,93466,True,
REWE,93468,True,
Flink,93468,True,
Knuspr,93468,True,
Picnic,93468,True,
REWE,93470,True,
Flink,93470,True,
Knuspr,93470,True,
Picnic,93470,True,
REWE,93473,False,
Flink,93473,False,
Knuspr,93473,False,
Picnic,93473,False,
REWE,93474,True,
Flink,93474,True,
Knuspr,93474,True,
Picnic,93474,True,
REWE,93476,True,
Flink,93476,True,
Knuspr,93476,True,
Picnic,93476,True,
REWE,93477,False,
Flink,93477,False,
Knuspr,93477,False,
Picnic,93477,False,
REWE,93479,False,
Flink,93479,False,
Knuspr,93479,False,
Picnic,93479,False,
REWE,93480,True,
Flink,93480,True,
Knuspr,93480,True,
Picnic,93480,True,
REWE,93482,True,
Flink,93482,True,
Knuspr,93482,True,
Picnic,93482,True,
REWE,93483,False,
Flink,93483,False,
Knuspr,93483,False,
Picnic,93483,False,
REWE,93485,False,
Flink,93485,False,
Knuspr,93485,False,
Picnic,93485,False,
REWE,93486,True,
Flink,93486,True,
Knuspr,93486,True,
Picnic,93486,True,
REWE,93488,True,
Flink,93488,True,
Knuspr,93488,True,
Picnic,93488,True,
REWE,93489,False,
Flink,93489,False,
Knuspr,93489,False,
Picnic,93489,False,
REWE,93491,False,
Flink,93491,False,
Knuspr,93491,False,
Picnic,93491,False,
REWE,93492,True,
Flink,93492,True,
Knuspr,93492,True,
Picnic,93492,True,
REWE,93494,True,
Flink,93494,True,
Knuspr,93494,True,
Picnic,93494,True,
REWE,93495,False,
Flink,93495,False,
Knuspr,93495,False,
Picnic,93495,False,
REWE,93497,False,
Flink,93497,False,
Knuspr,93497,False,
Picnic,93497,False,
REWE,93499,False,
Flink,93499,False,
Knuspr,93499,False,
Picnic,93499,False,
REWE,95478,True,
Flink,95478,True,
Knuspr,95478,True,
Picnic,95478,True,
REWE,95505,False,
Flink,95505,False,
Knuspr,95505,False,
Picnic,95505,False,
REWE,95506,True,
Flink,95506,True,
Knuspr,95506,True,
Picnic,95506,True,
REWE,95508,True,
Flink,95508,True,
Knuspr,95508,True,
Picnic,95508,True,
REWE,95514,True,
Flink,95514,True,
Knuspr,95514,True,
Picnic,95514,True,
REWE,95519,False,
Flink,95519,False,
Knuspr,95519,False,
Picnic,95519,False,
REWE,95643,False,
Flink,95643,False,
Knuspr,95643,False,
Picnic,95643,False,
REWE,95652,True,
Flink,95652,True,
Knuspr,95652,True,
Picnic,95652,True,
REWE,95666,True,
Flink,95666,True,
Knuspr,95666,True,
Picnic,95666,True,
REWE,95671,False,
Flink,95671,False,
Knuspr,95671,False,
Picnic,95671,False,
REWE,95676,True,
Flink,95676,True,
Knuspr,95676,True,
Picnic,95676,True,
REWE,95679,False,
Flink,95679,False,
Knuspr,95679,False,
Picnic,95679,False,
REWE,95682,True,
Flink,95682,True,
Knuspr,95682,True,
Picnic,95682,True,
REWE,95683,False,
Flink,95683,False,
Knuspr,95683,False,
Picnic,95683,False,
REWE,95685,False,
Flink,95685,False,
Knuspr,95685,False,
Picnic,95685,False,
REWE,95688,True,
Flink,95688,True,
Knuspr,95688,True,
Picnic,95688,True,
REWE,95689,False,
Flink,95689,False,
Knuspr,95689,False,
Picnic,95689,False,
REWE,95692,True,
Flink,95692,True,
Knuspr,95692,True,
Picnic,95692,True,
REWE,95695,False,
Flink,95695,False,
Knuspr,95695,False,
Picnic,95695,False,
REWE,95698,True,
Flink,95698,True,
Knuspr,95698,True,
Picnic,95698,True,
REWE,95700,True,
Flink,95700,True,
Knuspr,95700,True,
Picnic,95700,True,
REWE,95701,False,
Flink,95701,False,
Knuspr,95701,False,
Picnic,95701,False,
REWE,95703,False,
Flink,95703,False,
Knuspr,95703,False,
Picnic,95703,False,
REWE,95704,True,
Flink,95704,True,
Knuspr,95704,True,
Picnic,95704,True,
REWE,91077,False,
Flink,91077,False,
Knuspr,91077,False,
Picnic,91077,False,
REWE,91090,True,
Flink,91090,True,
Knuspr,91090,True,
Picnic,91090,True,
REWE,91094,True,
Flink,91094,True,
Knuspr,91094,True,
Picnic,91094,True,
REWE,91099,False,
Flink,91099,False,
Knuspr,91099,False,
Picnic,91099,False,
REWE,91257,False,
Flink,91257,False,
Knuspr,91257,False,
Picnic,91257,False,
REWE,91278,True,
Flink,91278,True,
Knuspr,91278,True,
Picnic,91278,True,
REWE,91282,True,
Flink,91282,True,
Knuspr,91282,True,
Picnic,91282,True,
REWE,91286,True,
Flink,91286,True,
Knuspr,91286,True,
Picnic,91286,True,
REWE,91287,False,
Flink,91287,False,
Knuspr,91287,False,
Picnic,91287,False,
REWE,91289,False,
Flink,91289,False,
Knuspr,91289,False,
Picnic,91289,False,
REWE,91301,False,
Flink,91301,False,
Knuspr,91301,False,
Picnic,91301,False,
REWE,91320,True,
Flink,91320,True,
Knuspr,91320,True,
Picnic,91320,True,
REWE,91322,True,
Flink,91322,True,
Knuspr,91322,True,
Picnic,91322,True,
REWE,91327,False,
Flink,91327,False,
Knuspr,91327,False,
Picnic,91327,False,
REWE,91330,True,
Flink,91330,True,
Knuspr,91330,True,
Picnic,91330,True,
REWE,91332,True,
Flink,91332,True,
Knuspr,91332,True,
Picnic,91332,True,
REWE,91336,True,
Flink,91336,True,
Knuspr,91336,True,
Picnic,91336,True,
REWE,91338,True,
Flink,91338,True,
Knuspr,91338,True,
Picnic,91338,True,
REWE,91344,True,
Flink,91344,True,
Knuspr,91344,True,
Picnic,91344,True,
REWE,91346,True,
Flink,91346,True,
Knuspr,91346,True,
Picnic,91346,True,
REWE,91347,False,
Flink,91347,False,
Knuspr,91347,False,
Picnic,91347,False,
REWE,91349,False,
Flink,91349,False,
Knuspr,91349,False,
Picnic,91349,False,
REWE,91352,True,
Flink,91352,True,
Knuspr,91352,True,
Picnic,91352,True,
REWE,91353,False,
Flink,91353,False,
Knuspr,91353,False,
Picnic,91353,False,
REWE,91355,False,
Flink,91355,False,
Knuspr,91355,False,
Picnic,91355,False,
REWE,91356,True,
Flink,91356,True,
Knuspr,91356,True,
Picnic,91356,True,
REWE,91358,True,
Flink,91358,True,
Knuspr,91358,True,
Picnic,91358,True,
REWE,91359,False,
Flink,91359,False,
Knuspr,91359,False,
Picnic,91359,False,
REWE,91361,False,
Flink,91361,False,
Knuspr,91361,False,
Picnic,91361,False,
REWE,91362,True,
Flink,91362,True,
Knuspr,91362,True,
Picnic,91362,True,
REWE,91364,True,
Flink,91364,True,
Knuspr,91364,True,
Picnic,91364,True,
REWE,91365,False,
Flink,91365,False,
Knuspr,91365,False,
Picnic,91365,False,
REWE,91367,False,
Flink,91367,False,
Knuspr,91367,False,
Picnic,91367,False,
REWE,91369,False,
Flink,91369,False,
Knuspr,91369,False,
Picnic,91369,False,
REWE,95028,True,
Flink,95028,True,
Knuspr,95028,True,
Picnic,95028,True,
REWE,95030,True,
Flink,95030,True,
Knuspr,95030,True,
Picnic,95030,True,
REWE,95032,True,
Flink,95032,True,
Knuspr,95032,True,
Picnic,95032,True,
REWE,95100,True,
Flink,95100,True,
Knuspr,95100,True,
Picnic,95100,True,
REWE,95111,False,
Flink,95111,False,
Knuspr,95111,False,
Picnic,95111,False,
REWE,95119,False,
Flink,95119,False,
Knuspr,95119,False,
Picnic,95119,False,
REWE,95126,True,
Flink,95126,True,
Knuspr,95126,True,
Picnic,95126,True,
REWE,95131,False,
Flink,95131,False,
Knuspr,95131,False,
Picnic,95131,False,
REWE,95138,True,
Flink,95138,True,
Knuspr,95138,True,
Picnic,95138,True,
REWE,95145,False,
Flink,95145,False,
Knuspr,95145,False,
Picnic,95145,False,
REWE,95152,True,
Flink,95152,True,
Knuspr,95152,True,
Picnic,95152,True,
REWE,95158,True,
Flink,95158,True,
Knuspr,95158,True,
Picnic,95158,True,
REWE,95163,False,
Flink,95163,False,
Knuspr,95163,False,
Picnic,95163,False,
REWE,95168,True,
Flink,95168,True,
Knuspr,95168,True,
Picnic,95168,True,
REWE,95173,False,
Flink,95173,False,
Knuspr,95173,False,
Picnic,95173,False,
REWE,95176,True,
Flink,95176,True,
Knuspr,95176,True,
Picnic,95176,True,
REWE,95179,False,
Flink,95179,False,
Knuspr,95179,False,
Picnic,95179,False,
REWE,95180,True,
Flink,95180,True,
Knuspr,95180,True,
Picnic,95180,True,
REWE,95182,True,
Flink,95182,True,
Knuspr,95182,True,
Picnic,95182,True,
REWE,95183,False,
Flink,95183,False,
Knuspr,95183,False,
Picnic,95183,False,
REWE,95185,False,
Flink,95185,False,
Knuspr,95185,False,
Picnic,95185,False,
REWE,95186,True,
Flink,95186,True,
Knuspr,95186,True,
Picnic,95186,True,
REWE,95188,True,
Flink,95188,True,
Knuspr,95188,True,
Picnic,95188,True,
REWE,95189,False,
Flink,95189,False,
Knuspr,95189,False,
Picnic,95189,False,
REWE,95191,False,
Flink,95191,False,
Knuspr,95191,False,
Picnic,95191,False,
REWE,95192,True,
Flink,95192,True,
Knuspr,95192,True,
Picnic,95192,True,
REWE,95194,True,
Flink,95194,True,
Knuspr,95194,True,
Picnic,95194,True,
REWE,95195,False,
Flink,95195,False,
Knuspr,95195,False,
Picnic,95195,False,
REWE,95197,False,
Flink,95197,False,
Knuspr,95197,False,
Picnic,95197,False,
REWE,95199,False,
Flink,95199,False,
Knuspr,95199,False,
Picnic,95199,False,
REWE,95213,False,
Flink,95213,False,
Knuspr,95213,False,
Picnic,95213,False,
REWE,95233,False,
Flink,95233,False,
Knuspr,95233,False,
Picnic,95233,False,
REWE,95234,True,
Flink,95234,True,
Knuspr,95234,True,
Picnic,95234,True,
REWE,95236,True,
Flink,95236,True,
Knuspr,95236,True,
Picnic,95236,True,
REWE,95237,False,
Flink,95237,False,
Knuspr,95237,False,
Picnic,95237,False,
REWE,95239,False,
Flink,95239,False,
Knuspr,95239,False,
Picnic,95239,False,
REWE,95326,True,
Flink,95326,True,
Knuspr,95326,True,
Picnic,95326,True,
REWE,95336,True,
Flink,95336,True,
Knuspr,95336,True,
Picnic,95336,True,
REWE,95339,False,
Flink,95339,False,
Knuspr,95339,False,
Picnic,95339,False,
REWE,95346,True,
Flink,95346,True,
Knuspr,95346,True,
Picnic,95346,True,
REWE,95349,False,
Flink,95349,False,
Knuspr,95349,False,
Picnic,95349,False,
REWE,95352,True,
Flink,95352,True,
Knuspr,95352,True,
Picnic,95352,True,
REWE,95355,False,
Flink,95355,False,
Knuspr,95355,False,
Picnic,95355,False,
REWE,95356,True,
Flink,95356,True,
Knuspr,95356,True,
Picnic,95356,True,
REWE,95358,True,
Flink,95358,True,
Knuspr,95358,True,
Picnic,95358,True,
REWE,95359,False,
Flink,95359,False,
Knuspr,95359,False,
Picnic,95359,False,
REWE,95361,False,
Flink,95361,False,
Knuspr,95361,False,
Picnic,95361,False,
REWE,95362,True,
Flink,95362,True,
Knuspr,95362,True,
Picnic,95362,True,
REWE,95364,True,
Flink,95364,True,
Knuspr,95364,True,
Picnic,95364,True,
REWE,95365,False,
Flink,95365,False,
Knuspr,95365,False,
Picnic,95365,False,
REWE,95367,False,
Flink,95367,False,
Knuspr,95367,False,
Picnic,95367,False,
REWE,95369,False,
Flink,95369,False,
Knuspr,95369,False,
Picnic,95369,False,
REWE,95444,True,
Flink,95444,True,
Knuspr,95444,True,
Picnic,95444,True,
REWE,95445,False,
Flink,95445,False,
Knuspr,95445,False,
Picnic,95445,False,
REWE,95447,False,
Flink,95447,False,
Knuspr,95447,False,
Picnic,95447,False,
REWE,95448,True,
Flink,95448,True,
Knuspr,95448,True,
Picnic,95448,True,
REWE,95460,True,
Flink,95460,True,
Knuspr,95460,True,
Picnic,95460,True,
REWE,95463,False,
Flink,95463,False,
Knuspr,95463,False,
Picnic,95463,False,
REWE,95466,True,
Flink,95466,True,
Knuspr,95466,True,
Picnic,95466,True,
REWE,95469,False,
Flink,95469,False,
Knuspr,95469,False,
Picnic,95469,False,
REWE,95473,False,
Flink,95473,False,
Knuspr,95473,False,
Picnic,95473,False,
REWE,95482,True,
Flink,95482,True,
Knuspr,95482,True,
Picnic,95482,True,
REWE,95485,False,
Flink,95485,False,
Knuspr,95485,False,
Picnic,95485,False,
REWE,95488,True,
Flink,95488,True,
Knuspr,95488,True,
Picnic,95488,True,
REWE,95490,True,
Flink,95490,True,
Knuspr,95490,True,
Picnic,95490,True,
REWE,95491,False,
Flink,95491,False,
Knuspr,95491,False,
Picnic,95491,False,
REWE,95493,False,
Flink,95493,False,
Knuspr,95493,False,
Picnic,95493,False,
REWE,95494,True,
Flink,95494,True,
Knuspr,95494,True,
Picnic,95494,True,
REWE,95496,True,
Flink,95496,True,
Knuspr,95496,True,
Picnic,95496,True,
REWE,95497,False,
Flink,95497,False,
Knuspr,95497,False,
Picnic,95497,False,
REWE,95499,False,
Flink,95499,False,
Knuspr,95499,False,
Picnic,95499,False,
REWE,95500,True,
Flink,95500,True,
Knuspr,95500,True,
Picnic,95500,True,
REWE,95502,True,
Flink,95502,True,
Knuspr,95502,True,
Picnic,95502,True,
REWE,95503,False,
Flink,95503,False,
Knuspr,95503,False,
Picnic,95503,False,
REWE,95509,False,
Flink,95509,False,
Knuspr,95509,False,
Picnic,95509,False,
REWE,95511,False,
Flink,95511,False,
Knuspr,95511,False,
Picnic,95511,False,
REWE,95512,True,
Flink,95512,True,
Knuspr,95512,True,
Picnic,95512,True,
REWE,95515,False,
Flink,95515,False,
Knuspr,95515,False,
Picnic,95515,False,
REWE,95517,False,
Flink,95517,False,
Knuspr,95517,False,
Picnic,95517,False,
REWE,95615,False,
Flink,95615,False,
Knuspr,95615,False,
Picnic,95615,False,
REWE,95632,True,
Flink,95632,True,
Knuspr,95632,True,
Picnic,95632,True,
REWE,95659,False,
Flink,95659,False,
Knuspr,95659,False,
Picnic,95659,False,
REWE,95680,True,
Flink,95680,True,
Knuspr,95680,True,
Picnic,95680,True,
REWE,95686,True,
Flink,95686,True,
Knuspr,95686,True,
Picnic,95686,True,
REWE,95691,False,
Flink,95691,False,
Knuspr,95691,False,
Picnic,95691,False,
REWE,95694,True,
Flink,95694,True,
Knuspr,95694,True,
Picnic,95694,True,
REWE,95697,False,
Flink,95697,False,
Knuspr,95697,False,
Picnic,95697,False,
REWE,95706,True,
Flink,95706,True,
Knuspr,95706,True,
Picnic,95706,True,
REWE,95707,False,
Flink,95707,False,
Knuspr,95707,False,
Picnic,95707,False,
REWE,95709,False,
Flink,95709,False,
Knuspr,95709,False,
Picnic,95709,False,
REWE,96047,False,
Flink,96047,False,
Knuspr,96047,False,
Picnic,96047,False,
REWE,96049,False,
Flink,96049,False,
Knuspr,96049,False,
Picnic,96049,False,
REWE,96050,True,
Flink,96050,True,
Knuspr,96050,True,
Picnic,96050,True,
REWE,96052,True,
Flink,96052,True,
Knuspr,96052,True,
Picnic,96052,True,
REWE,96103,False,
Flink,96103,False,
Knuspr,96103,False,
Picnic,96103,False,
REWE,96110,True,
Flink,96110,True,
Knuspr,96110,True,
Picnic,96110,True,
REWE,96114,True,
Flink,96114,True,
Knuspr,96114,True,
Picnic,96114,True,
REWE,96117,False,
Flink,96117,False,
Knuspr,96117,False,
Picnic,96117,False,
REWE,96120,True,
Flink,96120,True,
Knuspr,96120,True,
Picnic,96120,True,
REWE,96123,False,
Flink,96123,False,
Knuspr,96123,False,
Picnic,96123,False,
REWE,96129,False,
Flink,96129,False,
Knuspr,96129,False,
Picnic,96129,False,
REWE,96132,True,
Flink,96132,True,
Knuspr,96132,True,
Picnic,96132,True,
REWE,96135,False,
Flink,96135,False,
Knuspr,96135,False,
Picnic,96135,False,
REWE,96138,True,
Flink,96138,True,
Knuspr,96138,True,
Picnic,96138,True,
REWE,96142,True,
Flink,96142,True,
Knuspr,96142,True,
Picnic,96142,True,
REWE,96145,False,
Flink,96145,False,
Knuspr,96145,False,
Picnic,96145,False,
REWE,96146,True,
Flink,96146,True,
Knuspr,96146,True,
Picnic,96146,True,
REWE,96148,True,
Flink,96148,True,
Knuspr,96148,True,
Picnic,96148,True,
REWE,96149,False,
Flink,96149,False,
Knuspr,96149,False,
Picnic,96149,False,
REWE,96154,True,
Flink,96154,True,
Knuspr,96154,True,
Picnic,96154,True,
REWE,96155,False,
Flink,96155,False,
Knuspr,96155,False,
Picnic,96155,False,
REWE,96157,False,
Flink,96157,False,
Knuspr,96157,False,
Picnic,96157,False,
REWE,96158,True,
Flink,96158,True,
Knuspr,96158,True,
Picnic,96158,True,
REWE,96161,False,
Flink,96161,False,
Knuspr,96161,False,
Picnic,96161,False,
REWE,96163,False,
Flink,96163,False,
Knuspr,96163,False,
Picnic,96163,False,
REWE,96164,True,
Flink,96164,True,
Knuspr,96164,True,
Picnic,96164,True,
REWE,96167,False,
Flink,96167,False,
Knuspr,96167,False,
Picnic,96167,False,
REWE,96169,False,
Flink,96169,False,
Knuspr,96169,False,
Picnic,96169,False,
REWE,96170,True,
Flink,96170,True,
Knuspr,96170,True,
Picnic,96170,True,
REWE,96173,False,
Flink,96173,False,
Knuspr,96173,False,
Picnic,96173,False,
REWE,96175,False,
Flink,96175,False,
Knuspr,96175,False,
Picnic,96175,False,
REWE,96178,True,
Flink,96178,True,
Knuspr,96178,True,
Picnic,96178,True,
REWE,96179,False,
Flink,96179,False,
Knuspr,96179,False,
Picnic,96179,False,
REWE,96182,True,
Flink,96182,True,
Knuspr,96182,True,
Picnic,96182,True,
REWE,96185,False,
Flink,96185,False,
Knuspr,96185,False,
Picnic,96185,False,
REWE,96187,False,
Flink,96187,False,
Knuspr,96187,False,
Picnic,96187,False,
REWE,96191,False,
Flink,96191,False,
Knuspr,96191,False,
Picnic,96191,False,
REWE,96194,True,
Flink,96194,True,
Knuspr,96194,True,
Picnic,96194,True,
REWE,96196,True,
Flink,96196,True,
Knuspr,96196,True,
Picnic,96196,True,
REWE,96197,False,
Flink,96197,False,
Knuspr,96197,False,
Picnic,96197,False,
REWE,96199,False,
Flink,96199,False,
Knuspr,96199,False,
Picnic,96199,False,
REWE,96215,False,
Flink,96215,False,
Knuspr,96215,False,
Picnic,96215,False,
REWE,96224,True,
Flink,96224,True,
Knuspr,96224,True,
Picnic,96224,True,
REWE,96231,False,
Flink,96231,False,
Knuspr,96231,False,
Picnic,96231,False,
REWE,96237,False,
Flink,96237,False,
Knuspr,96237,False,
Picnic,96237,False,
REWE,96242,True,
Flink,96242,True,
Knuspr,96242,True,
Picnic,96242,True,
REWE,96247,False,
Flink,96247,False,
Knuspr,96247,False,
Picnic,96247,False,
REWE,96250,True,
Flink,96250,True,
Knuspr,96250,True,
Picnic,96250,True,
REWE,96253,False,
Flink,96253,False,
Knuspr,96253,False,
Picnic,96253,False,
REWE,96257,False,
Flink,96257,False,
Knuspr,96257,False,
Picnic,96257,False,
REWE,96260,True,
Flink,96260,True,
Knuspr,96260,True,
Picnic,96260,True,
REWE,96264,True,
Flink,96264,True,
Knuspr,96264,True,
Picnic,96264,True,
REWE,96268,True,
Flink,96268,True,
Knuspr,96268,True,
Picnic,96268,True,
REWE,96269,False,
Flink,96269,False,
Knuspr,96269,False,
Picnic,96269,False,
REWE,96271,False,
Flink,96271,False,
Knuspr,96271,False,
Picnic,96271,False,
REWE,96272,True,
Flink,96272,True,
Knuspr,96272,True,
Picnic,96272,True,
REWE,96274,True,
Flink,96274,True,
Knuspr,96274,True,
Picnic,96274,True,
REWE,96275,False,
Flink,96275,False,
Knuspr,96275,False,
Picnic,96275,False,
REWE,96277,False,
Flink,96277,False,
Knuspr,96277,False,
Picnic,96277,False,
REWE,96279,False,
Flink,96279,False,
Knuspr,96279,False,
Picnic,96279,False,
REWE,96317,False,
Flink,96317,False,
Knuspr,96317,False,
Picnic,96317,False,
REWE,96328,True,
Flink,96328,True,
Knuspr,96328,True,
Picnic,96328,True,
REWE,96332,True,
Flink,96332,True,
Knuspr,96332,True,
Picnic,96332,True,
REWE,96337,False,
Flink,96337,False,
Knuspr,96337,False,
Picnic,96337,False,
REWE,96342,True,
Flink,96342,True,
Knuspr,96342,True,
Picnic,96342,True,
REWE,96346,True,
Flink,96346,True,
Knuspr,96346,True,
Picnic,96346,True,
REWE,96349,False,
Flink,96349,False,
Knuspr,96349,False,
Picnic,96349,False,
REWE,96352,True,
Flink,96352,True,
Knuspr,96352,True,
Picnic,96352,True,
REWE,96355,False,
Flink,96355,False,
Knuspr,96355,False,
Picnic,96355,False,
REWE,96358,True,
Flink,96358,True,
Knuspr,96358,True,
Picnic,96358,True,
REWE,96361,False,
Flink,96361,False,
Knuspr,96361,False,
Picnic,96361,False,
REWE,96364,True,
Flink,96364,True,
Knuspr,96364,True,
Picnic,96364,True,
REWE,96365,False,
Flink,96365,False,
Knuspr,96365,False,
Picnic,96365,False,
REWE,96367,False,
Flink,96367,False,
Knuspr,96367,False,
Picnic,96367,False,
REWE,96369,False,
Flink,96369,False,
Knuspr,96369,False,
Picnic,96369,False,
REWE,96450,True,
Flink,96450,True,
Knuspr,96450,True,
Picnic,96450,True,
REWE,96465,False,
Flink,96465,False,
Knuspr,96465,False,
Picnic,96465,False,
REWE,96472,True,
Flink,96472,True,
Knuspr,96472,True,
Picnic,96472,True,
REWE,96476,True,
Flink,96476,True,
Knuspr,96476,True,
Picnic,96476,True,
REWE,96479,False,
Flink,96479,False,
Knuspr,96479,False,
Picnic,96479,False,
REWE,96482,True,
Flink,96482,True,
Knuspr,96482,True,
Picnic,96482,True,
REWE,96484,True,
Flink,96484,True,
Knuspr,96484,True,
Picnic,96484,True,
REWE,96486,True,
Flink,96486,True,
Knuspr,96486,True,
Picnic,96486,True,
REWE,96487,False,
Flink,96487,False,
Knuspr,96487,False,
Picnic,96487,False,
REWE,96489,False,
Flink,96489,False,
Knuspr,96489,False,
Picnic,96489,False,
REWE,90402,True,
Flink,90402,True,
Knuspr,90402,True,
Picnic,90402,True,
REWE,90403,False,
Flink,90403,False,
Knuspr,90403,False,
Picnic,90403,False,
REWE,90408,True,
Flink,90408,True,
Knuspr,90408,True,
Picnic,90408,True,
REWE,90409,False,
Flink,90409,False,
Knuspr,90409,False,
Picnic,90409,False,
REWE,90411,False,
Flink,90411,False,
Knuspr,90411,False,
Picnic,90411,False,
REWE,90419,False,
Flink,90419,False,
Knuspr,90419,False,
Picnic,90419,False,
REWE,90425,False,
Flink,90425,False,
Knuspr,90425,False,
Picnic,90425,False,
REWE,90427,False,
Flink,90427,False,
Knuspr,90427,False,
Picnic,90427,False,
REWE,90429,False,
Flink,90429,False,
Knuspr,90429,False,
Picnic,90429,False,
REWE,90431,False,
Flink,90431,False,
Knuspr,90431,False,
Picnic,90431,False,
REWE,90439,False,
Flink,90439,False,
Knuspr,90439,False,
Picnic,90439,False,
REWE,90441,False,
Flink,90441,False,
Knuspr,90441,False,
Picnic,90441,False,
REWE,90443,False,
Flink,90443,False,
Knuspr,90443,False,
Picnic,90443,False,
REWE,90449,False,
Flink,90449,False,
Knuspr,90449,False,
Picnic,90449,False,
REWE,90451,False,
Flink,90451,False,
Knuspr,90451,False,
Picnic,90451,False,
REWE,90453,False,
Flink,90453,False,
Knuspr,90453,False,
Picnic,90453,False,
REWE,90455,False,
Flink,90455,False,
Knuspr,90455,False,
Picnic,90455,False,
REWE,90457,False,
Flink,90457,False,
Knuspr,90457,False,
Picnic,90457,False,
REWE,90459,False,
Flink,90459,False,
Knuspr,90459,False,
Picnic,90459,False,
REWE,90461,False,
Flink,90461,False,
Knuspr,90461,False,
Picnic,90461,False,
REWE,90469,False,
Flink,90469,False,
Knuspr,90469,False,
Picnic,90469,False,
REWE,90471,False,
Flink,90471,False,
Knuspr,90471,False,
Picnic,90471,False,
REWE,90473,False,
Flink,90473,False,
Knuspr,90473,False,
Picnic,90473,False,
REWE,90475,False,
Flink,90475,False,
Knuspr,90475,False,
Picnic,90475,False,
REWE,90478,True,
Flink,90478,True,
Knuspr,90478,True,
Picnic,90478,True,
REWE,90480,True,
Flink,90480,True,
Knuspr,90480,True,
Picnic,90480,True,
REWE,90482,True,
Flink,90482,True,
Knuspr,90482,True,
Picnic,90482,True,
REWE,90489,False,
Flink,90489,False,
Knuspr,90489,False,
Picnic,90489,False,
REWE,90491,False,
Flink,90491,False,
Knuspr,90491,False,
Picnic,90491,False,
REWE,90513,False,
Flink,90513,False,
Knuspr,90513,False,
Picnic,90513,False,
REWE,90518,True,
Flink,90518,True,
Knuspr,90518,True,
Picnic,90518,True,
REWE,90522,True,
Flink,90522,True,
Knuspr,90522,True,
Picnic,90522,True,
REWE,90530,True,
Flink,90530,True,
Knuspr,90530,True,
Picnic,90530,True,
REWE,90537,False,
Flink,90537,False,
Knuspr,90537,False,
Picnic,90537,False,
REWE,90542,True,
Flink,90542,True,
Knuspr,90542,True,
Picnic,90542,True,
REWE,90547,False,
Flink,90547,False,
Knuspr,90547,False,
Picnic,90547,False,
REWE,90552,True,
Flink,90552,True,
Knuspr,90552,True,
Picnic,90552,True,
REWE,90556,True,
Flink,90556,True,
Knuspr,90556,True,
Picnic,90556,True,
REWE,90559,False,
Flink,90559,False,
Knuspr,90559,False,
Picnic,90559,False,
REWE,90562,True,
Flink,90562,True,
Knuspr,90562,True,
Picnic,90562,True,
REWE,90571,False,
Flink,90571,False,
Knuspr,90571,False,
Picnic,90571,False,
REWE,90574,True,
Flink,90574,True,
Knuspr,90574,True,
Picnic,90574,True,
REWE,90579,False,
Flink,90579,False,
Knuspr,90579,False,
Picnic,90579,False,
REWE,90584,True,
Flink,90584,True,
Knuspr,90584,True,
Picnic,90584,True,
REWE,90587,False,
Flink,90587,False,
Knuspr,90587,False,
Picnic,90587,False,
REWE,90592,True,
Flink,90592,True,
Knuspr,90592,True,
Picnic,90592,True,
REWE,90596,True,
Flink,90596,True,
Knuspr,90596,True,
Picnic,90596,True,
REWE,90599,False,
Flink,90599,False,
Knuspr,90599,False,
Picnic,90599,False,
REWE,90607,False,
Flink,90607,False,
Knuspr,90607,False,
Picnic,90607,False,
REWE,90610,True,
Flink,90610,True,
Knuspr,90610,True,
Picnic,90610,True,
REWE,90613,False,
Flink,90613,False,
Knuspr,90613,False,
Picnic,90613,False,
REWE,90614,True,
Flink,90614,True,
Knuspr,90614,True,
Picnic,90614,True,
REWE,90616,True,
Flink,90616,True,
Knuspr,90616,True,
Picnic,90616,True,
REWE,90617,False,
Flink,90617,False,
Knuspr,90617,False,
Picnic,90617,False,
REWE,90619,False,
Flink,90619,False,
Knuspr,90619,False,
Picnic,90619,False,
REWE,90762,True,
Flink,90762,True,
Knuspr,90762,True,
Picnic,90762,True,
REWE,90763,False,
Flink,90763,False,
Knuspr,90763,False,
Picnic,90763,False,
REWE,90765,False,
Flink,90765,False,
Knuspr,90765,False,
Picnic,90765,False,
REWE,90766,True,
Flink,90766,True,
Knuspr,90766,True,
Picnic,90766,True,
REWE,90768,True,
Flink,90768,True,
Knuspr,90768,True,
Picnic,90768,True,
REWE,91052,True,
Flink,91052,True,
Knuspr,91052,True,
Picnic,91052,True,
REWE,91054,True,
Flink,91054,True,
Knuspr,91054,True,
Picnic,91054,True,
REWE,91056,True,
Flink,91056,True,
Knuspr,91056,True,
Picnic,91056,True,
REWE,91058,True,
Flink,91058,True,
Knuspr,91058,True,
Picnic,91058,True,
REWE,91074,True,
Flink,91074,True,
Knuspr,91074,True,
Picnic,91074,True,
REWE,91080,True,
Flink,91080,True,
Knuspr,91080,True,
Picnic,91080,True,
REWE,91083,False,
Flink,91083,False,
Knuspr,91083,False,
Picnic,91083,False,
REWE,91085,False,
Flink,91085,False,
Knuspr,91085,False,
Picnic,91085,False,
REWE,91086,True,
Flink,91086,True,
Knuspr,91086,True,
Picnic,91086,True,
REWE,91088,True,
Flink,91088,True,
Knuspr,91088,True,
Picnic,91088,True,
REWE,91091,False,
Flink,91091,False,
Knuspr,91091,False,
Picnic,91091,False,
REWE,91093,False,
Flink,91093,False,
Knuspr,91093,False,
Picnic,91093,False,
REWE,91096,True,
Flink,91096,True,
Knuspr,91096,True,
Picnic,91096,True,
REWE,91097,False,
Flink,91097,False,
Knuspr,91097,False,
Picnic,91097,False,
REWE,91126,True,
Flink,91126,True,
Knuspr,91126,True,
Picnic,91126,True,
REWE,91154,True,
Flink,91154,True,
Knuspr,91154,True,
Picnic,91154,True,
REWE,91161,False,
Flink,91161,False,
Knuspr,91161,False,
Picnic,91161,False,
REWE,91166,True,
Flink,91166,True,
Knuspr,91166,True,
Picnic,91166,True,
REWE,91171,False,
Flink,91171,False,
Knuspr,91171,False,
Picnic,91171,False,
REWE,91174,True,
Flink,91174,True,
Knuspr,91174,True,
Picnic,91174,True,
REWE,91177,False,
Flink,91177,False,
Knuspr,91177,False,
Picnic,91177,False,
REWE,91180,True,
Flink,91180,True,
Knuspr,91180,True,
Picnic,91180,True,
REWE,91183,False,
Flink,91183,False,
Knuspr,91183,False,
Picnic,91183,False,
REWE,91186,True,
Flink,91186,True,
Knuspr,91186,True,
Picnic,91186,True,
REWE,91187,False,
Flink,91187,False,
Knuspr,91187,False,
Picnic,91187,False,
REWE,91189,False,
Flink,91189,False,
Knuspr,91189,False,
Picnic,91189,False,
REWE,91207,False,
Flink,91207,False,
Knuspr,91207,False,
Picnic,91207,False,
REWE,91217,False,
Flink,91217,False,
Knuspr,91217,False,
Picnic,91217,False,
REWE,91220,True,
Flink,91220,True,
Knuspr,91220,True,
Picnic,91220,True,
REWE,91224,True,
Flink,91224,True,
Knuspr,91224,True,
Picnic,91224,True,
REWE,91227,False,
Flink,91227,False,
Knuspr,91227,False,
Picnic,91227,False,
REWE,91230,True,
Flink,91230,True,
Knuspr,91230,True,
Picnic,91230,True,
REWE,91233,False,
Flink,91233,False,
Knuspr,91233,False,
Picnic,91233,False,
REWE,91235,False,
Flink,91235,False,
Knuspr,91235,False,
Picnic,91235,False,
REWE,91236,True,
Flink,91236,True,
Knuspr,91236,True,
Picnic,91236,True,
REWE,91238,True,
Flink,91238,True,
Knuspr,91238,True,
Picnic,91238,True,
REWE,91239,False,
Flink,91239,False,
Knuspr,91239,False,
Picnic,91239,False,
REWE,91241,False,
Flink,91241,False,
Knuspr,91241,False,
Picnic,91241,False,
REWE,91242,True,
Flink,91242,True,
Knuspr,91242,True,
Picnic,91242,True,
REWE,91244,True,
Flink,91244,True,
Knuspr,91244,True,
Picnic,91244,True,
REWE,91245,False,
Flink,91245,False,
Knuspr,91245,False,
Picnic,91245,False,
REWE,91247,False,
Flink,91247,False,
Knuspr,91247,False,
Picnic,91247,False,
REWE,91284,True,
Flink,91284,True,
Knuspr,91284,True,
Picnic,91284,True,
REWE,91315,False,
Flink,91315,False,
Knuspr,91315,False,
Picnic,91315,False,
REWE,91325,False,
Flink,91325,False,
Knuspr,91325,False,
Picnic,91325,False,
REWE,91334,True,
Flink,91334,True,
Knuspr,91334,True,
Picnic,91334,True,
REWE,91341,False,
Flink,91341,False,
Knuspr,91341,False,
Picnic,91341,False,
REWE,91350,True,
Flink,91350,True,
Knuspr,91350,True,
Picnic,91350,True,
REWE,91413,False,
Flink,91413,False,
Knuspr,91413,False,
Picnic,91413,False,
REWE,91438,True,
Flink,91438,True,
Knuspr,91438,True,
Picnic,91438,True,
REWE,91443,False,
Flink,91443,False,
Knuspr,91443,False,
Picnic,91443,False,
REWE,91448,True,
Flink,91448,True,
Knuspr,91448,True,
Picnic,91448,True,
REWE,91452,True,
Flink,91452,True,
Knuspr,91452,True,
Picnic,91452,True,
REWE,91456,True,
Flink,91456,True,
Knuspr,91456,True,
Picnic,91456,True,
REWE,91459,False,
Flink,91459,False,
Knuspr,91459,False,
Picnic,91459,False,
REWE,91460,True,
Flink,91460,True,
Knuspr,91460,True,
Picnic,91460,True,
REWE,91462,True,
Flink,91462,True,
Knuspr,91462,True,
Picnic,91462,True,
REWE,91463,False,
Flink,91463,False,
Knuspr,91463,False,
Picnic,91463,False,
REWE,91465,False,
Flink,91465,False,
Knuspr,91465,False,
Picnic,91465,False,
REWE,91466,True,
Flink,91466,True,
Knuspr,91466,True,
Picnic,91466,True,
REWE,91468,True,
Flink,91468,True,
Knuspr,91468,True,
Picnic,91468,True,
REWE,91469,False,
Flink,91469,False,
Knuspr,91469,False,
Picnic,91469,False,
REWE,91471,False,
Flink,91471,False,
Knuspr,91471,False,
Picnic,91471,False,
REWE,91472,True,
Flink,91472,True,
Knuspr,91472,True,
Picnic,91472,True,
REWE,91474,True,
Flink,91474,True,
Knuspr,91474,True,
Picnic,91474,True,
REWE,91475,False,
Flink,91475,False,
Knuspr,91475,False,
Picnic,91475,False,
REWE,91477,False,
Flink,91477,False,
Knuspr,91477,False,
Picnic,91477,False,
REWE,91478,True,
Flink,91478,True,
Knuspr,91478,True,
Picnic,91478,True,
REWE,91480,True,
Flink,91480,True,
Knuspr,91480,True,
Picnic,91480,True,
REWE,91481,False,
Flink,91481,False,
Knuspr,91481,False,
Picnic,91481,False,
REWE,91483,False,
Flink,91483,False,
Knuspr,91483,False,
Picnic,91483,False,
REWE,91484,True,
Flink,91484,True,
Knuspr,91484,True,
Picnic,91484,True,
REWE,91486,True,
Flink,91486,True,
Knuspr,91486,True,
Picnic,91486,True,
REWE,91487,False,
Flink,91487,False,
Knuspr,91487,False,
Picnic,91487,False,
REWE,91489,False,
Flink,91489,False,
Knuspr,91489,False,
Picnic,91489,False,
REWE,91522,True,
Flink,91522,True,
Knuspr,91522,True,
Picnic,91522,True,
REWE,91541,False,
Flink,91541,False,
Knuspr,91541,False,
Picnic,91541,False,
REWE,91550,True,
Flink,91550,True,
Knuspr,91550,True,
Picnic,91550,True,
REWE,91555,False,
Flink,91555,False,
Knuspr,91555,False,
Picnic,91555,False,
REWE,91560,True,
Flink,91560,True,
Knuspr,91560,True,
Picnic,91560,True,
REWE,91564,True,
Flink,91564,True,
Knuspr,91564,True,
Picnic,91564,True,
REWE,91567,False,
Flink,91567,False,
Knuspr,91567,False,
Picnic,91567,False,
REWE,91572,True,
Flink,91572,True,
Knuspr,91572,True,
Picnic,91572,True,
REWE,91575,False,
Flink,91575,False,
Knuspr,91575,False,
Picnic,91575,False,
REWE,91578,True,
Flink,91578,True,
Knuspr,91578,True,
Picnic,91578,True,
REWE,91580,True,
Flink,91580,True,
Knuspr,91580,True,
Picnic,91580,True,
REWE,91583,False,
Flink,91583,False,
Knuspr,91583,False,
Picnic,91583,False,
REWE,91586,True,
Flink,91586,True,
Knuspr,91586,True,
Picnic,91586,True,
REWE,91587,False,
Flink,91587,False,
Knuspr,91587,False,
Picnic,91587,False,
REWE,91589,False,
Flink,91589,False,
Knuspr,91589,False,
Picnic,91589,False,
REWE,91590,True,
Flink,91590,True,
Knuspr,91590,True,
Picnic,91590,True,
REWE,91592,True,
Flink,91592,True,
Knuspr,91592,True,
Picnic,91592,True,
REWE,91593,False,
Flink,91593,False,
Knuspr,91593,False,
Picnic,91593,False,
REWE,91595,False,
Flink,91595,False,
Knuspr,91595,False,
Picnic,91595,False,
REWE,91596,True,
Flink,91596,True,
Knuspr,91596,True,
Picnic,91596,True,
REWE,91598,True,
Flink,91598,True,
Knuspr,91598,True,
Picnic,91598,True,
REWE,91599,False,
Flink,91599,False,
Knuspr,91599,False,
Picnic,91599,False,
REWE,91601,False,
Flink,91601,False,
Knuspr,91601,False,
Picnic,91601,False,
REWE,91602,True,
Flink,91602,True,
Knuspr,91602,True,
Picnic,91602,True,
REWE,91604,True,
Flink,91604,True,
Knuspr,91604,True,
Picnic,91604,True,
REWE,91605,False,
Flink,91605,False,
Knuspr,91605,False,
Picnic,91605,False,
REWE,91607,False,
Flink,91607,False,
Knuspr,91607,False,
Picnic,91607,False,
REWE,91608,True,
Flink,91608,True,
Knuspr,91608,True,
Picnic,91608,True,
REWE,91610,True,
Flink,91610,True,
Knuspr,91610,True,
Picnic,91610,True,
REWE,91611,False,
Flink,91611,False,
Knuspr,91611,False,
Picnic,91611,False,
REWE,91613,False,
Flink,91613,False,
Knuspr,91613,False,
Picnic,91613,False,
REWE,91614,True,
Flink,91614,True,
Knuspr,91614,True,
Picnic,91614,True,
REWE,91616,True,
Flink,91616,True,
Knuspr,91616,True,
Picnic,91616,True,
REWE,91617,False,
Flink,91617,False,
Knuspr,91617,False,
Picnic,91617,False,
REWE,91619,False,
Flink,91619,False,
Knuspr,91619,False,
Picnic,91619,False,
REWE,91620,True,
Flink,91620,True,
Knuspr,91620,True,
Picnic,91620,True,
REWE,91622,True,
Flink,91622,True,
Knuspr,91622,True,
Picnic,91622,True,
REWE,91623,False,
Flink,91623,False,
Knuspr,91623,False,
Picnic,91623,False,
REWE,91625,False,
Flink,91625,False,
Knuspr,91625,False,
Picnic,91625,False,
REWE,91626,True,
Flink,91626,True,
Knuspr,91626,True,
Picnic,91626,True,
REWE,91628,True,
Flink,91628,True,
Knuspr,91628,True,
Picnic,91628,True,
REWE,91629,False,
Flink,91629,False,
Knuspr,91629,False,
Picnic,91629,False,
REWE,91631,False,
Flink,91631,False,
Knuspr,91631,False,
Picnic,91631,False,
REWE,91632,True,
Flink,91632,True,
Knuspr,91632,True,
Picnic,91632,True,
REWE,91634,True,
Flink,91634,True,
Knuspr,91634,True,
Picnic,91634,True,
REWE,91635,False,
Flink,91635,False,
Knuspr,91635,False,
Picnic,91635,False,
REWE,91637,False,
Flink,91637,False,
Knuspr,91637,False,
Picnic,91637,False,
REWE,91639,False,
Flink,91639,False,
Knuspr,91639,False,
Picnic,91639,False,
REWE,91710,True,
Flink,91710,True,
Knuspr,91710,True,
Picnic,91710,True,
REWE,91717,False,
Flink,91717,False,
Knuspr,91717,False,
Picnic,91717,False,
REWE,91719,False,
Flink,91719,False,
Knuspr,91719,False,
Picnic,91719,False,
REWE,91720,True,
Flink,91720,True,
Knuspr,91720,True,
Picnic,91720,True,
REWE,91722,True,
Flink,91722,True,
Knuspr,91722,True,
Picnic,91722,True,
REWE,91723,False,
Flink,91723,False,
Knuspr,91723,False,
Picnic,91723,False,
REWE,91725,False,
Flink,91725,False,
Knuspr,91725,False,
Picnic,91725,False,
REWE,91726,True,
Flink,91726,True,
Knuspr,91726,True,
Picnic,91726,True,
REWE,91728,True,
Flink,91728,True,
Knuspr,91728,True,
Picnic,91728,True,
REWE,91729,False,
Flink,91729,False,
Knuspr,91729,False,
Picnic,91729,False,
REWE,91731,False,
Flink,91731,False,
Knuspr,91731,False,
Picnic,91731,False,
REWE,91732,True,
Flink,91732,True,
Knuspr,91732,True,
Picnic,91732,True,
REWE,91734,True,
Flink,91734,True,
Knuspr,91734,True,
Picnic,91734,True,
REWE,91735,False,
Flink,91735,False,
Knuspr,91735,False,
Picnic,91735,False,
REWE,91737,False,
Flink,91737,False,
Knuspr,91737,False,
Picnic,91737,False,
REWE,91738,True,
Flink,91738,True,
Knuspr,91738,True,
Picnic,91738,True,
REWE,91740,True,
Flink,91740,True,
Knuspr,91740,True,
Picnic,91740,True,
REWE,91741,False,
Flink,91741,False,
Knuspr,91741,False,
Picnic,91741,False,
REWE,91743,False,
Flink,91743,False,
Knuspr,91743,False,
Picnic,91743,False,
REWE,91744,True,
Flink,91744,True,
Knuspr,91744,True,
Picnic,91744,True,
REWE,91746,True,
Flink,91746,True,
Knuspr,91746,True,
Picnic,91746,True,
REWE,91747,False,
Flink,91747,False,
Knuspr,91747,False,
Picnic,91747,False,
REWE,91749,False,
Flink,91749,False,
Knuspr,91749,False,
Picnic,91749,False,
REWE,91757,False,
Flink,91757,False,
Knuspr,91757,False,
Picnic,91757,False,
REWE,91781,False,
Flink,91781,False,
Knuspr,91781,False,
Picnic,91781,False,
REWE,91785,False,
Flink,91785,False,
Knuspr,91785,False,
Picnic,91785,False,
REWE,91788,True,
Flink,91788,True,
Knuspr,91788,True,
Picnic,91788,True,
REWE,91790,True,
Flink,91790,True,
Knuspr,91790,True,
Picnic,91790,True,
REWE,91792,True,
Flink,91792,True,
Knuspr,91792,True,
Picnic,91792,True,
REWE,91793,False,
Flink,91793,False,
Knuspr,91793,False,
Picnic,91793,False,
REWE,91796,True,
Flink,91796,True,
Knuspr,91796,True,
Picnic,91796,True,
REWE,91798,True,
Flink,91798,True,
Knuspr,91798,True,
Picnic,91798,True,
REWE,91799,False,
Flink,91799,False,
Knuspr,91799,False,
Picnic,91799,False,
REWE,91801,False,
Flink,91801,False,
Knuspr,91801,False,
Picnic,91801,False,
REWE,91802,True,
Flink,91802,True,
Knuspr,91802,True,
Picnic,91802,True,
REWE,91805,False,
Flink,91805,False,
Knuspr,91805,False,
Picnic,91805,False,
REWE,91807,False,
Flink,91807,False,
Knuspr,91807,False,
Picnic,91807,False,
REWE,96152,True,
Flink,96152,True,
Knuspr,96152,True,
Picnic,96152,True,
REWE,96172,True,
Flink,96172,True,
Knuspr,96172,True,
Picnic,96172,True,
REWE,96193,False,
Flink,96193,False,
Knuspr,96193,False,
Picnic,96193,False,
REWE,97215,False,
Flink,97215,False,
Knuspr,97215,False,
Picnic,97215,False,
REWE,97258,True,
Flink,97258,True,
Knuspr,97258,True,
Picnic,97258,True,
REWE,63739,False,
Flink,63739,False,
Knuspr,63739,False,
Picnic,63739,False,
REWE,63741,False,
Flink,63741,False,
Knuspr,63741,False,
Picnic,63741,False,
REWE,63743,False,
Flink,63743,False,
Knuspr,63743,False,
Picnic,63743,False,
REWE,63755,False,
Flink,63755,False,
Knuspr,63755,False,
Picnic,63755,False,
REWE,63762,True,
Flink,63762,True,
Knuspr,63762,True,
Picnic,63762,True,
REWE,63768,True,
Flink,63768,True,
Knuspr,63768,True,
Picnic,63768,True,
REWE,63773,False,
Flink,63773,False,
Knuspr,63773,False,
Picnic,63773,False,
REWE,63776,True,
Flink,63776,True,
Knuspr,63776,True,
Picnic,63776,True,
REWE,63785,False,
Flink,63785,False,
Knuspr,63785,False,
Picnic,63785,False,
REWE,63791,False,
Flink,63791,False,
Knuspr,63791,False,
Picnic,63791,False,
REWE,63796,True,
Flink,63796,True,
Knuspr,63796,True,
Picnic,63796,True,
REWE,63801,False,
Flink,63801,False,
Knuspr,63801,False,
Picnic,63801,False,
REWE,63808,True,
Flink,63808,True,
Knuspr,63808,True,
Picnic,63808,True,
REWE,63811,False,
Flink,63811,False,
Knuspr,63811,False,
Picnic,63811,False,
REWE,63814,True,
Flink,63814,True,
Knuspr,63814,True,
Picnic,63814,True,
REWE,63820,True,
Flink,63820,True,
Knuspr,63820,True,
Picnic,63820,True,
REWE,63825,False,
Flink,63825,False,
Knuspr,63825,False,
Picnic,63825,False,
REWE,63826,True,
Flink,63826,True,
Knuspr,63826,True,
Picnic,63826,True,
REWE,63828,True,
Flink,63828,True,
Knuspr,63828,True,
Picnic,63828,True,
REWE,63829,False,
Flink,63829,False,
Knuspr,63829,False,
Picnic,63829,False,
REWE,63831,False,
Flink,63831,False,
Knuspr,63831,False,
Picnic,63831,False,
REWE,63834,True,
Flink,63834,True,
Knuspr,63834,True,
Picnic,63834,True,
REWE,63839,False,
Flink,63839,False,
Knuspr,63839,False,
Picnic,63839,False,
REWE,63840,True,
Flink,63840,True,
Knuspr,63840,True,
Picnic,63840,True,
REWE,63843,False,
Flink,63843,False,
Knuspr,63843,False,
Picnic,63843,False,
REWE,63846,True,
Flink,63846,True,
Knuspr,63846,True,
Picnic,63846,True,
REWE,63849,False,
Flink,63849,False,
Knuspr,63849,False,
Picnic,63849,False,
REWE,63853,False,
Flink,63853,False,
Knuspr,63853,False,
Picnic,63853,False,
REWE,63856,True,
Flink,63856,True,
Knuspr,63856,True,
Picnic,63856,True,
REWE,63857,False,
Flink,63857,False,
Knuspr,63857,False,
Picnic,63857,False,
REWE,63860,True,
Flink,63860,True,
Knuspr,63860,True,
Picnic,63860,True,
REWE,63863,False,
Flink,63863,False,
Knuspr,63863,False,
Picnic,63863,False,
REWE,63864,True,
Flink,63864,True,
Knuspr,63864,True,
Picnic,63864,True,
REWE,63867,False,
Flink,63867,False,
Knuspr,63867,False,
Picnic,63867,False,
REWE,63868,True,
Flink,63868,True,
Knuspr,63868,True,
Picnic,63868,True,
REWE,63869,False,
Flink,63869,False,
Knuspr,63869,False,
Picnic,63869,False,
REWE,63871,False,
Flink,63871,False,
Knuspr,63871,False,
Picnic,63871,False,
REWE,63872,True,
Flink,63872,True,
Knuspr,63872,True,
Picnic,63872,True,
REWE,63874,True,
Flink,63874,True,
Knuspr,63874,True,
Picnic,63874,True,
REWE,63875,False,
Flink,63875,False,
Knuspr,63875,False,
Picnic,63875,False,
REWE,63877,False,
Flink,63877,False,
Knuspr,63877,False,
Picnic,63877,False,
REWE,63879,False,
Flink,63879,False,
Knuspr,63879,False,
Picnic,63879,False,
REWE,63897,False,
Flink,63897,False,
Knuspr,63897,False,
Picnic,63897,False,
REWE,63906,True,
Flink,63906,True,
Knuspr,63906,True,
Picnic,63906,True,
REWE,63911,False,
Flink,63911,False,
Knuspr,63911,False,
Picnic,63911,False,
REWE,63916,True,
Flink,63916,True,
Knuspr,63916,True,
Picnic,63916,True,
REWE,63920,True,
Flink,63920,True,
Knuspr,63920,True,
Picnic,63920,True,
REWE,63924,True,
Flink,63924,True,
Knuspr,63924,True,
Picnic,63924,True,
REWE,63925,False,
Flink,63925,False,
Knuspr,63925,False,
Picnic,63925,False,
REWE,63927,False,
Flink,63927,False,
Knuspr,63927,False,
Picnic,63927,False,
REWE,63928,True,
Flink,63928,True,
Knuspr,63928,True,
Picnic,63928,True,
REWE,63930,True,
Flink,63930,True,
Knuspr,63930,True,
Picnic,63930,True,
REWE,63931,False,
Flink,63931,False,
Knuspr,63931,False,
Picnic,63931,False,
REWE,63933,False,
Flink,63933,False,
Knuspr,63933,False,
Picnic,63933,False,
REWE,63934,True,
Flink,63934,True,
Knuspr,63934,True,
Picnic,63934,True,
REWE,63936,True,
Flink,63936,True,
Knuspr,63936,True,
Picnic,63936,True,
REWE,63937,False,
Flink,63937,False,
Knuspr,63937,False,
Picnic,63937,False,
REWE,63939,False,
Flink,63939,False,
Knuspr,63939,False,
Picnic,63939,False,
REWE,96106,True,
Flink,96106,True,
Knuspr,96106,True,
Picnic,96106,True,
REWE,96126,True,
Flink,96126,True,
Knuspr,96126,True,
Picnic,96126,True,
REWE,96151,False,
Flink,96151,False,
Knuspr,96151,False,
Picnic,96151,False,
REWE,96160,True,
Flink,96160,True,
Knuspr,96160,True,
Picnic,96160,True,
REWE,96166,True,
Flink,96166,True,
Knuspr,96166,True,
Picnic,96166,True,
REWE,96176,True,
Flink,96176,True,
Knuspr,96176,True,
Picnic,96176,True,
REWE,96181,False,
Flink,96181,False,
Knuspr,96181,False,
Picnic,96181,False,
REWE,96184,True,
Flink,96184,True,
Knuspr,96184,True,
Picnic,96184,True,
REWE,96188,True,
Flink,96188,True,
Knuspr,96188,True,
Picnic,96188,True,
REWE,96190,True,
Flink,96190,True,
Knuspr,96190,True,
Picnic,96190,True,
REWE,97070,True,
Flink,97070,True,
Knuspr,97070,True,
Picnic,97070,True,
REWE,97072,True,
Flink,97072,True,
Knuspr,97072,True,
Picnic,97072,True,
REWE,97074,True,
Flink,97074,True,
Knuspr,97074,True,
Picnic,97074,True,
REWE,97076,True,
Flink,97076,True,
Knuspr,97076,True,
Picnic,97076,True,
REWE,97078,True,
Flink,97078,True,
Knuspr,97078,True,
Picnic,97078,True,
REWE,97080,True,
Flink,97080,True,
Knuspr,97080,True,
Picnic,97080,True,
REWE,97082,True,
Flink,97082,True,
Knuspr,97082,True,
Picnic,97082,True,
REWE,97084,True,
Flink,97084,True,
Knuspr,97084,True,
Picnic,97084,True,
REWE,97199,False,
Flink,97199,False,
Knuspr,97199,False,
Picnic,97199,False,
REWE,97204,True,
Flink,97204,True,
Knuspr,97204,True,
Picnic,97204,True,
REWE,97209,False,
Flink,97209,False,
Knuspr,97209,False,
Picnic,97209,False,
REWE,97218,True,
Flink,97218,True,
Knuspr,97218,True,
Picnic,97218,True,
REWE,97222,True,
Flink,97222,True,
Knuspr,97222,True,
Picnic,97222,True,
REWE,97225,False,
Flink,97225,False,
Knuspr,97225,False,
Picnic,97225,False,
REWE,97228,True,
Flink,97228,True,
Knuspr,97228,True,
Picnic,97228,True,
REWE,97230,True,
Flink,97230,True,
Knuspr,97230,True,
Picnic,97230,True,
REWE,97232,True,
Flink,97232,True,
Knuspr,97232,True,
Picnic,97232,True,
REWE,97234,True,
Flink,97234,True,
Knuspr,97234,True,
Picnic,97234,True,
REWE,97236,True,
Flink,97236,True,
Knuspr,97236,True,
Picnic,97236,True,
REWE,97237,False,
Flink,97237,False,
Knuspr,97237,False,
Picnic,97237,False,
REWE,97239,False,
Flink,97239,False,
Knuspr,97239,False,
Picnic,97239,False,
REWE,97241,False,
Flink,97241,False,
Knuspr,97241,False,
Picnic,97241,False,
REWE,97243,False,
Flink,97243,False,
Knuspr,97243,False,
Picnic,97243,False,
REWE,97244,True,
Flink,97244,True,
Knuspr,97244,True,
Picnic,97244,True,
REWE,97246,True,
Flink,97246,True,
Knuspr,97246,True,
Picnic,97246,True,
REWE,97247,False,
Flink,97247,False,
Knuspr,97247,False,
Picnic,97247,False,
REWE,97249,False,
Flink,97249,False,
Knuspr,97249,False,
Picnic,97249,False,
REWE,97250,True,
Flink,97250,True,
Knuspr,97250,True,
Picnic,97250,True,
REWE,97252,True,
Flink,97252,True,
Knuspr,97252,True,
Picnic,97252,True,
REWE,97253,False,
Flink,97253,False,
Knuspr,97253,False,
Picnic,97253,False,
REWE,97255,False,
Flink,97255,False,
Knuspr,97255,False,
Picnic,97255,False,
REWE,97256,True,
Flink,97256,True,
Knuspr,97256,True,
Picnic,97256,True,
REWE,97259,False,
Flink,97259,False,
Knuspr,97259,False,
Picnic,97259,False,
REWE,97261,False,
Flink,97261,False,
Knuspr,97261,False,
Picnic,97261,False,
REWE,97262,True,
Flink,97262,True,
Knuspr,97262,True,
Picnic,97262,True,
REWE,97264,True,
Flink,97264,True,
Knuspr,97264,True,
Picnic,97264,True,
REWE,97265,False,
Flink,97265,False,
Knuspr,97265,False,
Picnic,97265,False,
REWE,97267,False,
Flink,97267,False,
Knuspr,97267,False,
Picnic,97267,False,
REWE,97268,True,
Flink,97268,True,
Knuspr,97268,True,
Picnic,97268,True,
REWE,97270,True,
Flink,97270,True,
Knuspr,97270,True,
Picnic,97270,True,
REWE,97271,False,
Flink,97271,False,
Knuspr,97271,False,
Picnic,97271,False,
REWE,97273,False,
Flink,97273,False,
Knuspr,97273,False,
Picnic,97273,False,
REWE,97274,True,
Flink,97274,True,
Knuspr,97274,True,
Picnic,97274,True,
REWE,97276,True,
Flink,97276,True,
Knuspr,97276,True,
Picnic,97276,True,
REWE,97277,False,
Flink,97277,False,
Knuspr,97277,False,
Picnic,97277,False,
REWE,97279,False,
Flink,97279,False,
Knuspr,97279,False,
Picnic,97279,False,
REWE,97280,True,
Flink,97280,True,
Knuspr,97280,True,
Picnic,97280,True,
REWE,97282,True,
Flink,97282,True,
Knuspr,97282,True,
Picnic,97282,True,
REWE,97283,False,
Flink,97283,False,
Knuspr,97283,False,
Picnic,97283,False,
REWE,97285,False,
Flink,97285,False,
Knuspr,97285,False,
Picnic,97285,False,
REWE,97286,True,
Flink,97286,True,
Knuspr,97286,True,
Picnic,97286,True,
REWE,97288,True,
Flink,97288,True,
Knuspr,97288,True,
Picnic,97288,True,
REWE,97289,False,
Flink,97289,False,
Knuspr,97289,False,
Picnic,97289,False,
REWE,97291,False,
Flink,97291,False,
Knuspr,97291,False,
Picnic,97291,False,
REWE,97292,True,
Flink,97292,True,
Knuspr,97292,True,
Picnic,97292,True,
REWE,97294,True,
Flink,97294,True,
Knuspr,97294,True,
Picnic,97294,True,
REWE,97295,False,
Flink,97295,False,
Knuspr,97295,False,
Picnic,97295,False,
REWE,97297,False,
Flink,97297,False,
Knuspr,97297,False,
Picnic,97297,False,
REWE,97299,False,
Flink,97299,False,
Knuspr,97299,False,
Picnic,97299,False,
REWE,97318,True,
Flink,97318,True,
Knuspr,97318,True,
Picnic,97318,True,
REWE,97320,True,
Flink,97320,True,
Knuspr,97320,True,
Picnic,97320,True,
REWE,97332,True,
Flink,97332,True,
Knuspr,97332,True,
Picnic,97332,True,
REWE,97334,True,
Flink,97334,True,
Knuspr,97334,True,
Picnic,97334,True,
REWE,97337,False,
Flink,97337,False,
Knuspr,97337,False,
Picnic,97337,False,
REWE,97340,True,
Flink,97340,True,
Knuspr,97340,True,
Picnic,97340,True,
REWE,97342,True,
Flink,97342,True,
Knuspr,97342,True,
Picnic,97342,True,
REWE,97346,True,
Flink,97346,True,
Knuspr,97346,True,
Picnic,97346,True,
REWE,97348,True,
Flink,97348,True,
Knuspr,97348,True,
Picnic,97348,True,
REWE,97350,True,
Flink,97350,True,
Knuspr,97350,True,
Picnic,97350,True,
REWE,97353,False,
Flink,97353,False,
Knuspr,97353,False,
Picnic,97353,False,
REWE,97355,False,
Flink,97355,False,
Knuspr,97355,False,
Picnic,97355,False,
REWE,97357,False,
Flink,97357,False,
Knuspr,97357,False,
Picnic,97357,False,
REWE,97359,False,
Flink,97359,False,
Knuspr,97359,False,
Picnic,97359,False,
REWE,97412,True,
Flink,97412,True,
Knuspr,97412,True,
Picnic,97412,True,
REWE,97421,False,
Flink,97421,False,
Knuspr,97421,False,
Picnic,97421,False,
REWE,97422,True,
Flink,97422,True,
Knuspr,97422,True,
Picnic,97422,True,
REWE,97424,True,
Flink,97424,True,
Knuspr,97424,True,
Picnic,97424,True,
REWE,97437,False,
Flink,97437,False,
Knuspr,97437,False,
Picnic,97437,False,
REWE,97440,True,
Flink,97440,True,
Knuspr,97440,True,
Picnic,97440,True,
REWE,97447,False,
Flink,97447,False,
Knuspr,97447,False,
Picnic,97447,False,
REWE,97450,True,
Flink,97450,True,
Knuspr,97450,True,
Picnic,97450,True,
REWE,97453,False,
Flink,97453,False,
Knuspr,97453,False,
Picnic,97453,False,
REWE,97456,True,
Flink,97456,True,
Knuspr,97456,True,
Picnic,97456,True,
REWE,97461,False,
Flink,97461,False,
Knuspr,97461,False,
Picnic,97461,False,
REWE,97464,True,
Flink,97464,True,
Knuspr,97464,True,
Picnic,97464,True,
REWE,97469,False,
Flink,97469,False,
Knuspr,97469,False,
Picnic,97469,False,
REWE,97475,False,
Flink,97475,False,
Knuspr,97475,False,
Picnic,97475,False,
REWE,97478,True,
Flink,97478,True,
Knuspr,97478,True,
Picnic,97478,True,
REWE,97483,False,
Flink,97483,False,
Knuspr,97483,False,
Picnic,97483,False,
REWE,97486,True,
Flink,97486,True,
Knuspr,97486,True,
Picnic,97486,True,
REWE,97488,True,
Flink,97488,True,
Knuspr,97488,True,
Picnic,97488,True,
REWE,97490,True,
Flink,97490,True,
Knuspr,97490,True,
Picnic,97490,True,
REWE,97491,False,
Flink,97491,False,
Knuspr,97491,False,
Picnic,97491,False,
REWE,97493,False,
Flink,97493,False,
Knuspr,97493,False,
Picnic,97493,False,
REWE,97494,True,
Flink,97494,True,
Knuspr,97494,True,
Picnic,97494,True,
REWE,97496,True,
Flink,97496,True,
Knuspr,97496,True,
Picnic,97496,True,
REWE,97497,False,
Flink,97497,False,
Knuspr,97497,False,
Picnic,97497,False,
REWE,97499,False,
Flink,97499,False,
Knuspr,97499,False,
Picnic,97499,False,
REWE,97500,True,
Flink,97500,True,
Knuspr,97500,True,
Picnic,97500,True,
REWE,97502,True,
Flink,97502,True,
Knuspr,97502,True,
Picnic,97502,True,
REWE,97503,False,
Flink,97503,False,
Knuspr,97503,False,
Picnic,97503,False,
REWE,97505,False,
Flink,97505,False,
Knuspr,97505,False,
Picnic,97505,False,
REWE,97506,True,
Flink,97506,True,
Knuspr,97506,True,
Picnic,97506,True,
REWE,97508,True,
Flink,97508,True,
Knuspr,97508,True,
Picnic,97508,True,
REWE,97509,False,
Flink,97509,False,
Knuspr,97509,False,
Picnic,97509,False,
REWE,97511,False,
Flink,97511,False,
Knuspr,97511,False,
Picnic,97511,False,
REWE,97513,False,
Flink,97513,False,
Knuspr,97513,False,
Picnic,97513,False,
REWE,97514,True,
Flink,97514,True,
Knuspr,97514,True,
Picnic,97514,True,
REWE,97516,True,
Flink,97516,True,
Knuspr,97516,True,
Picnic,97516,True,
REWE,97517,False,
Flink,97517,False,
Knuspr,97517,False,
Picnic,97517,False,
REWE,97519,False,
Flink,97519,False,
Knuspr,97519,False,
Picnic,97519,False,
REWE,97520,True,
Flink,97520,True,
Knuspr,97520,True,
Picnic,97520,True,
REWE,97522,True,
Flink,97522,True,
Knuspr,97522,True,
Picnic,97522,True,
REWE,97523,False,
Flink,97523,False,
Knuspr,97523,False,
Picnic,97523,False,
REWE,97525,False,
Flink,97525,False,
Knuspr,97525,False,
Picnic,97525,False,
REWE,97526,True,
Flink,97526,True,
Knuspr,97526,True,
Picnic,97526,True,
REWE,97528,True,
Flink,97528,True,
Knuspr,97528,True,
Picnic,97528,True,
REWE,97529,False,
Flink,97529,False,
Knuspr,97529,False,
Picnic,97529,False,
REWE,97531,False,
Flink,97531,False,
Knuspr,97531,False,
Picnic,97531,False,
REWE,97532,True,
Flink,97532,True,
Knuspr,97532,True,
Picnic,97532,True,
REWE,97534,True,
Flink,97534,True,
Knuspr,97534,True,
Picnic,97534,True,
REWE,97535,False,
Flink,97535,False,
Knuspr,97535,False,
Picnic,97535,False,
REWE,97537,False,
Flink,97537,False,
Knuspr,97537,False,
Picnic,97537,False,
REWE,97539,False,
Flink,97539,False,
Knuspr,97539,False,
Picnic,97539,False,
REWE,97616,True,
Flink,97616,True,
Knuspr,97616,True,
Picnic,97616,True,
REWE,97618,True,
Flink,97618,True,
Knuspr,97618,True,
Picnic,97618,True,
REWE,97631,False,
Flink,97631,False,
Knuspr,97631,False,
Picnic,97631,False,
REWE,97633,False,
Flink,97633,False,
Knuspr,97633,False,
Picnic,97633,False,
REWE,97638,True,
Flink,97638,True,
Knuspr,97638,True,
Picnic,97638,True,
REWE,97640,True,
Flink,97640,True,
Knuspr,97640,True,
Picnic,97640,True,
REWE,97645,False,
Flink,97645,False,
Knuspr,97645,False,
Picnic,97645,False,
REWE,97647,False,
Flink,97647,False,
Knuspr,97647,False,
Picnic,97647,False,
REWE,97650,True,
Flink,97650,True,
Knuspr,97650,True,
Picnic,97650,True,
REWE,97653,False,
Flink,97653,False,
Knuspr,97653,False,
Picnic,97653,False,
REWE,97654,True,
Flink,97654,True,
Knuspr,97654,True,
Picnic,97654,True,
REWE,97656,True,
Flink,97656,True,
Knuspr,97656,True,
Picnic,97656,True,
REWE,97657,False,
Flink,97657,False,
Knuspr,97657,False,
Picnic,97657,False,
REWE,97659,False,
Flink,97659,False,
Knuspr,97659,False,
Picnic,97659,False,
REWE,97688,True,
Flink,97688,True,
Knuspr,97688,True,
Picnic,97688,True,
REWE,97702,True,
Flink,97702,True,
Knuspr,97702,True,
Picnic,97702,True,
REWE,97705,False,
Flink,97705,False,
Knuspr,97705,False,
Picnic,97705,False,
REWE,97708,True,
Flink,97708,True,
Knuspr,97708,True,
Picnic,97708,True,
REWE,97711,False,
Flink,97711,False,
Knuspr,97711,False,
Picnic,97711,False,
REWE,97714,True,
Flink,97714,True,
Knuspr,97714,True,
Picnic,97714,True,
REWE,97717,False,
Flink,97717,False,
Knuspr,97717,False,
Picnic,97717,False,
REWE,97720,True,
Flink,97720,True,
Knuspr,97720,True,
Picnic,97720,True,
REWE,97723,False,
Flink,97723,False,
Knuspr,97723,False,
Picnic,97723,False,
REWE,97724,True,
Flink,97724,True,
Knuspr,97724,True,
Picnic,97724,True,
REWE,97725,False,
Flink,97725,False,
Knuspr,97725,False,
Picnic,97725,False,
REWE,97727,False,
Flink,97727,False,
Knuspr,97727,False,
Picnic,97727,False,
REWE,97729,False,
Flink,97729,False,
Knuspr,97729,False,
Picnic,97729,False,
REWE,97737,False,
Flink,97737,False,
Knuspr,97737,False,
Picnic,97737,False,
REWE,97753,False,
Flink,97753,False,
Knuspr,97753,False,
Picnic,97753,False,
REWE,97762,True,
Flink,97762,True,
Knuspr,97762,True,
Picnic,97762,True,
REWE,97769,False,
Flink,97769,False,
Knuspr,97769,False,
Picnic,97769,False,
REWE,97772,True,
Flink,97772,True,
Knuspr,97772,True,
Picnic,97772,True,
REWE,97773,False,
Flink,97773,False,
Knuspr,97773,False,
Picnic,97773,False,
REWE,97775,False,
Flink,97775,False,
Knuspr,97775,False,
Picnic,97775,False,
REWE,97776,True,
Flink,97776,True,
Knuspr,97776,True,
Picnic,97776,True,
REWE,97778,True,
Flink,97778,True,
Knuspr,97778,True,
Picnic,97778,True,
REWE,97779,False,
Flink,97779,False,
Knuspr,97779,False,
Picnic,97779,False,
REWE,97780,True,
Flink,97780,True,
Knuspr,97780,True,
Picnic,97780,True,
REWE,97782,True,
Flink,97782,True,
Knuspr,97782,True,
Picnic,97782,True,
REWE,97783,False,
Flink,97783,False,
Knuspr,97783,False,
Picnic,97783,False,
REWE,97785,False,
Flink,97785,False,
Knuspr,97785,False,
Picnic,97785,False,
REWE,97786,True,
Flink,97786,True,
Knuspr,97786,True,
Picnic,97786,True,
REWE,97788,True,
Flink,97788,True,
Knuspr,97788,True,
Picnic,97788,True,
REWE,97789,False,
Flink,97789,False,
Knuspr,97789,False,
Picnic,97789,False,
REWE,97791,False,
Flink,97791,False,
Knuspr,97791,False,
Picnic,97791,False,
REWE,97792,True,
Flink,97792,True,
Knuspr,97792,True,
Picnic,97792,True,
REWE,97794,True,
Flink,97794,True,
Knuspr,97794,True,
Picnic,97794,True,
REWE,97795,False,
Flink,97795,False,
Knuspr,97795,False,
Picnic,97795,False,
REWE,97797,False,
Flink,97797,False,
Knuspr,97797,False,
Picnic,97797,False,
REWE,97799,False,
Flink,97799,False,
Knuspr,97799,False,
Picnic,97799,False,
REWE,97816,True,
Flink,97816,True,
Knuspr,97816,True,
Picnic,97816,True,
REWE,97828,True,
Flink,97828,True,
Knuspr,97828,True,
Picnic,97828,True,
REWE,97833,False,
Flink,97833,False,
Knuspr,97833,False,
Picnic,97833,False,
REWE,97834,True,
Flink,97834,True,
Knuspr,97834,True,
Picnic,97834,True,
REWE,97836,True,
Flink,97836,True,
Knuspr,97836,True,
Picnic,97836,True,
REWE,97837,False,
Flink,97837,False,
Knuspr,97837,False,
Picnic,97837,False,
REWE,97839,False,
Flink,97839,False,
Knuspr,97839,False,
Picnic,97839,False,
REWE,97840,True,
Flink,97840,True,
Knuspr,97840,True,
Picnic,97840,True,
REWE,97842,True,
Flink,97842,True,
Knuspr,97842,True,
Picnic,97842,True,
REWE,97843,False,
Flink,97843,False,
Knuspr,97843,False,
Picnic,97843,False,
REWE,97845,False,
Flink,97845,False,
Knuspr,97845,False,
Picnic,97845,False,
REWE,97846,True,
Flink,97846,True,
Knuspr,97846,True,
Picnic,97846,True,
REWE,97848,True,
Flink,97848,True,
Knuspr,97848,True,
Picnic,97848,True,
REWE,97849,False,
Flink,97849,False,
Knuspr,97849,False,
Picnic,97849,False,
REWE,97851,False,
Flink,97851,False,
Knuspr,97851,False,
Picnic,97851,False,
REWE,97852,True,
Flink,97852,True,
Knuspr,97852,True,
Picnic,97852,True,
REWE,97854,True,
Flink,97854,True,
Knuspr,97854,True,
Picnic,97854,True,
REWE,97855,False,
Flink,97855,False,
Knuspr,97855,False,
Picnic,97855,False,
REWE,97857,False,
Flink,97857,False,
Knuspr,97857,False,
Picnic,97857,False,
REWE,97859,False,
Flink,97859,False,
Knuspr,97859,False,
Picnic,97859,False,
REWE,97892,True,
Flink,97892,True,
Knuspr,97892,True,
Picnic,97892,True,
REWE,97901,False,
Flink,97901,False,
Knuspr,97901,False,
Picnic,97901,False,
REWE,97903,False,
Flink,97903,False,
Knuspr,97903,False,
Picnic,97903,False,
REWE,97904,True,
Flink,97904,True,
Knuspr,97904,True,
Picnic,97904,True,
REWE,97906,True,
Flink,97906,True,
Knuspr,97906,True,
Picnic,97906,True,
REWE,97907,False,
Flink,97907,False,
Knuspr,97907,False,
Picnic,97907,False,
REWE,97909,False,
Flink,97909,False,
Knuspr,97909,False,
Picnic,97909,False,
REWE,82297,False,
Flink,82297,False,
Knuspr,82297,False,
Picnic,82297,False,
REWE,86150,True,
Flink,86150,True,
Knuspr,86150,True,
Picnic,86150,True,
REWE,86152,True,
Flink,86152,True,
Knuspr,86152,True,
Picnic,86152,True,
REWE,86153,False,
Flink,86153,False,
Knuspr,86153,False,
Picnic,86153,False,
REWE,86154,True,
Flink,86154,True,
Knuspr,86154,True,
Picnic,86154,True,
REWE,86156,True,
Flink,86156,True,
Knuspr,86156,True,
Picnic,86156,True,
REWE,86157,False,
Flink,86157,False,
Knuspr,86157,False,
Picnic,86157,False,
REWE,86159,False,
Flink,86159,False,
Knuspr,86159,False,
Picnic,86159,False,
REWE,86161,False,
Flink,86161,False,
Knuspr,86161,False,
Picnic,86161,False,
REWE,86163,False,
Flink,86163,False,
Knuspr,86163,False,
Picnic,86163,False,
REWE,86165,False,
Flink,86165,False,
Knuspr,86165,False,
Picnic,86165,False,
REWE,86167,False,
Flink,86167,False,
Knuspr,86167,False,
Picnic,86167,False,
REWE,86169,False,
Flink,86169,False,
Knuspr,86169,False,
Picnic,86169,False,
REWE,86179,False,
Flink,86179,False,
Knuspr,86179,False,
Picnic,86179,False,
REWE,86199,False,
Flink,86199,False,
Knuspr,86199,False,
Picnic,86199,False,
REWE,86316,True,
Flink,86316,True,
Knuspr,86316,True,
Picnic,86316,True,
REWE,86343,False,
Flink,86343,False,
Knuspr,86343,False,
Picnic,86343,False,
REWE,86356,True,
Flink,86356,True,
Knuspr,86356,True,
Picnic,86356,True,
REWE,86368,True,
Flink,86368,True,
Knuspr,86368,True,
Picnic,86368,True,
REWE,86381,False,
Flink,86381,False,
Knuspr,86381,False,
Picnic,86381,False,
REWE,86391,False,
Flink,86391,False,
Knuspr,86391,False,
Picnic,86391,False,
REWE,86399,False,
Flink,86399,False,
Knuspr,86399,False,
Picnic,86399,False,
REWE,86405,False,
Flink,86405,False,
Knuspr,86405,False,
Picnic,86405,False,
REWE,86415,False,
Flink,86415,False,
Knuspr,86415,False,
Picnic,86415,False,
REWE,86420,True,
Flink,86420,True,
Knuspr,86420,True,
Picnic,86420,True,
REWE,86424,True,
Flink,86424,True,
Knuspr,86424,True,
Picnic,86424,True,
REWE,86438,True,
Flink,86438,True,
Knuspr,86438,True,
Picnic,86438,True,
REWE,86441,False,
Flink,86441,False,
Knuspr,86441,False,
Picnic,86441,False,
REWE,86444,True,
Flink,86444,True,
Knuspr,86444,True,
Picnic,86444,True,
REWE,86447,False,
Flink,86447,False,
Knuspr,86447,False,
Picnic,86447,False,
REWE,86450,True,
Flink,86450,True,
Knuspr,86450,True,
Picnic,86450,True,
REWE,86453,False,
Flink,86453,False,
Knuspr,86453,False,
Picnic,86453,False,
REWE,86456,True,
Flink,86456,True,
Knuspr,86456,True,
Picnic,86456,True,
REWE,86459,False,
Flink,86459,False,
Knuspr,86459,False,
Picnic,86459,False,
REWE,86462,True,
Flink,86462,True,
Knuspr,86462,True,
Picnic,86462,True,
REWE,86465,False,
Flink,86465,False,
Knuspr,86465,False,
Picnic,86465,False,
REWE,86470,True,
Flink,86470,True,
Knuspr,86470,True,
Picnic,86470,True,
REWE,86473,False,
Flink,86473,False,
Knuspr,86473,False,
Picnic,86473,False,
REWE,86476,True,
Flink,86476,True,
Knuspr,86476,True,
Picnic,86476,True,
REWE,86477,False,
Flink,86477,False,
Knuspr,86477,False,
Picnic,86477,False,
REWE,86479,False,
Flink,86479,False,
Knuspr,86479,False,
Picnic,86479,False,
REWE,86480,True,
Flink,86480,True,
Knuspr,86480,True,
Picnic,86480,True,
REWE,86482,True,
Flink,86482,True,
Knuspr,86482,True,
Picnic,86482,True,
REWE,86483,False,
Flink,86483,False,
Knuspr,86483,False,
Picnic,86483,False,
REWE,86485,False,
Flink,86485,False,
Knuspr,86485,False,
Picnic,86485,False,
REWE,86486,True,
Flink,86486,True,
Knuspr,86486,True,
Picnic,86486,True,
REWE,86488,True,
Flink,86488,True,
Knuspr,86488,True,
Picnic,86488,True,
REWE,86489,False,
Flink,86489,False,
Knuspr,86489,False,
Picnic,86489,False,
REWE,86491,False,
Flink,86491,False,
Knuspr,86491,False,
Picnic,86491,False,
REWE,86494,True,
Flink,86494,True,
Knuspr,86494,True,
Picnic,86494,True,
REWE,86495,False,
Flink,86495,False,
Knuspr,86495,False,
Picnic,86495,False,
REWE,86497,False,
Flink,86497,False,
Knuspr,86497,False,
Picnic,86497,False,
REWE,86498,True,
Flink,86498,True,
Knuspr,86498,True,
Picnic,86498,True,
REWE,86500,True,
Flink,86500,True,
Knuspr,86500,True,
Picnic,86500,True,
REWE,86502,True,
Flink,86502,True,
Knuspr,86502,True,
Picnic,86502,True,
REWE,86504,True,
Flink,86504,True,
Knuspr,86504,True,
Picnic,86504,True,
REWE,86505,False,
Flink,86505,False,
Knuspr,86505,False,
Picnic,86505,False,
REWE,86507,False,
Flink,86507,False,
Knuspr,86507,False,
Picnic,86507,False,
REWE,86508,True,
Flink,86508,True,
Knuspr,86508,True,
Picnic,86508,True,
REWE,86510,True,
Flink,86510,True,
Knuspr,86510,True,
Picnic,86510,True,
REWE,86511,False,
Flink,86511,False,
Knuspr,86511,False,
Picnic,86511,False,
REWE,86513,False,
Flink,86513,False,
Knuspr,86513,False,
Picnic,86513,False,
REWE,86514,True,
Flink,86514,True,
Knuspr,86514,True,
Picnic,86514,True,
REWE,86517,False,
Flink,86517,False,
Knuspr,86517,False,
Picnic,86517,False,
REWE,86519,False,
Flink,86519,False,
Knuspr,86519,False,
Picnic,86519,False,
REWE,86551,False,
Flink,86551,False,
Knuspr,86551,False,
Picnic,86551,False,
REWE,86554,True,
Flink,86554,True,
Knuspr,86554,True,
Picnic,86554,True,
REWE,86556,True,
Flink,86556,True,
Knuspr,86556,True,
Picnic,86556,True,
REWE,86559,False,
Flink,86559,False,
Knuspr,86559,False,
Picnic,86559,False,
REWE,86568,True,
Flink,86568,True,
Knuspr,86568,True,
Picnic,86568,True,
REWE,86570,True,
Flink,86570,True,
Knuspr,86570,True,
Picnic,86570,True,
REWE,86573,False,
Flink,86573,False,
Knuspr,86573,False,
Picnic,86573,False,
REWE,86574,True,
Flink,86574,True,
Knuspr,86574,True,
Picnic,86574,True,
REWE,86576,True,
Flink,86576,True,
Knuspr,86576,True,
Picnic,86576,True,
REWE,86577,False,
Flink,86577,False,
Knuspr,86577,False,
Picnic,86577,False,
REWE,86609,False,
Flink,86609,False,
Knuspr,86609,False,
Picnic,86609,False,
REWE,86637,False,
Flink,86637,False,
Knuspr,86637,False,
Picnic,86637,False,
REWE,86641,False,
Flink,86641,False,
Knuspr,86641,False,
Picnic,86641,False,
REWE,86647,False,
Flink,86647,False,
Knuspr,86647,False,
Picnic,86647,False,
REWE,86650,True,
Flink,86650,True,
Knuspr,86650,True,
Picnic,86650,True,
REWE,86653,False,
Flink,86653,False,
Knuspr,86653,False,
Picnic,86653,False,
REWE,86655,False,
Flink,86655,False,
Knuspr,86655,False,
Picnic,86655,False,
REWE,86657,False,
Flink,86657,False,
Knuspr,86657,False,
Picnic,86657,False,
REWE,86660,True,
Flink,86660,True,
Knuspr,86660,True,
Picnic,86660,True,
REWE,86663,False,
Flink,86663,False,
Knuspr,86663,False,
Picnic,86663,False,
REWE,86672,True,
Flink,86672,True,
Knuspr,86672,True,
Picnic,86672,True,
REWE,86674,True,
Flink,86674,True,
Knuspr,86674,True,
Picnic,86674,True,
REWE,86675,False,
Flink,86675,False,
Knuspr,86675,False,
Picnic,86675,False,
REWE,86678,True,
Flink,86678,True,
Knuspr,86678,True,
Picnic,86678,True,
REWE,86679,False,
Flink,86679,False,
Knuspr,86679,False,
Picnic,86679,False,
REWE,86681,False,
Flink,86681,False,
Knuspr,86681,False,
Picnic,86681,False,
REWE,86682,True,
Flink,86682,True,
Knuspr,86682,True,
Picnic,86682,True,
REWE,86684,True,
Flink,86684,True,
Knuspr,86684,True,
Picnic,86684,True,
REWE,86685,False,
Flink,86685,False,
Knuspr,86685,False,
Picnic,86685,False,
REWE,86687,False,
Flink,86687,False,
Knuspr,86687,False,
Picnic,86687,False,
REWE,86688,True,
Flink,86688,True,
Knuspr,86688,True,
Picnic,86688,True,
REWE,86690,True,
Flink,86690,True,
Knuspr,86690,True,
Picnic,86690,True,
REWE,86692,True,
Flink,86692,True,
Knuspr,86692,True,
Picnic,86692,True,
REWE,86694,True,
Flink,86694,True,
Knuspr,86694,True,
Picnic,86694,True,
REWE,86695,False,
Flink,86695,False,
Knuspr,86695,False,
Picnic,86695,False,
REWE,86698,True,
Flink,86698,True,
Knuspr,86698,True,
Picnic,86698,True,
REWE,86700,True,
Flink,86700,True,
Knuspr,86700,True,
Picnic,86700,True,
REWE,86703,False,
Flink,86703,False,
Knuspr,86703,False,
Picnic,86703,False,
REWE,86704,True,
Flink,86704,True,
Knuspr,86704,True,
Picnic,86704,True,
REWE,86707,False,
Flink,86707,False,
Knuspr,86707,False,
Picnic,86707,False,
REWE,86709,False,
Flink,86709,False,
Knuspr,86709,False,
Picnic,86709,False,
REWE,86720,True,
Flink,86720,True,
Knuspr,86720,True,
Picnic,86720,True,
REWE,86732,True,
Flink,86732,True,
Knuspr,86732,True,
Picnic,86732,True,
REWE,86733,False,
Flink,86733,False,
Knuspr,86733,False,
Picnic,86733,False,
REWE,86735,False,
Flink,86735,False,
Knuspr,86735,False,
Picnic,86735,False,
REWE,86736,True,
Flink,86736,True,
Knuspr,86736,True,
Picnic,86736,True,
REWE,86738,True,
Flink,86738,True,
Knuspr,86738,True,
Picnic,86738,True,
REWE,86739,False,
Flink,86739,False,
Knuspr,86739,False,
Picnic,86739,False,
REWE,86741,False,
Flink,86741,False,
Knuspr,86741,False,
Picnic,86741,False,
REWE,86742,True,
Flink,86742,True,
Knuspr,86742,True,
Picnic,86742,True,
REWE,86744,True,
Flink,86744,True,
Knuspr,86744,True,
Picnic,86744,True,
REWE,86745,False,
Flink,86745,False,
Knuspr,86745,False,
Picnic,86745,False,
REWE,86747,False,
Flink,86747,False,
Knuspr,86747,False,
Picnic,86747,False,
REWE,86748,True,
Flink,86748,True,
Knuspr,86748,True,
Picnic,86748,True,
REWE,86750,True,
Flink,86750,True,
Knuspr,86750,True,
Picnic,86750,True,
REWE,86751,False,
Flink,86751,False,
Knuspr,86751,False,
Picnic,86751,False,
REWE,86753,False,
Flink,86753,False,
Knuspr,86753,False,
Picnic,86753,False,
REWE,86754,True,
Flink,86754,True,
Knuspr,86754,True,
Picnic,86754,True,
REWE,86756,True,
Flink,86756,True,
Knuspr,86756,True,
Picnic,86756,True,
REWE,86757,False,
Flink,86757,False,
Knuspr,86757,False,
Picnic,86757,False,
REWE,86759,False,
Flink,86759,False,
Knuspr,86759,False,
Picnic,86759,False,
REWE,86807,False,
Flink,86807,False,
Knuspr,86807,False,
Picnic,86807,False,
REWE,86825,False,
Flink,86825,False,
Knuspr,86825,False,
Picnic,86825,False,
REWE,86830,True,
Flink,86830,True,
Knuspr,86830,True,
Picnic,86830,True,
REWE,86833,False,
Flink,86833,False,
Knuspr,86833,False,
Picnic,86833,False,
REWE,86842,True,
Flink,86842,True,
Knuspr,86842,True,
Picnic,86842,True,
REWE,86845,False,
Flink,86845,False,
Knuspr,86845,False,
Picnic,86845,False,
REWE,86850,True,
Flink,86850,True,
Knuspr,86850,True,
Picnic,86850,True,
REWE,86853,False,
Flink,86853,False,
Knuspr,86853,False,
Picnic,86853,False,
REWE,86854,True,
Flink,86854,True,
Knuspr,86854,True,
Picnic,86854,True,
REWE,86856,True,
Flink,86856,True,
Knuspr,86856,True,
Picnic,86856,True,
REWE,86860,True,
Flink,86860,True,
Knuspr,86860,True,
Picnic,86860,True,
REWE,86862,True,
Flink,86862,True,
Knuspr,86862,True,
Picnic,86862,True,
REWE,86863,False,
Flink,86863,False,
Knuspr,86863,False,
Picnic,86863,False,
REWE,86865,False,
Flink,86865,False,
Knuspr,86865,False,
Picnic,86865,False,
REWE,86866,True,
Flink,86866,True,
Knuspr,86866,True,
Picnic,86866,True,
REWE,86868,True,
Flink,86868,True,
Knuspr,86868,True,
Picnic,86868,True,
REWE,86869,False,
Flink,86869,False,
Knuspr,86869,False,
Picnic,86869,False,
REWE,86871,False,
Flink,86871,False,
Knuspr,86871,False,
Picnic,86871,False,
REWE,86872,True,
Flink,86872,True,
Knuspr,86872,True,
Picnic,86872,True,
REWE,86874,True,
Flink,86874,True,
Knuspr,86874,True,
Picnic,86874,True,
REWE,86875,False,
Flink,86875,False,
Knuspr,86875,False,
Picnic,86875,False,
REWE,86877,False,
Flink,86877,False,
Knuspr,86877,False,
Picnic,86877,False,
REWE,86879,False,
Flink,86879,False,
Knuspr,86879,False,
Picnic,86879,False,
REWE,86983,False,
Flink,86983,False,
Knuspr,86983,False,
Picnic,86983,False,
REWE,87435,False,
Flink,87435,False,
Knuspr,87435,False,
Picnic,87435,False,
REWE,87437,False,
Flink,87437,False,
Knuspr,87437,False,
Picnic,87437,False,
REWE,87439,False,
Flink,87439,False,
Knuspr,87439,False,
Picnic,87439,False,
REWE,87448,True,
Flink,87448,True,
Knuspr,87448,True,
Picnic,87448,True,
REWE,87452,True,
Flink,87452,True,
Knuspr,87452,True,
Picnic,87452,True,
REWE,87459,False,
Flink,87459,False,
Knuspr,87459,False,
Picnic,87459,False,
REWE,87463,False,
Flink,87463,False,
Knuspr,87463,False,
Picnic,87463,False,
REWE,87466,True,
Flink,87466,True,
Knuspr,87466,True,
Picnic,87466,True,
REWE,87471,False,
Flink,87471,False,
Knuspr,87471,False,
Picnic,87471,False,
REWE,87474,True,
Flink,87474,True,
Knuspr,87474,True,
Picnic,87474,True,
REWE,87477,False,
Flink,87477,False,
Knuspr,87477,False,
Picnic,87477,False,
REWE,87480,True,
Flink,87480,True,
Knuspr,87480,True,
Picnic,87480,True,
REWE,87484,True,
Flink,87484,True,
Knuspr,87484,True,
Picnic,87484,True,
REWE,87487,False,
Flink,87487,False,
Knuspr,87487,False,
Picnic,87487,False,
REWE,87488,True,
Flink,87488,True,
Knuspr,87488,True,
Picnic,87488,True,
REWE,87490,True,
Flink,87490,True,
Knuspr,87490,True,
Picnic,87490,True,
REWE,87493,False,
Flink,87493,False,
Knuspr,87493,False,
Picnic,87493,False,
REWE,87494,True,
Flink,87494,True,
Knuspr,87494,True,
Picnic,87494,True,
REWE,87496,True,
Flink,87496,True,
Knuspr,87496,True,
Picnic,87496,True,
REWE,87497,False,
Flink,87497,False,
Knuspr,87497,False,
Picnic,87497,False,
REWE,87499,False,
Flink,87499,False,
Knuspr,87499,False,
Picnic,87499,False,
REWE,87509,False,
Flink,87509,False,
Knuspr,87509,False,
Picnic,87509,False,
REWE,87527,False,
Flink,87527,False,
Knuspr,87527,False,
Picnic,87527,False,
REWE,87534,True,
Flink,87534,True,
Knuspr,87534,True,
Picnic,87534,True,
REWE,87538,True,
Flink,87538,True,
Knuspr,87538,True,
Picnic,87538,True,
REWE,87541,False,
Flink,87541,False,
Knuspr,87541,False,
Picnic,87541,False,
REWE,87544,True,
Flink,87544,True,
Knuspr,87544,True,
Picnic,87544,True,
REWE,87545,False,
Flink,87545,False,
Knuspr,87545,False,
Picnic,87545,False,
REWE,87547,False,
Flink,87547,False,
Knuspr,87547,False,
Picnic,87547,False,
REWE,87549,False,
Flink,87549,False,
Knuspr,87549,False,
Picnic,87549,False,
REWE,87561,False,
Flink,87561,False,
Knuspr,87561,False,
Picnic,87561,False,
REWE,87600,True,
Flink,87600,True,
Knuspr,87600,True,
Picnic,87600,True,
REWE,87616,True,
Flink,87616,True,
Knuspr,87616,True,
Picnic,87616,True,
REWE,87629,False,
Flink,87629,False,
Knuspr,87629,False,
Picnic,87629,False,
REWE,87634,True,
Flink,87634,True,
Knuspr,87634,True,
Picnic,87634,True,
REWE,87637,False,
Flink,87637,False,
Knuspr,87637,False,
Picnic,87637,False,
REWE,87640,True,
Flink,87640,True,
Knuspr,87640,True,
Picnic,87640,True,
REWE,87642,True,
Flink,87642,True,
Knuspr,87642,True,
Picnic,87642,True,
REWE,87645,False,
Flink,87645,False,
Knuspr,87645,False,
Picnic,87645,False,
REWE,87647,False,
Flink,87647,False,
Knuspr,87647,False,
Picnic,87647,False,
REWE,87648,True,
Flink,87648,True,
Knuspr,87648,True,
Picnic,87648,True,
REWE,87650,True,
Flink,87650,True,
Knuspr,87650,True,
Picnic,87650,True,
REWE,87651,False,
Flink,87651,False,
Knuspr,87651,False,
Picnic,87651,False,
REWE,87653,False,
Flink,87653,False,
Knuspr,87653,False,
Picnic,87653,False,
REWE,87654,True,
Flink,87654,True,
Knuspr,87654,True,
Picnic,87654,True,
REWE,87656,True,
Flink,87656,True,
Knuspr,87656,True,
Picnic,87656,True,
REWE,87657,False,
Flink,87657,False,
Knuspr,87657,False,
Picnic,87657,False,
REWE,87659,False,
Flink,87659,False,
Knuspr,87659,False,
Picnic,87659,False,
REWE,87660,True,
Flink,87660,True,
Knuspr,87660,True,
Picnic,87660,True,
REWE,87662,True,
Flink,87662,True,
Knuspr,87662,True,
Picnic,87662,True,
REWE,87663,False,
Flink,87663,False,
Knuspr,87663,False,
Picnic,87663,False,
REWE,87665,False,
Flink,87665,False,
Knuspr,87665,False,
Picnic,87665,False,
REWE,87666,True,
Flink,87666,True,
Knuspr,87666,True,
Picnic,87666,True,
REWE,87668,True,
Flink,87668,True,
Knuspr,87668,True,
Picnic,87668,True,
REWE,87669,False,
Flink,87669,False,
Knuspr,87669,False,
Picnic,87669,False,
REWE,87671,False,
Flink,87671,False,
Knuspr,87671,False,
Picnic,87671,False,
REWE,87672,True,
Flink,87672,True,
Knuspr,87672,True,
Picnic,87672,True,
REWE,87674,True,
Flink,87674,True,
Knuspr,87674,True,
Picnic,87674,True,
REWE,87675,False,
Flink,87675,False,
Knuspr,87675,False,
Picnic,87675,False,
REWE,87677,False,
Flink,87677,False,
Knuspr,87677,False,
Picnic,87677,False,
REWE,87679,False,
Flink,87679,False,
Knuspr,87679,False,
Picnic,87679,False,
REWE,87700,True,
Flink,87700,True,
Knuspr,87700,True,
Picnic,87700,True,
REWE,87719,False,
Flink,87719,False,
Knuspr,87719,False,
Picnic,87719,False,
REWE,87724,True,
Flink,87724,True,
Knuspr,87724,True,
Picnic,87724,True,
REWE,87727,False,
Flink,87727,False,
Knuspr,87727,False,
Picnic,87727,False,
REWE,87730,True,
Flink,87730,True,
Knuspr,87730,True,
Picnic,87730,True,
REWE,87733,False,
Flink,87733,False,
Knuspr,87733,False,
Picnic,87733,False,
REWE,87734,True,
Flink,87734,True,
Knuspr,87734,True,
Picnic,87734,True,
REWE,87736,True,
Flink,87736,True,
Knuspr,87736,True,
Picnic,87736,True,
REWE,87737,False,
Flink,87737,False,
Knuspr,87737,False,
Picnic,87737,False,
REWE,87739,False,
Flink,87739,False,
Knuspr,87739,False,
Picnic,87739,False,
REWE,87740,True,
Flink,87740,True,
Knuspr,87740,True,
Picnic,87740,True,
REWE,87742,True,
Flink,87742,True,
Knuspr,87742,True,
Picnic,87742,True,
REWE,87743,False,
Flink,87743,False,
Knuspr,87743,False,
Picnic,87743,False,
REWE,87745,False,
Flink,87745,False,
Knuspr,87745,False,
Picnic,87745,False,
REWE,87746,True,
Flink,87746,True,
Knuspr,87746,True,
Picnic,87746,True,
REWE,87748,True,
Flink,87748,True,
Knuspr,87748,True,
Picnic,87748,True,
REWE,87749,False,
Flink,87749,False,
Knuspr,87749,False,
Picnic,87749,False,
REWE,87751,False,
Flink,87751,False,
Knuspr,87751,False,
Picnic,87751,False,
REWE,87752,True,
Flink,87752,True,
Knuspr,87752,True,
Picnic,87752,True,
REWE,87754,True,
Flink,87754,True,
Knuspr,87754,True,
Picnic,87754,True,
REWE,87755,False,
Flink,87755,False,
Knuspr,87755,False,
Picnic,87755,False,
REWE,87757,False,
Flink,87757,False,
Knuspr,87757,False,
Picnic,87757,False,
REWE,87758,True,
Flink,87758,True,
Knuspr,87758,True,
Picnic,87758,True,
REWE,87760,True,
Flink,87760,True,
Knuspr,87760,True,
Picnic,87760,True,
REWE,87761,False,
Flink,87761,False,
Knuspr,87761,False,
Picnic,87761,False,
REWE,87763,False,
Flink,87763,False,
Knuspr,87763,False,
Picnic,87763,False,
REWE,87764,True,
Flink,87764,True,
Knuspr,87764,True,
Picnic,87764,True,
REWE,87766,True,
Flink,87766,True,
Knuspr,87766,True,
Picnic,87766,True,
REWE,87767,False,
Flink,87767,False,
Knuspr,87767,False,
Picnic,87767,False,
REWE,87769,False,
Flink,87769,False,
Knuspr,87769,False,
Picnic,87769,False,
REWE,87770,True,
Flink,87770,True,
Knuspr,87770,True,
Picnic,87770,True,
REWE,87772,True,
Flink,87772,True,
Knuspr,87772,True,
Picnic,87772,True,
REWE,87773,False,
Flink,87773,False,
Knuspr,87773,False,
Picnic,87773,False,
REWE,87775,False,
Flink,87775,False,
Knuspr,87775,False,
Picnic,87775,False,
REWE,87776,True,
Flink,87776,True,
Knuspr,87776,True,
Picnic,87776,True,
REWE,87778,True,
Flink,87778,True,
Knuspr,87778,True,
Picnic,87778,True,
REWE,87779,False,
Flink,87779,False,
Knuspr,87779,False,
Picnic,87779,False,
REWE,87781,False,
Flink,87781,False,
Knuspr,87781,False,
Picnic,87781,False,
REWE,87782,True,
Flink,87782,True,
Knuspr,87782,True,
Picnic,87782,True,
REWE,87784,True,
Flink,87784,True,
Knuspr,87784,True,
Picnic,87784,True,
REWE,87785,False,
Flink,87785,False,
Knuspr,87785,False,
Picnic,87785,False,
REWE,87787,False,
Flink,87787,False,
Knuspr,87787,False,
Picnic,87787,False,
REWE,87789,False,
Flink,87789,False,
Knuspr,87789,False,
Picnic,87789,False,
REWE,88131,False,
Flink,88131,False,
Knuspr,88131,False,
Picnic,88131,False,
REWE,88138,True,
Flink,88138,True,
Knuspr,88138,True,
Picnic,88138,True,
REWE,88142,True,
Flink,88142,True,
Knuspr,88142,True,
Picnic,88142,True,
REWE,88145,False,
Flink,88145,False,
Knuspr,88145,False,
Picnic,88145,False,
REWE,88149,False,
Flink,88149,False,
Knuspr,88149,False,
Picnic,88149,False,
REWE,88161,False,
Flink,88161,False,
Knuspr,88161,False,
Picnic,88161,False,
REWE,88167,False,
Flink,88167,False,
Knuspr,88167,False,
Picnic,88167,False,
REWE,88171,False,
Flink,88171,False,
Knuspr,88171,False,
Picnic,88171,False,
REWE,88175,False,
Flink,88175,False,
Knuspr,88175,False,
Picnic,88175,False,
REWE,88178,True,
Flink,88178,True,
Knuspr,88178,True,
Picnic,88178,True,
REWE,88179,False,
Flink,88179,False,
Knuspr,88179,False,
Picnic,88179,False,
REWE,89231,False,
Flink,89231,False,
Knuspr,89231,False,
Picnic,89231,False,
REWE,89233,False,
Flink,89233,False,
Knuspr,89233,False,
Picnic,89233,False,
REWE,89250,True,
Flink,89250,True,
Knuspr,89250,True,
Picnic,89250,True,
REWE,89257,False,
Flink,89257,False,
Knuspr,89257,False,
Picnic,89257,False,
REWE,89264,True,
Flink,89264,True,
Knuspr,89264,True,
Picnic,89264,True,
REWE,89269,False,
Flink,89269,False,
Knuspr,89269,False,
Picnic,89269,False,
REWE,89275,False,
Flink,89275,False,
Knuspr,89275,False,
Picnic,89275,False,
REWE,89278,True,
Flink,89278,True,
Knuspr,89278,True,
Picnic,89278,True,
REWE,89281,False,
Flink,89281,False,
Knuspr,89281,False,
Picnic,89281,False,
REWE,89284,True,
Flink,89284,True,
Knuspr,89284,True,
Picnic,89284,True,
REWE,89287,False,
Flink,89287,False,
Knuspr,89287,False,
Picnic,89287,False,
REWE,89290,True,
Flink,89290,True,
Knuspr,89290,True,
Picnic,89290,True,
REWE,89291,False,
Flink,89291,False,
Knuspr,89291,False,
Picnic,89291,False,
REWE,89293,False,
Flink,89293,False,
Knuspr,89293,False,
Picnic,89293,False,
REWE,89294,True,
Flink,89294,True,
Knuspr,89294,True,
Picnic,89294,True,
REWE,89296,True,
Flink,89296,True,
Knuspr,89296,True,
Picnic,89296,True,
REWE,89297,False,
Flink,89297,False,
Knuspr,89297,False,
Picnic,89297,False,
REWE,89299,False,
Flink,89299,False,
Knuspr,89299,False,
Picnic,89299,False,
REWE,89312,True,
Flink,89312,True,
Knuspr,89312,True,
Picnic,89312,True,
REWE,89331,False,
Flink,89331,False,
Knuspr,89331,False,
Picnic,89331,False,
REWE,89335,False,
Flink,89335,False,
Knuspr,89335,False,
Picnic,89335,False,
REWE,89340,True,
Flink,89340,True,
Knuspr,89340,True,
Picnic,89340,True,
REWE,89343,False,
Flink,89343,False,
Knuspr,89343,False,
Picnic,89343,False,
REWE,89344,True,
Flink,89344,True,
Knuspr,89344,True,
Picnic,89344,True,
REWE,89346,True,
Flink,89346,True,
Knuspr,89346,True,
Picnic,89346,True,
REWE,89347,False,
Flink,89347,False,
Knuspr,89347,False,
Picnic,89347,False,
REWE,89349,False,
Flink,89349,False,
Knuspr,89349,False,
Picnic,89349,False,
REWE,89350,True,
Flink,89350,True,
Knuspr,89350,True,
Picnic,89350,True,
REWE,89352,True,
Flink,89352,True,
Knuspr,89352,True,
Picnic,89352,True,
REWE,89353,False,
Flink,89353,False,
Knuspr,89353,False,
Picnic,89353,False,
REWE,89355,False,
Flink,89355,False,
Knuspr,89355,False,
Picnic,89355,False,
REWE,89356,True,
Flink,89356,True,
Knuspr,89356,True,
Picnic,89356,True,
REWE,89358,True,
Flink,89358,True,
Knuspr,89358,True,
Picnic,89358,True,
REWE,89359,False,
Flink,89359,False,
Knuspr,89359,False,
Picnic,89359,False,
REWE,89361,False,
Flink,89361,False,
Knuspr,89361,False,
Picnic,89361,False,
REWE,89362,True,
Flink,89362,True,
Knuspr,89362,True,
Picnic,89362,True,
REWE,89364,True,
Flink,89364,True,
Knuspr,89364,True,
Picnic,89364,True,
REWE,89365,False,
Flink,89365,False,
Knuspr,89365,False,
Picnic,89365,False,
REWE,89367,False,
Flink,89367,False,
Knuspr,89367,False,
Picnic,89367,False,
REWE,89368,True,
Flink,89368,True,
Knuspr,89368,True,
Picnic,89368,True,
REWE,89407,False,
Flink,89407,False,
Knuspr,89407,False,
Picnic,89407,False,
REWE,89415,False,
Flink,89415,False,
Knuspr,89415,False,
Picnic,89415,False,
REWE,89420,True,
Flink,89420,True,
Knuspr,89420,True,
Picnic,89420,True,
REWE,89423,False,
Flink,89423,False,
Knuspr,89423,False,
Picnic,89423,False,
REWE,89426,True,
Flink,89426,True,
Knuspr,89426,True,
Picnic,89426,True,
REWE,89428,True,
Flink,89428,True,
Knuspr,89428,True,
Picnic,89428,True,
REWE,89429,False,
Flink,89429,False,
Knuspr,89429,False,
Picnic,89429,False,
REWE,89431,False,
Flink,89431,False,
Knuspr,89431,False,
Picnic,89431,False,
REWE,89432,True,
Flink,89432,True,
Knuspr,89432,True,
Picnic,89432,True,
REWE,89434,True,
Flink,89434,True,
Knuspr,89434,True,
Picnic,89434,True,
REWE,89435,False,
Flink,89435,False,
Knuspr,89435,False,
Picnic,89435,False,
REWE,89437,False,
Flink,89437,False,
Knuspr,89437,False,
Picnic,89437,False,
REWE,89438,True,
Flink,89438,True,
Knuspr,89438,True,
Picnic,89438,True,
REWE,89440,True,
Flink,89440,True,
Knuspr,89440,True,
Picnic,89440,True,
REWE,89441,False,
Flink,89441,False,
Knuspr,89441,False,
Picnic,89441,False,
REWE,89443,False,
Flink,89443,False,
Knuspr,89443,False,
Picnic,89443,False,
REWE,89444,True,
Flink,89444,True,
Knuspr,89444,True,
Picnic,89444,True,
REWE,89446,True,
Flink,89446,True,
Knuspr,89446,True,
Picnic,89446,True,
REWE,89447,False,
Flink,89447,False,
Knuspr,89447,False,
Picnic,89447,False,
REWE,89449,False,
Flink,89449,False,
Knuspr,89449,False,
Picnic,89449,False,
REWE,27568,True,
Flink,27568,True,
Knuspr,27568,True,
Picnic,27568,True,
REWE,27570,True,
Flink,27570,True,
Knuspr,27570,True,
Picnic,27570,True,
REWE,27572,True,
Flink,27572,True,
Knuspr,27572,True,
Picnic,27572,True,
REWE,27574,True,
Flink,27574,True,
Knuspr,27574,True,
Picnic,27574,True,
REWE,27576,True,
Flink,27576,True,
Knuspr,27576,True,
Picnic,27576,True,
REWE,27578,True,
Flink,27578,True,
Knuspr,27578,True,
Picnic,27578,True,
REWE,27580,True,
Flink,27580,True,
Knuspr,27580,True,
Picnic,27580,True,
REWE,28195,False,
Flink,28195,False,
Knuspr,28195,False,
Picnic,28195,False,
REWE,28197,False,
Flink,28197,False,
Knuspr,28197,False,
Picnic,28197,False,
REWE,28199,False,
Flink,28199,False,
Knuspr,28199,False,
Picnic,28199,False,
REWE,28201,False,
Flink,28201,False,
Knuspr,28201,False,
Picnic,28201,False,
REWE,28203,False,
Flink,28203,False,
Knuspr,28203,False,
Picnic,28203,False,
REWE,28205,False,
Flink,28205,False,
Knuspr,28205,False,
Picnic,28205,False,
REWE,28207,False,
Flink,28207,False,
Knuspr,28207,False,
Picnic,28207,False,
REWE,28209,False,
Flink,28209,False,
Knuspr,28209,False,
Picnic,28209,False,
REWE,28211,False,
Flink,28211,False,
Knuspr,28211,False,
Picnic,28211,False,
REWE,28213,False,
Flink,28213,False,
Knuspr,28213,False,
Picnic,28213,False,
REWE,28215,False,
Flink,28215,False,
Knuspr,28215,False,
Picnic,28215,False,
REWE,28217,False,
Flink,28217,False,
Knuspr,28217,False,
Picnic,28217,False,
REWE,28219,False,
Flink,28219,False,
Knuspr,28219,False,
Picnic,28219,False,
REWE,28237,False,
Flink,28237,False,
Knuspr,28237,False,
Picnic,28237,False,
REWE,28239,False,
Flink,28239,False,
Knuspr,28239,False,
Picnic,28239,False,
REWE,28259,False,
Flink,28259,False,
Knuspr,28259,False,
Picnic,28259,False,
REWE,28277,False,
Flink,28277,False,
Knuspr,28277,False,
Picnic,28277,False,
REWE,28279,False,
Flink,28279,False,
Knuspr,28279,False,
Picnic,28279,False,
REWE,28307,False,
Flink,28307,False,
Knuspr,28307,False,
Picnic,28307,False,
REWE,28309,False,
Flink,28309,False,
Knuspr,28309,False,
Picnic,28309,False,
REWE,28325,False,
Flink,28325,False,
Knuspr,28325,False,
Picnic,28325,False,
REWE,28327,False,
Flink,28327,False,
Knuspr,28327,False,
Picnic,28327,False,
REWE,28329,False,
Flink,28329,False,
Knuspr,28329,False,
Picnic,28329,False,
REWE,28335,False,
Flink,28335,False,
Knuspr,28335,False,
Picnic,28335,False,
REWE,28355,False,
Flink,28355,False,
Knuspr,28355,False,
Picnic,28355,False,
REWE,28357,False,
Flink,28357,False,
Knuspr,28357,False,
Picnic,28357,False,
REWE,28359,False,
Flink,28359,False,
Knuspr,28359,False,
Picnic,28359,False,
REWE,28717,False,
Flink,28717,False,
Knuspr,28717,False,
Picnic,28717,False,
REWE,28719,False,
Flink,28719,False,
Knuspr,28719,False,
Picnic,28719,False,
REWE,28755,False,
Flink,28755,False,
Knuspr,28755,False,
Picnic,28755,False,
REWE,28757,False,
Flink,28757,False,
Knuspr,28757,False,
Picnic,28757,False,
REWE,28759,False,
Flink,28759,False,
Knuspr,28759,False,
Picnic,28759,False,
REWE,28777,False,
Flink,28777,False,
Knuspr,28777,False,
Picnic,28777,False,
REWE,28779,False,
Flink,28779,False,
Knuspr,28779,False,
Picnic,28779,False,
REWE,35510,True,
Flink,35510,True,
Knuspr,35510,True,
Picnic,35510,True,
REWE,35516,True,
Flink,35516,True,
Knuspr,35516,True,
Picnic,35516,True,
REWE,35519,False,
Flink,35519,False,
Knuspr,35519,False,
Picnic,35519,False,
REWE,36381,False,
Flink,36381,False,
Knuspr,36381,False,
Picnic,36381,False,
REWE,36391,False,
Flink,36391,False,
Knuspr,36391,False,
Picnic,36391,False,
REWE,36396,True,
Flink,36396,True,
Knuspr,36396,True,
Picnic,36396,True,
REWE,55246,True,
Flink,55246,True,
Knuspr,55246,True,
Picnic,55246,True,
REWE,55252,True,
Flink,55252,True,
Knuspr,55252,True,
Picnic,55252,True,
REWE,60306,True,
Flink,60306,True,
Knuspr,60306,True,
Picnic,60306,True,
REWE,60308,True,
Flink,60308,True,
Knuspr,60308,True,
Picnic,60308,True,
REWE,60310,True,
Flink,60310,True,
Knuspr,60310,True,
Picnic,60310,True,
REWE,60311,False,
Flink,60311,False,
Knuspr,60311,False,
Picnic,60311,False,
REWE,60313,False,
Flink,60313,False,
Knuspr,60313,False,
Picnic,60313,False,
REWE,60314,True,
Flink,60314,True,
Knuspr,60314,True,
Picnic,60314,True,
REWE,60316,True,
Flink,60316,True,
Knuspr,60316,True,
Picnic,60316,True,
REWE,60318,True,
Flink,60318,True,
Knuspr,60318,True,
Picnic,60318,True,
REWE,60320,True,
Flink,60320,True,
Knuspr,60320,True,
Picnic,60320,True,
REWE,60322,True,
Flink,60322,True,
Knuspr,60322,True,
Picnic,60322,True,
REWE,60323,False,
Flink,60323,False,
Knuspr,60323,False,
Picnic,60323,False,
REWE,60325,False,
Flink,60325,False,
Knuspr,60325,False,
Picnic,60325,False,
REWE,60326,True,
Flink,60326,True,
Knuspr,60326,True,
Picnic,60326,True,
REWE,60327,False,
Flink,60327,False,
Knuspr,60327,False,
Picnic,60327,False,
REWE,60329,False,
Flink,60329,False,
Knuspr,60329,False,
Picnic,60329,False,
REWE,60385,False,
Flink,60385,False,
Knuspr,60385,False,
Picnic,60385,False,
REWE,60386,True,
Flink,60386,True,
Knuspr,60386,True,
Picnic,60386,True,
REWE,60388,True,
Flink,60388,True,
Knuspr,60388,True,
Picnic,60388,True,
REWE,60389,False,
Flink,60389,False,
Knuspr,60389,False,
Picnic,60389,False,
REWE,60431,False,
Flink,60431,False,
Knuspr,60431,False,
Picnic,60431,False,
REWE,60433,False,
Flink,60433,False,
Knuspr,60433,False,
Picnic,60433,False,
REWE,60435,False,
Flink,60435,False,
Knuspr,60435,False,
Picnic,60435,False,
REWE,60437,False,
Flink,60437,False,
Knuspr,60437,False,
Picnic,60437,False,
REWE,60438,True,
Flink,60438,True,
Knuspr,60438,True,
Picnic,60438,True,
REWE,60439,False,
Flink,60439,False,
Knuspr,60439,False,
Picnic,60439,False,
REWE,60486,True,
Flink,60486,True,
Knuspr,60486,True,
Picnic,60486,True,
REWE,60487,False,
Flink,60487,False,
Knuspr,60487,False,
Picnic,60487,False,
REWE,60488,True,
Flink,60488,True,
Knuspr,60488,True,
Picnic,60488,True,
REWE,60489,False,
Flink,60489,False,
Knuspr,60489,False,
Picnic,60489,False,
REWE,60528,True,
Flink,60528,True,
Knuspr,60528,True,
Picnic,60528,True,
REWE,60529,False,
Flink,60529,False,
Knuspr,60529,False,
Picnic,60529,False,
REWE,60549,False,
Flink,60549,False,
Knuspr,60549,False,
Picnic,60549,False,
REWE,60594,True,
Flink,60594,True,
Knuspr,60594,True,
Picnic,60594,True,
REWE,60596,True,
Flink,60596,True,
Knuspr,60596,True,
Picnic,60596,True,
REWE,60598,True,
Flink,60598,True,
Knuspr,60598,True,
Picnic,60598,True,
REWE,60599,False,
Flink,60599,False,
Knuspr,60599,False,
Picnic,60599,False,
REWE,61118,True,
Flink,61118,True,
Knuspr,61118,True,
Picnic,61118,True,
REWE,61130,True,
Flink,61130,True,
Knuspr,61130,True,
Picnic,61130,True,
REWE,61137,False,
Flink,61137,False,
Knuspr,61137,False,
Picnic,61137,False,
REWE,61138,True,
Flink,61138,True,
Knuspr,61138,True,
Picnic,61138,True,
REWE,61169,False,
Flink,61169,False,
Knuspr,61169,False,
Picnic,61169,False,
REWE,61184,True,
Flink,61184,True,
Knuspr,61184,True,
Picnic,61184,True,
REWE,61191,False,
Flink,61191,False,
Knuspr,61191,False,
Picnic,61191,False,
REWE,61194,True,
Flink,61194,True,
Knuspr,61194,True,
Picnic,61194,True,
REWE,61197,False,
Flink,61197,False,
Knuspr,61197,False,
Picnic,61197,False,
REWE,61200,True,
Flink,61200,True,
Knuspr,61200,True,
Picnic,61200,True,
REWE,61203,False,
Flink,61203,False,
Knuspr,61203,False,
Picnic,61203,False,
REWE,61206,True,
Flink,61206,True,
Knuspr,61206,True,
Picnic,61206,True,
REWE,61209,False,
Flink,61209,False,
Knuspr,61209,False,
Picnic,61209,False,
REWE,61231,False,
Flink,61231,False,
Knuspr,61231,False,
Picnic,61231,False,
REWE,61239,False,
Flink,61239,False,
Knuspr,61239,False,
Picnic,61239,False,
REWE,61250,True,
Flink,61250,True,
Knuspr,61250,True,
Picnic,61250,True,
REWE,61267,False,
Flink,61267,False,
Knuspr,61267,False,
Picnic,61267,False,
REWE,61273,False,
Flink,61273,False,
Knuspr,61273,False,
Picnic,61273,False,
REWE,61276,True,
Flink,61276,True,
Knuspr,61276,True,
Picnic,61276,True,
REWE,61279,False,
Flink,61279,False,
Knuspr,61279,False,
Picnic,61279,False,
REWE,61348,True,
Flink,61348,True,
Knuspr,61348,True,
Picnic,61348,True,
REWE,61350,True,
Flink,61350,True,
Knuspr,61350,True,
Picnic,61350,True,
REWE,61352,True,
Flink,61352,True,
Knuspr,61352,True,
Picnic,61352,True,
REWE,61381,False,
Flink,61381,False,
Knuspr,61381,False,
Picnic,61381,False,
REWE,61389,False,
Flink,61389,False,
Knuspr,61389,False,
Picnic,61389,False,
REWE,61440,True,
Flink,61440,True,
Knuspr,61440,True,
Picnic,61440,True,
REWE,61449,False,
Flink,61449,False,
Knuspr,61449,False,
Picnic,61449,False,
REWE,61462,True,
Flink,61462,True,
Knuspr,61462,True,
Picnic,61462,True,
REWE,61476,True,
Flink,61476,True,
Knuspr,61476,True,
Picnic,61476,True,
REWE,61479,False,
Flink,61479,False,
Knuspr,61479,False,
Picnic,61479,False,
REWE,63065,False,
Flink,63065,False,
Knuspr,63065,False,
Picnic,63065,False,
REWE,63067,False,
Flink,63067,False,
Knuspr,63067,False,
Picnic,63067,False,
REWE,63069,False,
Flink,63069,False,
Knuspr,63069,False,
Picnic,63069,False,
REWE,63071,False,
Flink,63071,False,
Knuspr,63071,False,
Picnic,63071,False,
REWE,63073,False,
Flink,63073,False,
Knuspr,63073,False,
Picnic,63073,False,
REWE,63075,False,
Flink,63075,False,
Knuspr,63075,False,
Picnic,63075,False,
REWE,63110,True,
Flink,63110,True,
Knuspr,63110,True,
Picnic,63110,True,
REWE,63128,True,
Flink,63128,True,
Knuspr,63128,True,
Picnic,63128,True,
REWE,63150,True,
Flink,63150,True,
Knuspr,63150,True,
Picnic,63150,True,
REWE,63165,False,
Flink,63165,False,
Knuspr,63165,False,
Picnic,63165,False,
REWE,63179,False,
Flink,63179,False,
Knuspr,63179,False,
Picnic,63179,False,
REWE,63225,False,
Flink,63225,False,
Knuspr,63225,False,
Picnic,63225,False,
REWE,63263,False,
Flink,63263,False,
Knuspr,63263,False,
Picnic,63263,False,
REWE,63303,False,
Flink,63303,False,
Knuspr,63303,False,
Picnic,63303,False,
REWE,63322,True,
Flink,63322,True,
Knuspr,63322,True,
Picnic,63322,True,
REWE,63329,False,
Flink,63329,False,
Knuspr,63329,False,
Picnic,63329,False,
REWE,63405,False,
Flink,63405,False,
Knuspr,63405,False,
Picnic,63405,False,
REWE,63450,True,
Flink,63450,True,
Knuspr,63450,True,
Picnic,63450,True,
REWE,63452,True,
Flink,63452,True,
Knuspr,63452,True,
Picnic,63452,True,
REWE,63454,True,
Flink,63454,True,
Knuspr,63454,True,
Picnic,63454,True,
REWE,63456,True,
Flink,63456,True,
Knuspr,63456,True,
Picnic,63456,True,
REWE,63457,False,
Flink,63457,False,
Knuspr,63457,False,
Picnic,63457,False,
REWE,63477,False,
Flink,63477,False,
Knuspr,63477,False,
Picnic,63477,False,
REWE,63486,True,
Flink,63486,True,
Knuspr,63486,True,
Picnic,63486,True,
REWE,63500,True,
Flink,63500,True,
Knuspr,63500,True,
Picnic,63500,True,
REWE,63505,False,
Flink,63505,False,
Knuspr,63505,False,
Picnic,63505,False,
REWE,63512,True,
Flink,63512,True,
Knuspr,63512,True,
Picnic,63512,True,
REWE,63517,False,
Flink,63517,False,
Knuspr,63517,False,
Picnic,63517,False,
REWE,63526,True,
Flink,63526,True,
Knuspr,63526,True,
Picnic,63526,True,
REWE,63533,False,
Flink,63533,False,
Knuspr,63533,False,
Picnic,63533,False,
REWE,63538,True,
Flink,63538,True,
Knuspr,63538,True,
Picnic,63538,True,
REWE,63543,False,
Flink,63543,False,
Knuspr,63543,False,
Picnic,63543,False,
REWE,63546,True,
Flink,63546,True,
Knuspr,63546,True,
Picnic,63546,True,
REWE,63549,False,
Flink,63549,False,
Knuspr,63549,False,
Picnic,63549,False,
REWE,63571,False,
Flink,63571,False,
Knuspr,63571,False,
Picnic,63571,False,
REWE,63579,False,
Flink,63579,False,
Knuspr,63579,False,
Picnic,63579,False,
REWE,63584,True,
Flink,63584,True,
Knuspr,63584,True,
Picnic,63584,True,
REWE,63589,False,
Flink,63589,False,
Knuspr,63589,False,
Picnic,63589,False,
REWE,63594,True,
Flink,63594,True,
Knuspr,63594,True,
Picnic,63594,True,
REWE,63599,False,
Flink,63599,False,
Knuspr,63599,False,
Picnic,63599,False,
REWE,63607,False,
Flink,63607,False,
Knuspr,63607,False,
Picnic,63607,False,
REWE,63619,False,
Flink,63619,False,
Knuspr,63619,False,
Picnic,63619,False,
REWE,63628,True,
Flink,63628,True,
Knuspr,63628,True,
Picnic,63628,True,
REWE,63633,False,
Flink,63633,False,
Knuspr,63633,False,
Picnic,63633,False,
REWE,63636,True,
Flink,63636,True,
Knuspr,63636,True,
Picnic,63636,True,
REWE,63637,False,
Flink,63637,False,
Knuspr,63637,False,
Picnic,63637,False,
REWE,63639,False,
Flink,63639,False,
Knuspr,63639,False,
Picnic,63639,False,
REWE,63654,True,
Flink,63654,True,
Knuspr,63654,True,
Picnic,63654,True,
REWE,63667,False,
Flink,63667,False,
Knuspr,63667,False,
Picnic,63667,False,
REWE,63674,True,
Flink,63674,True,
Knuspr,63674,True,
Picnic,63674,True,
REWE,63683,False,
Flink,63683,False,
Knuspr,63683,False,
Picnic,63683,False,
REWE,63688,True,
Flink,63688,True,
Knuspr,63688,True,
Picnic,63688,True,
REWE,63691,False,
Flink,63691,False,
Knuspr,63691,False,
Picnic,63691,False,
REWE,63694,True,
Flink,63694,True,
Knuspr,63694,True,
Picnic,63694,True,
REWE,63695,False,
Flink,63695,False,
Knuspr,63695,False,
Picnic,63695,False,
REWE,63697,False,
Flink,63697,False,
Knuspr,63697,False,
Picnic,63697,False,
REWE,63699,False,
Flink,63699,False,
Knuspr,63699,False,
Picnic,63699,False,
REWE,64283,False,
Flink,64283,False,
Knuspr,64283,False,
Picnic,64283,False,
REWE,64285,False,
Flink,64285,False,
Knuspr,64285,False,
Picnic,64285,False,
REWE,64287,False,
Flink,64287,False,
Knuspr,64287,False,
Picnic,64287,False,
REWE,64289,False,
Flink,64289,False,
Knuspr,64289,False,
Picnic,64289,False,
REWE,64291,False,
Flink,64291,False,
Knuspr,64291,False,
Picnic,64291,False,
REWE,64293,False,
Flink,64293,False,
Knuspr,64293,False,
Picnic,64293,False,
REWE,64295,False,
Flink,64295,False,
Knuspr,64295,False,
Picnic,64295,False,
REWE,64297,False,
Flink,64297,False,
Knuspr,64297,False,
Picnic,64297,False,
REWE,64319,False,
Flink,64319,False,
Knuspr,64319,False,
Picnic,64319,False,
REWE,64331,False,
Flink,64331,False,
Knuspr,64331,False,
Picnic,64331,False,
REWE,64342,True,
Flink,64342,True,
Knuspr,64342,True,
Picnic,64342,True,
REWE,64347,False,
Flink,64347,False,
Knuspr,64347,False,
Picnic,64347,False,
REWE,64354,True,
Flink,64354,True,
Knuspr,64354,True,
Picnic,64354,True,
REWE,64367,False,
Flink,64367,False,
Knuspr,64367,False,
Picnic,64367,False,
REWE,64372,True,
Flink,64372,True,
Knuspr,64372,True,
Picnic,64372,True,
REWE,64380,True,
Flink,64380,True,
Knuspr,64380,True,
Picnic,64380,True,
REWE,64385,False,
Flink,64385,False,
Knuspr,64385,False,
Picnic,64385,False,
REWE,64390,True,
Flink,64390,True,
Knuspr,64390,True,
Picnic,64390,True,
REWE,64395,False,
Flink,64395,False,
Knuspr,64395,False,
Picnic,64395,False,
REWE,64397,False,
Flink,64397,False,
Knuspr,64397,False,
Picnic,64397,False,
REWE,64401,False,
Flink,64401,False,
Knuspr,64401,False,
Picnic,64401,False,
REWE,64404,True,
Flink,64404,True,
Knuspr,64404,True,
Picnic,64404,True,
REWE,64405,False,
Flink,64405,False,
Knuspr,64405,False,
Picnic,64405,False,
REWE,64407,False,
Flink,64407,False,
Knuspr,64407,False,
Picnic,64407,False,
REWE,64409,False,
Flink,64409,False,
Knuspr,64409,False,
Picnic,64409,False,
REWE,64521,False,
Flink,64521,False,
Knuspr,64521,False,
Picnic,64521,False,
REWE,64546,True,
Flink,64546,True,
Knuspr,64546,True,
Picnic,64546,True,
REWE,64560,True,
Flink,64560,True,
Knuspr,64560,True,
Picnic,64560,True,
REWE,64569,False,
Flink,64569,False,
Knuspr,64569,False,
Picnic,64569,False,
REWE,64572,True,
Flink,64572,True,
Knuspr,64572,True,
Picnic,64572,True,
REWE,64579,False,
Flink,64579,False,
Knuspr,64579,False,
Picnic,64579,False,
REWE,64584,True,
Flink,64584,True,
Knuspr,64584,True,
Picnic,64584,True,
REWE,64589,False,
Flink,64589,False,
Knuspr,64589,False,
Picnic,64589,False,
REWE,64625,False,
Flink,64625,False,
Knuspr,64625,False,
Picnic,64625,False,
REWE,64646,True,
Flink,64646,True,
Knuspr,64646,True,
Picnic,64646,True,
REWE,64653,False,
Flink,64653,False,
Knuspr,64653,False,
Picnic,64653,False,
REWE,64658,True,
Flink,64658,True,
Knuspr,64658,True,
Picnic,64658,True,
REWE,64665,False,
Flink,64665,False,
Knuspr,64665,False,
Picnic,64665,False,
REWE,64668,True,
Flink,64668,True,
Knuspr,64668,True,
Picnic,64668,True,
REWE,64673,False,
Flink,64673,False,
Knuspr,64673,False,
Picnic,64673,False,
REWE,64678,True,
Flink,64678,True,
Knuspr,64678,True,
Picnic,64678,True,
REWE,64683,False,
Flink,64683,False,
Knuspr,64683,False,
Picnic,64683,False,
REWE,64686,True,
Flink,64686,True,
Knuspr,64686,True,
Picnic,64686,True,
REWE,64689,False,
Flink,64689,False,
Knuspr,64689,False,
Picnic,64689,False,
REWE,64711,False,
Flink,64711,False,
Knuspr,64711,False,
Picnic,64711,False,
REWE,64720,True,
Flink,64720,True,
Knuspr,64720,True,
Picnic,64720,True,
REWE,64732,True,
Flink,64732,True,
Knuspr,64732,True,
Picnic,64732,True,
REWE,64739,False,
Flink,64739,False,
Knuspr,64739,False,
Picnic,64739,False,
REWE,64743,False,
Flink,64743,False,
Knuspr,64743,False,
Picnic,64743,False,
REWE,64747,False,
Flink,64747,False,
Knuspr,64747,False,
Picnic,64747,False,
REWE,64750,True,
Flink,64750,True,
Knuspr,64750,True,
Picnic,64750,True,
REWE,64753,False,
Flink,64753,False,
Knuspr,64753,False,
Picnic,64753,False,
REWE,64754,True,
Flink,64754,True,
Knuspr,64754,True,
Picnic,64754,True,
REWE,64756,True,
Flink,64756,True,
Knuspr,64756,True,
Picnic,64756,True,
REWE,64757,False,
Flink,64757,False,
Knuspr,64757,False,
Picnic,64757,False,
REWE,64807,False,
Flink,64807,False,
Knuspr,64807,False,
Picnic,64807,False,
REWE,64823,False,
Flink,64823,False,
Knuspr,64823,False,
Picnic,64823,False,
REWE,64832,True,
Flink,64832,True,
Knuspr,64832,True,
Picnic,64832,True,
REWE,64839,False,
Flink,64839,False,
Knuspr,64839,False,
Picnic,64839,False,
REWE,64846,True,
Flink,64846,True,
Knuspr,64846,True,
Picnic,64846,True,
REWE,64850,True,
Flink,64850,True,
Knuspr,64850,True,
Picnic,64850,True,
REWE,64853,False,
Flink,64853,False,
Knuspr,64853,False,
Picnic,64853,False,
REWE,64859,False,
Flink,64859,False,
Knuspr,64859,False,
Picnic,64859,False,
REWE,65183,False,
Flink,65183,False,
Knuspr,65183,False,
Picnic,65183,False,
REWE,65185,False,
Flink,65185,False,
Knuspr,65185,False,
Picnic,65185,False,
REWE,65187,False,
Flink,65187,False,
Knuspr,65187,False,
Picnic,65187,False,
REWE,65189,False,
Flink,65189,False,
Knuspr,65189,False,
Picnic,65189,False,
REWE,65191,False,
Flink,65191,False,
Knuspr,65191,False,
Picnic,65191,False,
REWE,65193,False,
Flink,65193,False,
Knuspr,65193,False,
Picnic,65193,False,
REWE,65195,False,
Flink,65195,False,
Knuspr,65195,False,
Picnic,65195,False,
REWE,65197,False,
Flink,65197,False,
Knuspr,65197,False,
Picnic,65197,False,
REWE,65199,False,
Flink,65199,False,
Knuspr,65199,False,
Picnic,65199,False,
REWE,65201,False,
Flink,65201,False,
Knuspr,65201,False,
Picnic,65201,False,
REWE,65203,False,
Flink,65203,False,
Knuspr,65203,False,
Picnic,65203,False,
REWE,65205,False,
Flink,65205,False,
Knuspr,65205,False,
Picnic,65205,False,
REWE,65207,False,
Flink,65207,False,
Knuspr,65207,False,
Picnic,65207,False,
REWE,65219,False,
Flink,65219,False,
Knuspr,65219,False,
Picnic,65219,False,
REWE,65220,True,
Flink,65220,True,
Knuspr,65220,True,
Picnic,65220,True,
REWE,65221,False,
Flink,65221,False,
Knuspr,65221,False,
Picnic,65221,False,
REWE,65222,True,
Flink,65222,True,
Knuspr,65222,True,
Picnic,65222,True,
REWE,65223,False,
Flink,65223,False,
Knuspr,65223,False,
Picnic,65223,False,
REWE,65224,True,
Flink,65224,True,
Knuspr,65224,True,
Picnic,65224,True,
REWE,65232,True,
Flink,65232,True,
Knuspr,65232,True,
Picnic,65232,True,
REWE,65239,False,
Flink,65239,False,
Knuspr,65239,False,
Picnic,65239,False,
REWE,65307,False,
Flink,65307,False,
Knuspr,65307,False,
Picnic,65307,False,
REWE,65321,False,
Flink,65321,False,
Knuspr,65321,False,
Picnic,65321,False,
REWE,65326,True,
Flink,65326,True,
Knuspr,65326,True,
Picnic,65326,True,
REWE,65329,False,
Flink,65329,False,
Knuspr,65329,False,
Picnic,65329,False,
REWE,65343,False,
Flink,65343,False,
Knuspr,65343,False,
Picnic,65343,False,
REWE,65344,True,
Flink,65344,True,
Knuspr,65344,True,
Picnic,65344,True,
REWE,65345,False,
Flink,65345,False,
Knuspr,65345,False,
Picnic,65345,False,
REWE,65346,True,
Flink,65346,True,
Knuspr,65346,True,
Picnic,65346,True,
REWE,65347,False,
Flink,65347,False,
Knuspr,65347,False,
Picnic,65347,False,
REWE,65366,True,
Flink,65366,True,
Knuspr,65366,True,
Picnic,65366,True,
REWE,65375,False,
Flink,65375,False,
Knuspr,65375,False,
Picnic,65375,False,
REWE,65385,False,
Flink,65385,False,
Knuspr,65385,False,
Picnic,65385,False,
REWE,65388,True,
Flink,65388,True,
Knuspr,65388,True,
Picnic,65388,True,
REWE,65391,False,
Flink,65391,False,
Knuspr,65391,False,
Picnic,65391,False,
REWE,65396,True,
Flink,65396,True,
Knuspr,65396,True,
Picnic,65396,True,
REWE,65399,False,
Flink,65399,False,
Knuspr,65399,False,
Picnic,65399,False,
REWE,65428,True,
Flink,65428,True,
Knuspr,65428,True,
Picnic,65428,True,
REWE,65439,False,
Flink,65439,False,
Knuspr,65439,False,
Picnic,65439,False,
REWE,65451,False,
Flink,65451,False,
Knuspr,65451,False,
Picnic,65451,False,
REWE,65462,True,
Flink,65462,True,
Knuspr,65462,True,
Picnic,65462,True,
REWE,65468,True,
Flink,65468,True,
Knuspr,65468,True,
Picnic,65468,True,
REWE,65474,True,
Flink,65474,True,
Knuspr,65474,True,
Picnic,65474,True,
REWE,65479,False,
Flink,65479,False,
Knuspr,65479,False,
Picnic,65479,False,
REWE,65510,True,
Flink,65510,True,
Knuspr,65510,True,
Picnic,65510,True,
REWE,65527,False,
Flink,65527,False,
Knuspr,65527,False,
Picnic,65527,False,
REWE,65529,False,
Flink,65529,False,
Knuspr,65529,False,
Picnic,65529,False,
REWE,65719,False,
Flink,65719,False,
Knuspr,65719,False,
Picnic,65719,False,
REWE,65760,True,
Flink,65760,True,
Knuspr,65760,True,
Picnic,65760,True,
REWE,65779,False,
Flink,65779,False,
Knuspr,65779,False,
Picnic,65779,False,
REWE,65795,False,
Flink,65795,False,
Knuspr,65795,False,
Picnic,65795,False,
REWE,65812,True,
Flink,65812,True,
Knuspr,65812,True,
Picnic,65812,True,
REWE,65817,False,
Flink,65817,False,
Knuspr,65817,False,
Picnic,65817,False,
REWE,65824,True,
Flink,65824,True,
Knuspr,65824,True,
Picnic,65824,True,
REWE,65830,True,
Flink,65830,True,
Knuspr,65830,True,
Picnic,65830,True,
REWE,65835,False,
Flink,65835,False,
Knuspr,65835,False,
Picnic,65835,False,
REWE,65843,False,
Flink,65843,False,
Knuspr,65843,False,
Picnic,65843,False,
REWE,65929,False,
Flink,65929,False,
Knuspr,65929,False,
Picnic,65929,False,
REWE,65931,False,
Flink,65931,False,
Knuspr,65931,False,
Picnic,65931,False,
REWE,65933,False,
Flink,65933,False,
Knuspr,65933,False,
Picnic,65933,False,
REWE,65934,True,
Flink,65934,True,
Knuspr,65934,True,
Picnic,65934,True,
REWE,65936,True,
Flink,65936,True,
Knuspr,65936,True,
Picnic,65936,True,
REWE,68519,False,
Flink,68519,False,
Knuspr,68519,False,
Picnic,68519,False,
REWE,68623,False,
Flink,68623,False,
Knuspr,68623,False,
Picnic,68623,False,
REWE,68642,True,
Flink,68642,True,
Knuspr,68642,True,
Picnic,68642,True,
REWE,68647,False,
Flink,68647,False,
Knuspr,68647,False,
Picnic,68647,False,
REWE,68649,False,
Flink,68649,False,
Knuspr,68649,False,
Picnic,68649,False,
REWE,69239,False,
Flink,69239,False,
Knuspr,69239,False,
Picnic,69239,False,
REWE,69483,False,
Flink,69483,False,
Knuspr,69483,False,
Picnic,69483,False,
REWE,69488,True,
Flink,69488,True,
Knuspr,69488,True,
Picnic,69488,True,
REWE,69509,False,
Flink,69509,False,
Knuspr,69509,False,
Picnic,69509,False,
REWE,69517,False,
Flink,69517,False,
Knuspr,69517,False,
Picnic,69517,False,
REWE,69518,True,
Flink,69518,True,
Knuspr,69518,True,
Picnic,69518,True,
REWE,35037,False,
Flink,35037,False,
Knuspr,35037,False,
Picnic,35037,False,
REWE,35039,False,
Flink,35039,False,
Knuspr,35039,False,
Picnic,35039,False,
REWE,35041,False,
Flink,35041,False,
Knuspr,35041,False,
Picnic,35041,False,
REWE,35043,False,
Flink,35043,False,
Knuspr,35043,False,
Picnic,35043,False,
REWE,35075,False,
Flink,35075,False,
Knuspr,35075,False,
Picnic,35075,False,
REWE,35080,True,
Flink,35080,True,
Knuspr,35080,True,
Picnic,35080,True,
REWE,35083,False,
Flink,35083,False,
Knuspr,35083,False,
Picnic,35083,False,
REWE,35085,False,
Flink,35085,False,
Knuspr,35085,False,
Picnic,35085,False,
REWE,35091,False,
Flink,35091,False,
Knuspr,35091,False,
Picnic,35091,False,
REWE,35094,True,
Flink,35094,True,
Knuspr,35094,True,
Picnic,35094,True,
REWE,35096,True,
Flink,35096,True,
Knuspr,35096,True,
Picnic,35096,True,
REWE,35102,True,
Flink,35102,True,
Knuspr,35102,True,
Picnic,35102,True,
REWE,35112,True,
Flink,35112,True,
Knuspr,35112,True,
Picnic,35112,True,
REWE,35117,False,
Flink,35117,False,
Knuspr,35117,False,
Picnic,35117,False,
REWE,35216,True,
Flink,35216,True,
Knuspr,35216,True,
Picnic,35216,True,
REWE,35232,True,
Flink,35232,True,
Knuspr,35232,True,
Picnic,35232,True,
REWE,35236,True,
Flink,35236,True,
Knuspr,35236,True,
Picnic,35236,True,
REWE,35239,False,
Flink,35239,False,
Knuspr,35239,False,
Picnic,35239,False,
REWE,35260,True,
Flink,35260,True,
Knuspr,35260,True,
Picnic,35260,True,
REWE,35274,True,
Flink,35274,True,
Knuspr,35274,True,
Picnic,35274,True,
REWE,35279,False,
Flink,35279,False,
Knuspr,35279,False,
Picnic,35279,False,
REWE,35282,True,
Flink,35282,True,
Knuspr,35282,True,
Picnic,35282,True,
REWE,35287,False,
Flink,35287,False,
Knuspr,35287,False,
Picnic,35287,False,
REWE,35288,True,
Flink,35288,True,
Knuspr,35288,True,
Picnic,35288,True,
REWE,35305,False,
Flink,35305,False,
Knuspr,35305,False,
Picnic,35305,False,
REWE,35315,False,
Flink,35315,False,
Knuspr,35315,False,
Picnic,35315,False,
REWE,35321,False,
Flink,35321,False,
Knuspr,35321,False,
Picnic,35321,False,
REWE,35325,False,
Flink,35325,False,
Knuspr,35325,False,
Picnic,35325,False,
REWE,35327,False,
Flink,35327,False,
Knuspr,35327,False,
Picnic,35327,False,
REWE,35329,False,
Flink,35329,False,
Knuspr,35329,False,
Picnic,35329,False,
REWE,35390,True,
Flink,35390,True,
Knuspr,35390,True,
Picnic,35390,True,
REWE,35392,True,
Flink,35392,True,
Knuspr,35392,True,
Picnic,35392,True,
REWE,35394,True,
Flink,35394,True,
Knuspr,35394,True,
Picnic,35394,True,
REWE,35396,True,
Flink,35396,True,
Knuspr,35396,True,
Picnic,35396,True,
REWE,35398,True,
Flink,35398,True,
Knuspr,35398,True,
Picnic,35398,True,
REWE,35410,True,
Flink,35410,True,
Knuspr,35410,True,
Picnic,35410,True,
REWE,35415,False,
Flink,35415,False,
Knuspr,35415,False,
Picnic,35415,False,
REWE,35418,True,
Flink,35418,True,
Knuspr,35418,True,
Picnic,35418,True,
REWE,35423,False,
Flink,35423,False,
Knuspr,35423,False,
Picnic,35423,False,
REWE,35428,True,
Flink,35428,True,
Knuspr,35428,True,
Picnic,35428,True,
REWE,35435,False,
Flink,35435,False,
Knuspr,35435,False,
Picnic,35435,False,
REWE,35440,True,
Flink,35440,True,
Knuspr,35440,True,
Picnic,35440,True,
REWE,35444,True,
Flink,35444,True,
Knuspr,35444,True,
Picnic,35444,True,
REWE,35447,False,
Flink,35447,False,
Knuspr,35447,False,
Picnic,35447,False,
REWE,35452,True,
Flink,35452,True,
Knuspr,35452,True,
Picnic,35452,True,
REWE,35457,False,
Flink,35457,False,
Knuspr,35457,False,
Picnic,35457,False,
REWE,35460,True,
Flink,35460,True,
Knuspr,35460,True,
Picnic,35460,True,
REWE,35463,False,
Flink,35463,False,
Knuspr,35463,False,
Picnic,35463,False,
REWE,35466,True,
Flink,35466,True,
Knuspr,35466,True,
Picnic,35466,True,
REWE,35469,False,
Flink,35469,False,
Knuspr,35469,False,
Picnic,35469,False,
REWE,35576,True,
Flink,35576,True,
Knuspr,35576,True,
Picnic,35576,True,
REWE,35578,True,
Flink,35578,True,
Knuspr,35578,True,
Picnic,35578,True,
REWE,35579,False,
Flink,35579,False,
Knuspr,35579,False,
Picnic,35579,False,
REWE,35580,True,
Flink,35580,True,
Knuspr,35580,True,
Picnic,35580,True,
REWE,35581,False,
Flink,35581,False,
Knuspr,35581,False,
Picnic,35581,False,
REWE,35582,True,
Flink,35582,True,
Knuspr,35582,True,
Picnic,35582,True,
REWE,35583,False,
Flink,35583,False,
Knuspr,35583,False,
Picnic,35583,False,
REWE,35584,True,
Flink,35584,True,
Knuspr,35584,True,
Picnic,35584,True,
REWE,35585,False,
Flink,35585,False,
Knuspr,35585,False,
Picnic,35585,False,
REWE,35586,True,
Flink,35586,True,
Knuspr,35586,True,
Picnic,35586,True,
REWE,35606,True,
Flink,35606,True,
Knuspr,35606,True,
Picnic,35606,True,
REWE,35614,True,
Flink,35614,True,
Knuspr,35614,True,
Picnic,35614,True,
REWE,35619,False,
Flink,35619,False,
Knuspr,35619,False,
Picnic,35619,False,
REWE,35625,False,
Flink,35625,False,
Knuspr,35625,False,
Picnic,35625,False,
REWE,35630,True,
Flink,35630,True,
Knuspr,35630,True,
Picnic,35630,True,
REWE,35633,False,
Flink,35633,False,
Knuspr,35633,False,
Picnic,35633,False,
REWE,35638,True,
Flink,35638,True,
Knuspr,35638,True,
Picnic,35638,True,
REWE,35641,False,
Flink,35641,False,
Knuspr,35641,False,
Picnic,35641,False,
REWE,35644,True,
Flink,35644,True,
Knuspr,35644,True,
Picnic,35644,True,
REWE,35647,False,
Flink,35647,False,
Knuspr,35647,False,
Picnic,35647,False,
REWE,35649,False,
Flink,35649,False,
Knuspr,35649,False,
Picnic,35649,False,
REWE,35683,False,
Flink,35683,False,
Knuspr,35683,False,
Picnic,35683,False,
REWE,35684,True,
Flink,35684,True,
Knuspr,35684,True,
Picnic,35684,True,
REWE,35685,False,
Flink,35685,False,
Knuspr,35685,False,
Picnic,35685,False,
REWE,35686,True,
Flink,35686,True,
Knuspr,35686,True,
Picnic,35686,True,
REWE,35687,False,
Flink,35687,False,
Knuspr,35687,False,
Picnic,35687,False,
REWE,35688,True,
Flink,35688,True,
Knuspr,35688,True,
Picnic,35688,True,
REWE,35689,False,
Flink,35689,False,
Knuspr,35689,False,
Picnic,35689,False,
REWE,35690,True,
Flink,35690,True,
Knuspr,35690,True,
Picnic,35690,True,
REWE,35708,True,
Flink,35708,True,
Knuspr,35708,True,
Picnic,35708,True,
REWE,35713,False,
Flink,35713,False,
Knuspr,35713,False,
Picnic,35713,False,
REWE,35716,True,
Flink,35716,True,
Knuspr,35716,True,
Picnic,35716,True,
REWE,35719,False,
Flink,35719,False,
Knuspr,35719,False,
Picnic,35719,False,
REWE,35745,False,
Flink,35745,False,
Knuspr,35745,False,
Picnic,35745,False,
REWE,35753,False,
Flink,35753,False,
Knuspr,35753,False,
Picnic,35753,False,
REWE,35756,True,
Flink,35756,True,
Knuspr,35756,True,
Picnic,35756,True,
REWE,35759,False,
Flink,35759,False,
Knuspr,35759,False,
Picnic,35759,False,
REWE,35764,True,
Flink,35764,True,
Knuspr,35764,True,
Picnic,35764,True,
REWE,35767,False,
Flink,35767,False,
Knuspr,35767,False,
Picnic,35767,False,
REWE,35768,True,
Flink,35768,True,
Knuspr,35768,True,
Picnic,35768,True,
REWE,35781,False,
Flink,35781,False,
Knuspr,35781,False,
Picnic,35781,False,
REWE,35789,False,
Flink,35789,False,
Knuspr,35789,False,
Picnic,35789,False,
REWE,35792,True,
Flink,35792,True,
Knuspr,35792,True,
Picnic,35792,True,
REWE,35794,True,
Flink,35794,True,
Knuspr,35794,True,
Picnic,35794,True,
REWE,35796,True,
Flink,35796,True,
Knuspr,35796,True,
Picnic,35796,True,
REWE,35799,False,
Flink,35799,False,
Knuspr,35799,False,
Picnic,35799,False,
REWE,36110,True,
Flink,36110,True,
Knuspr,36110,True,
Picnic,36110,True,
REWE,36304,True,
Flink,36304,True,
Knuspr,36304,True,
Picnic,36304,True,
REWE,36318,True,
Flink,36318,True,
Knuspr,36318,True,
Picnic,36318,True,
REWE,36320,True,
Flink,36320,True,
Knuspr,36320,True,
Picnic,36320,True,
REWE,36323,False,
Flink,36323,False,
Knuspr,36323,False,
Picnic,36323,False,
REWE,36325,False,
Flink,36325,False,
Knuspr,36325,False,
Picnic,36325,False,
REWE,36326,True,
Flink,36326,True,
Knuspr,36326,True,
Picnic,36326,True,
REWE,36329,False,
Flink,36329,False,
Knuspr,36329,False,
Picnic,36329,False,
REWE,36341,False,
Flink,36341,False,
Knuspr,36341,False,
Picnic,36341,False,
REWE,36355,False,
Flink,36355,False,
Knuspr,36355,False,
Picnic,36355,False,
REWE,36358,True,
Flink,36358,True,
Knuspr,36358,True,
Picnic,36358,True,
REWE,36367,False,
Flink,36367,False,
Knuspr,36367,False,
Picnic,36367,False,
REWE,36369,False,
Flink,36369,False,
Knuspr,36369,False,
Picnic,36369,False,
REWE,36399,False,
Flink,36399,False,
Knuspr,36399,False,
Picnic,36399,False,
REWE,63679,False,
Flink,63679,False,
Knuspr,63679,False,
Picnic,63679,False,
REWE,65520,True,
Flink,65520,True,
Knuspr,65520,True,
Picnic,65520,True,
REWE,65549,False,
Flink,65549,False,
Knuspr,65549,False,
Picnic,65549,False,
REWE,65550,True,
Flink,65550,True,
Knuspr,65550,True,
Picnic,65550,True,
REWE,65551,False,
Flink,65551,False,
Knuspr,65551,False,
Picnic,65551,False,
REWE,65552,True,
Flink,65552,True,
Knuspr,65552,True,
Picnic,65552,True,
REWE,65553,False,
Flink,65553,False,
Knuspr,65553,False,
Picnic,65553,False,
REWE,65554,True,
Flink,65554,True,
Knuspr,65554,True,
Picnic,65554,True,
REWE,65555,False,
Flink,65555,False,
Knuspr,65555,False,
Picnic,65555,False,
REWE,65556,True,
Flink,65556,True,
Knuspr,65556,True,
Picnic,65556,True,
REWE,65589,False,
Flink,65589,False,
Knuspr,65589,False,
Picnic,65589,False,
REWE,65594,True,
Flink,65594,True,
Knuspr,65594,True,
Picnic,65594,True,
REWE,65597,False,
Flink,65597,False,
Knuspr,65597,False,
Picnic,65597,False,
REWE,65599,False,
Flink,65599,False,
Knuspr,65599,False,
Picnic,65599,False,
REWE,65604,True,
Flink,65604,True,
Knuspr,65604,True,
Picnic,65604,True,
REWE,65606,True,
Flink,65606,True,
Knuspr,65606,True,
Picnic,65606,True,
REWE,65611,False,
Flink,65611,False,
Knuspr,65611,False,
Picnic,65611,False,
REWE,65614,True,
Flink,65614,True,
Knuspr,65614,True,
Picnic,65614,True,
REWE,65618,True,
Flink,65618,True,
Knuspr,65618,True,
Picnic,65618,True,
REWE,65620,True,
Flink,65620,True,
Knuspr,65620,True,
Picnic,65620,True,
REWE,65627,False,
Flink,65627,False,
Knuspr,65627,False,
Picnic,65627,False,
REWE,34117,False,
Flink,34117,False,
Knuspr,34117,False,
Picnic,34117,False,
REWE,34119,False,
Flink,34119,False,
Knuspr,34119,False,
Picnic,34119,False,
REWE,34121,False,
Flink,34121,False,
Knuspr,34121,False,
Picnic,34121,False,
REWE,34123,False,
Flink,34123,False,
Knuspr,34123,False,
Picnic,34123,False,
REWE,34125,False,
Flink,34125,False,
Knuspr,34125,False,
Picnic,34125,False,
REWE,34127,False,
Flink,34127,False,
Knuspr,34127,False,
Picnic,34127,False,
REWE,34128,True,
Flink,34128,True,
Knuspr,34128,True,
Picnic,34128,True,
REWE,34130,True,
Flink,34130,True,
Knuspr,34130,True,
Picnic,34130,True,
REWE,34131,False,
Flink,34131,False,
Knuspr,34131,False,
Picnic,34131,False,
REWE,34132,True,
Flink,34132,True,
Knuspr,34132,True,
Picnic,34132,True,
REWE,34134,True,
Flink,34134,True,
Knuspr,34134,True,
Picnic,34134,True,
REWE,34212,True,
Flink,34212,True,
Knuspr,34212,True,
Picnic,34212,True,
REWE,34225,False,
Flink,34225,False,
Knuspr,34225,False,
Picnic,34225,False,
REWE,34233,False,
Flink,34233,False,
Knuspr,34233,False,
Picnic,34233,False,
REWE,34246,True,
Flink,34246,True,
Knuspr,34246,True,
Picnic,34246,True,
REWE,34253,False,
Flink,34253,False,
Knuspr,34253,False,
Picnic,34253,False,
REWE,34260,True,
Flink,34260,True,
Knuspr,34260,True,
Picnic,34260,True,
REWE,34266,True,
Flink,34266,True,
Knuspr,34266,True,
Picnic,34266,True,
REWE,34270,True,
Flink,34270,True,
Knuspr,34270,True,
Picnic,34270,True,
REWE,34277,False,
Flink,34277,False,
Knuspr,34277,False,
Picnic,34277,False,
REWE,34281,False,
Flink,34281,False,
Knuspr,34281,False,
Picnic,34281,False,
REWE,34286,True,
Flink,34286,True,
Knuspr,34286,True,
Picnic,34286,True,
REWE,34289,False,
Flink,34289,False,
Knuspr,34289,False,
Picnic,34289,False,
REWE,34292,True,
Flink,34292,True,
Knuspr,34292,True,
Picnic,34292,True,
REWE,34295,False,
Flink,34295,False,
Knuspr,34295,False,
Picnic,34295,False,
REWE,34298,True,
Flink,34298,True,
Knuspr,34298,True,
Picnic,34298,True,
REWE,34302,True,
Flink,34302,True,
Knuspr,34302,True,
Picnic,34302,True,
REWE,34305,False,
Flink,34305,False,
Knuspr,34305,False,
Picnic,34305,False,
REWE,34308,True,
Flink,34308,True,
Knuspr,34308,True,
Picnic,34308,True,
REWE,34311,False,
Flink,34311,False,
Knuspr,34311,False,
Picnic,34311,False,
REWE,34314,True,
Flink,34314,True,
Knuspr,34314,True,
Picnic,34314,True,
REWE,34317,False,
Flink,34317,False,
Knuspr,34317,False,
Picnic,34317,False,
REWE,34320,True,
Flink,34320,True,
Knuspr,34320,True,
Picnic,34320,True,
REWE,34323,False,
Flink,34323,False,
Knuspr,34323,False,
Picnic,34323,False,
REWE,34326,True,
Flink,34326,True,
Knuspr,34326,True,
Picnic,34326,True,
REWE,34327,False,
Flink,34327,False,
Knuspr,34327,False,
Picnic,34327,False,
REWE,34329,False,
Flink,34329,False,
Knuspr,34329,False,
Picnic,34329,False,
REWE,34359,False,
Flink,34359,False,
Knuspr,34359,False,
Picnic,34359,False,
REWE,34369,False,
Flink,34369,False,
Knuspr,34369,False,
Picnic,34369,False,
REWE,34376,True,
Flink,34376,True,
Knuspr,34376,True,
Picnic,34376,True,
REWE,34379,False,
Flink,34379,False,
Knuspr,34379,False,
Picnic,34379,False,
REWE,34385,False,
Flink,34385,False,
Knuspr,34385,False,
Picnic,34385,False,
REWE,34388,True,
Flink,34388,True,
Knuspr,34388,True,
Picnic,34388,True,
REWE,34393,False,
Flink,34393,False,
Knuspr,34393,False,
Picnic,34393,False,
REWE,34396,True,
Flink,34396,True,
Knuspr,34396,True,
Picnic,34396,True,
REWE,34399,False,
Flink,34399,False,
Knuspr,34399,False,
Picnic,34399,False,
REWE,34454,True,
Flink,34454,True,
Knuspr,34454,True,
Picnic,34454,True,
REWE,34466,True,
Flink,34466,True,
Knuspr,34466,True,
Picnic,34466,True,
REWE,34471,False,
Flink,34471,False,
Knuspr,34471,False,
Picnic,34471,False,
REWE,34474,True,
Flink,34474,True,
Knuspr,34474,True,
Picnic,34474,True,
REWE,34477,False,
Flink,34477,False,
Knuspr,34477,False,
Picnic,34477,False,
REWE,34479,False,
Flink,34479,False,
Knuspr,34479,False,
Picnic,34479,False,
REWE,34497,False,
Flink,34497,False,
Knuspr,34497,False,
Picnic,34497,False,
REWE,34508,True,
Flink,34508,True,
Knuspr,34508,True,
Picnic,34508,True,
REWE,34513,False,
Flink,34513,False,
Knuspr,34513,False,
Picnic,34513,False,
REWE,34516,True,
Flink,34516,True,
Knuspr,34516,True,
Picnic,34516,True,
REWE,34519,False,
Flink,34519,False,
Knuspr,34519,False,
Picnic,34519,False,
REWE,34537,False,
Flink,34537,False,
Knuspr,34537,False,
Picnic,34537,False,
REWE,34549,False,
Flink,34549,False,
Knuspr,34549,False,
Picnic,34549,False,
REWE,34560,True,
Flink,34560,True,
Knuspr,34560,True,
Picnic,34560,True,
REWE,34576,True,
Flink,34576,True,
Knuspr,34576,True,
Picnic,34576,True,
REWE,34582,True,
Flink,34582,True,
Knuspr,34582,True,
Picnic,34582,True,
REWE,34587,False,
Flink,34587,False,
Knuspr,34587,False,
Picnic,34587,False,
REWE,34590,True,
Flink,34590,True,
Knuspr,34590,True,
Picnic,34590,True,
REWE,34593,False,
Flink,34593,False,
Knuspr,34593,False,
Picnic,34593,False,
REWE,34596,True,
Flink,34596,True,
Knuspr,34596,True,
Picnic,34596,True,
REWE,34599,False,
Flink,34599,False,
Knuspr,34599,False,
Picnic,34599,False,
REWE,34613,False,
Flink,34613,False,
Knuspr,34613,False,
Picnic,34613,False,
REWE,34621,False,
Flink,34621,False,
Knuspr,34621,False,
Picnic,34621,False,
REWE,34626,True,
Flink,34626,True,
Knuspr,34626,True,
Picnic,34626,True,
REWE,34628,True,
Flink,34628,True,
Knuspr,34628,True,
Picnic,34628,True,
REWE,34630,True,
Flink,34630,True,
Knuspr,34630,True,
Picnic,34630,True,
REWE,34632,True,
Flink,34632,True,
Knuspr,34632,True,
Picnic,34632,True,
REWE,34633,False,
Flink,34633,False,
Knuspr,34633,False,
Picnic,34633,False,
REWE,34637,False,
Flink,34637,False,
Knuspr,34637,False,
Picnic,34637,False,
REWE,34639,False,
Flink,34639,False,
Knuspr,34639,False,
Picnic,34639,False,
REWE,35066,True,
Flink,35066,True,
Knuspr,35066,True,
Picnic,35066,True,
REWE,35088,True,
Flink,35088,True,
Knuspr,35088,True,
Picnic,35088,True,
REWE,35099,False,
Flink,35099,False,
Knuspr,35099,False,
Picnic,35099,False,
REWE,35104,True,
Flink,35104,True,
Knuspr,35104,True,
Picnic,35104,True,
REWE,35108,True,
Flink,35108,True,
Knuspr,35108,True,
Picnic,35108,True,
REWE,35110,True,
Flink,35110,True,
Knuspr,35110,True,
Picnic,35110,True,
REWE,35114,True,
Flink,35114,True,
Knuspr,35114,True,
Picnic,35114,True,
REWE,35116,True,
Flink,35116,True,
Knuspr,35116,True,
Picnic,35116,True,
REWE,35119,False,
Flink,35119,False,
Knuspr,35119,False,
Picnic,35119,False,
REWE,35285,False,
Flink,35285,False,
Knuspr,35285,False,
Picnic,35285,False,
REWE,36037,False,
Flink,36037,False,
Knuspr,36037,False,
Picnic,36037,False,
REWE,36039,False,
Flink,36039,False,
Knuspr,36039,False,
Picnic,36039,False,
REWE,36041,False,
Flink,36041,False,
Knuspr,36041,False,
Picnic,36041,False,
REWE,36043,False,
Flink,36043,False,
Knuspr,36043,False,
Picnic,36043,False,
REWE,36088,True,
Flink,36088,True,
Knuspr,36088,True,
Picnic,36088,True,
REWE,36093,False,
Flink,36093,False,
Knuspr,36093,False,
Picnic,36093,False,
REWE,36100,True,
Flink,36100,True,
Knuspr,36100,True,
Picnic,36100,True,
REWE,36103,False,
Flink,36103,False,
Knuspr,36103,False,
Picnic,36103,False,
REWE,36115,False,
Flink,36115,False,
Knuspr,36115,False,
Picnic,36115,False,
REWE,36119,False,
Flink,36119,False,
Knuspr,36119,False,
Picnic,36119,False,
REWE,36124,True,
Flink,36124,True,
Knuspr,36124,True,
Picnic,36124,True,
REWE,36129,False,
Flink,36129,False,
Knuspr,36129,False,
Picnic,36129,False,
REWE,36132,True,
Flink,36132,True,
Knuspr,36132,True,
Picnic,36132,True,
REWE,36137,False,
Flink,36137,False,
Knuspr,36137,False,
Picnic,36137,False,
REWE,36142,True,
Flink,36142,True,
Knuspr,36142,True,
Picnic,36142,True,
REWE,36145,False,
Flink,36145,False,
Knuspr,36145,False,
Picnic,36145,False,
REWE,36148,True,
Flink,36148,True,
Knuspr,36148,True,
Picnic,36148,True,
REWE,36151,False,
Flink,36151,False,
Knuspr,36151,False,
Picnic,36151,False,
REWE,36154,True,
Flink,36154,True,
Knuspr,36154,True,
Picnic,36154,True,
REWE,36157,False,
Flink,36157,False,
Knuspr,36157,False,
Picnic,36157,False,
REWE,36160,True,
Flink,36160,True,
Knuspr,36160,True,
Picnic,36160,True,
REWE,36163,False,
Flink,36163,False,
Knuspr,36163,False,
Picnic,36163,False,
REWE,36166,True,
Flink,36166,True,
Knuspr,36166,True,
Picnic,36166,True,
REWE,36167,False,
Flink,36167,False,
Knuspr,36167,False,
Picnic,36167,False,
REWE,36169,False,
Flink,36169,False,
Knuspr,36169,False,
Picnic,36169,False,
REWE,36179,False,
Flink,36179,False,
Knuspr,36179,False,
Picnic,36179,False,
REWE,36199,False,
Flink,36199,False,
Knuspr,36199,False,
Picnic,36199,False,
REWE,36205,False,
Flink,36205,False,
Knuspr,36205,False,
Picnic,36205,False,
REWE,36208,True,
Flink,36208,True,
Knuspr,36208,True,
Picnic,36208,True,
REWE,36211,False,
Flink,36211,False,
Knuspr,36211,False,
Picnic,36211,False,
REWE,36214,True,
Flink,36214,True,
Knuspr,36214,True,
Picnic,36214,True,
REWE,36217,False,
Flink,36217,False,
Knuspr,36217,False,
Picnic,36217,False,
REWE,36219,False,
Flink,36219,False,
Knuspr,36219,False,
Picnic,36219,False,
REWE,36251,False,
Flink,36251,False,
Knuspr,36251,False,
Picnic,36251,False,
REWE,36266,True,
Flink,36266,True,
Knuspr,36266,True,
Picnic,36266,True,
REWE,36269,False,
Flink,36269,False,
Knuspr,36269,False,
Picnic,36269,False,
REWE,36272,True,
Flink,36272,True,
Knuspr,36272,True,
Picnic,36272,True,
REWE,36275,False,
Flink,36275,False,
Knuspr,36275,False,
Picnic,36275,False,
REWE,36277,False,
Flink,36277,False,
Knuspr,36277,False,
Picnic,36277,False,
REWE,36280,True,
Flink,36280,True,
Knuspr,36280,True,
Picnic,36280,True,
REWE,36282,True,
Flink,36282,True,
Knuspr,36282,True,
Picnic,36282,True,
REWE,36284,True,
Flink,36284,True,
Knuspr,36284,True,
Picnic,36284,True,
REWE,36286,True,
Flink,36286,True,
Knuspr,36286,True,
Picnic,36286,True,
REWE,36287,False,
Flink,36287,False,
Knuspr,36287,False,
Picnic,36287,False,
REWE,36289,False,
Flink,36289,False,
Knuspr,36289,False,
Picnic,36289,False,
REWE,36364,True,
Flink,36364,True,
Knuspr,36364,True,
Picnic,36364,True,
REWE,37213,False,
Flink,37213,False,
Knuspr,37213,False,
Picnic,37213,False,
REWE,37214,True,
Flink,37214,True,
Knuspr,37214,True,
Picnic,37214,True,
REWE,37215,False,
Flink,37215,False,
Knuspr,37215,False,
Picnic,37215,False,
REWE,37216,True,
Flink,37216,True,
Knuspr,37216,True,
Picnic,37216,True,
REWE,37217,False,
Flink,37217,False,
Knuspr,37217,False,
Picnic,37217,False,
REWE,37218,True,
Flink,37218,True,
Knuspr,37218,True,
Picnic,37218,True,
REWE,37235,False,
Flink,37235,False,
Knuspr,37235,False,
Picnic,37235,False,
REWE,37242,True,
Flink,37242,True,
Knuspr,37242,True,
Picnic,37242,True,
REWE,37247,False,
Flink,37247,False,
Knuspr,37247,False,
Picnic,37247,False,
REWE,37249,False,
Flink,37249,False,
Knuspr,37249,False,
Picnic,37249,False,
REWE,37269,False,
Flink,37269,False,
Knuspr,37269,False,
Picnic,37269,False,
REWE,37276,True,
Flink,37276,True,
Knuspr,37276,True,
Picnic,37276,True,
REWE,37281,False,
Flink,37281,False,
Knuspr,37281,False,
Picnic,37281,False,
REWE,37284,True,
Flink,37284,True,
Knuspr,37284,True,
Picnic,37284,True,
REWE,37287,False,
Flink,37287,False,
Knuspr,37287,False,
Picnic,37287,False,
REWE,37290,True,
Flink,37290,True,
Knuspr,37290,True,
Picnic,37290,True,
REWE,37293,False,
Flink,37293,False,
Knuspr,37293,False,
Picnic,37293,False,
REWE,37296,True,
Flink,37296,True,
Knuspr,37296,True,
Picnic,37296,True,
REWE,37297,False,
Flink,37297,False,
Knuspr,37297,False,
Picnic,37297,False,
REWE,37299,False,
Flink,37299,False,
Knuspr,37299,False,
Picnic,37299,False,
REWE,59969,False,
Flink,59969,False,
Knuspr,59969,False,
Picnic,59969,False,
REWE,20038,True,
Flink,20038,True,
Knuspr,20038,True,
Picnic,20038,True,
REWE,20095,False,
Flink,20095,False,
Knuspr,20095,False,
Picnic,20095,False,
REWE,20097,False,
Flink,20097,False,
Knuspr,20097,False,
Picnic,20097,False,
REWE,20099,False,
Flink,20099,False,
Knuspr,20099,False,
Picnic,20099,False,
REWE,20144,True,
Flink,20144,True,
Knuspr,20144,True,
Picnic,20144,True,
REWE,20146,True,
Flink,20146,True,
Knuspr,20146,True,
Picnic,20146,True,
REWE,20148,True,
Flink,20148,True,
Knuspr,20148,True,
Picnic,20148,True,
REWE,20149,False,
Flink,20149,False,
Knuspr,20149,False,
Picnic,20149,False,
REWE,20249,False,
Flink,20249,False,
Knuspr,20249,False,
Picnic,20249,False,
REWE,20251,False,
Flink,20251,False,
Knuspr,20251,False,
Picnic,20251,False,
REWE,20253,False,
Flink,20253,False,
Knuspr,20253,False,
Picnic,20253,False,
REWE,20255,False,
Flink,20255,False,
Knuspr,20255,False,
Picnic,20255,False,
REWE,20257,False,
Flink,20257,False,
Knuspr,20257,False,
Picnic,20257,False,
REWE,20259,False,
Flink,20259,False,
Knuspr,20259,False,
Picnic,20259,False,
REWE,20354,True,
Flink,20354,True,
Knuspr,20354,True,
Picnic,20354,True,
REWE,20355,False,
Flink,20355,False,
Knuspr,20355,False,
Picnic,20355,False,
REWE,20357,False,
Flink,20357,False,
Knuspr,20357,False,
Picnic,20357,False,
REWE,20359,False,
Flink,20359,False,
Knuspr,20359,False,
Picnic,20359,False,
REWE,20457,False,
Flink,20457,False,
Knuspr,20457,False,
Picnic,20457,False,
REWE,20459,False,
Flink,20459,False,
Knuspr,20459,False,
Picnic,20459,False,
REWE,20535,False,
Flink,20535,False,
Knuspr,20535,False,
Picnic,20535,False,
REWE,20537,False,
Flink,20537,False,
Knuspr,20537,False,
Picnic,20537,False,
REWE,20539,False,
Flink,20539,False,
Knuspr,20539,False,
Picnic,20539,False,
REWE,21029,False,
Flink,21029,False,
Knuspr,21029,False,
Picnic,21029,False,
REWE,21031,False,
Flink,21031,False,
Knuspr,21031,False,
Picnic,21031,False,
REWE,21033,False,
Flink,21033,False,
Knuspr,21033,False,
Picnic,21033,False,
REWE,21035,False,
Flink,21035,False,
Knuspr,21035,False,
Picnic,21035,False,
REWE,21037,False,
Flink,21037,False,
Knuspr,21037,False,
Picnic,21037,False,
REWE,21039,False,
Flink,21039,False,
Knuspr,21039,False,
Picnic,21039,False,
REWE,21073,False,
Flink,21073,False,
Knuspr,21073,False,
Picnic,21073,False,
REWE,21075,False,
Flink,21075,False,
Knuspr,21075,False,
Picnic,21075,False,
REWE,21077,False,
Flink,21077,False,
Knuspr,21077,False,
Picnic,21077,False,
REWE,21079,False,
Flink,21079,False,
Knuspr,21079,False,
Picnic,21079,False,
REWE,21107,False,
Flink,21107,False,
Knuspr,21107,False,
Picnic,21107,False,
REWE,21109,False,
Flink,21109,False,
Knuspr,21109,False,
Picnic,21109,False,
REWE,21129,False,
Flink,21129,False,
Knuspr,21129,False,
Picnic,21129,False,
REWE,21147,False,
Flink,21147,False,
Knuspr,21147,False,
Picnic,21147,False,
REWE,21149,False,
Flink,21149,False,
Knuspr,21149,False,
Picnic,21149,False,
REWE,22041,False,
Flink,22041,False,
Knuspr,22041,False,
Picnic,22041,False,
REWE,22043,False,
Flink,22043,False,
Knuspr,22043,False,
Picnic,22043,False,
REWE,22045,False,
Flink,22045,False,
Knuspr,22045,False,
Picnic,22045,False,
REWE,22047,False,
Flink,22047,False,
Knuspr,22047,False,
Picnic,22047,False,
REWE,22049,False,
Flink,22049,False,
Knuspr,22049,False,
Picnic,22049,False,
REWE,22081,False,
Flink,22081,False,
Knuspr,22081,False,
Picnic,22081,False,
REWE,22083,False,
Flink,22083,False,
Knuspr,22083,False,
Picnic,22083,False,
REWE,22085,False,
Flink,22085,False,
Knuspr,22085,False,
Picnic,22085,False,
REWE,22087,False,
Flink,22087,False,
Knuspr,22087,False,
Picnic,22087,False,
REWE,22089,False,
Flink,22089,False,
Knuspr,22089,False,
Picnic,22089,False,
REWE,22111,False,
Flink,22111,False,
Knuspr,22111,False,
Picnic,22111,False,
REWE,22115,False,
Flink,22115,False,
Knuspr,22115,False,
Picnic,22115,False,
REWE,22117,False,
Flink,22117,False,
Knuspr,22117,False,
Picnic,22117,False,
REWE,22119,False,
Flink,22119,False,
Knuspr,22119,False,
Picnic,22119,False,
REWE,22143,False,
Flink,22143,False,
Knuspr,22143,False,
Picnic,22143,False,
REWE,22145,False,
Flink,22145,False,
Knuspr,22145,False,
Picnic,22145,False,
REWE,22147,False,
Flink,22147,False,
Knuspr,22147,False,
Picnic,22147,False,
REWE,22149,False,
Flink,22149,False,
Knuspr,22149,False,
Picnic,22149,False,
REWE,22159,False,
Flink,22159,False,
Knuspr,22159,False,
Picnic,22159,False,
REWE,22175,False,
Flink,22175,False,
Knuspr,22175,False,
Picnic,22175,False,
REWE,22177,False,
Flink,22177,False,
Knuspr,22177,False,
Picnic,22177,False,
REWE,22179,False,
Flink,22179,False,
Knuspr,22179,False,
Picnic,22179,False,
REWE,22297,False,
Flink,22297,False,
Knuspr,22297,False,
Picnic,22297,False,
REWE,22299,False,
Flink,22299,False,
Knuspr,22299,False,
Picnic,22299,False,
REWE,22301,False,
Flink,22301,False,
Knuspr,22301,False,
Picnic,22301,False,
REWE,22303,False,
Flink,22303,False,
Knuspr,22303,False,
Picnic,22303,False,
REWE,22305,False,
Flink,22305,False,
Knuspr,22305,False,
Picnic,22305,False,
REWE,22307,False,
Flink,22307,False,
Knuspr,22307,False,
Picnic,22307,False,
REWE,22309,False,
Flink,22309,False,
Knuspr,22309,False,
Picnic,22309,False,
REWE,22335,False,
Flink,22335,False,
Knuspr,22335,False,
Picnic,22335,False,
REWE,22337,False,
Flink,22337,False,
Knuspr,22337,False,
Picnic,22337,False,
REWE,22339,False,
Flink,22339,False,
Knuspr,22339,False,
Picnic,22339,False,
REWE,22359,False,
Flink,22359,False,
Knuspr,22359,False,
Picnic,22359,False,
REWE,22391,False,
Flink,22391,False,
Knuspr,22391,False,
Picnic,22391,False,
REWE,22393,False,
Flink,22393,False,
Knuspr,22393,False,
Picnic,22393,False,
REWE,22395,False,
Flink,22395,False,
Knuspr,22395,False,
Picnic,22395,False,
REWE,22397,False,
Flink,22397,False,
Knuspr,22397,False,
Picnic,22397,False,
REWE,22399,False,
Flink,22399,False,
Knuspr,22399,False,
Picnic,22399,False,
REWE,22415,False,
Flink,22415,False,
Knuspr,22415,False,
Picnic,22415,False,
REWE,22417,False,
Flink,22417,False,
Knuspr,22417,False,
Picnic,22417,False,
REWE,22419,False,
Flink,22419,False,
Knuspr,22419,False,
Picnic,22419,False,
REWE,22453,False,
Flink,22453,False,
Knuspr,22453,False,
Picnic,22453,False,
REWE,22455,False,
Flink,22455,False,
Knuspr,22455,False,
Picnic,22455,False,
REWE,22457,False,
Flink,22457,False,
Knuspr,22457,False,
Picnic,22457,False,
REWE,22459,False,
Flink,22459,False,
Knuspr,22459,False,
Picnic,22459,False,
REWE,22523,False,
Flink,22523,False,
Knuspr,22523,False,
Picnic,22523,False,
REWE,22525,False,
Flink,22525,False,
Knuspr,22525,False,
Picnic,22525,False,
REWE,22527,False,
Flink,22527,False,
Knuspr,22527,False,
Picnic,22527,False,
REWE,22529,False,
Flink,22529,False,
Knuspr,22529,False,
Picnic,22529,False,
REWE,22547,False,
Flink,22547,False,
Knuspr,22547,False,
Picnic,22547,False,
REWE,22549,False,
Flink,22549,False,
Knuspr,22549,False,
Picnic,22549,False,
REWE,22559,False,
Flink,22559,False,
Knuspr,22559,False,
Picnic,22559,False,
REWE,22587,False,
Flink,22587,False,
Knuspr,22587,False,
Picnic,22587,False,
REWE,22589,False,
Flink,22589,False,
Knuspr,22589,False,
Picnic,22589,False,
REWE,22605,False,
Flink,22605,False,
Knuspr,22605,False,
Picnic,22605,False,
REWE,22607,False,
Flink,22607,False,
Knuspr,22607,False,
Picnic,22607,False,
REWE,22609,False,
Flink,22609,False,
Knuspr,22609,False,
Picnic,22609,False,
REWE,22761,False,
Flink,22761,False,
Knuspr,22761,False,
Picnic,22761,False,
REWE,22763,False,
Flink,22763,False,
Knuspr,22763,False,
Picnic,22763,False,
REWE,22765,False,
Flink,22765,False,
Knuspr,22765,False,
Picnic,22765,False,
REWE,22767,False,
Flink,22767,False,
Knuspr,22767,False,
Picnic,22767,False,
REWE,22769,False,
Flink,22769,False,
Knuspr,22769,False,
Picnic,22769,False,
REWE,27499,False,
Flink,27499,False,
Knuspr,27499,False,
Picnic,27499,False,
REWE,17033,False,
Flink,17033,False,
Knuspr,17033,False,
Picnic,17033,False,
REWE,17034,True,
Flink,17034,True,
Knuspr,17034,True,
Picnic,17034,True,
REWE,17036,True,
Flink,17036,True,
Knuspr,17036,True,
Picnic,17036,True,
REWE,17039,False,
Flink,17039,False,
Knuspr,17039,False,
Picnic,17039,False,
REWE,17087,False,
Flink,17087,False,
Knuspr,17087,False,
Picnic,17087,False,
REWE,17089,False,
Flink,17089,False,
Knuspr,17089,False,
Picnic,17089,False,
REWE,17091,False,
Flink,17091,False,
Knuspr,17091,False,
Picnic,17091,False,
REWE,17094,True,
Flink,17094,True,
Knuspr,17094,True,
Picnic,17094,True,
REWE,17098,True,
Flink,17098,True,
Knuspr,17098,True,
Picnic,17098,True,
REWE,17099,False,
Flink,17099,False,
Knuspr,17099,False,
Picnic,17099,False,
REWE,17109,False,
Flink,17109,False,
Knuspr,17109,False,
Picnic,17109,False,
REWE,17111,False,
Flink,17111,False,
Knuspr,17111,False,
Picnic,17111,False,
REWE,17121,False,
Flink,17121,False,
Knuspr,17121,False,
Picnic,17121,False,
REWE,17126,True,
Flink,17126,True,
Knuspr,17126,True,
Picnic,17126,True,
REWE,17129,False,
Flink,17129,False,
Knuspr,17129,False,
Picnic,17129,False,
REWE,17139,False,
Flink,17139,False,
Knuspr,17139,False,
Picnic,17139,False,
REWE,17153,False,
Flink,17153,False,
Knuspr,17153,False,
Picnic,17153,False,
REWE,17154,True,
Flink,17154,True,
Knuspr,17154,True,
Picnic,17154,True,
REWE,17159,False,
Flink,17159,False,
Knuspr,17159,False,
Picnic,17159,False,
REWE,17166,True,
Flink,17166,True,
Knuspr,17166,True,
Picnic,17166,True,
REWE,17168,True,
Flink,17168,True,
Knuspr,17168,True,
Picnic,17168,True,
REWE,17179,False,
Flink,17179,False,
Knuspr,17179,False,
Picnic,17179,False,
REWE,17192,True,
Flink,17192,True,
Knuspr,17192,True,
Picnic,17192,True,
REWE,17194,True,
Flink,17194,True,
Knuspr,17194,True,
Picnic,17194,True,
REWE,17207,False,
Flink,17207,False,
Knuspr,17207,False,
Picnic,17207,False,
REWE,17209,False,
Flink,17209,False,
Knuspr,17209,False,
Picnic,17209,False,
REWE,17213,False,
Flink,17213,False,
Knuspr,17213,False,
Picnic,17213,False,
REWE,17214,True,
Flink,17214,True,
Knuspr,17214,True,
Picnic,17214,True,
REWE,17217,False,
Flink,17217,False,
Knuspr,17217,False,
Picnic,17217,False,
REWE,17219,False,
Flink,17219,False,
Knuspr,17219,False,
Picnic,17219,False,
REWE,17235,False,
Flink,17235,False,
Knuspr,17235,False,
Picnic,17235,False,
REWE,17237,False,
Flink,17237,False,
Knuspr,17237,False,
Picnic,17237,False,
REWE,17248,True,
Flink,17248,True,
Knuspr,17248,True,
Picnic,17248,True,
REWE,17252,True,
Flink,17252,True,
Knuspr,17252,True,
Picnic,17252,True,
REWE,17255,False,
Flink,17255,False,
Knuspr,17255,False,
Picnic,17255,False,
REWE,17258,True,
Flink,17258,True,
Knuspr,17258,True,
Picnic,17258,True,
REWE,17259,False,
Flink,17259,False,
Knuspr,17259,False,
Picnic,17259,False,
REWE,17309,False,
Flink,17309,False,
Knuspr,17309,False,
Picnic,17309,False,
REWE,17321,False,
Flink,17321,False,
Knuspr,17321,False,
Picnic,17321,False,
REWE,17322,True,
Flink,17322,True,
Knuspr,17322,True,
Picnic,17322,True,
REWE,17328,True,
Flink,17328,True,
Knuspr,17328,True,
Picnic,17328,True,
REWE,17329,False,
Flink,17329,False,
Knuspr,17329,False,
Picnic,17329,False,
REWE,17335,False,
Flink,17335,False,
Knuspr,17335,False,
Picnic,17335,False,
REWE,17348,True,
Flink,17348,True,
Knuspr,17348,True,
Picnic,17348,True,
REWE,17349,False,
Flink,17349,False,
Knuspr,17349,False,
Picnic,17349,False,
REWE,17358,True,
Flink,17358,True,
Knuspr,17358,True,
Picnic,17358,True,
REWE,17367,False,
Flink,17367,False,
Knuspr,17367,False,
Picnic,17367,False,
REWE,17373,False,
Flink,17373,False,
Knuspr,17373,False,
Picnic,17373,False,
REWE,17375,False,
Flink,17375,False,
Knuspr,17375,False,
Picnic,17375,False,
REWE,17379,False,
Flink,17379,False,
Knuspr,17379,False,
Picnic,17379,False,
REWE,17389,False,
Flink,17389,False,
Knuspr,17389,False,
Picnic,17389,False,
REWE,17390,True,
Flink,17390,True,
Knuspr,17390,True,
Picnic,17390,True,
REWE,17391,False,
Flink,17391,False,
Knuspr,17391,False,
Picnic,17391,False,
REWE,17392,True,
Flink,17392,True,
Knuspr,17392,True,
Picnic,17392,True,
REWE,17398,True,
Flink,17398,True,
Knuspr,17398,True,
Picnic,17398,True,
REWE,17406,True,
Flink,17406,True,
Knuspr,17406,True,
Picnic,17406,True,
REWE,17419,False,
Flink,17419,False,
Knuspr,17419,False,
Picnic,17419,False,
REWE,17424,True,
Flink,17424,True,
Knuspr,17424,True,
Picnic,17424,True,
REWE,17429,False,
Flink,17429,False,
Knuspr,17429,False,
Picnic,17429,False,
REWE,17438,True,
Flink,17438,True,
Knuspr,17438,True,
Picnic,17438,True,
REWE,17440,True,
Flink,17440,True,
Knuspr,17440,True,
Picnic,17440,True,
REWE,17449,False,
Flink,17449,False,
Knuspr,17449,False,
Picnic,17449,False,
REWE,17454,True,
Flink,17454,True,
Knuspr,17454,True,
Picnic,17454,True,
REWE,17459,False,
Flink,17459,False,
Knuspr,17459,False,
Picnic,17459,False,
REWE,17489,False,
Flink,17489,False,
Knuspr,17489,False,
Picnic,17489,False,
REWE,17491,False,
Flink,17491,False,
Knuspr,17491,False,
Picnic,17491,False,
REWE,17493,False,
Flink,17493,False,
Knuspr,17493,False,
Picnic,17493,False,
REWE,17495,False,
Flink,17495,False,
Knuspr,17495,False,
Picnic,17495,False,
REWE,17498,True,
Flink,17498,True,
Knuspr,17498,True,
Picnic,17498,True,
REWE,17506,True,
Flink,17506,True,
Knuspr,17506,True,
Picnic,17506,True,
REWE,17509,False,
Flink,17509,False,
Knuspr,17509,False,
Picnic,17509,False,
REWE,18055,False,
Flink,18055,False,
Knuspr,18055,False,
Picnic,18055,False,
REWE,18057,False,
Flink,18057,False,
Knuspr,18057,False,
Picnic,18057,False,
REWE,18059,False,
Flink,18059,False,
Knuspr,18059,False,
Picnic,18059,False,
REWE,18069,False,
Flink,18069,False,
Knuspr,18069,False,
Picnic,18069,False,
REWE,18106,True,
Flink,18106,True,
Knuspr,18106,True,
Picnic,18106,True,
REWE,18107,False,
Flink,18107,False,
Knuspr,18107,False,
Picnic,18107,False,
REWE,18109,False,
Flink,18109,False,
Knuspr,18109,False,
Picnic,18109,False,
REWE,18119,False,
Flink,18119,False,
Knuspr,18119,False,
Picnic,18119,False,
REWE,18146,True,
Flink,18146,True,
Knuspr,18146,True,
Picnic,18146,True,
REWE,18147,False,
Flink,18147,False,
Knuspr,18147,False,
Picnic,18147,False,
REWE,18181,False,
Flink,18181,False,
Knuspr,18181,False,
Picnic,18181,False,
REWE,18182,True,
Flink,18182,True,
Knuspr,18182,True,
Picnic,18182,True,
REWE,18184,True,
Flink,18184,True,
Knuspr,18184,True,
Picnic,18184,True,
REWE,18190,True,
Flink,18190,True,
Knuspr,18190,True,
Picnic,18190,True,
REWE,18195,False,
Flink,18195,False,
Knuspr,18195,False,
Picnic,18195,False,
REWE,18196,True,
Flink,18196,True,
Knuspr,18196,True,
Picnic,18196,True,
REWE,18198,True,
Flink,18198,True,
Knuspr,18198,True,
Picnic,18198,True,
REWE,18209,False,
Flink,18209,False,
Knuspr,18209,False,
Picnic,18209,False,
REWE,18211,False,
Flink,18211,False,
Knuspr,18211,False,
Picnic,18211,False,
REWE,18225,False,
Flink,18225,False,
Knuspr,18225,False,
Picnic,18225,False,
REWE,18230,True,
Flink,18230,True,
Knuspr,18230,True,
Picnic,18230,True,
REWE,18231,False,
Flink,18231,False,
Knuspr,18231,False,
Picnic,18231,False,
REWE,18233,False,
Flink,18233,False,
Knuspr,18233,False,
Picnic,18233,False,
REWE,18236,True,
Flink,18236,True,
Knuspr,18236,True,
Picnic,18236,True,
REWE,18239,False,
Flink,18239,False,
Knuspr,18239,False,
Picnic,18239,False,
REWE,18246,True,
Flink,18246,True,
Knuspr,18246,True,
Picnic,18246,True,
REWE,18249,False,
Flink,18249,False,
Knuspr,18249,False,
Picnic,18249,False,
REWE,18258,True,
Flink,18258,True,
Knuspr,18258,True,
Picnic,18258,True,
REWE,18273,False,
Flink,18273,False,
Knuspr,18273,False,
Picnic,18273,False,
REWE,18276,True,
Flink,18276,True,
Knuspr,18276,True,
Picnic,18276,True,
REWE,18279,False,
Flink,18279,False,
Knuspr,18279,False,
Picnic,18279,False,
REWE,18292,True,
Flink,18292,True,
Knuspr,18292,True,
Picnic,18292,True,
REWE,18299,False,
Flink,18299,False,
Knuspr,18299,False,
Picnic,18299,False,
REWE,18311,False,
Flink,18311,False,
Knuspr,18311,False,
Picnic,18311,False,
REWE,18314,True,
Flink,18314,True,
Knuspr,18314,True,
Picnic,18314,True,
REWE,18317,False,
Flink,18317,False,
Knuspr,18317,False,
Picnic,18317,False,
REWE,18320,True,
Flink,18320,True,
Knuspr,18320,True,
Picnic,18320,True,
REWE,18334,True,
Flink,18334,True,
Knuspr,18334,True,
Picnic,18334,True,
REWE,18337,False,
Flink,18337,False,
Knuspr,18337,False,
Picnic,18337,False,
REWE,18347,False,
Flink,18347,False,
Knuspr,18347,False,
Picnic,18347,False,
REWE,18356,True,
Flink,18356,True,
Knuspr,18356,True,
Picnic,18356,True,
REWE,18374,True,
Flink,18374,True,
Knuspr,18374,True,
Picnic,18374,True,
REWE,18375,False,
Flink,18375,False,
Knuspr,18375,False,
Picnic,18375,False,
REWE,18435,False,
Flink,18435,False,
Knuspr,18435,False,
Picnic,18435,False,
REWE,18437,False,
Flink,18437,False,
Knuspr,18437,False,
Picnic,18437,False,
REWE,18439,False,
Flink,18439,False,
Knuspr,18439,False,
Picnic,18439,False,
REWE,18442,True,
Flink,18442,True,
Knuspr,18442,True,
Picnic,18442,True,
REWE,18445,False,
Flink,18445,False,
Knuspr,18445,False,
Picnic,18445,False,
REWE,18461,False,
Flink,18461,False,
Knuspr,18461,False,
Picnic,18461,False,
REWE,18465,False,
Flink,18465,False,
Knuspr,18465,False,
Picnic,18465,False,
REWE,18469,False,
Flink,18469,False,
Knuspr,18469,False,
Picnic,18469,False,
REWE,18507,False,
Flink,18507,False,
Knuspr,18507,False,
Picnic,18507,False,
REWE,18510,True,
Flink,18510,True,
Knuspr,18510,True,
Picnic,18510,True,
REWE,18513,False,
Flink,18513,False,
Knuspr,18513,False,
Picnic,18513,False,
REWE,18516,True,
Flink,18516,True,
Knuspr,18516,True,
Picnic,18516,True,
REWE,18519,False,
Flink,18519,False,
Knuspr,18519,False,
Picnic,18519,False,
REWE,18528,True,
Flink,18528,True,
Knuspr,18528,True,
Picnic,18528,True,
REWE,18546,True,
Flink,18546,True,
Knuspr,18546,True,
Picnic,18546,True,
REWE,18551,False,
Flink,18551,False,
Knuspr,18551,False,
Picnic,18551,False,
REWE,18556,True,
Flink,18556,True,
Knuspr,18556,True,
Picnic,18556,True,
REWE,18565,False,
Flink,18565,False,
Knuspr,18565,False,
Picnic,18565,False,
REWE,18569,False,
Flink,18569,False,
Knuspr,18569,False,
Picnic,18569,False,
REWE,18573,False,
Flink,18573,False,
Knuspr,18573,False,
Picnic,18573,False,
REWE,18574,True,
Flink,18574,True,
Knuspr,18574,True,
Picnic,18574,True,
REWE,18581,False,
Flink,18581,False,
Knuspr,18581,False,
Picnic,18581,False,
REWE,18586,True,
Flink,18586,True,
Knuspr,18586,True,
Picnic,18586,True,
REWE,18609,False,
Flink,18609,False,
Knuspr,18609,False,
Picnic,18609,False,
REWE,19053,False,
Flink,19053,False,
Knuspr,19053,False,
Picnic,19053,False,
REWE,19055,False,
Flink,19055,False,
Knuspr,19055,False,
Picnic,19055,False,
REWE,19057,False,
Flink,19057,False,
Knuspr,19057,False,
Picnic,19057,False,
REWE,19059,False,
Flink,19059,False,
Knuspr,19059,False,
Picnic,19059,False,
REWE,19061,False,
Flink,19061,False,
Knuspr,19061,False,
Picnic,19061,False,
REWE,19063,False,
Flink,19063,False,
Knuspr,19063,False,
Picnic,19063,False,
REWE,19065,False,
Flink,19065,False,
Knuspr,19065,False,
Picnic,19065,False,
REWE,19067,False,
Flink,19067,False,
Knuspr,19067,False,
Picnic,19067,False,
REWE,19069,False,
Flink,19069,False,
Knuspr,19069,False,
Picnic,19069,False,
REWE,19071,False,
Flink,19071,False,
Knuspr,19071,False,
Picnic,19071,False,
REWE,19073,False,
Flink,19073,False,
Knuspr,19073,False,
Picnic,19073,False,
REWE,19075,False,
Flink,19075,False,
Knuspr,19075,False,
Picnic,19075,False,
REWE,19077,False,
Flink,19077,False,
Knuspr,19077,False,
Picnic,19077,False,
REWE,19079,False,
Flink,19079,False,
Knuspr,19079,False,
Picnic,19079,False,
REWE,19086,True,
Flink,19086,True,
Knuspr,19086,True,
Picnic,19086,True,
REWE,19089,False,
Flink,19089,False,
Knuspr,19089,False,
Picnic,19089,False,
REWE,19205,False,
Flink,19205,False,
Knuspr,19205,False,
Picnic,19205,False,
REWE,19209,False,
Flink,19209,False,
Knuspr,19209,False,
Picnic,19209,False,
REWE,19217,False,
Flink,19217,False,
Knuspr,19217,False,
Picnic,19217,False,
REWE,19230,True,
Flink,19230,True,
Knuspr,19230,True,
Picnic,19230,True,
REWE,19243,False,
Flink,19243,False,
Knuspr,19243,False,
Picnic,19243,False,
REWE,19246,True,
Flink,19246,True,
Knuspr,19246,True,
Picnic,19246,True,
REWE,19249,False,
Flink,19249,False,
Knuspr,19249,False,
Picnic,19249,False,
REWE,19258,True,
Flink,19258,True,
Knuspr,19258,True,
Picnic,19258,True,
REWE,19260,True,
Flink,19260,True,
Knuspr,19260,True,
Picnic,19260,True,
REWE,19273,False,
Flink,19273,False,
Knuspr,19273,False,
Picnic,19273,False,
REWE,19288,True,
Flink,19288,True,
Knuspr,19288,True,
Picnic,19288,True,
REWE,19294,True,
Flink,19294,True,
Knuspr,19294,True,
Picnic,19294,True,
REWE,19300,True,
Flink,19300,True,
Knuspr,19300,True,
Picnic,19300,True,
REWE,19303,False,
Flink,19303,False,
Knuspr,19303,False,
Picnic,19303,False,
REWE,19306,True,
Flink,19306,True,
Knuspr,19306,True,
Picnic,19306,True,
REWE,19370,True,
Flink,19370,True,
Knuspr,19370,True,
Picnic,19370,True,
REWE,19372,True,
Flink,19372,True,
Knuspr,19372,True,
Picnic,19372,True,
REWE,19374,True,
Flink,19374,True,
Knuspr,19374,True,
Picnic,19374,True,
REWE,19376,True,
Flink,19376,True,
Knuspr,19376,True,
Picnic,19376,True,
REWE,19386,True,
Flink,19386,True,
Knuspr,19386,True,
Picnic,19386,True,
REWE,19395,False,
Flink,19395,False,
Knuspr,19395,False,
Picnic,19395,False,
REWE,19399,False,
Flink,19399,False,
Knuspr,19399,False,
Picnic,19399,False,
REWE,19406,True,
Flink,19406,True,
Knuspr,19406,True,
Picnic,19406,True,
REWE,19412,True,
Flink,19412,True,
Knuspr,19412,True,
Picnic,19412,True,
REWE,19417,False,
Flink,19417,False,
Knuspr,19417,False,
Picnic,19417,False,
REWE,23923,False,
Flink,23923,False,
Knuspr,23923,False,
Picnic,23923,False,
REWE,23936,True,
Flink,23936,True,
Knuspr,23936,True,
Picnic,23936,True,
REWE,23942,True,
Flink,23942,True,
Knuspr,23942,True,
Picnic,23942,True,
REWE,23944,True,
Flink,23944,True,
Knuspr,23944,True,
Picnic,23944,True,
REWE,23946,True,
Flink,23946,True,
Knuspr,23946,True,
Picnic,23946,True,
REWE,23948,True,
Flink,23948,True,
Knuspr,23948,True,
Picnic,23948,True,
REWE,23952,True,
Flink,23952,True,
Knuspr,23952,True,
Picnic,23952,True,
REWE,23966,True,
Flink,23966,True,
Knuspr,23966,True,
Picnic,23966,True,
REWE,23968,True,
Flink,23968,True,
Knuspr,23968,True,
Picnic,23968,True,
REWE,23970,True,
Flink,23970,True,
Knuspr,23970,True,
Picnic,23970,True,
REWE,23972,True,
Flink,23972,True,
Knuspr,23972,True,
Picnic,23972,True,
REWE,23974,True,
Flink,23974,True,
Knuspr,23974,True,
Picnic,23974,True,
REWE,23992,True,
Flink,23992,True,
Knuspr,23992,True,
Picnic,23992,True,
REWE,23996,True,
Flink,23996,True,
Knuspr,23996,True,
Picnic,23996,True,
REWE,23999,False,
Flink,23999,False,
Knuspr,23999,False,
Picnic,23999,False,
REWE,21217,False,
Flink,21217,False,
Knuspr,21217,False,
Picnic,21217,False,
REWE,21218,True,
Flink,21218,True,
Knuspr,21218,True,
Picnic,21218,True,
REWE,21220,True,
Flink,21220,True,
Knuspr,21220,True,
Picnic,21220,True,
REWE,21224,True,
Flink,21224,True,
Knuspr,21224,True,
Picnic,21224,True,
REWE,21227,False,
Flink,21227,False,
Knuspr,21227,False,
Picnic,21227,False,
REWE,21228,True,
Flink,21228,True,
Knuspr,21228,True,
Picnic,21228,True,
REWE,21244,True,
Flink,21244,True,
Knuspr,21244,True,
Picnic,21244,True,
REWE,21255,False,
Flink,21255,False,
Knuspr,21255,False,
Picnic,21255,False,
REWE,21256,True,
Flink,21256,True,
Knuspr,21256,True,
Picnic,21256,True,
REWE,21258,True,
Flink,21258,True,
Knuspr,21258,True,
Picnic,21258,True,
REWE,21259,False,
Flink,21259,False,
Knuspr,21259,False,
Picnic,21259,False,
REWE,21261,False,
Flink,21261,False,
Knuspr,21261,False,
Picnic,21261,False,
REWE,21266,True,
Flink,21266,True,
Knuspr,21266,True,
Picnic,21266,True,
REWE,21271,False,
Flink,21271,False,
Knuspr,21271,False,
Picnic,21271,False,
REWE,21272,True,
Flink,21272,True,
Knuspr,21272,True,
Picnic,21272,True,
REWE,21274,True,
Flink,21274,True,
Knuspr,21274,True,
Picnic,21274,True,
REWE,21279,False,
Flink,21279,False,
Knuspr,21279,False,
Picnic,21279,False,
REWE,21335,False,
Flink,21335,False,
Knuspr,21335,False,
Picnic,21335,False,
REWE,21337,False,
Flink,21337,False,
Knuspr,21337,False,
Picnic,21337,False,
REWE,21339,False,
Flink,21339,False,
Knuspr,21339,False,
Picnic,21339,False,
REWE,21354,True,
Flink,21354,True,
Knuspr,21354,True,
Picnic,21354,True,
REWE,21357,False,
Flink,21357,False,
Knuspr,21357,False,
Picnic,21357,False,
REWE,21358,True,
Flink,21358,True,
Knuspr,21358,True,
Picnic,21358,True,
REWE,21360,True,
Flink,21360,True,
Knuspr,21360,True,
Picnic,21360,True,
REWE,21365,False,
Flink,21365,False,
Knuspr,21365,False,
Picnic,21365,False,
REWE,21368,True,
Flink,21368,True,
Knuspr,21368,True,
Picnic,21368,True,
REWE,21369,False,
Flink,21369,False,
Knuspr,21369,False,
Picnic,21369,False,
REWE,21371,False,
Flink,21371,False,
Knuspr,21371,False,
Picnic,21371,False,
REWE,21376,True,
Flink,21376,True,
Knuspr,21376,True,
Picnic,21376,True,
REWE,21379,False,
Flink,21379,False,
Knuspr,21379,False,
Picnic,21379,False,
REWE,21380,True,
Flink,21380,True,
Knuspr,21380,True,
Picnic,21380,True,
REWE,21382,True,
Flink,21382,True,
Knuspr,21382,True,
Picnic,21382,True,
REWE,21385,False,
Flink,21385,False,
Knuspr,21385,False,
Picnic,21385,False,
REWE,21386,True,
Flink,21386,True,
Knuspr,21386,True,
Picnic,21386,True,
REWE,21388,True,
Flink,21388,True,
Knuspr,21388,True,
Picnic,21388,True,
REWE,21391,False,
Flink,21391,False,
Knuspr,21391,False,
Picnic,21391,False,
REWE,21394,True,
Flink,21394,True,
Knuspr,21394,True,
Picnic,21394,True,
REWE,21395,False,
Flink,21395,False,
Knuspr,21395,False,
Picnic,21395,False,
REWE,21397,False,
Flink,21397,False,
Knuspr,21397,False,
Picnic,21397,False,
REWE,21398,True,
Flink,21398,True,
Knuspr,21398,True,
Picnic,21398,True,
REWE,21400,True,
Flink,21400,True,
Knuspr,21400,True,
Picnic,21400,True,
REWE,21401,False,
Flink,21401,False,
Knuspr,21401,False,
Picnic,21401,False,
REWE,21403,False,
Flink,21403,False,
Knuspr,21403,False,
Picnic,21403,False,
REWE,21406,True,
Flink,21406,True,
Knuspr,21406,True,
Picnic,21406,True,
REWE,21407,False,
Flink,21407,False,
Knuspr,21407,False,
Picnic,21407,False,
REWE,21409,False,
Flink,21409,False,
Knuspr,21409,False,
Picnic,21409,False,
REWE,21423,False,
Flink,21423,False,
Knuspr,21423,False,
Picnic,21423,False,
REWE,21435,False,
Flink,21435,False,
Knuspr,21435,False,
Picnic,21435,False,
REWE,21436,True,
Flink,21436,True,
Knuspr,21436,True,
Picnic,21436,True,
REWE,21438,True,
Flink,21438,True,
Knuspr,21438,True,
Picnic,21438,True,
REWE,21439,False,
Flink,21439,False,
Knuspr,21439,False,
Picnic,21439,False,
REWE,21441,False,
Flink,21441,False,
Knuspr,21441,False,
Picnic,21441,False,
REWE,21442,True,
Flink,21442,True,
Knuspr,21442,True,
Picnic,21442,True,
REWE,21444,True,
Flink,21444,True,
Knuspr,21444,True,
Picnic,21444,True,
REWE,21445,False,
Flink,21445,False,
Knuspr,21445,False,
Picnic,21445,False,
REWE,21447,False,
Flink,21447,False,
Knuspr,21447,False,
Picnic,21447,False,
REWE,21449,False,
Flink,21449,False,
Knuspr,21449,False,
Picnic,21449,False,
REWE,21522,True,
Flink,21522,True,
Knuspr,21522,True,
Picnic,21522,True,
REWE,21614,True,
Flink,21614,True,
Knuspr,21614,True,
Picnic,21614,True,
REWE,21629,False,
Flink,21629,False,
Knuspr,21629,False,
Picnic,21629,False,
REWE,21635,False,
Flink,21635,False,
Knuspr,21635,False,
Picnic,21635,False,
REWE,21640,True,
Flink,21640,True,
Knuspr,21640,True,
Picnic,21640,True,
REWE,21641,False,
Flink,21641,False,
Knuspr,21641,False,
Picnic,21641,False,
REWE,21643,False,
Flink,21643,False,
Knuspr,21643,False,
Picnic,21643,False,
REWE,21644,True,
Flink,21644,True,
Knuspr,21644,True,
Picnic,21644,True,
REWE,21646,True,
Flink,21646,True,
Knuspr,21646,True,
Picnic,21646,True,
REWE,21647,False,
Flink,21647,False,
Knuspr,21647,False,
Picnic,21647,False,
REWE,21649,False,
Flink,21649,False,
Knuspr,21649,False,
Picnic,21649,False,
REWE,21680,True,
Flink,21680,True,
Knuspr,21680,True,
Picnic,21680,True,
REWE,21682,True,
Flink,21682,True,
Knuspr,21682,True,
Picnic,21682,True,
REWE,21683,False,
Flink,21683,False,
Knuspr,21683,False,
Picnic,21683,False,
REWE,21684,True,
Flink,21684,True,
Knuspr,21684,True,
Picnic,21684,True,
REWE,21698,True,
Flink,21698,True,
Knuspr,21698,True,
Picnic,21698,True,
REWE,21702,True,
Flink,21702,True,
Knuspr,21702,True,
Picnic,21702,True,
REWE,21706,True,
Flink,21706,True,
Knuspr,21706,True,
Picnic,21706,True,
REWE,21709,False,
Flink,21709,False,
Knuspr,21709,False,
Picnic,21709,False,
REWE,21710,True,
Flink,21710,True,
Knuspr,21710,True,
Picnic,21710,True,
REWE,21712,True,
Flink,21712,True,
Knuspr,21712,True,
Picnic,21712,True,
REWE,21714,True,
Flink,21714,True,
Knuspr,21714,True,
Picnic,21714,True,
REWE,21717,False,
Flink,21717,False,
Knuspr,21717,False,
Picnic,21717,False,
REWE,21720,True,
Flink,21720,True,
Knuspr,21720,True,
Picnic,21720,True,
REWE,21723,False,
Flink,21723,False,
Knuspr,21723,False,
Picnic,21723,False,
REWE,21726,True,
Flink,21726,True,
Knuspr,21726,True,
Picnic,21726,True,
REWE,21727,False,
Flink,21727,False,
Knuspr,21727,False,
Picnic,21727,False,
REWE,21729,False,
Flink,21729,False,
Knuspr,21729,False,
Picnic,21729,False,
REWE,21730,True,
Flink,21730,True,
Knuspr,21730,True,
Picnic,21730,True,
REWE,21732,True,
Flink,21732,True,
Knuspr,21732,True,
Picnic,21732,True,
REWE,21734,True,
Flink,21734,True,
Knuspr,21734,True,
Picnic,21734,True,
REWE,21737,False,
Flink,21737,False,
Knuspr,21737,False,
Picnic,21737,False,
REWE,21739,False,
Flink,21739,False,
Knuspr,21739,False,
Picnic,21739,False,
REWE,21745,False,
Flink,21745,False,
Knuspr,21745,False,
Picnic,21745,False,
REWE,21755,False,
Flink,21755,False,
Knuspr,21755,False,
Picnic,21755,False,
REWE,21756,True,
Flink,21756,True,
Knuspr,21756,True,
Picnic,21756,True,
REWE,21762,True,
Flink,21762,True,
Knuspr,21762,True,
Picnic,21762,True,
REWE,21763,False,
Flink,21763,False,
Knuspr,21763,False,
Picnic,21763,False,
REWE,21765,False,
Flink,21765,False,
Knuspr,21765,False,
Picnic,21765,False,
REWE,21769,False,
Flink,21769,False,
Knuspr,21769,False,
Picnic,21769,False,
REWE,21770,True,
Flink,21770,True,
Knuspr,21770,True,
Picnic,21770,True,
REWE,21772,True,
Flink,21772,True,
Knuspr,21772,True,
Picnic,21772,True,
REWE,21775,False,
Flink,21775,False,
Knuspr,21775,False,
Picnic,21775,False,
REWE,21776,True,
Flink,21776,True,
Knuspr,21776,True,
Picnic,21776,True,
REWE,21781,False,
Flink,21781,False,
Knuspr,21781,False,
Picnic,21781,False,
REWE,21782,True,
Flink,21782,True,
Knuspr,21782,True,
Picnic,21782,True,
REWE,21784,True,
Flink,21784,True,
Knuspr,21784,True,
Picnic,21784,True,
REWE,21785,False,
Flink,21785,False,
Knuspr,21785,False,
Picnic,21785,False,
REWE,21787,False,
Flink,21787,False,
Knuspr,21787,False,
Picnic,21787,False,
REWE,21789,False,
Flink,21789,False,
Knuspr,21789,False,
Picnic,21789,False,
REWE,26121,False,
Flink,26121,False,
Knuspr,26121,False,
Picnic,26121,False,
REWE,26122,True,
Flink,26122,True,
Knuspr,26122,True,
Picnic,26122,True,
REWE,26123,False,
Flink,26123,False,
Knuspr,26123,False,
Picnic,26123,False,
REWE,26125,False,
Flink,26125,False,
Knuspr,26125,False,
Picnic,26125,False,
REWE,26127,False,
Flink,26127,False,
Knuspr,26127,False,
Picnic,26127,False,
REWE,26129,False,
Flink,26129,False,
Knuspr,26129,False,
Picnic,26129,False,
REWE,26131,False,
Flink,26131,False,
Knuspr,26131,False,
Picnic,26131,False,
REWE,26133,False,
Flink,26133,False,
Knuspr,26133,False,
Picnic,26133,False,
REWE,26135,False,
Flink,26135,False,
Knuspr,26135,False,
Picnic,26135,False,
REWE,26160,True,
Flink,26160,True,
Knuspr,26160,True,
Picnic,26160,True,
REWE,26169,False,
Flink,26169,False,
Knuspr,26169,False,
Picnic,26169,False,
REWE,26180,True,
Flink,26180,True,
Knuspr,26180,True,
Picnic,26180,True,
REWE,26188,True,
Flink,26188,True,
Knuspr,26188,True,
Picnic,26188,True,
REWE,26197,False,
Flink,26197,False,
Knuspr,26197,False,
Picnic,26197,False,
REWE,26203,False,
Flink,26203,False,
Knuspr,26203,False,
Picnic,26203,False,
REWE,26209,False,
Flink,26209,False,
Knuspr,26209,False,
Picnic,26209,False,
REWE,26215,False,
Flink,26215,False,
Knuspr,26215,False,
Picnic,26215,False,
REWE,26219,False,
Flink,26219,False,
Knuspr,26219,False,
Picnic,26219,False,
REWE,26316,True,
Flink,26316,True,
Knuspr,26316,True,
Picnic,26316,True,
REWE,26340,True,
Flink,26340,True,
Knuspr,26340,True,
Picnic,26340,True,
REWE,26345,False,
Flink,26345,False,
Knuspr,26345,False,
Picnic,26345,False,
REWE,26349,False,
Flink,26349,False,
Knuspr,26349,False,
Picnic,26349,False,
REWE,26382,True,
Flink,26382,True,
Knuspr,26382,True,
Picnic,26382,True,
REWE,26384,True,
Flink,26384,True,
Knuspr,26384,True,
Picnic,26384,True,
REWE,26386,True,
Flink,26386,True,
Knuspr,26386,True,
Picnic,26386,True,
REWE,26388,True,
Flink,26388,True,
Knuspr,26388,True,
Picnic,26388,True,
REWE,26389,False,
Flink,26389,False,
Knuspr,26389,False,
Picnic,26389,False,
REWE,26409,False,
Flink,26409,False,
Knuspr,26409,False,
Picnic,26409,False,
REWE,26419,False,
Flink,26419,False,
Knuspr,26419,False,
Picnic,26419,False,
REWE,26427,False,
Flink,26427,False,
Knuspr,26427,False,
Picnic,26427,False,
REWE,26434,True,
Flink,26434,True,
Knuspr,26434,True,
Picnic,26434,True,
REWE,26441,False,
Flink,26441,False,
Knuspr,26441,False,
Picnic,26441,False,
REWE,26446,True,
Flink,26446,True,
Knuspr,26446,True,
Picnic,26446,True,
REWE,26452,True,
Flink,26452,True,
Knuspr,26452,True,
Picnic,26452,True,
REWE,26465,False,
Flink,26465,False,
Knuspr,26465,False,
Picnic,26465,False,
REWE,26474,True,
Flink,26474,True,
Knuspr,26474,True,
Picnic,26474,True,
REWE,26486,True,
Flink,26486,True,
Knuspr,26486,True,
Picnic,26486,True,
REWE,26487,False,
Flink,26487,False,
Knuspr,26487,False,
Picnic,26487,False,
REWE,26489,False,
Flink,26489,False,
Knuspr,26489,False,
Picnic,26489,False,
REWE,26506,True,
Flink,26506,True,
Knuspr,26506,True,
Picnic,26506,True,
REWE,26524,True,
Flink,26524,True,
Knuspr,26524,True,
Picnic,26524,True,
REWE,26529,False,
Flink,26529,False,
Knuspr,26529,False,
Picnic,26529,False,
REWE,26532,True,
Flink,26532,True,
Knuspr,26532,True,
Picnic,26532,True,
REWE,26548,True,
Flink,26548,True,
Knuspr,26548,True,
Picnic,26548,True,
REWE,26553,False,
Flink,26553,False,
Knuspr,26553,False,
Picnic,26553,False,
REWE,26556,True,
Flink,26556,True,
Knuspr,26556,True,
Picnic,26556,True,
REWE,26571,False,
Flink,26571,False,
Knuspr,26571,False,
Picnic,26571,False,
REWE,26579,False,
Flink,26579,False,
Knuspr,26579,False,
Picnic,26579,False,
REWE,26603,False,
Flink,26603,False,
Knuspr,26603,False,
Picnic,26603,False,
REWE,26605,False,
Flink,26605,False,
Knuspr,26605,False,
Picnic,26605,False,
REWE,26607,False,
Flink,26607,False,
Knuspr,26607,False,
Picnic,26607,False,
REWE,26624,True,
Flink,26624,True,
Knuspr,26624,True,
Picnic,26624,True,
REWE,26629,False,
Flink,26629,False,
Knuspr,26629,False,
Picnic,26629,False,
REWE,26632,True,
Flink,26632,True,
Knuspr,26632,True,
Picnic,26632,True,
REWE,26639,False,
Flink,26639,False,
Knuspr,26639,False,
Picnic,26639,False,
REWE,26655,False,
Flink,26655,False,
Knuspr,26655,False,
Picnic,26655,False,
REWE,26670,True,
Flink,26670,True,
Knuspr,26670,True,
Picnic,26670,True,
REWE,26676,True,
Flink,26676,True,
Knuspr,26676,True,
Picnic,26676,True,
REWE,26683,False,
Flink,26683,False,
Knuspr,26683,False,
Picnic,26683,False,
REWE,26689,False,
Flink,26689,False,
Knuspr,26689,False,
Picnic,26689,False,
REWE,26721,False,
Flink,26721,False,
Knuspr,26721,False,
Picnic,26721,False,
REWE,26723,False,
Flink,26723,False,
Knuspr,26723,False,
Picnic,26723,False,
REWE,26725,False,
Flink,26725,False,
Knuspr,26725,False,
Picnic,26725,False,
REWE,26736,True,
Flink,26736,True,
Knuspr,26736,True,
Picnic,26736,True,
REWE,26757,False,
Flink,26757,False,
Knuspr,26757,False,
Picnic,26757,False,
REWE,26759,False,
Flink,26759,False,
Knuspr,26759,False,
Picnic,26759,False,
REWE,26789,False,
Flink,26789,False,
Knuspr,26789,False,
Picnic,26789,False,
REWE,26802,True,
Flink,26802,True,
Knuspr,26802,True,
Picnic,26802,True,
REWE,26810,True,
Flink,26810,True,
Knuspr,26810,True,
Picnic,26810,True,
REWE,26817,False,
Flink,26817,False,
Knuspr,26817,False,
Picnic,26817,False,
REWE,26826,True,
Flink,26826,True,
Knuspr,26826,True,
Picnic,26826,True,
REWE,26831,False,
Flink,26831,False,
Knuspr,26831,False,
Picnic,26831,False,
REWE,26835,False,
Flink,26835,False,
Knuspr,26835,False,
Picnic,26835,False,
REWE,26842,True,
Flink,26842,True,
Knuspr,26842,True,
Picnic,26842,True,
REWE,26844,True,
Flink,26844,True,
Knuspr,26844,True,
Picnic,26844,True,
REWE,26845,False,
Flink,26845,False,
Knuspr,26845,False,
Picnic,26845,False,
REWE,26847,False,
Flink,26847,False,
Knuspr,26847,False,
Picnic,26847,False,
REWE,26849,False,
Flink,26849,False,
Knuspr,26849,False,
Picnic,26849,False,
REWE,26871,False,
Flink,26871,False,
Knuspr,26871,False,
Picnic,26871,False,
REWE,26892,True,
Flink,26892,True,
Knuspr,26892,True,
Picnic,26892,True,
REWE,26897,False,
Flink,26897,False,
Knuspr,26897,False,
Picnic,26897,False,
REWE,26899,False,
Flink,26899,False,
Knuspr,26899,False,
Picnic,26899,False,
REWE,26901,False,
Flink,26901,False,
Knuspr,26901,False,
Picnic,26901,False,
REWE,26903,False,
Flink,26903,False,
Knuspr,26903,False,
Picnic,26903,False,
REWE,26904,True,
Flink,26904,True,
Knuspr,26904,True,
Picnic,26904,True,
REWE,26906,True,
Flink,26906,True,
Knuspr,26906,True,
Picnic,26906,True,
REWE,26907,False,
Flink,26907,False,
Knuspr,26907,False,
Picnic,26907,False,
REWE,26909,False,
Flink,26909,False,
Knuspr,26909,False,
Picnic,26909,False,
REWE,26919,False,
Flink,26919,False,
Knuspr,26919,False,
Picnic,26919,False,
REWE,26931,False,
Flink,26931,False,
Knuspr,26931,False,
Picnic,26931,False,
REWE,26935,False,
Flink,26935,False,
Knuspr,26935,False,
Picnic,26935,False,
REWE,26936,True,
Flink,26936,True,
Knuspr,26936,True,
Picnic,26936,True,
REWE,26937,False,
Flink,26937,False,
Knuspr,26937,False,
Picnic,26937,False,
REWE,26939,False,
Flink,26939,False,
Knuspr,26939,False,
Picnic,26939,False,
REWE,26954,True,
Flink,26954,True,
Knuspr,26954,True,
Picnic,26954,True,
REWE,26969,False,
Flink,26969,False,
Knuspr,26969,False,
Picnic,26969,False,
REWE,27211,False,
Flink,27211,False,
Knuspr,27211,False,
Picnic,27211,False,
REWE,27232,True,
Flink,27232,True,
Knuspr,27232,True,
Picnic,27232,True,
REWE,27239,False,
Flink,27239,False,
Knuspr,27239,False,
Picnic,27239,False,
REWE,27243,False,
Flink,27243,False,
Knuspr,27243,False,
Picnic,27243,False,
REWE,27245,False,
Flink,27245,False,
Knuspr,27245,False,
Picnic,27245,False,
REWE,27246,True,
Flink,27246,True,
Knuspr,27246,True,
Picnic,27246,True,
REWE,27248,True,
Flink,27248,True,
Knuspr,27248,True,
Picnic,27248,True,
REWE,27249,False,
Flink,27249,False,
Knuspr,27249,False,
Picnic,27249,False,
REWE,27251,False,
Flink,27251,False,
Knuspr,27251,False,
Picnic,27251,False,
REWE,27252,True,
Flink,27252,True,
Knuspr,27252,True,
Picnic,27252,True,
REWE,27254,True,
Flink,27254,True,
Knuspr,27254,True,
Picnic,27254,True,
REWE,27257,False,
Flink,27257,False,
Knuspr,27257,False,
Picnic,27257,False,
REWE,27259,False,
Flink,27259,False,
Knuspr,27259,False,
Picnic,27259,False,
REWE,27283,False,
Flink,27283,False,
Knuspr,27283,False,
Picnic,27283,False,
REWE,27299,False,
Flink,27299,False,
Knuspr,27299,False,
Picnic,27299,False,
REWE,27305,False,
Flink,27305,False,
Knuspr,27305,False,
Picnic,27305,False,
REWE,27308,True,
Flink,27308,True,
Knuspr,27308,True,
Picnic,27308,True,
REWE,27313,False,
Flink,27313,False,
Knuspr,27313,False,
Picnic,27313,False,
REWE,27318,True,
Flink,27318,True,
Knuspr,27318,True,
Picnic,27318,True,
REWE,27321,False,
Flink,27321,False,
Knuspr,27321,False,
Picnic,27321,False,
REWE,27324,True,
Flink,27324,True,
Knuspr,27324,True,
Picnic,27324,True,
REWE,27327,False,
Flink,27327,False,
Knuspr,27327,False,
Picnic,27327,False,
REWE,27330,True,
Flink,27330,True,
Knuspr,27330,True,
Picnic,27330,True,
REWE,27333,False,
Flink,27333,False,
Knuspr,27333,False,
Picnic,27333,False,
REWE,27336,True,
Flink,27336,True,
Knuspr,27336,True,
Picnic,27336,True,
REWE,27337,False,
Flink,27337,False,
Knuspr,27337,False,
Picnic,27337,False,
REWE,27339,False,
Flink,27339,False,
Knuspr,27339,False,
Picnic,27339,False,
REWE,27356,True,
Flink,27356,True,
Knuspr,27356,True,
Picnic,27356,True,
REWE,27367,False,
Flink,27367,False,
Knuspr,27367,False,
Picnic,27367,False,
REWE,27374,True,
Flink,27374,True,
Knuspr,27374,True,
Picnic,27374,True,
REWE,27383,False,
Flink,27383,False,
Knuspr,27383,False,
Picnic,27383,False,
REWE,27386,True,
Flink,27386,True,
Knuspr,27386,True,
Picnic,27386,True,
REWE,27389,False,
Flink,27389,False,
Knuspr,27389,False,
Picnic,27389,False,
REWE,27404,True,
Flink,27404,True,
Knuspr,27404,True,
Picnic,27404,True,
REWE,27412,True,
Flink,27412,True,
Knuspr,27412,True,
Picnic,27412,True,
REWE,27419,False,
Flink,27419,False,
Knuspr,27419,False,
Picnic,27419,False,
REWE,27432,True,
Flink,27432,True,
Knuspr,27432,True,
Picnic,27432,True,
REWE,27442,True,
Flink,27442,True,
Knuspr,27442,True,
Picnic,27442,True,
REWE,27446,True,
Flink,27446,True,
Knuspr,27446,True,
Picnic,27446,True,
REWE,27449,False,
Flink,27449,False,
Knuspr,27449,False,
Picnic,27449,False,
REWE,27472,True,
Flink,27472,True,
Knuspr,27472,True,
Picnic,27472,True,
REWE,27474,True,
Flink,27474,True,
Knuspr,27474,True,
Picnic,27474,True,
REWE,27476,True,
Flink,27476,True,
Knuspr,27476,True,
Picnic,27476,True,
REWE,27478,True,
Flink,27478,True,
Knuspr,27478,True,
Picnic,27478,True,
REWE,27607,False,
Flink,27607,False,
Knuspr,27607,False,
Picnic,27607,False,
REWE,27612,True,
Flink,27612,True,
Knuspr,27612,True,
Picnic,27612,True,
REWE,27616,True,
Flink,27616,True,
Knuspr,27616,True,
Picnic,27616,True,
REWE,27619,False,
Flink,27619,False,
Knuspr,27619,False,
Picnic,27619,False,
REWE,27624,True,
Flink,27624,True,
Knuspr,27624,True,
Picnic,27624,True,
REWE,27628,True,
Flink,27628,True,
Knuspr,27628,True,
Picnic,27628,True,
REWE,27637,False,
Flink,27637,False,
Knuspr,27637,False,
Picnic,27637,False,
REWE,27638,True,
Flink,27638,True,
Knuspr,27638,True,
Picnic,27638,True,
REWE,27639,False,
Flink,27639,False,
Knuspr,27639,False,
Picnic,27639,False,
REWE,27711,False,
Flink,27711,False,
Knuspr,27711,False,
Picnic,27711,False,
REWE,27721,False,
Flink,27721,False,
Knuspr,27721,False,
Picnic,27721,False,
REWE,27726,True,
Flink,27726,True,
Knuspr,27726,True,
Picnic,27726,True,
REWE,27729,False,
Flink,27729,False,
Knuspr,27729,False,
Picnic,27729,False,
REWE,27749,False,
Flink,27749,False,
Knuspr,27749,False,
Picnic,27749,False,
REWE,27751,False,
Flink,27751,False,
Knuspr,27751,False,
Picnic,27751,False,
REWE,27753,False,
Flink,27753,False,
Knuspr,27753,False,
Picnic,27753,False,
REWE,27755,False,
Flink,27755,False,
Knuspr,27755,False,
Picnic,27755,False,
REWE,27777,False,
Flink,27777,False,
Knuspr,27777,False,
Picnic,27777,False,
REWE,27793,False,
Flink,27793,False,
Knuspr,27793,False,
Picnic,27793,False,
REWE,27798,True,
Flink,27798,True,
Knuspr,27798,True,
Picnic,27798,True,
REWE,27801,False,
Flink,27801,False,
Knuspr,27801,False,
Picnic,27801,False,
REWE,27804,True,
Flink,27804,True,
Knuspr,27804,True,
Picnic,27804,True,
REWE,27809,False,
Flink,27809,False,
Knuspr,27809,False,
Picnic,27809,False,
REWE,28790,True,
Flink,28790,True,
Knuspr,28790,True,
Picnic,28790,True,
REWE,28816,True,
Flink,28816,True,
Knuspr,28816,True,
Picnic,28816,True,
REWE,28832,True,
Flink,28832,True,
Knuspr,28832,True,
Picnic,28832,True,
REWE,28844,True,
Flink,28844,True,
Knuspr,28844,True,
Picnic,28844,True,
REWE,28857,False,
Flink,28857,False,
Knuspr,28857,False,
Picnic,28857,False,
REWE,28865,False,
Flink,28865,False,
Knuspr,28865,False,
Picnic,28865,False,
REWE,28870,True,
Flink,28870,True,
Knuspr,28870,True,
Picnic,28870,True,
REWE,28876,True,
Flink,28876,True,
Knuspr,28876,True,
Picnic,28876,True,
REWE,28879,False,
Flink,28879,False,
Knuspr,28879,False,
Picnic,28879,False,
REWE,29221,False,
Flink,29221,False,
Knuspr,29221,False,
Picnic,29221,False,
REWE,29223,False,
Flink,29223,False,
Knuspr,29223,False,
Picnic,29223,False,
REWE,29225,False,
Flink,29225,False,
Knuspr,29225,False,
Picnic,29225,False,
REWE,29227,False,
Flink,29227,False,
Knuspr,29227,False,
Picnic,29227,False,
REWE,29229,False,
Flink,29229,False,
Knuspr,29229,False,
Picnic,29229,False,
REWE,29303,False,
Flink,29303,False,
Knuspr,29303,False,
Picnic,29303,False,
REWE,29308,True,
Flink,29308,True,
Knuspr,29308,True,
Picnic,29308,True,
REWE,29313,False,
Flink,29313,False,
Knuspr,29313,False,
Picnic,29313,False,
REWE,29320,True,
Flink,29320,True,
Knuspr,29320,True,
Picnic,29320,True,
REWE,29323,False,
Flink,29323,False,
Knuspr,29323,False,
Picnic,29323,False,
REWE,29328,True,
Flink,29328,True,
Knuspr,29328,True,
Picnic,29328,True,
REWE,29331,False,
Flink,29331,False,
Knuspr,29331,False,
Picnic,29331,False,
REWE,29336,True,
Flink,29336,True,
Knuspr,29336,True,
Picnic,29336,True,
REWE,29339,False,
Flink,29339,False,
Knuspr,29339,False,
Picnic,29339,False,
REWE,29342,True,
Flink,29342,True,
Knuspr,29342,True,
Picnic,29342,True,
REWE,29345,False,
Flink,29345,False,
Knuspr,29345,False,
Picnic,29345,False,
REWE,29348,True,
Flink,29348,True,
Knuspr,29348,True,
Picnic,29348,True,
REWE,29351,False,
Flink,29351,False,
Knuspr,29351,False,
Picnic,29351,False,
REWE,29352,True,
Flink,29352,True,
Knuspr,29352,True,
Picnic,29352,True,
REWE,29353,False,
Flink,29353,False,
Knuspr,29353,False,
Picnic,29353,False,
REWE,29355,False,
Flink,29355,False,
Knuspr,29355,False,
Picnic,29355,False,
REWE,29356,True,
Flink,29356,True,
Knuspr,29356,True,
Picnic,29356,True,
REWE,29358,True,
Flink,29358,True,
Knuspr,29358,True,
Picnic,29358,True,
REWE,29359,False,
Flink,29359,False,
Knuspr,29359,False,
Picnic,29359,False,
REWE,29361,False,
Flink,29361,False,
Knuspr,29361,False,
Picnic,29361,False,
REWE,29362,True,
Flink,29362,True,
Knuspr,29362,True,
Picnic,29362,True,
REWE,29364,True,
Flink,29364,True,
Knuspr,29364,True,
Picnic,29364,True,
REWE,29365,False,
Flink,29365,False,
Knuspr,29365,False,
Picnic,29365,False,
REWE,29367,False,
Flink,29367,False,
Knuspr,29367,False,
Picnic,29367,False,
REWE,29369,False,
Flink,29369,False,
Knuspr,29369,False,
Picnic,29369,False,
REWE,29378,True,
Flink,29378,True,
Knuspr,29378,True,
Picnic,29378,True,
REWE,29379,False,
Flink,29379,False,
Knuspr,29379,False,
Picnic,29379,False,
REWE,29386,True,
Flink,29386,True,
Knuspr,29386,True,
Picnic,29386,True,
REWE,29389,False,
Flink,29389,False,
Knuspr,29389,False,
Picnic,29389,False,
REWE,29392,True,
Flink,29392,True,
Knuspr,29392,True,
Picnic,29392,True,
REWE,29393,False,
Flink,29393,False,
Knuspr,29393,False,
Picnic,29393,False,
REWE,29394,True,
Flink,29394,True,
Knuspr,29394,True,
Picnic,29394,True,
REWE,29396,True,
Flink,29396,True,
Knuspr,29396,True,
Picnic,29396,True,
REWE,29399,False,
Flink,29399,False,
Knuspr,29399,False,
Picnic,29399,False,
REWE,29439,False,
Flink,29439,False,
Knuspr,29439,False,
Picnic,29439,False,
REWE,29451,False,
Flink,29451,False,
Knuspr,29451,False,
Picnic,29451,False,
REWE,29456,True,
Flink,29456,True,
Knuspr,29456,True,
Picnic,29456,True,
REWE,29459,False,
Flink,29459,False,
Knuspr,29459,False,
Picnic,29459,False,
REWE,29462,True,
Flink,29462,True,
Knuspr,29462,True,
Picnic,29462,True,
REWE,29465,False,
Flink,29465,False,
Knuspr,29465,False,
Picnic,29465,False,
REWE,29468,True,
Flink,29468,True,
Knuspr,29468,True,
Picnic,29468,True,
REWE,29471,False,
Flink,29471,False,
Knuspr,29471,False,
Picnic,29471,False,
REWE,29472,True,
Flink,29472,True,
Knuspr,29472,True,
Picnic,29472,True,
REWE,29473,False,
Flink,29473,False,
Knuspr,29473,False,
Picnic,29473,False,
REWE,29475,False,
Flink,29475,False,
Knuspr,29475,False,
Picnic,29475,False,
REWE,29476,True,
Flink,29476,True,
Knuspr,29476,True,
Picnic,29476,True,
REWE,29478,True,
Flink,29478,True,
Knuspr,29478,True,
Picnic,29478,True,
REWE,29479,False,
Flink,29479,False,
Knuspr,29479,False,
Picnic,29479,False,
REWE,29481,False,
Flink,29481,False,
Knuspr,29481,False,
Picnic,29481,False,
REWE,29482,True,
Flink,29482,True,
Knuspr,29482,True,
Picnic,29482,True,
REWE,29484,True,
Flink,29484,True,
Knuspr,29484,True,
Picnic,29484,True,
REWE,29485,False,
Flink,29485,False,
Knuspr,29485,False,
Picnic,29485,False,
REWE,29487,False,
Flink,29487,False,
Knuspr,29487,False,
Picnic,29487,False,
REWE,29488,True,
Flink,29488,True,
Knuspr,29488,True,
Picnic,29488,True,
REWE,29490,True,
Flink,29490,True,
Knuspr,29490,True,
Picnic,29490,True,
REWE,29491,False,
Flink,29491,False,
Knuspr,29491,False,
Picnic,29491,False,
REWE,29493,False,
Flink,29493,False,
Knuspr,29493,False,
Picnic,29493,False,
REWE,29494,True,
Flink,29494,True,
Knuspr,29494,True,
Picnic,29494,True,
REWE,29496,True,
Flink,29496,True,
Knuspr,29496,True,
Picnic,29496,True,
REWE,29497,False,
Flink,29497,False,
Knuspr,29497,False,
Picnic,29497,False,
REWE,29499,False,
Flink,29499,False,
Knuspr,29499,False,
Picnic,29499,False,
REWE,29525,False,
Flink,29525,False,
Knuspr,29525,False,
Picnic,29525,False,
REWE,29549,False,
Flink,29549,False,
Knuspr,29549,False,
Picnic,29549,False,
REWE,29553,False,
Flink,29553,False,
Knuspr,29553,False,
Picnic,29553,False,
REWE,29556,True,
Flink,29556,True,
Knuspr,29556,True,
Picnic,29556,True,
REWE,29559,False,
Flink,29559,False,
Knuspr,29559,False,
Picnic,29559,False,
REWE,29562,True,
Flink,29562,True,
Knuspr,29562,True,
Picnic,29562,True,
REWE,29565,False,
Flink,29565,False,
Knuspr,29565,False,
Picnic,29565,False,
REWE,29568,True,
Flink,29568,True,
Knuspr,29568,True,
Picnic,29568,True,
REWE,29571,False,
Flink,29571,False,
Knuspr,29571,False,
Picnic,29571,False,
REWE,29574,True,
Flink,29574,True,
Knuspr,29574,True,
Picnic,29574,True,
REWE,29575,False,
Flink,29575,False,
Knuspr,29575,False,
Picnic,29575,False,
REWE,29576,True,
Flink,29576,True,
Knuspr,29576,True,
Picnic,29576,True,
REWE,29578,True,
Flink,29578,True,
Knuspr,29578,True,
Picnic,29578,True,
REWE,29579,False,
Flink,29579,False,
Knuspr,29579,False,
Picnic,29579,False,
REWE,29581,False,
Flink,29581,False,
Knuspr,29581,False,
Picnic,29581,False,
REWE,29582,True,
Flink,29582,True,
Knuspr,29582,True,
Picnic,29582,True,
REWE,29584,True,
Flink,29584,True,
Knuspr,29584,True,
Picnic,29584,True,
REWE,29585,False,
Flink,29585,False,
Knuspr,29585,False,
Picnic,29585,False,
REWE,29587,False,
Flink,29587,False,
Knuspr,29587,False,
Picnic,29587,False,
REWE,29588,True,
Flink,29588,True,
Knuspr,29588,True,
Picnic,29588,True,
REWE,29590,True,
Flink,29590,True,
Knuspr,29590,True,
Picnic,29590,True,
REWE,29591,False,
Flink,29591,False,
Knuspr,29591,False,
Picnic,29591,False,
REWE,29593,False,
Flink,29593,False,
Knuspr,29593,False,
Picnic,29593,False,
REWE,29594,True,
Flink,29594,True,
Knuspr,29594,True,
Picnic,29594,True,
REWE,29596,True,
Flink,29596,True,
Knuspr,29596,True,
Picnic,29596,True,
REWE,29597,False,
Flink,29597,False,
Knuspr,29597,False,
Picnic,29597,False,
REWE,29599,False,
Flink,29599,False,
Knuspr,29599,False,
Picnic,29599,False,
REWE,29614,True,
Flink,29614,True,
Knuspr,29614,True,
Picnic,29614,True,
REWE,29633,False,
Flink,29633,False,
Knuspr,29633,False,
Picnic,29633,False,
REWE,29640,True,
Flink,29640,True,
Knuspr,29640,True,
Picnic,29640,True,
REWE,29643,False,
Flink,29643,False,
Knuspr,29643,False,
Picnic,29643,False,
REWE,29646,True,
Flink,29646,True,
Knuspr,29646,True,
Picnic,29646,True,
REWE,29649,False,
Flink,29649,False,
Knuspr,29649,False,
Picnic,29649,False,
REWE,29664,True,
Flink,29664,True,
Knuspr,29664,True,
Picnic,29664,True,
REWE,29683,False,
Flink,29683,False,
Knuspr,29683,False,
Picnic,29683,False,
REWE,29690,True,
Flink,29690,True,
Knuspr,29690,True,
Picnic,29690,True,
REWE,29693,False,
Flink,29693,False,
Knuspr,29693,False,
Picnic,29693,False,
REWE,29699,False,
Flink,29699,False,
Knuspr,29699,False,
Picnic,29699,False,
REWE,30159,False,
Flink,30159,False,
Knuspr,30159,False,
Picnic,30159,False,
REWE,30161,False,
Flink,30161,False,
Knuspr,30161,False,
Picnic,30161,False,
REWE,30163,False,
Flink,30163,False,
Knuspr,30163,False,
Picnic,30163,False,
REWE,30165,False,
Flink,30165,False,
Knuspr,30165,False,
Picnic,30165,False,
REWE,30167,False,
Flink,30167,False,
Knuspr,30167,False,
Picnic,30167,False,
REWE,30169,False,
Flink,30169,False,
Knuspr,30169,False,
Picnic,30169,False,
REWE,30171,False,
Flink,30171,False,
Knuspr,30171,False,
Picnic,30171,False,
REWE,30173,False,
Flink,30173,False,
Knuspr,30173,False,
Picnic,30173,False,
REWE,30175,False,
Flink,30175,False,
Knuspr,30175,False,
Picnic,30175,False,
REWE,30177,False,
Flink,30177,False,
Knuspr,30177,False,
Picnic,30177,False,
REWE,30179,False,
Flink,30179,False,
Knuspr,30179,False,
Picnic,30179,False,
REWE,30419,False,
Flink,30419,False,
Knuspr,30419,False,
Picnic,30419,False,
REWE,30449,False,
Flink,30449,False,
Knuspr,30449,False,
Picnic,30449,False,
REWE,30451,False,
Flink,30451,False,
Knuspr,30451,False,
Picnic,30451,False,
REWE,30453,False,
Flink,30453,False,
Knuspr,30453,False,
Picnic,30453,False,
REWE,30455,False,
Flink,30455,False,
Knuspr,30455,False,
Picnic,30455,False,
REWE,30457,False,
Flink,30457,False,
Knuspr,30457,False,
Picnic,30457,False,
REWE,30459,False,
Flink,30459,False,
Knuspr,30459,False,
Picnic,30459,False,
REWE,30519,False,
Flink,30519,False,
Knuspr,30519,False,
Picnic,30519,False,
REWE,30521,False,
Flink,30521,False,
Knuspr,30521,False,
Picnic,30521,False,
REWE,30539,False,
Flink,30539,False,
Knuspr,30539,False,
Picnic,30539,False,
REWE,30559,False,
Flink,30559,False,
Knuspr,30559,False,
Picnic,30559,False,
REWE,30625,False,
Flink,30625,False,
Knuspr,30625,False,
Picnic,30625,False,
REWE,30627,False,
Flink,30627,False,
Knuspr,30627,False,
Picnic,30627,False,
REWE,30629,False,
Flink,30629,False,
Knuspr,30629,False,
Picnic,30629,False,
REWE,30655,False,
Flink,30655,False,
Knuspr,30655,False,
Picnic,30655,False,
REWE,30657,False,
Flink,30657,False,
Knuspr,30657,False,
Picnic,30657,False,
REWE,30659,False,
Flink,30659,False,
Knuspr,30659,False,
Picnic,30659,False,
REWE,30669,False,
Flink,30669,False,
Knuspr,30669,False,
Picnic,30669,False,
REWE,30823,False,
Flink,30823,False,
Knuspr,30823,False,
Picnic,30823,False,
REWE,30826,True,
Flink,30826,True,
Knuspr,30826,True,
Picnic,30826,True,
REWE,30827,False,
Flink,30827,False,
Knuspr,30827,False,
Picnic,30827,False,
REWE,30851,False,
Flink,30851,False,
Knuspr,30851,False,
Picnic,30851,False,
REWE,30853,False,
Flink,30853,False,
Knuspr,30853,False,
Picnic,30853,False,
REWE,30855,False,
Flink,30855,False,
Knuspr,30855,False,
Picnic,30855,False,
REWE,30880,True,
Flink,30880,True,
Knuspr,30880,True,
Picnic,30880,True,
REWE,30890,True,
Flink,30890,True,
Knuspr,30890,True,
Picnic,30890,True,
REWE,30900,True,
Flink,30900,True,
Knuspr,30900,True,
Picnic,30900,True,
REWE,30916,True,
Flink,30916,True,
Knuspr,30916,True,
Picnic,30916,True,
REWE,30926,True,
Flink,30926,True,
Knuspr,30926,True,
Picnic,30926,True,
REWE,30938,True,
Flink,30938,True,
Knuspr,30938,True,
Picnic,30938,True,
REWE,30952,True,
Flink,30952,True,
Knuspr,30952,True,
Picnic,30952,True,
REWE,30966,True,
Flink,30966,True,
Knuspr,30966,True,
Picnic,30966,True,
REWE,30974,True,
Flink,30974,True,
Knuspr,30974,True,
Picnic,30974,True,
REWE,30982,True,
Flink,30982,True,
Knuspr,30982,True,
Picnic,30982,True,
REWE,30989,False,
Flink,30989,False,
Knuspr,30989,False,
Picnic,30989,False,
REWE,31008,True,
Flink,31008,True,
Knuspr,31008,True,
Picnic,31008,True,
REWE,31020,True,
Flink,31020,True,
Knuspr,31020,True,
Picnic,31020,True,
REWE,31028,True,
Flink,31028,True,
Knuspr,31028,True,
Picnic,31028,True,
REWE,31029,False,
Flink,31029,False,
Knuspr,31029,False,
Picnic,31029,False,
REWE,31032,True,
Flink,31032,True,
Knuspr,31032,True,
Picnic,31032,True,
REWE,31033,False,
Flink,31033,False,
Knuspr,31033,False,
Picnic,31033,False,
REWE,31036,True,
Flink,31036,True,
Knuspr,31036,True,
Picnic,31036,True,
REWE,31039,False,
Flink,31039,False,
Knuspr,31039,False,
Picnic,31039,False,
REWE,31061,False,
Flink,31061,False,
Knuspr,31061,False,
Picnic,31061,False,
REWE,31073,False,
Flink,31073,False,
Knuspr,31073,False,
Picnic,31073,False,
REWE,31079,False,
Flink,31079,False,
Knuspr,31079,False,
Picnic,31079,False,
REWE,31084,True,
Flink,31084,True,
Knuspr,31084,True,
Picnic,31084,True,
REWE,31085,False,
Flink,31085,False,
Knuspr,31085,False,
Picnic,31085,False,
REWE,31088,True,
Flink,31088,True,
Knuspr,31088,True,
Picnic,31088,True,
REWE,31089,False,
Flink,31089,False,
Knuspr,31089,False,
Picnic,31089,False,
REWE,31091,False,
Flink,31091,False,
Knuspr,31091,False,
Picnic,31091,False,
REWE,31093,False,
Flink,31093,False,
Knuspr,31093,False,
Picnic,31093,False,
REWE,31094,True,
Flink,31094,True,
Knuspr,31094,True,
Picnic,31094,True,
REWE,31096,True,
Flink,31096,True,
Knuspr,31096,True,
Picnic,31096,True,
REWE,31097,False,
Flink,31097,False,
Knuspr,31097,False,
Picnic,31097,False,
REWE,31099,False,
Flink,31099,False,
Knuspr,31099,False,
Picnic,31099,False,
REWE,31134,True,
Flink,31134,True,
Knuspr,31134,True,
Picnic,31134,True,
REWE,31135,False,
Flink,31135,False,
Knuspr,31135,False,
Picnic,31135,False,
REWE,31137,False,
Flink,31137,False,
Knuspr,31137,False,
Picnic,31137,False,
REWE,31139,False,
Flink,31139,False,
Knuspr,31139,False,
Picnic,31139,False,
REWE,31141,False,
Flink,31141,False,
Knuspr,31141,False,
Picnic,31141,False,
REWE,31157,False,
Flink,31157,False,
Knuspr,31157,False,
Picnic,31157,False,
REWE,31162,True,
Flink,31162,True,
Knuspr,31162,True,
Picnic,31162,True,
REWE,31167,False,
Flink,31167,False,
Knuspr,31167,False,
Picnic,31167,False,
REWE,31171,False,
Flink,31171,False,
Knuspr,31171,False,
Picnic,31171,False,
REWE,31174,True,
Flink,31174,True,
Knuspr,31174,True,
Picnic,31174,True,
REWE,31177,False,
Flink,31177,False,
Knuspr,31177,False,
Picnic,31177,False,
REWE,31180,True,
Flink,31180,True,
Knuspr,31180,True,
Picnic,31180,True,
REWE,31185,False,
Flink,31185,False,
Knuspr,31185,False,
Picnic,31185,False,
REWE,31188,True,
Flink,31188,True,
Knuspr,31188,True,
Picnic,31188,True,
REWE,31191,False,
Flink,31191,False,
Knuspr,31191,False,
Picnic,31191,False,
REWE,31195,False,
Flink,31195,False,
Knuspr,31195,False,
Picnic,31195,False,
REWE,31196,True,
Flink,31196,True,
Knuspr,31196,True,
Picnic,31196,True,
REWE,31199,False,
Flink,31199,False,
Knuspr,31199,False,
Picnic,31199,False,
REWE,31224,True,
Flink,31224,True,
Knuspr,31224,True,
Picnic,31224,True,
REWE,31226,True,
Flink,31226,True,
Knuspr,31226,True,
Picnic,31226,True,
REWE,31228,True,
Flink,31228,True,
Knuspr,31228,True,
Picnic,31228,True,
REWE,31234,True,
Flink,31234,True,
Knuspr,31234,True,
Picnic,31234,True,
REWE,31241,False,
Flink,31241,False,
Knuspr,31241,False,
Picnic,31241,False,
REWE,31246,True,
Flink,31246,True,
Knuspr,31246,True,
Picnic,31246,True,
REWE,31249,False,
Flink,31249,False,
Knuspr,31249,False,
Picnic,31249,False,
REWE,31275,False,
Flink,31275,False,
Knuspr,31275,False,
Picnic,31275,False,
REWE,31303,False,
Flink,31303,False,
Knuspr,31303,False,
Picnic,31303,False,
REWE,31311,False,
Flink,31311,False,
Knuspr,31311,False,
Picnic,31311,False,
REWE,31319,False,
Flink,31319,False,
Knuspr,31319,False,
Picnic,31319,False,
REWE,31515,False,
Flink,31515,False,
Knuspr,31515,False,
Picnic,31515,False,
REWE,31535,False,
Flink,31535,False,
Knuspr,31535,False,
Picnic,31535,False,
REWE,31542,True,
Flink,31542,True,
Knuspr,31542,True,
Picnic,31542,True,
REWE,31547,False,
Flink,31547,False,
Knuspr,31547,False,
Picnic,31547,False,
REWE,31552,True,
Flink,31552,True,
Knuspr,31552,True,
Picnic,31552,True,
REWE,31553,False,
Flink,31553,False,
Knuspr,31553,False,
Picnic,31553,False,
REWE,31555,False,
Flink,31555,False,
Knuspr,31555,False,
Picnic,31555,False,
REWE,31556,True,
Flink,31556,True,
Knuspr,31556,True,
Picnic,31556,True,
REWE,31558,True,
Flink,31558,True,
Knuspr,31558,True,
Picnic,31558,True,
REWE,31559,False,
Flink,31559,False,
Knuspr,31559,False,
Picnic,31559,False,
REWE,31582,True,
Flink,31582,True,
Knuspr,31582,True,
Picnic,31582,True,
REWE,31592,True,
Flink,31592,True,
Knuspr,31592,True,
Picnic,31592,True,
REWE,31595,False,
Flink,31595,False,
Knuspr,31595,False,
Picnic,31595,False,
REWE,31600,True,
Flink,31600,True,
Knuspr,31600,True,
Picnic,31600,True,
REWE,31603,False,
Flink,31603,False,
Knuspr,31603,False,
Picnic,31603,False,
REWE,31604,True,
Flink,31604,True,
Knuspr,31604,True,
Picnic,31604,True,
REWE,31606,True,
Flink,31606,True,
Knuspr,31606,True,
Picnic,31606,True,
REWE,31608,True,
Flink,31608,True,
Knuspr,31608,True,
Picnic,31608,True,
REWE,31609,False,
Flink,31609,False,
Knuspr,31609,False,
Picnic,31609,False,
REWE,31613,False,
Flink,31613,False,
Knuspr,31613,False,
Picnic,31613,False,
REWE,31618,True,
Flink,31618,True,
Knuspr,31618,True,
Picnic,31618,True,
REWE,31619,False,
Flink,31619,False,
Knuspr,31619,False,
Picnic,31619,False,
REWE,31621,False,
Flink,31621,False,
Knuspr,31621,False,
Picnic,31621,False,
REWE,31622,True,
Flink,31622,True,
Knuspr,31622,True,
Picnic,31622,True,
REWE,31623,False,
Flink,31623,False,
Knuspr,31623,False,
Picnic,31623,False,
REWE,31626,True,
Flink,31626,True,
Knuspr,31626,True,
Picnic,31626,True,
REWE,31627,False,
Flink,31627,False,
Knuspr,31627,False,
Picnic,31627,False,
REWE,31628,True,
Flink,31628,True,
Knuspr,31628,True,
Picnic,31628,True,
REWE,31629,False,
Flink,31629,False,
Knuspr,31629,False,
Picnic,31629,False,
REWE,31632,True,
Flink,31632,True,
Knuspr,31632,True,
Picnic,31632,True,
REWE,31633,False,
Flink,31633,False,
Knuspr,31633,False,
Picnic,31633,False,
REWE,31634,True,
Flink,31634,True,
Knuspr,31634,True,
Picnic,31634,True,
REWE,31636,True,
Flink,31636,True,
Knuspr,31636,True,
Picnic,31636,True,
REWE,31637,False,
Flink,31637,False,
Knuspr,31637,False,
Picnic,31637,False,
REWE,31638,True,
Flink,31638,True,
Knuspr,31638,True,
Picnic,31638,True,
REWE,31655,False,
Flink,31655,False,
Knuspr,31655,False,
Picnic,31655,False,
REWE,31675,False,
Flink,31675,False,
Knuspr,31675,False,
Picnic,31675,False,
REWE,31683,False,
Flink,31683,False,
Knuspr,31683,False,
Picnic,31683,False,
REWE,31688,True,
Flink,31688,True,
Knuspr,31688,True,
Picnic,31688,True,
REWE,31691,False,
Flink,31691,False,
Knuspr,31691,False,
Picnic,31691,False,
REWE,31693,False,
Flink,31693,False,
Knuspr,31693,False,
Picnic,31693,False,
REWE,31698,True,
Flink,31698,True,
Knuspr,31698,True,
Picnic,31698,True,
REWE,31699,False,
Flink,31699,False,
Knuspr,31699,False,
Picnic,31699,False,
REWE,31700,True,
Flink,31700,True,
Knuspr,31700,True,
Picnic,31700,True,
REWE,31702,True,
Flink,31702,True,
Knuspr,31702,True,
Picnic,31702,True,
REWE,31707,False,
Flink,31707,False,
Knuspr,31707,False,
Picnic,31707,False,
REWE,31708,True,
Flink,31708,True,
Knuspr,31708,True,
Picnic,31708,True,
REWE,31710,True,
Flink,31710,True,
Knuspr,31710,True,
Picnic,31710,True,
REWE,31711,False,
Flink,31711,False,
Knuspr,31711,False,
Picnic,31711,False,
REWE,31712,True,
Flink,31712,True,
Knuspr,31712,True,
Picnic,31712,True,
REWE,31714,True,
Flink,31714,True,
Knuspr,31714,True,
Picnic,31714,True,
REWE,31715,False,
Flink,31715,False,
Knuspr,31715,False,
Picnic,31715,False,
REWE,31717,False,
Flink,31717,False,
Knuspr,31717,False,
Picnic,31717,False,
REWE,31718,True,
Flink,31718,True,
Knuspr,31718,True,
Picnic,31718,True,
REWE,31719,False,
Flink,31719,False,
Knuspr,31719,False,
Picnic,31719,False,
REWE,31737,False,
Flink,31737,False,
Knuspr,31737,False,
Picnic,31737,False,
REWE,31749,False,
Flink,31749,False,
Knuspr,31749,False,
Picnic,31749,False,
REWE,31785,False,
Flink,31785,False,
Knuspr,31785,False,
Picnic,31785,False,
REWE,31787,False,
Flink,31787,False,
Knuspr,31787,False,
Picnic,31787,False,
REWE,31789,False,
Flink,31789,False,
Knuspr,31789,False,
Picnic,31789,False,
REWE,31812,True,
Flink,31812,True,
Knuspr,31812,True,
Picnic,31812,True,
REWE,31832,True,
Flink,31832,True,
Knuspr,31832,True,
Picnic,31832,True,
REWE,31840,True,
Flink,31840,True,
Knuspr,31840,True,
Picnic,31840,True,
REWE,31848,True,
Flink,31848,True,
Knuspr,31848,True,
Picnic,31848,True,
REWE,31855,False,
Flink,31855,False,
Knuspr,31855,False,
Picnic,31855,False,
REWE,31860,True,
Flink,31860,True,
Knuspr,31860,True,
Picnic,31860,True,
REWE,31863,False,
Flink,31863,False,
Knuspr,31863,False,
Picnic,31863,False,
REWE,31867,False,
Flink,31867,False,
Knuspr,31867,False,
Picnic,31867,False,
REWE,31868,True,
Flink,31868,True,
Knuspr,31868,True,
Picnic,31868,True,
REWE,34346,True,
Flink,34346,True,
Knuspr,34346,True,
Picnic,34346,True,
REWE,34355,False,
Flink,34355,False,
Knuspr,34355,False,
Picnic,34355,False,
REWE,37073,False,
Flink,37073,False,
Knuspr,37073,False,
Picnic,37073,False,
REWE,37075,False,
Flink,37075,False,
Knuspr,37075,False,
Picnic,37075,False,
REWE,37077,False,
Flink,37077,False,
Knuspr,37077,False,
Picnic,37077,False,
REWE,37079,False,
Flink,37079,False,
Knuspr,37079,False,
Picnic,37079,False,
REWE,37081,False,
Flink,37081,False,
Knuspr,37081,False,
Picnic,37081,False,
REWE,37083,False,
Flink,37083,False,
Knuspr,37083,False,
Picnic,37083,False,
REWE,37085,False,
Flink,37085,False,
Knuspr,37085,False,
Picnic,37085,False,
REWE,37115,False,
Flink,37115,False,
Knuspr,37115,False,
Picnic,37115,False,
REWE,37120,True,
Flink,37120,True,
Knuspr,37120,True,
Picnic,37120,True,
REWE,37124,True,
Flink,37124,True,
Knuspr,37124,True,
Picnic,37124,True,
REWE,37127,False,
Flink,37127,False,
Knuspr,37127,False,
Picnic,37127,False,
REWE,37130,True,
Flink,37130,True,
Knuspr,37130,True,
Picnic,37130,True,
REWE,37133,False,
Flink,37133,False,
Knuspr,37133,False,
Picnic,37133,False,
REWE,37136,True,
Flink,37136,True,
Knuspr,37136,True,
Picnic,37136,True,
REWE,37139,False,
Flink,37139,False,
Knuspr,37139,False,
Picnic,37139,False,
REWE,37154,True,
Flink,37154,True,
Knuspr,37154,True,
Picnic,37154,True,
REWE,37170,True,
Flink,37170,True,
Knuspr,37170,True,
Picnic,37170,True,
REWE,37176,True,
Flink,37176,True,
Knuspr,37176,True,
Picnic,37176,True,
REWE,37181,False,
Flink,37181,False,
Knuspr,37181,False,
Picnic,37181,False,
REWE,37186,True,
Flink,37186,True,
Knuspr,37186,True,
Picnic,37186,True,
REWE,37191,False,
Flink,37191,False,
Knuspr,37191,False,
Picnic,37191,False,
REWE,37194,True,
Flink,37194,True,
Knuspr,37194,True,
Picnic,37194,True,
REWE,37197,False,
Flink,37197,False,
Knuspr,37197,False,
Picnic,37197,False,
REWE,37199,False,
Flink,37199,False,
Knuspr,37199,False,
Picnic,37199,False,
REWE,37412,True,
Flink,37412,True,
Knuspr,37412,True,
Picnic,37412,True,
REWE,37431,False,
Flink,37431,False,
Knuspr,37431,False,
Picnic,37431,False,
REWE,37434,True,
Flink,37434,True,
Knuspr,37434,True,
Picnic,37434,True,
REWE,37441,False,
Flink,37441,False,
Knuspr,37441,False,
Picnic,37441,False,
REWE,37444,True,
Flink,37444,True,
Knuspr,37444,True,
Picnic,37444,True,
REWE,37445,False,
Flink,37445,False,
Knuspr,37445,False,
Picnic,37445,False,
REWE,37447,False,
Flink,37447,False,
Knuspr,37447,False,
Picnic,37447,False,
REWE,37449,False,
Flink,37449,False,
Knuspr,37449,False,
Picnic,37449,False,
REWE,37520,True,
Flink,37520,True,
Knuspr,37520,True,
Picnic,37520,True,
REWE,37534,True,
Flink,37534,True,
Knuspr,37534,True,
Picnic,37534,True,
REWE,37539,False,
Flink,37539,False,
Knuspr,37539,False,
Picnic,37539,False,
REWE,37547,False,
Flink,37547,False,
Knuspr,37547,False,
Picnic,37547,False,
REWE,37574,True,
Flink,37574,True,
Knuspr,37574,True,
Picnic,37574,True,
REWE,37581,False,
Flink,37581,False,
Knuspr,37581,False,
Picnic,37581,False,
REWE,37586,True,
Flink,37586,True,
Knuspr,37586,True,
Picnic,37586,True,
REWE,37589,False,
Flink,37589,False,
Knuspr,37589,False,
Picnic,37589,False,
REWE,37603,False,
Flink,37603,False,
Knuspr,37603,False,
Picnic,37603,False,
REWE,37619,False,
Flink,37619,False,
Knuspr,37619,False,
Picnic,37619,False,
REWE,37620,True,
Flink,37620,True,
Knuspr,37620,True,
Picnic,37620,True,
REWE,37627,False,
Flink,37627,False,
Knuspr,37627,False,
Picnic,37627,False,
REWE,37632,True,
Flink,37632,True,
Knuspr,37632,True,
Picnic,37632,True,
REWE,37633,False,
Flink,37633,False,
Knuspr,37633,False,
Picnic,37633,False,
REWE,37635,False,
Flink,37635,False,
Knuspr,37635,False,
Picnic,37635,False,
REWE,37639,False,
Flink,37639,False,
Knuspr,37639,False,
Picnic,37639,False,
REWE,37640,True,
Flink,37640,True,
Knuspr,37640,True,
Picnic,37640,True,
REWE,37642,True,
Flink,37642,True,
Knuspr,37642,True,
Picnic,37642,True,
REWE,37643,False,
Flink,37643,False,
Knuspr,37643,False,
Picnic,37643,False,
REWE,37647,False,
Flink,37647,False,
Knuspr,37647,False,
Picnic,37647,False,
REWE,37649,False,
Flink,37649,False,
Knuspr,37649,False,
Picnic,37649,False,
REWE,37691,False,
Flink,37691,False,
Knuspr,37691,False,
Picnic,37691,False,
REWE,37697,False,
Flink,37697,False,
Knuspr,37697,False,
Picnic,37697,False,
REWE,37699,False,
Flink,37699,False,
Knuspr,37699,False,
Picnic,37699,False,
REWE,38023,False,
Flink,38023,False,
Knuspr,38023,False,
Picnic,38023,False,
REWE,38100,True,
Flink,38100,True,
Knuspr,38100,True,
Picnic,38100,True,
REWE,38102,True,
Flink,38102,True,
Knuspr,38102,True,
Picnic,38102,True,
REWE,38104,True,
Flink,38104,True,
Knuspr,38104,True,
Picnic,38104,True,
REWE,38106,True,
Flink,38106,True,
Knuspr,38106,True,
Picnic,38106,True,
REWE,38108,True,
Flink,38108,True,
Knuspr,38108,True,
Picnic,38108,True,
REWE,38110,True,
Flink,38110,True,
Knuspr,38110,True,
Picnic,38110,True,
REWE,38112,True,
Flink,38112,True,
Knuspr,38112,True,
Picnic,38112,True,
REWE,38114,True,
Flink,38114,True,
Knuspr,38114,True,
Picnic,38114,True,
REWE,38116,True,
Flink,38116,True,
Knuspr,38116,True,
Picnic,38116,True,
REWE,38118,True,
Flink,38118,True,
Knuspr,38118,True,
Picnic,38118,True,
REWE,38120,True,
Flink,38120,True,
Knuspr,38120,True,
Picnic,38120,True,
REWE,38122,True,
Flink,38122,True,
Knuspr,38122,True,
Picnic,38122,True,
REWE,38124,True,
Flink,38124,True,
Knuspr,38124,True,
Picnic,38124,True,
REWE,38126,True,
Flink,38126,True,
Knuspr,38126,True,
Picnic,38126,True,
REWE,38154,True,
Flink,38154,True,
Knuspr,38154,True,
Picnic,38154,True,
REWE,38159,False,
Flink,38159,False,
Knuspr,38159,False,
Picnic,38159,False,
REWE,38162,True,
Flink,38162,True,
Knuspr,38162,True,
Picnic,38162,True,
REWE,38165,False,
Flink,38165,False,
Knuspr,38165,False,
Picnic,38165,False,
REWE,38170,True,
Flink,38170,True,
Knuspr,38170,True,
Picnic,38170,True,
REWE,38173,False,
Flink,38173,False,
Knuspr,38173,False,
Picnic,38173,False,
REWE,38176,True,
Flink,38176,True,
Knuspr,38176,True,
Picnic,38176,True,
REWE,38179,False,
Flink,38179,False,
Knuspr,38179,False,
Picnic,38179,False,
REWE,38226,True,
Flink,38226,True,
Knuspr,38226,True,
Picnic,38226,True,
REWE,38228,True,
Flink,38228,True,
Knuspr,38228,True,
Picnic,38228,True,
REWE,38229,False,
Flink,38229,False,
Knuspr,38229,False,
Picnic,38229,False,
REWE,38239,False,
Flink,38239,False,
Knuspr,38239,False,
Picnic,38239,False,
REWE,38259,False,
Flink,38259,False,
Knuspr,38259,False,
Picnic,38259,False,
REWE,38268,True,
Flink,38268,True,
Knuspr,38268,True,
Picnic,38268,True,
REWE,38271,False,
Flink,38271,False,
Knuspr,38271,False,
Picnic,38271,False,
REWE,38272,True,
Flink,38272,True,
Knuspr,38272,True,
Picnic,38272,True,
REWE,38274,True,
Flink,38274,True,
Knuspr,38274,True,
Picnic,38274,True,
REWE,38275,False,
Flink,38275,False,
Knuspr,38275,False,
Picnic,38275,False,
REWE,38277,False,
Flink,38277,False,
Knuspr,38277,False,
Picnic,38277,False,
REWE,38279,False,
Flink,38279,False,
Knuspr,38279,False,
Picnic,38279,False,
REWE,38281,False,
Flink,38281,False,
Knuspr,38281,False,
Picnic,38281,False,
REWE,38300,True,
Flink,38300,True,
Knuspr,38300,True,
Picnic,38300,True,
REWE,38302,True,
Flink,38302,True,
Knuspr,38302,True,
Picnic,38302,True,
REWE,38304,True,
Flink,38304,True,
Knuspr,38304,True,
Picnic,38304,True,
REWE,38312,True,
Flink,38312,True,
Knuspr,38312,True,
Picnic,38312,True,
REWE,38315,False,
Flink,38315,False,
Knuspr,38315,False,
Picnic,38315,False,
REWE,38319,False,
Flink,38319,False,
Knuspr,38319,False,
Picnic,38319,False,
REWE,38321,False,
Flink,38321,False,
Knuspr,38321,False,
Picnic,38321,False,
REWE,38322,True,
Flink,38322,True,
Knuspr,38322,True,
Picnic,38322,True,
REWE,38324,True,
Flink,38324,True,
Knuspr,38324,True,
Picnic,38324,True,
REWE,38325,False,
Flink,38325,False,
Knuspr,38325,False,
Picnic,38325,False,
REWE,38327,False,
Flink,38327,False,
Knuspr,38327,False,
Picnic,38327,False,
REWE,38329,False,
Flink,38329,False,
Knuspr,38329,False,
Picnic,38329,False,
REWE,38350,True,
Flink,38350,True,
Knuspr,38350,True,
Picnic,38350,True,
REWE,38364,True,
Flink,38364,True,
Knuspr,38364,True,
Picnic,38364,True,
REWE,38368,True,
Flink,38368,True,
Knuspr,38368,True,
Picnic,38368,True,
REWE,38372,True,
Flink,38372,True,
Knuspr,38372,True,
Picnic,38372,True,
REWE,38373,False,
Flink,38373,False,
Knuspr,38373,False,
Picnic,38373,False,
REWE,38375,False,
Flink,38375,False,
Knuspr,38375,False,
Picnic,38375,False,
REWE,38376,True,
Flink,38376,True,
Knuspr,38376,True,
Picnic,38376,True,
REWE,38378,True,
Flink,38378,True,
Knuspr,38378,True,
Picnic,38378,True,
REWE,38379,False,
Flink,38379,False,
Knuspr,38379,False,
Picnic,38379,False,
REWE,38381,False,
Flink,38381,False,
Knuspr,38381,False,
Picnic,38381,False,
REWE,38382,True,
Flink,38382,True,
Knuspr,38382,True,
Picnic,38382,True,
REWE,38384,True,
Flink,38384,True,
Knuspr,38384,True,
Picnic,38384,True,
REWE,38385,False,
Flink,38385,False,
Knuspr,38385,False,
Picnic,38385,False,
REWE,38387,False,
Flink,38387,False,
Knuspr,38387,False,
Picnic,38387,False,
REWE,38388,True,
Flink,38388,True,
Knuspr,38388,True,
Picnic,38388,True,
REWE,38440,True,
Flink,38440,True,
Knuspr,38440,True,
Picnic,38440,True,
REWE,38442,True,
Flink,38442,True,
Knuspr,38442,True,
Picnic,38442,True,
REWE,38444,True,
Flink,38444,True,
Knuspr,38444,True,
Picnic,38444,True,
REWE,38446,True,
Flink,38446,True,
Knuspr,38446,True,
Picnic,38446,True,
REWE,38448,True,
Flink,38448,True,
Knuspr,38448,True,
Picnic,38448,True,
REWE,38458,True,
Flink,38458,True,
Knuspr,38458,True,
Picnic,38458,True,
REWE,38459,False,
Flink,38459,False,
Knuspr,38459,False,
Picnic,38459,False,
REWE,38461,False,
Flink,38461,False,
Knuspr,38461,False,
Picnic,38461,False,
REWE,38462,True,
Flink,38462,True,
Knuspr,38462,True,
Picnic,38462,True,
REWE,38464,True,
Flink,38464,True,
Knuspr,38464,True,
Picnic,38464,True,
REWE,38465,False,
Flink,38465,False,
Knuspr,38465,False,
Picnic,38465,False,
REWE,38467,False,
Flink,38467,False,
Knuspr,38467,False,
Picnic,38467,False,
REWE,38468,True,
Flink,38468,True,
Knuspr,38468,True,
Picnic,38468,True,
REWE,38470,True,
Flink,38470,True,
Knuspr,38470,True,
Picnic,38470,True,
REWE,38471,False,
Flink,38471,False,
Knuspr,38471,False,
Picnic,38471,False,
REWE,38473,False,
Flink,38473,False,
Knuspr,38473,False,
Picnic,38473,False,
REWE,38474,True,
Flink,38474,True,
Knuspr,38474,True,
Picnic,38474,True,
REWE,38476,True,
Flink,38476,True,
Knuspr,38476,True,
Picnic,38476,True,
REWE,38477,False,
Flink,38477,False,
Knuspr,38477,False,
Picnic,38477,False,
REWE,38479,False,
Flink,38479,False,
Knuspr,38479,False,
Picnic,38479,False,
REWE,38518,True,
Flink,38518,True,
Knuspr,38518,True,
Picnic,38518,True,
REWE,38524,True,
Flink,38524,True,
Knuspr,38524,True,
Picnic,38524,True,
REWE,38527,False,
Flink,38527,False,
Knuspr,38527,False,
Picnic,38527,False,
REWE,38528,True,
Flink,38528,True,
Knuspr,38528,True,
Picnic,38528,True,
REWE,38530,True,
Flink,38530,True,
Knuspr,38530,True,
Picnic,38530,True,
REWE,38531,False,
Flink,38531,False,
Knuspr,38531,False,
Picnic,38531,False,
REWE,38533,False,
Flink,38533,False,
Knuspr,38533,False,
Picnic,38533,False,
REWE,38536,True,
Flink,38536,True,
Knuspr,38536,True,
Picnic,38536,True,
REWE,38539,False,
Flink,38539,False,
Knuspr,38539,False,
Picnic,38539,False,
REWE,38542,True,
Flink,38542,True,
Knuspr,38542,True,
Picnic,38542,True,
REWE,38543,False,
Flink,38543,False,
Knuspr,38543,False,
Picnic,38543,False,
REWE,38547,False,
Flink,38547,False,
Knuspr,38547,False,
Picnic,38547,False,
REWE,38550,True,
Flink,38550,True,
Knuspr,38550,True,
Picnic,38550,True,
REWE,38551,False,
Flink,38551,False,
Knuspr,38551,False,
Picnic,38551,False,
REWE,38553,False,
Flink,38553,False,
Knuspr,38553,False,
Picnic,38553,False,
REWE,38554,True,
Flink,38554,True,
Knuspr,38554,True,
Picnic,38554,True,
REWE,38556,True,
Flink,38556,True,
Knuspr,38556,True,
Picnic,38556,True,
REWE,38557,False,
Flink,38557,False,
Knuspr,38557,False,
Picnic,38557,False,
REWE,38559,False,
Flink,38559,False,
Knuspr,38559,False,
Picnic,38559,False,
REWE,38640,True,
Flink,38640,True,
Knuspr,38640,True,
Picnic,38640,True,
REWE,38642,True,
Flink,38642,True,
Knuspr,38642,True,
Picnic,38642,True,
REWE,38644,True,
Flink,38644,True,
Knuspr,38644,True,
Picnic,38644,True,
REWE,38667,False,
Flink,38667,False,
Knuspr,38667,False,
Picnic,38667,False,
REWE,38678,True,
Flink,38678,True,
Knuspr,38678,True,
Picnic,38678,True,
REWE,38685,False,
Flink,38685,False,
Knuspr,38685,False,
Picnic,38685,False,
REWE,38690,True,
Flink,38690,True,
Knuspr,38690,True,
Picnic,38690,True,
REWE,38700,True,
Flink,38700,True,
Knuspr,38700,True,
Picnic,38700,True,
REWE,38704,True,
Flink,38704,True,
Knuspr,38704,True,
Picnic,38704,True,
REWE,38707,False,
Flink,38707,False,
Knuspr,38707,False,
Picnic,38707,False,
REWE,38709,False,
Flink,38709,False,
Knuspr,38709,False,
Picnic,38709,False,
REWE,38723,False,
Flink,38723,False,
Knuspr,38723,False,
Picnic,38723,False,
REWE,38729,False,
Flink,38729,False,
Knuspr,38729,False,
Picnic,38729,False,
REWE,48455,False,
Flink,48455,False,
Knuspr,48455,False,
Picnic,48455,False,
REWE,48465,False,
Flink,48465,False,
Knuspr,48465,False,
Picnic,48465,False,
REWE,48480,True,
Flink,48480,True,
Knuspr,48480,True,
Picnic,48480,True,
REWE,48488,True,
Flink,48488,True,
Knuspr,48488,True,
Picnic,48488,True,
REWE,48499,False,
Flink,48499,False,
Knuspr,48499,False,
Picnic,48499,False,
REWE,48527,False,
Flink,48527,False,
Knuspr,48527,False,
Picnic,48527,False,
REWE,48529,False,
Flink,48529,False,
Knuspr,48529,False,
Picnic,48529,False,
REWE,48531,False,
Flink,48531,False,
Knuspr,48531,False,
Picnic,48531,False,
REWE,49074,True,
Flink,49074,True,
Knuspr,49074,True,
Picnic,49074,True,
REWE,49076,True,
Flink,49076,True,
Knuspr,49076,True,
Picnic,49076,True,
REWE,49078,True,
Flink,49078,True,
Knuspr,49078,True,
Picnic,49078,True,
REWE,49080,True,
Flink,49080,True,
Knuspr,49080,True,
Picnic,49080,True,
REWE,49082,True,
Flink,49082,True,
Knuspr,49082,True,
Picnic,49082,True,
REWE,49084,True,
Flink,49084,True,
Knuspr,49084,True,
Picnic,49084,True,
REWE,49086,True,
Flink,49086,True,
Knuspr,49086,True,
Picnic,49086,True,
REWE,49088,True,
Flink,49088,True,
Knuspr,49088,True,
Picnic,49088,True,
REWE,49090,True,
Flink,49090,True,
Knuspr,49090,True,
Picnic,49090,True,
REWE,49124,True,
Flink,49124,True,
Knuspr,49124,True,
Picnic,49124,True,
REWE,49134,True,
Flink,49134,True,
Knuspr,49134,True,
Picnic,49134,True,
REWE,49143,False,
Flink,49143,False,
Knuspr,49143,False,
Picnic,49143,False,
REWE,49152,True,
Flink,49152,True,
Knuspr,49152,True,
Picnic,49152,True,
REWE,49163,False,
Flink,49163,False,
Knuspr,49163,False,
Picnic,49163,False,
REWE,49170,True,
Flink,49170,True,
Knuspr,49170,True,
Picnic,49170,True,
REWE,49176,True,
Flink,49176,True,
Knuspr,49176,True,
Picnic,49176,True,
REWE,49179,False,
Flink,49179,False,
Knuspr,49179,False,
Picnic,49179,False,
REWE,49186,True,
Flink,49186,True,
Knuspr,49186,True,
Picnic,49186,True,
REWE,49191,False,
Flink,49191,False,
Knuspr,49191,False,
Picnic,49191,False,
REWE,49196,True,
Flink,49196,True,
Knuspr,49196,True,
Picnic,49196,True,
REWE,49201,False,
Flink,49201,False,
Knuspr,49201,False,
Picnic,49201,False,
REWE,49205,False,
Flink,49205,False,
Knuspr,49205,False,
Picnic,49205,False,
REWE,49214,True,
Flink,49214,True,
Knuspr,49214,True,
Picnic,49214,True,
REWE,49219,False,
Flink,49219,False,
Knuspr,49219,False,
Picnic,49219,False,
REWE,49324,True,
Flink,49324,True,
Knuspr,49324,True,
Picnic,49324,True,
REWE,49326,True,
Flink,49326,True,
Knuspr,49326,True,
Picnic,49326,True,
REWE,49328,True,
Flink,49328,True,
Knuspr,49328,True,
Picnic,49328,True,
REWE,49356,True,
Flink,49356,True,
Knuspr,49356,True,
Picnic,49356,True,
REWE,49377,False,
Flink,49377,False,
Knuspr,49377,False,
Picnic,49377,False,
REWE,49393,False,
Flink,49393,False,
Knuspr,49393,False,
Picnic,49393,False,
REWE,49401,False,
Flink,49401,False,
Knuspr,49401,False,
Picnic,49401,False,
REWE,49406,True,
Flink,49406,True,
Knuspr,49406,True,
Picnic,49406,True,
REWE,49413,False,
Flink,49413,False,
Knuspr,49413,False,
Picnic,49413,False,
REWE,49419,False,
Flink,49419,False,
Knuspr,49419,False,
Picnic,49419,False,
REWE,49424,True,
Flink,49424,True,
Knuspr,49424,True,
Picnic,49424,True,
REWE,49429,False,
Flink,49429,False,
Knuspr,49429,False,
Picnic,49429,False,
REWE,49434,True,
Flink,49434,True,
Knuspr,49434,True,
Picnic,49434,True,
REWE,49439,False,
Flink,49439,False,
Knuspr,49439,False,
Picnic,49439,False,
REWE,49448,True,
Flink,49448,True,
Knuspr,49448,True,
Picnic,49448,True,
REWE,49451,False,
Flink,49451,False,
Knuspr,49451,False,
Picnic,49451,False,
REWE,49453,False,
Flink,49453,False,
Knuspr,49453,False,
Picnic,49453,False,
REWE,49456,True,
Flink,49456,True,
Knuspr,49456,True,
Picnic,49456,True,
REWE,49457,False,
Flink,49457,False,
Knuspr,49457,False,
Picnic,49457,False,
REWE,49459,False,
Flink,49459,False,
Knuspr,49459,False,
Picnic,49459,False,
REWE,49565,False,
Flink,49565,False,
Knuspr,49565,False,
Picnic,49565,False,
REWE,49577,False,
Flink,49577,False,
Knuspr,49577,False,
Picnic,49577,False,
REWE,49584,True,
Flink,49584,True,
Knuspr,49584,True,
Picnic,49584,True,
REWE,49586,True,
Flink,49586,True,
Knuspr,49586,True,
Picnic,49586,True,
REWE,49593,False,
Flink,49593,False,
Knuspr,49593,False,
Picnic,49593,False,
REWE,49594,True,
Flink,49594,True,
Knuspr,49594,True,
Picnic,49594,True,
REWE,49596,True,
Flink,49596,True,
Knuspr,49596,True,
Picnic,49596,True,
REWE,49597,False,
Flink,49597,False,
Knuspr,49597,False,
Picnic,49597,False,
REWE,49599,False,
Flink,49599,False,
Knuspr,49599,False,
Picnic,49599,False,
REWE,49610,True,
Flink,49610,True,
Knuspr,49610,True,
Picnic,49610,True,
REWE,49624,True,
Flink,49624,True,
Knuspr,49624,True,
Picnic,49624,True,
REWE,49626,True,
Flink,49626,True,
Knuspr,49626,True,
Picnic,49626,True,
REWE,49632,True,
Flink,49632,True,
Knuspr,49632,True,
Picnic,49632,True,
REWE,49635,False,
Flink,49635,False,
Knuspr,49635,False,
Picnic,49635,False,
REWE,49637,False,
Flink,49637,False,
Knuspr,49637,False,
Picnic,49637,False,
REWE,49638,True,
Flink,49638,True,
Knuspr,49638,True,
Picnic,49638,True,
REWE,49661,False,
Flink,49661,False,
Knuspr,49661,False,
Picnic,49661,False,
REWE,49681,False,
Flink,49681,False,
Knuspr,49681,False,
Picnic,49681,False,
REWE,49685,False,
Flink,49685,False,
Knuspr,49685,False,
Picnic,49685,False,
REWE,49688,True,
Flink,49688,True,
Knuspr,49688,True,
Picnic,49688,True,
REWE,49692,True,
Flink,49692,True,
Knuspr,49692,True,
Picnic,49692,True,
REWE,49696,True,
Flink,49696,True,
Knuspr,49696,True,
Picnic,49696,True,
REWE,49699,False,
Flink,49699,False,
Knuspr,49699,False,
Picnic,49699,False,
REWE,49716,True,
Flink,49716,True,
Knuspr,49716,True,
Picnic,49716,True,
REWE,49733,False,
Flink,49733,False,
Knuspr,49733,False,
Picnic,49733,False,
REWE,49740,True,
Flink,49740,True,
Knuspr,49740,True,
Picnic,49740,True,
REWE,49744,True,
Flink,49744,True,
Knuspr,49744,True,
Picnic,49744,True,
REWE,49751,False,
Flink,49751,False,
Knuspr,49751,False,
Picnic,49751,False,
REWE,49757,False,
Flink,49757,False,
Knuspr,49757,False,
Picnic,49757,False,
REWE,49762,True,
Flink,49762,True,
Knuspr,49762,True,
Picnic,49762,True,
REWE,49767,False,
Flink,49767,False,
Knuspr,49767,False,
Picnic,49767,False,
REWE,49770,True,
Flink,49770,True,
Knuspr,49770,True,
Picnic,49770,True,
REWE,49774,True,
Flink,49774,True,
Knuspr,49774,True,
Picnic,49774,True,
REWE,49777,False,
Flink,49777,False,
Knuspr,49777,False,
Picnic,49777,False,
REWE,49779,False,
Flink,49779,False,
Knuspr,49779,False,
Picnic,49779,False,
REWE,49808,True,
Flink,49808,True,
Knuspr,49808,True,
Picnic,49808,True,
REWE,49809,False,
Flink,49809,False,
Knuspr,49809,False,
Picnic,49809,False,
REWE,49811,False,
Flink,49811,False,
Knuspr,49811,False,
Picnic,49811,False,
REWE,49824,True,
Flink,49824,True,
Knuspr,49824,True,
Picnic,49824,True,
REWE,49828,True,
Flink,49828,True,
Knuspr,49828,True,
Picnic,49828,True,
REWE,49832,True,
Flink,49832,True,
Knuspr,49832,True,
Picnic,49832,True,
REWE,49835,False,
Flink,49835,False,
Knuspr,49835,False,
Picnic,49835,False,
REWE,49838,True,
Flink,49838,True,
Knuspr,49838,True,
Picnic,49838,True,
REWE,49843,False,
Flink,49843,False,
Knuspr,49843,False,
Picnic,49843,False,
REWE,49844,True,
Flink,49844,True,
Knuspr,49844,True,
Picnic,49844,True,
REWE,49846,True,
Flink,49846,True,
Knuspr,49846,True,
Picnic,49846,True,
REWE,49847,False,
Flink,49847,False,
Knuspr,49847,False,
Picnic,49847,False,
REWE,49849,False,
Flink,49849,False,
Knuspr,49849,False,
Picnic,49849,False,
REWE,40210,True,
Flink,40210,True,
Knuspr,40210,True,
Picnic,40210,True,
REWE,40211,False,
Flink,40211,False,
Knuspr,40211,False,
Picnic,40211,False,
REWE,40212,True,
Flink,40212,True,
Knuspr,40212,True,
Picnic,40212,True,
REWE,40213,False,
Flink,40213,False,
Knuspr,40213,False,
Picnic,40213,False,
REWE,40215,False,
Flink,40215,False,
Knuspr,40215,False,
Picnic,40215,False,
REWE,40217,False,
Flink,40217,False,
Knuspr,40217,False,
Picnic,40217,False,
REWE,40219,False,
Flink,40219,False,
Knuspr,40219,False,
Picnic,40219,False,
REWE,40221,False,
Flink,40221,False,
Knuspr,40221,False,
Picnic,40221,False,
REWE,40223,False,
Flink,40223,False,
Knuspr,40223,False,
Picnic,40223,False,
REWE,40225,False,
Flink,40225,False,
Knuspr,40225,False,
Picnic,40225,False,
REWE,40227,False,
Flink,40227,False,
Knuspr,40227,False,
Picnic,40227,False,
REWE,40229,False,
Flink,40229,False,
Knuspr,40229,False,
Picnic,40229,False,
REWE,40231,False,
Flink,40231,False,
Knuspr,40231,False,
Picnic,40231,False,
REWE,40233,False,
Flink,40233,False,
Knuspr,40233,False,
Picnic,40233,False,
REWE,40235,False,
Flink,40235,False,
Knuspr,40235,False,
Picnic,40235,False,
REWE,40237,False,
Flink,40237,False,
Knuspr,40237,False,
Picnic,40237,False,
REWE,40239,False,
Flink,40239,False,
Knuspr,40239,False,
Picnic,40239,False,
REWE,40468,True,
Flink,40468,True,
Knuspr,40468,True,
Picnic,40468,True,
REWE,40470,True,
Flink,40470,True,
Knuspr,40470,True,
Picnic,40470,True,
REWE,40472,True,
Flink,40472,True,
Knuspr,40472,True,
Picnic,40472,True,
REWE,40474,True,
Flink,40474,True,
Knuspr,40474,True,
Picnic,40474,True,
REWE,40476,True,
Flink,40476,True,
Knuspr,40476,True,
Picnic,40476,True,
REWE,40477,False,
Flink,40477,False,
Knuspr,40477,False,
Picnic,40477,False,
REWE,40479,False,
Flink,40479,False,
Knuspr,40479,False,
Picnic,40479,False,
REWE,40489,False,
Flink,40489,False,
Knuspr,40489,False,
Picnic,40489,False,
REWE,40545,False,
Flink,40545,False,
Knuspr,40545,False,
Picnic,40545,False,
REWE,40547,False,
Flink,40547,False,
Knuspr,40547,False,
Picnic,40547,False,
REWE,40549,False,
Flink,40549,False,
Knuspr,40549,False,
Picnic,40549,False,
REWE,40589,False,
Flink,40589,False,
Knuspr,40589,False,
Picnic,40589,False,
REWE,40591,False,
Flink,40591,False,
Knuspr,40591,False,
Picnic,40591,False,
REWE,40593,False,
Flink,40593,False,
Knuspr,40593,False,
Picnic,40593,False,
REWE,40595,False,
Flink,40595,False,
Knuspr,40595,False,
Picnic,40595,False,
REWE,40597,False,
Flink,40597,False,
Knuspr,40597,False,
Picnic,40597,False,
REWE,40599,False,
Flink,40599,False,
Knuspr,40599,False,
Picnic,40599,False,
REWE,40625,False,
Flink,40625,False,
Knuspr,40625,False,
Picnic,40625,False,
REWE,40627,False,
Flink,40627,False,
Knuspr,40627,False,
Picnic,40627,False,
REWE,40629,False,
Flink,40629,False,
Knuspr,40629,False,
Picnic,40629,False,
REWE,40667,False,
Flink,40667,False,
Knuspr,40667,False,
Picnic,40667,False,
REWE,40668,True,
Flink,40668,True,
Knuspr,40668,True,
Picnic,40668,True,
REWE,40670,True,
Flink,40670,True,
Knuspr,40670,True,
Picnic,40670,True,
REWE,40699,False,
Flink,40699,False,
Knuspr,40699,False,
Picnic,40699,False,
REWE,40721,False,
Flink,40721,False,
Knuspr,40721,False,
Picnic,40721,False,
REWE,40723,False,
Flink,40723,False,
Knuspr,40723,False,
Picnic,40723,False,
REWE,40724,True,
Flink,40724,True,
Knuspr,40724,True,
Picnic,40724,True,
REWE,40764,True,
Flink,40764,True,
Knuspr,40764,True,
Picnic,40764,True,
REWE,40789,False,
Flink,40789,False,
Knuspr,40789,False,
Picnic,40789,False,
REWE,40822,True,
Flink,40822,True,
Knuspr,40822,True,
Picnic,40822,True,
REWE,40832,True,
Flink,40832,True,
Knuspr,40832,True,
Picnic,40832,True,
REWE,40878,True,
Flink,40878,True,
Knuspr,40878,True,
Picnic,40878,True,
REWE,40880,True,
Flink,40880,True,
Knuspr,40880,True,
Picnic,40880,True,
REWE,40882,True,
Flink,40882,True,
Knuspr,40882,True,
Picnic,40882,True,
REWE,40883,False,
Flink,40883,False,
Knuspr,40883,False,
Picnic,40883,False,
REWE,40885,False,
Flink,40885,False,
Knuspr,40885,False,
Picnic,40885,False,
REWE,41061,False,
Flink,41061,False,
Knuspr,41061,False,
Picnic,41061,False,
REWE,41063,False,
Flink,41063,False,
Knuspr,41063,False,
Picnic,41063,False,
REWE,41065,False,
Flink,41065,False,
Knuspr,41065,False,
Picnic,41065,False,
REWE,41066,True,
Flink,41066,True,
Knuspr,41066,True,
Picnic,41066,True,
REWE,41068,True,
Flink,41068,True,
Knuspr,41068,True,
Picnic,41068,True,
REWE,41069,False,
Flink,41069,False,
Knuspr,41069,False,
Picnic,41069,False,
REWE,41169,False,
Flink,41169,False,
Knuspr,41169,False,
Picnic,41169,False,
REWE,41179,False,
Flink,41179,False,
Knuspr,41179,False,
Picnic,41179,False,
REWE,41189,False,
Flink,41189,False,
Knuspr,41189,False,
Picnic,41189,False,
REWE,41199,False,
Flink,41199,False,
Knuspr,41199,False,
Picnic,41199,False,
REWE,41236,True,
Flink,41236,True,
Knuspr,41236,True,
Picnic,41236,True,
REWE,41238,True,
Flink,41238,True,
Knuspr,41238,True,
Picnic,41238,True,
REWE,41239,False,
Flink,41239,False,
Knuspr,41239,False,
Picnic,41239,False,
REWE,41334,True,
Flink,41334,True,
Knuspr,41334,True,
Picnic,41334,True,
REWE,41352,True,
Flink,41352,True,
Knuspr,41352,True,
Picnic,41352,True,
REWE,41363,False,
Flink,41363,False,
Knuspr,41363,False,
Picnic,41363,False,
REWE,41366,True,
Flink,41366,True,
Knuspr,41366,True,
Picnic,41366,True,
REWE,41372,True,
Flink,41372,True,
Knuspr,41372,True,
Picnic,41372,True,
REWE,41379,False,
Flink,41379,False,
Knuspr,41379,False,
Picnic,41379,False,
REWE,41460,True,
Flink,41460,True,
Knuspr,41460,True,
Picnic,41460,True,
REWE,41462,True,
Flink,41462,True,
Knuspr,41462,True,
Picnic,41462,True,
REWE,41464,True,
Flink,41464,True,
Knuspr,41464,True,
Picnic,41464,True,
REWE,41466,True,
Flink,41466,True,
Knuspr,41466,True,
Picnic,41466,True,
REWE,41468,True,
Flink,41468,True,
Knuspr,41468,True,
Picnic,41468,True,
REWE,41469,False,
Flink,41469,False,
Knuspr,41469,False,
Picnic,41469,False,
REWE,41470,True,
Flink,41470,True,
Knuspr,41470,True,
Picnic,41470,True,
REWE,41472,True,
Flink,41472,True,
Knuspr,41472,True,
Picnic,41472,True,
REWE,41515,False,
Flink,41515,False,
Knuspr,41515,False,
Picnic,41515,False,
REWE,41516,True,
Flink,41516,True,
Knuspr,41516,True,
Picnic,41516,True,
REWE,41517,False,
Flink,41517,False,
Knuspr,41517,False,
Picnic,41517,False,
REWE,41539,False,
Flink,41539,False,
Knuspr,41539,False,
Picnic,41539,False,
REWE,41540,True,
Flink,41540,True,
Knuspr,41540,True,
Picnic,41540,True,
REWE,41541,False,
Flink,41541,False,
Knuspr,41541,False,
Picnic,41541,False,
REWE,41542,True,
Flink,41542,True,
Knuspr,41542,True,
Picnic,41542,True,
REWE,41564,True,
Flink,41564,True,
Knuspr,41564,True,
Picnic,41564,True,
REWE,41569,False,
Flink,41569,False,
Knuspr,41569,False,
Picnic,41569,False,
REWE,41747,False,
Flink,41747,False,
Knuspr,41747,False,
Picnic,41747,False,
REWE,41748,True,
Flink,41748,True,
Knuspr,41748,True,
Picnic,41748,True,
REWE,41749,False,
Flink,41749,False,
Knuspr,41749,False,
Picnic,41749,False,
REWE,41751,False,
Flink,41751,False,
Knuspr,41751,False,
Picnic,41751,False,
REWE,42103,False,
Flink,42103,False,
Knuspr,42103,False,
Picnic,42103,False,
REWE,42105,False,
Flink,42105,False,
Knuspr,42105,False,
Picnic,42105,False,
REWE,42107,False,
Flink,42107,False,
Knuspr,42107,False,
Picnic,42107,False,
REWE,42109,False,
Flink,42109,False,
Knuspr,42109,False,
Picnic,42109,False,
REWE,42111,False,
Flink,42111,False,
Knuspr,42111,False,
Picnic,42111,False,
REWE,42113,False,
Flink,42113,False,
Knuspr,42113,False,
Picnic,42113,False,
REWE,42115,False,
Flink,42115,False,
Knuspr,42115,False,
Picnic,42115,False,
REWE,42117,False,
Flink,42117,False,
Knuspr,42117,False,
Picnic,42117,False,
REWE,42119,False,
Flink,42119,False,
Knuspr,42119,False,
Picnic,42119,False,
REWE,42275,False,
Flink,42275,False,
Knuspr,42275,False,
Picnic,42275,False,
REWE,42277,False,
Flink,42277,False,
Knuspr,42277,False,
Picnic,42277,False,
REWE,42279,False,
Flink,42279,False,
Knuspr,42279,False,
Picnic,42279,False,
REWE,42281,False,
Flink,42281,False,
Knuspr,42281,False,
Picnic,42281,False,
REWE,42283,False,
Flink,42283,False,
Knuspr,42283,False,
Picnic,42283,False,
REWE,42285,False,
Flink,42285,False,
Knuspr,42285,False,
Picnic,42285,False,
REWE,42287,False,
Flink,42287,False,
Knuspr,42287,False,
Picnic,42287,False,
REWE,42289,False,
Flink,42289,False,
Knuspr,42289,False,
Picnic,42289,False,
REWE,42327,False,
Flink,42327,False,
Knuspr,42327,False,
Picnic,42327,False,
REWE,42329,False,
Flink,42329,False,
Knuspr,42329,False,
Picnic,42329,False,
REWE,42349,False,
Flink,42349,False,
Knuspr,42349,False,
Picnic,42349,False,
REWE,42369,False,
Flink,42369,False,
Knuspr,42369,False,
Picnic,42369,False,
REWE,42389,False,
Flink,42389,False,
Knuspr,42389,False,
Picnic,42389,False,
REWE,42399,False,
Flink,42399,False,
Knuspr,42399,False,
Picnic,42399,False,
REWE,42489,False,
Flink,42489,False,
Knuspr,42489,False,
Picnic,42489,False,
REWE,42549,False,
Flink,42549,False,
Knuspr,42549,False,
Picnic,42549,False,
REWE,42551,False,
Flink,42551,False,
Knuspr,42551,False,
Picnic,42551,False,
REWE,42553,False,
Flink,42553,False,
Knuspr,42553,False,
Picnic,42553,False,
REWE,42555,False,
Flink,42555,False,
Knuspr,42555,False,
Picnic,42555,False,
REWE,42579,False,
Flink,42579,False,
Knuspr,42579,False,
Picnic,42579,False,
REWE,42651,False,
Flink,42651,False,
Knuspr,42651,False,
Picnic,42651,False,
REWE,42653,False,
Flink,42653,False,
Knuspr,42653,False,
Picnic,42653,False,
REWE,42655,False,
Flink,42655,False,
Knuspr,42655,False,
Picnic,42655,False,
REWE,42657,False,
Flink,42657,False,
Knuspr,42657,False,
Picnic,42657,False,
REWE,42659,False,
Flink,42659,False,
Knuspr,42659,False,
Picnic,42659,False,
REWE,42697,False,
Flink,42697,False,
Knuspr,42697,False,
Picnic,42697,False,
REWE,42699,False,
Flink,42699,False,
Knuspr,42699,False,
Picnic,42699,False,
REWE,42719,False,
Flink,42719,False,
Knuspr,42719,False,
Picnic,42719,False,
REWE,42781,False,
Flink,42781,False,
Knuspr,42781,False,
Picnic,42781,False,
REWE,42853,False,
Flink,42853,False,
Knuspr,42853,False,
Picnic,42853,False,
REWE,42855,False,
Flink,42855,False,
Knuspr,42855,False,
Picnic,42855,False,
REWE,42857,False,
Flink,42857,False,
Knuspr,42857,False,
Picnic,42857,False,
REWE,42859,False,
Flink,42859,False,
Knuspr,42859,False,
Picnic,42859,False,
REWE,42897,False,
Flink,42897,False,
Knuspr,42897,False,
Picnic,42897,False,
REWE,42899,False,
Flink,42899,False,
Knuspr,42899,False,
Picnic,42899,False,
REWE,45127,False,
Flink,45127,False,
Knuspr,45127,False,
Picnic,45127,False,
REWE,45128,True,
Flink,45128,True,
Knuspr,45128,True,
Picnic,45128,True,
REWE,45130,True,
Flink,45130,True,
Knuspr,45130,True,
Picnic,45130,True,
REWE,45131,False,
Flink,45131,False,
Knuspr,45131,False,
Picnic,45131,False,
REWE,45133,False,
Flink,45133,False,
Knuspr,45133,False,
Picnic,45133,False,
REWE,45134,True,
Flink,45134,True,
Knuspr,45134,True,
Picnic,45134,True,
REWE,45136,True,
Flink,45136,True,
Knuspr,45136,True,
Picnic,45136,True,
REWE,45138,True,
Flink,45138,True,
Knuspr,45138,True,
Picnic,45138,True,
REWE,45139,False,
Flink,45139,False,
Knuspr,45139,False,
Picnic,45139,False,
REWE,45141,False,
Flink,45141,False,
Knuspr,45141,False,
Picnic,45141,False,
REWE,45143,False,
Flink,45143,False,
Knuspr,45143,False,
Picnic,45143,False,
REWE,45144,True,
Flink,45144,True,
Knuspr,45144,True,
Picnic,45144,True,
REWE,45145,False,
Flink,45145,False,
Knuspr,45145,False,
Picnic,45145,False,
REWE,45147,False,
Flink,45147,False,
Knuspr,45147,False,
Picnic,45147,False,
REWE,45149,False,
Flink,45149,False,
Knuspr,45149,False,
Picnic,45149,False,
REWE,45219,False,
Flink,45219,False,
Knuspr,45219,False,
Picnic,45219,False,
REWE,45239,False,
Flink,45239,False,
Knuspr,45239,False,
Picnic,45239,False,
REWE,45257,False,
Flink,45257,False,
Knuspr,45257,False,
Picnic,45257,False,
REWE,45259,False,
Flink,45259,False,
Knuspr,45259,False,
Picnic,45259,False,
REWE,45276,True,
Flink,45276,True,
Knuspr,45276,True,
Picnic,45276,True,
REWE,45277,False,
Flink,45277,False,
Knuspr,45277,False,
Picnic,45277,False,
REWE,45279,False,
Flink,45279,False,
Knuspr,45279,False,
Picnic,45279,False,
REWE,45289,False,
Flink,45289,False,
Knuspr,45289,False,
Picnic,45289,False,
REWE,45307,False,
Flink,45307,False,
Knuspr,45307,False,
Picnic,45307,False,
REWE,45309,False,
Flink,45309,False,
Knuspr,45309,False,
Picnic,45309,False,
REWE,45326,True,
Flink,45326,True,
Knuspr,45326,True,
Picnic,45326,True,
REWE,45327,False,
Flink,45327,False,
Knuspr,45327,False,
Picnic,45327,False,
REWE,45329,False,
Flink,45329,False,
Knuspr,45329,False,
Picnic,45329,False,
REWE,45355,False,
Flink,45355,False,
Knuspr,45355,False,
Picnic,45355,False,
REWE,45356,True,
Flink,45356,True,
Knuspr,45356,True,
Picnic,45356,True,
REWE,45357,False,
Flink,45357,False,
Knuspr,45357,False,
Picnic,45357,False,
REWE,45359,False,
Flink,45359,False,
Knuspr,45359,False,
Picnic,45359,False,
REWE,45403,False,
Flink,45403,False,
Knuspr,45403,False,
Picnic,45403,False,
REWE,45468,True,
Flink,45468,True,
Knuspr,45468,True,
Picnic,45468,True,
REWE,45470,True,
Flink,45470,True,
Knuspr,45470,True,
Picnic,45470,True,
REWE,45472,True,
Flink,45472,True,
Knuspr,45472,True,
Picnic,45472,True,
REWE,45473,False,
Flink,45473,False,
Knuspr,45473,False,
Picnic,45473,False,
REWE,45475,False,
Flink,45475,False,
Knuspr,45475,False,
Picnic,45475,False,
REWE,45476,True,
Flink,45476,True,
Knuspr,45476,True,
Picnic,45476,True,
REWE,45478,True,
Flink,45478,True,
Knuspr,45478,True,
Picnic,45478,True,
REWE,45479,False,
Flink,45479,False,
Knuspr,45479,False,
Picnic,45479,False,
REWE,45481,False,
Flink,45481,False,
Knuspr,45481,False,
Picnic,45481,False,
REWE,46045,False,
Flink,46045,False,
Knuspr,46045,False,
Picnic,46045,False,
REWE,46047,False,
Flink,46047,False,
Knuspr,46047,False,
Picnic,46047,False,
REWE,46049,False,
Flink,46049,False,
Knuspr,46049,False,
Picnic,46049,False,
REWE,46117,False,
Flink,46117,False,
Knuspr,46117,False,
Picnic,46117,False,
REWE,46119,False,
Flink,46119,False,
Knuspr,46119,False,
Picnic,46119,False,
REWE,46145,False,
Flink,46145,False,
Knuspr,46145,False,
Picnic,46145,False,
REWE,46147,False,
Flink,46147,False,
Knuspr,46147,False,
Picnic,46147,False,
REWE,46149,False,
Flink,46149,False,
Knuspr,46149,False,
Picnic,46149,False,
REWE,46446,True,
Flink,46446,True,
Knuspr,46446,True,
Picnic,46446,True,
REWE,46459,False,
Flink,46459,False,
Knuspr,46459,False,
Picnic,46459,False,
REWE,46483,False,
Flink,46483,False,
Knuspr,46483,False,
Picnic,46483,False,
REWE,46485,False,
Flink,46485,False,
Knuspr,46485,False,
Picnic,46485,False,
REWE,46487,False,
Flink,46487,False,
Knuspr,46487,False,
Picnic,46487,False,
REWE,46499,False,
Flink,46499,False,
Knuspr,46499,False,
Picnic,46499,False,
REWE,46509,False,
Flink,46509,False,
Knuspr,46509,False,
Picnic,46509,False,
REWE,46514,True,
Flink,46514,True,
Knuspr,46514,True,
Picnic,46514,True,
REWE,46519,False,
Flink,46519,False,
Knuspr,46519,False,
Picnic,46519,False,
REWE,46535,False,
Flink,46535,False,
Knuspr,46535,False,
Picnic,46535,False,
REWE,46537,False,
Flink,46537,False,
Knuspr,46537,False,
Picnic,46537,False,
REWE,46539,False,
Flink,46539,False,
Knuspr,46539,False,
Picnic,46539,False,
REWE,46562,True,
Flink,46562,True,
Knuspr,46562,True,
Picnic,46562,True,
REWE,46569,False,
Flink,46569,False,
Knuspr,46569,False,
Picnic,46569,False,
REWE,47051,False,
Flink,47051,False,
Knuspr,47051,False,
Picnic,47051,False,
REWE,47053,False,
Flink,47053,False,
Knuspr,47053,False,
Picnic,47053,False,
REWE,47055,False,
Flink,47055,False,
Knuspr,47055,False,
Picnic,47055,False,
REWE,47057,False,
Flink,47057,False,
Knuspr,47057,False,
Picnic,47057,False,
REWE,47058,True,
Flink,47058,True,
Knuspr,47058,True,
Picnic,47058,True,
REWE,47059,False,
Flink,47059,False,
Knuspr,47059,False,
Picnic,47059,False,
REWE,47119,False,
Flink,47119,False,
Knuspr,47119,False,
Picnic,47119,False,
REWE,47137,False,
Flink,47137,False,
Knuspr,47137,False,
Picnic,47137,False,
REWE,47138,True,
Flink,47138,True,
Knuspr,47138,True,
Picnic,47138,True,
REWE,47139,False,
Flink,47139,False,
Knuspr,47139,False,
Picnic,47139,False,
REWE,47166,True,
Flink,47166,True,
Knuspr,47166,True,
Picnic,47166,True,
REWE,47167,False,
Flink,47167,False,
Knuspr,47167,False,
Picnic,47167,False,
REWE,47169,False,
Flink,47169,False,
Knuspr,47169,False,
Picnic,47169,False,
REWE,47178,True,
Flink,47178,True,
Knuspr,47178,True,
Picnic,47178,True,
REWE,47179,False,
Flink,47179,False,
Knuspr,47179,False,
Picnic,47179,False,
REWE,47198,True,
Flink,47198,True,
Knuspr,47198,True,
Picnic,47198,True,
REWE,47199,False,
Flink,47199,False,
Knuspr,47199,False,
Picnic,47199,False,
REWE,47226,True,
Flink,47226,True,
Knuspr,47226,True,
Picnic,47226,True,
REWE,47228,True,
Flink,47228,True,
Knuspr,47228,True,
Picnic,47228,True,
REWE,47229,False,
Flink,47229,False,
Knuspr,47229,False,
Picnic,47229,False,
REWE,47239,False,
Flink,47239,False,
Knuspr,47239,False,
Picnic,47239,False,
REWE,47249,False,
Flink,47249,False,
Knuspr,47249,False,
Picnic,47249,False,
REWE,47259,False,
Flink,47259,False,
Knuspr,47259,False,
Picnic,47259,False,
REWE,47269,False,
Flink,47269,False,
Knuspr,47269,False,
Picnic,47269,False,
REWE,47279,False,
Flink,47279,False,
Knuspr,47279,False,
Picnic,47279,False,
REWE,47441,False,
Flink,47441,False,
Knuspr,47441,False,
Picnic,47441,False,
REWE,47443,False,
Flink,47443,False,
Knuspr,47443,False,
Picnic,47443,False,
REWE,47445,False,
Flink,47445,False,
Knuspr,47445,False,
Picnic,47445,False,
REWE,47447,False,
Flink,47447,False,
Knuspr,47447,False,
Picnic,47447,False,
REWE,47475,False,
Flink,47475,False,
Knuspr,47475,False,
Picnic,47475,False,
REWE,47495,False,
Flink,47495,False,
Knuspr,47495,False,
Picnic,47495,False,
REWE,47506,True,
Flink,47506,True,
Knuspr,47506,True,
Picnic,47506,True,
REWE,47509,False,
Flink,47509,False,
Knuspr,47509,False,
Picnic,47509,False,
REWE,47533,False,
Flink,47533,False,
Knuspr,47533,False,
Picnic,47533,False,
REWE,47546,True,
Flink,47546,True,
Knuspr,47546,True,
Picnic,47546,True,
REWE,47551,False,
Flink,47551,False,
Knuspr,47551,False,
Picnic,47551,False,
REWE,47559,False,
Flink,47559,False,
Knuspr,47559,False,
Picnic,47559,False,
REWE,47574,True,
Flink,47574,True,
Knuspr,47574,True,
Picnic,47574,True,
REWE,47589,False,
Flink,47589,False,
Knuspr,47589,False,
Picnic,47589,False,
REWE,47608,True,
Flink,47608,True,
Knuspr,47608,True,
Picnic,47608,True,
REWE,47623,False,
Flink,47623,False,
Knuspr,47623,False,
Picnic,47623,False,
REWE,47624,True,
Flink,47624,True,
Knuspr,47624,True,
Picnic,47624,True,
REWE,47625,False,
Flink,47625,False,
Knuspr,47625,False,
Picnic,47625,False,
REWE,47626,True,
Flink,47626,True,
Knuspr,47626,True,
Picnic,47626,True,
REWE,47627,False,
Flink,47627,False,
Knuspr,47627,False,
Picnic,47627,False,
REWE,47638,True,
Flink,47638,True,
Knuspr,47638,True,
Picnic,47638,True,
REWE,47647,False,
Flink,47647,False,
Knuspr,47647,False,
Picnic,47647,False,
REWE,47652,True,
Flink,47652,True,
Knuspr,47652,True,
Picnic,47652,True,
REWE,47661,False,
Flink,47661,False,
Knuspr,47661,False,
Picnic,47661,False,
REWE,47665,False,
Flink,47665,False,
Knuspr,47665,False,
Picnic,47665,False,
REWE,47669,False,
Flink,47669,False,
Knuspr,47669,False,
Picnic,47669,False,
REWE,47798,True,
Flink,47798,True,
Knuspr,47798,True,
Picnic,47798,True,
REWE,47799,False,
Flink,47799,False,
Knuspr,47799,False,
Picnic,47799,False,
REWE,47800,True,
Flink,47800,True,
Knuspr,47800,True,
Picnic,47800,True,
REWE,47802,True,
Flink,47802,True,
Knuspr,47802,True,
Picnic,47802,True,
REWE,47803,False,
Flink,47803,False,
Knuspr,47803,False,
Picnic,47803,False,
REWE,47804,True,
Flink,47804,True,
Knuspr,47804,True,
Picnic,47804,True,
REWE,47805,False,
Flink,47805,False,
Knuspr,47805,False,
Picnic,47805,False,
REWE,47807,False,
Flink,47807,False,
Knuspr,47807,False,
Picnic,47807,False,
REWE,47809,False,
Flink,47809,False,
Knuspr,47809,False,
Picnic,47809,False,
REWE,47829,False,
Flink,47829,False,
Knuspr,47829,False,
Picnic,47829,False,
REWE,47839,False,
Flink,47839,False,
Knuspr,47839,False,
Picnic,47839,False,
REWE,47877,False,
Flink,47877,False,
Knuspr,47877,False,
Picnic,47877,False,
REWE,47906,True,
Flink,47906,True,
Knuspr,47906,True,
Picnic,47906,True,
REWE,47918,True,
Flink,47918,True,
Knuspr,47918,True,
Picnic,47918,True,
REWE,47929,False,
Flink,47929,False,
Knuspr,47929,False,
Picnic,47929,False,
REWE,41812,True,
Flink,41812,True,
Knuspr,41812,True,
Picnic,41812,True,
REWE,41836,True,
Flink,41836,True,
Knuspr,41836,True,
Picnic,41836,True,
REWE,41844,True,
Flink,41844,True,
Knuspr,41844,True,
Picnic,41844,True,
REWE,41849,False,
Flink,41849,False,
Knuspr,41849,False,
Picnic,41849,False,
REWE,42477,False,
Flink,42477,False,
Knuspr,42477,False,
Picnic,42477,False,
REWE,42499,False,
Flink,42499,False,
Knuspr,42499,False,
Picnic,42499,False,
REWE,42799,False,
Flink,42799,False,
Knuspr,42799,False,
Picnic,42799,False,
REWE,42929,False,
Flink,42929,False,
Knuspr,42929,False,
Picnic,42929,False,
REWE,50126,True,
Flink,50126,True,
Knuspr,50126,True,
Picnic,50126,True,
REWE,50127,False,
Flink,50127,False,
Knuspr,50127,False,
Picnic,50127,False,
REWE,50129,False,
Flink,50129,False,
Knuspr,50129,False,
Picnic,50129,False,
REWE,50169,False,
Flink,50169,False,
Knuspr,50169,False,
Picnic,50169,False,
REWE,50170,True,
Flink,50170,True,
Knuspr,50170,True,
Picnic,50170,True,
REWE,50171,False,
Flink,50171,False,
Knuspr,50171,False,
Picnic,50171,False,
REWE,50181,False,
Flink,50181,False,
Knuspr,50181,False,
Picnic,50181,False,
REWE,50189,False,
Flink,50189,False,
Knuspr,50189,False,
Picnic,50189,False,
REWE,50226,True,
Flink,50226,True,
Knuspr,50226,True,
Picnic,50226,True,
REWE,50259,False,
Flink,50259,False,
Knuspr,50259,False,
Picnic,50259,False,
REWE,50321,False,
Flink,50321,False,
Knuspr,50321,False,
Picnic,50321,False,
REWE,50354,True,
Flink,50354,True,
Knuspr,50354,True,
Picnic,50354,True,
REWE,50374,True,
Flink,50374,True,
Knuspr,50374,True,
Picnic,50374,True,
REWE,50389,False,
Flink,50389,False,
Knuspr,50389,False,
Picnic,50389,False,
REWE,50667,False,
Flink,50667,False,
Knuspr,50667,False,
Picnic,50667,False,
REWE,50668,True,
Flink,50668,True,
Knuspr,50668,True,
Picnic,50668,True,
REWE,50670,True,
Flink,50670,True,
Knuspr,50670,True,
Picnic,50670,True,
REWE,50672,True,
Flink,50672,True,
Knuspr,50672,True,
Picnic,50672,True,
REWE,50674,True,
Flink,50674,True,
Knuspr,50674,True,
Picnic,50674,True,
REWE,50676,True,
Flink,50676,True,
Knuspr,50676,True,
Picnic,50676,True,
REWE,50677,False,
Flink,50677,False,
Knuspr,50677,False,
Picnic,50677,False,
REWE,50678,True,
Flink,50678,True,
Knuspr,50678,True,
Picnic,50678,True,
REWE,50679,False,
Flink,50679,False,
Knuspr,50679,False,
Picnic,50679,False,
REWE,50733,False,
Flink,50733,False,
Knuspr,50733,False,
Picnic,50733,False,
REWE,50735,False,
Flink,50735,False,
Knuspr,50735,False,
Picnic,50735,False,
REWE,50737,False,
Flink,50737,False,
Knuspr,50737,False,
Picnic,50737,False,
REWE,50739,False,
Flink,50739,False,
Knuspr,50739,False,
Picnic,50739,False,
REWE,50765,False,
Flink,50765,False,
Knuspr,50765,False,
Picnic,50765,False,
REWE,50767,False,
Flink,50767,False,
Knuspr,50767,False,
Picnic,50767,False,
REWE,50769,False,
Flink,50769,False,
Knuspr,50769,False,
Picnic,50769,False,
REWE,50823,False,
Flink,50823,False,
Knuspr,50823,False,
Picnic,50823,False,
REWE,50825,False,
Flink,50825,False,
Knuspr,50825,False,
Picnic,50825,False,
REWE,50827,False,
Flink,50827,False,
Knuspr,50827,False,
Picnic,50827,False,
REWE,50829,False,
Flink,50829,False,
Knuspr,50829,False,
Picnic,50829,False,
REWE,50858,True,
Flink,50858,True,
Knuspr,50858,True,
Picnic,50858,True,
REWE,50859,False,
Flink,50859,False,
Knuspr,50859,False,
Picnic,50859,False,
REWE,50931,False,
Flink,50931,False,
Knuspr,50931,False,
Picnic,50931,False,
REWE,50933,False,
Flink,50933,False,
Knuspr,50933,False,
Picnic,50933,False,
REWE,50935,False,
Flink,50935,False,
Knuspr,50935,False,
Picnic,50935,False,
REWE,50937,False,
Flink,50937,False,
Knuspr,50937,False,
Picnic,50937,False,
REWE,50939,False,
Flink,50939,False,
Knuspr,50939,False,
Picnic,50939,False,
REWE,50968,True,
Flink,50968,True,
Knuspr,50968,True,
Picnic,50968,True,
REWE,50969,False,
Flink,50969,False,
Knuspr,50969,False,
Picnic,50969,False,
REWE,50996,True,
Flink,50996,True,
Knuspr,50996,True,
Picnic,50996,True,
REWE,50997,False,
Flink,50997,False,
Knuspr,50997,False,
Picnic,50997,False,
REWE,50999,False,
Flink,50999,False,
Knuspr,50999,False,
Picnic,50999,False,
REWE,51061,False,
Flink,51061,False,
Knuspr,51061,False,
Picnic,51061,False,
REWE,51063,False,
Flink,51063,False,
Knuspr,51063,False,
Picnic,51063,False,
REWE,51065,False,
Flink,51065,False,
Knuspr,51065,False,
Picnic,51065,False,
REWE,51067,False,
Flink,51067,False,
Knuspr,51067,False,
Picnic,51067,False,
REWE,51069,False,
Flink,51069,False,
Knuspr,51069,False,
Picnic,51069,False,
REWE,51103,False,
Flink,51103,False,
Knuspr,51103,False,
Picnic,51103,False,
REWE,51105,False,
Flink,51105,False,
Knuspr,51105,False,
Picnic,51105,False,
REWE,51107,False,
Flink,51107,False,
Knuspr,51107,False,
Picnic,51107,False,
REWE,51109,False,
Flink,51109,False,
Knuspr,51109,False,
Picnic,51109,False,
REWE,51143,False,
Flink,51143,False,
Knuspr,51143,False,
Picnic,51143,False,
REWE,51145,False,
Flink,51145,False,
Knuspr,51145,False,
Picnic,51145,False,
REWE,51147,False,
Flink,51147,False,
Knuspr,51147,False,
Picnic,51147,False,
REWE,51149,False,
Flink,51149,False,
Knuspr,51149,False,
Picnic,51149,False,
REWE,51371,False,
Flink,51371,False,
Knuspr,51371,False,
Picnic,51371,False,
REWE,51373,False,
Flink,51373,False,
Knuspr,51373,False,
Picnic,51373,False,
REWE,51375,False,
Flink,51375,False,
Knuspr,51375,False,
Picnic,51375,False,
REWE,51377,False,
Flink,51377,False,
Knuspr,51377,False,
Picnic,51377,False,
REWE,51379,False,
Flink,51379,False,
Knuspr,51379,False,
Picnic,51379,False,
REWE,51381,False,
Flink,51381,False,
Knuspr,51381,False,
Picnic,51381,False,
REWE,51399,False,
Flink,51399,False,
Knuspr,51399,False,
Picnic,51399,False,
REWE,51427,False,
Flink,51427,False,
Knuspr,51427,False,
Picnic,51427,False,
REWE,51429,False,
Flink,51429,False,
Knuspr,51429,False,
Picnic,51429,False,
REWE,51465,False,
Flink,51465,False,
Knuspr,51465,False,
Picnic,51465,False,
REWE,51467,False,
Flink,51467,False,
Knuspr,51467,False,
Picnic,51467,False,
REWE,51469,False,
Flink,51469,False,
Knuspr,51469,False,
Picnic,51469,False,
REWE,51491,False,
Flink,51491,False,
Knuspr,51491,False,
Picnic,51491,False,
REWE,51503,False,
Flink,51503,False,
Knuspr,51503,False,
Picnic,51503,False,
REWE,51515,False,
Flink,51515,False,
Knuspr,51515,False,
Picnic,51515,False,
REWE,51519,False,
Flink,51519,False,
Knuspr,51519,False,
Picnic,51519,False,
REWE,51545,False,
Flink,51545,False,
Knuspr,51545,False,
Picnic,51545,False,
REWE,51570,True,
Flink,51570,True,
Knuspr,51570,True,
Picnic,51570,True,
REWE,51580,True,
Flink,51580,True,
Knuspr,51580,True,
Picnic,51580,True,
REWE,51588,True,
Flink,51588,True,
Knuspr,51588,True,
Picnic,51588,True,
REWE,51597,False,
Flink,51597,False,
Knuspr,51597,False,
Picnic,51597,False,
REWE,51643,False,
Flink,51643,False,
Knuspr,51643,False,
Picnic,51643,False,
REWE,51645,False,
Flink,51645,False,
Knuspr,51645,False,
Picnic,51645,False,
REWE,51647,False,
Flink,51647,False,
Knuspr,51647,False,
Picnic,51647,False,
REWE,51674,True,
Flink,51674,True,
Knuspr,51674,True,
Picnic,51674,True,
REWE,51688,True,
Flink,51688,True,
Knuspr,51688,True,
Picnic,51688,True,
REWE,51702,True,
Flink,51702,True,
Knuspr,51702,True,
Picnic,51702,True,
REWE,51709,False,
Flink,51709,False,
Knuspr,51709,False,
Picnic,51709,False,
REWE,51766,True,
Flink,51766,True,
Knuspr,51766,True,
Picnic,51766,True,
REWE,51789,False,
Flink,51789,False,
Knuspr,51789,False,
Picnic,51789,False,
REWE,52062,True,
Flink,52062,True,
Knuspr,52062,True,
Picnic,52062,True,
REWE,52064,True,
Flink,52064,True,
Knuspr,52064,True,
Picnic,52064,True,
REWE,52066,True,
Flink,52066,True,
Knuspr,52066,True,
Picnic,52066,True,
REWE,52068,True,
Flink,52068,True,
Knuspr,52068,True,
Picnic,52068,True,
REWE,52070,True,
Flink,52070,True,
Knuspr,52070,True,
Picnic,52070,True,
REWE,52072,True,
Flink,52072,True,
Knuspr,52072,True,
Picnic,52072,True,
REWE,52074,True,
Flink,52074,True,
Knuspr,52074,True,
Picnic,52074,True,
REWE,52076,True,
Flink,52076,True,
Knuspr,52076,True,
Picnic,52076,True,
REWE,52078,True,
Flink,52078,True,
Knuspr,52078,True,
Picnic,52078,True,
REWE,52080,True,
Flink,52080,True,
Knuspr,52080,True,
Picnic,52080,True,
REWE,52134,True,
Flink,52134,True,
Knuspr,52134,True,
Picnic,52134,True,
REWE,52146,True,
Flink,52146,True,
Knuspr,52146,True,
Picnic,52146,True,
REWE,52152,True,
Flink,52152,True,
Knuspr,52152,True,
Picnic,52152,True,
REWE,52156,True,
Flink,52156,True,
Knuspr,52156,True,
Picnic,52156,True,
REWE,52159,False,
Flink,52159,False,
Knuspr,52159,False,
Picnic,52159,False,
REWE,52222,True,
Flink,52222,True,
Knuspr,52222,True,
Picnic,52222,True,
REWE,52223,False,
Flink,52223,False,
Knuspr,52223,False,
Picnic,52223,False,
REWE,52224,True,
Flink,52224,True,
Knuspr,52224,True,
Picnic,52224,True,
REWE,52249,False,
Flink,52249,False,
Knuspr,52249,False,
Picnic,52249,False,
REWE,52349,False,
Flink,52349,False,
Knuspr,52349,False,
Picnic,52349,False,
REWE,52351,False,
Flink,52351,False,
Knuspr,52351,False,
Picnic,52351,False,
REWE,52353,False,
Flink,52353,False,
Knuspr,52353,False,
Picnic,52353,False,
REWE,52355,False,
Flink,52355,False,
Knuspr,52355,False,
Picnic,52355,False,
REWE,52372,True,
Flink,52372,True,
Knuspr,52372,True,
Picnic,52372,True,
REWE,52379,False,
Flink,52379,False,
Knuspr,52379,False,
Picnic,52379,False,
REWE,52382,True,
Flink,52382,True,
Knuspr,52382,True,
Picnic,52382,True,
REWE,52385,False,
Flink,52385,False,
Knuspr,52385,False,
Picnic,52385,False,
REWE,52388,True,
Flink,52388,True,
Knuspr,52388,True,
Picnic,52388,True,
REWE,52391,False,
Flink,52391,False,
Knuspr,52391,False,
Picnic,52391,False,
REWE,52393,False,
Flink,52393,False,
Knuspr,52393,False,
Picnic,52393,False,
REWE,52396,True,
Flink,52396,True,
Knuspr,52396,True,
Picnic,52396,True,
REWE,52399,False,
Flink,52399,False,
Knuspr,52399,False,
Picnic,52399,False,
REWE,52428,True,
Flink,52428,True,
Knuspr,52428,True,
Picnic,52428,True,
REWE,52441,False,
Flink,52441,False,
Knuspr,52441,False,
Picnic,52441,False,
REWE,52445,False,
Flink,52445,False,
Knuspr,52445,False,
Picnic,52445,False,
REWE,52457,False,
Flink,52457,False,
Knuspr,52457,False,
Picnic,52457,False,
REWE,52459,False,
Flink,52459,False,
Knuspr,52459,False,
Picnic,52459,False,
REWE,52477,False,
Flink,52477,False,
Knuspr,52477,False,
Picnic,52477,False,
REWE,52499,False,
Flink,52499,False,
Knuspr,52499,False,
Picnic,52499,False,
REWE,52511,False,
Flink,52511,False,
Knuspr,52511,False,
Picnic,52511,False,
REWE,52525,False,
Flink,52525,False,
Knuspr,52525,False,
Picnic,52525,False,
REWE,52531,False,
Flink,52531,False,
Knuspr,52531,False,
Picnic,52531,False,
REWE,52538,True,
Flink,52538,True,
Knuspr,52538,True,
Picnic,52538,True,
REWE,53111,False,
Flink,53111,False,
Knuspr,53111,False,
Picnic,53111,False,
REWE,53113,False,
Flink,53113,False,
Knuspr,53113,False,
Picnic,53113,False,
REWE,53115,False,
Flink,53115,False,
Knuspr,53115,False,
Picnic,53115,False,
REWE,53117,False,
Flink,53117,False,
Knuspr,53117,False,
Picnic,53117,False,
REWE,53119,False,
Flink,53119,False,
Knuspr,53119,False,
Picnic,53119,False,
REWE,53121,False,
Flink,53121,False,
Knuspr,53121,False,
Picnic,53121,False,
REWE,53123,False,
Flink,53123,False,
Knuspr,53123,False,
Picnic,53123,False,
REWE,53125,False,
Flink,53125,False,
Knuspr,53125,False,
Picnic,53125,False,
REWE,53127,False,
Flink,53127,False,
Knuspr,53127,False,
Picnic,53127,False,
REWE,53129,False,
Flink,53129,False,
Knuspr,53129,False,
Picnic,53129,False,
REWE,53173,False,
Flink,53173,False,
Knuspr,53173,False,
Picnic,53173,False,
REWE,53175,False,
Flink,53175,False,
Knuspr,53175,False,
Picnic,53175,False,
REWE,53177,False,
Flink,53177,False,
Knuspr,53177,False,
Picnic,53177,False,
REWE,53179,False,
Flink,53179,False,
Knuspr,53179,False,
Picnic,53179,False,
REWE,53225,False,
Flink,53225,False,
Knuspr,53225,False,
Picnic,53225,False,
REWE,53227,False,
Flink,53227,False,
Knuspr,53227,False,
Picnic,53227,False,
REWE,53229,False,
Flink,53229,False,
Knuspr,53229,False,
Picnic,53229,False,
REWE,53332,True,
Flink,53332,True,
Knuspr,53332,True,
Picnic,53332,True,
REWE,53340,True,
Flink,53340,True,
Knuspr,53340,True,
Picnic,53340,True,
REWE,53343,False,
Flink,53343,False,
Knuspr,53343,False,
Picnic,53343,False,
REWE,53347,False,
Flink,53347,False,
Knuspr,53347,False,
Picnic,53347,False,
REWE,53359,False,
Flink,53359,False,
Knuspr,53359,False,
Picnic,53359,False,
REWE,53604,True,
Flink,53604,True,
Knuspr,53604,True,
Picnic,53604,True,
REWE,53639,False,
Flink,53639,False,
Knuspr,53639,False,
Picnic,53639,False,
REWE,53721,False,
Flink,53721,False,
Knuspr,53721,False,
Picnic,53721,False,
REWE,53757,False,
Flink,53757,False,
Knuspr,53757,False,
Picnic,53757,False,
REWE,53773,False,
Flink,53773,False,
Knuspr,53773,False,
Picnic,53773,False,
REWE,53783,False,
Flink,53783,False,
Knuspr,53783,False,
Picnic,53783,False,
REWE,53797,False,
Flink,53797,False,
Knuspr,53797,False,
Picnic,53797,False,
REWE,53804,True,
Flink,53804,True,
Knuspr,53804,True,
Picnic,53804,True,
REWE,53809,False,
Flink,53809,False,
Knuspr,53809,False,
Picnic,53809,False,
REWE,53819,False,
Flink,53819,False,
Knuspr,53819,False,
Picnic,53819,False,
REWE,53840,True,
Flink,53840,True,
Knuspr,53840,True,
Picnic,53840,True,
REWE,53842,True,
Flink,53842,True,
Knuspr,53842,True,
Picnic,53842,True,
REWE,53844,True,
Flink,53844,True,
Knuspr,53844,True,
Picnic,53844,True,
REWE,53859,False,
Flink,53859,False,
Knuspr,53859,False,
Picnic,53859,False,
REWE,53879,False,
Flink,53879,False,
Knuspr,53879,False,
Picnic,53879,False,
REWE,53881,False,
Flink,53881,False,
Knuspr,53881,False,
Picnic,53881,False,
REWE,53894,True,
Flink,53894,True,
Knuspr,53894,True,
Picnic,53894,True,
REWE,53902,True,
Flink,53902,True,
Knuspr,53902,True,
Picnic,53902,True,
REWE,53909,False,
Flink,53909,False,
Knuspr,53909,False,
Picnic,53909,False,
REWE,53913,False,
Flink,53913,False,
Knuspr,53913,False,
Picnic,53913,False,
REWE,53919,False,
Flink,53919,False,
Knuspr,53919,False,
Picnic,53919,False,
REWE,53925,False,
Flink,53925,False,
Knuspr,53925,False,
Picnic,53925,False,
REWE,53937,False,
Flink,53937,False,
Knuspr,53937,False,
Picnic,53937,False,
REWE,53940,True,
Flink,53940,True,
Knuspr,53940,True,
Picnic,53940,True,
REWE,53945,False,
Flink,53945,False,
Knuspr,53945,False,
Picnic,53945,False,
REWE,53947,False,
Flink,53947,False,
Knuspr,53947,False,
Picnic,53947,False,
REWE,53949,False,
Flink,53949,False,
Knuspr,53949,False,
Picnic,53949,False,
REWE,44575,False,
Flink,44575,False,
Knuspr,44575,False,
Picnic,44575,False,
REWE,44577,False,
Flink,44577,False,
Knuspr,44577,False,
Picnic,44577,False,
REWE,44579,False,
Flink,44579,False,
Knuspr,44579,False,
Picnic,44579,False,
REWE,44581,False,
Flink,44581,False,
Knuspr,44581,False,
Picnic,44581,False,
REWE,45657,False,
Flink,45657,False,
Knuspr,45657,False,
Picnic,45657,False,
REWE,45659,False,
Flink,45659,False,
Knuspr,45659,False,
Picnic,45659,False,
REWE,45661,False,
Flink,45661,False,
Knuspr,45661,False,
Picnic,45661,False,
REWE,45663,False,
Flink,45663,False,
Knuspr,45663,False,
Picnic,45663,False,
REWE,45665,False,
Flink,45665,False,
Knuspr,45665,False,
Picnic,45665,False,
REWE,45699,False,
Flink,45699,False,
Knuspr,45699,False,
Picnic,45699,False,
REWE,45701,False,
Flink,45701,False,
Knuspr,45701,False,
Picnic,45701,False,
REWE,45711,False,
Flink,45711,False,
Knuspr,45711,False,
Picnic,45711,False,
REWE,45721,False,
Flink,45721,False,
Knuspr,45721,False,
Picnic,45721,False,
REWE,45731,False,
Flink,45731,False,
Knuspr,45731,False,
Picnic,45731,False,
REWE,45739,False,
Flink,45739,False,
Knuspr,45739,False,
Picnic,45739,False,
REWE,45768,True,
Flink,45768,True,
Knuspr,45768,True,
Picnic,45768,True,
REWE,45770,True,
Flink,45770,True,
Knuspr,45770,True,
Picnic,45770,True,
REWE,45772,True,
Flink,45772,True,
Knuspr,45772,True,
Picnic,45772,True,
REWE,45879,False,
Flink,45879,False,
Knuspr,45879,False,
Picnic,45879,False,
REWE,45881,False,
Flink,45881,False,
Knuspr,45881,False,
Picnic,45881,False,
REWE,45883,False,
Flink,45883,False,
Knuspr,45883,False,
Picnic,45883,False,
REWE,45884,True,
Flink,45884,True,
Knuspr,45884,True,
Picnic,45884,True,
REWE,45886,True,
Flink,45886,True,
Knuspr,45886,True,
Picnic,45886,True,
REWE,45888,True,
Flink,45888,True,
Knuspr,45888,True,
Picnic,45888,True,
REWE,45889,False,
Flink,45889,False,
Knuspr,45889,False,
Picnic,45889,False,
REWE,45891,False,
Flink,45891,False,
Knuspr,45891,False,
Picnic,45891,False,
REWE,45892,True,
Flink,45892,True,
Knuspr,45892,True,
Picnic,45892,True,
REWE,45894,True,
Flink,45894,True,
Knuspr,45894,True,
Picnic,45894,True,
REWE,45896,True,
Flink,45896,True,
Knuspr,45896,True,
Picnic,45896,True,
REWE,45897,False,
Flink,45897,False,
Knuspr,45897,False,
Picnic,45897,False,
REWE,45899,False,
Flink,45899,False,
Knuspr,45899,False,
Picnic,45899,False,
REWE,45964,True,
Flink,45964,True,
Knuspr,45964,True,
Picnic,45964,True,
REWE,45966,True,
Flink,45966,True,
Knuspr,45966,True,
Picnic,45966,True,
REWE,45968,True,
Flink,45968,True,
Knuspr,45968,True,
Picnic,45968,True,
REWE,46236,True,
Flink,46236,True,
Knuspr,46236,True,
Picnic,46236,True,
REWE,46238,True,
Flink,46238,True,
Knuspr,46238,True,
Picnic,46238,True,
REWE,46240,True,
Flink,46240,True,
Knuspr,46240,True,
Picnic,46240,True,
REWE,46242,True,
Flink,46242,True,
Knuspr,46242,True,
Picnic,46242,True,
REWE,46244,True,
Flink,46244,True,
Knuspr,46244,True,
Picnic,46244,True,
REWE,46282,True,
Flink,46282,True,
Knuspr,46282,True,
Picnic,46282,True,
REWE,46284,True,
Flink,46284,True,
Knuspr,46284,True,
Picnic,46284,True,
REWE,46286,True,
Flink,46286,True,
Knuspr,46286,True,
Picnic,46286,True,
REWE,46325,False,
Flink,46325,False,
Knuspr,46325,False,
Picnic,46325,False,
REWE,46342,True,
Flink,46342,True,
Knuspr,46342,True,
Picnic,46342,True,
REWE,46348,True,
Flink,46348,True,
Knuspr,46348,True,
Picnic,46348,True,
REWE,46354,True,
Flink,46354,True,
Knuspr,46354,True,
Picnic,46354,True,
REWE,46359,False,
Flink,46359,False,
Knuspr,46359,False,
Picnic,46359,False,
REWE,46395,False,
Flink,46395,False,
Knuspr,46395,False,
Picnic,46395,False,
REWE,46397,False,
Flink,46397,False,
Knuspr,46397,False,
Picnic,46397,False,
REWE,46399,False,
Flink,46399,False,
Knuspr,46399,False,
Picnic,46399,False,
REWE,46414,True,
Flink,46414,True,
Knuspr,46414,True,
Picnic,46414,True,
REWE,46419,False,
Flink,46419,False,
Knuspr,46419,False,
Picnic,46419,False,
REWE,48079,False,
Flink,48079,False,
Knuspr,48079,False,
Picnic,48079,False,
REWE,48143,False,
Flink,48143,False,
Knuspr,48143,False,
Picnic,48143,False,
REWE,48145,False,
Flink,48145,False,
Knuspr,48145,False,
Picnic,48145,False,
REWE,48147,False,
Flink,48147,False,
Knuspr,48147,False,
Picnic,48147,False,
REWE,48149,False,
Flink,48149,False,
Knuspr,48149,False,
Picnic,48149,False,
REWE,48151,False,
Flink,48151,False,
Knuspr,48151,False,
Picnic,48151,False,
REWE,48153,False,
Flink,48153,False,
Knuspr,48153,False,
Picnic,48153,False,
REWE,48155,False,
Flink,48155,False,
Knuspr,48155,False,
Picnic,48155,False,
REWE,48157,False,
Flink,48157,False,
Knuspr,48157,False,
Picnic,48157,False,
REWE,48159,False,
Flink,48159,False,
Knuspr,48159,False,
Picnic,48159,False,
REWE,48161,False,
Flink,48161,False,
Knuspr,48161,False,
Picnic,48161,False,
REWE,48163,False,
Flink,48163,False,
Knuspr,48163,False,
Picnic,48163,False,
REWE,48165,False,
Flink,48165,False,
Knuspr,48165,False,
Picnic,48165,False,
REWE,48167,False,
Flink,48167,False,
Knuspr,48167,False,
Picnic,48167,False,
REWE,48231,False,
Flink,48231,False,
Knuspr,48231,False,
Picnic,48231,False,
REWE,48249,False,
Flink,48249,False,
Knuspr,48249,False,
Picnic,48249,False,
REWE,48268,True,
Flink,48268,True,
Knuspr,48268,True,
Picnic,48268,True,
REWE,48282,True,
Flink,48282,True,
Knuspr,48282,True,
Picnic,48282,True,
REWE,48291,False,
Flink,48291,False,
Knuspr,48291,False,
Picnic,48291,False,
REWE,48301,False,
Flink,48301,False,
Knuspr,48301,False,
Picnic,48301,False,
REWE,48308,True,
Flink,48308,True,
Knuspr,48308,True,
Picnic,48308,True,
REWE,48317,False,
Flink,48317,False,
Knuspr,48317,False,
Picnic,48317,False,
REWE,48324,True,
Flink,48324,True,
Knuspr,48324,True,
Picnic,48324,True,
REWE,48329,False,
Flink,48329,False,
Knuspr,48329,False,
Picnic,48329,False,
REWE,48336,True,
Flink,48336,True,
Knuspr,48336,True,
Picnic,48336,True,
REWE,48341,False,
Flink,48341,False,
Knuspr,48341,False,
Picnic,48341,False,
REWE,48346,True,
Flink,48346,True,
Knuspr,48346,True,
Picnic,48346,True,
REWE,48351,False,
Flink,48351,False,
Knuspr,48351,False,
Picnic,48351,False,
REWE,48356,True,
Flink,48356,True,
Knuspr,48356,True,
Picnic,48356,True,
REWE,48361,False,
Flink,48361,False,
Knuspr,48361,False,
Picnic,48361,False,
REWE,48366,True,
Flink,48366,True,
Knuspr,48366,True,
Picnic,48366,True,
REWE,48369,False,
Flink,48369,False,
Knuspr,48369,False,
Picnic,48369,False,
REWE,48429,False,
Flink,48429,False,
Knuspr,48429,False,
Picnic,48429,False,
REWE,48431,False,
Flink,48431,False,
Knuspr,48431,False,
Picnic,48431,False,
REWE,48432,True,
Flink,48432,True,
Knuspr,48432,True,
Picnic,48432,True,
REWE,48477,False,
Flink,48477,False,
Knuspr,48477,False,
Picnic,48477,False,
REWE,48485,False,
Flink,48485,False,
Knuspr,48485,False,
Picnic,48485,False,
REWE,48493,False,
Flink,48493,False,
Knuspr,48493,False,
Picnic,48493,False,
REWE,48496,True,
Flink,48496,True,
Knuspr,48496,True,
Picnic,48496,True,
REWE,48565,False,
Flink,48565,False,
Knuspr,48565,False,
Picnic,48565,False,
REWE,48599,False,
Flink,48599,False,
Knuspr,48599,False,
Picnic,48599,False,
REWE,48607,False,
Flink,48607,False,
Knuspr,48607,False,
Picnic,48607,False,
REWE,48612,True,
Flink,48612,True,
Knuspr,48612,True,
Picnic,48612,True,
REWE,48619,False,
Flink,48619,False,
Knuspr,48619,False,
Picnic,48619,False,
REWE,48624,True,
Flink,48624,True,
Knuspr,48624,True,
Picnic,48624,True,
REWE,48629,False,
Flink,48629,False,
Knuspr,48629,False,
Picnic,48629,False,
REWE,48653,False,
Flink,48653,False,
Knuspr,48653,False,
Picnic,48653,False,
REWE,48683,False,
Flink,48683,False,
Knuspr,48683,False,
Picnic,48683,False,
REWE,48691,False,
Flink,48691,False,
Knuspr,48691,False,
Picnic,48691,False,
REWE,48703,False,
Flink,48703,False,
Knuspr,48703,False,
Picnic,48703,False,
REWE,48712,True,
Flink,48712,True,
Knuspr,48712,True,
Picnic,48712,True,
REWE,48720,True,
Flink,48720,True,
Knuspr,48720,True,
Picnic,48720,True,
REWE,48727,False,
Flink,48727,False,
Knuspr,48727,False,
Picnic,48727,False,
REWE,48734,True,
Flink,48734,True,
Knuspr,48734,True,
Picnic,48734,True,
REWE,48739,False,
Flink,48739,False,
Knuspr,48739,False,
Picnic,48739,False,
REWE,49477,False,
Flink,49477,False,
Knuspr,49477,False,
Picnic,49477,False,
REWE,49479,False,
Flink,49479,False,
Knuspr,49479,False,
Picnic,49479,False,
REWE,49492,True,
Flink,49492,True,
Knuspr,49492,True,
Picnic,49492,True,
REWE,49497,False,
Flink,49497,False,
Knuspr,49497,False,
Picnic,49497,False,
REWE,49504,True,
Flink,49504,True,
Knuspr,49504,True,
Picnic,49504,True,
REWE,49509,False,
Flink,49509,False,
Knuspr,49509,False,
Picnic,49509,False,
REWE,49525,False,
Flink,49525,False,
Knuspr,49525,False,
Picnic,49525,False,
REWE,49536,True,
Flink,49536,True,
Knuspr,49536,True,
Picnic,49536,True,
REWE,49545,False,
Flink,49545,False,
Knuspr,49545,False,
Picnic,49545,False,
REWE,49549,False,
Flink,49549,False,
Knuspr,49549,False,
Picnic,49549,False,
REWE,59227,False,
Flink,59227,False,
Knuspr,59227,False,
Picnic,59227,False,
REWE,59229,False,
Flink,59229,False,
Knuspr,59229,False,
Picnic,59229,False,
REWE,59269,False,
Flink,59269,False,
Knuspr,59269,False,
Picnic,59269,False,
REWE,59302,True,
Flink,59302,True,
Knuspr,59302,True,
Picnic,59302,True,
REWE,59320,True,
Flink,59320,True,
Knuspr,59320,True,
Picnic,59320,True,
REWE,59329,False,
Flink,59329,False,
Knuspr,59329,False,
Picnic,59329,False,
REWE,59348,True,
Flink,59348,True,
Knuspr,59348,True,
Picnic,59348,True,
REWE,59387,False,
Flink,59387,False,
Knuspr,59387,False,
Picnic,59387,False,
REWE,59394,True,
Flink,59394,True,
Knuspr,59394,True,
Picnic,59394,True,
REWE,59399,False,
Flink,59399,False,
Knuspr,59399,False,
Picnic,59399,False,
REWE,32049,False,
Flink,32049,False,
Knuspr,32049,False,
Picnic,32049,False,
REWE,32051,False,
Flink,32051,False,
Knuspr,32051,False,
Picnic,32051,False,
REWE,32052,True,
Flink,32052,True,
Knuspr,32052,True,
Picnic,32052,True,
REWE,32105,False,
Flink,32105,False,
Knuspr,32105,False,
Picnic,32105,False,
REWE,32107,False,
Flink,32107,False,
Knuspr,32107,False,
Picnic,32107,False,
REWE,32108,True,
Flink,32108,True,
Knuspr,32108,True,
Picnic,32108,True,
REWE,32120,True,
Flink,32120,True,
Knuspr,32120,True,
Picnic,32120,True,
REWE,32130,True,
Flink,32130,True,
Knuspr,32130,True,
Picnic,32130,True,
REWE,32139,False,
Flink,32139,False,
Knuspr,32139,False,
Picnic,32139,False,
REWE,32257,False,
Flink,32257,False,
Knuspr,32257,False,
Picnic,32257,False,
REWE,32278,True,
Flink,32278,True,
Knuspr,32278,True,
Picnic,32278,True,
REWE,32289,False,
Flink,32289,False,
Knuspr,32289,False,
Picnic,32289,False,
REWE,32312,True,
Flink,32312,True,
Knuspr,32312,True,
Picnic,32312,True,
REWE,32339,False,
Flink,32339,False,
Knuspr,32339,False,
Picnic,32339,False,
REWE,32351,False,
Flink,32351,False,
Knuspr,32351,False,
Picnic,32351,False,
REWE,32361,False,
Flink,32361,False,
Knuspr,32361,False,
Picnic,32361,False,
REWE,32369,False,
Flink,32369,False,
Knuspr,32369,False,
Picnic,32369,False,
REWE,32423,False,
Flink,32423,False,
Knuspr,32423,False,
Picnic,32423,False,
REWE,32425,False,
Flink,32425,False,
Knuspr,32425,False,
Picnic,32425,False,
REWE,32427,False,
Flink,32427,False,
Knuspr,32427,False,
Picnic,32427,False,
REWE,32429,False,
Flink,32429,False,
Knuspr,32429,False,
Picnic,32429,False,
REWE,32457,False,
Flink,32457,False,
Knuspr,32457,False,
Picnic,32457,False,
REWE,32469,False,
Flink,32469,False,
Knuspr,32469,False,
Picnic,32469,False,
REWE,32479,False,
Flink,32479,False,
Knuspr,32479,False,
Picnic,32479,False,
REWE,32545,False,
Flink,32545,False,
Knuspr,32545,False,
Picnic,32545,False,
REWE,32547,False,
Flink,32547,False,
Knuspr,32547,False,
Picnic,32547,False,
REWE,32549,False,
Flink,32549,False,
Knuspr,32549,False,
Picnic,32549,False,
REWE,32584,True,
Flink,32584,True,
Knuspr,32584,True,
Picnic,32584,True,
REWE,32602,True,
Flink,32602,True,
Knuspr,32602,True,
Picnic,32602,True,
REWE,32609,False,
Flink,32609,False,
Knuspr,32609,False,
Picnic,32609,False,
REWE,32657,False,
Flink,32657,False,
Knuspr,32657,False,
Picnic,32657,False,
REWE,32676,True,
Flink,32676,True,
Knuspr,32676,True,
Picnic,32676,True,
REWE,32683,False,
Flink,32683,False,
Knuspr,32683,False,
Picnic,32683,False,
REWE,32689,False,
Flink,32689,False,
Knuspr,32689,False,
Picnic,32689,False,
REWE,32694,True,
Flink,32694,True,
Knuspr,32694,True,
Picnic,32694,True,
REWE,32699,False,
Flink,32699,False,
Knuspr,32699,False,
Picnic,32699,False,
REWE,32756,True,
Flink,32756,True,
Knuspr,32756,True,
Picnic,32756,True,
REWE,32758,True,
Flink,32758,True,
Knuspr,32758,True,
Picnic,32758,True,
REWE,32760,True,
Flink,32760,True,
Knuspr,32760,True,
Picnic,32760,True,
REWE,32791,False,
Flink,32791,False,
Knuspr,32791,False,
Picnic,32791,False,
REWE,32805,False,
Flink,32805,False,
Knuspr,32805,False,
Picnic,32805,False,
REWE,32816,True,
Flink,32816,True,
Knuspr,32816,True,
Picnic,32816,True,
REWE,32825,False,
Flink,32825,False,
Knuspr,32825,False,
Picnic,32825,False,
REWE,32832,True,
Flink,32832,True,
Knuspr,32832,True,
Picnic,32832,True,
REWE,32839,False,
Flink,32839,False,
Knuspr,32839,False,
Picnic,32839,False,
REWE,33014,True,
Flink,33014,True,
Knuspr,33014,True,
Picnic,33014,True,
REWE,33034,True,
Flink,33034,True,
Knuspr,33034,True,
Picnic,33034,True,
REWE,33039,False,
Flink,33039,False,
Knuspr,33039,False,
Picnic,33039,False,
REWE,33098,True,
Flink,33098,True,
Knuspr,33098,True,
Picnic,33098,True,
REWE,33100,True,
Flink,33100,True,
Knuspr,33100,True,
Picnic,33100,True,
REWE,33102,True,
Flink,33102,True,
Knuspr,33102,True,
Picnic,33102,True,
REWE,33104,True,
Flink,33104,True,
Knuspr,33104,True,
Picnic,33104,True,
REWE,33106,True,
Flink,33106,True,
Knuspr,33106,True,
Picnic,33106,True,
REWE,33129,False,
Flink,33129,False,
Knuspr,33129,False,
Picnic,33129,False,
REWE,33142,True,
Flink,33142,True,
Knuspr,33142,True,
Picnic,33142,True,
REWE,33154,True,
Flink,33154,True,
Knuspr,33154,True,
Picnic,33154,True,
REWE,33161,False,
Flink,33161,False,
Knuspr,33161,False,
Picnic,33161,False,
REWE,33165,False,
Flink,33165,False,
Knuspr,33165,False,
Picnic,33165,False,
REWE,33175,False,
Flink,33175,False,
Knuspr,33175,False,
Picnic,33175,False,
REWE,33178,True,
Flink,33178,True,
Knuspr,33178,True,
Picnic,33178,True,
REWE,33181,False,
Flink,33181,False,
Knuspr,33181,False,
Picnic,33181,False,
REWE,33184,True,
Flink,33184,True,
Knuspr,33184,True,
Picnic,33184,True,
REWE,33189,False,
Flink,33189,False,
Knuspr,33189,False,
Picnic,33189,False,
REWE,33311,False,
Flink,33311,False,
Knuspr,33311,False,
Picnic,33311,False,
REWE,33330,True,
Flink,33330,True,
Knuspr,33330,True,
Picnic,33330,True,
REWE,33332,True,
Flink,33332,True,
Knuspr,33332,True,
Picnic,33332,True,
REWE,33334,True,
Flink,33334,True,
Knuspr,33334,True,
Picnic,33334,True,
REWE,33335,False,
Flink,33335,False,
Knuspr,33335,False,
Picnic,33335,False,
REWE,33378,True,
Flink,33378,True,
Knuspr,33378,True,
Picnic,33378,True,
REWE,33397,False,
Flink,33397,False,
Knuspr,33397,False,
Picnic,33397,False,
REWE,33415,False,
Flink,33415,False,
Knuspr,33415,False,
Picnic,33415,False,
REWE,33428,True,
Flink,33428,True,
Knuspr,33428,True,
Picnic,33428,True,
REWE,33442,True,
Flink,33442,True,
Knuspr,33442,True,
Picnic,33442,True,
REWE,33449,False,
Flink,33449,False,
Knuspr,33449,False,
Picnic,33449,False,
REWE,33519,False,
Flink,33519,False,
Knuspr,33519,False,
Picnic,33519,False,
REWE,33602,True,
Flink,33602,True,
Knuspr,33602,True,
Picnic,33602,True,
REWE,33604,True,
Flink,33604,True,
Knuspr,33604,True,
Picnic,33604,True,
REWE,33605,False,
Flink,33605,False,
Knuspr,33605,False,
Picnic,33605,False,
REWE,33607,False,
Flink,33607,False,
Knuspr,33607,False,
Picnic,33607,False,
REWE,33609,False,
Flink,33609,False,
Knuspr,33609,False,
Picnic,33609,False,
REWE,33611,False,
Flink,33611,False,
Knuspr,33611,False,
Picnic,33611,False,
REWE,33613,False,
Flink,33613,False,
Knuspr,33613,False,
Picnic,33613,False,
REWE,33615,False,
Flink,33615,False,
Knuspr,33615,False,
Picnic,33615,False,
REWE,33617,False,
Flink,33617,False,
Knuspr,33617,False,
Picnic,33617,False,
REWE,33619,False,
Flink,33619,False,
Knuspr,33619,False,
Picnic,33619,False,
REWE,33647,False,
Flink,33647,False,
Knuspr,33647,False,
Picnic,33647,False,
REWE,33649,False,
Flink,33649,False,
Knuspr,33649,False,
Picnic,33649,False,
REWE,33659,False,
Flink,33659,False,
Knuspr,33659,False,
Picnic,33659,False,
REWE,33689,False,
Flink,33689,False,
Knuspr,33689,False,
Picnic,33689,False,
REWE,33699,False,
Flink,33699,False,
Knuspr,33699,False,
Picnic,33699,False,
REWE,33719,False,
Flink,33719,False,
Knuspr,33719,False,
Picnic,33719,False,
REWE,33729,False,
Flink,33729,False,
Knuspr,33729,False,
Picnic,33729,False,
REWE,33739,False,
Flink,33739,False,
Knuspr,33739,False,
Picnic,33739,False,
REWE,33758,True,
Flink,33758,True,
Knuspr,33758,True,
Picnic,33758,True,
REWE,33775,False,
Flink,33775,False,
Knuspr,33775,False,
Picnic,33775,False,
REWE,33790,True,
Flink,33790,True,
Knuspr,33790,True,
Picnic,33790,True,
REWE,33803,False,
Flink,33803,False,
Knuspr,33803,False,
Picnic,33803,False,
REWE,33813,False,
Flink,33813,False,
Knuspr,33813,False,
Picnic,33813,False,
REWE,33818,True,
Flink,33818,True,
Knuspr,33818,True,
Picnic,33818,True,
REWE,33824,True,
Flink,33824,True,
Knuspr,33824,True,
Picnic,33824,True,
REWE,33829,False,
Flink,33829,False,
Knuspr,33829,False,
Picnic,33829,False,
REWE,34414,True,
Flink,34414,True,
Knuspr,34414,True,
Picnic,34414,True,
REWE,34434,True,
Flink,34434,True,
Knuspr,34434,True,
Picnic,34434,True,
REWE,34439,False,
Flink,34439,False,
Knuspr,34439,False,
Picnic,34439,False,
REWE,37671,False,
Flink,37671,False,
Knuspr,37671,False,
Picnic,37671,False,
REWE,37688,True,
Flink,37688,True,
Knuspr,37688,True,
Picnic,37688,True,
REWE,37696,True,
Flink,37696,True,
Knuspr,37696,True,
Picnic,37696,True,
REWE,34431,False,
Flink,34431,False,
Knuspr,34431,False,
Picnic,34431,False,
REWE,44135,False,
Flink,44135,False,
Knuspr,44135,False,
Picnic,44135,False,
REWE,44137,False,
Flink,44137,False,
Knuspr,44137,False,
Picnic,44137,False,
REWE,44139,False,
Flink,44139,False,
Knuspr,44139,False,
Picnic,44139,False,
REWE,44141,False,
Flink,44141,False,
Knuspr,44141,False,
Picnic,44141,False,
REWE,44143,False,
Flink,44143,False,
Knuspr,44143,False,
Picnic,44143,False,
REWE,44145,False,
Flink,44145,False,
Knuspr,44145,False,
Picnic,44145,False,
REWE,44147,False,
Flink,44147,False,
Knuspr,44147,False,
Picnic,44147,False,
REWE,44149,False,
Flink,44149,False,
Knuspr,44149,False,
Picnic,44149,False,
REWE,44225,False,
Flink,44225,False,
Knuspr,44225,False,
Picnic,44225,False,
REWE,44227,False,
Flink,44227,False,
Knuspr,44227,False,
Picnic,44227,False,
REWE,44229,False,
Flink,44229,False,
Knuspr,44229,False,
Picnic,44229,False,
REWE,44263,False,
Flink,44263,False,
Knuspr,44263,False,
Picnic,44263,False,
REWE,44265,False,
Flink,44265,False,
Knuspr,44265,False,
Picnic,44265,False,
REWE,44267,False,
Flink,44267,False,
Knuspr,44267,False,
Picnic,44267,False,
REWE,44269,False,
Flink,44269,False,
Knuspr,44269,False,
Picnic,44269,False,
REWE,44287,False,
Flink,44287,False,
Knuspr,44287,False,
Picnic,44287,False,
REWE,44289,False,
Flink,44289,False,
Knuspr,44289,False,
Picnic,44289,False,
REWE,44309,False,
Flink,44309,False,
Knuspr,44309,False,
Picnic,44309,False,
REWE,44319,False,
Flink,44319,False,
Knuspr,44319,False,
Picnic,44319,False,
REWE,44328,True,
Flink,44328,True,
Knuspr,44328,True,
Picnic,44328,True,
REWE,44329,False,
Flink,44329,False,
Knuspr,44329,False,
Picnic,44329,False,
REWE,44339,False,
Flink,44339,False,
Knuspr,44339,False,
Picnic,44339,False,
REWE,44357,False,
Flink,44357,False,
Knuspr,44357,False,
Picnic,44357,False,
REWE,44359,False,
Flink,44359,False,
Knuspr,44359,False,
Picnic,44359,False,
REWE,44369,False,
Flink,44369,False,
Knuspr,44369,False,
Picnic,44369,False,
REWE,44379,False,
Flink,44379,False,
Knuspr,44379,False,
Picnic,44379,False,
REWE,44388,True,
Flink,44388,True,
Knuspr,44388,True,
Picnic,44388,True,
REWE,44532,True,
Flink,44532,True,
Knuspr,44532,True,
Picnic,44532,True,
REWE,44534,True,
Flink,44534,True,
Knuspr,44534,True,
Picnic,44534,True,
REWE,44536,True,
Flink,44536,True,
Knuspr,44536,True,
Picnic,44536,True,
REWE,44623,False,
Flink,44623,False,
Knuspr,44623,False,
Picnic,44623,False,
REWE,44625,False,
Flink,44625,False,
Knuspr,44625,False,
Picnic,44625,False,
REWE,44627,False,
Flink,44627,False,
Knuspr,44627,False,
Picnic,44627,False,
REWE,44628,True,
Flink,44628,True,
Knuspr,44628,True,
Picnic,44628,True,
REWE,44629,False,
Flink,44629,False,
Knuspr,44629,False,
Picnic,44629,False,
REWE,44649,False,
Flink,44649,False,
Knuspr,44649,False,
Picnic,44649,False,
REWE,44651,False,
Flink,44651,False,
Knuspr,44651,False,
Picnic,44651,False,
REWE,44652,True,
Flink,44652,True,
Knuspr,44652,True,
Picnic,44652,True,
REWE,44653,False,
Flink,44653,False,
Knuspr,44653,False,
Picnic,44653,False,
REWE,44787,False,
Flink,44787,False,
Knuspr,44787,False,
Picnic,44787,False,
REWE,44789,False,
Flink,44789,False,
Knuspr,44789,False,
Picnic,44789,False,
REWE,44791,False,
Flink,44791,False,
Knuspr,44791,False,
Picnic,44791,False,
REWE,44793,False,
Flink,44793,False,
Knuspr,44793,False,
Picnic,44793,False,
REWE,44795,False,
Flink,44795,False,
Knuspr,44795,False,
Picnic,44795,False,
REWE,44797,False,
Flink,44797,False,
Knuspr,44797,False,
Picnic,44797,False,
REWE,44799,False,
Flink,44799,False,
Knuspr,44799,False,
Picnic,44799,False,
REWE,44801,False,
Flink,44801,False,
Knuspr,44801,False,
Picnic,44801,False,
REWE,44803,False,
Flink,44803,False,
Knuspr,44803,False,
Picnic,44803,False,
REWE,44805,False,
Flink,44805,False,
Knuspr,44805,False,
Picnic,44805,False,
REWE,44807,False,
Flink,44807,False,
Knuspr,44807,False,
Picnic,44807,False,
REWE,44809,False,
Flink,44809,False,
Knuspr,44809,False,
Picnic,44809,False,
REWE,44866,True,
Flink,44866,True,
Knuspr,44866,True,
Picnic,44866,True,
REWE,44867,False,
Flink,44867,False,
Knuspr,44867,False,
Picnic,44867,False,
REWE,44869,False,
Flink,44869,False,
Knuspr,44869,False,
Picnic,44869,False,
REWE,44879,False,
Flink,44879,False,
Knuspr,44879,False,
Picnic,44879,False,
REWE,44892,True,
Flink,44892,True,
Knuspr,44892,True,
Picnic,44892,True,
REWE,44894,True,
Flink,44894,True,
Knuspr,44894,True,
Picnic,44894,True,
REWE,45525,False,
Flink,45525,False,
Knuspr,45525,False,
Picnic,45525,False,
REWE,45527,False,
Flink,45527,False,
Knuspr,45527,False,
Picnic,45527,False,
REWE,45529,False,
Flink,45529,False,
Knuspr,45529,False,
Picnic,45529,False,
REWE,45549,False,
Flink,45549,False,
Knuspr,45549,False,
Picnic,45549,False,
REWE,57072,True,
Flink,57072,True,
Knuspr,57072,True,
Picnic,57072,True,
REWE,57074,True,
Flink,57074,True,
Knuspr,57074,True,
Picnic,57074,True,
REWE,57076,True,
Flink,57076,True,
Knuspr,57076,True,
Picnic,57076,True,
REWE,57078,True,
Flink,57078,True,
Knuspr,57078,True,
Picnic,57078,True,
REWE,57080,True,
Flink,57080,True,
Knuspr,57080,True,
Picnic,57080,True,
REWE,57223,False,
Flink,57223,False,
Knuspr,57223,False,
Picnic,57223,False,
REWE,57234,True,
Flink,57234,True,
Knuspr,57234,True,
Picnic,57234,True,
REWE,57250,True,
Flink,57250,True,
Knuspr,57250,True,
Picnic,57250,True,
REWE,57258,True,
Flink,57258,True,
Knuspr,57258,True,
Picnic,57258,True,
REWE,57271,False,
Flink,57271,False,
Knuspr,57271,False,
Picnic,57271,False,
REWE,57290,True,
Flink,57290,True,
Knuspr,57290,True,
Picnic,57290,True,
REWE,57299,False,
Flink,57299,False,
Knuspr,57299,False,
Picnic,57299,False,
REWE,57319,False,
Flink,57319,False,
Knuspr,57319,False,
Picnic,57319,False,
REWE,57334,True,
Flink,57334,True,
Knuspr,57334,True,
Picnic,57334,True,
REWE,57339,False,
Flink,57339,False,
Knuspr,57339,False,
Picnic,57339,False,
REWE,57368,True,
Flink,57368,True,
Knuspr,57368,True,
Picnic,57368,True,
REWE,57392,True,
Flink,57392,True,
Knuspr,57392,True,
Picnic,57392,True,
REWE,57399,False,
Flink,57399,False,
Knuspr,57399,False,
Picnic,57399,False,
REWE,57413,False,
Flink,57413,False,
Knuspr,57413,False,
Picnic,57413,False,
REWE,57439,False,
Flink,57439,False,
Knuspr,57439,False,
Picnic,57439,False,
REWE,57462,True,
Flink,57462,True,
Knuspr,57462,True,
Picnic,57462,True,
REWE,57482,True,
Flink,57482,True,
Knuspr,57482,True,
Picnic,57482,True,
REWE,57489,False,
Flink,57489,False,
Knuspr,57489,False,
Picnic,57489,False,
REWE,58089,False,
Flink,58089,False,
Knuspr,58089,False,
Picnic,58089,False,
REWE,58091,False,
Flink,58091,False,
Knuspr,58091,False,
Picnic,58091,False,
REWE,58093,False,
Flink,58093,False,
Knuspr,58093,False,
Picnic,58093,False,
REWE,58095,False,
Flink,58095,False,
Knuspr,58095,False,
Picnic,58095,False,
REWE,58097,False,
Flink,58097,False,
Knuspr,58097,False,
Picnic,58097,False,
REWE,58099,False,
Flink,58099,False,
Knuspr,58099,False,
Picnic,58099,False,
REWE,58119,False,
Flink,58119,False,
Knuspr,58119,False,
Picnic,58119,False,
REWE,58135,False,
Flink,58135,False,
Knuspr,58135,False,
Picnic,58135,False,
REWE,58239,False,
Flink,58239,False,
Knuspr,58239,False,
Picnic,58239,False,
REWE,58256,True,
Flink,58256,True,
Knuspr,58256,True,
Picnic,58256,True,
REWE,58285,False,
Flink,58285,False,
Knuspr,58285,False,
Picnic,58285,False,
REWE,58300,True,
Flink,58300,True,
Knuspr,58300,True,
Picnic,58300,True,
REWE,58313,False,
Flink,58313,False,
Knuspr,58313,False,
Picnic,58313,False,
REWE,58332,True,
Flink,58332,True,
Knuspr,58332,True,
Picnic,58332,True,
REWE,58339,False,
Flink,58339,False,
Knuspr,58339,False,
Picnic,58339,False,
REWE,58452,True,
Flink,58452,True,
Knuspr,58452,True,
Picnic,58452,True,
REWE,58453,False,
Flink,58453,False,
Knuspr,58453,False,
Picnic,58453,False,
REWE,58454,True,
Flink,58454,True,
Knuspr,58454,True,
Picnic,58454,True,
REWE,58455,False,
Flink,58455,False,
Knuspr,58455,False,
Picnic,58455,False,
REWE,58456,True,
Flink,58456,True,
Knuspr,58456,True,
Picnic,58456,True,
REWE,58507,False,
Flink,58507,False,
Knuspr,58507,False,
Picnic,58507,False,
REWE,58509,False,
Flink,58509,False,
Knuspr,58509,False,
Picnic,58509,False,
REWE,58511,False,
Flink,58511,False,
Knuspr,58511,False,
Picnic,58511,False,
REWE,58513,False,
Flink,58513,False,
Knuspr,58513,False,
Picnic,58513,False,
REWE,58515,False,
Flink,58515,False,
Knuspr,58515,False,
Picnic,58515,False,
REWE,58540,True,
Flink,58540,True,
Knuspr,58540,True,
Picnic,58540,True,
REWE,58553,False,
Flink,58553,False,
Knuspr,58553,False,
Picnic,58553,False,
REWE,58566,True,
Flink,58566,True,
Knuspr,58566,True,
Picnic,58566,True,
REWE,58579,False,
Flink,58579,False,
Knuspr,58579,False,
Picnic,58579,False,
REWE,58636,True,
Flink,58636,True,
Knuspr,58636,True,
Picnic,58636,True,
REWE,58638,True,
Flink,58638,True,
Knuspr,58638,True,
Picnic,58638,True,
REWE,58640,True,
Flink,58640,True,
Knuspr,58640,True,
Picnic,58640,True,
REWE,58642,True,
Flink,58642,True,
Knuspr,58642,True,
Picnic,58642,True,
REWE,58644,True,
Flink,58644,True,
Knuspr,58644,True,
Picnic,58644,True,
REWE,58675,False,
Flink,58675,False,
Knuspr,58675,False,
Picnic,58675,False,
REWE,58706,True,
Flink,58706,True,
Knuspr,58706,True,
Picnic,58706,True,
REWE,58708,True,
Flink,58708,True,
Knuspr,58708,True,
Picnic,58708,True,
REWE,58710,True,
Flink,58710,True,
Knuspr,58710,True,
Picnic,58710,True,
REWE,58730,True,
Flink,58730,True,
Knuspr,58730,True,
Picnic,58730,True,
REWE,58739,False,
Flink,58739,False,
Knuspr,58739,False,
Picnic,58739,False,
REWE,58762,True,
Flink,58762,True,
Knuspr,58762,True,
Picnic,58762,True,
REWE,58769,False,
Flink,58769,False,
Knuspr,58769,False,
Picnic,58769,False,
REWE,58791,False,
Flink,58791,False,
Knuspr,58791,False,
Picnic,58791,False,
REWE,58802,True,
Flink,58802,True,
Knuspr,58802,True,
Picnic,58802,True,
REWE,58809,False,
Flink,58809,False,
Knuspr,58809,False,
Picnic,58809,False,
REWE,58840,True,
Flink,58840,True,
Knuspr,58840,True,
Picnic,58840,True,
REWE,58849,False,
Flink,58849,False,
Knuspr,58849,False,
Picnic,58849,False,
REWE,59063,False,
Flink,59063,False,
Knuspr,59063,False,
Picnic,59063,False,
REWE,59065,False,
Flink,59065,False,
Knuspr,59065,False,
Picnic,59065,False,
REWE,59067,False,
Flink,59067,False,
Knuspr,59067,False,
Picnic,59067,False,
REWE,59069,False,
Flink,59069,False,
Knuspr,59069,False,
Picnic,59069,False,
REWE,59071,False,
Flink,59071,False,
Knuspr,59071,False,
Picnic,59071,False,
REWE,59073,False,
Flink,59073,False,
Knuspr,59073,False,
Picnic,59073,False,
REWE,59075,False,
Flink,59075,False,
Knuspr,59075,False,
Picnic,59075,False,
REWE,59077,False,
Flink,59077,False,
Knuspr,59077,False,
Picnic,59077,False,
REWE,59174,True,
Flink,59174,True,
Knuspr,59174,True,
Picnic,59174,True,
REWE,59192,True,
Flink,59192,True,
Knuspr,59192,True,
Picnic,59192,True,
REWE,59199,False,
Flink,59199,False,
Knuspr,59199,False,
Picnic,59199,False,
REWE,59368,True,
Flink,59368,True,
Knuspr,59368,True,
Picnic,59368,True,
REWE,59379,False,
Flink,59379,False,
Knuspr,59379,False,
Picnic,59379,False,
REWE,59423,False,
Flink,59423,False,
Knuspr,59423,False,
Picnic,59423,False,
REWE,59425,False,
Flink,59425,False,
Knuspr,59425,False,
Picnic,59425,False,
REWE,59427,False,
Flink,59427,False,
Knuspr,59427,False,
Picnic,59427,False,
REWE,59439,False,
Flink,59439,False,
Knuspr,59439,False,
Picnic,59439,False,
REWE,59457,False,
Flink,59457,False,
Knuspr,59457,False,
Picnic,59457,False,
REWE,59469,False,
Flink,59469,False,
Knuspr,59469,False,
Picnic,59469,False,
REWE,59494,True,
Flink,59494,True,
Knuspr,59494,True,
Picnic,59494,True,
REWE,59505,False,
Flink,59505,False,
Knuspr,59505,False,
Picnic,59505,False,
REWE,59510,True,
Flink,59510,True,
Knuspr,59510,True,
Picnic,59510,True,
REWE,59514,True,
Flink,59514,True,
Knuspr,59514,True,
Picnic,59514,True,
REWE,59519,False,
Flink,59519,False,
Knuspr,59519,False,
Picnic,59519,False,
REWE,59555,False,
Flink,59555,False,
Knuspr,59555,False,
Picnic,59555,False,
REWE,59556,True,
Flink,59556,True,
Knuspr,59556,True,
Picnic,59556,True,
REWE,59557,False,
Flink,59557,False,
Knuspr,59557,False,
Picnic,59557,False,
REWE,59558,True,
Flink,59558,True,
Knuspr,59558,True,
Picnic,59558,True,
REWE,59581,False,
Flink,59581,False,
Knuspr,59581,False,
Picnic,59581,False,
REWE,59590,True,
Flink,59590,True,
Knuspr,59590,True,
Picnic,59590,True,
REWE,59597,False,
Flink,59597,False,
Knuspr,59597,False,
Picnic,59597,False,
REWE,59602,True,
Flink,59602,True,
Knuspr,59602,True,
Picnic,59602,True,
REWE,59609,False,
Flink,59609,False,
Knuspr,59609,False,
Picnic,59609,False,
REWE,59755,False,
Flink,59755,False,
Knuspr,59755,False,
Picnic,59755,False,
REWE,59757,False,
Flink,59757,False,
Knuspr,59757,False,
Picnic,59757,False,
REWE,59759,False,
Flink,59759,False,
Knuspr,59759,False,
Picnic,59759,False,
REWE,59821,False,
Flink,59821,False,
Knuspr,59821,False,
Picnic,59821,False,
REWE,59823,False,
Flink,59823,False,
Knuspr,59823,False,
Picnic,59823,False,
REWE,59846,True,
Flink,59846,True,
Knuspr,59846,True,
Picnic,59846,True,
REWE,59872,True,
Flink,59872,True,
Knuspr,59872,True,
Picnic,59872,True,
REWE,59889,False,
Flink,59889,False,
Knuspr,59889,False,
Picnic,59889,False,
REWE,59909,False,
Flink,59909,False,
Knuspr,59909,False,
Picnic,59909,False,
REWE,59929,False,
Flink,59929,False,
Knuspr,59929,False,
Picnic,59929,False,
REWE,59939,False,
Flink,59939,False,
Knuspr,59939,False,
Picnic,59939,False,
REWE,59955,False,
Flink,59955,False,
Knuspr,59955,False,
Picnic,59955,False,
REWE,59964,True,
Flink,59964,True,
Knuspr,59964,True,
Picnic,59964,True,
REWE,51598,True,
Flink,51598,True,
Knuspr,51598,True,
Picnic,51598,True,
REWE,53424,True,
Flink,53424,True,
Knuspr,53424,True,
Picnic,53424,True,
REWE,53426,True,
Flink,53426,True,
Knuspr,53426,True,
Picnic,53426,True,
REWE,53474,True,
Flink,53474,True,
Knuspr,53474,True,
Picnic,53474,True,
REWE,53489,False,
Flink,53489,False,
Knuspr,53489,False,
Picnic,53489,False,
REWE,53498,True,
Flink,53498,True,
Knuspr,53498,True,
Picnic,53498,True,
REWE,53501,False,
Flink,53501,False,
Knuspr,53501,False,
Picnic,53501,False,
REWE,53505,False,
Flink,53505,False,
Knuspr,53505,False,
Picnic,53505,False,
REWE,53506,True,
Flink,53506,True,
Knuspr,53506,True,
Picnic,53506,True,
REWE,53507,False,
Flink,53507,False,
Knuspr,53507,False,
Picnic,53507,False,
REWE,53508,True,
Flink,53508,True,
Knuspr,53508,True,
Picnic,53508,True,
REWE,53518,True,
Flink,53518,True,
Knuspr,53518,True,
Picnic,53518,True,
REWE,53520,True,
Flink,53520,True,
Knuspr,53520,True,
Picnic,53520,True,
REWE,53533,False,
Flink,53533,False,
Knuspr,53533,False,
Picnic,53533,False,
REWE,53534,True,
Flink,53534,True,
Knuspr,53534,True,
Picnic,53534,True,
REWE,53539,False,
Flink,53539,False,
Knuspr,53539,False,
Picnic,53539,False,
REWE,53545,False,
Flink,53545,False,
Knuspr,53545,False,
Picnic,53545,False,
REWE,53547,False,
Flink,53547,False,
Knuspr,53547,False,
Picnic,53547,False,
REWE,53557,False,
Flink,53557,False,
Knuspr,53557,False,
Picnic,53557,False,
REWE,53560,True,
Flink,53560,True,
Knuspr,53560,True,
Picnic,53560,True,
REWE,53562,True,
Flink,53562,True,
Knuspr,53562,True,
Picnic,53562,True,
REWE,53567,False,
Flink,53567,False,
Knuspr,53567,False,
Picnic,53567,False,
REWE,53572,True,
Flink,53572,True,
Knuspr,53572,True,
Picnic,53572,True,
REWE,53577,False,
Flink,53577,False,
Knuspr,53577,False,
Picnic,53577,False,
REWE,53578,True,
Flink,53578,True,
Knuspr,53578,True,
Picnic,53578,True,
REWE,53579,False,
Flink,53579,False,
Knuspr,53579,False,
Picnic,53579,False,
REWE,53619,False,
Flink,53619,False,
Knuspr,53619,False,
Picnic,53619,False,
REWE,54290,True,
Flink,54290,True,
Knuspr,54290,True,
Picnic,54290,True,
REWE,54292,True,
Flink,54292,True,
Knuspr,54292,True,
Picnic,54292,True,
REWE,54293,False,
Flink,54293,False,
Knuspr,54293,False,
Picnic,54293,False,
REWE,54294,True,
Flink,54294,True,
Knuspr,54294,True,
Picnic,54294,True,
REWE,54295,False,
Flink,54295,False,
Knuspr,54295,False,
Picnic,54295,False,
REWE,54296,True,
Flink,54296,True,
Knuspr,54296,True,
Picnic,54296,True,
REWE,54298,True,
Flink,54298,True,
Knuspr,54298,True,
Picnic,54298,True,
REWE,54306,True,
Flink,54306,True,
Knuspr,54306,True,
Picnic,54306,True,
REWE,54308,True,
Flink,54308,True,
Knuspr,54308,True,
Picnic,54308,True,
REWE,54309,False,
Flink,54309,False,
Knuspr,54309,False,
Picnic,54309,False,
REWE,54310,True,
Flink,54310,True,
Knuspr,54310,True,
Picnic,54310,True,
REWE,54311,False,
Flink,54311,False,
Knuspr,54311,False,
Picnic,54311,False,
REWE,54313,False,
Flink,54313,False,
Knuspr,54313,False,
Picnic,54313,False,
REWE,54314,True,
Flink,54314,True,
Knuspr,54314,True,
Picnic,54314,True,
REWE,54316,True,
Flink,54316,True,
Knuspr,54316,True,
Picnic,54316,True,
REWE,54317,False,
Flink,54317,False,
Knuspr,54317,False,
Picnic,54317,False,
REWE,54318,True,
Flink,54318,True,
Knuspr,54318,True,
Picnic,54318,True,
REWE,54320,True,
Flink,54320,True,
Knuspr,54320,True,
Picnic,54320,True,
REWE,54329,False,
Flink,54329,False,
Knuspr,54329,False,
Picnic,54329,False,
REWE,54331,False,
Flink,54331,False,
Knuspr,54331,False,
Picnic,54331,False,
REWE,54332,True,
Flink,54332,True,
Knuspr,54332,True,
Picnic,54332,True,
REWE,54338,True,
Flink,54338,True,
Knuspr,54338,True,
Picnic,54338,True,
REWE,54340,True,
Flink,54340,True,
Knuspr,54340,True,
Picnic,54340,True,
REWE,54341,False,
Flink,54341,False,
Knuspr,54341,False,
Picnic,54341,False,
REWE,54343,False,
Flink,54343,False,
Knuspr,54343,False,
Picnic,54343,False,
REWE,54344,True,
Flink,54344,True,
Knuspr,54344,True,
Picnic,54344,True,
REWE,54346,True,
Flink,54346,True,
Knuspr,54346,True,
Picnic,54346,True,
REWE,54347,False,
Flink,54347,False,
Knuspr,54347,False,
Picnic,54347,False,
REWE,54349,False,
Flink,54349,False,
Knuspr,54349,False,
Picnic,54349,False,
REWE,54411,False,
Flink,54411,False,
Knuspr,54411,False,
Picnic,54411,False,
REWE,54413,False,
Flink,54413,False,
Knuspr,54413,False,
Picnic,54413,False,
REWE,54421,False,
Flink,54421,False,
Knuspr,54421,False,
Picnic,54421,False,
REWE,54422,True,
Flink,54422,True,
Knuspr,54422,True,
Picnic,54422,True,
REWE,54424,True,
Flink,54424,True,
Knuspr,54424,True,
Picnic,54424,True,
REWE,54426,True,
Flink,54426,True,
Knuspr,54426,True,
Picnic,54426,True,
REWE,54427,False,
Flink,54427,False,
Knuspr,54427,False,
Picnic,54427,False,
REWE,54429,False,
Flink,54429,False,
Knuspr,54429,False,
Picnic,54429,False,
REWE,54439,False,
Flink,54439,False,
Knuspr,54439,False,
Picnic,54439,False,
REWE,54441,False,
Flink,54441,False,
Knuspr,54441,False,
Picnic,54441,False,
REWE,54450,True,
Flink,54450,True,
Knuspr,54450,True,
Picnic,54450,True,
REWE,54451,False,
Flink,54451,False,
Knuspr,54451,False,
Picnic,54451,False,
REWE,54453,False,
Flink,54453,False,
Knuspr,54453,False,
Picnic,54453,False,
REWE,54455,False,
Flink,54455,False,
Knuspr,54455,False,
Picnic,54455,False,
REWE,54456,True,
Flink,54456,True,
Knuspr,54456,True,
Picnic,54456,True,
REWE,54457,False,
Flink,54457,False,
Knuspr,54457,False,
Picnic,54457,False,
REWE,54459,False,
Flink,54459,False,
Knuspr,54459,False,
Picnic,54459,False,
REWE,54470,True,
Flink,54470,True,
Knuspr,54470,True,
Picnic,54470,True,
REWE,54472,True,
Flink,54472,True,
Knuspr,54472,True,
Picnic,54472,True,
REWE,54483,False,
Flink,54483,False,
Knuspr,54483,False,
Picnic,54483,False,
REWE,54484,True,
Flink,54484,True,
Knuspr,54484,True,
Picnic,54484,True,
REWE,54486,True,
Flink,54486,True,
Knuspr,54486,True,
Picnic,54486,True,
REWE,54487,False,
Flink,54487,False,
Knuspr,54487,False,
Picnic,54487,False,
REWE,54492,True,
Flink,54492,True,
Knuspr,54492,True,
Picnic,54492,True,
REWE,54497,False,
Flink,54497,False,
Knuspr,54497,False,
Picnic,54497,False,
REWE,54498,True,
Flink,54498,True,
Knuspr,54498,True,
Picnic,54498,True,
REWE,54516,True,
Flink,54516,True,
Knuspr,54516,True,
Picnic,54516,True,
REWE,54518,True,
Flink,54518,True,
Knuspr,54518,True,
Picnic,54518,True,
REWE,54523,False,
Flink,54523,False,
Knuspr,54523,False,
Picnic,54523,False,
REWE,54524,True,
Flink,54524,True,
Knuspr,54524,True,
Picnic,54524,True,
REWE,54526,True,
Flink,54526,True,
Knuspr,54526,True,
Picnic,54526,True,
REWE,54528,True,
Flink,54528,True,
Knuspr,54528,True,
Picnic,54528,True,
REWE,54529,False,
Flink,54529,False,
Knuspr,54529,False,
Picnic,54529,False,
REWE,54531,False,
Flink,54531,False,
Knuspr,54531,False,
Picnic,54531,False,
REWE,54533,False,
Flink,54533,False,
Knuspr,54533,False,
Picnic,54533,False,
REWE,54534,True,
Flink,54534,True,
Knuspr,54534,True,
Picnic,54534,True,
REWE,54536,True,
Flink,54536,True,
Knuspr,54536,True,
Picnic,54536,True,
REWE,54538,True,
Flink,54538,True,
Knuspr,54538,True,
Picnic,54538,True,
REWE,54539,False,
Flink,54539,False,
Knuspr,54539,False,
Picnic,54539,False,
REWE,54550,True,
Flink,54550,True,
Knuspr,54550,True,
Picnic,54550,True,
REWE,54552,True,
Flink,54552,True,
Knuspr,54552,True,
Picnic,54552,True,
REWE,54558,True,
Flink,54558,True,
Knuspr,54558,True,
Picnic,54558,True,
REWE,54568,True,
Flink,54568,True,
Knuspr,54568,True,
Picnic,54568,True,
REWE,54570,True,
Flink,54570,True,
Knuspr,54570,True,
Picnic,54570,True,
REWE,54574,True,
Flink,54574,True,
Knuspr,54574,True,
Picnic,54574,True,
REWE,54576,True,
Flink,54576,True,
Knuspr,54576,True,
Picnic,54576,True,
REWE,54578,True,
Flink,54578,True,
Knuspr,54578,True,
Picnic,54578,True,
REWE,54579,False,
Flink,54579,False,
Knuspr,54579,False,
Picnic,54579,False,
REWE,54584,True,
Flink,54584,True,
Knuspr,54584,True,
Picnic,54584,True,
REWE,54585,False,
Flink,54585,False,
Knuspr,54585,False,
Picnic,54585,False,
REWE,54586,True,
Flink,54586,True,
Knuspr,54586,True,
Picnic,54586,True,
REWE,54587,False,
Flink,54587,False,
Knuspr,54587,False,
Picnic,54587,False,
REWE,54589,False,
Flink,54589,False,
Knuspr,54589,False,
Picnic,54589,False,
REWE,54595,False,
Flink,54595,False,
Knuspr,54595,False,
Picnic,54595,False,
REWE,54597,False,
Flink,54597,False,
Knuspr,54597,False,
Picnic,54597,False,
REWE,54608,True,
Flink,54608,True,
Knuspr,54608,True,
Picnic,54608,True,
REWE,54610,True,
Flink,54610,True,
Knuspr,54610,True,
Picnic,54610,True,
REWE,54611,False,
Flink,54611,False,
Knuspr,54611,False,
Picnic,54611,False,
REWE,54612,True,
Flink,54612,True,
Knuspr,54612,True,
Picnic,54612,True,
REWE,54614,True,
Flink,54614,True,
Knuspr,54614,True,
Picnic,54614,True,
REWE,54616,True,
Flink,54616,True,
Knuspr,54616,True,
Picnic,54616,True,
REWE,54617,False,
Flink,54617,False,
Knuspr,54617,False,
Picnic,54617,False,
REWE,54619,False,
Flink,54619,False,
Knuspr,54619,False,
Picnic,54619,False,
REWE,54634,True,
Flink,54634,True,
Knuspr,54634,True,
Picnic,54634,True,
REWE,54636,True,
Flink,54636,True,
Knuspr,54636,True,
Picnic,54636,True,
REWE,54646,True,
Flink,54646,True,
Knuspr,54646,True,
Picnic,54646,True,
REWE,54647,False,
Flink,54647,False,
Knuspr,54647,False,
Picnic,54647,False,
REWE,54649,False,
Flink,54649,False,
Knuspr,54649,False,
Picnic,54649,False,
REWE,54655,False,
Flink,54655,False,
Knuspr,54655,False,
Picnic,54655,False,
REWE,54657,False,
Flink,54657,False,
Knuspr,54657,False,
Picnic,54657,False,
REWE,54662,True,
Flink,54662,True,
Knuspr,54662,True,
Picnic,54662,True,
REWE,54664,True,
Flink,54664,True,
Knuspr,54664,True,
Picnic,54664,True,
REWE,54666,True,
Flink,54666,True,
Knuspr,54666,True,
Picnic,54666,True,
REWE,54668,True,
Flink,54668,True,
Knuspr,54668,True,
Picnic,54668,True,
REWE,54669,False,
Flink,54669,False,
Knuspr,54669,False,
Picnic,54669,False,
REWE,54673,False,
Flink,54673,False,
Knuspr,54673,False,
Picnic,54673,False,
REWE,54675,False,
Flink,54675,False,
Knuspr,54675,False,
Picnic,54675,False,
REWE,54687,False,
Flink,54687,False,
Knuspr,54687,False,
Picnic,54687,False,
REWE,54689,False,
Flink,54689,False,
Knuspr,54689,False,
Picnic,54689,False,
REWE,55116,True,
Flink,55116,True,
Knuspr,55116,True,
Picnic,55116,True,
REWE,55118,True,
Flink,55118,True,
Knuspr,55118,True,
Picnic,55118,True,
REWE,55120,True,
Flink,55120,True,
Knuspr,55120,True,
Picnic,55120,True,
REWE,55122,True,
Flink,55122,True,
Knuspr,55122,True,
Picnic,55122,True,
REWE,55124,True,
Flink,55124,True,
Knuspr,55124,True,
Picnic,55124,True,
REWE,55126,True,
Flink,55126,True,
Knuspr,55126,True,
Picnic,55126,True,
REWE,55127,False,
Flink,55127,False,
Knuspr,55127,False,
Picnic,55127,False,
REWE,55128,True,
Flink,55128,True,
Knuspr,55128,True,
Picnic,55128,True,
REWE,55129,False,
Flink,55129,False,
Knuspr,55129,False,
Picnic,55129,False,
REWE,55130,True,
Flink,55130,True,
Knuspr,55130,True,
Picnic,55130,True,
REWE,55131,False,
Flink,55131,False,
Knuspr,55131,False,
Picnic,55131,False,
REWE,55218,True,
Flink,55218,True,
Knuspr,55218,True,
Picnic,55218,True,
REWE,55232,True,
Flink,55232,True,
Knuspr,55232,True,
Picnic,55232,True,
REWE,55234,True,
Flink,55234,True,
Knuspr,55234,True,
Picnic,55234,True,
REWE,55237,False,
Flink,55237,False,
Knuspr,55237,False,
Picnic,55237,False,
REWE,55239,False,
Flink,55239,False,
Knuspr,55239,False,
Picnic,55239,False,
REWE,55257,False,
Flink,55257,False,
Knuspr,55257,False,
Picnic,55257,False,
REWE,55262,True,
Flink,55262,True,
Knuspr,55262,True,
Picnic,55262,True,
REWE,55263,False,
Flink,55263,False,
Knuspr,55263,False,
Picnic,55263,False,
REWE,55268,True,
Flink,55268,True,
Knuspr,55268,True,
Picnic,55268,True,
REWE,55270,True,
Flink,55270,True,
Knuspr,55270,True,
Picnic,55270,True,
REWE,55271,False,
Flink,55271,False,
Knuspr,55271,False,
Picnic,55271,False,
REWE,55276,True,
Flink,55276,True,
Knuspr,55276,True,
Picnic,55276,True,
REWE,55278,True,
Flink,55278,True,
Knuspr,55278,True,
Picnic,55278,True,
REWE,55283,False,
Flink,55283,False,
Knuspr,55283,False,
Picnic,55283,False,
REWE,55286,True,
Flink,55286,True,
Knuspr,55286,True,
Picnic,55286,True,
REWE,55288,True,
Flink,55288,True,
Knuspr,55288,True,
Picnic,55288,True,
REWE,55291,False,
Flink,55291,False,
Knuspr,55291,False,
Picnic,55291,False,
REWE,55294,True,
Flink,55294,True,
Knuspr,55294,True,
Picnic,55294,True,
REWE,55296,True,
Flink,55296,True,
Knuspr,55296,True,
Picnic,55296,True,
REWE,55299,False,
Flink,55299,False,
Knuspr,55299,False,
Picnic,55299,False,
REWE,55411,False,
Flink,55411,False,
Knuspr,55411,False,
Picnic,55411,False,
REWE,55413,False,
Flink,55413,False,
Knuspr,55413,False,
Picnic,55413,False,
REWE,55422,True,
Flink,55422,True,
Knuspr,55422,True,
Picnic,55422,True,
REWE,55424,True,
Flink,55424,True,
Knuspr,55424,True,
Picnic,55424,True,
REWE,55425,False,
Flink,55425,False,
Knuspr,55425,False,
Picnic,55425,False,
REWE,55430,True,
Flink,55430,True,
Knuspr,55430,True,
Picnic,55430,True,
REWE,55432,True,
Flink,55432,True,
Knuspr,55432,True,
Picnic,55432,True,
REWE,55435,False,
Flink,55435,False,
Knuspr,55435,False,
Picnic,55435,False,
REWE,55437,False,
Flink,55437,False,
Knuspr,55437,False,
Picnic,55437,False,
REWE,55442,True,
Flink,55442,True,
Knuspr,55442,True,
Picnic,55442,True,
REWE,55444,True,
Flink,55444,True,
Knuspr,55444,True,
Picnic,55444,True,
REWE,55450,True,
Flink,55450,True,
Knuspr,55450,True,
Picnic,55450,True,
REWE,55452,True,
Flink,55452,True,
Knuspr,55452,True,
Picnic,55452,True,
REWE,55457,False,
Flink,55457,False,
Knuspr,55457,False,
Picnic,55457,False,
REWE,55459,False,
Flink,55459,False,
Knuspr,55459,False,
Picnic,55459,False,
REWE,55469,False,
Flink,55469,False,
Knuspr,55469,False,
Picnic,55469,False,
REWE,55471,False,
Flink,55471,False,
Knuspr,55471,False,
Picnic,55471,False,
REWE,55481,False,
Flink,55481,False,
Knuspr,55481,False,
Picnic,55481,False,
REWE,55483,False,
Flink,55483,False,
Knuspr,55483,False,
Picnic,55483,False,
REWE,55487,False,
Flink,55487,False,
Knuspr,55487,False,
Picnic,55487,False,
REWE,55490,True,
Flink,55490,True,
Knuspr,55490,True,
Picnic,55490,True,
REWE,55491,False,
Flink,55491,False,
Knuspr,55491,False,
Picnic,55491,False,
REWE,55494,True,
Flink,55494,True,
Knuspr,55494,True,
Picnic,55494,True,
REWE,55496,True,
Flink,55496,True,
Knuspr,55496,True,
Picnic,55496,True,
REWE,55497,False,
Flink,55497,False,
Knuspr,55497,False,
Picnic,55497,False,
REWE,55499,False,
Flink,55499,False,
Knuspr,55499,False,
Picnic,55499,False,
REWE,55543,False,
Flink,55543,False,
Knuspr,55543,False,
Picnic,55543,False,
REWE,55545,False,
Flink,55545,False,
Knuspr,55545,False,
Picnic,55545,False,
REWE,55546,True,
Flink,55546,True,
Knuspr,55546,True,
Picnic,55546,True,
REWE,55559,False,
Flink,55559,False,
Knuspr,55559,False,
Picnic,55559,False,
REWE,55566,True,
Flink,55566,True,
Knuspr,55566,True,
Picnic,55566,True,
REWE,55568,True,
Flink,55568,True,
Knuspr,55568,True,
Picnic,55568,True,
REWE,55569,False,
Flink,55569,False,
Knuspr,55569,False,
Picnic,55569,False,
REWE,55571,False,
Flink,55571,False,
Knuspr,55571,False,
Picnic,55571,False,
REWE,55576,True,
Flink,55576,True,
Knuspr,55576,True,
Picnic,55576,True,
REWE,55578,True,
Flink,55578,True,
Knuspr,55578,True,
Picnic,55578,True,
REWE,55583,False,
Flink,55583,False,
Knuspr,55583,False,
Picnic,55583,False,
REWE,55585,False,
Flink,55585,False,
Knuspr,55585,False,
Picnic,55585,False,
REWE,55590,True,
Flink,55590,True,
Knuspr,55590,True,
Picnic,55590,True,
REWE,55592,True,
Flink,55592,True,
Knuspr,55592,True,
Picnic,55592,True,
REWE,55593,False,
Flink,55593,False,
Knuspr,55593,False,
Picnic,55593,False,
REWE,55595,False,
Flink,55595,False,
Knuspr,55595,False,
Picnic,55595,False,
REWE,55596,True,
Flink,55596,True,
Knuspr,55596,True,
Picnic,55596,True,
REWE,55597,False,
Flink,55597,False,
Knuspr,55597,False,
Picnic,55597,False,
REWE,55599,False,
Flink,55599,False,
Knuspr,55599,False,
Picnic,55599,False,
REWE,55606,True,
Flink,55606,True,
Knuspr,55606,True,
Picnic,55606,True,
REWE,55608,True,
Flink,55608,True,
Knuspr,55608,True,
Picnic,55608,True,
REWE,55618,True,
Flink,55618,True,
Knuspr,55618,True,
Picnic,55618,True,
REWE,55619,False,
Flink,55619,False,
Knuspr,55619,False,
Picnic,55619,False,
REWE,55621,False,
Flink,55621,False,
Knuspr,55621,False,
Picnic,55621,False,
REWE,55624,True,
Flink,55624,True,
Knuspr,55624,True,
Picnic,55624,True,
REWE,55626,True,
Flink,55626,True,
Knuspr,55626,True,
Picnic,55626,True,
REWE,55627,False,
Flink,55627,False,
Knuspr,55627,False,
Picnic,55627,False,
REWE,55629,False,
Flink,55629,False,
Knuspr,55629,False,
Picnic,55629,False,
REWE,55743,False,
Flink,55743,False,
Knuspr,55743,False,
Picnic,55743,False,
REWE,55756,True,
Flink,55756,True,
Knuspr,55756,True,
Picnic,55756,True,
REWE,55758,True,
Flink,55758,True,
Knuspr,55758,True,
Picnic,55758,True,
REWE,55765,False,
Flink,55765,False,
Knuspr,55765,False,
Picnic,55765,False,
REWE,55767,False,
Flink,55767,False,
Knuspr,55767,False,
Picnic,55767,False,
REWE,55768,True,
Flink,55768,True,
Knuspr,55768,True,
Picnic,55768,True,
REWE,55774,True,
Flink,55774,True,
Knuspr,55774,True,
Picnic,55774,True,
REWE,55776,True,
Flink,55776,True,
Knuspr,55776,True,
Picnic,55776,True,
REWE,55777,False,
Flink,55777,False,
Knuspr,55777,False,
Picnic,55777,False,
REWE,55779,False,
Flink,55779,False,
Knuspr,55779,False,
Picnic,55779,False,
REWE,56068,True,
Flink,56068,True,
Knuspr,56068,True,
Picnic,56068,True,
REWE,56070,True,
Flink,56070,True,
Knuspr,56070,True,
Picnic,56070,True,
REWE,56072,True,
Flink,56072,True,
Knuspr,56072,True,
Picnic,56072,True,
REWE,56073,False,
Flink,56073,False,
Knuspr,56073,False,
Picnic,56073,False,
REWE,56075,False,
Flink,56075,False,
Knuspr,56075,False,
Picnic,56075,False,
REWE,56076,True,
Flink,56076,True,
Knuspr,56076,True,
Picnic,56076,True,
REWE,56077,False,
Flink,56077,False,
Knuspr,56077,False,
Picnic,56077,False,
REWE,56112,True,
Flink,56112,True,
Knuspr,56112,True,
Picnic,56112,True,
REWE,56130,True,
Flink,56130,True,
Knuspr,56130,True,
Picnic,56130,True,
REWE,56132,True,
Flink,56132,True,
Knuspr,56132,True,
Picnic,56132,True,
REWE,56133,False,
Flink,56133,False,
Knuspr,56133,False,
Picnic,56133,False,
REWE,56154,True,
Flink,56154,True,
Knuspr,56154,True,
Picnic,56154,True,
REWE,56170,True,
Flink,56170,True,
Knuspr,56170,True,
Picnic,56170,True,
REWE,56179,False,
Flink,56179,False,
Knuspr,56179,False,
Picnic,56179,False,
REWE,56182,True,
Flink,56182,True,
Knuspr,56182,True,
Picnic,56182,True,
REWE,56191,False,
Flink,56191,False,
Knuspr,56191,False,
Picnic,56191,False,
REWE,56203,False,
Flink,56203,False,
Knuspr,56203,False,
Picnic,56203,False,
REWE,56204,True,
Flink,56204,True,
Knuspr,56204,True,
Picnic,56204,True,
REWE,56206,True,
Flink,56206,True,
Knuspr,56206,True,
Picnic,56206,True,
REWE,56218,True,
Flink,56218,True,
Knuspr,56218,True,
Picnic,56218,True,
REWE,56220,True,
Flink,56220,True,
Knuspr,56220,True,
Picnic,56220,True,
REWE,56235,False,
Flink,56235,False,
Knuspr,56235,False,
Picnic,56235,False,
REWE,56237,False,
Flink,56237,False,
Knuspr,56237,False,
Picnic,56237,False,
REWE,56242,True,
Flink,56242,True,
Knuspr,56242,True,
Picnic,56242,True,
REWE,56244,True,
Flink,56244,True,
Knuspr,56244,True,
Picnic,56244,True,
REWE,56249,False,
Flink,56249,False,
Knuspr,56249,False,
Picnic,56249,False,
REWE,56253,False,
Flink,56253,False,
Knuspr,56253,False,
Picnic,56253,False,
REWE,56254,True,
Flink,56254,True,
Knuspr,56254,True,
Picnic,56254,True,
REWE,56269,False,
Flink,56269,False,
Knuspr,56269,False,
Picnic,56269,False,
REWE,56271,False,
Flink,56271,False,
Knuspr,56271,False,
Picnic,56271,False,
REWE,56276,True,
Flink,56276,True,
Knuspr,56276,True,
Picnic,56276,True,
REWE,56281,False,
Flink,56281,False,
Knuspr,56281,False,
Picnic,56281,False,
REWE,56283,False,
Flink,56283,False,
Knuspr,56283,False,
Picnic,56283,False,
REWE,56288,True,
Flink,56288,True,
Knuspr,56288,True,
Picnic,56288,True,
REWE,56290,True,
Flink,56290,True,
Knuspr,56290,True,
Picnic,56290,True,
REWE,56291,False,
Flink,56291,False,
Knuspr,56291,False,
Picnic,56291,False,
REWE,56294,True,
Flink,56294,True,
Knuspr,56294,True,
Picnic,56294,True,
REWE,56295,False,
Flink,56295,False,
Knuspr,56295,False,
Picnic,56295,False,
REWE,56299,False,
Flink,56299,False,
Knuspr,56299,False,
Picnic,56299,False,
REWE,56305,False,
Flink,56305,False,
Knuspr,56305,False,
Picnic,56305,False,
REWE,56307,False,
Flink,56307,False,
Knuspr,56307,False,
Picnic,56307,False,
REWE,56316,True,
Flink,56316,True,
Knuspr,56316,True,
Picnic,56316,True,
REWE,56317,False,
Flink,56317,False,
Knuspr,56317,False,
Picnic,56317,False,
REWE,56321,False,
Flink,56321,False,
Knuspr,56321,False,
Picnic,56321,False,
REWE,56322,True,
Flink,56322,True,
Knuspr,56322,True,
Picnic,56322,True,
REWE,56323,False,
Flink,56323,False,
Knuspr,56323,False,
Picnic,56323,False,
REWE,56329,False,
Flink,56329,False,
Knuspr,56329,False,
Picnic,56329,False,
REWE,56330,True,
Flink,56330,True,
Knuspr,56330,True,
Picnic,56330,True,
REWE,56332,True,
Flink,56332,True,
Knuspr,56332,True,
Picnic,56332,True,
REWE,56333,False,
Flink,56333,False,
Knuspr,56333,False,
Picnic,56333,False,
REWE,56335,False,
Flink,56335,False,
Knuspr,56335,False,
Picnic,56335,False,
REWE,56337,False,
Flink,56337,False,
Knuspr,56337,False,
Picnic,56337,False,
REWE,56338,True,
Flink,56338,True,
Knuspr,56338,True,
Picnic,56338,True,
REWE,56340,True,
Flink,56340,True,
Knuspr,56340,True,
Picnic,56340,True,
REWE,56341,False,
Flink,56341,False,
Knuspr,56341,False,
Picnic,56341,False,
REWE,56346,True,
Flink,56346,True,
Knuspr,56346,True,
Picnic,56346,True,
REWE,56348,True,
Flink,56348,True,
Knuspr,56348,True,
Picnic,56348,True,
REWE,56349,False,
Flink,56349,False,
Knuspr,56349,False,
Picnic,56349,False,
REWE,56355,False,
Flink,56355,False,
Knuspr,56355,False,
Picnic,56355,False,
REWE,56357,False,
Flink,56357,False,
Knuspr,56357,False,
Picnic,56357,False,
REWE,56368,True,
Flink,56368,True,
Knuspr,56368,True,
Picnic,56368,True,
REWE,56370,True,
Flink,56370,True,
Knuspr,56370,True,
Picnic,56370,True,
REWE,56377,False,
Flink,56377,False,
Knuspr,56377,False,
Picnic,56377,False,
REWE,56379,False,
Flink,56379,False,
Knuspr,56379,False,
Picnic,56379,False,
REWE,56410,True,
Flink,56410,True,
Knuspr,56410,True,
Picnic,56410,True,
REWE,56412,True,
Flink,56412,True,
Knuspr,56412,True,
Picnic,56412,True,
REWE,56414,True,
Flink,56414,True,
Knuspr,56414,True,
Picnic,56414,True,
REWE,56422,True,
Flink,56422,True,
Knuspr,56422,True,
Picnic,56422,True,
REWE,56424,True,
Flink,56424,True,
Knuspr,56424,True,
Picnic,56424,True,
REWE,56427,False,
Flink,56427,False,
Knuspr,56427,False,
Picnic,56427,False,
REWE,56428,True,
Flink,56428,True,
Knuspr,56428,True,
Picnic,56428,True,
REWE,56457,False,
Flink,56457,False,
Knuspr,56457,False,
Picnic,56457,False,
REWE,56459,False,
Flink,56459,False,
Knuspr,56459,False,
Picnic,56459,False,
REWE,56462,True,
Flink,56462,True,
Knuspr,56462,True,
Picnic,56462,True,
REWE,56470,True,
Flink,56470,True,
Knuspr,56470,True,
Picnic,56470,True,
REWE,56472,True,
Flink,56472,True,
Knuspr,56472,True,
Picnic,56472,True,
REWE,56477,False,
Flink,56477,False,
Knuspr,56477,False,
Picnic,56477,False,
REWE,56479,False,
Flink,56479,False,
Knuspr,56479,False,
Picnic,56479,False,
REWE,56564,True,
Flink,56564,True,
Knuspr,56564,True,
Picnic,56564,True,
REWE,56566,True,
Flink,56566,True,
Knuspr,56566,True,
Picnic,56566,True,
REWE,56567,False,
Flink,56567,False,
Knuspr,56567,False,
Picnic,56567,False,
REWE,56575,False,
Flink,56575,False,
Knuspr,56575,False,
Picnic,56575,False,
REWE,56579,False,
Flink,56579,False,
Knuspr,56579,False,
Picnic,56579,False,
REWE,56581,False,
Flink,56581,False,
Knuspr,56581,False,
Picnic,56581,False,
REWE,56584,True,
Flink,56584,True,
Knuspr,56584,True,
Picnic,56584,True,
REWE,56587,False,
Flink,56587,False,
Knuspr,56587,False,
Picnic,56587,False,
REWE,56588,True,
Flink,56588,True,
Knuspr,56588,True,
Picnic,56588,True,
REWE,56589,False,
Flink,56589,False,
Knuspr,56589,False,
Picnic,56589,False,
REWE,56593,False,
Flink,56593,False,
Knuspr,56593,False,
Picnic,56593,False,
REWE,56594,True,
Flink,56594,True,
Knuspr,56594,True,
Picnic,56594,True,
REWE,56598,True,
Flink,56598,True,
Knuspr,56598,True,
Picnic,56598,True,
REWE,56599,False,
Flink,56599,False,
Knuspr,56599,False,
Picnic,56599,False,
REWE,56626,True,
Flink,56626,True,
Knuspr,56626,True,
Picnic,56626,True,
REWE,56630,True,
Flink,56630,True,
Knuspr,56630,True,
Picnic,56630,True,
REWE,56637,False,
Flink,56637,False,
Knuspr,56637,False,
Picnic,56637,False,
REWE,56642,True,
Flink,56642,True,
Knuspr,56642,True,
Picnic,56642,True,
REWE,56645,False,
Flink,56645,False,
Knuspr,56645,False,
Picnic,56645,False,
REWE,56648,True,
Flink,56648,True,
Knuspr,56648,True,
Picnic,56648,True,
REWE,56651,False,
Flink,56651,False,
Knuspr,56651,False,
Picnic,56651,False,
REWE,56653,False,
Flink,56653,False,
Knuspr,56653,False,
Picnic,56653,False,
REWE,56656,True,
Flink,56656,True,
Knuspr,56656,True,
Picnic,56656,True,
REWE,56659,False,
Flink,56659,False,
Knuspr,56659,False,
Picnic,56659,False,
REWE,56727,False,
Flink,56727,False,
Knuspr,56727,False,
Picnic,56727,False,
REWE,56729,False,
Flink,56729,False,
Knuspr,56729,False,
Picnic,56729,False,
REWE,56736,True,
Flink,56736,True,
Knuspr,56736,True,
Picnic,56736,True,
REWE,56743,False,
Flink,56743,False,
Knuspr,56743,False,
Picnic,56743,False,
REWE,56745,False,
Flink,56745,False,
Knuspr,56745,False,
Picnic,56745,False,
REWE,56746,True,
Flink,56746,True,
Knuspr,56746,True,
Picnic,56746,True,
REWE,56751,False,
Flink,56751,False,
Knuspr,56751,False,
Picnic,56751,False,
REWE,56753,False,
Flink,56753,False,
Knuspr,56753,False,
Picnic,56753,False,
REWE,56754,True,
Flink,56754,True,
Knuspr,56754,True,
Picnic,56754,True,
REWE,56759,False,
Flink,56759,False,
Knuspr,56759,False,
Picnic,56759,False,
REWE,56761,False,
Flink,56761,False,
Knuspr,56761,False,
Picnic,56761,False,
REWE,56766,True,
Flink,56766,True,
Knuspr,56766,True,
Picnic,56766,True,
REWE,56767,False,
Flink,56767,False,
Knuspr,56767,False,
Picnic,56767,False,
REWE,56769,False,
Flink,56769,False,
Knuspr,56769,False,
Picnic,56769,False,
REWE,56812,True,
Flink,56812,True,
Knuspr,56812,True,
Picnic,56812,True,
REWE,56814,True,
Flink,56814,True,
Knuspr,56814,True,
Picnic,56814,True,
REWE,56818,True,
Flink,56818,True,
Knuspr,56818,True,
Picnic,56818,True,
REWE,56820,True,
Flink,56820,True,
Knuspr,56820,True,
Picnic,56820,True,
REWE,56821,False,
Flink,56821,False,
Knuspr,56821,False,
Picnic,56821,False,
REWE,56823,False,
Flink,56823,False,
Knuspr,56823,False,
Picnic,56823,False,
REWE,56825,False,
Flink,56825,False,
Knuspr,56825,False,
Picnic,56825,False,
REWE,56826,True,
Flink,56826,True,
Knuspr,56826,True,
Picnic,56826,True,
REWE,56828,True,
Flink,56828,True,
Knuspr,56828,True,
Picnic,56828,True,
REWE,56829,False,
Flink,56829,False,
Knuspr,56829,False,
Picnic,56829,False,
REWE,56841,False,
Flink,56841,False,
Knuspr,56841,False,
Picnic,56841,False,
REWE,56843,False,
Flink,56843,False,
Knuspr,56843,False,
Picnic,56843,False,
REWE,56850,True,
Flink,56850,True,
Knuspr,56850,True,
Picnic,56850,True,
REWE,56856,True,
Flink,56856,True,
Knuspr,56856,True,
Picnic,56856,True,
REWE,56858,True,
Flink,56858,True,
Knuspr,56858,True,
Picnic,56858,True,
REWE,56859,False,
Flink,56859,False,
Knuspr,56859,False,
Picnic,56859,False,
REWE,56861,False,
Flink,56861,False,
Knuspr,56861,False,
Picnic,56861,False,
REWE,56862,True,
Flink,56862,True,
Knuspr,56862,True,
Picnic,56862,True,
REWE,56864,True,
Flink,56864,True,
Knuspr,56864,True,
Picnic,56864,True,
REWE,56865,False,
Flink,56865,False,
Knuspr,56865,False,
Picnic,56865,False,
REWE,56867,False,
Flink,56867,False,
Knuspr,56867,False,
Picnic,56867,False,
REWE,56869,False,
Flink,56869,False,
Knuspr,56869,False,
Picnic,56869,False,
REWE,57518,True,
Flink,57518,True,
Knuspr,57518,True,
Picnic,57518,True,
REWE,57520,True,
Flink,57520,True,
Knuspr,57520,True,
Picnic,57520,True,
REWE,57537,False,
Flink,57537,False,
Knuspr,57537,False,
Picnic,57537,False,
REWE,57539,False,
Flink,57539,False,
Knuspr,57539,False,
Picnic,57539,False,
REWE,57548,True,
Flink,57548,True,
Knuspr,57548,True,
Picnic,57548,True,
REWE,57555,False,
Flink,57555,False,
Knuspr,57555,False,
Picnic,57555,False,
REWE,57562,True,
Flink,57562,True,
Knuspr,57562,True,
Picnic,57562,True,
REWE,57567,False,
Flink,57567,False,
Knuspr,57567,False,
Picnic,57567,False,
REWE,57572,True,
Flink,57572,True,
Knuspr,57572,True,
Picnic,57572,True,
REWE,57577,False,
Flink,57577,False,
Knuspr,57577,False,
Picnic,57577,False,
REWE,57578,True,
Flink,57578,True,
Knuspr,57578,True,
Picnic,57578,True,
REWE,57580,True,
Flink,57580,True,
Knuspr,57580,True,
Picnic,57580,True,
REWE,57581,False,
Flink,57581,False,
Knuspr,57581,False,
Picnic,57581,False,
REWE,57583,False,
Flink,57583,False,
Knuspr,57583,False,
Picnic,57583,False,
REWE,57584,True,
Flink,57584,True,
Knuspr,57584,True,
Picnic,57584,True,
REWE,57586,True,
Flink,57586,True,
Knuspr,57586,True,
Picnic,57586,True,
REWE,57587,False,
Flink,57587,False,
Knuspr,57587,False,
Picnic,57587,False,
REWE,57589,False,
Flink,57589,False,
Knuspr,57589,False,
Picnic,57589,False,
REWE,57610,True,
Flink,57610,True,
Knuspr,57610,True,
Picnic,57610,True,
REWE,57612,True,
Flink,57612,True,
Knuspr,57612,True,
Picnic,57612,True,
REWE,57614,True,
Flink,57614,True,
Knuspr,57614,True,
Picnic,57614,True,
REWE,57627,False,
Flink,57627,False,
Knuspr,57627,False,
Picnic,57627,False,
REWE,57629,False,
Flink,57629,False,
Knuspr,57629,False,
Picnic,57629,False,
REWE,57632,True,
Flink,57632,True,
Knuspr,57632,True,
Picnic,57632,True,
REWE,57635,False,
Flink,57635,False,
Knuspr,57635,False,
Picnic,57635,False,
REWE,57636,True,
Flink,57636,True,
Knuspr,57636,True,
Picnic,57636,True,
REWE,57638,True,
Flink,57638,True,
Knuspr,57638,True,
Picnic,57638,True,
REWE,57639,False,
Flink,57639,False,
Knuspr,57639,False,
Picnic,57639,False,
REWE,57641,False,
Flink,57641,False,
Knuspr,57641,False,
Picnic,57641,False,
REWE,57642,True,
Flink,57642,True,
Knuspr,57642,True,
Picnic,57642,True,
REWE,57644,True,
Flink,57644,True,
Knuspr,57644,True,
Picnic,57644,True,
REWE,57645,False,
Flink,57645,False,
Knuspr,57645,False,
Picnic,57645,False,
REWE,57647,False,
Flink,57647,False,
Knuspr,57647,False,
Picnic,57647,False,
REWE,57648,True,
Flink,57648,True,
Knuspr,57648,True,
Picnic,57648,True,
REWE,65558,True,
Flink,65558,True,
Knuspr,65558,True,
Picnic,65558,True,
REWE,65582,True,
Flink,65582,True,
Knuspr,65582,True,
Picnic,65582,True,
REWE,65623,False,
Flink,65623,False,
Knuspr,65623,False,
Picnic,65623,False,
REWE,65624,True,
Flink,65624,True,
Knuspr,65624,True,
Picnic,65624,True,
REWE,65626,True,
Flink,65626,True,
Knuspr,65626,True,
Picnic,65626,True,
REWE,65629,False,
Flink,65629,False,
Knuspr,65629,False,
Picnic,65629,False,
REWE,66482,True,
Flink,66482,True,
Knuspr,66482,True,
Picnic,66482,True,
REWE,66484,True,
Flink,66484,True,
Knuspr,66484,True,
Picnic,66484,True,
REWE,66497,False,
Flink,66497,False,
Knuspr,66497,False,
Picnic,66497,False,
REWE,66500,True,
Flink,66500,True,
Knuspr,66500,True,
Picnic,66500,True,
REWE,66501,False,
Flink,66501,False,
Knuspr,66501,False,
Picnic,66501,False,
REWE,66503,False,
Flink,66503,False,
Knuspr,66503,False,
Picnic,66503,False,
REWE,66504,True,
Flink,66504,True,
Knuspr,66504,True,
Picnic,66504,True,
REWE,66506,True,
Flink,66506,True,
Knuspr,66506,True,
Picnic,66506,True,
REWE,66507,False,
Flink,66507,False,
Knuspr,66507,False,
Picnic,66507,False,
REWE,66509,False,
Flink,66509,False,
Knuspr,66509,False,
Picnic,66509,False,
REWE,66849,False,
Flink,66849,False,
Knuspr,66849,False,
Picnic,66849,False,
REWE,66851,False,
Flink,66851,False,
Knuspr,66851,False,
Picnic,66851,False,
REWE,66862,True,
Flink,66862,True,
Knuspr,66862,True,
Picnic,66862,True,
REWE,66869,False,
Flink,66869,False,
Knuspr,66869,False,
Picnic,66869,False,
REWE,66871,False,
Flink,66871,False,
Knuspr,66871,False,
Picnic,66871,False,
REWE,66877,False,
Flink,66877,False,
Knuspr,66877,False,
Picnic,66877,False,
REWE,66879,False,
Flink,66879,False,
Knuspr,66879,False,
Picnic,66879,False,
REWE,66882,True,
Flink,66882,True,
Knuspr,66882,True,
Picnic,66882,True,
REWE,66885,False,
Flink,66885,False,
Knuspr,66885,False,
Picnic,66885,False,
REWE,66887,False,
Flink,66887,False,
Knuspr,66887,False,
Picnic,66887,False,
REWE,66892,True,
Flink,66892,True,
Knuspr,66892,True,
Picnic,66892,True,
REWE,66894,True,
Flink,66894,True,
Knuspr,66894,True,
Picnic,66894,True,
REWE,66901,False,
Flink,66901,False,
Knuspr,66901,False,
Picnic,66901,False,
REWE,66903,False,
Flink,66903,False,
Knuspr,66903,False,
Picnic,66903,False,
REWE,66904,True,
Flink,66904,True,
Knuspr,66904,True,
Picnic,66904,True,
REWE,66907,False,
Flink,66907,False,
Knuspr,66907,False,
Picnic,66907,False,
REWE,66909,False,
Flink,66909,False,
Knuspr,66909,False,
Picnic,66909,False,
REWE,66914,True,
Flink,66914,True,
Knuspr,66914,True,
Picnic,66914,True,
REWE,66916,True,
Flink,66916,True,
Knuspr,66916,True,
Picnic,66916,True,
REWE,66917,False,
Flink,66917,False,
Knuspr,66917,False,
Picnic,66917,False,
REWE,66919,False,
Flink,66919,False,
Knuspr,66919,False,
Picnic,66919,False,
REWE,66953,False,
Flink,66953,False,
Knuspr,66953,False,
Picnic,66953,False,
REWE,66954,True,
Flink,66954,True,
Knuspr,66954,True,
Picnic,66954,True,
REWE,66955,False,
Flink,66955,False,
Knuspr,66955,False,
Picnic,66955,False,
REWE,66957,False,
Flink,66957,False,
Knuspr,66957,False,
Picnic,66957,False,
REWE,66969,False,
Flink,66969,False,
Knuspr,66969,False,
Picnic,66969,False,
REWE,66976,True,
Flink,66976,True,
Knuspr,66976,True,
Picnic,66976,True,
REWE,66978,True,
Flink,66978,True,
Knuspr,66978,True,
Picnic,66978,True,
REWE,66981,False,
Flink,66981,False,
Knuspr,66981,False,
Picnic,66981,False,
REWE,66987,False,
Flink,66987,False,
Knuspr,66987,False,
Picnic,66987,False,
REWE,66989,False,
Flink,66989,False,
Knuspr,66989,False,
Picnic,66989,False,
REWE,66994,True,
Flink,66994,True,
Knuspr,66994,True,
Picnic,66994,True,
REWE,66996,True,
Flink,66996,True,
Knuspr,66996,True,
Picnic,66996,True,
REWE,66999,False,
Flink,66999,False,
Knuspr,66999,False,
Picnic,66999,False,
REWE,67059,False,
Flink,67059,False,
Knuspr,67059,False,
Picnic,67059,False,
REWE,67061,False,
Flink,67061,False,
Knuspr,67061,False,
Picnic,67061,False,
REWE,67063,False,
Flink,67063,False,
Knuspr,67063,False,
Picnic,67063,False,
REWE,67065,False,
Flink,67065,False,
Knuspr,67065,False,
Picnic,67065,False,
REWE,67067,False,
Flink,67067,False,
Knuspr,67067,False,
Picnic,67067,False,
REWE,67069,False,
Flink,67069,False,
Knuspr,67069,False,
Picnic,67069,False,
REWE,67071,False,
Flink,67071,False,
Knuspr,67071,False,
Picnic,67071,False,
REWE,67098,True,
Flink,67098,True,
Knuspr,67098,True,
Picnic,67098,True,
REWE,67105,False,
Flink,67105,False,
Knuspr,67105,False,
Picnic,67105,False,
REWE,67112,True,
Flink,67112,True,
Knuspr,67112,True,
Picnic,67112,True,
REWE,67117,False,
Flink,67117,False,
Knuspr,67117,False,
Picnic,67117,False,
REWE,67122,True,
Flink,67122,True,
Knuspr,67122,True,
Picnic,67122,True,
REWE,67125,False,
Flink,67125,False,
Knuspr,67125,False,
Picnic,67125,False,
REWE,67126,True,
Flink,67126,True,
Knuspr,67126,True,
Picnic,67126,True,
REWE,67127,False,
Flink,67127,False,
Knuspr,67127,False,
Picnic,67127,False,
REWE,67133,False,
Flink,67133,False,
Knuspr,67133,False,
Picnic,67133,False,
REWE,67134,True,
Flink,67134,True,
Knuspr,67134,True,
Picnic,67134,True,
REWE,67136,True,
Flink,67136,True,
Knuspr,67136,True,
Picnic,67136,True,
REWE,67141,False,
Flink,67141,False,
Knuspr,67141,False,
Picnic,67141,False,
REWE,67146,True,
Flink,67146,True,
Knuspr,67146,True,
Picnic,67146,True,
REWE,67147,False,
Flink,67147,False,
Knuspr,67147,False,
Picnic,67147,False,
REWE,67149,False,
Flink,67149,False,
Knuspr,67149,False,
Picnic,67149,False,
REWE,67150,True,
Flink,67150,True,
Knuspr,67150,True,
Picnic,67150,True,
REWE,67152,True,
Flink,67152,True,
Knuspr,67152,True,
Picnic,67152,True,
REWE,67157,False,
Flink,67157,False,
Knuspr,67157,False,
Picnic,67157,False,
REWE,67158,True,
Flink,67158,True,
Knuspr,67158,True,
Picnic,67158,True,
REWE,67159,False,
Flink,67159,False,
Knuspr,67159,False,
Picnic,67159,False,
REWE,67161,False,
Flink,67161,False,
Knuspr,67161,False,
Picnic,67161,False,
REWE,67165,False,
Flink,67165,False,
Knuspr,67165,False,
Picnic,67165,False,
REWE,67166,True,
Flink,67166,True,
Knuspr,67166,True,
Picnic,67166,True,
REWE,67167,False,
Flink,67167,False,
Knuspr,67167,False,
Picnic,67167,False,
REWE,67169,False,
Flink,67169,False,
Knuspr,67169,False,
Picnic,67169,False,
REWE,67227,False,
Flink,67227,False,
Knuspr,67227,False,
Picnic,67227,False,
REWE,67229,False,
Flink,67229,False,
Knuspr,67229,False,
Picnic,67229,False,
REWE,67240,True,
Flink,67240,True,
Knuspr,67240,True,
Picnic,67240,True,
REWE,67245,False,
Flink,67245,False,
Knuspr,67245,False,
Picnic,67245,False,
REWE,67246,True,
Flink,67246,True,
Knuspr,67246,True,
Picnic,67246,True,
REWE,67251,False,
Flink,67251,False,
Knuspr,67251,False,
Picnic,67251,False,
REWE,67256,True,
Flink,67256,True,
Knuspr,67256,True,
Picnic,67256,True,
REWE,67258,True,
Flink,67258,True,
Knuspr,67258,True,
Picnic,67258,True,
REWE,67259,False,
Flink,67259,False,
Knuspr,67259,False,
Picnic,67259,False,
REWE,67269,False,
Flink,67269,False,
Knuspr,67269,False,
Picnic,67269,False,
REWE,67271,False,
Flink,67271,False,
Knuspr,67271,False,
Picnic,67271,False,
REWE,67273,False,
Flink,67273,False,
Knuspr,67273,False,
Picnic,67273,False,
REWE,67278,True,
Flink,67278,True,
Knuspr,67278,True,
Picnic,67278,True,
REWE,67280,True,
Flink,67280,True,
Knuspr,67280,True,
Picnic,67280,True,
REWE,67281,False,
Flink,67281,False,
Knuspr,67281,False,
Picnic,67281,False,
REWE,67283,False,
Flink,67283,False,
Knuspr,67283,False,
Picnic,67283,False,
REWE,67292,True,
Flink,67292,True,
Knuspr,67292,True,
Picnic,67292,True,
REWE,67294,True,
Flink,67294,True,
Knuspr,67294,True,
Picnic,67294,True,
REWE,67295,False,
Flink,67295,False,
Knuspr,67295,False,
Picnic,67295,False,
REWE,67297,False,
Flink,67297,False,
Knuspr,67297,False,
Picnic,67297,False,
REWE,67304,True,
Flink,67304,True,
Knuspr,67304,True,
Picnic,67304,True,
REWE,67305,False,
Flink,67305,False,
Knuspr,67305,False,
Picnic,67305,False,
REWE,67307,False,
Flink,67307,False,
Knuspr,67307,False,
Picnic,67307,False,
REWE,67308,True,
Flink,67308,True,
Knuspr,67308,True,
Picnic,67308,True,
REWE,67310,True,
Flink,67310,True,
Knuspr,67310,True,
Picnic,67310,True,
REWE,67311,False,
Flink,67311,False,
Knuspr,67311,False,
Picnic,67311,False,
REWE,67316,True,
Flink,67316,True,
Knuspr,67316,True,
Picnic,67316,True,
REWE,67317,False,
Flink,67317,False,
Knuspr,67317,False,
Picnic,67317,False,
REWE,67319,False,
Flink,67319,False,
Knuspr,67319,False,
Picnic,67319,False,
REWE,67346,True,
Flink,67346,True,
Knuspr,67346,True,
Picnic,67346,True,
REWE,67354,True,
Flink,67354,True,
Knuspr,67354,True,
Picnic,67354,True,
REWE,67360,True,
Flink,67360,True,
Knuspr,67360,True,
Picnic,67360,True,
REWE,67361,False,
Flink,67361,False,
Knuspr,67361,False,
Picnic,67361,False,
REWE,67363,False,
Flink,67363,False,
Knuspr,67363,False,
Picnic,67363,False,
REWE,67365,False,
Flink,67365,False,
Knuspr,67365,False,
Picnic,67365,False,
REWE,67366,True,
Flink,67366,True,
Knuspr,67366,True,
Picnic,67366,True,
REWE,67368,True,
Flink,67368,True,
Knuspr,67368,True,
Picnic,67368,True,
REWE,67373,False,
Flink,67373,False,
Knuspr,67373,False,
Picnic,67373,False,
REWE,67374,True,
Flink,67374,True,
Knuspr,67374,True,
Picnic,67374,True,
REWE,67376,True,
Flink,67376,True,
Knuspr,67376,True,
Picnic,67376,True,
REWE,67377,False,
Flink,67377,False,
Knuspr,67377,False,
Picnic,67377,False,
REWE,67378,True,
Flink,67378,True,
Knuspr,67378,True,
Picnic,67378,True,
REWE,67433,False,
Flink,67433,False,
Knuspr,67433,False,
Picnic,67433,False,
REWE,67434,True,
Flink,67434,True,
Knuspr,67434,True,
Picnic,67434,True,
REWE,67435,False,
Flink,67435,False,
Knuspr,67435,False,
Picnic,67435,False,
REWE,67454,True,
Flink,67454,True,
Knuspr,67454,True,
Picnic,67454,True,
REWE,67459,False,
Flink,67459,False,
Knuspr,67459,False,
Picnic,67459,False,
REWE,67466,True,
Flink,67466,True,
Knuspr,67466,True,
Picnic,67466,True,
REWE,67468,True,
Flink,67468,True,
Knuspr,67468,True,
Picnic,67468,True,
REWE,67471,False,
Flink,67471,False,
Knuspr,67471,False,
Picnic,67471,False,
REWE,67472,True,
Flink,67472,True,
Knuspr,67472,True,
Picnic,67472,True,
REWE,67473,False,
Flink,67473,False,
Knuspr,67473,False,
Picnic,67473,False,
REWE,67475,False,
Flink,67475,False,
Knuspr,67475,False,
Picnic,67475,False,
REWE,67480,True,
Flink,67480,True,
Knuspr,67480,True,
Picnic,67480,True,
REWE,67482,True,
Flink,67482,True,
Knuspr,67482,True,
Picnic,67482,True,
REWE,67483,False,
Flink,67483,False,
Knuspr,67483,False,
Picnic,67483,False,
REWE,67487,False,
Flink,67487,False,
Knuspr,67487,False,
Picnic,67487,False,
REWE,67489,False,
Flink,67489,False,
Knuspr,67489,False,
Picnic,67489,False,
REWE,67547,False,
Flink,67547,False,
Knuspr,67547,False,
Picnic,67547,False,
REWE,67549,False,
Flink,67549,False,
Knuspr,67549,False,
Picnic,67549,False,
REWE,67550,True,
Flink,67550,True,
Knuspr,67550,True,
Picnic,67550,True,
REWE,67551,False,
Flink,67551,False,
Knuspr,67551,False,
Picnic,67551,False,
REWE,67574,True,
Flink,67574,True,
Knuspr,67574,True,
Picnic,67574,True,
REWE,67575,False,
Flink,67575,False,
Knuspr,67575,False,
Picnic,67575,False,
REWE,67577,False,
Flink,67577,False,
Knuspr,67577,False,
Picnic,67577,False,
REWE,67578,True,
Flink,67578,True,
Knuspr,67578,True,
Picnic,67578,True,
REWE,67580,True,
Flink,67580,True,
Knuspr,67580,True,
Picnic,67580,True,
REWE,67582,True,
Flink,67582,True,
Knuspr,67582,True,
Picnic,67582,True,
REWE,67583,False,
Flink,67583,False,
Knuspr,67583,False,
Picnic,67583,False,
REWE,67585,False,
Flink,67585,False,
Knuspr,67585,False,
Picnic,67585,False,
REWE,67586,True,
Flink,67586,True,
Knuspr,67586,True,
Picnic,67586,True,
REWE,67587,False,
Flink,67587,False,
Knuspr,67587,False,
Picnic,67587,False,
REWE,67590,True,
Flink,67590,True,
Knuspr,67590,True,
Picnic,67590,True,
REWE,67591,False,
Flink,67591,False,
Knuspr,67591,False,
Picnic,67591,False,
REWE,67592,True,
Flink,67592,True,
Knuspr,67592,True,
Picnic,67592,True,
REWE,67593,False,
Flink,67593,False,
Knuspr,67593,False,
Picnic,67593,False,
REWE,67595,False,
Flink,67595,False,
Knuspr,67595,False,
Picnic,67595,False,
REWE,67596,True,
Flink,67596,True,
Knuspr,67596,True,
Picnic,67596,True,
REWE,67598,True,
Flink,67598,True,
Knuspr,67598,True,
Picnic,67598,True,
REWE,67599,False,
Flink,67599,False,
Knuspr,67599,False,
Picnic,67599,False,
REWE,67653,False,
Flink,67653,False,
Knuspr,67653,False,
Picnic,67653,False,
REWE,67655,False,
Flink,67655,False,
Knuspr,67655,False,
Picnic,67655,False,
REWE,67657,False,
Flink,67657,False,
Knuspr,67657,False,
Picnic,67657,False,
REWE,67659,False,
Flink,67659,False,
Knuspr,67659,False,
Picnic,67659,False,
REWE,67661,False,
Flink,67661,False,
Knuspr,67661,False,
Picnic,67661,False,
REWE,67663,False,
Flink,67663,False,
Knuspr,67663,False,
Picnic,67663,False,
REWE,67677,False,
Flink,67677,False,
Knuspr,67677,False,
Picnic,67677,False,
REWE,67678,True,
Flink,67678,True,
Knuspr,67678,True,
Picnic,67678,True,
REWE,67680,True,
Flink,67680,True,
Knuspr,67680,True,
Picnic,67680,True,
REWE,67681,False,
Flink,67681,False,
Knuspr,67681,False,
Picnic,67681,False,
REWE,67685,False,
Flink,67685,False,
Knuspr,67685,False,
Picnic,67685,False,
REWE,67686,True,
Flink,67686,True,
Knuspr,67686,True,
Picnic,67686,True,
REWE,67688,True,
Flink,67688,True,
Knuspr,67688,True,
Picnic,67688,True,
REWE,67691,False,
Flink,67691,False,
Knuspr,67691,False,
Picnic,67691,False,
REWE,67693,False,
Flink,67693,False,
Knuspr,67693,False,
Picnic,67693,False,
REWE,67697,False,
Flink,67697,False,
Knuspr,67697,False,
Picnic,67697,False,
REWE,67699,False,
Flink,67699,False,
Knuspr,67699,False,
Picnic,67699,False,
REWE,67700,True,
Flink,67700,True,
Knuspr,67700,True,
Picnic,67700,True,
REWE,67701,False,
Flink,67701,False,
Knuspr,67701,False,
Picnic,67701,False,
REWE,67705,False,
Flink,67705,False,
Knuspr,67705,False,
Picnic,67705,False,
REWE,67706,True,
Flink,67706,True,
Knuspr,67706,True,
Picnic,67706,True,
REWE,67707,False,
Flink,67707,False,
Knuspr,67707,False,
Picnic,67707,False,
REWE,67714,True,
Flink,67714,True,
Knuspr,67714,True,
Picnic,67714,True,
REWE,67715,False,
Flink,67715,False,
Knuspr,67715,False,
Picnic,67715,False,
REWE,67716,True,
Flink,67716,True,
Knuspr,67716,True,
Picnic,67716,True,
REWE,67718,True,
Flink,67718,True,
Knuspr,67718,True,
Picnic,67718,True,
REWE,67722,True,
Flink,67722,True,
Knuspr,67722,True,
Picnic,67722,True,
REWE,67724,True,
Flink,67724,True,
Knuspr,67724,True,
Picnic,67724,True,
REWE,67725,False,
Flink,67725,False,
Knuspr,67725,False,
Picnic,67725,False,
REWE,67727,False,
Flink,67727,False,
Knuspr,67727,False,
Picnic,67727,False,
REWE,67728,True,
Flink,67728,True,
Knuspr,67728,True,
Picnic,67728,True,
REWE,67729,False,
Flink,67729,False,
Knuspr,67729,False,
Picnic,67729,False,
REWE,67731,False,
Flink,67731,False,
Knuspr,67731,False,
Picnic,67731,False,
REWE,67732,True,
Flink,67732,True,
Knuspr,67732,True,
Picnic,67732,True,
REWE,67734,True,
Flink,67734,True,
Knuspr,67734,True,
Picnic,67734,True,
REWE,67735,False,
Flink,67735,False,
Knuspr,67735,False,
Picnic,67735,False,
REWE,67737,False,
Flink,67737,False,
Knuspr,67737,False,
Picnic,67737,False,
REWE,67742,True,
Flink,67742,True,
Knuspr,67742,True,
Picnic,67742,True,
REWE,67744,True,
Flink,67744,True,
Knuspr,67744,True,
Picnic,67744,True,
REWE,67745,False,
Flink,67745,False,
Knuspr,67745,False,
Picnic,67745,False,
REWE,67746,True,
Flink,67746,True,
Knuspr,67746,True,
Picnic,67746,True,
REWE,67748,True,
Flink,67748,True,
Knuspr,67748,True,
Picnic,67748,True,
REWE,67749,False,
Flink,67749,False,
Knuspr,67749,False,
Picnic,67749,False,
REWE,67752,True,
Flink,67752,True,
Knuspr,67752,True,
Picnic,67752,True,
REWE,67753,False,
Flink,67753,False,
Knuspr,67753,False,
Picnic,67753,False,
REWE,67754,True,
Flink,67754,True,
Knuspr,67754,True,
Picnic,67754,True,
REWE,67756,True,
Flink,67756,True,
Knuspr,67756,True,
Picnic,67756,True,
REWE,67757,False,
Flink,67757,False,
Knuspr,67757,False,
Picnic,67757,False,
REWE,67759,False,
Flink,67759,False,
Knuspr,67759,False,
Picnic,67759,False,
REWE,67806,True,
Flink,67806,True,
Knuspr,67806,True,
Picnic,67806,True,
REWE,67808,True,
Flink,67808,True,
Knuspr,67808,True,
Picnic,67808,True,
REWE,67811,False,
Flink,67811,False,
Knuspr,67811,False,
Picnic,67811,False,
REWE,67813,False,
Flink,67813,False,
Knuspr,67813,False,
Picnic,67813,False,
REWE,67814,True,
Flink,67814,True,
Knuspr,67814,True,
Picnic,67814,True,
REWE,67816,True,
Flink,67816,True,
Knuspr,67816,True,
Picnic,67816,True,
REWE,67817,False,
Flink,67817,False,
Knuspr,67817,False,
Picnic,67817,False,
REWE,67819,False,
Flink,67819,False,
Knuspr,67819,False,
Picnic,67819,False,
REWE,67821,False,
Flink,67821,False,
Knuspr,67821,False,
Picnic,67821,False,
REWE,67822,True,
Flink,67822,True,
Knuspr,67822,True,
Picnic,67822,True,
REWE,67823,False,
Flink,67823,False,
Knuspr,67823,False,
Picnic,67823,False,
REWE,67824,True,
Flink,67824,True,
Knuspr,67824,True,
Picnic,67824,True,
REWE,67826,True,
Flink,67826,True,
Knuspr,67826,True,
Picnic,67826,True,
REWE,67827,False,
Flink,67827,False,
Knuspr,67827,False,
Picnic,67827,False,
REWE,67829,False,
Flink,67829,False,
Knuspr,67829,False,
Picnic,67829,False,
REWE,76726,True,
Flink,76726,True,
Knuspr,76726,True,
Picnic,76726,True,
REWE,76744,True,
Flink,76744,True,
Knuspr,76744,True,
Picnic,76744,True,
REWE,76751,False,
Flink,76751,False,
Knuspr,76751,False,
Picnic,76751,False,
REWE,76756,True,
Flink,76756,True,
Knuspr,76756,True,
Picnic,76756,True,
REWE,76761,False,
Flink,76761,False,
Knuspr,76761,False,
Picnic,76761,False,
REWE,76764,True,
Flink,76764,True,
Knuspr,76764,True,
Picnic,76764,True,
REWE,76767,False,
Flink,76767,False,
Knuspr,76767,False,
Picnic,76767,False,
REWE,76768,True,
Flink,76768,True,
Knuspr,76768,True,
Picnic,76768,True,
REWE,76770,True,
Flink,76770,True,
Knuspr,76770,True,
Picnic,76770,True,
REWE,76771,False,
Flink,76771,False,
Knuspr,76771,False,
Picnic,76771,False,
REWE,76773,False,
Flink,76773,False,
Knuspr,76773,False,
Picnic,76773,False,
REWE,76774,True,
Flink,76774,True,
Knuspr,76774,True,
Picnic,76774,True,
REWE,76776,True,
Flink,76776,True,
Knuspr,76776,True,
Picnic,76776,True,
REWE,76777,False,
Flink,76777,False,
Knuspr,76777,False,
Picnic,76777,False,
REWE,76779,False,
Flink,76779,False,
Knuspr,76779,False,
Picnic,76779,False,
REWE,76829,False,
Flink,76829,False,
Knuspr,76829,False,
Picnic,76829,False,
REWE,76831,False,
Flink,76831,False,
Knuspr,76831,False,
Picnic,76831,False,
REWE,76833,False,
Flink,76833,False,
Knuspr,76833,False,
Picnic,76833,False,
REWE,76835,False,
Flink,76835,False,
Knuspr,76835,False,
Picnic,76835,False,
REWE,76846,True,
Flink,76846,True,
Knuspr,76846,True,
Picnic,76846,True,
REWE,76848,True,
Flink,76848,True,
Knuspr,76848,True,
Picnic,76848,True,
REWE,76855,False,
Flink,76855,False,
Knuspr,76855,False,
Picnic,76855,False,
REWE,76857,False,
Flink,76857,False,
Knuspr,76857,False,
Picnic,76857,False,
REWE,76863,False,
Flink,76863,False,
Knuspr,76863,False,
Picnic,76863,False,
REWE,76865,False,
Flink,76865,False,
Knuspr,76865,False,
Picnic,76865,False,
REWE,76870,True,
Flink,76870,True,
Knuspr,76870,True,
Picnic,76870,True,
REWE,76872,True,
Flink,76872,True,
Knuspr,76872,True,
Picnic,76872,True,
REWE,76877,False,
Flink,76877,False,
Knuspr,76877,False,
Picnic,76877,False,
REWE,76879,False,
Flink,76879,False,
Knuspr,76879,False,
Picnic,76879,False,
REWE,76887,False,
Flink,76887,False,
Knuspr,76887,False,
Picnic,76887,False,
REWE,76889,False,
Flink,76889,False,
Knuspr,76889,False,
Picnic,76889,False,
REWE,76891,False,
Flink,76891,False,
Knuspr,76891,False,
Picnic,76891,False,
REWE,21465,False,
Flink,21465,False,
Knuspr,21465,False,
Picnic,21465,False,
REWE,21481,False,
Flink,21481,False,
Knuspr,21481,False,
Picnic,21481,False,
REWE,21483,False,
Flink,21483,False,
Knuspr,21483,False,
Picnic,21483,False,
REWE,21493,False,
Flink,21493,False,
Knuspr,21493,False,
Picnic,21493,False,
REWE,21502,True,
Flink,21502,True,
Knuspr,21502,True,
Picnic,21502,True,
REWE,21509,False,
Flink,21509,False,
Knuspr,21509,False,
Picnic,21509,False,
REWE,21514,True,
Flink,21514,True,
Knuspr,21514,True,
Picnic,21514,True,
REWE,21516,True,
Flink,21516,True,
Knuspr,21516,True,
Picnic,21516,True,
REWE,21521,False,
Flink,21521,False,
Knuspr,21521,False,
Picnic,21521,False,
REWE,21524,True,
Flink,21524,True,
Knuspr,21524,True,
Picnic,21524,True,
REWE,21526,True,
Flink,21526,True,
Knuspr,21526,True,
Picnic,21526,True,
REWE,21527,False,
Flink,21527,False,
Knuspr,21527,False,
Picnic,21527,False,
REWE,21529,False,
Flink,21529,False,
Knuspr,21529,False,
Picnic,21529,False,
REWE,22113,False,
Flink,22113,False,
Knuspr,22113,False,
Picnic,22113,False,
REWE,22844,True,
Flink,22844,True,
Knuspr,22844,True,
Picnic,22844,True,
REWE,22846,True,
Flink,22846,True,
Knuspr,22846,True,
Picnic,22846,True,
REWE,22848,True,
Flink,22848,True,
Knuspr,22848,True,
Picnic,22848,True,
REWE,22850,True,
Flink,22850,True,
Knuspr,22850,True,
Picnic,22850,True,
REWE,22851,False,
Flink,22851,False,
Knuspr,22851,False,
Picnic,22851,False,
REWE,22869,False,
Flink,22869,False,
Knuspr,22869,False,
Picnic,22869,False,
REWE,22880,True,
Flink,22880,True,
Knuspr,22880,True,
Picnic,22880,True,
REWE,22885,False,
Flink,22885,False,
Knuspr,22885,False,
Picnic,22885,False,
REWE,22889,False,
Flink,22889,False,
Knuspr,22889,False,
Picnic,22889,False,
REWE,22926,True,
Flink,22926,True,
Knuspr,22926,True,
Picnic,22926,True,
REWE,22927,False,
Flink,22927,False,
Knuspr,22927,False,
Picnic,22927,False,
REWE,22929,False,
Flink,22929,False,
Knuspr,22929,False,
Picnic,22929,False,
REWE,22941,False,
Flink,22941,False,
Knuspr,22941,False,
Picnic,22941,False,
REWE,22946,True,
Flink,22946,True,
Knuspr,22946,True,
Picnic,22946,True,
REWE,22949,False,
Flink,22949,False,
Knuspr,22949,False,
Picnic,22949,False,
REWE,22952,True,
Flink,22952,True,
Knuspr,22952,True,
Picnic,22952,True,
REWE,22955,False,
Flink,22955,False,
Knuspr,22955,False,
Picnic,22955,False,
REWE,22956,True,
Flink,22956,True,
Knuspr,22956,True,
Picnic,22956,True,
REWE,22958,True,
Flink,22958,True,
Knuspr,22958,True,
Picnic,22958,True,
REWE,22959,False,
Flink,22959,False,
Knuspr,22959,False,
Picnic,22959,False,
REWE,22962,True,
Flink,22962,True,
Knuspr,22962,True,
Picnic,22962,True,
REWE,22964,True,
Flink,22964,True,
Knuspr,22964,True,
Picnic,22964,True,
REWE,22965,False,
Flink,22965,False,
Knuspr,22965,False,
Picnic,22965,False,
REWE,22967,False,
Flink,22967,False,
Knuspr,22967,False,
Picnic,22967,False,
REWE,22969,False,
Flink,22969,False,
Knuspr,22969,False,
Picnic,22969,False,
REWE,23539,False,
Flink,23539,False,
Knuspr,23539,False,
Picnic,23539,False,
REWE,23552,True,
Flink,23552,True,
Knuspr,23552,True,
Picnic,23552,True,
REWE,23554,True,
Flink,23554,True,
Knuspr,23554,True,
Picnic,23554,True,
REWE,23556,True,
Flink,23556,True,
Knuspr,23556,True,
Picnic,23556,True,
REWE,23558,True,
Flink,23558,True,
Knuspr,23558,True,
Picnic,23558,True,
REWE,23560,True,
Flink,23560,True,
Knuspr,23560,True,
Picnic,23560,True,
REWE,23562,True,
Flink,23562,True,
Knuspr,23562,True,
Picnic,23562,True,
REWE,23564,True,
Flink,23564,True,
Knuspr,23564,True,
Picnic,23564,True,
REWE,23566,True,
Flink,23566,True,
Knuspr,23566,True,
Picnic,23566,True,
REWE,23568,True,
Flink,23568,True,
Knuspr,23568,True,
Picnic,23568,True,
REWE,23569,False,
Flink,23569,False,
Knuspr,23569,False,
Picnic,23569,False,
REWE,23570,True,
Flink,23570,True,
Knuspr,23570,True,
Picnic,23570,True,
REWE,23611,False,
Flink,23611,False,
Knuspr,23611,False,
Picnic,23611,False,
REWE,23617,False,
Flink,23617,False,
Knuspr,23617,False,
Picnic,23617,False,
REWE,23619,False,
Flink,23619,False,
Knuspr,23619,False,
Picnic,23619,False,
REWE,23623,False,
Flink,23623,False,
Knuspr,23623,False,
Picnic,23623,False,
REWE,23626,True,
Flink,23626,True,
Knuspr,23626,True,
Picnic,23626,True,
REWE,23627,False,
Flink,23627,False,
Knuspr,23627,False,
Picnic,23627,False,
REWE,23628,True,
Flink,23628,True,
Knuspr,23628,True,
Picnic,23628,True,
REWE,23629,False,
Flink,23629,False,
Knuspr,23629,False,
Picnic,23629,False,
REWE,23669,False,
Flink,23669,False,
Knuspr,23669,False,
Picnic,23669,False,
REWE,23683,False,
Flink,23683,False,
Knuspr,23683,False,
Picnic,23683,False,
REWE,23684,True,
Flink,23684,True,
Knuspr,23684,True,
Picnic,23684,True,
REWE,23689,False,
Flink,23689,False,
Knuspr,23689,False,
Picnic,23689,False,
REWE,23701,False,
Flink,23701,False,
Knuspr,23701,False,
Picnic,23701,False,
REWE,23714,True,
Flink,23714,True,
Knuspr,23714,True,
Picnic,23714,True,
REWE,23715,False,
Flink,23715,False,
Knuspr,23715,False,
Picnic,23715,False,
REWE,23717,False,
Flink,23717,False,
Knuspr,23717,False,
Picnic,23717,False,
REWE,23719,False,
Flink,23719,False,
Knuspr,23719,False,
Picnic,23719,False,
REWE,23730,True,
Flink,23730,True,
Knuspr,23730,True,
Picnic,23730,True,
REWE,23738,True,
Flink,23738,True,
Knuspr,23738,True,
Picnic,23738,True,
REWE,23743,False,
Flink,23743,False,
Knuspr,23743,False,
Picnic,23743,False,
REWE,23744,True,
Flink,23744,True,
Knuspr,23744,True,
Picnic,23744,True,
REWE,23746,True,
Flink,23746,True,
Knuspr,23746,True,
Picnic,23746,True,
REWE,23747,False,
Flink,23747,False,
Knuspr,23747,False,
Picnic,23747,False,
REWE,23749,False,
Flink,23749,False,
Knuspr,23749,False,
Picnic,23749,False,
REWE,23758,True,
Flink,23758,True,
Knuspr,23758,True,
Picnic,23758,True,
REWE,23769,False,
Flink,23769,False,
Knuspr,23769,False,
Picnic,23769,False,
REWE,23774,True,
Flink,23774,True,
Knuspr,23774,True,
Picnic,23774,True,
REWE,23775,False,
Flink,23775,False,
Knuspr,23775,False,
Picnic,23775,False,
REWE,23777,False,
Flink,23777,False,
Knuspr,23777,False,
Picnic,23777,False,
REWE,23779,False,
Flink,23779,False,
Knuspr,23779,False,
Picnic,23779,False,
REWE,23795,False,
Flink,23795,False,
Knuspr,23795,False,
Picnic,23795,False,
REWE,23812,True,
Flink,23812,True,
Knuspr,23812,True,
Picnic,23812,True,
REWE,23813,False,
Flink,23813,False,
Knuspr,23813,False,
Picnic,23813,False,
REWE,23815,False,
Flink,23815,False,
Knuspr,23815,False,
Picnic,23815,False,
REWE,23816,True,
Flink,23816,True,
Knuspr,23816,True,
Picnic,23816,True,
REWE,23818,True,
Flink,23818,True,
Knuspr,23818,True,
Picnic,23818,True,
REWE,23820,True,
Flink,23820,True,
Knuspr,23820,True,
Picnic,23820,True,
REWE,23821,False,
Flink,23821,False,
Knuspr,23821,False,
Picnic,23821,False,
REWE,23823,False,
Flink,23823,False,
Knuspr,23823,False,
Picnic,23823,False,
REWE,23824,True,
Flink,23824,True,
Knuspr,23824,True,
Picnic,23824,True,
REWE,23826,True,
Flink,23826,True,
Knuspr,23826,True,
Picnic,23826,True,
REWE,23827,False,
Flink,23827,False,
Knuspr,23827,False,
Picnic,23827,False,
REWE,23829,False,
Flink,23829,False,
Knuspr,23829,False,
Picnic,23829,False,
REWE,23843,False,
Flink,23843,False,
Knuspr,23843,False,
Picnic,23843,False,
REWE,23845,False,
Flink,23845,False,
Knuspr,23845,False,
Picnic,23845,False,
REWE,23847,False,
Flink,23847,False,
Knuspr,23847,False,
Picnic,23847,False,
REWE,23858,True,
Flink,23858,True,
Knuspr,23858,True,
Picnic,23858,True,
REWE,23860,True,
Flink,23860,True,
Knuspr,23860,True,
Picnic,23860,True,
REWE,23863,False,
Flink,23863,False,
Knuspr,23863,False,
Picnic,23863,False,
REWE,23866,True,
Flink,23866,True,
Knuspr,23866,True,
Picnic,23866,True,
REWE,23867,False,
Flink,23867,False,
Knuspr,23867,False,
Picnic,23867,False,
REWE,23869,False,
Flink,23869,False,
Knuspr,23869,False,
Picnic,23869,False,
REWE,23879,False,
Flink,23879,False,
Knuspr,23879,False,
Picnic,23879,False,
REWE,23881,False,
Flink,23881,False,
Knuspr,23881,False,
Picnic,23881,False,
REWE,23883,False,
Flink,23883,False,
Knuspr,23883,False,
Picnic,23883,False,
REWE,23896,True,
Flink,23896,True,
Knuspr,23896,True,
Picnic,23896,True,
REWE,23898,True,
Flink,23898,True,
Knuspr,23898,True,
Picnic,23898,True,
REWE,23899,False,
Flink,23899,False,
Knuspr,23899,False,
Picnic,23899,False,
REWE,23909,False,
Flink,23909,False,
Knuspr,23909,False,
Picnic,23909,False,
REWE,23911,False,
Flink,23911,False,
Knuspr,23911,False,
Picnic,23911,False,
REWE,23919,False,
Flink,23919,False,
Knuspr,23919,False,
Picnic,23919,False,
REWE,24103,False,
Flink,24103,False,
Knuspr,24103,False,
Picnic,24103,False,
REWE,24105,False,
Flink,24105,False,
Knuspr,24105,False,
Picnic,24105,False,
REWE,24106,True,
Flink,24106,True,
Knuspr,24106,True,
Picnic,24106,True,
REWE,24107,False,
Flink,24107,False,
Knuspr,24107,False,
Picnic,24107,False,
REWE,24109,False,
Flink,24109,False,
Knuspr,24109,False,
Picnic,24109,False,
REWE,24111,False,
Flink,24111,False,
Knuspr,24111,False,
Picnic,24111,False,
REWE,24113,False,
Flink,24113,False,
Knuspr,24113,False,
Picnic,24113,False,
REWE,24114,True,
Flink,24114,True,
Knuspr,24114,True,
Picnic,24114,True,
REWE,24116,True,
Flink,24116,True,
Knuspr,24116,True,
Picnic,24116,True,
REWE,24118,True,
Flink,24118,True,
Knuspr,24118,True,
Picnic,24118,True,
REWE,24119,False,
Flink,24119,False,
Knuspr,24119,False,
Picnic,24119,False,
REWE,24143,False,
Flink,24143,False,
Knuspr,24143,False,
Picnic,24143,False,
REWE,24145,False,
Flink,24145,False,
Knuspr,24145,False,
Picnic,24145,False,
REWE,24146,True,
Flink,24146,True,
Knuspr,24146,True,
Picnic,24146,True,
REWE,24147,False,
Flink,24147,False,
Knuspr,24147,False,
Picnic,24147,False,
REWE,24148,True,
Flink,24148,True,
Knuspr,24148,True,
Picnic,24148,True,
REWE,24149,False,
Flink,24149,False,
Knuspr,24149,False,
Picnic,24149,False,
REWE,24159,False,
Flink,24159,False,
Knuspr,24159,False,
Picnic,24159,False,
REWE,24161,False,
Flink,24161,False,
Knuspr,24161,False,
Picnic,24161,False,
REWE,24211,False,
Flink,24211,False,
Knuspr,24211,False,
Picnic,24211,False,
REWE,24214,True,
Flink,24214,True,
Knuspr,24214,True,
Picnic,24214,True,
REWE,24217,False,
Flink,24217,False,
Knuspr,24217,False,
Picnic,24217,False,
REWE,24220,True,
Flink,24220,True,
Knuspr,24220,True,
Picnic,24220,True,
REWE,24222,True,
Flink,24222,True,
Knuspr,24222,True,
Picnic,24222,True,
REWE,24223,False,
Flink,24223,False,
Knuspr,24223,False,
Picnic,24223,False,
REWE,24226,True,
Flink,24226,True,
Knuspr,24226,True,
Picnic,24226,True,
REWE,24229,False,
Flink,24229,False,
Knuspr,24229,False,
Picnic,24229,False,
REWE,24232,True,
Flink,24232,True,
Knuspr,24232,True,
Picnic,24232,True,
REWE,24235,False,
Flink,24235,False,
Knuspr,24235,False,
Picnic,24235,False,
REWE,24238,True,
Flink,24238,True,
Knuspr,24238,True,
Picnic,24238,True,
REWE,24239,False,
Flink,24239,False,
Knuspr,24239,False,
Picnic,24239,False,
REWE,24241,False,
Flink,24241,False,
Knuspr,24241,False,
Picnic,24241,False,
REWE,24242,True,
Flink,24242,True,
Knuspr,24242,True,
Picnic,24242,True,
REWE,24244,True,
Flink,24244,True,
Knuspr,24244,True,
Picnic,24244,True,
REWE,24245,False,
Flink,24245,False,
Knuspr,24245,False,
Picnic,24245,False,
REWE,24247,False,
Flink,24247,False,
Knuspr,24247,False,
Picnic,24247,False,
REWE,24248,True,
Flink,24248,True,
Knuspr,24248,True,
Picnic,24248,True,
REWE,24250,True,
Flink,24250,True,
Knuspr,24250,True,
Picnic,24250,True,
REWE,24251,False,
Flink,24251,False,
Knuspr,24251,False,
Picnic,24251,False,
REWE,24253,False,
Flink,24253,False,
Knuspr,24253,False,
Picnic,24253,False,
REWE,24254,True,
Flink,24254,True,
Knuspr,24254,True,
Picnic,24254,True,
REWE,24256,True,
Flink,24256,True,
Knuspr,24256,True,
Picnic,24256,True,
REWE,24257,False,
Flink,24257,False,
Knuspr,24257,False,
Picnic,24257,False,
REWE,24259,False,
Flink,24259,False,
Knuspr,24259,False,
Picnic,24259,False,
REWE,24306,True,
Flink,24306,True,
Knuspr,24306,True,
Picnic,24306,True,
REWE,24321,False,
Flink,24321,False,
Knuspr,24321,False,
Picnic,24321,False,
REWE,24326,True,
Flink,24326,True,
Knuspr,24326,True,
Picnic,24326,True,
REWE,24327,False,
Flink,24327,False,
Knuspr,24327,False,
Picnic,24327,False,
REWE,24329,False,
Flink,24329,False,
Knuspr,24329,False,
Picnic,24329,False,
REWE,24340,True,
Flink,24340,True,
Knuspr,24340,True,
Picnic,24340,True,
REWE,24351,False,
Flink,24351,False,
Knuspr,24351,False,
Picnic,24351,False,
REWE,24354,True,
Flink,24354,True,
Knuspr,24354,True,
Picnic,24354,True,
REWE,24357,False,
Flink,24357,False,
Knuspr,24357,False,
Picnic,24357,False,
REWE,24358,True,
Flink,24358,True,
Knuspr,24358,True,
Picnic,24358,True,
REWE,24360,True,
Flink,24360,True,
Knuspr,24360,True,
Picnic,24360,True,
REWE,24361,False,
Flink,24361,False,
Knuspr,24361,False,
Picnic,24361,False,
REWE,24363,False,
Flink,24363,False,
Knuspr,24363,False,
Picnic,24363,False,
REWE,24364,True,
Flink,24364,True,
Knuspr,24364,True,
Picnic,24364,True,
REWE,24366,True,
Flink,24366,True,
Knuspr,24366,True,
Picnic,24366,True,
REWE,24367,False,
Flink,24367,False,
Knuspr,24367,False,
Picnic,24367,False,
REWE,24369,False,
Flink,24369,False,
Knuspr,24369,False,
Picnic,24369,False,
REWE,24376,True,
Flink,24376,True,
Knuspr,24376,True,
Picnic,24376,True,
REWE,24392,True,
Flink,24392,True,
Knuspr,24392,True,
Picnic,24392,True,
REWE,24395,False,
Flink,24395,False,
Knuspr,24395,False,
Picnic,24395,False,
REWE,24398,True,
Flink,24398,True,
Knuspr,24398,True,
Picnic,24398,True,
REWE,24399,False,
Flink,24399,False,
Knuspr,24399,False,
Picnic,24399,False,
REWE,24401,False,
Flink,24401,False,
Knuspr,24401,False,
Picnic,24401,False,
REWE,24402,True,
Flink,24402,True,
Knuspr,24402,True,
Picnic,24402,True,
REWE,24404,True,
Flink,24404,True,
Knuspr,24404,True,
Picnic,24404,True,
REWE,24405,False,
Flink,24405,False,
Knuspr,24405,False,
Picnic,24405,False,
REWE,24407,False,
Flink,24407,False,
Knuspr,24407,False,
Picnic,24407,False,
REWE,24409,False,
Flink,24409,False,
Knuspr,24409,False,
Picnic,24409,False,
REWE,24534,True,
Flink,24534,True,
Knuspr,24534,True,
Picnic,24534,True,
REWE,24536,True,
Flink,24536,True,
Knuspr,24536,True,
Picnic,24536,True,
REWE,24537,False,
Flink,24537,False,
Knuspr,24537,False,
Picnic,24537,False,
REWE,24539,False,
Flink,24539,False,
Knuspr,24539,False,
Picnic,24539,False,
REWE,24558,True,
Flink,24558,True,
Knuspr,24558,True,
Picnic,24558,True,
REWE,24568,True,
Flink,24568,True,
Knuspr,24568,True,
Picnic,24568,True,
REWE,24576,True,
Flink,24576,True,
Knuspr,24576,True,
Picnic,24576,True,
REWE,24582,True,
Flink,24582,True,
Knuspr,24582,True,
Picnic,24582,True,
REWE,24589,False,
Flink,24589,False,
Knuspr,24589,False,
Picnic,24589,False,
REWE,24594,True,
Flink,24594,True,
Knuspr,24594,True,
Picnic,24594,True,
REWE,24598,True,
Flink,24598,True,
Knuspr,24598,True,
Picnic,24598,True,
REWE,24601,False,
Flink,24601,False,
Knuspr,24601,False,
Picnic,24601,False,
REWE,24610,True,
Flink,24610,True,
Knuspr,24610,True,
Picnic,24610,True,
REWE,24613,False,
Flink,24613,False,
Knuspr,24613,False,
Picnic,24613,False,
REWE,24616,True,
Flink,24616,True,
Knuspr,24616,True,
Picnic,24616,True,
REWE,24619,False,
Flink,24619,False,
Knuspr,24619,False,
Picnic,24619,False,
REWE,24620,True,
Flink,24620,True,
Knuspr,24620,True,
Picnic,24620,True,
REWE,24622,True,
Flink,24622,True,
Knuspr,24622,True,
Picnic,24622,True,
REWE,24623,False,
Flink,24623,False,
Knuspr,24623,False,
Picnic,24623,False,
REWE,24625,False,
Flink,24625,False,
Knuspr,24625,False,
Picnic,24625,False,
REWE,24626,True,
Flink,24626,True,
Knuspr,24626,True,
Picnic,24626,True,
REWE,24628,True,
Flink,24628,True,
Knuspr,24628,True,
Picnic,24628,True,
REWE,24629,False,
Flink,24629,False,
Knuspr,24629,False,
Picnic,24629,False,
REWE,24631,False,
Flink,24631,False,
Knuspr,24631,False,
Picnic,24631,False,
REWE,24632,True,
Flink,24632,True,
Knuspr,24632,True,
Picnic,24632,True,
REWE,24634,True,
Flink,24634,True,
Knuspr,24634,True,
Picnic,24634,True,
REWE,24635,False,
Flink,24635,False,
Knuspr,24635,False,
Picnic,24635,False,
REWE,24637,False,
Flink,24637,False,
Knuspr,24637,False,
Picnic,24637,False,
REWE,24638,True,
Flink,24638,True,
Knuspr,24638,True,
Picnic,24638,True,
REWE,24640,True,
Flink,24640,True,
Knuspr,24640,True,
Picnic,24640,True,
REWE,24641,False,
Flink,24641,False,
Knuspr,24641,False,
Picnic,24641,False,
REWE,24643,False,
Flink,24643,False,
Knuspr,24643,False,
Picnic,24643,False,
REWE,24644,True,
Flink,24644,True,
Knuspr,24644,True,
Picnic,24644,True,
REWE,24646,True,
Flink,24646,True,
Knuspr,24646,True,
Picnic,24646,True,
REWE,24647,False,
Flink,24647,False,
Knuspr,24647,False,
Picnic,24647,False,
REWE,24649,False,
Flink,24649,False,
Knuspr,24649,False,
Picnic,24649,False,
REWE,24768,True,
Flink,24768,True,
Knuspr,24768,True,
Picnic,24768,True,
REWE,24782,True,
Flink,24782,True,
Knuspr,24782,True,
Picnic,24782,True,
REWE,24783,False,
Flink,24783,False,
Knuspr,24783,False,
Picnic,24783,False,
REWE,24784,True,
Flink,24784,True,
Knuspr,24784,True,
Picnic,24784,True,
REWE,24787,False,
Flink,24787,False,
Knuspr,24787,False,
Picnic,24787,False,
REWE,24790,True,
Flink,24790,True,
Knuspr,24790,True,
Picnic,24790,True,
REWE,24791,False,
Flink,24791,False,
Knuspr,24791,False,
Picnic,24791,False,
REWE,24793,False,
Flink,24793,False,
Knuspr,24793,False,
Picnic,24793,False,
REWE,24794,True,
Flink,24794,True,
Knuspr,24794,True,
Picnic,24794,True,
REWE,24796,True,
Flink,24796,True,
Knuspr,24796,True,
Picnic,24796,True,
REWE,24797,False,
Flink,24797,False,
Knuspr,24797,False,
Picnic,24797,False,
REWE,24799,False,
Flink,24799,False,
Knuspr,24799,False,
Picnic,24799,False,
REWE,24800,True,
Flink,24800,True,
Knuspr,24800,True,
Picnic,24800,True,
REWE,24802,True,
Flink,24802,True,
Knuspr,24802,True,
Picnic,24802,True,
REWE,24803,False,
Flink,24803,False,
Knuspr,24803,False,
Picnic,24803,False,
REWE,24805,False,
Flink,24805,False,
Knuspr,24805,False,
Picnic,24805,False,
REWE,24806,True,
Flink,24806,True,
Knuspr,24806,True,
Picnic,24806,True,
REWE,24808,True,
Flink,24808,True,
Knuspr,24808,True,
Picnic,24808,True,
REWE,24809,False,
Flink,24809,False,
Knuspr,24809,False,
Picnic,24809,False,
REWE,24811,False,
Flink,24811,False,
Knuspr,24811,False,
Picnic,24811,False,
REWE,24813,False,
Flink,24813,False,
Knuspr,24813,False,
Picnic,24813,False,
REWE,24814,True,
Flink,24814,True,
Knuspr,24814,True,
Picnic,24814,True,
REWE,24816,True,
Flink,24816,True,
Knuspr,24816,True,
Picnic,24816,True,
REWE,24817,False,
Flink,24817,False,
Knuspr,24817,False,
Picnic,24817,False,
REWE,24819,False,
Flink,24819,False,
Knuspr,24819,False,
Picnic,24819,False,
REWE,24837,False,
Flink,24837,False,
Knuspr,24837,False,
Picnic,24837,False,
REWE,24848,True,
Flink,24848,True,
Knuspr,24848,True,
Picnic,24848,True,
REWE,24850,True,
Flink,24850,True,
Knuspr,24850,True,
Picnic,24850,True,
REWE,24852,True,
Flink,24852,True,
Knuspr,24852,True,
Picnic,24852,True,
REWE,24855,False,
Flink,24855,False,
Knuspr,24855,False,
Picnic,24855,False,
REWE,24857,False,
Flink,24857,False,
Knuspr,24857,False,
Picnic,24857,False,
REWE,24860,True,
Flink,24860,True,
Knuspr,24860,True,
Picnic,24860,True,
REWE,24861,False,
Flink,24861,False,
Knuspr,24861,False,
Picnic,24861,False,
REWE,24863,False,
Flink,24863,False,
Knuspr,24863,False,
Picnic,24863,False,
REWE,24864,True,
Flink,24864,True,
Knuspr,24864,True,
Picnic,24864,True,
REWE,24866,True,
Flink,24866,True,
Knuspr,24866,True,
Picnic,24866,True,
REWE,24867,False,
Flink,24867,False,
Knuspr,24867,False,
Picnic,24867,False,
REWE,24869,False,
Flink,24869,False,
Knuspr,24869,False,
Picnic,24869,False,
REWE,24870,True,
Flink,24870,True,
Knuspr,24870,True,
Picnic,24870,True,
REWE,24872,True,
Flink,24872,True,
Knuspr,24872,True,
Picnic,24872,True,
REWE,24873,False,
Flink,24873,False,
Knuspr,24873,False,
Picnic,24873,False,
REWE,24875,False,
Flink,24875,False,
Knuspr,24875,False,
Picnic,24875,False,
REWE,24876,True,
Flink,24876,True,
Knuspr,24876,True,
Picnic,24876,True,
REWE,24878,True,
Flink,24878,True,
Knuspr,24878,True,
Picnic,24878,True,
REWE,24879,False,
Flink,24879,False,
Knuspr,24879,False,
Picnic,24879,False,
REWE,24881,False,
Flink,24881,False,
Knuspr,24881,False,
Picnic,24881,False,
REWE,24882,True,
Flink,24882,True,
Knuspr,24882,True,
Picnic,24882,True,
REWE,24884,True,
Flink,24884,True,
Knuspr,24884,True,
Picnic,24884,True,
REWE,24885,False,
Flink,24885,False,
Knuspr,24885,False,
Picnic,24885,False,
REWE,24887,False,
Flink,24887,False,
Knuspr,24887,False,
Picnic,24887,False,
REWE,24888,True,
Flink,24888,True,
Knuspr,24888,True,
Picnic,24888,True,
REWE,24890,True,
Flink,24890,True,
Knuspr,24890,True,
Picnic,24890,True,
REWE,24891,False,
Flink,24891,False,
Knuspr,24891,False,
Picnic,24891,False,
REWE,24893,False,
Flink,24893,False,
Knuspr,24893,False,
Picnic,24893,False,
REWE,24894,True,
Flink,24894,True,
Knuspr,24894,True,
Picnic,24894,True,
REWE,24896,True,
Flink,24896,True,
Knuspr,24896,True,
Picnic,24896,True,
REWE,24897,False,
Flink,24897,False,
Knuspr,24897,False,
Picnic,24897,False,
REWE,24899,False,
Flink,24899,False,
Knuspr,24899,False,
Picnic,24899,False,
REWE,24937,False,
Flink,24937,False,
Knuspr,24937,False,
Picnic,24937,False,
REWE,24939,False,
Flink,24939,False,
Knuspr,24939,False,
Picnic,24939,False,
REWE,24941,False,
Flink,24941,False,
Knuspr,24941,False,
Picnic,24941,False,
REWE,24943,False,
Flink,24943,False,
Knuspr,24943,False,
Picnic,24943,False,
REWE,24944,True,
Flink,24944,True,
Knuspr,24944,True,
Picnic,24944,True,
REWE,24955,False,
Flink,24955,False,
Knuspr,24955,False,
Picnic,24955,False,
REWE,24960,True,
Flink,24960,True,
Knuspr,24960,True,
Picnic,24960,True,
REWE,24963,False,
Flink,24963,False,
Knuspr,24963,False,
Picnic,24963,False,
REWE,24966,True,
Flink,24966,True,
Knuspr,24966,True,
Picnic,24966,True,
REWE,24969,False,
Flink,24969,False,
Knuspr,24969,False,
Picnic,24969,False,
REWE,24972,True,
Flink,24972,True,
Knuspr,24972,True,
Picnic,24972,True,
REWE,24975,False,
Flink,24975,False,
Knuspr,24975,False,
Picnic,24975,False,
REWE,24976,True,
Flink,24976,True,
Knuspr,24976,True,
Picnic,24976,True,
REWE,24977,False,
Flink,24977,False,
Knuspr,24977,False,
Picnic,24977,False,
REWE,24980,True,
Flink,24980,True,
Knuspr,24980,True,
Picnic,24980,True,
REWE,24983,False,
Flink,24983,False,
Knuspr,24983,False,
Picnic,24983,False,
REWE,24986,True,
Flink,24986,True,
Knuspr,24986,True,
Picnic,24986,True,
REWE,24988,True,
Flink,24988,True,
Knuspr,24988,True,
Picnic,24988,True,
REWE,24989,False,
Flink,24989,False,
Knuspr,24989,False,
Picnic,24989,False,
REWE,24991,False,
Flink,24991,False,
Knuspr,24991,False,
Picnic,24991,False,
REWE,24992,True,
Flink,24992,True,
Knuspr,24992,True,
Picnic,24992,True,
REWE,24994,True,
Flink,24994,True,
Knuspr,24994,True,
Picnic,24994,True,
REWE,24996,True,
Flink,24996,True,
Knuspr,24996,True,
Picnic,24996,True,
REWE,24997,False,
Flink,24997,False,
Knuspr,24997,False,
Picnic,24997,False,
REWE,24999,False,
Flink,24999,False,
Knuspr,24999,False,
Picnic,24999,False,
REWE,25335,False,
Flink,25335,False,
Knuspr,25335,False,
Picnic,25335,False,
REWE,25336,True,
Flink,25336,True,
Knuspr,25336,True,
Picnic,25336,True,
REWE,25337,False,
Flink,25337,False,
Knuspr,25337,False,
Picnic,25337,False,
REWE,25348,True,
Flink,25348,True,
Knuspr,25348,True,
Picnic,25348,True,
REWE,25355,False,
Flink,25355,False,
Knuspr,25355,False,
Picnic,25355,False,
REWE,25358,True,
Flink,25358,True,
Knuspr,25358,True,
Picnic,25358,True,
REWE,25361,False,
Flink,25361,False,
Knuspr,25361,False,
Picnic,25361,False,
REWE,25364,True,
Flink,25364,True,
Knuspr,25364,True,
Picnic,25364,True,
REWE,25365,False,
Flink,25365,False,
Knuspr,25365,False,
Picnic,25365,False,
REWE,25368,True,
Flink,25368,True,
Knuspr,25368,True,
Picnic,25368,True,
REWE,25370,True,
Flink,25370,True,
Knuspr,25370,True,
Picnic,25370,True,
REWE,25371,False,
Flink,25371,False,
Knuspr,25371,False,
Picnic,25371,False,
REWE,25373,False,
Flink,25373,False,
Knuspr,25373,False,
Picnic,25373,False,
REWE,25376,True,
Flink,25376,True,
Knuspr,25376,True,
Picnic,25376,True,
REWE,25377,False,
Flink,25377,False,
Knuspr,25377,False,
Picnic,25377,False,
REWE,25379,False,
Flink,25379,False,
Knuspr,25379,False,
Picnic,25379,False,
REWE,25404,True,
Flink,25404,True,
Knuspr,25404,True,
Picnic,25404,True,
REWE,25421,False,
Flink,25421,False,
Knuspr,25421,False,
Picnic,25421,False,
REWE,25429,False,
Flink,25429,False,
Knuspr,25429,False,
Picnic,25429,False,
REWE,25436,True,
Flink,25436,True,
Knuspr,25436,True,
Picnic,25436,True,
REWE,25437,False,
Flink,25437,False,
Knuspr,25437,False,
Picnic,25437,False,
REWE,25451,False,
Flink,25451,False,
Knuspr,25451,False,
Picnic,25451,False,
REWE,25462,True,
Flink,25462,True,
Knuspr,25462,True,
Picnic,25462,True,
REWE,25469,False,
Flink,25469,False,
Knuspr,25469,False,
Picnic,25469,False,
REWE,25474,True,
Flink,25474,True,
Knuspr,25474,True,
Picnic,25474,True,
REWE,25479,False,
Flink,25479,False,
Knuspr,25479,False,
Picnic,25479,False,
REWE,25482,True,
Flink,25482,True,
Knuspr,25482,True,
Picnic,25482,True,
REWE,25485,False,
Flink,25485,False,
Knuspr,25485,False,
Picnic,25485,False,
REWE,25486,True,
Flink,25486,True,
Knuspr,25486,True,
Picnic,25486,True,
REWE,25488,True,
Flink,25488,True,
Knuspr,25488,True,
Picnic,25488,True,
REWE,25489,False,
Flink,25489,False,
Knuspr,25489,False,
Picnic,25489,False,
REWE,25491,False,
Flink,25491,False,
Knuspr,25491,False,
Picnic,25491,False,
REWE,25492,True,
Flink,25492,True,
Knuspr,25492,True,
Picnic,25492,True,
REWE,25494,True,
Flink,25494,True,
Knuspr,25494,True,
Picnic,25494,True,
REWE,25495,False,
Flink,25495,False,
Knuspr,25495,False,
Picnic,25495,False,
REWE,25497,False,
Flink,25497,False,
Knuspr,25497,False,
Picnic,25497,False,
REWE,25499,False,
Flink,25499,False,
Knuspr,25499,False,
Picnic,25499,False,
REWE,25524,True,
Flink,25524,True,
Knuspr,25524,True,
Picnic,25524,True,
REWE,25541,False,
Flink,25541,False,
Knuspr,25541,False,
Picnic,25541,False,
REWE,25548,True,
Flink,25548,True,
Knuspr,25548,True,
Picnic,25548,True,
REWE,25551,False,
Flink,25551,False,
Knuspr,25551,False,
Picnic,25551,False,
REWE,25554,True,
Flink,25554,True,
Knuspr,25554,True,
Picnic,25554,True,
REWE,25557,False,
Flink,25557,False,
Knuspr,25557,False,
Picnic,25557,False,
REWE,25560,True,
Flink,25560,True,
Knuspr,25560,True,
Picnic,25560,True,
REWE,25563,False,
Flink,25563,False,
Knuspr,25563,False,
Picnic,25563,False,
REWE,25566,True,
Flink,25566,True,
Knuspr,25566,True,
Picnic,25566,True,
REWE,25569,False,
Flink,25569,False,
Knuspr,25569,False,
Picnic,25569,False,
REWE,25572,True,
Flink,25572,True,
Knuspr,25572,True,
Picnic,25572,True,
REWE,25573,False,
Flink,25573,False,
Knuspr,25573,False,
Picnic,25573,False,
REWE,25575,False,
Flink,25575,False,
Knuspr,25575,False,
Picnic,25575,False,
REWE,25576,True,
Flink,25576,True,
Knuspr,25576,True,
Picnic,25576,True,
REWE,25578,True,
Flink,25578,True,
Knuspr,25578,True,
Picnic,25578,True,
REWE,25579,False,
Flink,25579,False,
Knuspr,25579,False,
Picnic,25579,False,
REWE,25581,False,
Flink,25581,False,
Knuspr,25581,False,
Picnic,25581,False,
REWE,25582,True,
Flink,25582,True,
Knuspr,25582,True,
Picnic,25582,True,
REWE,25584,True,
Flink,25584,True,
Knuspr,25584,True,
Picnic,25584,True,
REWE,25585,False,
Flink,25585,False,
Knuspr,25585,False,
Picnic,25585,False,
REWE,25587,False,
Flink,25587,False,
Knuspr,25587,False,
Picnic,25587,False,
REWE,25588,True,
Flink,25588,True,
Knuspr,25588,True,
Picnic,25588,True,
REWE,25590,True,
Flink,25590,True,
Knuspr,25590,True,
Picnic,25590,True,
REWE,25591,False,
Flink,25591,False,
Knuspr,25591,False,
Picnic,25591,False,
REWE,25593,False,
Flink,25593,False,
Knuspr,25593,False,
Picnic,25593,False,
REWE,25594,True,
Flink,25594,True,
Knuspr,25594,True,
Picnic,25594,True,
REWE,25596,True,
Flink,25596,True,
Knuspr,25596,True,
Picnic,25596,True,
REWE,25597,False,
Flink,25597,False,
Knuspr,25597,False,
Picnic,25597,False,
REWE,25599,False,
Flink,25599,False,
Knuspr,25599,False,
Picnic,25599,False,
REWE,25693,False,
Flink,25693,False,
Knuspr,25693,False,
Picnic,25693,False,
REWE,25704,True,
Flink,25704,True,
Knuspr,25704,True,
Picnic,25704,True,
REWE,25709,False,
Flink,25709,False,
Knuspr,25709,False,
Picnic,25709,False,
REWE,25712,True,
Flink,25712,True,
Knuspr,25712,True,
Picnic,25712,True,
REWE,25715,False,
Flink,25715,False,
Knuspr,25715,False,
Picnic,25715,False,
REWE,25718,True,
Flink,25718,True,
Knuspr,25718,True,
Picnic,25718,True,
REWE,25719,False,
Flink,25719,False,
Knuspr,25719,False,
Picnic,25719,False,
REWE,25721,False,
Flink,25721,False,
Knuspr,25721,False,
Picnic,25721,False,
REWE,25724,True,
Flink,25724,True,
Knuspr,25724,True,
Picnic,25724,True,
REWE,25725,False,
Flink,25725,False,
Knuspr,25725,False,
Picnic,25725,False,
REWE,25727,False,
Flink,25727,False,
Knuspr,25727,False,
Picnic,25727,False,
REWE,25729,False,
Flink,25729,False,
Knuspr,25729,False,
Picnic,25729,False,
REWE,25746,True,
Flink,25746,True,
Knuspr,25746,True,
Picnic,25746,True,
REWE,25761,False,
Flink,25761,False,
Knuspr,25761,False,
Picnic,25761,False,
REWE,25764,True,
Flink,25764,True,
Knuspr,25764,True,
Picnic,25764,True,
REWE,25767,False,
Flink,25767,False,
Knuspr,25767,False,
Picnic,25767,False,
REWE,25770,True,
Flink,25770,True,
Knuspr,25770,True,
Picnic,25770,True,
REWE,25774,True,
Flink,25774,True,
Knuspr,25774,True,
Picnic,25774,True,
REWE,25776,True,
Flink,25776,True,
Knuspr,25776,True,
Picnic,25776,True,
REWE,25779,False,
Flink,25779,False,
Knuspr,25779,False,
Picnic,25779,False,
REWE,25782,True,
Flink,25782,True,
Knuspr,25782,True,
Picnic,25782,True,
REWE,25785,False,
Flink,25785,False,
Knuspr,25785,False,
Picnic,25785,False,
REWE,25786,True,
Flink,25786,True,
Knuspr,25786,True,
Picnic,25786,True,
REWE,25788,True,
Flink,25788,True,
Knuspr,25788,True,
Picnic,25788,True,
REWE,25791,False,
Flink,25791,False,
Knuspr,25791,False,
Picnic,25791,False,
REWE,25792,True,
Flink,25792,True,
Knuspr,25792,True,
Picnic,25792,True,
REWE,25794,True,
Flink,25794,True,
Knuspr,25794,True,
Picnic,25794,True,
REWE,25795,False,
Flink,25795,False,
Knuspr,25795,False,
Picnic,25795,False,
REWE,25797,False,
Flink,25797,False,
Knuspr,25797,False,
Picnic,25797,False,
REWE,25799,False,
Flink,25799,False,
Knuspr,25799,False,
Picnic,25799,False,
REWE,25813,False,
Flink,25813,False,
Knuspr,25813,False,
Picnic,25813,False,
REWE,25821,False,
Flink,25821,False,
Knuspr,25821,False,
Picnic,25821,False,
REWE,25826,True,
Flink,25826,True,
Knuspr,25826,True,
Picnic,25826,True,
REWE,25832,True,
Flink,25832,True,
Knuspr,25832,True,
Picnic,25832,True,
REWE,25836,True,
Flink,25836,True,
Knuspr,25836,True,
Picnic,25836,True,
REWE,25840,True,
Flink,25840,True,
Knuspr,25840,True,
Picnic,25840,True,
REWE,25842,True,
Flink,25842,True,
Knuspr,25842,True,
Picnic,25842,True,
REWE,25845,False,
Flink,25845,False,
Knuspr,25845,False,
Picnic,25845,False,
REWE,25849,False,
Flink,25849,False,
Knuspr,25849,False,
Picnic,25849,False,
REWE,25850,True,
Flink,25850,True,
Knuspr,25850,True,
Picnic,25850,True,
REWE,25852,True,
Flink,25852,True,
Knuspr,25852,True,
Picnic,25852,True,
REWE,25853,False,
Flink,25853,False,
Knuspr,25853,False,
Picnic,25853,False,
REWE,25855,False,
Flink,25855,False,
Knuspr,25855,False,
Picnic,25855,False,
REWE,25856,True,
Flink,25856,True,
Knuspr,25856,True,
Picnic,25856,True,
REWE,25858,True,
Flink,25858,True,
Knuspr,25858,True,
Picnic,25858,True,
REWE,25859,False,
Flink,25859,False,
Knuspr,25859,False,
Picnic,25859,False,
REWE,25860,True,
Flink,25860,True,
Knuspr,25860,True,
Picnic,25860,True,
REWE,25862,True,
Flink,25862,True,
Knuspr,25862,True,
Picnic,25862,True,
REWE,25863,False,
Flink,25863,False,
Knuspr,25863,False,
Picnic,25863,False,
REWE,25864,True,
Flink,25864,True,
Knuspr,25864,True,
Picnic,25864,True,
REWE,25866,True,
Flink,25866,True,
Knuspr,25866,True,
Picnic,25866,True,
REWE,25868,True,
Flink,25868,True,
Knuspr,25868,True,
Picnic,25868,True,
REWE,25869,False,
Flink,25869,False,
Knuspr,25869,False,
Picnic,25869,False,
REWE,25870,True,
Flink,25870,True,
Knuspr,25870,True,
Picnic,25870,True,
REWE,25872,True,
Flink,25872,True,
Knuspr,25872,True,
Picnic,25872,True,
REWE,25873,False,
Flink,25873,False,
Knuspr,25873,False,
Picnic,25873,False,
REWE,25875,False,
Flink,25875,False,
Knuspr,25875,False,
Picnic,25875,False,
REWE,25876,True,
Flink,25876,True,
Knuspr,25876,True,
Picnic,25876,True,
REWE,25878,True,
Flink,25878,True,
Knuspr,25878,True,
Picnic,25878,True,
REWE,25879,False,
Flink,25879,False,
Knuspr,25879,False,
Picnic,25879,False,
REWE,25881,False,
Flink,25881,False,
Knuspr,25881,False,
Picnic,25881,False,
REWE,25882,True,
Flink,25882,True,
Knuspr,25882,True,
Picnic,25882,True,
REWE,25884,True,
Flink,25884,True,
Knuspr,25884,True,
Picnic,25884,True,
REWE,25885,False,
Flink,25885,False,
Knuspr,25885,False,
Picnic,25885,False,
REWE,25887,False,
Flink,25887,False,
Knuspr,25887,False,
Picnic,25887,False,
REWE,25889,False,
Flink,25889,False,
Knuspr,25889,False,
Picnic,25889,False,
REWE,25899,False,
Flink,25899,False,
Knuspr,25899,False,
Picnic,25899,False,
REWE,25917,False,
Flink,25917,False,
Knuspr,25917,False,
Picnic,25917,False,
REWE,25920,True,
Flink,25920,True,
Knuspr,25920,True,
Picnic,25920,True,
REWE,25923,False,
Flink,25923,False,
Knuspr,25923,False,
Picnic,25923,False,
REWE,25924,True,
Flink,25924,True,
Knuspr,25924,True,
Picnic,25924,True,
REWE,25926,True,
Flink,25926,True,
Knuspr,25926,True,
Picnic,25926,True,
REWE,25927,False,
Flink,25927,False,
Knuspr,25927,False,
Picnic,25927,False,
REWE,25938,True,
Flink,25938,True,
Knuspr,25938,True,
Picnic,25938,True,
REWE,25946,True,
Flink,25946,True,
Knuspr,25946,True,
Picnic,25946,True,
REWE,25980,True,
Flink,25980,True,
Knuspr,25980,True,
Picnic,25980,True,
REWE,25992,True,
Flink,25992,True,
Knuspr,25992,True,
Picnic,25992,True,
REWE,25996,True,
Flink,25996,True,
Knuspr,25996,True,
Picnic,25996,True,
REWE,25997,False,
Flink,25997,False,
Knuspr,25997,False,
Picnic,25997,False,
REWE,25999,False,
Flink,25999,False,
Knuspr,25999,False,
Picnic,25999,False,
REWE,27498,True,
Flink,27498,True,
Knuspr,27498,True,
Picnic,27498,True,
REWE,66111,False,
Flink,66111,False,
Knuspr,66111,False,
Picnic,66111,False,
REWE,66113,False,
Flink,66113,False,
Knuspr,66113,False,
Picnic,66113,False,
REWE,66115,False,
Flink,66115,False,
Knuspr,66115,False,
Picnic,66115,False,
REWE,66117,False,
Flink,66117,False,
Knuspr,66117,False,
Picnic,66117,False,
REWE,66119,False,
Flink,66119,False,
Knuspr,66119,False,
Picnic,66119,False,
REWE,66121,False,
Flink,66121,False,
Knuspr,66121,False,
Picnic,66121,False,
REWE,66123,False,
Flink,66123,False,
Knuspr,66123,False,
Picnic,66123,False,
REWE,66125,False,
Flink,66125,False,
Knuspr,66125,False,
Picnic,66125,False,
REWE,66126,True,
Flink,66126,True,
Knuspr,66126,True,
Picnic,66126,True,
REWE,66127,False,
Flink,66127,False,
Knuspr,66127,False,
Picnic,66127,False,
REWE,66128,True,
Flink,66128,True,
Knuspr,66128,True,
Picnic,66128,True,
REWE,66129,False,
Flink,66129,False,
Knuspr,66129,False,
Picnic,66129,False,
REWE,66130,True,
Flink,66130,True,
Knuspr,66130,True,
Picnic,66130,True,
REWE,66131,False,
Flink,66131,False,
Knuspr,66131,False,
Picnic,66131,False,
REWE,66132,True,
Flink,66132,True,
Knuspr,66132,True,
Picnic,66132,True,
REWE,66133,False,
Flink,66133,False,
Knuspr,66133,False,
Picnic,66133,False,
REWE,66265,False,
Flink,66265,False,
Knuspr,66265,False,
Picnic,66265,False,
REWE,66271,False,
Flink,66271,False,
Knuspr,66271,False,
Picnic,66271,False,
REWE,66280,True,
Flink,66280,True,
Knuspr,66280,True,
Picnic,66280,True,
REWE,66287,False,
Flink,66287,False,
Knuspr,66287,False,
Picnic,66287,False,
REWE,66292,True,
Flink,66292,True,
Knuspr,66292,True,
Picnic,66292,True,
REWE,66299,False,
Flink,66299,False,
Knuspr,66299,False,
Picnic,66299,False,
REWE,66333,False,
Flink,66333,False,
Knuspr,66333,False,
Picnic,66333,False,
REWE,66346,True,
Flink,66346,True,
Knuspr,66346,True,
Picnic,66346,True,
REWE,66352,True,
Flink,66352,True,
Knuspr,66352,True,
Picnic,66352,True,
REWE,66359,False,
Flink,66359,False,
Knuspr,66359,False,
Picnic,66359,False,
REWE,66386,True,
Flink,66386,True,
Knuspr,66386,True,
Picnic,66386,True,
REWE,66399,False,
Flink,66399,False,
Knuspr,66399,False,
Picnic,66399,False,
REWE,66424,True,
Flink,66424,True,
Knuspr,66424,True,
Picnic,66424,True,
REWE,66440,True,
Flink,66440,True,
Knuspr,66440,True,
Picnic,66440,True,
REWE,66450,True,
Flink,66450,True,
Knuspr,66450,True,
Picnic,66450,True,
REWE,66453,False,
Flink,66453,False,
Knuspr,66453,False,
Picnic,66453,False,
REWE,66459,False,
Flink,66459,False,
Knuspr,66459,False,
Picnic,66459,False,
REWE,66538,True,
Flink,66538,True,
Knuspr,66538,True,
Picnic,66538,True,
REWE,66539,False,
Flink,66539,False,
Knuspr,66539,False,
Picnic,66539,False,
REWE,66540,True,
Flink,66540,True,
Knuspr,66540,True,
Picnic,66540,True,
REWE,66557,False,
Flink,66557,False,
Knuspr,66557,False,
Picnic,66557,False,
REWE,66564,True,
Flink,66564,True,
Knuspr,66564,True,
Picnic,66564,True,
REWE,66571,False,
Flink,66571,False,
Knuspr,66571,False,
Picnic,66571,False,
REWE,66578,True,
Flink,66578,True,
Knuspr,66578,True,
Picnic,66578,True,
REWE,66583,False,
Flink,66583,False,
Knuspr,66583,False,
Picnic,66583,False,
REWE,66589,False,
Flink,66589,False,
Knuspr,66589,False,
Picnic,66589,False,
REWE,66606,True,
Flink,66606,True,
Knuspr,66606,True,
Picnic,66606,True,
REWE,66620,True,
Flink,66620,True,
Knuspr,66620,True,
Picnic,66620,True,
REWE,66625,False,
Flink,66625,False,
Knuspr,66625,False,
Picnic,66625,False,
REWE,66629,False,
Flink,66629,False,
Knuspr,66629,False,
Picnic,66629,False,
REWE,66636,True,
Flink,66636,True,
Knuspr,66636,True,
Picnic,66636,True,
REWE,66640,True,
Flink,66640,True,
Knuspr,66640,True,
Picnic,66640,True,
REWE,66646,True,
Flink,66646,True,
Knuspr,66646,True,
Picnic,66646,True,
REWE,66649,False,
Flink,66649,False,
Knuspr,66649,False,
Picnic,66649,False,
REWE,66663,False,
Flink,66663,False,
Knuspr,66663,False,
Picnic,66663,False,
REWE,66679,False,
Flink,66679,False,
Knuspr,66679,False,
Picnic,66679,False,
REWE,66687,False,
Flink,66687,False,
Knuspr,66687,False,
Picnic,66687,False,
REWE,66693,False,
Flink,66693,False,
Knuspr,66693,False,
Picnic,66693,False,
REWE,66701,False,
Flink,66701,False,
Knuspr,66701,False,
Picnic,66701,False,
REWE,66706,True,
Flink,66706,True,
Knuspr,66706,True,
Picnic,66706,True,
REWE,66709,False,
Flink,66709,False,
Knuspr,66709,False,
Picnic,66709,False,
REWE,66740,True,
Flink,66740,True,
Knuspr,66740,True,
Picnic,66740,True,
REWE,66763,False,
Flink,66763,False,
Knuspr,66763,False,
Picnic,66763,False,
REWE,66773,False,
Flink,66773,False,
Knuspr,66773,False,
Picnic,66773,False,
REWE,66780,True,
Flink,66780,True,
Knuspr,66780,True,
Picnic,66780,True,
REWE,66787,False,
Flink,66787,False,
Knuspr,66787,False,
Picnic,66787,False,
REWE,66793,False,
Flink,66793,False,
Knuspr,66793,False,
Picnic,66793,False,
REWE,66798,True,
Flink,66798,True,
Knuspr,66798,True,
Picnic,66798,True,
REWE,66802,True,
Flink,66802,True,
Knuspr,66802,True,
Picnic,66802,True,
REWE,66806,True,
Flink,66806,True,
Knuspr,66806,True,
Picnic,66806,True,
REWE,66809,False,
Flink,66809,False,
Knuspr,66809,False,
Picnic,66809,False,
REWE,66822,True,
Flink,66822,True,
Knuspr,66822,True,
Picnic,66822,True,
REWE,66839,False,
Flink,66839,False,
Knuspr,66839,False,
Picnic,66839,False,
REWE,01067,False,
Flink,01067,False,
Knuspr,01067,False,
Picnic,01067,False,
REWE,01069,False,
Flink,01069,False,
Knuspr,01069,False,
Picnic,01069,False,
REWE,01097,False,
Flink,01097,False,
Knuspr,01097,False,
Picnic,01097,False,
REWE,01099,False,
Flink,01099,False,
Knuspr,01099,False,
Picnic,01099,False,
REWE,01108,True,
Flink,01108,True,
Knuspr,01108,True,
Picnic,01108,True,
REWE,01109,False,
Flink,01109,False,
Knuspr,01109,False,
Picnic,01109,False,
REWE,01127,False,
Flink,01127,False,
Knuspr,01127,False,
Picnic,01127,False,
REWE,01129,False,
Flink,01129,False,
Knuspr,01129,False,
Picnic,01129,False,
REWE,01139,False,
Flink,01139,False,
Knuspr,01139,False,
Picnic,01139,False,
REWE,01156,True,
Flink,01156,True,
Knuspr,01156,True,
Picnic,01156,True,
REWE,01157,False,
Flink,01157,False,
Knuspr,01157,False,
Picnic,01157,False,
REWE,01159,False,
Flink,01159,False,
Knuspr,01159,False,
Picnic,01159,False,
REWE,01169,False,
Flink,01169,False,
Knuspr,01169,False,
Picnic,01169,False,
REWE,01187,False,
Flink,01187,False,
Knuspr,01187,False,
Picnic,01187,False,
REWE,01189,False,
Flink,01189,False,
Knuspr,01189,False,
Picnic,01189,False,
REWE,01217,False,
Flink,01217,False,
Knuspr,01217,False,
Picnic,01217,False,
REWE,01219,False,
Flink,01219,False,
Knuspr,01219,False,
Picnic,01219,False,
REWE,01237,False,
Flink,01237,False,
Knuspr,01237,False,
Picnic,01237,False,
REWE,01239,False,
Flink,01239,False,
Knuspr,01239,False,
Picnic,01239,False,
REWE,01257,False,
Flink,01257,False,
Knuspr,01257,False,
Picnic,01257,False,
REWE,01259,False,
Flink,01259,False,
Knuspr,01259,False,
Picnic,01259,False,
REWE,01277,False,
Flink,01277,False,
Knuspr,01277,False,
Picnic,01277,False,
REWE,01279,False,
Flink,01279,False,
Knuspr,01279,False,
Picnic,01279,False,
REWE,01307,False,
Flink,01307,False,
Knuspr,01307,False,
Picnic,01307,False,
REWE,01309,False,
Flink,01309,False,
Knuspr,01309,False,
Picnic,01309,False,
REWE,01324,True,
Flink,01324,True,
Knuspr,01324,True,
Picnic,01324,True,
REWE,01326,True,
Flink,01326,True,
Knuspr,01326,True,
Picnic,01326,True,
REWE,01328,True,
Flink,01328,True,
Knuspr,01328,True,
Picnic,01328,True,
REWE,01445,False,
Flink,01445,False,
Knuspr,01445,False,
Picnic,01445,False,
REWE,01454,True,
Flink,01454,True,
Knuspr,01454,True,
Picnic,01454,True,
REWE,01458,True,
Flink,01458,True,
Knuspr,01458,True,
Picnic,01458,True,
REWE,01465,False,
Flink,01465,False,
Knuspr,01465,False,
Picnic,01465,False,
REWE,01468,True,
Flink,01468,True,
Knuspr,01468,True,
Picnic,01468,True,
REWE,01471,False,
Flink,01471,False,
Knuspr,01471,False,
Picnic,01471,False,
REWE,01477,False,
Flink,01477,False,
Knuspr,01477,False,
Picnic,01477,False,
REWE,01558,True,
Flink,01558,True,
Knuspr,01558,True,
Picnic,01558,True,
REWE,01561,False,
Flink,01561,False,
Knuspr,01561,False,
Picnic,01561,False,
REWE,01587,False,
Flink,01587,False,
Knuspr,01587,False,
Picnic,01587,False,
REWE,01589,False,
Flink,01589,False,
Knuspr,01589,False,
Picnic,01589,False,
REWE,01591,False,
Flink,01591,False,
Knuspr,01591,False,
Picnic,01591,False,
REWE,01594,True,
Flink,01594,True,
Knuspr,01594,True,
Picnic,01594,True,
REWE,01609,False,
Flink,01609,False,
Knuspr,01609,False,
Picnic,01609,False,
REWE,01612,True,
Flink,01612,True,
Knuspr,01612,True,
Picnic,01612,True,
REWE,01616,True,
Flink,01616,True,
Knuspr,01616,True,
Picnic,01616,True,
REWE,01619,False,
Flink,01619,False,
Knuspr,01619,False,
Picnic,01619,False,
REWE,01623,False,
Flink,01623,False,
Knuspr,01623,False,
Picnic,01623,False,
REWE,01640,True,
Flink,01640,True,
Knuspr,01640,True,
Picnic,01640,True,
REWE,01662,True,
Flink,01662,True,
Knuspr,01662,True,
Picnic,01662,True,
REWE,01665,False,
Flink,01665,False,
Knuspr,01665,False,
Picnic,01665,False,
REWE,01683,False,
Flink,01683,False,
Knuspr,01683,False,
Picnic,01683,False,
REWE,01689,False,
Flink,01689,False,
Knuspr,01689,False,
Picnic,01689,False,
REWE,01705,False,
Flink,01705,False,
Knuspr,01705,False,
Picnic,01705,False,
REWE,01723,False,
Flink,01723,False,
Knuspr,01723,False,
Picnic,01723,False,
REWE,01728,True,
Flink,01728,True,
Knuspr,01728,True,
Picnic,01728,True,
REWE,01731,False,
Flink,01731,False,
Knuspr,01731,False,
Picnic,01731,False,
REWE,01734,True,
Flink,01734,True,
Knuspr,01734,True,
Picnic,01734,True,
REWE,01737,False,
Flink,01737,False,
Knuspr,01737,False,
Picnic,01737,False,
REWE,01738,True,
Flink,01738,True,
Knuspr,01738,True,
Picnic,01738,True,
REWE,01744,True,
Flink,01744,True,
Knuspr,01744,True,
Picnic,01744,True,
REWE,01762,True,
Flink,01762,True,
Knuspr,01762,True,
Picnic,01762,True,
REWE,01768,True,
Flink,01768,True,
Knuspr,01768,True,
Picnic,01768,True,
REWE,01773,False,
Flink,01773,False,
Knuspr,01773,False,
Picnic,01773,False,
REWE,01774,True,
Flink,01774,True,
Knuspr,01774,True,
Picnic,01774,True,
REWE,01776,True,
Flink,01776,True,
Knuspr,01776,True,
Picnic,01776,True,
REWE,01778,True,
Flink,01778,True,
Knuspr,01778,True,
Picnic,01778,True,
REWE,01796,True,
Flink,01796,True,
Knuspr,01796,True,
Picnic,01796,True,
REWE,01809,False,
Flink,01809,False,
Knuspr,01809,False,
Picnic,01809,False,
REWE,01814,True,
Flink,01814,True,
Knuspr,01814,True,
Picnic,01814,True,
REWE,01816,True,
Flink,01816,True,
Knuspr,01816,True,
Picnic,01816,True,
REWE,01819,False,
Flink,01819,False,
Knuspr,01819,False,
Picnic,01819,False,
REWE,01824,True,
Flink,01824,True,
Knuspr,01824,True,
Picnic,01824,True,
REWE,01825,False,
Flink,01825,False,
Knuspr,01825,False,
Picnic,01825,False,
REWE,01829,False,
Flink,01829,False,
Knuspr,01829,False,
Picnic,01829,False,
REWE,01833,False,
Flink,01833,False,
Knuspr,01833,False,
Picnic,01833,False,
REWE,01844,True,
Flink,01844,True,
Knuspr,01844,True,
Picnic,01844,True,
REWE,01847,False,
Flink,01847,False,
Knuspr,01847,False,
Picnic,01847,False,
REWE,01848,True,
Flink,01848,True,
Knuspr,01848,True,
Picnic,01848,True,
REWE,01855,False,
Flink,01855,False,
Knuspr,01855,False,
Picnic,01855,False,
REWE,01877,False,
Flink,01877,False,
Knuspr,01877,False,
Picnic,01877,False,
REWE,01896,True,
Flink,01896,True,
Knuspr,01896,True,
Picnic,01896,True,
REWE,01900,True,
Flink,01900,True,
Knuspr,01900,True,
Picnic,01900,True,
REWE,01904,True,
Flink,01904,True,
Knuspr,01904,True,
Picnic,01904,True,
REWE,01906,True,
Flink,01906,True,
Knuspr,01906,True,
Picnic,01906,True,
REWE,01909,False,
Flink,01909,False,
Knuspr,01909,False,
Picnic,01909,False,
REWE,01917,False,
Flink,01917,False,
Knuspr,01917,False,
Picnic,01917,False,
REWE,01920,True,
Flink,01920,True,
Knuspr,01920,True,
Picnic,01920,True,
REWE,01936,True,
Flink,01936,True,
Knuspr,01936,True,
Picnic,01936,True,
REWE,02625,False,
Flink,02625,False,
Knuspr,02625,False,
Picnic,02625,False,
REWE,02627,False,
Flink,02627,False,
Knuspr,02627,False,
Picnic,02627,False,
REWE,02633,False,
Flink,02633,False,
Knuspr,02633,False,
Picnic,02633,False,
REWE,02681,False,
Flink,02681,False,
Knuspr,02681,False,
Picnic,02681,False,
REWE,02689,False,
Flink,02689,False,
Knuspr,02689,False,
Picnic,02689,False,
REWE,02692,True,
Flink,02692,True,
Knuspr,02692,True,
Picnic,02692,True,
REWE,02694,True,
Flink,02694,True,
Knuspr,02694,True,
Picnic,02694,True,
REWE,02699,False,
Flink,02699,False,
Knuspr,02699,False,
Picnic,02699,False,
REWE,02708,True,
Flink,02708,True,
Knuspr,02708,True,
Picnic,02708,True,
REWE,02727,False,
Flink,02727,False,
Knuspr,02727,False,
Picnic,02727,False,
REWE,02730,True,
Flink,02730,True,
Knuspr,02730,True,
Picnic,02730,True,
REWE,02733,False,
Flink,02733,False,
Knuspr,02733,False,
Picnic,02733,False,
REWE,02736,True,
Flink,02736,True,
Knuspr,02736,True,
Picnic,02736,True,
REWE,02739,False,
Flink,02739,False,
Knuspr,02739,False,
Picnic,02739,False,
REWE,02742,True,
Flink,02742,True,
Knuspr,02742,True,
Picnic,02742,True,
REWE,02747,False,
Flink,02747,False,
Knuspr,02747,False,
Picnic,02747,False,
REWE,02748,True,
Flink,02748,True,
Knuspr,02748,True,
Picnic,02748,True,
REWE,02763,False,
Flink,02763,False,
Knuspr,02763,False,
Picnic,02763,False,
REWE,02779,False,
Flink,02779,False,
Knuspr,02779,False,
Picnic,02779,False,
REWE,02782,True,
Flink,02782,True,
Knuspr,02782,True,
Picnic,02782,True,
REWE,02785,False,
Flink,02785,False,
Knuspr,02785,False,
Picnic,02785,False,
REWE,02788,True,
Flink,02788,True,
Knuspr,02788,True,
Picnic,02788,True,
REWE,02791,False,
Flink,02791,False,
Knuspr,02791,False,
Picnic,02791,False,
REWE,02794,True,
Flink,02794,True,
Knuspr,02794,True,
Picnic,02794,True,
REWE,02796,True,
Flink,02796,True,
Knuspr,02796,True,
Picnic,02796,True,
REWE,02797,False,
Flink,02797,False,
Knuspr,02797,False,
Picnic,02797,False,
REWE,02799,False,
Flink,02799,False,
Knuspr,02799,False,
Picnic,02799,False,
REWE,02826,True,
Flink,02826,True,
Knuspr,02826,True,
Picnic,02826,True,
REWE,02827,False,
Flink,02827,False,
Knuspr,02827,False,
Picnic,02827,False,
REWE,02828,True,
Flink,02828,True,
Knuspr,02828,True,
Picnic,02828,True,
REWE,02829,False,
Flink,02829,False,
Knuspr,02829,False,
Picnic,02829,False,
REWE,02894,True,
Flink,02894,True,
Knuspr,02894,True,
Picnic,02894,True,
REWE,02899,False,
Flink,02899,False,
Knuspr,02899,False,
Picnic,02899,False,
REWE,02906,True,
Flink,02906,True,
Knuspr,02906,True,
Picnic,02906,True,
REWE,02923,False,
Flink,02923,False,
Knuspr,02923,False,
Picnic,02923,False,
REWE,02929,False,
Flink,02929,False,
Knuspr,02929,False,
Picnic,02929,False,
REWE,02943,False,
Flink,02943,False,
Knuspr,02943,False,
Picnic,02943,False,
REWE,02953,False,
Flink,02953,False,
Knuspr,02953,False,
Picnic,02953,False,
REWE,02956,True,
Flink,02956,True,
Knuspr,02956,True,
Picnic,02956,True,
REWE,02957,False,
Flink,02957,False,
Knuspr,02957,False,
Picnic,02957,False,
REWE,02959,False,
Flink,02959,False,
Knuspr,02959,False,
Picnic,02959,False,
REWE,02977,False,
Flink,02977,False,
Knuspr,02977,False,
Picnic,02977,False,
REWE,02979,False,
Flink,02979,False,
Knuspr,02979,False,
Picnic,02979,False,
REWE,02991,False,
Flink,02991,False,
Knuspr,02991,False,
Picnic,02991,False,
REWE,02994,True,
Flink,02994,True,
Knuspr,02994,True,
Picnic,02994,True,
REWE,02997,False,
Flink,02997,False,
Knuspr,02997,False,
Picnic,02997,False,
REWE,02999,False,
Flink,02999,False,
Knuspr,02999,False,
Picnic,02999,False,
REWE,04103,False,
Flink,04103,False,
Knuspr,04103,False,
Picnic,04103,False,
REWE,04105,False,
Flink,04105,False,
Knuspr,04105,False,
Picnic,04105,False,
REWE,04107,False,
Flink,04107,False,
Knuspr,04107,False,
Picnic,04107,False,
REWE,04109,False,
Flink,04109,False,
Knuspr,04109,False,
Picnic,04109,False,
REWE,04129,False,
Flink,04129,False,
Knuspr,04129,False,
Picnic,04129,False,
REWE,04155,False,
Flink,04155,False,
Knuspr,04155,False,
Picnic,04155,False,
REWE,04157,False,
Flink,04157,False,
Knuspr,04157,False,
Picnic,04157,False,
REWE,04158,True,
Flink,04158,True,
Knuspr,04158,True,
Picnic,04158,True,
REWE,04159,False,
Flink,04159,False,
Knuspr,04159,False,
Picnic,04159,False,
REWE,04177,False,
Flink,04177,False,
Knuspr,04177,False,
Picnic,04177,False,
REWE,04178,True,
Flink,04178,True,
Knuspr,04178,True,
Picnic,04178,True,
REWE,04179,False,
Flink,04179,False,
Knuspr,04179,False,
Picnic,04179,False,
REWE,04205,False,
Flink,04205,False,
Knuspr,04205,False,
Picnic,04205,False,
REWE,04207,False,
Flink,04207,False,
Knuspr,04207,False,
Picnic,04207,False,
REWE,04209,False,
Flink,04209,False,
Knuspr,04209,False,
Picnic,04209,False,
REWE,04229,False,
Flink,04229,False,
Knuspr,04229,False,
Picnic,04229,False,
REWE,04249,False,
Flink,04249,False,
Knuspr,04249,False,
Picnic,04249,False,
REWE,04275,False,
Flink,04275,False,
Knuspr,04275,False,
Picnic,04275,False,
REWE,04277,False,
Flink,04277,False,
Knuspr,04277,False,
Picnic,04277,False,
REWE,04279,False,
Flink,04279,False,
Knuspr,04279,False,
Picnic,04279,False,
REWE,04288,True,
Flink,04288,True,
Knuspr,04288,True,
Picnic,04288,True,
REWE,04289,False,
Flink,04289,False,
Knuspr,04289,False,
Picnic,04289,False,
REWE,04299,False,
Flink,04299,False,
Knuspr,04299,False,
Picnic,04299,False,
REWE,04315,False,
Flink,04315,False,
Knuspr,04315,False,
Picnic,04315,False,
REWE,04316,True,
Flink,04316,True,
Knuspr,04316,True,
Picnic,04316,True,
REWE,04317,False,
Flink,04317,False,
Knuspr,04317,False,
Picnic,04317,False,
REWE,04318,True,
Flink,04318,True,
Knuspr,04318,True,
Picnic,04318,True,
REWE,04319,False,
Flink,04319,False,
Knuspr,04319,False,
Picnic,04319,False,
REWE,04328,True,
Flink,04328,True,
Knuspr,04328,True,
Picnic,04328,True,
REWE,04329,False,
Flink,04329,False,
Knuspr,04329,False,
Picnic,04329,False,
REWE,04347,False,
Flink,04347,False,
Knuspr,04347,False,
Picnic,04347,False,
REWE,04349,False,
Flink,04349,False,
Knuspr,04349,False,
Picnic,04349,False,
REWE,04356,True,
Flink,04356,True,
Knuspr,04356,True,
Picnic,04356,True,
REWE,04357,False,
Flink,04357,False,
Knuspr,04357,False,
Picnic,04357,False,
REWE,04416,True,
Flink,04416,True,
Knuspr,04416,True,
Picnic,04416,True,
REWE,04420,True,
Flink,04420,True,
Knuspr,04420,True,
Picnic,04420,True,
REWE,04425,False,
Flink,04425,False,
Knuspr,04425,False,
Picnic,04425,False,
REWE,04435,False,
Flink,04435,False,
Knuspr,04435,False,
Picnic,04435,False,
REWE,04442,True,
Flink,04442,True,
Knuspr,04442,True,
Picnic,04442,True,
REWE,04451,False,
Flink,04451,False,
Knuspr,04451,False,
Picnic,04451,False,
REWE,04460,True,
Flink,04460,True,
Knuspr,04460,True,
Picnic,04460,True,
REWE,04463,False,
Flink,04463,False,
Knuspr,04463,False,
Picnic,04463,False,
REWE,04509,False,
Flink,04509,False,
Knuspr,04509,False,
Picnic,04509,False,
REWE,04519,False,
Flink,04519,False,
Knuspr,04519,False,
Picnic,04519,False,
REWE,04523,False,
Flink,04523,False,
Knuspr,04523,False,
Picnic,04523,False,
REWE,04539,False,
Flink,04539,False,
Knuspr,04539,False,
Picnic,04539,False,
REWE,04552,True,
Flink,04552,True,
Knuspr,04552,True,
Picnic,04552,True,
REWE,04564,True,
Flink,04564,True,
Knuspr,04564,True,
Picnic,04564,True,
REWE,04565,False,
Flink,04565,False,
Knuspr,04565,False,
Picnic,04565,False,
REWE,04567,False,
Flink,04567,False,
Knuspr,04567,False,
Picnic,04567,False,
REWE,04571,False,
Flink,04571,False,
Knuspr,04571,False,
Picnic,04571,False,
REWE,04574,True,
Flink,04574,True,
Knuspr,04574,True,
Picnic,04574,True,
REWE,04575,False,
Flink,04575,False,
Knuspr,04575,False,
Picnic,04575,False,
REWE,04579,False,
Flink,04579,False,
Knuspr,04579,False,
Picnic,04579,False,
REWE,04643,False,
Flink,04643,False,
Knuspr,04643,False,
Picnic,04643,False,
REWE,04651,False,
Flink,04651,False,
Knuspr,04651,False,
Picnic,04651,False,
REWE,04654,True,
Flink,04654,True,
Knuspr,04654,True,
Picnic,04654,True,
REWE,04655,False,
Flink,04655,False,
Knuspr,04655,False,
Picnic,04655,False,
REWE,04657,False,
Flink,04657,False,
Knuspr,04657,False,
Picnic,04657,False,
REWE,04668,True,
Flink,04668,True,
Knuspr,04668,True,
Picnic,04668,True,
REWE,04680,True,
Flink,04680,True,
Knuspr,04680,True,
Picnic,04680,True,
REWE,04683,False,
Flink,04683,False,
Knuspr,04683,False,
Picnic,04683,False,
REWE,04685,False,
Flink,04685,False,
Knuspr,04685,False,
Picnic,04685,False,
REWE,04687,False,
Flink,04687,False,
Knuspr,04687,False,
Picnic,04687,False,
REWE,04688,True,
Flink,04688,True,
Knuspr,04688,True,
Picnic,04688,True,
REWE,04703,False,
Flink,04703,False,
Knuspr,04703,False,
Picnic,04703,False,
REWE,04720,True,
Flink,04720,True,
Knuspr,04720,True,
Picnic,04720,True,
REWE,04736,True,
Flink,04736,True,
Knuspr,04736,True,
Picnic,04736,True,
REWE,04741,False,
Flink,04741,False,
Knuspr,04741,False,
Picnic,04741,False,
REWE,04746,True,
Flink,04746,True,
Knuspr,04746,True,
Picnic,04746,True,
REWE,04749,False,
Flink,04749,False,
Knuspr,04749,False,
Picnic,04749,False,
REWE,04758,True,
Flink,04758,True,
Knuspr,04758,True,
Picnic,04758,True,
REWE,04769,False,
Flink,04769,False,
Knuspr,04769,False,
Picnic,04769,False,
REWE,04774,True,
Flink,04774,True,
Knuspr,04774,True,
Picnic,04774,True,
REWE,04779,False,
Flink,04779,False,
Knuspr,04779,False,
Picnic,04779,False,
REWE,04808,True,
Flink,04808,True,
Knuspr,04808,True,
Picnic,04808,True,
REWE,04821,False,
Flink,04821,False,
Knuspr,04821,False,
Picnic,04821,False,
REWE,04824,True,
Flink,04824,True,
Knuspr,04824,True,
Picnic,04824,True,
REWE,04827,False,
Flink,04827,False,
Knuspr,04827,False,
Picnic,04827,False,
REWE,04828,True,
Flink,04828,True,
Knuspr,04828,True,
Picnic,04828,True,
REWE,04838,True,
Flink,04838,True,
Knuspr,04838,True,
Picnic,04838,True,
REWE,04849,False,
Flink,04849,False,
Knuspr,04849,False,
Picnic,04849,False,
REWE,04860,True,
Flink,04860,True,
Knuspr,04860,True,
Picnic,04860,True,
REWE,04862,True,
Flink,04862,True,
Knuspr,04862,True,
Picnic,04862,True,
REWE,04874,True,
Flink,04874,True,
Knuspr,04874,True,
Picnic,04874,True,
REWE,04880,True,
Flink,04880,True,
Knuspr,04880,True,
Picnic,04880,True,
REWE,04886,True,
Flink,04886,True,
Knuspr,04886,True,
Picnic,04886,True,
REWE,04889,False,
Flink,04889,False,
Knuspr,04889,False,
Picnic,04889,False,
REWE,07919,False,
Flink,07919,False,
Knuspr,07919,False,
Picnic,07919,False,
REWE,07952,True,
Flink,07952,True,
Knuspr,07952,True,
Picnic,07952,True,
REWE,07985,False,
Flink,07985,False,
Knuspr,07985,False,
Picnic,07985,False,
REWE,08056,True,
Flink,08056,True,
Knuspr,08056,True,
Picnic,08056,True,
REWE,08058,True,
Flink,08058,True,
Knuspr,08058,True,
Picnic,08058,True,
REWE,08060,True,
Flink,08060,True,
Knuspr,08060,True,
Picnic,08060,True,
REWE,08062,True,
Flink,08062,True,
Knuspr,08062,True,
Picnic,08062,True,
REWE,08064,True,
Flink,08064,True,
Knuspr,08064,True,
Picnic,08064,True,
REWE,08066,True,
Flink,08066,True,
Knuspr,08066,True,
Picnic,08066,True,
REWE,08107,False,
Flink,08107,False,
Knuspr,08107,False,
Picnic,08107,False,
REWE,08112,True,
Flink,08112,True,
Knuspr,08112,True,
Picnic,08112,True,
REWE,08115,False,
Flink,08115,False,
Knuspr,08115,False,
Picnic,08115,False,
REWE,08118,True,
Flink,08118,True,
Knuspr,08118,True,
Picnic,08118,True,
REWE,08132,True,
Flink,08132,True,
Knuspr,08132,True,
Picnic,08132,True,
REWE,08134,True,
Flink,08134,True,
Knuspr,08134,True,
Picnic,08134,True,
REWE,08141,False,
Flink,08141,False,
Knuspr,08141,False,
Picnic,08141,False,
REWE,08144,True,
Flink,08144,True,
Knuspr,08144,True,
Picnic,08144,True,
REWE,08147,False,
Flink,08147,False,
Knuspr,08147,False,
Picnic,08147,False,
REWE,08209,False,
Flink,08209,False,
Knuspr,08209,False,
Picnic,08209,False,
REWE,08223,False,
Flink,08223,False,
Knuspr,08223,False,
Picnic,08223,False,
REWE,08228,True,
Flink,08228,True,
Knuspr,08228,True,
Picnic,08228,True,
REWE,08233,False,
Flink,08233,False,
Knuspr,08233,False,
Picnic,08233,False,
REWE,08236,True,
Flink,08236,True,
Knuspr,08236,True,
Picnic,08236,True,
REWE,08237,False,
Flink,08237,False,
Knuspr,08237,False,
Picnic,08237,False,
REWE,08239,False,
Flink,08239,False,
Knuspr,08239,False,
Picnic,08239,False,
REWE,08248,True,
Flink,08248,True,
Knuspr,08248,True,
Picnic,08248,True,
REWE,08258,True,
Flink,08258,True,
Knuspr,08258,True,
Picnic,08258,True,
REWE,08261,False,
Flink,08261,False,
Knuspr,08261,False,
Picnic,08261,False,
REWE,08262,True,
Flink,08262,True,
Knuspr,08262,True,
Picnic,08262,True,
REWE,08265,False,
Flink,08265,False,
Knuspr,08265,False,
Picnic,08265,False,
REWE,08267,False,
Flink,08267,False,
Knuspr,08267,False,
Picnic,08267,False,
REWE,08269,False,
Flink,08269,False,
Knuspr,08269,False,
Picnic,08269,False,
REWE,08280,True,
Flink,08280,True,
Knuspr,08280,True,
Picnic,08280,True,
REWE,08289,False,
Flink,08289,False,
Knuspr,08289,False,
Picnic,08289,False,
REWE,08294,True,
Flink,08294,True,
Knuspr,08294,True,
Picnic,08294,True,
REWE,08297,False,
Flink,08297,False,
Knuspr,08297,False,
Picnic,08297,False,
REWE,08301,False,
Flink,08301,False,
Knuspr,08301,False,
Picnic,08301,False,
REWE,08304,True,
Flink,08304,True,
Knuspr,08304,True,
Picnic,08304,True,
REWE,08309,False,
Flink,08309,False,
Knuspr,08309,False,
Picnic,08309,False,
REWE,08312,True,
Flink,08312,True,
Knuspr,08312,True,
Picnic,08312,True,
REWE,08315,False,
Flink,08315,False,
Knuspr,08315,False,
Picnic,08315,False,
REWE,08318,True,
Flink,08318,True,
Knuspr,08318,True,
Picnic,08318,True,
REWE,08321,False,
Flink,08321,False,
Knuspr,08321,False,
Picnic,08321,False,
REWE,08324,True,
Flink,08324,True,
Knuspr,08324,True,
Picnic,08324,True,
REWE,08325,False,
Flink,08325,False,
Knuspr,08325,False,
Picnic,08325,False,
REWE,08326,True,
Flink,08326,True,
Knuspr,08326,True,
Picnic,08326,True,
REWE,08328,True,
Flink,08328,True,
Knuspr,08328,True,
Picnic,08328,True,
REWE,08340,True,
Flink,08340,True,
Knuspr,08340,True,
Picnic,08340,True,
REWE,08344,True,
Flink,08344,True,
Knuspr,08344,True,
Picnic,08344,True,
REWE,08349,False,
Flink,08349,False,
Knuspr,08349,False,
Picnic,08349,False,
REWE,08352,True,
Flink,08352,True,
Knuspr,08352,True,
Picnic,08352,True,
REWE,08355,False,
Flink,08355,False,
Knuspr,08355,False,
Picnic,08355,False,
REWE,08359,False,
Flink,08359,False,
Knuspr,08359,False,
Picnic,08359,False,
REWE,08371,False,
Flink,08371,False,
Knuspr,08371,False,
Picnic,08371,False,
REWE,08373,False,
Flink,08373,False,
Knuspr,08373,False,
Picnic,08373,False,
REWE,08393,False,
Flink,08393,False,
Knuspr,08393,False,
Picnic,08393,False,
REWE,08396,True,
Flink,08396,True,
Knuspr,08396,True,
Picnic,08396,True,
REWE,08412,True,
Flink,08412,True,
Knuspr,08412,True,
Picnic,08412,True,
REWE,08427,False,
Flink,08427,False,
Knuspr,08427,False,
Picnic,08427,False,
REWE,08428,True,
Flink,08428,True,
Knuspr,08428,True,
Picnic,08428,True,
REWE,08432,True,
Flink,08432,True,
Knuspr,08432,True,
Picnic,08432,True,
REWE,08439,False,
Flink,08439,False,
Knuspr,08439,False,
Picnic,08439,False,
REWE,08451,False,
Flink,08451,False,
Knuspr,08451,False,
Picnic,08451,False,
REWE,08459,False,
Flink,08459,False,
Knuspr,08459,False,
Picnic,08459,False,
REWE,08468,True,
Flink,08468,True,
Knuspr,08468,True,
Picnic,08468,True,
REWE,08485,False,
Flink,08485,False,
Knuspr,08485,False,
Picnic,08485,False,
REWE,08491,False,
Flink,08491,False,
Knuspr,08491,False,
Picnic,08491,False,
REWE,08496,True,
Flink,08496,True,
Knuspr,08496,True,
Picnic,08496,True,
REWE,08499,False,
Flink,08499,False,
Knuspr,08499,False,
Picnic,08499,False,
REWE,08523,False,
Flink,08523,False,
Knuspr,08523,False,
Picnic,08523,False,
REWE,08525,False,
Flink,08525,False,
Knuspr,08525,False,
Picnic,08525,False,
REWE,08527,False,
Flink,08527,False,
Knuspr,08527,False,
Picnic,08527,False,
REWE,08529,False,
Flink,08529,False,
Knuspr,08529,False,
Picnic,08529,False,
REWE,08538,True,
Flink,08538,True,
Knuspr,08538,True,
Picnic,08538,True,
REWE,08539,False,
Flink,08539,False,
Knuspr,08539,False,
Picnic,08539,False,
REWE,08541,False,
Flink,08541,False,
Knuspr,08541,False,
Picnic,08541,False,
REWE,08543,False,
Flink,08543,False,
Knuspr,08543,False,
Picnic,08543,False,
REWE,08547,False,
Flink,08547,False,
Knuspr,08547,False,
Picnic,08547,False,
REWE,08548,True,
Flink,08548,True,
Knuspr,08548,True,
Picnic,08548,True,
REWE,08606,True,
Flink,08606,True,
Knuspr,08606,True,
Picnic,08606,True,
REWE,08626,True,
Flink,08626,True,
Knuspr,08626,True,
Picnic,08626,True,
REWE,08645,False,
Flink,08645,False,
Knuspr,08645,False,
Picnic,08645,False,
REWE,08648,True,
Flink,08648,True,
Knuspr,08648,True,
Picnic,08648,True,
REWE,09028,True,
Flink,09028,True,
Knuspr,09028,True,
Picnic,09028,True,
REWE,09030,True,
Flink,09030,True,
Knuspr,09030,True,
Picnic,09030,True,
REWE,09111,False,
Flink,09111,False,
Knuspr,09111,False,
Picnic,09111,False,
REWE,09112,True,
Flink,09112,True,
Knuspr,09112,True,
Picnic,09112,True,
REWE,09113,False,
Flink,09113,False,
Knuspr,09113,False,
Picnic,09113,False,
REWE,09114,True,
Flink,09114,True,
Knuspr,09114,True,
Picnic,09114,True,
REWE,09116,True,
Flink,09116,True,
Knuspr,09116,True,
Picnic,09116,True,
REWE,09117,False,
Flink,09117,False,
Knuspr,09117,False,
Picnic,09117,False,
REWE,09119,False,
Flink,09119,False,
Knuspr,09119,False,
Picnic,09119,False,
REWE,09120,True,
Flink,09120,True,
Knuspr,09120,True,
Picnic,09120,True,
REWE,09122,True,
Flink,09122,True,
Knuspr,09122,True,
Picnic,09122,True,
REWE,09123,False,
Flink,09123,False,
Knuspr,09123,False,
Picnic,09123,False,
REWE,09125,False,
Flink,09125,False,
Knuspr,09125,False,
Picnic,09125,False,
REWE,09126,True,
Flink,09126,True,
Knuspr,09126,True,
Picnic,09126,True,
REWE,09127,False,
Flink,09127,False,
Knuspr,09127,False,
Picnic,09127,False,
REWE,09128,True,
Flink,09128,True,
Knuspr,09128,True,
Picnic,09128,True,
REWE,09130,True,
Flink,09130,True,
Knuspr,09130,True,
Picnic,09130,True,
REWE,09131,False,
Flink,09131,False,
Knuspr,09131,False,
Picnic,09131,False,
REWE,09212,True,
Flink,09212,True,
Knuspr,09212,True,
Picnic,09212,True,
REWE,09217,False,
Flink,09217,False,
Knuspr,09217,False,
Picnic,09217,False,
REWE,09221,False,
Flink,09221,False,
Knuspr,09221,False,
Picnic,09221,False,
REWE,09224,True,
Flink,09224,True,
Knuspr,09224,True,
Picnic,09224,True,
REWE,09227,False,
Flink,09227,False,
Knuspr,09227,False,
Picnic,09227,False,
REWE,09228,True,
Flink,09228,True,
Knuspr,09228,True,
Picnic,09228,True,
REWE,09232,True,
Flink,09232,True,
Knuspr,09232,True,
Picnic,09232,True,
REWE,09235,False,
Flink,09235,False,
Knuspr,09235,False,
Picnic,09235,False,
REWE,09236,True,
Flink,09236,True,
Knuspr,09236,True,
Picnic,09236,True,
REWE,09241,False,
Flink,09241,False,
Knuspr,09241,False,
Picnic,09241,False,
REWE,09243,False,
Flink,09243,False,
Knuspr,09243,False,
Picnic,09243,False,
REWE,09244,True,
Flink,09244,True,
Knuspr,09244,True,
Picnic,09244,True,
REWE,09247,False,
Flink,09247,False,
Knuspr,09247,False,
Picnic,09247,False,
REWE,09249,False,
Flink,09249,False,
Knuspr,09249,False,
Picnic,09249,False,
REWE,09306,True,
Flink,09306,True,
Knuspr,09306,True,
Picnic,09306,True,
REWE,09322,True,
Flink,09322,True,
Knuspr,09322,True,
Picnic,09322,True,
REWE,09326,True,
Flink,09326,True,
Knuspr,09326,True,
Picnic,09326,True,
REWE,09328,True,
Flink,09328,True,
Knuspr,09328,True,
Picnic,09328,True,
REWE,09337,False,
Flink,09337,False,
Knuspr,09337,False,
Picnic,09337,False,
REWE,09350,True,
Flink,09350,True,
Knuspr,09350,True,
Picnic,09350,True,
REWE,09353,False,
Flink,09353,False,
Knuspr,09353,False,
Picnic,09353,False,
REWE,09355,False,
Flink,09355,False,
Knuspr,09355,False,
Picnic,09355,False,
REWE,09356,True,
Flink,09356,True,
Knuspr,09356,True,
Picnic,09356,True,
REWE,09366,True,
Flink,09366,True,
Knuspr,09366,True,
Picnic,09366,True,
REWE,09376,True,
Flink,09376,True,
Knuspr,09376,True,
Picnic,09376,True,
REWE,09380,True,
Flink,09380,True,
Knuspr,09380,True,
Picnic,09380,True,
REWE,09385,False,
Flink,09385,False,
Knuspr,09385,False,
Picnic,09385,False,
REWE,09387,False,
Flink,09387,False,
Knuspr,09387,False,
Picnic,09387,False,
REWE,09390,True,
Flink,09390,True,
Knuspr,09390,True,
Picnic,09390,True,
REWE,09392,True,
Flink,09392,True,
Knuspr,09392,True,
Picnic,09392,True,
REWE,09394,True,
Flink,09394,True,
Knuspr,09394,True,
Picnic,09394,True,
REWE,09395,False,
Flink,09395,False,
Knuspr,09395,False,
Picnic,09395,False,
REWE,09399,False,
Flink,09399,False,
Knuspr,09399,False,
Picnic,09399,False,
REWE,09405,False,
Flink,09405,False,
Knuspr,09405,False,
Picnic,09405,False,
REWE,09419,False,
Flink,09419,False,
Knuspr,09419,False,
Picnic,09419,False,
REWE,09423,False,
Flink,09423,False,
Knuspr,09423,False,
Picnic,09423,False,
REWE,09427,False,
Flink,09427,False,
Knuspr,09427,False,
Picnic,09427,False,
REWE,09429,False,
Flink,09429,False,
Knuspr,09429,False,
Picnic,09429,False,
REWE,09430,True,
Flink,09430,True,
Knuspr,09430,True,
Picnic,09430,True,
REWE,09432,True,
Flink,09432,True,
Knuspr,09432,True,
Picnic,09432,True,
REWE,09435,False,
Flink,09435,False,
Knuspr,09435,False,
Picnic,09435,False,
REWE,09437,False,
Flink,09437,False,
Knuspr,09437,False,
Picnic,09437,False,
REWE,09439,False,
Flink,09439,False,
Knuspr,09439,False,
Picnic,09439,False,
REWE,09456,True,
Flink,09456,True,
Knuspr,09456,True,
Picnic,09456,True,
REWE,09465,False,
Flink,09465,False,
Knuspr,09465,False,
Picnic,09465,False,
REWE,09468,True,
Flink,09468,True,
Knuspr,09468,True,
Picnic,09468,True,
REWE,09471,False,
Flink,09471,False,
Knuspr,09471,False,
Picnic,09471,False,
REWE,09474,True,
Flink,09474,True,
Knuspr,09474,True,
Picnic,09474,True,
REWE,09477,False,
Flink,09477,False,
Knuspr,09477,False,
Picnic,09477,False,
REWE,09481,False,
Flink,09481,False,
Knuspr,09481,False,
Picnic,09481,False,
REWE,09484,True,
Flink,09484,True,
Knuspr,09484,True,
Picnic,09484,True,
REWE,09487,False,
Flink,09487,False,
Knuspr,09487,False,
Picnic,09487,False,
REWE,09488,True,
Flink,09488,True,
Knuspr,09488,True,
Picnic,09488,True,
REWE,09496,True,
Flink,09496,True,
Knuspr,09496,True,
Picnic,09496,True,
REWE,09509,False,
Flink,09509,False,
Knuspr,09509,False,
Picnic,09509,False,
REWE,09514,True,
Flink,09514,True,
Knuspr,09514,True,
Picnic,09514,True,
REWE,09517,False,
Flink,09517,False,
Knuspr,09517,False,
Picnic,09517,False,
REWE,09518,True,
Flink,09518,True,
Knuspr,09518,True,
Picnic,09518,True,
REWE,09526,True,
Flink,09526,True,
Knuspr,09526,True,
Picnic,09526,True,
REWE,09544,True,
Flink,09544,True,
Knuspr,09544,True,
Picnic,09544,True,
REWE,09548,True,
Flink,09548,True,
Knuspr,09548,True,
Picnic,09548,True,
REWE,09557,False,
Flink,09557,False,
Knuspr,09557,False,
Picnic,09557,False,
REWE,09569,False,
Flink,09569,False,
Knuspr,09569,False,
Picnic,09569,False,
REWE,09573,False,
Flink,09573,False,
Knuspr,09573,False,
Picnic,09573,False,
REWE,09575,False,
Flink,09575,False,
Knuspr,09575,False,
Picnic,09575,False,
REWE,09577,False,
Flink,09577,False,
Knuspr,09577,False,
Picnic,09577,False,
REWE,09579,False,
Flink,09579,False,
Knuspr,09579,False,
Picnic,09579,False,
REWE,09599,False,
Flink,09599,False,
Knuspr,09599,False,
Picnic,09599,False,
REWE,09600,True,
Flink,09600,True,
Knuspr,09600,True,
Picnic,09600,True,
REWE,09603,False,
Flink,09603,False,
Knuspr,09603,False,
Picnic,09603,False,
REWE,09618,True,
Flink,09618,True,
Knuspr,09618,True,
Picnic,09618,True,
REWE,09619,False,
Flink,09619,False,
Knuspr,09619,False,
Picnic,09619,False,
REWE,09623,False,
Flink,09623,False,
Knuspr,09623,False,
Picnic,09623,False,
REWE,09627,False,
Flink,09627,False,
Knuspr,09627,False,
Picnic,09627,False,
REWE,09629,False,
Flink,09629,False,
Knuspr,09629,False,
Picnic,09629,False,
REWE,09633,False,
Flink,09633,False,
Knuspr,09633,False,
Picnic,09633,False,
REWE,09634,True,
Flink,09634,True,
Knuspr,09634,True,
Picnic,09634,True,
REWE,09638,True,
Flink,09638,True,
Knuspr,09638,True,
Picnic,09638,True,
REWE,09648,True,
Flink,09648,True,
Knuspr,09648,True,
Picnic,09648,True,
REWE,09661,False,
Flink,09661,False,
Knuspr,09661,False,
Picnic,09661,False,
REWE,09669,False,
Flink,09669,False,
Knuspr,09669,False,
Picnic,09669,False,
REWE,06108,True,
Flink,06108,True,
Knuspr,06108,True,
Picnic,06108,True,
REWE,06110,True,
Flink,06110,True,
Knuspr,06110,True,
Picnic,06110,True,
REWE,06112,True,
Flink,06112,True,
Knuspr,06112,True,
Picnic,06112,True,
REWE,06114,True,
Flink,06114,True,
Knuspr,06114,True,
Picnic,06114,True,
REWE,06116,True,
Flink,06116,True,
Knuspr,06116,True,
Picnic,06116,True,
REWE,06118,True,
Flink,06118,True,
Knuspr,06118,True,
Picnic,06118,True,
REWE,06120,True,
Flink,06120,True,
Knuspr,06120,True,
Picnic,06120,True,
REWE,06122,True,
Flink,06122,True,
Knuspr,06122,True,
Picnic,06122,True,
REWE,06124,True,
Flink,06124,True,
Knuspr,06124,True,
Picnic,06124,True,
REWE,06126,True,
Flink,06126,True,
Knuspr,06126,True,
Picnic,06126,True,
REWE,06128,True,
Flink,06128,True,
Knuspr,06128,True,
Picnic,06128,True,
REWE,06130,True,
Flink,06130,True,
Knuspr,06130,True,
Picnic,06130,True,
REWE,06132,True,
Flink,06132,True,
Knuspr,06132,True,
Picnic,06132,True,
REWE,06179,False,
Flink,06179,False,
Knuspr,06179,False,
Picnic,06179,False,
REWE,06184,True,
Flink,06184,True,
Knuspr,06184,True,
Picnic,06184,True,
REWE,06188,True,
Flink,06188,True,
Knuspr,06188,True,
Picnic,06188,True,
REWE,06193,False,
Flink,06193,False,
Knuspr,06193,False,
Picnic,06193,False,
REWE,06198,True,
Flink,06198,True,
Knuspr,06198,True,
Picnic,06198,True,
REWE,06217,False,
Flink,06217,False,
Knuspr,06217,False,
Picnic,06217,False,
REWE,06231,False,
Flink,06231,False,
Knuspr,06231,False,
Picnic,06231,False,
REWE,06237,False,
Flink,06237,False,
Knuspr,06237,False,
Picnic,06237,False,
REWE,06242,True,
Flink,06242,True,
Knuspr,06242,True,
Picnic,06242,True,
REWE,06246,True,
Flink,06246,True,
Knuspr,06246,True,
Picnic,06246,True,
REWE,06249,False,
Flink,06249,False,
Knuspr,06249,False,
Picnic,06249,False,
REWE,06254,True,
Flink,06254,True,
Knuspr,06254,True,
Picnic,06254,True,
REWE,06255,False,
Flink,06255,False,
Knuspr,06255,False,
Picnic,06255,False,
REWE,06258,True,
Flink,06258,True,
Knuspr,06258,True,
Picnic,06258,True,
REWE,06259,False,
Flink,06259,False,
Knuspr,06259,False,
Picnic,06259,False,
REWE,06268,True,
Flink,06268,True,
Knuspr,06268,True,
Picnic,06268,True,
REWE,06279,False,
Flink,06279,False,
Knuspr,06279,False,
Picnic,06279,False,
REWE,06295,False,
Flink,06295,False,
Knuspr,06295,False,
Picnic,06295,False,
REWE,06308,True,
Flink,06308,True,
Knuspr,06308,True,
Picnic,06308,True,
REWE,06311,False,
Flink,06311,False,
Knuspr,06311,False,
Picnic,06311,False,
REWE,06313,False,
Flink,06313,False,
Knuspr,06313,False,
Picnic,06313,False,
REWE,06317,False,
Flink,06317,False,
Knuspr,06317,False,
Picnic,06317,False,
REWE,06318,True,
Flink,06318,True,
Knuspr,06318,True,
Picnic,06318,True,
REWE,06333,False,
Flink,06333,False,
Knuspr,06333,False,
Picnic,06333,False,
REWE,06343,False,
Flink,06343,False,
Knuspr,06343,False,
Picnic,06343,False,
REWE,06347,False,
Flink,06347,False,
Knuspr,06347,False,
Picnic,06347,False,
REWE,06348,True,
Flink,06348,True,
Knuspr,06348,True,
Picnic,06348,True,
REWE,06366,True,
Flink,06366,True,
Knuspr,06366,True,
Picnic,06366,True,
REWE,06369,False,
Flink,06369,False,
Knuspr,06369,False,
Picnic,06369,False,
REWE,06385,False,
Flink,06385,False,
Knuspr,06385,False,
Picnic,06385,False,
REWE,06386,True,
Flink,06386,True,
Knuspr,06386,True,
Picnic,06386,True,
REWE,06388,True,
Flink,06388,True,
Knuspr,06388,True,
Picnic,06388,True,
REWE,06406,True,
Flink,06406,True,
Knuspr,06406,True,
Picnic,06406,True,
REWE,06408,True,
Flink,06408,True,
Knuspr,06408,True,
Picnic,06408,True,
REWE,06420,True,
Flink,06420,True,
Knuspr,06420,True,
Picnic,06420,True,
REWE,06425,False,
Flink,06425,False,
Knuspr,06425,False,
Picnic,06425,False,
REWE,06429,False,
Flink,06429,False,
Knuspr,06429,False,
Picnic,06429,False,
REWE,06449,False,
Flink,06449,False,
Knuspr,06449,False,
Picnic,06449,False,
REWE,06456,True,
Flink,06456,True,
Knuspr,06456,True,
Picnic,06456,True,
REWE,06458,True,
Flink,06458,True,
Knuspr,06458,True,
Picnic,06458,True,
REWE,06463,False,
Flink,06463,False,
Knuspr,06463,False,
Picnic,06463,False,
REWE,06464,True,
Flink,06464,True,
Knuspr,06464,True,
Picnic,06464,True,
REWE,06466,True,
Flink,06466,True,
Knuspr,06466,True,
Picnic,06466,True,
REWE,06467,False,
Flink,06467,False,
Knuspr,06467,False,
Picnic,06467,False,
REWE,06469,False,
Flink,06469,False,
Knuspr,06469,False,
Picnic,06469,False,
REWE,06484,True,
Flink,06484,True,
Knuspr,06484,True,
Picnic,06484,True,
REWE,06493,False,
Flink,06493,False,
Knuspr,06493,False,
Picnic,06493,False,
REWE,06502,True,
Flink,06502,True,
Knuspr,06502,True,
Picnic,06502,True,
REWE,06507,False,
Flink,06507,False,
Knuspr,06507,False,
Picnic,06507,False,
REWE,06526,True,
Flink,06526,True,
Knuspr,06526,True,
Picnic,06526,True,
REWE,06528,True,
Flink,06528,True,
Knuspr,06528,True,
Picnic,06528,True,
REWE,06536,True,
Flink,06536,True,
Knuspr,06536,True,
Picnic,06536,True,
REWE,06537,False,
Flink,06537,False,
Knuspr,06537,False,
Picnic,06537,False,
REWE,06542,True,
Flink,06542,True,
Knuspr,06542,True,
Picnic,06542,True,
REWE,06543,False,
Flink,06543,False,
Knuspr,06543,False,
Picnic,06543,False,
REWE,06547,False,
Flink,06547,False,
Knuspr,06547,False,
Picnic,06547,False,
REWE,06618,True,
Flink,06618,True,
Knuspr,06618,True,
Picnic,06618,True,
REWE,06628,True,
Flink,06628,True,
Knuspr,06628,True,
Picnic,06628,True,
REWE,06632,True,
Flink,06632,True,
Knuspr,06632,True,
Picnic,06632,True,
REWE,06636,True,
Flink,06636,True,
Knuspr,06636,True,
Picnic,06636,True,
REWE,06638,True,
Flink,06638,True,
Knuspr,06638,True,
Picnic,06638,True,
REWE,06642,True,
Flink,06642,True,
Knuspr,06642,True,
Picnic,06642,True,
REWE,06647,False,
Flink,06647,False,
Knuspr,06647,False,
Picnic,06647,False,
REWE,06648,True,
Flink,06648,True,
Knuspr,06648,True,
Picnic,06648,True,
REWE,06667,False,
Flink,06667,False,
Knuspr,06667,False,
Picnic,06667,False,
REWE,06679,False,
Flink,06679,False,
Knuspr,06679,False,
Picnic,06679,False,
REWE,06682,True,
Flink,06682,True,
Knuspr,06682,True,
Picnic,06682,True,
REWE,06686,True,
Flink,06686,True,
Knuspr,06686,True,
Picnic,06686,True,
REWE,06688,True,
Flink,06688,True,
Knuspr,06688,True,
Picnic,06688,True,
REWE,06712,True,
Flink,06712,True,
Knuspr,06712,True,
Picnic,06712,True,
REWE,06721,False,
Flink,06721,False,
Knuspr,06721,False,
Picnic,06721,False,
REWE,06722,True,
Flink,06722,True,
Knuspr,06722,True,
Picnic,06722,True,
REWE,06724,True,
Flink,06724,True,
Knuspr,06724,True,
Picnic,06724,True,
REWE,06725,False,
Flink,06725,False,
Knuspr,06725,False,
Picnic,06725,False,
REWE,06727,False,
Flink,06727,False,
Knuspr,06727,False,
Picnic,06727,False,
REWE,06729,False,
Flink,06729,False,
Knuspr,06729,False,
Picnic,06729,False,
REWE,06731,False,
Flink,06731,False,
Knuspr,06731,False,
Picnic,06731,False,
REWE,06749,False,
Flink,06749,False,
Knuspr,06749,False,
Picnic,06749,False,
REWE,06766,True,
Flink,06766,True,
Knuspr,06766,True,
Picnic,06766,True,
REWE,06773,False,
Flink,06773,False,
Knuspr,06773,False,
Picnic,06773,False,
REWE,06774,True,
Flink,06774,True,
Knuspr,06774,True,
Picnic,06774,True,
REWE,06779,False,
Flink,06779,False,
Knuspr,06779,False,
Picnic,06779,False,
REWE,06780,True,
Flink,06780,True,
Knuspr,06780,True,
Picnic,06780,True,
REWE,06785,False,
Flink,06785,False,
Knuspr,06785,False,
Picnic,06785,False,
REWE,06786,True,
Flink,06786,True,
Knuspr,06786,True,
Picnic,06786,True,
REWE,06791,False,
Flink,06791,False,
Knuspr,06791,False,
Picnic,06791,False,
REWE,06792,True,
Flink,06792,True,
Knuspr,06792,True,
Picnic,06792,True,
REWE,06794,True,
Flink,06794,True,
Knuspr,06794,True,
Picnic,06794,True,
REWE,06796,True,
Flink,06796,True,
Knuspr,06796,True,
Picnic,06796,True,
REWE,06800,True,
Flink,06800,True,
Knuspr,06800,True,
Picnic,06800,True,
REWE,06803,False,
Flink,06803,False,
Knuspr,06803,False,
Picnic,06803,False,
REWE,06804,True,
Flink,06804,True,
Knuspr,06804,True,
Picnic,06804,True,
REWE,06808,True,
Flink,06808,True,
Knuspr,06808,True,
Picnic,06808,True,
REWE,06809,False,
Flink,06809,False,
Knuspr,06809,False,
Picnic,06809,False,
REWE,06842,True,
Flink,06842,True,
Knuspr,06842,True,
Picnic,06842,True,
REWE,06844,True,
Flink,06844,True,
Knuspr,06844,True,
Picnic,06844,True,
REWE,06846,True,
Flink,06846,True,
Knuspr,06846,True,
Picnic,06846,True,
REWE,06847,False,
Flink,06847,False,
Knuspr,06847,False,
Picnic,06847,False,
REWE,06849,False,
Flink,06849,False,
Knuspr,06849,False,
Picnic,06849,False,
REWE,06861,False,
Flink,06861,False,
Knuspr,06861,False,
Picnic,06861,False,
REWE,06862,True,
Flink,06862,True,
Knuspr,06862,True,
Picnic,06862,True,
REWE,06868,True,
Flink,06868,True,
Knuspr,06868,True,
Picnic,06868,True,
REWE,06869,False,
Flink,06869,False,
Knuspr,06869,False,
Picnic,06869,False,
REWE,06886,True,
Flink,06886,True,
Knuspr,06886,True,
Picnic,06886,True,
REWE,06888,True,
Flink,06888,True,
Knuspr,06888,True,
Picnic,06888,True,
REWE,06889,False,
Flink,06889,False,
Knuspr,06889,False,
Picnic,06889,False,
REWE,06895,False,
Flink,06895,False,
Knuspr,06895,False,
Picnic,06895,False,
REWE,06896,True,
Flink,06896,True,
Knuspr,06896,True,
Picnic,06896,True,
REWE,06901,False,
Flink,06901,False,
Knuspr,06901,False,
Picnic,06901,False,
REWE,06905,False,
Flink,06905,False,
Knuspr,06905,False,
Picnic,06905,False,
REWE,06909,False,
Flink,06909,False,
Knuspr,06909,False,
Picnic,06909,False,
REWE,06917,False,
Flink,06917,False,
Knuspr,06917,False,
Picnic,06917,False,
REWE,06918,True,
Flink,06918,True,
Knuspr,06918,True,
Picnic,06918,True,
REWE,06922,True,
Flink,06922,True,
Knuspr,06922,True,
Picnic,06922,True,
REWE,06925,False,
Flink,06925,False,
Knuspr,06925,False,
Picnic,06925,False,
REWE,06926,True,
Flink,06926,True,
Knuspr,06926,True,
Picnic,06926,True,
REWE,06928,True,
Flink,06928,True,
Knuspr,06928,True,
Picnic,06928,True,
REWE,29410,True,
Flink,29410,True,
Knuspr,29410,True,
Picnic,29410,True,
REWE,29413,False,
Flink,29413,False,
Knuspr,29413,False,
Picnic,29413,False,
REWE,29416,True,
Flink,29416,True,
Knuspr,29416,True,
Picnic,29416,True,
REWE,38486,True,
Flink,38486,True,
Knuspr,38486,True,
Picnic,38486,True,
REWE,38489,False,
Flink,38489,False,
Knuspr,38489,False,
Picnic,38489,False,
REWE,38820,True,
Flink,38820,True,
Knuspr,38820,True,
Picnic,38820,True,
REWE,38822,True,
Flink,38822,True,
Knuspr,38822,True,
Picnic,38822,True,
REWE,38828,True,
Flink,38828,True,
Knuspr,38828,True,
Picnic,38828,True,
REWE,38829,False,
Flink,38829,False,
Knuspr,38829,False,
Picnic,38829,False,
REWE,38835,False,
Flink,38835,False,
Knuspr,38835,False,
Picnic,38835,False,
REWE,38836,True,
Flink,38836,True,
Knuspr,38836,True,
Picnic,38836,True,
REWE,38838,True,
Flink,38838,True,
Knuspr,38838,True,
Picnic,38838,True,
REWE,38855,False,
Flink,38855,False,
Knuspr,38855,False,
Picnic,38855,False,
REWE,38871,False,
Flink,38871,False,
Knuspr,38871,False,
Picnic,38871,False,
REWE,38875,False,
Flink,38875,False,
Knuspr,38875,False,
Picnic,38875,False,
REWE,38877,False,
Flink,38877,False,
Knuspr,38877,False,
Picnic,38877,False,
REWE,38879,False,
Flink,38879,False,
Knuspr,38879,False,
Picnic,38879,False,
REWE,38889,False,
Flink,38889,False,
Knuspr,38889,False,
Picnic,38889,False,
REWE,38895,False,
Flink,38895,False,
Knuspr,38895,False,
Picnic,38895,False,
REWE,38899,False,
Flink,38899,False,
Knuspr,38899,False,
Picnic,38899,False,
REWE,39014,True,
Flink,39014,True,
Knuspr,39014,True,
Picnic,39014,True,
REWE,39104,True,
Flink,39104,True,
Knuspr,39104,True,
Picnic,39104,True,
REWE,39106,True,
Flink,39106,True,
Knuspr,39106,True,
Picnic,39106,True,
REWE,39108,True,
Flink,39108,True,
Knuspr,39108,True,
Picnic,39108,True,
REWE,39110,True,
Flink,39110,True,
Knuspr,39110,True,
Picnic,39110,True,
REWE,39112,True,
Flink,39112,True,
Knuspr,39112,True,
Picnic,39112,True,
REWE,39114,True,
Flink,39114,True,
Knuspr,39114,True,
Picnic,39114,True,
REWE,39116,True,
Flink,39116,True,
Knuspr,39116,True,
Picnic,39116,True,
REWE,39118,True,
Flink,39118,True,
Knuspr,39118,True,
Picnic,39118,True,
REWE,39120,True,
Flink,39120,True,
Knuspr,39120,True,
Picnic,39120,True,
REWE,39122,True,
Flink,39122,True,
Knuspr,39122,True,
Picnic,39122,True,
REWE,39124,True,
Flink,39124,True,
Knuspr,39124,True,
Picnic,39124,True,
REWE,39126,True,
Flink,39126,True,
Knuspr,39126,True,
Picnic,39126,True,
REWE,39128,True,
Flink,39128,True,
Knuspr,39128,True,
Picnic,39128,True,
REWE,39130,True,
Flink,39130,True,
Knuspr,39130,True,
Picnic,39130,True,
REWE,39164,True,
Flink,39164,True,
Knuspr,39164,True,
Picnic,39164,True,
REWE,39167,False,
Flink,39167,False,
Knuspr,39167,False,
Picnic,39167,False,
REWE,39171,False,
Flink,39171,False,
Knuspr,39171,False,
Picnic,39171,False,
REWE,39175,False,
Flink,39175,False,
Knuspr,39175,False,
Picnic,39175,False,
REWE,39179,False,
Flink,39179,False,
Knuspr,39179,False,
Picnic,39179,False,
REWE,39217,False,
Flink,39217,False,
Knuspr,39217,False,
Picnic,39217,False,
REWE,39218,True,
Flink,39218,True,
Knuspr,39218,True,
Picnic,39218,True,
REWE,39221,False,
Flink,39221,False,
Knuspr,39221,False,
Picnic,39221,False,
REWE,39240,True,
Flink,39240,True,
Knuspr,39240,True,
Picnic,39240,True,
REWE,39245,False,
Flink,39245,False,
Knuspr,39245,False,
Picnic,39245,False,
REWE,39249,False,
Flink,39249,False,
Knuspr,39249,False,
Picnic,39249,False,
REWE,39261,False,
Flink,39261,False,
Knuspr,39261,False,
Picnic,39261,False,
REWE,39264,True,
Flink,39264,True,
Knuspr,39264,True,
Picnic,39264,True,
REWE,39279,False,
Flink,39279,False,
Knuspr,39279,False,
Picnic,39279,False,
REWE,39288,True,
Flink,39288,True,
Knuspr,39288,True,
Picnic,39288,True,
REWE,39291,False,
Flink,39291,False,
Knuspr,39291,False,
Picnic,39291,False,
REWE,39307,False,
Flink,39307,False,
Knuspr,39307,False,
Picnic,39307,False,
REWE,39317,False,
Flink,39317,False,
Knuspr,39317,False,
Picnic,39317,False,
REWE,39319,False,
Flink,39319,False,
Knuspr,39319,False,
Picnic,39319,False,
REWE,39326,True,
Flink,39326,True,
Knuspr,39326,True,
Picnic,39326,True,
REWE,39340,True,
Flink,39340,True,
Knuspr,39340,True,
Picnic,39340,True,
REWE,39343,False,
Flink,39343,False,
Knuspr,39343,False,
Picnic,39343,False,
REWE,39345,False,
Flink,39345,False,
Knuspr,39345,False,
Picnic,39345,False,
REWE,39356,True,
Flink,39356,True,
Knuspr,39356,True,
Picnic,39356,True,
REWE,39359,False,
Flink,39359,False,
Knuspr,39359,False,
Picnic,39359,False,
REWE,39365,False,
Flink,39365,False,
Knuspr,39365,False,
Picnic,39365,False,
REWE,39387,False,
Flink,39387,False,
Knuspr,39387,False,
Picnic,39387,False,
REWE,39393,False,
Flink,39393,False,
Knuspr,39393,False,
Picnic,39393,False,
REWE,39397,False,
Flink,39397,False,
Knuspr,39397,False,
Picnic,39397,False,
REWE,39398,True,
Flink,39398,True,
Knuspr,39398,True,
Picnic,39398,True,
REWE,39418,True,
Flink,39418,True,
Knuspr,39418,True,
Picnic,39418,True,
REWE,39434,True,
Flink,39434,True,
Knuspr,39434,True,
Picnic,39434,True,
REWE,39435,False,
Flink,39435,False,
Knuspr,39435,False,
Picnic,39435,False,
REWE,39439,False,
Flink,39439,False,
Knuspr,39439,False,
Picnic,39439,False,
REWE,39443,False,
Flink,39443,False,
Knuspr,39443,False,
Picnic,39443,False,
REWE,39444,True,
Flink,39444,True,
Knuspr,39444,True,
Picnic,39444,True,
REWE,39446,True,
Flink,39446,True,
Knuspr,39446,True,
Picnic,39446,True,
REWE,39448,True,
Flink,39448,True,
Knuspr,39448,True,
Picnic,39448,True,
REWE,39517,False,
Flink,39517,False,
Knuspr,39517,False,
Picnic,39517,False,
REWE,39524,True,
Flink,39524,True,
Knuspr,39524,True,
Picnic,39524,True,
REWE,39539,False,
Flink,39539,False,
Knuspr,39539,False,
Picnic,39539,False,
REWE,39576,True,
Flink,39576,True,
Knuspr,39576,True,
Picnic,39576,True,
REWE,39579,False,
Flink,39579,False,
Knuspr,39579,False,
Picnic,39579,False,
REWE,39590,True,
Flink,39590,True,
Knuspr,39590,True,
Picnic,39590,True,
REWE,39596,True,
Flink,39596,True,
Knuspr,39596,True,
Picnic,39596,True,
REWE,39599,False,
Flink,39599,False,
Knuspr,39599,False,
Picnic,39599,False,
REWE,39606,True,
Flink,39606,True,
Knuspr,39606,True,
Picnic,39606,True,
REWE,39615,False,
Flink,39615,False,
Knuspr,39615,False,
Picnic,39615,False,
REWE,39619,False,
Flink,39619,False,
Knuspr,39619,False,
Picnic,39619,False,
REWE,39624,True,
Flink,39624,True,
Knuspr,39624,True,
Picnic,39624,True,
REWE,39629,False,
Flink,39629,False,
Knuspr,39629,False,
Picnic,39629,False,
REWE,39628,True,
Flink,39628,True,
Knuspr,39628,True,
Picnic,39628,True,
REWE,39638,True,
Flink,39638,True,
Knuspr,39638,True,
Picnic,39638,True,
REWE,39646,True,
Flink,39646,True,
Knuspr,39646,True,
Picnic,39646,True,
REWE,39649,False,
Flink,39649,False,
Knuspr,39649,False,
Picnic,39649,False,
REWE,04600,True,
Flink,04600,True,
Knuspr,04600,True,
Picnic,04600,True,
REWE,04603,False,
Flink,04603,False,
Knuspr,04603,False,
Picnic,04603,False,
REWE,04610,True,
Flink,04610,True,
Knuspr,04610,True,
Picnic,04610,True,
REWE,04613,False,
Flink,04613,False,
Knuspr,04613,False,
Picnic,04613,False,
REWE,04617,False,
Flink,04617,False,
Knuspr,04617,False,
Picnic,04617,False,
REWE,04618,True,
Flink,04618,True,
Knuspr,04618,True,
Picnic,04618,True,
REWE,04626,True,
Flink,04626,True,
Knuspr,04626,True,
Picnic,04626,True,
REWE,04639,False,
Flink,04639,False,
Knuspr,04639,False,
Picnic,04639,False,
REWE,06556,True,
Flink,06556,True,
Knuspr,06556,True,
Picnic,06556,True,
REWE,06567,False,
Flink,06567,False,
Knuspr,06567,False,
Picnic,06567,False,
REWE,06571,False,
Flink,06571,False,
Knuspr,06571,False,
Picnic,06571,False,
REWE,06577,False,
Flink,06577,False,
Knuspr,06577,False,
Picnic,06577,False,
REWE,06578,True,
Flink,06578,True,
Knuspr,06578,True,
Picnic,06578,True,
REWE,07318,True,
Flink,07318,True,
Knuspr,07318,True,
Picnic,07318,True,
REWE,07330,True,
Flink,07330,True,
Knuspr,07330,True,
Picnic,07330,True,
REWE,07333,False,
Flink,07333,False,
Knuspr,07333,False,
Picnic,07333,False,
REWE,07334,True,
Flink,07334,True,
Knuspr,07334,True,
Picnic,07334,True,
REWE,07336,True,
Flink,07336,True,
Knuspr,07336,True,
Picnic,07336,True,
REWE,07338,True,
Flink,07338,True,
Knuspr,07338,True,
Picnic,07338,True,
REWE,07343,False,
Flink,07343,False,
Knuspr,07343,False,
Picnic,07343,False,
REWE,07349,False,
Flink,07349,False,
Knuspr,07349,False,
Picnic,07349,False,
REWE,07356,True,
Flink,07356,True,
Knuspr,07356,True,
Picnic,07356,True,
REWE,07366,True,
Flink,07366,True,
Knuspr,07366,True,
Picnic,07366,True,
REWE,07368,True,
Flink,07368,True,
Knuspr,07368,True,
Picnic,07368,True,
REWE,07381,False,
Flink,07381,False,
Knuspr,07381,False,
Picnic,07381,False,
REWE,07387,False,
Flink,07387,False,
Knuspr,07387,False,
Picnic,07387,False,
REWE,07389,False,
Flink,07389,False,
Knuspr,07389,False,
Picnic,07389,False,
REWE,07407,False,
Flink,07407,False,
Knuspr,07407,False,
Picnic,07407,False,
REWE,07422,True,
Flink,07422,True,
Knuspr,07422,True,
Picnic,07422,True,
REWE,07426,True,
Flink,07426,True,
Knuspr,07426,True,
Picnic,07426,True,
REWE,07427,False,
Flink,07427,False,
Knuspr,07427,False,
Picnic,07427,False,
REWE,07429,False,
Flink,07429,False,
Knuspr,07429,False,
Picnic,07429,False,
REWE,07545,False,
Flink,07545,False,
Knuspr,07545,False,
Picnic,07545,False,
REWE,07546,True,
Flink,07546,True,
Knuspr,07546,True,
Picnic,07546,True,
REWE,07548,True,
Flink,07548,True,
Knuspr,07548,True,
Picnic,07548,True,
REWE,07549,False,
Flink,07549,False,
Knuspr,07549,False,
Picnic,07549,False,
REWE,07551,False,
Flink,07551,False,
Knuspr,07551,False,
Picnic,07551,False,
REWE,07552,True,
Flink,07552,True,
Knuspr,07552,True,
Picnic,07552,True,
REWE,07554,True,
Flink,07554,True,
Knuspr,07554,True,
Picnic,07554,True,
REWE,07557,False,
Flink,07557,False,
Knuspr,07557,False,
Picnic,07557,False,
REWE,07570,True,
Flink,07570,True,
Knuspr,07570,True,
Picnic,07570,True,
REWE,07580,True,
Flink,07580,True,
Knuspr,07580,True,
Picnic,07580,True,
REWE,07586,True,
Flink,07586,True,
Knuspr,07586,True,
Picnic,07586,True,
REWE,07589,False,
Flink,07589,False,
Knuspr,07589,False,
Picnic,07589,False,
REWE,07607,False,
Flink,07607,False,
Knuspr,07607,False,
Picnic,07607,False,
REWE,07613,False,
Flink,07613,False,
Knuspr,07613,False,
Picnic,07613,False,
REWE,07616,True,
Flink,07616,True,
Knuspr,07616,True,
Picnic,07616,True,
REWE,07619,False,
Flink,07619,False,
Knuspr,07619,False,
Picnic,07619,False,
REWE,07629,False,
Flink,07629,False,
Knuspr,07629,False,
Picnic,07629,False,
REWE,07639,False,
Flink,07639,False,
Knuspr,07639,False,
Picnic,07639,False,
REWE,07646,True,
Flink,07646,True,
Knuspr,07646,True,
Picnic,07646,True,
REWE,07743,False,
Flink,07743,False,
Knuspr,07743,False,
Picnic,07743,False,
REWE,07745,False,
Flink,07745,False,
Knuspr,07745,False,
Picnic,07745,False,
REWE,07747,False,
Flink,07747,False,
Knuspr,07747,False,
Picnic,07747,False,
REWE,07749,False,
Flink,07749,False,
Knuspr,07749,False,
Picnic,07749,False,
REWE,07751,False,
Flink,07751,False,
Knuspr,07751,False,
Picnic,07751,False,
REWE,07768,True,
Flink,07768,True,
Knuspr,07768,True,
Picnic,07768,True,
REWE,07774,True,
Flink,07774,True,
Knuspr,07774,True,
Picnic,07774,True,
REWE,07778,True,
Flink,07778,True,
Knuspr,07778,True,
Picnic,07778,True,
REWE,07806,True,
Flink,07806,True,
Knuspr,07806,True,
Picnic,07806,True,
REWE,07819,False,
Flink,07819,False,
Knuspr,07819,False,
Picnic,07819,False,
REWE,07907,False,
Flink,07907,False,
Knuspr,07907,False,
Picnic,07907,False,
REWE,07922,True,
Flink,07922,True,
Knuspr,07922,True,
Picnic,07922,True,
REWE,07924,True,
Flink,07924,True,
Knuspr,07924,True,
Picnic,07924,True,
REWE,07926,True,
Flink,07926,True,
Knuspr,07926,True,
Picnic,07926,True,
REWE,07927,False,
Flink,07927,False,
Knuspr,07927,False,
Picnic,07927,False,
REWE,07929,False,
Flink,07929,False,
Knuspr,07929,False,
Picnic,07929,False,
REWE,07937,False,
Flink,07937,False,
Knuspr,07937,False,
Picnic,07937,False,
REWE,07950,True,
Flink,07950,True,
Knuspr,07950,True,
Picnic,07950,True,
REWE,07955,False,
Flink,07955,False,
Knuspr,07955,False,
Picnic,07955,False,
REWE,07957,False,
Flink,07957,False,
Knuspr,07957,False,
Picnic,07957,False,
REWE,07958,True,
Flink,07958,True,
Knuspr,07958,True,
Picnic,07958,True,
REWE,07973,False,
Flink,07973,False,
Knuspr,07973,False,
Picnic,07973,False,
REWE,07980,True,
Flink,07980,True,
Knuspr,07980,True,
Picnic,07980,True,
REWE,07987,False,
Flink,07987,False,
Knuspr,07987,False,
Picnic,07987,False,
REWE,07989,False,
Flink,07989,False,
Knuspr,07989,False,
Picnic,07989,False,
REWE,36404,True,
Flink,36404,True,
Knuspr,36404,True,
Picnic,36404,True,
REWE,36414,True,
Flink,36414,True,
Knuspr,36414,True,
Picnic,36414,True,
REWE,36419,False,
Flink,36419,False,
Knuspr,36419,False,
Picnic,36419,False,
REWE,36433,False,
Flink,36433,False,
Knuspr,36433,False,
Picnic,36433,False,
REWE,36448,True,
Flink,36448,True,
Knuspr,36448,True,
Picnic,36448,True,
REWE,36452,True,
Flink,36452,True,
Knuspr,36452,True,
Picnic,36452,True,
REWE,36456,True,
Flink,36456,True,
Knuspr,36456,True,
Picnic,36456,True,
REWE,36457,False,
Flink,36457,False,
Knuspr,36457,False,
Picnic,36457,False,
REWE,36460,True,
Flink,36460,True,
Knuspr,36460,True,
Picnic,36460,True,
REWE,36466,True,
Flink,36466,True,
Knuspr,36466,True,
Picnic,36466,True,
REWE,36469,False,
Flink,36469,False,
Knuspr,36469,False,
Picnic,36469,False,
REWE,37308,True,
Flink,37308,True,
Knuspr,37308,True,
Picnic,37308,True,
REWE,37318,True,
Flink,37318,True,
Knuspr,37318,True,
Picnic,37318,True,
REWE,37327,False,
Flink,37327,False,
Knuspr,37327,False,
Picnic,37327,False,
REWE,37339,False,
Flink,37339,False,
Knuspr,37339,False,
Picnic,37339,False,
REWE,37345,False,
Flink,37345,False,
Knuspr,37345,False,
Picnic,37345,False,
REWE,37351,False,
Flink,37351,False,
Knuspr,37351,False,
Picnic,37351,False,
REWE,37355,False,
Flink,37355,False,
Knuspr,37355,False,
Picnic,37355,False,
REWE,37359,False,
Flink,37359,False,
Knuspr,37359,False,
Picnic,37359,False,
REWE,96515,False,
Flink,96515,False,
Knuspr,96515,False,
Picnic,96515,False,
REWE,96523,False,
Flink,96523,False,
Knuspr,96523,False,
Picnic,96523,False,
REWE,96524,True,
Flink,96524,True,
Knuspr,96524,True,
Picnic,96524,True,
REWE,96528,True,
Flink,96528,True,
Knuspr,96528,True,
Picnic,96528,True,
REWE,98527,False,
Flink,98527,False,
Knuspr,98527,False,
Picnic,98527,False,
REWE,98528,True,
Flink,98528,True,
Knuspr,98528,True,
Picnic,98528,True,
REWE,98529,False,
Flink,98529,False,
Knuspr,98529,False,
Picnic,98529,False,
REWE,98530,True,
Flink,98530,True,
Knuspr,98530,True,
Picnic,98530,True,
REWE,98544,True,
Flink,98544,True,
Knuspr,98544,True,
Picnic,98544,True,
REWE,98547,False,
Flink,98547,False,
Knuspr,98547,False,
Picnic,98547,False,
REWE,98553,False,
Flink,98553,False,
Knuspr,98553,False,
Picnic,98553,False,
REWE,98554,True,
Flink,98554,True,
Knuspr,98554,True,
Picnic,98554,True,
REWE,98559,False,
Flink,98559,False,
Knuspr,98559,False,
Picnic,98559,False,
REWE,98574,True,
Flink,98574,True,
Knuspr,98574,True,
Picnic,98574,True,
REWE,98587,False,
Flink,98587,False,
Knuspr,98587,False,
Picnic,98587,False,
REWE,98590,True,
Flink,98590,True,
Knuspr,98590,True,
Picnic,98590,True,
REWE,98593,False,
Flink,98593,False,
Knuspr,98593,False,
Picnic,98593,False,
REWE,98596,True,
Flink,98596,True,
Knuspr,98596,True,
Picnic,98596,True,
REWE,98597,False,
Flink,98597,False,
Knuspr,98597,False,
Picnic,98597,False,
REWE,98599,False,
Flink,98599,False,
Knuspr,98599,False,
Picnic,98599,False,
REWE,98617,False,
Flink,98617,False,
Knuspr,98617,False,
Picnic,98617,False,
REWE,98630,True,
Flink,98630,True,
Knuspr,98630,True,
Picnic,98630,True,
REWE,98631,False,
Flink,98631,False,
Knuspr,98631,False,
Picnic,98631,False,
REWE,98634,True,
Flink,98634,True,
Knuspr,98634,True,
Picnic,98634,True,
REWE,98639,False,
Flink,98639,False,
Knuspr,98639,False,
Picnic,98639,False,
REWE,98646,True,
Flink,98646,True,
Knuspr,98646,True,
Picnic,98646,True,
REWE,98660,True,
Flink,98660,True,
Knuspr,98660,True,
Picnic,98660,True,
REWE,98663,False,
Flink,98663,False,
Knuspr,98663,False,
Picnic,98663,False,
REWE,98666,True,
Flink,98666,True,
Knuspr,98666,True,
Picnic,98666,True,
REWE,98667,False,
Flink,98667,False,
Knuspr,98667,False,
Picnic,98667,False,
REWE,98669,False,
Flink,98669,False,
Knuspr,98669,False,
Picnic,98669,False,
REWE,98673,False,
Flink,98673,False,
Knuspr,98673,False,
Picnic,98673,False,
REWE,98678,True,
Flink,98678,True,
Knuspr,98678,True,
Picnic,98678,True,
REWE,98693,False,
Flink,98693,False,
Knuspr,98693,False,
Picnic,98693,False,
REWE,98701,False,
Flink,98701,False,
Knuspr,98701,False,
Picnic,98701,False,
REWE,98704,True,
Flink,98704,True,
Knuspr,98704,True,
Picnic,98704,True,
REWE,98708,True,
Flink,98708,True,
Knuspr,98708,True,
Picnic,98708,True,
REWE,98711,False,
Flink,98711,False,
Knuspr,98711,False,
Picnic,98711,False,
REWE,98714,True,
Flink,98714,True,
Knuspr,98714,True,
Picnic,98714,True,
REWE,98716,True,
Flink,98716,True,
Knuspr,98716,True,
Picnic,98716,True,
REWE,98724,True,
Flink,98724,True,
Knuspr,98724,True,
Picnic,98724,True,
REWE,98739,False,
Flink,98739,False,
Knuspr,98739,False,
Picnic,98739,False,
REWE,98743,False,
Flink,98743,False,
Knuspr,98743,False,
Picnic,98743,False,
REWE,98744,True,
Flink,98744,True,
Knuspr,98744,True,
Picnic,98744,True,
REWE,98746,True,
Flink,98746,True,
Knuspr,98746,True,
Picnic,98746,True,
REWE,98749,False,
Flink,98749,False,
Knuspr,98749,False,
Picnic,98749,False,
REWE,99084,True,
Flink,99084,True,
Knuspr,99084,True,
Picnic,99084,True,
REWE,99085,False,
Flink,99085,False,
Knuspr,99085,False,
Picnic,99085,False,
REWE,99086,True,
Flink,99086,True,
Knuspr,99086,True,
Picnic,99086,True,
REWE,99087,False,
Flink,99087,False,
Knuspr,99087,False,
Picnic,99087,False,
REWE,99089,False,
Flink,99089,False,
Knuspr,99089,False,
Picnic,99089,False,
REWE,99091,False,
Flink,99091,False,
Knuspr,99091,False,
Picnic,99091,False,
REWE,99092,True,
Flink,99092,True,
Knuspr,99092,True,
Picnic,99092,True,
REWE,99094,True,
Flink,99094,True,
Knuspr,99094,True,
Picnic,99094,True,
REWE,99096,True,
Flink,99096,True,
Knuspr,99096,True,
Picnic,99096,True,
REWE,99097,False,
Flink,99097,False,
Knuspr,99097,False,
Picnic,99097,False,
REWE,99098,True,
Flink,99098,True,
Knuspr,99098,True,
Picnic,99098,True,
REWE,99099,False,
Flink,99099,False,
Knuspr,99099,False,
Picnic,99099,False,
REWE,99100,True,
Flink,99100,True,
Knuspr,99100,True,
Picnic,99100,True,
REWE,99102,True,
Flink,99102,True,
Knuspr,99102,True,
Picnic,99102,True,
REWE,99130,True,
Flink,99130,True,
Knuspr,99130,True,
Picnic,99130,True,
REWE,99189,False,
Flink,99189,False,
Knuspr,99189,False,
Picnic,99189,False,
REWE,99192,True,
Flink,99192,True,
Knuspr,99192,True,
Picnic,99192,True,
REWE,99195,False,
Flink,99195,False,
Knuspr,99195,False,
Picnic,99195,False,
REWE,99198,True,
Flink,99198,True,
Knuspr,99198,True,
Picnic,99198,True,
REWE,99310,True,
Flink,99310,True,
Knuspr,99310,True,
Picnic,99310,True,
REWE,99326,True,
Flink,99326,True,
Knuspr,99326,True,
Picnic,99326,True,
REWE,99330,True,
Flink,99330,True,
Knuspr,99330,True,
Picnic,99330,True,
REWE,99334,True,
Flink,99334,True,
Knuspr,99334,True,
Picnic,99334,True,
REWE,99338,True,
Flink,99338,True,
Knuspr,99338,True,
Picnic,99338,True,
REWE,99423,False,
Flink,99423,False,
Knuspr,99423,False,
Picnic,99423,False,
REWE,99425,False,
Flink,99425,False,
Knuspr,99425,False,
Picnic,99425,False,
REWE,99427,False,
Flink,99427,False,
Knuspr,99427,False,
Picnic,99427,False,
REWE,99428,True,
Flink,99428,True,
Knuspr,99428,True,
Picnic,99428,True,
REWE,99438,True,
Flink,99438,True,
Knuspr,99438,True,
Picnic,99438,True,
REWE,99439,False,
Flink,99439,False,
Knuspr,99439,False,
Picnic,99439,False,
REWE,99441,False,
Flink,99441,False,
Knuspr,99441,False,
Picnic,99441,False,
REWE,99444,True,
Flink,99444,True,
Knuspr,99444,True,
Picnic,99444,True,
REWE,99448,True,
Flink,99448,True,
Knuspr,99448,True,
Picnic,99448,True,
REWE,99510,True,
Flink,99510,True,
Knuspr,99510,True,
Picnic,99510,True,
REWE,99518,True,
Flink,99518,True,
Knuspr,99518,True,
Picnic,99518,True,
REWE,99610,True,
Flink,99610,True,
Knuspr,99610,True,
Picnic,99610,True,
REWE,99625,False,
Flink,99625,False,
Knuspr,99625,False,
Picnic,99625,False,
REWE,99628,True,
Flink,99628,True,
Knuspr,99628,True,
Picnic,99628,True,
REWE,99631,False,
Flink,99631,False,
Knuspr,99631,False,
Picnic,99631,False,
REWE,99634,True,
Flink,99634,True,
Knuspr,99634,True,
Picnic,99634,True,
REWE,99636,True,
Flink,99636,True,
Knuspr,99636,True,
Picnic,99636,True,
REWE,99638,True,
Flink,99638,True,
Knuspr,99638,True,
Picnic,99638,True,
REWE,99706,True,
Flink,99706,True,
Knuspr,99706,True,
Picnic,99706,True,
REWE,99707,False,
Flink,99707,False,
Knuspr,99707,False,
Picnic,99707,False,
REWE,99713,False,
Flink,99713,False,
Knuspr,99713,False,
Picnic,99713,False,
REWE,99718,True,
Flink,99718,True,
Knuspr,99718,True,
Picnic,99718,True,
REWE,99734,True,
Flink,99734,True,
Knuspr,99734,True,
Picnic,99734,True,
REWE,99735,False,
Flink,99735,False,
Knuspr,99735,False,
Picnic,99735,False,
REWE,99752,True,
Flink,99752,True,
Knuspr,99752,True,
Picnic,99752,True,
REWE,99755,False,
Flink,99755,False,
Knuspr,99755,False,
Picnic,99755,False,
REWE,99759,False,
Flink,99759,False,
Knuspr,99759,False,
Picnic,99759,False,
REWE,99762,True,
Flink,99762,True,
Knuspr,99762,True,
Picnic,99762,True,
REWE,99765,False,
Flink,99765,False,
Knuspr,99765,False,
Picnic,99765,False,
REWE,99768,True,
Flink,99768,True,
Knuspr,99768,True,
Picnic,99768,True,
REWE,99817,False,
Flink,99817,False,
Knuspr,99817,False,
Picnic,99817,False,
REWE,99819,False,
Flink,99819,False,
Knuspr,99819,False,
Picnic,99819,False,
REWE,99820,True,
Flink,99820,True,
Knuspr,99820,True,
Picnic,99820,True,
REWE,99826,True,
Flink,99826,True,
Knuspr,99826,True,
Picnic,99826,True,
REWE,99830,True,
Flink,99830,True,
Knuspr,99830,True,
Picnic,99830,True,
REWE,99831,False,
Flink,99831,False,
Knuspr,99831,False,
Picnic,99831,False,
REWE,99834,True,
Flink,99834,True,
Knuspr,99834,True,
Picnic,99834,True,
REWE,99837,False,
Flink,99837,False,
Knuspr,99837,False,
Picnic,99837,False,
REWE,99842,True,
Flink,99842,True,
Knuspr,99842,True,
Picnic,99842,True,
REWE,99846,True,
Flink,99846,True,
Knuspr,99846,True,
Picnic,99846,True,
REWE,99848,True,
Flink,99848,True,
Knuspr,99848,True,
Picnic,99848,True,
REWE,99867,False,
Flink,99867,False,
Knuspr,99867,False,
Picnic,99867,False,
REWE,99869,False,
Flink,99869,False,
Knuspr,99869,False,
Picnic,99869,False,
REWE,99880,True,
Flink,99880,True,
Knuspr,99880,True,
Picnic,99880,True,
REWE,99885,False,
Flink,99885,False,
Knuspr,99885,False,
Picnic,99885,False,
REWE,99887,False,
Flink,99887,False,
Knuspr,99887,False,
Picnic,99887,False,
REWE,99891,False,
Flink,99891,False,
Knuspr,99891,False,
Picnic,99891,False,
REWE,99894,True,
Flink,99894,True,
Knuspr,99894,True,
Picnic,99894,True,
REWE,99897,False,
Flink,99897,False,
Knuspr,99897,False,
Picnic,99897,False,
REWE,99947,False,
Flink,99947,False,
Knuspr,99947,False,
Picnic,99947,False,
REWE,99955,False,
Flink,99955,False,
Knuspr,99955,False,
Picnic,99955,False,
REWE,99958,True,
Flink,99958,True,
Knuspr,99958,True,
Picnic,99958,True,
REWE,99974,True,
Flink,99974,True,
Knuspr,99974,True,
Picnic,99974,True,
REWE,99976,True,
Flink,99976,True,
Knuspr,99976,True,
Picnic,99976,True,
REWE,99986,True,
Flink,99986,True,
Knuspr,99986,True,
Picnic,99986,True,
REWE,99988,True,
Flink,99988,True,
Knuspr,99988,True,
Picnic,99988,True,
REWE,99991,False,
Flink,99991,False,
Knuspr,99991,False,
Picnic,99991,False,
REWE,99994,True,
Flink,99994,True,
Knuspr,99994,True,
Picnic,99994,True,
REWE,99996,True,
Flink,99996,True,
Knuspr,99996,True,
Picnic,99996,True,
REWE,99998,True,
Flink,99998,True,
Knuspr,99998,True,
Picnic,99998,True,
REWE,87491,False,
Flink,87491,False,
Knuspr,87491,False,
Picnic,87491,False,
