Date,Open,High,Low,Close,Adj Close,Volume,Ticker
2020-06-01,79.4375,80.5875015258789,79.30249786376953,80.4625015258789,78.1264419555664,80791200.0,AAPL
2020-06-01,,,,,,,AAPL
2020-06-01,,,,,,,AAPL
2020-06-01,,,,,,,AAPL
2020-06-01,,,,,,,AAPL
2020-06-01,,,,,,,AAPL
2020-06-01,,,,,,,AAPL
2020-06-01,,,,,,,AAPL
2020-06-01,,,,,,,AAPL
2020-06-01,,,,,,,AAPL
2020-06-01,,,,,,,AAPL
2020-06-01,,,,,,,AAPL
2020-06-01,,,,,,,AAPL
2020-06-01,,,,,,,AAPL
2020-06-01,,,,,,,AAPL
2020-06-01,,,,,,,AAPL
2020-06-01,,,,,,,AAPL
2020-06-01,,,,,,,AAPL
2020-06-01,,,,,,,AAPL
2020-06-01,,,,,,,AAPL
2020-06-01,,,,,,,ADBE
2020-06-01,387.0799865722656,389.989990234375,382.8999938964844,389.67999267578125,389.67999267578125,2034100.0,ADBE
2020-06-01,,,,,,,ADBE
2020-06-01,,,,,,,ADBE
2020-06-01,,,,,,,ADBE
2020-06-01,,,,,,,ADBE
2020-06-01,,,,,,,ADBE
2020-06-01,,,,,,,ADBE
2020-06-01,,,,,,,ADBE
2020-06-01,,,,,,,ADBE
2020-06-01,,,,,,,ADBE
2020-06-01,,,,,,,ADBE
2020-06-01,,,,,,,ADBE
2020-06-01,,,,,,,ADBE
2020-06-01,,,,,,,ADBE
2020-06-01,,,,,,,ADBE
2020-06-01,,,,,,,ADBE
2020-06-01,,,,,,,ADBE
2020-06-01,,,,,,,ADBE
2020-06-01,,,,,,,ADBE
2020-06-01,,,,,,,AMZN
2020-06-01,,,,,,,AMZN
2020-06-01,122.4000015258789,123.84649658203125,122.20850372314453,123.552001953125,123.552001953125,58578000.0,AMZN
2020-06-01,,,,,,,AMZN
2020-06-01,,,,,,,AMZN
2020-06-01,,,,,,,AMZN
2020-06-01,,,,,,,AMZN
2020-06-01,,,,,,,AMZN
2020-06-01,,,,,,,AMZN
2020-06-01,,,,,,,AMZN
2020-06-01,,,,,,,AMZN
2020-06-01,,,,,,,AMZN
2020-06-01,,,,,,,AMZN
2020-06-01,,,,,,,AMZN
2020-06-01,,,,,,,AMZN
2020-06-01,,,,,,,AMZN
2020-06-01,,,,,,,AMZN
2020-06-01,,,,,,,AMZN
2020-06-01,,,,,,,AMZN
2020-06-01,,,,,,,AMZN
2020-06-01,,,,,,,BAC
2020-06-01,,,,,,,BAC
2020-06-01,,,,,,,BAC
2020-06-01,24.280000686645508,24.8700008392334,24.049999237060547,24.610000610351562,21.48722267150879,58375500.0,BAC
2020-06-01,,,,,,,BAC
2020-06-01,,,,,,,BAC
2020-06-01,,,,,,,BAC
2020-06-01,,,,,,,BAC
2020-06-01,,,,,,,BAC
2020-06-01,,,,,,,BAC
2020-06-01,,,,,,,BAC
2020-06-01,,,,,,,BAC
2020-06-01,,,,,,,BAC
2020-06-01,,,,,,,BAC
2020-06-01,,,,,,,BAC
2020-06-01,,,,,,,BAC
2020-06-01,,,,,,,BAC
2020-06-01,,,,,,,BAC
2020-06-01,,,,,,,BAC
2020-06-01,,,,,,,BAC
2020-06-01,,,,,,,CRM
2020-06-01,,,,,,,CRM
2020-06-01,,,,,,,CRM
2020-06-01,,,,,,,CRM
2020-06-01,173.10000610351562,177.52000427246094,172.67999267578125,176.36000061035156,174.82806396484375,5711600.0,CRM
2020-06-01,,,,,,,CRM
2020-06-01,,,,,,,CRM
2020-06-01,,,,,,,CRM
2020-06-01,,,,,,,CRM
2020-06-01,,,,,,,CRM
2020-06-01,,,,,,,CRM
2020-06-01,,,,,,,CRM
2020-06-01,,,,,,,CRM
2020-06-01,,,,,,,CRM
2020-06-01,,,,,,,CRM
2020-06-01,,,,,,,CRM
2020-06-01,,,,,,,CRM
2020-06-01,,,,,,,CRM
2020-06-01,,,,,,,CRM
2020-06-01,,,,,,,CRM
2020-06-01,,,,,,,DIS
2020-06-01,,,,,,,DIS
2020-06-01,,,,,,,DIS
2020-06-01,,,,,,,DIS
2020-06-01,,,,,,,DIS
2020-06-01,117.26000213623047,119.6500015258789,116.93000030517578,118.7699966430664,116.8224868774414,10538300.0,DIS
2020-06-01,,,,,,,DIS
2020-06-01,,,,,,,DIS
2020-06-01,,,,,,,DIS
2020-06-01,,,,,,,DIS
2020-06-01,,,,,,,DIS
2020-06-01,,,,,,,DIS
2020-06-01,,,,,,,DIS
2020-06-01,,,,,,,DIS
2020-06-01,,,,,,,DIS
2020-06-01,,,,,,,DIS
2020-06-01,,,,,,,DIS
2020-06-01,,,,,,,DIS
2020-06-01,,,,,,,DIS
2020-06-01,,,,,,,DIS
2020-06-01,,,,,,,GOOGL
2020-06-01,,,,,,,GOOGL
2020-06-01,,,,,,,GOOGL
2020-06-01,,,,,,,GOOGL
2020-06-01,,,,,,,GOOGL
2020-06-01,,,,,,,GOOGL
2020-06-01,71.28500366210938,72.0790023803711,71.11399841308594,71.74349975585938,71.25206756591797,25162000.0,GOOGL
2020-06-01,,,,,,,GOOGL
2020-06-01,,,,,,,GOOGL
2020-06-01,,,,,,,GOOGL
2020-06-01,,,,,,,GOOGL
2020-06-01,,,,,,,GOOGL
2020-06-01,,,,,,,GOOGL
2020-06-01,,,,,,,GOOGL
2020-06-01,,,,,,,GOOGL
2020-06-01,,,,,,,GOOGL
2020-06-01,,,,,,,GOOGL
2020-06-01,,,,,,,GOOGL
2020-06-01,,,,,,,GOOGL
2020-06-01,,,,,,,GOOGL
2020-06-01,,,,,,,HD
2020-06-01,,,,,,,HD
2020-06-01,,,,,,,HD
2020-06-01,,,,,,,HD
2020-06-01,,,,,,,HD
2020-06-01,,,,,,,HD
2020-06-01,,,,,,,HD
2020-06-01,249.41000366210938,249.77999877929688,245.8699951171875,247.2899932861328,216.7108917236328,3407800.0,HD
2020-06-01,,,,,,,HD
2020-06-01,,,,,,,HD
2020-06-01,,,,,,,HD
2020-06-01,,,,,,,HD
2020-06-01,,,,,,,HD
2020-06-01,,,,,,,HD
2020-06-01,,,,,,,HD
2020-06-01,,,,,,,HD
2020-06-01,,,,,,,HD
2020-06-01,,,,,,,HD
2020-06-01,,,,,,,HD
2020-06-01,,,,,,,HD
2020-06-01,,,,,,,JNJ
2020-06-01,,,,,,,JNJ
2020-06-01,,,,,,,JNJ
2020-06-01,,,,,,,JNJ
2020-06-01,,,,,,,JNJ
2020-06-01,,,,,,,JNJ
2020-06-01,,,,,,,JNJ
2020-06-01,,,,,,,JNJ
2020-06-01,147.2899932861328,148.33999633789062,146.00999450683594,147.19000244140625,126.78054809570312,6141800.0,JNJ
2020-06-01,,,,,,,JNJ
2020-06-01,,,,,,,JNJ
2020-06-01,,,,,,,JNJ
2020-06-01,,,,,,,JNJ
2020-06-01,,,,,,,JNJ
2020-06-01,,,,,,,JNJ
2020-06-01,,,,,,,JNJ
2020-06-01,,,,,,,JNJ
2020-06-01,,,,,,,JNJ
2020-06-01,,,,,,,JNJ
2020-06-01,,,,,,,JNJ
2020-06-01,,,,,,,JPM
2020-06-01,,,,,,,JPM
2020-06-01,,,,,,,JPM
2020-06-01,,,,,,,JPM
2020-06-01,,,,,,,JPM
2020-06-01,,,,,,,JPM
2020-06-01,,,,,,,JPM
2020-06-01,,,,,,,JPM
2020-06-01,,,,,,,JPM
2020-06-01,97.75,99.51000213623047,97.37999725341797,98.5999984741211,85.38671112060547,15176800.0,JPM
2020-06-01,,,,,,,JPM
2020-06-01,,,,,,,JPM
2020-06-01,,,,,,,JPM
2020-06-01,,,,,,,JPM
2020-06-01,,,,,,,JPM
2020-06-01,,,,,,,JPM
2020-06-01,,,,,,,JPM
2020-06-01,,,,,,,JPM
2020-06-01,,,,,,,JPM
2020-06-01,,,,,,,JPM
2020-06-01,,,,,,,MA
2020-06-01,,,,,,,MA
2020-06-01,,,,,,,MA
2020-06-01,,,,,,,MA
2020-06-01,,,,,,,MA
2020-06-01,,,,,,,MA
2020-06-01,,,,,,,MA
2020-06-01,,,,,,,MA
2020-06-01,,,,,,,MA
2020-06-01,,,,,,,MA
2020-06-01,300.79998779296875,303.05999755859375,297.8999938964844,301.3999938964844,292.6402893066406,2841800.0,MA
2020-06-01,,,,,,,MA
2020-06-01,,,,,,,MA
2020-06-01,,,,,,,MA
2020-06-01,,,,,,,MA
2020-06-01,,,,,,,MA
2020-06-01,,,,,,,MA
2020-06-01,,,,,,,MA
2020-06-01,,,,,,,MA
2020-06-01,,,,,,,MA
2020-06-01,,,,,,,META
2020-06-01,,,,,,,META
2020-06-01,,,,,,,META
2020-06-01,,,,,,,META
2020-06-01,,,,,,,META
2020-06-01,,,,,,,META
2020-06-01,,,,,,,META
2020-06-01,,,,,,,META
2020-06-01,,,,,,,META
2020-06-01,,,,,,,META
2020-06-01,,,,,,,META
2020-06-01,224.58999633789062,232.44000244140625,223.5,231.91000366210938,230.64466857910156,18223800.0,META
2020-06-01,,,,,,,META
2020-06-01,,,,,,,META
2020-06-01,,,,,,,META
2020-06-01,,,,,,,META
2020-06-01,,,,,,,META
2020-06-01,,,,,,,META
2020-06-01,,,,,,,META
2020-06-01,,,,,,,META
2020-06-01,,,,,,,MSFT
2020-06-01,,,,,,,MSFT
2020-06-01,,,,,,,MSFT
2020-06-01,,,,,,,MSFT
2020-06-01,,,,,,,MSFT
2020-06-01,,,,,,,MSFT
2020-06-01,,,,,,,MSFT
2020-06-01,,,,,,,MSFT
2020-06-01,,,,,,,MSFT
2020-06-01,,,,,,,MSFT
2020-06-01,,,,,,,MSFT
2020-06-01,,,,,,,MSFT
2020-06-01,182.5399932861328,183.0,181.4600067138672,182.8300018310547,174.87933349609375,22622400.0,MSFT
2020-06-01,,,,,,,MSFT
2020-06-01,,,,,,,MSFT
2020-06-01,,,,,,,MSFT
2020-06-01,,,,,,,MSFT
2020-06-01,,,,,,,MSFT
2020-06-01,,,,,,,MSFT
2020-06-01,,,,,,,MSFT
2020-06-01,,,,,,,NFLX
2020-06-01,,,,,,,NFLX
2020-06-01,,,,,,,NFLX
2020-06-01,,,,,,,NFLX
2020-06-01,,,,,,,NFLX
2020-06-01,,,,,,,NFLX
2020-06-01,,,,,,,NFLX
2020-06-01,,,,,,,NFLX
2020-06-01,,,,,,,NFLX
2020-06-01,,,,,,,NFLX
2020-06-01,,,,,,,NFLX
2020-06-01,,,,,,,NFLX
2020-06-01,,,,,,,NFLX
2020-06-01,418.8299865722656,426.7200012207031,415.9800109863281,425.9200134277344,425.9200134277344,3743700.0,NFLX
2020-06-01,,,,,,,NFLX
2020-06-01,,,,,,,NFLX
2020-06-01,,,,,,,NFLX
2020-06-01,,,,,,,NFLX
2020-06-01,,,,,,,NFLX
2020-06-01,,,,,,,NFLX
2020-06-01,,,,,,,NVDA
2020-06-01,,,,,,,NVDA
2020-06-01,,,,,,,NVDA
2020-06-01,,,,,,,NVDA
2020-06-01,,,,,,,NVDA
2020-06-01,,,,,,,NVDA
2020-06-01,,,,,,,NVDA
2020-06-01,,,,,,,NVDA
2020-06-01,,,,,,,NVDA
2020-06-01,,,,,,,NVDA
2020-06-01,,,,,,,NVDA
2020-06-01,,,,,,,NVDA
2020-06-01,,,,,,,NVDA
2020-06-01,,,,,,,NVDA
2020-06-01,8.833250045776367,8.840749740600586,8.689499855041504,8.806249618530273,8.772821426391602,389876000.0,NVDA
2020-06-01,,,,,,,NVDA
2020-06-01,,,,,,,NVDA
2020-06-01,,,,,,,NVDA
2020-06-01,,,,,,,NVDA
2020-06-01,,,,,,,NVDA
2020-06-01,,,,,,,PFE
2020-06-01,,,,,,,PFE
2020-06-01,,,,,,,PFE
2020-06-01,,,,,,,PFE
2020-06-01,,,,,,,PFE
2020-06-01,,,,,,,PFE
2020-06-01,,,,,,,PFE
2020-06-01,,,,,,,PFE
2020-06-01,,,,,,,PFE
2020-06-01,,,,,,,PFE
2020-06-01,,,,,,,PFE
2020-06-01,,,,,,,PFE
2020-06-01,,,,,,,PFE
2020-06-01,,,,,,,PFE
2020-06-01,,,,,,,PFE
2020-06-01,33.68121337890625,33.89942932128906,33.12144088745117,33.64326477050781,26.29572105407715,76884979.0,PFE
2020-06-01,,,,,,,PFE
2020-06-01,,,,,,,PFE
2020-06-01,,,,,,,PFE
2020-06-01,,,,,,,PFE
2020-06-01,,,,,,,PG
2020-06-01,,,,,,,PG
2020-06-01,,,,,,,PG
2020-06-01,,,,,,,PG
2020-06-01,,,,,,,PG
2020-06-01,,,,,,,PG
2020-06-01,,,,,,,PG
2020-06-01,,,,,,,PG
2020-06-01,,,,,,,PG
2020-06-01,,,,,,,PG
2020-06-01,,,,,,,PG
2020-06-01,,,,,,,PG
2020-06-01,,,,,,,PG
2020-06-01,,,,,,,PG
2020-06-01,,,,,,,PG
2020-06-01,,,,,,,PG
2020-06-01,116.0,117.5,115.26000213623047,117.25,102.96086883544922,5105600.0,PG
2020-06-01,,,,,,,PG
2020-06-01,,,,,,,PG
2020-06-01,,,,,,,PG
2020-06-01,,,,,,,TSLA
2020-06-01,,,,,,,TSLA
2020-06-01,,,,,,,TSLA
2020-06-01,,,,,,,TSLA
2020-06-01,,,,,,,TSLA
2020-06-01,,,,,,,TSLA
2020-06-01,,,,,,,TSLA
2020-06-01,,,,,,,TSLA
2020-06-01,,,,,,,TSLA
2020-06-01,,,,,,,TSLA
2020-06-01,,,,,,,TSLA
2020-06-01,,,,,,,TSLA
2020-06-01,,,,,,,TSLA
2020-06-01,,,,,,,TSLA
2020-06-01,,,,,,,TSLA
2020-06-01,,,,,,,TSLA
2020-06-01,,,,,,,TSLA
2020-06-01,57.20000076293945,59.93333435058594,56.939998626708984,59.87333297729492,59.87333297729492,224092500.0,TSLA
2020-06-01,,,,,,,TSLA
2020-06-01,,,,,,,TSLA
2020-06-01,,,,,,,UNH
2020-06-01,,,,,,,UNH
2020-06-01,,,,,,,UNH
2020-06-01,,,,,,,UNH
2020-06-01,,,,,,,UNH
2020-06-01,,,,,,,UNH
2020-06-01,,,,,,,UNH
2020-06-01,,,,,,,UNH
2020-06-01,,,,,,,UNH
2020-06-01,,,,,,,UNH
2020-06-01,,,,,,,UNH
2020-06-01,,,,,,,UNH
2020-06-01,,,,,,,UNH
2020-06-01,,,,,,,UNH
2020-06-01,,,,,,,UNH
2020-06-01,,,,,,,UNH
2020-06-01,,,,,,,UNH
2020-06-01,,,,,,,UNH
2020-06-01,304.0199890136719,305.9800109863281,300.55999755859375,305.92999267578125,282.2662048339844,2894000.0,UNH
2020-06-01,,,,,,,UNH
2020-06-01,,,,,,,V
2020-06-01,,,,,,,V
2020-06-01,,,,,,,V
2020-06-01,,,,,,,V
2020-06-01,,,,,,,V
2020-06-01,,,,,,,V
2020-06-01,,,,,,,V
2020-06-01,,,,,,,V
2020-06-01,,,,,,,V
2020-06-01,,,,,,,V
2020-06-01,,,,,,,V
2020-06-01,,,,,,,V
2020-06-01,,,,,,,V
2020-06-01,,,,,,,V
2020-06-01,,,,,,,V
2020-06-01,,,,,,,V
2020-06-01,,,,,,,V
2020-06-01,,,,,,,V
2020-06-01,,,,,,,V
2020-06-01,194.7100067138672,195.8800048828125,193.52000427246094,194.35000610351562,187.2344512939453,6011300.0,V
2020-07-01,91.27999877929688,91.83999633789062,90.97750091552734,91.02749633789062,88.38469696044922,110737200.0,AAPL
2020-07-01,,,,,,,AAPL
2020-07-01,,,,,,,AAPL
2020-07-01,,,,,,,AAPL
2020-07-01,,,,,,,AAPL
2020-07-01,,,,,,,AAPL
2020-07-01,,,,,,,AAPL
2020-07-01,,,,,,,AAPL
2020-07-01,,,,,,,AAPL
2020-07-01,,,,,,,AAPL
2020-07-01,,,,,,,AAPL
2020-07-01,,,,,,,AAPL
2020-07-01,,,,,,,AAPL
2020-07-01,,,,,,,AAPL
2020-07-01,,,,,,,AAPL
2020-07-01,,,,,,,AAPL
2020-07-01,,,,,,,AAPL
2020-07-01,,,,,,,AAPL
2020-07-01,,,,,,,AAPL
2020-07-01,,,,,,,AAPL
2020-07-01,,,,,,,ADBE
2020-07-01,434.79998779296875,442.04998779296875,433.6199951171875,439.80999755859375,439.80999755859375,2581700.0,ADBE
2020-07-01,,,,,,,ADBE
2020-07-01,,,,,,,ADBE
2020-07-01,,,,,,,ADBE
2020-07-01,,,,,,,ADBE
2020-07-01,,,,,,,ADBE
2020-07-01,,,,,,,ADBE
2020-07-01,,,,,,,ADBE
2020-07-01,,,,,,,ADBE
2020-07-01,,,,,,,ADBE
2020-07-01,,,,,,,ADBE
2020-07-01,,,,,,,ADBE
2020-07-01,,,,,,,ADBE
2020-07-01,,,,,,,ADBE
2020-07-01,,,,,,,ADBE
2020-07-01,,,,,,,ADBE
2020-07-01,,,,,,,ADBE
2020-07-01,,,,,,,ADBE
2020-07-01,,,,,,,ADBE
2020-07-01,,,,,,,AMZN
2020-07-01,,,,,,,AMZN
2020-07-01,137.89950561523438,144.75,137.6999969482422,143.93499755859375,143.93499755859375,127268000.0,AMZN
2020-07-01,,,,,,,AMZN
2020-07-01,,,,,,,AMZN
2020-07-01,,,,,,,AMZN
2020-07-01,,,,,,,AMZN
2020-07-01,,,,,,,AMZN
2020-07-01,,,,,,,AMZN
2020-07-01,,,,,,,AMZN
2020-07-01,,,,,,,AMZN
2020-07-01,,,,,,,AMZN
2020-07-01,,,,,,,AMZN
2020-07-01,,,,,,,AMZN
2020-07-01,,,,,,,AMZN
2020-07-01,,,,,,,AMZN
2020-07-01,,,,,,,AMZN
2020-07-01,,,,,,,AMZN
2020-07-01,,,,,,,AMZN
2020-07-01,,,,,,,AMZN
2020-07-01,,,,,,,BAC
2020-07-01,,,,,,,BAC
2020-07-01,,,,,,,BAC
2020-07-01,24.030000686645508,24.06999969482422,23.229999542236328,23.260000228881836,20.45016098022461,57379900.0,BAC
2020-07-01,,,,,,,BAC
2020-07-01,,,,,,,BAC
2020-07-01,,,,,,,BAC
2020-07-01,,,,,,,BAC
2020-07-01,,,,,,,BAC
2020-07-01,,,,,,,BAC
2020-07-01,,,,,,,BAC
2020-07-01,,,,,,,BAC
2020-07-01,,,,,,,BAC
2020-07-01,,,,,,,BAC
2020-07-01,,,,,,,BAC
2020-07-01,,,,,,,BAC
2020-07-01,,,,,,,BAC
2020-07-01,,,,,,,BAC
2020-07-01,,,,,,,BAC
2020-07-01,,,,,,,BAC
2020-07-01,,,,,,,CRM
2020-07-01,,,,,,,CRM
2020-07-01,,,,,,,CRM
2020-07-01,,,,,,,CRM
2020-07-01,188.10000610351562,192.82000732421875,187.4600067138672,191.88999938964844,190.22317504882812,4754600.0,CRM
2020-07-01,,,,,,,CRM
2020-07-01,,,,,,,CRM
2020-07-01,,,,,,,CRM
2020-07-01,,,,,,,CRM
2020-07-01,,,,,,,CRM
2020-07-01,,,,,,,CRM
2020-07-01,,,,,,,CRM
2020-07-01,,,,,,,CRM
2020-07-01,,,,,,,CRM
2020-07-01,,,,,,,CRM
2020-07-01,,,,,,,CRM
2020-07-01,,,,,,,CRM
2020-07-01,,,,,,,CRM
2020-07-01,,,,,,,CRM
2020-07-01,,,,,,,CRM
2020-07-01,,,,,,,DIS
2020-07-01,,,,,,,DIS
2020-07-01,,,,,,,DIS
2020-07-01,,,,,,,DIS
2020-07-01,,,,,,,DIS
2020-07-01,112.81999969482422,115.5999984741211,112.29000091552734,113.01000213623047,111.15693664550781,11930900.0,DIS
2020-07-01,,,,,,,DIS
2020-07-01,,,,,,,DIS
2020-07-01,,,,,,,DIS
2020-07-01,,,,,,,DIS
2020-07-01,,,,,,,DIS
2020-07-01,,,,,,,DIS
2020-07-01,,,,,,,DIS
2020-07-01,,,,,,,DIS
2020-07-01,,,,,,,DIS
2020-07-01,,,,,,,DIS
2020-07-01,,,,,,,DIS
2020-07-01,,,,,,,DIS
2020-07-01,,,,,,,DIS
2020-07-01,,,,,,,DIS
2020-07-01,,,,,,,GOOGL
2020-07-01,,,,,,,GOOGL
2020-07-01,,,,,,,GOOGL
2020-07-01,,,,,,,GOOGL
2020-07-01,,,,,,,GOOGL
2020-07-01,,,,,,,GOOGL
2020-07-01,70.95850372314453,72.42400360107422,70.70899963378906,72.0999984741211,71.60612487792969,42182000.0,GOOGL
2020-07-01,,,,,,,GOOGL
2020-07-01,,,,,,,GOOGL
2020-07-01,,,,,,,GOOGL
2020-07-01,,,,,,,GOOGL
2020-07-01,,,,,,,GOOGL
2020-07-01,,,,,,,GOOGL
2020-07-01,,,,,,,GOOGL
2020-07-01,,,,,,,GOOGL
2020-07-01,,,,,,,GOOGL
2020-07-01,,,,,,,GOOGL
2020-07-01,,,,,,,GOOGL
2020-07-01,,,,,,,GOOGL
2020-07-01,,,,,,,GOOGL
2020-07-01,,,,,,,HD
2020-07-01,,,,,,,HD
2020-07-01,,,,,,,HD
2020-07-01,,,,,,,HD
2020-07-01,,,,,,,HD
2020-07-01,,,,,,,HD
2020-07-01,,,,,,,HD
2020-07-01,249.64999389648438,250.3300018310547,246.92999267578125,248.14999389648438,218.76307678222656,3677300.0,HD
2020-07-01,,,,,,,HD
2020-07-01,,,,,,,HD
2020-07-01,,,,,,,HD
2020-07-01,,,,,,,HD
2020-07-01,,,,,,,HD
2020-07-01,,,,,,,HD
2020-07-01,,,,,,,HD
2020-07-01,,,,,,,HD
2020-07-01,,,,,,,HD
2020-07-01,,,,,,,HD
2020-07-01,,,,,,,HD
2020-07-01,,,,,,,HD
2020-07-01,,,,,,,JNJ
2020-07-01,,,,,,,JNJ
2020-07-01,,,,,,,JNJ
2020-07-01,,,,,,,JNJ
2020-07-01,,,,,,,JNJ
2020-07-01,,,,,,,JNJ
2020-07-01,,,,,,,JNJ
2020-07-01,,,,,,,JNJ
2020-07-01,140.69000244140625,141.38999938964844,140.05999755859375,140.3800048828125,120.91483306884766,6174800.0,JNJ
2020-07-01,,,,,,,JNJ
2020-07-01,,,,,,,JNJ
2020-07-01,,,,,,,JNJ
2020-07-01,,,,,,,JNJ
2020-07-01,,,,,,,JNJ
2020-07-01,,,,,,,JNJ
2020-07-01,,,,,,,JNJ
2020-07-01,,,,,,,JNJ
2020-07-01,,,,,,,JNJ
2020-07-01,,,,,,,JNJ
2020-07-01,,,,,,,JNJ
2020-07-01,,,,,,,JPM
2020-07-01,,,,,,,JPM
2020-07-01,,,,,,,JPM
2020-07-01,,,,,,,JPM
2020-07-01,,,,,,,JPM
2020-07-01,,,,,,,JPM
2020-07-01,,,,,,,JPM
2020-07-01,,,,,,,JPM
2020-07-01,,,,,,,JPM
2020-07-01,94.88999938964844,95.70999908447266,93.02999877929688,93.26000213623047,80.7623291015625,18755700.0,JPM
2020-07-01,,,,,,,JPM
2020-07-01,,,,,,,JPM
2020-07-01,,,,,,,JPM
2020-07-01,,,,,,,JPM
2020-07-01,,,,,,,JPM
2020-07-01,,,,,,,JPM
2020-07-01,,,,,,,JPM
2020-07-01,,,,,,,JPM
2020-07-01,,,,,,,JPM
2020-07-01,,,,,,,JPM
2020-07-01,,,,,,,MA
2020-07-01,,,,,,,MA
2020-07-01,,,,,,,MA
2020-07-01,,,,,,,MA
2020-07-01,,,,,,,MA
2020-07-01,,,,,,,MA
2020-07-01,,,,,,,MA
2020-07-01,,,,,,,MA
2020-07-01,,,,,,,MA
2020-07-01,,,,,,,MA
2020-07-01,295.9599914550781,303.2699890136719,295.1199951171875,301.1700134277344,292.4169921875,3801300.0,MA
2020-07-01,,,,,,,MA
2020-07-01,,,,,,,MA
2020-07-01,,,,,,,MA
2020-07-01,,,,,,,MA
2020-07-01,,,,,,,MA
2020-07-01,,,,,,,MA
2020-07-01,,,,,,,MA
2020-07-01,,,,,,,MA
2020-07-01,,,,,,,MA
2020-07-01,,,,,,,META
2020-07-01,,,,,,,META
2020-07-01,,,,,,,META
2020-07-01,,,,,,,META
2020-07-01,,,,,,,META
2020-07-01,,,,,,,META
2020-07-01,,,,,,,META
2020-07-01,,,,,,,META
2020-07-01,,,,,,,META
2020-07-01,,,,,,,META
2020-07-01,,,,,,,META
2020-07-01,228.5,239.0,227.55999755859375,237.5500030517578,236.25390625,43399700.0,META
2020-07-01,,,,,,,META
2020-07-01,,,,,,,META
2020-07-01,,,,,,,META
2020-07-01,,,,,,,META
2020-07-01,,,,,,,META
2020-07-01,,,,,,,META
2020-07-01,,,,,,,META
2020-07-01,,,,,,,META
2020-07-01,,,,,,,MSFT
2020-07-01,,,,,,,MSFT
2020-07-01,,,,,,,MSFT
2020-07-01,,,,,,,MSFT
2020-07-01,,,,,,,MSFT
2020-07-01,,,,,,,MSFT
2020-07-01,,,,,,,MSFT
2020-07-01,,,,,,,MSFT
2020-07-01,,,,,,,MSFT
2020-07-01,,,,,,,MSFT
2020-07-01,,,,,,,MSFT
2020-07-01,,,,,,,MSFT
2020-07-01,203.13999938964844,206.35000610351562,201.77000427246094,204.6999969482422,195.7982635498047,32061200.0,MSFT
2020-07-01,,,,,,,MSFT
2020-07-01,,,,,,,MSFT
2020-07-01,,,,,,,MSFT
2020-07-01,,,,,,,MSFT
2020-07-01,,,,,,,MSFT
2020-07-01,,,,,,,MSFT
2020-07-01,,,,,,,MSFT
2020-07-01,,,,,,,NFLX
2020-07-01,,,,,,,NFLX
2020-07-01,,,,,,,NFLX
2020-07-01,,,,,,,NFLX
2020-07-01,,,,,,,NFLX
2020-07-01,,,,,,,NFLX
2020-07-01,,,,,,,NFLX
2020-07-01,,,,,,,NFLX
2020-07-01,,,,,,,NFLX
2020-07-01,,,,,,,NFLX
2020-07-01,,,,,,,NFLX
2020-07-01,,,,,,,NFLX
2020-07-01,,,,,,,NFLX
2020-07-01,454.0,488.2300109863281,454.0,485.6400146484375,485.6400146484375,9705900.0,NFLX
2020-07-01,,,,,,,NFLX
2020-07-01,,,,,,,NFLX
2020-07-01,,,,,,,NFLX
2020-07-01,,,,,,,NFLX
2020-07-01,,,,,,,NFLX
2020-07-01,,,,,,,NFLX
2020-07-01,,,,,,,NVDA
2020-07-01,,,,,,,NVDA
2020-07-01,,,,,,,NVDA
2020-07-01,,,,,,,NVDA
2020-07-01,,,,,,,NVDA
2020-07-01,,,,,,,NVDA
2020-07-01,,,,,,,NVDA
2020-07-01,,,,,,,NVDA
2020-07-01,,,,,,,NVDA
2020-07-01,,,,,,,NVDA
2020-07-01,,,,,,,NVDA
2020-07-01,,,,,,,NVDA
2020-07-01,,,,,,,NVDA
2020-07-01,,,,,,,NVDA
2020-07-01,9.520750045776367,9.575750350952148,9.413000106811523,9.529999732971191,9.49815559387207,326648000.0,NVDA
2020-07-01,,,,,,,NVDA
2020-07-01,,,,,,,NVDA
2020-07-01,,,,,,,NVDA
2020-07-01,,,,,,,NVDA
2020-07-01,,,,,,,NVDA
2020-07-01,,,,,,,PFE
2020-07-01,,,,,,,PFE
2020-07-01,,,,,,,PFE
2020-07-01,,,,,,,PFE
2020-07-01,,,,,,,PFE
2020-07-01,,,,,,,PFE
2020-07-01,,,,,,,PFE
2020-07-01,,,,,,,PFE
2020-07-01,,,,,,,PFE
2020-07-01,,,,,,,PFE
2020-07-01,,,,,,,PFE
2020-07-01,,,,,,,PFE
2020-07-01,,,,,,,PFE
2020-07-01,,,,,,,PFE
2020-07-01,,,,,,,PFE
2020-07-01,32.7703971862793,32.7703971862793,31.99241065979004,32.01138687133789,25.02023696899414,73503009.0,PFE
2020-07-01,,,,,,,PFE
2020-07-01,,,,,,,PFE
2020-07-01,,,,,,,PFE
2020-07-01,,,,,,,PFE
2020-07-01,,,,,,,PG
2020-07-01,,,,,,,PG
2020-07-01,,,,,,,PG
2020-07-01,,,,,,,PG
2020-07-01,,,,,,,PG
2020-07-01,,,,,,,PG
2020-07-01,,,,,,,PG
2020-07-01,,,,,,,PG
2020-07-01,,,,,,,PG
2020-07-01,,,,,,,PG
2020-07-01,,,,,,,PG
2020-07-01,,,,,,,PG
2020-07-01,,,,,,,PG
2020-07-01,,,,,,,PG
2020-07-01,,,,,,,PG
2020-07-01,,,,,,,PG
2020-07-01,119.6500015258789,120.38999938964844,118.9000015258789,119.9800033569336,105.358154296875,6501200.0,PG
2020-07-01,,,,,,,PG
2020-07-01,,,,,,,PG
2020-07-01,,,,,,,PG
2020-07-01,,,,,,,TSLA
2020-07-01,,,,,,,TSLA
2020-07-01,,,,,,,TSLA
2020-07-01,,,,,,,TSLA
2020-07-01,,,,,,,TSLA
2020-07-01,,,,,,,TSLA
2020-07-01,,,,,,,TSLA
2020-07-01,,,,,,,TSLA
2020-07-01,,,,,,,TSLA
2020-07-01,,,,,,,TSLA
2020-07-01,,,,,,,TSLA
2020-07-01,,,,,,,TSLA
2020-07-01,,,,,,,TSLA
2020-07-01,,,,,,,TSLA
2020-07-01,,,,,,,TSLA
2020-07-01,,,,,,,TSLA
2020-07-01,,,,,,,TSLA
2020-07-01,72.19999694824219,75.68866729736328,72.03333282470703,74.64199829101562,74.64199829101562,199903500.0,TSLA
2020-07-01,,,,,,,TSLA
2020-07-01,,,,,,,TSLA
2020-07-01,,,,,,,UNH
2020-07-01,,,,,,,UNH
2020-07-01,,,,,,,UNH
2020-07-01,,,,,,,UNH
2020-07-01,,,,,,,UNH
2020-07-01,,,,,,,UNH
2020-07-01,,,,,,,UNH
2020-07-01,,,,,,,UNH
2020-07-01,,,,,,,UNH
2020-07-01,,,,,,,UNH
2020-07-01,,,,,,,UNH
2020-07-01,,,,,,,UNH
2020-07-01,,,,,,,UNH
2020-07-01,,,,,,,UNH
2020-07-01,,,,,,,UNH
2020-07-01,,,,,,,UNH
2020-07-01,,,,,,,UNH
2020-07-01,,,,,,,UNH
2020-07-01,295.8299865722656,300.3999938964844,295.239990234375,297.7300109863281,275.883544921875,2303800.0,UNH
2020-07-01,,,,,,,UNH
2020-07-01,,,,,,,V
2020-07-01,,,,,,,V
2020-07-01,,,,,,,V
2020-07-01,,,,,,,V
2020-07-01,,,,,,,V
2020-07-01,,,,,,,V
2020-07-01,,,,,,,V
2020-07-01,,,,,,,V
2020-07-01,,,,,,,V
2020-07-01,,,,,,,V
2020-07-01,,,,,,,V
2020-07-01,,,,,,,V
2020-07-01,,,,,,,V
2020-07-01,,,,,,,V
2020-07-01,,,,,,,V
2020-07-01,,,,,,,V
2020-07-01,,,,,,,V
2020-07-01,,,,,,,V
2020-07-01,,,,,,,V
2020-07-01,193.85000610351562,195.35000610351562,192.66000366210938,193.77999877929688,186.68528747558594,6394100.0,V
2020-08-01,108.19999694824219,111.63749694824219,107.89250183105469,108.9375,105.77473449707031,308151200.0,AAPL
2020-08-01,,,,,,,AAPL
2020-08-01,,,,,,,AAPL
2020-08-01,,,,,,,AAPL
2020-08-01,,,,,,,AAPL
2020-08-01,,,,,,,AAPL
2020-08-01,,,,,,,AAPL
2020-08-01,,,,,,,AAPL
2020-08-01,,,,,,,AAPL
2020-08-01,,,,,,,AAPL
2020-08-01,,,,,,,AAPL
2020-08-01,,,,,,,AAPL
2020-08-01,,,,,,,AAPL
2020-08-01,,,,,,,AAPL
2020-08-01,,,,,,,AAPL
2020-08-01,,,,,,,AAPL
2020-08-01,,,,,,,AAPL
2020-08-01,,,,,,,AAPL
2020-08-01,,,,,,,AAPL
2020-08-01,,,,,,,AAPL
2020-08-01,,,,,,,ADBE
2020-08-01,449.8399963378906,450.739990234375,442.2799987792969,447.9700012207031,447.9700012207031,2075200.0,ADBE
2020-08-01,,,,,,,ADBE
2020-08-01,,,,,,,ADBE
2020-08-01,,,,,,,ADBE
2020-08-01,,,,,,,ADBE
2020-08-01,,,,,,,ADBE
2020-08-01,,,,,,,ADBE
2020-08-01,,,,,,,ADBE
2020-08-01,,,,,,,ADBE
2020-08-01,,,,,,,ADBE
2020-08-01,,,,,,,ADBE
2020-08-01,,,,,,,ADBE
2020-08-01,,,,,,,ADBE
2020-08-01,,,,,,,ADBE
2020-08-01,,,,,,,ADBE
2020-08-01,,,,,,,ADBE
2020-08-01,,,,,,,ADBE
2020-08-01,,,,,,,ADBE
2020-08-01,,,,,,,ADBE
2020-08-01,,,,,,,AMZN
2020-08-01,,,,,,,AMZN
2020-08-01,159.02549743652344,159.1999969482422,155.1999969482422,155.59449768066406,155.59449768066406,101494000.0,AMZN
2020-08-01,,,,,,,AMZN
2020-08-01,,,,,,,AMZN
2020-08-01,,,,,,,AMZN
2020-08-01,,,,,,,AMZN
2020-08-01,,,,,,,AMZN
2020-08-01,,,,,,,AMZN
2020-08-01,,,,,,,AMZN
2020-08-01,,,,,,,AMZN
2020-08-01,,,,,,,AMZN
2020-08-01,,,,,,,AMZN
2020-08-01,,,,,,,AMZN
2020-08-01,,,,,,,AMZN
2020-08-01,,,,,,,AMZN
2020-08-01,,,,,,,AMZN
2020-08-01,,,,,,,AMZN
2020-08-01,,,,,,,AMZN
2020-08-01,,,,,,,AMZN
2020-08-01,,,,,,,BAC
2020-08-01,,,,,,,BAC
2020-08-01,,,,,,,BAC
2020-08-01,25.030000686645508,25.309999465942383,24.690000534057617,24.989999771118164,21.971174240112305,58284000.0,BAC
2020-08-01,,,,,,,BAC
2020-08-01,,,,,,,BAC
2020-08-01,,,,,,,BAC
2020-08-01,,,,,,,BAC
2020-08-01,,,,,,,BAC
2020-08-01,,,,,,,BAC
2020-08-01,,,,,,,BAC
2020-08-01,,,,,,,BAC
2020-08-01,,,,,,,BAC
2020-08-01,,,,,,,BAC
2020-08-01,,,,,,,BAC
2020-08-01,,,,,,,BAC
2020-08-01,,,,,,,BAC
2020-08-01,,,,,,,BAC
2020-08-01,,,,,,,BAC
2020-08-01,,,,,,,BAC
2020-08-01,,,,,,,CRM
2020-08-01,,,,,,,CRM
2020-08-01,,,,,,,CRM
2020-08-01,,,,,,,CRM
2020-08-01,197.8000030517578,204.7899932861328,196.57000732421875,203.19000244140625,201.42501831054688,6557500.0,CRM
2020-08-01,,,,,,,CRM
2020-08-01,,,,,,,CRM
2020-08-01,,,,,,,CRM
2020-08-01,,,,,,,CRM
2020-08-01,,,,,,,CRM
2020-08-01,,,,,,,CRM
2020-08-01,,,,,,,CRM
2020-08-01,,,,,,,CRM
2020-08-01,,,,,,,CRM
2020-08-01,,,,,,,CRM
2020-08-01,,,,,,,CRM
2020-08-01,,,,,,,CRM
2020-08-01,,,,,,,CRM
2020-08-01,,,,,,,CRM
2020-08-01,,,,,,,CRM
2020-08-01,,,,,,,DIS
2020-08-01,,,,,,,DIS
2020-08-01,,,,,,,DIS
2020-08-01,,,,,,,DIS
2020-08-01,,,,,,,DIS
2020-08-01,116.16999816894531,117.12000274658203,115.3499984741211,116.3499984741211,114.4421615600586,10229200.0,DIS
2020-08-01,,,,,,,DIS
2020-08-01,,,,,,,DIS
2020-08-01,,,,,,,DIS
2020-08-01,,,,,,,DIS
2020-08-01,,,,,,,DIS
2020-08-01,,,,,,,DIS
2020-08-01,,,,,,,DIS
2020-08-01,,,,,,,DIS
2020-08-01,,,,,,,DIS
2020-08-01,,,,,,,DIS
2020-08-01,,,,,,,DIS
2020-08-01,,,,,,,DIS
2020-08-01,,,,,,,DIS
2020-08-01,,,,,,,DIS
2020-08-01,,,,,,,GOOGL
2020-08-01,,,,,,,GOOGL
2020-08-01,,,,,,,GOOGL
2020-08-01,,,,,,,GOOGL
2020-08-01,,,,,,,GOOGL
2020-08-01,,,,,,,GOOGL
2020-08-01,74.55000305175781,74.8864974975586,73.58599853515625,74.13800048828125,73.63016510009766,45482000.0,GOOGL
2020-08-01,,,,,,,GOOGL
2020-08-01,,,,,,,GOOGL
2020-08-01,,,,,,,GOOGL
2020-08-01,,,,,,,GOOGL
2020-08-01,,,,,,,GOOGL
2020-08-01,,,,,,,GOOGL
2020-08-01,,,,,,,GOOGL
2020-08-01,,,,,,,GOOGL
2020-08-01,,,,,,,GOOGL
2020-08-01,,,,,,,GOOGL
2020-08-01,,,,,,,GOOGL
2020-08-01,,,,,,,GOOGL
2020-08-01,,,,,,,GOOGL
2020-08-01,,,,,,,HD
2020-08-01,,,,,,,HD
2020-08-01,,,,,,,HD
2020-08-01,,,,,,,HD
2020-08-01,,,,,,,HD
2020-08-01,,,,,,,HD
2020-08-01,,,,,,,HD
2020-08-01,266.7300109863281,268.5799865722656,265.6700134277344,266.17999267578125,234.6579132080078,2363500.0,HD
2020-08-01,,,,,,,HD
2020-08-01,,,,,,,HD
2020-08-01,,,,,,,HD
2020-08-01,,,,,,,HD
2020-08-01,,,,,,,HD
2020-08-01,,,,,,,HD
2020-08-01,,,,,,,HD
2020-08-01,,,,,,,HD
2020-08-01,,,,,,,HD
2020-08-01,,,,,,,HD
2020-08-01,,,,,,,HD
2020-08-01,,,,,,,HD
2020-08-01,,,,,,,JNJ
2020-08-01,,,,,,,JNJ
2020-08-01,,,,,,,JNJ
2020-08-01,,,,,,,JNJ
2020-08-01,,,,,,,JNJ
2020-08-01,,,,,,,JNJ
2020-08-01,,,,,,,JNJ
2020-08-01,,,,,,,JNJ
2020-08-01,146.38999938964844,147.7899932861328,146.14999389648438,147.35000610351562,126.91837310791016,4078700.0,JNJ
2020-08-01,,,,,,,JNJ
2020-08-01,,,,,,,JNJ
2020-08-01,,,,,,,JNJ
2020-08-01,,,,,,,JNJ
2020-08-01,,,,,,,JNJ
2020-08-01,,,,,,,JNJ
2020-08-01,,,,,,,JNJ
2020-08-01,,,,,,,JNJ
2020-08-01,,,,,,,JNJ
2020-08-01,,,,,,,JNJ
2020-08-01,,,,,,,JNJ
2020-08-01,,,,,,,JPM
2020-08-01,,,,,,,JPM
2020-08-01,,,,,,,JPM
2020-08-01,,,,,,,JPM
2020-08-01,,,,,,,JPM
2020-08-01,,,,,,,JPM
2020-08-01,,,,,,,JPM
2020-08-01,,,,,,,JPM
2020-08-01,,,,,,,JPM
2020-08-01,97.0199966430664,97.56999969482422,95.8499984741211,96.0999984741211,84.03269958496094,12962800.0,JPM
2020-08-01,,,,,,,JPM
2020-08-01,,,,,,,JPM
2020-08-01,,,,,,,JPM
2020-08-01,,,,,,,JPM
2020-08-01,,,,,,,JPM
2020-08-01,,,,,,,JPM
2020-08-01,,,,,,,JPM
2020-08-01,,,,,,,JPM
2020-08-01,,,,,,,JPM
2020-08-01,,,,,,,JPM
2020-08-01,,,,,,,MA
2020-08-01,,,,,,,MA
2020-08-01,,,,,,,MA
2020-08-01,,,,,,,MA
2020-08-01,,,,,,,MA
2020-08-01,,,,,,,MA
2020-08-01,,,,,,,MA
2020-08-01,,,,,,,MA
2020-08-01,,,,,,,MA
2020-08-01,,,,,,,MA
2020-08-01,311.0,313.5,309.29998779296875,312.5899963378906,303.9104309082031,3907800.0,MA
2020-08-01,,,,,,,MA
2020-08-01,,,,,,,MA
2020-08-01,,,,,,,MA
2020-08-01,,,,,,,MA
2020-08-01,,,,,,,MA
2020-08-01,,,,,,,MA
2020-08-01,,,,,,,MA
2020-08-01,,,,,,,MA
2020-08-01,,,,,,,MA
2020-08-01,,,,,,,META
2020-08-01,,,,,,,META
2020-08-01,,,,,,,META
2020-08-01,,,,,,,META
2020-08-01,,,,,,,META
2020-08-01,,,,,,,META
2020-08-01,,,,,,,META
2020-08-01,,,,,,,META
2020-08-01,,,,,,,META
2020-08-01,,,,,,,META
2020-08-01,,,,,,,META
2020-08-01,252.64999389648438,255.39999389648438,250.3300018310547,251.9600067138672,250.58526611328125,23124900.0,META
2020-08-01,,,,,,,META
2020-08-01,,,,,,,META
2020-08-01,,,,,,,META
2020-08-01,,,,,,,META
2020-08-01,,,,,,,META
2020-08-01,,,,,,,META
2020-08-01,,,,,,,META
2020-08-01,,,,,,,META
2020-08-01,,,,,,,MSFT
2020-08-01,,,,,,,MSFT
2020-08-01,,,,,,,MSFT
2020-08-01,,,,,,,MSFT
2020-08-01,,,,,,,MSFT
2020-08-01,,,,,,,MSFT
2020-08-01,,,,,,,MSFT
2020-08-01,,,,,,,MSFT
2020-08-01,,,,,,,MSFT
2020-08-01,,,,,,,MSFT
2020-08-01,,,,,,,MSFT
2020-08-01,,,,,,,MSFT
2020-08-01,211.52000427246094,217.63999938964844,210.44000244140625,216.5399932861328,207.1233367919922,78983000.0,MSFT
2020-08-01,,,,,,,MSFT
2020-08-01,,,,,,,MSFT
2020-08-01,,,,,,,MSFT
2020-08-01,,,,,,,MSFT
2020-08-01,,,,,,,MSFT
2020-08-01,,,,,,,MSFT
2020-08-01,,,,,,,MSFT
2020-08-01,,,,,,,NFLX
2020-08-01,,,,,,,NFLX
2020-08-01,,,,,,,NFLX
2020-08-01,,,,,,,NFLX
2020-08-01,,,,,,,NFLX
2020-08-01,,,,,,,NFLX
2020-08-01,,,,,,,NFLX
2020-08-01,,,,,,,NFLX
2020-08-01,,,,,,,NFLX
2020-08-01,,,,,,,NFLX
2020-08-01,,,,,,,NFLX
2020-08-01,,,,,,,NFLX
2020-08-01,,,,,,,NFLX
2020-08-01,490.8599853515625,503.0899963378906,490.2300109863281,498.6199951171875,498.6199951171875,5873100.0,NFLX
2020-08-01,,,,,,,NFLX
2020-08-01,,,,,,,NFLX
2020-08-01,,,,,,,NFLX
2020-08-01,,,,,,,NFLX
2020-08-01,,,,,,,NFLX
2020-08-01,,,,,,,NFLX
2020-08-01,,,,,,,NVDA
2020-08-01,,,,,,,NVDA
2020-08-01,,,,,,,NVDA
2020-08-01,,,,,,,NVDA
2020-08-01,,,,,,,NVDA
2020-08-01,,,,,,,NVDA
2020-08-01,,,,,,,NVDA
2020-08-01,,,,,,,NVDA
2020-08-01,,,,,,,NVDA
2020-08-01,,,,,,,NVDA
2020-08-01,,,,,,,NVDA
2020-08-01,,,,,,,NVDA
2020-08-01,,,,,,,NVDA
2020-08-01,,,,,,,NVDA
2020-08-01,10.732500076293945,11.098750114440918,10.715250015258789,11.010250091552734,10.97346019744873,412720000.0,NVDA
2020-08-01,,,,,,,NVDA
2020-08-01,,,,,,,NVDA
2020-08-01,,,,,,,NVDA
2020-08-01,,,,,,,NVDA
2020-08-01,,,,,,,NVDA
2020-08-01,,,,,,,PFE
2020-08-01,,,,,,,PFE
2020-08-01,,,,,,,PFE
2020-08-01,,,,,,,PFE
2020-08-01,,,,,,,PFE
2020-08-01,,,,,,,PFE
2020-08-01,,,,,,,PFE
2020-08-01,,,,,,,PFE
2020-08-01,,,,,,,PFE
2020-08-01,,,,,,,PFE
2020-08-01,,,,,,,PFE
2020-08-01,,,,,,,PFE
2020-08-01,,,,,,,PFE
2020-08-01,,,,,,,PFE
2020-08-01,,,,,,,PFE
2020-08-01,36.63187789916992,36.679317474365234,36.26185989379883,36.38520050048828,28.716777801513672,31036400.0,PFE
2020-08-01,,,,,,,PFE
2020-08-01,,,,,,,PFE
2020-08-01,,,,,,,PFE
2020-08-01,,,,,,,PFE
2020-08-01,,,,,,,PG
2020-08-01,,,,,,,PG
2020-08-01,,,,,,,PG
2020-08-01,,,,,,,PG
2020-08-01,,,,,,,PG
2020-08-01,,,,,,,PG
2020-08-01,,,,,,,PG
2020-08-01,,,,,,,PG
2020-08-01,,,,,,,PG
2020-08-01,,,,,,,PG
2020-08-01,,,,,,,PG
2020-08-01,,,,,,,PG
2020-08-01,,,,,,,PG
2020-08-01,,,,,,,PG
2020-08-01,,,,,,,PG
2020-08-01,,,,,,,PG
2020-08-01,130.47000122070312,131.9199981689453,130.47000122070312,131.2899932861328,116.01734161376953,7769400.0,PG
2020-08-01,,,,,,,PG
2020-08-01,,,,,,,PG
2020-08-01,,,,,,,PG
2020-08-01,,,,,,,TSLA
2020-08-01,,,,,,,TSLA
2020-08-01,,,,,,,TSLA
2020-08-01,,,,,,,TSLA
2020-08-01,,,,,,,TSLA
2020-08-01,,,,,,,TSLA
2020-08-01,,,,,,,TSLA
2020-08-01,,,,,,,TSLA
2020-08-01,,,,,,,TSLA
2020-08-01,,,,,,,TSLA
2020-08-01,,,,,,,TSLA
2020-08-01,,,,,,,TSLA
2020-08-01,,,,,,,TSLA
2020-08-01,,,,,,,TSLA
2020-08-01,,,,,,,TSLA
2020-08-01,,,,,,,TSLA
2020-08-01,,,,,,,TSLA
2020-08-01,96.61333465576172,100.65399932861328,96.29199981689453,99.0,99.0,132139500.0,TSLA
2020-08-01,,,,,,,TSLA
2020-08-01,,,,,,,TSLA
2020-08-01,,,,,,,UNH
2020-08-01,,,,,,,UNH
2020-08-01,,,,,,,UNH
2020-08-01,,,,,,,UNH
2020-08-01,,,,,,,UNH
2020-08-01,,,,,,,UNH
2020-08-01,,,,,,,UNH
2020-08-01,,,,,,,UNH
2020-08-01,,,,,,,UNH
2020-08-01,,,,,,,UNH
2020-08-01,,,,,,,UNH
2020-08-01,,,,,,,UNH
2020-08-01,,,,,,,UNH
2020-08-01,,,,,,,UNH
2020-08-01,,,,,,,UNH
2020-08-01,,,,,,,UNH
2020-08-01,,,,,,,UNH
2020-08-01,,,,,,,UNH
2020-08-01,303.5899963378906,304.9100036621094,299.20001220703125,303.6099853515625,281.3320617675781,2628500.0,UNH
2020-08-01,,,,,,,UNH
2020-08-01,,,,,,,V
2020-08-01,,,,,,,V
2020-08-01,,,,,,,V
2020-08-01,,,,,,,V
2020-08-01,,,,,,,V
2020-08-01,,,,,,,V
2020-08-01,,,,,,,V
2020-08-01,,,,,,,V
2020-08-01,,,,,,,V
2020-08-01,,,,,,,V
2020-08-01,,,,,,,V
2020-08-01,,,,,,,V
2020-08-01,,,,,,,V
2020-08-01,,,,,,,V
2020-08-01,,,,,,,V
2020-08-01,,,,,,,V
2020-08-01,,,,,,,V
2020-08-01,,,,,,,V
2020-08-01,,,,,,,V
2020-08-01,191.8000030517578,193.33999633789062,190.2100067138672,190.69000244140625,183.7084197998047,11405200.0,V
2020-09-01,132.75999450683594,134.8000030517578,130.52999877929688,134.17999267578125,130.51927185058594,151948100.0,AAPL
2020-09-01,,,,,,,AAPL
2020-09-01,,,,,,,AAPL
2020-09-01,,,,,,,AAPL
2020-09-01,,,,,,,AAPL
2020-09-01,,,,,,,AAPL
2020-09-01,,,,,,,AAPL
2020-09-01,,,,,,,AAPL
2020-09-01,,,,,,,AAPL
2020-09-01,,,,,,,AAPL
2020-09-01,,,,,,,AAPL
2020-09-01,,,,,,,AAPL
2020-09-01,,,,,,,AAPL
2020-09-01,,,,,,,AAPL
2020-09-01,,,,,,,AAPL
2020-09-01,,,,,,,AAPL
2020-09-01,,,,,,,AAPL
2020-09-01,,,,,,,AAPL
2020-09-01,,,,,,,AAPL
2020-09-01,,,,,,,AAPL
2020-09-01,,,,,,,ADBE
2020-09-01,515.0,528.5399780273438,514.47998046875,527.9500122070312,527.9500122070312,2404000.0,ADBE
2020-09-01,,,,,,,ADBE
2020-09-01,,,,,,,ADBE
2020-09-01,,,,,,,ADBE
2020-09-01,,,,,,,ADBE
2020-09-01,,,,,,,ADBE
2020-09-01,,,,,,,ADBE
2020-09-01,,,,,,,ADBE
2020-09-01,,,,,,,ADBE
2020-09-01,,,,,,,ADBE
2020-09-01,,,,,,,ADBE
2020-09-01,,,,,,,ADBE
2020-09-01,,,,,,,ADBE
2020-09-01,,,,,,,ADBE
2020-09-01,,,,,,,ADBE
2020-09-01,,,,,,,ADBE
2020-09-01,,,,,,,ADBE
2020-09-01,,,,,,,ADBE
2020-09-01,,,,,,,ADBE
2020-09-01,,,,,,,AMZN
2020-09-01,,,,,,,AMZN
2020-09-01,174.47900390625,175.69349670410156,173.35000610351562,174.95599365234375,174.95599365234375,68644000.0,AMZN
2020-09-01,,,,,,,AMZN
2020-09-01,,,,,,,AMZN
2020-09-01,,,,,,,AMZN
2020-09-01,,,,,,,AMZN
2020-09-01,,,,,,,AMZN
2020-09-01,,,,,,,AMZN
2020-09-01,,,,,,,AMZN
2020-09-01,,,,,,,AMZN
2020-09-01,,,,,,,AMZN
2020-09-01,,,,,,,AMZN
2020-09-01,,,,,,,AMZN
2020-09-01,,,,,,,AMZN
2020-09-01,,,,,,,AMZN
2020-09-01,,,,,,,AMZN
2020-09-01,,,,,,,AMZN
2020-09-01,,,,,,,AMZN
2020-09-01,,,,,,,AMZN
2020-09-01,,,,,,,BAC
2020-09-01,,,,,,,BAC
2020-09-01,,,,,,,BAC
2020-09-01,25.579999923706055,25.899999618530273,25.399999618530273,25.709999084472656,22.60419464111328,46109200.0,BAC
2020-09-01,,,,,,,BAC
2020-09-01,,,,,,,BAC
2020-09-01,,,,,,,BAC
2020-09-01,,,,,,,BAC
2020-09-01,,,,,,,BAC
2020-09-01,,,,,,,BAC
2020-09-01,,,,,,,BAC
2020-09-01,,,,,,,BAC
2020-09-01,,,,,,,BAC
2020-09-01,,,,,,,BAC
2020-09-01,,,,,,,BAC
2020-09-01,,,,,,,BAC
2020-09-01,,,,,,,BAC
2020-09-01,,,,,,,BAC
2020-09-01,,,,,,,BAC
2020-09-01,,,,,,,BAC
2020-09-01,,,,,,,CRM
2020-09-01,,,,,,,CRM
2020-09-01,,,,,,,CRM
2020-09-01,,,,,,,CRM
2020-09-01,271.0,281.92999267578125,270.5799865722656,281.25,278.8069763183594,13293600.0,CRM
2020-09-01,,,,,,,CRM
2020-09-01,,,,,,,CRM
2020-09-01,,,,,,,CRM
2020-09-01,,,,,,,CRM
2020-09-01,,,,,,,CRM
2020-09-01,,,,,,,CRM
2020-09-01,,,,,,,CRM
2020-09-01,,,,,,,CRM
2020-09-01,,,,,,,CRM
2020-09-01,,,,,,,CRM
2020-09-01,,,,,,,CRM
2020-09-01,,,,,,,CRM
2020-09-01,,,,,,,CRM
2020-09-01,,,,,,,CRM
2020-09-01,,,,,,,CRM
2020-09-01,,,,,,,DIS
2020-09-01,,,,,,,DIS
2020-09-01,,,,,,,DIS
2020-09-01,,,,,,,DIS
2020-09-01,,,,,,,DIS
2020-09-01,131.9199981689453,133.61000061035156,130.88999938964844,133.5500030517578,131.36013793945312,7351200.0,DIS
2020-09-01,,,,,,,DIS
2020-09-01,,,,,,,DIS
2020-09-01,,,,,,,DIS
2020-09-01,,,,,,,DIS
2020-09-01,,,,,,,DIS
2020-09-01,,,,,,,DIS
2020-09-01,,,,,,,DIS
2020-09-01,,,,,,,DIS
2020-09-01,,,,,,,DIS
2020-09-01,,,,,,,DIS
2020-09-01,,,,,,,DIS
2020-09-01,,,,,,,DIS
2020-09-01,,,,,,,DIS
2020-09-01,,,,,,,DIS
2020-09-01,,,,,,,GOOGL
2020-09-01,,,,,,,GOOGL
2020-09-01,,,,,,,GOOGL
2020-09-01,,,,,,,GOOGL
2020-09-01,,,,,,,GOOGL
2020-09-01,,,,,,,GOOGL
2020-09-01,81.60800170898438,82.96099853515625,81.47650146484375,82.75399780273438,82.18714141845703,22652000.0,GOOGL
2020-09-01,,,,,,,GOOGL
2020-09-01,,,,,,,GOOGL
2020-09-01,,,,,,,GOOGL
2020-09-01,,,,,,,GOOGL
2020-09-01,,,,,,,GOOGL
2020-09-01,,,,,,,GOOGL
2020-09-01,,,,,,,GOOGL
2020-09-01,,,,,,,GOOGL
2020-09-01,,,,,,,GOOGL
2020-09-01,,,,,,,GOOGL
2020-09-01,,,,,,,GOOGL
2020-09-01,,,,,,,GOOGL
2020-09-01,,,,,,,GOOGL
2020-09-01,,,,,,,HD
2020-09-01,,,,,,,HD
2020-09-01,,,,,,,HD
2020-09-01,,,,,,,HD
2020-09-01,,,,,,,HD
2020-09-01,,,,,,,HD
2020-09-01,,,,,,,HD
2020-09-01,284.0299987792969,286.67999267578125,283.5,285.94000244140625,252.07777404785156,3235100.0,HD
2020-09-01,,,,,,,HD
2020-09-01,,,,,,,HD
2020-09-01,,,,,,,HD
2020-09-01,,,,,,,HD
2020-09-01,,,,,,,HD
2020-09-01,,,,,,,HD
2020-09-01,,,,,,,HD
2020-09-01,,,,,,,HD
2020-09-01,,,,,,,HD
2020-09-01,,,,,,,HD
2020-09-01,,,,,,,HD
2020-09-01,,,,,,,HD
2020-09-01,,,,,,,JNJ
2020-09-01,,,,,,,JNJ
2020-09-01,,,,,,,JNJ
2020-09-01,,,,,,,JNJ
2020-09-01,,,,,,,JNJ
2020-09-01,,,,,,,JNJ
2020-09-01,,,,,,,JNJ
2020-09-01,,,,,,,JNJ
2020-09-01,153.8699951171875,154.0800018310547,150.07000732421875,151.52000427246094,131.3787841796875,6307700.0,JNJ
2020-09-01,,,,,,,JNJ
2020-09-01,,,,,,,JNJ
2020-09-01,,,,,,,JNJ
2020-09-01,,,,,,,JNJ
2020-09-01,,,,,,,JNJ
2020-09-01,,,,,,,JNJ
2020-09-01,,,,,,,JNJ
2020-09-01,,,,,,,JNJ
2020-09-01,,,,,,,JNJ
2020-09-01,,,,,,,JNJ
2020-09-01,,,,,,,JNJ
2020-09-01,,,,,,,JPM
2020-09-01,,,,,,,JPM
2020-09-01,,,,,,,JPM
2020-09-01,,,,,,,JPM
2020-09-01,,,,,,,JPM
2020-09-01,,,,,,,JPM
2020-09-01,,,,,,,JPM
2020-09-01,,,,,,,JPM
2020-09-01,,,,,,,JPM
2020-09-01,99.55000305175781,100.87000274658203,99.04000091552734,100.13999938964844,87.56537628173828,11595600.0,JPM
2020-09-01,,,,,,,JPM
2020-09-01,,,,,,,JPM
2020-09-01,,,,,,,JPM
2020-09-01,,,,,,,JPM
2020-09-01,,,,,,,JPM
2020-09-01,,,,,,,JPM
2020-09-01,,,,,,,JPM
2020-09-01,,,,,,,JPM
2020-09-01,,,,,,,JPM
2020-09-01,,,,,,,JPM
2020-09-01,,,,,,,MA
2020-09-01,,,,,,,MA
2020-09-01,,,,,,,MA
2020-09-01,,,,,,,MA
2020-09-01,,,,,,,MA
2020-09-01,,,,,,,MA
2020-09-01,,,,,,,MA
2020-09-01,,,,,,,MA
2020-09-01,,,,,,,MA
2020-09-01,,,,,,,MA
2020-09-01,357.7099914550781,359.44000244140625,353.55999755859375,356.8999938964844,346.9900207519531,4409600.0,MA
2020-09-01,,,,,,,MA
2020-09-01,,,,,,,MA
2020-09-01,,,,,,,MA
2020-09-01,,,,,,,MA
2020-09-01,,,,,,,MA
2020-09-01,,,,,,,MA
2020-09-01,,,,,,,MA
2020-09-01,,,,,,,MA
2020-09-01,,,,,,,MA
2020-09-01,,,,,,,META
2020-09-01,,,,,,,META
2020-09-01,,,,,,,META
2020-09-01,,,,,,,META
2020-09-01,,,,,,,META
2020-09-01,,,,,,,META
2020-09-01,,,,,,,META
2020-09-01,,,,,,,META
2020-09-01,,,,,,,META
2020-09-01,,,,,,,META
2020-09-01,,,,,,,META
2020-09-01,294.7099914550781,301.489990234375,292.7099914550781,295.44000244140625,293.8280334472656,17295900.0,META
2020-09-01,,,,,,,META
2020-09-01,,,,,,,META
2020-09-01,,,,,,,META
2020-09-01,,,,,,,META
2020-09-01,,,,,,,META
2020-09-01,,,,,,,META
2020-09-01,,,,,,,META
2020-09-01,,,,,,,META
2020-09-01,,,,,,,MSFT
2020-09-01,,,,,,,MSFT
2020-09-01,,,,,,,MSFT
2020-09-01,,,,,,,MSFT
2020-09-01,,,,,,,MSFT
2020-09-01,,,,,,,MSFT
2020-09-01,,,,,,,MSFT
2020-09-01,,,,,,,MSFT
2020-09-01,,,,,,,MSFT
2020-09-01,,,,,,,MSFT
2020-09-01,,,,,,,MSFT
2020-09-01,,,,,,,MSFT
2020-09-01,225.50999450683594,227.4499969482422,224.42999267578125,227.27000427246094,217.9122772216797,25725500.0,MSFT
2020-09-01,,,,,,,MSFT
2020-09-01,,,,,,,MSFT
2020-09-01,,,,,,,MSFT
2020-09-01,,,,,,,MSFT
2020-09-01,,,,,,,MSFT
2020-09-01,,,,,,,MSFT
2020-09-01,,,,,,,MSFT
2020-09-01,,,,,,,NFLX
2020-09-01,,,,,,,NFLX
2020-09-01,,,,,,,NFLX
2020-09-01,,,,,,,NFLX
2020-09-01,,,,,,,NFLX
2020-09-01,,,,,,,NFLX
2020-09-01,,,,,,,NFLX
2020-09-01,,,,,,,NFLX
2020-09-01,,,,,,,NFLX
2020-09-01,,,,,,,NFLX
2020-09-01,,,,,,,NFLX
2020-09-01,,,,,,,NFLX
2020-09-01,,,,,,,NFLX
2020-09-01,532.5999755859375,557.3900146484375,532.4500122070312,556.5499877929688,556.5499877929688,9572700.0,NFLX
2020-09-01,,,,,,,NFLX
2020-09-01,,,,,,,NFLX
2020-09-01,,,,,,,NFLX
2020-09-01,,,,,,,NFLX
2020-09-01,,,,,,,NFLX
2020-09-01,,,,,,,NFLX
2020-09-01,,,,,,,NVDA
2020-09-01,,,,,,,NVDA
2020-09-01,,,,,,,NVDA
2020-09-01,,,,,,,NVDA
2020-09-01,,,,,,,NVDA
2020-09-01,,,,,,,NVDA
2020-09-01,,,,,,,NVDA
2020-09-01,,,,,,,NVDA
2020-09-01,,,,,,,NVDA
2020-09-01,,,,,,,NVDA
2020-09-01,,,,,,,NVDA
2020-09-01,,,,,,,NVDA
2020-09-01,,,,,,,NVDA
2020-09-01,,,,,,,NVDA
2020-09-01,13.479999542236328,13.993749618530273,13.43649959564209,13.821000099182129,13.778940200805664,511316000.0,NVDA
2020-09-01,,,,,,,NVDA
2020-09-01,,,,,,,NVDA
2020-09-01,,,,,,,NVDA
2020-09-01,,,,,,,NVDA
2020-09-01,,,,,,,NVDA
2020-09-01,,,,,,,PFE
2020-09-01,,,,,,,PFE
2020-09-01,,,,,,,PFE
2020-09-01,,,,,,,PFE
2020-09-01,,,,,,,PFE
2020-09-01,,,,,,,PFE
2020-09-01,,,,,,,PFE
2020-09-01,,,,,,,PFE
2020-09-01,,,,,,,PFE
2020-09-01,,,,,,,PFE
2020-09-01,,,,,,,PFE
2020-09-01,,,,,,,PFE
2020-09-01,,,,,,,PFE
2020-09-01,,,,,,,PFE
2020-09-01,,,,,,,PFE
2020-09-01,35.85388946533203,35.882354736328125,34.639469146728516,34.99051284790039,27.616037368774414,36145560.0,PFE
2020-09-01,,,,,,,PFE
2020-09-01,,,,,,,PFE
2020-09-01,,,,,,,PFE
2020-09-01,,,,,,,PFE
2020-09-01,,,,,,,PG
2020-09-01,,,,,,,PG
2020-09-01,,,,,,,PG
2020-09-01,,,,,,,PG
2020-09-01,,,,,,,PG
2020-09-01,,,,,,,PG
2020-09-01,,,,,,,PG
2020-09-01,,,,,,,PG
2020-09-01,,,,,,,PG
2020-09-01,,,,,,,PG
2020-09-01,,,,,,,PG
2020-09-01,,,,,,,PG
2020-09-01,,,,,,,PG
2020-09-01,,,,,,,PG
2020-09-01,,,,,,,PG
2020-09-01,,,,,,,PG
2020-09-01,137.86000061035156,138.22000122070312,137.07000732421875,138.17999267578125,122.1058120727539,5671800.0,PG
2020-09-01,,,,,,,PG
2020-09-01,,,,,,,PG
2020-09-01,,,,,,,PG
2020-09-01,,,,,,,TSLA
2020-09-01,,,,,,,TSLA
2020-09-01,,,,,,,TSLA
2020-09-01,,,,,,,TSLA
2020-09-01,,,,,,,TSLA
2020-09-01,,,,,,,TSLA
2020-09-01,,,,,,,TSLA
2020-09-01,,,,,,,TSLA
2020-09-01,,,,,,,TSLA
2020-09-01,,,,,,,TSLA
2020-09-01,,,,,,,TSLA
2020-09-01,,,,,,,TSLA
2020-09-01,,,,,,,TSLA
2020-09-01,,,,,,,TSLA
2020-09-01,,,,,,,TSLA
2020-09-01,,,,,,,TSLA
2020-09-01,,,,,,,TSLA
2020-09-01,167.3800048828125,167.49667358398438,156.836669921875,158.35000610351562,158.35000610351562,269523300.0,TSLA
2020-09-01,,,,,,,TSLA
2020-09-01,,,,,,,TSLA
2020-09-01,,,,,,,UNH
2020-09-01,,,,,,,UNH
2020-09-01,,,,,,,UNH
2020-09-01,,,,,,,UNH
2020-09-01,,,,,,,UNH
2020-09-01,,,,,,,UNH
2020-09-01,,,,,,,UNH
2020-09-01,,,,,,,UNH
2020-09-01,,,,,,,UNH
2020-09-01,,,,,,,UNH
2020-09-01,,,,,,,UNH
2020-09-01,,,,,,,UNH
2020-09-01,,,,,,,UNH
2020-09-01,,,,,,,UNH
2020-09-01,,,,,,,UNH
2020-09-01,,,,,,,UNH
2020-09-01,,,,,,,UNH
2020-09-01,,,,,,,UNH
2020-09-01,310.1600036621094,314.7200012207031,310.0,312.8299865722656,289.87554931640625,2487100.0,UNH
2020-09-01,,,,,,,UNH
2020-09-01,,,,,,,V
2020-09-01,,,,,,,V
2020-09-01,,,,,,,V
2020-09-01,,,,,,,V
2020-09-01,,,,,,,V
2020-09-01,,,,,,,V
2020-09-01,,,,,,,V
2020-09-01,,,,,,,V
2020-09-01,,,,,,,V
2020-09-01,,,,,,,V
2020-09-01,,,,,,,V
2020-09-01,,,,,,,V
2020-09-01,,,,,,,V
2020-09-01,,,,,,,V
2020-09-01,,,,,,,V
2020-09-01,,,,,,,V
2020-09-01,,,,,,,V
2020-09-01,,,,,,,V
2020-09-01,,,,,,,V
2020-09-01,212.2100067138672,213.88999938964844,211.1199951171875,213.35000610351562,205.84951782226562,5642900.0,V
2020-10-01,117.63999938964844,117.72000122070312,115.83000183105469,116.79000091552734,113.60371398925781,116120400.0,AAPL
2020-10-01,,,,,,,AAPL
2020-10-01,,,,,,,AAPL
2020-10-01,,,,,,,AAPL
2020-10-01,,,,,,,AAPL
2020-10-01,,,,,,,AAPL
2020-10-01,,,,,,,AAPL
2020-10-01,,,,,,,AAPL
2020-10-01,,,,,,,AAPL
2020-10-01,,,,,,,AAPL
2020-10-01,,,,,,,AAPL
2020-10-01,,,,,,,AAPL
2020-10-01,,,,,,,AAPL
2020-10-01,,,,,,,AAPL
2020-10-01,,,,,,,AAPL
2020-10-01,,,,,,,AAPL
2020-10-01,,,,,,,AAPL
2020-10-01,,,,,,,AAPL
2020-10-01,,,,,,,AAPL
2020-10-01,,,,,,,AAPL
2020-10-01,,,,,,,ADBE
2020-10-01,497.42999267578125,501.5,495.760009765625,499.510009765625,499.510009765625,2264600.0,ADBE
2020-10-01,,,,,,,ADBE
2020-10-01,,,,,,,ADBE
2020-10-01,,,,,,,ADBE
2020-10-01,,,,,,,ADBE
2020-10-01,,,,,,,ADBE
2020-10-01,,,,,,,ADBE
2020-10-01,,,,,,,ADBE
2020-10-01,,,,,,,ADBE
2020-10-01,,,,,,,ADBE
2020-10-01,,,,,,,ADBE
2020-10-01,,,,,,,ADBE
2020-10-01,,,,,,,ADBE
2020-10-01,,,,,,,ADBE
2020-10-01,,,,,,,ADBE
2020-10-01,,,,,,,ADBE
2020-10-01,,,,,,,ADBE
2020-10-01,,,,,,,ADBE
2020-10-01,,,,,,,ADBE
2020-10-01,,,,,,,AMZN
2020-10-01,,,,,,,AMZN
2020-10-01,160.39999389648438,161.1999969482422,158.60000610351562,161.06300354003906,161.06300354003906,99438000.0,AMZN
2020-10-01,,,,,,,AMZN
2020-10-01,,,,,,,AMZN
2020-10-01,,,,,,,AMZN
2020-10-01,,,,,,,AMZN
2020-10-01,,,,,,,AMZN
2020-10-01,,,,,,,AMZN
2020-10-01,,,,,,,AMZN
2020-10-01,,,,,,,AMZN
2020-10-01,,,,,,,AMZN
2020-10-01,,,,,,,AMZN
2020-10-01,,,,,,,AMZN
2020-10-01,,,,,,,AMZN
2020-10-01,,,,,,,AMZN
2020-10-01,,,,,,,AMZN
2020-10-01,,,,,,,AMZN
2020-10-01,,,,,,,AMZN
2020-10-01,,,,,,,AMZN
2020-10-01,,,,,,,BAC
2020-10-01,,,,,,,BAC
2020-10-01,,,,,,,BAC
2020-10-01,24.270000457763672,24.40999984741211,23.860000610351562,24.100000381469727,21.336286544799805,44782200.0,BAC
2020-10-01,,,,,,,BAC
2020-10-01,,,,,,,BAC
2020-10-01,,,,,,,BAC
2020-10-01,,,,,,,BAC
2020-10-01,,,,,,,BAC
2020-10-01,,,,,,,BAC
2020-10-01,,,,,,,BAC
2020-10-01,,,,,,,BAC
2020-10-01,,,,,,,BAC
2020-10-01,,,,,,,BAC
2020-10-01,,,,,,,BAC
2020-10-01,,,,,,,BAC
2020-10-01,,,,,,,BAC
2020-10-01,,,,,,,BAC
2020-10-01,,,,,,,BAC
2020-10-01,,,,,,,BAC
2020-10-01,,,,,,,CRM
2020-10-01,,,,,,,CRM
2020-10-01,,,,,,,CRM
2020-10-01,,,,,,,CRM
2020-10-01,253.17999267578125,254.6699981689453,250.80999755859375,253.4499969482422,251.24839782714844,4318000.0,CRM
2020-10-01,,,,,,,CRM
2020-10-01,,,,,,,CRM
2020-10-01,,,,,,,CRM
2020-10-01,,,,,,,CRM
2020-10-01,,,,,,,CRM
2020-10-01,,,,,,,CRM
2020-10-01,,,,,,,CRM
2020-10-01,,,,,,,CRM
2020-10-01,,,,,,,CRM
2020-10-01,,,,,,,CRM
2020-10-01,,,,,,,CRM
2020-10-01,,,,,,,CRM
2020-10-01,,,,,,,CRM
2020-10-01,,,,,,,CRM
2020-10-01,,,,,,,CRM
2020-10-01,,,,,,,DIS
2020-10-01,,,,,,,DIS
2020-10-01,,,,,,,DIS
2020-10-01,,,,,,,DIS
2020-10-01,,,,,,,DIS
2020-10-01,124.94000244140625,125.47000122070312,122.41999816894531,123.30999755859375,121.28803253173828,8908300.0,DIS
2020-10-01,,,,,,,DIS
2020-10-01,,,,,,,DIS
2020-10-01,,,,,,,DIS
2020-10-01,,,,,,,DIS
2020-10-01,,,,,,,DIS
2020-10-01,,,,,,,DIS
2020-10-01,,,,,,,DIS
2020-10-01,,,,,,,DIS
2020-10-01,,,,,,,DIS
2020-10-01,,,,,,,DIS
2020-10-01,,,,,,,DIS
2020-10-01,,,,,,,DIS
2020-10-01,,,,,,,DIS
2020-10-01,,,,,,,DIS
2020-10-01,,,,,,,GOOGL
2020-10-01,,,,,,,GOOGL
2020-10-01,,,,,,,GOOGL
2020-10-01,,,,,,,GOOGL
2020-10-01,,,,,,,GOOGL
2020-10-01,,,,,,,GOOGL
2020-10-01,74.18299865722656,74.75350189208984,73.83999633789062,74.3949966430664,73.88540649414062,32884000.0,GOOGL
2020-10-01,,,,,,,GOOGL
2020-10-01,,,,,,,GOOGL
2020-10-01,,,,,,,GOOGL
2020-10-01,,,,,,,GOOGL
2020-10-01,,,,,,,GOOGL
2020-10-01,,,,,,,GOOGL
2020-10-01,,,,,,,GOOGL
2020-10-01,,,,,,,GOOGL
2020-10-01,,,,,,,GOOGL
2020-10-01,,,,,,,GOOGL
2020-10-01,,,,,,,GOOGL
2020-10-01,,,,,,,GOOGL
2020-10-01,,,,,,,GOOGL
2020-10-01,,,,,,,HD
2020-10-01,,,,,,,HD
2020-10-01,,,,,,,HD
2020-10-01,,,,,,,HD
2020-10-01,,,,,,,HD
2020-10-01,,,,,,,HD
2020-10-01,,,,,,,HD
2020-10-01,279.44000244140625,280.0,275.8500061035156,277.6199951171875,246.0337677001953,2696900.0,HD
2020-10-01,,,,,,,HD
2020-10-01,,,,,,,HD
2020-10-01,,,,,,,HD
2020-10-01,,,,,,,HD
2020-10-01,,,,,,,HD
2020-10-01,,,,,,,HD
2020-10-01,,,,,,,HD
2020-10-01,,,,,,,HD
2020-10-01,,,,,,,HD
2020-10-01,,,,,,,HD
2020-10-01,,,,,,,HD
2020-10-01,,,,,,,HD
2020-10-01,,,,,,,JNJ
2020-10-01,,,,,,,JNJ
2020-10-01,,,,,,,JNJ
2020-10-01,,,,,,,JNJ
2020-10-01,,,,,,,JNJ
2020-10-01,,,,,,,JNJ
2020-10-01,,,,,,,JNJ
2020-10-01,,,,,,,JNJ
2020-10-01,149.30999755859375,149.64999389648438,146.4600067138672,147.32000732421875,127.7370834350586,6457800.0,JNJ
2020-10-01,,,,,,,JNJ
2020-10-01,,,,,,,JNJ
2020-10-01,,,,,,,JNJ
2020-10-01,,,,,,,JNJ
2020-10-01,,,,,,,JNJ
2020-10-01,,,,,,,JNJ
2020-10-01,,,,,,,JNJ
2020-10-01,,,,,,,JNJ
2020-10-01,,,,,,,JNJ
2020-10-01,,,,,,,JNJ
2020-10-01,,,,,,,JNJ
2020-10-01,,,,,,,JPM
2020-10-01,,,,,,,JPM
2020-10-01,,,,,,,JPM
2020-10-01,,,,,,,JPM
2020-10-01,,,,,,,JPM
2020-10-01,,,,,,,JPM
2020-10-01,,,,,,,JPM
2020-10-01,,,,,,,JPM
2020-10-01,,,,,,,JPM
2020-10-01,97.12000274658203,97.7699966430664,96.02999877929688,96.97000122070312,84.79346466064453,15778700.0,JPM
2020-10-01,,,,,,,JPM
2020-10-01,,,,,,,JPM
2020-10-01,,,,,,,JPM
2020-10-01,,,,,,,JPM
2020-10-01,,,,,,,JPM
2020-10-01,,,,,,,JPM
2020-10-01,,,,,,,JPM
2020-10-01,,,,,,,JPM
2020-10-01,,,,,,,JPM
2020-10-01,,,,,,,JPM
2020-10-01,,,,,,,MA
2020-10-01,,,,,,,MA
2020-10-01,,,,,,,MA
2020-10-01,,,,,,,MA
2020-10-01,,,,,,,MA
2020-10-01,,,,,,,MA
2020-10-01,,,,,,,MA
2020-10-01,,,,,,,MA
2020-10-01,,,,,,,MA
2020-10-01,,,,,,,MA
2020-10-01,342.239990234375,346.70001220703125,340.2799987792969,343.3699951171875,333.83575439453125,2503600.0,MA
2020-10-01,,,,,,,MA
2020-10-01,,,,,,,MA
2020-10-01,,,,,,,MA
2020-10-01,,,,,,,MA
2020-10-01,,,,,,,MA
2020-10-01,,,,,,,MA
2020-10-01,,,,,,,MA
2020-10-01,,,,,,,MA
2020-10-01,,,,,,,MA
2020-10-01,,,,,,,META
2020-10-01,,,,,,,META
2020-10-01,,,,,,,META
2020-10-01,,,,,,,META
2020-10-01,,,,,,,META
2020-10-01,,,,,,,META
2020-10-01,,,,,,,META
2020-10-01,,,,,,,META
2020-10-01,,,,,,,META
2020-10-01,,,,,,,META
2020-10-01,,,,,,,META
2020-10-01,265.3500061035156,268.3299865722656,264.79998779296875,266.6300048828125,265.1752014160156,20009800.0,META
2020-10-01,,,,,,,META
2020-10-01,,,,,,,META
2020-10-01,,,,,,,META
2020-10-01,,,,,,,META
2020-10-01,,,,,,,META
2020-10-01,,,,,,,META
2020-10-01,,,,,,,META
2020-10-01,,,,,,,META
2020-10-01,,,,,,,MSFT
2020-10-01,,,,,,,MSFT
2020-10-01,,,,,,,MSFT
2020-10-01,,,,,,,MSFT
2020-10-01,,,,,,,MSFT
2020-10-01,,,,,,,MSFT
2020-10-01,,,,,,,MSFT
2020-10-01,,,,,,,MSFT
2020-10-01,,,,,,,MSFT
2020-10-01,,,,,,,MSFT
2020-10-01,,,,,,,MSFT
2020-10-01,,,,,,,MSFT
2020-10-01,213.49000549316406,213.99000549316406,211.32000732421875,212.4600067138672,203.71205139160156,27158400.0,MSFT
2020-10-01,,,,,,,MSFT
2020-10-01,,,,,,,MSFT
2020-10-01,,,,,,,MSFT
2020-10-01,,,,,,,MSFT
2020-10-01,,,,,,,MSFT
2020-10-01,,,,,,,MSFT
2020-10-01,,,,,,,MSFT
2020-10-01,,,,,,,NFLX
2020-10-01,,,,,,,NFLX
2020-10-01,,,,,,,NFLX
2020-10-01,,,,,,,NFLX
2020-10-01,,,,,,,NFLX
2020-10-01,,,,,,,NFLX
2020-10-01,,,,,,,NFLX
2020-10-01,,,,,,,NFLX
2020-10-01,,,,,,,NFLX
2020-10-01,,,,,,,NFLX
2020-10-01,,,,,,,NFLX
2020-10-01,,,,,,,NFLX
2020-10-01,,,,,,,NFLX
2020-10-01,506.0299987792969,529.5499877929688,503.6000061035156,527.510009765625,527.510009765625,8153700.0,NFLX
2020-10-01,,,,,,,NFLX
2020-10-01,,,,,,,NFLX
2020-10-01,,,,,,,NFLX
2020-10-01,,,,,,,NFLX
2020-10-01,,,,,,,NFLX
2020-10-01,,,,,,,NFLX
2020-10-01,,,,,,,NVDA
2020-10-01,,,,,,,NVDA
2020-10-01,,,,,,,NVDA
2020-10-01,,,,,,,NVDA
2020-10-01,,,,,,,NVDA
2020-10-01,,,,,,,NVDA
2020-10-01,,,,,,,NVDA
2020-10-01,,,,,,,NVDA
2020-10-01,,,,,,,NVDA
2020-10-01,,,,,,,NVDA
2020-10-01,,,,,,,NVDA
2020-10-01,,,,,,,NVDA
2020-10-01,,,,,,,NVDA
2020-10-01,,,,,,,NVDA
2020-10-01,13.758000373840332,13.762749671936035,13.460749626159668,13.614500045776367,13.573066711425781,525004000.0,NVDA
2020-10-01,,,,,,,NVDA
2020-10-01,,,,,,,NVDA
2020-10-01,,,,,,,NVDA
2020-10-01,,,,,,,NVDA
2020-10-01,,,,,,,NVDA
2020-10-01,,,,,,,PFE
2020-10-01,,,,,,,PFE
2020-10-01,,,,,,,PFE
2020-10-01,,,,,,,PFE
2020-10-01,,,,,,,PFE
2020-10-01,,,,,,,PFE
2020-10-01,,,,,,,PFE
2020-10-01,,,,,,,PFE
2020-10-01,,,,,,,PFE
2020-10-01,,,,,,,PFE
2020-10-01,,,,,,,PFE
2020-10-01,,,,,,,PFE
2020-10-01,,,,,,,PFE
2020-10-01,,,,,,,PFE
2020-10-01,,,,,,,PFE
2020-10-01,35.01897430419922,35.189754486083984,34.30739974975586,34.50664138793945,27.234140396118164,22520396.0,PFE
2020-10-01,,,,,,,PFE
2020-10-01,,,,,,,PFE
2020-10-01,,,,,,,PFE
2020-10-01,,,,,,,PFE
2020-10-01,,,,,,,PG
2020-10-01,,,,,,,PG
2020-10-01,,,,,,,PG
2020-10-01,,,,,,,PG
2020-10-01,,,,,,,PG
2020-10-01,,,,,,,PG
2020-10-01,,,,,,,PG
2020-10-01,,,,,,,PG
2020-10-01,,,,,,,PG
2020-10-01,,,,,,,PG
2020-10-01,,,,,,,PG
2020-10-01,,,,,,,PG
2020-10-01,,,,,,,PG
2020-10-01,,,,,,,PG
2020-10-01,,,,,,,PG
2020-10-01,,,,,,,PG
2020-10-01,139.5800018310547,139.99000549316406,138.2100067138672,139.24000549316406,123.04252624511719,5713400.0,PG
2020-10-01,,,,,,,PG
2020-10-01,,,,,,,PG
2020-10-01,,,,,,,PG
2020-10-01,,,,,,,TSLA
2020-10-01,,,,,,,TSLA
2020-10-01,,,,,,,TSLA
2020-10-01,,,,,,,TSLA
2020-10-01,,,,,,,TSLA
2020-10-01,,,,,,,TSLA
2020-10-01,,,,,,,TSLA
2020-10-01,,,,,,,TSLA
2020-10-01,,,,,,,TSLA
2020-10-01,,,,,,,TSLA
2020-10-01,,,,,,,TSLA
2020-10-01,,,,,,,TSLA
2020-10-01,,,,,,,TSLA
2020-10-01,,,,,,,TSLA
2020-10-01,,,,,,,TSLA
2020-10-01,,,,,,,TSLA
2020-10-01,,,,,,,TSLA
2020-10-01,146.9199981689453,149.6266632080078,144.80667114257812,149.3866729736328,149.3866729736328,152224500.0,TSLA
2020-10-01,,,,,,,TSLA
2020-10-01,,,,,,,TSLA
2020-10-01,,,,,,,UNH
2020-10-01,,,,,,,UNH
2020-10-01,,,,,,,UNH
2020-10-01,,,,,,,UNH
2020-10-01,,,,,,,UNH
2020-10-01,,,,,,,UNH
2020-10-01,,,,,,,UNH
2020-10-01,,,,,,,UNH
2020-10-01,,,,,,,UNH
2020-10-01,,,,,,,UNH
2020-10-01,,,,,,,UNH
2020-10-01,,,,,,,UNH
2020-10-01,,,,,,,UNH
2020-10-01,,,,,,,UNH
2020-10-01,,,,,,,UNH
2020-10-01,,,,,,,UNH
2020-10-01,,,,,,,UNH
2020-10-01,,,,,,,UNH
2020-10-01,312.9100036621094,315.1700134277344,309.1499938964844,313.07000732421875,291.2933654785156,2731200.0,UNH
2020-10-01,,,,,,,UNH
2020-10-01,,,,,,,V
2020-10-01,,,,,,,V
2020-10-01,,,,,,,V
2020-10-01,,,,,,,V
2020-10-01,,,,,,,V
2020-10-01,,,,,,,V
2020-10-01,,,,,,,V
2020-10-01,,,,,,,V
2020-10-01,,,,,,,V
2020-10-01,,,,,,,V
2020-10-01,,,,,,,V
2020-10-01,,,,,,,V
2020-10-01,,,,,,,V
2020-10-01,,,,,,,V
2020-10-01,,,,,,,V
2020-10-01,,,,,,,V
2020-10-01,,,,,,,V
2020-10-01,,,,,,,V
2020-10-01,,,,,,,V
2020-10-01,202.2100067138672,205.1999969482422,201.63999938964844,203.35000610351562,196.2010498046875,7234600.0,V
2020-11-01,109.11000061035156,110.68000030517578,107.31999969482422,108.7699966430664,105.80250549316406,122866900.0,AAPL
2020-11-01,,,,,,,AAPL
2020-11-01,,,,,,,AAPL
2020-11-01,,,,,,,AAPL
2020-11-01,,,,,,,AAPL
2020-11-01,,,,,,,AAPL
2020-11-01,,,,,,,AAPL
2020-11-01,,,,,,,AAPL
2020-11-01,,,,,,,AAPL
2020-11-01,,,,,,,AAPL
2020-11-01,,,,,,,AAPL
2020-11-01,,,,,,,AAPL
2020-11-01,,,,,,,AAPL
2020-11-01,,,,,,,AAPL
2020-11-01,,,,,,,AAPL
2020-11-01,,,,,,,AAPL
2020-11-01,,,,,,,AAPL
2020-11-01,,,,,,,AAPL
2020-11-01,,,,,,,AAPL
2020-11-01,,,,,,,AAPL
2020-11-01,,,,,,,ADBE
2020-11-01,451.0,456.19000244140625,438.94000244140625,444.94000244140625,444.94000244140625,2479000.0,ADBE
2020-11-01,,,,,,,ADBE
2020-11-01,,,,,,,ADBE
2020-11-01,,,,,,,ADBE
2020-11-01,,,,,,,ADBE
2020-11-01,,,,,,,ADBE
2020-11-01,,,,,,,ADBE
2020-11-01,,,,,,,ADBE
2020-11-01,,,,,,,ADBE
2020-11-01,,,,,,,ADBE
2020-11-01,,,,,,,ADBE
2020-11-01,,,,,,,ADBE
2020-11-01,,,,,,,ADBE
2020-11-01,,,,,,,ADBE
2020-11-01,,,,,,,ADBE
2020-11-01,,,,,,,ADBE
2020-11-01,,,,,,,ADBE
2020-11-01,,,,,,,ADBE
2020-11-01,,,,,,,ADBE
2020-11-01,,,,,,,AMZN
2020-11-01,,,,,,,AMZN
2020-11-01,153.08700561523438,153.98550415039062,147.50599670410156,150.2239990234375,150.2239990234375,145148000.0,AMZN
2020-11-01,,,,,,,AMZN
2020-11-01,,,,,,,AMZN
2020-11-01,,,,,,,AMZN
2020-11-01,,,,,,,AMZN
2020-11-01,,,,,,,AMZN
2020-11-01,,,,,,,AMZN
2020-11-01,,,,,,,AMZN
2020-11-01,,,,,,,AMZN
2020-11-01,,,,,,,AMZN
2020-11-01,,,,,,,AMZN
2020-11-01,,,,,,,AMZN
2020-11-01,,,,,,,AMZN
2020-11-01,,,,,,,AMZN
2020-11-01,,,,,,,AMZN
2020-11-01,,,,,,,AMZN
2020-11-01,,,,,,,AMZN
2020-11-01,,,,,,,AMZN
2020-11-01,,,,,,,BAC
2020-11-01,,,,,,,BAC
2020-11-01,,,,,,,BAC
2020-11-01,23.889999389648438,24.260000228881836,23.469999313354492,24.079999923706055,21.318580627441406,59756400.0,BAC
2020-11-01,,,,,,,BAC
2020-11-01,,,,,,,BAC
2020-11-01,,,,,,,BAC
2020-11-01,,,,,,,BAC
2020-11-01,,,,,,,BAC
2020-11-01,,,,,,,BAC
2020-11-01,,,,,,,BAC
2020-11-01,,,,,,,BAC
2020-11-01,,,,,,,BAC
2020-11-01,,,,,,,BAC
2020-11-01,,,,,,,BAC
2020-11-01,,,,,,,BAC
2020-11-01,,,,,,,BAC
2020-11-01,,,,,,,BAC
2020-11-01,,,,,,,BAC
2020-11-01,,,,,,,BAC
2020-11-01,,,,,,,CRM
2020-11-01,,,,,,,CRM
2020-11-01,,,,,,,CRM
2020-11-01,,,,,,,CRM
2020-11-01,235.1199951171875,238.5,228.99000549316406,232.4499969482422,230.43084716796875,3953400.0,CRM
2020-11-01,,,,,,,CRM
2020-11-01,,,,,,,CRM
2020-11-01,,,,,,,CRM
2020-11-01,,,,,,,CRM
2020-11-01,,,,,,,CRM
2020-11-01,,,,,,,CRM
2020-11-01,,,,,,,CRM
2020-11-01,,,,,,,CRM
2020-11-01,,,,,,,CRM
2020-11-01,,,,,,,CRM
2020-11-01,,,,,,,CRM
2020-11-01,,,,,,,CRM
2020-11-01,,,,,,,CRM
2020-11-01,,,,,,,CRM
2020-11-01,,,,,,,CRM
2020-11-01,,,,,,,DIS
2020-11-01,,,,,,,DIS
2020-11-01,,,,,,,DIS
2020-11-01,,,,,,,DIS
2020-11-01,,,,,,,DIS
2020-11-01,122.23999786376953,122.93000030517578,119.80999755859375,120.12999725341797,118.1601791381836,9186000.0,DIS
2020-11-01,,,,,,,DIS
2020-11-01,,,,,,,DIS
2020-11-01,,,,,,,DIS
2020-11-01,,,,,,,DIS
2020-11-01,,,,,,,DIS
2020-11-01,,,,,,,DIS
2020-11-01,,,,,,,DIS
2020-11-01,,,,,,,DIS
2020-11-01,,,,,,,DIS
2020-11-01,,,,,,,DIS
2020-11-01,,,,,,,DIS
2020-11-01,,,,,,,DIS
2020-11-01,,,,,,,DIS
2020-11-01,,,,,,,DIS
2020-11-01,,,,,,,GOOGL
2020-11-01,,,,,,,GOOGL
2020-11-01,,,,,,,GOOGL
2020-11-01,,,,,,,GOOGL
2020-11-01,,,,,,,GOOGL
2020-11-01,,,,,,,GOOGL
2020-11-01,81.177001953125,82.91200256347656,80.71199798583984,81.21600341796875,80.6596908569336,44228000.0,GOOGL
2020-11-01,,,,,,,GOOGL
2020-11-01,,,,,,,GOOGL
2020-11-01,,,,,,,GOOGL
2020-11-01,,,,,,,GOOGL
2020-11-01,,,,,,,GOOGL
2020-11-01,,,,,,,GOOGL
2020-11-01,,,,,,,GOOGL
2020-11-01,,,,,,,GOOGL
2020-11-01,,,,,,,GOOGL
2020-11-01,,,,,,,GOOGL
2020-11-01,,,,,,,GOOGL
2020-11-01,,,,,,,GOOGL
2020-11-01,,,,,,,GOOGL
2020-11-01,,,,,,,HD
2020-11-01,,,,,,,HD
2020-11-01,,,,,,,HD
2020-11-01,,,,,,,HD
2020-11-01,,,,,,,HD
2020-11-01,,,,,,,HD
2020-11-01,,,,,,,HD
2020-11-01,270.1499938964844,274.7799987792969,268.5199890136719,270.739990234375,239.9365234375,2956400.0,HD
2020-11-01,,,,,,,HD
2020-11-01,,,,,,,HD
2020-11-01,,,,,,,HD
2020-11-01,,,,,,,HD
2020-11-01,,,,,,,HD
2020-11-01,,,,,,,HD
2020-11-01,,,,,,,HD
2020-11-01,,,,,,,HD
2020-11-01,,,,,,,HD
2020-11-01,,,,,,,HD
2020-11-01,,,,,,,HD
2020-11-01,,,,,,,HD
2020-11-01,,,,,,,JNJ
2020-11-01,,,,,,,JNJ
2020-11-01,,,,,,,JNJ
2020-11-01,,,,,,,JNJ
2020-11-01,,,,,,,JNJ
2020-11-01,,,,,,,JNJ
2020-11-01,,,,,,,JNJ
2020-11-01,,,,,,,JNJ
2020-11-01,138.97999572753906,139.00999450683594,137.49000549316406,138.69000244140625,120.2542724609375,7088000.0,JNJ
2020-11-01,,,,,,,JNJ
2020-11-01,,,,,,,JNJ
2020-11-01,,,,,,,JNJ
2020-11-01,,,,,,,JNJ
2020-11-01,,,,,,,JNJ
2020-11-01,,,,,,,JNJ
2020-11-01,,,,,,,JNJ
2020-11-01,,,,,,,JNJ
2020-11-01,,,,,,,JNJ
2020-11-01,,,,,,,JNJ
2020-11-01,,,,,,,JNJ
2020-11-01,,,,,,,JPM
2020-11-01,,,,,,,JPM
2020-11-01,,,,,,,JPM
2020-11-01,,,,,,,JPM
2020-11-01,,,,,,,JPM
2020-11-01,,,,,,,JPM
2020-11-01,,,,,,,JPM
2020-11-01,,,,,,,JPM
2020-11-01,,,,,,,JPM
2020-11-01,99.38999938964844,100.87999725341797,97.86000061035156,100.25,88.4749984741211,15011600.0,JPM
2020-11-01,,,,,,,JPM
2020-11-01,,,,,,,JPM
2020-11-01,,,,,,,JPM
2020-11-01,,,,,,,JPM
2020-11-01,,,,,,,JPM
2020-11-01,,,,,,,JPM
2020-11-01,,,,,,,JPM
2020-11-01,,,,,,,JPM
2020-11-01,,,,,,,JPM
2020-11-01,,,,,,,JPM
2020-11-01,,,,,,,MA
2020-11-01,,,,,,,MA
2020-11-01,,,,,,,MA
2020-11-01,,,,,,,MA
2020-11-01,,,,,,,MA
2020-11-01,,,,,,,MA
2020-11-01,,,,,,,MA
2020-11-01,,,,,,,MA
2020-11-01,,,,,,,MA
2020-11-01,,,,,,,MA
2020-11-01,294.239990234375,294.8399963378906,288.1199951171875,289.9700012207031,282.2467346191406,5094900.0,MA
2020-11-01,,,,,,,MA
2020-11-01,,,,,,,MA
2020-11-01,,,,,,,MA
2020-11-01,,,,,,,MA
2020-11-01,,,,,,,MA
2020-11-01,,,,,,,MA
2020-11-01,,,,,,,MA
2020-11-01,,,,,,,MA
2020-11-01,,,,,,,MA
2020-11-01,,,,,,,META
2020-11-01,,,,,,,META
2020-11-01,,,,,,,META
2020-11-01,,,,,,,META
2020-11-01,,,,,,,META
2020-11-01,,,,,,,META
2020-11-01,,,,,,,META
2020-11-01,,,,,,,META
2020-11-01,,,,,,,META
2020-11-01,,,,,,,META
2020-11-01,,,,,,,META
2020-11-01,264.6000061035156,270.4700012207031,257.3399963378906,261.3599853515625,259.9339599609375,27165700.0,META
2020-11-01,,,,,,,META
2020-11-01,,,,,,,META
2020-11-01,,,,,,,META
2020-11-01,,,,,,,META
2020-11-01,,,,,,,META
2020-11-01,,,,,,,META
2020-11-01,,,,,,,META
2020-11-01,,,,,,,META
2020-11-01,,,,,,,MSFT
2020-11-01,,,,,,,MSFT
2020-11-01,,,,,,,MSFT
2020-11-01,,,,,,,MSFT
2020-11-01,,,,,,,MSFT
2020-11-01,,,,,,,MSFT
2020-11-01,,,,,,,MSFT
2020-11-01,,,,,,,MSFT
2020-11-01,,,,,,,MSFT
2020-11-01,,,,,,,MSFT
2020-11-01,,,,,,,MSFT
2020-11-01,,,,,,,MSFT
2020-11-01,204.2899932861328,205.27999877929688,200.1199951171875,202.3300018310547,193.99916076660156,30842200.0,MSFT
2020-11-01,,,,,,,MSFT
2020-11-01,,,,,,,MSFT
2020-11-01,,,,,,,MSFT
2020-11-01,,,,,,,MSFT
2020-11-01,,,,,,,MSFT
2020-11-01,,,,,,,MSFT
2020-11-01,,,,,,,MSFT
2020-11-01,,,,,,,NFLX
2020-11-01,,,,,,,NFLX
2020-11-01,,,,,,,NFLX
2020-11-01,,,,,,,NFLX
2020-11-01,,,,,,,NFLX
2020-11-01,,,,,,,NFLX
2020-11-01,,,,,,,NFLX
2020-11-01,,,,,,,NFLX
2020-11-01,,,,,,,NFLX
2020-11-01,,,,,,,NFLX
2020-11-01,,,,,,,NFLX
2020-11-01,,,,,,,NFLX
2020-11-01,,,,,,,NFLX
2020-11-01,478.8699951171875,486.29998779296875,475.0,484.1199951171875,484.1199951171875,4408200.0,NFLX
2020-11-01,,,,,,,NFLX
2020-11-01,,,,,,,NFLX
2020-11-01,,,,,,,NFLX
2020-11-01,,,,,,,NFLX
2020-11-01,,,,,,,NFLX
2020-11-01,,,,,,,NFLX
2020-11-01,,,,,,,NVDA
2020-11-01,,,,,,,NVDA
2020-11-01,,,,,,,NVDA
2020-11-01,,,,,,,NVDA
2020-11-01,,,,,,,NVDA
2020-11-01,,,,,,,NVDA
2020-11-01,,,,,,,NVDA
2020-11-01,,,,,,,NVDA
2020-11-01,,,,,,,NVDA
2020-11-01,,,,,,,NVDA
2020-11-01,,,,,,,NVDA
2020-11-01,,,,,,,NVDA
2020-11-01,,,,,,,NVDA
2020-11-01,,,,,,,NVDA
2020-11-01,12.657750129699707,12.836750030517578,12.395000457763672,12.580750465393066,12.542462348937988,299652000.0,NVDA
2020-11-01,,,,,,,NVDA
2020-11-01,,,,,,,NVDA
2020-11-01,,,,,,,NVDA
2020-11-01,,,,,,,NVDA
2020-11-01,,,,,,,NVDA
2020-11-01,,,,,,,PFE
2020-11-01,,,,,,,PFE
2020-11-01,,,,,,,PFE
2020-11-01,,,,,,,PFE
2020-11-01,,,,,,,PFE
2020-11-01,,,,,,,PFE
2020-11-01,,,,,,,PFE
2020-11-01,,,,,,,PFE
2020-11-01,,,,,,,PFE
2020-11-01,,,,,,,PFE
2020-11-01,,,,,,,PFE
2020-11-01,,,,,,,PFE
2020-11-01,,,,,,,PFE
2020-11-01,,,,,,,PFE
2020-11-01,,,,,,,PFE
2020-11-01,34.08918380737305,34.39278793334961,33.71916580200195,34.37381362915039,27.129308700561523,21430666.0,PFE
2020-11-01,,,,,,,PFE
2020-11-01,,,,,,,PFE
2020-11-01,,,,,,,PFE
2020-11-01,,,,,,,PFE
2020-11-01,,,,,,,PG
2020-11-01,,,,,,,PG
2020-11-01,,,,,,,PG
2020-11-01,,,,,,,PG
2020-11-01,,,,,,,PG
2020-11-01,,,,,,,PG
2020-11-01,,,,,,,PG
2020-11-01,,,,,,,PG
2020-11-01,,,,,,,PG
2020-11-01,,,,,,,PG
2020-11-01,,,,,,,PG
2020-11-01,,,,,,,PG
2020-11-01,,,,,,,PG
2020-11-01,,,,,,,PG
2020-11-01,,,,,,,PG
2020-11-01,,,,,,,PG
2020-11-01,138.50999450683594,140.0,137.44000244140625,138.5,123.06819152832031,6682800.0,PG
2020-11-01,,,,,,,PG
2020-11-01,,,,,,,PG
2020-11-01,,,,,,,PG
2020-11-01,,,,,,,TSLA
2020-11-01,,,,,,,TSLA
2020-11-01,,,,,,,TSLA
2020-11-01,,,,,,,TSLA
2020-11-01,,,,,,,TSLA
2020-11-01,,,,,,,TSLA
2020-11-01,,,,,,,TSLA
2020-11-01,,,,,,,TSLA
2020-11-01,,,,,,,TSLA
2020-11-01,,,,,,,TSLA
2020-11-01,,,,,,,TSLA
2020-11-01,,,,,,,TSLA
2020-11-01,,,,,,,TSLA
2020-11-01,,,,,,,TSLA
2020-11-01,,,,,,,TSLA
2020-11-01,,,,,,,TSLA
2020-11-01,,,,,,,TSLA
2020-11-01,131.3333282470703,135.66000366210938,130.76666259765625,133.50332641601562,133.50332641601562,87063300.0,TSLA
2020-11-01,,,,,,,TSLA
2020-11-01,,,,,,,TSLA
2020-11-01,,,,,,,UNH
2020-11-01,,,,,,,UNH
2020-11-01,,,,,,,UNH
2020-11-01,,,,,,,UNH
2020-11-01,,,,,,,UNH
2020-11-01,,,,,,,UNH
2020-11-01,,,,,,,UNH
2020-11-01,,,,,,,UNH
2020-11-01,,,,,,,UNH
2020-11-01,,,,,,,UNH
2020-11-01,,,,,,,UNH
2020-11-01,,,,,,,UNH
2020-11-01,,,,,,,UNH
2020-11-01,,,,,,,UNH
2020-11-01,,,,,,,UNH
2020-11-01,,,,,,,UNH
2020-11-01,,,,,,,UNH
2020-11-01,,,,,,,UNH
2020-11-01,312.6400146484375,312.6400146484375,307.3599853515625,312.1000061035156,290.39080810546875,4519000.0,UNH
2020-11-01,,,,,,,UNH
2020-11-01,,,,,,,V
2020-11-01,,,,,,,V
2020-11-01,,,,,,,V
2020-11-01,,,,,,,V
2020-11-01,,,,,,,V
2020-11-01,,,,,,,V
2020-11-01,,,,,,,V
2020-11-01,,,,,,,V
2020-11-01,,,,,,,V
2020-11-01,,,,,,,V
2020-11-01,,,,,,,V
2020-11-01,,,,,,,V
2020-11-01,,,,,,,V
2020-11-01,,,,,,,V
2020-11-01,,,,,,,V
2020-11-01,,,,,,,V
2020-11-01,,,,,,,V
2020-11-01,,,,,,,V
2020-11-01,,,,,,,V
2020-11-01,184.50999450683594,186.9199981689453,183.88999938964844,184.74000549316406,178.24537658691406,8057100.0,V
2020-12-01,121.01000213623047,123.47000122070312,120.01000213623047,122.72000122070312,119.577880859375,127728200.0,AAPL
2020-12-01,,,,,,,AAPL
2020-12-01,,,,,,,AAPL
2020-12-01,,,,,,,AAPL
2020-12-01,,,,,,,AAPL
2020-12-01,,,,,,,AAPL
2020-12-01,,,,,,,AAPL
2020-12-01,,,,,,,AAPL
2020-12-01,,,,,,,AAPL
2020-12-01,,,,,,,AAPL
2020-12-01,,,,,,,AAPL
2020-12-01,,,,,,,AAPL
2020-12-01,,,,,,,AAPL
2020-12-01,,,,,,,AAPL
2020-12-01,,,,,,,AAPL
2020-12-01,,,,,,,AAPL
2020-12-01,,,,,,,AAPL
2020-12-01,,,,,,,AAPL
2020-12-01,,,,,,,AAPL
2020-12-01,,,,,,,AAPL
2020-12-01,,,,,,,ADBE
2020-12-01,482.010009765625,482.010009765625,471.6300048828125,479.1499938964844,479.1499938964844,2531100.0,ADBE
2020-12-01,,,,,,,ADBE
2020-12-01,,,,,,,ADBE
2020-12-01,,,,,,,ADBE
2020-12-01,,,,,,,ADBE
2020-12-01,,,,,,,ADBE
2020-12-01,,,,,,,ADBE
2020-12-01,,,,,,,ADBE
2020-12-01,,,,,,,ADBE
2020-12-01,,,,,,,ADBE
2020-12-01,,,,,,,ADBE
2020-12-01,,,,,,,ADBE
2020-12-01,,,,,,,ADBE
2020-12-01,,,,,,,ADBE
2020-12-01,,,,,,,ADBE
2020-12-01,,,,,,,ADBE
2020-12-01,,,,,,,ADBE
2020-12-01,,,,,,,ADBE
2020-12-01,,,,,,,ADBE
2020-12-01,,,,,,,AMZN
2020-12-01,,,,,,,AMZN
2020-12-01,159.4250030517578,162.44749450683594,157.85899353027344,161.00399780273438,161.00399780273438,90740000.0,AMZN
2020-12-01,,,,,,,AMZN
2020-12-01,,,,,,,AMZN
2020-12-01,,,,,,,AMZN
2020-12-01,,,,,,,AMZN
2020-12-01,,,,,,,AMZN
2020-12-01,,,,,,,AMZN
2020-12-01,,,,,,,AMZN
2020-12-01,,,,,,,AMZN
2020-12-01,,,,,,,AMZN
2020-12-01,,,,,,,AMZN
2020-12-01,,,,,,,AMZN
2020-12-01,,,,,,,AMZN
2020-12-01,,,,,,,AMZN
2020-12-01,,,,,,,AMZN
2020-12-01,,,,,,,AMZN
2020-12-01,,,,,,,AMZN
2020-12-01,,,,,,,AMZN
2020-12-01,,,,,,,BAC
2020-12-01,,,,,,,BAC
2020-12-01,,,,,,,BAC
2020-12-01,28.739999771118164,29.040000915527344,28.670000076293945,28.690000534057617,25.399921417236328,50255100.0,BAC
2020-12-01,,,,,,,BAC
2020-12-01,,,,,,,BAC
2020-12-01,,,,,,,BAC
2020-12-01,,,,,,,BAC
2020-12-01,,,,,,,BAC
2020-12-01,,,,,,,BAC
2020-12-01,,,,,,,BAC
2020-12-01,,,,,,,BAC
2020-12-01,,,,,,,BAC
2020-12-01,,,,,,,BAC
2020-12-01,,,,,,,BAC
2020-12-01,,,,,,,BAC
2020-12-01,,,,,,,BAC
2020-12-01,,,,,,,BAC
2020-12-01,,,,,,,BAC
2020-12-01,,,,,,,BAC
2020-12-01,,,,,,,CRM
2020-12-01,,,,,,,CRM
2020-12-01,,,,,,,CRM
2020-12-01,,,,,,,CRM
2020-12-01,245.0,246.6999969482422,238.6999969482422,241.35000610351562,239.25352478027344,18872000.0,CRM
2020-12-01,,,,,,,CRM
2020-12-01,,,,,,,CRM
2020-12-01,,,,,,,CRM
2020-12-01,,,,,,,CRM
2020-12-01,,,,,,,CRM
2020-12-01,,,,,,,CRM
2020-12-01,,,,,,,CRM
2020-12-01,,,,,,,CRM
2020-12-01,,,,,,,CRM
2020-12-01,,,,,,,CRM
2020-12-01,,,,,,,CRM
2020-12-01,,,,,,,CRM
2020-12-01,,,,,,,CRM
2020-12-01,,,,,,,CRM
2020-12-01,,,,,,,CRM
2020-12-01,,,,,,,DIS
2020-12-01,,,,,,,DIS
2020-12-01,,,,,,,DIS
2020-12-01,,,,,,,DIS
2020-12-01,,,,,,,DIS
2020-12-01,149.57000732421875,151.39999389648438,149.0,149.44000244140625,146.9895782470703,8825500.0,DIS
2020-12-01,,,,,,,DIS
2020-12-01,,,,,,,DIS
2020-12-01,,,,,,,DIS
2020-12-01,,,,,,,DIS
2020-12-01,,,,,,,DIS
2020-12-01,,,,,,,DIS
2020-12-01,,,,,,,DIS
2020-12-01,,,,,,,DIS
2020-12-01,,,,,,,DIS
2020-12-01,,,,,,,DIS
2020-12-01,,,,,,,DIS
2020-12-01,,,,,,,DIS
2020-12-01,,,,,,,DIS
2020-12-01,,,,,,,DIS
2020-12-01,,,,,,,GOOGL
2020-12-01,,,,,,,GOOGL
2020-12-01,,,,,,,GOOGL
2020-12-01,,,,,,,GOOGL
2020-12-01,,,,,,,GOOGL
2020-12-01,,,,,,,GOOGL
2020-12-01,88.33300018310547,91.08599853515625,88.15149688720703,89.76799774169922,89.1530990600586,37350000.0,GOOGL
2020-12-01,,,,,,,GOOGL
2020-12-01,,,,,,,GOOGL
2020-12-01,,,,,,,GOOGL
2020-12-01,,,,,,,GOOGL
2020-12-01,,,,,,,GOOGL
2020-12-01,,,,,,,GOOGL
2020-12-01,,,,,,,GOOGL
2020-12-01,,,,,,,GOOGL
2020-12-01,,,,,,,GOOGL
2020-12-01,,,,,,,GOOGL
2020-12-01,,,,,,,GOOGL
2020-12-01,,,,,,,GOOGL
2020-12-01,,,,,,,GOOGL
2020-12-01,,,,,,,HD
2020-12-01,,,,,,,HD
2020-12-01,,,,,,,HD
2020-12-01,,,,,,,HD
2020-12-01,,,,,,,HD
2020-12-01,,,,,,,HD
2020-12-01,,,,,,,HD
2020-12-01,278.7300109863281,278.95001220703125,275.54998779296875,276.6000061035156,245.12985229492188,3942400.0,HD
2020-12-01,,,,,,,HD
2020-12-01,,,,,,,HD
2020-12-01,,,,,,,HD
2020-12-01,,,,,,,HD
2020-12-01,,,,,,,HD
2020-12-01,,,,,,,HD
2020-12-01,,,,,,,HD
2020-12-01,,,,,,,HD
2020-12-01,,,,,,,HD
2020-12-01,,,,,,,HD
2020-12-01,,,,,,,HD
2020-12-01,,,,,,,HD
2020-12-01,,,,,,,JNJ
2020-12-01,,,,,,,JNJ
2020-12-01,,,,,,,JNJ
2020-12-01,,,,,,,JNJ
2020-12-01,,,,,,,JNJ
2020-12-01,,,,,,,JNJ
2020-12-01,,,,,,,JNJ
2020-12-01,,,,,,,JNJ
2020-12-01,146.2899932861328,149.1300048828125,145.86000061035156,147.4499969482422,128.73822021484375,9738200.0,JNJ
2020-12-01,,,,,,,JNJ
2020-12-01,,,,,,,JNJ
2020-12-01,,,,,,,JNJ
2020-12-01,,,,,,,JNJ
2020-12-01,,,,,,,JNJ
2020-12-01,,,,,,,JNJ
2020-12-01,,,,,,,JNJ
2020-12-01,,,,,,,JNJ
2020-12-01,,,,,,,JNJ
2020-12-01,,,,,,,JNJ
2020-12-01,,,,,,,JNJ
2020-12-01,,,,,,,JPM
2020-12-01,,,,,,,JPM
2020-12-01,,,,,,,JPM
2020-12-01,,,,,,,JPM
2020-12-01,,,,,,,JPM
2020-12-01,,,,,,,JPM
2020-12-01,,,,,,,JPM
2020-12-01,,,,,,,JPM
2020-12-01,,,,,,,JPM
2020-12-01,120.33999633789062,121.58000183105469,119.62999725341797,119.73999786376953,105.67578125,12668900.0,JPM
2020-12-01,,,,,,,JPM
2020-12-01,,,,,,,JPM
2020-12-01,,,,,,,JPM
2020-12-01,,,,,,,JPM
2020-12-01,,,,,,,JPM
2020-12-01,,,,,,,JPM
2020-12-01,,,,,,,JPM
2020-12-01,,,,,,,JPM
2020-12-01,,,,,,,JPM
2020-12-01,,,,,,,JPM
2020-12-01,,,,,,,MA
2020-12-01,,,,,,,MA
2020-12-01,,,,,,,MA
2020-12-01,,,,,,,MA
2020-12-01,,,,,,,MA
2020-12-01,,,,,,,MA
2020-12-01,,,,,,,MA
2020-12-01,,,,,,,MA
2020-12-01,,,,,,,MA
2020-12-01,,,,,,,MA
2020-12-01,339.6700134277344,342.6300048828125,337.6199951171875,338.8800048828125,329.8540344238281,4210400.0,MA
2020-12-01,,,,,,,MA
2020-12-01,,,,,,,MA
2020-12-01,,,,,,,MA
2020-12-01,,,,,,,MA
2020-12-01,,,,,,,MA
2020-12-01,,,,,,,MA
2020-12-01,,,,,,,MA
2020-12-01,,,,,,,MA
2020-12-01,,,,,,,MA
2020-12-01,,,,,,,META
2020-12-01,,,,,,,META
2020-12-01,,,,,,,META
2020-12-01,,,,,,,META
2020-12-01,,,,,,,META
2020-12-01,,,,,,,META
2020-12-01,,,,,,,META
2020-12-01,,,,,,,META
2020-12-01,,,,,,,META
2020-12-01,,,,,,,META
2020-12-01,,,,,,,META
2020-12-01,279.1600036621094,289.29998779296875,278.9599914550781,286.54998779296875,284.9865417480469,20738900.0,META
2020-12-01,,,,,,,META
2020-12-01,,,,,,,META
2020-12-01,,,,,,,META
2020-12-01,,,,,,,META
2020-12-01,,,,,,,META
2020-12-01,,,,,,,META
2020-12-01,,,,,,,META
2020-12-01,,,,,,,META
2020-12-01,,,,,,,MSFT
2020-12-01,,,,,,,MSFT
2020-12-01,,,,,,,MSFT
2020-12-01,,,,,,,MSFT
2020-12-01,,,,,,,MSFT
2020-12-01,,,,,,,MSFT
2020-12-01,,,,,,,MSFT
2020-12-01,,,,,,,MSFT
2020-12-01,,,,,,,MSFT
2020-12-01,,,,,,,MSFT
2020-12-01,,,,,,,MSFT
2020-12-01,,,,,,,MSFT
2020-12-01,214.50999450683594,217.32000732421875,213.35000610351562,216.2100067138672,207.8503875732422,30904500.0,MSFT
2020-12-01,,,,,,,MSFT
2020-12-01,,,,,,,MSFT
2020-12-01,,,,,,,MSFT
2020-12-01,,,,,,,MSFT
2020-12-01,,,,,,,MSFT
2020-12-01,,,,,,,MSFT
2020-12-01,,,,,,,MSFT
2020-12-01,,,,,,,NFLX
2020-12-01,,,,,,,NFLX
2020-12-01,,,,,,,NFLX
2020-12-01,,,,,,,NFLX
2020-12-01,,,,,,,NFLX
2020-12-01,,,,,,,NFLX
2020-12-01,,,,,,,NFLX
2020-12-01,,,,,,,NFLX
2020-12-01,,,,,,,NFLX
2020-12-01,,,,,,,NFLX
2020-12-01,,,,,,,NFLX
2020-12-01,,,,,,,NFLX
2020-12-01,,,,,,,NFLX
2020-12-01,492.3399963378906,509.4700012207031,491.9800109863281,504.5799865722656,504.5799865722656,5052700.0,NFLX
2020-12-01,,,,,,,NFLX
2020-12-01,,,,,,,NFLX
2020-12-01,,,,,,,NFLX
2020-12-01,,,,,,,NFLX
2020-12-01,,,,,,,NFLX
2020-12-01,,,,,,,NFLX
2020-12-01,,,,,,,NVDA
2020-12-01,,,,,,,NVDA
2020-12-01,,,,,,,NVDA
2020-12-01,,,,,,,NVDA
2020-12-01,,,,,,,NVDA
2020-12-01,,,,,,,NVDA
2020-12-01,,,,,,,NVDA
2020-12-01,,,,,,,NVDA
2020-12-01,,,,,,,NVDA
2020-12-01,,,,,,,NVDA
2020-12-01,,,,,,,NVDA
2020-12-01,,,,,,,NVDA
2020-12-01,,,,,,,NVDA
2020-12-01,,,,,,,NVDA
2020-12-01,13.492250442504883,13.5287504196167,13.228249549865723,13.390000343322754,13.349251747131348,296948000.0,NVDA
2020-12-01,,,,,,,NVDA
2020-12-01,,,,,,,NVDA
2020-12-01,,,,,,,NVDA
2020-12-01,,,,,,,NVDA
2020-12-01,,,,,,,NVDA
2020-12-01,,,,,,,PFE
2020-12-01,,,,,,,PFE
2020-12-01,,,,,,,PFE
2020-12-01,,,,,,,PFE
2020-12-01,,,,,,,PFE
2020-12-01,,,,,,,PFE
2020-12-01,,,,,,,PFE
2020-12-01,,,,,,,PFE
2020-12-01,,,,,,,PFE
2020-12-01,,,,,,,PFE
2020-12-01,,,,,,,PFE
2020-12-01,,,,,,,PFE
2020-12-01,,,,,,,PFE
2020-12-01,,,,,,,PFE
2020-12-01,,,,,,,PFE
2020-12-01,39.400001525878906,40.5,39.0099983215332,39.40999984741211,31.423969268798828,72499700.0,PFE
2020-12-01,,,,,,,PFE
2020-12-01,,,,,,,PFE
2020-12-01,,,,,,,PFE
2020-12-01,,,,,,,PFE
2020-12-01,,,,,,,PG
2020-12-01,,,,,,,PG
2020-12-01,,,,,,,PG
2020-12-01,,,,,,,PG
2020-12-01,,,,,,,PG
2020-12-01,,,,,,,PG
2020-12-01,,,,,,,PG
2020-12-01,,,,,,,PG
2020-12-01,,,,,,,PG
2020-12-01,,,,,,,PG
2020-12-01,,,,,,,PG
2020-12-01,,,,,,,PG
2020-12-01,,,,,,,PG
2020-12-01,,,,,,,PG
2020-12-01,,,,,,,PG
2020-12-01,,,,,,,PG
2020-12-01,139.16000366210938,139.5399932861328,138.16000366210938,139.3699951171875,123.84123229980469,7169700.0,PG
2020-12-01,,,,,,,PG
2020-12-01,,,,,,,PG
2020-12-01,,,,,,,PG
2020-12-01,,,,,,,TSLA
2020-12-01,,,,,,,TSLA
2020-12-01,,,,,,,TSLA
2020-12-01,,,,,,,TSLA
2020-12-01,,,,,,,TSLA
2020-12-01,,,,,,,TSLA
2020-12-01,,,,,,,TSLA
2020-12-01,,,,,,,TSLA
2020-12-01,,,,,,,TSLA
2020-12-01,,,,,,,TSLA
2020-12-01,,,,,,,TSLA
2020-12-01,,,,,,,TSLA
2020-12-01,,,,,,,TSLA
2020-12-01,,,,,,,TSLA
2020-12-01,,,,,,,TSLA
2020-12-01,,,,,,,TSLA
2020-12-01,,,,,,,TSLA
2020-12-01,199.19667053222656,199.28334045410156,190.68333435058594,194.9199981689453,194.9199981689453,120310500.0,TSLA
2020-12-01,,,,,,,TSLA
2020-12-01,,,,,,,TSLA
2020-12-01,,,,,,,UNH
2020-12-01,,,,,,,UNH
2020-12-01,,,,,,,UNH
2020-12-01,,,,,,,UNH
2020-12-01,,,,,,,UNH
2020-12-01,,,,,,,UNH
2020-12-01,,,,,,,UNH
2020-12-01,,,,,,,UNH
2020-12-01,,,,,,,UNH
2020-12-01,,,,,,,UNH
2020-12-01,,,,,,,UNH
2020-12-01,,,,,,,UNH
2020-12-01,,,,,,,UNH
2020-12-01,,,,,,,UNH
2020-12-01,,,,,,,UNH
2020-12-01,,,,,,,UNH
2020-12-01,,,,,,,UNH
2020-12-01,,,,,,,UNH
2020-12-01,344.7699890136719,354.1000061035156,339.92999267578125,341.19000244140625,317.4573669433594,3817700.0,UNH
2020-12-01,,,,,,,UNH
2020-12-01,,,,,,,V
2020-12-01,,,,,,,V
2020-12-01,,,,,,,V
2020-12-01,,,,,,,V
2020-12-01,,,,,,,V
2020-12-01,,,,,,,V
2020-12-01,,,,,,,V
2020-12-01,,,,,,,V
2020-12-01,,,,,,,V
2020-12-01,,,,,,,V
2020-12-01,,,,,,,V
2020-12-01,,,,,,,V
2020-12-01,,,,,,,V
2020-12-01,,,,,,,V
2020-12-01,,,,,,,V
2020-12-01,,,,,,,V
2020-12-01,,,,,,,V
2020-12-01,,,,,,,V
2020-12-01,,,,,,,V
2020-12-01,212.1300048828125,213.6699981689453,211.0399932861328,211.1999969482422,204.0821990966797,8047900.0,V
2021-01-01,133.52000427246094,133.61000061035156,126.76000213623047,129.41000366210938,126.09656524658203,143301900.0,AAPL
2021-01-01,,,,,,,AAPL
2021-01-01,,,,,,,AAPL
2021-01-01,,,,,,,AAPL
2021-01-01,,,,,,,AAPL
2021-01-01,,,,,,,AAPL
2021-01-01,,,,,,,AAPL
2021-01-01,,,,,,,AAPL
2021-01-01,,,,,,,AAPL
2021-01-01,,,,,,,AAPL
2021-01-01,,,,,,,AAPL
2021-01-01,,,,,,,AAPL
2021-01-01,,,,,,,AAPL
2021-01-01,,,,,,,AAPL
2021-01-01,,,,,,,AAPL
2021-01-01,,,,,,,AAPL
2021-01-01,,,,,,,AAPL
2021-01-01,,,,,,,AAPL
2021-01-01,,,,,,,AAPL
2021-01-01,,,,,,,AAPL
2021-01-01,,,,,,,ADBE
2021-01-01,500.29998779296875,500.7900085449219,476.2799987792969,485.3399963378906,485.3399963378906,3612900.0,ADBE
2021-01-01,,,,,,,ADBE
2021-01-01,,,,,,,ADBE
2021-01-01,,,,,,,ADBE
2021-01-01,,,,,,,ADBE
2021-01-01,,,,,,,ADBE
2021-01-01,,,,,,,ADBE
2021-01-01,,,,,,,ADBE
2021-01-01,,,,,,,ADBE
2021-01-01,,,,,,,ADBE
2021-01-01,,,,,,,ADBE
2021-01-01,,,,,,,ADBE
2021-01-01,,,,,,,ADBE
2021-01-01,,,,,,,ADBE
2021-01-01,,,,,,,ADBE
2021-01-01,,,,,,,ADBE
2021-01-01,,,,,,,ADBE
2021-01-01,,,,,,,ADBE
2021-01-01,,,,,,,ADBE
2021-01-01,,,,,,,AMZN
2021-01-01,,,,,,,AMZN
2021-01-01,163.5,163.60000610351562,157.2010040283203,159.3314971923828,159.3314971923828,88228000.0,AMZN
2021-01-01,,,,,,,AMZN
2021-01-01,,,,,,,AMZN
2021-01-01,,,,,,,AMZN
2021-01-01,,,,,,,AMZN
2021-01-01,,,,,,,AMZN
2021-01-01,,,,,,,AMZN
2021-01-01,,,,,,,AMZN
2021-01-01,,,,,,,AMZN
2021-01-01,,,,,,,AMZN
2021-01-01,,,,,,,AMZN
2021-01-01,,,,,,,AMZN
2021-01-01,,,,,,,AMZN
2021-01-01,,,,,,,AMZN
2021-01-01,,,,,,,AMZN
2021-01-01,,,,,,,AMZN
2021-01-01,,,,,,,AMZN
2021-01-01,,,,,,,AMZN
2021-01-01,,,,,,,BAC
2021-01-01,,,,,,,BAC
2021-01-01,,,,,,,BAC
2021-01-01,30.459999084472656,30.56999969482422,29.75,30.030000686645508,26.7519588470459,51483900.0,BAC
2021-01-01,,,,,,,BAC
2021-01-01,,,,,,,BAC
2021-01-01,,,,,,,BAC
2021-01-01,,,,,,,BAC
2021-01-01,,,,,,,BAC
2021-01-01,,,,,,,BAC
2021-01-01,,,,,,,BAC
2021-01-01,,,,,,,BAC
2021-01-01,,,,,,,BAC
2021-01-01,,,,,,,BAC
2021-01-01,,,,,,,BAC
2021-01-01,,,,,,,BAC
2021-01-01,,,,,,,BAC
2021-01-01,,,,,,,BAC
2021-01-01,,,,,,,BAC
2021-01-01,,,,,,,BAC
2021-01-01,,,,,,,CRM
2021-01-01,,,,,,,CRM
2021-01-01,,,,,,,CRM
2021-01-01,,,,,,,CRM
2021-01-01,222.63999938964844,223.75,215.72000122070312,220.30999755859375,218.3962860107422,10319900.0,CRM
2021-01-01,,,,,,,CRM
2021-01-01,,,,,,,CRM
2021-01-01,,,,,,,CRM
2021-01-01,,,,,,,CRM
2021-01-01,,,,,,,CRM
2021-01-01,,,,,,,CRM
2021-01-01,,,,,,,CRM
2021-01-01,,,,,,,CRM
2021-01-01,,,,,,,CRM
2021-01-01,,,,,,,CRM
2021-01-01,,,,,,,CRM
2021-01-01,,,,,,,CRM
2021-01-01,,,,,,,CRM
2021-01-01,,,,,,,CRM
2021-01-01,,,,,,,CRM
2021-01-01,,,,,,,DIS
2021-01-01,,,,,,,DIS
2021-01-01,,,,,,,DIS
2021-01-01,,,,,,,DIS
2021-01-01,,,,,,,DIS
2021-01-01,182.25999450683594,182.58999633789062,174.72999572753906,177.67999267578125,174.76651000976562,13426600.0,DIS
2021-01-01,,,,,,,DIS
2021-01-01,,,,,,,DIS
2021-01-01,,,,,,,DIS
2021-01-01,,,,,,,DIS
2021-01-01,,,,,,,DIS
2021-01-01,,,,,,,DIS
2021-01-01,,,,,,,DIS
2021-01-01,,,,,,,DIS
2021-01-01,,,,,,,DIS
2021-01-01,,,,,,,DIS
2021-01-01,,,,,,,DIS
2021-01-01,,,,,,,DIS
2021-01-01,,,,,,,DIS
2021-01-01,,,,,,,DIS
2021-01-01,,,,,,,GOOGL
2021-01-01,,,,,,,GOOGL
2021-01-01,,,,,,,GOOGL
2021-01-01,,,,,,,GOOGL
2021-01-01,,,,,,,GOOGL
2021-01-01,,,,,,,GOOGL
2021-01-01,88.0,88.12449645996094,85.35700225830078,86.30650329589844,85.71531677246094,37324000.0,GOOGL
2021-01-01,,,,,,,GOOGL
2021-01-01,,,,,,,GOOGL
2021-01-01,,,,,,,GOOGL
2021-01-01,,,,,,,GOOGL
2021-01-01,,,,,,,GOOGL
2021-01-01,,,,,,,GOOGL
2021-01-01,,,,,,,GOOGL
2021-01-01,,,,,,,GOOGL
2021-01-01,,,,,,,GOOGL
2021-01-01,,,,,,,GOOGL
2021-01-01,,,,,,,GOOGL
2021-01-01,,,,,,,GOOGL
2021-01-01,,,,,,,GOOGL
2021-01-01,,,,,,,HD
2021-01-01,,,,,,,HD
2021-01-01,,,,,,,HD
2021-01-01,,,,,,,HD
2021-01-01,,,,,,,HD
2021-01-01,,,,,,,HD
2021-01-01,,,,,,,HD
2021-01-01,266.010009765625,266.44000244140625,261.05999755859375,263.9200134277344,235.1678466796875,5002000.0,HD
2021-01-01,,,,,,,HD
2021-01-01,,,,,,,HD
2021-01-01,,,,,,,HD
2021-01-01,,,,,,,HD
2021-01-01,,,,,,,HD
2021-01-01,,,,,,,HD
2021-01-01,,,,,,,HD
2021-01-01,,,,,,,HD
2021-01-01,,,,,,,HD
2021-01-01,,,,,,,HD
2021-01-01,,,,,,,HD
2021-01-01,,,,,,,HD
2021-01-01,,,,,,,JNJ
2021-01-01,,,,,,,JNJ
2021-01-01,,,,,,,JNJ
2021-01-01,,,,,,,JNJ
2021-01-01,,,,,,,JNJ
2021-01-01,,,,,,,JNJ
2021-01-01,,,,,,,JNJ
2021-01-01,,,,,,,JNJ
2021-01-01,157.24000549316406,157.3800048828125,154.1300048828125,156.5,136.6397247314453,11765900.0,JNJ
2021-01-01,,,,,,,JNJ
2021-01-01,,,,,,,JNJ
2021-01-01,,,,,,,JNJ
2021-01-01,,,,,,,JNJ
2021-01-01,,,,,,,JNJ
2021-01-01,,,,,,,JNJ
2021-01-01,,,,,,,JNJ
2021-01-01,,,,,,,JNJ
2021-01-01,,,,,,,JNJ
2021-01-01,,,,,,,JNJ
2021-01-01,,,,,,,JNJ
2021-01-01,,,,,,,JPM
2021-01-01,,,,,,,JPM
2021-01-01,,,,,,,JPM
2021-01-01,,,,,,,JPM
2021-01-01,,,,,,,JPM
2021-01-01,,,,,,,JPM
2021-01-01,,,,,,,JPM
2021-01-01,,,,,,,JPM
2021-01-01,,,,,,,JPM
2021-01-01,127.5,127.86000061035156,124.77999877929688,125.87000274658203,111.08578491210938,16819900.0,JPM
2021-01-01,,,,,,,JPM
2021-01-01,,,,,,,JPM
2021-01-01,,,,,,,JPM
2021-01-01,,,,,,,JPM
2021-01-01,,,,,,,JPM
2021-01-01,,,,,,,JPM
2021-01-01,,,,,,,JPM
2021-01-01,,,,,,,JPM
2021-01-01,,,,,,,JPM
2021-01-01,,,,,,,JPM
2021-01-01,,,,,,,MA
2021-01-01,,,,,,,MA
2021-01-01,,,,,,,MA
2021-01-01,,,,,,,MA
2021-01-01,,,,,,,MA
2021-01-01,,,,,,,MA
2021-01-01,,,,,,,MA
2021-01-01,,,,,,,MA
2021-01-01,,,,,,,MA
2021-01-01,,,,,,,MA
2021-01-01,358.0,358.1300048828125,347.3599853515625,351.489990234375,342.128173828125,4638400.0,MA
2021-01-01,,,,,,,MA
2021-01-01,,,,,,,MA
2021-01-01,,,,,,,MA
2021-01-01,,,,,,,MA
2021-01-01,,,,,,,MA
2021-01-01,,,,,,,MA
2021-01-01,,,,,,,MA
2021-01-01,,,,,,,MA
2021-01-01,,,,,,,MA
2021-01-01,,,,,,,META
2021-01-01,,,,,,,META
2021-01-01,,,,,,,META
2021-01-01,,,,,,,META
2021-01-01,,,,,,,META
2021-01-01,,,,,,,META
2021-01-01,,,,,,,META
2021-01-01,,,,,,,META
2021-01-01,,,,,,,META
2021-01-01,,,,,,,META
2021-01-01,,,,,,,META
2021-01-01,274.7799987792969,275.0,265.20001220703125,268.94000244140625,267.47259521484375,15106100.0,META
2021-01-01,,,,,,,META
2021-01-01,,,,,,,META
2021-01-01,,,,,,,META
2021-01-01,,,,,,,META
2021-01-01,,,,,,,META
2021-01-01,,,,,,,META
2021-01-01,,,,,,,META
2021-01-01,,,,,,,META
2021-01-01,,,,,,,MSFT
2021-01-01,,,,,,,MSFT
2021-01-01,,,,,,,MSFT
2021-01-01,,,,,,,MSFT
2021-01-01,,,,,,,MSFT
2021-01-01,,,,,,,MSFT
2021-01-01,,,,,,,MSFT
2021-01-01,,,,,,,MSFT
2021-01-01,,,,,,,MSFT
2021-01-01,,,,,,,MSFT
2021-01-01,,,,,,,MSFT
2021-01-01,,,,,,,MSFT
2021-01-01,222.52999877929688,223.0,214.80999755859375,217.69000244140625,209.27317810058594,37130100.0,MSFT
2021-01-01,,,,,,,MSFT
2021-01-01,,,,,,,MSFT
2021-01-01,,,,,,,MSFT
2021-01-01,,,,,,,MSFT
2021-01-01,,,,,,,MSFT
2021-01-01,,,,,,,MSFT
2021-01-01,,,,,,,MSFT
2021-01-01,,,,,,,NFLX
2021-01-01,,,,,,,NFLX
2021-01-01,,,,,,,NFLX
2021-01-01,,,,,,,NFLX
2021-01-01,,,,,,,NFLX
2021-01-01,,,,,,,NFLX
2021-01-01,,,,,,,NFLX
2021-01-01,,,,,,,NFLX
2021-01-01,,,,,,,NFLX
2021-01-01,,,,,,,NFLX
2021-01-01,,,,,,,NFLX
2021-01-01,,,,,,,NFLX
2021-01-01,,,,,,,NFLX
2021-01-01,539.0,540.7999877929688,515.0900268554688,522.8599853515625,522.8599853515625,4444400.0,NFLX
2021-01-01,,,,,,,NFLX
2021-01-01,,,,,,,NFLX
2021-01-01,,,,,,,NFLX
2021-01-01,,,,,,,NFLX
2021-01-01,,,,,,,NFLX
2021-01-01,,,,,,,NFLX
2021-01-01,,,,,,,NVDA
2021-01-01,,,,,,,NVDA
2021-01-01,,,,,,,NVDA
2021-01-01,,,,,,,NVDA
2021-01-01,,,,,,,NVDA
2021-01-01,,,,,,,NVDA
2021-01-01,,,,,,,NVDA
2021-01-01,,,,,,,NVDA
2021-01-01,,,,,,,NVDA
2021-01-01,,,,,,,NVDA
2021-01-01,,,,,,,NVDA
2021-01-01,,,,,,,NVDA
2021-01-01,,,,,,,NVDA
2021-01-01,,,,,,,NVDA
2021-01-01,13.104249954223633,13.65250015258789,12.962499618530273,13.113499641418457,13.07745361328125,560640000.0,NVDA
2021-01-01,,,,,,,NVDA
2021-01-01,,,,,,,NVDA
2021-01-01,,,,,,,NVDA
2021-01-01,,,,,,,NVDA
2021-01-01,,,,,,,NVDA
2021-01-01,,,,,,,PFE
2021-01-01,,,,,,,PFE
2021-01-01,,,,,,,PFE
2021-01-01,,,,,,,PFE
2021-01-01,,,,,,,PFE
2021-01-01,,,,,,,PFE
2021-01-01,,,,,,,PFE
2021-01-01,,,,,,,PFE
2021-01-01,,,,,,,PFE
2021-01-01,,,,,,,PFE
2021-01-01,,,,,,,PFE
2021-01-01,,,,,,,PFE
2021-01-01,,,,,,,PFE
2021-01-01,,,,,,,PFE
2021-01-01,,,,,,,PFE
2021-01-01,36.869998931884766,36.939998626708984,36.27000045776367,36.810001373291016,29.350826263427734,33565700.0,PFE
2021-01-01,,,,,,,PFE
2021-01-01,,,,,,,PFE
2021-01-01,,,,,,,PFE
2021-01-01,,,,,,,PFE
2021-01-01,,,,,,,PG
2021-01-01,,,,,,,PG
2021-01-01,,,,,,,PG
2021-01-01,,,,,,,PG
2021-01-01,,,,,,,PG
2021-01-01,,,,,,,PG
2021-01-01,,,,,,,PG
2021-01-01,,,,,,,PG
2021-01-01,,,,,,,PG
2021-01-01,,,,,,,PG
2021-01-01,,,,,,,PG
2021-01-01,,,,,,,PG
2021-01-01,,,,,,,PG
2021-01-01,,,,,,,PG
2021-01-01,,,,,,,PG
2021-01-01,,,,,,,PG
2021-01-01,139.66000366210938,139.86000061035156,136.35000610351562,137.82000732421875,122.4639663696289,8330900.0,PG
2021-01-01,,,,,,,PG
2021-01-01,,,,,,,PG
2021-01-01,,,,,,,PG
2021-01-01,,,,,,,TSLA
2021-01-01,,,,,,,TSLA
2021-01-01,,,,,,,TSLA
2021-01-01,,,,,,,TSLA
2021-01-01,,,,,,,TSLA
2021-01-01,,,,,,,TSLA
2021-01-01,,,,,,,TSLA
2021-01-01,,,,,,,TSLA
2021-01-01,,,,,,,TSLA
2021-01-01,,,,,,,TSLA
2021-01-01,,,,,,,TSLA
2021-01-01,,,,,,,TSLA
2021-01-01,,,,,,,TSLA
2021-01-01,,,,,,,TSLA
2021-01-01,,,,,,,TSLA
2021-01-01,,,,,,,TSLA
2021-01-01,,,,,,,TSLA
2021-01-01,239.82000732421875,248.163330078125,239.06333923339844,243.2566680908203,243.2566680908203,145914600.0,TSLA
2021-01-01,,,,,,,TSLA
2021-01-01,,,,,,,TSLA
2021-01-01,,,,,,,UNH
2021-01-01,,,,,,,UNH
2021-01-01,,,,,,,UNH
2021-01-01,,,,,,,UNH
2021-01-01,,,,,,,UNH
2021-01-01,,,,,,,UNH
2021-01-01,,,,,,,UNH
2021-01-01,,,,,,,UNH
2021-01-01,,,,,,,UNH
2021-01-01,,,,,,,UNH
2021-01-01,,,,,,,UNH
2021-01-01,,,,,,,UNH
2021-01-01,,,,,,,UNH
2021-01-01,,,,,,,UNH
2021-01-01,,,,,,,UNH
2021-01-01,,,,,,,UNH
2021-01-01,,,,,,,UNH
2021-01-01,,,,,,,UNH
2021-01-01,351.45001220703125,352.0799865722656,340.3800048828125,349.5,326.3592834472656,4203800.0,UNH
2021-01-01,,,,,,,UNH
2021-01-01,,,,,,,V
2021-01-01,,,,,,,V
2021-01-01,,,,,,,V
2021-01-01,,,,,,,V
2021-01-01,,,,,,,V
2021-01-01,,,,,,,V
2021-01-01,,,,,,,V
2021-01-01,,,,,,,V
2021-01-01,,,,,,,V
2021-01-01,,,,,,,V
2021-01-01,,,,,,,V
2021-01-01,,,,,,,V
2021-01-01,,,,,,,V
2021-01-01,,,,,,,V
2021-01-01,,,,,,,V
2021-01-01,,,,,,,V
2021-01-01,,,,,,,V
2021-01-01,,,,,,,V
2021-01-01,,,,,,,V
2021-01-01,220.25,220.25,214.24000549316406,217.75999450683594,210.42105102539062,10318300.0,V
2021-02-01,133.75,135.3800048828125,130.92999267578125,134.13999938964844,130.70547485351562,106239800.0,AAPL
2021-02-01,,,,,,,AAPL
2021-02-01,,,,,,,AAPL
2021-02-01,,,,,,,AAPL
2021-02-01,,,,,,,AAPL
2021-02-01,,,,,,,AAPL
2021-02-01,,,,,,,AAPL
2021-02-01,,,,,,,AAPL
2021-02-01,,,,,,,AAPL
2021-02-01,,,,,,,AAPL
2021-02-01,,,,,,,AAPL
2021-02-01,,,,,,,AAPL
2021-02-01,,,,,,,AAPL
2021-02-01,,,,,,,AAPL
2021-02-01,,,,,,,AAPL
2021-02-01,,,,,,,AAPL
2021-02-01,,,,,,,AAPL
2021-02-01,,,,,,,AAPL
2021-02-01,,,,,,,AAPL
2021-02-01,,,,,,,AAPL
2021-02-01,,,,,,,ADBE
2021-02-01,462.2799987792969,474.79998779296875,459.82000732421875,470.0,470.0,2554800.0,ADBE
2021-02-01,,,,,,,ADBE
2021-02-01,,,,,,,ADBE
2021-02-01,,,,,,,ADBE
2021-02-01,,,,,,,ADBE
2021-02-01,,,,,,,ADBE
2021-02-01,,,,,,,ADBE
2021-02-01,,,,,,,ADBE
2021-02-01,,,,,,,ADBE
2021-02-01,,,,,,,ADBE
2021-02-01,,,,,,,ADBE
2021-02-01,,,,,,,ADBE
2021-02-01,,,,,,,ADBE
2021-02-01,,,,,,,ADBE
2021-02-01,,,,,,,ADBE
2021-02-01,,,,,,,ADBE
2021-02-01,,,,,,,ADBE
2021-02-01,,,,,,,ADBE
2021-02-01,,,,,,,ADBE
2021-02-01,,,,,,,AMZN
2021-02-01,,,,,,,AMZN
2021-02-01,162.1179962158203,167.51300048828125,161.75149536132812,167.1439971923828,167.1439971923828,83204000.0,AMZN
2021-02-01,,,,,,,AMZN
2021-02-01,,,,,,,AMZN
2021-02-01,,,,,,,AMZN
2021-02-01,,,,,,,AMZN
2021-02-01,,,,,,,AMZN
2021-02-01,,,,,,,AMZN
2021-02-01,,,,,,,AMZN
2021-02-01,,,,,,,AMZN
2021-02-01,,,,,,,AMZN
2021-02-01,,,,,,,AMZN
2021-02-01,,,,,,,AMZN
2021-02-01,,,,,,,AMZN
2021-02-01,,,,,,,AMZN
2021-02-01,,,,,,,AMZN
2021-02-01,,,,,,,AMZN
2021-02-01,,,,,,,AMZN
2021-02-01,,,,,,,AMZN
2021-02-01,,,,,,,BAC
2021-02-01,,,,,,,BAC
2021-02-01,,,,,,,BAC
2021-02-01,29.8700008392334,30.040000915527344,29.56999969482422,29.959999084472656,26.689594268798828,40985300.0,BAC
2021-02-01,,,,,,,BAC
2021-02-01,,,,,,,BAC
2021-02-01,,,,,,,BAC
2021-02-01,,,,,,,BAC
2021-02-01,,,,,,,BAC
2021-02-01,,,,,,,BAC
2021-02-01,,,,,,,BAC
2021-02-01,,,,,,,BAC
2021-02-01,,,,,,,BAC
2021-02-01,,,,,,,BAC
2021-02-01,,,,,,,BAC
2021-02-01,,,,,,,BAC
2021-02-01,,,,,,,BAC
2021-02-01,,,,,,,BAC
2021-02-01,,,,,,,BAC
2021-02-01,,,,,,,BAC
2021-02-01,,,,,,,CRM
2021-02-01,,,,,,,CRM
2021-02-01,,,,,,,CRM
2021-02-01,,,,,,,CRM
2021-02-01,227.2100067138672,229.89999389648438,224.75,228.4600067138672,226.47549438476562,5696700.0,CRM
2021-02-01,,,,,,,CRM
2021-02-01,,,,,,,CRM
2021-02-01,,,,,,,CRM
2021-02-01,,,,,,,CRM
2021-02-01,,,,,,,CRM
2021-02-01,,,,,,,CRM
2021-02-01,,,,,,,CRM
2021-02-01,,,,,,,CRM
2021-02-01,,,,,,,CRM
2021-02-01,,,,,,,CRM
2021-02-01,,,,,,,CRM
2021-02-01,,,,,,,CRM
2021-02-01,,,,,,,CRM
2021-02-01,,,,,,,CRM
2021-02-01,,,,,,,CRM
2021-02-01,,,,,,,DIS
2021-02-01,,,,,,,DIS
2021-02-01,,,,,,,DIS
2021-02-01,,,,,,,DIS
2021-02-01,,,,,,,DIS
2021-02-01,170.83999633789062,171.72999572753906,168.02999877929688,170.97000122070312,168.16653442382812,8140400.0,DIS
2021-02-01,,,,,,,DIS
2021-02-01,,,,,,,DIS
2021-02-01,,,,,,,DIS
2021-02-01,,,,,,,DIS
2021-02-01,,,,,,,DIS
2021-02-01,,,,,,,DIS
2021-02-01,,,,,,,DIS
2021-02-01,,,,,,,DIS
2021-02-01,,,,,,,DIS
2021-02-01,,,,,,,DIS
2021-02-01,,,,,,,DIS
2021-02-01,,,,,,,DIS
2021-02-01,,,,,,,DIS
2021-02-01,,,,,,,DIS
2021-02-01,,,,,,,GOOGL
2021-02-01,,,,,,,GOOGL
2021-02-01,,,,,,,GOOGL
2021-02-01,,,,,,,GOOGL
2021-02-01,,,,,,,GOOGL
2021-02-01,,,,,,,GOOGL
2021-02-01,92.22949981689453,95.7770004272461,92.22949981689453,94.65350341796875,94.00513458251953,40252000.0,GOOGL
2021-02-01,,,,,,,GOOGL
2021-02-01,,,,,,,GOOGL
2021-02-01,,,,,,,GOOGL
2021-02-01,,,,,,,GOOGL
2021-02-01,,,,,,,GOOGL
2021-02-01,,,,,,,GOOGL
2021-02-01,,,,,,,GOOGL
2021-02-01,,,,,,,GOOGL
2021-02-01,,,,,,,GOOGL
2021-02-01,,,,,,,GOOGL
2021-02-01,,,,,,,GOOGL
2021-02-01,,,,,,,GOOGL
2021-02-01,,,,,,,GOOGL
2021-02-01,,,,,,,HD
2021-02-01,,,,,,,HD
2021-02-01,,,,,,,HD
2021-02-01,,,,,,,HD
2021-02-01,,,,,,,HD
2021-02-01,,,,,,,HD
2021-02-01,,,,,,,HD
2021-02-01,271.2300109863281,272.6499938964844,267.25,270.07000732421875,240.64785766601562,3707800.0,HD
2021-02-01,,,,,,,HD
2021-02-01,,,,,,,HD
2021-02-01,,,,,,,HD
2021-02-01,,,,,,,HD
2021-02-01,,,,,,,HD
2021-02-01,,,,,,,HD
2021-02-01,,,,,,,HD
2021-02-01,,,,,,,HD
2021-02-01,,,,,,,HD
2021-02-01,,,,,,,HD
2021-02-01,,,,,,,HD
2021-02-01,,,,,,,HD
2021-02-01,,,,,,,JNJ
2021-02-01,,,,,,,JNJ
2021-02-01,,,,,,,JNJ
2021-02-01,,,,,,,JNJ
2021-02-01,,,,,,,JNJ
2021-02-01,,,,,,,JNJ
2021-02-01,,,,,,,JNJ
2021-02-01,,,,,,,JNJ
2021-02-01,165.30999755859375,165.30999755859375,162.60000610351562,162.7100067138672,142.06167602539062,9971400.0,JNJ
2021-02-01,,,,,,,JNJ
2021-02-01,,,,,,,JNJ
2021-02-01,,,,,,,JNJ
2021-02-01,,,,,,,JNJ
2021-02-01,,,,,,,JNJ
2021-02-01,,,,,,,JNJ
2021-02-01,,,,,,,JNJ
2021-02-01,,,,,,,JNJ
2021-02-01,,,,,,,JNJ
2021-02-01,,,,,,,JNJ
2021-02-01,,,,,,,JNJ
2021-02-01,,,,,,,JPM
2021-02-01,,,,,,,JPM
2021-02-01,,,,,,,JPM
2021-02-01,,,,,,,JPM
2021-02-01,,,,,,,JPM
2021-02-01,,,,,,,JPM
2021-02-01,,,,,,,JPM
2021-02-01,,,,,,,JPM
2021-02-01,,,,,,,JPM
2021-02-01,129.39999389648438,130.07000732421875,128.47999572753906,129.6199951171875,115.21916961669922,11080700.0,JPM
2021-02-01,,,,,,,JPM
2021-02-01,,,,,,,JPM
2021-02-01,,,,,,,JPM
2021-02-01,,,,,,,JPM
2021-02-01,,,,,,,JPM
2021-02-01,,,,,,,JPM
2021-02-01,,,,,,,JPM
2021-02-01,,,,,,,JPM
2021-02-01,,,,,,,JPM
2021-02-01,,,,,,,JPM
2021-02-01,,,,,,,MA
2021-02-01,,,,,,,MA
2021-02-01,,,,,,,MA
2021-02-01,,,,,,,MA
2021-02-01,,,,,,,MA
2021-02-01,,,,,,,MA
2021-02-01,,,,,,,MA
2021-02-01,,,,,,,MA
2021-02-01,,,,,,,MA
2021-02-01,,,,,,,MA
2021-02-01,320.9100036621094,323.5199890136719,317.5799865722656,321.55999755859375,313.3921203613281,4930700.0,MA
2021-02-01,,,,,,,MA
2021-02-01,,,,,,,MA
2021-02-01,,,,,,,MA
2021-02-01,,,,,,,MA
2021-02-01,,,,,,,MA
2021-02-01,,,,,,,MA
2021-02-01,,,,,,,MA
2021-02-01,,,,,,,MA
2021-02-01,,,,,,,MA
2021-02-01,,,,,,,META
2021-02-01,,,,,,,META
2021-02-01,,,,,,,META
2021-02-01,,,,,,,META
2021-02-01,,,,,,,META
2021-02-01,,,,,,,META
2021-02-01,,,,,,,META
2021-02-01,,,,,,,META
2021-02-01,,,,,,,META
2021-02-01,,,,,,,META
2021-02-01,,,,,,,META
2021-02-01,259.5199890136719,264.1700134277344,254.91000366210938,262.010009765625,260.5804443359375,22914300.0,META
2021-02-01,,,,,,,META
2021-02-01,,,,,,,META
2021-02-01,,,,,,,META
2021-02-01,,,,,,,META
2021-02-01,,,,,,,META
2021-02-01,,,,,,,META
2021-02-01,,,,,,,META
2021-02-01,,,,,,,META
2021-02-01,,,,,,,MSFT
2021-02-01,,,,,,,MSFT
2021-02-01,,,,,,,MSFT
2021-02-01,,,,,,,MSFT
2021-02-01,,,,,,,MSFT
2021-02-01,,,,,,,MSFT
2021-02-01,,,,,,,MSFT
2021-02-01,,,,,,,MSFT
2021-02-01,,,,,,,MSFT
2021-02-01,,,,,,,MSFT
2021-02-01,,,,,,,MSFT
2021-02-01,,,,,,,MSFT
2021-02-01,235.05999755859375,242.5,232.42999267578125,239.64999389648438,230.38409423828125,33314200.0,MSFT
2021-02-01,,,,,,,MSFT
2021-02-01,,,,,,,MSFT
2021-02-01,,,,,,,MSFT
2021-02-01,,,,,,,MSFT
2021-02-01,,,,,,,MSFT
2021-02-01,,,,,,,MSFT
2021-02-01,,,,,,,MSFT
2021-02-01,,,,,,,NFLX
2021-02-01,,,,,,,NFLX
2021-02-01,,,,,,,NFLX
2021-02-01,,,,,,,NFLX
2021-02-01,,,,,,,NFLX
2021-02-01,,,,,,,NFLX
2021-02-01,,,,,,,NFLX
2021-02-01,,,,,,,NFLX
2021-02-01,,,,,,,NFLX
2021-02-01,,,,,,,NFLX
2021-02-01,,,,,,,NFLX
2021-02-01,,,,,,,NFLX
2021-02-01,,,,,,,NFLX
2021-02-01,536.7899780273438,545.0599975585938,531.72998046875,539.0399780273438,539.0399780273438,3547500.0,NFLX
2021-02-01,,,,,,,NFLX
2021-02-01,,,,,,,NFLX
2021-02-01,,,,,,,NFLX
2021-02-01,,,,,,,NFLX
2021-02-01,,,,,,,NFLX
2021-02-01,,,,,,,NFLX
2021-02-01,,,,,,,NVDA
2021-02-01,,,,,,,NVDA
2021-02-01,,,,,,,NVDA
2021-02-01,,,,,,,NVDA
2021-02-01,,,,,,,NVDA
2021-02-01,,,,,,,NVDA
2021-02-01,,,,,,,NVDA
2021-02-01,,,,,,,NVDA
2021-02-01,,,,,,,NVDA
2021-02-01,,,,,,,NVDA
2021-02-01,,,,,,,NVDA
2021-02-01,,,,,,,NVDA
2021-02-01,,,,,,,NVDA
2021-02-01,,,,,,,NVDA
2021-02-01,13.053250312805176,13.270750045776367,12.902750015258789,13.237000465393066,13.200615882873535,217204000.0,NVDA
2021-02-01,,,,,,,NVDA
2021-02-01,,,,,,,NVDA
2021-02-01,,,,,,,NVDA
2021-02-01,,,,,,,NVDA
2021-02-01,,,,,,,NVDA
2021-02-01,,,,,,,PFE
2021-02-01,,,,,,,PFE
2021-02-01,,,,,,,PFE
2021-02-01,,,,,,,PFE
2021-02-01,,,,,,,PFE
2021-02-01,,,,,,,PFE
2021-02-01,,,,,,,PFE
2021-02-01,,,,,,,PFE
2021-02-01,,,,,,,PFE
2021-02-01,,,,,,,PFE
2021-02-01,,,,,,,PFE
2021-02-01,,,,,,,PFE
2021-02-01,,,,,,,PFE
2021-02-01,,,,,,,PFE
2021-02-01,,,,,,,PFE
2021-02-01,35.93000030517578,36.189998626708984,35.720001220703125,35.79999923706055,28.856035232543945,40395800.0,PFE
2021-02-01,,,,,,,PFE
2021-02-01,,,,,,,PFE
2021-02-01,,,,,,,PFE
2021-02-01,,,,,,,PFE
2021-02-01,,,,,,,PG
2021-02-01,,,,,,,PG
2021-02-01,,,,,,,PG
2021-02-01,,,,,,,PG
2021-02-01,,,,,,,PG
2021-02-01,,,,,,,PG
2021-02-01,,,,,,,PG
2021-02-01,,,,,,,PG
2021-02-01,,,,,,,PG
2021-02-01,,,,,,,PG
2021-02-01,,,,,,,PG
2021-02-01,,,,,,,PG
2021-02-01,,,,,,,PG
2021-02-01,,,,,,,PG
2021-02-01,,,,,,,PG
2021-02-01,,,,,,,PG
2021-02-01,129.0,129.66000366210938,128.1999969482422,128.97000122070312,115.29127502441406,6534200.0,PG
2021-02-01,,,,,,,PG
2021-02-01,,,,,,,PG
2021-02-01,,,,,,,PG
2021-02-01,,,,,,,TSLA
2021-02-01,,,,,,,TSLA
2021-02-01,,,,,,,TSLA
2021-02-01,,,,,,,TSLA
2021-02-01,,,,,,,TSLA
2021-02-01,,,,,,,TSLA
2021-02-01,,,,,,,TSLA
2021-02-01,,,,,,,TSLA
2021-02-01,,,,,,,TSLA
2021-02-01,,,,,,,TSLA
2021-02-01,,,,,,,TSLA
2021-02-01,,,,,,,TSLA
2021-02-01,,,,,,,TSLA
2021-02-01,,,,,,,TSLA
2021-02-01,,,,,,,TSLA
2021-02-01,,,,,,,TSLA
2021-02-01,,,,,,,TSLA
2021-02-01,271.42999267578125,280.6666564941406,265.1866760253906,279.9366760253906,279.9366760253906,76174200.0,TSLA
2021-02-01,,,,,,,TSLA
2021-02-01,,,,,,,TSLA
2021-02-01,,,,,,,UNH
2021-02-01,,,,,,,UNH
2021-02-01,,,,,,,UNH
2021-02-01,,,,,,,UNH
2021-02-01,,,,,,,UNH
2021-02-01,,,,,,,UNH
2021-02-01,,,,,,,UNH
2021-02-01,,,,,,,UNH
2021-02-01,,,,,,,UNH
2021-02-01,,,,,,,UNH
2021-02-01,,,,,,,UNH
2021-02-01,,,,,,,UNH
2021-02-01,,,,,,,UNH
2021-02-01,,,,,,,UNH
2021-02-01,,,,,,,UNH
2021-02-01,,,,,,,UNH
2021-02-01,,,,,,,UNH
2021-02-01,,,,,,,UNH
2021-02-01,335.0299987792969,338.1499938964844,332.739990234375,334.0,311.8855285644531,3020200.0,UNH
2021-02-01,,,,,,,UNH
2021-02-01,,,,,,,V
2021-02-01,,,,,,,V
2021-02-01,,,,,,,V
2021-02-01,,,,,,,V
2021-02-01,,,,,,,V
2021-02-01,,,,,,,V
2021-02-01,,,,,,,V
2021-02-01,,,,,,,V
2021-02-01,,,,,,,V
2021-02-01,,,,,,,V
2021-02-01,,,,,,,V
2021-02-01,,,,,,,V
2021-02-01,,,,,,,V
2021-02-01,,,,,,,V
2021-02-01,,,,,,,V
2021-02-01,,,,,,,V
2021-02-01,,,,,,,V
2021-02-01,,,,,,,V
2021-02-01,,,,,,,V
2021-02-01,195.13999938964844,199.2100067138672,195.02000427246094,198.36000061035156,191.67489624023438,12970700.0,V
2021-03-01,123.75,127.93000030517578,122.79000091552734,127.79000091552734,124.70413970947266,116307900.0,AAPL
2021-03-01,,,,,,,AAPL
2021-03-01,,,,,,,AAPL
2021-03-01,,,,,,,AAPL
2021-03-01,,,,,,,AAPL
2021-03-01,,,,,,,AAPL
2021-03-01,,,,,,,AAPL
2021-03-01,,,,,,,AAPL
2021-03-01,,,,,,,AAPL
2021-03-01,,,,,,,AAPL
2021-03-01,,,,,,,AAPL
2021-03-01,,,,,,,AAPL
2021-03-01,,,,,,,AAPL
2021-03-01,,,,,,,AAPL
2021-03-01,,,,,,,AAPL
2021-03-01,,,,,,,AAPL
2021-03-01,,,,,,,AAPL
2021-03-01,,,,,,,AAPL
2021-03-01,,,,,,,AAPL
2021-03-01,,,,,,,AAPL
2021-03-01,,,,,,,ADBE
2021-03-01,465.67999267578125,470.5,462.6499938964844,469.57000732421875,469.57000732421875,2358600.0,ADBE
2021-03-01,,,,,,,ADBE
2021-03-01,,,,,,,ADBE
2021-03-01,,,,,,,ADBE
2021-03-01,,,,,,,ADBE
2021-03-01,,,,,,,ADBE
2021-03-01,,,,,,,ADBE
2021-03-01,,,,,,,ADBE
2021-03-01,,,,,,,ADBE
2021-03-01,,,,,,,ADBE
2021-03-01,,,,,,,ADBE
2021-03-01,,,,,,,ADBE
2021-03-01,,,,,,,ADBE
2021-03-01,,,,,,,ADBE
2021-03-01,,,,,,,ADBE
2021-03-01,,,,,,,ADBE
2021-03-01,,,,,,,ADBE
2021-03-01,,,,,,,ADBE
2021-03-01,,,,,,,ADBE
2021-03-01,,,,,,,AMZN
2021-03-01,,,,,,,AMZN
2021-03-01,156.39450073242188,157.47799682617188,154.89950561523438,157.3070068359375,157.3070068359375,54582000.0,AMZN
2021-03-01,,,,,,,AMZN
2021-03-01,,,,,,,AMZN
2021-03-01,,,,,,,AMZN
2021-03-01,,,,,,,AMZN
2021-03-01,,,,,,,AMZN
2021-03-01,,,,,,,AMZN
2021-03-01,,,,,,,AMZN
2021-03-01,,,,,,,AMZN
2021-03-01,,,,,,,AMZN
2021-03-01,,,,,,,AMZN
2021-03-01,,,,,,,AMZN
2021-03-01,,,,,,,AMZN
2021-03-01,,,,,,,AMZN
2021-03-01,,,,,,,AMZN
2021-03-01,,,,,,,AMZN
2021-03-01,,,,,,,AMZN
2021-03-01,,,,,,,AMZN
2021-03-01,,,,,,,BAC
2021-03-01,,,,,,,BAC
2021-03-01,,,,,,,BAC
2021-03-01,35.52000045776367,36.04999923706055,35.2400016784668,35.790000915527344,31.88320541381836,45901700.0,BAC
2021-03-01,,,,,,,BAC
2021-03-01,,,,,,,BAC
2021-03-01,,,,,,,BAC
2021-03-01,,,,,,,BAC
2021-03-01,,,,,,,BAC
2021-03-01,,,,,,,BAC
2021-03-01,,,,,,,BAC
2021-03-01,,,,,,,BAC
2021-03-01,,,,,,,BAC
2021-03-01,,,,,,,BAC
2021-03-01,,,,,,,BAC
2021-03-01,,,,,,,BAC
2021-03-01,,,,,,,BAC
2021-03-01,,,,,,,BAC
2021-03-01,,,,,,,BAC
2021-03-01,,,,,,,BAC
2021-03-01,,,,,,,CRM
2021-03-01,,,,,,,CRM
2021-03-01,,,,,,,CRM
2021-03-01,,,,,,,CRM
2021-03-01,219.89999389648438,220.1999969482422,215.02999877929688,217.5399932861328,215.65032958984375,14027700.0,CRM
2021-03-01,,,,,,,CRM
2021-03-01,,,,,,,CRM
2021-03-01,,,,,,,CRM
2021-03-01,,,,,,,CRM
2021-03-01,,,,,,,CRM
2021-03-01,,,,,,,CRM
2021-03-01,,,,,,,CRM
2021-03-01,,,,,,,CRM
2021-03-01,,,,,,,CRM
2021-03-01,,,,,,,CRM
2021-03-01,,,,,,,CRM
2021-03-01,,,,,,,CRM
2021-03-01,,,,,,,CRM
2021-03-01,,,,,,,CRM
2021-03-01,,,,,,,CRM
2021-03-01,,,,,,,DIS
2021-03-01,,,,,,,DIS
2021-03-01,,,,,,,DIS
2021-03-01,,,,,,,DIS
2021-03-01,,,,,,,DIS
2021-03-01,193.22999572753906,196.89999389648438,191.38999938964844,194.97999572753906,191.7828369140625,10709900.0,DIS
2021-03-01,,,,,,,DIS
2021-03-01,,,,,,,DIS
2021-03-01,,,,,,,DIS
2021-03-01,,,,,,,DIS
2021-03-01,,,,,,,DIS
2021-03-01,,,,,,,DIS
2021-03-01,,,,,,,DIS
2021-03-01,,,,,,,DIS
2021-03-01,,,,,,,DIS
2021-03-01,,,,,,,DIS
2021-03-01,,,,,,,DIS
2021-03-01,,,,,,,DIS
2021-03-01,,,,,,,DIS
2021-03-01,,,,,,,DIS
2021-03-01,,,,,,,GOOGL
2021-03-01,,,,,,,GOOGL
2021-03-01,,,,,,,GOOGL
2021-03-01,,,,,,,GOOGL
2021-03-01,,,,,,,GOOGL
2021-03-01,,,,,,,GOOGL
2021-03-01,102.4000015258789,103.8115005493164,101.72100067138672,103.48300170898438,102.77416229248047,26060000.0,GOOGL
2021-03-01,,,,,,,GOOGL
2021-03-01,,,,,,,GOOGL
2021-03-01,,,,,,,GOOGL
2021-03-01,,,,,,,GOOGL
2021-03-01,,,,,,,GOOGL
2021-03-01,,,,,,,GOOGL
2021-03-01,,,,,,,GOOGL
2021-03-01,,,,,,,GOOGL
2021-03-01,,,,,,,GOOGL
2021-03-01,,,,,,,GOOGL
2021-03-01,,,,,,,GOOGL
2021-03-01,,,,,,,GOOGL
2021-03-01,,,,,,,GOOGL
2021-03-01,,,,,,,HD
2021-03-01,,,,,,,HD
2021-03-01,,,,,,,HD
2021-03-01,,,,,,,HD
2021-03-01,,,,,,,HD
2021-03-01,,,,,,,HD
2021-03-01,,,,,,,HD
2021-03-01,258.80999755859375,262.4800109863281,258.4700012207031,261.6199951171875,233.11834716796875,4528900.0,HD
2021-03-01,,,,,,,HD
2021-03-01,,,,,,,HD
2021-03-01,,,,,,,HD
2021-03-01,,,,,,,HD
2021-03-01,,,,,,,HD
2021-03-01,,,,,,,HD
2021-03-01,,,,,,,HD
2021-03-01,,,,,,,HD
2021-03-01,,,,,,,HD
2021-03-01,,,,,,,HD
2021-03-01,,,,,,,HD
2021-03-01,,,,,,,HD
2021-03-01,,,,,,,JNJ
2021-03-01,,,,,,,JNJ
2021-03-01,,,,,,,JNJ
2021-03-01,,,,,,,JNJ
2021-03-01,,,,,,,JNJ
2021-03-01,,,,,,,JNJ
2021-03-01,,,,,,,JNJ
2021-03-01,,,,,,,JNJ
2021-03-01,161.4499969482422,161.52999877929688,159.08999633789062,159.32000732421875,139.96926879882812,10551400.0,JNJ
2021-03-01,,,,,,,JNJ
2021-03-01,,,,,,,JNJ
2021-03-01,,,,,,,JNJ
2021-03-01,,,,,,,JNJ
2021-03-01,,,,,,,JNJ
2021-03-01,,,,,,,JNJ
2021-03-01,,,,,,,JNJ
2021-03-01,,,,,,,JNJ
2021-03-01,,,,,,,JNJ
2021-03-01,,,,,,,JNJ
2021-03-01,,,,,,,JNJ
2021-03-01,,,,,,,JPM
2021-03-01,,,,,,,JPM
2021-03-01,,,,,,,JPM
2021-03-01,,,,,,,JPM
2021-03-01,,,,,,,JPM
2021-03-01,,,,,,,JPM
2021-03-01,,,,,,,JPM
2021-03-01,,,,,,,JPM
2021-03-01,,,,,,,JPM
2021-03-01,149.52000427246094,151.3800048828125,148.47999572753906,150.5,133.77938842773438,14845500.0,JPM
2021-03-01,,,,,,,JPM
2021-03-01,,,,,,,JPM
2021-03-01,,,,,,,JPM
2021-03-01,,,,,,,JPM
2021-03-01,,,,,,,JPM
2021-03-01,,,,,,,JPM
2021-03-01,,,,,,,JPM
2021-03-01,,,,,,,JPM
2021-03-01,,,,,,,JPM
2021-03-01,,,,,,,JPM
2021-03-01,,,,,,,MA
2021-03-01,,,,,,,MA
2021-03-01,,,,,,,MA
2021-03-01,,,,,,,MA
2021-03-01,,,,,,,MA
2021-03-01,,,,,,,MA
2021-03-01,,,,,,,MA
2021-03-01,,,,,,,MA
2021-03-01,,,,,,,MA
2021-03-01,,,,,,,MA
2021-03-01,360.67999267578125,366.45001220703125,359.17999267578125,362.8999938964844,353.6820983886719,4382900.0,MA
2021-03-01,,,,,,,MA
2021-03-01,,,,,,,MA
2021-03-01,,,,,,,MA
2021-03-01,,,,,,,MA
2021-03-01,,,,,,,MA
2021-03-01,,,,,,,MA
2021-03-01,,,,,,,MA
2021-03-01,,,,,,,MA
2021-03-01,,,,,,,MA
2021-03-01,,,,,,,META
2021-03-01,,,,,,,META
2021-03-01,,,,,,,META
2021-03-01,,,,,,,META
2021-03-01,,,,,,,META
2021-03-01,,,,,,,META
2021-03-01,,,,,,,META
2021-03-01,,,,,,,META
2021-03-01,,,,,,,META
2021-03-01,,,,,,,META
2021-03-01,,,,,,,META
2021-03-01,260.82000732421875,266.6499938964844,257.8999938964844,264.9100036621094,263.4646301269531,22157300.0,META
2021-03-01,,,,,,,META
2021-03-01,,,,,,,META
2021-03-01,,,,,,,META
2021-03-01,,,,,,,META
2021-03-01,,,,,,,META
2021-03-01,,,,,,,META
2021-03-01,,,,,,,META
2021-03-01,,,,,,,META
2021-03-01,,,,,,,MSFT
2021-03-01,,,,,,,MSFT
2021-03-01,,,,,,,MSFT
2021-03-01,,,,,,,MSFT
2021-03-01,,,,,,,MSFT
2021-03-01,,,,,,,MSFT
2021-03-01,,,,,,,MSFT
2021-03-01,,,,,,,MSFT
2021-03-01,,,,,,,MSFT
2021-03-01,,,,,,,MSFT
2021-03-01,,,,,,,MSFT
2021-03-01,,,,,,,MSFT
2021-03-01,235.89999389648438,237.47000122070312,233.14999389648438,236.94000244140625,228.303466796875,25324000.0,MSFT
2021-03-01,,,,,,,MSFT
2021-03-01,,,,,,,MSFT
2021-03-01,,,,,,,MSFT
2021-03-01,,,,,,,MSFT
2021-03-01,,,,,,,MSFT
2021-03-01,,,,,,,MSFT
2021-03-01,,,,,,,MSFT
2021-03-01,,,,,,,NFLX
2021-03-01,,,,,,,NFLX
2021-03-01,,,,,,,NFLX
2021-03-01,,,,,,,NFLX
2021-03-01,,,,,,,NFLX
2021-03-01,,,,,,,NFLX
2021-03-01,,,,,,,NFLX
2021-03-01,,,,,,,NFLX
2021-03-01,,,,,,,NFLX
2021-03-01,,,,,,,NFLX
2021-03-01,,,,,,,NFLX
2021-03-01,,,,,,,NFLX
2021-03-01,,,,,,,NFLX
2021-03-01,545.5700073242188,552.1400146484375,542.0,550.6400146484375,550.6400146484375,3041400.0,NFLX
2021-03-01,,,,,,,NFLX
2021-03-01,,,,,,,NFLX
2021-03-01,,,,,,,NFLX
2021-03-01,,,,,,,NFLX
2021-03-01,,,,,,,NFLX
2021-03-01,,,,,,,NFLX
2021-03-01,,,,,,,NVDA
2021-03-01,,,,,,,NVDA
2021-03-01,,,,,,,NVDA
2021-03-01,,,,,,,NVDA
2021-03-01,,,,,,,NVDA
2021-03-01,,,,,,,NVDA
2021-03-01,,,,,,,NVDA
2021-03-01,,,,,,,NVDA
2021-03-01,,,,,,,NVDA
2021-03-01,,,,,,,NVDA
2021-03-01,,,,,,,NVDA
2021-03-01,,,,,,,NVDA
2021-03-01,,,,,,,NVDA
2021-03-01,,,,,,,NVDA
2021-03-01,13.875,13.925000190734863,13.553250312805176,13.841750144958496,13.80370044708252,353184000.0,NVDA
2021-03-01,,,,,,,NVDA
2021-03-01,,,,,,,NVDA
2021-03-01,,,,,,,NVDA
2021-03-01,,,,,,,NVDA
2021-03-01,,,,,,,NVDA
2021-03-01,,,,,,,PFE
2021-03-01,,,,,,,PFE
2021-03-01,,,,,,,PFE
2021-03-01,,,,,,,PFE
2021-03-01,,,,,,,PFE
2021-03-01,,,,,,,PFE
2021-03-01,,,,,,,PFE
2021-03-01,,,,,,,PFE
2021-03-01,,,,,,,PFE
2021-03-01,,,,,,,PFE
2021-03-01,,,,,,,PFE
2021-03-01,,,,,,,PFE
2021-03-01,,,,,,,PFE
2021-03-01,,,,,,,PFE
2021-03-01,,,,,,,PFE
2021-03-01,33.59000015258789,33.93000030517578,33.5099983215332,33.689998626708984,27.155298233032227,30407800.0,PFE
2021-03-01,,,,,,,PFE
2021-03-01,,,,,,,PFE
2021-03-01,,,,,,,PFE
2021-03-01,,,,,,,PFE
2021-03-01,,,,,,,PG
2021-03-01,,,,,,,PG
2021-03-01,,,,,,,PG
2021-03-01,,,,,,,PG
2021-03-01,,,,,,,PG
2021-03-01,,,,,,,PG
2021-03-01,,,,,,,PG
2021-03-01,,,,,,,PG
2021-03-01,,,,,,,PG
2021-03-01,,,,,,,PG
2021-03-01,,,,,,,PG
2021-03-01,,,,,,,PG
2021-03-01,,,,,,,PG
2021-03-01,,,,,,,PG
2021-03-01,,,,,,,PG
2021-03-01,,,,,,,PG
2021-03-01,124.16000366210938,125.48999786376953,124.0,124.29000091552734,111.10763549804688,7740200.0,PG
2021-03-01,,,,,,,PG
2021-03-01,,,,,,,PG
2021-03-01,,,,,,,PG
2021-03-01,,,,,,,TSLA
2021-03-01,,,,,,,TSLA
2021-03-01,,,,,,,TSLA
2021-03-01,,,,,,,TSLA
2021-03-01,,,,,,,TSLA
2021-03-01,,,,,,,TSLA
2021-03-01,,,,,,,TSLA
2021-03-01,,,,,,,TSLA
2021-03-01,,,,,,,TSLA
2021-03-01,,,,,,,TSLA
2021-03-01,,,,,,,TSLA
2021-03-01,,,,,,,TSLA
2021-03-01,,,,,,,TSLA
2021-03-01,,,,,,,TSLA
2021-03-01,,,,,,,TSLA
2021-03-01,,,,,,,TSLA
2021-03-01,,,,,,,TSLA
2021-03-01,230.0366668701172,239.6666717529297,228.35000610351562,239.47666931152344,239.47666931152344,81408600.0,TSLA
2021-03-01,,,,,,,TSLA
2021-03-01,,,,,,,TSLA
2021-03-01,,,,,,,UNH
2021-03-01,,,,,,,UNH
2021-03-01,,,,,,,UNH
2021-03-01,,,,,,,UNH
2021-03-01,,,,,,,UNH
2021-03-01,,,,,,,UNH
2021-03-01,,,,,,,UNH
2021-03-01,,,,,,,UNH
2021-03-01,,,,,,,UNH
2021-03-01,,,,,,,UNH
2021-03-01,,,,,,,UNH
2021-03-01,,,,,,,UNH
2021-03-01,,,,,,,UNH
2021-03-01,,,,,,,UNH
2021-03-01,,,,,,,UNH
2021-03-01,,,,,,,UNH
2021-03-01,,,,,,,UNH
2021-03-01,,,,,,,UNH
2021-03-01,334.3599853515625,338.9100036621094,333.67999267578125,334.6499938964844,312.49261474609375,4198900.0,UNH
2021-03-01,,,,,,,UNH
2021-03-01,,,,,,,V
2021-03-01,,,,,,,V
2021-03-01,,,,,,,V
2021-03-01,,,,,,,V
2021-03-01,,,,,,,V
2021-03-01,,,,,,,V
2021-03-01,,,,,,,V
2021-03-01,,,,,,,V
2021-03-01,,,,,,,V
2021-03-01,,,,,,,V
2021-03-01,,,,,,,V
2021-03-01,,,,,,,V
2021-03-01,,,,,,,V
2021-03-01,,,,,,,V
2021-03-01,,,,,,,V
2021-03-01,,,,,,,V
2021-03-01,,,,,,,V
2021-03-01,,,,,,,V
2021-03-01,,,,,,,V
2021-03-01,214.97000122070312,217.8000030517578,214.7899932861328,216.6300048828125,209.65419006347656,6982000.0,V
2021-04-01,123.66000366210938,124.18000030517578,122.48999786376953,123.0,120.02980041503906,75089100.0,AAPL
2021-04-01,,,,,,,AAPL
2021-04-01,,,,,,,AAPL
2021-04-01,,,,,,,AAPL
2021-04-01,,,,,,,AAPL
2021-04-01,,,,,,,AAPL
2021-04-01,,,,,,,AAPL
2021-04-01,,,,,,,AAPL
2021-04-01,,,,,,,AAPL
2021-04-01,,,,,,,AAPL
2021-04-01,,,,,,,AAPL
2021-04-01,,,,,,,AAPL
2021-04-01,,,,,,,AAPL
2021-04-01,,,,,,,AAPL
2021-04-01,,,,,,,AAPL
2021-04-01,,,,,,,AAPL
2021-04-01,,,,,,,AAPL
2021-04-01,,,,,,,AAPL
2021-04-01,,,,,,,AAPL
2021-04-01,,,,,,,AAPL
2021-04-01,,,,,,,ADBE
2021-04-01,483.1199951171875,487.0400085449219,480.7099914550781,483.3399963378906,483.3399963378906,2664700.0,ADBE
2021-04-01,,,,,,,ADBE
2021-04-01,,,,,,,ADBE
2021-04-01,,,,,,,ADBE
2021-04-01,,,,,,,ADBE
2021-04-01,,,,,,,ADBE
2021-04-01,,,,,,,ADBE
2021-04-01,,,,,,,ADBE
2021-04-01,,,,,,,ADBE
2021-04-01,,,,,,,ADBE
2021-04-01,,,,,,,ADBE
2021-04-01,,,,,,,ADBE
2021-04-01,,,,,,,ADBE
2021-04-01,,,,,,,ADBE
2021-04-01,,,,,,,ADBE
2021-04-01,,,,,,,ADBE
2021-04-01,,,,,,,ADBE
2021-04-01,,,,,,,ADBE
2021-04-01,,,,,,,ADBE
2021-04-01,,,,,,,AMZN
2021-04-01,,,,,,,AMZN
2021-04-01,155.89700317382812,158.1219940185547,155.77749633789062,158.0500030517578,158.0500030517578,58806000.0,AMZN
2021-04-01,,,,,,,AMZN
2021-04-01,,,,,,,AMZN
2021-04-01,,,,,,,AMZN
2021-04-01,,,,,,,AMZN
2021-04-01,,,,,,,AMZN
2021-04-01,,,,,,,AMZN
2021-04-01,,,,,,,AMZN
2021-04-01,,,,,,,AMZN
2021-04-01,,,,,,,AMZN
2021-04-01,,,,,,,AMZN
2021-04-01,,,,,,,AMZN
2021-04-01,,,,,,,AMZN
2021-04-01,,,,,,,AMZN
2021-04-01,,,,,,,AMZN
2021-04-01,,,,,,,AMZN
2021-04-01,,,,,,,AMZN
2021-04-01,,,,,,,AMZN
2021-04-01,,,,,,,BAC
2021-04-01,,,,,,,BAC
2021-04-01,,,,,,,BAC
2021-04-01,38.83000183105469,39.52000045776367,38.720001220703125,39.4900016784668,35.35404586791992,65587000.0,BAC
2021-04-01,,,,,,,BAC
2021-04-01,,,,,,,BAC
2021-04-01,,,,,,,BAC
2021-04-01,,,,,,,BAC
2021-04-01,,,,,,,BAC
2021-04-01,,,,,,,BAC
2021-04-01,,,,,,,BAC
2021-04-01,,,,,,,BAC
2021-04-01,,,,,,,BAC
2021-04-01,,,,,,,BAC
2021-04-01,,,,,,,BAC
2021-04-01,,,,,,,BAC
2021-04-01,,,,,,,BAC
2021-04-01,,,,,,,BAC
2021-04-01,,,,,,,BAC
2021-04-01,,,,,,,BAC
2021-04-01,,,,,,,CRM
2021-04-01,,,,,,,CRM
2021-04-01,,,,,,,CRM
2021-04-01,,,,,,,CRM
2021-04-01,213.60000610351562,218.92999267578125,213.3699951171875,218.72000122070312,216.82009887695312,7763500.0,CRM
2021-04-01,,,,,,,CRM
2021-04-01,,,,,,,CRM
2021-04-01,,,,,,,CRM
2021-04-01,,,,,,,CRM
2021-04-01,,,,,,,CRM
2021-04-01,,,,,,,CRM
2021-04-01,,,,,,,CRM
2021-04-01,,,,,,,CRM
2021-04-01,,,,,,,CRM
2021-04-01,,,,,,,CRM
2021-04-01,,,,,,,CRM
2021-04-01,,,,,,,CRM
2021-04-01,,,,,,,CRM
2021-04-01,,,,,,,CRM
2021-04-01,,,,,,,CRM
2021-04-01,,,,,,,DIS
2021-04-01,,,,,,,DIS
2021-04-01,,,,,,,DIS
2021-04-01,,,,,,,DIS
2021-04-01,,,,,,,DIS
2021-04-01,186.42999267578125,189.10000610351562,185.58999633789062,188.97000122070312,185.8713836669922,7749400.0,DIS
2021-04-01,,,,,,,DIS
2021-04-01,,,,,,,DIS
2021-04-01,,,,,,,DIS
2021-04-01,,,,,,,DIS
2021-04-01,,,,,,,DIS
2021-04-01,,,,,,,DIS
2021-04-01,,,,,,,DIS
2021-04-01,,,,,,,DIS
2021-04-01,,,,,,,DIS
2021-04-01,,,,,,,DIS
2021-04-01,,,,,,,DIS
2021-04-01,,,,,,,DIS
2021-04-01,,,,,,,DIS
2021-04-01,,,,,,,DIS
2021-04-01,,,,,,,GOOGL
2021-04-01,,,,,,,GOOGL
2021-04-01,,,,,,,GOOGL
2021-04-01,,,,,,,GOOGL
2021-04-01,,,,,,,GOOGL
2021-04-01,,,,,,,GOOGL
2021-04-01,104.61250305175781,106.7874984741211,104.57150268554688,106.48899841308594,105.75955963134766,39880000.0,GOOGL
2021-04-01,,,,,,,GOOGL
2021-04-01,,,,,,,GOOGL
2021-04-01,,,,,,,GOOGL
2021-04-01,,,,,,,GOOGL
2021-04-01,,,,,,,GOOGL
2021-04-01,,,,,,,GOOGL
2021-04-01,,,,,,,GOOGL
2021-04-01,,,,,,,GOOGL
2021-04-01,,,,,,,GOOGL
2021-04-01,,,,,,,GOOGL
2021-04-01,,,,,,,GOOGL
2021-04-01,,,,,,,GOOGL
2021-04-01,,,,,,,GOOGL
2021-04-01,,,,,,,HD
2021-04-01,,,,,,,HD
2021-04-01,,,,,,,HD
2021-04-01,,,,,,,HD
2021-04-01,,,,,,,HD
2021-04-01,,,,,,,HD
2021-04-01,,,,,,,HD
2021-04-01,306.8800048828125,308.54998779296875,303.8900146484375,307.75,275.94122314453125,3923900.0,HD
2021-04-01,,,,,,,HD
2021-04-01,,,,,,,HD
2021-04-01,,,,,,,HD
2021-04-01,,,,,,,HD
2021-04-01,,,,,,,HD
2021-04-01,,,,,,,HD
2021-04-01,,,,,,,HD
2021-04-01,,,,,,,HD
2021-04-01,,,,,,,HD
2021-04-01,,,,,,,HD
2021-04-01,,,,,,,HD
2021-04-01,,,,,,,HD
2021-04-01,,,,,,,JNJ
2021-04-01,,,,,,,JNJ
2021-04-01,,,,,,,JNJ
2021-04-01,,,,,,,JNJ
2021-04-01,,,,,,,JNJ
2021-04-01,,,,,,,JNJ
2021-04-01,,,,,,,JNJ
2021-04-01,,,,,,,JNJ
2021-04-01,162.60000610351562,163.83999633789062,162.25999450683594,162.8300018310547,143.05296325683594,7229700.0,JNJ
2021-04-01,,,,,,,JNJ
2021-04-01,,,,,,,JNJ
2021-04-01,,,,,,,JNJ
2021-04-01,,,,,,,JNJ
2021-04-01,,,,,,,JNJ
2021-04-01,,,,,,,JNJ
2021-04-01,,,,,,,JNJ
2021-04-01,,,,,,,JNJ
2021-04-01,,,,,,,JNJ
2021-04-01,,,,,,,JNJ
2021-04-01,,,,,,,JNJ
2021-04-01,,,,,,,JPM
2021-04-01,,,,,,,JPM
2021-04-01,,,,,,,JPM
2021-04-01,,,,,,,JPM
2021-04-01,,,,,,,JPM
2021-04-01,,,,,,,JPM
2021-04-01,,,,,,,JPM
2021-04-01,,,,,,,JPM
2021-04-01,,,,,,,JPM
2021-04-01,151.89999389648438,153.7899932861328,151.5500030517578,153.7100067138672,136.63278198242188,16561500.0,JPM
2021-04-01,,,,,,,JPM
2021-04-01,,,,,,,JPM
2021-04-01,,,,,,,JPM
2021-04-01,,,,,,,JPM
2021-04-01,,,,,,,JPM
2021-04-01,,,,,,,JPM
2021-04-01,,,,,,,JPM
2021-04-01,,,,,,,JPM
2021-04-01,,,,,,,JPM
2021-04-01,,,,,,,JPM
2021-04-01,,,,,,,MA
2021-04-01,,,,,,,MA
2021-04-01,,,,,,,MA
2021-04-01,,,,,,,MA
2021-04-01,,,,,,,MA
2021-04-01,,,,,,,MA
2021-04-01,,,,,,,MA
2021-04-01,,,,,,,MA
2021-04-01,,,,,,,MA
2021-04-01,,,,,,,MA
2021-04-01,357.0400085449219,363.3999938964844,355.239990234375,363.29998779296875,354.0718688964844,3701800.0,MA
2021-04-01,,,,,,,MA
2021-04-01,,,,,,,MA
2021-04-01,,,,,,,MA
2021-04-01,,,,,,,MA
2021-04-01,,,,,,,MA
2021-04-01,,,,,,,MA
2021-04-01,,,,,,,MA
2021-04-01,,,,,,,MA
2021-04-01,,,,,,,MA
2021-04-01,,,,,,,META
2021-04-01,,,,,,,META
2021-04-01,,,,,,,META
2021-04-01,,,,,,,META
2021-04-01,,,,,,,META
2021-04-01,,,,,,,META
2021-04-01,,,,,,,META
2021-04-01,,,,,,,META
2021-04-01,,,,,,,META
2021-04-01,,,,,,,META
2021-04-01,,,,,,,META
2021-04-01,298.3999938964844,302.3999938964844,296.6000061035156,298.6600036621094,297.0304870605469,17616000.0,META
2021-04-01,,,,,,,META
2021-04-01,,,,,,,META
2021-04-01,,,,,,,META
2021-04-01,,,,,,,META
2021-04-01,,,,,,,META
2021-04-01,,,,,,,META
2021-04-01,,,,,,,META
2021-04-01,,,,,,,META
2021-04-01,,,,,,,MSFT
2021-04-01,,,,,,,MSFT
2021-04-01,,,,,,,MSFT
2021-04-01,,,,,,,MSFT
2021-04-01,,,,,,,MSFT
2021-04-01,,,,,,,MSFT
2021-04-01,,,,,,,MSFT
2021-04-01,,,,,,,MSFT
2021-04-01,,,,,,,MSFT
2021-04-01,,,,,,,MSFT
2021-04-01,,,,,,,MSFT
2021-04-01,,,,,,,MSFT
2021-04-01,238.47000122070312,242.83999633789062,238.0500030517578,242.35000610351562,233.5163116455078,30338000.0,MSFT
2021-04-01,,,,,,,MSFT
2021-04-01,,,,,,,MSFT
2021-04-01,,,,,,,MSFT
2021-04-01,,,,,,,MSFT
2021-04-01,,,,,,,MSFT
2021-04-01,,,,,,,MSFT
2021-04-01,,,,,,,MSFT
2021-04-01,,,,,,,NFLX
2021-04-01,,,,,,,NFLX
2021-04-01,,,,,,,NFLX
2021-04-01,,,,,,,NFLX
2021-04-01,,,,,,,NFLX
2021-04-01,,,,,,,NFLX
2021-04-01,,,,,,,NFLX
2021-04-01,,,,,,,NFLX
2021-04-01,,,,,,,NFLX
2021-04-01,,,,,,,NFLX
2021-04-01,,,,,,,NFLX
2021-04-01,,,,,,,NFLX
2021-04-01,,,,,,,NFLX
2021-04-01,529.9299926757812,540.5,527.030029296875,539.4199829101562,539.4199829101562,3938600.0,NFLX
2021-04-01,,,,,,,NFLX
2021-04-01,,,,,,,NFLX
2021-04-01,,,,,,,NFLX
2021-04-01,,,,,,,NFLX
2021-04-01,,,,,,,NFLX
2021-04-01,,,,,,,NFLX
2021-04-01,,,,,,,NVDA
2021-04-01,,,,,,,NVDA
2021-04-01,,,,,,,NVDA
2021-04-01,,,,,,,NVDA
2021-04-01,,,,,,,NVDA
2021-04-01,,,,,,,NVDA
2021-04-01,,,,,,,NVDA
2021-04-01,,,,,,,NVDA
2021-04-01,,,,,,,NVDA
2021-04-01,,,,,,,NVDA
2021-04-01,,,,,,,NVDA
2021-04-01,,,,,,,NVDA
2021-04-01,,,,,,,NVDA
2021-04-01,,,,,,,NVDA
2021-04-01,13.572250366210938,13.869999885559082,13.511249542236328,13.811750411987305,13.778538703918457,308276000.0,NVDA
2021-04-01,,,,,,,NVDA
2021-04-01,,,,,,,NVDA
2021-04-01,,,,,,,NVDA
2021-04-01,,,,,,,NVDA
2021-04-01,,,,,,,NVDA
2021-04-01,,,,,,,PFE
2021-04-01,,,,,,,PFE
2021-04-01,,,,,,,PFE
2021-04-01,,,,,,,PFE
2021-04-01,,,,,,,PFE
2021-04-01,,,,,,,PFE
2021-04-01,,,,,,,PFE
2021-04-01,,,,,,,PFE
2021-04-01,,,,,,,PFE
2021-04-01,,,,,,,PFE
2021-04-01,,,,,,,PFE
2021-04-01,,,,,,,PFE
2021-04-01,,,,,,,PFE
2021-04-01,,,,,,,PFE
2021-04-01,,,,,,,PFE
2021-04-01,36.29999923706055,36.45000076293945,36.02000045776367,36.29999923706055,29.259044647216797,21319900.0,PFE
2021-04-01,,,,,,,PFE
2021-04-01,,,,,,,PFE
2021-04-01,,,,,,,PFE
2021-04-01,,,,,,,PFE
2021-04-01,,,,,,,PG
2021-04-01,,,,,,,PG
2021-04-01,,,,,,,PG
2021-04-01,,,,,,,PG
2021-04-01,,,,,,,PG
2021-04-01,,,,,,,PG
2021-04-01,,,,,,,PG
2021-04-01,,,,,,,PG
2021-04-01,,,,,,,PG
2021-04-01,,,,,,,PG
2021-04-01,,,,,,,PG
2021-04-01,,,,,,,PG
2021-04-01,,,,,,,PG
2021-04-01,,,,,,,PG
2021-04-01,,,,,,,PG
2021-04-01,,,,,,,PG
2021-04-01,135.0500030517578,135.47999572753906,133.3300018310547,134.27999877929688,120.03804779052734,9117800.0,PG
2021-04-01,,,,,,,PG
2021-04-01,,,,,,,PG
2021-04-01,,,,,,,PG
2021-04-01,,,,,,,TSLA
2021-04-01,,,,,,,TSLA
2021-04-01,,,,,,,TSLA
2021-04-01,,,,,,,TSLA
2021-04-01,,,,,,,TSLA
2021-04-01,,,,,,,TSLA
2021-04-01,,,,,,,TSLA
2021-04-01,,,,,,,TSLA
2021-04-01,,,,,,,TSLA
2021-04-01,,,,,,,TSLA
2021-04-01,,,,,,,TSLA
2021-04-01,,,,,,,TSLA
2021-04-01,,,,,,,TSLA
2021-04-01,,,,,,,TSLA
2021-04-01,,,,,,,TSLA
2021-04-01,,,,,,,TSLA
2021-04-01,,,,,,,TSLA
2021-04-01,229.4566650390625,230.80667114257812,219.80667114257812,220.5833282470703,220.5833282470703,105895200.0,TSLA
2021-04-01,,,,,,,TSLA
2021-04-01,,,,,,,TSLA
2021-04-01,,,,,,,UNH
2021-04-01,,,,,,,UNH
2021-04-01,,,,,,,UNH
2021-04-01,,,,,,,UNH
2021-04-01,,,,,,,UNH
2021-04-01,,,,,,,UNH
2021-04-01,,,,,,,UNH
2021-04-01,,,,,,,UNH
2021-04-01,,,,,,,UNH
2021-04-01,,,,,,,UNH
2021-04-01,,,,,,,UNH
2021-04-01,,,,,,,UNH
2021-04-01,,,,,,,UNH
2021-04-01,,,,,,,UNH
2021-04-01,,,,,,,UNH
2021-04-01,,,,,,,UNH
2021-04-01,,,,,,,UNH
2021-04-01,,,,,,,UNH
2021-04-01,372.20001220703125,372.69000244140625,365.760009765625,367.07000732421875,343.98370361328125,2977700.0,UNH
2021-04-01,,,,,,,UNH
2021-04-01,,,,,,,V
2021-04-01,,,,,,,V
2021-04-01,,,,,,,V
2021-04-01,,,,,,,V
2021-04-01,,,,,,,V
2021-04-01,,,,,,,V
2021-04-01,,,,,,,V
2021-04-01,,,,,,,V
2021-04-01,,,,,,,V
2021-04-01,,,,,,,V
2021-04-01,,,,,,,V
2021-04-01,,,,,,,V
2021-04-01,,,,,,,V
2021-04-01,,,,,,,V
2021-04-01,,,,,,,V
2021-04-01,,,,,,,V
2021-04-01,,,,,,,V
2021-04-01,,,,,,,V
2021-04-01,,,,,,,V
2021-04-01,213.77999877929688,217.74000549316406,212.3000030517578,216.86000061035156,209.876708984375,6138400.0,V
2021-05-01,132.0399932861328,134.07000732421875,131.8300018310547,132.5399932861328,129.33938598632812,75135100.0,AAPL
2021-05-01,,,,,,,AAPL
2021-05-01,,,,,,,AAPL
2021-05-01,,,,,,,AAPL
2021-05-01,,,,,,,AAPL
2021-05-01,,,,,,,AAPL
2021-05-01,,,,,,,AAPL
2021-05-01,,,,,,,AAPL
2021-05-01,,,,,,,AAPL
2021-05-01,,,,,,,AAPL
2021-05-01,,,,,,,AAPL
2021-05-01,,,,,,,AAPL
2021-05-01,,,,,,,AAPL
2021-05-01,,,,,,,AAPL
2021-05-01,,,,,,,AAPL
2021-05-01,,,,,,,AAPL
2021-05-01,,,,,,,AAPL
2021-05-01,,,,,,,AAPL
2021-05-01,,,,,,,AAPL
2021-05-01,,,,,,,AAPL
2021-05-01,,,,,,,ADBE
2021-05-01,510.9700012207031,511.739990234375,501.1199951171875,503.4599914550781,503.4599914550781,1458600.0,ADBE
2021-05-01,,,,,,,ADBE
2021-05-01,,,,,,,ADBE
2021-05-01,,,,,,,ADBE
2021-05-01,,,,,,,ADBE
2021-05-01,,,,,,,ADBE
2021-05-01,,,,,,,ADBE
2021-05-01,,,,,,,ADBE
2021-05-01,,,,,,,ADBE
2021-05-01,,,,,,,ADBE
2021-05-01,,,,,,,ADBE
2021-05-01,,,,,,,ADBE
2021-05-01,,,,,,,ADBE
2021-05-01,,,,,,,ADBE
2021-05-01,,,,,,,ADBE
2021-05-01,,,,,,,ADBE
2021-05-01,,,,,,,ADBE
2021-05-01,,,,,,,ADBE
2021-05-01,,,,,,,ADBE
2021-05-01,,,,,,,AMZN
2021-05-01,,,,,,,AMZN
2021-05-01,174.2364959716797,174.33250427246094,168.63499450683594,169.32449340820312,169.32449340820312,117510000.0,AMZN
2021-05-01,,,,,,,AMZN
2021-05-01,,,,,,,AMZN
2021-05-01,,,,,,,AMZN
2021-05-01,,,,,,,AMZN
2021-05-01,,,,,,,AMZN
2021-05-01,,,,,,,AMZN
2021-05-01,,,,,,,AMZN
2021-05-01,,,,,,,AMZN
2021-05-01,,,,,,,AMZN
2021-05-01,,,,,,,AMZN
2021-05-01,,,,,,,AMZN
2021-05-01,,,,,,,AMZN
2021-05-01,,,,,,,AMZN
2021-05-01,,,,,,,AMZN
2021-05-01,,,,,,,AMZN
2021-05-01,,,,,,,AMZN
2021-05-01,,,,,,,AMZN
2021-05-01,,,,,,,BAC
2021-05-01,,,,,,,BAC
2021-05-01,,,,,,,BAC
2021-05-01,40.869998931884766,41.04999923706055,40.41999816894531,40.560001373291016,36.31198501586914,41940500.0,BAC
2021-05-01,,,,,,,BAC
2021-05-01,,,,,,,BAC
2021-05-01,,,,,,,BAC
2021-05-01,,,,,,,BAC
2021-05-01,,,,,,,BAC
2021-05-01,,,,,,,BAC
2021-05-01,,,,,,,BAC
2021-05-01,,,,,,,BAC
2021-05-01,,,,,,,BAC
2021-05-01,,,,,,,BAC
2021-05-01,,,,,,,BAC
2021-05-01,,,,,,,BAC
2021-05-01,,,,,,,BAC
2021-05-01,,,,,,,BAC
2021-05-01,,,,,,,BAC
2021-05-01,,,,,,,BAC
2021-05-01,,,,,,,CRM
2021-05-01,,,,,,,CRM
2021-05-01,,,,,,,CRM
2021-05-01,,,,,,,CRM
2021-05-01,230.77000427246094,231.4600067138672,223.07000732421875,223.75999450683594,221.81631469726562,5835700.0,CRM
2021-05-01,,,,,,,CRM
2021-05-01,,,,,,,CRM
2021-05-01,,,,,,,CRM
2021-05-01,,,,,,,CRM
2021-05-01,,,,,,,CRM
2021-05-01,,,,,,,CRM
2021-05-01,,,,,,,CRM
2021-05-01,,,,,,,CRM
2021-05-01,,,,,,,CRM
2021-05-01,,,,,,,CRM
2021-05-01,,,,,,,CRM
2021-05-01,,,,,,,CRM
2021-05-01,,,,,,,CRM
2021-05-01,,,,,,,CRM
2021-05-01,,,,,,,CRM
2021-05-01,,,,,,,DIS
2021-05-01,,,,,,,DIS
2021-05-01,,,,,,,DIS
2021-05-01,,,,,,,DIS
2021-05-01,,,,,,,DIS
2021-05-01,187.69000244140625,189.22000122070312,185.25,185.50999450683594,182.46812438964844,7542800.0,DIS
2021-05-01,,,,,,,DIS
2021-05-01,,,,,,,DIS
2021-05-01,,,,,,,DIS
2021-05-01,,,,,,,DIS
2021-05-01,,,,,,,DIS
2021-05-01,,,,,,,DIS
2021-05-01,,,,,,,DIS
2021-05-01,,,,,,,DIS
2021-05-01,,,,,,,DIS
2021-05-01,,,,,,,DIS
2021-05-01,,,,,,,DIS
2021-05-01,,,,,,,DIS
2021-05-01,,,,,,,DIS
2021-05-01,,,,,,,DIS
2021-05-01,,,,,,,GOOGL
2021-05-01,,,,,,,GOOGL
2021-05-01,,,,,,,GOOGL
2021-05-01,,,,,,,GOOGL
2021-05-01,,,,,,,GOOGL
2021-05-01,,,,,,,GOOGL
2021-05-01,118.24549865722656,119.07749938964844,116.7750015258789,117.15399932861328,116.35151672363281,28242000.0,GOOGL
2021-05-01,,,,,,,GOOGL
2021-05-01,,,,,,,GOOGL
2021-05-01,,,,,,,GOOGL
2021-05-01,,,,,,,GOOGL
2021-05-01,,,,,,,GOOGL
2021-05-01,,,,,,,GOOGL
2021-05-01,,,,,,,GOOGL
2021-05-01,,,,,,,GOOGL
2021-05-01,,,,,,,GOOGL
2021-05-01,,,,,,,GOOGL
2021-05-01,,,,,,,GOOGL
2021-05-01,,,,,,,GOOGL
2021-05-01,,,,,,,GOOGL
2021-05-01,,,,,,,HD
2021-05-01,,,,,,,HD
2021-05-01,,,,,,,HD
2021-05-01,,,,,,,HD
2021-05-01,,,,,,,HD
2021-05-01,,,,,,,HD
2021-05-01,,,,,,,HD
2021-05-01,326.2799987792969,331.6199951171875,325.67999267578125,330.2699890136719,296.1335144042969,3683700.0,HD
2021-05-01,,,,,,,HD
2021-05-01,,,,,,,HD
2021-05-01,,,,,,,HD
2021-05-01,,,,,,,HD
2021-05-01,,,,,,,HD
2021-05-01,,,,,,,HD
2021-05-01,,,,,,,HD
2021-05-01,,,,,,,HD
2021-05-01,,,,,,,HD
2021-05-01,,,,,,,HD
2021-05-01,,,,,,,HD
2021-05-01,,,,,,,HD
2021-05-01,,,,,,,JNJ
2021-05-01,,,,,,,JNJ
2021-05-01,,,,,,,JNJ
2021-05-01,,,,,,,JNJ
2021-05-01,,,,,,,JNJ
2021-05-01,,,,,,,JNJ
2021-05-01,,,,,,,JNJ
2021-05-01,,,,,,,JNJ
2021-05-01,163.60000610351562,165.32000732421875,163.1199951171875,165.2100067138672,145.14390563964844,6594100.0,JNJ
2021-05-01,,,,,,,JNJ
2021-05-01,,,,,,,JNJ
2021-05-01,,,,,,,JNJ
2021-05-01,,,,,,,JNJ
2021-05-01,,,,,,,JNJ
2021-05-01,,,,,,,JNJ
2021-05-01,,,,,,,JNJ
2021-05-01,,,,,,,JNJ
2021-05-01,,,,,,,JNJ
2021-05-01,,,,,,,JNJ
2021-05-01,,,,,,,JNJ
2021-05-01,,,,,,,JPM
2021-05-01,,,,,,,JPM
2021-05-01,,,,,,,JPM
2021-05-01,,,,,,,JPM
2021-05-01,,,,,,,JPM
2021-05-01,,,,,,,JPM
2021-05-01,,,,,,,JPM
2021-05-01,,,,,,,JPM
2021-05-01,,,,,,,JPM
2021-05-01,154.85000610351562,155.47999572753906,153.1300048828125,153.36000061035156,137.1245574951172,11801100.0,JPM
2021-05-01,,,,,,,JPM
2021-05-01,,,,,,,JPM
2021-05-01,,,,,,,JPM
2021-05-01,,,,,,,JPM
2021-05-01,,,,,,,JPM
2021-05-01,,,,,,,JPM
2021-05-01,,,,,,,JPM
2021-05-01,,,,,,,JPM
2021-05-01,,,,,,,JPM
2021-05-01,,,,,,,JPM
2021-05-01,,,,,,,MA
2021-05-01,,,,,,,MA
2021-05-01,,,,,,,MA
2021-05-01,,,,,,,MA
2021-05-01,,,,,,,MA
2021-05-01,,,,,,,MA
2021-05-01,,,,,,,MA
2021-05-01,,,,,,,MA
2021-05-01,,,,,,,MA
2021-05-01,,,,,,,MA
2021-05-01,385.4700012207031,386.8699951171875,376.8500061035156,379.3999938964844,370.2018737792969,3344100.0,MA
2021-05-01,,,,,,,MA
2021-05-01,,,,,,,MA
2021-05-01,,,,,,,MA
2021-05-01,,,,,,,MA
2021-05-01,,,,,,,MA
2021-05-01,,,,,,,MA
2021-05-01,,,,,,,MA
2021-05-01,,,,,,,MA
2021-05-01,,,,,,,MA
2021-05-01,,,,,,,META
2021-05-01,,,,,,,META
2021-05-01,,,,,,,META
2021-05-01,,,,,,,META
2021-05-01,,,,,,,META
2021-05-01,,,,,,,META
2021-05-01,,,,,,,META
2021-05-01,,,,,,,META
2021-05-01,,,,,,,META
2021-05-01,,,,,,,META
2021-05-01,,,,,,,META
2021-05-01,326.1700134277344,328.54998779296875,321.8399963378906,322.5799865722656,320.8199462890625,18719500.0,META
2021-05-01,,,,,,,META
2021-05-01,,,,,,,META
2021-05-01,,,,,,,META
2021-05-01,,,,,,,META
2021-05-01,,,,,,,META
2021-05-01,,,,,,,META
2021-05-01,,,,,,,META
2021-05-01,,,,,,,META
2021-05-01,,,,,,,MSFT
2021-05-01,,,,,,,MSFT
2021-05-01,,,,,,,MSFT
2021-05-01,,,,,,,MSFT
2021-05-01,,,,,,,MSFT
2021-05-01,,,,,,,MSFT
2021-05-01,,,,,,,MSFT
2021-05-01,,,,,,,MSFT
2021-05-01,,,,,,,MSFT
2021-05-01,,,,,,,MSFT
2021-05-01,,,,,,,MSFT
2021-05-01,,,,,,,MSFT
2021-05-01,253.39999389648438,254.35000610351562,251.1199951171875,251.86000061035156,242.67962646484375,19626600.0,MSFT
2021-05-01,,,,,,,MSFT
2021-05-01,,,,,,,MSFT
2021-05-01,,,,,,,MSFT
2021-05-01,,,,,,,MSFT
2021-05-01,,,,,,,MSFT
2021-05-01,,,,,,,MSFT
2021-05-01,,,,,,,MSFT
2021-05-01,,,,,,,NFLX
2021-05-01,,,,,,,NFLX
2021-05-01,,,,,,,NFLX
2021-05-01,,,,,,,NFLX
2021-05-01,,,,,,,NFLX
2021-05-01,,,,,,,NFLX
2021-05-01,,,,,,,NFLX
2021-05-01,,,,,,,NFLX
2021-05-01,,,,,,,NFLX
2021-05-01,,,,,,,NFLX
2021-05-01,,,,,,,NFLX
2021-05-01,,,,,,,NFLX
2021-05-01,,,,,,,NFLX
2021-05-01,512.6500244140625,518.9500122070312,505.20001220703125,509.1099853515625,509.1099853515625,4091900.0,NFLX
2021-05-01,,,,,,,NFLX
2021-05-01,,,,,,,NFLX
2021-05-01,,,,,,,NFLX
2021-05-01,,,,,,,NFLX
2021-05-01,,,,,,,NFLX
2021-05-01,,,,,,,NFLX
2021-05-01,,,,,,,NVDA
2021-05-01,,,,,,,NVDA
2021-05-01,,,,,,,NVDA
2021-05-01,,,,,,,NVDA
2021-05-01,,,,,,,NVDA
2021-05-01,,,,,,,NVDA
2021-05-01,,,,,,,NVDA
2021-05-01,,,,,,,NVDA
2021-05-01,,,,,,,NVDA
2021-05-01,,,,,,,NVDA
2021-05-01,,,,,,,NVDA
2021-05-01,,,,,,,NVDA
2021-05-01,,,,,,,NVDA
2021-05-01,,,,,,,NVDA
2021-05-01,15.125,15.246749877929688,14.787500381469727,14.836750030517578,14.80107307434082,203912000.0,NVDA
2021-05-01,,,,,,,NVDA
2021-05-01,,,,,,,NVDA
2021-05-01,,,,,,,NVDA
2021-05-01,,,,,,,NVDA
2021-05-01,,,,,,,NVDA
2021-05-01,,,,,,,PFE
2021-05-01,,,,,,,PFE
2021-05-01,,,,,,,PFE
2021-05-01,,,,,,,PFE
2021-05-01,,,,,,,PFE
2021-05-01,,,,,,,PFE
2021-05-01,,,,,,,PFE
2021-05-01,,,,,,,PFE
2021-05-01,,,,,,,PFE
2021-05-01,,,,,,,PFE
2021-05-01,,,,,,,PFE
2021-05-01,,,,,,,PFE
2021-05-01,,,,,,,PFE
2021-05-01,,,,,,,PFE
2021-05-01,,,,,,,PFE
2021-05-01,39.040000915527344,39.84000015258789,38.959999084472656,39.83000183105469,32.104347229003906,46638600.0,PFE
2021-05-01,,,,,,,PFE
2021-05-01,,,,,,,PFE
2021-05-01,,,,,,,PFE
2021-05-01,,,,,,,PFE
2021-05-01,,,,,,,PG
2021-05-01,,,,,,,PG
2021-05-01,,,,,,,PG
2021-05-01,,,,,,,PG
2021-05-01,,,,,,,PG
2021-05-01,,,,,,,PG
2021-05-01,,,,,,,PG
2021-05-01,,,,,,,PG
2021-05-01,,,,,,,PG
2021-05-01,,,,,,,PG
2021-05-01,,,,,,,PG
2021-05-01,,,,,,,PG
2021-05-01,,,,,,,PG
2021-05-01,,,,,,,PG
2021-05-01,,,,,,,PG
2021-05-01,,,,,,,PG
2021-05-01,134.02999877929688,135.67999267578125,134.02999877929688,135.0,121.4538345336914,8070300.0,PG
2021-05-01,,,,,,,PG
2021-05-01,,,,,,,PG
2021-05-01,,,,,,,PG
2021-05-01,,,,,,,TSLA
2021-05-01,,,,,,,TSLA
2021-05-01,,,,,,,TSLA
2021-05-01,,,,,,,TSLA
2021-05-01,,,,,,,TSLA
2021-05-01,,,,,,,TSLA
2021-05-01,,,,,,,TSLA
2021-05-01,,,,,,,TSLA
2021-05-01,,,,,,,TSLA
2021-05-01,,,,,,,TSLA
2021-05-01,,,,,,,TSLA
2021-05-01,,,,,,,TSLA
2021-05-01,,,,,,,TSLA
2021-05-01,,,,,,,TSLA
2021-05-01,,,,,,,TSLA
2021-05-01,,,,,,,TSLA
2021-05-01,,,,,,,TSLA
2021-05-01,234.60000610351562,235.3333282470703,226.8333282470703,228.3000030517578,228.3000030517578,81129300.0,TSLA
2021-05-01,,,,,,,TSLA
2021-05-01,,,,,,,TSLA
2021-05-01,,,,,,,UNH
2021-05-01,,,,,,,UNH
2021-05-01,,,,,,,UNH
2021-05-01,,,,,,,UNH
2021-05-01,,,,,,,UNH
2021-05-01,,,,,,,UNH
2021-05-01,,,,,,,UNH
2021-05-01,,,,,,,UNH
2021-05-01,,,,,,,UNH
2021-05-01,,,,,,,UNH
2021-05-01,,,,,,,UNH
2021-05-01,,,,,,,UNH
2021-05-01,,,,,,,UNH
2021-05-01,,,,,,,UNH
2021-05-01,,,,,,,UNH
2021-05-01,,,,,,,UNH
2021-05-01,,,,,,,UNH
2021-05-01,,,,,,,UNH
2021-05-01,401.0,406.7699890136719,400.5299987792969,405.8999938964844,380.37158203125,2568500.0,UNH
2021-05-01,,,,,,,UNH
2021-05-01,,,,,,,V
2021-05-01,,,,,,,V
2021-05-01,,,,,,,V
2021-05-01,,,,,,,V
2021-05-01,,,,,,,V
2021-05-01,,,,,,,V
2021-05-01,,,,,,,V
2021-05-01,,,,,,,V
2021-05-01,,,,,,,V
2021-05-01,,,,,,,V
2021-05-01,,,,,,,V
2021-05-01,,,,,,,V
2021-05-01,,,,,,,V
2021-05-01,,,,,,,V
2021-05-01,,,,,,,V
2021-05-01,,,,,,,V
2021-05-01,,,,,,,V
2021-05-01,,,,,,,V
2021-05-01,,,,,,,V
2021-05-01,234.0500030517578,235.74000549316406,231.38999938964844,232.61000061035156,225.1195526123047,8174400.0,V
2021-06-01,125.08000183105469,125.3499984741211,123.94000244140625,124.27999877929688,121.4848861694336,67637100.0,AAPL
2021-06-01,,,,,,,AAPL
2021-06-01,,,,,,,AAPL
2021-06-01,,,,,,,AAPL
2021-06-01,,,,,,,AAPL
2021-06-01,,,,,,,AAPL
2021-06-01,,,,,,,AAPL
2021-06-01,,,,,,,AAPL
2021-06-01,,,,,,,AAPL
2021-06-01,,,,,,,AAPL
2021-06-01,,,,,,,AAPL
2021-06-01,,,,,,,AAPL
2021-06-01,,,,,,,AAPL
2021-06-01,,,,,,,AAPL
2021-06-01,,,,,,,AAPL
2021-06-01,,,,,,,AAPL
2021-06-01,,,,,,,AAPL
2021-06-01,,,,,,,AAPL
2021-06-01,,,,,,,AAPL
2021-06-01,,,,,,,AAPL
2021-06-01,,,,,,,ADBE
2021-06-01,504.5400085449219,506.0,492.30999755859375,495.9100036621094,495.9100036621094,2189000.0,ADBE
2021-06-01,,,,,,,ADBE
2021-06-01,,,,,,,ADBE
2021-06-01,,,,,,,ADBE
2021-06-01,,,,,,,ADBE
2021-06-01,,,,,,,ADBE
2021-06-01,,,,,,,ADBE
2021-06-01,,,,,,,ADBE
2021-06-01,,,,,,,ADBE
2021-06-01,,,,,,,ADBE
2021-06-01,,,,,,,ADBE
2021-06-01,,,,,,,ADBE
2021-06-01,,,,,,,ADBE
2021-06-01,,,,,,,ADBE
2021-06-01,,,,,,,ADBE
2021-06-01,,,,,,,ADBE
2021-06-01,,,,,,,ADBE
2021-06-01,,,,,,,ADBE
2021-06-01,,,,,,,ADBE
2021-06-01,,,,,,,AMZN
2021-06-01,,,,,,,AMZN
2021-06-01,162.1750030517578,162.5489959716797,160.4530029296875,160.9324951171875,160.9324951171875,48600000.0,AMZN
2021-06-01,,,,,,,AMZN
2021-06-01,,,,,,,AMZN
2021-06-01,,,,,,,AMZN
2021-06-01,,,,,,,AMZN
2021-06-01,,,,,,,AMZN
2021-06-01,,,,,,,AMZN
2021-06-01,,,,,,,AMZN
2021-06-01,,,,,,,AMZN
2021-06-01,,,,,,,AMZN
2021-06-01,,,,,,,AMZN
2021-06-01,,,,,,,AMZN
2021-06-01,,,,,,,AMZN
2021-06-01,,,,,,,AMZN
2021-06-01,,,,,,,AMZN
2021-06-01,,,,,,,AMZN
2021-06-01,,,,,,,AMZN
2021-06-01,,,,,,,AMZN
2021-06-01,,,,,,,BAC
2021-06-01,,,,,,,BAC
2021-06-01,,,,,,,BAC
2021-06-01,42.95000076293945,43.279998779296875,42.77000045776367,42.91999816894531,38.424808502197266,42890700.0,BAC
2021-06-01,,,,,,,BAC
2021-06-01,,,,,,,BAC
2021-06-01,,,,,,,BAC
2021-06-01,,,,,,,BAC
2021-06-01,,,,,,,BAC
2021-06-01,,,,,,,BAC
2021-06-01,,,,,,,BAC
2021-06-01,,,,,,,BAC
2021-06-01,,,,,,,BAC
2021-06-01,,,,,,,BAC
2021-06-01,,,,,,,BAC
2021-06-01,,,,,,,BAC
2021-06-01,,,,,,,BAC
2021-06-01,,,,,,,BAC
2021-06-01,,,,,,,BAC
2021-06-01,,,,,,,BAC
2021-06-01,,,,,,,CRM
2021-06-01,,,,,,,CRM
2021-06-01,,,,,,,CRM
2021-06-01,,,,,,,CRM
2021-06-01,238.0,238.39999389648438,232.4600067138672,236.1999969482422,234.14825439453125,8103900.0,CRM
2021-06-01,,,,,,,CRM
2021-06-01,,,,,,,CRM
2021-06-01,,,,,,,CRM
2021-06-01,,,,,,,CRM
2021-06-01,,,,,,,CRM
2021-06-01,,,,,,,CRM
2021-06-01,,,,,,,CRM
2021-06-01,,,,,,,CRM
2021-06-01,,,,,,,CRM
2021-06-01,,,,,,,CRM
2021-06-01,,,,,,,CRM
2021-06-01,,,,,,,CRM
2021-06-01,,,,,,,CRM
2021-06-01,,,,,,,CRM
2021-06-01,,,,,,,CRM
2021-06-01,,,,,,,DIS
2021-06-01,,,,,,,DIS
2021-06-01,,,,,,,DIS
2021-06-01,,,,,,,DIS
2021-06-01,,,,,,,DIS
2021-06-01,180.17999267578125,181.00999450683594,178.74000549316406,178.83999633789062,175.90748596191406,7475600.0,DIS
2021-06-01,,,,,,,DIS
2021-06-01,,,,,,,DIS
2021-06-01,,,,,,,DIS
2021-06-01,,,,,,,DIS
2021-06-01,,,,,,,DIS
2021-06-01,,,,,,,DIS
2021-06-01,,,,,,,DIS
2021-06-01,,,,,,,DIS
2021-06-01,,,,,,,DIS
2021-06-01,,,,,,,DIS
2021-06-01,,,,,,,DIS
2021-06-01,,,,,,,DIS
2021-06-01,,,,,,,DIS
2021-06-01,,,,,,,DIS
2021-06-01,,,,,,,GOOGL
2021-06-01,,,,,,,GOOGL
2021-06-01,,,,,,,GOOGL
2021-06-01,,,,,,,GOOGL
2021-06-01,,,,,,,GOOGL
2021-06-01,,,,,,,GOOGL
2021-06-01,118.72200012207031,119.2854995727539,117.71399688720703,119.05899810791016,118.24346160888672,23354000.0,GOOGL
2021-06-01,,,,,,,GOOGL
2021-06-01,,,,,,,GOOGL
2021-06-01,,,,,,,GOOGL
2021-06-01,,,,,,,GOOGL
2021-06-01,,,,,,,GOOGL
2021-06-01,,,,,,,GOOGL
2021-06-01,,,,,,,GOOGL
2021-06-01,,,,,,,GOOGL
2021-06-01,,,,,,,GOOGL
2021-06-01,,,,,,,GOOGL
2021-06-01,,,,,,,GOOGL
2021-06-01,,,,,,,GOOGL
2021-06-01,,,,,,,GOOGL
2021-06-01,,,,,,,HD
2021-06-01,,,,,,,HD
2021-06-01,,,,,,,HD
2021-06-01,,,,,,,HD
2021-06-01,,,,,,,HD
2021-06-01,,,,,,,HD
2021-06-01,,,,,,,HD
2021-06-01,320.6600036621094,321.260009765625,315.1700134277344,316.30999755859375,283.6165466308594,3549800.0,HD
2021-06-01,,,,,,,HD
2021-06-01,,,,,,,HD
2021-06-01,,,,,,,HD
2021-06-01,,,,,,,HD
2021-06-01,,,,,,,HD
2021-06-01,,,,,,,HD
2021-06-01,,,,,,,HD
2021-06-01,,,,,,,HD
2021-06-01,,,,,,,HD
2021-06-01,,,,,,,HD
2021-06-01,,,,,,,HD
2021-06-01,,,,,,,HD
2021-06-01,,,,,,,JNJ
2021-06-01,,,,,,,JNJ
2021-06-01,,,,,,,JNJ
2021-06-01,,,,,,,JNJ
2021-06-01,,,,,,,JNJ
2021-06-01,,,,,,,JNJ
2021-06-01,,,,,,,JNJ
2021-06-01,,,,,,,JNJ
2021-06-01,170.14999389648438,170.1999969482422,165.3800048828125,165.52999877929688,146.33230590820312,10448400.0,JNJ
2021-06-01,,,,,,,JNJ
2021-06-01,,,,,,,JNJ
2021-06-01,,,,,,,JNJ
2021-06-01,,,,,,,JNJ
2021-06-01,,,,,,,JNJ
2021-06-01,,,,,,,JNJ
2021-06-01,,,,,,,JNJ
2021-06-01,,,,,,,JNJ
2021-06-01,,,,,,,JNJ
2021-06-01,,,,,,,JNJ
2021-06-01,,,,,,,JNJ
2021-06-01,,,,,,,JPM
2021-06-01,,,,,,,JPM
2021-06-01,,,,,,,JPM
2021-06-01,,,,,,,JPM
2021-06-01,,,,,,,JPM
2021-06-01,,,,,,,JPM
2021-06-01,,,,,,,JPM
2021-06-01,,,,,,,JPM
2021-06-01,,,,,,,JPM
2021-06-01,165.8699951171875,166.91000366210938,165.47999572753906,166.0500030517578,148.47109985351562,9445400.0,JPM
2021-06-01,,,,,,,JPM
2021-06-01,,,,,,,JPM
2021-06-01,,,,,,,JPM
2021-06-01,,,,,,,JPM
2021-06-01,,,,,,,JPM
2021-06-01,,,,,,,JPM
2021-06-01,,,,,,,JPM
2021-06-01,,,,,,,JPM
2021-06-01,,,,,,,JPM
2021-06-01,,,,,,,JPM
2021-06-01,,,,,,,MA
2021-06-01,,,,,,,MA
2021-06-01,,,,,,,MA
2021-06-01,,,,,,,MA
2021-06-01,,,,,,,MA
2021-06-01,,,,,,,MA
2021-06-01,,,,,,,MA
2021-06-01,,,,,,,MA
2021-06-01,,,,,,,MA
2021-06-01,,,,,,,MA
2021-06-01,364.4800109863281,365.3999938964844,359.5400085449219,359.7900085449219,351.0672912597656,3119700.0,MA
2021-06-01,,,,,,,MA
2021-06-01,,,,,,,MA
2021-06-01,,,,,,,MA
2021-06-01,,,,,,,MA
2021-06-01,,,,,,,MA
2021-06-01,,,,,,,MA
2021-06-01,,,,,,,MA
2021-06-01,,,,,,,MA
2021-06-01,,,,,,,MA
2021-06-01,,,,,,,META
2021-06-01,,,,,,,META
2021-06-01,,,,,,,META
2021-06-01,,,,,,,META
2021-06-01,,,,,,,META
2021-06-01,,,,,,,META
2021-06-01,,,,,,,META
2021-06-01,,,,,,,META
2021-06-01,,,,,,,META
2021-06-01,,,,,,,META
2021-06-01,,,,,,,META
2021-06-01,330.1499938964844,331.4200134277344,326.6400146484375,329.1300048828125,327.334228515625,11765900.0,META
2021-06-01,,,,,,,META
2021-06-01,,,,,,,META
2021-06-01,,,,,,,META
2021-06-01,,,,,,,META
2021-06-01,,,,,,,META
2021-06-01,,,,,,,META
2021-06-01,,,,,,,META
2021-06-01,,,,,,,META
2021-06-01,,,,,,,MSFT
2021-06-01,,,,,,,MSFT
2021-06-01,,,,,,,MSFT
2021-06-01,,,,,,,MSFT
2021-06-01,,,,,,,MSFT
2021-06-01,,,,,,,MSFT
2021-06-01,,,,,,,MSFT
2021-06-01,,,,,,,MSFT
2021-06-01,,,,,,,MSFT
2021-06-01,,,,,,,MSFT
2021-06-01,,,,,,,MSFT
2021-06-01,,,,,,,MSFT
2021-06-01,251.22999572753906,251.2899932861328,246.9600067138672,247.39999389648438,238.93267822265625,23213300.0,MSFT
2021-06-01,,,,,,,MSFT
2021-06-01,,,,,,,MSFT
2021-06-01,,,,,,,MSFT
2021-06-01,,,,,,,MSFT
2021-06-01,,,,,,,MSFT
2021-06-01,,,,,,,MSFT
2021-06-01,,,,,,,MSFT
2021-06-01,,,,,,,NFLX
2021-06-01,,,,,,,NFLX
2021-06-01,,,,,,,NFLX
2021-06-01,,,,,,,NFLX
2021-06-01,,,,,,,NFLX
2021-06-01,,,,,,,NFLX
2021-06-01,,,,,,,NFLX
2021-06-01,,,,,,,NFLX
2021-06-01,,,,,,,NFLX
2021-06-01,,,,,,,NFLX
2021-06-01,,,,,,,NFLX
2021-06-01,,,,,,,NFLX
2021-06-01,,,,,,,NFLX
2021-06-01,504.010009765625,505.4100036621094,497.739990234375,499.0799865722656,499.0799865722656,2482600.0,NFLX
2021-06-01,,,,,,,NFLX
2021-06-01,,,,,,,NFLX
2021-06-01,,,,,,,NFLX
2021-06-01,,,,,,,NFLX
2021-06-01,,,,,,,NFLX
2021-06-01,,,,,,,NFLX
2021-06-01,,,,,,,NVDA
2021-06-01,,,,,,,NVDA
2021-06-01,,,,,,,NVDA
2021-06-01,,,,,,,NVDA
2021-06-01,,,,,,,NVDA
2021-06-01,,,,,,,NVDA
2021-06-01,,,,,,,NVDA
2021-06-01,,,,,,,NVDA
2021-06-01,,,,,,,NVDA
2021-06-01,,,,,,,NVDA
2021-06-01,,,,,,,NVDA
2021-06-01,,,,,,,NVDA
2021-06-01,,,,,,,NVDA
2021-06-01,,,,,,,NVDA
2021-06-01,16.270000457763672,16.38825035095215,15.903249740600586,16.26449966430664,16.22538948059082,472804000.0,NVDA
2021-06-01,,,,,,,NVDA
2021-06-01,,,,,,,NVDA
2021-06-01,,,,,,,NVDA
2021-06-01,,,,,,,NVDA
2021-06-01,,,,,,,NVDA
2021-06-01,,,,,,,PFE
2021-06-01,,,,,,,PFE
2021-06-01,,,,,,,PFE
2021-06-01,,,,,,,PFE
2021-06-01,,,,,,,PFE
2021-06-01,,,,,,,PFE
2021-06-01,,,,,,,PFE
2021-06-01,,,,,,,PFE
2021-06-01,,,,,,,PFE
2021-06-01,,,,,,,PFE
2021-06-01,,,,,,,PFE
2021-06-01,,,,,,,PFE
2021-06-01,,,,,,,PFE
2021-06-01,,,,,,,PFE
2021-06-01,,,,,,,PFE
2021-06-01,38.939998626708984,39.0,38.47999954223633,38.5,31.338104248046875,23642400.0,PFE
2021-06-01,,,,,,,PFE
2021-06-01,,,,,,,PFE
2021-06-01,,,,,,,PFE
2021-06-01,,,,,,,PFE
2021-06-01,,,,,,,PG
2021-06-01,,,,,,,PG
2021-06-01,,,,,,,PG
2021-06-01,,,,,,,PG
2021-06-01,,,,,,,PG
2021-06-01,,,,,,,PG
2021-06-01,,,,,,,PG
2021-06-01,,,,,,,PG
2021-06-01,,,,,,,PG
2021-06-01,,,,,,,PG
2021-06-01,,,,,,,PG
2021-06-01,,,,,,,PG
2021-06-01,,,,,,,PG
2021-06-01,,,,,,,PG
2021-06-01,,,,,,,PG
2021-06-01,,,,,,,PG
2021-06-01,135.7899932861328,136.0,132.47999572753906,132.8800048828125,119.54655456542969,9993900.0,PG
2021-06-01,,,,,,,PG
2021-06-01,,,,,,,PG
2021-06-01,,,,,,,PG
2021-06-01,,,,,,,TSLA
2021-06-01,,,,,,,TSLA
2021-06-01,,,,,,,TSLA
2021-06-01,,,,,,,TSLA
2021-06-01,,,,,,,TSLA
2021-06-01,,,,,,,TSLA
2021-06-01,,,,,,,TSLA
2021-06-01,,,,,,,TSLA
2021-06-01,,,,,,,TSLA
2021-06-01,,,,,,,TSLA
2021-06-01,,,,,,,TSLA
2021-06-01,,,,,,,TSLA
2021-06-01,,,,,,,TSLA
2021-06-01,,,,,,,TSLA
2021-06-01,,,,,,,TSLA
2021-06-01,,,,,,,TSLA
2021-06-01,,,,,,,TSLA
2021-06-01,209.26666259765625,211.26666259765625,206.85000610351562,207.96665954589844,207.96665954589844,54254700.0,TSLA
2021-06-01,,,,,,,TSLA
2021-06-01,,,,,,,TSLA
2021-06-01,,,,,,,UNH
2021-06-01,,,,,,,UNH
2021-06-01,,,,,,,UNH
2021-06-01,,,,,,,UNH
2021-06-01,,,,,,,UNH
2021-06-01,,,,,,,UNH
2021-06-01,,,,,,,UNH
2021-06-01,,,,,,,UNH
2021-06-01,,,,,,,UNH
2021-06-01,,,,,,,UNH
2021-06-01,,,,,,,UNH
2021-06-01,,,,,,,UNH
2021-06-01,,,,,,,UNH
2021-06-01,,,,,,,UNH
2021-06-01,,,,,,,UNH
2021-06-01,,,,,,,UNH
2021-06-01,,,,,,,UNH
2021-06-01,,,,,,,UNH
2021-06-01,413.7300109863281,413.7300109863281,406.1600036621094,406.7200012207031,381.1400451660156,2199600.0,UNH
2021-06-01,,,,,,,UNH
2021-06-01,,,,,,,V
2021-06-01,,,,,,,V
2021-06-01,,,,,,,V
2021-06-01,,,,,,,V
2021-06-01,,,,,,,V
2021-06-01,,,,,,,V
2021-06-01,,,,,,,V
2021-06-01,,,,,,,V
2021-06-01,,,,,,,V
2021-06-01,,,,,,,V
2021-06-01,,,,,,,V
2021-06-01,,,,,,,V
2021-06-01,,,,,,,V
2021-06-01,,,,,,,V
2021-06-01,,,,,,,V
2021-06-01,,,,,,,V
2021-06-01,,,,,,,V
2021-06-01,,,,,,,V
2021-06-01,,,,,,,V
2021-06-01,229.44000244140625,230.0800018310547,226.27999877929688,226.6300048828125,219.65069580078125,5091500.0,V
2021-07-01,136.60000610351562,137.3300018310547,135.75999450683594,137.27000427246094,134.18272399902344,52485800.0,AAPL
2021-07-01,,,,,,,AAPL
2021-07-01,,,,,,,AAPL
2021-07-01,,,,,,,AAPL
2021-07-01,,,,,,,AAPL
2021-07-01,,,,,,,AAPL
2021-07-01,,,,,,,AAPL
2021-07-01,,,,,,,AAPL
2021-07-01,,,,,,,AAPL
2021-07-01,,,,,,,AAPL
2021-07-01,,,,,,,AAPL
2021-07-01,,,,,,,AAPL
2021-07-01,,,,,,,AAPL
2021-07-01,,,,,,,AAPL
2021-07-01,,,,,,,AAPL
2021-07-01,,,,,,,AAPL
2021-07-01,,,,,,,AAPL
2021-07-01,,,,,,,AAPL
2021-07-01,,,,,,,AAPL
2021-07-01,,,,,,,AAPL
2021-07-01,,,,,,,ADBE
2021-07-01,583.3300170898438,587.780029296875,581.3499755859375,584.72998046875,584.72998046875,1646100.0,ADBE
2021-07-01,,,,,,,ADBE
2021-07-01,,,,,,,ADBE
2021-07-01,,,,,,,ADBE
2021-07-01,,,,,,,ADBE
2021-07-01,,,,,,,ADBE
2021-07-01,,,,,,,ADBE
2021-07-01,,,,,,,ADBE
2021-07-01,,,,,,,ADBE
2021-07-01,,,,,,,ADBE
2021-07-01,,,,,,,ADBE
2021-07-01,,,,,,,ADBE
2021-07-01,,,,,,,ADBE
2021-07-01,,,,,,,ADBE
2021-07-01,,,,,,,ADBE
2021-07-01,,,,,,,ADBE
2021-07-01,,,,,,,ADBE
2021-07-01,,,,,,,ADBE
2021-07-01,,,,,,,ADBE
2021-07-01,,,,,,,AMZN
2021-07-01,,,,,,,AMZN
2021-07-01,171.73049926757812,172.85000610351562,170.4709930419922,171.64849853515625,171.64849853515625,40742000.0,AMZN
2021-07-01,,,,,,,AMZN
2021-07-01,,,,,,,AMZN
2021-07-01,,,,,,,AMZN
2021-07-01,,,,,,,AMZN
2021-07-01,,,,,,,AMZN
2021-07-01,,,,,,,AMZN
2021-07-01,,,,,,,AMZN
2021-07-01,,,,,,,AMZN
2021-07-01,,,,,,,AMZN
2021-07-01,,,,,,,AMZN
2021-07-01,,,,,,,AMZN
2021-07-01,,,,,,,AMZN
2021-07-01,,,,,,,AMZN
2021-07-01,,,,,,,AMZN
2021-07-01,,,,,,,AMZN
2021-07-01,,,,,,,AMZN
2021-07-01,,,,,,,AMZN
2021-07-01,,,,,,,BAC
2021-07-01,,,,,,,BAC
2021-07-01,,,,,,,BAC
2021-07-01,41.560001373291016,41.70000076293945,41.209999084472656,41.540000915527344,37.345890045166016,28045100.0,BAC
2021-07-01,,,,,,,BAC
2021-07-01,,,,,,,BAC
2021-07-01,,,,,,,BAC
2021-07-01,,,,,,,BAC
2021-07-01,,,,,,,BAC
2021-07-01,,,,,,,BAC
2021-07-01,,,,,,,BAC
2021-07-01,,,,,,,BAC
2021-07-01,,,,,,,BAC
2021-07-01,,,,,,,BAC
2021-07-01,,,,,,,BAC
2021-07-01,,,,,,,BAC
2021-07-01,,,,,,,BAC
2021-07-01,,,,,,,BAC
2021-07-01,,,,,,,BAC
2021-07-01,,,,,,,BAC
2021-07-01,,,,,,,CRM
2021-07-01,,,,,,,CRM
2021-07-01,,,,,,,CRM
2021-07-01,,,,,,,CRM
2021-07-01,244.5,246.58999633789062,242.6199951171875,244.97999572753906,242.85198974609375,3899600.0,CRM
2021-07-01,,,,,,,CRM
2021-07-01,,,,,,,CRM
2021-07-01,,,,,,,CRM
2021-07-01,,,,,,,CRM
2021-07-01,,,,,,,CRM
2021-07-01,,,,,,,CRM
2021-07-01,,,,,,,CRM
2021-07-01,,,,,,,CRM
2021-07-01,,,,,,,CRM
2021-07-01,,,,,,,CRM
2021-07-01,,,,,,,CRM
2021-07-01,,,,,,,CRM
2021-07-01,,,,,,,CRM
2021-07-01,,,,,,,CRM
2021-07-01,,,,,,,CRM
2021-07-01,,,,,,,DIS
2021-07-01,,,,,,,DIS
2021-07-01,,,,,,,DIS
2021-07-01,,,,,,,DIS
2021-07-01,,,,,,,DIS
2021-07-01,175.35000610351562,177.60000610351562,174.60000610351562,177.25999450683594,174.35337829589844,5887100.0,DIS
2021-07-01,,,,,,,DIS
2021-07-01,,,,,,,DIS
2021-07-01,,,,,,,DIS
2021-07-01,,,,,,,DIS
2021-07-01,,,,,,,DIS
2021-07-01,,,,,,,DIS
2021-07-01,,,,,,,DIS
2021-07-01,,,,,,,DIS
2021-07-01,,,,,,,DIS
2021-07-01,,,,,,,DIS
2021-07-01,,,,,,,DIS
2021-07-01,,,,,,,DIS
2021-07-01,,,,,,,DIS
2021-07-01,,,,,,,DIS
2021-07-01,,,,,,,GOOGL
2021-07-01,,,,,,,GOOGL
2021-07-01,,,,,,,GOOGL
2021-07-01,,,,,,,GOOGL
2021-07-01,,,,,,,GOOGL
2021-07-01,,,,,,,GOOGL
2021-07-01,121.7249984741211,122.58699798583984,121.53150177001953,122.44450378417969,121.60577392578125,18110000.0,GOOGL
2021-07-01,,,,,,,GOOGL
2021-07-01,,,,,,,GOOGL
2021-07-01,,,,,,,GOOGL
2021-07-01,,,,,,,GOOGL
2021-07-01,,,,,,,GOOGL
2021-07-01,,,,,,,GOOGL
2021-07-01,,,,,,,GOOGL
2021-07-01,,,,,,,GOOGL
2021-07-01,,,,,,,GOOGL
2021-07-01,,,,,,,GOOGL
2021-07-01,,,,,,,GOOGL
2021-07-01,,,,,,,GOOGL
2021-07-01,,,,,,,GOOGL
2021-07-01,,,,,,,HD
2021-07-01,,,,,,,HD
2021-07-01,,,,,,,HD
2021-07-01,,,,,,,HD
2021-07-01,,,,,,,HD
2021-07-01,,,,,,,HD
2021-07-01,,,,,,,HD
2021-07-01,319.9100036621094,321.69000244140625,318.5,321.5400085449219,289.8177185058594,2578000.0,HD
2021-07-01,,,,,,,HD
2021-07-01,,,,,,,HD
2021-07-01,,,,,,,HD
2021-07-01,,,,,,,HD
2021-07-01,,,,,,,HD
2021-07-01,,,,,,,HD
2021-07-01,,,,,,,HD
2021-07-01,,,,,,,HD
2021-07-01,,,,,,,HD
2021-07-01,,,,,,,HD
2021-07-01,,,,,,,HD
2021-07-01,,,,,,,HD
2021-07-01,,,,,,,JNJ
2021-07-01,,,,,,,JNJ
2021-07-01,,,,,,,JNJ
2021-07-01,,,,,,,JNJ
2021-07-01,,,,,,,JNJ
2021-07-01,,,,,,,JNJ
2021-07-01,,,,,,,JNJ
2021-07-01,,,,,,,JNJ
2021-07-01,164.74000549316406,166.00999450683594,164.6300048828125,165.9600067138672,146.71243286132812,6320200.0,JNJ
2021-07-01,,,,,,,JNJ
2021-07-01,,,,,,,JNJ
2021-07-01,,,,,,,JNJ
2021-07-01,,,,,,,JNJ
2021-07-01,,,,,,,JNJ
2021-07-01,,,,,,,JNJ
2021-07-01,,,,,,,JNJ
2021-07-01,,,,,,,JNJ
2021-07-01,,,,,,,JNJ
2021-07-01,,,,,,,JNJ
2021-07-01,,,,,,,JNJ
2021-07-01,,,,,,,JPM
2021-07-01,,,,,,,JPM
2021-07-01,,,,,,,JPM
2021-07-01,,,,,,,JPM
2021-07-01,,,,,,,JPM
2021-07-01,,,,,,,JPM
2021-07-01,,,,,,,JPM
2021-07-01,,,,,,,JPM
2021-07-01,,,,,,,JPM
2021-07-01,156.25999450683594,157.13999938964844,155.4199981689453,157.0800018310547,140.4507293701172,10479400.0,JPM
2021-07-01,,,,,,,JPM
2021-07-01,,,,,,,JPM
2021-07-01,,,,,,,JPM
2021-07-01,,,,,,,JPM
2021-07-01,,,,,,,JPM
2021-07-01,,,,,,,JPM
2021-07-01,,,,,,,JPM
2021-07-01,,,,,,,JPM
2021-07-01,,,,,,,JPM
2021-07-01,,,,,,,JPM
2021-07-01,,,,,,,MA
2021-07-01,,,,,,,MA
2021-07-01,,,,,,,MA
2021-07-01,,,,,,,MA
2021-07-01,,,,,,,MA
2021-07-01,,,,,,,MA
2021-07-01,,,,,,,MA
2021-07-01,,,,,,,MA
2021-07-01,,,,,,,MA
2021-07-01,,,,,,,MA
2021-07-01,366.04998779296875,371.2099914550781,365.6000061035156,370.7099914550781,361.7226257324219,3108500.0,MA
2021-07-01,,,,,,,MA
2021-07-01,,,,,,,MA
2021-07-01,,,,,,,MA
2021-07-01,,,,,,,MA
2021-07-01,,,,,,,MA
2021-07-01,,,,,,,MA
2021-07-01,,,,,,,MA
2021-07-01,,,,,,,MA
2021-07-01,,,,,,,MA
2021-07-01,,,,,,,META
2021-07-01,,,,,,,META
2021-07-01,,,,,,,META
2021-07-01,,,,,,,META
2021-07-01,,,,,,,META
2021-07-01,,,,,,,META
2021-07-01,,,,,,,META
2021-07-01,,,,,,,META
2021-07-01,,,,,,,META
2021-07-01,,,,,,,META
2021-07-01,,,,,,,META
2021-07-01,346.82000732421875,354.6700134277344,346.5,354.3900146484375,352.4564208984375,17137000.0,META
2021-07-01,,,,,,,META
2021-07-01,,,,,,,META
2021-07-01,,,,,,,META
2021-07-01,,,,,,,META
2021-07-01,,,,,,,META
2021-07-01,,,,,,,META
2021-07-01,,,,,,,META
2021-07-01,,,,,,,META
2021-07-01,,,,,,,MSFT
2021-07-01,,,,,,,MSFT
2021-07-01,,,,,,,MSFT
2021-07-01,,,,,,,MSFT
2021-07-01,,,,,,,MSFT
2021-07-01,,,,,,,MSFT
2021-07-01,,,,,,,MSFT
2021-07-01,,,,,,,MSFT
2021-07-01,,,,,,,MSFT
2021-07-01,,,,,,,MSFT
2021-07-01,,,,,,,MSFT
2021-07-01,,,,,,,MSFT
2021-07-01,269.6099853515625,271.8399963378906,269.6000061035156,271.6000061035156,262.3044128417969,16725300.0,MSFT
2021-07-01,,,,,,,MSFT
2021-07-01,,,,,,,MSFT
2021-07-01,,,,,,,MSFT
2021-07-01,,,,,,,MSFT
2021-07-01,,,,,,,MSFT
2021-07-01,,,,,,,MSFT
2021-07-01,,,,,,,MSFT
2021-07-01,,,,,,,NFLX
2021-07-01,,,,,,,NFLX
2021-07-01,,,,,,,NFLX
2021-07-01,,,,,,,NFLX
2021-07-01,,,,,,,NFLX
2021-07-01,,,,,,,NFLX
2021-07-01,,,,,,,NFLX
2021-07-01,,,,,,,NFLX
2021-07-01,,,,,,,NFLX
2021-07-01,,,,,,,NFLX
2021-07-01,,,,,,,NFLX
2021-07-01,,,,,,,NFLX
2021-07-01,,,,,,,NFLX
2021-07-01,525.719970703125,537.0399780273438,525.719970703125,533.5399780273438,533.5399780273438,2805400.0,NFLX
2021-07-01,,,,,,,NFLX
2021-07-01,,,,,,,NFLX
2021-07-01,,,,,,,NFLX
2021-07-01,,,,,,,NFLX
2021-07-01,,,,,,,NFLX
2021-07-01,,,,,,,NFLX
2021-07-01,,,,,,,NVDA
2021-07-01,,,,,,,NVDA
2021-07-01,,,,,,,NVDA
2021-07-01,,,,,,,NVDA
2021-07-01,,,,,,,NVDA
2021-07-01,,,,,,,NVDA
2021-07-01,,,,,,,NVDA
2021-07-01,,,,,,,NVDA
2021-07-01,,,,,,,NVDA
2021-07-01,,,,,,,NVDA
2021-07-01,,,,,,,NVDA
2021-07-01,,,,,,,NVDA
2021-07-01,,,,,,,NVDA
2021-07-01,,,,,,,NVDA
2021-07-01,20.125,20.45599937438965,20.018999099731445,20.211999893188477,20.16802215576172,480136000.0,NVDA
2021-07-01,,,,,,,NVDA
2021-07-01,,,,,,,NVDA
2021-07-01,,,,,,,NVDA
2021-07-01,,,,,,,NVDA
2021-07-01,,,,,,,NVDA
2021-07-01,,,,,,,PFE
2021-07-01,,,,,,,PFE
2021-07-01,,,,,,,PFE
2021-07-01,,,,,,,PFE
2021-07-01,,,,,,,PFE
2021-07-01,,,,,,,PFE
2021-07-01,,,,,,,PFE
2021-07-01,,,,,,,PFE
2021-07-01,,,,,,,PFE
2021-07-01,,,,,,,PFE
2021-07-01,,,,,,,PFE
2021-07-01,,,,,,,PFE
2021-07-01,,,,,,,PFE
2021-07-01,,,,,,,PFE
2021-07-01,,,,,,,PFE
2021-07-01,39.16999816894531,39.630001068115234,39.11000061035156,39.560001373291016,32.20091247558594,20035900.0,PFE
2021-07-01,,,,,,,PFE
2021-07-01,,,,,,,PFE
2021-07-01,,,,,,,PFE
2021-07-01,,,,,,,PFE
2021-07-01,,,,,,,PG
2021-07-01,,,,,,,PG
2021-07-01,,,,,,,PG
2021-07-01,,,,,,,PG
2021-07-01,,,,,,,PG
2021-07-01,,,,,,,PG
2021-07-01,,,,,,,PG
2021-07-01,,,,,,,PG
2021-07-01,,,,,,,PG
2021-07-01,,,,,,,PG
2021-07-01,,,,,,,PG
2021-07-01,,,,,,,PG
2021-07-01,,,,,,,PG
2021-07-01,,,,,,,PG
2021-07-01,,,,,,,PG
2021-07-01,,,,,,,PG
2021-07-01,135.42999267578125,136.13999938964844,134.9199981689453,135.24000549316406,121.66974639892578,5922300.0,PG
2021-07-01,,,,,,,PG
2021-07-01,,,,,,,PG
2021-07-01,,,,,,,PG
2021-07-01,,,,,,,TSLA
2021-07-01,,,,,,,TSLA
2021-07-01,,,,,,,TSLA
2021-07-01,,,,,,,TSLA
2021-07-01,,,,,,,TSLA
2021-07-01,,,,,,,TSLA
2021-07-01,,,,,,,TSLA
2021-07-01,,,,,,,TSLA
2021-07-01,,,,,,,TSLA
2021-07-01,,,,,,,TSLA
2021-07-01,,,,,,,TSLA
2021-07-01,,,,,,,TSLA
2021-07-01,,,,,,,TSLA
2021-07-01,,,,,,,TSLA
2021-07-01,,,,,,,TSLA
2021-07-01,,,,,,,TSLA
2021-07-01,,,,,,,TSLA
2021-07-01,227.97332763671875,229.3300018310547,224.26666259765625,225.97332763671875,225.97332763671875,55903500.0,TSLA
2021-07-01,,,,,,,TSLA
2021-07-01,,,,,,,TSLA
2021-07-01,,,,,,,UNH
2021-07-01,,,,,,,UNH
2021-07-01,,,,,,,UNH
2021-07-01,,,,,,,UNH
2021-07-01,,,,,,,UNH
2021-07-01,,,,,,,UNH
2021-07-01,,,,,,,UNH
2021-07-01,,,,,,,UNH
2021-07-01,,,,,,,UNH
2021-07-01,,,,,,,UNH
2021-07-01,,,,,,,UNH
2021-07-01,,,,,,,UNH
2021-07-01,,,,,,,UNH
2021-07-01,,,,,,,UNH
2021-07-01,,,,,,,UNH
2021-07-01,,,,,,,UNH
2021-07-01,,,,,,,UNH
2021-07-01,,,,,,,UNH
2021-07-01,402.0299987792969,405.2099914550781,401.80999755859375,404.8900146484375,380.8148193359375,2678100.0,UNH
2021-07-01,,,,,,,UNH
2021-07-01,,,,,,,V
2021-07-01,,,,,,,V
2021-07-01,,,,,,,V
2021-07-01,,,,,,,V
2021-07-01,,,,,,,V
2021-07-01,,,,,,,V
2021-07-01,,,,,,,V
2021-07-01,,,,,,,V
2021-07-01,,,,,,,V
2021-07-01,,,,,,,V
2021-07-01,,,,,,,V
2021-07-01,,,,,,,V
2021-07-01,,,,,,,V
2021-07-01,,,,,,,V
2021-07-01,,,,,,,V
2021-07-01,,,,,,,V
2021-07-01,,,,,,,V
2021-07-01,,,,,,,V
2021-07-01,,,,,,,V
2021-07-01,234.1999969482422,236.25,234.0500030517578,235.14999389648438,227.9083251953125,5329600.0,V
2021-08-01,146.36000061035156,146.9499969482422,145.25,145.52000427246094,142.24717712402344,62880000.0,AAPL
2021-08-01,,,,,,,AAPL
2021-08-01,,,,,,,AAPL
2021-08-01,,,,,,,AAPL
2021-08-01,,,,,,,AAPL
2021-08-01,,,,,,,AAPL
2021-08-01,,,,,,,AAPL
2021-08-01,,,,,,,AAPL
2021-08-01,,,,,,,AAPL
2021-08-01,,,,,,,AAPL
2021-08-01,,,,,,,AAPL
2021-08-01,,,,,,,AAPL
2021-08-01,,,,,,,AAPL
2021-08-01,,,,,,,AAPL
2021-08-01,,,,,,,AAPL
2021-08-01,,,,,,,AAPL
2021-08-01,,,,,,,AAPL
2021-08-01,,,,,,,AAPL
2021-08-01,,,,,,,AAPL
2021-08-01,,,,,,,AAPL
2021-08-01,,,,,,,ADBE
2021-08-01,625.8699951171875,627.5999755859375,612.9299926757812,618.75,618.75,1466800.0,ADBE
2021-08-01,,,,,,,ADBE
2021-08-01,,,,,,,ADBE
2021-08-01,,,,,,,ADBE
2021-08-01,,,,,,,ADBE
2021-08-01,,,,,,,ADBE
2021-08-01,,,,,,,ADBE
2021-08-01,,,,,,,ADBE
2021-08-01,,,,,,,ADBE
2021-08-01,,,,,,,ADBE
2021-08-01,,,,,,,ADBE
2021-08-01,,,,,,,ADBE
2021-08-01,,,,,,,ADBE
2021-08-01,,,,,,,ADBE
2021-08-01,,,,,,,ADBE
2021-08-01,,,,,,,ADBE
2021-08-01,,,,,,,ADBE
2021-08-01,,,,,,,ADBE
2021-08-01,,,,,,,ADBE
2021-08-01,,,,,,,AMZN
2021-08-01,,,,,,,AMZN
2021-08-01,167.65499877929688,167.9459991455078,165.85000610351562,166.57400512695312,166.57400512695312,67078000.0,AMZN
2021-08-01,,,,,,,AMZN
2021-08-01,,,,,,,AMZN
2021-08-01,,,,,,,AMZN
2021-08-01,,,,,,,AMZN
2021-08-01,,,,,,,AMZN
2021-08-01,,,,,,,AMZN
2021-08-01,,,,,,,AMZN
2021-08-01,,,,,,,AMZN
2021-08-01,,,,,,,AMZN
2021-08-01,,,,,,,AMZN
2021-08-01,,,,,,,AMZN
2021-08-01,,,,,,,AMZN
2021-08-01,,,,,,,AMZN
2021-08-01,,,,,,,AMZN
2021-08-01,,,,,,,AMZN
2021-08-01,,,,,,,AMZN
2021-08-01,,,,,,,AMZN
2021-08-01,,,,,,,BAC
2021-08-01,,,,,,,BAC
2021-08-01,,,,,,,BAC
2021-08-01,38.400001525878906,38.95000076293945,37.90999984741211,37.959999084472656,34.127342224121094,49894000.0,BAC
2021-08-01,,,,,,,BAC
2021-08-01,,,,,,,BAC
2021-08-01,,,,,,,BAC
2021-08-01,,,,,,,BAC
2021-08-01,,,,,,,BAC
2021-08-01,,,,,,,BAC
2021-08-01,,,,,,,BAC
2021-08-01,,,,,,,BAC
2021-08-01,,,,,,,BAC
2021-08-01,,,,,,,BAC
2021-08-01,,,,,,,BAC
2021-08-01,,,,,,,BAC
2021-08-01,,,,,,,BAC
2021-08-01,,,,,,,BAC
2021-08-01,,,,,,,BAC
2021-08-01,,,,,,,BAC
2021-08-01,,,,,,,CRM
2021-08-01,,,,,,,CRM
2021-08-01,,,,,,,CRM
2021-08-01,,,,,,,CRM
2021-08-01,242.30999755859375,242.47000122070312,238.8800048828125,240.86000061035156,238.76779174804688,3525700.0,CRM
2021-08-01,,,,,,,CRM
2021-08-01,,,,,,,CRM
2021-08-01,,,,,,,CRM
2021-08-01,,,,,,,CRM
2021-08-01,,,,,,,CRM
2021-08-01,,,,,,,CRM
2021-08-01,,,,,,,CRM
2021-08-01,,,,,,,CRM
2021-08-01,,,,,,,CRM
2021-08-01,,,,,,,CRM
2021-08-01,,,,,,,CRM
2021-08-01,,,,,,,CRM
2021-08-01,,,,,,,CRM
2021-08-01,,,,,,,CRM
2021-08-01,,,,,,,CRM
2021-08-01,,,,,,,DIS
2021-08-01,,,,,,,DIS
2021-08-01,,,,,,,DIS
2021-08-01,,,,,,,DIS
2021-08-01,,,,,,,DIS
2021-08-01,177.22000122070312,178.82000732421875,175.30999755859375,175.5500030517578,172.67144775390625,5847200.0,DIS
2021-08-01,,,,,,,DIS
2021-08-01,,,,,,,DIS
2021-08-01,,,,,,,DIS
2021-08-01,,,,,,,DIS
2021-08-01,,,,,,,DIS
2021-08-01,,,,,,,DIS
2021-08-01,,,,,,,DIS
2021-08-01,,,,,,,DIS
2021-08-01,,,,,,,DIS
2021-08-01,,,,,,,DIS
2021-08-01,,,,,,,DIS
2021-08-01,,,,,,,DIS
2021-08-01,,,,,,,DIS
2021-08-01,,,,,,,DIS
2021-08-01,,,,,,,GOOGL
2021-08-01,,,,,,,GOOGL
2021-08-01,,,,,,,GOOGL
2021-08-01,,,,,,,GOOGL
2021-08-01,,,,,,,GOOGL
2021-08-01,,,,,,,GOOGL
2021-08-01,135.11700439453125,135.3365020751953,133.79400634765625,134.85450744628906,133.93077087402344,21634000.0,GOOGL
2021-08-01,,,,,,,GOOGL
2021-08-01,,,,,,,GOOGL
2021-08-01,,,,,,,GOOGL
2021-08-01,,,,,,,GOOGL
2021-08-01,,,,,,,GOOGL
2021-08-01,,,,,,,GOOGL
2021-08-01,,,,,,,GOOGL
2021-08-01,,,,,,,GOOGL
2021-08-01,,,,,,,GOOGL
2021-08-01,,,,,,,GOOGL
2021-08-01,,,,,,,GOOGL
2021-08-01,,,,,,,GOOGL
2021-08-01,,,,,,,GOOGL
2021-08-01,,,,,,,HD
2021-08-01,,,,,,,HD
2021-08-01,,,,,,,HD
2021-08-01,,,,,,,HD
2021-08-01,,,,,,,HD
2021-08-01,,,,,,,HD
2021-08-01,,,,,,,HD
2021-08-01,330.0,330.0,326.4200134277344,327.2200012207031,294.9373474121094,2016400.0,HD
2021-08-01,,,,,,,HD
2021-08-01,,,,,,,HD
2021-08-01,,,,,,,HD
2021-08-01,,,,,,,HD
2021-08-01,,,,,,,HD
2021-08-01,,,,,,,HD
2021-08-01,,,,,,,HD
2021-08-01,,,,,,,HD
2021-08-01,,,,,,,HD
2021-08-01,,,,,,,HD
2021-08-01,,,,,,,HD
2021-08-01,,,,,,,HD
2021-08-01,,,,,,,JNJ
2021-08-01,,,,,,,JNJ
2021-08-01,,,,,,,JNJ
2021-08-01,,,,,,,JNJ
2021-08-01,,,,,,,JNJ
2021-08-01,,,,,,,JNJ
2021-08-01,,,,,,,JNJ
2021-08-01,,,,,,,JNJ
2021-08-01,172.47000122070312,172.83999633789062,171.3000030517578,172.27000427246094,152.29063415527344,3721500.0,JNJ
2021-08-01,,,,,,,JNJ
2021-08-01,,,,,,,JNJ
2021-08-01,,,,,,,JNJ
2021-08-01,,,,,,,JNJ
2021-08-01,,,,,,,JNJ
2021-08-01,,,,,,,JNJ
2021-08-01,,,,,,,JNJ
2021-08-01,,,,,,,JNJ
2021-08-01,,,,,,,JNJ
2021-08-01,,,,,,,JNJ
2021-08-01,,,,,,,JNJ
2021-08-01,,,,,,,JPM
2021-08-01,,,,,,,JPM
2021-08-01,,,,,,,JPM
2021-08-01,,,,,,,JPM
2021-08-01,,,,,,,JPM
2021-08-01,,,,,,,JPM
2021-08-01,,,,,,,JPM
2021-08-01,,,,,,,JPM
2021-08-01,,,,,,,JPM
2021-08-01,152.02999877929688,154.4499969482422,151.07000732421875,151.1699981689453,135.9453125,10203200.0,JPM
2021-08-01,,,,,,,JPM
2021-08-01,,,,,,,JPM
2021-08-01,,,,,,,JPM
2021-08-01,,,,,,,JPM
2021-08-01,,,,,,,JPM
2021-08-01,,,,,,,JPM
2021-08-01,,,,,,,JPM
2021-08-01,,,,,,,JPM
2021-08-01,,,,,,,JPM
2021-08-01,,,,,,,JPM
2021-08-01,,,,,,,MA
2021-08-01,,,,,,,MA
2021-08-01,,,,,,,MA
2021-08-01,,,,,,,MA
2021-08-01,,,,,,,MA
2021-08-01,,,,,,,MA
2021-08-01,,,,,,,MA
2021-08-01,,,,,,,MA
2021-08-01,,,,,,,MA
2021-08-01,,,,,,,MA
2021-08-01,389.29998779296875,389.9800109863281,373.79998779296875,375.260009765625,366.5936584472656,3430300.0,MA
2021-08-01,,,,,,,MA
2021-08-01,,,,,,,MA
2021-08-01,,,,,,,MA
2021-08-01,,,,,,,MA
2021-08-01,,,,,,,MA
2021-08-01,,,,,,,MA
2021-08-01,,,,,,,MA
2021-08-01,,,,,,,MA
2021-08-01,,,,,,,MA
2021-08-01,,,,,,,META
2021-08-01,,,,,,,META
2021-08-01,,,,,,,META
2021-08-01,,,,,,,META
2021-08-01,,,,,,,META
2021-08-01,,,,,,,META
2021-08-01,,,,,,,META
2021-08-01,,,,,,,META
2021-08-01,,,,,,,META
2021-08-01,,,,,,,META
2021-08-01,,,,,,,META
2021-08-01,358.1000061035156,359.3999938964844,350.739990234375,351.95001220703125,350.02972412109375,13180400.0,META
2021-08-01,,,,,,,META
2021-08-01,,,,,,,META
2021-08-01,,,,,,,META
2021-08-01,,,,,,,META
2021-08-01,,,,,,,META
2021-08-01,,,,,,,META
2021-08-01,,,,,,,META
2021-08-01,,,,,,,META
2021-08-01,,,,,,,MSFT
2021-08-01,,,,,,,MSFT
2021-08-01,,,,,,,MSFT
2021-08-01,,,,,,,MSFT
2021-08-01,,,,,,,MSFT
2021-08-01,,,,,,,MSFT
2021-08-01,,,,,,,MSFT
2021-08-01,,,,,,,MSFT
2021-08-01,,,,,,,MSFT
2021-08-01,,,,,,,MSFT
2021-08-01,,,,,,,MSFT
2021-08-01,,,,,,,MSFT
2021-08-01,286.3599853515625,286.7699890136719,283.739990234375,284.82000732421875,275.0719909667969,16267400.0,MSFT
2021-08-01,,,,,,,MSFT
2021-08-01,,,,,,,MSFT
2021-08-01,,,,,,,MSFT
2021-08-01,,,,,,,MSFT
2021-08-01,,,,,,,MSFT
2021-08-01,,,,,,,MSFT
2021-08-01,,,,,,,MSFT
2021-08-01,,,,,,,NFLX
2021-08-01,,,,,,,NFLX
2021-08-01,,,,,,,NFLX
2021-08-01,,,,,,,NFLX
2021-08-01,,,,,,,NFLX
2021-08-01,,,,,,,NFLX
2021-08-01,,,,,,,NFLX
2021-08-01,,,,,,,NFLX
2021-08-01,,,,,,,NFLX
2021-08-01,,,,,,,NFLX
2021-08-01,,,,,,,NFLX
2021-08-01,,,,,,,NFLX
2021-08-01,,,,,,,NFLX
2021-08-01,519.0,519.8499755859375,510.510009765625,515.1500244140625,515.1500244140625,2096600.0,NFLX
2021-08-01,,,,,,,NFLX
2021-08-01,,,,,,,NFLX
2021-08-01,,,,,,,NFLX
2021-08-01,,,,,,,NFLX
2021-08-01,,,,,,,NFLX
2021-08-01,,,,,,,NFLX
2021-08-01,,,,,,,NVDA
2021-08-01,,,,,,,NVDA
2021-08-01,,,,,,,NVDA
2021-08-01,,,,,,,NVDA
2021-08-01,,,,,,,NVDA
2021-08-01,,,,,,,NVDA
2021-08-01,,,,,,,NVDA
2021-08-01,,,,,,,NVDA
2021-08-01,,,,,,,NVDA
2021-08-01,,,,,,,NVDA
2021-08-01,,,,,,,NVDA
2021-08-01,,,,,,,NVDA
2021-08-01,,,,,,,NVDA
2021-08-01,,,,,,,NVDA
2021-08-01,19.700000762939453,19.961000442504883,19.361000061035156,19.75,19.707027435302734,217444000.0,NVDA
2021-08-01,,,,,,,NVDA
2021-08-01,,,,,,,NVDA
2021-08-01,,,,,,,NVDA
2021-08-01,,,,,,,NVDA
2021-08-01,,,,,,,NVDA
2021-08-01,,,,,,,PFE
2021-08-01,,,,,,,PFE
2021-08-01,,,,,,,PFE
2021-08-01,,,,,,,PFE
2021-08-01,,,,,,,PFE
2021-08-01,,,,,,,PFE
2021-08-01,,,,,,,PFE
2021-08-01,,,,,,,PFE
2021-08-01,,,,,,,PFE
2021-08-01,,,,,,,PFE
2021-08-01,,,,,,,PFE
2021-08-01,,,,,,,PFE
2021-08-01,,,,,,,PFE
2021-08-01,,,,,,,PFE
2021-08-01,,,,,,,PFE
2021-08-01,43.29999923706055,44.13999938964844,43.25,43.959999084472656,36.10649490356445,43066900.0,PFE
2021-08-01,,,,,,,PFE
2021-08-01,,,,,,,PFE
2021-08-01,,,,,,,PFE
2021-08-01,,,,,,,PFE
2021-08-01,,,,,,,PG
2021-08-01,,,,,,,PG
2021-08-01,,,,,,,PG
2021-08-01,,,,,,,PG
2021-08-01,,,,,,,PG
2021-08-01,,,,,,,PG
2021-08-01,,,,,,,PG
2021-08-01,,,,,,,PG
2021-08-01,,,,,,,PG
2021-08-01,,,,,,,PG
2021-08-01,,,,,,,PG
2021-08-01,,,,,,,PG
2021-08-01,,,,,,,PG
2021-08-01,,,,,,,PG
2021-08-01,,,,,,,PG
2021-08-01,,,,,,,PG
2021-08-01,141.77000427246094,142.42999267578125,140.8000030517578,141.8800048828125,128.44627380371094,7009500.0,PG
2021-08-01,,,,,,,PG
2021-08-01,,,,,,,PG
2021-08-01,,,,,,,PG
2021-08-01,,,,,,,TSLA
2021-08-01,,,,,,,TSLA
2021-08-01,,,,,,,TSLA
2021-08-01,,,,,,,TSLA
2021-08-01,,,,,,,TSLA
2021-08-01,,,,,,,TSLA
2021-08-01,,,,,,,TSLA
2021-08-01,,,,,,,TSLA
2021-08-01,,,,,,,TSLA
2021-08-01,,,,,,,TSLA
2021-08-01,,,,,,,TSLA
2021-08-01,,,,,,,TSLA
2021-08-01,,,,,,,TSLA
2021-08-01,,,,,,,TSLA
2021-08-01,,,,,,,TSLA
2021-08-01,,,,,,,TSLA
2021-08-01,,,,,,,TSLA
2021-08-01,233.3333282470703,242.31333923339844,232.8000030517578,236.55667114257812,236.55667114257812,100847400.0,TSLA
2021-08-01,,,,,,,TSLA
2021-08-01,,,,,,,TSLA
2021-08-01,,,,,,,UNH
2021-08-01,,,,,,,UNH
2021-08-01,,,,,,,UNH
2021-08-01,,,,,,,UNH
2021-08-01,,,,,,,UNH
2021-08-01,,,,,,,UNH
2021-08-01,,,,,,,UNH
2021-08-01,,,,,,,UNH
2021-08-01,,,,,,,UNH
2021-08-01,,,,,,,UNH
2021-08-01,,,,,,,UNH
2021-08-01,,,,,,,UNH
2021-08-01,,,,,,,UNH
2021-08-01,,,,,,,UNH
2021-08-01,,,,,,,UNH
2021-08-01,,,,,,,UNH
2021-08-01,,,,,,,UNH
2021-08-01,,,,,,,UNH
2021-08-01,413.57000732421875,416.44000244140625,412.80999755859375,415.57000732421875,390.8596496582031,1806500.0,UNH
2021-08-01,,,,,,,UNH
2021-08-01,,,,,,,V
2021-08-01,,,,,,,V
2021-08-01,,,,,,,V
2021-08-01,,,,,,,V
2021-08-01,,,,,,,V
2021-08-01,,,,,,,V
2021-08-01,,,,,,,V
2021-08-01,,,,,,,V
2021-08-01,,,,,,,V
2021-08-01,,,,,,,V
2021-08-01,,,,,,,V
2021-08-01,,,,,,,V
2021-08-01,,,,,,,V
2021-08-01,,,,,,,V
2021-08-01,,,,,,,V
2021-08-01,,,,,,,V
2021-08-01,,,,,,,V
2021-08-01,,,,,,,V
2021-08-01,,,,,,,V
2021-08-01,246.24000549316406,247.8300018310547,238.3699951171875,239.77999877929688,232.395751953125,9989500.0,V
2021-09-01,152.8300018310547,154.97999572753906,152.33999633789062,152.50999450683594,149.30328369140625,80313700.0,AAPL
2021-09-01,,,,,,,AAPL
2021-09-01,,,,,,,AAPL
2021-09-01,,,,,,,AAPL
2021-09-01,,,,,,,AAPL
2021-09-01,,,,,,,AAPL
2021-09-01,,,,,,,AAPL
2021-09-01,,,,,,,AAPL
2021-09-01,,,,,,,AAPL
2021-09-01,,,,,,,AAPL
2021-09-01,,,,,,,AAPL
2021-09-01,,,,,,,AAPL
2021-09-01,,,,,,,AAPL
2021-09-01,,,,,,,AAPL
2021-09-01,,,,,,,AAPL
2021-09-01,,,,,,,AAPL
2021-09-01,,,,,,,AAPL
2021-09-01,,,,,,,AAPL
2021-09-01,,,,,,,AAPL
2021-09-01,,,,,,,AAPL
2021-09-01,,,,,,,ADBE
2021-09-01,664.510009765625,668.9600219726562,662.0,665.8900146484375,665.8900146484375,1261200.0,ADBE
2021-09-01,,,,,,,ADBE
2021-09-01,,,,,,,ADBE
2021-09-01,,,,,,,ADBE
2021-09-01,,,,,,,ADBE
2021-09-01,,,,,,,ADBE
2021-09-01,,,,,,,ADBE
2021-09-01,,,,,,,ADBE
2021-09-01,,,,,,,ADBE
2021-09-01,,,,,,,ADBE
2021-09-01,,,,,,,ADBE
2021-09-01,,,,,,,ADBE
2021-09-01,,,,,,,ADBE
2021-09-01,,,,,,,ADBE
2021-09-01,,,,,,,ADBE
2021-09-01,,,,,,,ADBE
2021-09-01,,,,,,,ADBE
2021-09-01,,,,,,,ADBE
2021-09-01,,,,,,,ADBE
2021-09-01,,,,,,,AMZN
2021-09-01,,,,,,,AMZN
2021-09-01,174.82000732421875,176.35000610351562,173.76199340820312,173.9499969482422,173.9499969482422,72598000.0,AMZN
2021-09-01,,,,,,,AMZN
2021-09-01,,,,,,,AMZN
2021-09-01,,,,,,,AMZN
2021-09-01,,,,,,,AMZN
2021-09-01,,,,,,,AMZN
2021-09-01,,,,,,,AMZN
2021-09-01,,,,,,,AMZN
2021-09-01,,,,,,,AMZN
2021-09-01,,,,,,,AMZN
2021-09-01,,,,,,,AMZN
2021-09-01,,,,,,,AMZN
2021-09-01,,,,,,,AMZN
2021-09-01,,,,,,,AMZN
2021-09-01,,,,,,,AMZN
2021-09-01,,,,,,,AMZN
2021-09-01,,,,,,,AMZN
2021-09-01,,,,,,,AMZN
2021-09-01,,,,,,,BAC
2021-09-01,,,,,,,BAC
2021-09-01,,,,,,,BAC
2021-09-01,41.75,41.779998779296875,41.029998779296875,41.189998626708984,37.03122329711914,52361900.0,BAC
2021-09-01,,,,,,,BAC
2021-09-01,,,,,,,BAC
2021-09-01,,,,,,,BAC
2021-09-01,,,,,,,BAC
2021-09-01,,,,,,,BAC
2021-09-01,,,,,,,BAC
2021-09-01,,,,,,,BAC
2021-09-01,,,,,,,BAC
2021-09-01,,,,,,,BAC
2021-09-01,,,,,,,BAC
2021-09-01,,,,,,,BAC
2021-09-01,,,,,,,BAC
2021-09-01,,,,,,,BAC
2021-09-01,,,,,,,BAC
2021-09-01,,,,,,,BAC
2021-09-01,,,,,,,BAC
2021-09-01,,,,,,,CRM
2021-09-01,,,,,,,CRM
2021-09-01,,,,,,,CRM
2021-09-01,,,,,,,CRM
2021-09-01,266.2699890136719,273.260009765625,265.5899963378906,268.32000732421875,265.9892272949219,7189000.0,CRM
2021-09-01,,,,,,,CRM
2021-09-01,,,,,,,CRM
2021-09-01,,,,,,,CRM
2021-09-01,,,,,,,CRM
2021-09-01,,,,,,,CRM
2021-09-01,,,,,,,CRM
2021-09-01,,,,,,,CRM
2021-09-01,,,,,,,CRM
2021-09-01,,,,,,,CRM
2021-09-01,,,,,,,CRM
2021-09-01,,,,,,,CRM
2021-09-01,,,,,,,CRM
2021-09-01,,,,,,,CRM
2021-09-01,,,,,,,CRM
2021-09-01,,,,,,,CRM
2021-09-01,,,,,,,DIS
2021-09-01,,,,,,,DIS
2021-09-01,,,,,,,DIS
2021-09-01,,,,,,,DIS
2021-09-01,,,,,,,DIS
2021-09-01,181.9600067138672,184.2100067138672,181.77999877929688,183.47999572753906,180.47140502929688,7302800.0,DIS
2021-09-01,,,,,,,DIS
2021-09-01,,,,,,,DIS
2021-09-01,,,,,,,DIS
2021-09-01,,,,,,,DIS
2021-09-01,,,,,,,DIS
2021-09-01,,,,,,,DIS
2021-09-01,,,,,,,DIS
2021-09-01,,,,,,,DIS
2021-09-01,,,,,,,DIS
2021-09-01,,,,,,,DIS
2021-09-01,,,,,,,DIS
2021-09-01,,,,,,,DIS
2021-09-01,,,,,,,DIS
2021-09-01,,,,,,,DIS
2021-09-01,,,,,,,GOOGL
2021-09-01,,,,,,,GOOGL
2021-09-01,,,,,,,GOOGL
2021-09-01,,,,,,,GOOGL
2021-09-01,,,,,,,GOOGL
2021-09-01,,,,,,,GOOGL
2021-09-01,145.0,146.25399780273438,144.8834991455078,145.2154998779297,144.22080993652344,21936000.0,GOOGL
2021-09-01,,,,,,,GOOGL
2021-09-01,,,,,,,GOOGL
2021-09-01,,,,,,,GOOGL
2021-09-01,,,,,,,GOOGL
2021-09-01,,,,,,,GOOGL
2021-09-01,,,,,,,GOOGL
2021-09-01,,,,,,,GOOGL
2021-09-01,,,,,,,GOOGL
2021-09-01,,,,,,,GOOGL
2021-09-01,,,,,,,GOOGL
2021-09-01,,,,,,,GOOGL
2021-09-01,,,,,,,GOOGL
2021-09-01,,,,,,,GOOGL
2021-09-01,,,,,,,HD
2021-09-01,,,,,,,HD
2021-09-01,,,,,,,HD
2021-09-01,,,,,,,HD
2021-09-01,,,,,,,HD
2021-09-01,,,,,,,HD
2021-09-01,,,,,,,HD
2021-09-01,325.55999755859375,325.7799987792969,320.2799987792969,323.6400146484375,293.1937255859375,3339100.0,HD
2021-09-01,,,,,,,HD
2021-09-01,,,,,,,HD
2021-09-01,,,,,,,HD
2021-09-01,,,,,,,HD
2021-09-01,,,,,,,HD
2021-09-01,,,,,,,HD
2021-09-01,,,,,,,HD
2021-09-01,,,,,,,HD
2021-09-01,,,,,,,HD
2021-09-01,,,,,,,HD
2021-09-01,,,,,,,HD
2021-09-01,,,,,,,HD
2021-09-01,,,,,,,JNJ
2021-09-01,,,,,,,JNJ
2021-09-01,,,,,,,JNJ
2021-09-01,,,,,,,JNJ
2021-09-01,,,,,,,JNJ
2021-09-01,,,,,,,JNJ
2021-09-01,,,,,,,JNJ
2021-09-01,,,,,,,JNJ
2021-09-01,172.89999389648438,173.74000549316406,172.05999755859375,173.74000549316406,154.5028076171875,5327400.0,JNJ
2021-09-01,,,,,,,JNJ
2021-09-01,,,,,,,JNJ
2021-09-01,,,,,,,JNJ
2021-09-01,,,,,,,JNJ
2021-09-01,,,,,,,JNJ
2021-09-01,,,,,,,JNJ
2021-09-01,,,,,,,JNJ
2021-09-01,,,,,,,JNJ
2021-09-01,,,,,,,JNJ
2021-09-01,,,,,,,JNJ
2021-09-01,,,,,,,JNJ
2021-09-01,,,,,,,JPM
2021-09-01,,,,,,,JPM
2021-09-01,,,,,,,JPM
2021-09-01,,,,,,,JPM
2021-09-01,,,,,,,JPM
2021-09-01,,,,,,,JPM
2021-09-01,,,,,,,JPM
2021-09-01,,,,,,,JPM
2021-09-01,,,,,,,JPM
2021-09-01,160.22000122070312,160.75999450683594,158.97000122070312,159.72000122070312,143.63418579101562,8729900.0,JPM
2021-09-01,,,,,,,JPM
2021-09-01,,,,,,,JPM
2021-09-01,,,,,,,JPM
2021-09-01,,,,,,,JPM
2021-09-01,,,,,,,JPM
2021-09-01,,,,,,,JPM
2021-09-01,,,,,,,JPM
2021-09-01,,,,,,,JPM
2021-09-01,,,,,,,JPM
2021-09-01,,,,,,,JPM
2021-09-01,,,,,,,MA
2021-09-01,,,,,,,MA
2021-09-01,,,,,,,MA
2021-09-01,,,,,,,MA
2021-09-01,,,,,,,MA
2021-09-01,,,,,,,MA
2021-09-01,,,,,,,MA
2021-09-01,,,,,,,MA
2021-09-01,,,,,,,MA
2021-09-01,,,,,,,MA
2021-09-01,347.3800048828125,352.04998779296875,347.29998779296875,349.57000732421875,341.4969482421875,4499600.0,MA
2021-09-01,,,,,,,MA
2021-09-01,,,,,,,MA
2021-09-01,,,,,,,MA
2021-09-01,,,,,,,MA
2021-09-01,,,,,,,MA
2021-09-01,,,,,,,MA
2021-09-01,,,,,,,MA
2021-09-01,,,,,,,MA
2021-09-01,,,,,,,MA
2021-09-01,,,,,,,META
2021-09-01,,,,,,,META
2021-09-01,,,,,,,META
2021-09-01,,,,,,,META
2021-09-01,,,,,,,META
2021-09-01,,,,,,,META
2021-09-01,,,,,,,META
2021-09-01,,,,,,,META
2021-09-01,,,,,,,META
2021-09-01,,,,,,,META
2021-09-01,,,,,,,META
2021-09-01,379.5899963378906,384.3299865722656,378.80999755859375,382.04998779296875,379.9654846191406,11567200.0,META
2021-09-01,,,,,,,META
2021-09-01,,,,,,,META
2021-09-01,,,,,,,META
2021-09-01,,,,,,,META
2021-09-01,,,,,,,META
2021-09-01,,,,,,,META
2021-09-01,,,,,,,META
2021-09-01,,,,,,,META
2021-09-01,,,,,,,MSFT
2021-09-01,,,,,,,MSFT
2021-09-01,,,,,,,MSFT
2021-09-01,,,,,,,MSFT
2021-09-01,,,,,,,MSFT
2021-09-01,,,,,,,MSFT
2021-09-01,,,,,,,MSFT
2021-09-01,,,,,,,MSFT
2021-09-01,,,,,,,MSFT
2021-09-01,,,,,,,MSFT
2021-09-01,,,,,,,MSFT
2021-09-01,,,,,,,MSFT
2021-09-01,302.8699951171875,305.19000244140625,301.489990234375,301.8299865722656,292.057861328125,18983800.0,MSFT
2021-09-01,,,,,,,MSFT
2021-09-01,,,,,,,MSFT
2021-09-01,,,,,,,MSFT
2021-09-01,,,,,,,MSFT
2021-09-01,,,,,,,MSFT
2021-09-01,,,,,,,MSFT
2021-09-01,,,,,,,MSFT
2021-09-01,,,,,,,NFLX
2021-09-01,,,,,,,NFLX
2021-09-01,,,,,,,NFLX
2021-09-01,,,,,,,NFLX
2021-09-01,,,,,,,NFLX
2021-09-01,,,,,,,NFLX
2021-09-01,,,,,,,NFLX
2021-09-01,,,,,,,NFLX
2021-09-01,,,,,,,NFLX
2021-09-01,,,,,,,NFLX
2021-09-01,,,,,,,NFLX
2021-09-01,,,,,,,NFLX
2021-09-01,,,,,,,NFLX
2021-09-01,569.0,591.0,569.0,582.0700073242188,582.0700073242188,5626200.0,NFLX
2021-09-01,,,,,,,NFLX
2021-09-01,,,,,,,NFLX
2021-09-01,,,,,,,NFLX
2021-09-01,,,,,,,NFLX
2021-09-01,,,,,,,NFLX
2021-09-01,,,,,,,NFLX
2021-09-01,,,,,,,NVDA
2021-09-01,,,,,,,NVDA
2021-09-01,,,,,,,NVDA
2021-09-01,,,,,,,NVDA
2021-09-01,,,,,,,NVDA
2021-09-01,,,,,,,NVDA
2021-09-01,,,,,,,NVDA
2021-09-01,,,,,,,NVDA
2021-09-01,,,,,,,NVDA
2021-09-01,,,,,,,NVDA
2021-09-01,,,,,,,NVDA
2021-09-01,,,,,,,NVDA
2021-09-01,,,,,,,NVDA
2021-09-01,,,,,,,NVDA
2021-09-01,22.485000610351562,22.69700050354004,22.35700035095215,22.44099998474121,22.3961181640625,201767000.0,NVDA
2021-09-01,,,,,,,NVDA
2021-09-01,,,,,,,NVDA
2021-09-01,,,,,,,NVDA
2021-09-01,,,,,,,NVDA
2021-09-01,,,,,,,NVDA
2021-09-01,,,,,,,PFE
2021-09-01,,,,,,,PFE
2021-09-01,,,,,,,PFE
2021-09-01,,,,,,,PFE
2021-09-01,,,,,,,PFE
2021-09-01,,,,,,,PFE
2021-09-01,,,,,,,PFE
2021-09-01,,,,,,,PFE
2021-09-01,,,,,,,PFE
2021-09-01,,,,,,,PFE
2021-09-01,,,,,,,PFE
2021-09-01,,,,,,,PFE
2021-09-01,,,,,,,PFE
2021-09-01,,,,,,,PFE
2021-09-01,,,,,,,PFE
2021-09-01,46.189998626708984,46.2599983215332,45.41999816894531,46.040000915527344,37.814903259277344,32900100.0,PFE
2021-09-01,,,,,,,PFE
2021-09-01,,,,,,,PFE
2021-09-01,,,,,,,PFE
2021-09-01,,,,,,,PFE
2021-09-01,,,,,,,PG
2021-09-01,,,,,,,PG
2021-09-01,,,,,,,PG
2021-09-01,,,,,,,PG
2021-09-01,,,,,,,PG
2021-09-01,,,,,,,PG
2021-09-01,,,,,,,PG
2021-09-01,,,,,,,PG
2021-09-01,,,,,,,PG
2021-09-01,,,,,,,PG
2021-09-01,,,,,,,PG
2021-09-01,,,,,,,PG
2021-09-01,,,,,,,PG
2021-09-01,,,,,,,PG
2021-09-01,,,,,,,PG
2021-09-01,,,,,,,PG
2021-09-01,142.3300018310547,144.19000244140625,142.22999572753906,143.83999633789062,130.2206573486328,6214200.0,PG
2021-09-01,,,,,,,PG
2021-09-01,,,,,,,PG
2021-09-01,,,,,,,PG
2021-09-01,,,,,,,TSLA
2021-09-01,,,,,,,TSLA
2021-09-01,,,,,,,TSLA
2021-09-01,,,,,,,TSLA
2021-09-01,,,,,,,TSLA
2021-09-01,,,,,,,TSLA
2021-09-01,,,,,,,TSLA
2021-09-01,,,,,,,TSLA
2021-09-01,,,,,,,TSLA
2021-09-01,,,,,,,TSLA
2021-09-01,,,,,,,TSLA
2021-09-01,,,,,,,TSLA
2021-09-01,,,,,,,TSLA
2021-09-01,,,,,,,TSLA
2021-09-01,,,,,,,TSLA
2021-09-01,,,,,,,TSLA
2021-09-01,,,,,,,TSLA
2021-09-01,244.69332885742188,247.3300018310547,243.7566680908203,244.69667053222656,244.69667053222656,39612900.0,TSLA
2021-09-01,,,,,,,TSLA
2021-09-01,,,,,,,TSLA
2021-09-01,,,,,,,UNH
2021-09-01,,,,,,,UNH
2021-09-01,,,,,,,UNH
2021-09-01,,,,,,,UNH
2021-09-01,,,,,,,UNH
2021-09-01,,,,,,,UNH
2021-09-01,,,,,,,UNH
2021-09-01,,,,,,,UNH
2021-09-01,,,,,,,UNH
2021-09-01,,,,,,,UNH
2021-09-01,,,,,,,UNH
2021-09-01,,,,,,,UNH
2021-09-01,,,,,,,UNH
2021-09-01,,,,,,,UNH
2021-09-01,,,,,,,UNH
2021-09-01,,,,,,,UNH
2021-09-01,,,,,,,UNH
2021-09-01,,,,,,,UNH
2021-09-01,416.5400085449219,419.8699951171875,411.239990234375,417.3500061035156,392.5338134765625,2034400.0,UNH
2021-09-01,,,,,,,UNH
2021-09-01,,,,,,,V
2021-09-01,,,,,,,V
2021-09-01,,,,,,,V
2021-09-01,,,,,,,V
2021-09-01,,,,,,,V
2021-09-01,,,,,,,V
2021-09-01,,,,,,,V
2021-09-01,,,,,,,V
2021-09-01,,,,,,,V
2021-09-01,,,,,,,V
2021-09-01,,,,,,,V
2021-09-01,,,,,,,V
2021-09-01,,,,,,,V
2021-09-01,,,,,,,V
2021-09-01,,,,,,,V
2021-09-01,,,,,,,V
2021-09-01,,,,,,,V
2021-09-01,,,,,,,V
2021-09-01,,,,,,,V
2021-09-01,229.10000610351562,230.77999877929688,228.77000427246094,230.1199951171875,223.33726501464844,8177600.0,V
2021-10-01,141.89999389648438,142.9199981689453,139.11000061035156,142.64999389648438,139.65065002441406,94639600.0,AAPL
2021-10-01,,,,,,,AAPL
2021-10-01,,,,,,,AAPL
2021-10-01,,,,,,,AAPL
2021-10-01,,,,,,,AAPL
2021-10-01,,,,,,,AAPL
2021-10-01,,,,,,,AAPL
2021-10-01,,,,,,,AAPL
2021-10-01,,,,,,,AAPL
2021-10-01,,,,,,,AAPL
2021-10-01,,,,,,,AAPL
2021-10-01,,,,,,,AAPL
2021-10-01,,,,,,,AAPL
2021-10-01,,,,,,,AAPL
2021-10-01,,,,,,,AAPL
2021-10-01,,,,,,,AAPL
2021-10-01,,,,,,,AAPL
2021-10-01,,,,,,,AAPL
2021-10-01,,,,,,,AAPL
2021-10-01,,,,,,,AAPL
2021-10-01,,,,,,,ADBE
2021-10-01,577.52001953125,581.469970703125,568.6099853515625,577.469970703125,577.469970703125,2915300.0,ADBE
2021-10-01,,,,,,,ADBE
2021-10-01,,,,,,,ADBE
2021-10-01,,,,,,,ADBE
2021-10-01,,,,,,,ADBE
2021-10-01,,,,,,,ADBE
2021-10-01,,,,,,,ADBE
2021-10-01,,,,,,,ADBE
2021-10-01,,,,,,,ADBE
2021-10-01,,,,,,,ADBE
2021-10-01,,,,,,,ADBE
2021-10-01,,,,,,,ADBE
2021-10-01,,,,,,,ADBE
2021-10-01,,,,,,,ADBE
2021-10-01,,,,,,,ADBE
2021-10-01,,,,,,,ADBE
2021-10-01,,,,,,,ADBE
2021-10-01,,,,,,,ADBE
2021-10-01,,,,,,,ADBE
2021-10-01,,,,,,,AMZN
2021-10-01,,,,,,,AMZN
2021-10-01,164.45050048828125,165.45849609375,162.7969970703125,164.16299438476562,164.16299438476562,56712000.0,AMZN
2021-10-01,,,,,,,AMZN
2021-10-01,,,,,,,AMZN
2021-10-01,,,,,,,AMZN
2021-10-01,,,,,,,AMZN
2021-10-01,,,,,,,AMZN
2021-10-01,,,,,,,AMZN
2021-10-01,,,,,,,AMZN
2021-10-01,,,,,,,AMZN
2021-10-01,,,,,,,AMZN
2021-10-01,,,,,,,AMZN
2021-10-01,,,,,,,AMZN
2021-10-01,,,,,,,AMZN
2021-10-01,,,,,,,AMZN
2021-10-01,,,,,,,AMZN
2021-10-01,,,,,,,AMZN
2021-10-01,,,,,,,AMZN
2021-10-01,,,,,,,AMZN
2021-10-01,,,,,,,BAC
2021-10-01,,,,,,,BAC
2021-10-01,,,,,,,BAC
2021-10-01,42.47999954223633,43.43000030517578,42.38999938964844,43.08000183105469,38.92887496948242,40987100.0,BAC
2021-10-01,,,,,,,BAC
2021-10-01,,,,,,,BAC
2021-10-01,,,,,,,BAC
2021-10-01,,,,,,,BAC
2021-10-01,,,,,,,BAC
2021-10-01,,,,,,,BAC
2021-10-01,,,,,,,BAC
2021-10-01,,,,,,,BAC
2021-10-01,,,,,,,BAC
2021-10-01,,,,,,,BAC
2021-10-01,,,,,,,BAC
2021-10-01,,,,,,,BAC
2021-10-01,,,,,,,BAC
2021-10-01,,,,,,,BAC
2021-10-01,,,,,,,BAC
2021-10-01,,,,,,,BAC
2021-10-01,,,,,,,CRM
2021-10-01,,,,,,,CRM
2021-10-01,,,,,,,CRM
2021-10-01,,,,,,,CRM
2021-10-01,271.5,276.3399963378906,268.7699890136719,275.260009765625,272.8689880371094,4756000.0,CRM
2021-10-01,,,,,,,CRM
2021-10-01,,,,,,,CRM
2021-10-01,,,,,,,CRM
2021-10-01,,,,,,,CRM
2021-10-01,,,,,,,CRM
2021-10-01,,,,,,,CRM
2021-10-01,,,,,,,CRM
2021-10-01,,,,,,,CRM
2021-10-01,,,,,,,CRM
2021-10-01,,,,,,,CRM
2021-10-01,,,,,,,CRM
2021-10-01,,,,,,,CRM
2021-10-01,,,,,,,CRM
2021-10-01,,,,,,,CRM
2021-10-01,,,,,,,CRM
2021-10-01,,,,,,,DIS
2021-10-01,,,,,,,DIS
2021-10-01,,,,,,,DIS
2021-10-01,,,,,,,DIS
2021-10-01,,,,,,,DIS
2021-10-01,172.27999877929688,177.32000732421875,171.97000122070312,176.00999450683594,173.12388610839844,12165000.0,DIS
2021-10-01,,,,,,,DIS
2021-10-01,,,,,,,DIS
2021-10-01,,,,,,,DIS
2021-10-01,,,,,,,DIS
2021-10-01,,,,,,,DIS
2021-10-01,,,,,,,DIS
2021-10-01,,,,,,,DIS
2021-10-01,,,,,,,DIS
2021-10-01,,,,,,,DIS
2021-10-01,,,,,,,DIS
2021-10-01,,,,,,,DIS
2021-10-01,,,,,,,DIS
2021-10-01,,,,,,,DIS
2021-10-01,,,,,,,DIS
2021-10-01,,,,,,,GOOGL
2021-10-01,,,,,,,GOOGL
2021-10-01,,,,,,,GOOGL
2021-10-01,,,,,,,GOOGL
2021-10-01,,,,,,,GOOGL
2021-10-01,,,,,,,GOOGL
2021-10-01,134.44749450683594,136.91050720214844,134.072998046875,136.54299926757812,135.60769653320312,35360000.0,GOOGL
2021-10-01,,,,,,,GOOGL
2021-10-01,,,,,,,GOOGL
2021-10-01,,,,,,,GOOGL
2021-10-01,,,,,,,GOOGL
2021-10-01,,,,,,,GOOGL
2021-10-01,,,,,,,GOOGL
2021-10-01,,,,,,,GOOGL
2021-10-01,,,,,,,GOOGL
2021-10-01,,,,,,,GOOGL
2021-10-01,,,,,,,GOOGL
2021-10-01,,,,,,,GOOGL
2021-10-01,,,,,,,GOOGL
2021-10-01,,,,,,,GOOGL
2021-10-01,,,,,,,HD
2021-10-01,,,,,,,HD
2021-10-01,,,,,,,HD
2021-10-01,,,,,,,HD
2021-10-01,,,,,,,HD
2021-10-01,,,,,,,HD
2021-10-01,,,,,,,HD
2021-10-01,328.1499938964844,332.7300109863281,324.5799865722656,329.8599853515625,298.8284912109375,2814200.0,HD
2021-10-01,,,,,,,HD
2021-10-01,,,,,,,HD
2021-10-01,,,,,,,HD
2021-10-01,,,,,,,HD
2021-10-01,,,,,,,HD
2021-10-01,,,,,,,HD
2021-10-01,,,,,,,HD
2021-10-01,,,,,,,HD
2021-10-01,,,,,,,HD
2021-10-01,,,,,,,HD
2021-10-01,,,,,,,HD
2021-10-01,,,,,,,HD
2021-10-01,,,,,,,JNJ
2021-10-01,,,,,,,JNJ
2021-10-01,,,,,,,JNJ
2021-10-01,,,,,,,JNJ
2021-10-01,,,,,,,JNJ
2021-10-01,,,,,,,JNJ
2021-10-01,,,,,,,JNJ
2021-10-01,,,,,,,JNJ
2021-10-01,161.52999877929688,161.89999389648438,158.6199951171875,160.47000122070312,142.7021484375,8568300.0,JNJ
2021-10-01,,,,,,,JNJ
2021-10-01,,,,,,,JNJ
2021-10-01,,,,,,,JNJ
2021-10-01,,,,,,,JNJ
2021-10-01,,,,,,,JNJ
2021-10-01,,,,,,,JNJ
2021-10-01,,,,,,,JNJ
2021-10-01,,,,,,,JNJ
2021-10-01,,,,,,,JNJ
2021-10-01,,,,,,,JNJ
2021-10-01,,,,,,,JNJ
2021-10-01,,,,,,,JPM
2021-10-01,,,,,,,JPM
2021-10-01,,,,,,,JPM
2021-10-01,,,,,,,JPM
2021-10-01,,,,,,,JPM
2021-10-01,,,,,,,JPM
2021-10-01,,,,,,,JPM
2021-10-01,,,,,,,JPM
2021-10-01,,,,,,,JPM
2021-10-01,164.0,168.3000030517578,163.60000610351562,167.1300048828125,150.2978973388672,11285000.0,JPM
2021-10-01,,,,,,,JPM
2021-10-01,,,,,,,JPM
2021-10-01,,,,,,,JPM
2021-10-01,,,,,,,JPM
2021-10-01,,,,,,,JPM
2021-10-01,,,,,,,JPM
2021-10-01,,,,,,,JPM
2021-10-01,,,,,,,JPM
2021-10-01,,,,,,,JPM
2021-10-01,,,,,,,JPM
2021-10-01,,,,,,,MA
2021-10-01,,,,,,,MA
2021-10-01,,,,,,,MA
2021-10-01,,,,,,,MA
2021-10-01,,,,,,,MA
2021-10-01,,,,,,,MA
2021-10-01,,,,,,,MA
2021-10-01,,,,,,,MA
2021-10-01,,,,,,,MA
2021-10-01,,,,,,,MA
2021-10-01,349.8299865722656,363.17999267578125,347.1600036621094,360.17999267578125,351.86187744140625,5227300.0,MA
2021-10-01,,,,,,,MA
2021-10-01,,,,,,,MA
2021-10-01,,,,,,,MA
2021-10-01,,,,,,,MA
2021-10-01,,,,,,,MA
2021-10-01,,,,,,,MA
2021-10-01,,,,,,,MA
2021-10-01,,,,,,,MA
2021-10-01,,,,,,,MA
2021-10-01,,,,,,,META
2021-10-01,,,,,,,META
2021-10-01,,,,,,,META
2021-10-01,,,,,,,META
2021-10-01,,,,,,,META
2021-10-01,,,,,,,META
2021-10-01,,,,,,,META
2021-10-01,,,,,,,META
2021-10-01,,,,,,,META
2021-10-01,,,,,,,META
2021-10-01,,,,,,,META
2021-10-01,341.6099853515625,345.0199890136719,338.6400146484375,343.010009765625,341.13848876953125,14905300.0,META
2021-10-01,,,,,,,META
2021-10-01,,,,,,,META
2021-10-01,,,,,,,META
2021-10-01,,,,,,,META
2021-10-01,,,,,,,META
2021-10-01,,,,,,,META
2021-10-01,,,,,,,META
2021-10-01,,,,,,,META
2021-10-01,,,,,,,MSFT
2021-10-01,,,,,,,MSFT
2021-10-01,,,,,,,MSFT
2021-10-01,,,,,,,MSFT
2021-10-01,,,,,,,MSFT
2021-10-01,,,,,,,MSFT
2021-10-01,,,,,,,MSFT
2021-10-01,,,,,,,MSFT
2021-10-01,,,,,,,MSFT
2021-10-01,,,,,,,MSFT
2021-10-01,,,,,,,MSFT
2021-10-01,,,,,,,MSFT
2021-10-01,282.1199951171875,289.9800109863281,281.2900085449219,289.1000061035156,279.7400207519531,30086300.0,MSFT
2021-10-01,,,,,,,MSFT
2021-10-01,,,,,,,MSFT
2021-10-01,,,,,,,MSFT
2021-10-01,,,,,,,MSFT
2021-10-01,,,,,,,MSFT
2021-10-01,,,,,,,MSFT
2021-10-01,,,,,,,MSFT
2021-10-01,,,,,,,NFLX
2021-10-01,,,,,,,NFLX
2021-10-01,,,,,,,NFLX
2021-10-01,,,,,,,NFLX
2021-10-01,,,,,,,NFLX
2021-10-01,,,,,,,NFLX
2021-10-01,,,,,,,NFLX
2021-10-01,,,,,,,NFLX
2021-10-01,,,,,,,NFLX
2021-10-01,,,,,,,NFLX
2021-10-01,,,,,,,NFLX
2021-10-01,,,,,,,NFLX
2021-10-01,,,,,,,NFLX
2021-10-01,604.239990234375,614.989990234375,597.510009765625,613.1500244140625,613.1500244140625,4090800.0,NFLX
2021-10-01,,,,,,,NFLX
2021-10-01,,,,,,,NFLX
2021-10-01,,,,,,,NFLX
2021-10-01,,,,,,,NFLX
2021-10-01,,,,,,,NFLX
2021-10-01,,,,,,,NFLX
2021-10-01,,,,,,,NVDA
2021-10-01,,,,,,,NVDA
2021-10-01,,,,,,,NVDA
2021-10-01,,,,,,,NVDA
2021-10-01,,,,,,,NVDA
2021-10-01,,,,,,,NVDA
2021-10-01,,,,,,,NVDA
2021-10-01,,,,,,,NVDA
2021-10-01,,,,,,,NVDA
2021-10-01,,,,,,,NVDA
2021-10-01,,,,,,,NVDA
2021-10-01,,,,,,,NVDA
2021-10-01,,,,,,,NVDA
2021-10-01,,,,,,,NVDA
2021-10-01,20.75,20.858999252319336,20.202999114990234,20.742000579833984,20.700517654418945,240978000.0,NVDA
2021-10-01,,,,,,,NVDA
2021-10-01,,,,,,,NVDA
2021-10-01,,,,,,,NVDA
2021-10-01,,,,,,,NVDA
2021-10-01,,,,,,,NVDA
2021-10-01,,,,,,,PFE
2021-10-01,,,,,,,PFE
2021-10-01,,,,,,,PFE
2021-10-01,,,,,,,PFE
2021-10-01,,,,,,,PFE
2021-10-01,,,,,,,PFE
2021-10-01,,,,,,,PFE
2021-10-01,,,,,,,PFE
2021-10-01,,,,,,,PFE
2021-10-01,,,,,,,PFE
2021-10-01,,,,,,,PFE
2021-10-01,,,,,,,PFE
2021-10-01,,,,,,,PFE
2021-10-01,,,,,,,PFE
2021-10-01,,,,,,,PFE
2021-10-01,42.52000045776367,43.099998474121094,41.70000076293945,42.93000030517578,35.26050567626953,38483000.0,PFE
2021-10-01,,,,,,,PFE
2021-10-01,,,,,,,PFE
2021-10-01,,,,,,,PFE
2021-10-01,,,,,,,PFE
2021-10-01,,,,,,,PG
2021-10-01,,,,,,,PG
2021-10-01,,,,,,,PG
2021-10-01,,,,,,,PG
2021-10-01,,,,,,,PG
2021-10-01,,,,,,,PG
2021-10-01,,,,,,,PG
2021-10-01,,,,,,,PG
2021-10-01,,,,,,,PG
2021-10-01,,,,,,,PG
2021-10-01,,,,,,,PG
2021-10-01,,,,,,,PG
2021-10-01,,,,,,,PG
2021-10-01,,,,,,,PG
2021-10-01,,,,,,,PG
2021-10-01,,,,,,,PG
2021-10-01,139.92999267578125,140.22999572753906,138.32000732421875,139.5800018310547,126.36404418945312,5587200.0,PG
2021-10-01,,,,,,,PG
2021-10-01,,,,,,,PG
2021-10-01,,,,,,,PG
2021-10-01,,,,,,,TSLA
2021-10-01,,,,,,,TSLA
2021-10-01,,,,,,,TSLA
2021-10-01,,,,,,,TSLA
2021-10-01,,,,,,,TSLA
2021-10-01,,,,,,,TSLA
2021-10-01,,,,,,,TSLA
2021-10-01,,,,,,,TSLA
2021-10-01,,,,,,,TSLA
2021-10-01,,,,,,,TSLA
2021-10-01,,,,,,,TSLA
2021-10-01,,,,,,,TSLA
2021-10-01,,,,,,,TSLA
2021-10-01,,,,,,,TSLA
2021-10-01,,,,,,,TSLA
2021-10-01,,,,,,,TSLA
2021-10-01,,,,,,,TSLA
2021-10-01,259.4666748046875,260.260009765625,254.52999877929688,258.40667724609375,258.40667724609375,51094200.0,TSLA
2021-10-01,,,,,,,TSLA
2021-10-01,,,,,,,TSLA
2021-10-01,,,,,,,UNH
2021-10-01,,,,,,,UNH
2021-10-01,,,,,,,UNH
2021-10-01,,,,,,,UNH
2021-10-01,,,,,,,UNH
2021-10-01,,,,,,,UNH
2021-10-01,,,,,,,UNH
2021-10-01,,,,,,,UNH
2021-10-01,,,,,,,UNH
2021-10-01,,,,,,,UNH
2021-10-01,,,,,,,UNH
2021-10-01,,,,,,,UNH
2021-10-01,,,,,,,UNH
2021-10-01,,,,,,,UNH
2021-10-01,,,,,,,UNH
2021-10-01,,,,,,,UNH
2021-10-01,,,,,,,UNH
2021-10-01,,,,,,,UNH
2021-10-01,391.6000061035156,393.69000244140625,383.1199951171875,392.42999267578125,370.39111328125,3146600.0,UNH
2021-10-01,,,,,,,UNH
2021-10-01,,,,,,,V
2021-10-01,,,,,,,V
2021-10-01,,,,,,,V
2021-10-01,,,,,,,V
2021-10-01,,,,,,,V
2021-10-01,,,,,,,V
2021-10-01,,,,,,,V
2021-10-01,,,,,,,V
2021-10-01,,,,,,,V
2021-10-01,,,,,,,V
2021-10-01,,,,,,,V
2021-10-01,,,,,,,V
2021-10-01,,,,,,,V
2021-10-01,,,,,,,V
2021-10-01,,,,,,,V
2021-10-01,,,,,,,V
2021-10-01,,,,,,,V
2021-10-01,,,,,,,V
2021-10-01,,,,,,,V
2021-10-01,224.1699981689453,231.55999755859375,223.47000122070312,230.4600067138672,223.66726684570312,7925400.0,V
2021-11-01,148.99000549316406,149.6999969482422,147.8000030517578,148.9600067138672,145.82798767089844,74588300.0,AAPL
2021-11-01,,,,,,,AAPL
2021-11-01,,,,,,,AAPL
2021-11-01,,,,,,,AAPL
2021-11-01,,,,,,,AAPL
2021-11-01,,,,,,,AAPL
2021-11-01,,,,,,,AAPL
2021-11-01,,,,,,,AAPL
2021-11-01,,,,,,,AAPL
2021-11-01,,,,,,,AAPL
2021-11-01,,,,,,,AAPL
2021-11-01,,,,,,,AAPL
2021-11-01,,,,,,,AAPL
2021-11-01,,,,,,,AAPL
2021-11-01,,,,,,,AAPL
2021-11-01,,,,,,,AAPL
2021-11-01,,,,,,,AAPL
2021-11-01,,,,,,,AAPL
2021-11-01,,,,,,,AAPL
2021-11-01,,,,,,,AAPL
2021-11-01,,,,,,,ADBE
2021-11-01,651.0499877929688,654.0,634.780029296875,640.2000122070312,640.2000122070312,2215800.0,ADBE
2021-11-01,,,,,,,ADBE
2021-11-01,,,,,,,ADBE
2021-11-01,,,,,,,ADBE
2021-11-01,,,,,,,ADBE
2021-11-01,,,,,,,ADBE
2021-11-01,,,,,,,ADBE
2021-11-01,,,,,,,ADBE
2021-11-01,,,,,,,ADBE
2021-11-01,,,,,,,ADBE
2021-11-01,,,,,,,ADBE
2021-11-01,,,,,,,ADBE
2021-11-01,,,,,,,ADBE
2021-11-01,,,,,,,ADBE
2021-11-01,,,,,,,ADBE
2021-11-01,,,,,,,ADBE
2021-11-01,,,,,,,ADBE
2021-11-01,,,,,,,ADBE
2021-11-01,,,,,,,ADBE
2021-11-01,,,,,,,AMZN
2021-11-01,,,,,,,AMZN
2021-11-01,168.08999633789062,168.79299926757812,164.6009979248047,165.90550231933594,165.90550231933594,72178000.0,AMZN
2021-11-01,,,,,,,AMZN
2021-11-01,,,,,,,AMZN
2021-11-01,,,,,,,AMZN
2021-11-01,,,,,,,AMZN
2021-11-01,,,,,,,AMZN
2021-11-01,,,,,,,AMZN
2021-11-01,,,,,,,AMZN
2021-11-01,,,,,,,AMZN
2021-11-01,,,,,,,AMZN
2021-11-01,,,,,,,AMZN
2021-11-01,,,,,,,AMZN
2021-11-01,,,,,,,AMZN
2021-11-01,,,,,,,AMZN
2021-11-01,,,,,,,AMZN
2021-11-01,,,,,,,AMZN
2021-11-01,,,,,,,AMZN
2021-11-01,,,,,,,AMZN
2021-11-01,,,,,,,BAC
2021-11-01,,,,,,,BAC
2021-11-01,,,,,,,BAC
2021-11-01,48.099998474121094,48.16999816894531,47.279998779296875,47.849998474121094,43.2392463684082,36937200.0,BAC
2021-11-01,,,,,,,BAC
2021-11-01,,,,,,,BAC
2021-11-01,,,,,,,BAC
2021-11-01,,,,,,,BAC
2021-11-01,,,,,,,BAC
2021-11-01,,,,,,,BAC
2021-11-01,,,,,,,BAC
2021-11-01,,,,,,,BAC
2021-11-01,,,,,,,BAC
2021-11-01,,,,,,,BAC
2021-11-01,,,,,,,BAC
2021-11-01,,,,,,,BAC
2021-11-01,,,,,,,BAC
2021-11-01,,,,,,,BAC
2021-11-01,,,,,,,BAC
2021-11-01,,,,,,,BAC
2021-11-01,,,,,,,CRM
2021-11-01,,,,,,,CRM
2021-11-01,,,,,,,CRM
2021-11-01,,,,,,,CRM
2021-11-01,301.5,304.8599853515625,299.7200012207031,302.760009765625,300.130126953125,3825100.0,CRM
2021-11-01,,,,,,,CRM
2021-11-01,,,,,,,CRM
2021-11-01,,,,,,,CRM
2021-11-01,,,,,,,CRM
2021-11-01,,,,,,,CRM
2021-11-01,,,,,,,CRM
2021-11-01,,,,,,,CRM
2021-11-01,,,,,,,CRM
2021-11-01,,,,,,,CRM
2021-11-01,,,,,,,CRM
2021-11-01,,,,,,,CRM
2021-11-01,,,,,,,CRM
2021-11-01,,,,,,,CRM
2021-11-01,,,,,,,CRM
2021-11-01,,,,,,,CRM
2021-11-01,,,,,,,DIS
2021-11-01,,,,,,,DIS
2021-11-01,,,,,,,DIS
2021-11-01,,,,,,,DIS
2021-11-01,,,,,,,DIS
2021-11-01,169.2100067138672,171.25,169.08999633789062,170.19000244140625,167.3993377685547,8182900.0,DIS
2021-11-01,,,,,,,DIS
2021-11-01,,,,,,,DIS
2021-11-01,,,,,,,DIS
2021-11-01,,,,,,,DIS
2021-11-01,,,,,,,DIS
2021-11-01,,,,,,,DIS
2021-11-01,,,,,,,DIS
2021-11-01,,,,,,,DIS
2021-11-01,,,,,,,DIS
2021-11-01,,,,,,,DIS
2021-11-01,,,,,,,DIS
2021-11-01,,,,,,,DIS
2021-11-01,,,,,,,DIS
2021-11-01,,,,,,,DIS
2021-11-01,,,,,,,GOOGL
2021-11-01,,,,,,,GOOGL
2021-11-01,,,,,,,GOOGL
2021-11-01,,,,,,,GOOGL
2021-11-01,,,,,,,GOOGL
2021-11-01,,,,,,,GOOGL
2021-11-01,148.04600524902344,148.04600524902344,143.22549438476562,143.4969940185547,142.51405334472656,46924000.0,GOOGL
2021-11-01,,,,,,,GOOGL
2021-11-01,,,,,,,GOOGL
2021-11-01,,,,,,,GOOGL
2021-11-01,,,,,,,GOOGL
2021-11-01,,,,,,,GOOGL
2021-11-01,,,,,,,GOOGL
2021-11-01,,,,,,,GOOGL
2021-11-01,,,,,,,GOOGL
2021-11-01,,,,,,,GOOGL
2021-11-01,,,,,,,GOOGL
2021-11-01,,,,,,,GOOGL
2021-11-01,,,,,,,GOOGL
2021-11-01,,,,,,,GOOGL
2021-11-01,,,,,,,HD
2021-11-01,,,,,,,HD
2021-11-01,,,,,,,HD
2021-11-01,,,,,,,HD
2021-11-01,,,,,,,HD
2021-11-01,,,,,,,HD
2021-11-01,,,,,,,HD
2021-11-01,373.0,373.57000732421875,364.70001220703125,366.4800109863281,332.0035400390625,3380500.0,HD
2021-11-01,,,,,,,HD
2021-11-01,,,,,,,HD
2021-11-01,,,,,,,HD
2021-11-01,,,,,,,HD
2021-11-01,,,,,,,HD
2021-11-01,,,,,,,HD
2021-11-01,,,,,,,HD
2021-11-01,,,,,,,HD
2021-11-01,,,,,,,HD
2021-11-01,,,,,,,HD
2021-11-01,,,,,,,HD
2021-11-01,,,,,,,HD
2021-11-01,,,,,,,JNJ
2021-11-01,,,,,,,JNJ
2021-11-01,,,,,,,JNJ
2021-11-01,,,,,,,JNJ
2021-11-01,,,,,,,JNJ
2021-11-01,,,,,,,JNJ
2021-11-01,,,,,,,JNJ
2021-11-01,,,,,,,JNJ
2021-11-01,163.16000366210938,163.97999572753906,159.39999389648438,163.02000427246094,144.96978759765625,5846400.0,JNJ
2021-11-01,,,,,,,JNJ
2021-11-01,,,,,,,JNJ
2021-11-01,,,,,,,JNJ
2021-11-01,,,,,,,JNJ
2021-11-01,,,,,,,JNJ
2021-11-01,,,,,,,JNJ
2021-11-01,,,,,,,JNJ
2021-11-01,,,,,,,JNJ
2021-11-01,,,,,,,JNJ
2021-11-01,,,,,,,JNJ
2021-11-01,,,,,,,JNJ
2021-11-01,,,,,,,JPM
2021-11-01,,,,,,,JPM
2021-11-01,,,,,,,JPM
2021-11-01,,,,,,,JPM
2021-11-01,,,,,,,JPM
2021-11-01,,,,,,,JPM
2021-11-01,,,,,,,JPM
2021-11-01,,,,,,,JPM
2021-11-01,,,,,,,JPM
2021-11-01,172.0399932861328,172.3300018310547,169.00999450683594,169.8000030517578,153.619140625,7435500.0,JPM
2021-11-01,,,,,,,JPM
2021-11-01,,,,,,,JPM
2021-11-01,,,,,,,JPM
2021-11-01,,,,,,,JPM
2021-11-01,,,,,,,JPM
2021-11-01,,,,,,,JPM
2021-11-01,,,,,,,JPM
2021-11-01,,,,,,,JPM
2021-11-01,,,,,,,JPM
2021-11-01,,,,,,,JPM
2021-11-01,,,,,,,MA
2021-11-01,,,,,,,MA
2021-11-01,,,,,,,MA
2021-11-01,,,,,,,MA
2021-11-01,,,,,,,MA
2021-11-01,,,,,,,MA
2021-11-01,,,,,,,MA
2021-11-01,,,,,,,MA
2021-11-01,,,,,,,MA
2021-11-01,,,,,,,MA
2021-11-01,335.25,340.8999938964844,332.8800048828125,334.04998779296875,326.74761962890625,5126200.0,MA
2021-11-01,,,,,,,MA
2021-11-01,,,,,,,MA
2021-11-01,,,,,,,MA
2021-11-01,,,,,,,MA
2021-11-01,,,,,,,MA
2021-11-01,,,,,,,MA
2021-11-01,,,,,,,MA
2021-11-01,,,,,,,MA
2021-11-01,,,,,,,MA
2021-11-01,,,,,,,META
2021-11-01,,,,,,,META
2021-11-01,,,,,,,META
2021-11-01,,,,,,,META
2021-11-01,,,,,,,META
2021-11-01,,,,,,,META
2021-11-01,,,,,,,META
2021-11-01,,,,,,,META
2021-11-01,,,,,,,META
2021-11-01,,,,,,,META
2021-11-01,,,,,,,META
2021-11-01,326.0400085449219,333.45001220703125,326.0,329.9800109863281,328.1795959472656,31518900.0,META
2021-11-01,,,,,,,META
2021-11-01,,,,,,,META
2021-11-01,,,,,,,META
2021-11-01,,,,,,,META
2021-11-01,,,,,,,META
2021-11-01,,,,,,,META
2021-11-01,,,,,,,META
2021-11-01,,,,,,,META
2021-11-01,,,,,,,MSFT
2021-11-01,,,,,,,MSFT
2021-11-01,,,,,,,MSFT
2021-11-01,,,,,,,MSFT
2021-11-01,,,,,,,MSFT
2021-11-01,,,,,,,MSFT
2021-11-01,,,,,,,MSFT
2021-11-01,,,,,,,MSFT
2021-11-01,,,,,,,MSFT
2021-11-01,,,,,,,MSFT
2021-11-01,,,,,,,MSFT
2021-11-01,,,,,,,MSFT
2021-11-01,331.3599853515625,331.489990234375,326.3699951171875,329.3699951171875,318.70623779296875,27073200.0,MSFT
2021-11-01,,,,,,,MSFT
2021-11-01,,,,,,,MSFT
2021-11-01,,,,,,,MSFT
2021-11-01,,,,,,,MSFT
2021-11-01,,,,,,,MSFT
2021-11-01,,,,,,,MSFT
2021-11-01,,,,,,,MSFT
2021-11-01,,,,,,,NFLX
2021-11-01,,,,,,,NFLX
2021-11-01,,,,,,,NFLX
2021-11-01,,,,,,,NFLX
2021-11-01,,,,,,,NFLX
2021-11-01,,,,,,,NFLX
2021-11-01,,,,,,,NFLX
2021-11-01,,,,,,,NFLX
2021-11-01,,,,,,,NFLX
2021-11-01,,,,,,,NFLX
2021-11-01,,,,,,,NFLX
2021-11-01,,,,,,,NFLX
2021-11-01,,,,,,,NFLX
2021-11-01,689.0599975585938,689.969970703125,676.5399780273438,681.1699829101562,681.1699829101562,3110900.0,NFLX
2021-11-01,,,,,,,NFLX
2021-11-01,,,,,,,NFLX
2021-11-01,,,,,,,NFLX
2021-11-01,,,,,,,NFLX
2021-11-01,,,,,,,NFLX
2021-11-01,,,,,,,NFLX
2021-11-01,,,,,,,NVDA
2021-11-01,,,,,,,NVDA
2021-11-01,,,,,,,NVDA
2021-11-01,,,,,,,NVDA
2021-11-01,,,,,,,NVDA
2021-11-01,,,,,,,NVDA
2021-11-01,,,,,,,NVDA
2021-11-01,,,,,,,NVDA
2021-11-01,,,,,,,NVDA
2021-11-01,,,,,,,NVDA
2021-11-01,,,,,,,NVDA
2021-11-01,,,,,,,NVDA
2021-11-01,,,,,,,NVDA
2021-11-01,,,,,,,NVDA
2021-11-01,25.64900016784668,25.893999099731445,25.226999282836914,25.82699966430664,25.775346755981445,265740000.0,NVDA
2021-11-01,,,,,,,NVDA
2021-11-01,,,,,,,NVDA
2021-11-01,,,,,,,NVDA
2021-11-01,,,,,,,NVDA
2021-11-01,,,,,,,NVDA
2021-11-01,,,,,,,PFE
2021-11-01,,,,,,,PFE
2021-11-01,,,,,,,PFE
2021-11-01,,,,,,,PFE
2021-11-01,,,,,,,PFE
2021-11-01,,,,,,,PFE
2021-11-01,,,,,,,PFE
2021-11-01,,,,,,,PFE
2021-11-01,,,,,,,PFE
2021-11-01,,,,,,,PFE
2021-11-01,,,,,,,PFE
2021-11-01,,,,,,,PFE
2021-11-01,,,,,,,PFE
2021-11-01,,,,,,,PFE
2021-11-01,,,,,,,PFE
2021-11-01,44.13999938964844,44.290000915527344,43.439998626708984,43.63999938964844,35.843658447265625,32681500.0,PFE
2021-11-01,,,,,,,PFE
2021-11-01,,,,,,,PFE
2021-11-01,,,,,,,PFE
2021-11-01,,,,,,,PFE
2021-11-01,,,,,,,PG
2021-11-01,,,,,,,PG
2021-11-01,,,,,,,PG
2021-11-01,,,,,,,PG
2021-11-01,,,,,,,PG
2021-11-01,,,,,,,PG
2021-11-01,,,,,,,PG
2021-11-01,,,,,,,PG
2021-11-01,,,,,,,PG
2021-11-01,,,,,,,PG
2021-11-01,,,,,,,PG
2021-11-01,,,,,,,PG
2021-11-01,,,,,,,PG
2021-11-01,,,,,,,PG
2021-11-01,,,,,,,PG
2021-11-01,,,,,,,PG
2021-11-01,143.36000061035156,143.8000030517578,142.49000549316406,142.63999938964844,129.93484497070312,5038900.0,PG
2021-11-01,,,,,,,PG
2021-11-01,,,,,,,PG
2021-11-01,,,,,,,PG
2021-11-01,,,,,,,TSLA
2021-11-01,,,,,,,TSLA
2021-11-01,,,,,,,TSLA
2021-11-01,,,,,,,TSLA
2021-11-01,,,,,,,TSLA
2021-11-01,,,,,,,TSLA
2021-11-01,,,,,,,TSLA
2021-11-01,,,,,,,TSLA
2021-11-01,,,,,,,TSLA
2021-11-01,,,,,,,TSLA
2021-11-01,,,,,,,TSLA
2021-11-01,,,,,,,TSLA
2021-11-01,,,,,,,TSLA
2021-11-01,,,,,,,TSLA
2021-11-01,,,,,,,TSLA
2021-11-01,,,,,,,TSLA
2021-11-01,,,,,,,TSLA
2021-11-01,381.6666564941406,403.25,372.88665771484375,402.86334228515625,402.86334228515625,168146100.0,TSLA
2021-11-01,,,,,,,TSLA
2021-11-01,,,,,,,TSLA
2021-11-01,,,,,,,UNH
2021-11-01,,,,,,,UNH
2021-11-01,,,,,,,UNH
2021-11-01,,,,,,,UNH
2021-11-01,,,,,,,UNH
2021-11-01,,,,,,,UNH
2021-11-01,,,,,,,UNH
2021-11-01,,,,,,,UNH
2021-11-01,,,,,,,UNH
2021-11-01,,,,,,,UNH
2021-11-01,,,,,,,UNH
2021-11-01,,,,,,,UNH
2021-11-01,,,,,,,UNH
2021-11-01,,,,,,,UNH
2021-11-01,,,,,,,UNH
2021-11-01,,,,,,,UNH
2021-11-01,,,,,,,UNH
2021-11-01,,,,,,,UNH
2021-11-01,461.82000732421875,465.760009765625,451.17999267578125,454.1099853515625,428.6072692871094,2203100.0,UNH
2021-11-01,,,,,,,UNH
2021-11-01,,,,,,,V
2021-11-01,,,,,,,V
2021-11-01,,,,,,,V
2021-11-01,,,,,,,V
2021-11-01,,,,,,,V
2021-11-01,,,,,,,V
2021-11-01,,,,,,,V
2021-11-01,,,,,,,V
2021-11-01,,,,,,,V
2021-11-01,,,,,,,V
2021-11-01,,,,,,,V
2021-11-01,,,,,,,V
2021-11-01,,,,,,,V
2021-11-01,,,,,,,V
2021-11-01,,,,,,,V
2021-11-01,,,,,,,V
2021-11-01,,,,,,,V
2021-11-01,,,,,,,V
2021-11-01,,,,,,,V
2021-11-01,213.49000549316406,215.25,211.4499969482422,212.4600067138672,206.1977996826172,13210300.0,V
2021-12-01,167.47999572753906,170.3000030517578,164.52999877929688,164.77000427246094,161.5409698486328,152052500.0,AAPL
2021-12-01,,,,,,,AAPL
2021-12-01,,,,,,,AAPL
2021-12-01,,,,,,,AAPL
2021-12-01,,,,,,,AAPL
2021-12-01,,,,,,,AAPL
2021-12-01,,,,,,,AAPL
2021-12-01,,,,,,,AAPL
2021-12-01,,,,,,,AAPL
2021-12-01,,,,,,,AAPL
2021-12-01,,,,,,,AAPL
2021-12-01,,,,,,,AAPL
2021-12-01,,,,,,,AAPL
2021-12-01,,,,,,,AAPL
2021-12-01,,,,,,,AAPL
2021-12-01,,,,,,,AAPL
2021-12-01,,,,,,,AAPL
2021-12-01,,,,,,,AAPL
2021-12-01,,,,,,,AAPL
2021-12-01,,,,,,,AAPL
2021-12-01,,,,,,,ADBE
2021-12-01,676.0,678.780029296875,656.280029296875,657.4099731445312,657.4099731445312,2831800.0,ADBE
2021-12-01,,,,,,,ADBE
2021-12-01,,,,,,,ADBE
2021-12-01,,,,,,,ADBE
2021-12-01,,,,,,,ADBE
2021-12-01,,,,,,,ADBE
2021-12-01,,,,,,,ADBE
2021-12-01,,,,,,,ADBE
2021-12-01,,,,,,,ADBE
2021-12-01,,,,,,,ADBE
2021-12-01,,,,,,,ADBE
2021-12-01,,,,,,,ADBE
2021-12-01,,,,,,,ADBE
2021-12-01,,,,,,,ADBE
2021-12-01,,,,,,,ADBE
2021-12-01,,,,,,,ADBE
2021-12-01,,,,,,,ADBE
2021-12-01,,,,,,,ADBE
2021-12-01,,,,,,,ADBE
2021-12-01,,,,,,,AMZN
2021-12-01,,,,,,,AMZN
2021-12-01,177.25,177.99400329589844,172.0800018310547,172.18600463867188,172.18600463867188,74916000.0,AMZN
2021-12-01,,,,,,,AMZN
2021-12-01,,,,,,,AMZN
2021-12-01,,,,,,,AMZN
2021-12-01,,,,,,,AMZN
2021-12-01,,,,,,,AMZN
2021-12-01,,,,,,,AMZN
2021-12-01,,,,,,,AMZN
2021-12-01,,,,,,,AMZN
2021-12-01,,,,,,,AMZN
2021-12-01,,,,,,,AMZN
2021-12-01,,,,,,,AMZN
2021-12-01,,,,,,,AMZN
2021-12-01,,,,,,,AMZN
2021-12-01,,,,,,,AMZN
2021-12-01,,,,,,,AMZN
2021-12-01,,,,,,,AMZN
2021-12-01,,,,,,,AMZN
2021-12-01,,,,,,,BAC
2021-12-01,,,,,,,BAC
2021-12-01,,,,,,,BAC
2021-12-01,45.220001220703125,45.70000076293945,43.810001373291016,43.84000015258789,39.615638732910156,60601600.0,BAC
2021-12-01,,,,,,,BAC
2021-12-01,,,,,,,BAC
2021-12-01,,,,,,,BAC
2021-12-01,,,,,,,BAC
2021-12-01,,,,,,,BAC
2021-12-01,,,,,,,BAC
2021-12-01,,,,,,,BAC
2021-12-01,,,,,,,BAC
2021-12-01,,,,,,,BAC
2021-12-01,,,,,,,BAC
2021-12-01,,,,,,,BAC
2021-12-01,,,,,,,BAC
2021-12-01,,,,,,,BAC
2021-12-01,,,,,,,BAC
2021-12-01,,,,,,,BAC
2021-12-01,,,,,,,BAC
2021-12-01,,,,,,,CRM
2021-12-01,,,,,,,CRM
2021-12-01,,,,,,,CRM
2021-12-01,,,,,,,CRM
2021-12-01,271.260009765625,276.94000244140625,251.4600067138672,251.5,249.3153533935547,30723100.0,CRM
2021-12-01,,,,,,,CRM
2021-12-01,,,,,,,CRM
2021-12-01,,,,,,,CRM
2021-12-01,,,,,,,CRM
2021-12-01,,,,,,,CRM
2021-12-01,,,,,,,CRM
2021-12-01,,,,,,,CRM
2021-12-01,,,,,,,CRM
2021-12-01,,,,,,,CRM
2021-12-01,,,,,,,CRM
2021-12-01,,,,,,,CRM
2021-12-01,,,,,,,CRM
2021-12-01,,,,,,,CRM
2021-12-01,,,,,,,CRM
2021-12-01,,,,,,,CRM
2021-12-01,,,,,,,DIS
2021-12-01,,,,,,,DIS
2021-12-01,,,,,,,DIS
2021-12-01,,,,,,,DIS
2021-12-01,,,,,,,DIS
2021-12-01,146.6999969482422,148.3699951171875,142.0399932861328,142.14999389648438,139.81910705566406,16469000.0,DIS
2021-12-01,,,,,,,DIS
2021-12-01,,,,,,,DIS
2021-12-01,,,,,,,DIS
2021-12-01,,,,,,,DIS
2021-12-01,,,,,,,DIS
2021-12-01,,,,,,,DIS
2021-12-01,,,,,,,DIS
2021-12-01,,,,,,,DIS
2021-12-01,,,,,,,DIS
2021-12-01,,,,,,,DIS
2021-12-01,,,,,,,DIS
2021-12-01,,,,,,,DIS
2021-12-01,,,,,,,DIS
2021-12-01,,,,,,,DIS
2021-12-01,,,,,,,GOOGL
2021-12-01,,,,,,,GOOGL
2021-12-01,,,,,,,GOOGL
2021-12-01,,,,,,,GOOGL
2021-12-01,,,,,,,GOOGL
2021-12-01,,,,,,,GOOGL
2021-12-01,144.0,145.95050048828125,140.91200256347656,141.05149841308594,140.0853271484375,34020000.0,GOOGL
2021-12-01,,,,,,,GOOGL
2021-12-01,,,,,,,GOOGL
2021-12-01,,,,,,,GOOGL
2021-12-01,,,,,,,GOOGL
2021-12-01,,,,,,,GOOGL
2021-12-01,,,,,,,GOOGL
2021-12-01,,,,,,,GOOGL
2021-12-01,,,,,,,GOOGL
2021-12-01,,,,,,,GOOGL
2021-12-01,,,,,,,GOOGL
2021-12-01,,,,,,,GOOGL
2021-12-01,,,,,,,GOOGL
2021-12-01,,,,,,,GOOGL
2021-12-01,,,,,,,HD
2021-12-01,,,,,,,HD
2021-12-01,,,,,,,HD
2021-12-01,,,,,,,HD
2021-12-01,,,,,,,HD
2021-12-01,,,,,,,HD
2021-12-01,,,,,,,HD
2021-12-01,402.0799865722656,410.25,400.2200012207031,400.4200134277344,364.2508850097656,3516200.0,HD
2021-12-01,,,,,,,HD
2021-12-01,,,,,,,HD
2021-12-01,,,,,,,HD
2021-12-01,,,,,,,HD
2021-12-01,,,,,,,HD
2021-12-01,,,,,,,HD
2021-12-01,,,,,,,HD
2021-12-01,,,,,,,HD
2021-12-01,,,,,,,HD
2021-12-01,,,,,,,HD
2021-12-01,,,,,,,HD
2021-12-01,,,,,,,HD
2021-12-01,,,,,,,JNJ
2021-12-01,,,,,,,JNJ
2021-12-01,,,,,,,JNJ
2021-12-01,,,,,,,JNJ
2021-12-01,,,,,,,JNJ
2021-12-01,,,,,,,JNJ
2021-12-01,,,,,,,JNJ
2021-12-01,,,,,,,JNJ
2021-12-01,156.8800048828125,160.0800018310547,156.25,158.0800018310547,141.49752807617188,9835800.0,JNJ
2021-12-01,,,,,,,JNJ
2021-12-01,,,,,,,JNJ
2021-12-01,,,,,,,JNJ
2021-12-01,,,,,,,JNJ
2021-12-01,,,,,,,JNJ
2021-12-01,,,,,,,JNJ
2021-12-01,,,,,,,JNJ
2021-12-01,,,,,,,JNJ
2021-12-01,,,,,,,JNJ
2021-12-01,,,,,,,JNJ
2021-12-01,,,,,,,JNJ
2021-12-01,,,,,,,JPM
2021-12-01,,,,,,,JPM
2021-12-01,,,,,,,JPM
2021-12-01,,,,,,,JPM
2021-12-01,,,,,,,JPM
2021-12-01,,,,,,,JPM
2021-12-01,,,,,,,JPM
2021-12-01,,,,,,,JPM
2021-12-01,,,,,,,JPM
2021-12-01,161.0,163.27000427246094,157.8000030517578,157.88999938964844,142.84413146972656,12253400.0,JPM
2021-12-01,,,,,,,JPM
2021-12-01,,,,,,,JPM
2021-12-01,,,,,,,JPM
2021-12-01,,,,,,,JPM
2021-12-01,,,,,,,JPM
2021-12-01,,,,,,,JPM
2021-12-01,,,,,,,JPM
2021-12-01,,,,,,,JPM
2021-12-01,,,,,,,JPM
2021-12-01,,,,,,,JPM
2021-12-01,,,,,,,MA
2021-12-01,,,,,,,MA
2021-12-01,,,,,,,MA
2021-12-01,,,,,,,MA
2021-12-01,,,,,,,MA
2021-12-01,,,,,,,MA
2021-12-01,,,,,,,MA
2021-12-01,,,,,,,MA
2021-12-01,,,,,,,MA
2021-12-01,,,,,,,MA
2021-12-01,320.7799987792969,322.0199890136719,306.0,306.2799987792969,299.5847473144531,8008800.0,MA
2021-12-01,,,,,,,MA
2021-12-01,,,,,,,MA
2021-12-01,,,,,,,MA
2021-12-01,,,,,,,MA
2021-12-01,,,,,,,MA
2021-12-01,,,,,,,MA
2021-12-01,,,,,,,MA
2021-12-01,,,,,,,MA
2021-12-01,,,,,,,MA
2021-12-01,,,,,,,META
2021-12-01,,,,,,,META
2021-12-01,,,,,,,META
2021-12-01,,,,,,,META
2021-12-01,,,,,,,META
2021-12-01,,,,,,,META
2021-12-01,,,,,,,META
2021-12-01,,,,,,,META
2021-12-01,,,,,,,META
2021-12-01,,,,,,,META
2021-12-01,,,,,,,META
2021-12-01,330.2900085449219,330.5,310.2900085449219,310.6000061035156,308.90533447265625,30329600.0,META
2021-12-01,,,,,,,META
2021-12-01,,,,,,,META
2021-12-01,,,,,,,META
2021-12-01,,,,,,,META
2021-12-01,,,,,,,META
2021-12-01,,,,,,,META
2021-12-01,,,,,,,META
2021-12-01,,,,,,,META
2021-12-01,,,,,,,MSFT
2021-12-01,,,,,,,MSFT
2021-12-01,,,,,,,MSFT
2021-12-01,,,,,,,MSFT
2021-12-01,,,,,,,MSFT
2021-12-01,,,,,,,MSFT
2021-12-01,,,,,,,MSFT
2021-12-01,,,,,,,MSFT
2021-12-01,,,,,,,MSFT
2021-12-01,,,,,,,MSFT
2021-12-01,,,,,,,MSFT
2021-12-01,,,,,,,MSFT
2021-12-01,335.1300048828125,339.2799987792969,329.3900146484375,330.0799865722656,319.9775085449219,33337600.0,MSFT
2021-12-01,,,,,,,MSFT
2021-12-01,,,,,,,MSFT
2021-12-01,,,,,,,MSFT
2021-12-01,,,,,,,MSFT
2021-12-01,,,,,,,MSFT
2021-12-01,,,,,,,MSFT
2021-12-01,,,,,,,MSFT
2021-12-01,,,,,,,NFLX
2021-12-01,,,,,,,NFLX
2021-12-01,,,,,,,NFLX
2021-12-01,,,,,,,NFLX
2021-12-01,,,,,,,NFLX
2021-12-01,,,,,,,NFLX
2021-12-01,,,,,,,NFLX
2021-12-01,,,,,,,NFLX
2021-12-01,,,,,,,NFLX
2021-12-01,,,,,,,NFLX
2021-12-01,,,,,,,NFLX
2021-12-01,,,,,,,NFLX
2021-12-01,,,,,,,NFLX
2021-12-01,649.47998046875,654.52001953125,617.0700073242188,617.77001953125,617.77001953125,3882800.0,NFLX
2021-12-01,,,,,,,NFLX
2021-12-01,,,,,,,NFLX
2021-12-01,,,,,,,NFLX
2021-12-01,,,,,,,NFLX
2021-12-01,,,,,,,NFLX
2021-12-01,,,,,,,NFLX
2021-12-01,,,,,,,NVDA
2021-12-01,,,,,,,NVDA
2021-12-01,,,,,,,NVDA
2021-12-01,,,,,,,NVDA
2021-12-01,,,,,,,NVDA
2021-12-01,,,,,,,NVDA
2021-12-01,,,,,,,NVDA
2021-12-01,,,,,,,NVDA
2021-12-01,,,,,,,NVDA
2021-12-01,,,,,,,NVDA
2021-12-01,,,,,,,NVDA
2021-12-01,,,,,,,NVDA
2021-12-01,,,,,,,NVDA
2021-12-01,,,,,,,NVDA
2021-12-01,33.21900177001953,33.28900146484375,31.3799991607666,31.434999465942383,31.375967025756836,484368000.0,NVDA
2021-12-01,,,,,,,NVDA
2021-12-01,,,,,,,NVDA
2021-12-01,,,,,,,NVDA
2021-12-01,,,,,,,NVDA
2021-12-01,,,,,,,NVDA
2021-12-01,,,,,,,PFE
2021-12-01,,,,,,,PFE
2021-12-01,,,,,,,PFE
2021-12-01,,,,,,,PFE
2021-12-01,,,,,,,PFE
2021-12-01,,,,,,,PFE
2021-12-01,,,,,,,PFE
2021-12-01,,,,,,,PFE
2021-12-01,,,,,,,PFE
2021-12-01,,,,,,,PFE
2021-12-01,,,,,,,PFE
2021-12-01,,,,,,,PFE
2021-12-01,,,,,,,PFE
2021-12-01,,,,,,,PFE
2021-12-01,,,,,,,PFE
2021-12-01,52.470001220703125,55.16999816894531,51.86000061035156,54.68000030517578,45.30559158325195,59810400.0,PFE
2021-12-01,,,,,,,PFE
2021-12-01,,,,,,,PFE
2021-12-01,,,,,,,PFE
2021-12-01,,,,,,,PFE
2021-12-01,,,,,,,PG
2021-12-01,,,,,,,PG
2021-12-01,,,,,,,PG
2021-12-01,,,,,,,PG
2021-12-01,,,,,,,PG
2021-12-01,,,,,,,PG
2021-12-01,,,,,,,PG
2021-12-01,,,,,,,PG
2021-12-01,,,,,,,PG
2021-12-01,,,,,,,PG
2021-12-01,,,,,,,PG
2021-12-01,,,,,,,PG
2021-12-01,,,,,,,PG
2021-12-01,,,,,,,PG
2021-12-01,,,,,,,PG
2021-12-01,,,,,,,PG
2021-12-01,144.85000610351562,147.8699951171875,144.85000610351562,146.39999389648438,133.3599395751953,8313500.0,PG
2021-12-01,,,,,,,PG
2021-12-01,,,,,,,PG
2021-12-01,,,,,,,PG
2021-12-01,,,,,,,TSLA
2021-12-01,,,,,,,TSLA
2021-12-01,,,,,,,TSLA
2021-12-01,,,,,,,TSLA
2021-12-01,,,,,,,TSLA
2021-12-01,,,,,,,TSLA
2021-12-01,,,,,,,TSLA
2021-12-01,,,,,,,TSLA
2021-12-01,,,,,,,TSLA
2021-12-01,,,,,,,TSLA
2021-12-01,,,,,,,TSLA
2021-12-01,,,,,,,TSLA
2021-12-01,,,,,,,TSLA
2021-12-01,,,,,,,TSLA
2021-12-01,,,,,,,TSLA
2021-12-01,,,,,,,TSLA
2021-12-01,,,,,,,TSLA
2021-12-01,386.8999938964844,390.9466552734375,363.586669921875,365.0,365.0,68450400.0,TSLA
2021-12-01,,,,,,,TSLA
2021-12-01,,,,,,,TSLA
2021-12-01,,,,,,,UNH
2021-12-01,,,,,,,UNH
2021-12-01,,,,,,,UNH
2021-12-01,,,,,,,UNH
2021-12-01,,,,,,,UNH
2021-12-01,,,,,,,UNH
2021-12-01,,,,,,,UNH
2021-12-01,,,,,,,UNH
2021-12-01,,,,,,,UNH
2021-12-01,,,,,,,UNH
2021-12-01,,,,,,,UNH
2021-12-01,,,,,,,UNH
2021-12-01,,,,,,,UNH
2021-12-01,,,,,,,UNH
2021-12-01,,,,,,,UNH
2021-12-01,,,,,,,UNH
2021-12-01,,,,,,,UNH
2021-12-01,,,,,,,UNH
2021-12-01,452.8900146484375,455.9200134277344,444.1400146484375,444.3399963378906,419.3858947753906,4325500.0,UNH
2021-12-01,,,,,,,UNH
2021-12-01,,,,,,,V
2021-12-01,,,,,,,V
2021-12-01,,,,,,,V
2021-12-01,,,,,,,V
2021-12-01,,,,,,,V
2021-12-01,,,,,,,V
2021-12-01,,,,,,,V
2021-12-01,,,,,,,V
2021-12-01,,,,,,,V
2021-12-01,,,,,,,V
2021-12-01,,,,,,,V
2021-12-01,,,,,,,V
2021-12-01,,,,,,,V
2021-12-01,,,,,,,V
2021-12-01,,,,,,,V
2021-12-01,,,,,,,V
2021-12-01,,,,,,,V
2021-12-01,,,,,,,V
2021-12-01,,,,,,,V
2021-12-01,196.02999877929688,196.80999755859375,190.10000610351562,190.16000366210938,184.87997436523438,13204900.0,V
2022-01-01,177.8300018310547,182.8800048828125,177.7100067138672,182.00999450683594,178.4431610107422,104487900.0,AAPL
2022-01-01,,,,,,,AAPL
2022-01-01,,,,,,,AAPL
2022-01-01,,,,,,,AAPL
2022-01-01,,,,,,,AAPL
2022-01-01,,,,,,,AAPL
2022-01-01,,,,,,,AAPL
2022-01-01,,,,,,,AAPL
2022-01-01,,,,,,,AAPL
2022-01-01,,,,,,,AAPL
2022-01-01,,,,,,,AAPL
2022-01-01,,,,,,,AAPL
2022-01-01,,,,,,,AAPL
2022-01-01,,,,,,,AAPL
2022-01-01,,,,,,,AAPL
2022-01-01,,,,,,,AAPL
2022-01-01,,,,,,,AAPL
2022-01-01,,,,,,,AAPL
2022-01-01,,,,,,,AAPL
2022-01-01,,,,,,,AAPL
2022-01-01,,,,,,,ADBE
2022-01-01,566.6500244140625,575.0,553.27001953125,564.3699951171875,564.3699951171875,2862700.0,ADBE
2022-01-01,,,,,,,ADBE
2022-01-01,,,,,,,ADBE
2022-01-01,,,,,,,ADBE
2022-01-01,,,,,,,ADBE
2022-01-01,,,,,,,ADBE
2022-01-01,,,,,,,ADBE
2022-01-01,,,,,,,ADBE
2022-01-01,,,,,,,ADBE
2022-01-01,,,,,,,ADBE
2022-01-01,,,,,,,ADBE
2022-01-01,,,,,,,ADBE
2022-01-01,,,,,,,ADBE
2022-01-01,,,,,,,ADBE
2022-01-01,,,,,,,ADBE
2022-01-01,,,,,,,ADBE
2022-01-01,,,,,,,ADBE
2022-01-01,,,,,,,ADBE
2022-01-01,,,,,,,ADBE
2022-01-01,,,,,,,AMZN
2022-01-01,,,,,,,AMZN
2022-01-01,167.5500030517578,170.70350646972656,166.16050720214844,170.4044952392578,170.4044952392578,63520000.0,AMZN
2022-01-01,,,,,,,AMZN
2022-01-01,,,,,,,AMZN
2022-01-01,,,,,,,AMZN
2022-01-01,,,,,,,AMZN
2022-01-01,,,,,,,AMZN
2022-01-01,,,,,,,AMZN
2022-01-01,,,,,,,AMZN
2022-01-01,,,,,,,AMZN
2022-01-01,,,,,,,AMZN
2022-01-01,,,,,,,AMZN
2022-01-01,,,,,,,AMZN
2022-01-01,,,,,,,AMZN
2022-01-01,,,,,,,AMZN
2022-01-01,,,,,,,AMZN
2022-01-01,,,,,,,AMZN
2022-01-01,,,,,,,AMZN
2022-01-01,,,,,,,AMZN
2022-01-01,,,,,,,BAC
2022-01-01,,,,,,,BAC
2022-01-01,,,,,,,BAC
2022-01-01,45.09000015258789,46.4900016784668,44.97999954223633,46.18000030517578,41.93101119995117,58587900.0,BAC
2022-01-01,,,,,,,BAC
2022-01-01,,,,,,,BAC
2022-01-01,,,,,,,BAC
2022-01-01,,,,,,,BAC
2022-01-01,,,,,,,BAC
2022-01-01,,,,,,,BAC
2022-01-01,,,,,,,BAC
2022-01-01,,,,,,,BAC
2022-01-01,,,,,,,BAC
2022-01-01,,,,,,,BAC
2022-01-01,,,,,,,BAC
2022-01-01,,,,,,,BAC
2022-01-01,,,,,,,BAC
2022-01-01,,,,,,,BAC
2022-01-01,,,,,,,BAC
2022-01-01,,,,,,,BAC
2022-01-01,,,,,,,CRM
2022-01-01,,,,,,,CRM
2022-01-01,,,,,,,CRM
2022-01-01,,,,,,,CRM
2022-01-01,255.00999450683594,256.70001220703125,248.64999389648438,255.4600067138672,253.240966796875,4316800.0,CRM
2022-01-01,,,,,,,CRM
2022-01-01,,,,,,,CRM
2022-01-01,,,,,,,CRM
2022-01-01,,,,,,,CRM
2022-01-01,,,,,,,CRM
2022-01-01,,,,,,,CRM
2022-01-01,,,,,,,CRM
2022-01-01,,,,,,,CRM
2022-01-01,,,,,,,CRM
2022-01-01,,,,,,,CRM
2022-01-01,,,,,,,CRM
2022-01-01,,,,,,,CRM
2022-01-01,,,,,,,CRM
2022-01-01,,,,,,,CRM
2022-01-01,,,,,,,CRM
2022-01-01,,,,,,,DIS
2022-01-01,,,,,,,DIS
2022-01-01,,,,,,,DIS
2022-01-01,,,,,,,DIS
2022-01-01,,,,,,,DIS
2022-01-01,155.8300018310547,157.55999755859375,155.36000061035156,156.75999450683594,154.18955993652344,10222800.0,DIS
2022-01-01,,,,,,,DIS
2022-01-01,,,,,,,DIS
2022-01-01,,,,,,,DIS
2022-01-01,,,,,,,DIS
2022-01-01,,,,,,,DIS
2022-01-01,,,,,,,DIS
2022-01-01,,,,,,,DIS
2022-01-01,,,,,,,DIS
2022-01-01,,,,,,,DIS
2022-01-01,,,,,,,DIS
2022-01-01,,,,,,,DIS
2022-01-01,,,,,,,DIS
2022-01-01,,,,,,,DIS
2022-01-01,,,,,,,DIS
2022-01-01,,,,,,,GOOGL
2022-01-01,,,,,,,GOOGL
2022-01-01,,,,,,,GOOGL
2022-01-01,,,,,,,GOOGL
2022-01-01,,,,,,,GOOGL
2022-01-01,,,,,,,GOOGL
2022-01-01,145.05499267578125,145.8509979248047,143.71299743652344,144.9915008544922,143.99832153320312,28646000.0,GOOGL
2022-01-01,,,,,,,GOOGL
2022-01-01,,,,,,,GOOGL
2022-01-01,,,,,,,GOOGL
2022-01-01,,,,,,,GOOGL
2022-01-01,,,,,,,GOOGL
2022-01-01,,,,,,,GOOGL
2022-01-01,,,,,,,GOOGL
2022-01-01,,,,,,,GOOGL
2022-01-01,,,,,,,GOOGL
2022-01-01,,,,,,,GOOGL
2022-01-01,,,,,,,GOOGL
2022-01-01,,,,,,,GOOGL
2022-01-01,,,,,,,GOOGL
2022-01-01,,,,,,,HD
2022-01-01,,,,,,,HD
2022-01-01,,,,,,,HD
2022-01-01,,,,,,,HD
2022-01-01,,,,,,,HD
2022-01-01,,,,,,,HD
2022-01-01,,,,,,,HD
2022-01-01,416.57000732421875,417.8399963378906,403.260009765625,408.6400146484375,371.7283630371094,3715700.0,HD
2022-01-01,,,,,,,HD
2022-01-01,,,,,,,HD
2022-01-01,,,,,,,HD
2022-01-01,,,,,,,HD
2022-01-01,,,,,,,HD
2022-01-01,,,,,,,HD
2022-01-01,,,,,,,HD
2022-01-01,,,,,,,HD
2022-01-01,,,,,,,HD
2022-01-01,,,,,,,HD
2022-01-01,,,,,,,HD
2022-01-01,,,,,,,HD
2022-01-01,,,,,,,JNJ
2022-01-01,,,,,,,JNJ
2022-01-01,,,,,,,JNJ
2022-01-01,,,,,,,JNJ
2022-01-01,,,,,,,JNJ
2022-01-01,,,,,,,JNJ
2022-01-01,,,,,,,JNJ
2022-01-01,,,,,,,JNJ
2022-01-01,170.2100067138672,171.60000610351562,169.10000610351562,171.5399932861328,153.5456085205078,6012200.0,JNJ
2022-01-01,,,,,,,JNJ
2022-01-01,,,,,,,JNJ
2022-01-01,,,,,,,JNJ
2022-01-01,,,,,,,JNJ
2022-01-01,,,,,,,JNJ
2022-01-01,,,,,,,JNJ
2022-01-01,,,,,,,JNJ
2022-01-01,,,,,,,JNJ
2022-01-01,,,,,,,JNJ
2022-01-01,,,,,,,JNJ
2022-01-01,,,,,,,JNJ
2022-01-01,,,,,,,JPM
2022-01-01,,,,,,,JPM
2022-01-01,,,,,,,JPM
2022-01-01,,,,,,,JPM
2022-01-01,,,,,,,JPM
2022-01-01,,,,,,,JPM
2022-01-01,,,,,,,JPM
2022-01-01,,,,,,,JPM
2022-01-01,,,,,,,JPM
2022-01-01,159.86000061035156,162.63999938964844,159.50999450683594,161.6999969482422,146.29104614257812,13120900.0,JPM
2022-01-01,,,,,,,JPM
2022-01-01,,,,,,,JPM
2022-01-01,,,,,,,JPM
2022-01-01,,,,,,,JPM
2022-01-01,,,,,,,JPM
2022-01-01,,,,,,,JPM
2022-01-01,,,,,,,JPM
2022-01-01,,,,,,,JPM
2022-01-01,,,,,,,JPM
2022-01-01,,,,,,,JPM
2022-01-01,,,,,,,MA
2022-01-01,,,,,,,MA
2022-01-01,,,,,,,MA
2022-01-01,,,,,,,MA
2022-01-01,,,,,,,MA
2022-01-01,,,,,,,MA
2022-01-01,,,,,,,MA
2022-01-01,,,,,,,MA
2022-01-01,,,,,,,MA
2022-01-01,,,,,,,MA
2022-01-01,359.7900085449219,372.32000732421875,359.25,370.95001220703125,362.8410339355469,4708200.0,MA
2022-01-01,,,,,,,MA
2022-01-01,,,,,,,MA
2022-01-01,,,,,,,MA
2022-01-01,,,,,,,MA
2022-01-01,,,,,,,MA
2022-01-01,,,,,,,MA
2022-01-01,,,,,,,MA
2022-01-01,,,,,,,MA
2022-01-01,,,,,,,MA
2022-01-01,,,,,,,META
2022-01-01,,,,,,,META
2022-01-01,,,,,,,META
2022-01-01,,,,,,,META
2022-01-01,,,,,,,META
2022-01-01,,,,,,,META
2022-01-01,,,,,,,META
2022-01-01,,,,,,,META
2022-01-01,,,,,,,META
2022-01-01,,,,,,,META
2022-01-01,,,,,,,META
2022-01-01,338.29998779296875,341.0799865722656,337.19000244140625,338.5400085449219,336.6929016113281,14537900.0,META
2022-01-01,,,,,,,META
2022-01-01,,,,,,,META
2022-01-01,,,,,,,META
2022-01-01,,,,,,,META
2022-01-01,,,,,,,META
2022-01-01,,,,,,,META
2022-01-01,,,,,,,META
2022-01-01,,,,,,,META
2022-01-01,,,,,,,MSFT
2022-01-01,,,,,,,MSFT
2022-01-01,,,,,,,MSFT
2022-01-01,,,,,,,MSFT
2022-01-01,,,,,,,MSFT
2022-01-01,,,,,,,MSFT
2022-01-01,,,,,,,MSFT
2022-01-01,,,,,,,MSFT
2022-01-01,,,,,,,MSFT
2022-01-01,,,,,,,MSFT
2022-01-01,,,,,,,MSFT
2022-01-01,,,,,,,MSFT
2022-01-01,335.3500061035156,338.0,329.7799987792969,334.75,324.50457763671875,28865100.0,MSFT
2022-01-01,,,,,,,MSFT
2022-01-01,,,,,,,MSFT
2022-01-01,,,,,,,MSFT
2022-01-01,,,,,,,MSFT
2022-01-01,,,,,,,MSFT
2022-01-01,,,,,,,MSFT
2022-01-01,,,,,,,MSFT
2022-01-01,,,,,,,NFLX
2022-01-01,,,,,,,NFLX
2022-01-01,,,,,,,NFLX
2022-01-01,,,,,,,NFLX
2022-01-01,,,,,,,NFLX
2022-01-01,,,,,,,NFLX
2022-01-01,,,,,,,NFLX
2022-01-01,,,,,,,NFLX
2022-01-01,,,,,,,NFLX
2022-01-01,,,,,,,NFLX
2022-01-01,,,,,,,NFLX
2022-01-01,,,,,,,NFLX
2022-01-01,,,,,,,NFLX
2022-01-01,605.6099853515625,609.989990234375,590.5599975585938,597.3699951171875,597.3699951171875,3067500.0,NFLX
2022-01-01,,,,,,,NFLX
2022-01-01,,,,,,,NFLX
2022-01-01,,,,,,,NFLX
2022-01-01,,,,,,,NFLX
2022-01-01,,,,,,,NFLX
2022-01-01,,,,,,,NFLX
2022-01-01,,,,,,,NVDA
2022-01-01,,,,,,,NVDA
2022-01-01,,,,,,,NVDA
2022-01-01,,,,,,,NVDA
2022-01-01,,,,,,,NVDA
2022-01-01,,,,,,,NVDA
2022-01-01,,,,,,,NVDA
2022-01-01,,,,,,,NVDA
2022-01-01,,,,,,,NVDA
2022-01-01,,,,,,,NVDA
2022-01-01,,,,,,,NVDA
2022-01-01,,,,,,,NVDA
2022-01-01,,,,,,,NVDA
2022-01-01,,,,,,,NVDA
2022-01-01,29.815000534057617,30.711000442504883,29.78499984741211,30.121000289916992,30.06443977355957,391547000.0,NVDA
2022-01-01,,,,,,,NVDA
2022-01-01,,,,,,,NVDA
2022-01-01,,,,,,,NVDA
2022-01-01,,,,,,,NVDA
2022-01-01,,,,,,,NVDA
2022-01-01,,,,,,,PFE
2022-01-01,,,,,,,PFE
2022-01-01,,,,,,,PFE
2022-01-01,,,,,,,PFE
2022-01-01,,,,,,,PFE
2022-01-01,,,,,,,PFE
2022-01-01,,,,,,,PFE
2022-01-01,,,,,,,PFE
2022-01-01,,,,,,,PFE
2022-01-01,,,,,,,PFE
2022-01-01,,,,,,,PFE
2022-01-01,,,,,,,PFE
2022-01-01,,,,,,,PFE
2022-01-01,,,,,,,PFE
2022-01-01,,,,,,,PFE
2022-01-01,58.5,58.54999923706055,56.34000015258789,56.650001525878906,46.937843322753906,57219200.0,PFE
2022-01-01,,,,,,,PFE
2022-01-01,,,,,,,PFE
2022-01-01,,,,,,,PFE
2022-01-01,,,,,,,PFE
2022-01-01,,,,,,,PG
2022-01-01,,,,,,,PG
2022-01-01,,,,,,,PG
2022-01-01,,,,,,,PG
2022-01-01,,,,,,,PG
2022-01-01,,,,,,,PG
2022-01-01,,,,,,,PG
2022-01-01,,,,,,,PG
2022-01-01,,,,,,,PG
2022-01-01,,,,,,,PG
2022-01-01,,,,,,,PG
2022-01-01,,,,,,,PG
2022-01-01,,,,,,,PG
2022-01-01,,,,,,,PG
2022-01-01,,,,,,,PG
2022-01-01,,,,,,,PG
2022-01-01,161.69000244140625,162.94000244140625,159.8800048828125,162.89999389648438,148.39024353027344,9317300.0,PG
2022-01-01,,,,,,,PG
2022-01-01,,,,,,,PG
2022-01-01,,,,,,,PG
2022-01-01,,,,,,,TSLA
2022-01-01,,,,,,,TSLA
2022-01-01,,,,,,,TSLA
2022-01-01,,,,,,,TSLA
2022-01-01,,,,,,,TSLA
2022-01-01,,,,,,,TSLA
2022-01-01,,,,,,,TSLA
2022-01-01,,,,,,,TSLA
2022-01-01,,,,,,,TSLA
2022-01-01,,,,,,,TSLA
2022-01-01,,,,,,,TSLA
2022-01-01,,,,,,,TSLA
2022-01-01,,,,,,,TSLA
2022-01-01,,,,,,,TSLA
2022-01-01,,,,,,,TSLA
2022-01-01,,,,,,,TSLA
2022-01-01,,,,,,,TSLA
2022-01-01,382.5833435058594,400.3566589355469,378.67999267578125,399.9266662597656,399.9266662597656,103931400.0,TSLA
2022-01-01,,,,,,,TSLA
2022-01-01,,,,,,,TSLA
2022-01-01,,,,,,,UNH
2022-01-01,,,,,,,UNH
2022-01-01,,,,,,,UNH
2022-01-01,,,,,,,UNH
2022-01-01,,,,,,,UNH
2022-01-01,,,,,,,UNH
2022-01-01,,,,,,,UNH
2022-01-01,,,,,,,UNH
2022-01-01,,,,,,,UNH
2022-01-01,,,,,,,UNH
2022-01-01,,,,,,,UNH
2022-01-01,,,,,,,UNH
2022-01-01,,,,,,,UNH
2022-01-01,,,,,,,UNH
2022-01-01,,,,,,,UNH
2022-01-01,,,,,,,UNH
2022-01-01,,,,,,,UNH
2022-01-01,,,,,,,UNH
2022-01-01,500.0,502.8999938964844,493.04998779296875,502.2799987792969,475.6182556152344,3033600.0,UNH
2022-01-01,,,,,,,UNH
2022-01-01,,,,,,,V
2022-01-01,,,,,,,V
2022-01-01,,,,,,,V
2022-01-01,,,,,,,V
2022-01-01,,,,,,,V
2022-01-01,,,,,,,V
2022-01-01,,,,,,,V
2022-01-01,,,,,,,V
2022-01-01,,,,,,,V
2022-01-01,,,,,,,V
2022-01-01,,,,,,,V
2022-01-01,,,,,,,V
2022-01-01,,,,,,,V
2022-01-01,,,,,,,V
2022-01-01,,,,,,,V
2022-01-01,,,,,,,V
2022-01-01,,,,,,,V
2022-01-01,,,,,,,V
2022-01-01,,,,,,,V
2022-01-01,217.52000427246094,222.05999755859375,217.00999450683594,221.42999267578125,215.28170776367188,7694500.0,V
2022-02-01,174.00999450683594,174.83999633789062,172.30999755859375,174.61000061035156,171.18817138671875,86213900.0,AAPL
2022-02-01,,,,,,,AAPL
2022-02-01,,,,,,,AAPL
2022-02-01,,,,,,,AAPL
2022-02-01,,,,,,,AAPL
2022-02-01,,,,,,,AAPL
2022-02-01,,,,,,,AAPL
2022-02-01,,,,,,,AAPL
2022-02-01,,,,,,,AAPL
2022-02-01,,,,,,,AAPL
2022-02-01,,,,,,,AAPL
2022-02-01,,,,,,,AAPL
2022-02-01,,,,,,,AAPL
2022-02-01,,,,,,,AAPL
2022-02-01,,,,,,,AAPL
2022-02-01,,,,,,,AAPL
2022-02-01,,,,,,,AAPL
2022-02-01,,,,,,,AAPL
2022-02-01,,,,,,,AAPL
2022-02-01,,,,,,,AAPL
2022-02-01,,,,,,,ADBE
2022-02-01,536.0,538.77001953125,527.719970703125,535.97998046875,535.97998046875,2307400.0,ADBE
2022-02-01,,,,,,,ADBE
2022-02-01,,,,,,,ADBE
2022-02-01,,,,,,,ADBE
2022-02-01,,,,,,,ADBE
2022-02-01,,,,,,,ADBE
2022-02-01,,,,,,,ADBE
2022-02-01,,,,,,,ADBE
2022-02-01,,,,,,,ADBE
2022-02-01,,,,,,,ADBE
2022-02-01,,,,,,,ADBE
2022-02-01,,,,,,,ADBE
2022-02-01,,,,,,,ADBE
2022-02-01,,,,,,,ADBE
2022-02-01,,,,,,,ADBE
2022-02-01,,,,,,,ADBE
2022-02-01,,,,,,,ADBE
2022-02-01,,,,,,,ADBE
2022-02-01,,,,,,,ADBE
2022-02-01,,,,,,,AMZN
2022-02-01,,,,,,,AMZN
2022-02-01,150.0,151.70799255371094,147.62750244140625,151.19349670410156,151.19349670410156,59220000.0,AMZN
2022-02-01,,,,,,,AMZN
2022-02-01,,,,,,,AMZN
2022-02-01,,,,,,,AMZN
2022-02-01,,,,,,,AMZN
2022-02-01,,,,,,,AMZN
2022-02-01,,,,,,,AMZN
2022-02-01,,,,,,,AMZN
2022-02-01,,,,,,,AMZN
2022-02-01,,,,,,,AMZN
2022-02-01,,,,,,,AMZN
2022-02-01,,,,,,,AMZN
2022-02-01,,,,,,,AMZN
2022-02-01,,,,,,,AMZN
2022-02-01,,,,,,,AMZN
2022-02-01,,,,,,,AMZN
2022-02-01,,,,,,,AMZN
2022-02-01,,,,,,,AMZN
2022-02-01,,,,,,,BAC
2022-02-01,,,,,,,BAC
2022-02-01,,,,,,,BAC
2022-02-01,46.209999084472656,47.099998474121094,45.900001525878906,46.939998626708984,42.621089935302734,40326600.0,BAC
2022-02-01,,,,,,,BAC
2022-02-01,,,,,,,BAC
2022-02-01,,,,,,,BAC
2022-02-01,,,,,,,BAC
2022-02-01,,,,,,,BAC
2022-02-01,,,,,,,BAC
2022-02-01,,,,,,,BAC
2022-02-01,,,,,,,BAC
2022-02-01,,,,,,,BAC
2022-02-01,,,,,,,BAC
2022-02-01,,,,,,,BAC
2022-02-01,,,,,,,BAC
2022-02-01,,,,,,,BAC
2022-02-01,,,,,,,BAC
2022-02-01,,,,,,,BAC
2022-02-01,,,,,,,BAC
2022-02-01,,,,,,,CRM
2022-02-01,,,,,,,CRM
2022-02-01,,,,,,,CRM
2022-02-01,,,,,,,CRM
2022-02-01,232.3699951171875,232.77999877929688,226.32000732421875,232.1199951171875,230.10369873046875,6387100.0,CRM
2022-02-01,,,,,,,CRM
2022-02-01,,,,,,,CRM
2022-02-01,,,,,,,CRM
2022-02-01,,,,,,,CRM
2022-02-01,,,,,,,CRM
2022-02-01,,,,,,,CRM
2022-02-01,,,,,,,CRM
2022-02-01,,,,,,,CRM
2022-02-01,,,,,,,CRM
2022-02-01,,,,,,,CRM
2022-02-01,,,,,,,CRM
2022-02-01,,,,,,,CRM
2022-02-01,,,,,,,CRM
2022-02-01,,,,,,,CRM
2022-02-01,,,,,,,CRM
2022-02-01,,,,,,,DIS
2022-02-01,,,,,,,DIS
2022-02-01,,,,,,,DIS
2022-02-01,,,,,,,DIS
2022-02-01,,,,,,,DIS
2022-02-01,143.02000427246094,144.69000244140625,142.25,144.49000549316406,142.12075805664062,8573300.0,DIS
2022-02-01,,,,,,,DIS
2022-02-01,,,,,,,DIS
2022-02-01,,,,,,,DIS
2022-02-01,,,,,,,DIS
2022-02-01,,,,,,,DIS
2022-02-01,,,,,,,DIS
2022-02-01,,,,,,,DIS
2022-02-01,,,,,,,DIS
2022-02-01,,,,,,,DIS
2022-02-01,,,,,,,DIS
2022-02-01,,,,,,,DIS
2022-02-01,,,,,,,DIS
2022-02-01,,,,,,,DIS
2022-02-01,,,,,,,DIS
2022-02-01,,,,,,,GOOGL
2022-02-01,,,,,,,GOOGL
2022-02-01,,,,,,,GOOGL
2022-02-01,,,,,,,GOOGL
2022-02-01,,,,,,,GOOGL
2022-02-01,,,,,,,GOOGL
2022-02-01,137.59449768066406,137.79299926757812,134.36849975585938,137.6439971923828,136.70115661621094,68644000.0,GOOGL
2022-02-01,,,,,,,GOOGL
2022-02-01,,,,,,,GOOGL
2022-02-01,,,,,,,GOOGL
2022-02-01,,,,,,,GOOGL
2022-02-01,,,,,,,GOOGL
2022-02-01,,,,,,,GOOGL
2022-02-01,,,,,,,GOOGL
2022-02-01,,,,,,,GOOGL
2022-02-01,,,,,,,GOOGL
2022-02-01,,,,,,,GOOGL
2022-02-01,,,,,,,GOOGL
2022-02-01,,,,,,,GOOGL
2022-02-01,,,,,,,GOOGL
2022-02-01,,,,,,,HD
2022-02-01,,,,,,,HD
2022-02-01,,,,,,,HD
2022-02-01,,,,,,,HD
2022-02-01,,,,,,,HD
2022-02-01,,,,,,,HD
2022-02-01,,,,,,,HD
2022-02-01,369.4700012207031,370.69000244140625,362.3699951171875,368.70001220703125,335.3960876464844,3406800.0,HD
2022-02-01,,,,,,,HD
2022-02-01,,,,,,,HD
2022-02-01,,,,,,,HD
2022-02-01,,,,,,,HD
2022-02-01,,,,,,,HD
2022-02-01,,,,,,,HD
2022-02-01,,,,,,,HD
2022-02-01,,,,,,,HD
2022-02-01,,,,,,,HD
2022-02-01,,,,,,,HD
2022-02-01,,,,,,,HD
2022-02-01,,,,,,,HD
2022-02-01,,,,,,,JNJ
2022-02-01,,,,,,,JNJ
2022-02-01,,,,,,,JNJ
2022-02-01,,,,,,,JNJ
2022-02-01,,,,,,,JNJ
2022-02-01,,,,,,,JNJ
2022-02-01,,,,,,,JNJ
2022-02-01,,,,,,,JNJ
2022-02-01,171.74000549316406,171.97999572753906,169.42999267578125,170.8800048828125,152.95484924316406,8154700.0,JNJ
2022-02-01,,,,,,,JNJ
2022-02-01,,,,,,,JNJ
2022-02-01,,,,,,,JNJ
2022-02-01,,,,,,,JNJ
2022-02-01,,,,,,,JNJ
2022-02-01,,,,,,,JNJ
2022-02-01,,,,,,,JNJ
2022-02-01,,,,,,,JNJ
2022-02-01,,,,,,,JNJ
2022-02-01,,,,,,,JNJ
2022-02-01,,,,,,,JNJ
2022-02-01,,,,,,,JPM
2022-02-01,,,,,,,JPM
2022-02-01,,,,,,,JPM
2022-02-01,,,,,,,JPM
2022-02-01,,,,,,,JPM
2022-02-01,,,,,,,JPM
2022-02-01,,,,,,,JPM
2022-02-01,,,,,,,JPM
2022-02-01,,,,,,,JPM
2022-02-01,148.69000244140625,151.47000122070312,148.3000030517578,151.14999389648438,137.5660400390625,14584900.0,JPM
2022-02-01,,,,,,,JPM
2022-02-01,,,,,,,JPM
2022-02-01,,,,,,,JPM
2022-02-01,,,,,,,JPM
2022-02-01,,,,,,,JPM
2022-02-01,,,,,,,JPM
2022-02-01,,,,,,,JPM
2022-02-01,,,,,,,JPM
2022-02-01,,,,,,,JPM
2022-02-01,,,,,,,JPM
2022-02-01,,,,,,,MA
2022-02-01,,,,,,,MA
2022-02-01,,,,,,,MA
2022-02-01,,,,,,,MA
2022-02-01,,,,,,,MA
2022-02-01,,,,,,,MA
2022-02-01,,,,,,,MA
2022-02-01,,,,,,,MA
2022-02-01,,,,,,,MA
2022-02-01,,,,,,,MA
2022-02-01,385.760009765625,395.5,382.4200134277344,392.05999755859375,383.9927978515625,5841100.0,MA
2022-02-01,,,,,,,MA
2022-02-01,,,,,,,MA
2022-02-01,,,,,,,MA
2022-02-01,,,,,,,MA
2022-02-01,,,,,,,MA
2022-02-01,,,,,,,MA
2022-02-01,,,,,,,MA
2022-02-01,,,,,,,MA
2022-02-01,,,,,,,MA
2022-02-01,,,,,,,META
2022-02-01,,,,,,,META
2022-02-01,,,,,,,META
2022-02-01,,,,,,,META
2022-02-01,,,,,,,META
2022-02-01,,,,,,,META
2022-02-01,,,,,,,META
2022-02-01,,,,,,,META
2022-02-01,,,,,,,META
2022-02-01,,,,,,,META
2022-02-01,,,,,,,META
2022-02-01,314.55999755859375,319.6600036621094,312.1199951171875,319.0,317.2594909667969,18023800.0,META
2022-02-01,,,,,,,META
2022-02-01,,,,,,,META
2022-02-01,,,,,,,META
2022-02-01,,,,,,,META
2022-02-01,,,,,,,META
2022-02-01,,,,,,,META
2022-02-01,,,,,,,META
2022-02-01,,,,,,,META
2022-02-01,,,,,,,MSFT
2022-02-01,,,,,,,MSFT
2022-02-01,,,,,,,MSFT
2022-02-01,,,,,,,MSFT
2022-02-01,,,,,,,MSFT
2022-02-01,,,,,,,MSFT
2022-02-01,,,,,,,MSFT
2022-02-01,,,,,,,MSFT
2022-02-01,,,,,,,MSFT
2022-02-01,,,,,,,MSFT
2022-02-01,,,,,,,MSFT
2022-02-01,,,,,,,MSFT
2022-02-01,310.4100036621094,310.6300048828125,305.1300048828125,308.760009765625,299.3100280761719,40950400.0,MSFT
2022-02-01,,,,,,,MSFT
2022-02-01,,,,,,,MSFT
2022-02-01,,,,,,,MSFT
2022-02-01,,,,,,,MSFT
2022-02-01,,,,,,,MSFT
2022-02-01,,,,,,,MSFT
2022-02-01,,,,,,,MSFT
2022-02-01,,,,,,,NFLX
2022-02-01,,,,,,,NFLX
2022-02-01,,,,,,,NFLX
2022-02-01,,,,,,,NFLX
2022-02-01,,,,,,,NFLX
2022-02-01,,,,,,,NFLX
2022-02-01,,,,,,,NFLX
2022-02-01,,,,,,,NFLX
2022-02-01,,,,,,,NFLX
2022-02-01,,,,,,,NFLX
2022-02-01,,,,,,,NFLX
2022-02-01,,,,,,,NFLX
2022-02-01,,,,,,,NFLX
2022-02-01,432.9599914550781,458.4800109863281,425.5400085449219,457.1300048828125,457.1300048828125,22568100.0,NFLX
2022-02-01,,,,,,,NFLX
2022-02-01,,,,,,,NFLX
2022-02-01,,,,,,,NFLX
2022-02-01,,,,,,,NFLX
2022-02-01,,,,,,,NFLX
2022-02-01,,,,,,,NFLX
2022-02-01,,,,,,,NVDA
2022-02-01,,,,,,,NVDA
2022-02-01,,,,,,,NVDA
2022-02-01,,,,,,,NVDA
2022-02-01,,,,,,,NVDA
2022-02-01,,,,,,,NVDA
2022-02-01,,,,,,,NVDA
2022-02-01,,,,,,,NVDA
2022-02-01,,,,,,,NVDA
2022-02-01,,,,,,,NVDA
2022-02-01,,,,,,,NVDA
2022-02-01,,,,,,,NVDA
2022-02-01,,,,,,,NVDA
2022-02-01,,,,,,,NVDA
2022-02-01,25.104000091552734,25.145000457763672,23.889999389648438,24.63800048828125,24.591733932495117,518925000.0,NVDA
2022-02-01,,,,,,,NVDA
2022-02-01,,,,,,,NVDA
2022-02-01,,,,,,,NVDA
2022-02-01,,,,,,,NVDA
2022-02-01,,,,,,,NVDA
2022-02-01,,,,,,,PFE
2022-02-01,,,,,,,PFE
2022-02-01,,,,,,,PFE
2022-02-01,,,,,,,PFE
2022-02-01,,,,,,,PFE
2022-02-01,,,,,,,PFE
2022-02-01,,,,,,,PFE
2022-02-01,,,,,,,PFE
2022-02-01,,,,,,,PFE
2022-02-01,,,,,,,PFE
2022-02-01,,,,,,,PFE
2022-02-01,,,,,,,PFE
2022-02-01,,,,,,,PFE
2022-02-01,,,,,,,PFE
2022-02-01,,,,,,,PFE
2022-02-01,52.7400016784668,53.15999984741211,52.38999938964844,53.06999969482422,44.30592727661133,27883300.0,PFE
2022-02-01,,,,,,,PFE
2022-02-01,,,,,,,PFE
2022-02-01,,,,,,,PFE
2022-02-01,,,,,,,PFE
2022-02-01,,,,,,,PG
2022-02-01,,,,,,,PG
2022-02-01,,,,,,,PG
2022-02-01,,,,,,,PG
2022-02-01,,,,,,,PG
2022-02-01,,,,,,,PG
2022-02-01,,,,,,,PG
2022-02-01,,,,,,,PG
2022-02-01,,,,,,,PG
2022-02-01,,,,,,,PG
2022-02-01,,,,,,,PG
2022-02-01,,,,,,,PG
2022-02-01,,,,,,,PG
2022-02-01,,,,,,,PG
2022-02-01,,,,,,,PG
2022-02-01,,,,,,,PG
2022-02-01,160.7899932861328,161.3000030517578,157.72999572753906,159.74000549316406,146.29742431640625,6284100.0,PG
2022-02-01,,,,,,,PG
2022-02-01,,,,,,,PG
2022-02-01,,,,,,,PG
2022-02-01,,,,,,,TSLA
2022-02-01,,,,,,,TSLA
2022-02-01,,,,,,,TSLA
2022-02-01,,,,,,,TSLA
2022-02-01,,,,,,,TSLA
2022-02-01,,,,,,,TSLA
2022-02-01,,,,,,,TSLA
2022-02-01,,,,,,,TSLA
2022-02-01,,,,,,,TSLA
2022-02-01,,,,,,,TSLA
2022-02-01,,,,,,,TSLA
2022-02-01,,,,,,,TSLA
2022-02-01,,,,,,,TSLA
2022-02-01,,,,,,,TSLA
2022-02-01,,,,,,,TSLA
2022-02-01,,,,,,,TSLA
2022-02-01,,,,,,,TSLA
2022-02-01,311.7366638183594,314.5666809082031,301.6666564941406,310.4166564941406,310.4166564941406,73138200.0,TSLA
2022-02-01,,,,,,,TSLA
2022-02-01,,,,,,,TSLA
2022-02-01,,,,,,,UNH
2022-02-01,,,,,,,UNH
2022-02-01,,,,,,,UNH
2022-02-01,,,,,,,UNH
2022-02-01,,,,,,,UNH
2022-02-01,,,,,,,UNH
2022-02-01,,,,,,,UNH
2022-02-01,,,,,,,UNH
2022-02-01,,,,,,,UNH
2022-02-01,,,,,,,UNH
2022-02-01,,,,,,,UNH
2022-02-01,,,,,,,UNH
2022-02-01,,,,,,,UNH
2022-02-01,,,,,,,UNH
2022-02-01,,,,,,,UNH
2022-02-01,,,,,,,UNH
2022-02-01,,,,,,,UNH
2022-02-01,,,,,,,UNH
2022-02-01,475.0,475.0,462.75,468.4100036621094,443.546142578125,3148600.0,UNH
2022-02-01,,,,,,,UNH
2022-02-01,,,,,,,V
2022-02-01,,,,,,,V
2022-02-01,,,,,,,V
2022-02-01,,,,,,,V
2022-02-01,,,,,,,V
2022-02-01,,,,,,,V
2022-02-01,,,,,,,V
2022-02-01,,,,,,,V
2022-02-01,,,,,,,V
2022-02-01,,,,,,,V
2022-02-01,,,,,,,V
2022-02-01,,,,,,,V
2022-02-01,,,,,,,V
2022-02-01,,,,,,,V
2022-02-01,,,,,,,V
2022-02-01,,,,,,,V
2022-02-01,,,,,,,V
2022-02-01,,,,,,,V
2022-02-01,,,,,,,V
2022-02-01,226.89999389648438,234.61000061035156,226.4199981689453,232.36000061035156,225.90823364257812,12247200.0,V
2022-03-01,164.6999969482422,166.60000610351562,161.97000122070312,163.1999969482422,160.20562744140625,83474400.0,AAPL
2022-03-01,,,,,,,AAPL
2022-03-01,,,,,,,AAPL
2022-03-01,,,,,,,AAPL
2022-03-01,,,,,,,AAPL
2022-03-01,,,,,,,AAPL
2022-03-01,,,,,,,AAPL
2022-03-01,,,,,,,AAPL
2022-03-01,,,,,,,AAPL
2022-03-01,,,,,,,AAPL
2022-03-01,,,,,,,AAPL
2022-03-01,,,,,,,AAPL
2022-03-01,,,,,,,AAPL
2022-03-01,,,,,,,AAPL
2022-03-01,,,,,,,AAPL
2022-03-01,,,,,,,AAPL
2022-03-01,,,,,,,AAPL
2022-03-01,,,,,,,AAPL
2022-03-01,,,,,,,AAPL
2022-03-01,,,,,,,AAPL
2022-03-01,,,,,,,ADBE
2022-03-01,468.0,479.2099914550781,462.9200134277344,466.67999267578125,466.67999267578125,3352800.0,ADBE
2022-03-01,,,,,,,ADBE
2022-03-01,,,,,,,ADBE
2022-03-01,,,,,,,ADBE
2022-03-01,,,,,,,ADBE
2022-03-01,,,,,,,ADBE
2022-03-01,,,,,,,ADBE
2022-03-01,,,,,,,ADBE
2022-03-01,,,,,,,ADBE
2022-03-01,,,,,,,ADBE
2022-03-01,,,,,,,ADBE
2022-03-01,,,,,,,ADBE
2022-03-01,,,,,,,ADBE
2022-03-01,,,,,,,ADBE
2022-03-01,,,,,,,ADBE
2022-03-01,,,,,,,ADBE
2022-03-01,,,,,,,ADBE
2022-03-01,,,,,,,ADBE
2022-03-01,,,,,,,ADBE
2022-03-01,,,,,,,AMZN
2022-03-01,,,,,,,AMZN
2022-03-01,152.7324981689453,154.0989990234375,149.9770050048828,151.14199829101562,151.14199829101562,44874000.0,AMZN
2022-03-01,,,,,,,AMZN
2022-03-01,,,,,,,AMZN
2022-03-01,,,,,,,AMZN
2022-03-01,,,,,,,AMZN
2022-03-01,,,,,,,AMZN
2022-03-01,,,,,,,AMZN
2022-03-01,,,,,,,AMZN
2022-03-01,,,,,,,AMZN
2022-03-01,,,,,,,AMZN
2022-03-01,,,,,,,AMZN
2022-03-01,,,,,,,AMZN
2022-03-01,,,,,,,AMZN
2022-03-01,,,,,,,AMZN
2022-03-01,,,,,,,AMZN
2022-03-01,,,,,,,AMZN
2022-03-01,,,,,,,AMZN
2022-03-01,,,,,,,AMZN
2022-03-01,,,,,,,BAC
2022-03-01,,,,,,,BAC
2022-03-01,,,,,,,BAC
2022-03-01,43.709999084472656,43.7400016784668,41.93000030517578,42.470001220703125,38.5623664855957,74895600.0,BAC
2022-03-01,,,,,,,BAC
2022-03-01,,,,,,,BAC
2022-03-01,,,,,,,BAC
2022-03-01,,,,,,,BAC
2022-03-01,,,,,,,BAC
2022-03-01,,,,,,,BAC
2022-03-01,,,,,,,BAC
2022-03-01,,,,,,,BAC
2022-03-01,,,,,,,BAC
2022-03-01,,,,,,,BAC
2022-03-01,,,,,,,BAC
2022-03-01,,,,,,,BAC
2022-03-01,,,,,,,BAC
2022-03-01,,,,,,,BAC
2022-03-01,,,,,,,BAC
2022-03-01,,,,,,,BAC
2022-03-01,,,,,,,CRM
2022-03-01,,,,,,,CRM
2022-03-01,,,,,,,CRM
2022-03-01,,,,,,,CRM
2022-03-01,213.39999389648438,214.38999938964844,208.4600067138672,208.88999938964844,207.07550048828125,12587300.0,CRM
2022-03-01,,,,,,,CRM
2022-03-01,,,,,,,CRM
2022-03-01,,,,,,,CRM
2022-03-01,,,,,,,CRM
2022-03-01,,,,,,,CRM
2022-03-01,,,,,,,CRM
2022-03-01,,,,,,,CRM
2022-03-01,,,,,,,CRM
2022-03-01,,,,,,,CRM
2022-03-01,,,,,,,CRM
2022-03-01,,,,,,,CRM
2022-03-01,,,,,,,CRM
2022-03-01,,,,,,,CRM
2022-03-01,,,,,,,CRM
2022-03-01,,,,,,,CRM
2022-03-01,,,,,,,DIS
2022-03-01,,,,,,,DIS
2022-03-01,,,,,,,DIS
2022-03-01,,,,,,,DIS
2022-03-01,,,,,,,DIS
2022-03-01,147.86000061035156,148.14999389648438,143.77999877929688,145.6999969482422,143.31089782714844,8944000.0,DIS
2022-03-01,,,,,,,DIS
2022-03-01,,,,,,,DIS
2022-03-01,,,,,,,DIS
2022-03-01,,,,,,,DIS
2022-03-01,,,,,,,DIS
2022-03-01,,,,,,,DIS
2022-03-01,,,,,,,DIS
2022-03-01,,,,,,,DIS
2022-03-01,,,,,,,DIS
2022-03-01,,,,,,,DIS
2022-03-01,,,,,,,DIS
2022-03-01,,,,,,,DIS
2022-03-01,,,,,,,DIS
2022-03-01,,,,,,,DIS
2022-03-01,,,,,,,GOOGL
2022-03-01,,,,,,,GOOGL
2022-03-01,,,,,,,GOOGL
2022-03-01,,,,,,,GOOGL
2022-03-01,,,,,,,GOOGL
2022-03-01,,,,,,,GOOGL
2022-03-01,134.8784942626953,136.2554931640625,133.218505859375,134.06149291992188,133.14321899414062,26496000.0,GOOGL
2022-03-01,,,,,,,GOOGL
2022-03-01,,,,,,,GOOGL
2022-03-01,,,,,,,GOOGL
2022-03-01,,,,,,,GOOGL
2022-03-01,,,,,,,GOOGL
2022-03-01,,,,,,,GOOGL
2022-03-01,,,,,,,GOOGL
2022-03-01,,,,,,,GOOGL
2022-03-01,,,,,,,GOOGL
2022-03-01,,,,,,,GOOGL
2022-03-01,,,,,,,GOOGL
2022-03-01,,,,,,,GOOGL
2022-03-01,,,,,,,GOOGL
2022-03-01,,,,,,,HD
2022-03-01,,,,,,,HD
2022-03-01,,,,,,,HD
2022-03-01,,,,,,,HD
2022-03-01,,,,,,,HD
2022-03-01,,,,,,,HD
2022-03-01,,,,,,,HD
2022-03-01,314.5899963378906,322.42999267578125,313.760009765625,320.25,291.3224792480469,5640900.0,HD
2022-03-01,,,,,,,HD
2022-03-01,,,,,,,HD
2022-03-01,,,,,,,HD
2022-03-01,,,,,,,HD
2022-03-01,,,,,,,HD
2022-03-01,,,,,,,HD
2022-03-01,,,,,,,HD
2022-03-01,,,,,,,HD
2022-03-01,,,,,,,HD
2022-03-01,,,,,,,HD
2022-03-01,,,,,,,HD
2022-03-01,,,,,,,HD
2022-03-01,,,,,,,JNJ
2022-03-01,,,,,,,JNJ
2022-03-01,,,,,,,JNJ
2022-03-01,,,,,,,JNJ
2022-03-01,,,,,,,JNJ
2022-03-01,,,,,,,JNJ
2022-03-01,,,,,,,JNJ
2022-03-01,,,,,,,JNJ
2022-03-01,163.0399932861328,164.75,162.41000366210938,164.0,147.73886108398438,8737800.0,JNJ
2022-03-01,,,,,,,JNJ
2022-03-01,,,,,,,JNJ
2022-03-01,,,,,,,JNJ
2022-03-01,,,,,,,JNJ
2022-03-01,,,,,,,JNJ
2022-03-01,,,,,,,JNJ
2022-03-01,,,,,,,JNJ
2022-03-01,,,,,,,JNJ
2022-03-01,,,,,,,JNJ
2022-03-01,,,,,,,JNJ
2022-03-01,,,,,,,JNJ
2022-03-01,,,,,,,JPM
2022-03-01,,,,,,,JPM
2022-03-01,,,,,,,JPM
2022-03-01,,,,,,,JPM
2022-03-01,,,,,,,JPM
2022-03-01,,,,,,,JPM
2022-03-01,,,,,,,JPM
2022-03-01,,,,,,,JPM
2022-03-01,,,,,,,JPM
2022-03-01,140.0399932861328,140.47999572753906,133.5800018310547,136.4499969482422,124.18714141845703,36840400.0,JPM
2022-03-01,,,,,,,JPM
2022-03-01,,,,,,,JPM
2022-03-01,,,,,,,JPM
2022-03-01,,,,,,,JPM
2022-03-01,,,,,,,JPM
2022-03-01,,,,,,,JPM
2022-03-01,,,,,,,JPM
2022-03-01,,,,,,,JPM
2022-03-01,,,,,,,JPM
2022-03-01,,,,,,,JPM
2022-03-01,,,,,,,MA
2022-03-01,,,,,,,MA
2022-03-01,,,,,,,MA
2022-03-01,,,,,,,MA
2022-03-01,,,,,,,MA
2022-03-01,,,,,,,MA
2022-03-01,,,,,,,MA
2022-03-01,,,,,,,MA
2022-03-01,,,,,,,MA
2022-03-01,,,,,,,MA
2022-03-01,357.8500061035156,361.5799865722656,341.2200012207031,344.4800109863281,337.391845703125,5894200.0,MA
2022-03-01,,,,,,,MA
2022-03-01,,,,,,,MA
2022-03-01,,,,,,,MA
2022-03-01,,,,,,,MA
2022-03-01,,,,,,,MA
2022-03-01,,,,,,,MA
2022-03-01,,,,,,,MA
2022-03-01,,,,,,,MA
2022-03-01,,,,,,,MA
2022-03-01,,,,,,,META
2022-03-01,,,,,,,META
2022-03-01,,,,,,,META
2022-03-01,,,,,,,META
2022-03-01,,,,,,,META
2022-03-01,,,,,,,META
2022-03-01,,,,,,,META
2022-03-01,,,,,,,META
2022-03-01,,,,,,,META
2022-03-01,,,,,,,META
2022-03-01,,,,,,,META
2022-03-01,209.8699951171875,211.75,202.22000122070312,203.49000549316406,202.37974548339844,27094900.0,META
2022-03-01,,,,,,,META
2022-03-01,,,,,,,META
2022-03-01,,,,,,,META
2022-03-01,,,,,,,META
2022-03-01,,,,,,,META
2022-03-01,,,,,,,META
2022-03-01,,,,,,,META
2022-03-01,,,,,,,META
2022-03-01,,,,,,,MSFT
2022-03-01,,,,,,,MSFT
2022-03-01,,,,,,,MSFT
2022-03-01,,,,,,,MSFT
2022-03-01,,,,,,,MSFT
2022-03-01,,,,,,,MSFT
2022-03-01,,,,,,,MSFT
2022-03-01,,,,,,,MSFT
2022-03-01,,,,,,,MSFT
2022-03-01,,,,,,,MSFT
2022-03-01,,,,,,,MSFT
2022-03-01,,,,,,,MSFT
2022-03-01,296.3999938964844,299.9700012207031,292.1499938964844,294.95001220703125,286.5140075683594,31217800.0,MSFT
2022-03-01,,,,,,,MSFT
2022-03-01,,,,,,,MSFT
2022-03-01,,,,,,,MSFT
2022-03-01,,,,,,,MSFT
2022-03-01,,,,,,,MSFT
2022-03-01,,,,,,,MSFT
2022-03-01,,,,,,,MSFT
2022-03-01,,,,,,,NFLX
2022-03-01,,,,,,,NFLX
2022-03-01,,,,,,,NFLX
2022-03-01,,,,,,,NFLX
2022-03-01,,,,,,,NFLX
2022-03-01,,,,,,,NFLX
2022-03-01,,,,,,,NFLX
2022-03-01,,,,,,,NFLX
2022-03-01,,,,,,,NFLX
2022-03-01,,,,,,,NFLX
2022-03-01,,,,,,,NFLX
2022-03-01,,,,,,,NFLX
2022-03-01,,,,,,,NFLX
2022-03-01,391.6000061035156,395.0,383.7099914550781,386.239990234375,386.239990234375,3290400.0,NFLX
2022-03-01,,,,,,,NFLX
2022-03-01,,,,,,,NFLX
2022-03-01,,,,,,,NFLX
2022-03-01,,,,,,,NFLX
2022-03-01,,,,,,,NFLX
2022-03-01,,,,,,,NFLX
2022-03-01,,,,,,,NVDA
2022-03-01,,,,,,,NVDA
2022-03-01,,,,,,,NVDA
2022-03-01,,,,,,,NVDA
2022-03-01,,,,,,,NVDA
2022-03-01,,,,,,,NVDA
2022-03-01,,,,,,,NVDA
2022-03-01,,,,,,,NVDA
2022-03-01,,,,,,,NVDA
2022-03-01,,,,,,,NVDA
2022-03-01,,,,,,,NVDA
2022-03-01,,,,,,,NVDA
2022-03-01,,,,,,,NVDA
2022-03-01,,,,,,,NVDA
2022-03-01,24.291000366210938,24.37700080871582,23.131999969482422,23.476999282836914,23.432912826538086,412056000.0,NVDA
2022-03-01,,,,,,,NVDA
2022-03-01,,,,,,,NVDA
2022-03-01,,,,,,,NVDA
2022-03-01,,,,,,,NVDA
2022-03-01,,,,,,,NVDA
2022-03-01,,,,,,,PFE
2022-03-01,,,,,,,PFE
2022-03-01,,,,,,,PFE
2022-03-01,,,,,,,PFE
2022-03-01,,,,,,,PFE
2022-03-01,,,,,,,PFE
2022-03-01,,,,,,,PFE
2022-03-01,,,,,,,PFE
2022-03-01,,,,,,,PFE
2022-03-01,,,,,,,PFE
2022-03-01,,,,,,,PFE
2022-03-01,,,,,,,PFE
2022-03-01,,,,,,,PFE
2022-03-01,,,,,,,PFE
2022-03-01,,,,,,,PFE
2022-03-01,46.689998626708984,47.13999938964844,45.439998626708984,45.75,38.19476318359375,29854500.0,PFE
2022-03-01,,,,,,,PFE
2022-03-01,,,,,,,PFE
2022-03-01,,,,,,,PFE
2022-03-01,,,,,,,PFE
2022-03-01,,,,,,,PG
2022-03-01,,,,,,,PG
2022-03-01,,,,,,,PG
2022-03-01,,,,,,,PG
2022-03-01,,,,,,,PG
2022-03-01,,,,,,,PG
2022-03-01,,,,,,,PG
2022-03-01,,,,,,,PG
2022-03-01,,,,,,,PG
2022-03-01,,,,,,,PG
2022-03-01,,,,,,,PG
2022-03-01,,,,,,,PG
2022-03-01,,,,,,,PG
2022-03-01,,,,,,,PG
2022-03-01,,,,,,,PG
2022-03-01,,,,,,,PG
2022-03-01,154.30999755859375,155.39999389648438,152.33999633789062,153.30999755859375,140.40850830078125,8311900.0,PG
2022-03-01,,,,,,,PG
2022-03-01,,,,,,,PG
2022-03-01,,,,,,,PG
2022-03-01,,,,,,,TSLA
2022-03-01,,,,,,,TSLA
2022-03-01,,,,,,,TSLA
2022-03-01,,,,,,,TSLA
2022-03-01,,,,,,,TSLA
2022-03-01,,,,,,,TSLA
2022-03-01,,,,,,,TSLA
2022-03-01,,,,,,,TSLA
2022-03-01,,,,,,,TSLA
2022-03-01,,,,,,,TSLA
2022-03-01,,,,,,,TSLA
2022-03-01,,,,,,,TSLA
2022-03-01,,,,,,,TSLA
2022-03-01,,,,,,,TSLA
2022-03-01,,,,,,,TSLA
2022-03-01,,,,,,,TSLA
2022-03-01,,,,,,,TSLA
2022-03-01,289.8933410644531,296.6266784667969,284.59332275390625,288.1233215332031,288.1233215332031,74766900.0,TSLA
2022-03-01,,,,,,,TSLA
2022-03-01,,,,,,,TSLA
2022-03-01,,,,,,,UNH
2022-03-01,,,,,,,UNH
2022-03-01,,,,,,,UNH
2022-03-01,,,,,,,UNH
2022-03-01,,,,,,,UNH
2022-03-01,,,,,,,UNH
2022-03-01,,,,,,,UNH
2022-03-01,,,,,,,UNH
2022-03-01,,,,,,,UNH
2022-03-01,,,,,,,UNH
2022-03-01,,,,,,,UNH
2022-03-01,,,,,,,UNH
2022-03-01,,,,,,,UNH
2022-03-01,,,,,,,UNH
2022-03-01,,,,,,,UNH
2022-03-01,,,,,,,UNH
2022-03-01,,,,,,,UNH
2022-03-01,,,,,,,UNH
2022-03-01,470.8900146484375,476.9599914550781,467.7300109863281,476.25,450.969970703125,2917600.0,UNH
2022-03-01,,,,,,,UNH
2022-03-01,,,,,,,V
2022-03-01,,,,,,,V
2022-03-01,,,,,,,V
2022-03-01,,,,,,,V
2022-03-01,,,,,,,V
2022-03-01,,,,,,,V
2022-03-01,,,,,,,V
2022-03-01,,,,,,,V
2022-03-01,,,,,,,V
2022-03-01,,,,,,,V
2022-03-01,,,,,,,V
2022-03-01,,,,,,,V
2022-03-01,,,,,,,V
2022-03-01,,,,,,,V
2022-03-01,,,,,,,V
2022-03-01,,,,,,,V
2022-03-01,,,,,,,V
2022-03-01,,,,,,,V
2022-03-01,,,,,,,V
2022-03-01,214.47999572753906,215.14999389648438,207.27999877929688,208.97000122070312,203.4982452392578,9317800.0,V
2022-04-01,174.02999877929688,174.8800048828125,171.94000244140625,174.30999755859375,171.1117401123047,78751300.0,AAPL
2022-04-01,,,,,,,AAPL
2022-04-01,,,,,,,AAPL
2022-04-01,,,,,,,AAPL
2022-04-01,,,,,,,AAPL
2022-04-01,,,,,,,AAPL
2022-04-01,,,,,,,AAPL
2022-04-01,,,,,,,AAPL
2022-04-01,,,,,,,AAPL
2022-04-01,,,,,,,AAPL
2022-04-01,,,,,,,AAPL
2022-04-01,,,,,,,AAPL
2022-04-01,,,,,,,AAPL
2022-04-01,,,,,,,AAPL
2022-04-01,,,,,,,AAPL
2022-04-01,,,,,,,AAPL
2022-04-01,,,,,,,AAPL
2022-04-01,,,,,,,AAPL
2022-04-01,,,,,,,AAPL
2022-04-01,,,,,,,AAPL
2022-04-01,,,,,,,ADBE
2022-04-01,455.0,461.54998779296875,450.9599914550781,458.19000244140625,458.19000244140625,2718400.0,ADBE
2022-04-01,,,,,,,ADBE
2022-04-01,,,,,,,ADBE
2022-04-01,,,,,,,ADBE
2022-04-01,,,,,,,ADBE
2022-04-01,,,,,,,ADBE
2022-04-01,,,,,,,ADBE
2022-04-01,,,,,,,ADBE
2022-04-01,,,,,,,ADBE
2022-04-01,,,,,,,ADBE
2022-04-01,,,,,,,ADBE
2022-04-01,,,,,,,ADBE
2022-04-01,,,,,,,ADBE
2022-04-01,,,,,,,ADBE
2022-04-01,,,,,,,ADBE
2022-04-01,,,,,,,ADBE
2022-04-01,,,,,,,ADBE
2022-04-01,,,,,,,ADBE
2022-04-01,,,,,,,ADBE
2022-04-01,,,,,,,AMZN
2022-04-01,,,,,,,AMZN
2022-04-01,164.14950561523438,165.82699584960938,162.3195037841797,163.55999755859375,163.55999755859375,57090000.0,AMZN
2022-04-01,,,,,,,AMZN
2022-04-01,,,,,,,AMZN
2022-04-01,,,,,,,AMZN
2022-04-01,,,,,,,AMZN
2022-04-01,,,,,,,AMZN
2022-04-01,,,,,,,AMZN
2022-04-01,,,,,,,AMZN
2022-04-01,,,,,,,AMZN
2022-04-01,,,,,,,AMZN
2022-04-01,,,,,,,AMZN
2022-04-01,,,,,,,AMZN
2022-04-01,,,,,,,AMZN
2022-04-01,,,,,,,AMZN
2022-04-01,,,,,,,AMZN
2022-04-01,,,,,,,AMZN
2022-04-01,,,,,,,AMZN
2022-04-01,,,,,,,AMZN
2022-04-01,,,,,,,BAC
2022-04-01,,,,,,,BAC
2022-04-01,,,,,,,BAC
2022-04-01,41.689998626708984,41.7400016784668,40.349998474121094,40.900001525878906,37.31840515136719,61929200.0,BAC
2022-04-01,,,,,,,BAC
2022-04-01,,,,,,,BAC
2022-04-01,,,,,,,BAC
2022-04-01,,,,,,,BAC
2022-04-01,,,,,,,BAC
2022-04-01,,,,,,,BAC
2022-04-01,,,,,,,BAC
2022-04-01,,,,,,,BAC
2022-04-01,,,,,,,BAC
2022-04-01,,,,,,,BAC
2022-04-01,,,,,,,BAC
2022-04-01,,,,,,,BAC
2022-04-01,,,,,,,BAC
2022-04-01,,,,,,,BAC
2022-04-01,,,,,,,BAC
2022-04-01,,,,,,,BAC
2022-04-01,,,,,,,CRM
2022-04-01,,,,,,,CRM
2022-04-01,,,,,,,CRM
2022-04-01,,,,,,,CRM
2022-04-01,212.47999572753906,214.02999877929688,210.0399932861328,212.25,210.40631103515625,6007900.0,CRM
2022-04-01,,,,,,,CRM
2022-04-01,,,,,,,CRM
2022-04-01,,,,,,,CRM
2022-04-01,,,,,,,CRM
2022-04-01,,,,,,,CRM
2022-04-01,,,,,,,CRM
2022-04-01,,,,,,,CRM
2022-04-01,,,,,,,CRM
2022-04-01,,,,,,,CRM
2022-04-01,,,,,,,CRM
2022-04-01,,,,,,,CRM
2022-04-01,,,,,,,CRM
2022-04-01,,,,,,,CRM
2022-04-01,,,,,,,CRM
2022-04-01,,,,,,,CRM
2022-04-01,,,,,,,DIS
2022-04-01,,,,,,,DIS
2022-04-01,,,,,,,DIS
2022-04-01,,,,,,,DIS
2022-04-01,,,,,,,DIS
2022-04-01,137.33999633789062,138.10000610351562,135.52999877929688,137.0,134.75355529785156,10341000.0,DIS
2022-04-01,,,,,,,DIS
2022-04-01,,,,,,,DIS
2022-04-01,,,,,,,DIS
2022-04-01,,,,,,,DIS
2022-04-01,,,,,,,DIS
2022-04-01,,,,,,,DIS
2022-04-01,,,,,,,DIS
2022-04-01,,,,,,,DIS
2022-04-01,,,,,,,DIS
2022-04-01,,,,,,,DIS
2022-04-01,,,,,,,DIS
2022-04-01,,,,,,,DIS
2022-04-01,,,,,,,DIS
2022-04-01,,,,,,,DIS
2022-04-01,,,,,,,GOOGL
2022-04-01,,,,,,,GOOGL
2022-04-01,,,,,,,GOOGL
2022-04-01,,,,,,,GOOGL
2022-04-01,,,,,,,GOOGL
2022-04-01,,,,,,,GOOGL
2022-04-01,139.5,140.4709930419922,138.3074951171875,140.15049743652344,139.1904754638672,25942000.0,GOOGL
2022-04-01,,,,,,,GOOGL
2022-04-01,,,,,,,GOOGL
2022-04-01,,,,,,,GOOGL
2022-04-01,,,,,,,GOOGL
2022-04-01,,,,,,,GOOGL
2022-04-01,,,,,,,GOOGL
2022-04-01,,,,,,,GOOGL
2022-04-01,,,,,,,GOOGL
2022-04-01,,,,,,,GOOGL
2022-04-01,,,,,,,GOOGL
2022-04-01,,,,,,,GOOGL
2022-04-01,,,,,,,GOOGL
2022-04-01,,,,,,,GOOGL
2022-04-01,,,,,,,HD
2022-04-01,,,,,,,HD
2022-04-01,,,,,,,HD
2022-04-01,,,,,,,HD
2022-04-01,,,,,,,HD
2022-04-01,,,,,,,HD
2022-04-01,,,,,,,HD
2022-04-01,300.5,303.3699951171875,298.8999938964844,301.8900146484375,276.27813720703125,5554600.0,HD
2022-04-01,,,,,,,HD
2022-04-01,,,,,,,HD
2022-04-01,,,,,,,HD
2022-04-01,,,,,,,HD
2022-04-01,,,,,,,HD
2022-04-01,,,,,,,HD
2022-04-01,,,,,,,HD
2022-04-01,,,,,,,HD
2022-04-01,,,,,,,HD
2022-04-01,,,,,,,HD
2022-04-01,,,,,,,HD
2022-04-01,,,,,,,HD
2022-04-01,,,,,,,JNJ
2022-04-01,,,,,,,JNJ
2022-04-01,,,,,,,JNJ
2022-04-01,,,,,,,JNJ
2022-04-01,,,,,,,JNJ
2022-04-01,,,,,,,JNJ
2022-04-01,,,,,,,JNJ
2022-04-01,,,,,,,JNJ
2022-04-01,177.0500030517578,178.42999267578125,175.60000610351562,178.19000244140625,160.5218505859375,6525600.0,JNJ
2022-04-01,,,,,,,JNJ
2022-04-01,,,,,,,JNJ
2022-04-01,,,,,,,JNJ
2022-04-01,,,,,,,JNJ
2022-04-01,,,,,,,JNJ
2022-04-01,,,,,,,JNJ
2022-04-01,,,,,,,JNJ
2022-04-01,,,,,,,JNJ
2022-04-01,,,,,,,JNJ
2022-04-01,,,,,,,JNJ
2022-04-01,,,,,,,JNJ
2022-04-01,,,,,,,JPM
2022-04-01,,,,,,,JPM
2022-04-01,,,,,,,JPM
2022-04-01,,,,,,,JPM
2022-04-01,,,,,,,JPM
2022-04-01,,,,,,,JPM
2022-04-01,,,,,,,JPM
2022-04-01,,,,,,,JPM
2022-04-01,,,,,,,JPM
2022-04-01,137.39999389648438,137.41000366210938,133.8000030517578,135.30999755859375,123.14961242675781,15721300.0,JPM
2022-04-01,,,,,,,JPM
2022-04-01,,,,,,,JPM
2022-04-01,,,,,,,JPM
2022-04-01,,,,,,,JPM
2022-04-01,,,,,,,JPM
2022-04-01,,,,,,,JPM
2022-04-01,,,,,,,JPM
2022-04-01,,,,,,,JPM
2022-04-01,,,,,,,JPM
2022-04-01,,,,,,,JPM
2022-04-01,,,,,,,MA
2022-04-01,,,,,,,MA
2022-04-01,,,,,,,MA
2022-04-01,,,,,,,MA
2022-04-01,,,,,,,MA
2022-04-01,,,,,,,MA
2022-04-01,,,,,,,MA
2022-04-01,,,,,,,MA
2022-04-01,,,,,,,MA
2022-04-01,,,,,,,MA
2022-04-01,359.2200012207031,367.8900146484375,358.1700134277344,363.9700012207031,356.4808044433594,3806800.0,MA
2022-04-01,,,,,,,MA
2022-04-01,,,,,,,MA
2022-04-01,,,,,,,MA
2022-04-01,,,,,,,MA
2022-04-01,,,,,,,MA
2022-04-01,,,,,,,MA
2022-04-01,,,,,,,MA
2022-04-01,,,,,,,MA
2022-04-01,,,,,,,MA
2022-04-01,,,,,,,META
2022-04-01,,,,,,,META
2022-04-01,,,,,,,META
2022-04-01,,,,,,,META
2022-04-01,,,,,,,META
2022-04-01,,,,,,,META
2022-04-01,,,,,,,META
2022-04-01,,,,,,,META
2022-04-01,,,,,,,META
2022-04-01,,,,,,,META
2022-04-01,,,,,,,META
2022-04-01,224.5500030517578,227.27999877929688,222.6999969482422,224.85000610351562,223.62318420410156,19544800.0,META
2022-04-01,,,,,,,META
2022-04-01,,,,,,,META
2022-04-01,,,,,,,META
2022-04-01,,,,,,,META
2022-04-01,,,,,,,META
2022-04-01,,,,,,,META
2022-04-01,,,,,,,META
2022-04-01,,,,,,,META
2022-04-01,,,,,,,MSFT
2022-04-01,,,,,,,MSFT
2022-04-01,,,,,,,MSFT
2022-04-01,,,,,,,MSFT
2022-04-01,,,,,,,MSFT
2022-04-01,,,,,,,MSFT
2022-04-01,,,,,,,MSFT
2022-04-01,,,,,,,MSFT
2022-04-01,,,,,,,MSFT
2022-04-01,,,,,,,MSFT
2022-04-01,,,,,,,MSFT
2022-04-01,,,,,,,MSFT
2022-04-01,309.3699951171875,310.1300048828125,305.5400085449219,309.4200134277344,300.5700378417969,27110500.0,MSFT
2022-04-01,,,,,,,MSFT
2022-04-01,,,,,,,MSFT
2022-04-01,,,,,,,MSFT
2022-04-01,,,,,,,MSFT
2022-04-01,,,,,,,MSFT
2022-04-01,,,,,,,MSFT
2022-04-01,,,,,,,MSFT
2022-04-01,,,,,,,NFLX
2022-04-01,,,,,,,NFLX
2022-04-01,,,,,,,NFLX
2022-04-01,,,,,,,NFLX
2022-04-01,,,,,,,NFLX
2022-04-01,,,,,,,NFLX
2022-04-01,,,,,,,NFLX
2022-04-01,,,,,,,NFLX
2022-04-01,,,,,,,NFLX
2022-04-01,,,,,,,NFLX
2022-04-01,,,,,,,NFLX
2022-04-01,,,,,,,NFLX
2022-04-01,,,,,,,NFLX
2022-04-01,376.79998779296875,380.8699951171875,368.5,373.4700012207031,373.4700012207031,4644200.0,NFLX
2022-04-01,,,,,,,NFLX
2022-04-01,,,,,,,NFLX
2022-04-01,,,,,,,NFLX
2022-04-01,,,,,,,NFLX
2022-04-01,,,,,,,NFLX
2022-04-01,,,,,,,NFLX
2022-04-01,,,,,,,NVDA
2022-04-01,,,,,,,NVDA
2022-04-01,,,,,,,NVDA
2022-04-01,,,,,,,NVDA
2022-04-01,,,,,,,NVDA
2022-04-01,,,,,,,NVDA
2022-04-01,,,,,,,NVDA
2022-04-01,,,,,,,NVDA
2022-04-01,,,,,,,NVDA
2022-04-01,,,,,,,NVDA
2022-04-01,,,,,,,NVDA
2022-04-01,,,,,,,NVDA
2022-04-01,,,,,,,NVDA
2022-04-01,,,,,,,NVDA
2022-04-01,27.375,27.496000289916992,26.267000198364258,26.711999893188477,26.666385650634766,517235000.0,NVDA
2022-04-01,,,,,,,NVDA
2022-04-01,,,,,,,NVDA
2022-04-01,,,,,,,NVDA
2022-04-01,,,,,,,NVDA
2022-04-01,,,,,,,NVDA
2022-04-01,,,,,,,PFE
2022-04-01,,,,,,,PFE
2022-04-01,,,,,,,PFE
2022-04-01,,,,,,,PFE
2022-04-01,,,,,,,PFE
2022-04-01,,,,,,,PFE
2022-04-01,,,,,,,PFE
2022-04-01,,,,,,,PFE
2022-04-01,,,,,,,PFE
2022-04-01,,,,,,,PFE
2022-04-01,,,,,,,PFE
2022-04-01,,,,,,,PFE
2022-04-01,,,,,,,PFE
2022-04-01,,,,,,,PFE
2022-04-01,,,,,,,PFE
2022-04-01,52.119998931884766,52.15999984741211,51.099998474121094,51.56999969482422,43.05363845825195,19073100.0,PFE
2022-04-01,,,,,,,PFE
2022-04-01,,,,,,,PFE
2022-04-01,,,,,,,PFE
2022-04-01,,,,,,,PFE
2022-04-01,,,,,,,PG
2022-04-01,,,,,,,PG
2022-04-01,,,,,,,PG
2022-04-01,,,,,,,PG
2022-04-01,,,,,,,PG
2022-04-01,,,,,,,PG
2022-04-01,,,,,,,PG
2022-04-01,,,,,,,PG
2022-04-01,,,,,,,PG
2022-04-01,,,,,,,PG
2022-04-01,,,,,,,PG
2022-04-01,,,,,,,PG
2022-04-01,,,,,,,PG
2022-04-01,,,,,,,PG
2022-04-01,,,,,,,PG
2022-04-01,,,,,,,PG
2022-04-01,153.52000427246094,155.4600067138672,152.05999755859375,155.08999633789062,142.0386962890625,5742600.0,PG
2022-04-01,,,,,,,PG
2022-04-01,,,,,,,PG
2022-04-01,,,,,,,PG
2022-04-01,,,,,,,TSLA
2022-04-01,,,,,,,TSLA
2022-04-01,,,,,,,TSLA
2022-04-01,,,,,,,TSLA
2022-04-01,,,,,,,TSLA
2022-04-01,,,,,,,TSLA
2022-04-01,,,,,,,TSLA
2022-04-01,,,,,,,TSLA
2022-04-01,,,,,,,TSLA
2022-04-01,,,,,,,TSLA
2022-04-01,,,,,,,TSLA
2022-04-01,,,,,,,TSLA
2022-04-01,,,,,,,TSLA
2022-04-01,,,,,,,TSLA
2022-04-01,,,,,,,TSLA
2022-04-01,,,,,,,TSLA
2022-04-01,,,,,,,TSLA
2022-04-01,360.3833312988281,364.9166564941406,355.5466613769531,361.5299987792969,361.5299987792969,54263100.0,TSLA
2022-04-01,,,,,,,TSLA
2022-04-01,,,,,,,TSLA
2022-04-01,,,,,,,UNH
2022-04-01,,,,,,,UNH
2022-04-01,,,,,,,UNH
2022-04-01,,,,,,,UNH
2022-04-01,,,,,,,UNH
2022-04-01,,,,,,,UNH
2022-04-01,,,,,,,UNH
2022-04-01,,,,,,,UNH
2022-04-01,,,,,,,UNH
2022-04-01,,,,,,,UNH
2022-04-01,,,,,,,UNH
2022-04-01,,,,,,,UNH
2022-04-01,,,,,,,UNH
2022-04-01,,,,,,,UNH
2022-04-01,,,,,,,UNH
2022-04-01,,,,,,,UNH
2022-04-01,,,,,,,UNH
2022-04-01,,,,,,,UNH
2022-04-01,510.67999267578125,514.780029296875,506.6000061035156,512.5900268554688,486.8172912597656,2344100.0,UNH
2022-04-01,,,,,,,UNH
2022-04-01,,,,,,,V
2022-04-01,,,,,,,V
2022-04-01,,,,,,,V
2022-04-01,,,,,,,V
2022-04-01,,,,,,,V
2022-04-01,,,,,,,V
2022-04-01,,,,,,,V
2022-04-01,,,,,,,V
2022-04-01,,,,,,,V
2022-04-01,,,,,,,V
2022-04-01,,,,,,,V
2022-04-01,,,,,,,V
2022-04-01,,,,,,,V
2022-04-01,,,,,,,V
2022-04-01,,,,,,,V
2022-04-01,,,,,,,V
2022-04-01,,,,,,,V
2022-04-01,,,,,,,V
2022-04-01,,,,,,,V
2022-04-01,223.0800018310547,226.6300048828125,222.22999572753906,226.36000061035156,220.43287658691406,6559600.0,V
2022-05-01,156.7100067138672,158.22999572753906,153.27000427246094,157.9600067138672,155.06175231933594,123055300.0,AAPL
2022-05-01,,,,,,,AAPL
2022-05-01,,,,,,,AAPL
2022-05-01,,,,,,,AAPL
2022-05-01,,,,,,,AAPL
2022-05-01,,,,,,,AAPL
2022-05-01,,,,,,,AAPL
2022-05-01,,,,,,,AAPL
2022-05-01,,,,,,,AAPL
2022-05-01,,,,,,,AAPL
2022-05-01,,,,,,,AAPL
2022-05-01,,,,,,,AAPL
2022-05-01,,,,,,,AAPL
2022-05-01,,,,,,,AAPL
2022-05-01,,,,,,,AAPL
2022-05-01,,,,,,,AAPL
2022-05-01,,,,,,,AAPL
2022-05-01,,,,,,,AAPL
2022-05-01,,,,,,,AAPL
2022-05-01,,,,,,,AAPL
2022-05-01,,,,,,,ADBE
2022-05-01,397.1300048828125,407.9800109863281,394.0400085449219,407.2900085449219,407.2900085449219,3010000.0,ADBE
2022-05-01,,,,,,,ADBE
2022-05-01,,,,,,,ADBE
2022-05-01,,,,,,,ADBE
2022-05-01,,,,,,,ADBE
2022-05-01,,,,,,,ADBE
2022-05-01,,,,,,,ADBE
2022-05-01,,,,,,,ADBE
2022-05-01,,,,,,,ADBE
2022-05-01,,,,,,,ADBE
2022-05-01,,,,,,,ADBE
2022-05-01,,,,,,,ADBE
2022-05-01,,,,,,,ADBE
2022-05-01,,,,,,,ADBE
2022-05-01,,,,,,,ADBE
2022-05-01,,,,,,,ADBE
2022-05-01,,,,,,,ADBE
2022-05-01,,,,,,,ADBE
2022-05-01,,,,,,,ADBE
2022-05-01,,,,,,,AMZN
2022-05-01,,,,,,,AMZN
2022-05-01,122.4010009765625,124.66799926757812,118.375,124.5,124.5,148788000.0,AMZN
2022-05-01,,,,,,,AMZN
2022-05-01,,,,,,,AMZN
2022-05-01,,,,,,,AMZN
2022-05-01,,,,,,,AMZN
2022-05-01,,,,,,,AMZN
2022-05-01,,,,,,,AMZN
2022-05-01,,,,,,,AMZN
2022-05-01,,,,,,,AMZN
2022-05-01,,,,,,,AMZN
2022-05-01,,,,,,,AMZN
2022-05-01,,,,,,,AMZN
2022-05-01,,,,,,,AMZN
2022-05-01,,,,,,,AMZN
2022-05-01,,,,,,,AMZN
2022-05-01,,,,,,,AMZN
2022-05-01,,,,,,,AMZN
2022-05-01,,,,,,,AMZN
2022-05-01,,,,,,,BAC
2022-05-01,,,,,,,BAC
2022-05-01,,,,,,,BAC
2022-05-01,36.029998779296875,36.279998779296875,35.400001525878906,36.13999938964844,32.97522735595703,46652200.0,BAC
2022-05-01,,,,,,,BAC
2022-05-01,,,,,,,BAC
2022-05-01,,,,,,,BAC
2022-05-01,,,,,,,BAC
2022-05-01,,,,,,,BAC
2022-05-01,,,,,,,BAC
2022-05-01,,,,,,,BAC
2022-05-01,,,,,,,BAC
2022-05-01,,,,,,,BAC
2022-05-01,,,,,,,BAC
2022-05-01,,,,,,,BAC
2022-05-01,,,,,,,BAC
2022-05-01,,,,,,,BAC
2022-05-01,,,,,,,BAC
2022-05-01,,,,,,,BAC
2022-05-01,,,,,,,BAC
2022-05-01,,,,,,,CRM
2022-05-01,,,,,,,CRM
2022-05-01,,,,,,,CRM
2022-05-01,,,,,,,CRM
2022-05-01,175.08999633789062,177.77999877929688,173.1199951171875,177.57000732421875,176.02755737304688,6278400.0,CRM
2022-05-01,,,,,,,CRM
2022-05-01,,,,,,,CRM
2022-05-01,,,,,,,CRM
2022-05-01,,,,,,,CRM
2022-05-01,,,,,,,CRM
2022-05-01,,,,,,,CRM
2022-05-01,,,,,,,CRM
2022-05-01,,,,,,,CRM
2022-05-01,,,,,,,CRM
2022-05-01,,,,,,,CRM
2022-05-01,,,,,,,CRM
2022-05-01,,,,,,,CRM
2022-05-01,,,,,,,CRM
2022-05-01,,,,,,,CRM
2022-05-01,,,,,,,CRM
2022-05-01,,,,,,,DIS
2022-05-01,,,,,,,DIS
2022-05-01,,,,,,,DIS
2022-05-01,,,,,,,DIS
2022-05-01,,,,,,,DIS
2022-05-01,111.70999908447266,113.66000366210938,111.01000213623047,113.5,111.6388931274414,14300700.0,DIS
2022-05-01,,,,,,,DIS
2022-05-01,,,,,,,DIS
2022-05-01,,,,,,,DIS
2022-05-01,,,,,,,DIS
2022-05-01,,,,,,,DIS
2022-05-01,,,,,,,DIS
2022-05-01,,,,,,,DIS
2022-05-01,,,,,,,DIS
2022-05-01,,,,,,,DIS
2022-05-01,,,,,,,DIS
2022-05-01,,,,,,,DIS
2022-05-01,,,,,,,DIS
2022-05-01,,,,,,,DIS
2022-05-01,,,,,,,DIS
2022-05-01,,,,,,,GOOGL
2022-05-01,,,,,,,GOOGL
2022-05-01,,,,,,,GOOGL
2022-05-01,,,,,,,GOOGL
2022-05-01,,,,,,,GOOGL
2022-05-01,,,,,,,GOOGL
2022-05-01,113.40499877929688,116.74549865722656,112.5999984741211,116.58300018310547,115.784423828125,35534000.0,GOOGL
2022-05-01,,,,,,,GOOGL
2022-05-01,,,,,,,GOOGL
2022-05-01,,,,,,,GOOGL
2022-05-01,,,,,,,GOOGL
2022-05-01,,,,,,,GOOGL
2022-05-01,,,,,,,GOOGL
2022-05-01,,,,,,,GOOGL
2022-05-01,,,,,,,GOOGL
2022-05-01,,,,,,,GOOGL
2022-05-01,,,,,,,GOOGL
2022-05-01,,,,,,,GOOGL
2022-05-01,,,,,,,GOOGL
2022-05-01,,,,,,,GOOGL
2022-05-01,,,,,,,HD
2022-05-01,,,,,,,HD
2022-05-01,,,,,,,HD
2022-05-01,,,,,,,HD
2022-05-01,,,,,,,HD
2022-05-01,,,,,,,HD
2022-05-01,,,,,,,HD
2022-05-01,301.989990234375,308.7900085449219,299.9100036621094,306.9700012207031,280.92718505859375,4233900.0,HD
2022-05-01,,,,,,,HD
2022-05-01,,,,,,,HD
2022-05-01,,,,,,,HD
2022-05-01,,,,,,,HD
2022-05-01,,,,,,,HD
2022-05-01,,,,,,,HD
2022-05-01,,,,,,,HD
2022-05-01,,,,,,,HD
2022-05-01,,,,,,,HD
2022-05-01,,,,,,,HD
2022-05-01,,,,,,,HD
2022-05-01,,,,,,,HD
2022-05-01,,,,,,,JNJ
2022-05-01,,,,,,,JNJ
2022-05-01,,,,,,,JNJ
2022-05-01,,,,,,,JNJ
2022-05-01,,,,,,,JNJ
2022-05-01,,,,,,,JNJ
2022-05-01,,,,,,,JNJ
2022-05-01,,,,,,,JNJ
2022-05-01,180.47000122070312,181.41000366210938,177.02999877929688,178.63999938964844,160.92724609375,7145400.0,JNJ
2022-05-01,,,,,,,JNJ
2022-05-01,,,,,,,JNJ
2022-05-01,,,,,,,JNJ
2022-05-01,,,,,,,JNJ
2022-05-01,,,,,,,JNJ
2022-05-01,,,,,,,JNJ
2022-05-01,,,,,,,JNJ
2022-05-01,,,,,,,JNJ
2022-05-01,,,,,,,JNJ
2022-05-01,,,,,,,JNJ
2022-05-01,,,,,,,JNJ
2022-05-01,,,,,,,JPM
2022-05-01,,,,,,,JPM
2022-05-01,,,,,,,JPM
2022-05-01,,,,,,,JPM
2022-05-01,,,,,,,JPM
2022-05-01,,,,,,,JPM
2022-05-01,,,,,,,JPM
2022-05-01,,,,,,,JPM
2022-05-01,,,,,,,JPM
2022-05-01,119.87999725341797,120.70999908447266,118.22000122070312,120.44999694824219,110.43767547607422,18545000.0,JPM
2022-05-01,,,,,,,JPM
2022-05-01,,,,,,,JPM
2022-05-01,,,,,,,JPM
2022-05-01,,,,,,,JPM
2022-05-01,,,,,,,JPM
2022-05-01,,,,,,,JPM
2022-05-01,,,,,,,JPM
2022-05-01,,,,,,,JPM
2022-05-01,,,,,,,JPM
2022-05-01,,,,,,,JPM
2022-05-01,,,,,,,MA
2022-05-01,,,,,,,MA
2022-05-01,,,,,,,MA
2022-05-01,,,,,,,MA
2022-05-01,,,,,,,MA
2022-05-01,,,,,,,MA
2022-05-01,,,,,,,MA
2022-05-01,,,,,,,MA
2022-05-01,,,,,,,MA
2022-05-01,,,,,,,MA
2022-05-01,363.0,364.92999267578125,350.5899963378906,359.0400085449219,352.14031982421875,3903800.0,MA
2022-05-01,,,,,,,MA
2022-05-01,,,,,,,MA
2022-05-01,,,,,,,MA
2022-05-01,,,,,,,MA
2022-05-01,,,,,,,MA
2022-05-01,,,,,,,MA
2022-05-01,,,,,,,MA
2022-05-01,,,,,,,MA
2022-05-01,,,,,,,MA
2022-05-01,,,,,,,META
2022-05-01,,,,,,,META
2022-05-01,,,,,,,META
2022-05-01,,,,,,,META
2022-05-01,,,,,,,META
2022-05-01,,,,,,,META
2022-05-01,,,,,,,META
2022-05-01,,,,,,,META
2022-05-01,,,,,,,META
2022-05-01,,,,,,,META
2022-05-01,,,,,,,META
2022-05-01,201.1699981689453,211.8800048828125,200.99000549316406,211.1300048828125,209.97804260253906,49915300.0,META
2022-05-01,,,,,,,META
2022-05-01,,,,,,,META
2022-05-01,,,,,,,META
2022-05-01,,,,,,,META
2022-05-01,,,,,,,META
2022-05-01,,,,,,,META
2022-05-01,,,,,,,META
2022-05-01,,,,,,,META
2022-05-01,,,,,,,MSFT
2022-05-01,,,,,,,MSFT
2022-05-01,,,,,,,MSFT
2022-05-01,,,,,,,MSFT
2022-05-01,,,,,,,MSFT
2022-05-01,,,,,,,MSFT
2022-05-01,,,,,,,MSFT
2022-05-01,,,,,,,MSFT
2022-05-01,,,,,,,MSFT
2022-05-01,,,,,,,MSFT
2022-05-01,,,,,,,MSFT
2022-05-01,,,,,,,MSFT
2022-05-01,277.7099914550781,284.94000244140625,276.2200012207031,284.4700012207031,276.33367919921875,35151100.0,MSFT
2022-05-01,,,,,,,MSFT
2022-05-01,,,,,,,MSFT
2022-05-01,,,,,,,MSFT
2022-05-01,,,,,,,MSFT
2022-05-01,,,,,,,MSFT
2022-05-01,,,,,,,MSFT
2022-05-01,,,,,,,MSFT
2022-05-01,,,,,,,NFLX
2022-05-01,,,,,,,NFLX
2022-05-01,,,,,,,NFLX
2022-05-01,,,,,,,NFLX
2022-05-01,,,,,,,NFLX
2022-05-01,,,,,,,NFLX
2022-05-01,,,,,,,NFLX
2022-05-01,,,,,,,NFLX
2022-05-01,,,,,,,NFLX
2022-05-01,,,,,,,NFLX
2022-05-01,,,,,,,NFLX
2022-05-01,,,,,,,NFLX
2022-05-01,,,,,,,NFLX
2022-05-01,191.7100067138672,200.2100067138672,190.00999450683594,199.4600067138672,199.4600067138672,14591600.0,NFLX
2022-05-01,,,,,,,NFLX
2022-05-01,,,,,,,NFLX
2022-05-01,,,,,,,NFLX
2022-05-01,,,,,,,NFLX
2022-05-01,,,,,,,NFLX
2022-05-01,,,,,,,NFLX
2022-05-01,,,,,,,NVDA
2022-05-01,,,,,,,NVDA
2022-05-01,,,,,,,NVDA
2022-05-01,,,,,,,NVDA
2022-05-01,,,,,,,NVDA
2022-05-01,,,,,,,NVDA
2022-05-01,,,,,,,NVDA
2022-05-01,,,,,,,NVDA
2022-05-01,,,,,,,NVDA
2022-05-01,,,,,,,NVDA
2022-05-01,,,,,,,NVDA
2022-05-01,,,,,,,NVDA
2022-05-01,,,,,,,NVDA
2022-05-01,,,,,,,NVDA
2022-05-01,18.541000366210938,19.573999404907227,18.391000747680664,19.533000946044922,19.499643325805664,572049000.0,NVDA
2022-05-01,,,,,,,NVDA
2022-05-01,,,,,,,NVDA
2022-05-01,,,,,,,NVDA
2022-05-01,,,,,,,NVDA
2022-05-01,,,,,,,NVDA
2022-05-01,,,,,,,PFE
2022-05-01,,,,,,,PFE
2022-05-01,,,,,,,PFE
2022-05-01,,,,,,,PFE
2022-05-01,,,,,,,PFE
2022-05-01,,,,,,,PFE
2022-05-01,,,,,,,PFE
2022-05-01,,,,,,,PFE
2022-05-01,,,,,,,PFE
2022-05-01,,,,,,,PFE
2022-05-01,,,,,,,PFE
2022-05-01,,,,,,,PFE
2022-05-01,,,,,,,PFE
2022-05-01,,,,,,,PFE
2022-05-01,,,,,,,PFE
2022-05-01,47.68000030517578,48.7599983215332,47.459999084472656,48.34000015258789,40.35704803466797,36228400.0,PFE
2022-05-01,,,,,,,PFE
2022-05-01,,,,,,,PFE
2022-05-01,,,,,,,PFE
2022-05-01,,,,,,,PFE
2022-05-01,,,,,,,PG
2022-05-01,,,,,,,PG
2022-05-01,,,,,,,PG
2022-05-01,,,,,,,PG
2022-05-01,,,,,,,PG
2022-05-01,,,,,,,PG
2022-05-01,,,,,,,PG
2022-05-01,,,,,,,PG
2022-05-01,,,,,,,PG
2022-05-01,,,,,,,PG
2022-05-01,,,,,,,PG
2022-05-01,,,,,,,PG
2022-05-01,,,,,,,PG
2022-05-01,,,,,,,PG
2022-05-01,,,,,,,PG
2022-05-01,,,,,,,PG
2022-05-01,161.60000610351562,162.0,156.19000244140625,158.3800048828125,145.8656463623047,10351600.0,PG
2022-05-01,,,,,,,PG
2022-05-01,,,,,,,PG
2022-05-01,,,,,,,PG
2022-05-01,,,,,,,TSLA
2022-05-01,,,,,,,TSLA
2022-05-01,,,,,,,TSLA
2022-05-01,,,,,,,TSLA
2022-05-01,,,,,,,TSLA
2022-05-01,,,,,,,TSLA
2022-05-01,,,,,,,TSLA
2022-05-01,,,,,,,TSLA
2022-05-01,,,,,,,TSLA
2022-05-01,,,,,,,TSLA
2022-05-01,,,,,,,TSLA
2022-05-01,,,,,,,TSLA
2022-05-01,,,,,,,TSLA
2022-05-01,,,,,,,TSLA
2022-05-01,,,,,,,TSLA
2022-05-01,,,,,,,TSLA
2022-05-01,,,,,,,TSLA
2022-05-01,286.92333984375,302.1199951171875,282.6766662597656,300.9800109863281,300.9800109863281,75781500.0,TSLA
2022-05-01,,,,,,,TSLA
2022-05-01,,,,,,,TSLA
2022-05-01,,,,,,,UNH
2022-05-01,,,,,,,UNH
2022-05-01,,,,,,,UNH
2022-05-01,,,,,,,UNH
2022-05-01,,,,,,,UNH
2022-05-01,,,,,,,UNH
2022-05-01,,,,,,,UNH
2022-05-01,,,,,,,UNH
2022-05-01,,,,,,,UNH
2022-05-01,,,,,,,UNH
2022-05-01,,,,,,,UNH
2022-05-01,,,,,,,UNH
2022-05-01,,,,,,,UNH
2022-05-01,,,,,,,UNH
2022-05-01,,,,,,,UNH
2022-05-01,,,,,,,UNH
2022-05-01,,,,,,,UNH
2022-05-01,,,,,,,UNH
2022-05-01,510.80999755859375,513.510009765625,493.3399963378906,501.1499938964844,475.9525146484375,3184300.0,UNH
2022-05-01,,,,,,,UNH
2022-05-01,,,,,,,V
2022-05-01,,,,,,,V
2022-05-01,,,,,,,V
2022-05-01,,,,,,,V
2022-05-01,,,,,,,V
2022-05-01,,,,,,,V
2022-05-01,,,,,,,V
2022-05-01,,,,,,,V
2022-05-01,,,,,,,V
2022-05-01,,,,,,,V
2022-05-01,,,,,,,V
2022-05-01,,,,,,,V
2022-05-01,,,,,,,V
2022-05-01,,,,,,,V
2022-05-01,,,,,,,V
2022-05-01,,,,,,,V
2022-05-01,,,,,,,V
2022-05-01,,,,,,,V
2022-05-01,,,,,,,V
2022-05-01,211.77000427246094,212.13999938964844,206.9600067138672,211.52999877929688,205.99122619628906,8803700.0,V
2022-06-01,149.89999389648438,151.74000549316406,147.67999267578125,148.7100067138672,146.19595336914062,74286600.0,AAPL
2022-06-01,,,,,,,AAPL
2022-06-01,,,,,,,AAPL
2022-06-01,,,,,,,AAPL
2022-06-01,,,,,,,AAPL
2022-06-01,,,,,,,AAPL
2022-06-01,,,,,,,AAPL
2022-06-01,,,,,,,AAPL
2022-06-01,,,,,,,AAPL
2022-06-01,,,,,,,AAPL
2022-06-01,,,,,,,AAPL
2022-06-01,,,,,,,AAPL
2022-06-01,,,,,,,AAPL
2022-06-01,,,,,,,AAPL
2022-06-01,,,,,,,AAPL
2022-06-01,,,,,,,AAPL
2022-06-01,,,,,,,AAPL
2022-06-01,,,,,,,AAPL
2022-06-01,,,,,,,AAPL
2022-06-01,,,,,,,AAPL
2022-06-01,,,,,,,ADBE
2022-06-01,428.0,437.54998779296875,413.7900085449219,418.1600036621094,418.1600036621094,3409900.0,ADBE
2022-06-01,,,,,,,ADBE
2022-06-01,,,,,,,ADBE
2022-06-01,,,,,,,ADBE
2022-06-01,,,,,,,ADBE
2022-06-01,,,,,,,ADBE
2022-06-01,,,,,,,ADBE
2022-06-01,,,,,,,ADBE
2022-06-01,,,,,,,ADBE
2022-06-01,,,,,,,ADBE
2022-06-01,,,,,,,ADBE
2022-06-01,,,,,,,ADBE
2022-06-01,,,,,,,ADBE
2022-06-01,,,,,,,ADBE
2022-06-01,,,,,,,ADBE
2022-06-01,,,,,,,ADBE
2022-06-01,,,,,,,ADBE
2022-06-01,,,,,,,ADBE
2022-06-01,,,,,,,ADBE
2022-06-01,,,,,,,AMZN
2022-06-01,,,,,,,AMZN
2022-06-01,122.25599670410156,125.17900085449219,120.62249755859375,121.68399810791016,121.68399810791016,127528000.0,AMZN
2022-06-01,,,,,,,AMZN
2022-06-01,,,,,,,AMZN
2022-06-01,,,,,,,AMZN
2022-06-01,,,,,,,AMZN
2022-06-01,,,,,,,AMZN
2022-06-01,,,,,,,AMZN
2022-06-01,,,,,,,AMZN
2022-06-01,,,,,,,AMZN
2022-06-01,,,,,,,AMZN
2022-06-01,,,,,,,AMZN
2022-06-01,,,,,,,AMZN
2022-06-01,,,,,,,AMZN
2022-06-01,,,,,,,AMZN
2022-06-01,,,,,,,AMZN
2022-06-01,,,,,,,AMZN
2022-06-01,,,,,,,AMZN
2022-06-01,,,,,,,AMZN
2022-06-01,,,,,,,BAC
2022-06-01,,,,,,,BAC
2022-06-01,,,,,,,BAC
2022-06-01,37.459999084472656,37.470001220703125,36.16999816894531,36.66999816894531,33.45882797241211,35237900.0,BAC
2022-06-01,,,,,,,BAC
2022-06-01,,,,,,,BAC
2022-06-01,,,,,,,BAC
2022-06-01,,,,,,,BAC
2022-06-01,,,,,,,BAC
2022-06-01,,,,,,,BAC
2022-06-01,,,,,,,BAC
2022-06-01,,,,,,,BAC
2022-06-01,,,,,,,BAC
2022-06-01,,,,,,,BAC
2022-06-01,,,,,,,BAC
2022-06-01,,,,,,,BAC
2022-06-01,,,,,,,BAC
2022-06-01,,,,,,,BAC
2022-06-01,,,,,,,BAC
2022-06-01,,,,,,,BAC
2022-06-01,,,,,,,CRM
2022-06-01,,,,,,,CRM
2022-06-01,,,,,,,CRM
2022-06-01,,,,,,,CRM
2022-06-01,178.00999450683594,184.4199981689453,174.3699951171875,176.07000732421875,174.5405731201172,37037400.0,CRM
2022-06-01,,,,,,,CRM
2022-06-01,,,,,,,CRM
2022-06-01,,,,,,,CRM
2022-06-01,,,,,,,CRM
2022-06-01,,,,,,,CRM
2022-06-01,,,,,,,CRM
2022-06-01,,,,,,,CRM
2022-06-01,,,,,,,CRM
2022-06-01,,,,,,,CRM
2022-06-01,,,,,,,CRM
2022-06-01,,,,,,,CRM
2022-06-01,,,,,,,CRM
2022-06-01,,,,,,,CRM
2022-06-01,,,,,,,CRM
2022-06-01,,,,,,,CRM
2022-06-01,,,,,,,DIS
2022-06-01,,,,,,,DIS
2022-06-01,,,,,,,DIS
2022-06-01,,,,,,,DIS
2022-06-01,,,,,,,DIS
2022-06-01,112.01000213623047,112.8499984741211,108.2699966430664,109.19000244140625,107.39958190917969,11829700.0,DIS
2022-06-01,,,,,,,DIS
2022-06-01,,,,,,,DIS
2022-06-01,,,,,,,DIS
2022-06-01,,,,,,,DIS
2022-06-01,,,,,,,DIS
2022-06-01,,,,,,,DIS
2022-06-01,,,,,,,DIS
2022-06-01,,,,,,,DIS
2022-06-01,,,,,,,DIS
2022-06-01,,,,,,,DIS
2022-06-01,,,,,,,DIS
2022-06-01,,,,,,,DIS
2022-06-01,,,,,,,DIS
2022-06-01,,,,,,,DIS
2022-06-01,,,,,,,GOOGL
2022-06-01,,,,,,,GOOGL
2022-06-01,,,,,,,GOOGL
2022-06-01,,,,,,,GOOGL
2022-06-01,,,,,,,GOOGL
2022-06-01,,,,,,,GOOGL
2022-06-01,114.8550033569336,117.10150146484375,113.25,113.89199829101562,113.11185455322266,36606000.0,GOOGL
2022-06-01,,,,,,,GOOGL
2022-06-01,,,,,,,GOOGL
2022-06-01,,,,,,,GOOGL
2022-06-01,,,,,,,GOOGL
2022-06-01,,,,,,,GOOGL
2022-06-01,,,,,,,GOOGL
2022-06-01,,,,,,,GOOGL
2022-06-01,,,,,,,GOOGL
2022-06-01,,,,,,,GOOGL
2022-06-01,,,,,,,GOOGL
2022-06-01,,,,,,,GOOGL
2022-06-01,,,,,,,GOOGL
2022-06-01,,,,,,,GOOGL
2022-06-01,,,,,,,HD
2022-06-01,,,,,,,HD
2022-06-01,,,,,,,HD
2022-06-01,,,,,,,HD
2022-06-01,,,,,,,HD
2022-06-01,,,,,,,HD
2022-06-01,,,,,,,HD
2022-06-01,301.739990234375,302.9800109863281,297.0299987792969,297.19000244140625,273.6945495605469,3080800.0,HD
2022-06-01,,,,,,,HD
2022-06-01,,,,,,,HD
2022-06-01,,,,,,,HD
2022-06-01,,,,,,,HD
2022-06-01,,,,,,,HD
2022-06-01,,,,,,,HD
2022-06-01,,,,,,,HD
2022-06-01,,,,,,,HD
2022-06-01,,,,,,,HD
2022-06-01,,,,,,,HD
2022-06-01,,,,,,,HD
2022-06-01,,,,,,,HD
2022-06-01,,,,,,,JNJ
2022-06-01,,,,,,,JNJ
2022-06-01,,,,,,,JNJ
2022-06-01,,,,,,,JNJ
2022-06-01,,,,,,,JNJ
2022-06-01,,,,,,,JNJ
2022-06-01,,,,,,,JNJ
2022-06-01,,,,,,,JNJ
2022-06-01,179.14999389648438,179.8300018310547,175.89999389648438,177.7100067138672,161.1182098388672,5175400.0,JNJ
2022-06-01,,,,,,,JNJ
2022-06-01,,,,,,,JNJ
2022-06-01,,,,,,,JNJ
2022-06-01,,,,,,,JNJ
2022-06-01,,,,,,,JNJ
2022-06-01,,,,,,,JNJ
2022-06-01,,,,,,,JNJ
2022-06-01,,,,,,,JNJ
2022-06-01,,,,,,,JNJ
2022-06-01,,,,,,,JNJ
2022-06-01,,,,,,,JNJ
2022-06-01,,,,,,,JPM
2022-06-01,,,,,,,JPM
2022-06-01,,,,,,,JPM
2022-06-01,,,,,,,JPM
2022-06-01,,,,,,,JPM
2022-06-01,,,,,,,JPM
2022-06-01,,,,,,,JPM
2022-06-01,,,,,,,JPM
2022-06-01,,,,,,,JPM
2022-06-01,132.8699951171875,132.8699951171875,128.6699981689453,129.91000366210938,119.111328125,10768000.0,JPM
2022-06-01,,,,,,,JPM
2022-06-01,,,,,,,JPM
2022-06-01,,,,,,,JPM
2022-06-01,,,,,,,JPM
2022-06-01,,,,,,,JPM
2022-06-01,,,,,,,JPM
2022-06-01,,,,,,,JPM
2022-06-01,,,,,,,JPM
2022-06-01,,,,,,,JPM
2022-06-01,,,,,,,JPM
2022-06-01,,,,,,,MA
2022-06-01,,,,,,,MA
2022-06-01,,,,,,,MA
2022-06-01,,,,,,,MA
2022-06-01,,,,,,,MA
2022-06-01,,,,,,,MA
2022-06-01,,,,,,,MA
2022-06-01,,,,,,,MA
2022-06-01,,,,,,,MA
2022-06-01,,,,,,,MA
2022-06-01,358.20001220703125,364.44000244140625,354.8500061035156,357.05999755859375,350.1983337402344,2190000.0,MA
2022-06-01,,,,,,,MA
2022-06-01,,,,,,,MA
2022-06-01,,,,,,,MA
2022-06-01,,,,,,,MA
2022-06-01,,,,,,,MA
2022-06-01,,,,,,,MA
2022-06-01,,,,,,,MA
2022-06-01,,,,,,,MA
2022-06-01,,,,,,,MA
2022-06-01,,,,,,,META
2022-06-01,,,,,,,META
2022-06-01,,,,,,,META
2022-06-01,,,,,,,META
2022-06-01,,,,,,,META
2022-06-01,,,,,,,META
2022-06-01,,,,,,,META
2022-06-01,,,,,,,META
2022-06-01,,,,,,,META
2022-06-01,,,,,,,META
2022-06-01,,,,,,,META
2022-06-01,196.50999450683594,199.52999877929688,185.0,188.63999938964844,187.6107635498047,36623500.0,META
2022-06-01,,,,,,,META
2022-06-01,,,,,,,META
2022-06-01,,,,,,,META
2022-06-01,,,,,,,META
2022-06-01,,,,,,,META
2022-06-01,,,,,,,META
2022-06-01,,,,,,,META
2022-06-01,,,,,,,META
2022-06-01,,,,,,,MSFT
2022-06-01,,,,,,,MSFT
2022-06-01,,,,,,,MSFT
2022-06-01,,,,,,,MSFT
2022-06-01,,,,,,,MSFT
2022-06-01,,,,,,,MSFT
2022-06-01,,,,,,,MSFT
2022-06-01,,,,,,,MSFT
2022-06-01,,,,,,,MSFT
2022-06-01,,,,,,,MSFT
2022-06-01,,,,,,,MSFT
2022-06-01,,,,,,,MSFT
2022-06-01,275.20001220703125,277.69000244140625,270.0400085449219,272.4200134277344,265.24468994140625,25292200.0,MSFT
2022-06-01,,,,,,,MSFT
2022-06-01,,,,,,,MSFT
2022-06-01,,,,,,,MSFT
2022-06-01,,,,,,,MSFT
2022-06-01,,,,,,,MSFT
2022-06-01,,,,,,,MSFT
2022-06-01,,,,,,,MSFT
2022-06-01,,,,,,,NFLX
2022-06-01,,,,,,,NFLX
2022-06-01,,,,,,,NFLX
2022-06-01,,,,,,,NFLX
2022-06-01,,,,,,,NFLX
2022-06-01,,,,,,,NFLX
2022-06-01,,,,,,,NFLX
2022-06-01,,,,,,,NFLX
2022-06-01,,,,,,,NFLX
2022-06-01,,,,,,,NFLX
2022-06-01,,,,,,,NFLX
2022-06-01,,,,,,,NFLX
2022-06-01,,,,,,,NFLX
2022-06-01,198.6999969482422,202.74000549316406,191.66000366210938,192.91000366210938,192.91000366210938,8416200.0,NFLX
2022-06-01,,,,,,,NFLX
2022-06-01,,,,,,,NFLX
2022-06-01,,,,,,,NFLX
2022-06-01,,,,,,,NFLX
2022-06-01,,,,,,,NFLX
2022-06-01,,,,,,,NFLX
2022-06-01,,,,,,,NVDA
2022-06-01,,,,,,,NVDA
2022-06-01,,,,,,,NVDA
2022-06-01,,,,,,,NVDA
2022-06-01,,,,,,,NVDA
2022-06-01,,,,,,,NVDA
2022-06-01,,,,,,,NVDA
2022-06-01,,,,,,,NVDA
2022-06-01,,,,,,,NVDA
2022-06-01,,,,,,,NVDA
2022-06-01,,,,,,,NVDA
2022-06-01,,,,,,,NVDA
2022-06-01,,,,,,,NVDA
2022-06-01,,,,,,,NVDA
2022-06-01,18.724000930786133,19.05299949645996,18.121999740600586,18.31999969482422,18.288715362548828,544514000.0,NVDA
2022-06-01,,,,,,,NVDA
2022-06-01,,,,,,,NVDA
2022-06-01,,,,,,,NVDA
2022-06-01,,,,,,,NVDA
2022-06-01,,,,,,,NVDA
2022-06-01,,,,,,,PFE
2022-06-01,,,,,,,PFE
2022-06-01,,,,,,,PFE
2022-06-01,,,,,,,PFE
2022-06-01,,,,,,,PFE
2022-06-01,,,,,,,PFE
2022-06-01,,,,,,,PFE
2022-06-01,,,,,,,PFE
2022-06-01,,,,,,,PFE
2022-06-01,,,,,,,PFE
2022-06-01,,,,,,,PFE
2022-06-01,,,,,,,PFE
2022-06-01,,,,,,,PFE
2022-06-01,,,,,,,PFE
2022-06-01,,,,,,,PFE
2022-06-01,53.25,53.279998779296875,51.84000015258789,52.369998931884766,44.07807159423828,17430600.0,PFE
2022-06-01,,,,,,,PFE
2022-06-01,,,,,,,PFE
2022-06-01,,,,,,,PFE
2022-06-01,,,,,,,PFE
2022-06-01,,,,,,,PG
2022-06-01,,,,,,,PG
2022-06-01,,,,,,,PG
2022-06-01,,,,,,,PG
2022-06-01,,,,,,,PG
2022-06-01,,,,,,,PG
2022-06-01,,,,,,,PG
2022-06-01,,,,,,,PG
2022-06-01,,,,,,,PG
2022-06-01,,,,,,,PG
2022-06-01,,,,,,,PG
2022-06-01,,,,,,,PG
2022-06-01,,,,,,,PG
2022-06-01,,,,,,,PG
2022-06-01,,,,,,,PG
2022-06-01,,,,,,,PG
2022-06-01,148.0,148.1199951171875,144.7100067138672,145.63999938964844,134.13226318359375,7036000.0,PG
2022-06-01,,,,,,,PG
2022-06-01,,,,,,,PG
2022-06-01,,,,,,,PG
2022-06-01,,,,,,,TSLA
2022-06-01,,,,,,,TSLA
2022-06-01,,,,,,,TSLA
2022-06-01,,,,,,,TSLA
2022-06-01,,,,,,,TSLA
2022-06-01,,,,,,,TSLA
2022-06-01,,,,,,,TSLA
2022-06-01,,,,,,,TSLA
2022-06-01,,,,,,,TSLA
2022-06-01,,,,,,,TSLA
2022-06-01,,,,,,,TSLA
2022-06-01,,,,,,,TSLA
2022-06-01,,,,,,,TSLA
2022-06-01,,,,,,,TSLA
2022-06-01,,,,,,,TSLA
2022-06-01,,,,,,,TSLA
2022-06-01,,,,,,,TSLA
2022-06-01,251.72000122070312,257.32666015625,243.63999938964844,246.7899932861328,246.7899932861328,77247900.0,TSLA
2022-06-01,,,,,,,TSLA
2022-06-01,,,,,,,TSLA
2022-06-01,,,,,,,UNH
2022-06-01,,,,,,,UNH
2022-06-01,,,,,,,UNH
2022-06-01,,,,,,,UNH
2022-06-01,,,,,,,UNH
2022-06-01,,,,,,,UNH
2022-06-01,,,,,,,UNH
2022-06-01,,,,,,,UNH
2022-06-01,,,,,,,UNH
2022-06-01,,,,,,,UNH
2022-06-01,,,,,,,UNH
2022-06-01,,,,,,,UNH
2022-06-01,,,,,,,UNH
2022-06-01,,,,,,,UNH
2022-06-01,,,,,,,UNH
2022-06-01,,,,,,,UNH
2022-06-01,,,,,,,UNH
2022-06-01,,,,,,,UNH
2022-06-01,498.32000732421875,501.3800048828125,487.7799987792969,492.54998779296875,467.784912109375,1765900.0,UNH
2022-06-01,,,,,,,UNH
2022-06-01,,,,,,,V
2022-06-01,,,,,,,V
2022-06-01,,,,,,,V
2022-06-01,,,,,,,V
2022-06-01,,,,,,,V
2022-06-01,,,,,,,V
2022-06-01,,,,,,,V
2022-06-01,,,,,,,V
2022-06-01,,,,,,,V
2022-06-01,,,,,,,V
2022-06-01,,,,,,,V
2022-06-01,,,,,,,V
2022-06-01,,,,,,,V
2022-06-01,,,,,,,V
2022-06-01,,,,,,,V
2022-06-01,,,,,,,V
2022-06-01,,,,,,,V
2022-06-01,,,,,,,V
2022-06-01,,,,,,,V
2022-06-01,212.0500030517578,214.11000061035156,208.82000732421875,209.92999267578125,204.82354736328125,5246100.0,V
2022-07-01,136.0399932861328,139.0399932861328,135.66000366210938,138.92999267578125,136.58128356933594,71051600.0,AAPL
2022-07-01,,,,,,,AAPL
2022-07-01,,,,,,,AAPL
2022-07-01,,,,,,,AAPL
2022-07-01,,,,,,,AAPL
2022-07-01,,,,,,,AAPL
2022-07-01,,,,,,,AAPL
2022-07-01,,,,,,,AAPL
2022-07-01,,,,,,,AAPL
2022-07-01,,,,,,,AAPL
2022-07-01,,,,,,,AAPL
2022-07-01,,,,,,,AAPL
2022-07-01,,,,,,,AAPL
2022-07-01,,,,,,,AAPL
2022-07-01,,,,,,,AAPL
2022-07-01,,,,,,,AAPL
2022-07-01,,,,,,,AAPL
2022-07-01,,,,,,,AAPL
2022-07-01,,,,,,,AAPL
2022-07-01,,,,,,,AAPL
2022-07-01,,,,,,,ADBE
2022-07-01,364.17999267578125,369.5299987792969,359.07000732421875,368.4800109863281,368.4800109863281,2471600.0,ADBE
2022-07-01,,,,,,,ADBE
2022-07-01,,,,,,,ADBE
2022-07-01,,,,,,,ADBE
2022-07-01,,,,,,,ADBE
2022-07-01,,,,,,,ADBE
2022-07-01,,,,,,,ADBE
2022-07-01,,,,,,,ADBE
2022-07-01,,,,,,,ADBE
2022-07-01,,,,,,,ADBE
2022-07-01,,,,,,,ADBE
2022-07-01,,,,,,,ADBE
2022-07-01,,,,,,,ADBE
2022-07-01,,,,,,,ADBE
2022-07-01,,,,,,,ADBE
2022-07-01,,,,,,,ADBE
2022-07-01,,,,,,,ADBE
2022-07-01,,,,,,,ADBE
2022-07-01,,,,,,,ADBE
2022-07-01,,,,,,,AMZN
2022-07-01,,,,,,,AMZN
2022-07-01,106.29000091552734,109.75,105.8499984741211,109.55999755859375,109.55999755859375,73021200.0,AMZN
2022-07-01,,,,,,,AMZN
2022-07-01,,,,,,,AMZN
2022-07-01,,,,,,,AMZN
2022-07-01,,,,,,,AMZN
2022-07-01,,,,,,,AMZN
2022-07-01,,,,,,,AMZN
2022-07-01,,,,,,,AMZN
2022-07-01,,,,,,,AMZN
2022-07-01,,,,,,,AMZN
2022-07-01,,,,,,,AMZN
2022-07-01,,,,,,,AMZN
2022-07-01,,,,,,,AMZN
2022-07-01,,,,,,,AMZN
2022-07-01,,,,,,,AMZN
2022-07-01,,,,,,,AMZN
2022-07-01,,,,,,,AMZN
2022-07-01,,,,,,,AMZN
2022-07-01,,,,,,,BAC
2022-07-01,,,,,,,BAC
2022-07-01,,,,,,,BAC
2022-07-01,30.979999542236328,31.670000076293945,30.6299991607666,31.559999465942383,28.962160110473633,40236100.0,BAC
2022-07-01,,,,,,,BAC
2022-07-01,,,,,,,BAC
2022-07-01,,,,,,,BAC
2022-07-01,,,,,,,BAC
2022-07-01,,,,,,,BAC
2022-07-01,,,,,,,BAC
2022-07-01,,,,,,,BAC
2022-07-01,,,,,,,BAC
2022-07-01,,,,,,,BAC
2022-07-01,,,,,,,BAC
2022-07-01,,,,,,,BAC
2022-07-01,,,,,,,BAC
2022-07-01,,,,,,,BAC
2022-07-01,,,,,,,BAC
2022-07-01,,,,,,,BAC
2022-07-01,,,,,,,BAC
2022-07-01,,,,,,,CRM
2022-07-01,,,,,,,CRM
2022-07-01,,,,,,,CRM
2022-07-01,,,,,,,CRM
2022-07-01,164.75999450683594,169.14999389648438,164.0500030517578,168.1999969482422,166.73895263671875,4561600.0,CRM
2022-07-01,,,,,,,CRM
2022-07-01,,,,,,,CRM
2022-07-01,,,,,,,CRM
2022-07-01,,,,,,,CRM
2022-07-01,,,,,,,CRM
2022-07-01,,,,,,,CRM
2022-07-01,,,,,,,CRM
2022-07-01,,,,,,,CRM
2022-07-01,,,,,,,CRM
2022-07-01,,,,,,,CRM
2022-07-01,,,,,,,CRM
2022-07-01,,,,,,,CRM
2022-07-01,,,,,,,CRM
2022-07-01,,,,,,,CRM
2022-07-01,,,,,,,CRM
2022-07-01,,,,,,,DIS
2022-07-01,,,,,,,DIS
2022-07-01,,,,,,,DIS
2022-07-01,,,,,,,DIS
2022-07-01,,,,,,,DIS
2022-07-01,94.23999786376953,96.30999755859375,93.9800033569336,96.13999938964844,94.56356048583984,10543400.0,DIS
2022-07-01,,,,,,,DIS
2022-07-01,,,,,,,DIS
2022-07-01,,,,,,,DIS
2022-07-01,,,,,,,DIS
2022-07-01,,,,,,,DIS
2022-07-01,,,,,,,DIS
2022-07-01,,,,,,,DIS
2022-07-01,,,,,,,DIS
2022-07-01,,,,,,,DIS
2022-07-01,,,,,,,DIS
2022-07-01,,,,,,,DIS
2022-07-01,,,,,,,DIS
2022-07-01,,,,,,,DIS
2022-07-01,,,,,,,DIS
2022-07-01,,,,,,,GOOGL
2022-07-01,,,,,,,GOOGL
2022-07-01,,,,,,,GOOGL
2022-07-01,,,,,,,GOOGL
2022-07-01,,,,,,,GOOGL
2022-07-01,,,,,,,GOOGL
2022-07-01,107.93299865722656,109.25,106.73049926757812,108.73750305175781,107.99266815185547,35476000.0,GOOGL
2022-07-01,,,,,,,GOOGL
2022-07-01,,,,,,,GOOGL
2022-07-01,,,,,,,GOOGL
2022-07-01,,,,,,,GOOGL
2022-07-01,,,,,,,GOOGL
2022-07-01,,,,,,,GOOGL
2022-07-01,,,,,,,GOOGL
2022-07-01,,,,,,,GOOGL
2022-07-01,,,,,,,GOOGL
2022-07-01,,,,,,,GOOGL
2022-07-01,,,,,,,GOOGL
2022-07-01,,,,,,,GOOGL
2022-07-01,,,,,,,GOOGL
2022-07-01,,,,,,,HD
2022-07-01,,,,,,,HD
2022-07-01,,,,,,,HD
2022-07-01,,,,,,,HD
2022-07-01,,,,,,,HD
2022-07-01,,,,,,,HD
2022-07-01,,,,,,,HD
2022-07-01,275.7300109863281,280.75,274.54998779296875,279.0799865722656,257.0163269042969,2818300.0,HD
2022-07-01,,,,,,,HD
2022-07-01,,,,,,,HD
2022-07-01,,,,,,,HD
2022-07-01,,,,,,,HD
2022-07-01,,,,,,,HD
2022-07-01,,,,,,,HD
2022-07-01,,,,,,,HD
2022-07-01,,,,,,,HD
2022-07-01,,,,,,,HD
2022-07-01,,,,,,,HD
2022-07-01,,,,,,,HD
2022-07-01,,,,,,,HD
2022-07-01,,,,,,,JNJ
2022-07-01,,,,,,,JNJ
2022-07-01,,,,,,,JNJ
2022-07-01,,,,,,,JNJ
2022-07-01,,,,,,,JNJ
2022-07-01,,,,,,,JNJ
2022-07-01,,,,,,,JNJ
2022-07-01,,,,,,,JNJ
2022-07-01,177.4499969482422,179.72000122070312,176.69000244140625,179.52000427246094,162.7592315673828,5498400.0,JNJ
2022-07-01,,,,,,,JNJ
2022-07-01,,,,,,,JNJ
2022-07-01,,,,,,,JNJ
2022-07-01,,,,,,,JNJ
2022-07-01,,,,,,,JNJ
2022-07-01,,,,,,,JNJ
2022-07-01,,,,,,,JNJ
2022-07-01,,,,,,,JNJ
2022-07-01,,,,,,,JNJ
2022-07-01,,,,,,,JNJ
2022-07-01,,,,,,,JNJ
2022-07-01,,,,,,,JPM
2022-07-01,,,,,,,JPM
2022-07-01,,,,,,,JPM
2022-07-01,,,,,,,JPM
2022-07-01,,,,,,,JPM
2022-07-01,,,,,,,JPM
2022-07-01,,,,,,,JPM
2022-07-01,,,,,,,JPM
2022-07-01,,,,,,,JPM
2022-07-01,112.6500015258789,114.41999816894531,111.16000366210938,114.05000305175781,104.56967163085938,10573600.0,JPM
2022-07-01,,,,,,,JPM
2022-07-01,,,,,,,JPM
2022-07-01,,,,,,,JPM
2022-07-01,,,,,,,JPM
2022-07-01,,,,,,,JPM
2022-07-01,,,,,,,JPM
2022-07-01,,,,,,,JPM
2022-07-01,,,,,,,JPM
2022-07-01,,,,,,,JPM
2022-07-01,,,,,,,JPM
2022-07-01,,,,,,,MA
2022-07-01,,,,,,,MA
2022-07-01,,,,,,,MA
2022-07-01,,,,,,,MA
2022-07-01,,,,,,,MA
2022-07-01,,,,,,,MA
2022-07-01,,,,,,,MA
2022-07-01,,,,,,,MA
2022-07-01,,,,,,,MA
2022-07-01,,,,,,,MA
2022-07-01,314.1000061035156,318.94000244140625,311.30999755859375,318.239990234375,312.12432861328125,2287700.0,MA
2022-07-01,,,,,,,MA
2022-07-01,,,,,,,MA
2022-07-01,,,,,,,MA
2022-07-01,,,,,,,MA
2022-07-01,,,,,,,MA
2022-07-01,,,,,,,MA
2022-07-01,,,,,,,MA
2022-07-01,,,,,,,MA
2022-07-01,,,,,,,MA
2022-07-01,,,,,,,META
2022-07-01,,,,,,,META
2022-07-01,,,,,,,META
2022-07-01,,,,,,,META
2022-07-01,,,,,,,META
2022-07-01,,,,,,,META
2022-07-01,,,,,,,META
2022-07-01,,,,,,,META
2022-07-01,,,,,,,META
2022-07-01,,,,,,,META
2022-07-01,,,,,,,META
2022-07-01,160.30999755859375,160.6199951171875,155.0,160.02999877929688,159.1568603515625,31423900.0,META
2022-07-01,,,,,,,META
2022-07-01,,,,,,,META
2022-07-01,,,,,,,META
2022-07-01,,,,,,,META
2022-07-01,,,,,,,META
2022-07-01,,,,,,,META
2022-07-01,,,,,,,META
2022-07-01,,,,,,,META
2022-07-01,,,,,,,MSFT
2022-07-01,,,,,,,MSFT
2022-07-01,,,,,,,MSFT
2022-07-01,,,,,,,MSFT
2022-07-01,,,,,,,MSFT
2022-07-01,,,,,,,MSFT
2022-07-01,,,,,,,MSFT
2022-07-01,,,,,,,MSFT
2022-07-01,,,,,,,MSFT
2022-07-01,,,,,,,MSFT
2022-07-01,,,,,,,MSFT
2022-07-01,,,,,,,MSFT
2022-07-01,256.3900146484375,259.7699890136719,254.61000061035156,259.5799865722656,252.7428436279297,22837700.0,MSFT
2022-07-01,,,,,,,MSFT
2022-07-01,,,,,,,MSFT
2022-07-01,,,,,,,MSFT
2022-07-01,,,,,,,MSFT
2022-07-01,,,,,,,MSFT
2022-07-01,,,,,,,MSFT
2022-07-01,,,,,,,MSFT
2022-07-01,,,,,,,NFLX
2022-07-01,,,,,,,NFLX
2022-07-01,,,,,,,NFLX
2022-07-01,,,,,,,NFLX
2022-07-01,,,,,,,NFLX
2022-07-01,,,,,,,NFLX
2022-07-01,,,,,,,NFLX
2022-07-01,,,,,,,NFLX
2022-07-01,,,,,,,NFLX
2022-07-01,,,,,,,NFLX
2022-07-01,,,,,,,NFLX
2022-07-01,,,,,,,NFLX
2022-07-01,,,,,,,NFLX
2022-07-01,176.49000549316406,180.10000610351562,174.27000427246094,179.9499969482422,179.9499969482422,5201600.0,NFLX
2022-07-01,,,,,,,NFLX
2022-07-01,,,,,,,NFLX
2022-07-01,,,,,,,NFLX
2022-07-01,,,,,,,NFLX
2022-07-01,,,,,,,NFLX
2022-07-01,,,,,,,NFLX
2022-07-01,,,,,,,NVDA
2022-07-01,,,,,,,NVDA
2022-07-01,,,,,,,NVDA
2022-07-01,,,,,,,NVDA
2022-07-01,,,,,,,NVDA
2022-07-01,,,,,,,NVDA
2022-07-01,,,,,,,NVDA
2022-07-01,,,,,,,NVDA
2022-07-01,,,,,,,NVDA
2022-07-01,,,,,,,NVDA
2022-07-01,,,,,,,NVDA
2022-07-01,,,,,,,NVDA
2022-07-01,,,,,,,NVDA
2022-07-01,,,,,,,NVDA
2022-07-01,14.89900016784668,15.062999725341797,14.392000198364258,14.52299976348877,14.501262664794922,577610000.0,NVDA
2022-07-01,,,,,,,NVDA
2022-07-01,,,,,,,NVDA
2022-07-01,,,,,,,NVDA
2022-07-01,,,,,,,NVDA
2022-07-01,,,,,,,NVDA
2022-07-01,,,,,,,PFE
2022-07-01,,,,,,,PFE
2022-07-01,,,,,,,PFE
2022-07-01,,,,,,,PFE
2022-07-01,,,,,,,PFE
2022-07-01,,,,,,,PFE
2022-07-01,,,,,,,PFE
2022-07-01,,,,,,,PFE
2022-07-01,,,,,,,PFE
2022-07-01,,,,,,,PFE
2022-07-01,,,,,,,PFE
2022-07-01,,,,,,,PFE
2022-07-01,,,,,,,PFE
2022-07-01,,,,,,,PFE
2022-07-01,,,,,,,PFE
2022-07-01,52.040000915527344,52.369998931884766,51.25,52.310001373291016,44.02757263183594,16143300.0,PFE
2022-07-01,,,,,,,PFE
2022-07-01,,,,,,,PFE
2022-07-01,,,,,,,PFE
2022-07-01,,,,,,,PFE
2022-07-01,,,,,,,PG
2022-07-01,,,,,,,PG
2022-07-01,,,,,,,PG
2022-07-01,,,,,,,PG
2022-07-01,,,,,,,PG
2022-07-01,,,,,,,PG
2022-07-01,,,,,,,PG
2022-07-01,,,,,,,PG
2022-07-01,,,,,,,PG
2022-07-01,,,,,,,PG
2022-07-01,,,,,,,PG
2022-07-01,,,,,,,PG
2022-07-01,,,,,,,PG
2022-07-01,,,,,,,PG
2022-07-01,,,,,,,PG
2022-07-01,,,,,,,PG
2022-07-01,144.24000549316406,146.25,143.39999389648438,146.11000061035156,134.5651092529297,5937200.0,PG
2022-07-01,,,,,,,PG
2022-07-01,,,,,,,PG
2022-07-01,,,,,,,PG
2022-07-01,,,,,,,TSLA
2022-07-01,,,,,,,TSLA
2022-07-01,,,,,,,TSLA
2022-07-01,,,,,,,TSLA
2022-07-01,,,,,,,TSLA
2022-07-01,,,,,,,TSLA
2022-07-01,,,,,,,TSLA
2022-07-01,,,,,,,TSLA
2022-07-01,,,,,,,TSLA
2022-07-01,,,,,,,TSLA
2022-07-01,,,,,,,TSLA
2022-07-01,,,,,,,TSLA
2022-07-01,,,,,,,TSLA
2022-07-01,,,,,,,TSLA
2022-07-01,,,,,,,TSLA
2022-07-01,,,,,,,TSLA
2022-07-01,,,,,,,TSLA
2022-07-01,227.0,230.22999572753906,222.1199951171875,227.26333618164062,227.26333618164062,74460300.0,TSLA
2022-07-01,,,,,,,TSLA
2022-07-01,,,,,,,TSLA
2022-07-01,,,,,,,UNH
2022-07-01,,,,,,,UNH
2022-07-01,,,,,,,UNH
2022-07-01,,,,,,,UNH
2022-07-01,,,,,,,UNH
2022-07-01,,,,,,,UNH
2022-07-01,,,,,,,UNH
2022-07-01,,,,,,,UNH
2022-07-01,,,,,,,UNH
2022-07-01,,,,,,,UNH
2022-07-01,,,,,,,UNH
2022-07-01,,,,,,,UNH
2022-07-01,,,,,,,UNH
2022-07-01,,,,,,,UNH
2022-07-01,,,,,,,UNH
2022-07-01,,,,,,,UNH
2022-07-01,,,,,,,UNH
2022-07-01,,,,,,,UNH
2022-07-01,512.3200073242188,517.530029296875,502.30999755859375,517.4000244140625,493.1379089355469,2426600.0,UNH
2022-07-01,,,,,,,UNH
2022-07-01,,,,,,,V
2022-07-01,,,,,,,V
2022-07-01,,,,,,,V
2022-07-01,,,,,,,V
2022-07-01,,,,,,,V
2022-07-01,,,,,,,V
2022-07-01,,,,,,,V
2022-07-01,,,,,,,V
2022-07-01,,,,,,,V
2022-07-01,,,,,,,V
2022-07-01,,,,,,,V
2022-07-01,,,,,,,V
2022-07-01,,,,,,,V
2022-07-01,,,,,,,V
2022-07-01,,,,,,,V
2022-07-01,,,,,,,V
2022-07-01,,,,,,,V
2022-07-01,,,,,,,V
2022-07-01,,,,,,,V
2022-07-01,196.7899932861328,199.8000030517578,194.7100067138672,199.17999267578125,194.33502197265625,4131800.0,V
2022-08-01,161.00999450683594,163.58999633789062,160.88999938964844,161.50999450683594,158.77955627441406,67829400.0,AAPL
2022-08-01,,,,,,,AAPL
2022-08-01,,,,,,,AAPL
2022-08-01,,,,,,,AAPL
2022-08-01,,,,,,,AAPL
2022-08-01,,,,,,,AAPL
2022-08-01,,,,,,,AAPL
2022-08-01,,,,,,,AAPL
2022-08-01,,,,,,,AAPL
2022-08-01,,,,,,,AAPL
2022-08-01,,,,,,,AAPL
2022-08-01,,,,,,,AAPL
2022-08-01,,,,,,,AAPL
2022-08-01,,,,,,,AAPL
2022-08-01,,,,,,,AAPL
2022-08-01,,,,,,,AAPL
2022-08-01,,,,,,,AAPL
2022-08-01,,,,,,,AAPL
2022-08-01,,,,,,,AAPL
2022-08-01,,,,,,,AAPL
2022-08-01,,,,,,,ADBE
2022-08-01,406.510009765625,417.1600036621094,405.07000732421875,411.0899963378906,411.0899963378906,1910000.0,ADBE
2022-08-01,,,,,,,ADBE
2022-08-01,,,,,,,ADBE
2022-08-01,,,,,,,ADBE
2022-08-01,,,,,,,ADBE
2022-08-01,,,,,,,ADBE
2022-08-01,,,,,,,ADBE
2022-08-01,,,,,,,ADBE
2022-08-01,,,,,,,ADBE
2022-08-01,,,,,,,ADBE
2022-08-01,,,,,,,ADBE
2022-08-01,,,,,,,ADBE
2022-08-01,,,,,,,ADBE
2022-08-01,,,,,,,ADBE
2022-08-01,,,,,,,ADBE
2022-08-01,,,,,,,ADBE
2022-08-01,,,,,,,ADBE
2022-08-01,,,,,,,ADBE
2022-08-01,,,,,,,ADBE
2022-08-01,,,,,,,AMZN
2022-08-01,,,,,,,AMZN
2022-08-01,134.9600067138672,138.8300018310547,133.50999450683594,135.38999938964844,135.38999938964844,76846900.0,AMZN
2022-08-01,,,,,,,AMZN
2022-08-01,,,,,,,AMZN
2022-08-01,,,,,,,AMZN
2022-08-01,,,,,,,AMZN
2022-08-01,,,,,,,AMZN
2022-08-01,,,,,,,AMZN
2022-08-01,,,,,,,AMZN
2022-08-01,,,,,,,AMZN
2022-08-01,,,,,,,AMZN
2022-08-01,,,,,,,AMZN
2022-08-01,,,,,,,AMZN
2022-08-01,,,,,,,AMZN
2022-08-01,,,,,,,AMZN
2022-08-01,,,,,,,AMZN
2022-08-01,,,,,,,AMZN
2022-08-01,,,,,,,AMZN
2022-08-01,,,,,,,AMZN
2022-08-01,,,,,,,BAC
2022-08-01,,,,,,,BAC
2022-08-01,,,,,,,BAC
2022-08-01,33.619998931884766,33.88999938964844,33.220001220703125,33.709999084472656,30.935182571411133,32336700.0,BAC
2022-08-01,,,,,,,BAC
2022-08-01,,,,,,,BAC
2022-08-01,,,,,,,BAC
2022-08-01,,,,,,,BAC
2022-08-01,,,,,,,BAC
2022-08-01,,,,,,,BAC
2022-08-01,,,,,,,BAC
2022-08-01,,,,,,,BAC
2022-08-01,,,,,,,BAC
2022-08-01,,,,,,,BAC
2022-08-01,,,,,,,BAC
2022-08-01,,,,,,,BAC
2022-08-01,,,,,,,BAC
2022-08-01,,,,,,,BAC
2022-08-01,,,,,,,BAC
2022-08-01,,,,,,,BAC
2022-08-01,,,,,,,CRM
2022-08-01,,,,,,,CRM
2022-08-01,,,,,,,CRM
2022-08-01,,,,,,,CRM
2022-08-01,181.3000030517578,185.17999267578125,179.75999450683594,182.97999572753906,181.39053344726562,3997100.0,CRM
2022-08-01,,,,,,,CRM
2022-08-01,,,,,,,CRM
2022-08-01,,,,,,,CRM
2022-08-01,,,,,,,CRM
2022-08-01,,,,,,,CRM
2022-08-01,,,,,,,CRM
2022-08-01,,,,,,,CRM
2022-08-01,,,,,,,CRM
2022-08-01,,,,,,,CRM
2022-08-01,,,,,,,CRM
2022-08-01,,,,,,,CRM
2022-08-01,,,,,,,CRM
2022-08-01,,,,,,,CRM
2022-08-01,,,,,,,CRM
2022-08-01,,,,,,,CRM
2022-08-01,,,,,,,DIS
2022-08-01,,,,,,,DIS
2022-08-01,,,,,,,DIS
2022-08-01,,,,,,,DIS
2022-08-01,,,,,,,DIS
2022-08-01,104.87000274658203,106.6500015258789,103.86000061035156,106.22000122070312,104.478271484375,7769700.0,DIS
2022-08-01,,,,,,,DIS
2022-08-01,,,,,,,DIS
2022-08-01,,,,,,,DIS
2022-08-01,,,,,,,DIS
2022-08-01,,,,,,,DIS
2022-08-01,,,,,,,DIS
2022-08-01,,,,,,,DIS
2022-08-01,,,,,,,DIS
2022-08-01,,,,,,,DIS
2022-08-01,,,,,,,DIS
2022-08-01,,,,,,,DIS
2022-08-01,,,,,,,DIS
2022-08-01,,,,,,,DIS
2022-08-01,,,,,,,DIS
2022-08-01,,,,,,,GOOGL
2022-08-01,,,,,,,GOOGL
2022-08-01,,,,,,,GOOGL
2022-08-01,,,,,,,GOOGL
2022-08-01,,,,,,,GOOGL
2022-08-01,,,,,,,GOOGL
2022-08-01,115.30000305175781,116.72000122070312,114.33999633789062,114.86000061035156,114.0732192993164,26034300.0,GOOGL
2022-08-01,,,,,,,GOOGL
2022-08-01,,,,,,,GOOGL
2022-08-01,,,,,,,GOOGL
2022-08-01,,,,,,,GOOGL
2022-08-01,,,,,,,GOOGL
2022-08-01,,,,,,,GOOGL
2022-08-01,,,,,,,GOOGL
2022-08-01,,,,,,,GOOGL
2022-08-01,,,,,,,GOOGL
2022-08-01,,,,,,,GOOGL
2022-08-01,,,,,,,GOOGL
2022-08-01,,,,,,,GOOGL
2022-08-01,,,,,,,GOOGL
2022-08-01,,,,,,,HD
2022-08-01,,,,,,,HD
2022-08-01,,,,,,,HD
2022-08-01,,,,,,,HD
2022-08-01,,,,,,,HD
2022-08-01,,,,,,,HD
2022-08-01,,,,,,,HD
2022-08-01,300.6400146484375,308.45001220703125,300.010009765625,305.82000732421875,281.64227294921875,3303900.0,HD
2022-08-01,,,,,,,HD
2022-08-01,,,,,,,HD
2022-08-01,,,,,,,HD
2022-08-01,,,,,,,HD
2022-08-01,,,,,,,HD
2022-08-01,,,,,,,HD
2022-08-01,,,,,,,HD
2022-08-01,,,,,,,HD
2022-08-01,,,,,,,HD
2022-08-01,,,,,,,HD
2022-08-01,,,,,,,HD
2022-08-01,,,,,,,HD
2022-08-01,,,,,,,JNJ
2022-08-01,,,,,,,JNJ
2022-08-01,,,,,,,JNJ
2022-08-01,,,,,,,JNJ
2022-08-01,,,,,,,JNJ
2022-08-01,,,,,,,JNJ
2022-08-01,,,,,,,JNJ
2022-08-01,,,,,,,JNJ
2022-08-01,174.1699981689453,175.16000366210938,173.5399932861328,173.91000366210938,157.67298889160156,5461400.0,JNJ
2022-08-01,,,,,,,JNJ
2022-08-01,,,,,,,JNJ
2022-08-01,,,,,,,JNJ
2022-08-01,,,,,,,JNJ
2022-08-01,,,,,,,JNJ
2022-08-01,,,,,,,JNJ
2022-08-01,,,,,,,JNJ
2022-08-01,,,,,,,JNJ
2022-08-01,,,,,,,JNJ
2022-08-01,,,,,,,JNJ
2022-08-01,,,,,,,JNJ
2022-08-01,,,,,,,JPM
2022-08-01,,,,,,,JPM
2022-08-01,,,,,,,JPM
2022-08-01,,,,,,,JPM
2022-08-01,,,,,,,JPM
2022-08-01,,,,,,,JPM
2022-08-01,,,,,,,JPM
2022-08-01,,,,,,,JPM
2022-08-01,,,,,,,JPM
2022-08-01,114.5,115.11000061035156,113.06999969482422,114.20999908447266,105.64265441894531,14740400.0,JPM
2022-08-01,,,,,,,JPM
2022-08-01,,,,,,,JPM
2022-08-01,,,,,,,JPM
2022-08-01,,,,,,,JPM
2022-08-01,,,,,,,JPM
2022-08-01,,,,,,,JPM
2022-08-01,,,,,,,JPM
2022-08-01,,,,,,,JPM
2022-08-01,,,,,,,JPM
2022-08-01,,,,,,,JPM
2022-08-01,,,,,,,MA
2022-08-01,,,,,,,MA
2022-08-01,,,,,,,MA
2022-08-01,,,,,,,MA
2022-08-01,,,,,,,MA
2022-08-01,,,,,,,MA
2022-08-01,,,,,,,MA
2022-08-01,,,,,,,MA
2022-08-01,,,,,,,MA
2022-08-01,,,,,,,MA
2022-08-01,347.80999755859375,354.8399963378906,345.6600036621094,350.5400085449219,344.33056640625,2289400.0,MA
2022-08-01,,,,,,,MA
2022-08-01,,,,,,,MA
2022-08-01,,,,,,,MA
2022-08-01,,,,,,,MA
2022-08-01,,,,,,,MA
2022-08-01,,,,,,,MA
2022-08-01,,,,,,,MA
2022-08-01,,,,,,,MA
2022-08-01,,,,,,,MA
2022-08-01,,,,,,,META
2022-08-01,,,,,,,META
2022-08-01,,,,,,,META
2022-08-01,,,,,,,META
2022-08-01,,,,,,,META
2022-08-01,,,,,,,META
2022-08-01,,,,,,,META
2022-08-01,,,,,,,META
2022-08-01,,,,,,,META
2022-08-01,,,,,,,META
2022-08-01,,,,,,,META
2022-08-01,157.25,165.19000244140625,155.22999572753906,159.92999267578125,159.05738830566406,40596700.0,META
2022-08-01,,,,,,,META
2022-08-01,,,,,,,META
2022-08-01,,,,,,,META
2022-08-01,,,,,,,META
2022-08-01,,,,,,,META
2022-08-01,,,,,,,META
2022-08-01,,,,,,,META
2022-08-01,,,,,,,META
2022-08-01,,,,,,,MSFT
2022-08-01,,,,,,,MSFT
2022-08-01,,,,,,,MSFT
2022-08-01,,,,,,,MSFT
2022-08-01,,,,,,,MSFT
2022-08-01,,,,,,,MSFT
2022-08-01,,,,,,,MSFT
2022-08-01,,,,,,,MSFT
2022-08-01,,,,,,,MSFT
2022-08-01,,,,,,,MSFT
2022-08-01,,,,,,,MSFT
2022-08-01,,,,,,,MSFT
2022-08-01,277.82000732421875,281.2799987792969,275.8399963378906,278.010009765625,270.6874694824219,21539600.0,MSFT
2022-08-01,,,,,,,MSFT
2022-08-01,,,,,,,MSFT
2022-08-01,,,,,,,MSFT
2022-08-01,,,,,,,MSFT
2022-08-01,,,,,,,MSFT
2022-08-01,,,,,,,MSFT
2022-08-01,,,,,,,MSFT
2022-08-01,,,,,,,NFLX
2022-08-01,,,,,,,NFLX
2022-08-01,,,,,,,NFLX
2022-08-01,,,,,,,NFLX
2022-08-01,,,,,,,NFLX
2022-08-01,,,,,,,NFLX
2022-08-01,,,,,,,NFLX
2022-08-01,,,,,,,NFLX
2022-08-01,,,,,,,NFLX
2022-08-01,,,,,,,NFLX
2022-08-01,,,,,,,NFLX
2022-08-01,,,,,,,NFLX
2022-08-01,,,,,,,NFLX
2022-08-01,223.10000610351562,228.38999938964844,221.0,226.2100067138672,226.2100067138672,5525000.0,NFLX
2022-08-01,,,,,,,NFLX
2022-08-01,,,,,,,NFLX
2022-08-01,,,,,,,NFLX
2022-08-01,,,,,,,NFLX
2022-08-01,,,,,,,NFLX
2022-08-01,,,,,,,NFLX
2022-08-01,,,,,,,NVDA
2022-08-01,,,,,,,NVDA
2022-08-01,,,,,,,NVDA
2022-08-01,,,,,,,NVDA
2022-08-01,,,,,,,NVDA
2022-08-01,,,,,,,NVDA
2022-08-01,,,,,,,NVDA
2022-08-01,,,,,,,NVDA
2022-08-01,,,,,,,NVDA
2022-08-01,,,,,,,NVDA
2022-08-01,,,,,,,NVDA
2022-08-01,,,,,,,NVDA
2022-08-01,,,,,,,NVDA
2022-08-01,,,,,,,NVDA
2022-08-01,18.18199920654297,18.84600067138672,17.989999771118164,18.44099998474121,18.41339874267578,476469000.0,NVDA
2022-08-01,,,,,,,NVDA
2022-08-01,,,,,,,NVDA
2022-08-01,,,,,,,NVDA
2022-08-01,,,,,,,NVDA
2022-08-01,,,,,,,NVDA
2022-08-01,,,,,,,PFE
2022-08-01,,,,,,,PFE
2022-08-01,,,,,,,PFE
2022-08-01,,,,,,,PFE
2022-08-01,,,,,,,PFE
2022-08-01,,,,,,,PFE
2022-08-01,,,,,,,PFE
2022-08-01,,,,,,,PFE
2022-08-01,,,,,,,PFE
2022-08-01,,,,,,,PFE
2022-08-01,,,,,,,PFE
2022-08-01,,,,,,,PFE
2022-08-01,,,,,,,PFE
2022-08-01,,,,,,,PFE
2022-08-01,,,,,,,PFE
2022-08-01,50.31999969482422,51.29999923706055,50.150001525878906,50.61000061035156,42.92727279663086,19709900.0,PFE
2022-08-01,,,,,,,PFE
2022-08-01,,,,,,,PFE
2022-08-01,,,,,,,PFE
2022-08-01,,,,,,,PFE
2022-08-01,,,,,,,PG
2022-08-01,,,,,,,PG
2022-08-01,,,,,,,PG
2022-08-01,,,,,,,PG
2022-08-01,,,,,,,PG
2022-08-01,,,,,,,PG
2022-08-01,,,,,,,PG
2022-08-01,,,,,,,PG
2022-08-01,,,,,,,PG
2022-08-01,,,,,,,PG
2022-08-01,,,,,,,PG
2022-08-01,,,,,,,PG
2022-08-01,,,,,,,PG
2022-08-01,,,,,,,PG
2022-08-01,,,,,,,PG
2022-08-01,,,,,,,PG
2022-08-01,138.33999633789062,143.94000244140625,138.27000427246094,142.89999389648438,132.46316528320312,12590000.0,PG
2022-08-01,,,,,,,PG
2022-08-01,,,,,,,PG
2022-08-01,,,,,,,PG
2022-08-01,,,,,,,TSLA
2022-08-01,,,,,,,TSLA
2022-08-01,,,,,,,TSLA
2022-08-01,,,,,,,TSLA
2022-08-01,,,,,,,TSLA
2022-08-01,,,,,,,TSLA
2022-08-01,,,,,,,TSLA
2022-08-01,,,,,,,TSLA
2022-08-01,,,,,,,TSLA
2022-08-01,,,,,,,TSLA
2022-08-01,,,,,,,TSLA
2022-08-01,,,,,,,TSLA
2022-08-01,,,,,,,TSLA
2022-08-01,,,,,,,TSLA
2022-08-01,,,,,,,TSLA
2022-08-01,,,,,,,TSLA
2022-08-01,,,,,,,TSLA
2022-08-01,301.27667236328125,311.8766784667969,295.0,297.27667236328125,297.27667236328125,117042900.0,TSLA
2022-08-01,,,,,,,TSLA
2022-08-01,,,,,,,TSLA
2022-08-01,,,,,,,UNH
2022-08-01,,,,,,,UNH
2022-08-01,,,,,,,UNH
2022-08-01,,,,,,,UNH
2022-08-01,,,,,,,UNH
2022-08-01,,,,,,,UNH
2022-08-01,,,,,,,UNH
2022-08-01,,,,,,,UNH
2022-08-01,,,,,,,UNH
2022-08-01,,,,,,,UNH
2022-08-01,,,,,,,UNH
2022-08-01,,,,,,,UNH
2022-08-01,,,,,,,UNH
2022-08-01,,,,,,,UNH
2022-08-01,,,,,,,UNH
2022-08-01,,,,,,,UNH
2022-08-01,,,,,,,UNH
2022-08-01,,,,,,,UNH
2022-08-01,542.27001953125,543.6500244140625,531.0,535.3800048828125,510.27459716796875,2335000.0,UNH
2022-08-01,,,,,,,UNH
2022-08-01,,,,,,,V
2022-08-01,,,,,,,V
2022-08-01,,,,,,,V
2022-08-01,,,,,,,V
2022-08-01,,,,,,,V
2022-08-01,,,,,,,V
2022-08-01,,,,,,,V
2022-08-01,,,,,,,V
2022-08-01,,,,,,,V
2022-08-01,,,,,,,V
2022-08-01,,,,,,,V
2022-08-01,,,,,,,V
2022-08-01,,,,,,,V
2022-08-01,,,,,,,V
2022-08-01,,,,,,,V
2022-08-01,,,,,,,V
2022-08-01,,,,,,,V
2022-08-01,,,,,,,V
2022-08-01,,,,,,,V
2022-08-01,208.4499969482422,213.99000549316406,207.55999755859375,211.36000061035156,206.21875,8028400.0,V
2022-09-01,156.63999938964844,158.4199981689453,154.6699981689453,157.9600067138672,155.5052947998047,74229900.0,AAPL
2022-09-01,,,,,,,AAPL
2022-09-01,,,,,,,AAPL
2022-09-01,,,,,,,AAPL
2022-09-01,,,,,,,AAPL
2022-09-01,,,,,,,AAPL
2022-09-01,,,,,,,AAPL
2022-09-01,,,,,,,AAPL
2022-09-01,,,,,,,AAPL
2022-09-01,,,,,,,AAPL
2022-09-01,,,,,,,AAPL
2022-09-01,,,,,,,AAPL
2022-09-01,,,,,,,AAPL
2022-09-01,,,,,,,AAPL
2022-09-01,,,,,,,AAPL
2022-09-01,,,,,,,AAPL
2022-09-01,,,,,,,AAPL
2022-09-01,,,,,,,AAPL
2022-09-01,,,,,,,AAPL
2022-09-01,,,,,,,AAPL
2022-09-01,,,,,,,ADBE
2022-09-01,371.0,371.6400146484375,361.7200012207031,370.5299987792969,370.5299987792969,2574400.0,ADBE
2022-09-01,,,,,,,ADBE
2022-09-01,,,,,,,ADBE
2022-09-01,,,,,,,ADBE
2022-09-01,,,,,,,ADBE
2022-09-01,,,,,,,ADBE
2022-09-01,,,,,,,ADBE
2022-09-01,,,,,,,ADBE
2022-09-01,,,,,,,ADBE
2022-09-01,,,,,,,ADBE
2022-09-01,,,,,,,ADBE
2022-09-01,,,,,,,ADBE
2022-09-01,,,,,,,ADBE
2022-09-01,,,,,,,ADBE
2022-09-01,,,,,,,ADBE
2022-09-01,,,,,,,ADBE
2022-09-01,,,,,,,ADBE
2022-09-01,,,,,,,ADBE
2022-09-01,,,,,,,ADBE
2022-09-01,,,,,,,AMZN
2022-09-01,,,,,,,AMZN
2022-09-01,126.0,128.02000427246094,123.66000366210938,127.81999969482422,127.81999969482422,56636100.0,AMZN
2022-09-01,,,,,,,AMZN
2022-09-01,,,,,,,AMZN
2022-09-01,,,,,,,AMZN
2022-09-01,,,,,,,AMZN
2022-09-01,,,,,,,AMZN
2022-09-01,,,,,,,AMZN
2022-09-01,,,,,,,AMZN
2022-09-01,,,,,,,AMZN
2022-09-01,,,,,,,AMZN
2022-09-01,,,,,,,AMZN
2022-09-01,,,,,,,AMZN
2022-09-01,,,,,,,AMZN
2022-09-01,,,,,,,AMZN
2022-09-01,,,,,,,AMZN
2022-09-01,,,,,,,AMZN
2022-09-01,,,,,,,AMZN
2022-09-01,,,,,,,AMZN
2022-09-01,,,,,,,BAC
2022-09-01,,,,,,,BAC
2022-09-01,,,,,,,BAC
2022-09-01,33.34000015258789,33.4900016784668,32.65999984741211,33.470001220703125,30.917316436767578,32848900.0,BAC
2022-09-01,,,,,,,BAC
2022-09-01,,,,,,,BAC
2022-09-01,,,,,,,BAC
2022-09-01,,,,,,,BAC
2022-09-01,,,,,,,BAC
2022-09-01,,,,,,,BAC
2022-09-01,,,,,,,BAC
2022-09-01,,,,,,,BAC
2022-09-01,,,,,,,BAC
2022-09-01,,,,,,,BAC
2022-09-01,,,,,,,BAC
2022-09-01,,,,,,,BAC
2022-09-01,,,,,,,BAC
2022-09-01,,,,,,,BAC
2022-09-01,,,,,,,BAC
2022-09-01,,,,,,,BAC
2022-09-01,,,,,,,CRM
2022-09-01,,,,,,,CRM
2022-09-01,,,,,,,CRM
2022-09-01,,,,,,,CRM
2022-09-01,154.8699951171875,155.3300018310547,150.8699951171875,153.52999877929688,152.1963653564453,9924000.0,CRM
2022-09-01,,,,,,,CRM
2022-09-01,,,,,,,CRM
2022-09-01,,,,,,,CRM
2022-09-01,,,,,,,CRM
2022-09-01,,,,,,,CRM
2022-09-01,,,,,,,CRM
2022-09-01,,,,,,,CRM
2022-09-01,,,,,,,CRM
2022-09-01,,,,,,,CRM
2022-09-01,,,,,,,CRM
2022-09-01,,,,,,,CRM
2022-09-01,,,,,,,CRM
2022-09-01,,,,,,,CRM
2022-09-01,,,,,,,CRM
2022-09-01,,,,,,,CRM
2022-09-01,,,,,,,DIS
2022-09-01,,,,,,,DIS
2022-09-01,,,,,,,DIS
2022-09-01,,,,,,,DIS
2022-09-01,,,,,,,DIS
2022-09-01,111.79000091552734,112.58999633789062,110.02999877929688,112.52999877929688,110.68480682373047,7718700.0,DIS
2022-09-01,,,,,,,DIS
2022-09-01,,,,,,,DIS
2022-09-01,,,,,,,DIS
2022-09-01,,,,,,,DIS
2022-09-01,,,,,,,DIS
2022-09-01,,,,,,,DIS
2022-09-01,,,,,,,DIS
2022-09-01,,,,,,,DIS
2022-09-01,,,,,,,DIS
2022-09-01,,,,,,,DIS
2022-09-01,,,,,,,DIS
2022-09-01,,,,,,,DIS
2022-09-01,,,,,,,DIS
2022-09-01,,,,,,,DIS
2022-09-01,,,,,,,GOOGL
2022-09-01,,,,,,,GOOGL
2022-09-01,,,,,,,GOOGL
2022-09-01,,,,,,,GOOGL
2022-09-01,,,,,,,GOOGL
2022-09-01,,,,,,,GOOGL
2022-09-01,108.27999877929688,110.44999694824219,107.36000061035156,109.73999786376953,108.98829650878906,28360900.0,GOOGL
2022-09-01,,,,,,,GOOGL
2022-09-01,,,,,,,GOOGL
2022-09-01,,,,,,,GOOGL
2022-09-01,,,,,,,GOOGL
2022-09-01,,,,,,,GOOGL
2022-09-01,,,,,,,GOOGL
2022-09-01,,,,,,,GOOGL
2022-09-01,,,,,,,GOOGL
2022-09-01,,,,,,,GOOGL
2022-09-01,,,,,,,GOOGL
2022-09-01,,,,,,,GOOGL
2022-09-01,,,,,,,GOOGL
2022-09-01,,,,,,,GOOGL
2022-09-01,,,,,,,HD
2022-09-01,,,,,,,HD
2022-09-01,,,,,,,HD
2022-09-01,,,,,,,HD
2022-09-01,,,,,,,HD
2022-09-01,,,,,,,HD
2022-09-01,,,,,,,HD
2022-09-01,288.3999938964844,293.5799865722656,286.7200012207031,293.3699951171875,271.93939208984375,3742500.0,HD
2022-09-01,,,,,,,HD
2022-09-01,,,,,,,HD
2022-09-01,,,,,,,HD
2022-09-01,,,,,,,HD
2022-09-01,,,,,,,HD
2022-09-01,,,,,,,HD
2022-09-01,,,,,,,HD
2022-09-01,,,,,,,HD
2022-09-01,,,,,,,HD
2022-09-01,,,,,,,HD
2022-09-01,,,,,,,HD
2022-09-01,,,,,,,HD
2022-09-01,,,,,,,JNJ
2022-09-01,,,,,,,JNJ
2022-09-01,,,,,,,JNJ
2022-09-01,,,,,,,JNJ
2022-09-01,,,,,,,JNJ
2022-09-01,,,,,,,JNJ
2022-09-01,,,,,,,JNJ
2022-09-01,,,,,,,JNJ
2022-09-01,161.49000549316406,165.5,161.47999572753906,165.33999633789062,150.91030883789062,7509600.0,JNJ
2022-09-01,,,,,,,JNJ
2022-09-01,,,,,,,JNJ
2022-09-01,,,,,,,JNJ
2022-09-01,,,,,,,JNJ
2022-09-01,,,,,,,JNJ
2022-09-01,,,,,,,JNJ
2022-09-01,,,,,,,JNJ
2022-09-01,,,,,,,JNJ
2022-09-01,,,,,,,JNJ
2022-09-01,,,,,,,JNJ
2022-09-01,,,,,,,JNJ
2022-09-01,,,,,,,JPM
2022-09-01,,,,,,,JPM
2022-09-01,,,,,,,JPM
2022-09-01,,,,,,,JPM
2022-09-01,,,,,,,JPM
2022-09-01,,,,,,,JPM
2022-09-01,,,,,,,JPM
2022-09-01,,,,,,,JPM
2022-09-01,,,,,,,JPM
2022-09-01,113.29000091552734,114.62999725341797,111.91000366210938,114.51000213623047,105.92013549804688,9979800.0,JPM
2022-09-01,,,,,,,JPM
2022-09-01,,,,,,,JPM
2022-09-01,,,,,,,JPM
2022-09-01,,,,,,,JPM
2022-09-01,,,,,,,JPM
2022-09-01,,,,,,,JPM
2022-09-01,,,,,,,JPM
2022-09-01,,,,,,,JPM
2022-09-01,,,,,,,JPM
2022-09-01,,,,,,,JPM
2022-09-01,,,,,,,MA
2022-09-01,,,,,,,MA
2022-09-01,,,,,,,MA
2022-09-01,,,,,,,MA
2022-09-01,,,,,,,MA
2022-09-01,,,,,,,MA
2022-09-01,,,,,,,MA
2022-09-01,,,,,,,MA
2022-09-01,,,,,,,MA
2022-09-01,,,,,,,MA
2022-09-01,323.80999755859375,325.6099853515625,319.2099914550781,325.25,319.4886169433594,2493200.0,MA
2022-09-01,,,,,,,MA
2022-09-01,,,,,,,MA
2022-09-01,,,,,,,MA
2022-09-01,,,,,,,MA
2022-09-01,,,,,,,MA
2022-09-01,,,,,,,MA
2022-09-01,,,,,,,MA
2022-09-01,,,,,,,MA
2022-09-01,,,,,,,MA
2022-09-01,,,,,,,META
2022-09-01,,,,,,,META
2022-09-01,,,,,,,META
2022-09-01,,,,,,,META
2022-09-01,,,,,,,META
2022-09-01,,,,,,,META
2022-09-01,,,,,,,META
2022-09-01,,,,,,,META
2022-09-01,,,,,,,META
2022-09-01,,,,,,,META
2022-09-01,,,,,,,META
2022-09-01,163.5800018310547,167.36000061035156,160.35000610351562,165.36000061035156,164.45777893066406,30145700.0,META
2022-09-01,,,,,,,META
2022-09-01,,,,,,,META
2022-09-01,,,,,,,META
2022-09-01,,,,,,,META
2022-09-01,,,,,,,META
2022-09-01,,,,,,,META
2022-09-01,,,,,,,META
2022-09-01,,,,,,,META
2022-09-01,,,,,,,MSFT
2022-09-01,,,,,,,MSFT
2022-09-01,,,,,,,MSFT
2022-09-01,,,,,,,MSFT
2022-09-01,,,,,,,MSFT
2022-09-01,,,,,,,MSFT
2022-09-01,,,,,,,MSFT
2022-09-01,,,,,,,MSFT
2022-09-01,,,,,,,MSFT
2022-09-01,,,,,,,MSFT
2022-09-01,,,,,,,MSFT
2022-09-01,,,,,,,MSFT
2022-09-01,258.8699951171875,260.8900146484375,255.41000366210938,260.3999938964844,254.0794219970703,23263400.0,MSFT
2022-09-01,,,,,,,MSFT
2022-09-01,,,,,,,MSFT
2022-09-01,,,,,,,MSFT
2022-09-01,,,,,,,MSFT
2022-09-01,,,,,,,MSFT
2022-09-01,,,,,,,MSFT
2022-09-01,,,,,,,MSFT
2022-09-01,,,,,,,NFLX
2022-09-01,,,,,,,NFLX
2022-09-01,,,,,,,NFLX
2022-09-01,,,,,,,NFLX
2022-09-01,,,,,,,NFLX
2022-09-01,,,,,,,NFLX
2022-09-01,,,,,,,NFLX
2022-09-01,,,,,,,NFLX
2022-09-01,,,,,,,NFLX
2022-09-01,,,,,,,NFLX
2022-09-01,,,,,,,NFLX
2022-09-01,,,,,,,NFLX
2022-09-01,,,,,,,NFLX
2022-09-01,220.72000122070312,230.3699951171875,219.47000122070312,230.0399932861328,230.0399932861328,7292900.0,NFLX
2022-09-01,,,,,,,NFLX
2022-09-01,,,,,,,NFLX
2022-09-01,,,,,,,NFLX
2022-09-01,,,,,,,NFLX
2022-09-01,,,,,,,NFLX
2022-09-01,,,,,,,NFLX
2022-09-01,,,,,,,NVDA
2022-09-01,,,,,,,NVDA
2022-09-01,,,,,,,NVDA
2022-09-01,,,,,,,NVDA
2022-09-01,,,,,,,NVDA
2022-09-01,,,,,,,NVDA
2022-09-01,,,,,,,NVDA
2022-09-01,,,,,,,NVDA
2022-09-01,,,,,,,NVDA
2022-09-01,,,,,,,NVDA
2022-09-01,,,,,,,NVDA
2022-09-01,,,,,,,NVDA
2022-09-01,,,,,,,NVDA
2022-09-01,,,,,,,NVDA
2022-09-01,14.208999633789062,14.380000114440918,13.270000457763672,13.937000274658203,13.91614055633545,1178865000.0,NVDA
2022-09-01,,,,,,,NVDA
2022-09-01,,,,,,,NVDA
2022-09-01,,,,,,,NVDA
2022-09-01,,,,,,,NVDA
2022-09-01,,,,,,,NVDA
2022-09-01,,,,,,,PFE
2022-09-01,,,,,,,PFE
2022-09-01,,,,,,,PFE
2022-09-01,,,,,,,PFE
2022-09-01,,,,,,,PFE
2022-09-01,,,,,,,PFE
2022-09-01,,,,,,,PFE
2022-09-01,,,,,,,PFE
2022-09-01,,,,,,,PFE
2022-09-01,,,,,,,PFE
2022-09-01,,,,,,,PFE
2022-09-01,,,,,,,PFE
2022-09-01,,,,,,,PFE
2022-09-01,,,,,,,PFE
2022-09-01,,,,,,,PFE
2022-09-01,45.13999938964844,46.650001525878906,45.13999938964844,46.630001068115234,39.55144119262695,19947600.0,PFE
2022-09-01,,,,,,,PFE
2022-09-01,,,,,,,PFE
2022-09-01,,,,,,,PFE
2022-09-01,,,,,,,PFE
2022-09-01,,,,,,,PG
2022-09-01,,,,,,,PG
2022-09-01,,,,,,,PG
2022-09-01,,,,,,,PG
2022-09-01,,,,,,,PG
2022-09-01,,,,,,,PG
2022-09-01,,,,,,,PG
2022-09-01,,,,,,,PG
2022-09-01,,,,,,,PG
2022-09-01,,,,,,,PG
2022-09-01,,,,,,,PG
2022-09-01,,,,,,,PG
2022-09-01,,,,,,,PG
2022-09-01,,,,,,,PG
2022-09-01,,,,,,,PG
2022-09-01,,,,,,,PG
2022-09-01,137.8300018310547,139.75999450683594,136.75999450683594,139.63999938964844,129.44125366210938,7446500.0,PG
2022-09-01,,,,,,,PG
2022-09-01,,,,,,,PG
2022-09-01,,,,,,,PG
2022-09-01,,,,,,,TSLA
2022-09-01,,,,,,,TSLA
2022-09-01,,,,,,,TSLA
2022-09-01,,,,,,,TSLA
2022-09-01,,,,,,,TSLA
2022-09-01,,,,,,,TSLA
2022-09-01,,,,,,,TSLA
2022-09-01,,,,,,,TSLA
2022-09-01,,,,,,,TSLA
2022-09-01,,,,,,,TSLA
2022-09-01,,,,,,,TSLA
2022-09-01,,,,,,,TSLA
2022-09-01,,,,,,,TSLA
2022-09-01,,,,,,,TSLA
2022-09-01,,,,,,,TSLA
2022-09-01,,,,,,,TSLA
2022-09-01,,,,,,,TSLA
2022-09-01,272.5799865722656,277.5799865722656,266.1499938964844,277.1600036621094,277.1600036621094,54287000.0,TSLA
2022-09-01,,,,,,,TSLA
2022-09-01,,,,,,,TSLA
2022-09-01,,,,,,,UNH
2022-09-01,,,,,,,UNH
2022-09-01,,,,,,,UNH
2022-09-01,,,,,,,UNH
2022-09-01,,,,,,,UNH
2022-09-01,,,,,,,UNH
2022-09-01,,,,,,,UNH
2022-09-01,,,,,,,UNH
2022-09-01,,,,,,,UNH
2022-09-01,,,,,,,UNH
2022-09-01,,,,,,,UNH
2022-09-01,,,,,,,UNH
2022-09-01,,,,,,,UNH
2022-09-01,,,,,,,UNH
2022-09-01,,,,,,,UNH
2022-09-01,,,,,,,UNH
2022-09-01,,,,,,,UNH
2022-09-01,,,,,,,UNH
2022-09-01,519.3300170898438,524.260009765625,515.0900268554688,524.0,499.42840576171875,2085300.0,UNH
2022-09-01,,,,,,,UNH
2022-09-01,,,,,,,V
2022-09-01,,,,,,,V
2022-09-01,,,,,,,V
2022-09-01,,,,,,,V
2022-09-01,,,,,,,V
2022-09-01,,,,,,,V
2022-09-01,,,,,,,V
2022-09-01,,,,,,,V
2022-09-01,,,,,,,V
2022-09-01,,,,,,,V
2022-09-01,,,,,,,V
2022-09-01,,,,,,,V
2022-09-01,,,,,,,V
2022-09-01,,,,,,,V
2022-09-01,,,,,,,V
2022-09-01,,,,,,,V
2022-09-01,,,,,,,V
2022-09-01,,,,,,,V
2022-09-01,,,,,,,V
2022-09-01,198.72000122070312,200.42999267578125,196.66000366210938,200.1300048828125,195.60775756835938,5608300.0,V
2022-10-01,138.2100067138672,143.07000732421875,137.69000244140625,142.4499969482422,140.236328125,114311700.0,AAPL
2022-10-01,,,,,,,AAPL
2022-10-01,,,,,,,AAPL
2022-10-01,,,,,,,AAPL
2022-10-01,,,,,,,AAPL
2022-10-01,,,,,,,AAPL
2022-10-01,,,,,,,AAPL
2022-10-01,,,,,,,AAPL
2022-10-01,,,,,,,AAPL
2022-10-01,,,,,,,AAPL
2022-10-01,,,,,,,AAPL
2022-10-01,,,,,,,AAPL
2022-10-01,,,,,,,AAPL
2022-10-01,,,,,,,AAPL
2022-10-01,,,,,,,AAPL
2022-10-01,,,,,,,AAPL
2022-10-01,,,,,,,AAPL
2022-10-01,,,,,,,AAPL
2022-10-01,,,,,,,AAPL
2022-10-01,,,,,,,AAPL
2022-10-01,,,,,,,ADBE
2022-10-01,278.2699890136719,286.8999938964844,277.0,285.239990234375,285.239990234375,3738100.0,ADBE
2022-10-01,,,,,,,ADBE
2022-10-01,,,,,,,ADBE
2022-10-01,,,,,,,ADBE
2022-10-01,,,,,,,ADBE
2022-10-01,,,,,,,ADBE
2022-10-01,,,,,,,ADBE
2022-10-01,,,,,,,ADBE
2022-10-01,,,,,,,ADBE
2022-10-01,,,,,,,ADBE
2022-10-01,,,,,,,ADBE
2022-10-01,,,,,,,ADBE
2022-10-01,,,,,,,ADBE
2022-10-01,,,,,,,ADBE
2022-10-01,,,,,,,ADBE
2022-10-01,,,,,,,ADBE
2022-10-01,,,,,,,ADBE
2022-10-01,,,,,,,ADBE
2022-10-01,,,,,,,ADBE
2022-10-01,,,,,,,AMZN
2022-10-01,,,,,,,AMZN
2022-10-01,113.58000183105469,116.91000366210938,112.44999694824219,115.87999725341797,115.87999725341797,50941900.0,AMZN
2022-10-01,,,,,,,AMZN
2022-10-01,,,,,,,AMZN
2022-10-01,,,,,,,AMZN
2022-10-01,,,,,,,AMZN
2022-10-01,,,,,,,AMZN
2022-10-01,,,,,,,AMZN
2022-10-01,,,,,,,AMZN
2022-10-01,,,,,,,AMZN
2022-10-01,,,,,,,AMZN
2022-10-01,,,,,,,AMZN
2022-10-01,,,,,,,AMZN
2022-10-01,,,,,,,AMZN
2022-10-01,,,,,,,AMZN
2022-10-01,,,,,,,AMZN
2022-10-01,,,,,,,AMZN
2022-10-01,,,,,,,AMZN
2022-10-01,,,,,,,AMZN
2022-10-01,,,,,,,BAC
2022-10-01,,,,,,,BAC
2022-10-01,,,,,,,BAC
2022-10-01,30.59000015258789,31.280000686645508,30.200000762939453,31.09000015258789,28.718830108642578,34591700.0,BAC
2022-10-01,,,,,,,BAC
2022-10-01,,,,,,,BAC
2022-10-01,,,,,,,BAC
2022-10-01,,,,,,,BAC
2022-10-01,,,,,,,BAC
2022-10-01,,,,,,,BAC
2022-10-01,,,,,,,BAC
2022-10-01,,,,,,,BAC
2022-10-01,,,,,,,BAC
2022-10-01,,,,,,,BAC
2022-10-01,,,,,,,BAC
2022-10-01,,,,,,,BAC
2022-10-01,,,,,,,BAC
2022-10-01,,,,,,,BAC
2022-10-01,,,,,,,BAC
2022-10-01,,,,,,,BAC
2022-10-01,,,,,,,CRM
2022-10-01,,,,,,,CRM
2022-10-01,,,,,,,CRM
2022-10-01,,,,,,,CRM
2022-10-01,144.97999572753906,148.9600067138672,143.89999389648438,147.89999389648438,146.6152801513672,6819900.0,CRM
2022-10-01,,,,,,,CRM
2022-10-01,,,,,,,CRM
2022-10-01,,,,,,,CRM
2022-10-01,,,,,,,CRM
2022-10-01,,,,,,,CRM
2022-10-01,,,,,,,CRM
2022-10-01,,,,,,,CRM
2022-10-01,,,,,,,CRM
2022-10-01,,,,,,,CRM
2022-10-01,,,,,,,CRM
2022-10-01,,,,,,,CRM
2022-10-01,,,,,,,CRM
2022-10-01,,,,,,,CRM
2022-10-01,,,,,,,CRM
2022-10-01,,,,,,,CRM
2022-10-01,,,,,,,DIS
2022-10-01,,,,,,,DIS
2022-10-01,,,,,,,DIS
2022-10-01,,,,,,,DIS
2022-10-01,,,,,,,DIS
2022-10-01,95.7300033569336,97.77999877929688,94.5,97.12999725341797,95.53732299804688,9468400.0,DIS
2022-10-01,,,,,,,DIS
2022-10-01,,,,,,,DIS
2022-10-01,,,,,,,DIS
2022-10-01,,,,,,,DIS
2022-10-01,,,,,,,DIS
2022-10-01,,,,,,,DIS
2022-10-01,,,,,,,DIS
2022-10-01,,,,,,,DIS
2022-10-01,,,,,,,DIS
2022-10-01,,,,,,,DIS
2022-10-01,,,,,,,DIS
2022-10-01,,,,,,,DIS
2022-10-01,,,,,,,DIS
2022-10-01,,,,,,,DIS
2022-10-01,,,,,,,GOOGL
2022-10-01,,,,,,,GOOGL
2022-10-01,,,,,,,GOOGL
2022-10-01,,,,,,,GOOGL
2022-10-01,,,,,,,GOOGL
2022-10-01,,,,,,,GOOGL
2022-10-01,96.76000213623047,99.29000091552734,96.5199966430664,98.63999938964844,97.9643325805664,27982000.0,GOOGL
2022-10-01,,,,,,,GOOGL
2022-10-01,,,,,,,GOOGL
2022-10-01,,,,,,,GOOGL
2022-10-01,,,,,,,GOOGL
2022-10-01,,,,,,,GOOGL
2022-10-01,,,,,,,GOOGL
2022-10-01,,,,,,,GOOGL
2022-10-01,,,,,,,GOOGL
2022-10-01,,,,,,,GOOGL
2022-10-01,,,,,,,GOOGL
2022-10-01,,,,,,,GOOGL
2022-10-01,,,,,,,GOOGL
2022-10-01,,,,,,,GOOGL
2022-10-01,,,,,,,HD
2022-10-01,,,,,,,HD
2022-10-01,,,,,,,HD
2022-10-01,,,,,,,HD
2022-10-01,,,,,,,HD
2022-10-01,,,,,,,HD
2022-10-01,,,,,,,HD
2022-10-01,281.0,286.05999755859375,279.54998779296875,283.70001220703125,262.9757995605469,3580000.0,HD
2022-10-01,,,,,,,HD
2022-10-01,,,,,,,HD
2022-10-01,,,,,,,HD
2022-10-01,,,,,,,HD
2022-10-01,,,,,,,HD
2022-10-01,,,,,,,HD
2022-10-01,,,,,,,HD
2022-10-01,,,,,,,HD
2022-10-01,,,,,,,HD
2022-10-01,,,,,,,HD
2022-10-01,,,,,,,HD
2022-10-01,,,,,,,HD
2022-10-01,,,,,,,JNJ
2022-10-01,,,,,,,JNJ
2022-10-01,,,,,,,JNJ
2022-10-01,,,,,,,JNJ
2022-10-01,,,,,,,JNJ
2022-10-01,,,,,,,JNJ
2022-10-01,,,,,,,JNJ
2022-10-01,,,,,,,JNJ
2022-10-01,164.2899932861328,164.3800048828125,161.6999969482422,163.1999969482422,148.95706176757812,8657000.0,JNJ
2022-10-01,,,,,,,JNJ
2022-10-01,,,,,,,JNJ
2022-10-01,,,,,,,JNJ
2022-10-01,,,,,,,JNJ
2022-10-01,,,,,,,JNJ
2022-10-01,,,,,,,JNJ
2022-10-01,,,,,,,JNJ
2022-10-01,,,,,,,JNJ
2022-10-01,,,,,,,JNJ
2022-10-01,,,,,,,JNJ
2022-10-01,,,,,,,JNJ
2022-10-01,,,,,,,JPM
2022-10-01,,,,,,,JPM
2022-10-01,,,,,,,JPM
2022-10-01,,,,,,,JPM
2022-10-01,,,,,,,JPM
2022-10-01,,,,,,,JPM
2022-10-01,,,,,,,JPM
2022-10-01,,,,,,,JPM
2022-10-01,,,,,,,JPM
2022-10-01,105.62000274658203,108.36000061035156,104.45999908447266,107.7300033569336,99.64874267578125,12248100.0,JPM
2022-10-01,,,,,,,JPM
2022-10-01,,,,,,,JPM
2022-10-01,,,,,,,JPM
2022-10-01,,,,,,,JPM
2022-10-01,,,,,,,JPM
2022-10-01,,,,,,,JPM
2022-10-01,,,,,,,JPM
2022-10-01,,,,,,,JPM
2022-10-01,,,,,,,JPM
2022-10-01,,,,,,,JPM
2022-10-01,,,,,,,MA
2022-10-01,,,,,,,MA
2022-10-01,,,,,,,MA
2022-10-01,,,,,,,MA
2022-10-01,,,,,,,MA
2022-10-01,,,,,,,MA
2022-10-01,,,,,,,MA
2022-10-01,,,,,,,MA
2022-10-01,,,,,,,MA
2022-10-01,,,,,,,MA
2022-10-01,287.8500061035156,292.75,284.9200134277344,290.4800109863281,285.3345031738281,5285200.0,MA
2022-10-01,,,,,,,MA
2022-10-01,,,,,,,MA
2022-10-01,,,,,,,MA
2022-10-01,,,,,,,MA
2022-10-01,,,,,,,MA
2022-10-01,,,,,,,MA
2022-10-01,,,,,,,MA
2022-10-01,,,,,,,MA
2022-10-01,,,,,,,MA
2022-10-01,,,,,,,META
2022-10-01,,,,,,,META
2022-10-01,,,,,,,META
2022-10-01,,,,,,,META
2022-10-01,,,,,,,META
2022-10-01,,,,,,,META
2022-10-01,,,,,,,META
2022-10-01,,,,,,,META
2022-10-01,,,,,,,META
2022-10-01,,,,,,,META
2022-10-01,,,,,,,META
2022-10-01,137.13999938964844,139.6199951171875,136.10000610351562,138.61000061035156,137.85374450683594,27723100.0,META
2022-10-01,,,,,,,META
2022-10-01,,,,,,,META
2022-10-01,,,,,,,META
2022-10-01,,,,,,,META
2022-10-01,,,,,,,META
2022-10-01,,,,,,,META
2022-10-01,,,,,,,META
2022-10-01,,,,,,,META
2022-10-01,,,,,,,MSFT
2022-10-01,,,,,,,MSFT
2022-10-01,,,,,,,MSFT
2022-10-01,,,,,,,MSFT
2022-10-01,,,,,,,MSFT
2022-10-01,,,,,,,MSFT
2022-10-01,,,,,,,MSFT
2022-10-01,,,,,,,MSFT
2022-10-01,,,,,,,MSFT
2022-10-01,,,,,,,MSFT
2022-10-01,,,,,,,MSFT
2022-10-01,,,,,,,MSFT
2022-10-01,235.41000366210938,241.61000061035156,234.66000366210938,240.74000549316406,234.89663696289062,28880400.0,MSFT
2022-10-01,,,,,,,MSFT
2022-10-01,,,,,,,MSFT
2022-10-01,,,,,,,MSFT
2022-10-01,,,,,,,MSFT
2022-10-01,,,,,,,MSFT
2022-10-01,,,,,,,MSFT
2022-10-01,,,,,,,MSFT
2022-10-01,,,,,,,NFLX
2022-10-01,,,,,,,NFLX
2022-10-01,,,,,,,NFLX
2022-10-01,,,,,,,NFLX
2022-10-01,,,,,,,NFLX
2022-10-01,,,,,,,NFLX
2022-10-01,,,,,,,NFLX
2022-10-01,,,,,,,NFLX
2022-10-01,,,,,,,NFLX
2022-10-01,,,,,,,NFLX
2022-10-01,,,,,,,NFLX
2022-10-01,,,,,,,NFLX
2022-10-01,,,,,,,NFLX
2022-10-01,237.85000610351562,241.5399932861328,232.85000610351562,239.0399932861328,239.0399932861328,8657400.0,NFLX
2022-10-01,,,,,,,NFLX
2022-10-01,,,,,,,NFLX
2022-10-01,,,,,,,NFLX
2022-10-01,,,,,,,NFLX
2022-10-01,,,,,,,NFLX
2022-10-01,,,,,,,NFLX
2022-10-01,,,,,,,NVDA
2022-10-01,,,,,,,NVDA
2022-10-01,,,,,,,NVDA
2022-10-01,,,,,,,NVDA
2022-10-01,,,,,,,NVDA
2022-10-01,,,,,,,NVDA
2022-10-01,,,,,,,NVDA
2022-10-01,,,,,,,NVDA
2022-10-01,,,,,,,NVDA
2022-10-01,,,,,,,NVDA
2022-10-01,,,,,,,NVDA
2022-10-01,,,,,,,NVDA
2022-10-01,,,,,,,NVDA
2022-10-01,,,,,,,NVDA
2022-10-01,12.347000122070312,12.678000450134277,12.104999542236328,12.51200008392334,12.496984481811523,547478000.0,NVDA
2022-10-01,,,,,,,NVDA
2022-10-01,,,,,,,NVDA
2022-10-01,,,,,,,NVDA
2022-10-01,,,,,,,NVDA
2022-10-01,,,,,,,NVDA
2022-10-01,,,,,,,PFE
2022-10-01,,,,,,,PFE
2022-10-01,,,,,,,PFE
2022-10-01,,,,,,,PFE
2022-10-01,,,,,,,PFE
2022-10-01,,,,,,,PFE
2022-10-01,,,,,,,PFE
2022-10-01,,,,,,,PFE
2022-10-01,,,,,,,PFE
2022-10-01,,,,,,,PFE
2022-10-01,,,,,,,PFE
2022-10-01,,,,,,,PFE
2022-10-01,,,,,,,PFE
2022-10-01,,,,,,,PFE
2022-10-01,,,,,,,PFE
2022-10-01,44.06999969482422,44.279998779296875,43.4900016784668,44.13999938964844,37.43943405151367,22834300.0,PFE
2022-10-01,,,,,,,PFE
2022-10-01,,,,,,,PFE
2022-10-01,,,,,,,PFE
2022-10-01,,,,,,,PFE
2022-10-01,,,,,,,PG
2022-10-01,,,,,,,PG
2022-10-01,,,,,,,PG
2022-10-01,,,,,,,PG
2022-10-01,,,,,,,PG
2022-10-01,,,,,,,PG
2022-10-01,,,,,,,PG
2022-10-01,,,,,,,PG
2022-10-01,,,,,,,PG
2022-10-01,,,,,,,PG
2022-10-01,,,,,,,PG
2022-10-01,,,,,,,PG
2022-10-01,,,,,,,PG
2022-10-01,,,,,,,PG
2022-10-01,,,,,,,PG
2022-10-01,,,,,,,PG
2022-10-01,127.25,129.10000610351562,126.68000030517578,128.50999450683594,119.1241455078125,8477700.0,PG
2022-10-01,,,,,,,PG
2022-10-01,,,,,,,PG
2022-10-01,,,,,,,PG
2022-10-01,,,,,,,TSLA
2022-10-01,,,,,,,TSLA
2022-10-01,,,,,,,TSLA
2022-10-01,,,,,,,TSLA
2022-10-01,,,,,,,TSLA
2022-10-01,,,,,,,TSLA
2022-10-01,,,,,,,TSLA
2022-10-01,,,,,,,TSLA
2022-10-01,,,,,,,TSLA
2022-10-01,,,,,,,TSLA
2022-10-01,,,,,,,TSLA
2022-10-01,,,,,,,TSLA
2022-10-01,,,,,,,TSLA
2022-10-01,,,,,,,TSLA
2022-10-01,,,,,,,TSLA
2022-10-01,,,,,,,TSLA
2022-10-01,,,,,,,TSLA
2022-10-01,254.5,255.16000366210938,241.00999450683594,242.39999389648438,242.39999389648438,98363500.0,TSLA
2022-10-01,,,,,,,TSLA
2022-10-01,,,,,,,TSLA
2022-10-01,,,,,,,UNH
2022-10-01,,,,,,,UNH
2022-10-01,,,,,,,UNH
2022-10-01,,,,,,,UNH
2022-10-01,,,,,,,UNH
2022-10-01,,,,,,,UNH
2022-10-01,,,,,,,UNH
2022-10-01,,,,,,,UNH
2022-10-01,,,,,,,UNH
2022-10-01,,,,,,,UNH
2022-10-01,,,,,,,UNH
2022-10-01,,,,,,,UNH
2022-10-01,,,,,,,UNH
2022-10-01,,,,,,,UNH
2022-10-01,,,,,,,UNH
2022-10-01,,,,,,,UNH
2022-10-01,,,,,,,UNH
2022-10-01,,,,,,,UNH
2022-10-01,507.0799865722656,517.8099975585938,505.3999938964844,515.510009765625,492.8781433105469,2562400.0,UNH
2022-10-01,,,,,,,UNH
2022-10-01,,,,,,,V
2022-10-01,,,,,,,V
2022-10-01,,,,,,,V
2022-10-01,,,,,,,V
2022-10-01,,,,,,,V
2022-10-01,,,,,,,V
2022-10-01,,,,,,,V
2022-10-01,,,,,,,V
2022-10-01,,,,,,,V
2022-10-01,,,,,,,V
2022-10-01,,,,,,,V
2022-10-01,,,,,,,V
2022-10-01,,,,,,,V
2022-10-01,,,,,,,V
2022-10-01,,,,,,,V
2022-10-01,,,,,,,V
2022-10-01,,,,,,,V
2022-10-01,,,,,,,V
2022-10-01,,,,,,,V
2022-10-01,179.33999633789062,183.36000061035156,178.14999389648438,181.64999389648438,177.54534912109375,8842300.0,V
2022-11-01,155.0800018310547,155.4499969482422,149.1300048828125,150.64999389648438,148.3088836669922,80379300.0,AAPL
2022-11-01,,,,,,,AAPL
2022-11-01,,,,,,,AAPL
2022-11-01,,,,,,,AAPL
2022-11-01,,,,,,,AAPL
2022-11-01,,,,,,,AAPL
2022-11-01,,,,,,,AAPL
2022-11-01,,,,,,,AAPL
2022-11-01,,,,,,,AAPL
2022-11-01,,,,,,,AAPL
2022-11-01,,,,,,,AAPL
2022-11-01,,,,,,,AAPL
2022-11-01,,,,,,,AAPL
2022-11-01,,,,,,,AAPL
2022-11-01,,,,,,,AAPL
2022-11-01,,,,,,,AAPL
2022-11-01,,,,,,,AAPL
2022-11-01,,,,,,,AAPL
2022-11-01,,,,,,,AAPL
2022-11-01,,,,,,,AAPL
2022-11-01,,,,,,,ADBE
2022-11-01,321.010009765625,322.8399963378906,312.7900085449219,316.0199890136719,316.0199890136719,2467700.0,ADBE
2022-11-01,,,,,,,ADBE
2022-11-01,,,,,,,ADBE
2022-11-01,,,,,,,ADBE
2022-11-01,,,,,,,ADBE
2022-11-01,,,,,,,ADBE
2022-11-01,,,,,,,ADBE
2022-11-01,,,,,,,ADBE
2022-11-01,,,,,,,ADBE
2022-11-01,,,,,,,ADBE
2022-11-01,,,,,,,ADBE
2022-11-01,,,,,,,ADBE
2022-11-01,,,,,,,ADBE
2022-11-01,,,,,,,ADBE
2022-11-01,,,,,,,ADBE
2022-11-01,,,,,,,ADBE
2022-11-01,,,,,,,ADBE
2022-11-01,,,,,,,ADBE
2022-11-01,,,,,,,ADBE
2022-11-01,,,,,,,AMZN
2022-11-01,,,,,,,AMZN
2022-11-01,103.98999786376953,104.58000183105469,96.05999755859375,96.79000091552734,96.79000091552734,153370000.0,AMZN
2022-11-01,,,,,,,AMZN
2022-11-01,,,,,,,AMZN
2022-11-01,,,,,,,AMZN
2022-11-01,,,,,,,AMZN
2022-11-01,,,,,,,AMZN
2022-11-01,,,,,,,AMZN
2022-11-01,,,,,,,AMZN
2022-11-01,,,,,,,AMZN
2022-11-01,,,,,,,AMZN
2022-11-01,,,,,,,AMZN
2022-11-01,,,,,,,AMZN
2022-11-01,,,,,,,AMZN
2022-11-01,,,,,,,AMZN
2022-11-01,,,,,,,AMZN
2022-11-01,,,,,,,AMZN
2022-11-01,,,,,,,AMZN
2022-11-01,,,,,,,AMZN
2022-11-01,,,,,,,BAC
2022-11-01,,,,,,,BAC
2022-11-01,,,,,,,BAC
2022-11-01,36.439998626708984,36.7599983215332,36.11000061035156,36.20000076293945,33.43910217285156,29913200.0,BAC
2022-11-01,,,,,,,BAC
2022-11-01,,,,,,,BAC
2022-11-01,,,,,,,BAC
2022-11-01,,,,,,,BAC
2022-11-01,,,,,,,BAC
2022-11-01,,,,,,,BAC
2022-11-01,,,,,,,BAC
2022-11-01,,,,,,,BAC
2022-11-01,,,,,,,BAC
2022-11-01,,,,,,,BAC
2022-11-01,,,,,,,BAC
2022-11-01,,,,,,,BAC
2022-11-01,,,,,,,BAC
2022-11-01,,,,,,,BAC
2022-11-01,,,,,,,BAC
2022-11-01,,,,,,,BAC
2022-11-01,,,,,,,CRM
2022-11-01,,,,,,,CRM
2022-11-01,,,,,,,CRM
2022-11-01,,,,,,,CRM
2022-11-01,165.0,165.6999969482422,159.63999938964844,159.82000732421875,158.43173217773438,4545900.0,CRM
2022-11-01,,,,,,,CRM
2022-11-01,,,,,,,CRM
2022-11-01,,,,,,,CRM
2022-11-01,,,,,,,CRM
2022-11-01,,,,,,,CRM
2022-11-01,,,,,,,CRM
2022-11-01,,,,,,,CRM
2022-11-01,,,,,,,CRM
2022-11-01,,,,,,,CRM
2022-11-01,,,,,,,CRM
2022-11-01,,,,,,,CRM
2022-11-01,,,,,,,CRM
2022-11-01,,,,,,,CRM
2022-11-01,,,,,,,CRM
2022-11-01,,,,,,,CRM
2022-11-01,,,,,,,DIS
2022-11-01,,,,,,,DIS
2022-11-01,,,,,,,DIS
2022-11-01,,,,,,,DIS
2022-11-01,,,,,,,DIS
2022-11-01,107.69999694824219,108.83999633789062,105.63999938964844,106.0,104.26187896728516,7955800.0,DIS
2022-11-01,,,,,,,DIS
2022-11-01,,,,,,,DIS
2022-11-01,,,,,,,DIS
2022-11-01,,,,,,,DIS
2022-11-01,,,,,,,DIS
2022-11-01,,,,,,,DIS
2022-11-01,,,,,,,DIS
2022-11-01,,,,,,,DIS
2022-11-01,,,,,,,DIS
2022-11-01,,,,,,,DIS
2022-11-01,,,,,,,DIS
2022-11-01,,,,,,,DIS
2022-11-01,,,,,,,DIS
2022-11-01,,,,,,,DIS
2022-11-01,,,,,,,GOOGL
2022-11-01,,,,,,,GOOGL
2022-11-01,,,,,,,GOOGL
2022-11-01,,,,,,,GOOGL
2022-11-01,,,,,,,GOOGL
2022-11-01,,,,,,,GOOGL
2022-11-01,95.44999694824219,96.02999877929688,90.37000274658203,90.47000122070312,89.85030364990234,47161400.0,GOOGL
2022-11-01,,,,,,,GOOGL
2022-11-01,,,,,,,GOOGL
2022-11-01,,,,,,,GOOGL
2022-11-01,,,,,,,GOOGL
2022-11-01,,,,,,,GOOGL
2022-11-01,,,,,,,GOOGL
2022-11-01,,,,,,,GOOGL
2022-11-01,,,,,,,GOOGL
2022-11-01,,,,,,,GOOGL
2022-11-01,,,,,,,GOOGL
2022-11-01,,,,,,,GOOGL
2022-11-01,,,,,,,GOOGL
2022-11-01,,,,,,,GOOGL
2022-11-01,,,,,,,HD
2022-11-01,,,,,,,HD
2022-11-01,,,,,,,HD
2022-11-01,,,,,,,HD
2022-11-01,,,,,,,HD
2022-11-01,,,,,,,HD
2022-11-01,,,,,,,HD
2022-11-01,300.3699951171875,302.2099914550781,293.3500061035156,296.05999755859375,274.4328918457031,3309100.0,HD
2022-11-01,,,,,,,HD
2022-11-01,,,,,,,HD
2022-11-01,,,,,,,HD
2022-11-01,,,,,,,HD
2022-11-01,,,,,,,HD
2022-11-01,,,,,,,HD
2022-11-01,,,,,,,HD
2022-11-01,,,,,,,HD
2022-11-01,,,,,,,HD
2022-11-01,,,,,,,HD
2022-11-01,,,,,,,HD
2022-11-01,,,,,,,HD
2022-11-01,,,,,,,JNJ
2022-11-01,,,,,,,JNJ
2022-11-01,,,,,,,JNJ
2022-11-01,,,,,,,JNJ
2022-11-01,,,,,,,JNJ
2022-11-01,,,,,,,JNJ
2022-11-01,,,,,,,JNJ
2022-11-01,,,,,,,JNJ
2022-11-01,174.05999755859375,174.6300048828125,170.4199981689453,173.08999633789062,157.98394775390625,6985000.0,JNJ
2022-11-01,,,,,,,JNJ
2022-11-01,,,,,,,JNJ
2022-11-01,,,,,,,JNJ
2022-11-01,,,,,,,JNJ
2022-11-01,,,,,,,JNJ
2022-11-01,,,,,,,JNJ
2022-11-01,,,,,,,JNJ
2022-11-01,,,,,,,JNJ
2022-11-01,,,,,,,JNJ
2022-11-01,,,,,,,JNJ
2022-11-01,,,,,,,JNJ
2022-11-01,,,,,,,JPM
2022-11-01,,,,,,,JPM
2022-11-01,,,,,,,JPM
2022-11-01,,,,,,,JPM
2022-11-01,,,,,,,JPM
2022-11-01,,,,,,,JPM
2022-11-01,,,,,,,JPM
2022-11-01,,,,,,,JPM
2022-11-01,,,,,,,JPM
2022-11-01,126.87000274658203,128.27999877929688,126.33000183105469,128.14999389648438,119.59748840332031,13386900.0,JPM
2022-11-01,,,,,,,JPM
2022-11-01,,,,,,,JPM
2022-11-01,,,,,,,JPM
2022-11-01,,,,,,,JPM
2022-11-01,,,,,,,JPM
2022-11-01,,,,,,,JPM
2022-11-01,,,,,,,JPM
2022-11-01,,,,,,,JPM
2022-11-01,,,,,,,JPM
2022-11-01,,,,,,,JPM
2022-11-01,,,,,,,MA
2022-11-01,,,,,,,MA
2022-11-01,,,,,,,MA
2022-11-01,,,,,,,MA
2022-11-01,,,,,,,MA
2022-11-01,,,,,,,MA
2022-11-01,,,,,,,MA
2022-11-01,,,,,,,MA
2022-11-01,,,,,,,MA
2022-11-01,,,,,,,MA
2022-11-01,332.2200012207031,333.6400146484375,327.0899963378906,333.19000244140625,327.8159484863281,3660400.0,MA
2022-11-01,,,,,,,MA
2022-11-01,,,,,,,MA
2022-11-01,,,,,,,MA
2022-11-01,,,,,,,MA
2022-11-01,,,,,,,MA
2022-11-01,,,,,,,MA
2022-11-01,,,,,,,MA
2022-11-01,,,,,,,MA
2022-11-01,,,,,,,MA
2022-11-01,,,,,,,META
2022-11-01,,,,,,,META
2022-11-01,,,,,,,META
2022-11-01,,,,,,,META
2022-11-01,,,,,,,META
2022-11-01,,,,,,,META
2022-11-01,,,,,,,META
2022-11-01,,,,,,,META
2022-11-01,,,,,,,META
2022-11-01,,,,,,,META
2022-11-01,,,,,,,META
2022-11-01,94.33000183105469,97.48999786376953,93.55000305175781,95.19999694824219,94.68057250976562,110189600.0,META
2022-11-01,,,,,,,META
2022-11-01,,,,,,,META
2022-11-01,,,,,,,META
2022-11-01,,,,,,,META
2022-11-01,,,,,,,META
2022-11-01,,,,,,,META
2022-11-01,,,,,,,META
2022-11-01,,,,,,,META
2022-11-01,,,,,,,MSFT
2022-11-01,,,,,,,MSFT
2022-11-01,,,,,,,MSFT
2022-11-01,,,,,,,MSFT
2022-11-01,,,,,,,MSFT
2022-11-01,,,,,,,MSFT
2022-11-01,,,,,,,MSFT
2022-11-01,,,,,,,MSFT
2022-11-01,,,,,,,MSFT
2022-11-01,,,,,,,MSFT
2022-11-01,,,,,,,MSFT
2022-11-01,,,,,,,MSFT
2022-11-01,234.60000610351562,235.74000549316406,227.3300018310547,228.1699981689453,222.63172912597656,30592300.0,MSFT
2022-11-01,,,,,,,MSFT
2022-11-01,,,,,,,MSFT
2022-11-01,,,,,,,MSFT
2022-11-01,,,,,,,MSFT
2022-11-01,,,,,,,MSFT
2022-11-01,,,,,,,MSFT
2022-11-01,,,,,,,MSFT
2022-11-01,,,,,,,NFLX
2022-11-01,,,,,,,NFLX
2022-11-01,,,,,,,NFLX
2022-11-01,,,,,,,NFLX
2022-11-01,,,,,,,NFLX
2022-11-01,,,,,,,NFLX
2022-11-01,,,,,,,NFLX
2022-11-01,,,,,,,NFLX
2022-11-01,,,,,,,NFLX
2022-11-01,,,,,,,NFLX
2022-11-01,,,,,,,NFLX
2022-11-01,,,,,,,NFLX
2022-11-01,,,,,,,NFLX
2022-11-01,296.1700134277344,299.70001220703125,286.4200134277344,286.75,286.75,6916400.0,NFLX
2022-11-01,,,,,,,NFLX
2022-11-01,,,,,,,NFLX
2022-11-01,,,,,,,NFLX
2022-11-01,,,,,,,NFLX
2022-11-01,,,,,,,NFLX
2022-11-01,,,,,,,NFLX
2022-11-01,,,,,,,NVDA
2022-11-01,,,,,,,NVDA
2022-11-01,,,,,,,NVDA
2022-11-01,,,,,,,NVDA
2022-11-01,,,,,,,NVDA
2022-11-01,,,,,,,NVDA
2022-11-01,,,,,,,NVDA
2022-11-01,,,,,,,NVDA
2022-11-01,,,,,,,NVDA
2022-11-01,,,,,,,NVDA
2022-11-01,,,,,,,NVDA
2022-11-01,,,,,,,NVDA
2022-11-01,,,,,,,NVDA
2022-11-01,,,,,,,NVDA
2022-11-01,13.810999870300293,13.925000190734863,13.519000053405762,13.543000221252441,13.526749610900879,432817000.0,NVDA
2022-11-01,,,,,,,NVDA
2022-11-01,,,,,,,NVDA
2022-11-01,,,,,,,NVDA
2022-11-01,,,,,,,NVDA
2022-11-01,,,,,,,NVDA
2022-11-01,,,,,,,PFE
2022-11-01,,,,,,,PFE
2022-11-01,,,,,,,PFE
2022-11-01,,,,,,,PFE
2022-11-01,,,,,,,PFE
2022-11-01,,,,,,,PFE
2022-11-01,,,,,,,PFE
2022-11-01,,,,,,,PFE
2022-11-01,,,,,,,PFE
2022-11-01,,,,,,,PFE
2022-11-01,,,,,,,PFE
2022-11-01,,,,,,,PFE
2022-11-01,,,,,,,PFE
2022-11-01,,,,,,,PFE
2022-11-01,,,,,,,PFE
2022-11-01,48.0,48.41999816894531,47.400001525878906,48.0099983215332,40.72195816040039,30614500.0,PFE
2022-11-01,,,,,,,PFE
2022-11-01,,,,,,,PFE
2022-11-01,,,,,,,PFE
2022-11-01,,,,,,,PFE
2022-11-01,,,,,,,PG
2022-11-01,,,,,,,PG
2022-11-01,,,,,,,PG
2022-11-01,,,,,,,PG
2022-11-01,,,,,,,PG
2022-11-01,,,,,,,PG
2022-11-01,,,,,,,PG
2022-11-01,,,,,,,PG
2022-11-01,,,,,,,PG
2022-11-01,,,,,,,PG
2022-11-01,,,,,,,PG
2022-11-01,,,,,,,PG
2022-11-01,,,,,,,PG
2022-11-01,,,,,,,PG
2022-11-01,,,,,,,PG
2022-11-01,,,,,,,PG
2022-11-01,134.6999969482422,136.27999877929688,133.83999633789062,134.8800048828125,125.91624450683594,6428300.0,PG
2022-11-01,,,,,,,PG
2022-11-01,,,,,,,PG
2022-11-01,,,,,,,PG
2022-11-01,,,,,,,TSLA
2022-11-01,,,,,,,TSLA
2022-11-01,,,,,,,TSLA
2022-11-01,,,,,,,TSLA
2022-11-01,,,,,,,TSLA
2022-11-01,,,,,,,TSLA
2022-11-01,,,,,,,TSLA
2022-11-01,,,,,,,TSLA
2022-11-01,,,,,,,TSLA
2022-11-01,,,,,,,TSLA
2022-11-01,,,,,,,TSLA
2022-11-01,,,,,,,TSLA
2022-11-01,,,,,,,TSLA
2022-11-01,,,,,,,TSLA
2022-11-01,,,,,,,TSLA
2022-11-01,,,,,,,TSLA
2022-11-01,,,,,,,TSLA
2022-11-01,234.0500030517578,237.39999389648438,227.27999877929688,227.82000732421875,227.82000732421875,62688800.0,TSLA
2022-11-01,,,,,,,TSLA
2022-11-01,,,,,,,TSLA
2022-11-01,,,,,,,UNH
2022-11-01,,,,,,,UNH
2022-11-01,,,,,,,UNH
2022-11-01,,,,,,,UNH
2022-11-01,,,,,,,UNH
2022-11-01,,,,,,,UNH
2022-11-01,,,,,,,UNH
2022-11-01,,,,,,,UNH
2022-11-01,,,,,,,UNH
2022-11-01,,,,,,,UNH
2022-11-01,,,,,,,UNH
2022-11-01,,,,,,,UNH
2022-11-01,,,,,,,UNH
2022-11-01,,,,,,,UNH
2022-11-01,,,,,,,UNH
2022-11-01,,,,,,,UNH
2022-11-01,,,,,,,UNH
2022-11-01,,,,,,,UNH
2022-11-01,555.0,555.6900024414062,544.219970703125,547.3099975585938,523.2821044921875,3338900.0,UNH
2022-11-01,,,,,,,UNH
2022-11-01,,,,,,,V
2022-11-01,,,,,,,V
2022-11-01,,,,,,,V
2022-11-01,,,,,,,V
2022-11-01,,,,,,,V
2022-11-01,,,,,,,V
2022-11-01,,,,,,,V
2022-11-01,,,,,,,V
2022-11-01,,,,,,,V
2022-11-01,,,,,,,V
2022-11-01,,,,,,,V
2022-11-01,,,,,,,V
2022-11-01,,,,,,,V
2022-11-01,,,,,,,V
2022-11-01,,,,,,,V
2022-11-01,,,,,,,V
2022-11-01,,,,,,,V
2022-11-01,,,,,,,V
2022-11-01,,,,,,,V
2022-11-01,208.91000366210938,209.97000122070312,205.3300018310547,206.92999267578125,202.25413513183594,5919500.0,V
2022-12-01,148.2100067138672,149.1300048828125,146.61000061035156,148.30999755859375,146.24745178222656,71250400.0,AAPL
2022-12-01,,,,,,,AAPL
2022-12-01,,,,,,,AAPL
2022-12-01,,,,,,,AAPL
2022-12-01,,,,,,,AAPL
2022-12-01,,,,,,,AAPL
2022-12-01,,,,,,,AAPL
2022-12-01,,,,,,,AAPL
2022-12-01,,,,,,,AAPL
2022-12-01,,,,,,,AAPL
2022-12-01,,,,,,,AAPL
2022-12-01,,,,,,,AAPL
2022-12-01,,,,,,,AAPL
2022-12-01,,,,,,,AAPL
2022-12-01,,,,,,,AAPL
2022-12-01,,,,,,,AAPL
2022-12-01,,,,,,,AAPL
2022-12-01,,,,,,,AAPL
2022-12-01,,,,,,,AAPL
2022-12-01,,,,,,,AAPL
2022-12-01,,,,,,,ADBE
2022-12-01,348.0299987792969,350.6700134277344,341.5,344.1099853515625,344.1099853515625,3365200.0,ADBE
2022-12-01,,,,,,,ADBE
2022-12-01,,,,,,,ADBE
2022-12-01,,,,,,,ADBE
2022-12-01,,,,,,,ADBE
2022-12-01,,,,,,,ADBE
2022-12-01,,,,,,,ADBE
2022-12-01,,,,,,,ADBE
2022-12-01,,,,,,,ADBE
2022-12-01,,,,,,,ADBE
2022-12-01,,,,,,,ADBE
2022-12-01,,,,,,,ADBE
2022-12-01,,,,,,,ADBE
2022-12-01,,,,,,,ADBE
2022-12-01,,,,,,,ADBE
2022-12-01,,,,,,,ADBE
2022-12-01,,,,,,,ADBE
2022-12-01,,,,,,,ADBE
2022-12-01,,,,,,,ADBE
2022-12-01,,,,,,,AMZN
2022-12-01,,,,,,,AMZN
2022-12-01,96.98999786376953,97.2300033569336,94.91999816894531,95.5,95.5,68488000.0,AMZN
2022-12-01,,,,,,,AMZN
2022-12-01,,,,,,,AMZN
2022-12-01,,,,,,,AMZN
2022-12-01,,,,,,,AMZN
2022-12-01,,,,,,,AMZN
2022-12-01,,,,,,,AMZN
2022-12-01,,,,,,,AMZN
2022-12-01,,,,,,,AMZN
2022-12-01,,,,,,,AMZN
2022-12-01,,,,,,,AMZN
2022-12-01,,,,,,,AMZN
2022-12-01,,,,,,,AMZN
2022-12-01,,,,,,,AMZN
2022-12-01,,,,,,,AMZN
2022-12-01,,,,,,,AMZN
2022-12-01,,,,,,,AMZN
2022-12-01,,,,,,,AMZN
2022-12-01,,,,,,,BAC
2022-12-01,,,,,,,BAC
2022-12-01,,,,,,,BAC
2022-12-01,37.5,37.689998626708984,36.400001525878906,36.54999923706055,33.959800720214844,46213200.0,BAC
2022-12-01,,,,,,,BAC
2022-12-01,,,,,,,BAC
2022-12-01,,,,,,,BAC
2022-12-01,,,,,,,BAC
2022-12-01,,,,,,,BAC
2022-12-01,,,,,,,BAC
2022-12-01,,,,,,,BAC
2022-12-01,,,,,,,BAC
2022-12-01,,,,,,,BAC
2022-12-01,,,,,,,BAC
2022-12-01,,,,,,,BAC
2022-12-01,,,,,,,BAC
2022-12-01,,,,,,,BAC
2022-12-01,,,,,,,BAC
2022-12-01,,,,,,,BAC
2022-12-01,,,,,,,BAC
2022-12-01,,,,,,,CRM
2022-12-01,,,,,,,CRM
2022-12-01,,,,,,,CRM
2022-12-01,,,,,,,CRM
2022-12-01,147.5500030517578,147.58999633789062,142.0800018310547,147.0,145.7230682373047,33721500.0,CRM
2022-12-01,,,,,,,CRM
2022-12-01,,,,,,,CRM
2022-12-01,,,,,,,CRM
2022-12-01,,,,,,,CRM
2022-12-01,,,,,,,CRM
2022-12-01,,,,,,,CRM
2022-12-01,,,,,,,CRM
2022-12-01,,,,,,,CRM
2022-12-01,,,,,,,CRM
2022-12-01,,,,,,,CRM
2022-12-01,,,,,,,CRM
2022-12-01,,,,,,,CRM
2022-12-01,,,,,,,CRM
2022-12-01,,,,,,,CRM
2022-12-01,,,,,,,CRM
2022-12-01,,,,,,,DIS
2022-12-01,,,,,,,DIS
2022-12-01,,,,,,,DIS
2022-12-01,,,,,,,DIS
2022-12-01,,,,,,,DIS
2022-12-01,97.87000274658203,98.83999633789062,96.58000183105469,98.58999633789062,96.97337341308594,13855700.0,DIS
2022-12-01,,,,,,,DIS
2022-12-01,,,,,,,DIS
2022-12-01,,,,,,,DIS
2022-12-01,,,,,,,DIS
2022-12-01,,,,,,,DIS
2022-12-01,,,,,,,DIS
2022-12-01,,,,,,,DIS
2022-12-01,,,,,,,DIS
2022-12-01,,,,,,,DIS
2022-12-01,,,,,,,DIS
2022-12-01,,,,,,,DIS
2022-12-01,,,,,,,DIS
2022-12-01,,,,,,,DIS
2022-12-01,,,,,,,DIS
2022-12-01,,,,,,,GOOGL
2022-12-01,,,,,,,GOOGL
2022-12-01,,,,,,,GOOGL
2022-12-01,,,,,,,GOOGL
2022-12-01,,,,,,,GOOGL
2022-12-01,,,,,,,GOOGL
2022-12-01,101.0199966430664,102.25,100.25,100.98999786376953,100.29823303222656,28687100.0,GOOGL
2022-12-01,,,,,,,GOOGL
2022-12-01,,,,,,,GOOGL
2022-12-01,,,,,,,GOOGL
2022-12-01,,,,,,,GOOGL
2022-12-01,,,,,,,GOOGL
2022-12-01,,,,,,,GOOGL
2022-12-01,,,,,,,GOOGL
2022-12-01,,,,,,,GOOGL
2022-12-01,,,,,,,GOOGL
2022-12-01,,,,,,,GOOGL
2022-12-01,,,,,,,GOOGL
2022-12-01,,,,,,,GOOGL
2022-12-01,,,,,,,GOOGL
2022-12-01,,,,,,,HD
2022-12-01,,,,,,,HD
2022-12-01,,,,,,,HD
2022-12-01,,,,,,,HD
2022-12-01,,,,,,,HD
2022-12-01,,,,,,,HD
2022-12-01,,,,,,,HD
2022-12-01,326.30999755859375,329.6700134277344,324.44000244140625,327.07000732421875,305.01177978515625,3830100.0,HD
2022-12-01,,,,,,,HD
2022-12-01,,,,,,,HD
2022-12-01,,,,,,,HD
2022-12-01,,,,,,,HD
2022-12-01,,,,,,,HD
2022-12-01,,,,,,,HD
2022-12-01,,,,,,,HD
2022-12-01,,,,,,,HD
2022-12-01,,,,,,,HD
2022-12-01,,,,,,,HD
2022-12-01,,,,,,,HD
2022-12-01,,,,,,,HD
2022-12-01,,,,,,,JNJ
2022-12-01,,,,,,,JNJ
2022-12-01,,,,,,,JNJ
2022-12-01,,,,,,,JNJ
2022-12-01,,,,,,,JNJ
2022-12-01,,,,,,,JNJ
2022-12-01,,,,,,,JNJ
2022-12-01,,,,,,,JNJ
2022-12-01,179.0,179.9600067138672,177.77000427246094,178.74000549316406,164.19386291503906,6282600.0,JNJ
2022-12-01,,,,,,,JNJ
2022-12-01,,,,,,,JNJ
2022-12-01,,,,,,,JNJ
2022-12-01,,,,,,,JNJ
2022-12-01,,,,,,,JNJ
2022-12-01,,,,,,,JNJ
2022-12-01,,,,,,,JNJ
2022-12-01,,,,,,,JNJ
2022-12-01,,,,,,,JNJ
2022-12-01,,,,,,,JNJ
2022-12-01,,,,,,,JNJ
2022-12-01,,,,,,,JPM
2022-12-01,,,,,,,JPM
2022-12-01,,,,,,,JPM
2022-12-01,,,,,,,JPM
2022-12-01,,,,,,,JPM
2022-12-01,,,,,,,JPM
2022-12-01,,,,,,,JPM
2022-12-01,,,,,,,JPM
2022-12-01,,,,,,,JPM
2022-12-01,138.17999267578125,138.66000366210938,135.42999267578125,136.24000549316406,127.14756774902344,8858500.0,JPM
2022-12-01,,,,,,,JPM
2022-12-01,,,,,,,JPM
2022-12-01,,,,,,,JPM
2022-12-01,,,,,,,JPM
2022-12-01,,,,,,,JPM
2022-12-01,,,,,,,JPM
2022-12-01,,,,,,,JPM
2022-12-01,,,,,,,JPM
2022-12-01,,,,,,,JPM
2022-12-01,,,,,,,JPM
2022-12-01,,,,,,,MA
2022-12-01,,,,,,,MA
2022-12-01,,,,,,,MA
2022-12-01,,,,,,,MA
2022-12-01,,,,,,,MA
2022-12-01,,,,,,,MA
2022-12-01,,,,,,,MA
2022-12-01,,,,,,,MA
2022-12-01,,,,,,,MA
2022-12-01,,,,,,,MA
2022-12-01,357.989990234375,361.5799865722656,354.04998779296875,360.79998779296875,354.9806213378906,3374700.0,MA
2022-12-01,,,,,,,MA
2022-12-01,,,,,,,MA
2022-12-01,,,,,,,MA
2022-12-01,,,,,,,MA
2022-12-01,,,,,,,MA
2022-12-01,,,,,,,MA
2022-12-01,,,,,,,MA
2022-12-01,,,,,,,MA
2022-12-01,,,,,,,MA
2022-12-01,,,,,,,META
2022-12-01,,,,,,,META
2022-12-01,,,,,,,META
2022-12-01,,,,,,,META
2022-12-01,,,,,,,META
2022-12-01,,,,,,,META
2022-12-01,,,,,,,META
2022-12-01,,,,,,,META
2022-12-01,,,,,,,META
2022-12-01,,,,,,,META
2022-12-01,,,,,,,META
2022-12-01,119.19999694824219,121.19999694824219,118.4000015258789,120.44000244140625,119.78287506103516,36551400.0,META
2022-12-01,,,,,,,META
2022-12-01,,,,,,,META
2022-12-01,,,,,,,META
2022-12-01,,,,,,,META
2022-12-01,,,,,,,META
2022-12-01,,,,,,,META
2022-12-01,,,,,,,META
2022-12-01,,,,,,,META
2022-12-01,,,,,,,MSFT
2022-12-01,,,,,,,MSFT
2022-12-01,,,,,,,MSFT
2022-12-01,,,,,,,MSFT
2022-12-01,,,,,,,MSFT
2022-12-01,,,,,,,MSFT
2022-12-01,,,,,,,MSFT
2022-12-01,,,,,,,MSFT
2022-12-01,,,,,,,MSFT
2022-12-01,,,,,,,MSFT
2022-12-01,,,,,,,MSFT
2022-12-01,,,,,,,MSFT
2022-12-01,253.8699951171875,256.1199951171875,250.9199981689453,254.69000244140625,249.20835876464844,26041500.0,MSFT
2022-12-01,,,,,,,MSFT
2022-12-01,,,,,,,MSFT
2022-12-01,,,,,,,MSFT
2022-12-01,,,,,,,MSFT
2022-12-01,,,,,,,MSFT
2022-12-01,,,,,,,MSFT
2022-12-01,,,,,,,MSFT
2022-12-01,,,,,,,NFLX
2022-12-01,,,,,,,NFLX
2022-12-01,,,,,,,NFLX
2022-12-01,,,,,,,NFLX
2022-12-01,,,,,,,NFLX
2022-12-01,,,,,,,NFLX
2022-12-01,,,,,,,NFLX
2022-12-01,,,,,,,NFLX
2022-12-01,,,,,,,NFLX
2022-12-01,,,,,,,NFLX
2022-12-01,,,,,,,NFLX
2022-12-01,,,,,,,NFLX
2022-12-01,,,,,,,NFLX
2022-12-01,303.989990234375,319.79998779296875,303.0299987792969,316.95001220703125,316.95001220703125,14664900.0,NFLX
2022-12-01,,,,,,,NFLX
2022-12-01,,,,,,,NFLX
2022-12-01,,,,,,,NFLX
2022-12-01,,,,,,,NFLX
2022-12-01,,,,,,,NFLX
2022-12-01,,,,,,,NFLX
2022-12-01,,,,,,,NVDA
2022-12-01,,,,,,,NVDA
2022-12-01,,,,,,,NVDA
2022-12-01,,,,,,,NVDA
2022-12-01,,,,,,,NVDA
2022-12-01,,,,,,,NVDA
2022-12-01,,,,,,,NVDA
2022-12-01,,,,,,,NVDA
2022-12-01,,,,,,,NVDA
2022-12-01,,,,,,,NVDA
2022-12-01,,,,,,,NVDA
2022-12-01,,,,,,,NVDA
2022-12-01,,,,,,,NVDA
2022-12-01,,,,,,,NVDA
2022-12-01,16.999000549316406,17.264999389648438,16.635000228881836,17.135000228881836,17.118820190429688,470977000.0,NVDA
2022-12-01,,,,,,,NVDA
2022-12-01,,,,,,,NVDA
2022-12-01,,,,,,,NVDA
2022-12-01,,,,,,,NVDA
2022-12-01,,,,,,,NVDA
2022-12-01,,,,,,,PFE
2022-12-01,,,,,,,PFE
2022-12-01,,,,,,,PFE
2022-12-01,,,,,,,PFE
2022-12-01,,,,,,,PFE
2022-12-01,,,,,,,PFE
2022-12-01,,,,,,,PFE
2022-12-01,,,,,,,PFE
2022-12-01,,,,,,,PFE
2022-12-01,,,,,,,PFE
2022-12-01,,,,,,,PFE
2022-12-01,,,,,,,PFE
2022-12-01,,,,,,,PFE
2022-12-01,,,,,,,PFE
2022-12-01,,,,,,,PFE
2022-12-01,50.310001373291016,51.15999984741211,50.279998779296875,51.08000183105469,43.69725799560547,23592600.0,PFE
2022-12-01,,,,,,,PFE
2022-12-01,,,,,,,PFE
2022-12-01,,,,,,,PFE
2022-12-01,,,,,,,PFE
2022-12-01,,,,,,,PG
2022-12-01,,,,,,,PG
2022-12-01,,,,,,,PG
2022-12-01,,,,,,,PG
2022-12-01,,,,,,,PG
2022-12-01,,,,,,,PG
2022-12-01,,,,,,,PG
2022-12-01,,,,,,,PG
2022-12-01,,,,,,,PG
2022-12-01,,,,,,,PG
2022-12-01,,,,,,,PG
2022-12-01,,,,,,,PG
2022-12-01,,,,,,,PG
2022-12-01,,,,,,,PG
2022-12-01,,,,,,,PG
2022-12-01,,,,,,,PG
2022-12-01,149.52999877929688,150.36000061035156,148.57000732421875,149.25,139.33123779296875,6927400.0,PG
2022-12-01,,,,,,,PG
2022-12-01,,,,,,,PG
2022-12-01,,,,,,,PG
2022-12-01,,,,,,,TSLA
2022-12-01,,,,,,,TSLA
2022-12-01,,,,,,,TSLA
2022-12-01,,,,,,,TSLA
2022-12-01,,,,,,,TSLA
2022-12-01,,,,,,,TSLA
2022-12-01,,,,,,,TSLA
2022-12-01,,,,,,,TSLA
2022-12-01,,,,,,,TSLA
2022-12-01,,,,,,,TSLA
2022-12-01,,,,,,,TSLA
2022-12-01,,,,,,,TSLA
2022-12-01,,,,,,,TSLA
2022-12-01,,,,,,,TSLA
2022-12-01,,,,,,,TSLA
2022-12-01,,,,,,,TSLA
2022-12-01,,,,,,,TSLA
2022-12-01,197.0800018310547,198.9199981689453,191.8000030517578,194.6999969482422,194.6999969482422,80046200.0,TSLA
2022-12-01,,,,,,,TSLA
2022-12-01,,,,,,,TSLA
2022-12-01,,,,,,,UNH
2022-12-01,,,,,,,UNH
2022-12-01,,,,,,,UNH
2022-12-01,,,,,,,UNH
2022-12-01,,,,,,,UNH
2022-12-01,,,,,,,UNH
2022-12-01,,,,,,,UNH
2022-12-01,,,,,,,UNH
2022-12-01,,,,,,,UNH
2022-12-01,,,,,,,UNH
2022-12-01,,,,,,,UNH
2022-12-01,,,,,,,UNH
2022-12-01,,,,,,,UNH
2022-12-01,,,,,,,UNH
2022-12-01,,,,,,,UNH
2022-12-01,,,,,,,UNH
2022-12-01,,,,,,,UNH
2022-12-01,,,,,,,UNH
2022-12-01,552.3599853515625,553.0,535.7999877929688,536.9099731445312,513.338623046875,2997800.0,UNH
2022-12-01,,,,,,,UNH
2022-12-01,,,,,,,V
2022-12-01,,,,,,,V
2022-12-01,,,,,,,V
2022-12-01,,,,,,,V
2022-12-01,,,,,,,V
2022-12-01,,,,,,,V
2022-12-01,,,,,,,V
2022-12-01,,,,,,,V
2022-12-01,,,,,,,V
2022-12-01,,,,,,,V
2022-12-01,,,,,,,V
2022-12-01,,,,,,,V
2022-12-01,,,,,,,V
2022-12-01,,,,,,,V
2022-12-01,,,,,,,V
2022-12-01,,,,,,,V
2022-12-01,,,,,,,V
2022-12-01,,,,,,,V
2022-12-01,,,,,,,V
2022-12-01,217.0,218.64999389648438,215.3000030517578,217.0,212.5706329345703,11261500.0,V
2023-01-01,130.27999877929688,130.89999389648438,124.16999816894531,125.06999969482422,123.33065795898438,112117500.0,AAPL
2023-01-01,,,,,,,AAPL
2023-01-01,,,,,,,AAPL
2023-01-01,,,,,,,AAPL
2023-01-01,,,,,,,AAPL
2023-01-01,,,,,,,AAPL
2023-01-01,,,,,,,AAPL
2023-01-01,,,,,,,AAPL
2023-01-01,,,,,,,AAPL
2023-01-01,,,,,,,AAPL
2023-01-01,,,,,,,AAPL
2023-01-01,,,,,,,AAPL
2023-01-01,,,,,,,AAPL
2023-01-01,,,,,,,AAPL
2023-01-01,,,,,,,AAPL
2023-01-01,,,,,,,AAPL
2023-01-01,,,,,,,AAPL
2023-01-01,,,,,,,AAPL
2023-01-01,,,,,,,AAPL
2023-01-01,,,,,,,AAPL
2023-01-01,,,,,,,ADBE
2023-01-01,340.1600036621094,345.82000732421875,331.9200134277344,336.9200134277344,336.9200134277344,2229100.0,ADBE
2023-01-01,,,,,,,ADBE
2023-01-01,,,,,,,ADBE
2023-01-01,,,,,,,ADBE
2023-01-01,,,,,,,ADBE
2023-01-01,,,,,,,ADBE
2023-01-01,,,,,,,ADBE
2023-01-01,,,,,,,ADBE
2023-01-01,,,,,,,ADBE
2023-01-01,,,,,,,ADBE
2023-01-01,,,,,,,ADBE
2023-01-01,,,,,,,ADBE
2023-01-01,,,,,,,ADBE
2023-01-01,,,,,,,ADBE
2023-01-01,,,,,,,ADBE
2023-01-01,,,,,,,ADBE
2023-01-01,,,,,,,ADBE
2023-01-01,,,,,,,ADBE
2023-01-01,,,,,,,ADBE
2023-01-01,,,,,,,AMZN
2023-01-01,,,,,,,AMZN
2023-01-01,85.45999908447266,86.95999908447266,84.20999908447266,85.81999969482422,85.81999969482422,76706000.0,AMZN
2023-01-01,,,,,,,AMZN
2023-01-01,,,,,,,AMZN
2023-01-01,,,,,,,AMZN
2023-01-01,,,,,,,AMZN
2023-01-01,,,,,,,AMZN
2023-01-01,,,,,,,AMZN
2023-01-01,,,,,,,AMZN
2023-01-01,,,,,,,AMZN
2023-01-01,,,,,,,AMZN
2023-01-01,,,,,,,AMZN
2023-01-01,,,,,,,AMZN
2023-01-01,,,,,,,AMZN
2023-01-01,,,,,,,AMZN
2023-01-01,,,,,,,AMZN
2023-01-01,,,,,,,AMZN
2023-01-01,,,,,,,AMZN
2023-01-01,,,,,,,AMZN
2023-01-01,,,,,,,BAC
2023-01-01,,,,,,,BAC
2023-01-01,,,,,,,BAC
2023-01-01,33.22999954223633,34.09000015258789,33.209999084472656,33.5099983215332,31.13523292541504,35221500.0,BAC
2023-01-01,,,,,,,BAC
2023-01-01,,,,,,,BAC
2023-01-01,,,,,,,BAC
2023-01-01,,,,,,,BAC
2023-01-01,,,,,,,BAC
2023-01-01,,,,,,,BAC
2023-01-01,,,,,,,BAC
2023-01-01,,,,,,,BAC
2023-01-01,,,,,,,BAC
2023-01-01,,,,,,,BAC
2023-01-01,,,,,,,BAC
2023-01-01,,,,,,,BAC
2023-01-01,,,,,,,BAC
2023-01-01,,,,,,,BAC
2023-01-01,,,,,,,BAC
2023-01-01,,,,,,,BAC
2023-01-01,,,,,,,CRM
2023-01-01,,,,,,,CRM
2023-01-01,,,,,,,CRM
2023-01-01,,,,,,,CRM
2023-01-01,135.19000244140625,136.9499969482422,133.02999877929688,134.77999877929688,133.60923767089844,8196400.0,CRM
2023-01-01,,,,,,,CRM
2023-01-01,,,,,,,CRM
2023-01-01,,,,,,,CRM
2023-01-01,,,,,,,CRM
2023-01-01,,,,,,,CRM
2023-01-01,,,,,,,CRM
2023-01-01,,,,,,,CRM
2023-01-01,,,,,,,CRM
2023-01-01,,,,,,,CRM
2023-01-01,,,,,,,CRM
2023-01-01,,,,,,,CRM
2023-01-01,,,,,,,CRM
2023-01-01,,,,,,,CRM
2023-01-01,,,,,,,CRM
2023-01-01,,,,,,,CRM
2023-01-01,,,,,,,DIS
2023-01-01,,,,,,,DIS
2023-01-01,,,,,,,DIS
2023-01-01,,,,,,,DIS
2023-01-01,,,,,,,DIS
2023-01-01,88.9800033569336,89.97000122070312,87.83000183105469,88.97000122070312,87.5111312866211,14997100.0,DIS
2023-01-01,,,,,,,DIS
2023-01-01,,,,,,,DIS
2023-01-01,,,,,,,DIS
2023-01-01,,,,,,,DIS
2023-01-01,,,,,,,DIS
2023-01-01,,,,,,,DIS
2023-01-01,,,,,,,DIS
2023-01-01,,,,,,,DIS
2023-01-01,,,,,,,DIS
2023-01-01,,,,,,,DIS
2023-01-01,,,,,,,DIS
2023-01-01,,,,,,,DIS
2023-01-01,,,,,,,DIS
2023-01-01,,,,,,,DIS
2023-01-01,,,,,,,GOOGL
2023-01-01,,,,,,,GOOGL
2023-01-01,,,,,,,GOOGL
2023-01-01,,,,,,,GOOGL
2023-01-01,,,,,,,GOOGL
2023-01-01,,,,,,,GOOGL
2023-01-01,89.58999633789062,91.05000305175781,88.5199966430664,89.12000274658203,88.5095443725586,28131200.0,GOOGL
2023-01-01,,,,,,,GOOGL
2023-01-01,,,,,,,GOOGL
2023-01-01,,,,,,,GOOGL
2023-01-01,,,,,,,GOOGL
2023-01-01,,,,,,,GOOGL
2023-01-01,,,,,,,GOOGL
2023-01-01,,,,,,,GOOGL
2023-01-01,,,,,,,GOOGL
2023-01-01,,,,,,,GOOGL
2023-01-01,,,,,,,GOOGL
2023-01-01,,,,,,,GOOGL
2023-01-01,,,,,,,GOOGL
2023-01-01,,,,,,,GOOGL
2023-01-01,,,,,,,HD
2023-01-01,,,,,,,HD
2023-01-01,,,,,,,HD
2023-01-01,,,,,,,HD
2023-01-01,,,,,,,HD
2023-01-01,,,,,,,HD
2023-01-01,,,,,,,HD
2023-01-01,317.4200134277344,319.2200012207031,311.7799987792969,315.9100036621094,294.6044006347656,2822400.0,HD
2023-01-01,,,,,,,HD
2023-01-01,,,,,,,HD
2023-01-01,,,,,,,HD
2023-01-01,,,,,,,HD
2023-01-01,,,,,,,HD
2023-01-01,,,,,,,HD
2023-01-01,,,,,,,HD
2023-01-01,,,,,,,HD
2023-01-01,,,,,,,HD
2023-01-01,,,,,,,HD
2023-01-01,,,,,,,HD
2023-01-01,,,,,,,HD
2023-01-01,,,,,,,JNJ
2023-01-01,,,,,,,JNJ
2023-01-01,,,,,,,JNJ
2023-01-01,,,,,,,JNJ
2023-01-01,,,,,,,JNJ
2023-01-01,,,,,,,JNJ
2023-01-01,,,,,,,JNJ
2023-01-01,,,,,,,JNJ
2023-01-01,176.16000366210938,178.3800048828125,176.00999450683594,178.19000244140625,163.6885986328125,6344900.0,JNJ
2023-01-01,,,,,,,JNJ
2023-01-01,,,,,,,JNJ
2023-01-01,,,,,,,JNJ
2023-01-01,,,,,,,JNJ
2023-01-01,,,,,,,JNJ
2023-01-01,,,,,,,JNJ
2023-01-01,,,,,,,JNJ
2023-01-01,,,,,,,JNJ
2023-01-01,,,,,,,JNJ
2023-01-01,,,,,,,JNJ
2023-01-01,,,,,,,JNJ
2023-01-01,,,,,,,JPM
2023-01-01,,,,,,,JPM
2023-01-01,,,,,,,JPM
2023-01-01,,,,,,,JPM
2023-01-01,,,,,,,JPM
2023-01-01,,,,,,,JPM
2023-01-01,,,,,,,JPM
2023-01-01,,,,,,,JPM
2023-01-01,,,,,,,JPM
2023-01-01,135.24000549316406,136.74000549316406,133.88999938964844,135.1199951171875,126.10233306884766,11054800.0,JPM
2023-01-01,,,,,,,JPM
2023-01-01,,,,,,,JPM
2023-01-01,,,,,,,JPM
2023-01-01,,,,,,,JPM
2023-01-01,,,,,,,JPM
2023-01-01,,,,,,,JPM
2023-01-01,,,,,,,JPM
2023-01-01,,,,,,,JPM
2023-01-01,,,,,,,JPM
2023-01-01,,,,,,,JPM
2023-01-01,,,,,,,MA
2023-01-01,,,,,,,MA
2023-01-01,,,,,,,MA
2023-01-01,,,,,,,MA
2023-01-01,,,,,,,MA
2023-01-01,,,,,,,MA
2023-01-01,,,,,,,MA
2023-01-01,,,,,,,MA
2023-01-01,,,,,,,MA
2023-01-01,,,,,,,MA
2023-01-01,349.9599914550781,354.6600036621094,343.94000244140625,346.79998779296875,341.2064514160156,2933600.0,MA
2023-01-01,,,,,,,MA
2023-01-01,,,,,,,MA
2023-01-01,,,,,,,MA
2023-01-01,,,,,,,MA
2023-01-01,,,,,,,MA
2023-01-01,,,,,,,MA
2023-01-01,,,,,,,MA
2023-01-01,,,,,,,MA
2023-01-01,,,,,,,MA
2023-01-01,,,,,,,META
2023-01-01,,,,,,,META
2023-01-01,,,,,,,META
2023-01-01,,,,,,,META
2023-01-01,,,,,,,META
2023-01-01,,,,,,,META
2023-01-01,,,,,,,META
2023-01-01,,,,,,,META
2023-01-01,,,,,,,META
2023-01-01,,,,,,,META
2023-01-01,,,,,,,META
2023-01-01,122.81999969482422,126.37000274658203,122.27999877929688,124.73999786376953,124.05940246582031,35528500.0,META
2023-01-01,,,,,,,META
2023-01-01,,,,,,,META
2023-01-01,,,,,,,META
2023-01-01,,,,,,,META
2023-01-01,,,,,,,META
2023-01-01,,,,,,,META
2023-01-01,,,,,,,META
2023-01-01,,,,,,,META
2023-01-01,,,,,,,MSFT
2023-01-01,,,,,,,MSFT
2023-01-01,,,,,,,MSFT
2023-01-01,,,,,,,MSFT
2023-01-01,,,,,,,MSFT
2023-01-01,,,,,,,MSFT
2023-01-01,,,,,,,MSFT
2023-01-01,,,,,,,MSFT
2023-01-01,,,,,,,MSFT
2023-01-01,,,,,,,MSFT
2023-01-01,,,,,,,MSFT
2023-01-01,,,,,,,MSFT
2023-01-01,243.0800018310547,245.75,237.39999389648438,239.5800018310547,234.42359924316406,25740000.0,MSFT
2023-01-01,,,,,,,MSFT
2023-01-01,,,,,,,MSFT
2023-01-01,,,,,,,MSFT
2023-01-01,,,,,,,MSFT
2023-01-01,,,,,,,MSFT
2023-01-01,,,,,,,MSFT
2023-01-01,,,,,,,MSFT
2023-01-01,,,,,,,NFLX
2023-01-01,,,,,,,NFLX
2023-01-01,,,,,,,NFLX
2023-01-01,,,,,,,NFLX
2023-01-01,,,,,,,NFLX
2023-01-01,,,,,,,NFLX
2023-01-01,,,,,,,NFLX
2023-01-01,,,,,,,NFLX
2023-01-01,,,,,,,NFLX
2023-01-01,,,,,,,NFLX
2023-01-01,,,,,,,NFLX
2023-01-01,,,,,,,NFLX
2023-01-01,,,,,,,NFLX
2023-01-01,298.05999755859375,298.3900146484375,288.70001220703125,294.95001220703125,294.95001220703125,6764000.0,NFLX
2023-01-01,,,,,,,NFLX
2023-01-01,,,,,,,NFLX
2023-01-01,,,,,,,NFLX
2023-01-01,,,,,,,NFLX
2023-01-01,,,,,,,NFLX
2023-01-01,,,,,,,NFLX
2023-01-01,,,,,,,NVDA
2023-01-01,,,,,,,NVDA
2023-01-01,,,,,,,NVDA
2023-01-01,,,,,,,NVDA
2023-01-01,,,,,,,NVDA
2023-01-01,,,,,,,NVDA
2023-01-01,,,,,,,NVDA
2023-01-01,,,,,,,NVDA
2023-01-01,,,,,,,NVDA
2023-01-01,,,,,,,NVDA
2023-01-01,,,,,,,NVDA
2023-01-01,,,,,,,NVDA
2023-01-01,,,,,,,NVDA
2023-01-01,,,,,,,NVDA
2023-01-01,14.85099983215332,14.996000289916992,14.095999717712402,14.3149995803833,14.30147933959961,401277000.0,NVDA
2023-01-01,,,,,,,NVDA
2023-01-01,,,,,,,NVDA
2023-01-01,,,,,,,NVDA
2023-01-01,,,,,,,NVDA
2023-01-01,,,,,,,NVDA
2023-01-01,,,,,,,PFE
2023-01-01,,,,,,,PFE
2023-01-01,,,,,,,PFE
2023-01-01,,,,,,,PFE
2023-01-01,,,,,,,PFE
2023-01-01,,,,,,,PFE
2023-01-01,,,,,,,PFE
2023-01-01,,,,,,,PFE
2023-01-01,,,,,,,PFE
2023-01-01,,,,,,,PFE
2023-01-01,,,,,,,PFE
2023-01-01,,,,,,,PFE
2023-01-01,,,,,,,PFE
2023-01-01,,,,,,,PFE
2023-01-01,,,,,,,PFE
2023-01-01,51.0099983215332,51.33000183105469,50.81999969482422,51.2599983215332,43.85124206542969,15603800.0,PFE
2023-01-01,,,,,,,PFE
2023-01-01,,,,,,,PFE
2023-01-01,,,,,,,PFE
2023-01-01,,,,,,,PFE
2023-01-01,,,,,,,PG
2023-01-01,,,,,,,PG
2023-01-01,,,,,,,PG
2023-01-01,,,,,,,PG
2023-01-01,,,,,,,PG
2023-01-01,,,,,,,PG
2023-01-01,,,,,,,PG
2023-01-01,,,,,,,PG
2023-01-01,,,,,,,PG
2023-01-01,,,,,,,PG
2023-01-01,,,,,,,PG
2023-01-01,,,,,,,PG
2023-01-01,,,,,,,PG
2023-01-01,,,,,,,PG
2023-01-01,,,,,,,PG
2023-01-01,,,,,,,PG
2023-01-01,150.9499969482422,151.7100067138672,149.1199951171875,151.57000732421875,141.49708557128906,6447300.0,PG
2023-01-01,,,,,,,PG
2023-01-01,,,,,,,PG
2023-01-01,,,,,,,PG
2023-01-01,,,,,,,TSLA
2023-01-01,,,,,,,TSLA
2023-01-01,,,,,,,TSLA
2023-01-01,,,,,,,TSLA
2023-01-01,,,,,,,TSLA
2023-01-01,,,,,,,TSLA
2023-01-01,,,,,,,TSLA
2023-01-01,,,,,,,TSLA
2023-01-01,,,,,,,TSLA
2023-01-01,,,,,,,TSLA
2023-01-01,,,,,,,TSLA
2023-01-01,,,,,,,TSLA
2023-01-01,,,,,,,TSLA
2023-01-01,,,,,,,TSLA
2023-01-01,,,,,,,TSLA
2023-01-01,,,,,,,TSLA
2023-01-01,,,,,,,TSLA
2023-01-01,118.47000122070312,118.80000305175781,104.63999938964844,108.0999984741211,108.0999984741211,231402800.0,TSLA
2023-01-01,,,,,,,TSLA
2023-01-01,,,,,,,TSLA
2023-01-01,,,,,,,UNH
2023-01-01,,,,,,,UNH
2023-01-01,,,,,,,UNH
2023-01-01,,,,,,,UNH
2023-01-01,,,,,,,UNH
2023-01-01,,,,,,,UNH
2023-01-01,,,,,,,UNH
2023-01-01,,,,,,,UNH
2023-01-01,,,,,,,UNH
2023-01-01,,,,,,,UNH
2023-01-01,,,,,,,UNH
2023-01-01,,,,,,,UNH
2023-01-01,,,,,,,UNH
2023-01-01,,,,,,,UNH
2023-01-01,,,,,,,UNH
2023-01-01,,,,,,,UNH
2023-01-01,,,,,,,UNH
2023-01-01,,,,,,,UNH
2023-01-01,525.1300048828125,525.6300048828125,512.1599731445312,518.6400146484375,497.3994445800781,3525600.0,UNH
2023-01-01,,,,,,,UNH
2023-01-01,,,,,,,V
2023-01-01,,,,,,,V
2023-01-01,,,,,,,V
2023-01-01,,,,,,,V
2023-01-01,,,,,,,V
2023-01-01,,,,,,,V
2023-01-01,,,,,,,V
2023-01-01,,,,,,,V
2023-01-01,,,,,,,V
2023-01-01,,,,,,,V
2023-01-01,,,,,,,V
2023-01-01,,,,,,,V
2023-01-01,,,,,,,V
2023-01-01,,,,,,,V
2023-01-01,,,,,,,V
2023-01-01,,,,,,,V
2023-01-01,,,,,,,V
2023-01-01,,,,,,,V
2023-01-01,,,,,,,V
2023-01-01,209.27999877929688,212.3300018310547,206.16000366210938,207.38999938964844,203.1567840576172,4202800.0,V
2023-02-01,143.97000122070312,146.61000061035156,141.32000732421875,145.42999267578125,143.40748596191406,77663600.0,AAPL
2023-02-01,,,,,,,AAPL
2023-02-01,,,,,,,AAPL
2023-02-01,,,,,,,AAPL
2023-02-01,,,,,,,AAPL
2023-02-01,,,,,,,AAPL
2023-02-01,,,,,,,AAPL
2023-02-01,,,,,,,AAPL
2023-02-01,,,,,,,AAPL
2023-02-01,,,,,,,AAPL
2023-02-01,,,,,,,AAPL
2023-02-01,,,,,,,AAPL
2023-02-01,,,,,,,AAPL
2023-02-01,,,,,,,AAPL
2023-02-01,,,,,,,AAPL
2023-02-01,,,,,,,AAPL
2023-02-01,,,,,,,AAPL
2023-02-01,,,,,,,AAPL
2023-02-01,,,,,,,AAPL
2023-02-01,,,,,,,AAPL
2023-02-01,,,,,,,ADBE
2023-02-01,370.010009765625,386.7200012207031,366.79998779296875,383.9200134277344,383.9200134277344,3362000.0,ADBE
2023-02-01,,,,,,,ADBE
2023-02-01,,,,,,,ADBE
2023-02-01,,,,,,,ADBE
2023-02-01,,,,,,,ADBE
2023-02-01,,,,,,,ADBE
2023-02-01,,,,,,,ADBE
2023-02-01,,,,,,,ADBE
2023-02-01,,,,,,,ADBE
2023-02-01,,,,,,,ADBE
2023-02-01,,,,,,,ADBE
2023-02-01,,,,,,,ADBE
2023-02-01,,,,,,,ADBE
2023-02-01,,,,,,,ADBE
2023-02-01,,,,,,,ADBE
2023-02-01,,,,,,,ADBE
2023-02-01,,,,,,,ADBE
2023-02-01,,,,,,,ADBE
2023-02-01,,,,,,,ADBE
2023-02-01,,,,,,,AMZN
2023-02-01,,,,,,,AMZN
2023-02-01,102.52999877929688,106.23999786376953,101.23999786376953,105.1500015258789,105.1500015258789,80450100.0,AMZN
2023-02-01,,,,,,,AMZN
2023-02-01,,,,,,,AMZN
2023-02-01,,,,,,,AMZN
2023-02-01,,,,,,,AMZN
2023-02-01,,,,,,,AMZN
2023-02-01,,,,,,,AMZN
2023-02-01,,,,,,,AMZN
2023-02-01,,,,,,,AMZN
2023-02-01,,,,,,,AMZN
2023-02-01,,,,,,,AMZN
2023-02-01,,,,,,,AMZN
2023-02-01,,,,,,,AMZN
2023-02-01,,,,,,,AMZN
2023-02-01,,,,,,,AMZN
2023-02-01,,,,,,,AMZN
2023-02-01,,,,,,,AMZN
2023-02-01,,,,,,,AMZN
2023-02-01,,,,,,,BAC
2023-02-01,,,,,,,BAC
2023-02-01,,,,,,,BAC
2023-02-01,35.20000076293945,36.2599983215332,35.11000061035156,35.91999816894531,33.37443923950195,44438700.0,BAC
2023-02-01,,,,,,,BAC
2023-02-01,,,,,,,BAC
2023-02-01,,,,,,,BAC
2023-02-01,,,,,,,BAC
2023-02-01,,,,,,,BAC
2023-02-01,,,,,,,BAC
2023-02-01,,,,,,,BAC
2023-02-01,,,,,,,BAC
2023-02-01,,,,,,,BAC
2023-02-01,,,,,,,BAC
2023-02-01,,,,,,,BAC
2023-02-01,,,,,,,BAC
2023-02-01,,,,,,,BAC
2023-02-01,,,,,,,BAC
2023-02-01,,,,,,,BAC
2023-02-01,,,,,,,BAC
2023-02-01,,,,,,,CRM
2023-02-01,,,,,,,CRM
2023-02-01,,,,,,,CRM
2023-02-01,,,,,,,CRM
2023-02-01,167.72999572753906,173.0800018310547,167.0,171.82000732421875,170.32749938964844,8853900.0,CRM
2023-02-01,,,,,,,CRM
2023-02-01,,,,,,,CRM
2023-02-01,,,,,,,CRM
2023-02-01,,,,,,,CRM
2023-02-01,,,,,,,CRM
2023-02-01,,,,,,,CRM
2023-02-01,,,,,,,CRM
2023-02-01,,,,,,,CRM
2023-02-01,,,,,,,CRM
2023-02-01,,,,,,,CRM
2023-02-01,,,,,,,CRM
2023-02-01,,,,,,,CRM
2023-02-01,,,,,,,CRM
2023-02-01,,,,,,,CRM
2023-02-01,,,,,,,CRM
2023-02-01,,,,,,,DIS
2023-02-01,,,,,,,DIS
2023-02-01,,,,,,,DIS
2023-02-01,,,,,,,DIS
2023-02-01,,,,,,,DIS
2023-02-01,108.5,109.94000244140625,106.9000015258789,109.38999938964844,107.59629821777344,9975500.0,DIS
2023-02-01,,,,,,,DIS
2023-02-01,,,,,,,DIS
2023-02-01,,,,,,,DIS
2023-02-01,,,,,,,DIS
2023-02-01,,,,,,,DIS
2023-02-01,,,,,,,DIS
2023-02-01,,,,,,,DIS
2023-02-01,,,,,,,DIS
2023-02-01,,,,,,,DIS
2023-02-01,,,,,,,DIS
2023-02-01,,,,,,,DIS
2023-02-01,,,,,,,DIS
2023-02-01,,,,,,,DIS
2023-02-01,,,,,,,DIS
2023-02-01,,,,,,,GOOGL
2023-02-01,,,,,,,GOOGL
2023-02-01,,,,,,,GOOGL
2023-02-01,,,,,,,GOOGL
2023-02-01,,,,,,,GOOGL
2023-02-01,,,,,,,GOOGL
2023-02-01,98.70999908447266,101.19000244140625,97.58000183105469,100.43000030517578,99.74205017089844,35531100.0,GOOGL
2023-02-01,,,,,,,GOOGL
2023-02-01,,,,,,,GOOGL
2023-02-01,,,,,,,GOOGL
2023-02-01,,,,,,,GOOGL
2023-02-01,,,,,,,GOOGL
2023-02-01,,,,,,,GOOGL
2023-02-01,,,,,,,GOOGL
2023-02-01,,,,,,,GOOGL
2023-02-01,,,,,,,GOOGL
2023-02-01,,,,,,,GOOGL
2023-02-01,,,,,,,GOOGL
2023-02-01,,,,,,,GOOGL
2023-02-01,,,,,,,GOOGL
2023-02-01,,,,,,,HD
2023-02-01,,,,,,,HD
2023-02-01,,,,,,,HD
2023-02-01,,,,,,,HD
2023-02-01,,,,,,,HD
2023-02-01,,,,,,,HD
2023-02-01,,,,,,,HD
2023-02-01,322.3900146484375,330.54998779296875,317.6400146484375,328.0899963378906,305.96295166015625,3076500.0,HD
2023-02-01,,,,,,,HD
2023-02-01,,,,,,,HD
2023-02-01,,,,,,,HD
2023-02-01,,,,,,,HD
2023-02-01,,,,,,,HD
2023-02-01,,,,,,,HD
2023-02-01,,,,,,,HD
2023-02-01,,,,,,,HD
2023-02-01,,,,,,,HD
2023-02-01,,,,,,,HD
2023-02-01,,,,,,,HD
2023-02-01,,,,,,,HD
2023-02-01,,,,,,,JNJ
2023-02-01,,,,,,,JNJ
2023-02-01,,,,,,,JNJ
2023-02-01,,,,,,,JNJ
2023-02-01,,,,,,,JNJ
2023-02-01,,,,,,,JNJ
2023-02-01,,,,,,,JNJ
2023-02-01,,,,,,,JNJ
2023-02-01,162.99000549316406,165.97999572753906,162.39999389648438,164.9199981689453,151.49853515625,9865300.0,JNJ
2023-02-01,,,,,,,JNJ
2023-02-01,,,,,,,JNJ
2023-02-01,,,,,,,JNJ
2023-02-01,,,,,,,JNJ
2023-02-01,,,,,,,JNJ
2023-02-01,,,,,,,JNJ
2023-02-01,,,,,,,JNJ
2023-02-01,,,,,,,JNJ
2023-02-01,,,,,,,JNJ
2023-02-01,,,,,,,JNJ
2023-02-01,,,,,,,JNJ
2023-02-01,,,,,,,JPM
2023-02-01,,,,,,,JPM
2023-02-01,,,,,,,JPM
2023-02-01,,,,,,,JPM
2023-02-01,,,,,,,JPM
2023-02-01,,,,,,,JPM
2023-02-01,,,,,,,JPM
2023-02-01,,,,,,,JPM
2023-02-01,,,,,,,JPM
2023-02-01,138.2100067138672,140.8800048828125,138.1199951171875,139.58999633789062,131.23631286621094,8841800.0,JPM
2023-02-01,,,,,,,JPM
2023-02-01,,,,,,,JPM
2023-02-01,,,,,,,JPM
2023-02-01,,,,,,,JPM
2023-02-01,,,,,,,JPM
2023-02-01,,,,,,,JPM
2023-02-01,,,,,,,JPM
2023-02-01,,,,,,,JPM
2023-02-01,,,,,,,JPM
2023-02-01,,,,,,,JPM
2023-02-01,,,,,,,MA
2023-02-01,,,,,,,MA
2023-02-01,,,,,,,MA
2023-02-01,,,,,,,MA
2023-02-01,,,,,,,MA
2023-02-01,,,,,,,MA
2023-02-01,,,,,,,MA
2023-02-01,,,,,,,MA
2023-02-01,,,,,,,MA
2023-02-01,,,,,,,MA
2023-02-01,368.57000732421875,376.7799987792969,367.0,374.0799865722656,368.64373779296875,2951900.0,MA
2023-02-01,,,,,,,MA
2023-02-01,,,,,,,MA
2023-02-01,,,,,,,MA
2023-02-01,,,,,,,MA
2023-02-01,,,,,,,MA
2023-02-01,,,,,,,MA
2023-02-01,,,,,,,MA
2023-02-01,,,,,,,MA
2023-02-01,,,,,,,MA
2023-02-01,,,,,,,META
2023-02-01,,,,,,,META
2023-02-01,,,,,,,META
2023-02-01,,,,,,,META
2023-02-01,,,,,,,META
2023-02-01,,,,,,,META
2023-02-01,,,,,,,META
2023-02-01,,,,,,,META
2023-02-01,,,,,,,META
2023-02-01,,,,,,,META
2023-02-01,,,,,,,META
2023-02-01,148.02999877929688,153.5800018310547,147.05999755859375,153.1199951171875,152.28456115722656,55661000.0,META
2023-02-01,,,,,,,META
2023-02-01,,,,,,,META
2023-02-01,,,,,,,META
2023-02-01,,,,,,,META
2023-02-01,,,,,,,META
2023-02-01,,,,,,,META
2023-02-01,,,,,,,META
2023-02-01,,,,,,,META
2023-02-01,,,,,,,MSFT
2023-02-01,,,,,,,MSFT
2023-02-01,,,,,,,MSFT
2023-02-01,,,,,,,MSFT
2023-02-01,,,,,,,MSFT
2023-02-01,,,,,,,MSFT
2023-02-01,,,,,,,MSFT
2023-02-01,,,,,,,MSFT
2023-02-01,,,,,,,MSFT
2023-02-01,,,,,,,MSFT
2023-02-01,,,,,,,MSFT
2023-02-01,,,,,,,MSFT
2023-02-01,248.0,255.17999267578125,245.47000122070312,252.75,247.31011962890625,31259900.0,MSFT
2023-02-01,,,,,,,MSFT
2023-02-01,,,,,,,MSFT
2023-02-01,,,,,,,MSFT
2023-02-01,,,,,,,MSFT
2023-02-01,,,,,,,MSFT
2023-02-01,,,,,,,MSFT
2023-02-01,,,,,,,MSFT
2023-02-01,,,,,,,NFLX
2023-02-01,,,,,,,NFLX
2023-02-01,,,,,,,NFLX
2023-02-01,,,,,,,NFLX
2023-02-01,,,,,,,NFLX
2023-02-01,,,,,,,NFLX
2023-02-01,,,,,,,NFLX
2023-02-01,,,,,,,NFLX
2023-02-01,,,,,,,NFLX
2023-02-01,,,,,,,NFLX
2023-02-01,,,,,,,NFLX
2023-02-01,,,,,,,NFLX
2023-02-01,,,,,,,NFLX
2023-02-01,353.8599853515625,365.3900146484375,349.9100036621094,361.989990234375,361.989990234375,8005200.0,NFLX
2023-02-01,,,,,,,NFLX
2023-02-01,,,,,,,NFLX
2023-02-01,,,,,,,NFLX
2023-02-01,,,,,,,NFLX
2023-02-01,,,,,,,NFLX
2023-02-01,,,,,,,NFLX
2023-02-01,,,,,,,NVDA
2023-02-01,,,,,,,NVDA
2023-02-01,,,,,,,NVDA
2023-02-01,,,,,,,NVDA
2023-02-01,,,,,,,NVDA
2023-02-01,,,,,,,NVDA
2023-02-01,,,,,,,NVDA
2023-02-01,,,,,,,NVDA
2023-02-01,,,,,,,NVDA
2023-02-01,,,,,,,NVDA
2023-02-01,,,,,,,NVDA
2023-02-01,,,,,,,NVDA
2023-02-01,,,,,,,NVDA
2023-02-01,,,,,,,NVDA
2023-02-01,19.69099998474121,21.191999435424805,19.611000061035156,20.94300079345703,20.9232177734375,660477000.0,NVDA
2023-02-01,,,,,,,NVDA
2023-02-01,,,,,,,NVDA
2023-02-01,,,,,,,NVDA
2023-02-01,,,,,,,NVDA
2023-02-01,,,,,,,NVDA
2023-02-01,,,,,,,PFE
2023-02-01,,,,,,,PFE
2023-02-01,,,,,,,PFE
2023-02-01,,,,,,,PFE
2023-02-01,,,,,,,PFE
2023-02-01,,,,,,,PFE
2023-02-01,,,,,,,PFE
2023-02-01,,,,,,,PFE
2023-02-01,,,,,,,PFE
2023-02-01,,,,,,,PFE
2023-02-01,,,,,,,PFE
2023-02-01,,,,,,,PFE
2023-02-01,,,,,,,PFE
2023-02-01,,,,,,,PFE
2023-02-01,,,,,,,PFE
2023-02-01,43.90999984741211,44.18000030517578,43.40999984741211,43.970001220703125,37.96021270751953,24482300.0,PFE
2023-02-01,,,,,,,PFE
2023-02-01,,,,,,,PFE
2023-02-01,,,,,,,PFE
2023-02-01,,,,,,,PFE
2023-02-01,,,,,,,PG
2023-02-01,,,,,,,PG
2023-02-01,,,,,,,PG
2023-02-01,,,,,,,PG
2023-02-01,,,,,,,PG
2023-02-01,,,,,,,PG
2023-02-01,,,,,,,PG
2023-02-01,,,,,,,PG
2023-02-01,,,,,,,PG
2023-02-01,,,,,,,PG
2023-02-01,,,,,,,PG
2023-02-01,,,,,,,PG
2023-02-01,,,,,,,PG
2023-02-01,,,,,,,PG
2023-02-01,,,,,,,PG
2023-02-01,,,,,,,PG
2023-02-01,142.0800018310547,144.10000610351562,141.35000610351562,143.19000244140625,134.51275634765625,7207900.0,PG
2023-02-01,,,,,,,PG
2023-02-01,,,,,,,PG
2023-02-01,,,,,,,PG
2023-02-01,,,,,,,TSLA
2023-02-01,,,,,,,TSLA
2023-02-01,,,,,,,TSLA
2023-02-01,,,,,,,TSLA
2023-02-01,,,,,,,TSLA
2023-02-01,,,,,,,TSLA
2023-02-01,,,,,,,TSLA
2023-02-01,,,,,,,TSLA
2023-02-01,,,,,,,TSLA
2023-02-01,,,,,,,TSLA
2023-02-01,,,,,,,TSLA
2023-02-01,,,,,,,TSLA
2023-02-01,,,,,,,TSLA
2023-02-01,,,,,,,TSLA
2023-02-01,,,,,,,TSLA
2023-02-01,,,,,,,TSLA
2023-02-01,,,,,,,TSLA
2023-02-01,173.88999938964844,183.80999755859375,169.92999267578125,181.41000366210938,181.41000366210938,213806300.0,TSLA
2023-02-01,,,,,,,TSLA
2023-02-01,,,,,,,TSLA
2023-02-01,,,,,,,UNH
2023-02-01,,,,,,,UNH
2023-02-01,,,,,,,UNH
2023-02-01,,,,,,,UNH
2023-02-01,,,,,,,UNH
2023-02-01,,,,,,,UNH
2023-02-01,,,,,,,UNH
2023-02-01,,,,,,,UNH
2023-02-01,,,,,,,UNH
2023-02-01,,,,,,,UNH
2023-02-01,,,,,,,UNH
2023-02-01,,,,,,,UNH
2023-02-01,,,,,,,UNH
2023-02-01,,,,,,,UNH
2023-02-01,,,,,,,UNH
2023-02-01,,,,,,,UNH
2023-02-01,,,,,,,UNH
2023-02-01,,,,,,,UNH
2023-02-01,499.95001220703125,504.3800048828125,495.6700134277344,497.0,476.6456298828125,3451200.0,UNH
2023-02-01,,,,,,,UNH
2023-02-01,,,,,,,V
2023-02-01,,,,,,,V
2023-02-01,,,,,,,V
2023-02-01,,,,,,,V
2023-02-01,,,,,,,V
2023-02-01,,,,,,,V
2023-02-01,,,,,,,V
2023-02-01,,,,,,,V
2023-02-01,,,,,,,V
2023-02-01,,,,,,,V
2023-02-01,,,,,,,V
2023-02-01,,,,,,,V
2023-02-01,,,,,,,V
2023-02-01,,,,,,,V
2023-02-01,,,,,,,V
2023-02-01,,,,,,,V
2023-02-01,,,,,,,V
2023-02-01,,,,,,,V
2023-02-01,,,,,,,V
2023-02-01,229.3699951171875,232.66000366210938,227.8000030517578,230.89999389648438,226.1868896484375,5792700.0,V
2023-03-01,146.8300018310547,147.22999572753906,145.00999450683594,145.30999755859375,143.5079345703125,55479000.0,AAPL
2023-03-01,,,,,,,AAPL
2023-03-01,,,,,,,AAPL
2023-03-01,,,,,,,AAPL
2023-03-01,,,,,,,AAPL
2023-03-01,,,,,,,AAPL
2023-03-01,,,,,,,AAPL
2023-03-01,,,,,,,AAPL
2023-03-01,,,,,,,AAPL
2023-03-01,,,,,,,AAPL
2023-03-01,,,,,,,AAPL
2023-03-01,,,,,,,AAPL
2023-03-01,,,,,,,AAPL
2023-03-01,,,,,,,AAPL
2023-03-01,,,,,,,AAPL
2023-03-01,,,,,,,AAPL
2023-03-01,,,,,,,AAPL
2023-03-01,,,,,,,AAPL
2023-03-01,,,,,,,AAPL
2023-03-01,,,,,,,AAPL
2023-03-01,,,,,,,ADBE
2023-03-01,323.79998779296875,325.260009765625,321.0,323.3800048828125,323.3800048828125,2377700.0,ADBE
2023-03-01,,,,,,,ADBE
2023-03-01,,,,,,,ADBE
2023-03-01,,,,,,,ADBE
2023-03-01,,,,,,,ADBE
2023-03-01,,,,,,,ADBE
2023-03-01,,,,,,,ADBE
2023-03-01,,,,,,,ADBE
2023-03-01,,,,,,,ADBE
2023-03-01,,,,,,,ADBE
2023-03-01,,,,,,,ADBE
2023-03-01,,,,,,,ADBE
2023-03-01,,,,,,,ADBE
2023-03-01,,,,,,,ADBE
2023-03-01,,,,,,,ADBE
2023-03-01,,,,,,,ADBE
2023-03-01,,,,,,,ADBE
2023-03-01,,,,,,,ADBE
2023-03-01,,,,,,,ADBE
2023-03-01,,,,,,,AMZN
2023-03-01,,,,,,,AMZN
2023-03-01,93.87000274658203,94.68000030517578,91.58999633789062,92.16999816894531,92.16999816894531,52299500.0,AMZN
2023-03-01,,,,,,,AMZN
2023-03-01,,,,,,,AMZN
2023-03-01,,,,,,,AMZN
2023-03-01,,,,,,,AMZN
2023-03-01,,,,,,,AMZN
2023-03-01,,,,,,,AMZN
2023-03-01,,,,,,,AMZN
2023-03-01,,,,,,,AMZN
2023-03-01,,,,,,,AMZN
2023-03-01,,,,,,,AMZN
2023-03-01,,,,,,,AMZN
2023-03-01,,,,,,,AMZN
2023-03-01,,,,,,,AMZN
2023-03-01,,,,,,,AMZN
2023-03-01,,,,,,,AMZN
2023-03-01,,,,,,,AMZN
2023-03-01,,,,,,,AMZN
2023-03-01,,,,,,,BAC
2023-03-01,,,,,,,BAC
2023-03-01,,,,,,,BAC
2023-03-01,34.150001525878906,34.4900016784668,33.97999954223633,34.13999938964844,31.720590591430664,29281600.0,BAC
2023-03-01,,,,,,,BAC
2023-03-01,,,,,,,BAC
2023-03-01,,,,,,,BAC
2023-03-01,,,,,,,BAC
2023-03-01,,,,,,,BAC
2023-03-01,,,,,,,BAC
2023-03-01,,,,,,,BAC
2023-03-01,,,,,,,BAC
2023-03-01,,,,,,,BAC
2023-03-01,,,,,,,BAC
2023-03-01,,,,,,,BAC
2023-03-01,,,,,,,BAC
2023-03-01,,,,,,,BAC
2023-03-01,,,,,,,BAC
2023-03-01,,,,,,,BAC
2023-03-01,,,,,,,BAC
2023-03-01,,,,,,,CRM
2023-03-01,,,,,,,CRM
2023-03-01,,,,,,,CRM
2023-03-01,,,,,,,CRM
2023-03-01,162.99000549316406,167.97999572753906,162.97999572753906,167.35000610351562,165.8963165283203,15841200.0,CRM
2023-03-01,,,,,,,CRM
2023-03-01,,,,,,,CRM
2023-03-01,,,,,,,CRM
2023-03-01,,,,,,,CRM
2023-03-01,,,,,,,CRM
2023-03-01,,,,,,,CRM
2023-03-01,,,,,,,CRM
2023-03-01,,,,,,,CRM
2023-03-01,,,,,,,CRM
2023-03-01,,,,,,,CRM
2023-03-01,,,,,,,CRM
2023-03-01,,,,,,,CRM
2023-03-01,,,,,,,CRM
2023-03-01,,,,,,,CRM
2023-03-01,,,,,,,CRM
2023-03-01,,,,,,,DIS
2023-03-01,,,,,,,DIS
2023-03-01,,,,,,,DIS
2023-03-01,,,,,,,DIS
2023-03-01,,,,,,,DIS
2023-03-01,99.19000244140625,99.62999725341797,98.0999984741211,98.54000091552734,96.92420959472656,7898300.0,DIS
2023-03-01,,,,,,,DIS
2023-03-01,,,,,,,DIS
2023-03-01,,,,,,,DIS
2023-03-01,,,,,,,DIS
2023-03-01,,,,,,,DIS
2023-03-01,,,,,,,DIS
2023-03-01,,,,,,,DIS
2023-03-01,,,,,,,DIS
2023-03-01,,,,,,,DIS
2023-03-01,,,,,,,DIS
2023-03-01,,,,,,,DIS
2023-03-01,,,,,,,DIS
2023-03-01,,,,,,,DIS
2023-03-01,,,,,,,DIS
2023-03-01,,,,,,,GOOGL
2023-03-01,,,,,,,GOOGL
2023-03-01,,,,,,,GOOGL
2023-03-01,,,,,,,GOOGL
2023-03-01,,,,,,,GOOGL
2023-03-01,,,,,,,GOOGL
2023-03-01,89.9800033569336,91.02999877929688,89.66999816894531,90.36000061035156,89.74104309082031,31111200.0,GOOGL
2023-03-01,,,,,,,GOOGL
2023-03-01,,,,,,,GOOGL
2023-03-01,,,,,,,GOOGL
2023-03-01,,,,,,,GOOGL
2023-03-01,,,,,,,GOOGL
2023-03-01,,,,,,,GOOGL
2023-03-01,,,,,,,GOOGL
2023-03-01,,,,,,,GOOGL
2023-03-01,,,,,,,GOOGL
2023-03-01,,,,,,,GOOGL
2023-03-01,,,,,,,GOOGL
2023-03-01,,,,,,,GOOGL
2023-03-01,,,,,,,GOOGL
2023-03-01,,,,,,,HD
2023-03-01,,,,,,,HD
2023-03-01,,,,,,,HD
2023-03-01,,,,,,,HD
2023-03-01,,,,,,,HD
2023-03-01,,,,,,,HD
2023-03-01,,,,,,,HD
2023-03-01,291.9200134277344,293.7200012207031,288.6600036621094,290.7900085449219,271.1785888671875,5905100.0,HD
2023-03-01,,,,,,,HD
2023-03-01,,,,,,,HD
2023-03-01,,,,,,,HD
2023-03-01,,,,,,,HD
2023-03-01,,,,,,,HD
2023-03-01,,,,,,,HD
2023-03-01,,,,,,,HD
2023-03-01,,,,,,,HD
2023-03-01,,,,,,,HD
2023-03-01,,,,,,,HD
2023-03-01,,,,,,,HD
2023-03-01,,,,,,,HD
2023-03-01,,,,,,,JNJ
2023-03-01,,,,,,,JNJ
2023-03-01,,,,,,,JNJ
2023-03-01,,,,,,,JNJ
2023-03-01,,,,,,,JNJ
2023-03-01,,,,,,,JNJ
2023-03-01,,,,,,,JNJ
2023-03-01,,,,,,,JNJ
2023-03-01,153.00999450683594,153.24000549316406,151.91000366210938,152.57000732421875,141.1616668701172,6767000.0,JNJ
2023-03-01,,,,,,,JNJ
2023-03-01,,,,,,,JNJ
2023-03-01,,,,,,,JNJ
2023-03-01,,,,,,,JNJ
2023-03-01,,,,,,,JNJ
2023-03-01,,,,,,,JNJ
2023-03-01,,,,,,,JNJ
2023-03-01,,,,,,,JNJ
2023-03-01,,,,,,,JNJ
2023-03-01,,,,,,,JNJ
2023-03-01,,,,,,,JNJ
2023-03-01,,,,,,,JPM
2023-03-01,,,,,,,JPM
2023-03-01,,,,,,,JPM
2023-03-01,,,,,,,JPM
2023-03-01,,,,,,,JPM
2023-03-01,,,,,,,JPM
2023-03-01,,,,,,,JPM
2023-03-01,,,,,,,JPM
2023-03-01,,,,,,,JPM
2023-03-01,142.10000610351562,143.4600067138672,141.8000030517578,142.5500030517578,134.0191650390625,7139200.0,JPM
2023-03-01,,,,,,,JPM
2023-03-01,,,,,,,JPM
2023-03-01,,,,,,,JPM
2023-03-01,,,,,,,JPM
2023-03-01,,,,,,,JPM
2023-03-01,,,,,,,JPM
2023-03-01,,,,,,,JPM
2023-03-01,,,,,,,JPM
2023-03-01,,,,,,,JPM
2023-03-01,,,,,,,JPM
2023-03-01,,,,,,,MA
2023-03-01,,,,,,,MA
2023-03-01,,,,,,,MA
2023-03-01,,,,,,,MA
2023-03-01,,,,,,,MA
2023-03-01,,,,,,,MA
2023-03-01,,,,,,,MA
2023-03-01,,,,,,,MA
2023-03-01,,,,,,,MA
2023-03-01,,,,,,,MA
2023-03-01,354.0,355.30999755859375,349.3900146484375,353.5,348.36285400390625,1968100.0,MA
2023-03-01,,,,,,,MA
2023-03-01,,,,,,,MA
2023-03-01,,,,,,,MA
2023-03-01,,,,,,,MA
2023-03-01,,,,,,,MA
2023-03-01,,,,,,,MA
2023-03-01,,,,,,,MA
2023-03-01,,,,,,,MA
2023-03-01,,,,,,,MA
2023-03-01,,,,,,,META
2023-03-01,,,,,,,META
2023-03-01,,,,,,,META
2023-03-01,,,,,,,META
2023-03-01,,,,,,,META
2023-03-01,,,,,,,META
2023-03-01,,,,,,,META
2023-03-01,,,,,,,META
2023-03-01,,,,,,,META
2023-03-01,,,,,,,META
2023-03-01,,,,,,,META
2023-03-01,174.58999633789062,177.85000610351562,173.0500030517578,173.4199981689453,172.4738006591797,30998400.0,META
2023-03-01,,,,,,,META
2023-03-01,,,,,,,META
2023-03-01,,,,,,,META
2023-03-01,,,,,,,META
2023-03-01,,,,,,,META
2023-03-01,,,,,,,META
2023-03-01,,,,,,,META
2023-03-01,,,,,,,META
2023-03-01,,,,,,,MSFT
2023-03-01,,,,,,,MSFT
2023-03-01,,,,,,,MSFT
2023-03-01,,,,,,,MSFT
2023-03-01,,,,,,,MSFT
2023-03-01,,,,,,,MSFT
2023-03-01,,,,,,,MSFT
2023-03-01,,,,,,,MSFT
2023-03-01,,,,,,,MSFT
2023-03-01,,,,,,,MSFT
2023-03-01,,,,,,,MSFT
2023-03-01,,,,,,,MSFT
2023-03-01,250.75999450683594,250.92999267578125,245.7899932861328,246.27000427246094,241.5731658935547,27565300.0,MSFT
2023-03-01,,,,,,,MSFT
2023-03-01,,,,,,,MSFT
2023-03-01,,,,,,,MSFT
2023-03-01,,,,,,,MSFT
2023-03-01,,,,,,,MSFT
2023-03-01,,,,,,,MSFT
2023-03-01,,,,,,,MSFT
2023-03-01,,,,,,,NFLX
2023-03-01,,,,,,,NFLX
2023-03-01,,,,,,,NFLX
2023-03-01,,,,,,,NFLX
2023-03-01,,,,,,,NFLX
2023-03-01,,,,,,,NFLX
2023-03-01,,,,,,,NFLX
2023-03-01,,,,,,,NFLX
2023-03-01,,,,,,,NFLX
2023-03-01,,,,,,,NFLX
2023-03-01,,,,,,,NFLX
2023-03-01,,,,,,,NFLX
2023-03-01,,,,,,,NFLX
2023-03-01,321.54998779296875,326.6000061035156,312.3599853515625,313.4800109863281,313.4800109863281,4911300.0,NFLX
2023-03-01,,,,,,,NFLX
2023-03-01,,,,,,,NFLX
2023-03-01,,,,,,,NFLX
2023-03-01,,,,,,,NFLX
2023-03-01,,,,,,,NFLX
2023-03-01,,,,,,,NFLX
2023-03-01,,,,,,,NVDA
2023-03-01,,,,,,,NVDA
2023-03-01,,,,,,,NVDA
2023-03-01,,,,,,,NVDA
2023-03-01,,,,,,,NVDA
2023-03-01,,,,,,,NVDA
2023-03-01,,,,,,,NVDA
2023-03-01,,,,,,,NVDA
2023-03-01,,,,,,,NVDA
2023-03-01,,,,,,,NVDA
2023-03-01,,,,,,,NVDA
2023-03-01,,,,,,,NVDA
2023-03-01,,,,,,,NVDA
2023-03-01,,,,,,,NVDA
2023-03-01,23.191999435424805,23.256000518798828,22.507999420166016,22.697999954223633,22.676563262939453,460026000.0,NVDA
2023-03-01,,,,,,,NVDA
2023-03-01,,,,,,,NVDA
2023-03-01,,,,,,,NVDA
2023-03-01,,,,,,,NVDA
2023-03-01,,,,,,,NVDA
2023-03-01,,,,,,,PFE
2023-03-01,,,,,,,PFE
2023-03-01,,,,,,,PFE
2023-03-01,,,,,,,PFE
2023-03-01,,,,,,,PFE
2023-03-01,,,,,,,PFE
2023-03-01,,,,,,,PFE
2023-03-01,,,,,,,PFE
2023-03-01,,,,,,,PFE
2023-03-01,,,,,,,PFE
2023-03-01,,,,,,,PFE
2023-03-01,,,,,,,PFE
2023-03-01,,,,,,,PFE
2023-03-01,,,,,,,PFE
2023-03-01,,,,,,,PFE
2023-03-01,40.560001373291016,40.7599983215332,40.13999938964844,40.18000030517578,34.68822479248047,21104400.0,PFE
2023-03-01,,,,,,,PFE
2023-03-01,,,,,,,PFE
2023-03-01,,,,,,,PFE
2023-03-01,,,,,,,PFE
2023-03-01,,,,,,,PG
2023-03-01,,,,,,,PG
2023-03-01,,,,,,,PG
2023-03-01,,,,,,,PG
2023-03-01,,,,,,,PG
2023-03-01,,,,,,,PG
2023-03-01,,,,,,,PG
2023-03-01,,,,,,,PG
2023-03-01,,,,,,,PG
2023-03-01,,,,,,,PG
2023-03-01,,,,,,,PG
2023-03-01,,,,,,,PG
2023-03-01,,,,,,,PG
2023-03-01,,,,,,,PG
2023-03-01,,,,,,,PG
2023-03-01,,,,,,,PG
2023-03-01,138.0500030517578,138.3300018310547,136.50999450683594,137.66000366210938,129.31790161132812,7101800.0,PG
2023-03-01,,,,,,,PG
2023-03-01,,,,,,,PG
2023-03-01,,,,,,,PG
2023-03-01,,,,,,,TSLA
2023-03-01,,,,,,,TSLA
2023-03-01,,,,,,,TSLA
2023-03-01,,,,,,,TSLA
2023-03-01,,,,,,,TSLA
2023-03-01,,,,,,,TSLA
2023-03-01,,,,,,,TSLA
2023-03-01,,,,,,,TSLA
2023-03-01,,,,,,,TSLA
2023-03-01,,,,,,,TSLA
2023-03-01,,,,,,,TSLA
2023-03-01,,,,,,,TSLA
2023-03-01,,,,,,,TSLA
2023-03-01,,,,,,,TSLA
2023-03-01,,,,,,,TSLA
2023-03-01,,,,,,,TSLA
2023-03-01,,,,,,,TSLA
2023-03-01,206.2100067138672,207.1999969482422,198.52000427246094,202.77000427246094,202.77000427246094,156852800.0,TSLA
2023-03-01,,,,,,,TSLA
2023-03-01,,,,,,,TSLA
2023-03-01,,,,,,,UNH
2023-03-01,,,,,,,UNH
2023-03-01,,,,,,,UNH
2023-03-01,,,,,,,UNH
2023-03-01,,,,,,,UNH
2023-03-01,,,,,,,UNH
2023-03-01,,,,,,,UNH
2023-03-01,,,,,,,UNH
2023-03-01,,,,,,,UNH
2023-03-01,,,,,,,UNH
2023-03-01,,,,,,,UNH
2023-03-01,,,,,,,UNH
2023-03-01,,,,,,,UNH
2023-03-01,,,,,,,UNH
2023-03-01,,,,,,,UNH
2023-03-01,,,,,,,UNH
2023-03-01,,,,,,,UNH
2023-03-01,,,,,,,UNH
2023-03-01,473.6099853515625,478.4100036621094,472.0,475.2200012207031,455.7575988769531,2996900.0,UNH
2023-03-01,,,,,,,UNH
2023-03-01,,,,,,,V
2023-03-01,,,,,,,V
2023-03-01,,,,,,,V
2023-03-01,,,,,,,V
2023-03-01,,,,,,,V
2023-03-01,,,,,,,V
2023-03-01,,,,,,,V
2023-03-01,,,,,,,V
2023-03-01,,,,,,,V
2023-03-01,,,,,,,V
2023-03-01,,,,,,,V
2023-03-01,,,,,,,V
2023-03-01,,,,,,,V
2023-03-01,,,,,,,V
2023-03-01,,,,,,,V
2023-03-01,,,,,,,V
2023-03-01,,,,,,,V
2023-03-01,,,,,,,V
2023-03-01,,,,,,,V
2023-03-01,219.4600067138672,220.27000427246094,216.42999267578125,218.36000061035156,214.3218536376953,4792700.0,V
2023-04-01,164.27000427246094,166.2899932861328,164.22000122070312,166.1699981689453,164.1092529296875,56976200.0,AAPL
2023-04-01,,,,,,,AAPL
2023-04-01,,,,,,,AAPL
2023-04-01,,,,,,,AAPL
2023-04-01,,,,,,,AAPL
2023-04-01,,,,,,,AAPL
2023-04-01,,,,,,,AAPL
2023-04-01,,,,,,,AAPL
2023-04-01,,,,,,,AAPL
2023-04-01,,,,,,,AAPL
2023-04-01,,,,,,,AAPL
2023-04-01,,,,,,,AAPL
2023-04-01,,,,,,,AAPL
2023-04-01,,,,,,,AAPL
2023-04-01,,,,,,,AAPL
2023-04-01,,,,,,,AAPL
2023-04-01,,,,,,,AAPL
2023-04-01,,,,,,,AAPL
2023-04-01,,,,,,,AAPL
2023-04-01,,,,,,,AAPL
2023-04-01,,,,,,,ADBE
2023-04-01,380.8800048828125,383.7300109863281,378.1499938964844,380.0799865722656,380.0799865722656,2712600.0,ADBE
2023-04-01,,,,,,,ADBE
2023-04-01,,,,,,,ADBE
2023-04-01,,,,,,,ADBE
2023-04-01,,,,,,,ADBE
2023-04-01,,,,,,,ADBE
2023-04-01,,,,,,,ADBE
2023-04-01,,,,,,,ADBE
2023-04-01,,,,,,,ADBE
2023-04-01,,,,,,,ADBE
2023-04-01,,,,,,,ADBE
2023-04-01,,,,,,,ADBE
2023-04-01,,,,,,,ADBE
2023-04-01,,,,,,,ADBE
2023-04-01,,,,,,,ADBE
2023-04-01,,,,,,,ADBE
2023-04-01,,,,,,,ADBE
2023-04-01,,,,,,,ADBE
2023-04-01,,,,,,,ADBE
2023-04-01,,,,,,,AMZN
2023-04-01,,,,,,,AMZN
2023-04-01,102.30000305175781,103.29000091552734,101.43000030517578,102.41000366210938,102.41000366210938,41135700.0,AMZN
2023-04-01,,,,,,,AMZN
2023-04-01,,,,,,,AMZN
2023-04-01,,,,,,,AMZN
2023-04-01,,,,,,,AMZN
2023-04-01,,,,,,,AMZN
2023-04-01,,,,,,,AMZN
2023-04-01,,,,,,,AMZN
2023-04-01,,,,,,,AMZN
2023-04-01,,,,,,,AMZN
2023-04-01,,,,,,,AMZN
2023-04-01,,,,,,,AMZN
2023-04-01,,,,,,,AMZN
2023-04-01,,,,,,,AMZN
2023-04-01,,,,,,,AMZN
2023-04-01,,,,,,,AMZN
2023-04-01,,,,,,,AMZN
2023-04-01,,,,,,,AMZN
2023-04-01,,,,,,,BAC
2023-04-01,,,,,,,BAC
2023-04-01,,,,,,,BAC
2023-04-01,28.639999389648438,28.979999542236328,28.329999923706055,28.59000015258789,26.736194610595703,51996800.0,BAC
2023-04-01,,,,,,,BAC
2023-04-01,,,,,,,BAC
2023-04-01,,,,,,,BAC
2023-04-01,,,,,,,BAC
2023-04-01,,,,,,,BAC
2023-04-01,,,,,,,BAC
2023-04-01,,,,,,,BAC
2023-04-01,,,,,,,BAC
2023-04-01,,,,,,,BAC
2023-04-01,,,,,,,BAC
2023-04-01,,,,,,,BAC
2023-04-01,,,,,,,BAC
2023-04-01,,,,,,,BAC
2023-04-01,,,,,,,BAC
2023-04-01,,,,,,,BAC
2023-04-01,,,,,,,BAC
2023-04-01,,,,,,,CRM
2023-04-01,,,,,,,CRM
2023-04-01,,,,,,,CRM
2023-04-01,,,,,,,CRM
2023-04-01,198.22000122070312,198.92999267578125,195.52999877929688,196.49000549316406,194.783203125,5340800.0,CRM
2023-04-01,,,,,,,CRM
2023-04-01,,,,,,,CRM
2023-04-01,,,,,,,CRM
2023-04-01,,,,,,,CRM
2023-04-01,,,,,,,CRM
2023-04-01,,,,,,,CRM
2023-04-01,,,,,,,CRM
2023-04-01,,,,,,,CRM
2023-04-01,,,,,,,CRM
2023-04-01,,,,,,,CRM
2023-04-01,,,,,,,CRM
2023-04-01,,,,,,,CRM
2023-04-01,,,,,,,CRM
2023-04-01,,,,,,,CRM
2023-04-01,,,,,,,CRM
2023-04-01,,,,,,,DIS
2023-04-01,,,,,,,DIS
2023-04-01,,,,,,,DIS
2023-04-01,,,,,,,DIS
2023-04-01,,,,,,,DIS
2023-04-01,100.20999908447266,100.43000030517578,99.2699966430664,99.76000213623047,98.12419891357422,7313200.0,DIS
2023-04-01,,,,,,,DIS
2023-04-01,,,,,,,DIS
2023-04-01,,,,,,,DIS
2023-04-01,,,,,,,DIS
2023-04-01,,,,,,,DIS
2023-04-01,,,,,,,DIS
2023-04-01,,,,,,,DIS
2023-04-01,,,,,,,DIS
2023-04-01,,,,,,,DIS
2023-04-01,,,,,,,DIS
2023-04-01,,,,,,,DIS
2023-04-01,,,,,,,DIS
2023-04-01,,,,,,,DIS
2023-04-01,,,,,,,DIS
2023-04-01,,,,,,,GOOGL
2023-04-01,,,,,,,GOOGL
2023-04-01,,,,,,,GOOGL
2023-04-01,,,,,,,GOOGL
2023-04-01,,,,,,,GOOGL
2023-04-01,,,,,,,GOOGL
2023-04-01,102.38999938964844,104.52999877929688,101.93000030517578,104.36000061035156,103.64515686035156,25035400.0,GOOGL
2023-04-01,,,,,,,GOOGL
2023-04-01,,,,,,,GOOGL
2023-04-01,,,,,,,GOOGL
2023-04-01,,,,,,,GOOGL
2023-04-01,,,,,,,GOOGL
2023-04-01,,,,,,,GOOGL
2023-04-01,,,,,,,GOOGL
2023-04-01,,,,,,,GOOGL
2023-04-01,,,,,,,GOOGL
2023-04-01,,,,,,,GOOGL
2023-04-01,,,,,,,GOOGL
2023-04-01,,,,,,,GOOGL
2023-04-01,,,,,,,GOOGL
2023-04-01,,,,,,,HD
2023-04-01,,,,,,,HD
2023-04-01,,,,,,,HD
2023-04-01,,,,,,,HD
2023-04-01,,,,,,,HD
2023-04-01,,,,,,,HD
2023-04-01,,,,,,,HD
2023-04-01,294.8699951171875,297.9700012207031,294.739990234375,297.7300109863281,279.6611633300781,4007600.0,HD
2023-04-01,,,,,,,HD
2023-04-01,,,,,,,HD
2023-04-01,,,,,,,HD
2023-04-01,,,,,,,HD
2023-04-01,,,,,,,HD
2023-04-01,,,,,,,HD
2023-04-01,,,,,,,HD
2023-04-01,,,,,,,HD
2023-04-01,,,,,,,HD
2023-04-01,,,,,,,HD
2023-04-01,,,,,,,HD
2023-04-01,,,,,,,HD
2023-04-01,,,,,,,JNJ
2023-04-01,,,,,,,JNJ
2023-04-01,,,,,,,JNJ
2023-04-01,,,,,,,JNJ
2023-04-01,,,,,,,JNJ
2023-04-01,,,,,,,JNJ
2023-04-01,,,,,,,JNJ
2023-04-01,,,,,,,JNJ
2023-04-01,154.9499969482422,157.00999450683594,153.94000244140625,156.85000610351562,145.12164306640625,6841900.0,JNJ
2023-04-01,,,,,,,JNJ
2023-04-01,,,,,,,JNJ
2023-04-01,,,,,,,JNJ
2023-04-01,,,,,,,JNJ
2023-04-01,,,,,,,JNJ
2023-04-01,,,,,,,JNJ
2023-04-01,,,,,,,JNJ
2023-04-01,,,,,,,JNJ
2023-04-01,,,,,,,JNJ
2023-04-01,,,,,,,JNJ
2023-04-01,,,,,,,JNJ
2023-04-01,,,,,,,JPM
2023-04-01,,,,,,,JPM
2023-04-01,,,,,,,JPM
2023-04-01,,,,,,,JPM
2023-04-01,,,,,,,JPM
2023-04-01,,,,,,,JPM
2023-04-01,,,,,,,JPM
2023-04-01,,,,,,,JPM
2023-04-01,,,,,,,JPM
2023-04-01,129.91000366210938,131.44000244140625,129.41000366210938,130.16000366210938,122.3706283569336,11775400.0,JPM
2023-04-01,,,,,,,JPM
2023-04-01,,,,,,,JPM
2023-04-01,,,,,,,JPM
2023-04-01,,,,,,,JPM
2023-04-01,,,,,,,JPM
2023-04-01,,,,,,,JPM
2023-04-01,,,,,,,JPM
2023-04-01,,,,,,,JPM
2023-04-01,,,,,,,JPM
2023-04-01,,,,,,,JPM
2023-04-01,,,,,,,MA
2023-04-01,,,,,,,MA
2023-04-01,,,,,,,MA
2023-04-01,,,,,,,MA
2023-04-01,,,,,,,MA
2023-04-01,,,,,,,MA
2023-04-01,,,,,,,MA
2023-04-01,,,,,,,MA
2023-04-01,,,,,,,MA
2023-04-01,,,,,,,MA
2023-04-01,362.6099853515625,366.6600036621094,361.75,366.4700012207031,361.1443786621094,2978000.0,MA
2023-04-01,,,,,,,MA
2023-04-01,,,,,,,MA
2023-04-01,,,,,,,MA
2023-04-01,,,,,,,MA
2023-04-01,,,,,,,MA
2023-04-01,,,,,,,MA
2023-04-01,,,,,,,MA
2023-04-01,,,,,,,MA
2023-04-01,,,,,,,MA
2023-04-01,,,,,,,META
2023-04-01,,,,,,,META
2023-04-01,,,,,,,META
2023-04-01,,,,,,,META
2023-04-01,,,,,,,META
2023-04-01,,,,,,,META
2023-04-01,,,,,,,META
2023-04-01,,,,,,,META
2023-04-01,,,,,,,META
2023-04-01,,,,,,,META
2023-04-01,,,,,,,META
2023-04-01,208.83999633789062,213.49000549316406,208.1999969482422,213.07000732421875,211.90748596191406,17924600.0,META
2023-04-01,,,,,,,META
2023-04-01,,,,,,,META
2023-04-01,,,,,,,META
2023-04-01,,,,,,,META
2023-04-01,,,,,,,META
2023-04-01,,,,,,,META
2023-04-01,,,,,,,META
2023-04-01,,,,,,,META
2023-04-01,,,,,,,MSFT
2023-04-01,,,,,,,MSFT
2023-04-01,,,,,,,MSFT
2023-04-01,,,,,,,MSFT
2023-04-01,,,,,,,MSFT
2023-04-01,,,,,,,MSFT
2023-04-01,,,,,,,MSFT
2023-04-01,,,,,,,MSFT
2023-04-01,,,,,,,MSFT
2023-04-01,,,,,,,MSFT
2023-04-01,,,,,,,MSFT
2023-04-01,,,,,,,MSFT
2023-04-01,286.5199890136719,288.2699890136719,283.95001220703125,287.2300109863281,281.75201416015625,24883300.0,MSFT
2023-04-01,,,,,,,MSFT
2023-04-01,,,,,,,MSFT
2023-04-01,,,,,,,MSFT
2023-04-01,,,,,,,MSFT
2023-04-01,,,,,,,MSFT
2023-04-01,,,,,,,MSFT
2023-04-01,,,,,,,MSFT
2023-04-01,,,,,,,NFLX
2023-04-01,,,,,,,NFLX
2023-04-01,,,,,,,NFLX
2023-04-01,,,,,,,NFLX
2023-04-01,,,,,,,NFLX
2023-04-01,,,,,,,NFLX
2023-04-01,,,,,,,NFLX
2023-04-01,,,,,,,NFLX
2023-04-01,,,,,,,NFLX
2023-04-01,,,,,,,NFLX
2023-04-01,,,,,,,NFLX
2023-04-01,,,,,,,NFLX
2023-04-01,,,,,,,NFLX
2023-04-01,341.8299865722656,348.5799865722656,340.3999938964844,348.2799987792969,348.2799987792969,4413700.0,NFLX
2023-04-01,,,,,,,NFLX
2023-04-01,,,,,,,NFLX
2023-04-01,,,,,,,NFLX
2023-04-01,,,,,,,NFLX
2023-04-01,,,,,,,NFLX
2023-04-01,,,,,,,NFLX
2023-04-01,,,,,,,NVDA
2023-04-01,,,,,,,NVDA
2023-04-01,,,,,,,NVDA
2023-04-01,,,,,,,NVDA
2023-04-01,,,,,,,NVDA
2023-04-01,,,,,,,NVDA
2023-04-01,,,,,,,NVDA
2023-04-01,,,,,,,NVDA
2023-04-01,,,,,,,NVDA
2023-04-01,,,,,,,NVDA
2023-04-01,,,,,,,NVDA
2023-04-01,,,,,,,NVDA
2023-04-01,,,,,,,NVDA
2023-04-01,,,,,,,NVDA
2023-04-01,27.509000778198242,28.0,27.336000442504883,27.96500015258789,27.943334579467773,398716000.0,NVDA
2023-04-01,,,,,,,NVDA
2023-04-01,,,,,,,NVDA
2023-04-01,,,,,,,NVDA
2023-04-01,,,,,,,NVDA
2023-04-01,,,,,,,NVDA
2023-04-01,,,,,,,PFE
2023-04-01,,,,,,,PFE
2023-04-01,,,,,,,PFE
2023-04-01,,,,,,,PFE
2023-04-01,,,,,,,PFE
2023-04-01,,,,,,,PFE
2023-04-01,,,,,,,PFE
2023-04-01,,,,,,,PFE
2023-04-01,,,,,,,PFE
2023-04-01,,,,,,,PFE
2023-04-01,,,,,,,PFE
2023-04-01,,,,,,,PFE
2023-04-01,,,,,,,PFE
2023-04-01,,,,,,,PFE
2023-04-01,,,,,,,PFE
2023-04-01,40.689998626708984,41.470001220703125,40.650001525878906,41.349998474121094,35.698307037353516,20817200.0,PFE
2023-04-01,,,,,,,PFE
2023-04-01,,,,,,,PFE
2023-04-01,,,,,,,PFE
2023-04-01,,,,,,,PFE
2023-04-01,,,,,,,PG
2023-04-01,,,,,,,PG
2023-04-01,,,,,,,PG
2023-04-01,,,,,,,PG
2023-04-01,,,,,,,PG
2023-04-01,,,,,,,PG
2023-04-01,,,,,,,PG
2023-04-01,,,,,,,PG
2023-04-01,,,,,,,PG
2023-04-01,,,,,,,PG
2023-04-01,,,,,,,PG
2023-04-01,,,,,,,PG
2023-04-01,,,,,,,PG
2023-04-01,,,,,,,PG
2023-04-01,,,,,,,PG
2023-04-01,,,,,,,PG
2023-04-01,148.42999267578125,150.07000732421875,147.08999633789062,149.50999450683594,140.4497833251953,5721700.0,PG
2023-04-01,,,,,,,PG
2023-04-01,,,,,,,PG
2023-04-01,,,,,,,PG
2023-04-01,,,,,,,TSLA
2023-04-01,,,,,,,TSLA
2023-04-01,,,,,,,TSLA
2023-04-01,,,,,,,TSLA
2023-04-01,,,,,,,TSLA
2023-04-01,,,,,,,TSLA
2023-04-01,,,,,,,TSLA
2023-04-01,,,,,,,TSLA
2023-04-01,,,,,,,TSLA
2023-04-01,,,,,,,TSLA
2023-04-01,,,,,,,TSLA
2023-04-01,,,,,,,TSLA
2023-04-01,,,,,,,TSLA
2023-04-01,,,,,,,TSLA
2023-04-01,,,,,,,TSLA
2023-04-01,,,,,,,TSLA
2023-04-01,,,,,,,TSLA
2023-04-01,199.91000366210938,202.69000244140625,192.1999969482422,194.77000427246094,194.77000427246094,169545900.0,TSLA
2023-04-01,,,,,,,TSLA
2023-04-01,,,,,,,TSLA
2023-04-01,,,,,,,UNH
2023-04-01,,,,,,,UNH
2023-04-01,,,,,,,UNH
2023-04-01,,,,,,,UNH
2023-04-01,,,,,,,UNH
2023-04-01,,,,,,,UNH
2023-04-01,,,,,,,UNH
2023-04-01,,,,,,,UNH
2023-04-01,,,,,,,UNH
2023-04-01,,,,,,,UNH
2023-04-01,,,,,,,UNH
2023-04-01,,,,,,,UNH
2023-04-01,,,,,,,UNH
2023-04-01,,,,,,,UNH
2023-04-01,,,,,,,UNH
2023-04-01,,,,,,,UNH
2023-04-01,,,,,,,UNH
2023-04-01,,,,,,,UNH
2023-04-01,485.20001220703125,496.1300048828125,483.489990234375,494.19000244140625,475.6387939453125,4729100.0,UNH
2023-04-01,,,,,,,UNH
2023-04-01,,,,,,,V
2023-04-01,,,,,,,V
2023-04-01,,,,,,,V
2023-04-01,,,,,,,V
2023-04-01,,,,,,,V
2023-04-01,,,,,,,V
2023-04-01,,,,,,,V
2023-04-01,,,,,,,V
2023-04-01,,,,,,,V
2023-04-01,,,,,,,V
2023-04-01,,,,,,,V
2023-04-01,,,,,,,V
2023-04-01,,,,,,,V
2023-04-01,,,,,,,V
2023-04-01,,,,,,,V
2023-04-01,,,,,,,V
2023-04-01,,,,,,,V
2023-04-01,,,,,,,V
2023-04-01,,,,,,,V
2023-04-01,225.22999572753906,229.16000366210938,224.1199951171875,229.0,224.76504516601562,6421500.0,V
2023-05-01,169.27999877929688,170.4499969482422,168.63999938964844,169.58999633789062,167.48683166503906,52472900.0,AAPL
2023-05-01,,,,,,,AAPL
2023-05-01,,,,,,,AAPL
2023-05-01,,,,,,,AAPL
2023-05-01,,,,,,,AAPL
2023-05-01,,,,,,,AAPL
2023-05-01,,,,,,,AAPL
2023-05-01,,,,,,,AAPL
2023-05-01,,,,,,,AAPL
2023-05-01,,,,,,,AAPL
2023-05-01,,,,,,,AAPL
2023-05-01,,,,,,,AAPL
2023-05-01,,,,,,,AAPL
2023-05-01,,,,,,,AAPL
2023-05-01,,,,,,,AAPL
2023-05-01,,,,,,,AAPL
2023-05-01,,,,,,,AAPL
2023-05-01,,,,,,,AAPL
2023-05-01,,,,,,,AAPL
2023-05-01,,,,,,,AAPL
2023-05-01,,,,,,,ADBE
2023-05-01,376.510009765625,378.7200012207031,373.7099914550781,374.1499938964844,374.1499938964844,1868000.0,ADBE
2023-05-01,,,,,,,ADBE
2023-05-01,,,,,,,ADBE
2023-05-01,,,,,,,ADBE
2023-05-01,,,,,,,ADBE
2023-05-01,,,,,,,ADBE
2023-05-01,,,,,,,ADBE
2023-05-01,,,,,,,ADBE
2023-05-01,,,,,,,ADBE
2023-05-01,,,,,,,ADBE
2023-05-01,,,,,,,ADBE
2023-05-01,,,,,,,ADBE
2023-05-01,,,,,,,ADBE
2023-05-01,,,,,,,ADBE
2023-05-01,,,,,,,ADBE
2023-05-01,,,,,,,ADBE
2023-05-01,,,,,,,ADBE
2023-05-01,,,,,,,ADBE
2023-05-01,,,,,,,ADBE
2023-05-01,,,,,,,AMZN
2023-05-01,,,,,,,AMZN
2023-05-01,104.94999694824219,105.2300033569336,101.81999969482422,102.05000305175781,102.05000305175781,74728100.0,AMZN
2023-05-01,,,,,,,AMZN
2023-05-01,,,,,,,AMZN
2023-05-01,,,,,,,AMZN
2023-05-01,,,,,,,AMZN
2023-05-01,,,,,,,AMZN
2023-05-01,,,,,,,AMZN
2023-05-01,,,,,,,AMZN
2023-05-01,,,,,,,AMZN
2023-05-01,,,,,,,AMZN
2023-05-01,,,,,,,AMZN
2023-05-01,,,,,,,AMZN
2023-05-01,,,,,,,AMZN
2023-05-01,,,,,,,AMZN
2023-05-01,,,,,,,AMZN
2023-05-01,,,,,,,AMZN
2023-05-01,,,,,,,AMZN
2023-05-01,,,,,,,AMZN
2023-05-01,,,,,,,BAC
2023-05-01,,,,,,,BAC
2023-05-01,,,,,,,BAC
2023-05-01,29.5,29.540000915527344,29.0,29.040000915527344,27.157014846801758,34076800.0,BAC
2023-05-01,,,,,,,BAC
2023-05-01,,,,,,,BAC
2023-05-01,,,,,,,BAC
2023-05-01,,,,,,,BAC
2023-05-01,,,,,,,BAC
2023-05-01,,,,,,,BAC
2023-05-01,,,,,,,BAC
2023-05-01,,,,,,,BAC
2023-05-01,,,,,,,BAC
2023-05-01,,,,,,,BAC
2023-05-01,,,,,,,BAC
2023-05-01,,,,,,,BAC
2023-05-01,,,,,,,BAC
2023-05-01,,,,,,,BAC
2023-05-01,,,,,,,BAC
2023-05-01,,,,,,,BAC
2023-05-01,,,,,,,CRM
2023-05-01,,,,,,,CRM
2023-05-01,,,,,,,CRM
2023-05-01,,,,,,,CRM
2023-05-01,197.75999450683594,199.0500030517578,197.1199951171875,197.7899932861328,196.07191467285156,2882900.0,CRM
2023-05-01,,,,,,,CRM
2023-05-01,,,,,,,CRM
2023-05-01,,,,,,,CRM
2023-05-01,,,,,,,CRM
2023-05-01,,,,,,,CRM
2023-05-01,,,,,,,CRM
2023-05-01,,,,,,,CRM
2023-05-01,,,,,,,CRM
2023-05-01,,,,,,,CRM
2023-05-01,,,,,,,CRM
2023-05-01,,,,,,,CRM
2023-05-01,,,,,,,CRM
2023-05-01,,,,,,,CRM
2023-05-01,,,,,,,CRM
2023-05-01,,,,,,,CRM
2023-05-01,,,,,,,DIS
2023-05-01,,,,,,,DIS
2023-05-01,,,,,,,DIS
2023-05-01,,,,,,,DIS
2023-05-01,,,,,,,DIS
2023-05-01,102.41000366210938,102.61000061035156,101.61000061035156,102.20999908447266,100.53402709960938,6909500.0,DIS
2023-05-01,,,,,,,DIS
2023-05-01,,,,,,,DIS
2023-05-01,,,,,,,DIS
2023-05-01,,,,,,,DIS
2023-05-01,,,,,,,DIS
2023-05-01,,,,,,,DIS
2023-05-01,,,,,,,DIS
2023-05-01,,,,,,,DIS
2023-05-01,,,,,,,DIS
2023-05-01,,,,,,,DIS
2023-05-01,,,,,,,DIS
2023-05-01,,,,,,,DIS
2023-05-01,,,,,,,DIS
2023-05-01,,,,,,,DIS
2023-05-01,,,,,,,GOOGL
2023-05-01,,,,,,,GOOGL
2023-05-01,,,,,,,GOOGL
2023-05-01,,,,,,,GOOGL
2023-05-01,,,,,,,GOOGL
2023-05-01,,,,,,,GOOGL
2023-05-01,106.83999633789062,107.98999786376953,106.81999969482422,107.19999694824219,106.46568298339844,26681700.0,GOOGL
2023-05-01,,,,,,,GOOGL
2023-05-01,,,,,,,GOOGL
2023-05-01,,,,,,,GOOGL
2023-05-01,,,,,,,GOOGL
2023-05-01,,,,,,,GOOGL
2023-05-01,,,,,,,GOOGL
2023-05-01,,,,,,,GOOGL
2023-05-01,,,,,,,GOOGL
2023-05-01,,,,,,,GOOGL
2023-05-01,,,,,,,GOOGL
2023-05-01,,,,,,,GOOGL
2023-05-01,,,,,,,GOOGL
2023-05-01,,,,,,,GOOGL
2023-05-01,,,,,,,HD
2023-05-01,,,,,,,HD
2023-05-01,,,,,,,HD
2023-05-01,,,,,,,HD
2023-05-01,,,,,,,HD
2023-05-01,,,,,,,HD
2023-05-01,,,,,,,HD
2023-05-01,298.9800109863281,299.55999755859375,297.3699951171875,297.70001220703125,279.6329650878906,2970000.0,HD
2023-05-01,,,,,,,HD
2023-05-01,,,,,,,HD
2023-05-01,,,,,,,HD
2023-05-01,,,,,,,HD
2023-05-01,,,,,,,HD
2023-05-01,,,,,,,HD
2023-05-01,,,,,,,HD
2023-05-01,,,,,,,HD
2023-05-01,,,,,,,HD
2023-05-01,,,,,,,HD
2023-05-01,,,,,,,HD
2023-05-01,,,,,,,HD
2023-05-01,,,,,,,JNJ
2023-05-01,,,,,,,JNJ
2023-05-01,,,,,,,JNJ
2023-05-01,,,,,,,JNJ
2023-05-01,,,,,,,JNJ
2023-05-01,,,,,,,JNJ
2023-05-01,,,,,,,JNJ
2023-05-01,,,,,,,JNJ
2023-05-01,163.60000610351562,164.3000030517578,162.24000549316406,163.60000610351562,151.3668975830078,4893400.0,JNJ
2023-05-01,,,,,,,JNJ
2023-05-01,,,,,,,JNJ
2023-05-01,,,,,,,JNJ
2023-05-01,,,,,,,JNJ
2023-05-01,,,,,,,JNJ
2023-05-01,,,,,,,JNJ
2023-05-01,,,,,,,JNJ
2023-05-01,,,,,,,JNJ
2023-05-01,,,,,,,JNJ
2023-05-01,,,,,,,JNJ
2023-05-01,,,,,,,JNJ
2023-05-01,,,,,,,JPM
2023-05-01,,,,,,,JPM
2023-05-01,,,,,,,JPM
2023-05-01,,,,,,,JPM
2023-05-01,,,,,,,JPM
2023-05-01,,,,,,,JPM
2023-05-01,,,,,,,JPM
2023-05-01,,,,,,,JPM
2023-05-01,,,,,,,JPM
2023-05-01,142.25999450683594,143.3699951171875,140.8300018310547,141.1999969482422,133.79177856445312,20415800.0,JPM
2023-05-01,,,,,,,JPM
2023-05-01,,,,,,,JPM
2023-05-01,,,,,,,JPM
2023-05-01,,,,,,,JPM
2023-05-01,,,,,,,JPM
2023-05-01,,,,,,,JPM
2023-05-01,,,,,,,JPM
2023-05-01,,,,,,,JPM
2023-05-01,,,,,,,JPM
2023-05-01,,,,,,,JPM
2023-05-01,,,,,,,MA
2023-05-01,,,,,,,MA
2023-05-01,,,,,,,MA
2023-05-01,,,,,,,MA
2023-05-01,,,,,,,MA
2023-05-01,,,,,,,MA
2023-05-01,,,,,,,MA
2023-05-01,,,,,,,MA
2023-05-01,,,,,,,MA
2023-05-01,,,,,,,MA
2023-05-01,380.489990234375,382.4599914550781,378.9599914550781,379.8599853515625,374.9270935058594,1745100.0,MA
2023-05-01,,,,,,,MA
2023-05-01,,,,,,,MA
2023-05-01,,,,,,,MA
2023-05-01,,,,,,,MA
2023-05-01,,,,,,,MA
2023-05-01,,,,,,,MA
2023-05-01,,,,,,,MA
2023-05-01,,,,,,,MA
2023-05-01,,,,,,,MA
2023-05-01,,,,,,,META
2023-05-01,,,,,,,META
2023-05-01,,,,,,,META
2023-05-01,,,,,,,META
2023-05-01,,,,,,,META
2023-05-01,,,,,,,META
2023-05-01,,,,,,,META
2023-05-01,,,,,,,META
2023-05-01,,,,,,,META
2023-05-01,,,,,,,META
2023-05-01,,,,,,,META
2023-05-01,238.6199951171875,244.0,236.4600067138672,243.17999267578125,241.85317993164062,29143900.0,META
2023-05-01,,,,,,,META
2023-05-01,,,,,,,META
2023-05-01,,,,,,,META
2023-05-01,,,,,,,META
2023-05-01,,,,,,,META
2023-05-01,,,,,,,META
2023-05-01,,,,,,,META
2023-05-01,,,,,,,META
2023-05-01,,,,,,,MSFT
2023-05-01,,,,,,,MSFT
2023-05-01,,,,,,,MSFT
2023-05-01,,,,,,,MSFT
2023-05-01,,,,,,,MSFT
2023-05-01,,,,,,,MSFT
2023-05-01,,,,,,,MSFT
2023-05-01,,,,,,,MSFT
2023-05-01,,,,,,,MSFT
2023-05-01,,,,,,,MSFT
2023-05-01,,,,,,,MSFT
2023-05-01,,,,,,,MSFT
2023-05-01,306.9700012207031,308.6000061035156,305.1499938964844,305.55999755859375,299.73236083984375,21294100.0,MSFT
2023-05-01,,,,,,,MSFT
2023-05-01,,,,,,,MSFT
2023-05-01,,,,,,,MSFT
2023-05-01,,,,,,,MSFT
2023-05-01,,,,,,,MSFT
2023-05-01,,,,,,,MSFT
2023-05-01,,,,,,,MSFT
2023-05-01,,,,,,,NFLX
2023-05-01,,,,,,,NFLX
2023-05-01,,,,,,,NFLX
2023-05-01,,,,,,,NFLX
2023-05-01,,,,,,,NFLX
2023-05-01,,,,,,,NFLX
2023-05-01,,,,,,,NFLX
2023-05-01,,,,,,,NFLX
2023-05-01,,,,,,,NFLX
2023-05-01,,,,,,,NFLX
2023-05-01,,,,,,,NFLX
2023-05-01,,,,,,,NFLX
2023-05-01,,,,,,,NFLX
2023-05-01,329.44000244140625,331.2300109863281,318.0899963378906,324.1199951171875,324.1199951171875,5341500.0,NFLX
2023-05-01,,,,,,,NFLX
2023-05-01,,,,,,,NFLX
2023-05-01,,,,,,,NFLX
2023-05-01,,,,,,,NFLX
2023-05-01,,,,,,,NFLX
2023-05-01,,,,,,,NFLX
2023-05-01,,,,,,,NVDA
2023-05-01,,,,,,,NVDA
2023-05-01,,,,,,,NVDA
2023-05-01,,,,,,,NVDA
2023-05-01,,,,,,,NVDA
2023-05-01,,,,,,,NVDA
2023-05-01,,,,,,,NVDA
2023-05-01,,,,,,,NVDA
2023-05-01,,,,,,,NVDA
2023-05-01,,,,,,,NVDA
2023-05-01,,,,,,,NVDA
2023-05-01,,,,,,,NVDA
2023-05-01,,,,,,,NVDA
2023-05-01,,,,,,,NVDA
2023-05-01,27.84000015258789,29.058000564575195,27.780000686645508,28.90999984741211,28.88759994506836,570329000.0,NVDA
2023-05-01,,,,,,,NVDA
2023-05-01,,,,,,,NVDA
2023-05-01,,,,,,,NVDA
2023-05-01,,,,,,,NVDA
2023-05-01,,,,,,,NVDA
2023-05-01,,,,,,,PFE
2023-05-01,,,,,,,PFE
2023-05-01,,,,,,,PFE
2023-05-01,,,,,,,PFE
2023-05-01,,,,,,,PFE
2023-05-01,,,,,,,PFE
2023-05-01,,,,,,,PFE
2023-05-01,,,,,,,PFE
2023-05-01,,,,,,,PFE
2023-05-01,,,,,,,PFE
2023-05-01,,,,,,,PFE
2023-05-01,,,,,,,PFE
2023-05-01,,,,,,,PFE
2023-05-01,,,,,,,PFE
2023-05-01,,,,,,,PFE
2023-05-01,39.0,39.52000045776367,38.86000061035156,39.209999084472656,33.85081100463867,23917800.0,PFE
2023-05-01,,,,,,,PFE
2023-05-01,,,,,,,PFE
2023-05-01,,,,,,,PFE
2023-05-01,,,,,,,PFE
2023-05-01,,,,,,,PG
2023-05-01,,,,,,,PG
2023-05-01,,,,,,,PG
2023-05-01,,,,,,,PG
2023-05-01,,,,,,,PG
2023-05-01,,,,,,,PG
2023-05-01,,,,,,,PG
2023-05-01,,,,,,,PG
2023-05-01,,,,,,,PG
2023-05-01,,,,,,,PG
2023-05-01,,,,,,,PG
2023-05-01,,,,,,,PG
2023-05-01,,,,,,,PG
2023-05-01,,,,,,,PG
2023-05-01,,,,,,,PG
2023-05-01,,,,,,,PG
2023-05-01,156.02999877929688,157.39999389648438,155.8000030517578,156.57000732421875,148.0028076171875,3844600.0,PG
2023-05-01,,,,,,,PG
2023-05-01,,,,,,,PG
2023-05-01,,,,,,,PG
2023-05-01,,,,,,,TSLA
2023-05-01,,,,,,,TSLA
2023-05-01,,,,,,,TSLA
2023-05-01,,,,,,,TSLA
2023-05-01,,,,,,,TSLA
2023-05-01,,,,,,,TSLA
2023-05-01,,,,,,,TSLA
2023-05-01,,,,,,,TSLA
2023-05-01,,,,,,,TSLA
2023-05-01,,,,,,,TSLA
2023-05-01,,,,,,,TSLA
2023-05-01,,,,,,,TSLA
2023-05-01,,,,,,,TSLA
2023-05-01,,,,,,,TSLA
2023-05-01,,,,,,,TSLA
2023-05-01,,,,,,,TSLA
2023-05-01,,,,,,,TSLA
2023-05-01,163.1699981689453,163.27999877929688,158.8300018310547,161.8300018310547,161.8300018310547,109015000.0,TSLA
2023-05-01,,,,,,,TSLA
2023-05-01,,,,,,,TSLA
2023-05-01,,,,,,,UNH
2023-05-01,,,,,,,UNH
2023-05-01,,,,,,,UNH
2023-05-01,,,,,,,UNH
2023-05-01,,,,,,,UNH
2023-05-01,,,,,,,UNH
2023-05-01,,,,,,,UNH
2023-05-01,,,,,,,UNH
2023-05-01,,,,,,,UNH
2023-05-01,,,,,,,UNH
2023-05-01,,,,,,,UNH
2023-05-01,,,,,,,UNH
2023-05-01,,,,,,,UNH
2023-05-01,,,,,,,UNH
2023-05-01,,,,,,,UNH
2023-05-01,,,,,,,UNH
2023-05-01,,,,,,,UNH
2023-05-01,,,,,,,UNH
2023-05-01,494.5899963378906,499.3900146484375,491.80999755859375,495.70001220703125,477.09210205078125,2105600.0,UNH
2023-05-01,,,,,,,UNH
2023-05-01,,,,,,,V
2023-05-01,,,,,,,V
2023-05-01,,,,,,,V
2023-05-01,,,,,,,V
2023-05-01,,,,,,,V
2023-05-01,,,,,,,V
2023-05-01,,,,,,,V
2023-05-01,,,,,,,V
2023-05-01,,,,,,,V
2023-05-01,,,,,,,V
2023-05-01,,,,,,,V
2023-05-01,,,,,,,V
2023-05-01,,,,,,,V
2023-05-01,,,,,,,V
2023-05-01,,,,,,,V
2023-05-01,,,,,,,V
2023-05-01,,,,,,,V
2023-05-01,,,,,,,V
2023-05-01,,,,,,,V
2023-05-01,232.8699951171875,234.58999633789062,231.50999450683594,232.50999450683594,228.21011352539062,4571100.0,V
2023-06-01,177.6999969482422,180.1199951171875,176.92999267578125,180.08999633789062,178.10263061523438,68901800.0,AAPL
2023-06-01,,,,,,,AAPL
2023-06-01,,,,,,,AAPL
2023-06-01,,,,,,,AAPL
2023-06-01,,,,,,,AAPL
2023-06-01,,,,,,,AAPL
2023-06-01,,,,,,,AAPL
2023-06-01,,,,,,,AAPL
2023-06-01,,,,,,,AAPL
2023-06-01,,,,,,,AAPL
2023-06-01,,,,,,,AAPL
2023-06-01,,,,,,,AAPL
2023-06-01,,,,,,,AAPL
2023-06-01,,,,,,,AAPL
2023-06-01,,,,,,,AAPL
2023-06-01,,,,,,,AAPL
2023-06-01,,,,,,,AAPL
2023-06-01,,,,,,,AAPL
2023-06-01,,,,,,,AAPL
2023-06-01,,,,,,,AAPL
2023-06-01,,,,,,,ADBE
2023-06-01,412.2900085449219,430.6000061035156,412.2900085449219,426.75,426.75,4443100.0,ADBE
2023-06-01,,,,,,,ADBE
2023-06-01,,,,,,,ADBE
2023-06-01,,,,,,,ADBE
2023-06-01,,,,,,,ADBE
2023-06-01,,,,,,,ADBE
2023-06-01,,,,,,,ADBE
2023-06-01,,,,,,,ADBE
2023-06-01,,,,,,,ADBE
2023-06-01,,,,,,,ADBE
2023-06-01,,,,,,,ADBE
2023-06-01,,,,,,,ADBE
2023-06-01,,,,,,,ADBE
2023-06-01,,,,,,,ADBE
2023-06-01,,,,,,,ADBE
2023-06-01,,,,,,,ADBE
2023-06-01,,,,,,,ADBE
2023-06-01,,,,,,,ADBE
2023-06-01,,,,,,,ADBE
2023-06-01,,,,,,,AMZN
2023-06-01,,,,,,,AMZN
2023-06-01,120.69000244140625,123.48999786376953,119.93000030517578,122.7699966430664,122.7699966430664,54375100.0,AMZN
2023-06-01,,,,,,,AMZN
2023-06-01,,,,,,,AMZN
2023-06-01,,,,,,,AMZN
2023-06-01,,,,,,,AMZN
2023-06-01,,,,,,,AMZN
2023-06-01,,,,,,,AMZN
2023-06-01,,,,,,,AMZN
2023-06-01,,,,,,,AMZN
2023-06-01,,,,,,,AMZN
2023-06-01,,,,,,,AMZN
2023-06-01,,,,,,,AMZN
2023-06-01,,,,,,,AMZN
2023-06-01,,,,,,,AMZN
2023-06-01,,,,,,,AMZN
2023-06-01,,,,,,,AMZN
2023-06-01,,,,,,,AMZN
2023-06-01,,,,,,,AMZN
2023-06-01,,,,,,,BAC
2023-06-01,,,,,,,BAC
2023-06-01,,,,,,,BAC
2023-06-01,27.760000228881836,27.979999542236328,27.34000015258789,27.780000686645508,26.186016082763672,57426100.0,BAC
2023-06-01,,,,,,,BAC
2023-06-01,,,,,,,BAC
2023-06-01,,,,,,,BAC
2023-06-01,,,,,,,BAC
2023-06-01,,,,,,,BAC
2023-06-01,,,,,,,BAC
2023-06-01,,,,,,,BAC
2023-06-01,,,,,,,BAC
2023-06-01,,,,,,,BAC
2023-06-01,,,,,,,BAC
2023-06-01,,,,,,,BAC
2023-06-01,,,,,,,BAC
2023-06-01,,,,,,,BAC
2023-06-01,,,,,,,BAC
2023-06-01,,,,,,,BAC
2023-06-01,,,,,,,BAC
2023-06-01,,,,,,,CRM
2023-06-01,,,,,,,CRM
2023-06-01,,,,,,,CRM
2023-06-01,,,,,,,CRM
2023-06-01,208.22000122070312,215.36000061035156,206.05999755859375,212.89999389648438,211.05064392089844,20907400.0,CRM
2023-06-01,,,,,,,CRM
2023-06-01,,,,,,,CRM
2023-06-01,,,,,,,CRM
2023-06-01,,,,,,,CRM
2023-06-01,,,,,,,CRM
2023-06-01,,,,,,,CRM
2023-06-01,,,,,,,CRM
2023-06-01,,,,,,,CRM
2023-06-01,,,,,,,CRM
2023-06-01,,,,,,,CRM
2023-06-01,,,,,,,CRM
2023-06-01,,,,,,,CRM
2023-06-01,,,,,,,CRM
2023-06-01,,,,,,,CRM
2023-06-01,,,,,,,CRM
2023-06-01,,,,,,,DIS
2023-06-01,,,,,,,DIS
2023-06-01,,,,,,,DIS
2023-06-01,,,,,,,DIS
2023-06-01,,,,,,,DIS
2023-06-01,88.4000015258789,89.05999755859375,87.11000061035156,88.58999633789062,87.1373519897461,11993200.0,DIS
2023-06-01,,,,,,,DIS
2023-06-01,,,,,,,DIS
2023-06-01,,,,,,,DIS
2023-06-01,,,,,,,DIS
2023-06-01,,,,,,,DIS
2023-06-01,,,,,,,DIS
2023-06-01,,,,,,,DIS
2023-06-01,,,,,,,DIS
2023-06-01,,,,,,,DIS
2023-06-01,,,,,,,DIS
2023-06-01,,,,,,,DIS
2023-06-01,,,,,,,DIS
2023-06-01,,,,,,,DIS
2023-06-01,,,,,,,DIS
2023-06-01,,,,,,,GOOGL
2023-06-01,,,,,,,GOOGL
2023-06-01,,,,,,,GOOGL
2023-06-01,,,,,,,GOOGL
2023-06-01,,,,,,,GOOGL
2023-06-01,,,,,,,GOOGL
2023-06-01,122.81999969482422,124.41999816894531,122.62000274658203,123.72000122070312,122.87254333496094,30772700.0,GOOGL
2023-06-01,,,,,,,GOOGL
2023-06-01,,,,,,,GOOGL
2023-06-01,,,,,,,GOOGL
2023-06-01,,,,,,,GOOGL
2023-06-01,,,,,,,GOOGL
2023-06-01,,,,,,,GOOGL
2023-06-01,,,,,,,GOOGL
2023-06-01,,,,,,,GOOGL
2023-06-01,,,,,,,GOOGL
2023-06-01,,,,,,,GOOGL
2023-06-01,,,,,,,GOOGL
2023-06-01,,,,,,,GOOGL
2023-06-01,,,,,,,GOOGL
2023-06-01,,,,,,,HD
2023-06-01,,,,,,,HD
2023-06-01,,,,,,,HD
2023-06-01,,,,,,,HD
2023-06-01,,,,,,,HD
2023-06-01,,,,,,,HD
2023-06-01,,,,,,,HD
2023-06-01,284.04998779296875,289.2200012207031,279.9800109863281,288.3900146484375,272.83819580078125,4305100.0,HD
2023-06-01,,,,,,,HD
2023-06-01,,,,,,,HD
2023-06-01,,,,,,,HD
2023-06-01,,,,,,,HD
2023-06-01,,,,,,,HD
2023-06-01,,,,,,,HD
2023-06-01,,,,,,,HD
2023-06-01,,,,,,,HD
2023-06-01,,,,,,,HD
2023-06-01,,,,,,,HD
2023-06-01,,,,,,,HD
2023-06-01,,,,,,,HD
2023-06-01,,,,,,,JNJ
2023-06-01,,,,,,,JNJ
2023-06-01,,,,,,,JNJ
2023-06-01,,,,,,,JNJ
2023-06-01,,,,,,,JNJ
2023-06-01,,,,,,,JNJ
2023-06-01,,,,,,,JNJ
2023-06-01,,,,,,,JNJ
2023-06-01,154.5399932861328,155.0399932861328,153.14999389648438,154.5399932861328,144.06317138671875,7901300.0,JNJ
2023-06-01,,,,,,,JNJ
2023-06-01,,,,,,,JNJ
2023-06-01,,,,,,,JNJ
2023-06-01,,,,,,,JNJ
2023-06-01,,,,,,,JNJ
2023-06-01,,,,,,,JNJ
2023-06-01,,,,,,,JNJ
2023-06-01,,,,,,,JNJ
2023-06-01,,,,,,,JNJ
2023-06-01,,,,,,,JNJ
2023-06-01,,,,,,,JNJ
2023-06-01,,,,,,,JPM
2023-06-01,,,,,,,JPM
2023-06-01,,,,,,,JPM
2023-06-01,,,,,,,JPM
2023-06-01,,,,,,,JPM
2023-06-01,,,,,,,JPM
2023-06-01,,,,,,,JPM
2023-06-01,,,,,,,JPM
2023-06-01,,,,,,,JPM
2023-06-01,136.52000427246094,138.22999572753906,135.4499969482422,137.5800018310547,130.36172485351562,12248100.0,JPM
2023-06-01,,,,,,,JPM
2023-06-01,,,,,,,JPM
2023-06-01,,,,,,,JPM
2023-06-01,,,,,,,JPM
2023-06-01,,,,,,,JPM
2023-06-01,,,,,,,JPM
2023-06-01,,,,,,,JPM
2023-06-01,,,,,,,JPM
2023-06-01,,,,,,,JPM
2023-06-01,,,,,,,JPM
2023-06-01,,,,,,,MA
2023-06-01,,,,,,,MA
2023-06-01,,,,,,,MA
2023-06-01,,,,,,,MA
2023-06-01,,,,,,,MA
2023-06-01,,,,,,,MA
2023-06-01,,,,,,,MA
2023-06-01,,,,,,,MA
2023-06-01,,,,,,,MA
2023-06-01,,,,,,,MA
2023-06-01,367.1600036621094,371.0899963378906,366.04998779296875,370.8800048828125,366.06365966796875,3389700.0,MA
2023-06-01,,,,,,,MA
2023-06-01,,,,,,,MA
2023-06-01,,,,,,,MA
2023-06-01,,,,,,,MA
2023-06-01,,,,,,,MA
2023-06-01,,,,,,,MA
2023-06-01,,,,,,,MA
2023-06-01,,,,,,,MA
2023-06-01,,,,,,,MA
2023-06-01,,,,,,,META
2023-06-01,,,,,,,META
2023-06-01,,,,,,,META
2023-06-01,,,,,,,META
2023-06-01,,,,,,,META
2023-06-01,,,,,,,META
2023-06-01,,,,,,,META
2023-06-01,,,,,,,META
2023-06-01,,,,,,,META
2023-06-01,,,,,,,META
2023-06-01,,,,,,,META
2023-06-01,265.8999938964844,274.0,265.8900146484375,272.6099853515625,271.1225891113281,25609500.0,META
2023-06-01,,,,,,,META
2023-06-01,,,,,,,META
2023-06-01,,,,,,,META
2023-06-01,,,,,,,META
2023-06-01,,,,,,,META
2023-06-01,,,,,,,META
2023-06-01,,,,,,,META
2023-06-01,,,,,,,META
2023-06-01,,,,,,,MSFT
2023-06-01,,,,,,,MSFT
2023-06-01,,,,,,,MSFT
2023-06-01,,,,,,,MSFT
2023-06-01,,,,,,,MSFT
2023-06-01,,,,,,,MSFT
2023-06-01,,,,,,,MSFT
2023-06-01,,,,,,,MSFT
2023-06-01,,,,,,,MSFT
2023-06-01,,,,,,,MSFT
2023-06-01,,,,,,,MSFT
2023-06-01,,,,,,,MSFT
2023-06-01,325.92999267578125,333.5299987792969,324.7200012207031,332.5799865722656,326.9502258300781,26773900.0,MSFT
2023-06-01,,,,,,,MSFT
2023-06-01,,,,,,,MSFT
2023-06-01,,,,,,,MSFT
2023-06-01,,,,,,,MSFT
2023-06-01,,,,,,,MSFT
2023-06-01,,,,,,,MSFT
2023-06-01,,,,,,,MSFT
2023-06-01,,,,,,,NFLX
2023-06-01,,,,,,,NFLX
2023-06-01,,,,,,,NFLX
2023-06-01,,,,,,,NFLX
2023-06-01,,,,,,,NFLX
2023-06-01,,,,,,,NFLX
2023-06-01,,,,,,,NFLX
2023-06-01,,,,,,,NFLX
2023-06-01,,,,,,,NFLX
2023-06-01,,,,,,,NFLX
2023-06-01,,,,,,,NFLX
2023-06-01,,,,,,,NFLX
2023-06-01,,,,,,,NFLX
2023-06-01,397.4100036621094,407.5199890136719,393.0799865722656,403.1300048828125,403.1300048828125,7160100.0,NFLX
2023-06-01,,,,,,,NFLX
2023-06-01,,,,,,,NFLX
2023-06-01,,,,,,,NFLX
2023-06-01,,,,,,,NFLX
2023-06-01,,,,,,,NFLX
2023-06-01,,,,,,,NFLX
2023-06-01,,,,,,,NVDA
2023-06-01,,,,,,,NVDA
2023-06-01,,,,,,,NVDA
2023-06-01,,,,,,,NVDA
2023-06-01,,,,,,,NVDA
2023-06-01,,,,,,,NVDA
2023-06-01,,,,,,,NVDA
2023-06-01,,,,,,,NVDA
2023-06-01,,,,,,,NVDA
2023-06-01,,,,,,,NVDA
2023-06-01,,,,,,,NVDA
2023-06-01,,,,,,,NVDA
2023-06-01,,,,,,,NVDA
2023-06-01,,,,,,,NVDA
2023-06-01,38.48899841308594,40.04999923706055,38.34000015258789,39.77000045776367,39.73918914794922,635873000.0,NVDA
2023-06-01,,,,,,,NVDA
2023-06-01,,,,,,,NVDA
2023-06-01,,,,,,,NVDA
2023-06-01,,,,,,,NVDA
2023-06-01,,,,,,,NVDA
2023-06-01,,,,,,,PFE
2023-06-01,,,,,,,PFE
2023-06-01,,,,,,,PFE
2023-06-01,,,,,,,PFE
2023-06-01,,,,,,,PFE
2023-06-01,,,,,,,PFE
2023-06-01,,,,,,,PFE
2023-06-01,,,,,,,PFE
2023-06-01,,,,,,,PFE
2023-06-01,,,,,,,PFE
2023-06-01,,,,,,,PFE
2023-06-01,,,,,,,PFE
2023-06-01,,,,,,,PFE
2023-06-01,,,,,,,PFE
2023-06-01,,,,,,,PFE
2023-06-01,38.119998931884766,38.209999084472656,37.70000076293945,38.02000045776367,33.178627014160156,20256100.0,PFE
2023-06-01,,,,,,,PFE
2023-06-01,,,,,,,PFE
2023-06-01,,,,,,,PFE
2023-06-01,,,,,,,PFE
2023-06-01,,,,,,,PG
2023-06-01,,,,,,,PG
2023-06-01,,,,,,,PG
2023-06-01,,,,,,,PG
2023-06-01,,,,,,,PG
2023-06-01,,,,,,,PG
2023-06-01,,,,,,,PG
2023-06-01,,,,,,,PG
2023-06-01,,,,,,,PG
2023-06-01,,,,,,,PG
2023-06-01,,,,,,,PG
2023-06-01,,,,,,,PG
2023-06-01,,,,,,,PG
2023-06-01,,,,,,,PG
2023-06-01,,,,,,,PG
2023-06-01,,,,,,,PG
2023-06-01,143.25,144.1199951171875,142.4499969482422,143.9600067138672,136.08282470703125,6091100.0,PG
2023-06-01,,,,,,,PG
2023-06-01,,,,,,,PG
2023-06-01,,,,,,,PG
2023-06-01,,,,,,,TSLA
2023-06-01,,,,,,,TSLA
2023-06-01,,,,,,,TSLA
2023-06-01,,,,,,,TSLA
2023-06-01,,,,,,,TSLA
2023-06-01,,,,,,,TSLA
2023-06-01,,,,,,,TSLA
2023-06-01,,,,,,,TSLA
2023-06-01,,,,,,,TSLA
2023-06-01,,,,,,,TSLA
2023-06-01,,,,,,,TSLA
2023-06-01,,,,,,,TSLA
2023-06-01,,,,,,,TSLA
2023-06-01,,,,,,,TSLA
2023-06-01,,,,,,,TSLA
2023-06-01,,,,,,,TSLA
2023-06-01,,,,,,,TSLA
2023-06-01,202.58999633789062,209.8000030517578,199.3699951171875,207.52000427246094,207.52000427246094,148029900.0,TSLA
2023-06-01,,,,,,,TSLA
2023-06-01,,,,,,,TSLA
2023-06-01,,,,,,,UNH
2023-06-01,,,,,,,UNH
2023-06-01,,,,,,,UNH
2023-06-01,,,,,,,UNH
2023-06-01,,,,,,,UNH
2023-06-01,,,,,,,UNH
2023-06-01,,,,,,,UNH
2023-06-01,,,,,,,UNH
2023-06-01,,,,,,,UNH
2023-06-01,,,,,,,UNH
2023-06-01,,,,,,,UNH
2023-06-01,,,,,,,UNH
2023-06-01,,,,,,,UNH
2023-06-01,,,,,,,UNH
2023-06-01,,,,,,,UNH
2023-06-01,,,,,,,UNH
2023-06-01,,,,,,,UNH
2023-06-01,,,,,,,UNH
2023-06-01,487.7900085449219,498.7799987792969,486.1099853515625,493.6300048828125,475.09979248046875,3376600.0,UNH
2023-06-01,,,,,,,UNH
2023-06-01,,,,,,,V
2023-06-01,,,,,,,V
2023-06-01,,,,,,,V
2023-06-01,,,,,,,V
2023-06-01,,,,,,,V
2023-06-01,,,,,,,V
2023-06-01,,,,,,,V
2023-06-01,,,,,,,V
2023-06-01,,,,,,,V
2023-06-01,,,,,,,V
2023-06-01,,,,,,,V
2023-06-01,,,,,,,V
2023-06-01,,,,,,,V
2023-06-01,,,,,,,V
2023-06-01,,,,,,,V
2023-06-01,,,,,,,V
2023-06-01,,,,,,,V
2023-06-01,,,,,,,V
2023-06-01,,,,,,,V
2023-06-01,222.72999572753906,226.7100067138672,222.42999267578125,226.5,222.7447052001953,7003600.0,V
2023-07-01,193.77999877929688,193.8800048828125,191.75999450683594,192.4600067138672,190.33615112304688,31458200.0,AAPL
2023-07-01,,,,,,,AAPL
2023-07-01,,,,,,,AAPL
2023-07-01,,,,,,,AAPL
2023-07-01,,,,,,,AAPL
2023-07-01,,,,,,,AAPL
2023-07-01,,,,,,,AAPL
2023-07-01,,,,,,,AAPL
2023-07-01,,,,,,,AAPL
2023-07-01,,,,,,,AAPL
2023-07-01,,,,,,,AAPL
2023-07-01,,,,,,,AAPL
2023-07-01,,,,,,,AAPL
2023-07-01,,,,,,,AAPL
2023-07-01,,,,,,,AAPL
2023-07-01,,,,,,,AAPL
2023-07-01,,,,,,,AAPL
2023-07-01,,,,,,,AAPL
2023-07-01,,,,,,,AAPL
2023-07-01,,,,,,,AAPL
2023-07-01,,,,,,,ADBE
2023-07-01,486.3900146484375,486.6099853515625,479.8399963378906,485.2099914550781,485.2099914550781,1491000.0,ADBE
2023-07-01,,,,,,,ADBE
2023-07-01,,,,,,,ADBE
2023-07-01,,,,,,,ADBE
2023-07-01,,,,,,,ADBE
2023-07-01,,,,,,,ADBE
2023-07-01,,,,,,,ADBE
2023-07-01,,,,,,,ADBE
2023-07-01,,,,,,,ADBE
2023-07-01,,,,,,,ADBE
2023-07-01,,,,,,,ADBE
2023-07-01,,,,,,,ADBE
2023-07-01,,,,,,,ADBE
2023-07-01,,,,,,,ADBE
2023-07-01,,,,,,,ADBE
2023-07-01,,,,,,,ADBE
2023-07-01,,,,,,,ADBE
2023-07-01,,,,,,,ADBE
2023-07-01,,,,,,,ADBE
2023-07-01,,,,,,,AMZN
2023-07-01,,,,,,,AMZN
2023-07-01,130.82000732421875,131.85000610351562,130.07000732421875,130.22000122070312,130.22000122070312,28264800.0,AMZN
2023-07-01,,,,,,,AMZN
2023-07-01,,,,,,,AMZN
2023-07-01,,,,,,,AMZN
2023-07-01,,,,,,,AMZN
2023-07-01,,,,,,,AMZN
2023-07-01,,,,,,,AMZN
2023-07-01,,,,,,,AMZN
2023-07-01,,,,,,,AMZN
2023-07-01,,,,,,,AMZN
2023-07-01,,,,,,,AMZN
2023-07-01,,,,,,,AMZN
2023-07-01,,,,,,,AMZN
2023-07-01,,,,,,,AMZN
2023-07-01,,,,,,,AMZN
2023-07-01,,,,,,,AMZN
2023-07-01,,,,,,,AMZN
2023-07-01,,,,,,,AMZN
2023-07-01,,,,,,,BAC
2023-07-01,,,,,,,BAC
2023-07-01,,,,,,,BAC
2023-07-01,28.700000762939453,29.350000381469727,28.649999618530273,29.200000762939453,27.524538040161133,30995800.0,BAC
2023-07-01,,,,,,,BAC
2023-07-01,,,,,,,BAC
2023-07-01,,,,,,,BAC
2023-07-01,,,,,,,BAC
2023-07-01,,,,,,,BAC
2023-07-01,,,,,,,BAC
2023-07-01,,,,,,,BAC
2023-07-01,,,,,,,BAC
2023-07-01,,,,,,,BAC
2023-07-01,,,,,,,BAC
2023-07-01,,,,,,,BAC
2023-07-01,,,,,,,BAC
2023-07-01,,,,,,,BAC
2023-07-01,,,,,,,BAC
2023-07-01,,,,,,,BAC
2023-07-01,,,,,,,BAC
2023-07-01,,,,,,,CRM
2023-07-01,,,,,,,CRM
2023-07-01,,,,,,,CRM
2023-07-01,,,,,,,CRM
2023-07-01,210.57000732421875,211.9600067138672,209.9199981689453,211.64999389648438,209.81149291992188,2400000.0,CRM
2023-07-01,,,,,,,CRM
2023-07-01,,,,,,,CRM
2023-07-01,,,,,,,CRM
2023-07-01,,,,,,,CRM
2023-07-01,,,,,,,CRM
2023-07-01,,,,,,,CRM
2023-07-01,,,,,,,CRM
2023-07-01,,,,,,,CRM
2023-07-01,,,,,,,CRM
2023-07-01,,,,,,,CRM
2023-07-01,,,,,,,CRM
2023-07-01,,,,,,,CRM
2023-07-01,,,,,,,CRM
2023-07-01,,,,,,,CRM
2023-07-01,,,,,,,CRM
2023-07-01,,,,,,,DIS
2023-07-01,,,,,,,DIS
2023-07-01,,,,,,,DIS
2023-07-01,,,,,,,DIS
2023-07-01,,,,,,,DIS
2023-07-01,89.12000274658203,90.94999694824219,88.91000366210938,90.5,89.01603698730469,7979500.0,DIS
2023-07-01,,,,,,,DIS
2023-07-01,,,,,,,DIS
2023-07-01,,,,,,,DIS
2023-07-01,,,,,,,DIS
2023-07-01,,,,,,,DIS
2023-07-01,,,,,,,DIS
2023-07-01,,,,,,,DIS
2023-07-01,,,,,,,DIS
2023-07-01,,,,,,,DIS
2023-07-01,,,,,,,DIS
2023-07-01,,,,,,,DIS
2023-07-01,,,,,,,DIS
2023-07-01,,,,,,,DIS
2023-07-01,,,,,,,DIS
2023-07-01,,,,,,,GOOGL
2023-07-01,,,,,,,GOOGL
2023-07-01,,,,,,,GOOGL
2023-07-01,,,,,,,GOOGL
2023-07-01,,,,,,,GOOGL
2023-07-01,,,,,,,GOOGL
2023-07-01,119.23999786376953,120.19000244140625,118.81999969482422,119.9000015258789,119.07870483398438,14467900.0,GOOGL
2023-07-01,,,,,,,GOOGL
2023-07-01,,,,,,,GOOGL
2023-07-01,,,,,,,GOOGL
2023-07-01,,,,,,,GOOGL
2023-07-01,,,,,,,GOOGL
2023-07-01,,,,,,,GOOGL
2023-07-01,,,,,,,GOOGL
2023-07-01,,,,,,,GOOGL
2023-07-01,,,,,,,GOOGL
2023-07-01,,,,,,,GOOGL
2023-07-01,,,,,,,GOOGL
2023-07-01,,,,,,,GOOGL
2023-07-01,,,,,,,GOOGL
2023-07-01,,,,,,,HD
2023-07-01,,,,,,,HD
2023-07-01,,,,,,,HD
2023-07-01,,,,,,,HD
2023-07-01,,,,,,,HD
2023-07-01,,,,,,,HD
2023-07-01,,,,,,,HD
2023-07-01,309.7799987792969,311.3999938964844,308.8999938964844,310.0199890136719,293.30169677734375,1483300.0,HD
2023-07-01,,,,,,,HD
2023-07-01,,,,,,,HD
2023-07-01,,,,,,,HD
2023-07-01,,,,,,,HD
2023-07-01,,,,,,,HD
2023-07-01,,,,,,,HD
2023-07-01,,,,,,,HD
2023-07-01,,,,,,,HD
2023-07-01,,,,,,,HD
2023-07-01,,,,,,,HD
2023-07-01,,,,,,,HD
2023-07-01,,,,,,,HD
2023-07-01,,,,,,,JNJ
2023-07-01,,,,,,,JNJ
2023-07-01,,,,,,,JNJ
2023-07-01,,,,,,,JNJ
2023-07-01,,,,,,,JNJ
2023-07-01,,,,,,,JNJ
2023-07-01,,,,,,,JNJ
2023-07-01,,,,,,,JNJ
2023-07-01,164.33999633789062,164.38999938964844,162.9600067138672,163.35000610351562,152.27590942382812,4033700.0,JNJ
2023-07-01,,,,,,,JNJ
2023-07-01,,,,,,,JNJ
2023-07-01,,,,,,,JNJ
2023-07-01,,,,,,,JNJ
2023-07-01,,,,,,,JNJ
2023-07-01,,,,,,,JNJ
2023-07-01,,,,,,,JNJ
2023-07-01,,,,,,,JNJ
2023-07-01,,,,,,,JNJ
2023-07-01,,,,,,,JNJ
2023-07-01,,,,,,,JNJ
2023-07-01,,,,,,,JPM
2023-07-01,,,,,,,JPM
2023-07-01,,,,,,,JPM
2023-07-01,,,,,,,JPM
2023-07-01,,,,,,,JPM
2023-07-01,,,,,,,JPM
2023-07-01,,,,,,,JPM
2023-07-01,,,,,,,JPM
2023-07-01,,,,,,,JPM
2023-07-01,146.19000244140625,147.47999572753906,146.0,146.61000061035156,138.91793823242188,8021600.0,JPM
2023-07-01,,,,,,,JPM
2023-07-01,,,,,,,JPM
2023-07-01,,,,,,,JPM
2023-07-01,,,,,,,JPM
2023-07-01,,,,,,,JPM
2023-07-01,,,,,,,JPM
2023-07-01,,,,,,,JPM
2023-07-01,,,,,,,JPM
2023-07-01,,,,,,,JPM
2023-07-01,,,,,,,JPM
2023-07-01,,,,,,,MA
2023-07-01,,,,,,,MA
2023-07-01,,,,,,,MA
2023-07-01,,,,,,,MA
2023-07-01,,,,,,,MA
2023-07-01,,,,,,,MA
2023-07-01,,,,,,,MA
2023-07-01,,,,,,,MA
2023-07-01,,,,,,,MA
2023-07-01,,,,,,,MA
2023-07-01,391.3399963378906,394.30999755859375,388.67999267578125,393.9599914550781,388.843994140625,1304600.0,MA
2023-07-01,,,,,,,MA
2023-07-01,,,,,,,MA
2023-07-01,,,,,,,MA
2023-07-01,,,,,,,MA
2023-07-01,,,,,,,MA
2023-07-01,,,,,,,MA
2023-07-01,,,,,,,MA
2023-07-01,,,,,,,MA
2023-07-01,,,,,,,MA
2023-07-01,,,,,,,META
2023-07-01,,,,,,,META
2023-07-01,,,,,,,META
2023-07-01,,,,,,,META
2023-07-01,,,,,,,META
2023-07-01,,,,,,,META
2023-07-01,,,,,,,META
2023-07-01,,,,,,,META
2023-07-01,,,,,,,META
2023-07-01,,,,,,,META
2023-07-01,,,,,,,META
2023-07-01,286.70001220703125,289.3999938964844,284.8500061035156,286.0199890136719,284.45941162109375,8629300.0,META
2023-07-01,,,,,,,META
2023-07-01,,,,,,,META
2023-07-01,,,,,,,META
2023-07-01,,,,,,,META
2023-07-01,,,,,,,META
2023-07-01,,,,,,,META
2023-07-01,,,,,,,META
2023-07-01,,,,,,,META
2023-07-01,,,,,,,MSFT
2023-07-01,,,,,,,MSFT
2023-07-01,,,,,,,MSFT
2023-07-01,,,,,,,MSFT
2023-07-01,,,,,,,MSFT
2023-07-01,,,,,,,MSFT
2023-07-01,,,,,,,MSFT
2023-07-01,,,,,,,MSFT
2023-07-01,,,,,,,MSFT
2023-07-01,,,,,,,MSFT
2023-07-01,,,,,,,MSFT
2023-07-01,,,,,,,MSFT
2023-07-01,339.19000244140625,340.8999938964844,336.57000732421875,337.989990234375,332.2686462402344,12508700.0,MSFT
2023-07-01,,,,,,,MSFT
2023-07-01,,,,,,,MSFT
2023-07-01,,,,,,,MSFT
2023-07-01,,,,,,,MSFT
2023-07-01,,,,,,,MSFT
2023-07-01,,,,,,,MSFT
2023-07-01,,,,,,,MSFT
2023-07-01,,,,,,,NFLX
2023-07-01,,,,,,,NFLX
2023-07-01,,,,,,,NFLX
2023-07-01,,,,,,,NFLX
2023-07-01,,,,,,,NFLX
2023-07-01,,,,,,,NFLX
2023-07-01,,,,,,,NFLX
2023-07-01,,,,,,,NFLX
2023-07-01,,,,,,,NFLX
2023-07-01,,,,,,,NFLX
2023-07-01,,,,,,,NFLX
2023-07-01,,,,,,,NFLX
2023-07-01,,,,,,,NFLX
2023-07-01,439.760009765625,441.54998779296875,431.6199951171875,441.44000244140625,441.44000244140625,3733200.0,NFLX
2023-07-01,,,,,,,NFLX
2023-07-01,,,,,,,NFLX
2023-07-01,,,,,,,NFLX
2023-07-01,,,,,,,NFLX
2023-07-01,,,,,,,NFLX
2023-07-01,,,,,,,NFLX
2023-07-01,,,,,,,NVDA
2023-07-01,,,,,,,NVDA
2023-07-01,,,,,,,NVDA
2023-07-01,,,,,,,NVDA
2023-07-01,,,,,,,NVDA
2023-07-01,,,,,,,NVDA
2023-07-01,,,,,,,NVDA
2023-07-01,,,,,,,NVDA
2023-07-01,,,,,,,NVDA
2023-07-01,,,,,,,NVDA
2023-07-01,,,,,,,NVDA
2023-07-01,,,,,,,NVDA
2023-07-01,,,,,,,NVDA
2023-07-01,,,,,,,NVDA
2023-07-01,42.516998291015625,42.89799880981445,42.20199966430664,42.41299819946289,42.384525299072266,198209000.0,NVDA
2023-07-01,,,,,,,NVDA
2023-07-01,,,,,,,NVDA
2023-07-01,,,,,,,NVDA
2023-07-01,,,,,,,NVDA
2023-07-01,,,,,,,NVDA
2023-07-01,,,,,,,PFE
2023-07-01,,,,,,,PFE
2023-07-01,,,,,,,PFE
2023-07-01,,,,,,,PFE
2023-07-01,,,,,,,PFE
2023-07-01,,,,,,,PFE
2023-07-01,,,,,,,PFE
2023-07-01,,,,,,,PFE
2023-07-01,,,,,,,PFE
2023-07-01,,,,,,,PFE
2023-07-01,,,,,,,PFE
2023-07-01,,,,,,,PFE
2023-07-01,,,,,,,PFE
2023-07-01,,,,,,,PFE
2023-07-01,,,,,,,PFE
2023-07-01,36.5,36.7400016784668,36.349998474121094,36.650001525878906,31.98307991027832,14115800.0,PFE
2023-07-01,,,,,,,PFE
2023-07-01,,,,,,,PFE
2023-07-01,,,,,,,PFE
2023-07-01,,,,,,,PFE
2023-07-01,,,,,,,PG
2023-07-01,,,,,,,PG
2023-07-01,,,,,,,PG
2023-07-01,,,,,,,PG
2023-07-01,,,,,,,PG
2023-07-01,,,,,,,PG
2023-07-01,,,,,,,PG
2023-07-01,,,,,,,PG
2023-07-01,,,,,,,PG
2023-07-01,,,,,,,PG
2023-07-01,,,,,,,PG
2023-07-01,,,,,,,PG
2023-07-01,,,,,,,PG
2023-07-01,,,,,,,PG
2023-07-01,,,,,,,PG
2023-07-01,,,,,,,PG
2023-07-01,151.47999572753906,152.52999877929688,150.47000122070312,152.5,144.15550231933594,3996100.0,PG
2023-07-01,,,,,,,PG
2023-07-01,,,,,,,PG
2023-07-01,,,,,,,PG
2023-07-01,,,,,,,TSLA
2023-07-01,,,,,,,TSLA
2023-07-01,,,,,,,TSLA
2023-07-01,,,,,,,TSLA
2023-07-01,,,,,,,TSLA
2023-07-01,,,,,,,TSLA
2023-07-01,,,,,,,TSLA
2023-07-01,,,,,,,TSLA
2023-07-01,,,,,,,TSLA
2023-07-01,,,,,,,TSLA
2023-07-01,,,,,,,TSLA
2023-07-01,,,,,,,TSLA
2023-07-01,,,,,,,TSLA
2023-07-01,,,,,,,TSLA
2023-07-01,,,,,,,TSLA
2023-07-01,,,,,,,TSLA
2023-07-01,,,,,,,TSLA
2023-07-01,276.489990234375,284.25,275.1099853515625,279.82000732421875,279.82000732421875,119685900.0,TSLA
2023-07-01,,,,,,,TSLA
2023-07-01,,,,,,,TSLA
2023-07-01,,,,,,,UNH
2023-07-01,,,,,,,UNH
2023-07-01,,,,,,,UNH
2023-07-01,,,,,,,UNH
2023-07-01,,,,,,,UNH
2023-07-01,,,,,,,UNH
2023-07-01,,,,,,,UNH
2023-07-01,,,,,,,UNH
2023-07-01,,,,,,,UNH
2023-07-01,,,,,,,UNH
2023-07-01,,,,,,,UNH
2023-07-01,,,,,,,UNH
2023-07-01,,,,,,,UNH
2023-07-01,,,,,,,UNH
2023-07-01,,,,,,,UNH
2023-07-01,,,,,,,UNH
2023-07-01,,,,,,,UNH
2023-07-01,,,,,,,UNH
2023-07-01,478.1000061035156,480.2099914550781,476.29998779296875,477.8800048828125,461.8291015625,1915700.0,UNH
2023-07-01,,,,,,,UNH
2023-07-01,,,,,,,V
2023-07-01,,,,,,,V
2023-07-01,,,,,,,V
2023-07-01,,,,,,,V
2023-07-01,,,,,,,V
2023-07-01,,,,,,,V
2023-07-01,,,,,,,V
2023-07-01,,,,,,,V
2023-07-01,,,,,,,V
2023-07-01,,,,,,,V
2023-07-01,,,,,,,V
2023-07-01,,,,,,,V
2023-07-01,,,,,,,V
2023-07-01,,,,,,,V
2023-07-01,,,,,,,V
2023-07-01,,,,,,,V
2023-07-01,,,,,,,V
2023-07-01,,,,,,,V
2023-07-01,,,,,,,V
2023-07-01,237.0,238.39999389648438,235.41000366210938,237.97000122070312,234.02455139160156,3087400.0,V
2023-08-01,196.24000549316406,196.72999572753906,195.27999877929688,195.61000061035156,193.4513702392578,35175100.0,AAPL
2023-08-01,,,,,,,AAPL
2023-08-01,,,,,,,AAPL
2023-08-01,,,,,,,AAPL
2023-08-01,,,,,,,AAPL
2023-08-01,,,,,,,AAPL
2023-08-01,,,,,,,AAPL
2023-08-01,,,,,,,AAPL
2023-08-01,,,,,,,AAPL
2023-08-01,,,,,,,AAPL
2023-08-01,,,,,,,AAPL
2023-08-01,,,,,,,AAPL
2023-08-01,,,,,,,AAPL
2023-08-01,,,,,,,AAPL
2023-08-01,,,,,,,AAPL
2023-08-01,,,,,,,AAPL
2023-08-01,,,,,,,AAPL
2023-08-01,,,,,,,AAPL
2023-08-01,,,,,,,AAPL
2023-08-01,,,,,,,AAPL
2023-08-01,,,,,,,ADBE
2023-08-01,545.780029296875,552.02001953125,541.6699829101562,549.0999755859375,549.0999755859375,2274000.0,ADBE
2023-08-01,,,,,,,ADBE
2023-08-01,,,,,,,ADBE
2023-08-01,,,,,,,ADBE
2023-08-01,,,,,,,ADBE
2023-08-01,,,,,,,ADBE
2023-08-01,,,,,,,ADBE
2023-08-01,,,,,,,ADBE
2023-08-01,,,,,,,ADBE
2023-08-01,,,,,,,ADBE
2023-08-01,,,,,,,ADBE
2023-08-01,,,,,,,ADBE
2023-08-01,,,,,,,ADBE
2023-08-01,,,,,,,ADBE
2023-08-01,,,,,,,ADBE
2023-08-01,,,,,,,ADBE
2023-08-01,,,,,,,ADBE
2023-08-01,,,,,,,ADBE
2023-08-01,,,,,,,ADBE
2023-08-01,,,,,,,AMZN
2023-08-01,,,,,,,AMZN
2023-08-01,133.5500030517578,133.69000244140625,131.6199951171875,131.69000244140625,131.69000244140625,42098500.0,AMZN
2023-08-01,,,,,,,AMZN
2023-08-01,,,,,,,AMZN
2023-08-01,,,,,,,AMZN
2023-08-01,,,,,,,AMZN
2023-08-01,,,,,,,AMZN
2023-08-01,,,,,,,AMZN
2023-08-01,,,,,,,AMZN
2023-08-01,,,,,,,AMZN
2023-08-01,,,,,,,AMZN
2023-08-01,,,,,,,AMZN
2023-08-01,,,,,,,AMZN
2023-08-01,,,,,,,AMZN
2023-08-01,,,,,,,AMZN
2023-08-01,,,,,,,AMZN
2023-08-01,,,,,,,AMZN
2023-08-01,,,,,,,AMZN
2023-08-01,,,,,,,AMZN
2023-08-01,,,,,,,BAC
2023-08-01,,,,,,,BAC
2023-08-01,,,,,,,BAC
2023-08-01,31.84000015258789,31.940000534057617,31.420000076293945,31.6200008392334,29.805683135986328,32712000.0,BAC
2023-08-01,,,,,,,BAC
2023-08-01,,,,,,,BAC
2023-08-01,,,,,,,BAC
2023-08-01,,,,,,,BAC
2023-08-01,,,,,,,BAC
2023-08-01,,,,,,,BAC
2023-08-01,,,,,,,BAC
2023-08-01,,,,,,,BAC
2023-08-01,,,,,,,BAC
2023-08-01,,,,,,,BAC
2023-08-01,,,,,,,BAC
2023-08-01,,,,,,,BAC
2023-08-01,,,,,,,BAC
2023-08-01,,,,,,,BAC
2023-08-01,,,,,,,BAC
2023-08-01,,,,,,,BAC
2023-08-01,,,,,,,CRM
2023-08-01,,,,,,,CRM
2023-08-01,,,,,,,CRM
2023-08-01,,,,,,,CRM
2023-08-01,223.88999938964844,224.80999755859375,221.6300048828125,224.27000427246094,222.3218994140625,4212600.0,CRM
2023-08-01,,,,,,,CRM
2023-08-01,,,,,,,CRM
2023-08-01,,,,,,,CRM
2023-08-01,,,,,,,CRM
2023-08-01,,,,,,,CRM
2023-08-01,,,,,,,CRM
2023-08-01,,,,,,,CRM
2023-08-01,,,,,,,CRM
2023-08-01,,,,,,,CRM
2023-08-01,,,,,,,CRM
2023-08-01,,,,,,,CRM
2023-08-01,,,,,,,CRM
2023-08-01,,,,,,,CRM
2023-08-01,,,,,,,CRM
2023-08-01,,,,,,,CRM
2023-08-01,,,,,,,DIS
2023-08-01,,,,,,,DIS
2023-08-01,,,,,,,DIS
2023-08-01,,,,,,,DIS
2023-08-01,,,,,,,DIS
2023-08-01,89.12000274658203,89.7300033569336,88.45999908447266,89.02999877929688,87.57014465332031,13717500.0,DIS
2023-08-01,,,,,,,DIS
2023-08-01,,,,,,,DIS
2023-08-01,,,,,,,DIS
2023-08-01,,,,,,,DIS
2023-08-01,,,,,,,DIS
2023-08-01,,,,,,,DIS
2023-08-01,,,,,,,DIS
2023-08-01,,,,,,,DIS
2023-08-01,,,,,,,DIS
2023-08-01,,,,,,,DIS
2023-08-01,,,,,,,DIS
2023-08-01,,,,,,,DIS
2023-08-01,,,,,,,DIS
2023-08-01,,,,,,,DIS
2023-08-01,,,,,,,GOOGL
2023-08-01,,,,,,,GOOGL
2023-08-01,,,,,,,GOOGL
2023-08-01,,,,,,,GOOGL
2023-08-01,,,,,,,GOOGL
2023-08-01,,,,,,,GOOGL
2023-08-01,130.77999877929688,132.6300048828125,130.67999267578125,131.5500030517578,130.64889526367188,23166800.0,GOOGL
2023-08-01,,,,,,,GOOGL
2023-08-01,,,,,,,GOOGL
2023-08-01,,,,,,,GOOGL
2023-08-01,,,,,,,GOOGL
2023-08-01,,,,,,,GOOGL
2023-08-01,,,,,,,GOOGL
2023-08-01,,,,,,,GOOGL
2023-08-01,,,,,,,GOOGL
2023-08-01,,,,,,,GOOGL
2023-08-01,,,,,,,GOOGL
2023-08-01,,,,,,,GOOGL
2023-08-01,,,,,,,GOOGL
2023-08-01,,,,,,,GOOGL
2023-08-01,,,,,,,HD
2023-08-01,,,,,,,HD
2023-08-01,,,,,,,HD
2023-08-01,,,,,,,HD
2023-08-01,,,,,,,HD
2023-08-01,,,,,,,HD
2023-08-01,,,,,,,HD
2023-08-01,331.760009765625,334.9700012207031,330.8800048828125,332.07000732421875,314.1626281738281,2547200.0,HD
2023-08-01,,,,,,,HD
2023-08-01,,,,,,,HD
2023-08-01,,,,,,,HD
2023-08-01,,,,,,,HD
2023-08-01,,,,,,,HD
2023-08-01,,,,,,,HD
2023-08-01,,,,,,,HD
2023-08-01,,,,,,,HD
2023-08-01,,,,,,,HD
2023-08-01,,,,,,,HD
2023-08-01,,,,,,,HD
2023-08-01,,,,,,,HD
2023-08-01,,,,,,,JNJ
2023-08-01,,,,,,,JNJ
2023-08-01,,,,,,,JNJ
2023-08-01,,,,,,,JNJ
2023-08-01,,,,,,,JNJ
2023-08-01,,,,,,,JNJ
2023-08-01,,,,,,,JNJ
2023-08-01,,,,,,,JNJ
2023-08-01,166.3699951171875,169.08999633789062,166.05999755859375,168.88999938964844,157.44032287597656,15810300.0,JNJ
2023-08-01,,,,,,,JNJ
2023-08-01,,,,,,,JNJ
2023-08-01,,,,,,,JNJ
2023-08-01,,,,,,,JNJ
2023-08-01,,,,,,,JNJ
2023-08-01,,,,,,,JNJ
2023-08-01,,,,,,,JNJ
2023-08-01,,,,,,,JNJ
2023-08-01,,,,,,,JNJ
2023-08-01,,,,,,,JNJ
2023-08-01,,,,,,,JNJ
2023-08-01,,,,,,,JPM
2023-08-01,,,,,,,JPM
2023-08-01,,,,,,,JPM
2023-08-01,,,,,,,JPM
2023-08-01,,,,,,,JPM
2023-08-01,,,,,,,JPM
2023-08-01,,,,,,,JPM
2023-08-01,,,,,,,JPM
2023-08-01,,,,,,,JPM
2023-08-01,157.42999267578125,158.0,156.14999389648438,157.17999267578125,149.9561767578125,6853900.0,JPM
2023-08-01,,,,,,,JPM
2023-08-01,,,,,,,JPM
2023-08-01,,,,,,,JPM
2023-08-01,,,,,,,JPM
2023-08-01,,,,,,,JPM
2023-08-01,,,,,,,JPM
2023-08-01,,,,,,,JPM
2023-08-01,,,,,,,JPM
2023-08-01,,,,,,,JPM
2023-08-01,,,,,,,JPM
2023-08-01,,,,,,,MA
2023-08-01,,,,,,,MA
2023-08-01,,,,,,,MA
2023-08-01,,,,,,,MA
2023-08-01,,,,,,,MA
2023-08-01,,,,,,,MA
2023-08-01,,,,,,,MA
2023-08-01,,,,,,,MA
2023-08-01,,,,,,,MA
2023-08-01,,,,,,,MA
2023-08-01,393.7799987792969,397.29998779296875,392.3599853515625,397.07000732421875,392.4803466796875,2344200.0,MA
2023-08-01,,,,,,,MA
2023-08-01,,,,,,,MA
2023-08-01,,,,,,,MA
2023-08-01,,,,,,,MA
2023-08-01,,,,,,,MA
2023-08-01,,,,,,,MA
2023-08-01,,,,,,,MA
2023-08-01,,,,,,,MA
2023-08-01,,,,,,,MA
2023-08-01,,,,,,,META
2023-08-01,,,,,,,META
2023-08-01,,,,,,,META
2023-08-01,,,,,,,META
2023-08-01,,,,,,,META
2023-08-01,,,,,,,META
2023-08-01,,,,,,,META
2023-08-01,,,,,,,META
2023-08-01,,,,,,,META
2023-08-01,,,,,,,META
2023-08-01,,,,,,,META
2023-08-01,317.5400085449219,324.1400146484375,314.6600036621094,322.7099914550781,320.94921875,22817900.0,META
2023-08-01,,,,,,,META
2023-08-01,,,,,,,META
2023-08-01,,,,,,,META
2023-08-01,,,,,,,META
2023-08-01,,,,,,,META
2023-08-01,,,,,,,META
2023-08-01,,,,,,,META
2023-08-01,,,,,,,META
2023-08-01,,,,,,,MSFT
2023-08-01,,,,,,,MSFT
2023-08-01,,,,,,,MSFT
2023-08-01,,,,,,,MSFT
2023-08-01,,,,,,,MSFT
2023-08-01,,,,,,,MSFT
2023-08-01,,,,,,,MSFT
2023-08-01,,,,,,,MSFT
2023-08-01,,,,,,,MSFT
2023-08-01,,,,,,,MSFT
2023-08-01,,,,,,,MSFT
2023-08-01,,,,,,,MSFT
2023-08-01,335.19000244140625,338.5400085449219,333.70001220703125,336.3399963378906,330.6466064453125,18311900.0,MSFT
2023-08-01,,,,,,,MSFT
2023-08-01,,,,,,,MSFT
2023-08-01,,,,,,,MSFT
2023-08-01,,,,,,,MSFT
2023-08-01,,,,,,,MSFT
2023-08-01,,,,,,,MSFT
2023-08-01,,,,,,,MSFT
2023-08-01,,,,,,,NFLX
2023-08-01,,,,,,,NFLX
2023-08-01,,,,,,,NFLX
2023-08-01,,,,,,,NFLX
2023-08-01,,,,,,,NFLX
2023-08-01,,,,,,,NFLX
2023-08-01,,,,,,,NFLX
2023-08-01,,,,,,,NFLX
2023-08-01,,,,,,,NFLX
2023-08-01,,,,,,,NFLX
2023-08-01,,,,,,,NFLX
2023-08-01,,,,,,,NFLX
2023-08-01,,,,,,,NFLX
2023-08-01,437.3699951171875,445.25,431.3999938964844,438.6199951171875,438.6199951171875,5711500.0,NFLX
2023-08-01,,,,,,,NFLX
2023-08-01,,,,,,,NFLX
2023-08-01,,,,,,,NFLX
2023-08-01,,,,,,,NFLX
2023-08-01,,,,,,,NFLX
2023-08-01,,,,,,,NFLX
2023-08-01,,,,,,,NVDA
2023-08-01,,,,,,,NVDA
2023-08-01,,,,,,,NVDA
2023-08-01,,,,,,,NVDA
2023-08-01,,,,,,,NVDA
2023-08-01,,,,,,,NVDA
2023-08-01,,,,,,,NVDA
2023-08-01,,,,,,,NVDA
2023-08-01,,,,,,,NVDA
2023-08-01,,,,,,,NVDA
2023-08-01,,,,,,,NVDA
2023-08-01,,,,,,,NVDA
2023-08-01,,,,,,,NVDA
2023-08-01,,,,,,,NVDA
2023-08-01,46.459999084472656,46.900001525878906,46.027000427246094,46.50699996948242,46.47577667236328,237858000.0,NVDA
2023-08-01,,,,,,,NVDA
2023-08-01,,,,,,,NVDA
2023-08-01,,,,,,,NVDA
2023-08-01,,,,,,,NVDA
2023-08-01,,,,,,,NVDA
2023-08-01,,,,,,,PFE
2023-08-01,,,,,,,PFE
2023-08-01,,,,,,,PFE
2023-08-01,,,,,,,PFE
2023-08-01,,,,,,,PFE
2023-08-01,,,,,,,PFE
2023-08-01,,,,,,,PFE
2023-08-01,,,,,,,PFE
2023-08-01,,,,,,,PFE
2023-08-01,,,,,,,PFE
2023-08-01,,,,,,,PFE
2023-08-01,,,,,,,PFE
2023-08-01,,,,,,,PFE
2023-08-01,,,,,,,PFE
2023-08-01,,,,,,,PFE
2023-08-01,35.880001068115234,36.91999816894531,35.369998931884766,35.61000061035156,31.421728134155273,40931600.0,PFE
2023-08-01,,,,,,,PFE
2023-08-01,,,,,,,PFE
2023-08-01,,,,,,,PFE
2023-08-01,,,,,,,PFE
2023-08-01,,,,,,,PG
2023-08-01,,,,,,,PG
2023-08-01,,,,,,,PG
2023-08-01,,,,,,,PG
2023-08-01,,,,,,,PG
2023-08-01,,,,,,,PG
2023-08-01,,,,,,,PG
2023-08-01,,,,,,,PG
2023-08-01,,,,,,,PG
2023-08-01,,,,,,,PG
2023-08-01,,,,,,,PG
2023-08-01,,,,,,,PG
2023-08-01,,,,,,,PG
2023-08-01,,,,,,,PG
2023-08-01,,,,,,,PG
2023-08-01,,,,,,,PG
2023-08-01,155.8800048828125,157.1699981689453,155.8699951171875,156.25,148.63095092773438,5718800.0,PG
2023-08-01,,,,,,,PG
2023-08-01,,,,,,,PG
2023-08-01,,,,,,,PG
2023-08-01,,,,,,,TSLA
2023-08-01,,,,,,,TSLA
2023-08-01,,,,,,,TSLA
2023-08-01,,,,,,,TSLA
2023-08-01,,,,,,,TSLA
2023-08-01,,,,,,,TSLA
2023-08-01,,,,,,,TSLA
2023-08-01,,,,,,,TSLA
2023-08-01,,,,,,,TSLA
2023-08-01,,,,,,,TSLA
2023-08-01,,,,,,,TSLA
2023-08-01,,,,,,,TSLA
2023-08-01,,,,,,,TSLA
2023-08-01,,,,,,,TSLA
2023-08-01,,,,,,,TSLA
2023-08-01,,,,,,,TSLA
2023-08-01,,,,,,,TSLA
2023-08-01,266.260009765625,266.4700012207031,260.25,261.07000732421875,261.07000732421875,83166000.0,TSLA
2023-08-01,,,,,,,TSLA
2023-08-01,,,,,,,TSLA
2023-08-01,,,,,,,UNH
2023-08-01,,,,,,,UNH
2023-08-01,,,,,,,UNH
2023-08-01,,,,,,,UNH
2023-08-01,,,,,,,UNH
2023-08-01,,,,,,,UNH
2023-08-01,,,,,,,UNH
2023-08-01,,,,,,,UNH
2023-08-01,,,,,,,UNH
2023-08-01,,,,,,,UNH
2023-08-01,,,,,,,UNH
2023-08-01,,,,,,,UNH
2023-08-01,,,,,,,UNH
2023-08-01,,,,,,,UNH
2023-08-01,,,,,,,UNH
2023-08-01,,,,,,,UNH
2023-08-01,,,,,,,UNH
2023-08-01,,,,,,,UNH
2023-08-01,507.5,510.0400085449219,502.489990234375,504.739990234375,487.78692626953125,2161200.0,UNH
2023-08-01,,,,,,,UNH
2023-08-01,,,,,,,V
2023-08-01,,,,,,,V
2023-08-01,,,,,,,V
2023-08-01,,,,,,,V
2023-08-01,,,,,,,V
2023-08-01,,,,,,,V
2023-08-01,,,,,,,V
2023-08-01,,,,,,,V
2023-08-01,,,,,,,V
2023-08-01,,,,,,,V
2023-08-01,,,,,,,V
2023-08-01,,,,,,,V
2023-08-01,,,,,,,V
2023-08-01,,,,,,,V
2023-08-01,,,,,,,V
2023-08-01,,,,,,,V
2023-08-01,,,,,,,V
2023-08-01,,,,,,,V
2023-08-01,,,,,,,V
2023-08-01,237.13999938964844,240.72999572753906,237.0,239.77999877929688,235.80453491210938,4627300.0,V
2023-09-01,189.49000549316406,189.9199981689453,188.27999877929688,189.4600067138672,187.62225341796875,45766500.0,AAPL
2023-09-01,,,,,,,AAPL
2023-09-01,,,,,,,AAPL
2023-09-01,,,,,,,AAPL
2023-09-01,,,,,,,AAPL
2023-09-01,,,,,,,AAPL
2023-09-01,,,,,,,AAPL
2023-09-01,,,,,,,AAPL
2023-09-01,,,,,,,AAPL
2023-09-01,,,,,,,AAPL
2023-09-01,,,,,,,AAPL
2023-09-01,,,,,,,AAPL
2023-09-01,,,,,,,AAPL
2023-09-01,,,,,,,AAPL
2023-09-01,,,,,,,AAPL
2023-09-01,,,,,,,AAPL
2023-09-01,,,,,,,AAPL
2023-09-01,,,,,,,AAPL
2023-09-01,,,,,,,AAPL
2023-09-01,,,,,,,AAPL
2023-09-01,,,,,,,ADBE
2023-09-01,564.7999877929688,569.97998046875,558.52001953125,563.2100219726562,563.2100219726562,2234100.0,ADBE
2023-09-01,,,,,,,ADBE
2023-09-01,,,,,,,ADBE
2023-09-01,,,,,,,ADBE
2023-09-01,,,,,,,ADBE
2023-09-01,,,,,,,ADBE
2023-09-01,,,,,,,ADBE
2023-09-01,,,,,,,ADBE
2023-09-01,,,,,,,ADBE
2023-09-01,,,,,,,ADBE
2023-09-01,,,,,,,ADBE
2023-09-01,,,,,,,ADBE
2023-09-01,,,,,,,ADBE
2023-09-01,,,,,,,ADBE
2023-09-01,,,,,,,ADBE
2023-09-01,,,,,,,ADBE
2023-09-01,,,,,,,ADBE
2023-09-01,,,,,,,ADBE
2023-09-01,,,,,,,ADBE
2023-09-01,,,,,,,AMZN
2023-09-01,,,,,,,AMZN
2023-09-01,139.4600067138672,139.9600067138672,136.8800048828125,138.1199951171875,138.1199951171875,40991500.0,AMZN
2023-09-01,,,,,,,AMZN
2023-09-01,,,,,,,AMZN
2023-09-01,,,,,,,AMZN
2023-09-01,,,,,,,AMZN
2023-09-01,,,,,,,AMZN
2023-09-01,,,,,,,AMZN
2023-09-01,,,,,,,AMZN
2023-09-01,,,,,,,AMZN
2023-09-01,,,,,,,AMZN
2023-09-01,,,,,,,AMZN
2023-09-01,,,,,,,AMZN
2023-09-01,,,,,,,AMZN
2023-09-01,,,,,,,AMZN
2023-09-01,,,,,,,AMZN
2023-09-01,,,,,,,AMZN
2023-09-01,,,,,,,AMZN
2023-09-01,,,,,,,AMZN
2023-09-01,,,,,,,BAC
2023-09-01,,,,,,,BAC
2023-09-01,,,,,,,BAC
2023-09-01,28.760000228881836,29.1299991607666,28.760000228881836,28.979999542236328,27.544801712036133,35228600.0,BAC
2023-09-01,,,,,,,BAC
2023-09-01,,,,,,,BAC
2023-09-01,,,,,,,BAC
2023-09-01,,,,,,,BAC
2023-09-01,,,,,,,BAC
2023-09-01,,,,,,,BAC
2023-09-01,,,,,,,BAC
2023-09-01,,,,,,,BAC
2023-09-01,,,,,,,BAC
2023-09-01,,,,,,,BAC
2023-09-01,,,,,,,BAC
2023-09-01,,,,,,,BAC
2023-09-01,,,,,,,BAC
2023-09-01,,,,,,,BAC
2023-09-01,,,,,,,BAC
2023-09-01,,,,,,,BAC
2023-09-01,,,,,,,CRM
2023-09-01,,,,,,,CRM
2023-09-01,,,,,,,CRM
2023-09-01,,,,,,,CRM
2023-09-01,223.5,223.97000122070312,220.52000427246094,221.52999877929688,219.60569763183594,5600900.0,CRM
2023-09-01,,,,,,,CRM
2023-09-01,,,,,,,CRM
2023-09-01,,,,,,,CRM
2023-09-01,,,,,,,CRM
2023-09-01,,,,,,,CRM
2023-09-01,,,,,,,CRM
2023-09-01,,,,,,,CRM
2023-09-01,,,,,,,CRM
2023-09-01,,,,,,,CRM
2023-09-01,,,,,,,CRM
2023-09-01,,,,,,,CRM
2023-09-01,,,,,,,CRM
2023-09-01,,,,,,,CRM
2023-09-01,,,,,,,CRM
2023-09-01,,,,,,,CRM
2023-09-01,,,,,,,DIS
2023-09-01,,,,,,,DIS
2023-09-01,,,,,,,DIS
2023-09-01,,,,,,,DIS
2023-09-01,,,,,,,DIS
2023-09-01,82.11000061035156,82.2300033569336,80.52999877929688,81.63999938964844,80.30132293701172,27701900.0,DIS
2023-09-01,,,,,,,DIS
2023-09-01,,,,,,,DIS
2023-09-01,,,,,,,DIS
2023-09-01,,,,,,,DIS
2023-09-01,,,,,,,DIS
2023-09-01,,,,,,,DIS
2023-09-01,,,,,,,DIS
2023-09-01,,,,,,,DIS
2023-09-01,,,,,,,DIS
2023-09-01,,,,,,,DIS
2023-09-01,,,,,,,DIS
2023-09-01,,,,,,,DIS
2023-09-01,,,,,,,DIS
2023-09-01,,,,,,,DIS
2023-09-01,,,,,,,GOOGL
2023-09-01,,,,,,,GOOGL
2023-09-01,,,,,,,GOOGL
2023-09-01,,,,,,,GOOGL
2023-09-01,,,,,,,GOOGL
2023-09-01,,,,,,,GOOGL
2023-09-01,137.4600067138672,137.4600067138672,134.85000610351562,135.66000366210938,134.7307586669922,21543700.0,GOOGL
2023-09-01,,,,,,,GOOGL
2023-09-01,,,,,,,GOOGL
2023-09-01,,,,,,,GOOGL
2023-09-01,,,,,,,GOOGL
2023-09-01,,,,,,,GOOGL
2023-09-01,,,,,,,GOOGL
2023-09-01,,,,,,,GOOGL
2023-09-01,,,,,,,GOOGL
2023-09-01,,,,,,,GOOGL
2023-09-01,,,,,,,GOOGL
2023-09-01,,,,,,,GOOGL
2023-09-01,,,,,,,GOOGL
2023-09-01,,,,,,,GOOGL
2023-09-01,,,,,,,HD
2023-09-01,,,,,,,HD
2023-09-01,,,,,,,HD
2023-09-01,,,,,,,HD
2023-09-01,,,,,,,HD
2023-09-01,,,,,,,HD
2023-09-01,,,,,,,HD
2023-09-01,332.0,333.45001220703125,331.1400146484375,333.0799865722656,317.1304626464844,2317400.0,HD
2023-09-01,,,,,,,HD
2023-09-01,,,,,,,HD
2023-09-01,,,,,,,HD
2023-09-01,,,,,,,HD
2023-09-01,,,,,,,HD
2023-09-01,,,,,,,HD
2023-09-01,,,,,,,HD
2023-09-01,,,,,,,HD
2023-09-01,,,,,,,HD
2023-09-01,,,,,,,HD
2023-09-01,,,,,,,HD
2023-09-01,,,,,,,HD
2023-09-01,,,,,,,JNJ
2023-09-01,,,,,,,JNJ
2023-09-01,,,,,,,JNJ
2023-09-01,,,,,,,JNJ
2023-09-01,,,,,,,JNJ
2023-09-01,,,,,,,JNJ
2023-09-01,,,,,,,JNJ
2023-09-01,,,,,,,JNJ
2023-09-01,161.4199981689453,162.47999572753906,160.00999450683594,160.47999572753906,150.6866455078125,8610100.0,JNJ
2023-09-01,,,,,,,JNJ
2023-09-01,,,,,,,JNJ
2023-09-01,,,,,,,JNJ
2023-09-01,,,,,,,JNJ
2023-09-01,,,,,,,JNJ
2023-09-01,,,,,,,JNJ
2023-09-01,,,,,,,JNJ
2023-09-01,,,,,,,JNJ
2023-09-01,,,,,,,JNJ
2023-09-01,,,,,,,JNJ
2023-09-01,,,,,,,JNJ
2023-09-01,,,,,,,JPM
2023-09-01,,,,,,,JPM
2023-09-01,,,,,,,JPM
2023-09-01,,,,,,,JPM
2023-09-01,,,,,,,JPM
2023-09-01,,,,,,,JPM
2023-09-01,,,,,,,JPM
2023-09-01,,,,,,,JPM
2023-09-01,,,,,,,JPM
2023-09-01,146.08999633789062,148.0800018310547,145.6999969482422,146.82000732421875,140.0723419189453,7903500.0,JPM
2023-09-01,,,,,,,JPM
2023-09-01,,,,,,,JPM
2023-09-01,,,,,,,JPM
2023-09-01,,,,,,,JPM
2023-09-01,,,,,,,JPM
2023-09-01,,,,,,,JPM
2023-09-01,,,,,,,JPM
2023-09-01,,,,,,,JPM
2023-09-01,,,,,,,JPM
2023-09-01,,,,,,,JPM
2023-09-01,,,,,,,MA
2023-09-01,,,,,,,MA
2023-09-01,,,,,,,MA
2023-09-01,,,,,,,MA
2023-09-01,,,,,,,MA
2023-09-01,,,,,,,MA
2023-09-01,,,,,,,MA
2023-09-01,,,,,,,MA
2023-09-01,,,,,,,MA
2023-09-01,,,,,,,MA
2023-09-01,413.8399963378906,416.510009765625,412.489990234375,415.57000732421875,410.7665100097656,1841700.0,MA
2023-09-01,,,,,,,MA
2023-09-01,,,,,,,MA
2023-09-01,,,,,,,MA
2023-09-01,,,,,,,MA
2023-09-01,,,,,,,MA
2023-09-01,,,,,,,MA
2023-09-01,,,,,,,MA
2023-09-01,,,,,,,MA
2023-09-01,,,,,,,MA
2023-09-01,,,,,,,META
2023-09-01,,,,,,,META
2023-09-01,,,,,,,META
2023-09-01,,,,,,,META
2023-09-01,,,,,,,META
2023-09-01,,,,,,,META
2023-09-01,,,,,,,META
2023-09-01,,,,,,,META
2023-09-01,,,,,,,META
2023-09-01,,,,,,,META
2023-09-01,,,,,,,META
2023-09-01,299.3699951171875,301.739990234375,294.4700012207031,296.3800048828125,294.7629089355469,12842300.0,META
2023-09-01,,,,,,,META
2023-09-01,,,,,,,META
2023-09-01,,,,,,,META
2023-09-01,,,,,,,META
2023-09-01,,,,,,,META
2023-09-01,,,,,,,META
2023-09-01,,,,,,,META
2023-09-01,,,,,,,META
2023-09-01,,,,,,,MSFT
2023-09-01,,,,,,,MSFT
2023-09-01,,,,,,,MSFT
2023-09-01,,,,,,,MSFT
2023-09-01,,,,,,,MSFT
2023-09-01,,,,,,,MSFT
2023-09-01,,,,,,,MSFT
2023-09-01,,,,,,,MSFT
2023-09-01,,,,,,,MSFT
2023-09-01,,,,,,,MSFT
2023-09-01,,,,,,,MSFT
2023-09-01,,,,,,,MSFT
2023-09-01,331.30999755859375,331.989990234375,326.7799987792969,328.6600036621094,323.7806396484375,14942000.0,MSFT
2023-09-01,,,,,,,MSFT
2023-09-01,,,,,,,MSFT
2023-09-01,,,,,,,MSFT
2023-09-01,,,,,,,MSFT
2023-09-01,,,,,,,MSFT
2023-09-01,,,,,,,MSFT
2023-09-01,,,,,,,MSFT
2023-09-01,,,,,,,NFLX
2023-09-01,,,,,,,NFLX
2023-09-01,,,,,,,NFLX
2023-09-01,,,,,,,NFLX
2023-09-01,,,,,,,NFLX
2023-09-01,,,,,,,NFLX
2023-09-01,,,,,,,NFLX
2023-09-01,,,,,,,NFLX
2023-09-01,,,,,,,NFLX
2023-09-01,,,,,,,NFLX
2023-09-01,,,,,,,NFLX
2023-09-01,,,,,,,NFLX
2023-09-01,,,,,,,NFLX
2023-09-01,437.7300109863281,445.5,435.92999267578125,439.8800048828125,439.8800048828125,4793400.0,NFLX
2023-09-01,,,,,,,NFLX
2023-09-01,,,,,,,NFLX
2023-09-01,,,,,,,NFLX
2023-09-01,,,,,,,NFLX
2023-09-01,,,,,,,NFLX
2023-09-01,,,,,,,NFLX
2023-09-01,,,,,,,NVDA
2023-09-01,,,,,,,NVDA
2023-09-01,,,,,,,NVDA
2023-09-01,,,,,,,NVDA
2023-09-01,,,,,,,NVDA
2023-09-01,,,,,,,NVDA
2023-09-01,,,,,,,NVDA
2023-09-01,,,,,,,NVDA
2023-09-01,,,,,,,NVDA
2023-09-01,,,,,,,NVDA
2023-09-01,,,,,,,NVDA
2023-09-01,,,,,,,NVDA
2023-09-01,,,,,,,NVDA
2023-09-01,,,,,,,NVDA
2023-09-01,49.762001037597656,49.79999923706055,48.141998291015625,48.50899887084961,48.47643280029297,463830000.0,NVDA
2023-09-01,,,,,,,NVDA
2023-09-01,,,,,,,NVDA
2023-09-01,,,,,,,NVDA
2023-09-01,,,,,,,NVDA
2023-09-01,,,,,,,NVDA
2023-09-01,,,,,,,PFE
2023-09-01,,,,,,,PFE
2023-09-01,,,,,,,PFE
2023-09-01,,,,,,,PFE
2023-09-01,,,,,,,PFE
2023-09-01,,,,,,,PFE
2023-09-01,,,,,,,PFE
2023-09-01,,,,,,,PFE
2023-09-01,,,,,,,PFE
2023-09-01,,,,,,,PFE
2023-09-01,,,,,,,PFE
2023-09-01,,,,,,,PFE
2023-09-01,,,,,,,PFE
2023-09-01,,,,,,,PFE
2023-09-01,,,,,,,PFE
2023-09-01,35.63999938964844,36.060001373291016,35.599998474121094,35.779998779296875,31.571739196777344,17522500.0,PFE
2023-09-01,,,,,,,PFE
2023-09-01,,,,,,,PFE
2023-09-01,,,,,,,PFE
2023-09-01,,,,,,,PFE
2023-09-01,,,,,,,PG
2023-09-01,,,,,,,PG
2023-09-01,,,,,,,PG
2023-09-01,,,,,,,PG
2023-09-01,,,,,,,PG
2023-09-01,,,,,,,PG
2023-09-01,,,,,,,PG
2023-09-01,,,,,,,PG
2023-09-01,,,,,,,PG
2023-09-01,,,,,,,PG
2023-09-01,,,,,,,PG
2023-09-01,,,,,,,PG
2023-09-01,,,,,,,PG
2023-09-01,,,,,,,PG
2023-09-01,,,,,,,PG
2023-09-01,,,,,,,PG
2023-09-01,154.89999389648438,155.27999877929688,153.55999755859375,154.50999450683594,146.97579956054688,4126300.0,PG
2023-09-01,,,,,,,PG
2023-09-01,,,,,,,PG
2023-09-01,,,,,,,PG
2023-09-01,,,,,,,TSLA
2023-09-01,,,,,,,TSLA
2023-09-01,,,,,,,TSLA
2023-09-01,,,,,,,TSLA
2023-09-01,,,,,,,TSLA
2023-09-01,,,,,,,TSLA
2023-09-01,,,,,,,TSLA
2023-09-01,,,,,,,TSLA
2023-09-01,,,,,,,TSLA
2023-09-01,,,,,,,TSLA
2023-09-01,,,,,,,TSLA
2023-09-01,,,,,,,TSLA
2023-09-01,,,,,,,TSLA
2023-09-01,,,,,,,TSLA
2023-09-01,,,,,,,TSLA
2023-09-01,,,,,,,TSLA
2023-09-01,,,,,,,TSLA
2023-09-01,257.260009765625,259.0799865722656,242.00999450683594,245.00999450683594,245.00999450683594,132541600.0,TSLA
2023-09-01,,,,,,,TSLA
2023-09-01,,,,,,,TSLA
2023-09-01,,,,,,,UNH
2023-09-01,,,,,,,UNH
2023-09-01,,,,,,,UNH
2023-09-01,,,,,,,UNH
2023-09-01,,,,,,,UNH
2023-09-01,,,,,,,UNH
2023-09-01,,,,,,,UNH
2023-09-01,,,,,,,UNH
2023-09-01,,,,,,,UNH
2023-09-01,,,,,,,UNH
2023-09-01,,,,,,,UNH
2023-09-01,,,,,,,UNH
2023-09-01,,,,,,,UNH
2023-09-01,,,,,,,UNH
2023-09-01,,,,,,,UNH
2023-09-01,,,,,,,UNH
2023-09-01,,,,,,,UNH
2023-09-01,,,,,,,UNH
2023-09-01,479.0,480.6499938964844,473.3599853515625,476.239990234375,460.2441711425781,3165900.0,UNH
2023-09-01,,,,,,,UNH
2023-09-01,,,,,,,V
2023-09-01,,,,,,,V
2023-09-01,,,,,,,V
2023-09-01,,,,,,,V
2023-09-01,,,,,,,V
2023-09-01,,,,,,,V
2023-09-01,,,,,,,V
2023-09-01,,,,,,,V
2023-09-01,,,,,,,V
2023-09-01,,,,,,,V
2023-09-01,,,,,,,V
2023-09-01,,,,,,,V
2023-09-01,,,,,,,V
2023-09-01,,,,,,,V
2023-09-01,,,,,,,V
2023-09-01,,,,,,,V
2023-09-01,,,,,,,V
2023-09-01,,,,,,,V
2023-09-01,,,,,,,V
2023-09-01,247.47000122070312,248.8699951171875,246.77000427246094,248.11000061035156,244.4552459716797,4112900.0,V
2023-10-01,171.22000122070312,174.3000030517578,170.92999267578125,173.75,172.0646209716797,52164500.0,AAPL
2023-10-01,,,,,,,AAPL
2023-10-01,,,,,,,AAPL
2023-10-01,,,,,,,AAPL
2023-10-01,,,,,,,AAPL
2023-10-01,,,,,,,AAPL
2023-10-01,,,,,,,AAPL
2023-10-01,,,,,,,AAPL
2023-10-01,,,,,,,AAPL
2023-10-01,,,,,,,AAPL
2023-10-01,,,,,,,AAPL
2023-10-01,,,,,,,AAPL
2023-10-01,,,,,,,AAPL
2023-10-01,,,,,,,AAPL
2023-10-01,,,,,,,AAPL
2023-10-01,,,,,,,AAPL
2023-10-01,,,,,,,AAPL
2023-10-01,,,,,,,AAPL
2023-10-01,,,,,,,AAPL
2023-10-01,,,,,,,AAPL
2023-10-01,,,,,,,ADBE
2023-10-01,508.239990234375,522.4099731445312,508.239990234375,521.1300048828125,521.1300048828125,2411500.0,ADBE
2023-10-01,,,,,,,ADBE
2023-10-01,,,,,,,ADBE
2023-10-01,,,,,,,ADBE
2023-10-01,,,,,,,ADBE
2023-10-01,,,,,,,ADBE
2023-10-01,,,,,,,ADBE
2023-10-01,,,,,,,ADBE
2023-10-01,,,,,,,ADBE
2023-10-01,,,,,,,ADBE
2023-10-01,,,,,,,ADBE
2023-10-01,,,,,,,ADBE
2023-10-01,,,,,,,ADBE
2023-10-01,,,,,,,ADBE
2023-10-01,,,,,,,ADBE
2023-10-01,,,,,,,ADBE
2023-10-01,,,,,,,ADBE
2023-10-01,,,,,,,ADBE
2023-10-01,,,,,,,ADBE
2023-10-01,,,,,,,AMZN
2023-10-01,,,,,,,AMZN
2023-10-01,127.27999877929688,130.47000122070312,126.54000091552734,129.4600067138672,129.4600067138672,48029700.0,AMZN
2023-10-01,,,,,,,AMZN
2023-10-01,,,,,,,AMZN
2023-10-01,,,,,,,AMZN
2023-10-01,,,,,,,AMZN
2023-10-01,,,,,,,AMZN
2023-10-01,,,,,,,AMZN
2023-10-01,,,,,,,AMZN
2023-10-01,,,,,,,AMZN
2023-10-01,,,,,,,AMZN
2023-10-01,,,,,,,AMZN
2023-10-01,,,,,,,AMZN
2023-10-01,,,,,,,AMZN
2023-10-01,,,,,,,AMZN
2023-10-01,,,,,,,AMZN
2023-10-01,,,,,,,AMZN
2023-10-01,,,,,,,AMZN
2023-10-01,,,,,,,AMZN
2023-10-01,,,,,,,BAC
2023-10-01,,,,,,,BAC
2023-10-01,,,,,,,BAC
2023-10-01,27.270000457763672,27.360000610351562,26.579999923706055,26.700000762939453,25.377717971801758,50388600.0,BAC
2023-10-01,,,,,,,BAC
2023-10-01,,,,,,,BAC
2023-10-01,,,,,,,BAC
2023-10-01,,,,,,,BAC
2023-10-01,,,,,,,BAC
2023-10-01,,,,,,,BAC
2023-10-01,,,,,,,BAC
2023-10-01,,,,,,,BAC
2023-10-01,,,,,,,BAC
2023-10-01,,,,,,,BAC
2023-10-01,,,,,,,BAC
2023-10-01,,,,,,,BAC
2023-10-01,,,,,,,BAC
2023-10-01,,,,,,,BAC
2023-10-01,,,,,,,BAC
2023-10-01,,,,,,,BAC
2023-10-01,,,,,,,CRM
2023-10-01,,,,,,,CRM
2023-10-01,,,,,,,CRM
2023-10-01,,,,,,,CRM
2023-10-01,200.8000030517578,205.11000061035156,200.52000427246094,203.7100067138672,201.94049072265625,3745700.0,CRM
2023-10-01,,,,,,,CRM
2023-10-01,,,,,,,CRM
2023-10-01,,,,,,,CRM
2023-10-01,,,,,,,CRM
2023-10-01,,,,,,,CRM
2023-10-01,,,,,,,CRM
2023-10-01,,,,,,,CRM
2023-10-01,,,,,,,CRM
2023-10-01,,,,,,,CRM
2023-10-01,,,,,,,CRM
2023-10-01,,,,,,,CRM
2023-10-01,,,,,,,CRM
2023-10-01,,,,,,,CRM
2023-10-01,,,,,,,CRM
2023-10-01,,,,,,,CRM
2023-10-01,,,,,,,DIS
2023-10-01,,,,,,,DIS
2023-10-01,,,,,,,DIS
2023-10-01,,,,,,,DIS
2023-10-01,,,,,,,DIS
2023-10-01,80.91999816894531,81.7699966430664,80.79000091552734,81.66999816894531,80.3308334350586,9128100.0,DIS
2023-10-01,,,,,,,DIS
2023-10-01,,,,,,,DIS
2023-10-01,,,,,,,DIS
2023-10-01,,,,,,,DIS
2023-10-01,,,,,,,DIS
2023-10-01,,,,,,,DIS
2023-10-01,,,,,,,DIS
2023-10-01,,,,,,,DIS
2023-10-01,,,,,,,DIS
2023-10-01,,,,,,,DIS
2023-10-01,,,,,,,DIS
2023-10-01,,,,,,,DIS
2023-10-01,,,,,,,DIS
2023-10-01,,,,,,,DIS
2023-10-01,,,,,,,GOOGL
2023-10-01,,,,,,,GOOGL
2023-10-01,,,,,,,GOOGL
2023-10-01,,,,,,,GOOGL
2023-10-01,,,,,,,GOOGL
2023-10-01,,,,,,,GOOGL
2023-10-01,131.2100067138672,134.4199981689453,131.1699981689453,134.1699981689453,133.25096130371094,22288000.0,GOOGL
2023-10-01,,,,,,,GOOGL
2023-10-01,,,,,,,GOOGL
2023-10-01,,,,,,,GOOGL
2023-10-01,,,,,,,GOOGL
2023-10-01,,,,,,,GOOGL
2023-10-01,,,,,,,GOOGL
2023-10-01,,,,,,,GOOGL
2023-10-01,,,,,,,GOOGL
2023-10-01,,,,,,,GOOGL
2023-10-01,,,,,,,GOOGL
2023-10-01,,,,,,,GOOGL
2023-10-01,,,,,,,GOOGL
2023-10-01,,,,,,,GOOGL
2023-10-01,,,,,,,HD
2023-10-01,,,,,,,HD
2023-10-01,,,,,,,HD
2023-10-01,,,,,,,HD
2023-10-01,,,,,,,HD
2023-10-01,,,,,,,HD
2023-10-01,,,,,,,HD
2023-10-01,300.5199890136719,303.45001220703125,298.4599914550781,299.8299865722656,285.4726257324219,2806800.0,HD
2023-10-01,,,,,,,HD
2023-10-01,,,,,,,HD
2023-10-01,,,,,,,HD
2023-10-01,,,,,,,HD
2023-10-01,,,,,,,HD
2023-10-01,,,,,,,HD
2023-10-01,,,,,,,HD
2023-10-01,,,,,,,HD
2023-10-01,,,,,,,HD
2023-10-01,,,,,,,HD
2023-10-01,,,,,,,HD
2023-10-01,,,,,,,HD
2023-10-01,,,,,,,JNJ
2023-10-01,,,,,,,JNJ
2023-10-01,,,,,,,JNJ
2023-10-01,,,,,,,JNJ
2023-10-01,,,,,,,JNJ
2023-10-01,,,,,,,JNJ
2023-10-01,,,,,,,JNJ
2023-10-01,,,,,,,JNJ
2023-10-01,155.4199981689453,155.4199981689453,153.32000732421875,155.14999389648438,145.68191528320312,7259700.0,JNJ
2023-10-01,,,,,,,JNJ
2023-10-01,,,,,,,JNJ
2023-10-01,,,,,,,JNJ
2023-10-01,,,,,,,JNJ
2023-10-01,,,,,,,JNJ
2023-10-01,,,,,,,JNJ
2023-10-01,,,,,,,JNJ
2023-10-01,,,,,,,JNJ
2023-10-01,,,,,,,JNJ
2023-10-01,,,,,,,JNJ
2023-10-01,,,,,,,JNJ
2023-10-01,,,,,,,JPM
2023-10-01,,,,,,,JPM
2023-10-01,,,,,,,JPM
2023-10-01,,,,,,,JPM
2023-10-01,,,,,,,JPM
2023-10-01,,,,,,,JPM
2023-10-01,,,,,,,JPM
2023-10-01,,,,,,,JPM
2023-10-01,,,,,,,JPM
2023-10-01,144.8300018310547,145.6199951171875,142.6300048828125,143.77000427246094,137.16250610351562,9170600.0,JPM
2023-10-01,,,,,,,JPM
2023-10-01,,,,,,,JPM
2023-10-01,,,,,,,JPM
2023-10-01,,,,,,,JPM
2023-10-01,,,,,,,JPM
2023-10-01,,,,,,,JPM
2023-10-01,,,,,,,JPM
2023-10-01,,,,,,,JPM
2023-10-01,,,,,,,JPM
2023-10-01,,,,,,,JPM
2023-10-01,,,,,,,MA
2023-10-01,,,,,,,MA
2023-10-01,,,,,,,MA
2023-10-01,,,,,,,MA
2023-10-01,,,,,,,MA
2023-10-01,,,,,,,MA
2023-10-01,,,,,,,MA
2023-10-01,,,,,,,MA
2023-10-01,,,,,,,MA
2023-10-01,,,,,,,MA
2023-10-01,393.6000061035156,396.3599853515625,392.45001220703125,395.8500061035156,391.2744140625,2856800.0,MA
2023-10-01,,,,,,,MA
2023-10-01,,,,,,,MA
2023-10-01,,,,,,,MA
2023-10-01,,,,,,,MA
2023-10-01,,,,,,,MA
2023-10-01,,,,,,,MA
2023-10-01,,,,,,,MA
2023-10-01,,,,,,,MA
2023-10-01,,,,,,,MA
2023-10-01,,,,,,,META
2023-10-01,,,,,,,META
2023-10-01,,,,,,,META
2023-10-01,,,,,,,META
2023-10-01,,,,,,,META
2023-10-01,,,,,,,META
2023-10-01,,,,,,,META
2023-10-01,,,,,,,META
2023-10-01,,,,,,,META
2023-10-01,,,,,,,META
2023-10-01,,,,,,,META
2023-10-01,302.739990234375,307.17999267578125,301.6300048828125,306.82000732421875,305.1459655761719,16265600.0,META
2023-10-01,,,,,,,META
2023-10-01,,,,,,,META
2023-10-01,,,,,,,META
2023-10-01,,,,,,,META
2023-10-01,,,,,,,META
2023-10-01,,,,,,,META
2023-10-01,,,,,,,META
2023-10-01,,,,,,,META
2023-10-01,,,,,,,MSFT
2023-10-01,,,,,,,MSFT
2023-10-01,,,,,,,MSFT
2023-10-01,,,,,,,MSFT
2023-10-01,,,,,,,MSFT
2023-10-01,,,,,,,MSFT
2023-10-01,,,,,,,MSFT
2023-10-01,,,,,,,MSFT
2023-10-01,,,,,,,MSFT
2023-10-01,,,,,,,MSFT
2023-10-01,,,,,,,MSFT
2023-10-01,,,,,,,MSFT
2023-10-01,316.2799987792969,321.8900146484375,315.17999267578125,321.79998779296875,317.0224914550781,20570000.0,MSFT
2023-10-01,,,,,,,MSFT
2023-10-01,,,,,,,MSFT
2023-10-01,,,,,,,MSFT
2023-10-01,,,,,,,MSFT
2023-10-01,,,,,,,MSFT
2023-10-01,,,,,,,MSFT
2023-10-01,,,,,,,MSFT
2023-10-01,,,,,,,NFLX
2023-10-01,,,,,,,NFLX
2023-10-01,,,,,,,NFLX
2023-10-01,,,,,,,NFLX
2023-10-01,,,,,,,NFLX
2023-10-01,,,,,,,NFLX
2023-10-01,,,,,,,NFLX
2023-10-01,,,,,,,NFLX
2023-10-01,,,,,,,NFLX
2023-10-01,,,,,,,NFLX
2023-10-01,,,,,,,NFLX
2023-10-01,,,,,,,NFLX
2023-10-01,,,,,,,NFLX
2023-10-01,377.4800109863281,384.80999755859375,376.79998779296875,380.3299865722656,380.3299865722656,3102100.0,NFLX
2023-10-01,,,,,,,NFLX
2023-10-01,,,,,,,NFLX
2023-10-01,,,,,,,NFLX
2023-10-01,,,,,,,NFLX
2023-10-01,,,,,,,NFLX
2023-10-01,,,,,,,NFLX
2023-10-01,,,,,,,NVDA
2023-10-01,,,,,,,NVDA
2023-10-01,,,,,,,NVDA
2023-10-01,,,,,,,NVDA
2023-10-01,,,,,,,NVDA
2023-10-01,,,,,,,NVDA
2023-10-01,,,,,,,NVDA
2023-10-01,,,,,,,NVDA
2023-10-01,,,,,,,NVDA
2023-10-01,,,,,,,NVDA
2023-10-01,,,,,,,NVDA
2023-10-01,,,,,,,NVDA
2023-10-01,,,,,,,NVDA
2023-10-01,,,,,,,NVDA
2023-10-01,44.029998779296875,45.17499923706055,43.861000061035156,44.78200149536133,44.755615234375,433298000.0,NVDA
2023-10-01,,,,,,,NVDA
2023-10-01,,,,,,,NVDA
2023-10-01,,,,,,,NVDA
2023-10-01,,,,,,,NVDA
2023-10-01,,,,,,,NVDA
2023-10-01,,,,,,,PFE
2023-10-01,,,,,,,PFE
2023-10-01,,,,,,,PFE
2023-10-01,,,,,,,PFE
2023-10-01,,,,,,,PFE
2023-10-01,,,,,,,PFE
2023-10-01,,,,,,,PFE
2023-10-01,,,,,,,PFE
2023-10-01,,,,,,,PFE
2023-10-01,,,,,,,PFE
2023-10-01,,,,,,,PFE
2023-10-01,,,,,,,PFE
2023-10-01,,,,,,,PFE
2023-10-01,,,,,,,PFE
2023-10-01,,,,,,,PFE
2023-10-01,32.95000076293945,33.959999084472656,32.7599983215332,33.939998626708984,29.948148727416992,44620600.0,PFE
2023-10-01,,,,,,,PFE
2023-10-01,,,,,,,PFE
2023-10-01,,,,,,,PFE
2023-10-01,,,,,,,PFE
2023-10-01,,,,,,,PG
2023-10-01,,,,,,,PG
2023-10-01,,,,,,,PG
2023-10-01,,,,,,,PG
2023-10-01,,,,,,,PG
2023-10-01,,,,,,,PG
2023-10-01,,,,,,,PG
2023-10-01,,,,,,,PG
2023-10-01,,,,,,,PG
2023-10-01,,,,,,,PG
2023-10-01,,,,,,,PG
2023-10-01,,,,,,,PG
2023-10-01,,,,,,,PG
2023-10-01,,,,,,,PG
2023-10-01,,,,,,,PG
2023-10-01,,,,,,,PG
2023-10-01,144.77999877929688,145.60000610351562,143.89999389648438,145.19000244140625,138.11024475097656,5153800.0,PG
2023-10-01,,,,,,,PG
2023-10-01,,,,,,,PG
2023-10-01,,,,,,,PG
2023-10-01,,,,,,,TSLA
2023-10-01,,,,,,,TSLA
2023-10-01,,,,,,,TSLA
2023-10-01,,,,,,,TSLA
2023-10-01,,,,,,,TSLA
2023-10-01,,,,,,,TSLA
2023-10-01,,,,,,,TSLA
2023-10-01,,,,,,,TSLA
2023-10-01,,,,,,,TSLA
2023-10-01,,,,,,,TSLA
2023-10-01,,,,,,,TSLA
2023-10-01,,,,,,,TSLA
2023-10-01,,,,,,,TSLA
2023-10-01,,,,,,,TSLA
2023-10-01,,,,,,,TSLA
2023-10-01,,,,,,,TSLA
2023-10-01,,,,,,,TSLA
2023-10-01,244.80999755859375,254.27999877929688,242.6199951171875,251.60000610351562,251.60000610351562,123810400.0,TSLA
2023-10-01,,,,,,,TSLA
2023-10-01,,,,,,,TSLA
2023-10-01,,,,,,,UNH
2023-10-01,,,,,,,UNH
2023-10-01,,,,,,,UNH
2023-10-01,,,,,,,UNH
2023-10-01,,,,,,,UNH
2023-10-01,,,,,,,UNH
2023-10-01,,,,,,,UNH
2023-10-01,,,,,,,UNH
2023-10-01,,,,,,,UNH
2023-10-01,,,,,,,UNH
2023-10-01,,,,,,,UNH
2023-10-01,,,,,,,UNH
2023-10-01,,,,,,,UNH
2023-10-01,,,,,,,UNH
2023-10-01,,,,,,,UNH
2023-10-01,,,,,,,UNH
2023-10-01,,,,,,,UNH
2023-10-01,,,,,,,UNH
2023-10-01,505.5299987792969,514.8400268554688,503.1400146484375,514.5700073242188,499.2226257324219,3550400.0,UNH
2023-10-01,,,,,,,UNH
2023-10-01,,,,,,,V
2023-10-01,,,,,,,V
2023-10-01,,,,,,,V
2023-10-01,,,,,,,V
2023-10-01,,,,,,,V
2023-10-01,,,,,,,V
2023-10-01,,,,,,,V
2023-10-01,,,,,,,V
2023-10-01,,,,,,,V
2023-10-01,,,,,,,V
2023-10-01,,,,,,,V
2023-10-01,,,,,,,V
2023-10-01,,,,,,,V
2023-10-01,,,,,,,V
2023-10-01,,,,,,,V
2023-10-01,,,,,,,V
2023-10-01,,,,,,,V
2023-10-01,,,,,,,V
2023-10-01,,,,,,,V
2023-10-01,229.24000549316406,231.3699951171875,228.77000427246094,231.27000427246094,227.86328125,5175200.0,V
2023-11-01,171.0,174.22999572753906,170.1199951171875,173.97000122070312,172.282470703125,56934900.0,AAPL
2023-11-01,,,,,,,AAPL
2023-11-01,,,,,,,AAPL
2023-11-01,,,,,,,AAPL
2023-11-01,,,,,,,AAPL
2023-11-01,,,,,,,AAPL
2023-11-01,,,,,,,AAPL
2023-11-01,,,,,,,AAPL
2023-11-01,,,,,,,AAPL
2023-11-01,,,,,,,AAPL
2023-11-01,,,,,,,AAPL
2023-11-01,,,,,,,AAPL
2023-11-01,,,,,,,AAPL
2023-11-01,,,,,,,AAPL
2023-11-01,,,,,,,AAPL
2023-11-01,,,,,,,AAPL
2023-11-01,,,,,,,AAPL
2023-11-01,,,,,,,AAPL
2023-11-01,,,,,,,AAPL
2023-11-01,,,,,,,AAPL
2023-11-01,,,,,,,ADBE
2023-11-01,535.0,545.27001953125,534.0,544.5,544.5,2644500.0,ADBE
2023-11-01,,,,,,,ADBE
2023-11-01,,,,,,,ADBE
2023-11-01,,,,,,,ADBE
2023-11-01,,,,,,,ADBE
2023-11-01,,,,,,,ADBE
2023-11-01,,,,,,,ADBE
2023-11-01,,,,,,,ADBE
2023-11-01,,,,,,,ADBE
2023-11-01,,,,,,,ADBE
2023-11-01,,,,,,,ADBE
2023-11-01,,,,,,,ADBE
2023-11-01,,,,,,,ADBE
2023-11-01,,,,,,,ADBE
2023-11-01,,,,,,,ADBE
2023-11-01,,,,,,,ADBE
2023-11-01,,,,,,,ADBE
2023-11-01,,,,,,,ADBE
2023-11-01,,,,,,,ADBE
2023-11-01,,,,,,,AMZN
2023-11-01,,,,,,,AMZN
2023-11-01,133.9600067138672,137.35000610351562,133.7100067138672,137.0,137.0,61529400.0,AMZN
2023-11-01,,,,,,,AMZN
2023-11-01,,,,,,,AMZN
2023-11-01,,,,,,,AMZN
2023-11-01,,,,,,,AMZN
2023-11-01,,,,,,,AMZN
2023-11-01,,,,,,,AMZN
2023-11-01,,,,,,,AMZN
2023-11-01,,,,,,,AMZN
2023-11-01,,,,,,,AMZN
2023-11-01,,,,,,,AMZN
2023-11-01,,,,,,,AMZN
2023-11-01,,,,,,,AMZN
2023-11-01,,,,,,,AMZN
2023-11-01,,,,,,,AMZN
2023-11-01,,,,,,,AMZN
2023-11-01,,,,,,,AMZN
2023-11-01,,,,,,,AMZN
2023-11-01,,,,,,,BAC
2023-11-01,,,,,,,BAC
2023-11-01,,,,,,,BAC
2023-11-01,26.440000534057617,26.6200008392334,26.149999618530273,26.399999618530273,25.092575073242188,44046300.0,BAC
2023-11-01,,,,,,,BAC
2023-11-01,,,,,,,BAC
2023-11-01,,,,,,,BAC
2023-11-01,,,,,,,BAC
2023-11-01,,,,,,,BAC
2023-11-01,,,,,,,BAC
2023-11-01,,,,,,,BAC
2023-11-01,,,,,,,BAC
2023-11-01,,,,,,,BAC
2023-11-01,,,,,,,BAC
2023-11-01,,,,,,,BAC
2023-11-01,,,,,,,BAC
2023-11-01,,,,,,,BAC
2023-11-01,,,,,,,BAC
2023-11-01,,,,,,,BAC
2023-11-01,,,,,,,BAC
2023-11-01,,,,,,,CRM
2023-11-01,,,,,,,CRM
2023-11-01,,,,,,,CRM
2023-11-01,,,,,,,CRM
2023-11-01,200.9199981689453,204.49000549316406,200.49000549316406,203.91000366210938,202.13876342773438,3593600.0,CRM
2023-11-01,,,,,,,CRM
2023-11-01,,,,,,,CRM
2023-11-01,,,,,,,CRM
2023-11-01,,,,,,,CRM
2023-11-01,,,,,,,CRM
2023-11-01,,,,,,,CRM
2023-11-01,,,,,,,CRM
2023-11-01,,,,,,,CRM
2023-11-01,,,,,,,CRM
2023-11-01,,,,,,,CRM
2023-11-01,,,,,,,CRM
2023-11-01,,,,,,,CRM
2023-11-01,,,,,,,CRM
2023-11-01,,,,,,,CRM
2023-11-01,,,,,,,CRM
2023-11-01,,,,,,,DIS
2023-11-01,,,,,,,DIS
2023-11-01,,,,,,,DIS
2023-11-01,,,,,,,DIS
2023-11-01,,,,,,,DIS
2023-11-01,81.52999877929688,81.58000183105469,80.18000030517578,81.06999969482422,79.74066162109375,9093000.0,DIS
2023-11-01,,,,,,,DIS
2023-11-01,,,,,,,DIS
2023-11-01,,,,,,,DIS
2023-11-01,,,,,,,DIS
2023-11-01,,,,,,,DIS
2023-11-01,,,,,,,DIS
2023-11-01,,,,,,,DIS
2023-11-01,,,,,,,DIS
2023-11-01,,,,,,,DIS
2023-11-01,,,,,,,DIS
2023-11-01,,,,,,,DIS
2023-11-01,,,,,,,DIS
2023-11-01,,,,,,,DIS
2023-11-01,,,,,,,DIS
2023-11-01,,,,,,,GOOGL
2023-11-01,,,,,,,GOOGL
2023-11-01,,,,,,,GOOGL
2023-11-01,,,,,,,GOOGL
2023-11-01,,,,,,,GOOGL
2023-11-01,,,,,,,GOOGL
2023-11-01,124.06999969482422,126.48999786376953,123.72000122070312,126.44999694824219,125.5838394165039,30082400.0,GOOGL
2023-11-01,,,,,,,GOOGL
2023-11-01,,,,,,,GOOGL
2023-11-01,,,,,,,GOOGL
2023-11-01,,,,,,,GOOGL
2023-11-01,,,,,,,GOOGL
2023-11-01,,,,,,,GOOGL
2023-11-01,,,,,,,GOOGL
2023-11-01,,,,,,,GOOGL
2023-11-01,,,,,,,GOOGL
2023-11-01,,,,,,,GOOGL
2023-11-01,,,,,,,GOOGL
2023-11-01,,,,,,,GOOGL
2023-11-01,,,,,,,GOOGL
2023-11-01,,,,,,,HD
2023-11-01,,,,,,,HD
2023-11-01,,,,,,,HD
2023-11-01,,,,,,,HD
2023-11-01,,,,,,,HD
2023-11-01,,,,,,,HD
2023-11-01,,,,,,,HD
2023-11-01,285.5899963378906,286.8299865722656,282.0199890136719,286.6300048828125,272.90472412109375,2747300.0,HD
2023-11-01,,,,,,,HD
2023-11-01,,,,,,,HD
2023-11-01,,,,,,,HD
2023-11-01,,,,,,,HD
2023-11-01,,,,,,,HD
2023-11-01,,,,,,,HD
2023-11-01,,,,,,,HD
2023-11-01,,,,,,,HD
2023-11-01,,,,,,,HD
2023-11-01,,,,,,,HD
2023-11-01,,,,,,,HD
2023-11-01,,,,,,,HD
2023-11-01,,,,,,,JNJ
2023-11-01,,,,,,,JNJ
2023-11-01,,,,,,,JNJ
2023-11-01,,,,,,,JNJ
2023-11-01,,,,,,,JNJ
2023-11-01,,,,,,,JNJ
2023-11-01,,,,,,,JNJ
2023-11-01,,,,,,,JNJ
2023-11-01,149.19000244140625,149.75999450683594,148.4600067138672,148.69000244140625,139.61611938476562,5733000.0,JNJ
2023-11-01,,,,,,,JNJ
2023-11-01,,,,,,,JNJ
2023-11-01,,,,,,,JNJ
2023-11-01,,,,,,,JNJ
2023-11-01,,,,,,,JNJ
2023-11-01,,,,,,,JNJ
2023-11-01,,,,,,,JNJ
2023-11-01,,,,,,,JNJ
2023-11-01,,,,,,,JNJ
2023-11-01,,,,,,,JNJ
2023-11-01,,,,,,,JNJ
2023-11-01,,,,,,,JPM
2023-11-01,,,,,,,JPM
2023-11-01,,,,,,,JPM
2023-11-01,,,,,,,JPM
2023-11-01,,,,,,,JPM
2023-11-01,,,,,,,JPM
2023-11-01,,,,,,,JPM
2023-11-01,,,,,,,JPM
2023-11-01,,,,,,,JPM
2023-11-01,139.25,140.52999877929688,138.47000122070312,138.94000244140625,133.53257751464844,9432000.0,JPM
2023-11-01,,,,,,,JPM
2023-11-01,,,,,,,JPM
2023-11-01,,,,,,,JPM
2023-11-01,,,,,,,JPM
2023-11-01,,,,,,,JPM
2023-11-01,,,,,,,JPM
2023-11-01,,,,,,,JPM
2023-11-01,,,,,,,JPM
2023-11-01,,,,,,,JPM
2023-11-01,,,,,,,JPM
2023-11-01,,,,,,,MA
2023-11-01,,,,,,,MA
2023-11-01,,,,,,,MA
2023-11-01,,,,,,,MA
2023-11-01,,,,,,,MA
2023-11-01,,,,,,,MA
2023-11-01,,,,,,,MA
2023-11-01,,,,,,,MA
2023-11-01,,,,,,,MA
2023-11-01,,,,,,,MA
2023-11-01,378.6700134277344,380.3999938964844,375.0400085449219,377.82000732421875,373.9942321777344,2354700.0,MA
2023-11-01,,,,,,,MA
2023-11-01,,,,,,,MA
2023-11-01,,,,,,,MA
2023-11-01,,,,,,,MA
2023-11-01,,,,,,,MA
2023-11-01,,,,,,,MA
2023-11-01,,,,,,,MA
2023-11-01,,,,,,,MA
2023-11-01,,,,,,,MA
2023-11-01,,,,,,,META
2023-11-01,,,,,,,META
2023-11-01,,,,,,,META
2023-11-01,,,,,,,META
2023-11-01,,,,,,,META
2023-11-01,,,,,,,META
2023-11-01,,,,,,,META
2023-11-01,,,,,,,META
2023-11-01,,,,,,,META
2023-11-01,,,,,,,META
2023-11-01,,,,,,,META
2023-11-01,301.8500061035156,312.739990234375,301.8500061035156,311.8500061035156,310.14849853515625,20434600.0,META
2023-11-01,,,,,,,META
2023-11-01,,,,,,,META
2023-11-01,,,,,,,META
2023-11-01,,,,,,,META
2023-11-01,,,,,,,META
2023-11-01,,,,,,,META
2023-11-01,,,,,,,META
2023-11-01,,,,,,,META
2023-11-01,,,,,,,MSFT
2023-11-01,,,,,,,MSFT
2023-11-01,,,,,,,MSFT
2023-11-01,,,,,,,MSFT
2023-11-01,,,,,,,MSFT
2023-11-01,,,,,,,MSFT
2023-11-01,,,,,,,MSFT
2023-11-01,,,,,,,MSFT
2023-11-01,,,,,,,MSFT
2023-11-01,,,,,,,MSFT
2023-11-01,,,,,,,MSFT
2023-11-01,,,,,,,MSFT
2023-11-01,339.7900085449219,347.4200134277344,339.6499938964844,346.07000732421875,340.93218994140625,28158800.0,MSFT
2023-11-01,,,,,,,MSFT
2023-11-01,,,,,,,MSFT
2023-11-01,,,,,,,MSFT
2023-11-01,,,,,,,MSFT
2023-11-01,,,,,,,MSFT
2023-11-01,,,,,,,MSFT
2023-11-01,,,,,,,MSFT
2023-11-01,,,,,,,NFLX
2023-11-01,,,,,,,NFLX
2023-11-01,,,,,,,NFLX
2023-11-01,,,,,,,NFLX
2023-11-01,,,,,,,NFLX
2023-11-01,,,,,,,NFLX
2023-11-01,,,,,,,NFLX
2023-11-01,,,,,,,NFLX
2023-11-01,,,,,,,NFLX
2023-11-01,,,,,,,NFLX
2023-11-01,,,,,,,NFLX
2023-11-01,,,,,,,NFLX
2023-11-01,,,,,,,NFLX
2023-11-01,414.7699890136719,420.6000061035156,414.17999267578125,420.19000244140625,420.19000244140625,4806100.0,NFLX
2023-11-01,,,,,,,NFLX
2023-11-01,,,,,,,NFLX
2023-11-01,,,,,,,NFLX
2023-11-01,,,,,,,NFLX
2023-11-01,,,,,,,NFLX
2023-11-01,,,,,,,NFLX
2023-11-01,,,,,,,NVDA
2023-11-01,,,,,,,NVDA
2023-11-01,,,,,,,NVDA
2023-11-01,,,,,,,NVDA
2023-11-01,,,,,,,NVDA
2023-11-01,,,,,,,NVDA
2023-11-01,,,,,,,NVDA
2023-11-01,,,,,,,NVDA
2023-11-01,,,,,,,NVDA
2023-11-01,,,,,,,NVDA
2023-11-01,,,,,,,NVDA
2023-11-01,,,,,,,NVDA
2023-11-01,,,,,,,NVDA
2023-11-01,,,,,,,NVDA
2023-11-01,40.88399887084961,42.38100051879883,40.86899948120117,42.32500076293945,42.30007553100586,437593000.0,NVDA
2023-11-01,,,,,,,NVDA
2023-11-01,,,,,,,NVDA
2023-11-01,,,,,,,NVDA
2023-11-01,,,,,,,NVDA
2023-11-01,,,,,,,NVDA
2023-11-01,,,,,,,PFE
2023-11-01,,,,,,,PFE
2023-11-01,,,,,,,PFE
2023-11-01,,,,,,,PFE
2023-11-01,,,,,,,PFE
2023-11-01,,,,,,,PFE
2023-11-01,,,,,,,PFE
2023-11-01,,,,,,,PFE
2023-11-01,,,,,,,PFE
2023-11-01,,,,,,,PFE
2023-11-01,,,,,,,PFE
2023-11-01,,,,,,,PFE
2023-11-01,,,,,,,PFE
2023-11-01,,,,,,,PFE
2023-11-01,,,,,,,PFE
2023-11-01,30.559999465942383,31.079999923706055,30.469999313354492,30.510000228881836,26.92156982421875,23568300.0,PFE
2023-11-01,,,,,,,PFE
2023-11-01,,,,,,,PFE
2023-11-01,,,,,,,PFE
2023-11-01,,,,,,,PFE
2023-11-01,,,,,,,PG
2023-11-01,,,,,,,PG
2023-11-01,,,,,,,PG
2023-11-01,,,,,,,PG
2023-11-01,,,,,,,PG
2023-11-01,,,,,,,PG
2023-11-01,,,,,,,PG
2023-11-01,,,,,,,PG
2023-11-01,,,,,,,PG
2023-11-01,,,,,,,PG
2023-11-01,,,,,,,PG
2023-11-01,,,,,,,PG
2023-11-01,,,,,,,PG
2023-11-01,,,,,,,PG
2023-11-01,,,,,,,PG
2023-11-01,,,,,,,PG
2023-11-01,150.67999267578125,150.67999267578125,149.2100067138672,149.61000061035156,143.2129669189453,5896900.0,PG
2023-11-01,,,,,,,PG
2023-11-01,,,,,,,PG
2023-11-01,,,,,,,PG
2023-11-01,,,,,,,TSLA
2023-11-01,,,,,,,TSLA
2023-11-01,,,,,,,TSLA
2023-11-01,,,,,,,TSLA
2023-11-01,,,,,,,TSLA
2023-11-01,,,,,,,TSLA
2023-11-01,,,,,,,TSLA
2023-11-01,,,,,,,TSLA
2023-11-01,,,,,,,TSLA
2023-11-01,,,,,,,TSLA
2023-11-01,,,,,,,TSLA
2023-11-01,,,,,,,TSLA
2023-11-01,,,,,,,TSLA
2023-11-01,,,,,,,TSLA
2023-11-01,,,,,,,TSLA
2023-11-01,,,,,,,TSLA
2023-11-01,,,,,,,TSLA
2023-11-01,204.0399932861328,205.99000549316406,197.85000610351562,205.66000366210938,205.66000366210938,121661700.0,TSLA
2023-11-01,,,,,,,TSLA
2023-11-01,,,,,,,TSLA
2023-11-01,,,,,,,UNH
2023-11-01,,,,,,,UNH
2023-11-01,,,,,,,UNH
2023-11-01,,,,,,,UNH
2023-11-01,,,,,,,UNH
2023-11-01,,,,,,,UNH
2023-11-01,,,,,,,UNH
2023-11-01,,,,,,,UNH
2023-11-01,,,,,,,UNH
2023-11-01,,,,,,,UNH
2023-11-01,,,,,,,UNH
2023-11-01,,,,,,,UNH
2023-11-01,,,,,,,UNH
2023-11-01,,,,,,,UNH
2023-11-01,,,,,,,UNH
2023-11-01,,,,,,,UNH
2023-11-01,,,,,,,UNH
2023-11-01,,,,,,,UNH
2023-11-01,529.97998046875,535.8300170898438,526.7999877929688,531.5999755859375,515.7446899414062,2747400.0,UNH
2023-11-01,,,,,,,UNH
2023-11-01,,,,,,,V
2023-11-01,,,,,,,V
2023-11-01,,,,,,,V
2023-11-01,,,,,,,V
2023-11-01,,,,,,,V
2023-11-01,,,,,,,V
2023-11-01,,,,,,,V
2023-11-01,,,,,,,V
2023-11-01,,,,,,,V
2023-11-01,,,,,,,V
2023-11-01,,,,,,,V
2023-11-01,,,,,,,V
2023-11-01,,,,,,,V
2023-11-01,,,,,,,V
2023-11-01,,,,,,,V
2023-11-01,,,,,,,V
2023-11-01,,,,,,,V
2023-11-01,,,,,,,V
2023-11-01,,,,,,,V
2023-11-01,236.13999938964844,239.0399932861328,235.67999267578125,238.5800018310547,235.0655975341797,4996200.0,V
2023-12-01,190.3300018310547,191.55999755859375,189.22999572753906,191.24000549316406,189.63449096679688,45704800.0,AAPL
2023-12-01,,,,,,,AAPL
2023-12-01,,,,,,,AAPL
2023-12-01,,,,,,,AAPL
2023-12-01,,,,,,,AAPL
2023-12-01,,,,,,,AAPL
2023-12-01,,,,,,,AAPL
2023-12-01,,,,,,,AAPL
2023-12-01,,,,,,,AAPL
2023-12-01,,,,,,,AAPL
2023-12-01,,,,,,,AAPL
2023-12-01,,,,,,,AAPL
2023-12-01,,,,,,,AAPL
2023-12-01,,,,,,,AAPL
2023-12-01,,,,,,,AAPL
2023-12-01,,,,,,,AAPL
2023-12-01,,,,,,,AAPL
2023-12-01,,,,,,,AAPL
2023-12-01,,,,,,,AAPL
2023-12-01,,,,,,,AAPL
2023-12-01,,,,,,,ADBE
2023-12-01,609.239990234375,615.2000122070312,603.1799926757812,612.469970703125,612.469970703125,2490500.0,ADBE
2023-12-01,,,,,,,ADBE
2023-12-01,,,,,,,ADBE
2023-12-01,,,,,,,ADBE
2023-12-01,,,,,,,ADBE
2023-12-01,,,,,,,ADBE
2023-12-01,,,,,,,ADBE
2023-12-01,,,,,,,ADBE
2023-12-01,,,,,,,ADBE
2023-12-01,,,,,,,ADBE
2023-12-01,,,,,,,ADBE
2023-12-01,,,,,,,ADBE
2023-12-01,,,,,,,ADBE
2023-12-01,,,,,,,ADBE
2023-12-01,,,,,,,ADBE
2023-12-01,,,,,,,ADBE
2023-12-01,,,,,,,ADBE
2023-12-01,,,,,,,ADBE
2023-12-01,,,,,,,ADBE
2023-12-01,,,,,,,AMZN
2023-12-01,,,,,,,AMZN
2023-12-01,146.0,147.25,145.5500030517578,147.02999877929688,147.02999877929688,39951800.0,AMZN
2023-12-01,,,,,,,AMZN
2023-12-01,,,,,,,AMZN
2023-12-01,,,,,,,AMZN
2023-12-01,,,,,,,AMZN
2023-12-01,,,,,,,AMZN
2023-12-01,,,,,,,AMZN
2023-12-01,,,,,,,AMZN
2023-12-01,,,,,,,AMZN
2023-12-01,,,,,,,AMZN
2023-12-01,,,,,,,AMZN
2023-12-01,,,,,,,AMZN
2023-12-01,,,,,,,AMZN
2023-12-01,,,,,,,AMZN
2023-12-01,,,,,,,AMZN
2023-12-01,,,,,,,AMZN
2023-12-01,,,,,,,AMZN
2023-12-01,,,,,,,AMZN
2023-12-01,,,,,,,BAC
2023-12-01,,,,,,,BAC
2023-12-01,,,,,,,BAC
2023-12-01,30.399999618530273,31.049999237060547,30.350000381469727,30.959999084472656,29.66161346435547,46133300.0,BAC
2023-12-01,,,,,,,BAC
2023-12-01,,,,,,,BAC
2023-12-01,,,,,,,BAC
2023-12-01,,,,,,,BAC
2023-12-01,,,,,,,BAC
2023-12-01,,,,,,,BAC
2023-12-01,,,,,,,BAC
2023-12-01,,,,,,,BAC
2023-12-01,,,,,,,BAC
2023-12-01,,,,,,,BAC
2023-12-01,,,,,,,BAC
2023-12-01,,,,,,,BAC
2023-12-01,,,,,,,BAC
2023-12-01,,,,,,,BAC
2023-12-01,,,,,,,BAC
2023-12-01,,,,,,,BAC
2023-12-01,,,,,,,CRM
2023-12-01,,,,,,,CRM
2023-12-01,,,,,,,CRM
2023-12-01,,,,,,,CRM
2023-12-01,250.0,263.42999267578125,249.6999969482422,260.0,257.74151611328125,14538200.0,CRM
2023-12-01,,,,,,,CRM
2023-12-01,,,,,,,CRM
2023-12-01,,,,,,,CRM
2023-12-01,,,,,,,CRM
2023-12-01,,,,,,,CRM
2023-12-01,,,,,,,CRM
2023-12-01,,,,,,,CRM
2023-12-01,,,,,,,CRM
2023-12-01,,,,,,,CRM
2023-12-01,,,,,,,CRM
2023-12-01,,,,,,,CRM
2023-12-01,,,,,,,CRM
2023-12-01,,,,,,,CRM
2023-12-01,,,,,,,CRM
2023-12-01,,,,,,,CRM
2023-12-01,,,,,,,DIS
2023-12-01,,,,,,,DIS
2023-12-01,,,,,,,DIS
2023-12-01,,,,,,,DIS
2023-12-01,,,,,,,DIS
2023-12-01,92.73999786376953,92.83999633789062,91.7699966430664,92.58000183105469,91.06192779541016,11898200.0,DIS
2023-12-01,,,,,,,DIS
2023-12-01,,,,,,,DIS
2023-12-01,,,,,,,DIS
2023-12-01,,,,,,,DIS
2023-12-01,,,,,,,DIS
2023-12-01,,,,,,,DIS
2023-12-01,,,,,,,DIS
2023-12-01,,,,,,,DIS
2023-12-01,,,,,,,DIS
2023-12-01,,,,,,,DIS
2023-12-01,,,,,,,DIS
2023-12-01,,,,,,,DIS
2023-12-01,,,,,,,DIS
2023-12-01,,,,,,,DIS
2023-12-01,,,,,,,GOOGL
2023-12-01,,,,,,,GOOGL
2023-12-01,,,,,,,GOOGL
2023-12-01,,,,,,,GOOGL
2023-12-01,,,,,,,GOOGL
2023-12-01,,,,,,,GOOGL
2023-12-01,131.86000061035156,132.11000061035156,130.6699981689453,131.86000061035156,130.95677185058594,31442300.0,GOOGL
2023-12-01,,,,,,,GOOGL
2023-12-01,,,,,,,GOOGL
2023-12-01,,,,,,,GOOGL
2023-12-01,,,,,,,GOOGL
2023-12-01,,,,,,,GOOGL
2023-12-01,,,,,,,GOOGL
2023-12-01,,,,,,,GOOGL
2023-12-01,,,,,,,GOOGL
2023-12-01,,,,,,,GOOGL
2023-12-01,,,,,,,GOOGL
2023-12-01,,,,,,,GOOGL
2023-12-01,,,,,,,GOOGL
2023-12-01,,,,,,,GOOGL
2023-12-01,,,,,,,HD
2023-12-01,,,,,,,HD
2023-12-01,,,,,,,HD
2023-12-01,,,,,,,HD
2023-12-01,,,,,,,HD
2023-12-01,,,,,,,HD
2023-12-01,,,,,,,HD
2023-12-01,313.8299865722656,320.1000061035156,313.0,319.6199951171875,306.3584289550781,3613600.0,HD
2023-12-01,,,,,,,HD
2023-12-01,,,,,,,HD
2023-12-01,,,,,,,HD
2023-12-01,,,,,,,HD
2023-12-01,,,,,,,HD
2023-12-01,,,,,,,HD
2023-12-01,,,,,,,HD
2023-12-01,,,,,,,HD
2023-12-01,,,,,,,HD
2023-12-01,,,,,,,HD
2023-12-01,,,,,,,HD
2023-12-01,,,,,,,HD
2023-12-01,,,,,,,JNJ
2023-12-01,,,,,,,JNJ
2023-12-01,,,,,,,JNJ
2023-12-01,,,,,,,JNJ
2023-12-01,,,,,,,JNJ
2023-12-01,,,,,,,JNJ
2023-12-01,,,,,,,JNJ
2023-12-01,,,,,,,JNJ
2023-12-01,156.44000244140625,158.4600067138672,155.47000122070312,158.3800048828125,149.9057159423828,10342900.0,JNJ
2023-12-01,,,,,,,JNJ
2023-12-01,,,,,,,JNJ
2023-12-01,,,,,,,JNJ
2023-12-01,,,,,,,JNJ
2023-12-01,,,,,,,JNJ
2023-12-01,,,,,,,JNJ
2023-12-01,,,,,,,JNJ
2023-12-01,,,,,,,JNJ
2023-12-01,,,,,,,JNJ
2023-12-01,,,,,,,JNJ
2023-12-01,,,,,,,JNJ
2023-12-01,,,,,,,JPM
2023-12-01,,,,,,,JPM
2023-12-01,,,,,,,JPM
2023-12-01,,,,,,,JPM
2023-12-01,,,,,,,JPM
2023-12-01,,,,,,,JPM
2023-12-01,,,,,,,JPM
2023-12-01,,,,,,,JPM
2023-12-01,,,,,,,JPM
2023-12-01,155.82000732421875,157.86000061035156,155.82000732421875,156.83999633789062,150.7359161376953,8916000.0,JPM
2023-12-01,,,,,,,JPM
2023-12-01,,,,,,,JPM
2023-12-01,,,,,,,JPM
2023-12-01,,,,,,,JPM
2023-12-01,,,,,,,JPM
2023-12-01,,,,,,,JPM
2023-12-01,,,,,,,JPM
2023-12-01,,,,,,,JPM
2023-12-01,,,,,,,JPM
2023-12-01,,,,,,,JPM
2023-12-01,,,,,,,MA
2023-12-01,,,,,,,MA
2023-12-01,,,,,,,MA
2023-12-01,,,,,,,MA
2023-12-01,,,,,,,MA
2023-12-01,,,,,,,MA
2023-12-01,,,,,,,MA
2023-12-01,,,,,,,MA
2023-12-01,,,,,,,MA
2023-12-01,,,,,,,MA
2023-12-01,412.8900146484375,416.6000061035156,411.57000732421875,414.3599853515625,410.1641845703125,2171400.0,MA
2023-12-01,,,,,,,MA
2023-12-01,,,,,,,MA
2023-12-01,,,,,,,MA
2023-12-01,,,,,,,MA
2023-12-01,,,,,,,MA
2023-12-01,,,,,,,MA
2023-12-01,,,,,,,MA
2023-12-01,,,,,,,MA
2023-12-01,,,,,,,MA
2023-12-01,,,,,,,META
2023-12-01,,,,,,,META
2023-12-01,,,,,,,META
2023-12-01,,,,,,,META
2023-12-01,,,,,,,META
2023-12-01,,,,,,,META
2023-12-01,,,,,,,META
2023-12-01,,,,,,,META
2023-12-01,,,,,,,META
2023-12-01,,,,,,,META
2023-12-01,,,,,,,META
2023-12-01,325.4800109863281,326.8599853515625,320.760009765625,324.82000732421875,323.0477294921875,15276400.0,META
2023-12-01,,,,,,,META
2023-12-01,,,,,,,META
2023-12-01,,,,,,,META
2023-12-01,,,,,,,META
2023-12-01,,,,,,,META
2023-12-01,,,,,,,META
2023-12-01,,,,,,,META
2023-12-01,,,,,,,META
2023-12-01,,,,,,,MSFT
2023-12-01,,,,,,,MSFT
2023-12-01,,,,,,,MSFT
2023-12-01,,,,,,,MSFT
2023-12-01,,,,,,,MSFT
2023-12-01,,,,,,,MSFT
2023-12-01,,,,,,,MSFT
2023-12-01,,,,,,,MSFT
2023-12-01,,,,,,,MSFT
2023-12-01,,,,,,,MSFT
2023-12-01,,,,,,,MSFT
2023-12-01,,,,,,,MSFT
2023-12-01,376.760009765625,378.1600036621094,371.30999755859375,374.510009765625,369.6988220214844,33040500.0,MSFT
2023-12-01,,,,,,,MSFT
2023-12-01,,,,,,,MSFT
2023-12-01,,,,,,,MSFT
2023-12-01,,,,,,,MSFT
2023-12-01,,,,,,,MSFT
2023-12-01,,,,,,,MSFT
2023-12-01,,,,,,,MSFT
2023-12-01,,,,,,,NFLX
2023-12-01,,,,,,,NFLX
2023-12-01,,,,,,,NFLX
2023-12-01,,,,,,,NFLX
2023-12-01,,,,,,,NFLX
2023-12-01,,,,,,,NFLX
2023-12-01,,,,,,,NFLX
2023-12-01,,,,,,,NFLX
2023-12-01,,,,,,,NFLX
2023-12-01,,,,,,,NFLX
2023-12-01,,,,,,,NFLX
2023-12-01,,,,,,,NFLX
2023-12-01,,,,,,,NFLX
2023-12-01,473.1700134277344,475.2300109863281,464.6000061035156,465.739990234375,465.739990234375,4341500.0,NFLX
2023-12-01,,,,,,,NFLX
2023-12-01,,,,,,,NFLX
2023-12-01,,,,,,,NFLX
2023-12-01,,,,,,,NFLX
2023-12-01,,,,,,,NFLX
2023-12-01,,,,,,,NFLX
2023-12-01,,,,,,,NVDA
2023-12-01,,,,,,,NVDA
2023-12-01,,,,,,,NVDA
2023-12-01,,,,,,,NVDA
2023-12-01,,,,,,,NVDA
2023-12-01,,,,,,,NVDA
2023-12-01,,,,,,,NVDA
2023-12-01,,,,,,,NVDA
2023-12-01,,,,,,,NVDA
2023-12-01,,,,,,,NVDA
2023-12-01,,,,,,,NVDA
2023-12-01,,,,,,,NVDA
2023-12-01,,,,,,,NVDA
2023-12-01,,,,,,,NVDA
2023-12-01,46.525001525878906,47.20000076293945,46.1870002746582,46.76499938964844,46.737457275390625,369317000.0,NVDA
2023-12-01,,,,,,,NVDA
2023-12-01,,,,,,,NVDA
2023-12-01,,,,,,,NVDA
2023-12-01,,,,,,,NVDA
2023-12-01,,,,,,,NVDA
2023-12-01,,,,,,,PFE
2023-12-01,,,,,,,PFE
2023-12-01,,,,,,,PFE
2023-12-01,,,,,,,PFE
2023-12-01,,,,,,,PFE
2023-12-01,,,,,,,PFE
2023-12-01,,,,,,,PFE
2023-12-01,,,,,,,PFE
2023-12-01,,,,,,,PFE
2023-12-01,,,,,,,PFE
2023-12-01,,,,,,,PFE
2023-12-01,,,,,,,PFE
2023-12-01,,,,,,,PFE
2023-12-01,,,,,,,PFE
2023-12-01,,,,,,,PFE
2023-12-01,28.969999313354492,29.399999618530273,28.299999237060547,28.90999984741211,25.85368537902832,103624000.0,PFE
2023-12-01,,,,,,,PFE
2023-12-01,,,,,,,PFE
2023-12-01,,,,,,,PFE
2023-12-01,,,,,,,PFE
2023-12-01,,,,,,,PG
2023-12-01,,,,,,,PG
2023-12-01,,,,,,,PG
2023-12-01,,,,,,,PG
2023-12-01,,,,,,,PG
2023-12-01,,,,,,,PG
2023-12-01,,,,,,,PG
2023-12-01,,,,,,,PG
2023-12-01,,,,,,,PG
2023-12-01,,,,,,,PG
2023-12-01,,,,,,,PG
2023-12-01,,,,,,,PG
2023-12-01,,,,,,,PG
2023-12-01,,,,,,,PG
2023-12-01,,,,,,,PG
2023-12-01,,,,,,,PG
2023-12-01,153.3300018310547,153.49000549316406,152.22999572753906,152.66000366210938,146.13255310058594,5685400.0,PG
2023-12-01,,,,,,,PG
2023-12-01,,,,,,,PG
2023-12-01,,,,,,,PG
2023-12-01,,,,,,,TSLA
2023-12-01,,,,,,,TSLA
2023-12-01,,,,,,,TSLA
2023-12-01,,,,,,,TSLA
2023-12-01,,,,,,,TSLA
2023-12-01,,,,,,,TSLA
2023-12-01,,,,,,,TSLA
2023-12-01,,,,,,,TSLA
2023-12-01,,,,,,,TSLA
2023-12-01,,,,,,,TSLA
2023-12-01,,,,,,,TSLA
2023-12-01,,,,,,,TSLA
2023-12-01,,,,,,,TSLA
2023-12-01,,,,,,,TSLA
2023-12-01,,,,,,,TSLA
2023-12-01,,,,,,,TSLA
2023-12-01,,,,,,,TSLA
2023-12-01,233.13999938964844,240.19000244140625,231.89999389648438,238.8300018310547,238.8300018310547,121331700.0,TSLA
2023-12-01,,,,,,,TSLA
2023-12-01,,,,,,,TSLA
2023-12-01,,,,,,,UNH
2023-12-01,,,,,,,UNH
2023-12-01,,,,,,,UNH
2023-12-01,,,,,,,UNH
2023-12-01,,,,,,,UNH
2023-12-01,,,,,,,UNH
2023-12-01,,,,,,,UNH
2023-12-01,,,,,,,UNH
2023-12-01,,,,,,,UNH
2023-12-01,,,,,,,UNH
2023-12-01,,,,,,,UNH
2023-12-01,,,,,,,UNH
2023-12-01,,,,,,,UNH
2023-12-01,,,,,,,UNH
2023-12-01,,,,,,,UNH
2023-12-01,,,,,,,UNH
2023-12-01,,,,,,,UNH
2023-12-01,,,,,,,UNH
2023-12-01,550.4199829101562,554.7000122070312,545.1599731445312,547.1599731445312,532.6515502929688,3462200.0,UNH
2023-12-01,,,,,,,UNH
2023-12-01,,,,,,,V
2023-12-01,,,,,,,V
2023-12-01,,,,,,,V
2023-12-01,,,,,,,V
2023-12-01,,,,,,,V
2023-12-01,,,,,,,V
2023-12-01,,,,,,,V
2023-12-01,,,,,,,V
2023-12-01,,,,,,,V
2023-12-01,,,,,,,V
2023-12-01,,,,,,,V
2023-12-01,,,,,,,V
2023-12-01,,,,,,,V
2023-12-01,,,,,,,V
2023-12-01,,,,,,,V
2023-12-01,,,,,,,V
2023-12-01,,,,,,,V
2023-12-01,,,,,,,V
2023-12-01,,,,,,,V
2023-12-01,255.7899932861328,256.9100036621094,253.89999389648438,256.45001220703125,253.2103271484375,3939400.0,V
2024-01-01,187.14999389648438,188.44000244140625,183.88999938964844,185.63999938964844,184.08151245117188,82488700.0,AAPL
2024-01-01,,,,,,,AAPL
2024-01-01,,,,,,,AAPL
2024-01-01,,,,,,,AAPL
2024-01-01,,,,,,,AAPL
2024-01-01,,,,,,,AAPL
2024-01-01,,,,,,,AAPL
2024-01-01,,,,,,,AAPL
2024-01-01,,,,,,,AAPL
2024-01-01,,,,,,,AAPL
2024-01-01,,,,,,,AAPL
2024-01-01,,,,,,,AAPL
2024-01-01,,,,,,,AAPL
2024-01-01,,,,,,,AAPL
2024-01-01,,,,,,,AAPL
2024-01-01,,,,,,,AAPL
2024-01-01,,,,,,,AAPL
2024-01-01,,,,,,,AAPL
2024-01-01,,,,,,,AAPL
2024-01-01,,,,,,,AAPL
2024-01-01,,,,,,,ADBE
2024-01-01,589.510009765625,590.4400024414062,576.760009765625,580.0700073242188,580.0700073242188,2840200.0,ADBE
2024-01-01,,,,,,,ADBE
2024-01-01,,,,,,,ADBE
2024-01-01,,,,,,,ADBE
2024-01-01,,,,,,,ADBE
2024-01-01,,,,,,,ADBE
2024-01-01,,,,,,,ADBE
2024-01-01,,,,,,,ADBE
2024-01-01,,,,,,,ADBE
2024-01-01,,,,,,,ADBE
2024-01-01,,,,,,,ADBE
2024-01-01,,,,,,,ADBE
2024-01-01,,,,,,,ADBE
2024-01-01,,,,,,,ADBE
2024-01-01,,,,,,,ADBE
2024-01-01,,,,,,,ADBE
2024-01-01,,,,,,,ADBE
2024-01-01,,,,,,,ADBE
2024-01-01,,,,,,,ADBE
2024-01-01,,,,,,,AMZN
2024-01-01,,,,,,,AMZN
2024-01-01,151.5399932861328,152.3800048828125,148.38999938964844,149.92999267578125,149.92999267578125,47339400.0,AMZN
2024-01-01,,,,,,,AMZN
2024-01-01,,,,,,,AMZN
2024-01-01,,,,,,,AMZN
2024-01-01,,,,,,,AMZN
2024-01-01,,,,,,,AMZN
2024-01-01,,,,,,,AMZN
2024-01-01,,,,,,,AMZN
2024-01-01,,,,,,,AMZN
2024-01-01,,,,,,,AMZN
2024-01-01,,,,,,,AMZN
2024-01-01,,,,,,,AMZN
2024-01-01,,,,,,,AMZN
2024-01-01,,,,,,,AMZN
2024-01-01,,,,,,,AMZN
2024-01-01,,,,,,,AMZN
2024-01-01,,,,,,,AMZN
2024-01-01,,,,,,,AMZN
2024-01-01,,,,,,,BAC
2024-01-01,,,,,,,BAC
2024-01-01,,,,,,,BAC
2024-01-01,33.38999938964844,34.06999969482422,33.27000045776367,33.900001525878906,32.47832107543945,36668600.0,BAC
2024-01-01,,,,,,,BAC
2024-01-01,,,,,,,BAC
2024-01-01,,,,,,,BAC
2024-01-01,,,,,,,BAC
2024-01-01,,,,,,,BAC
2024-01-01,,,,,,,BAC
2024-01-01,,,,,,,BAC
2024-01-01,,,,,,,BAC
2024-01-01,,,,,,,BAC
2024-01-01,,,,,,,BAC
2024-01-01,,,,,,,BAC
2024-01-01,,,,,,,BAC
2024-01-01,,,,,,,BAC
2024-01-01,,,,,,,BAC
2024-01-01,,,,,,,BAC
2024-01-01,,,,,,,BAC
2024-01-01,,,,,,,CRM
2024-01-01,,,,,,,CRM
2024-01-01,,,,,,,CRM
2024-01-01,,,,,,,CRM
2024-01-01,260.5400085449219,260.55999755859375,253.77000427246094,256.1300048828125,253.90516662597656,4741400.0,CRM
2024-01-01,,,,,,,CRM
2024-01-01,,,,,,,CRM
2024-01-01,,,,,,,CRM
2024-01-01,,,,,,,CRM
2024-01-01,,,,,,,CRM
2024-01-01,,,,,,,CRM
2024-01-01,,,,,,,CRM
2024-01-01,,,,,,,CRM
2024-01-01,,,,,,,CRM
2024-01-01,,,,,,,CRM
2024-01-01,,,,,,,CRM
2024-01-01,,,,,,,CRM
2024-01-01,,,,,,,CRM
2024-01-01,,,,,,,CRM
2024-01-01,,,,,,,CRM
2024-01-01,,,,,,,DIS
2024-01-01,,,,,,,DIS
2024-01-01,,,,,,,DIS
2024-01-01,,,,,,,DIS
2024-01-01,,,,,,,DIS
2024-01-01,90.0999984741211,91.4800033569336,89.7300033569336,90.70999908447266,89.51338195800781,10587600.0,DIS
2024-01-01,,,,,,,DIS
2024-01-01,,,,,,,DIS
2024-01-01,,,,,,,DIS
2024-01-01,,,,,,,DIS
2024-01-01,,,,,,,DIS
2024-01-01,,,,,,,DIS
2024-01-01,,,,,,,DIS
2024-01-01,,,,,,,DIS
2024-01-01,,,,,,,DIS
2024-01-01,,,,,,,DIS
2024-01-01,,,,,,,DIS
2024-01-01,,,,,,,DIS
2024-01-01,,,,,,,DIS
2024-01-01,,,,,,,DIS
2024-01-01,,,,,,,GOOGL
2024-01-01,,,,,,,GOOGL
2024-01-01,,,,,,,GOOGL
2024-01-01,,,,,,,GOOGL
2024-01-01,,,,,,,GOOGL
2024-01-01,,,,,,,GOOGL
2024-01-01,138.5500030517578,139.4499969482422,136.47999572753906,138.1699981689453,137.2235565185547,23711200.0,GOOGL
2024-01-01,,,,,,,GOOGL
2024-01-01,,,,,,,GOOGL
2024-01-01,,,,,,,GOOGL
2024-01-01,,,,,,,GOOGL
2024-01-01,,,,,,,GOOGL
2024-01-01,,,,,,,GOOGL
2024-01-01,,,,,,,GOOGL
2024-01-01,,,,,,,GOOGL
2024-01-01,,,,,,,GOOGL
2024-01-01,,,,,,,GOOGL
2024-01-01,,,,,,,GOOGL
2024-01-01,,,,,,,GOOGL
2024-01-01,,,,,,,GOOGL
2024-01-01,,,,,,,HD
2024-01-01,,,,,,,HD
2024-01-01,,,,,,,HD
2024-01-01,,,,,,,HD
2024-01-01,,,,,,,HD
2024-01-01,,,,,,,HD
2024-01-01,,,,,,,HD
2024-01-01,344.2099914550781,347.29998779296875,343.2200012207031,345.0799865722656,330.7620544433594,2833600.0,HD
2024-01-01,,,,,,,HD
2024-01-01,,,,,,,HD
2024-01-01,,,,,,,HD
2024-01-01,,,,,,,HD
2024-01-01,,,,,,,HD
2024-01-01,,,,,,,HD
2024-01-01,,,,,,,HD
2024-01-01,,,,,,,HD
2024-01-01,,,,,,,HD
2024-01-01,,,,,,,HD
2024-01-01,,,,,,,HD
2024-01-01,,,,,,,HD
2024-01-01,,,,,,,JNJ
2024-01-01,,,,,,,JNJ
2024-01-01,,,,,,,JNJ
2024-01-01,,,,,,,JNJ
2024-01-01,,,,,,,JNJ
2024-01-01,,,,,,,JNJ
2024-01-01,,,,,,,JNJ
2024-01-01,,,,,,,JNJ
2024-01-01,156.92999267578125,161.63999938964844,156.7899932861328,159.97000122070312,151.41064453125,9622100.0,JNJ
2024-01-01,,,,,,,JNJ
2024-01-01,,,,,,,JNJ
2024-01-01,,,,,,,JNJ
2024-01-01,,,,,,,JNJ
2024-01-01,,,,,,,JNJ
2024-01-01,,,,,,,JNJ
2024-01-01,,,,,,,JNJ
2024-01-01,,,,,,,JNJ
2024-01-01,,,,,,,JNJ
2024-01-01,,,,,,,JNJ
2024-01-01,,,,,,,JNJ
2024-01-01,,,,,,,JPM
2024-01-01,,,,,,,JPM
2024-01-01,,,,,,,JPM
2024-01-01,,,,,,,JPM
2024-01-01,,,,,,,JPM
2024-01-01,,,,,,,JPM
2024-01-01,,,,,,,JPM
2024-01-01,,,,,,,JPM
2024-01-01,,,,,,,JPM
2024-01-01,169.08999633789062,172.1699981689453,168.91000366210938,172.0800018310547,165.38279724121094,9977400.0,JPM
2024-01-01,,,,,,,JPM
2024-01-01,,,,,,,JPM
2024-01-01,,,,,,,JPM
2024-01-01,,,,,,,JPM
2024-01-01,,,,,,,JPM
2024-01-01,,,,,,,JPM
2024-01-01,,,,,,,JPM
2024-01-01,,,,,,,JPM
2024-01-01,,,,,,,JPM
2024-01-01,,,,,,,JPM
2024-01-01,,,,,,,MA
2024-01-01,,,,,,,MA
2024-01-01,,,,,,,MA
2024-01-01,,,,,,,MA
2024-01-01,,,,,,,MA
2024-01-01,,,,,,,MA
2024-01-01,,,,,,,MA
2024-01-01,,,,,,,MA
2024-01-01,,,,,,,MA
2024-01-01,,,,,,,MA
2024-01-01,424.0899963378906,424.2799987792969,419.55999755859375,421.8900146484375,417.6179504394531,2463700.0,MA
2024-01-01,,,,,,,MA
2024-01-01,,,,,,,MA
2024-01-01,,,,,,,MA
2024-01-01,,,,,,,MA
2024-01-01,,,,,,,MA
2024-01-01,,,,,,,MA
2024-01-01,,,,,,,MA
2024-01-01,,,,,,,MA
2024-01-01,,,,,,,MA
2024-01-01,,,,,,,META
2024-01-01,,,,,,,META
2024-01-01,,,,,,,META
2024-01-01,,,,,,,META
2024-01-01,,,,,,,META
2024-01-01,,,,,,,META
2024-01-01,,,,,,,META
2024-01-01,,,,,,,META
2024-01-01,,,,,,,META
2024-01-01,,,,,,,META
2024-01-01,,,,,,,META
2024-01-01,351.32000732421875,353.1600036621094,340.010009765625,346.2900085449219,344.4006042480469,19042200.0,META
2024-01-01,,,,,,,META
2024-01-01,,,,,,,META
2024-01-01,,,,,,,META
2024-01-01,,,,,,,META
2024-01-01,,,,,,,META
2024-01-01,,,,,,,META
2024-01-01,,,,,,,META
2024-01-01,,,,,,,META
2024-01-01,,,,,,,MSFT
2024-01-01,,,,,,,MSFT
2024-01-01,,,,,,,MSFT
2024-01-01,,,,,,,MSFT
2024-01-01,,,,,,,MSFT
2024-01-01,,,,,,,MSFT
2024-01-01,,,,,,,MSFT
2024-01-01,,,,,,,MSFT
2024-01-01,,,,,,,MSFT
2024-01-01,,,,,,,MSFT
2024-01-01,,,,,,,MSFT
2024-01-01,,,,,,,MSFT
2024-01-01,373.8599853515625,375.8999938964844,366.7699890136719,370.8699951171875,366.1054992675781,25258600.0,MSFT
2024-01-01,,,,,,,MSFT
2024-01-01,,,,,,,MSFT
2024-01-01,,,,,,,MSFT
2024-01-01,,,,,,,MSFT
2024-01-01,,,,,,,MSFT
2024-01-01,,,,,,,MSFT
2024-01-01,,,,,,,MSFT
2024-01-01,,,,,,,NFLX
2024-01-01,,,,,,,NFLX
2024-01-01,,,,,,,NFLX
2024-01-01,,,,,,,NFLX
2024-01-01,,,,,,,NFLX
2024-01-01,,,,,,,NFLX
2024-01-01,,,,,,,NFLX
2024-01-01,,,,,,,NFLX
2024-01-01,,,,,,,NFLX
2024-01-01,,,,,,,NFLX
2024-01-01,,,,,,,NFLX
2024-01-01,,,,,,,NFLX
2024-01-01,,,,,,,NFLX
2024-01-01,483.19000244140625,484.6499938964844,461.8599853515625,468.5,468.5,5049400.0,NFLX
2024-01-01,,,,,,,NFLX
2024-01-01,,,,,,,NFLX
2024-01-01,,,,,,,NFLX
2024-01-01,,,,,,,NFLX
2024-01-01,,,,,,,NFLX
2024-01-01,,,,,,,NFLX
2024-01-01,,,,,,,NVDA
2024-01-01,,,,,,,NVDA
2024-01-01,,,,,,,NVDA
2024-01-01,,,,,,,NVDA
2024-01-01,,,,,,,NVDA
2024-01-01,,,,,,,NVDA
2024-01-01,,,,,,,NVDA
2024-01-01,,,,,,,NVDA
2024-01-01,,,,,,,NVDA
2024-01-01,,,,,,,NVDA
2024-01-01,,,,,,,NVDA
2024-01-01,,,,,,,NVDA
2024-01-01,,,,,,,NVDA
2024-01-01,,,,,,,NVDA
2024-01-01,49.24399948120117,49.29499816894531,47.595001220703125,48.167999267578125,48.14385986328125,411254000.0,NVDA
2024-01-01,,,,,,,NVDA
2024-01-01,,,,,,,NVDA
2024-01-01,,,,,,,NVDA
2024-01-01,,,,,,,NVDA
2024-01-01,,,,,,,NVDA
2024-01-01,,,,,,,PFE
2024-01-01,,,,,,,PFE
2024-01-01,,,,,,,PFE
2024-01-01,,,,,,,PFE
2024-01-01,,,,,,,PFE
2024-01-01,,,,,,,PFE
2024-01-01,,,,,,,PFE
2024-01-01,,,,,,,PFE
2024-01-01,,,,,,,PFE
2024-01-01,,,,,,,PFE
2024-01-01,,,,,,,PFE
2024-01-01,,,,,,,PFE
2024-01-01,,,,,,,PFE
2024-01-01,,,,,,,PFE
2024-01-01,,,,,,,PFE
2024-01-01,28.8799991607666,30.280000686645508,28.829999923706055,29.729999542236328,26.58699607849121,57948700.0,PFE
2024-01-01,,,,,,,PFE
2024-01-01,,,,,,,PFE
2024-01-01,,,,,,,PFE
2024-01-01,,,,,,,PFE
2024-01-01,,,,,,,PG
2024-01-01,,,,,,,PG
2024-01-01,,,,,,,PG
2024-01-01,,,,,,,PG
2024-01-01,,,,,,,PG
2024-01-01,,,,,,,PG
2024-01-01,,,,,,,PG
2024-01-01,,,,,,,PG
2024-01-01,,,,,,,PG
2024-01-01,,,,,,,PG
2024-01-01,,,,,,,PG
2024-01-01,,,,,,,PG
2024-01-01,,,,,,,PG
2024-01-01,,,,,,,PG
2024-01-01,,,,,,,PG
2024-01-01,,,,,,,PG
2024-01-01,146.36000061035156,149.41000366210938,146.30999755859375,148.74000549316406,142.3801727294922,7238400.0,PG
2024-01-01,,,,,,,PG
2024-01-01,,,,,,,PG
2024-01-01,,,,,,,PG
2024-01-01,,,,,,,TSLA
2024-01-01,,,,,,,TSLA
2024-01-01,,,,,,,TSLA
2024-01-01,,,,,,,TSLA
2024-01-01,,,,,,,TSLA
2024-01-01,,,,,,,TSLA
2024-01-01,,,,,,,TSLA
2024-01-01,,,,,,,TSLA
2024-01-01,,,,,,,TSLA
2024-01-01,,,,,,,TSLA
2024-01-01,,,,,,,TSLA
2024-01-01,,,,,,,TSLA
2024-01-01,,,,,,,TSLA
2024-01-01,,,,,,,TSLA
2024-01-01,,,,,,,TSLA
2024-01-01,,,,,,,TSLA
2024-01-01,,,,,,,TSLA
2024-01-01,250.0800018310547,251.25,244.41000366210938,248.4199981689453,248.4199981689453,104654200.0,TSLA
2024-01-01,,,,,,,TSLA
2024-01-01,,,,,,,TSLA
2024-01-01,,,,,,,UNH
2024-01-01,,,,,,,UNH
2024-01-01,,,,,,,UNH
2024-01-01,,,,,,,UNH
2024-01-01,,,,,,,UNH
2024-01-01,,,,,,,UNH
2024-01-01,,,,,,,UNH
2024-01-01,,,,,,,UNH
2024-01-01,,,,,,,UNH
2024-01-01,,,,,,,UNH
2024-01-01,,,,,,,UNH
2024-01-01,,,,,,,UNH
2024-01-01,,,,,,,UNH
2024-01-01,,,,,,,UNH
2024-01-01,,,,,,,UNH
2024-01-01,,,,,,,UNH
2024-01-01,,,,,,,UNH
2024-01-01,,,,,,,UNH
2024-01-01,526.8400268554688,539.6599731445312,526.6699829101562,539.3400268554688,525.0389404296875,3415700.0,UNH
2024-01-01,,,,,,,UNH
2024-01-01,,,,,,,V
2024-01-01,,,,,,,V
2024-01-01,,,,,,,V
2024-01-01,,,,,,,V
2024-01-01,,,,,,,V
2024-01-01,,,,,,,V
2024-01-01,,,,,,,V
2024-01-01,,,,,,,V
2024-01-01,,,,,,,V
2024-01-01,,,,,,,V
2024-01-01,,,,,,,V
2024-01-01,,,,,,,V
2024-01-01,,,,,,,V
2024-01-01,,,,,,,V
2024-01-01,,,,,,,V
2024-01-01,,,,,,,V
2024-01-01,,,,,,,V
2024-01-01,,,,,,,V
2024-01-01,,,,,,,V
2024-01-01,259.6099853515625,260.0899963378906,257.6700134277344,258.8699951171875,255.59970092773438,5471000.0,V
2024-02-01,183.99000549316406,186.9499969482422,183.82000732421875,186.86000061035156,185.291259765625,64885400.0,AAPL
2024-02-01,,,,,,,AAPL
2024-02-01,,,,,,,AAPL
2024-02-01,,,,,,,AAPL
2024-02-01,,,,,,,AAPL
2024-02-01,,,,,,,AAPL
2024-02-01,,,,,,,AAPL
2024-02-01,,,,,,,AAPL
2024-02-01,,,,,,,AAPL
2024-02-01,,,,,,,AAPL
2024-02-01,,,,,,,AAPL
2024-02-01,,,,,,,AAPL
2024-02-01,,,,,,,AAPL
2024-02-01,,,,,,,AAPL
2024-02-01,,,,,,,AAPL
2024-02-01,,,,,,,AAPL
2024-02-01,,,,,,,AAPL
2024-02-01,,,,,,,AAPL
2024-02-01,,,,,,,AAPL
2024-02-01,,,,,,,AAPL
2024-02-01,,,,,,,ADBE
2024-02-01,619.0,628.7999877929688,618.780029296875,627.9099731445312,627.9099731445312,1687600.0,ADBE
2024-02-01,,,,,,,ADBE
2024-02-01,,,,,,,ADBE
2024-02-01,,,,,,,ADBE
2024-02-01,,,,,,,ADBE
2024-02-01,,,,,,,ADBE
2024-02-01,,,,,,,ADBE
2024-02-01,,,,,,,ADBE
2024-02-01,,,,,,,ADBE
2024-02-01,,,,,,,ADBE
2024-02-01,,,,,,,ADBE
2024-02-01,,,,,,,ADBE
2024-02-01,,,,,,,ADBE
2024-02-01,,,,,,,ADBE
2024-02-01,,,,,,,ADBE
2024-02-01,,,,,,,ADBE
2024-02-01,,,,,,,ADBE
2024-02-01,,,,,,,ADBE
2024-02-01,,,,,,,ADBE
2024-02-01,,,,,,,AMZN
2024-02-01,,,,,,,AMZN
2024-02-01,155.8699951171875,159.75999450683594,155.6199951171875,159.27999877929688,159.27999877929688,76542400.0,AMZN
2024-02-01,,,,,,,AMZN
2024-02-01,,,,,,,AMZN
2024-02-01,,,,,,,AMZN
2024-02-01,,,,,,,AMZN
2024-02-01,,,,,,,AMZN
2024-02-01,,,,,,,AMZN
2024-02-01,,,,,,,AMZN
2024-02-01,,,,,,,AMZN
2024-02-01,,,,,,,AMZN
2024-02-01,,,,,,,AMZN
2024-02-01,,,,,,,AMZN
2024-02-01,,,,,,,AMZN
2024-02-01,,,,,,,AMZN
2024-02-01,,,,,,,AMZN
2024-02-01,,,,,,,AMZN
2024-02-01,,,,,,,AMZN
2024-02-01,,,,,,,AMZN
2024-02-01,,,,,,,BAC
2024-02-01,,,,,,,BAC
2024-02-01,,,,,,,BAC
2024-02-01,33.93000030517578,34.25,32.93000030517578,33.54999923706055,32.14299392700195,57084800.0,BAC
2024-02-01,,,,,,,BAC
2024-02-01,,,,,,,BAC
2024-02-01,,,,,,,BAC
2024-02-01,,,,,,,BAC
2024-02-01,,,,,,,BAC
2024-02-01,,,,,,,BAC
2024-02-01,,,,,,,BAC
2024-02-01,,,,,,,BAC
2024-02-01,,,,,,,BAC
2024-02-01,,,,,,,BAC
2024-02-01,,,,,,,BAC
2024-02-01,,,,,,,BAC
2024-02-01,,,,,,,BAC
2024-02-01,,,,,,,BAC
2024-02-01,,,,,,,BAC
2024-02-01,,,,,,,BAC
2024-02-01,,,,,,,CRM
2024-02-01,,,,,,,CRM
2024-02-01,,,,,,,CRM
2024-02-01,,,,,,,CRM
2024-02-01,282.010009765625,285.04998779296875,281.3599853515625,283.79998779296875,281.33477783203125,3218300.0,CRM
2024-02-01,,,,,,,CRM
2024-02-01,,,,,,,CRM
2024-02-01,,,,,,,CRM
2024-02-01,,,,,,,CRM
2024-02-01,,,,,,,CRM
2024-02-01,,,,,,,CRM
2024-02-01,,,,,,,CRM
2024-02-01,,,,,,,CRM
2024-02-01,,,,,,,CRM
2024-02-01,,,,,,,CRM
2024-02-01,,,,,,,CRM
2024-02-01,,,,,,,CRM
2024-02-01,,,,,,,CRM
2024-02-01,,,,,,,CRM
2024-02-01,,,,,,,CRM
2024-02-01,,,,,,,DIS
2024-02-01,,,,,,,DIS
2024-02-01,,,,,,,DIS
2024-02-01,,,,,,,DIS
2024-02-01,,,,,,,DIS
2024-02-01,96.37000274658203,97.93000030517578,95.9000015258789,97.05999755859375,95.77960968017578,8484800.0,DIS
2024-02-01,,,,,,,DIS
2024-02-01,,,,,,,DIS
2024-02-01,,,,,,,DIS
2024-02-01,,,,,,,DIS
2024-02-01,,,,,,,DIS
2024-02-01,,,,,,,DIS
2024-02-01,,,,,,,DIS
2024-02-01,,,,,,,DIS
2024-02-01,,,,,,,DIS
2024-02-01,,,,,,,DIS
2024-02-01,,,,,,,DIS
2024-02-01,,,,,,,DIS
2024-02-01,,,,,,,DIS
2024-02-01,,,,,,,DIS
2024-02-01,,,,,,,GOOGL
2024-02-01,,,,,,,GOOGL
2024-02-01,,,,,,,GOOGL
2024-02-01,,,,,,,GOOGL
2024-02-01,,,,,,,GOOGL
2024-02-01,,,,,,,GOOGL
2024-02-01,142.1199951171875,143.05999755859375,140.7899932861328,141.16000366210938,140.1930694580078,40466500.0,GOOGL
2024-02-01,,,,,,,GOOGL
2024-02-01,,,,,,,GOOGL
2024-02-01,,,,,,,GOOGL
2024-02-01,,,,,,,GOOGL
2024-02-01,,,,,,,GOOGL
2024-02-01,,,,,,,GOOGL
2024-02-01,,,,,,,GOOGL
2024-02-01,,,,,,,GOOGL
2024-02-01,,,,,,,GOOGL
2024-02-01,,,,,,,GOOGL
2024-02-01,,,,,,,GOOGL
2024-02-01,,,,,,,GOOGL
2024-02-01,,,,,,,GOOGL
2024-02-01,,,,,,,HD
2024-02-01,,,,,,,HD
2024-02-01,,,,,,,HD
2024-02-01,,,,,,,HD
2024-02-01,,,,,,,HD
2024-02-01,,,,,,,HD
2024-02-01,,,,,,,HD
2024-02-01,353.3999938964844,360.1400146484375,352.32000732421875,360.07000732421875,345.1300964355469,2439100.0,HD
2024-02-01,,,,,,,HD
2024-02-01,,,,,,,HD
2024-02-01,,,,,,,HD
2024-02-01,,,,,,,HD
2024-02-01,,,,,,,HD
2024-02-01,,,,,,,HD
2024-02-01,,,,,,,HD
2024-02-01,,,,,,,HD
2024-02-01,,,,,,,HD
2024-02-01,,,,,,,HD
2024-02-01,,,,,,,HD
2024-02-01,,,,,,,HD
2024-02-01,,,,,,,JNJ
2024-02-01,,,,,,,JNJ
2024-02-01,,,,,,,JNJ
2024-02-01,,,,,,,JNJ
2024-02-01,,,,,,,JNJ
2024-02-01,,,,,,,JNJ
2024-02-01,,,,,,,JNJ
2024-02-01,,,,,,,JNJ
2024-02-01,158.16000366210938,158.49000549316406,157.0500030517578,158.36000061035156,149.88681030273438,8012000.0,JNJ
2024-02-01,,,,,,,JNJ
2024-02-01,,,,,,,JNJ
2024-02-01,,,,,,,JNJ
2024-02-01,,,,,,,JNJ
2024-02-01,,,,,,,JNJ
2024-02-01,,,,,,,JNJ
2024-02-01,,,,,,,JNJ
2024-02-01,,,,,,,JNJ
2024-02-01,,,,,,,JNJ
2024-02-01,,,,,,,JNJ
2024-02-01,,,,,,,JNJ
2024-02-01,,,,,,,JPM
2024-02-01,,,,,,,JPM
2024-02-01,,,,,,,JPM
2024-02-01,,,,,,,JPM
2024-02-01,,,,,,,JPM
2024-02-01,,,,,,,JPM
2024-02-01,,,,,,,JPM
2024-02-01,,,,,,,JPM
2024-02-01,,,,,,,JPM
2024-02-01,173.63999938964844,174.83999633789062,171.42999267578125,173.72999572753906,167.99815368652344,9354800.0,JPM
2024-02-01,,,,,,,JPM
2024-02-01,,,,,,,JPM
2024-02-01,,,,,,,JPM
2024-02-01,,,,,,,JPM
2024-02-01,,,,,,,JPM
2024-02-01,,,,,,,JPM
2024-02-01,,,,,,,JPM
2024-02-01,,,,,,,JPM
2024-02-01,,,,,,,JPM
2024-02-01,,,,,,,JPM
2024-02-01,,,,,,,MA
2024-02-01,,,,,,,MA
2024-02-01,,,,,,,MA
2024-02-01,,,,,,,MA
2024-02-01,,,,,,,MA
2024-02-01,,,,,,,MA
2024-02-01,,,,,,,MA
2024-02-01,,,,,,,MA
2024-02-01,,,,,,,MA
2024-02-01,,,,,,,MA
2024-02-01,455.0,461.1400146484375,454.04998779296875,460.9200134277344,456.97186279296875,3292700.0,MA
2024-02-01,,,,,,,MA
2024-02-01,,,,,,,MA
2024-02-01,,,,,,,MA
2024-02-01,,,,,,,MA
2024-02-01,,,,,,,MA
2024-02-01,,,,,,,MA
2024-02-01,,,,,,,MA
2024-02-01,,,,,,,MA
2024-02-01,,,,,,,MA
2024-02-01,,,,,,,META
2024-02-01,,,,,,,META
2024-02-01,,,,,,,META
2024-02-01,,,,,,,META
2024-02-01,,,,,,,META
2024-02-01,,,,,,,META
2024-02-01,,,,,,,META
2024-02-01,,,,,,,META
2024-02-01,,,,,,,META
2024-02-01,,,,,,,META
2024-02-01,,,,,,,META
2024-02-01,393.94000244140625,400.5,393.04998779296875,394.7799987792969,392.62603759765625,29727100.0,META
2024-02-01,,,,,,,META
2024-02-01,,,,,,,META
2024-02-01,,,,,,,META
2024-02-01,,,,,,,META
2024-02-01,,,,,,,META
2024-02-01,,,,,,,META
2024-02-01,,,,,,,META
2024-02-01,,,,,,,META
2024-02-01,,,,,,,MSFT
2024-02-01,,,,,,,MSFT
2024-02-01,,,,,,,MSFT
2024-02-01,,,,,,,MSFT
2024-02-01,,,,,,,MSFT
2024-02-01,,,,,,,MSFT
2024-02-01,,,,,,,MSFT
2024-02-01,,,,,,,MSFT
2024-02-01,,,,,,,MSFT
2024-02-01,,,,,,,MSFT
2024-02-01,,,,,,,MSFT
2024-02-01,,,,,,,MSFT
2024-02-01,401.8299865722656,408.0,401.79998779296875,403.7799987792969,398.5928039550781,30657700.0,MSFT
2024-02-01,,,,,,,MSFT
2024-02-01,,,,,,,MSFT
2024-02-01,,,,,,,MSFT
2024-02-01,,,,,,,MSFT
2024-02-01,,,,,,,MSFT
2024-02-01,,,,,,,MSFT
2024-02-01,,,,,,,MSFT
2024-02-01,,,,,,,NFLX
2024-02-01,,,,,,,NFLX
2024-02-01,,,,,,,NFLX
2024-02-01,,,,,,,NFLX
2024-02-01,,,,,,,NFLX
2024-02-01,,,,,,,NFLX
2024-02-01,,,,,,,NFLX
2024-02-01,,,,,,,NFLX
2024-02-01,,,,,,,NFLX
2024-02-01,,,,,,,NFLX
2024-02-01,,,,,,,NFLX
2024-02-01,,,,,,,NFLX
2024-02-01,,,,,,,NFLX
2024-02-01,567.02001953125,572.6599731445312,563.8300170898438,567.510009765625,567.510009765625,3174000.0,NFLX
2024-02-01,,,,,,,NFLX
2024-02-01,,,,,,,NFLX
2024-02-01,,,,,,,NFLX
2024-02-01,,,,,,,NFLX
2024-02-01,,,,,,,NFLX
2024-02-01,,,,,,,NFLX
2024-02-01,,,,,,,NVDA
2024-02-01,,,,,,,NVDA
2024-02-01,,,,,,,NVDA
2024-02-01,,,,,,,NVDA
2024-02-01,,,,,,,NVDA
2024-02-01,,,,,,,NVDA
2024-02-01,,,,,,,NVDA
2024-02-01,,,,,,,NVDA
2024-02-01,,,,,,,NVDA
2024-02-01,,,,,,,NVDA
2024-02-01,,,,,,,NVDA
2024-02-01,,,,,,,NVDA
2024-02-01,,,,,,,NVDA
2024-02-01,,,,,,,NVDA
2024-02-01,62.099998474121094,63.191001892089844,61.650001525878906,63.027000427246094,62.99541473388672,369146000.0,NVDA
2024-02-01,,,,,,,NVDA
2024-02-01,,,,,,,NVDA
2024-02-01,,,,,,,NVDA
2024-02-01,,,,,,,NVDA
2024-02-01,,,,,,,NVDA
2024-02-01,,,,,,,PFE
2024-02-01,,,,,,,PFE
2024-02-01,,,,,,,PFE
2024-02-01,,,,,,,PFE
2024-02-01,,,,,,,PFE
2024-02-01,,,,,,,PFE
2024-02-01,,,,,,,PFE
2024-02-01,,,,,,,PFE
2024-02-01,,,,,,,PFE
2024-02-01,,,,,,,PFE
2024-02-01,,,,,,,PFE
2024-02-01,,,,,,,PFE
2024-02-01,,,,,,,PFE
2024-02-01,,,,,,,PFE
2024-02-01,,,,,,,PFE
2024-02-01,27.100000381469727,27.329999923706055,26.729999542236328,27.290000915527344,24.772205352783203,53883000.0,PFE
2024-02-01,,,,,,,PFE
2024-02-01,,,,,,,PFE
2024-02-01,,,,,,,PFE
2024-02-01,,,,,,,PFE
2024-02-01,,,,,,,PG
2024-02-01,,,,,,,PG
2024-02-01,,,,,,,PG
2024-02-01,,,,,,,PG
2024-02-01,,,,,,,PG
2024-02-01,,,,,,,PG
2024-02-01,,,,,,,PG
2024-02-01,,,,,,,PG
2024-02-01,,,,,,,PG
2024-02-01,,,,,,,PG
2024-02-01,,,,,,,PG
2024-02-01,,,,,,,PG
2024-02-01,,,,,,,PG
2024-02-01,,,,,,,PG
2024-02-01,,,,,,,PG
2024-02-01,,,,,,,PG
2024-02-01,156.77000427246094,159.3000030517578,156.6199951171875,159.17999267578125,153.33607482910156,7601100.0,PG
2024-02-01,,,,,,,PG
2024-02-01,,,,,,,PG
2024-02-01,,,,,,,PG
2024-02-01,,,,,,,TSLA
2024-02-01,,,,,,,TSLA
2024-02-01,,,,,,,TSLA
2024-02-01,,,,,,,TSLA
2024-02-01,,,,,,,TSLA
2024-02-01,,,,,,,TSLA
2024-02-01,,,,,,,TSLA
2024-02-01,,,,,,,TSLA
2024-02-01,,,,,,,TSLA
2024-02-01,,,,,,,TSLA
2024-02-01,,,,,,,TSLA
2024-02-01,,,,,,,TSLA
2024-02-01,,,,,,,TSLA
2024-02-01,,,,,,,TSLA
2024-02-01,,,,,,,TSLA
2024-02-01,,,,,,,TSLA
2024-02-01,,,,,,,TSLA
2024-02-01,188.5,189.8800048828125,184.27999877929688,188.86000061035156,188.86000061035156,91843300.0,TSLA
2024-02-01,,,,,,,TSLA
2024-02-01,,,,,,,TSLA
2024-02-01,,,,,,,UNH
2024-02-01,,,,,,,UNH
2024-02-01,,,,,,,UNH
2024-02-01,,,,,,,UNH
2024-02-01,,,,,,,UNH
2024-02-01,,,,,,,UNH
2024-02-01,,,,,,,UNH
2024-02-01,,,,,,,UNH
2024-02-01,,,,,,,UNH
2024-02-01,,,,,,,UNH
2024-02-01,,,,,,,UNH
2024-02-01,,,,,,,UNH
2024-02-01,,,,,,,UNH
2024-02-01,,,,,,,UNH
2024-02-01,,,,,,,UNH
2024-02-01,,,,,,,UNH
2024-02-01,,,,,,,UNH
2024-02-01,,,,,,,UNH
2024-02-01,508.8299865722656,510.2200012207031,503.0,507.1400146484375,493.6927490234375,4242600.0,UNH
2024-02-01,,,,,,,UNH
2024-02-01,,,,,,,V
2024-02-01,,,,,,,V
2024-02-01,,,,,,,V
2024-02-01,,,,,,,V
2024-02-01,,,,,,,V
2024-02-01,,,,,,,V
2024-02-01,,,,,,,V
2024-02-01,,,,,,,V
2024-02-01,,,,,,,V
2024-02-01,,,,,,,V
2024-02-01,,,,,,,V
2024-02-01,,,,,,,V
2024-02-01,,,,,,,V
2024-02-01,,,,,,,V
2024-02-01,,,,,,,V
2024-02-01,,,,,,,V
2024-02-01,,,,,,,V
2024-02-01,,,,,,,V
2024-02-01,,,,,,,V
2024-02-01,273.3900146484375,277.19000244140625,273.3599853515625,277.04998779296875,273.5500793457031,7065000.0,V
2024-03-01,179.5500030517578,180.52999877929688,177.3800048828125,179.66000366210938,178.3790283203125,73563100.0,AAPL
2024-03-01,,,,,,,AAPL
2024-03-01,,,,,,,AAPL
2024-03-01,,,,,,,AAPL
2024-03-01,,,,,,,AAPL
2024-03-01,,,,,,,AAPL
2024-03-01,,,,,,,AAPL
2024-03-01,,,,,,,AAPL
2024-03-01,,,,,,,AAPL
2024-03-01,,,,,,,AAPL
2024-03-01,,,,,,,AAPL
2024-03-01,,,,,,,AAPL
2024-03-01,,,,,,,AAPL
2024-03-01,,,,,,,AAPL
2024-03-01,,,,,,,AAPL
2024-03-01,,,,,,,AAPL
2024-03-01,,,,,,,AAPL
2024-03-01,,,,,,,AAPL
2024-03-01,,,,,,,AAPL
2024-03-01,,,,,,,AAPL
2024-03-01,,,,,,,ADBE
2024-03-01,561.1099853515625,572.8900146484375,560.6699829101562,570.9299926757812,570.9299926757812,2968100.0,ADBE
2024-03-01,,,,,,,ADBE
2024-03-01,,,,,,,ADBE
2024-03-01,,,,,,,ADBE
2024-03-01,,,,,,,ADBE
2024-03-01,,,,,,,ADBE
2024-03-01,,,,,,,ADBE
2024-03-01,,,,,,,ADBE
2024-03-01,,,,,,,ADBE
2024-03-01,,,,,,,ADBE
2024-03-01,,,,,,,ADBE
2024-03-01,,,,,,,ADBE
2024-03-01,,,,,,,ADBE
2024-03-01,,,,,,,ADBE
2024-03-01,,,,,,,ADBE
2024-03-01,,,,,,,ADBE
2024-03-01,,,,,,,ADBE
2024-03-01,,,,,,,ADBE
2024-03-01,,,,,,,ADBE
2024-03-01,,,,,,,AMZN
2024-03-01,,,,,,,AMZN
2024-03-01,176.75,178.72999572753906,176.07000732421875,178.22000122070312,178.22000122070312,31981200.0,AMZN
2024-03-01,,,,,,,AMZN
2024-03-01,,,,,,,AMZN
2024-03-01,,,,,,,AMZN
2024-03-01,,,,,,,AMZN
2024-03-01,,,,,,,AMZN
2024-03-01,,,,,,,AMZN
2024-03-01,,,,,,,AMZN
2024-03-01,,,,,,,AMZN
2024-03-01,,,,,,,AMZN
2024-03-01,,,,,,,AMZN
2024-03-01,,,,,,,AMZN
2024-03-01,,,,,,,AMZN
2024-03-01,,,,,,,AMZN
2024-03-01,,,,,,,AMZN
2024-03-01,,,,,,,AMZN
2024-03-01,,,,,,,AMZN
2024-03-01,,,,,,,AMZN
2024-03-01,,,,,,,BAC
2024-03-01,,,,,,,BAC
2024-03-01,,,,,,,BAC
2024-03-01,34.529998779296875,34.650001525878906,34.029998779296875,34.349998474121094,33.141265869140625,38432300.0,BAC
2024-03-01,,,,,,,BAC
2024-03-01,,,,,,,BAC
2024-03-01,,,,,,,BAC
2024-03-01,,,,,,,BAC
2024-03-01,,,,,,,BAC
2024-03-01,,,,,,,BAC
2024-03-01,,,,,,,BAC
2024-03-01,,,,,,,BAC
2024-03-01,,,,,,,BAC
2024-03-01,,,,,,,BAC
2024-03-01,,,,,,,BAC
2024-03-01,,,,,,,BAC
2024-03-01,,,,,,,BAC
2024-03-01,,,,,,,BAC
2024-03-01,,,,,,,BAC
2024-03-01,,,,,,,BAC
2024-03-01,,,,,,,CRM
2024-03-01,,,,,,,CRM
2024-03-01,,,,,,,CRM
2024-03-01,,,,,,,CRM
2024-03-01,307.0,318.7099914550781,306.6199951171875,316.8800048828125,314.1274108886719,9450200.0,CRM
2024-03-01,,,,,,,CRM
2024-03-01,,,,,,,CRM
2024-03-01,,,,,,,CRM
2024-03-01,,,,,,,CRM
2024-03-01,,,,,,,CRM
2024-03-01,,,,,,,CRM
2024-03-01,,,,,,,CRM
2024-03-01,,,,,,,CRM
2024-03-01,,,,,,,CRM
2024-03-01,,,,,,,CRM
2024-03-01,,,,,,,CRM
2024-03-01,,,,,,,CRM
2024-03-01,,,,,,,CRM
2024-03-01,,,,,,,CRM
2024-03-01,,,,,,,CRM
2024-03-01,,,,,,,DIS
2024-03-01,,,,,,,DIS
2024-03-01,,,,,,,DIS
2024-03-01,,,,,,,DIS
2024-03-01,,,,,,,DIS
2024-03-01,111.44000244140625,112.1500015258789,111.02999877929688,111.94999694824219,110.47318267822266,7242400.0,DIS
2024-03-01,,,,,,,DIS
2024-03-01,,,,,,,DIS
2024-03-01,,,,,,,DIS
2024-03-01,,,,,,,DIS
2024-03-01,,,,,,,DIS
2024-03-01,,,,,,,DIS
2024-03-01,,,,,,,DIS
2024-03-01,,,,,,,DIS
2024-03-01,,,,,,,DIS
2024-03-01,,,,,,,DIS
2024-03-01,,,,,,,DIS
2024-03-01,,,,,,,DIS
2024-03-01,,,,,,,DIS
2024-03-01,,,,,,,DIS
2024-03-01,,,,,,,GOOGL
2024-03-01,,,,,,,GOOGL
2024-03-01,,,,,,,GOOGL
2024-03-01,,,,,,,GOOGL
2024-03-01,,,,,,,GOOGL
2024-03-01,,,,,,,GOOGL
2024-03-01,138.42999267578125,138.8699951171875,136.9199981689453,137.13999938964844,136.20062255859375,31151100.0,GOOGL
2024-03-01,,,,,,,GOOGL
2024-03-01,,,,,,,GOOGL
2024-03-01,,,,,,,GOOGL
2024-03-01,,,,,,,GOOGL
2024-03-01,,,,,,,GOOGL
2024-03-01,,,,,,,GOOGL
2024-03-01,,,,,,,GOOGL
2024-03-01,,,,,,,GOOGL
2024-03-01,,,,,,,GOOGL
2024-03-01,,,,,,,GOOGL
2024-03-01,,,,,,,GOOGL
2024-03-01,,,,,,,GOOGL
2024-03-01,,,,,,,GOOGL
2024-03-01,,,,,,,HD
2024-03-01,,,,,,,HD
2024-03-01,,,,,,,HD
2024-03-01,,,,,,,HD
2024-03-01,,,,,,,HD
2024-03-01,,,,,,,HD
2024-03-01,,,,,,,HD
2024-03-01,380.3599853515625,385.1000061035156,379.8299865722656,384.45001220703125,368.4985046386719,2750900.0,HD
2024-03-01,,,,,,,HD
2024-03-01,,,,,,,HD
2024-03-01,,,,,,,HD
2024-03-01,,,,,,,HD
2024-03-01,,,,,,,HD
2024-03-01,,,,,,,HD
2024-03-01,,,,,,,HD
2024-03-01,,,,,,,HD
2024-03-01,,,,,,,HD
2024-03-01,,,,,,,HD
2024-03-01,,,,,,,HD
2024-03-01,,,,,,,HD
2024-03-01,,,,,,,JNJ
2024-03-01,,,,,,,JNJ
2024-03-01,,,,,,,JNJ
2024-03-01,,,,,,,JNJ
2024-03-01,,,,,,,JNJ
2024-03-01,,,,,,,JNJ
2024-03-01,,,,,,,JNJ
2024-03-01,,,,,,,JNJ
2024-03-01,161.8300018310547,162.57000732421875,161.08999633789062,162.1199951171875,154.61068725585938,5670100.0,JNJ
2024-03-01,,,,,,,JNJ
2024-03-01,,,,,,,JNJ
2024-03-01,,,,,,,JNJ
2024-03-01,,,,,,,JNJ
2024-03-01,,,,,,,JNJ
2024-03-01,,,,,,,JNJ
2024-03-01,,,,,,,JNJ
2024-03-01,,,,,,,JNJ
2024-03-01,,,,,,,JNJ
2024-03-01,,,,,,,JNJ
2024-03-01,,,,,,,JNJ
2024-03-01,,,,,,,JPM
2024-03-01,,,,,,,JPM
2024-03-01,,,,,,,JPM
2024-03-01,,,,,,,JPM
2024-03-01,,,,,,,JPM
2024-03-01,,,,,,,JPM
2024-03-01,,,,,,,JPM
2024-03-01,,,,,,,JPM
2024-03-01,,,,,,,JPM
2024-03-01,185.6999969482422,186.44000244140625,185.10000610351562,185.2899932861328,179.1767578125,6311800.0,JPM
2024-03-01,,,,,,,JPM
2024-03-01,,,,,,,JPM
2024-03-01,,,,,,,JPM
2024-03-01,,,,,,,JPM
2024-03-01,,,,,,,JPM
2024-03-01,,,,,,,JPM
2024-03-01,,,,,,,JPM
2024-03-01,,,,,,,JPM
2024-03-01,,,,,,,JPM
2024-03-01,,,,,,,JPM
2024-03-01,,,,,,,MA
2024-03-01,,,,,,,MA
2024-03-01,,,,,,,MA
2024-03-01,,,,,,,MA
2024-03-01,,,,,,,MA
2024-03-01,,,,,,,MA
2024-03-01,,,,,,,MA
2024-03-01,,,,,,,MA
2024-03-01,,,,,,,MA
2024-03-01,,,,,,,MA
2024-03-01,474.9100036621094,477.5,473.8999938964844,476.6300048828125,472.5472412109375,1748300.0,MA
2024-03-01,,,,,,,MA
2024-03-01,,,,,,,MA
2024-03-01,,,,,,,MA
2024-03-01,,,,,,,MA
2024-03-01,,,,,,,MA
2024-03-01,,,,,,,MA
2024-03-01,,,,,,,MA
2024-03-01,,,,,,,MA
2024-03-01,,,,,,,MA
2024-03-01,,,,,,,META
2024-03-01,,,,,,,META
2024-03-01,,,,,,,META
2024-03-01,,,,,,,META
2024-03-01,,,,,,,META
2024-03-01,,,,,,,META
2024-03-01,,,,,,,META
2024-03-01,,,,,,,META
2024-03-01,,,,,,,META
2024-03-01,,,,,,,META
2024-03-01,,,,,,,META
2024-03-01,492.1099853515625,504.25,491.8500061035156,502.29998779296875,500.08941650390625,16273600.0,META
2024-03-01,,,,,,,META
2024-03-01,,,,,,,META
2024-03-01,,,,,,,META
2024-03-01,,,,,,,META
2024-03-01,,,,,,,META
2024-03-01,,,,,,,META
2024-03-01,,,,,,,META
2024-03-01,,,,,,,META
2024-03-01,,,,,,,MSFT
2024-03-01,,,,,,,MSFT
2024-03-01,,,,,,,MSFT
2024-03-01,,,,,,,MSFT
2024-03-01,,,,,,,MSFT
2024-03-01,,,,,,,MSFT
2024-03-01,,,,,,,MSFT
2024-03-01,,,,,,,MSFT
2024-03-01,,,,,,,MSFT
2024-03-01,,,,,,,MSFT
2024-03-01,,,,,,,MSFT
2024-03-01,,,,,,,MSFT
2024-03-01,411.2699890136719,415.8699951171875,410.8800048828125,415.5,410.92071533203125,17823400.0,MSFT
2024-03-01,,,,,,,MSFT
2024-03-01,,,,,,,MSFT
2024-03-01,,,,,,,MSFT
2024-03-01,,,,,,,MSFT
2024-03-01,,,,,,,MSFT
2024-03-01,,,,,,,MSFT
2024-03-01,,,,,,,MSFT
2024-03-01,,,,,,,NFLX
2024-03-01,,,,,,,NFLX
2024-03-01,,,,,,,NFLX
2024-03-01,,,,,,,NFLX
2024-03-01,,,,,,,NFLX
2024-03-01,,,,,,,NFLX
2024-03-01,,,,,,,NFLX
2024-03-01,,,,,,,NFLX
2024-03-01,,,,,,,NFLX
2024-03-01,,,,,,,NFLX
2024-03-01,,,,,,,NFLX
2024-03-01,,,,,,,NFLX
2024-03-01,,,,,,,NFLX
2024-03-01,599.8099975585938,620.280029296875,599.5,619.3400268554688,619.3400268554688,4270300.0,NFLX
2024-03-01,,,,,,,NFLX
2024-03-01,,,,,,,NFLX
2024-03-01,,,,,,,NFLX
2024-03-01,,,,,,,NFLX
2024-03-01,,,,,,,NFLX
2024-03-01,,,,,,,NFLX
2024-03-01,,,,,,,NVDA
2024-03-01,,,,,,,NVDA
2024-03-01,,,,,,,NVDA
2024-03-01,,,,,,,NVDA
2024-03-01,,,,,,,NVDA
2024-03-01,,,,,,,NVDA
2024-03-01,,,,,,,NVDA
2024-03-01,,,,,,,NVDA
2024-03-01,,,,,,,NVDA
2024-03-01,,,,,,,NVDA
2024-03-01,,,,,,,NVDA
2024-03-01,,,,,,,NVDA
2024-03-01,,,,,,,NVDA
2024-03-01,,,,,,,NVDA
2024-03-01,80.0,82.30000305175781,79.43499755859375,82.27899932861328,82.23775482177734,479135000.0,NVDA
2024-03-01,,,,,,,NVDA
2024-03-01,,,,,,,NVDA
2024-03-01,,,,,,,NVDA
2024-03-01,,,,,,,NVDA
2024-03-01,,,,,,,NVDA
2024-03-01,,,,,,,PFE
2024-03-01,,,,,,,PFE
2024-03-01,,,,,,,PFE
2024-03-01,,,,,,,PFE
2024-03-01,,,,,,,PFE
2024-03-01,,,,,,,PFE
2024-03-01,,,,,,,PFE
2024-03-01,,,,,,,PFE
2024-03-01,,,,,,,PFE
2024-03-01,,,,,,,PFE
2024-03-01,,,,,,,PFE
2024-03-01,,,,,,,PFE
2024-03-01,,,,,,,PFE
2024-03-01,,,,,,,PFE
2024-03-01,,,,,,,PFE
2024-03-01,26.829999923706055,26.899999618530273,26.510000228881836,26.59000015258789,24.13678550720215,46392100.0,PFE
2024-03-01,,,,,,,PFE
2024-03-01,,,,,,,PFE
2024-03-01,,,,,,,PFE
2024-03-01,,,,,,,PFE
2024-03-01,,,,,,,PG
2024-03-01,,,,,,,PG
2024-03-01,,,,,,,PG
2024-03-01,,,,,,,PG
2024-03-01,,,,,,,PG
2024-03-01,,,,,,,PG
2024-03-01,,,,,,,PG
2024-03-01,,,,,,,PG
2024-03-01,,,,,,,PG
2024-03-01,,,,,,,PG
2024-03-01,,,,,,,PG
2024-03-01,,,,,,,PG
2024-03-01,,,,,,,PG
2024-03-01,,,,,,,PG
2024-03-01,,,,,,,PG
2024-03-01,,,,,,,PG
2024-03-01,158.0500030517578,159.02999877929688,157.61000061035156,158.85000610351562,153.01820373535156,4819800.0,PG
2024-03-01,,,,,,,PG
2024-03-01,,,,,,,PG
2024-03-01,,,,,,,PG
2024-03-01,,,,,,,TSLA
2024-03-01,,,,,,,TSLA
2024-03-01,,,,,,,TSLA
2024-03-01,,,,,,,TSLA
2024-03-01,,,,,,,TSLA
2024-03-01,,,,,,,TSLA
2024-03-01,,,,,,,TSLA
2024-03-01,,,,,,,TSLA
2024-03-01,,,,,,,TSLA
2024-03-01,,,,,,,TSLA
2024-03-01,,,,,,,TSLA
2024-03-01,,,,,,,TSLA
2024-03-01,,,,,,,TSLA
2024-03-01,,,,,,,TSLA
2024-03-01,,,,,,,TSLA
2024-03-01,,,,,,,TSLA
2024-03-01,,,,,,,TSLA
2024-03-01,200.52000427246094,204.52000427246094,198.5,202.63999938964844,202.63999938964844,82243100.0,TSLA
2024-03-01,,,,,,,TSLA
2024-03-01,,,,,,,TSLA
2024-03-01,,,,,,,UNH
2024-03-01,,,,,,,UNH
2024-03-01,,,,,,,UNH
2024-03-01,,,,,,,UNH
2024-03-01,,,,,,,UNH
2024-03-01,,,,,,,UNH
2024-03-01,,,,,,,UNH
2024-03-01,,,,,,,UNH
2024-03-01,,,,,,,UNH
2024-03-01,,,,,,,UNH
2024-03-01,,,,,,,UNH
2024-03-01,,,,,,,UNH
2024-03-01,,,,,,,UNH
2024-03-01,,,,,,,UNH
2024-03-01,,,,,,,UNH
2024-03-01,,,,,,,UNH
2024-03-01,,,,,,,UNH
2024-03-01,,,,,,,UNH
2024-03-01,489.4200134277344,490.0199890136719,477.25,489.5299987792969,476.5496826171875,7315000.0,UNH
2024-03-01,,,,,,,UNH
2024-03-01,,,,,,,V
2024-03-01,,,,,,,V
2024-03-01,,,,,,,V
2024-03-01,,,,,,,V
2024-03-01,,,,,,,V
2024-03-01,,,,,,,V
2024-03-01,,,,,,,V
2024-03-01,,,,,,,V
2024-03-01,,,,,,,V
2024-03-01,,,,,,,V
2024-03-01,,,,,,,V
2024-03-01,,,,,,,V
2024-03-01,,,,,,,V
2024-03-01,,,,,,,V
2024-03-01,,,,,,,V
2024-03-01,,,,,,,V
2024-03-01,,,,,,,V
2024-03-01,,,,,,,V
2024-03-01,,,,,,,V
2024-03-01,283.20001220703125,284.9100036621094,282.1099853515625,283.1600036621094,280.104248046875,3955700.0,V
2024-04-01,171.19000244140625,171.25,169.47999572753906,170.02999877929688,168.8177032470703,46240500.0,AAPL
2024-04-01,,,,,,,AAPL
2024-04-01,,,,,,,AAPL
2024-04-01,,,,,,,AAPL
2024-04-01,,,,,,,AAPL
2024-04-01,,,,,,,AAPL
2024-04-01,,,,,,,AAPL
2024-04-01,,,,,,,AAPL
2024-04-01,,,,,,,AAPL
2024-04-01,,,,,,,AAPL
2024-04-01,,,,,,,AAPL
2024-04-01,,,,,,,AAPL
2024-04-01,,,,,,,AAPL
2024-04-01,,,,,,,AAPL
2024-04-01,,,,,,,AAPL
2024-04-01,,,,,,,AAPL
2024-04-01,,,,,,,AAPL
2024-04-01,,,,,,,AAPL
2024-04-01,,,,,,,AAPL
2024-04-01,,,,,,,AAPL
2024-04-01,,,,,,,ADBE
2024-04-01,504.989990234375,506.9200134277344,499.30999755859375,502.0899963378906,502.0899963378906,2056000.0,ADBE
2024-04-01,,,,,,,ADBE
2024-04-01,,,,,,,ADBE
2024-04-01,,,,,,,ADBE
2024-04-01,,,,,,,ADBE
2024-04-01,,,,,,,ADBE
2024-04-01,,,,,,,ADBE
2024-04-01,,,,,,,ADBE
2024-04-01,,,,,,,ADBE
2024-04-01,,,,,,,ADBE
2024-04-01,,,,,,,ADBE
2024-04-01,,,,,,,ADBE
2024-04-01,,,,,,,ADBE
2024-04-01,,,,,,,ADBE
2024-04-01,,,,,,,ADBE
2024-04-01,,,,,,,ADBE
2024-04-01,,,,,,,ADBE
2024-04-01,,,,,,,ADBE
2024-04-01,,,,,,,ADBE
2024-04-01,,,,,,,AMZN
2024-04-01,,,,,,,AMZN
2024-04-01,180.7899932861328,183.0,179.9499969482422,180.97000122070312,180.97000122070312,29174500.0,AMZN
2024-04-01,,,,,,,AMZN
2024-04-01,,,,,,,AMZN
2024-04-01,,,,,,,AMZN
2024-04-01,,,,,,,AMZN
2024-04-01,,,,,,,AMZN
2024-04-01,,,,,,,AMZN
2024-04-01,,,,,,,AMZN
2024-04-01,,,,,,,AMZN
2024-04-01,,,,,,,AMZN
2024-04-01,,,,,,,AMZN
2024-04-01,,,,,,,AMZN
2024-04-01,,,,,,,AMZN
2024-04-01,,,,,,,AMZN
2024-04-01,,,,,,,AMZN
2024-04-01,,,,,,,AMZN
2024-04-01,,,,,,,AMZN
2024-04-01,,,,,,,AMZN
2024-04-01,,,,,,,BAC
2024-04-01,,,,,,,BAC
2024-04-01,,,,,,,BAC
2024-04-01,37.939998626708984,38.349998474121094,37.439998626708984,37.52000045776367,36.19972229003906,33908000.0,BAC
2024-04-01,,,,,,,BAC
2024-04-01,,,,,,,BAC
2024-04-01,,,,,,,BAC
2024-04-01,,,,,,,BAC
2024-04-01,,,,,,,BAC
2024-04-01,,,,,,,BAC
2024-04-01,,,,,,,BAC
2024-04-01,,,,,,,BAC
2024-04-01,,,,,,,BAC
2024-04-01,,,,,,,BAC
2024-04-01,,,,,,,BAC
2024-04-01,,,,,,,BAC
2024-04-01,,,,,,,BAC
2024-04-01,,,,,,,BAC
2024-04-01,,,,,,,BAC
2024-04-01,,,,,,,BAC
2024-04-01,,,,,,,CRM
2024-04-01,,,,,,,CRM
2024-04-01,,,,,,,CRM
2024-04-01,,,,,,,CRM
2024-04-01,301.69000244140625,303.510009765625,299.989990234375,302.260009765625,300.02587890625,2918100.0,CRM
2024-04-01,,,,,,,CRM
2024-04-01,,,,,,,CRM
2024-04-01,,,,,,,CRM
2024-04-01,,,,,,,CRM
2024-04-01,,,,,,,CRM
2024-04-01,,,,,,,CRM
2024-04-01,,,,,,,CRM
2024-04-01,,,,,,,CRM
2024-04-01,,,,,,,CRM
2024-04-01,,,,,,,CRM
2024-04-01,,,,,,,CRM
2024-04-01,,,,,,,CRM
2024-04-01,,,,,,,CRM
2024-04-01,,,,,,,CRM
2024-04-01,,,,,,,CRM
2024-04-01,,,,,,,DIS
2024-04-01,,,,,,,DIS
2024-04-01,,,,,,,DIS
2024-04-01,,,,,,,DIS
2024-04-01,,,,,,,DIS
2024-04-01,122.05999755859375,122.4000015258789,120.77999877929688,121.52999877929688,119.92681121826172,8419700.0,DIS
2024-04-01,,,,,,,DIS
2024-04-01,,,,,,,DIS
2024-04-01,,,,,,,DIS
2024-04-01,,,,,,,DIS
2024-04-01,,,,,,,DIS
2024-04-01,,,,,,,DIS
2024-04-01,,,,,,,DIS
2024-04-01,,,,,,,DIS
2024-04-01,,,,,,,DIS
2024-04-01,,,,,,,DIS
2024-04-01,,,,,,,DIS
2024-04-01,,,,,,,DIS
2024-04-01,,,,,,,DIS
2024-04-01,,,,,,,DIS
2024-04-01,,,,,,,GOOGL
2024-04-01,,,,,,,GOOGL
2024-04-01,,,,,,,GOOGL
2024-04-01,,,,,,,GOOGL
2024-04-01,,,,,,,GOOGL
2024-04-01,,,,,,,GOOGL
2024-04-01,150.69000244140625,155.74000549316406,150.61000061035156,155.49000549316406,154.4249267578125,31730800.0,GOOGL
2024-04-01,,,,,,,GOOGL
2024-04-01,,,,,,,GOOGL
2024-04-01,,,,,,,GOOGL
2024-04-01,,,,,,,GOOGL
2024-04-01,,,,,,,GOOGL
2024-04-01,,,,,,,GOOGL
2024-04-01,,,,,,,GOOGL
2024-04-01,,,,,,,GOOGL
2024-04-01,,,,,,,GOOGL
2024-04-01,,,,,,,GOOGL
2024-04-01,,,,,,,GOOGL
2024-04-01,,,,,,,GOOGL
2024-04-01,,,,,,,GOOGL
2024-04-01,,,,,,,HD
2024-04-01,,,,,,,HD
2024-04-01,,,,,,,HD
2024-04-01,,,,,,,HD
2024-04-01,,,,,,,HD
2024-04-01,,,,,,,HD
2024-04-01,,,,,,,HD
2024-04-01,381.4700012207031,383.1400146484375,367.8399963378906,368.0299987792969,354.86962890625,4333200.0,HD
2024-04-01,,,,,,,HD
2024-04-01,,,,,,,HD
2024-04-01,,,,,,,HD
2024-04-01,,,,,,,HD
2024-04-01,,,,,,,HD
2024-04-01,,,,,,,HD
2024-04-01,,,,,,,HD
2024-04-01,,,,,,,HD
2024-04-01,,,,,,,HD
2024-04-01,,,,,,,HD
2024-04-01,,,,,,,HD
2024-04-01,,,,,,,HD
2024-04-01,,,,,,,JNJ
2024-04-01,,,,,,,JNJ
2024-04-01,,,,,,,JNJ
2024-04-01,,,,,,,JNJ
2024-04-01,,,,,,,JNJ
2024-04-01,,,,,,,JNJ
2024-04-01,,,,,,,JNJ
2024-04-01,,,,,,,JNJ
2024-04-01,157.72000122070312,158.14999389648438,156.77000427246094,157.77999877929688,150.47169494628906,4364700.0,JNJ
2024-04-01,,,,,,,JNJ
2024-04-01,,,,,,,JNJ
2024-04-01,,,,,,,JNJ
2024-04-01,,,,,,,JNJ
2024-04-01,,,,,,,JNJ
2024-04-01,,,,,,,JNJ
2024-04-01,,,,,,,JNJ
2024-04-01,,,,,,,JNJ
2024-04-01,,,,,,,JNJ
2024-04-01,,,,,,,JNJ
2024-04-01,,,,,,,JNJ
2024-04-01,,,,,,,JPM
2024-04-01,,,,,,,JPM
2024-04-01,,,,,,,JPM
2024-04-01,,,,,,,JPM
2024-04-01,,,,,,,JPM
2024-04-01,,,,,,,JPM
2024-04-01,,,,,,,JPM
2024-04-01,,,,,,,JPM
2024-04-01,,,,,,,JPM
2024-04-01,199.99000549316406,200.94000244140625,198.57000732421875,198.94000244140625,192.37640380859375,7309000.0,JPM
2024-04-01,,,,,,,JPM
2024-04-01,,,,,,,JPM
2024-04-01,,,,,,,JPM
2024-04-01,,,,,,,JPM
2024-04-01,,,,,,,JPM
2024-04-01,,,,,,,JPM
2024-04-01,,,,,,,JPM
2024-04-01,,,,,,,JPM
2024-04-01,,,,,,,JPM
2024-04-01,,,,,,,JPM
2024-04-01,,,,,,,MA
2024-04-01,,,,,,,MA
2024-04-01,,,,,,,MA
2024-04-01,,,,,,,MA
2024-04-01,,,,,,,MA
2024-04-01,,,,,,,MA
2024-04-01,,,,,,,MA
2024-04-01,,,,,,,MA
2024-04-01,,,,,,,MA
2024-04-01,,,,,,,MA
2024-04-01,480.6600036621094,483.2799987792969,477.3299865722656,478.3999938964844,474.3021240234375,1648200.0,MA
2024-04-01,,,,,,,MA
2024-04-01,,,,,,,MA
2024-04-01,,,,,,,MA
2024-04-01,,,,,,,MA
2024-04-01,,,,,,,MA
2024-04-01,,,,,,,MA
2024-04-01,,,,,,,MA
2024-04-01,,,,,,,MA
2024-04-01,,,,,,,MA
2024-04-01,,,,,,,META
2024-04-01,,,,,,,META
2024-04-01,,,,,,,META
2024-04-01,,,,,,,META
2024-04-01,,,,,,,META
2024-04-01,,,,,,,META
2024-04-01,,,,,,,META
2024-04-01,,,,,,,META
2024-04-01,,,,,,,META
2024-04-01,,,,,,,META
2024-04-01,,,,,,,META
2024-04-01,487.20001220703125,497.42999267578125,481.7799987792969,491.3500061035156,489.1875915527344,9247000.0,META
2024-04-01,,,,,,,META
2024-04-01,,,,,,,META
2024-04-01,,,,,,,META
2024-04-01,,,,,,,META
2024-04-01,,,,,,,META
2024-04-01,,,,,,,META
2024-04-01,,,,,,,META
2024-04-01,,,,,,,META
2024-04-01,,,,,,,MSFT
2024-04-01,,,,,,,MSFT
2024-04-01,,,,,,,MSFT
2024-04-01,,,,,,,MSFT
2024-04-01,,,,,,,MSFT
2024-04-01,,,,,,,MSFT
2024-04-01,,,,,,,MSFT
2024-04-01,,,,,,,MSFT
2024-04-01,,,,,,,MSFT
2024-04-01,,,,,,,MSFT
2024-04-01,,,,,,,MSFT
2024-04-01,,,,,,,MSFT
2024-04-01,423.95001220703125,427.8900146484375,422.2200012207031,424.57000732421875,419.8907165527344,16316000.0,MSFT
2024-04-01,,,,,,,MSFT
2024-04-01,,,,,,,MSFT
2024-04-01,,,,,,,MSFT
2024-04-01,,,,,,,MSFT
2024-04-01,,,,,,,MSFT
2024-04-01,,,,,,,MSFT
2024-04-01,,,,,,,MSFT
2024-04-01,,,,,,,NFLX
2024-04-01,,,,,,,NFLX
2024-04-01,,,,,,,NFLX
2024-04-01,,,,,,,NFLX
2024-04-01,,,,,,,NFLX
2024-04-01,,,,,,,NFLX
2024-04-01,,,,,,,NFLX
2024-04-01,,,,,,,NFLX
2024-04-01,,,,,,,NFLX
2024-04-01,,,,,,,NFLX
2024-04-01,,,,,,,NFLX
2024-04-01,,,,,,,NFLX
2024-04-01,,,,,,,NFLX
2024-04-01,608.0,615.1099853515625,605.5700073242188,614.3099975585938,614.3099975585938,2115900.0,NFLX
2024-04-01,,,,,,,NFLX
2024-04-01,,,,,,,NFLX
2024-04-01,,,,,,,NFLX
2024-04-01,,,,,,,NFLX
2024-04-01,,,,,,,NFLX
2024-04-01,,,,,,,NFLX
2024-04-01,,,,,,,NVDA
2024-04-01,,,,,,,NVDA
2024-04-01,,,,,,,NVDA
2024-04-01,,,,,,,NVDA
2024-04-01,,,,,,,NVDA
2024-04-01,,,,,,,NVDA
2024-04-01,,,,,,,NVDA
2024-04-01,,,,,,,NVDA
2024-04-01,,,,,,,NVDA
2024-04-01,,,,,,,NVDA
2024-04-01,,,,,,,NVDA
2024-04-01,,,,,,,NVDA
2024-04-01,,,,,,,NVDA
2024-04-01,,,,,,,NVDA
2024-04-01,90.29900360107422,92.2249984741211,89.2040023803711,90.36299896240234,90.32194519042969,452441000.0,NVDA
2024-04-01,,,,,,,NVDA
2024-04-01,,,,,,,NVDA
2024-04-01,,,,,,,NVDA
2024-04-01,,,,,,,NVDA
2024-04-01,,,,,,,NVDA
2024-04-01,,,,,,,PFE
2024-04-01,,,,,,,PFE
2024-04-01,,,,,,,PFE
2024-04-01,,,,,,,PFE
2024-04-01,,,,,,,PFE
2024-04-01,,,,,,,PFE
2024-04-01,,,,,,,PFE
2024-04-01,,,,,,,PFE
2024-04-01,,,,,,,PFE
2024-04-01,,,,,,,PFE
2024-04-01,,,,,,,PFE
2024-04-01,,,,,,,PFE
2024-04-01,,,,,,,PFE
2024-04-01,,,,,,,PFE
2024-04-01,,,,,,,PFE
2024-04-01,27.760000228881836,27.8700008392334,27.579999923706055,27.719999313354492,25.16253089904785,26596600.0,PFE
2024-04-01,,,,,,,PFE
2024-04-01,,,,,,,PFE
2024-04-01,,,,,,,PFE
2024-04-01,,,,,,,PFE
2024-04-01,,,,,,,PG
2024-04-01,,,,,,,PG
2024-04-01,,,,,,,PG
2024-04-01,,,,,,,PG
2024-04-01,,,,,,,PG
2024-04-01,,,,,,,PG
2024-04-01,,,,,,,PG
2024-04-01,,,,,,,PG
2024-04-01,,,,,,,PG
2024-04-01,,,,,,,PG
2024-04-01,,,,,,,PG
2024-04-01,,,,,,,PG
2024-04-01,,,,,,,PG
2024-04-01,,,,,,,PG
2024-04-01,,,,,,,PG
2024-04-01,,,,,,,PG
2024-04-01,161.77999877929688,162.07000732421875,159.8000030517578,160.5800018310547,154.68467712402344,5971900.0,PG
2024-04-01,,,,,,,PG
2024-04-01,,,,,,,PG
2024-04-01,,,,,,,PG
2024-04-01,,,,,,,TSLA
2024-04-01,,,,,,,TSLA
2024-04-01,,,,,,,TSLA
2024-04-01,,,,,,,TSLA
2024-04-01,,,,,,,TSLA
2024-04-01,,,,,,,TSLA
2024-04-01,,,,,,,TSLA
2024-04-01,,,,,,,TSLA
2024-04-01,,,,,,,TSLA
2024-04-01,,,,,,,TSLA
2024-04-01,,,,,,,TSLA
2024-04-01,,,,,,,TSLA
2024-04-01,,,,,,,TSLA
2024-04-01,,,,,,,TSLA
2024-04-01,,,,,,,TSLA
2024-04-01,,,,,,,TSLA
2024-04-01,,,,,,,TSLA
2024-04-01,176.1699981689453,176.75,170.2100067138672,175.22000122070312,175.22000122070312,81562100.0,TSLA
2024-04-01,,,,,,,TSLA
2024-04-01,,,,,,,TSLA
2024-04-01,,,,,,,UNH
2024-04-01,,,,,,,UNH
2024-04-01,,,,,,,UNH
2024-04-01,,,,,,,UNH
2024-04-01,,,,,,,UNH
2024-04-01,,,,,,,UNH
2024-04-01,,,,,,,UNH
2024-04-01,,,,,,,UNH
2024-04-01,,,,,,,UNH
2024-04-01,,,,,,,UNH
2024-04-01,,,,,,,UNH
2024-04-01,,,,,,,UNH
2024-04-01,,,,,,,UNH
2024-04-01,,,,,,,UNH
2024-04-01,,,,,,,UNH
2024-04-01,,,,,,,UNH
2024-04-01,,,,,,,UNH
2024-04-01,,,,,,,UNH
2024-04-01,494.4700012207031,495.7799987792969,488.70001220703125,489.70001220703125,478.59442138671875,2928700.0,UNH
2024-04-01,,,,,,,UNH
2024-04-01,,,,,,,V
2024-04-01,,,,,,,V
2024-04-01,,,,,,,V
2024-04-01,,,,,,,V
2024-04-01,,,,,,,V
2024-04-01,,,,,,,V
2024-04-01,,,,,,,V
2024-04-01,,,,,,,V
2024-04-01,,,,,,,V
2024-04-01,,,,,,,V
2024-04-01,,,,,,,V
2024-04-01,,,,,,,V
2024-04-01,,,,,,,V
2024-04-01,,,,,,,V
2024-04-01,,,,,,,V
2024-04-01,,,,,,,V
2024-04-01,,,,,,,V
2024-04-01,,,,,,,V
2024-04-01,,,,,,,V
2024-04-01,280.3599853515625,280.8900146484375,276.7900085449219,278.2799987792969,275.2768859863281,5084000.0,V
2024-05-01,169.5800018310547,172.7100067138672,169.11000061035156,169.3000030517578,168.0928955078125,50383100.0,AAPL
2024-05-01,,,,,,,AAPL
2024-05-01,,,,,,,AAPL
2024-05-01,,,,,,,AAPL
2024-05-01,,,,,,,AAPL
2024-05-01,,,,,,,AAPL
2024-05-01,,,,,,,AAPL
2024-05-01,,,,,,,AAPL
2024-05-01,,,,,,,AAPL
2024-05-01,,,,,,,AAPL
2024-05-01,,,,,,,AAPL
2024-05-01,,,,,,,AAPL
2024-05-01,,,,,,,AAPL
2024-05-01,,,,,,,AAPL
2024-05-01,,,,,,,AAPL
2024-05-01,,,,,,,AAPL
2024-05-01,,,,,,,AAPL
2024-05-01,,,,,,,AAPL
2024-05-01,,,,,,,AAPL
2024-05-01,,,,,,,AAPL
2024-05-01,,,,,,,ADBE
2024-05-01,461.1199951171875,477.760009765625,460.3599853515625,469.3900146484375,469.3900146484375,2490200.0,ADBE
2024-05-01,,,,,,,ADBE
2024-05-01,,,,,,,ADBE
2024-05-01,,,,,,,ADBE
2024-05-01,,,,,,,ADBE
2024-05-01,,,,,,,ADBE
2024-05-01,,,,,,,ADBE
2024-05-01,,,,,,,ADBE
2024-05-01,,,,,,,ADBE
2024-05-01,,,,,,,ADBE
2024-05-01,,,,,,,ADBE
2024-05-01,,,,,,,ADBE
2024-05-01,,,,,,,ADBE
2024-05-01,,,,,,,ADBE
2024-05-01,,,,,,,ADBE
2024-05-01,,,,,,,ADBE
2024-05-01,,,,,,,ADBE
2024-05-01,,,,,,,ADBE
2024-05-01,,,,,,,ADBE
2024-05-01,,,,,,,AMZN
2024-05-01,,,,,,,AMZN
2024-05-01,181.63999938964844,185.14999389648438,176.55999755859375,179.0,179.0,94645100.0,AMZN
2024-05-01,,,,,,,AMZN
2024-05-01,,,,,,,AMZN
2024-05-01,,,,,,,AMZN
2024-05-01,,,,,,,AMZN
2024-05-01,,,,,,,AMZN
2024-05-01,,,,,,,AMZN
2024-05-01,,,,,,,AMZN
2024-05-01,,,,,,,AMZN
2024-05-01,,,,,,,AMZN
2024-05-01,,,,,,,AMZN
2024-05-01,,,,,,,AMZN
2024-05-01,,,,,,,AMZN
2024-05-01,,,,,,,AMZN
2024-05-01,,,,,,,AMZN
2024-05-01,,,,,,,AMZN
2024-05-01,,,,,,,AMZN
2024-05-01,,,,,,,AMZN
2024-05-01,,,,,,,BAC
2024-05-01,,,,,,,BAC
2024-05-01,,,,,,,BAC
2024-05-01,37.209999084472656,37.5099983215332,36.77000045776367,36.95000076293945,35.649776458740234,32272000.0,BAC
2024-05-01,,,,,,,BAC
2024-05-01,,,,,,,BAC
2024-05-01,,,,,,,BAC
2024-05-01,,,,,,,BAC
2024-05-01,,,,,,,BAC
2024-05-01,,,,,,,BAC
2024-05-01,,,,,,,BAC
2024-05-01,,,,,,,BAC
2024-05-01,,,,,,,BAC
2024-05-01,,,,,,,BAC
2024-05-01,,,,,,,BAC
2024-05-01,,,,,,,BAC
2024-05-01,,,,,,,BAC
2024-05-01,,,,,,,BAC
2024-05-01,,,,,,,BAC
2024-05-01,,,,,,,BAC
2024-05-01,,,,,,,CRM
2024-05-01,,,,,,,CRM
2024-05-01,,,,,,,CRM
2024-05-01,,,,,,,CRM
2024-05-01,269.0199890136719,274.0,266.54998779296875,268.69000244140625,266.7039489746094,3761000.0,CRM
2024-05-01,,,,,,,CRM
2024-05-01,,,,,,,CRM
2024-05-01,,,,,,,CRM
2024-05-01,,,,,,,CRM
2024-05-01,,,,,,,CRM
2024-05-01,,,,,,,CRM
2024-05-01,,,,,,,CRM
2024-05-01,,,,,,,CRM
2024-05-01,,,,,,,CRM
2024-05-01,,,,,,,CRM
2024-05-01,,,,,,,CRM
2024-05-01,,,,,,,CRM
2024-05-01,,,,,,,CRM
2024-05-01,,,,,,,CRM
2024-05-01,,,,,,,CRM
2024-05-01,,,,,,,DIS
2024-05-01,,,,,,,DIS
2024-05-01,,,,,,,DIS
2024-05-01,,,,,,,DIS
2024-05-01,,,,,,,DIS
2024-05-01,111.29000091552734,111.98999786376953,110.20999908447266,110.4800033569336,109.0225830078125,6338400.0,DIS
2024-05-01,,,,,,,DIS
2024-05-01,,,,,,,DIS
2024-05-01,,,,,,,DIS
2024-05-01,,,,,,,DIS
2024-05-01,,,,,,,DIS
2024-05-01,,,,,,,DIS
2024-05-01,,,,,,,DIS
2024-05-01,,,,,,,DIS
2024-05-01,,,,,,,DIS
2024-05-01,,,,,,,DIS
2024-05-01,,,,,,,DIS
2024-05-01,,,,,,,DIS
2024-05-01,,,,,,,DIS
2024-05-01,,,,,,,DIS
2024-05-01,,,,,,,GOOGL
2024-05-01,,,,,,,GOOGL
2024-05-01,,,,,,,GOOGL
2024-05-01,,,,,,,GOOGL
2024-05-01,,,,,,,GOOGL
2024-05-01,,,,,,,GOOGL
2024-05-01,164.3000030517578,167.1199951171875,163.08999633789062,163.86000061035156,162.7375946044922,33493200.0,GOOGL
2024-05-01,,,,,,,GOOGL
2024-05-01,,,,,,,GOOGL
2024-05-01,,,,,,,GOOGL
2024-05-01,,,,,,,GOOGL
2024-05-01,,,,,,,GOOGL
2024-05-01,,,,,,,GOOGL
2024-05-01,,,,,,,GOOGL
2024-05-01,,,,,,,GOOGL
2024-05-01,,,,,,,GOOGL
2024-05-01,,,,,,,GOOGL
2024-05-01,,,,,,,GOOGL
2024-05-01,,,,,,,GOOGL
2024-05-01,,,,,,,GOOGL
2024-05-01,,,,,,,HD
2024-05-01,,,,,,,HD
2024-05-01,,,,,,,HD
2024-05-01,,,,,,,HD
2024-05-01,,,,,,,HD
2024-05-01,,,,,,,HD
2024-05-01,,,,,,,HD
2024-05-01,333.010009765625,335.3900146484375,329.42999267578125,331.9700012207031,320.0990905761719,3267500.0,HD
2024-05-01,,,,,,,HD
2024-05-01,,,,,,,HD
2024-05-01,,,,,,,HD
2024-05-01,,,,,,,HD
2024-05-01,,,,,,,HD
2024-05-01,,,,,,,HD
2024-05-01,,,,,,,HD
2024-05-01,,,,,,,HD
2024-05-01,,,,,,,HD
2024-05-01,,,,,,,HD
2024-05-01,,,,,,,HD
2024-05-01,,,,,,,HD
2024-05-01,,,,,,,JNJ
2024-05-01,,,,,,,JNJ
2024-05-01,,,,,,,JNJ
2024-05-01,,,,,,,JNJ
2024-05-01,,,,,,,JNJ
2024-05-01,,,,,,,JNJ
2024-05-01,,,,,,,JNJ
2024-05-01,,,,,,,JNJ
2024-05-01,148.74000549316406,151.85000610351562,147.6199951171875,151.17999267578125,144.17739868164062,14470900.0,JNJ
2024-05-01,,,,,,,JNJ
2024-05-01,,,,,,,JNJ
2024-05-01,,,,,,,JNJ
2024-05-01,,,,,,,JNJ
2024-05-01,,,,,,,JNJ
2024-05-01,,,,,,,JNJ
2024-05-01,,,,,,,JNJ
2024-05-01,,,,,,,JNJ
2024-05-01,,,,,,,JNJ
2024-05-01,,,,,,,JNJ
2024-05-01,,,,,,,JNJ
2024-05-01,,,,,,,JPM
2024-05-01,,,,,,,JPM
2024-05-01,,,,,,,JPM
2024-05-01,,,,,,,JPM
2024-05-01,,,,,,,JPM
2024-05-01,,,,,,,JPM
2024-05-01,,,,,,,JPM
2024-05-01,,,,,,,JPM
2024-05-01,,,,,,,JPM
2024-05-01,192.27000427246094,194.4600067138672,190.7899932861328,191.86000061035156,186.61219787597656,7445300.0,JPM
2024-05-01,,,,,,,JPM
2024-05-01,,,,,,,JPM
2024-05-01,,,,,,,JPM
2024-05-01,,,,,,,JPM
2024-05-01,,,,,,,JPM
2024-05-01,,,,,,,JPM
2024-05-01,,,,,,,JPM
2024-05-01,,,,,,,JPM
2024-05-01,,,,,,,JPM
2024-05-01,,,,,,,JPM
2024-05-01,,,,,,,MA
2024-05-01,,,,,,,MA
2024-05-01,,,,,,,MA
2024-05-01,,,,,,,MA
2024-05-01,,,,,,,MA
2024-05-01,,,,,,,MA
2024-05-01,,,,,,,MA
2024-05-01,,,,,,,MA
2024-05-01,,,,,,,MA
2024-05-01,,,,,,,MA
2024-05-01,445.79998779296875,448.9800109863281,438.3800048828125,442.07000732421875,438.8903503417969,4979100.0,MA
2024-05-01,,,,,,,MA
2024-05-01,,,,,,,MA
2024-05-01,,,,,,,MA
2024-05-01,,,,,,,MA
2024-05-01,,,,,,,MA
2024-05-01,,,,,,,MA
2024-05-01,,,,,,,MA
2024-05-01,,,,,,,MA
2024-05-01,,,,,,,MA
2024-05-01,,,,,,,META
2024-05-01,,,,,,,META
2024-05-01,,,,,,,META
2024-05-01,,,,,,,META
2024-05-01,,,,,,,META
2024-05-01,,,,,,,META
2024-05-01,,,,,,,META
2024-05-01,,,,,,,META
2024-05-01,,,,,,,META
2024-05-01,,,,,,,META
2024-05-01,,,,,,,META
2024-05-01,428.6000061035156,449.9599914550781,427.1099853515625,439.19000244140625,437.2571716308594,20344900.0,META
2024-05-01,,,,,,,META
2024-05-01,,,,,,,META
2024-05-01,,,,,,,META
2024-05-01,,,,,,,META
2024-05-01,,,,,,,META
2024-05-01,,,,,,,META
2024-05-01,,,,,,,META
2024-05-01,,,,,,,META
2024-05-01,,,,,,,MSFT
2024-05-01,,,,,,,MSFT
2024-05-01,,,,,,,MSFT
2024-05-01,,,,,,,MSFT
2024-05-01,,,,,,,MSFT
2024-05-01,,,,,,,MSFT
2024-05-01,,,,,,,MSFT
2024-05-01,,,,,,,MSFT
2024-05-01,,,,,,,MSFT
2024-05-01,,,,,,,MSFT
2024-05-01,,,,,,,MSFT
2024-05-01,,,,,,,MSFT
2024-05-01,392.6099853515625,401.7200012207031,390.30999755859375,394.94000244140625,390.5873107910156,23562500.0,MSFT
2024-05-01,,,,,,,MSFT
2024-05-01,,,,,,,MSFT
2024-05-01,,,,,,,MSFT
2024-05-01,,,,,,,MSFT
2024-05-01,,,,,,,MSFT
2024-05-01,,,,,,,MSFT
2024-05-01,,,,,,,MSFT
2024-05-01,,,,,,,NFLX
2024-05-01,,,,,,,NFLX
2024-05-01,,,,,,,NFLX
2024-05-01,,,,,,,NFLX
2024-05-01,,,,,,,NFLX
2024-05-01,,,,,,,NFLX
2024-05-01,,,,,,,NFLX
2024-05-01,,,,,,,NFLX
2024-05-01,,,,,,,NFLX
2024-05-01,,,,,,,NFLX
2024-05-01,,,,,,,NFLX
2024-05-01,,,,,,,NFLX
2024-05-01,,,,,,,NFLX
2024-05-01,547.8400268554688,560.3900146484375,544.25,551.7100219726562,551.7100219726562,3473200.0,NFLX
2024-05-01,,,,,,,NFLX
2024-05-01,,,,,,,NFLX
2024-05-01,,,,,,,NFLX
2024-05-01,,,,,,,NFLX
2024-05-01,,,,,,,NFLX
2024-05-01,,,,,,,NFLX
2024-05-01,,,,,,,NVDA
2024-05-01,,,,,,,NVDA
2024-05-01,,,,,,,NVDA
2024-05-01,,,,,,,NVDA
2024-05-01,,,,,,,NVDA
2024-05-01,,,,,,,NVDA
2024-05-01,,,,,,,NVDA
2024-05-01,,,,,,,NVDA
2024-05-01,,,,,,,NVDA
2024-05-01,,,,,,,NVDA
2024-05-01,,,,,,,NVDA
2024-05-01,,,,,,,NVDA
2024-05-01,,,,,,,NVDA
2024-05-01,,,,,,,NVDA
2024-05-01,85.0770034790039,86.0,81.25499725341797,83.04100036621094,83.00326538085938,559863000.0,NVDA
2024-05-01,,,,,,,NVDA
2024-05-01,,,,,,,NVDA
2024-05-01,,,,,,,NVDA
2024-05-01,,,,,,,NVDA
2024-05-01,,,,,,,NVDA
2024-05-01,,,,,,,PFE
2024-05-01,,,,,,,PFE
2024-05-01,,,,,,,PFE
2024-05-01,,,,,,,PFE
2024-05-01,,,,,,,PFE
2024-05-01,,,,,,,PFE
2024-05-01,,,,,,,PFE
2024-05-01,,,,,,,PFE
2024-05-01,,,,,,,PFE
2024-05-01,,,,,,,PFE
2024-05-01,,,,,,,PFE
2024-05-01,,,,,,,PFE
2024-05-01,,,,,,,PFE
2024-05-01,,,,,,,PFE
2024-05-01,,,,,,,PFE
2024-05-01,26.329999923706055,27.450000762939453,26.020000457763672,27.18000030517578,24.672353744506836,97388900.0,PFE
2024-05-01,,,,,,,PFE
2024-05-01,,,,,,,PFE
2024-05-01,,,,,,,PFE
2024-05-01,,,,,,,PFE
2024-05-01,,,,,,,PG
2024-05-01,,,,,,,PG
2024-05-01,,,,,,,PG
2024-05-01,,,,,,,PG
2024-05-01,,,,,,,PG
2024-05-01,,,,,,,PG
2024-05-01,,,,,,,PG
2024-05-01,,,,,,,PG
2024-05-01,,,,,,,PG
2024-05-01,,,,,,,PG
2024-05-01,,,,,,,PG
2024-05-01,,,,,,,PG
2024-05-01,,,,,,,PG
2024-05-01,,,,,,,PG
2024-05-01,,,,,,,PG
2024-05-01,,,,,,,PG
2024-05-01,163.27999877929688,164.24000549316406,162.22000122070312,163.39999389648438,158.41749572753906,7543000.0,PG
2024-05-01,,,,,,,PG
2024-05-01,,,,,,,PG
2024-05-01,,,,,,,PG
2024-05-01,,,,,,,TSLA
2024-05-01,,,,,,,TSLA
2024-05-01,,,,,,,TSLA
2024-05-01,,,,,,,TSLA
2024-05-01,,,,,,,TSLA
2024-05-01,,,,,,,TSLA
2024-05-01,,,,,,,TSLA
2024-05-01,,,,,,,TSLA
2024-05-01,,,,,,,TSLA
2024-05-01,,,,,,,TSLA
2024-05-01,,,,,,,TSLA
2024-05-01,,,,,,,TSLA
2024-05-01,,,,,,,TSLA
2024-05-01,,,,,,,TSLA
2024-05-01,,,,,,,TSLA
2024-05-01,,,,,,,TSLA
2024-05-01,,,,,,,TSLA
2024-05-01,182.0,185.86000061035156,179.00999450683594,179.99000549316406,179.99000549316406,92829700.0,TSLA
2024-05-01,,,,,,,TSLA
2024-05-01,,,,,,,TSLA
2024-05-01,,,,,,,UNH
2024-05-01,,,,,,,UNH
2024-05-01,,,,,,,UNH
2024-05-01,,,,,,,UNH
2024-05-01,,,,,,,UNH
2024-05-01,,,,,,,UNH
2024-05-01,,,,,,,UNH
2024-05-01,,,,,,,UNH
2024-05-01,,,,,,,UNH
2024-05-01,,,,,,,UNH
2024-05-01,,,,,,,UNH
2024-05-01,,,,,,,UNH
2024-05-01,,,,,,,UNH
2024-05-01,,,,,,,UNH
2024-05-01,,,,,,,UNH
2024-05-01,,,,,,,UNH
2024-05-01,,,,,,,UNH
2024-05-01,,,,,,,UNH
2024-05-01,479.260009765625,489.19000244140625,477.07000732421875,484.1099853515625,473.13116455078125,2729200.0,UNH
2024-05-01,,,,,,,UNH
2024-05-01,,,,,,,V
2024-05-01,,,,,,,V
2024-05-01,,,,,,,V
2024-05-01,,,,,,,V
2024-05-01,,,,,,,V
2024-05-01,,,,,,,V
2024-05-01,,,,,,,V
2024-05-01,,,,,,,V
2024-05-01,,,,,,,V
2024-05-01,,,,,,,V
2024-05-01,,,,,,,V
2024-05-01,,,,,,,V
2024-05-01,,,,,,,V
2024-05-01,,,,,,,V
2024-05-01,,,,,,,V
2024-05-01,,,,,,,V
2024-05-01,,,,,,,V
2024-05-01,,,,,,,V
2024-05-01,,,,,,,V
2024-05-01,268.1499938964844,270.9100036621094,266.7099914550781,267.32000732421875,264.4352111816406,6119900.0,V
2024-06-01,192.89999389648438,194.99000549316406,192.52000427246094,194.02999877929688,192.90786743164062,50080500.0,AAPL
2024-06-01,,,,,,,AAPL
2024-06-01,,,,,,,AAPL
2024-06-01,,,,,,,AAPL
2024-06-01,,,,,,,AAPL
2024-06-01,,,,,,,AAPL
2024-06-01,,,,,,,AAPL
2024-06-01,,,,,,,AAPL
2024-06-01,,,,,,,AAPL
2024-06-01,,,,,,,AAPL
2024-06-01,,,,,,,AAPL
2024-06-01,,,,,,,AAPL
2024-06-01,,,,,,,AAPL
2024-06-01,,,,,,,AAPL
2024-06-01,,,,,,,AAPL
2024-06-01,,,,,,,AAPL
2024-06-01,,,,,,,AAPL
2024-06-01,,,,,,,AAPL
2024-06-01,,,,,,,AAPL
2024-06-01,,,,,,,AAPL
2024-06-01,,,,,,,ADBE
2024-06-01,447.5799865722656,449.8399963378906,436.5799865722656,439.0199890136719,439.0199890136719,3967700.0,ADBE
2024-06-01,,,,,,,ADBE
2024-06-01,,,,,,,ADBE
2024-06-01,,,,,,,ADBE
2024-06-01,,,,,,,ADBE
2024-06-01,,,,,,,ADBE
2024-06-01,,,,,,,ADBE
2024-06-01,,,,,,,ADBE
2024-06-01,,,,,,,ADBE
2024-06-01,,,,,,,ADBE
2024-06-01,,,,,,,ADBE
2024-06-01,,,,,,,ADBE
2024-06-01,,,,,,,ADBE
2024-06-01,,,,,,,ADBE
2024-06-01,,,,,,,ADBE
2024-06-01,,,,,,,ADBE
2024-06-01,,,,,,,ADBE
2024-06-01,,,,,,,ADBE
2024-06-01,,,,,,,ADBE
2024-06-01,,,,,,,AMZN
2024-06-01,,,,,,,AMZN
2024-06-01,177.6999969482422,178.6999969482422,175.9199981689453,178.33999633789062,178.33999633789062,30786600.0,AMZN
2024-06-01,,,,,,,AMZN
2024-06-01,,,,,,,AMZN
2024-06-01,,,,,,,AMZN
2024-06-01,,,,,,,AMZN
2024-06-01,,,,,,,AMZN
2024-06-01,,,,,,,AMZN
2024-06-01,,,,,,,AMZN
2024-06-01,,,,,,,AMZN
2024-06-01,,,,,,,AMZN
2024-06-01,,,,,,,AMZN
2024-06-01,,,,,,,AMZN
2024-06-01,,,,,,,AMZN
2024-06-01,,,,,,,AMZN
2024-06-01,,,,,,,AMZN
2024-06-01,,,,,,,AMZN
2024-06-01,,,,,,,AMZN
2024-06-01,,,,,,,AMZN
2024-06-01,,,,,,,BAC
2024-06-01,,,,,,,BAC
2024-06-01,,,,,,,BAC
2024-06-01,40.040000915527344,40.189998626708984,39.36000061035156,39.880001068115234,38.4766731262207,31898600.0,BAC
2024-06-01,,,,,,,BAC
2024-06-01,,,,,,,BAC
2024-06-01,,,,,,,BAC
2024-06-01,,,,,,,BAC
2024-06-01,,,,,,,BAC
2024-06-01,,,,,,,BAC
2024-06-01,,,,,,,BAC
2024-06-01,,,,,,,BAC
2024-06-01,,,,,,,BAC
2024-06-01,,,,,,,BAC
2024-06-01,,,,,,,BAC
2024-06-01,,,,,,,BAC
2024-06-01,,,,,,,BAC
2024-06-01,,,,,,,BAC
2024-06-01,,,,,,,BAC
2024-06-01,,,,,,,BAC
2024-06-01,,,,,,,CRM
2024-06-01,,,,,,,CRM
2024-06-01,,,,,,,CRM
2024-06-01,,,,,,,CRM
2024-06-01,234.6199951171875,240.99000549316406,230.2100067138672,236.6199951171875,234.8710174560547,19962700.0,CRM
2024-06-01,,,,,,,CRM
2024-06-01,,,,,,,CRM
2024-06-01,,,,,,,CRM
2024-06-01,,,,,,,CRM
2024-06-01,,,,,,,CRM
2024-06-01,,,,,,,CRM
2024-06-01,,,,,,,CRM
2024-06-01,,,,,,,CRM
2024-06-01,,,,,,,CRM
2024-06-01,,,,,,,CRM
2024-06-01,,,,,,,CRM
2024-06-01,,,,,,,CRM
2024-06-01,,,,,,,CRM
2024-06-01,,,,,,,CRM
2024-06-01,,,,,,,CRM
2024-06-01,,,,,,,DIS
2024-06-01,,,,,,,DIS
2024-06-01,,,,,,,DIS
2024-06-01,,,,,,,DIS
2024-06-01,,,,,,,DIS
2024-06-01,104.16999816894531,104.22000122070312,102.4800033569336,102.7699966430664,101.4142837524414,6908600.0,DIS
2024-06-01,,,,,,,DIS
2024-06-01,,,,,,,DIS
2024-06-01,,,,,,,DIS
2024-06-01,,,,,,,DIS
2024-06-01,,,,,,,DIS
2024-06-01,,,,,,,DIS
2024-06-01,,,,,,,DIS
2024-06-01,,,,,,,DIS
2024-06-01,,,,,,,DIS
2024-06-01,,,,,,,DIS
2024-06-01,,,,,,,DIS
2024-06-01,,,,,,,DIS
2024-06-01,,,,,,,DIS
2024-06-01,,,,,,,DIS
2024-06-01,,,,,,,GOOGL
2024-06-01,,,,,,,GOOGL
2024-06-01,,,,,,,GOOGL
2024-06-01,,,,,,,GOOGL
2024-06-01,,,,,,,GOOGL
2024-06-01,,,,,,,GOOGL
2024-06-01,172.5399932861328,174.52999877929688,171.16000366210938,173.1699981689453,171.9838104248047,27459100.0,GOOGL
2024-06-01,,,,,,,GOOGL
2024-06-01,,,,,,,GOOGL
2024-06-01,,,,,,,GOOGL
2024-06-01,,,,,,,GOOGL
2024-06-01,,,,,,,GOOGL
2024-06-01,,,,,,,GOOGL
2024-06-01,,,,,,,GOOGL
2024-06-01,,,,,,,GOOGL
2024-06-01,,,,,,,GOOGL
2024-06-01,,,,,,,GOOGL
2024-06-01,,,,,,,GOOGL
2024-06-01,,,,,,,GOOGL
2024-06-01,,,,,,,GOOGL
2024-06-01,,,,,,,HD
2024-06-01,,,,,,,HD
2024-06-01,,,,,,,HD
2024-06-01,,,,,,,HD
2024-06-01,,,,,,,HD
2024-06-01,,,,,,,HD
2024-06-01,,,,,,,HD
2024-06-01,333.6499938964844,333.6499938964844,326.8399963378906,328.010009765625,318.4794006347656,3712800.0,HD
2024-06-01,,,,,,,HD
2024-06-01,,,,,,,HD
2024-06-01,,,,,,,HD
2024-06-01,,,,,,,HD
2024-06-01,,,,,,,HD
2024-06-01,,,,,,,HD
2024-06-01,,,,,,,HD
2024-06-01,,,,,,,HD
2024-06-01,,,,,,,HD
2024-06-01,,,,,,,HD
2024-06-01,,,,,,,HD
2024-06-01,,,,,,,HD
2024-06-01,,,,,,,JNJ
2024-06-01,,,,,,,JNJ
2024-06-01,,,,,,,JNJ
2024-06-01,,,,,,,JNJ
2024-06-01,,,,,,,JNJ
2024-06-01,,,,,,,JNJ
2024-06-01,,,,,,,JNJ
2024-06-01,,,,,,,JNJ
2024-06-01,147.25,148.89999389648438,146.77000427246094,147.74000549316406,142.03567504882812,7329200.0,JNJ
2024-06-01,,,,,,,JNJ
2024-06-01,,,,,,,JNJ
2024-06-01,,,,,,,JNJ
2024-06-01,,,,,,,JNJ
2024-06-01,,,,,,,JNJ
2024-06-01,,,,,,,JNJ
2024-06-01,,,,,,,JNJ
2024-06-01,,,,,,,JNJ
2024-06-01,,,,,,,JNJ
2024-06-01,,,,,,,JNJ
2024-06-01,,,,,,,JNJ
2024-06-01,,,,,,,JPM
2024-06-01,,,,,,,JPM
2024-06-01,,,,,,,JPM
2024-06-01,,,,,,,JPM
2024-06-01,,,,,,,JPM
2024-06-01,,,,,,,JPM
2024-06-01,,,,,,,JPM
2024-06-01,,,,,,,JPM
2024-06-01,,,,,,,JPM
2024-06-01,202.30999755859375,202.4199981689453,199.19000244140625,201.82000732421875,196.2998046875,6444300.0,JPM
2024-06-01,,,,,,,JPM
2024-06-01,,,,,,,JPM
2024-06-01,,,,,,,JPM
2024-06-01,,,,,,,JPM
2024-06-01,,,,,,,JPM
2024-06-01,,,,,,,JPM
2024-06-01,,,,,,,JPM
2024-06-01,,,,,,,JPM
2024-06-01,,,,,,,JPM
2024-06-01,,,,,,,JPM
2024-06-01,,,,,,,MA
2024-06-01,,,,,,,MA
2024-06-01,,,,,,,MA
2024-06-01,,,,,,,MA
2024-06-01,,,,,,,MA
2024-06-01,,,,,,,MA
2024-06-01,,,,,,,MA
2024-06-01,,,,,,,MA
2024-06-01,,,,,,,MA
2024-06-01,,,,,,,MA
2024-06-01,443.4800109863281,445.0,437.8900146484375,443.19000244140625,440.0023498535156,2123800.0,MA
2024-06-01,,,,,,,MA
2024-06-01,,,,,,,MA
2024-06-01,,,,,,,MA
2024-06-01,,,,,,,MA
2024-06-01,,,,,,,MA
2024-06-01,,,,,,,MA
2024-06-01,,,,,,,MA
2024-06-01,,,,,,,MA
2024-06-01,,,,,,,MA
2024-06-01,,,,,,,META
2024-06-01,,,,,,,META
2024-06-01,,,,,,,META
2024-06-01,,,,,,,META
2024-06-01,,,,,,,META
2024-06-01,,,,,,,META
2024-06-01,,,,,,,META
2024-06-01,,,,,,,META
2024-06-01,,,,,,,META
2024-06-01,,,,,,,META
2024-06-01,,,,,,,META
2024-06-01,470.8599853515625,479.6000061035156,468.239990234375,477.489990234375,475.3885803222656,11279400.0,META
2024-06-01,,,,,,,META
2024-06-01,,,,,,,META
2024-06-01,,,,,,,META
2024-06-01,,,,,,,META
2024-06-01,,,,,,,META
2024-06-01,,,,,,,META
2024-06-01,,,,,,,META
2024-06-01,,,,,,,META
2024-06-01,,,,,,,MSFT
2024-06-01,,,,,,,MSFT
2024-06-01,,,,,,,MSFT
2024-06-01,,,,,,,MSFT
2024-06-01,,,,,,,MSFT
2024-06-01,,,,,,,MSFT
2024-06-01,,,,,,,MSFT
2024-06-01,,,,,,,MSFT
2024-06-01,,,,,,,MSFT
2024-06-01,,,,,,,MSFT
2024-06-01,,,,,,,MSFT
2024-06-01,,,,,,,MSFT
2024-06-01,415.5299987792969,416.42999267578125,408.9200134277344,413.5199890136719,409.70013427734375,17484700.0,MSFT
2024-06-01,,,,,,,MSFT
2024-06-01,,,,,,,MSFT
2024-06-01,,,,,,,MSFT
2024-06-01,,,,,,,MSFT
2024-06-01,,,,,,,MSFT
2024-06-01,,,,,,,MSFT
2024-06-01,,,,,,,MSFT
2024-06-01,,,,,,,NFLX
2024-06-01,,,,,,,NFLX
2024-06-01,,,,,,,NFLX
2024-06-01,,,,,,,NFLX
2024-06-01,,,,,,,NFLX
2024-06-01,,,,,,,NFLX
2024-06-01,,,,,,,NFLX
2024-06-01,,,,,,,NFLX
2024-06-01,,,,,,,NFLX
2024-06-01,,,,,,,NFLX
2024-06-01,,,,,,,NFLX
2024-06-01,,,,,,,NFLX
2024-06-01,,,,,,,NFLX
2024-06-01,645.219970703125,646.780029296875,627.27001953125,633.7899780273438,633.7899780273438,2323500.0,NFLX
2024-06-01,,,,,,,NFLX
2024-06-01,,,,,,,NFLX
2024-06-01,,,,,,,NFLX
2024-06-01,,,,,,,NFLX
2024-06-01,,,,,,,NFLX
2024-06-01,,,,,,,NFLX
2024-06-01,,,,,,,NVDA
2024-06-01,,,,,,,NVDA
2024-06-01,,,,,,,NVDA
2024-06-01,,,,,,,NVDA
2024-06-01,,,,,,,NVDA
2024-06-01,,,,,,,NVDA
2024-06-01,,,,,,,NVDA
2024-06-01,,,,,,,NVDA
2024-06-01,,,,,,,NVDA
2024-06-01,,,,,,,NVDA
2024-06-01,,,,,,,NVDA
2024-06-01,,,,,,,NVDA
2024-06-01,,,,,,,NVDA
2024-06-01,,,,,,,NVDA
2024-06-01,113.62100219726562,115.0,112.00299835205078,115.0,114.94776153564453,438392000.0,NVDA
2024-06-01,,,,,,,NVDA
2024-06-01,,,,,,,NVDA
2024-06-01,,,,,,,NVDA
2024-06-01,,,,,,,NVDA
2024-06-01,,,,,,,NVDA
2024-06-01,,,,,,,PFE
2024-06-01,,,,,,,PFE
2024-06-01,,,,,,,PFE
2024-06-01,,,,,,,PFE
2024-06-01,,,,,,,PFE
2024-06-01,,,,,,,PFE
2024-06-01,,,,,,,PFE
2024-06-01,,,,,,,PFE
2024-06-01,,,,,,,PFE
2024-06-01,,,,,,,PFE
2024-06-01,,,,,,,PFE
2024-06-01,,,,,,,PFE
2024-06-01,,,,,,,PFE
2024-06-01,,,,,,,PFE
2024-06-01,,,,,,,PFE
2024-06-01,28.65999984741211,29.530000686645508,28.639999389648438,29.309999465942383,27.0070743560791,38177200.0,PFE
2024-06-01,,,,,,,PFE
2024-06-01,,,,,,,PFE
2024-06-01,,,,,,,PFE
2024-06-01,,,,,,,PFE
2024-06-01,,,,,,,PG
2024-06-01,,,,,,,PG
2024-06-01,,,,,,,PG
2024-06-01,,,,,,,PG
2024-06-01,,,,,,,PG
2024-06-01,,,,,,,PG
2024-06-01,,,,,,,PG
2024-06-01,,,,,,,PG
2024-06-01,,,,,,,PG
2024-06-01,,,,,,,PG
2024-06-01,,,,,,,PG
2024-06-01,,,,,,,PG
2024-06-01,,,,,,,PG
2024-06-01,,,,,,,PG
2024-06-01,,,,,,,PG
2024-06-01,,,,,,,PG
2024-06-01,163.92999267578125,166.24000549316406,163.6300048828125,164.64999389648438,159.62937927246094,5828400.0,PG
2024-06-01,,,,,,,PG
2024-06-01,,,,,,,PG
2024-06-01,,,,,,,PG
2024-06-01,,,,,,,TSLA
2024-06-01,,,,,,,TSLA
2024-06-01,,,,,,,TSLA
2024-06-01,,,,,,,TSLA
2024-06-01,,,,,,,TSLA
2024-06-01,,,,,,,TSLA
2024-06-01,,,,,,,TSLA
2024-06-01,,,,,,,TSLA
2024-06-01,,,,,,,TSLA
2024-06-01,,,,,,,TSLA
2024-06-01,,,,,,,TSLA
2024-06-01,,,,,,,TSLA
2024-06-01,,,,,,,TSLA
2024-06-01,,,,,,,TSLA
2024-06-01,,,,,,,TSLA
2024-06-01,,,,,,,TSLA
2024-06-01,,,,,,,TSLA
2024-06-01,178.1300048828125,182.63999938964844,174.49000549316406,176.2899932861328,176.2899932861328,68568900.0,TSLA
2024-06-01,,,,,,,TSLA
2024-06-01,,,,,,,TSLA
2024-06-01,,,,,,,UNH
2024-06-01,,,,,,,UNH
2024-06-01,,,,,,,UNH
2024-06-01,,,,,,,UNH
2024-06-01,,,,,,,UNH
2024-06-01,,,,,,,UNH
2024-06-01,,,,,,,UNH
2024-06-01,,,,,,,UNH
2024-06-01,,,,,,,UNH
2024-06-01,,,,,,,UNH
2024-06-01,,,,,,,UNH
2024-06-01,,,,,,,UNH
2024-06-01,,,,,,,UNH
2024-06-01,,,,,,,UNH
2024-06-01,,,,,,,UNH
2024-06-01,,,,,,,UNH
2024-06-01,,,,,,,UNH
2024-06-01,,,,,,,UNH
2024-06-01,494.1300048828125,498.67999267578125,493.07000732421875,497.44000244140625,486.15887451171875,2795100.0,UNH
2024-06-01,,,,,,,UNH
2024-06-01,,,,,,,V
2024-06-01,,,,,,,V
2024-06-01,,,,,,,V
2024-06-01,,,,,,,V
2024-06-01,,,,,,,V
2024-06-01,,,,,,,V
2024-06-01,,,,,,,V
2024-06-01,,,,,,,V
2024-06-01,,,,,,,V
2024-06-01,,,,,,,V
2024-06-01,,,,,,,V
2024-06-01,,,,,,,V
2024-06-01,,,,,,,V
2024-06-01,,,,,,,V
2024-06-01,,,,,,,V
2024-06-01,,,,,,,V
2024-06-01,,,,,,,V
2024-06-01,,,,,,,V
2024-06-01,,,,,,,V
2024-06-01,273.0899963378906,273.1300048828125,268.05999755859375,270.3800048828125,267.9571533203125,4838800.0,V
2024-07-01,212.08999633789062,217.50999450683594,211.9199981689453,216.75,215.49647521972656,60402900.0,AAPL
2024-07-01,,,,,,,AAPL
2024-07-01,,,,,,,AAPL
2024-07-01,,,,,,,AAPL
2024-07-01,,,,,,,AAPL
2024-07-01,,,,,,,AAPL
2024-07-01,,,,,,,AAPL
2024-07-01,,,,,,,AAPL
2024-07-01,,,,,,,AAPL
2024-07-01,,,,,,,AAPL
2024-07-01,,,,,,,AAPL
2024-07-01,,,,,,,AAPL
2024-07-01,,,,,,,AAPL
2024-07-01,,,,,,,AAPL
2024-07-01,,,,,,,AAPL
2024-07-01,,,,,,,AAPL
2024-07-01,,,,,,,AAPL
2024-07-01,,,,,,,AAPL
2024-07-01,,,,,,,AAPL
2024-07-01,,,,,,,AAPL
2024-07-01,,,,,,,ADBE
2024-07-01,551.3699951171875,561.2100219726562,549.72998046875,560.010009765625,560.010009765625,3070200.0,ADBE
2024-07-01,,,,,,,ADBE
2024-07-01,,,,,,,ADBE
2024-07-01,,,,,,,ADBE
2024-07-01,,,,,,,ADBE
2024-07-01,,,,,,,ADBE
2024-07-01,,,,,,,ADBE
2024-07-01,,,,,,,ADBE
2024-07-01,,,,,,,ADBE
2024-07-01,,,,,,,ADBE
2024-07-01,,,,,,,ADBE
2024-07-01,,,,,,,ADBE
2024-07-01,,,,,,,ADBE
2024-07-01,,,,,,,ADBE
2024-07-01,,,,,,,ADBE
2024-07-01,,,,,,,ADBE
2024-07-01,,,,,,,ADBE
2024-07-01,,,,,,,ADBE
2024-07-01,,,,,,,ADBE
2024-07-01,,,,,,,AMZN
2024-07-01,,,,,,,AMZN
2024-07-01,193.49000549316406,198.3000030517578,192.82000732421875,197.1999969482422,197.1999969482422,41192000.0,AMZN
2024-07-01,,,,,,,AMZN
2024-07-01,,,,,,,AMZN
2024-07-01,,,,,,,AMZN
2024-07-01,,,,,,,AMZN
2024-07-01,,,,,,,AMZN
2024-07-01,,,,,,,AMZN
2024-07-01,,,,,,,AMZN
2024-07-01,,,,,,,AMZN
2024-07-01,,,,,,,AMZN
2024-07-01,,,,,,,AMZN
2024-07-01,,,,,,,AMZN
2024-07-01,,,,,,,AMZN
2024-07-01,,,,,,,AMZN
2024-07-01,,,,,,,AMZN
2024-07-01,,,,,,,AMZN
2024-07-01,,,,,,,AMZN
2024-07-01,,,,,,,AMZN
2024-07-01,,,,,,,BAC
2024-07-01,,,,,,,BAC
2024-07-01,,,,,,,BAC
2024-07-01,39.90999984741211,40.34000015258789,39.66999816894531,40.0099983215332,38.83687973022461,26770500.0,BAC
2024-07-01,,,,,,,BAC
2024-07-01,,,,,,,BAC
2024-07-01,,,,,,,BAC
2024-07-01,,,,,,,BAC
2024-07-01,,,,,,,BAC
2024-07-01,,,,,,,BAC
2024-07-01,,,,,,,BAC
2024-07-01,,,,,,,BAC
2024-07-01,,,,,,,BAC
2024-07-01,,,,,,,BAC
2024-07-01,,,,,,,BAC
2024-07-01,,,,,,,BAC
2024-07-01,,,,,,,BAC
2024-07-01,,,,,,,BAC
2024-07-01,,,,,,,BAC
2024-07-01,,,,,,,BAC
2024-07-01,,,,,,,CRM
2024-07-01,,,,,,,CRM
2024-07-01,,,,,,,CRM
2024-07-01,,,,,,,CRM
2024-07-01,258.1499938964844,259.4800109863281,254.52999877929688,256.2099914550781,254.31622314453125,5871700.0,CRM
2024-07-01,,,,,,,CRM
2024-07-01,,,,,,,CRM
2024-07-01,,,,,,,CRM
2024-07-01,,,,,,,CRM
2024-07-01,,,,,,,CRM
2024-07-01,,,,,,,CRM
2024-07-01,,,,,,,CRM
2024-07-01,,,,,,,CRM
2024-07-01,,,,,,,CRM
2024-07-01,,,,,,,CRM
2024-07-01,,,,,,,CRM
2024-07-01,,,,,,,CRM
2024-07-01,,,,,,,CRM
2024-07-01,,,,,,,CRM
2024-07-01,,,,,,,CRM
2024-07-01,,,,,,,DIS
2024-07-01,,,,,,,DIS
2024-07-01,,,,,,,DIS
2024-07-01,,,,,,,DIS
2024-07-01,,,,,,,DIS
2024-07-01,99.4000015258789,99.73999786376953,97.87999725341797,98.04000091552734,96.7466812133789,15299000.0,DIS
2024-07-01,,,,,,,DIS
2024-07-01,,,,,,,DIS
2024-07-01,,,,,,,DIS
2024-07-01,,,,,,,DIS
2024-07-01,,,,,,,DIS
2024-07-01,,,,,,,DIS
2024-07-01,,,,,,,DIS
2024-07-01,,,,,,,DIS
2024-07-01,,,,,,,DIS
2024-07-01,,,,,,,DIS
2024-07-01,,,,,,,DIS
2024-07-01,,,,,,,DIS
2024-07-01,,,,,,,DIS
2024-07-01,,,,,,,DIS
2024-07-01,,,,,,,GOOGL
2024-07-01,,,,,,,GOOGL
2024-07-01,,,,,,,GOOGL
2024-07-01,,,,,,,GOOGL
2024-07-01,,,,,,,GOOGL
2024-07-01,,,,,,,GOOGL
2024-07-01,183.02999877929688,183.8800048828125,181.3000030517578,182.99000549316406,181.9451141357422,16006100.0,GOOGL
2024-07-01,,,,,,,GOOGL
2024-07-01,,,,,,,GOOGL
2024-07-01,,,,,,,GOOGL
2024-07-01,,,,,,,GOOGL
2024-07-01,,,,,,,GOOGL
2024-07-01,,,,,,,GOOGL
2024-07-01,,,,,,,GOOGL
2024-07-01,,,,,,,GOOGL
2024-07-01,,,,,,,GOOGL
2024-07-01,,,,,,,GOOGL
2024-07-01,,,,,,,GOOGL
2024-07-01,,,,,,,GOOGL
2024-07-01,,,,,,,GOOGL
2024-07-01,,,,,,,HD
2024-07-01,,,,,,,HD
2024-07-01,,,,,,,HD
2024-07-01,,,,,,,HD
2024-07-01,,,,,,,HD
2024-07-01,,,,,,,HD
2024-07-01,,,,,,,HD
2024-07-01,343.9200134277344,344.6499938964844,335.3900146484375,336.19000244140625,326.4217224121094,2643600.0,HD
2024-07-01,,,,,,,HD
2024-07-01,,,,,,,HD
2024-07-01,,,,,,,HD
2024-07-01,,,,,,,HD
2024-07-01,,,,,,,HD
2024-07-01,,,,,,,HD
2024-07-01,,,,,,,HD
2024-07-01,,,,,,,HD
2024-07-01,,,,,,,HD
2024-07-01,,,,,,,HD
2024-07-01,,,,,,,HD
2024-07-01,,,,,,,HD
2024-07-01,,,,,,,JNJ
2024-07-01,,,,,,,JNJ
2024-07-01,,,,,,,JNJ
2024-07-01,,,,,,,JNJ
2024-07-01,,,,,,,JNJ
2024-07-01,,,,,,,JNJ
2024-07-01,,,,,,,JNJ
2024-07-01,,,,,,,JNJ
2024-07-01,146.07000732421875,148.6999969482422,145.6199951171875,146.44000244140625,140.78587341308594,5144400.0,JNJ
2024-07-01,,,,,,,JNJ
2024-07-01,,,,,,,JNJ
2024-07-01,,,,,,,JNJ
2024-07-01,,,,,,,JNJ
2024-07-01,,,,,,,JNJ
2024-07-01,,,,,,,JNJ
2024-07-01,,,,,,,JNJ
2024-07-01,,,,,,,JNJ
2024-07-01,,,,,,,JNJ
2024-07-01,,,,,,,JNJ
2024-07-01,,,,,,,JNJ
2024-07-01,,,,,,,JPM
2024-07-01,,,,,,,JPM
2024-07-01,,,,,,,JPM
2024-07-01,,,,,,,JPM
2024-07-01,,,,,,,JPM
2024-07-01,,,,,,,JPM
2024-07-01,,,,,,,JPM
2024-07-01,,,,,,,JPM
2024-07-01,,,,,,,JPM
2024-07-01,202.83999633789062,207.08999633789062,202.66000366210938,205.4499969482422,199.8304901123047,10205800.0,JPM
2024-07-01,,,,,,,JPM
2024-07-01,,,,,,,JPM
2024-07-01,,,,,,,JPM
2024-07-01,,,,,,,JPM
2024-07-01,,,,,,,JPM
2024-07-01,,,,,,,JPM
2024-07-01,,,,,,,JPM
2024-07-01,,,,,,,JPM
2024-07-01,,,,,,,JPM
2024-07-01,,,,,,,JPM
2024-07-01,,,,,,,MA
2024-07-01,,,,,,,MA
2024-07-01,,,,,,,MA
2024-07-01,,,,,,,MA
2024-07-01,,,,,,,MA
2024-07-01,,,,,,,MA
2024-07-01,,,,,,,MA
2024-07-01,,,,,,,MA
2024-07-01,,,,,,,MA
2024-07-01,,,,,,,MA
2024-07-01,440.79998779296875,442.4700012207031,435.54998779296875,437.6099853515625,434.46240234375,3149700.0,MA
2024-07-01,,,,,,,MA
2024-07-01,,,,,,,MA
2024-07-01,,,,,,,MA
2024-07-01,,,,,,,MA
2024-07-01,,,,,,,MA
2024-07-01,,,,,,,MA
2024-07-01,,,,,,,MA
2024-07-01,,,,,,,MA
2024-07-01,,,,,,,MA
2024-07-01,,,,,,,META
2024-07-01,,,,,,,META
2024-07-01,,,,,,,META
2024-07-01,,,,,,,META
2024-07-01,,,,,,,META
2024-07-01,,,,,,,META
2024-07-01,,,,,,,META
2024-07-01,,,,,,,META
2024-07-01,,,,,,,META
2024-07-01,,,,,,,META
2024-07-01,,,,,,,META
2024-07-01,504.95001220703125,506.5799865722656,493.1700134277344,504.67999267578125,502.9577941894531,10328200.0,META
2024-07-01,,,,,,,META
2024-07-01,,,,,,,META
2024-07-01,,,,,,,META
2024-07-01,,,,,,,META
2024-07-01,,,,,,,META
2024-07-01,,,,,,,META
2024-07-01,,,,,,,META
2024-07-01,,,,,,,META
2024-07-01,,,,,,,MSFT
2024-07-01,,,,,,,MSFT
2024-07-01,,,,,,,MSFT
2024-07-01,,,,,,,MSFT
2024-07-01,,,,,,,MSFT
2024-07-01,,,,,,,MSFT
2024-07-01,,,,,,,MSFT
2024-07-01,,,,,,,MSFT
2024-07-01,,,,,,,MSFT
2024-07-01,,,,,,,MSFT
2024-07-01,,,,,,,MSFT
2024-07-01,,,,,,,MSFT
2024-07-01,448.6600036621094,457.3699951171875,445.6600036621094,456.7300109863281,452.5110168457031,17662800.0,MSFT
2024-07-01,,,,,,,MSFT
2024-07-01,,,,,,,MSFT
2024-07-01,,,,,,,MSFT
2024-07-01,,,,,,,MSFT
2024-07-01,,,,,,,MSFT
2024-07-01,,,,,,,MSFT
2024-07-01,,,,,,,MSFT
2024-07-01,,,,,,,NFLX
2024-07-01,,,,,,,NFLX
2024-07-01,,,,,,,NFLX
2024-07-01,,,,,,,NFLX
2024-07-01,,,,,,,NFLX
2024-07-01,,,,,,,NFLX
2024-07-01,,,,,,,NFLX
2024-07-01,,,,,,,NFLX
2024-07-01,,,,,,,NFLX
2024-07-01,,,,,,,NFLX
2024-07-01,,,,,,,NFLX
2024-07-01,,,,,,,NFLX
2024-07-01,,,,,,,NFLX
2024-07-01,674.8900146484375,675.02001953125,663.780029296875,673.6099853515625,673.6099853515625,2212800.0,NFLX
2024-07-01,,,,,,,NFLX
2024-07-01,,,,,,,NFLX
2024-07-01,,,,,,,NFLX
2024-07-01,,,,,,,NFLX
2024-07-01,,,,,,,NFLX
2024-07-01,,,,,,,NFLX
2024-07-01,,,,,,,NVDA
2024-07-01,,,,,,,NVDA
2024-07-01,,,,,,,NVDA
2024-07-01,,,,,,,NVDA
2024-07-01,,,,,,,NVDA
2024-07-01,,,,,,,NVDA
2024-07-01,,,,,,,NVDA
2024-07-01,,,,,,,NVDA
2024-07-01,,,,,,,NVDA
2024-07-01,,,,,,,NVDA
2024-07-01,,,,,,,NVDA
2024-07-01,,,,,,,NVDA
2024-07-01,,,,,,,NVDA
2024-07-01,,,,,,,NVDA
2024-07-01,123.47000122070312,124.83999633789062,118.83000183105469,124.30000305175781,124.25375366210938,284885500.0,NVDA
2024-07-01,,,,,,,NVDA
2024-07-01,,,,,,,NVDA
2024-07-01,,,,,,,NVDA
2024-07-01,,,,,,,NVDA
2024-07-01,,,,,,,NVDA
2024-07-01,,,,,,,PFE
2024-07-01,,,,,,,PFE
2024-07-01,,,,,,,PFE
2024-07-01,,,,,,,PFE
2024-07-01,,,,,,,PFE
2024-07-01,,,,,,,PFE
2024-07-01,,,,,,,PFE
2024-07-01,,,,,,,PFE
2024-07-01,,,,,,,PFE
2024-07-01,,,,,,,PFE
2024-07-01,,,,,,,PFE
2024-07-01,,,,,,,PFE
2024-07-01,,,,,,,PFE
2024-07-01,,,,,,,PFE
2024-07-01,,,,,,,PFE
2024-07-01,27.950000762939453,28.6299991607666,27.940000534057617,28.219999313354492,26.002717971801758,26209000.0,PFE
2024-07-01,,,,,,,PFE
2024-07-01,,,,,,,PFE
2024-07-01,,,,,,,PFE
2024-07-01,,,,,,,PFE
2024-07-01,,,,,,,PG
2024-07-01,,,,,,,PG
2024-07-01,,,,,,,PG
2024-07-01,,,,,,,PG
2024-07-01,,,,,,,PG
2024-07-01,,,,,,,PG
2024-07-01,,,,,,,PG
2024-07-01,,,,,,,PG
2024-07-01,,,,,,,PG
2024-07-01,,,,,,,PG
2024-07-01,,,,,,,PG
2024-07-01,,,,,,,PG
2024-07-01,,,,,,,PG
2024-07-01,,,,,,,PG
2024-07-01,,,,,,,PG
2024-07-01,,,,,,,PG
2024-07-01,165.58999633789062,166.2100067138672,162.1999969482422,162.72000122070312,157.75823974609375,7638600.0,PG
2024-07-01,,,,,,,PG
2024-07-01,,,,,,,PG
2024-07-01,,,,,,,PG
2024-07-01,,,,,,,TSLA
2024-07-01,,,,,,,TSLA
2024-07-01,,,,,,,TSLA
2024-07-01,,,,,,,TSLA
2024-07-01,,,,,,,TSLA
2024-07-01,,,,,,,TSLA
2024-07-01,,,,,,,TSLA
2024-07-01,,,,,,,TSLA
2024-07-01,,,,,,,TSLA
2024-07-01,,,,,,,TSLA
2024-07-01,,,,,,,TSLA
2024-07-01,,,,,,,TSLA
2024-07-01,,,,,,,TSLA
2024-07-01,,,,,,,TSLA
2024-07-01,,,,,,,TSLA
2024-07-01,,,,,,,TSLA
2024-07-01,,,,,,,TSLA
2024-07-01,201.02000427246094,213.22999572753906,200.85000610351562,209.86000061035156,209.86000061035156,135691400.0,TSLA
2024-07-01,,,,,,,TSLA
2024-07-01,,,,,,,TSLA
2024-07-01,,,,,,,UNH
2024-07-01,,,,,,,UNH
2024-07-01,,,,,,,UNH
2024-07-01,,,,,,,UNH
2024-07-01,,,,,,,UNH
2024-07-01,,,,,,,UNH
2024-07-01,,,,,,,UNH
2024-07-01,,,,,,,UNH
2024-07-01,,,,,,,UNH
2024-07-01,,,,,,,UNH
2024-07-01,,,,,,,UNH
2024-07-01,,,,,,,UNH
2024-07-01,,,,,,,UNH
2024-07-01,,,,,,,UNH
2024-07-01,,,,,,,UNH
2024-07-01,,,,,,,UNH
2024-07-01,,,,,,,UNH
2024-07-01,,,,,,,UNH
2024-07-01,506.75,508.9100036621094,492.8900146484375,494.6499938964844,485.4830017089844,4523100.0,UNH
2024-07-01,,,,,,,UNH
2024-07-01,,,,,,,V
2024-07-01,,,,,,,V
2024-07-01,,,,,,,V
2024-07-01,,,,,,,V
2024-07-01,,,,,,,V
2024-07-01,,,,,,,V
2024-07-01,,,,,,,V
2024-07-01,,,,,,,V
2024-07-01,,,,,,,V
2024-07-01,,,,,,,V
2024-07-01,,,,,,,V
2024-07-01,,,,,,,V
2024-07-01,,,,,,,V
2024-07-01,,,,,,,V
2024-07-01,,,,,,,V
2024-07-01,,,,,,,V
2024-07-01,,,,,,,V
2024-07-01,,,,,,,V
2024-07-01,,,,,,,V
2024-07-01,263.7900085449219,265.7699890136719,261.29998779296875,263.239990234375,260.8811340332031,7955800.0,V
2024-08-01,224.3699951171875,224.47999572753906,217.02000427246094,218.36000061035156,217.09716796875,62501000.0,AAPL
2024-08-01,,,,,,,AAPL
2024-08-01,,,,,,,AAPL
2024-08-01,,,,,,,AAPL
2024-08-01,,,,,,,AAPL
2024-08-01,,,,,,,AAPL
2024-08-01,,,,,,,AAPL
2024-08-01,,,,,,,AAPL
2024-08-01,,,,,,,AAPL
2024-08-01,,,,,,,AAPL
2024-08-01,,,,,,,AAPL
2024-08-01,,,,,,,AAPL
2024-08-01,,,,,,,AAPL
2024-08-01,,,,,,,AAPL
2024-08-01,,,,,,,AAPL
2024-08-01,,,,,,,AAPL
2024-08-01,,,,,,,AAPL
2024-08-01,,,,,,,AAPL
2024-08-01,,,,,,,AAPL
2024-08-01,,,,,,,AAPL
2024-08-01,,,,,,,ADBE
2024-08-01,549.989990234375,561.97998046875,540.239990234375,546.4099731445312,546.4099731445312,2075400.0,ADBE
2024-08-01,,,,,,,ADBE
2024-08-01,,,,,,,ADBE
2024-08-01,,,,,,,ADBE
2024-08-01,,,,,,,ADBE
2024-08-01,,,,,,,ADBE
2024-08-01,,,,,,,ADBE
2024-08-01,,,,,,,ADBE
2024-08-01,,,,,,,ADBE
2024-08-01,,,,,,,ADBE
2024-08-01,,,,,,,ADBE
2024-08-01,,,,,,,ADBE
2024-08-01,,,,,,,ADBE
2024-08-01,,,,,,,ADBE
2024-08-01,,,,,,,ADBE
2024-08-01,,,,,,,ADBE
2024-08-01,,,,,,,ADBE
2024-08-01,,,,,,,ADBE
2024-08-01,,,,,,,ADBE
2024-08-01,,,,,,,AMZN
2024-08-01,,,,,,,AMZN
2024-08-01,189.2899932861328,190.60000610351562,181.8699951171875,184.07000732421875,184.07000732421875,70435600.0,AMZN
2024-08-01,,,,,,,AMZN
2024-08-01,,,,,,,AMZN
2024-08-01,,,,,,,AMZN
2024-08-01,,,,,,,AMZN
2024-08-01,,,,,,,AMZN
2024-08-01,,,,,,,AMZN
2024-08-01,,,,,,,AMZN
2024-08-01,,,,,,,AMZN
2024-08-01,,,,,,,AMZN
2024-08-01,,,,,,,AMZN
2024-08-01,,,,,,,AMZN
2024-08-01,,,,,,,AMZN
2024-08-01,,,,,,,AMZN
2024-08-01,,,,,,,AMZN
2024-08-01,,,,,,,AMZN
2024-08-01,,,,,,,AMZN
2024-08-01,,,,,,,AMZN
2024-08-01,,,,,,,BAC
2024-08-01,,,,,,,BAC
2024-08-01,,,,,,,BAC
2024-08-01,40.439998626708984,40.45000076293945,38.97999954223633,39.5,38.341835021972656,60107800.0,BAC
2024-08-01,,,,,,,BAC
2024-08-01,,,,,,,BAC
2024-08-01,,,,,,,BAC
2024-08-01,,,,,,,BAC
2024-08-01,,,,,,,BAC
2024-08-01,,,,,,,BAC
2024-08-01,,,,,,,BAC
2024-08-01,,,,,,,BAC
2024-08-01,,,,,,,BAC
2024-08-01,,,,,,,BAC
2024-08-01,,,,,,,BAC
2024-08-01,,,,,,,BAC
2024-08-01,,,,,,,BAC
2024-08-01,,,,,,,BAC
2024-08-01,,,,,,,BAC
2024-08-01,,,,,,,BAC
2024-08-01,,,,,,,CRM
2024-08-01,,,,,,,CRM
2024-08-01,,,,,,,CRM
2024-08-01,,,,,,,CRM
2024-08-01,259.8999938964844,263.3599853515625,249.74000549316406,253.05999755859375,251.58050537109375,5527400.0,CRM
2024-08-01,,,,,,,CRM
2024-08-01,,,,,,,CRM
2024-08-01,,,,,,,CRM
2024-08-01,,,,,,,CRM
2024-08-01,,,,,,,CRM
2024-08-01,,,,,,,CRM
2024-08-01,,,,,,,CRM
2024-08-01,,,,,,,CRM
2024-08-01,,,,,,,CRM
2024-08-01,,,,,,,CRM
2024-08-01,,,,,,,CRM
2024-08-01,,,,,,,CRM
2024-08-01,,,,,,,CRM
2024-08-01,,,,,,,CRM
2024-08-01,,,,,,,CRM
2024-08-01,,,,,,,DIS
2024-08-01,,,,,,,DIS
2024-08-01,,,,,,,DIS
2024-08-01,,,,,,,DIS
2024-08-01,,,,,,,DIS
2024-08-01,93.86000061035156,93.94999694824219,92.5999984741211,93.05000305175781,92.24613189697266,9263600.0,DIS
2024-08-01,,,,,,,DIS
2024-08-01,,,,,,,DIS
2024-08-01,,,,,,,DIS
2024-08-01,,,,,,,DIS
2024-08-01,,,,,,,DIS
2024-08-01,,,,,,,DIS
2024-08-01,,,,,,,DIS
2024-08-01,,,,,,,DIS
2024-08-01,,,,,,,DIS
2024-08-01,,,,,,,DIS
2024-08-01,,,,,,,DIS
2024-08-01,,,,,,,DIS
2024-08-01,,,,,,,DIS
2024-08-01,,,,,,,DIS
2024-08-01,,,,,,,GOOGL
2024-08-01,,,,,,,GOOGL
2024-08-01,,,,,,,GOOGL
2024-08-01,,,,,,,GOOGL
2024-08-01,,,,,,,GOOGL
2024-08-01,,,,,,,GOOGL
2024-08-01,170.25,174.0500030517578,168.8800048828125,170.75999450683594,169.7849578857422,24531400.0,GOOGL
2024-08-01,,,,,,,GOOGL
2024-08-01,,,,,,,GOOGL
2024-08-01,,,,,,,GOOGL
2024-08-01,,,,,,,GOOGL
2024-08-01,,,,,,,GOOGL
2024-08-01,,,,,,,GOOGL
2024-08-01,,,,,,,GOOGL
2024-08-01,,,,,,,GOOGL
2024-08-01,,,,,,,GOOGL
2024-08-01,,,,,,,GOOGL
2024-08-01,,,,,,,GOOGL
2024-08-01,,,,,,,GOOGL
2024-08-01,,,,,,,GOOGL
2024-08-01,,,,,,,HD
2024-08-01,,,,,,,HD
2024-08-01,,,,,,,HD
2024-08-01,,,,,,,HD
2024-08-01,,,,,,,HD
2024-08-01,,,,,,,HD
2024-08-01,,,,,,,HD
2024-08-01,369.989990234375,371.4800109863281,353.75,358.5799865722656,348.16119384765625,3759000.0,HD
2024-08-01,,,,,,,HD
2024-08-01,,,,,,,HD
2024-08-01,,,,,,,HD
2024-08-01,,,,,,,HD
2024-08-01,,,,,,,HD
2024-08-01,,,,,,,HD
2024-08-01,,,,,,,HD
2024-08-01,,,,,,,HD
2024-08-01,,,,,,,HD
2024-08-01,,,,,,,HD
2024-08-01,,,,,,,HD
2024-08-01,,,,,,,HD
2024-08-01,,,,,,,JNJ
2024-08-01,,,,,,,JNJ
2024-08-01,,,,,,,JNJ
2024-08-01,,,,,,,JNJ
2024-08-01,,,,,,,JNJ
2024-08-01,,,,,,,JNJ
2024-08-01,,,,,,,JNJ
2024-08-01,,,,,,,JNJ
2024-08-01,158.47999572753906,160.80999755859375,157.7100067138672,160.75999450683594,154.55296325683594,7213400.0,JNJ
2024-08-01,,,,,,,JNJ
2024-08-01,,,,,,,JNJ
2024-08-01,,,,,,,JNJ
2024-08-01,,,,,,,JNJ
2024-08-01,,,,,,,JNJ
2024-08-01,,,,,,,JNJ
2024-08-01,,,,,,,JNJ
2024-08-01,,,,,,,JNJ
2024-08-01,,,,,,,JNJ
2024-08-01,,,,,,,JNJ
2024-08-01,,,,,,,JNJ
2024-08-01,,,,,,,JPM
2024-08-01,,,,,,,JPM
2024-08-01,,,,,,,JPM
2024-08-01,,,,,,,JPM
2024-08-01,,,,,,,JPM
2024-08-01,,,,,,,JPM
2024-08-01,,,,,,,JPM
2024-08-01,,,,,,,JPM
2024-08-01,,,,,,,JPM
2024-08-01,213.1999969482422,213.8300018310547,206.3800048828125,207.9600067138672,203.39266967773438,10918600.0,JPM
2024-08-01,,,,,,,JPM
2024-08-01,,,,,,,JPM
2024-08-01,,,,,,,JPM
2024-08-01,,,,,,,JPM
2024-08-01,,,,,,,JPM
2024-08-01,,,,,,,JPM
2024-08-01,,,,,,,JPM
2024-08-01,,,,,,,JPM
2024-08-01,,,,,,,JPM
2024-08-01,,,,,,,JPM
2024-08-01,,,,,,,MA
2024-08-01,,,,,,,MA
2024-08-01,,,,,,,MA
2024-08-01,,,,,,,MA
2024-08-01,,,,,,,MA
2024-08-01,,,,,,,MA
2024-08-01,,,,,,,MA
2024-08-01,,,,,,,MA
2024-08-01,,,,,,,MA
2024-08-01,,,,,,,MA
2024-08-01,465.4599914550781,467.5,459.19000244140625,462.4100036621094,459.7640686035156,2590100.0,MA
2024-08-01,,,,,,,MA
2024-08-01,,,,,,,MA
2024-08-01,,,,,,,MA
2024-08-01,,,,,,,MA
2024-08-01,,,,,,,MA
2024-08-01,,,,,,,MA
2024-08-01,,,,,,,MA
2024-08-01,,,,,,,MA
2024-08-01,,,,,,,MA
2024-08-01,,,,,,,META
2024-08-01,,,,,,,META
2024-08-01,,,,,,,META
2024-08-01,,,,,,,META
2024-08-01,,,,,,,META
2024-08-01,,,,,,,META
2024-08-01,,,,,,,META
2024-08-01,,,,,,,META
2024-08-01,,,,,,,META
2024-08-01,,,,,,,META
2024-08-01,,,,,,,META
2024-08-01,521.0,527.1699829101562,492.1000061035156,497.739990234375,496.04150390625,43083100.0,META
2024-08-01,,,,,,,META
2024-08-01,,,,,,,META
2024-08-01,,,,,,,META
2024-08-01,,,,,,,META
2024-08-01,,,,,,,META
2024-08-01,,,,,,,META
2024-08-01,,,,,,,META
2024-08-01,,,,,,,META
2024-08-01,,,,,,,MSFT
2024-08-01,,,,,,,MSFT
2024-08-01,,,,,,,MSFT
2024-08-01,,,,,,,MSFT
2024-08-01,,,,,,,MSFT
2024-08-01,,,,,,,MSFT
2024-08-01,,,,,,,MSFT
2024-08-01,,,,,,,MSFT
2024-08-01,,,,,,,MSFT
2024-08-01,,,,,,,MSFT
2024-08-01,,,,,,,MSFT
2024-08-01,,,,,,,MSFT
2024-08-01,420.7900085449219,427.4599914550781,413.0899963378906,417.1099853515625,413.2569885253906,30296400.0,MSFT
2024-08-01,,,,,,,MSFT
2024-08-01,,,,,,,MSFT
2024-08-01,,,,,,,MSFT
2024-08-01,,,,,,,MSFT
2024-08-01,,,,,,,MSFT
2024-08-01,,,,,,,MSFT
2024-08-01,,,,,,,MSFT
2024-08-01,,,,,,,NFLX
2024-08-01,,,,,,,NFLX
2024-08-01,,,,,,,NFLX
2024-08-01,,,,,,,NFLX
2024-08-01,,,,,,,NFLX
2024-08-01,,,,,,,NFLX
2024-08-01,,,,,,,NFLX
2024-08-01,,,,,,,NFLX
2024-08-01,,,,,,,NFLX
2024-08-01,,,,,,,NFLX
2024-08-01,,,,,,,NFLX
2024-08-01,,,,,,,NFLX
2024-08-01,,,,,,,NFLX
2024-08-01,629.25,646.7100219726562,617.6099853515625,624.8499755859375,624.8499755859375,3720600.0,NFLX
2024-08-01,,,,,,,NFLX
2024-08-01,,,,,,,NFLX
2024-08-01,,,,,,,NFLX
2024-08-01,,,,,,,NFLX
2024-08-01,,,,,,,NFLX
2024-08-01,,,,,,,NFLX
2024-08-01,,,,,,,NVDA
2024-08-01,,,,,,,NVDA
2024-08-01,,,,,,,NVDA
2024-08-01,,,,,,,NVDA
2024-08-01,,,,,,,NVDA
2024-08-01,,,,,,,NVDA
2024-08-01,,,,,,,NVDA
2024-08-01,,,,,,,NVDA
2024-08-01,,,,,,,NVDA
2024-08-01,,,,,,,NVDA
2024-08-01,,,,,,,NVDA
2024-08-01,,,,,,,NVDA
2024-08-01,,,,,,,NVDA
2024-08-01,,,,,,,NVDA
2024-08-01,117.52999877929688,120.16000366210938,106.80999755859375,109.20999908447266,109.16935729980469,523462300.0,NVDA
2024-08-01,,,,,,,NVDA
2024-08-01,,,,,,,NVDA
2024-08-01,,,,,,,NVDA
2024-08-01,,,,,,,NVDA
2024-08-01,,,,,,,NVDA
2024-08-01,,,,,,,PFE
2024-08-01,,,,,,,PFE
2024-08-01,,,,,,,PFE
2024-08-01,,,,,,,PFE
2024-08-01,,,,,,,PFE
2024-08-01,,,,,,,PFE
2024-08-01,,,,,,,PFE
2024-08-01,,,,,,,PFE
2024-08-01,,,,,,,PFE
2024-08-01,,,,,,,PFE
2024-08-01,,,,,,,PFE
2024-08-01,,,,,,,PFE
2024-08-01,,,,,,,PFE
2024-08-01,,,,,,,PFE
2024-08-01,,,,,,,PFE
2024-08-01,30.719999313354492,30.809999465942383,29.90999984741211,30.649999618530273,28.640363693237305,39753100.0,PFE
2024-08-01,,,,,,,PFE
2024-08-01,,,,,,,PFE
2024-08-01,,,,,,,PFE
2024-08-01,,,,,,,PFE
2024-08-01,,,,,,,PG
2024-08-01,,,,,,,PG
2024-08-01,,,,,,,PG
2024-08-01,,,,,,,PG
2024-08-01,,,,,,,PG
2024-08-01,,,,,,,PG
2024-08-01,,,,,,,PG
2024-08-01,,,,,,,PG
2024-08-01,,,,,,,PG
2024-08-01,,,,,,,PG
2024-08-01,,,,,,,PG
2024-08-01,,,,,,,PG
2024-08-01,,,,,,,PG
2024-08-01,,,,,,,PG
2024-08-01,,,,,,,PG
2024-08-01,,,,,,,PG
2024-08-01,160.8800048828125,166.30999755859375,160.67999267578125,165.69000244140625,161.60382080078125,12532700.0,PG
2024-08-01,,,,,,,PG
2024-08-01,,,,,,,PG
2024-08-01,,,,,,,PG
2024-08-01,,,,,,,TSLA
2024-08-01,,,,,,,TSLA
2024-08-01,,,,,,,TSLA
2024-08-01,,,,,,,TSLA
2024-08-01,,,,,,,TSLA
2024-08-01,,,,,,,TSLA
2024-08-01,,,,,,,TSLA
2024-08-01,,,,,,,TSLA
2024-08-01,,,,,,,TSLA
2024-08-01,,,,,,,TSLA
2024-08-01,,,,,,,TSLA
2024-08-01,,,,,,,TSLA
2024-08-01,,,,,,,TSLA
2024-08-01,,,,,,,TSLA
2024-08-01,,,,,,,TSLA
2024-08-01,,,,,,,TSLA
2024-08-01,,,,,,,TSLA
2024-08-01,227.69000244140625,231.8699951171875,214.3300018310547,216.86000061035156,216.86000061035156,83861900.0,TSLA
2024-08-01,,,,,,,TSLA
2024-08-01,,,,,,,TSLA
2024-08-01,,,,,,,UNH
2024-08-01,,,,,,,UNH
2024-08-01,,,,,,,UNH
2024-08-01,,,,,,,UNH
2024-08-01,,,,,,,UNH
2024-08-01,,,,,,,UNH
2024-08-01,,,,,,,UNH
2024-08-01,,,,,,,UNH
2024-08-01,,,,,,,UNH
2024-08-01,,,,,,,UNH
2024-08-01,,,,,,,UNH
2024-08-01,,,,,,,UNH
2024-08-01,,,,,,,UNH
2024-08-01,,,,,,,UNH
2024-08-01,,,,,,,UNH
2024-08-01,,,,,,,UNH
2024-08-01,,,,,,,UNH
2024-08-01,,,,,,,UNH
2024-08-01,577.2000122070312,587.5,567.0999755859375,572.77001953125,562.1553344726562,3680800.0,UNH
2024-08-01,,,,,,,UNH
2024-08-01,,,,,,,V
2024-08-01,,,,,,,V
2024-08-01,,,,,,,V
2024-08-01,,,,,,,V
2024-08-01,,,,,,,V
2024-08-01,,,,,,,V
2024-08-01,,,,,,,V
2024-08-01,,,,,,,V
2024-08-01,,,,,,,V
2024-08-01,,,,,,,V
2024-08-01,,,,,,,V
2024-08-01,,,,,,,V
2024-08-01,,,,,,,V
2024-08-01,,,,,,,V
2024-08-01,,,,,,,V
2024-08-01,,,,,,,V
2024-08-01,,,,,,,V
2024-08-01,,,,,,,V
2024-08-01,,,,,,,V
2024-08-01,266.3299865722656,267.0,264.17999267578125,265.92999267578125,263.5469970703125,7269700.0,V
2024-09-01,228.5500030517578,229.0,221.1699981689453,222.77000427246094,221.738037109375,50190600.0,AAPL
2024-09-01,,,,,,,AAPL
2024-09-01,,,,,,,AAPL
2024-09-01,,,,,,,AAPL
2024-09-01,,,,,,,AAPL
2024-09-01,,,,,,,AAPL
2024-09-01,,,,,,,AAPL
2024-09-01,,,,,,,AAPL
2024-09-01,,,,,,,AAPL
2024-09-01,,,,,,,AAPL
2024-09-01,,,,,,,AAPL
2024-09-01,,,,,,,AAPL
2024-09-01,,,,,,,AAPL
2024-09-01,,,,,,,AAPL
2024-09-01,,,,,,,AAPL
2024-09-01,,,,,,,AAPL
2024-09-01,,,,,,,AAPL
2024-09-01,,,,,,,AAPL
2024-09-01,,,,,,,AAPL
2024-09-01,,,,,,,AAPL
2024-09-01,,,,,,,ADBE
2024-09-01,576.2999877929688,586.7000122070312,566.7899780273438,571.0399780273438,571.0399780273438,2757900.0,ADBE
2024-09-01,,,,,,,ADBE
2024-09-01,,,,,,,ADBE
2024-09-01,,,,,,,ADBE
2024-09-01,,,,,,,ADBE
2024-09-01,,,,,,,ADBE
2024-09-01,,,,,,,ADBE
2024-09-01,,,,,,,ADBE
2024-09-01,,,,,,,ADBE
2024-09-01,,,,,,,ADBE
2024-09-01,,,,,,,ADBE
2024-09-01,,,,,,,ADBE
2024-09-01,,,,,,,ADBE
2024-09-01,,,,,,,ADBE
2024-09-01,,,,,,,ADBE
2024-09-01,,,,,,,ADBE
2024-09-01,,,,,,,ADBE
2024-09-01,,,,,,,ADBE
2024-09-01,,,,,,,ADBE
2024-09-01,,,,,,,AMZN
2024-09-01,,,,,,,AMZN
2024-09-01,177.5500030517578,178.25999450683594,175.25999450683594,176.25,176.25,37817500.0,AMZN
2024-09-01,,,,,,,AMZN
2024-09-01,,,,,,,AMZN
2024-09-01,,,,,,,AMZN
2024-09-01,,,,,,,AMZN
2024-09-01,,,,,,,AMZN
2024-09-01,,,,,,,AMZN
2024-09-01,,,,,,,AMZN
2024-09-01,,,,,,,AMZN
2024-09-01,,,,,,,AMZN
2024-09-01,,,,,,,AMZN
2024-09-01,,,,,,,AMZN
2024-09-01,,,,,,,AMZN
2024-09-01,,,,,,,AMZN
2024-09-01,,,,,,,AMZN
2024-09-01,,,,,,,AMZN
2024-09-01,,,,,,,AMZN
2024-09-01,,,,,,,AMZN
2024-09-01,,,,,,,BAC
2024-09-01,,,,,,,BAC
2024-09-01,,,,,,,BAC
2024-09-01,40.58000183105469,40.900001525878906,40.22999954223633,40.70000076293945,39.50665283203125,48489300.0,BAC
2024-09-01,,,,,,,BAC
2024-09-01,,,,,,,BAC
2024-09-01,,,,,,,BAC
2024-09-01,,,,,,,BAC
2024-09-01,,,,,,,BAC
2024-09-01,,,,,,,BAC
2024-09-01,,,,,,,BAC
2024-09-01,,,,,,,BAC
2024-09-01,,,,,,,BAC
2024-09-01,,,,,,,BAC
2024-09-01,,,,,,,BAC
2024-09-01,,,,,,,BAC
2024-09-01,,,,,,,BAC
2024-09-01,,,,,,,BAC
2024-09-01,,,,,,,BAC
2024-09-01,,,,,,,BAC
2024-09-01,,,,,,,CRM
2024-09-01,,,,,,,CRM
2024-09-01,,,,,,,CRM
2024-09-01,,,,,,,CRM
2024-09-01,252.6199951171875,253.69000244140625,246.63999938964844,248.05999755859375,246.6097412109375,6190400.0,CRM
2024-09-01,,,,,,,CRM
2024-09-01,,,,,,,CRM
2024-09-01,,,,,,,CRM
2024-09-01,,,,,,,CRM
2024-09-01,,,,,,,CRM
2024-09-01,,,,,,,CRM
2024-09-01,,,,,,,CRM
2024-09-01,,,,,,,CRM
2024-09-01,,,,,,,CRM
2024-09-01,,,,,,,CRM
2024-09-01,,,,,,,CRM
2024-09-01,,,,,,,CRM
2024-09-01,,,,,,,CRM
2024-09-01,,,,,,,CRM
2024-09-01,,,,,,,CRM
2024-09-01,,,,,,,DIS
2024-09-01,,,,,,,DIS
2024-09-01,,,,,,,DIS
2024-09-01,,,,,,,DIS
2024-09-01,,,,,,,DIS
2024-09-01,89.61000061035156,90.48999786376953,88.54000091552734,89.12999725341797,88.36000061035156,8465500.0,DIS
2024-09-01,,,,,,,DIS
2024-09-01,,,,,,,DIS
2024-09-01,,,,,,,DIS
2024-09-01,,,,,,,DIS
2024-09-01,,,,,,,DIS
2024-09-01,,,,,,,DIS
2024-09-01,,,,,,,DIS
2024-09-01,,,,,,,DIS
2024-09-01,,,,,,,DIS
2024-09-01,,,,,,,DIS
2024-09-01,,,,,,,DIS
2024-09-01,,,,,,,DIS
2024-09-01,,,,,,,DIS
2024-09-01,,,,,,,DIS
2024-09-01,,,,,,,GOOGL
2024-09-01,,,,,,,GOOGL
2024-09-01,,,,,,,GOOGL
2024-09-01,,,,,,,GOOGL
2024-09-01,,,,,,,GOOGL
2024-09-01,,,,,,,GOOGL
2024-09-01,161.72000122070312,161.85000610351562,156.47999572753906,157.36000061035156,156.4614715576172,38945300.0,GOOGL
2024-09-01,,,,,,,GOOGL
2024-09-01,,,,,,,GOOGL
2024-09-01,,,,,,,GOOGL
2024-09-01,,,,,,,GOOGL
2024-09-01,,,,,,,GOOGL
2024-09-01,,,,,,,GOOGL
2024-09-01,,,,,,,GOOGL
2024-09-01,,,,,,,GOOGL
2024-09-01,,,,,,,GOOGL
2024-09-01,,,,,,,GOOGL
2024-09-01,,,,,,,GOOGL
2024-09-01,,,,,,,GOOGL
2024-09-01,,,,,,,GOOGL
2024-09-01,,,,,,,HD
2024-09-01,,,,,,,HD
2024-09-01,,,,,,,HD
2024-09-01,,,,,,,HD
2024-09-01,,,,,,,HD
2024-09-01,,,,,,,HD
2024-09-01,,,,,,,HD
2024-09-01,367.8999938964844,369.3800048828125,362.8999938964844,364.739990234375,356.293212890625,3598100.0,HD
2024-09-01,,,,,,,HD
2024-09-01,,,,,,,HD
2024-09-01,,,,,,,HD
2024-09-01,,,,,,,HD
2024-09-01,,,,,,,HD
2024-09-01,,,,,,,HD
2024-09-01,,,,,,,HD
2024-09-01,,,,,,,HD
2024-09-01,,,,,,,HD
2024-09-01,,,,,,,HD
2024-09-01,,,,,,,HD
2024-09-01,,,,,,,HD
2024-09-01,,,,,,,JNJ
2024-09-01,,,,,,,JNJ
2024-09-01,,,,,,,JNJ
2024-09-01,,,,,,,JNJ
2024-09-01,,,,,,,JNJ
2024-09-01,,,,,,,JNJ
2024-09-01,,,,,,,JNJ
2024-09-01,,,,,,,JNJ
2024-09-01,165.24000549316406,167.80999755859375,164.77000427246094,167.16000366210938,161.92564392089844,6956500.0,JNJ
2024-09-01,,,,,,,JNJ
2024-09-01,,,,,,,JNJ
2024-09-01,,,,,,,JNJ
2024-09-01,,,,,,,JNJ
2024-09-01,,,,,,,JNJ
2024-09-01,,,,,,,JNJ
2024-09-01,,,,,,,JNJ
2024-09-01,,,,,,,JNJ
2024-09-01,,,,,,,JNJ
2024-09-01,,,,,,,JNJ
2024-09-01,,,,,,,JNJ
2024-09-01,,,,,,,JPM
2024-09-01,,,,,,,JPM
2024-09-01,,,,,,,JPM
2024-09-01,,,,,,,JPM
2024-09-01,,,,,,,JPM
2024-09-01,,,,,,,JPM
2024-09-01,,,,,,,JPM
2024-09-01,,,,,,,JPM
2024-09-01,,,,,,,JPM
2024-09-01,222.3000030517578,224.10000610351562,219.24000549316406,220.3000030517578,215.46165466308594,8956100.0,JPM
2024-09-01,,,,,,,JPM
2024-09-01,,,,,,,JPM
2024-09-01,,,,,,,JPM
2024-09-01,,,,,,,JPM
2024-09-01,,,,,,,JPM
2024-09-01,,,,,,,JPM
2024-09-01,,,,,,,JPM
2024-09-01,,,,,,,JPM
2024-09-01,,,,,,,JPM
2024-09-01,,,,,,,JPM
2024-09-01,,,,,,,MA
2024-09-01,,,,,,,MA
2024-09-01,,,,,,,MA
2024-09-01,,,,,,,MA
2024-09-01,,,,,,,MA
2024-09-01,,,,,,,MA
2024-09-01,,,,,,,MA
2024-09-01,,,,,,,MA
2024-09-01,,,,,,,MA
2024-09-01,,,,,,,MA
2024-09-01,482.4700012207031,486.69000244140625,480.0400085449219,482.1199951171875,479.3612976074219,2063700.0,MA
2024-09-01,,,,,,,MA
2024-09-01,,,,,,,MA
2024-09-01,,,,,,,MA
2024-09-01,,,,,,,MA
2024-09-01,,,,,,,MA
2024-09-01,,,,,,,MA
2024-09-01,,,,,,,MA
2024-09-01,,,,,,,MA
2024-09-01,,,,,,,MA
2024-09-01,,,,,,,META
2024-09-01,,,,,,,META
2024-09-01,,,,,,,META
2024-09-01,,,,,,,META
2024-09-01,,,,,,,META
2024-09-01,,,,,,,META
2024-09-01,,,,,,,META
2024-09-01,,,,,,,META
2024-09-01,,,,,,,META
2024-09-01,,,,,,,META
2024-09-01,,,,,,,META
2024-09-01,519.6400146484375,525.489990234375,508.6199951171875,511.760009765625,510.013671875,12459100.0,META
2024-09-01,,,,,,,META
2024-09-01,,,,,,,META
2024-09-01,,,,,,,META
2024-09-01,,,,,,,META
2024-09-01,,,,,,,META
2024-09-01,,,,,,,META
2024-09-01,,,,,,,META
2024-09-01,,,,,,,META
2024-09-01,,,,,,,MSFT
2024-09-01,,,,,,,MSFT
2024-09-01,,,,,,,MSFT
2024-09-01,,,,,,,MSFT
2024-09-01,,,,,,,MSFT
2024-09-01,,,,,,,MSFT
2024-09-01,,,,,,,MSFT
2024-09-01,,,,,,,MSFT
2024-09-01,,,,,,,MSFT
2024-09-01,,,,,,,MSFT
2024-09-01,,,,,,,MSFT
2024-09-01,,,,,,,MSFT
2024-09-01,417.9100036621094,419.8800048828125,407.0299987792969,409.44000244140625,406.3890380859375,20313600.0,MSFT
2024-09-01,,,,,,,MSFT
2024-09-01,,,,,,,MSFT
2024-09-01,,,,,,,MSFT
2024-09-01,,,,,,,MSFT
2024-09-01,,,,,,,MSFT
2024-09-01,,,,,,,MSFT
2024-09-01,,,,,,,MSFT
2024-09-01,,,,,,,NFLX
2024-09-01,,,,,,,NFLX
2024-09-01,,,,,,,NFLX
2024-09-01,,,,,,,NFLX
2024-09-01,,,,,,,NFLX
2024-09-01,,,,,,,NFLX
2024-09-01,,,,,,,NFLX
2024-09-01,,,,,,,NFLX
2024-09-01,,,,,,,NFLX
2024-09-01,,,,,,,NFLX
2024-09-01,,,,,,,NFLX
2024-09-01,,,,,,,NFLX
2024-09-01,,,,,,,NFLX
2024-09-01,700.0999755859375,703.8599853515625,671.010009765625,675.3200073242188,675.3200073242188,3161000.0,NFLX
2024-09-01,,,,,,,NFLX
2024-09-01,,,,,,,NFLX
2024-09-01,,,,,,,NFLX
2024-09-01,,,,,,,NFLX
2024-09-01,,,,,,,NFLX
2024-09-01,,,,,,,NFLX
2024-09-01,,,,,,,NVDA
2024-09-01,,,,,,,NVDA
2024-09-01,,,,,,,NVDA
2024-09-01,,,,,,,NVDA
2024-09-01,,,,,,,NVDA
2024-09-01,,,,,,,NVDA
2024-09-01,,,,,,,NVDA
2024-09-01,,,,,,,NVDA
2024-09-01,,,,,,,NVDA
2024-09-01,,,,,,,NVDA
2024-09-01,,,,,,,NVDA
2024-09-01,,,,,,,NVDA
2024-09-01,,,,,,,NVDA
2024-09-01,,,,,,,NVDA
2024-09-01,116.01000213623047,116.20999908447266,107.29000091552734,108.0,107.95980072021484,477155100.0,NVDA
2024-09-01,,,,,,,NVDA
2024-09-01,,,,,,,NVDA
2024-09-01,,,,,,,NVDA
2024-09-01,,,,,,,NVDA
2024-09-01,,,,,,,NVDA
2024-09-01,,,,,,,PFE
2024-09-01,,,,,,,PFE
2024-09-01,,,,,,,PFE
2024-09-01,,,,,,,PFE
2024-09-01,,,,,,,PFE
2024-09-01,,,,,,,PFE
2024-09-01,,,,,,,PFE
2024-09-01,,,,,,,PFE
2024-09-01,,,,,,,PFE
2024-09-01,,,,,,,PFE
2024-09-01,,,,,,,PFE
2024-09-01,,,,,,,PFE
2024-09-01,,,,,,,PFE
2024-09-01,,,,,,,PFE
2024-09-01,,,,,,,PFE
2024-09-01,28.649999618530273,28.920000076293945,28.139999389648438,28.299999237060547,26.44444465637207,44499600.0,PFE
2024-09-01,,,,,,,PFE
2024-09-01,,,,,,,PFE
2024-09-01,,,,,,,PFE
2024-09-01,,,,,,,PFE
2024-09-01,,,,,,,PG
2024-09-01,,,,,,,PG
2024-09-01,,,,,,,PG
2024-09-01,,,,,,,PG
2024-09-01,,,,,,,PG
2024-09-01,,,,,,,PG
2024-09-01,,,,,,,PG
2024-09-01,,,,,,,PG
2024-09-01,,,,,,,PG
2024-09-01,,,,,,,PG
2024-09-01,,,,,,,PG
2024-09-01,,,,,,,PG
2024-09-01,,,,,,,PG
2024-09-01,,,,,,,PG
2024-09-01,,,,,,,PG
2024-09-01,,,,,,,PG
2024-09-01,171.02999877929688,175.0,170.99000549316406,174.52000427246094,170.21604919433594,10101400.0,PG
2024-09-01,,,,,,,PG
2024-09-01,,,,,,,PG
2024-09-01,,,,,,,PG
2024-09-01,,,,,,,TSLA
2024-09-01,,,,,,,TSLA
2024-09-01,,,,,,,TSLA
2024-09-01,,,,,,,TSLA
2024-09-01,,,,,,,TSLA
2024-09-01,,,,,,,TSLA
2024-09-01,,,,,,,TSLA
2024-09-01,,,,,,,TSLA
2024-09-01,,,,,,,TSLA
2024-09-01,,,,,,,TSLA
2024-09-01,,,,,,,TSLA
2024-09-01,,,,,,,TSLA
2024-09-01,,,,,,,TSLA
2024-09-01,,,,,,,TSLA
2024-09-01,,,,,,,TSLA
2024-09-01,,,,,,,TSLA
2024-09-01,,,,,,,TSLA
2024-09-01,215.25999450683594,219.89999389648438,209.63999938964844,210.60000610351562,210.60000610351562,76714200.0,TSLA
2024-09-01,,,,,,,TSLA
2024-09-01,,,,,,,TSLA
2024-09-01,,,,,,,UNH
2024-09-01,,,,,,,UNH
2024-09-01,,,,,,,UNH
2024-09-01,,,,,,,UNH
2024-09-01,,,,,,,UNH
2024-09-01,,,,,,,UNH
2024-09-01,,,,,,,UNH
2024-09-01,,,,,,,UNH
2024-09-01,,,,,,,UNH
2024-09-01,,,,,,,UNH
2024-09-01,,,,,,,UNH
2024-09-01,,,,,,,UNH
2024-09-01,,,,,,,UNH
2024-09-01,,,,,,,UNH
2024-09-01,,,,,,,UNH
2024-09-01,,,,,,,UNH
2024-09-01,,,,,,,UNH
2024-09-01,,,,,,,UNH
2024-09-01,592.52001953125,600.6599731445312,591.8200073242188,598.6799926757812,587.5850830078125,3175500.0,UNH
2024-09-01,,,,,,,UNH
2024-09-01,,,,,,,V
2024-09-01,,,,,,,V
2024-09-01,,,,,,,V
2024-09-01,,,,,,,V
2024-09-01,,,,,,,V
2024-09-01,,,,,,,V
2024-09-01,,,,,,,V
2024-09-01,,,,,,,V
2024-09-01,,,,,,,V
2024-09-01,,,,,,,V
2024-09-01,,,,,,,V
2024-09-01,,,,,,,V
2024-09-01,,,,,,,V
2024-09-01,,,,,,,V
2024-09-01,,,,,,,V
2024-09-01,,,,,,,V
2024-09-01,,,,,,,V
2024-09-01,,,,,,,V
2024-09-01,,,,,,,V
2024-09-01,276.3699951171875,282.0899963378906,276.3699951171875,278.5400085449219,276.5975646972656,7278300.0,V
2024-10-01,229.52000427246094,229.64999389648438,223.74000549316406,226.2100067138672,225.16209411621094,63285000.0,AAPL
2024-10-01,,,,,,,AAPL
2024-10-01,,,,,,,AAPL
2024-10-01,,,,,,,AAPL
2024-10-01,,,,,,,AAPL
2024-10-01,,,,,,,AAPL
2024-10-01,,,,,,,AAPL
2024-10-01,,,,,,,AAPL
2024-10-01,,,,,,,AAPL
2024-10-01,,,,,,,AAPL
2024-10-01,,,,,,,AAPL
2024-10-01,,,,,,,AAPL
2024-10-01,,,,,,,AAPL
2024-10-01,,,,,,,AAPL
2024-10-01,,,,,,,AAPL
2024-10-01,,,,,,,AAPL
2024-10-01,,,,,,,AAPL
2024-10-01,,,,,,,AAPL
2024-10-01,,,,,,,AAPL
2024-10-01,,,,,,,AAPL
2024-10-01,,,,,,,ADBE
2024-10-01,517.4500122070312,519.0,502.5,502.79998779296875,502.79998779296875,3730000.0,ADBE
2024-10-01,,,,,,,ADBE
2024-10-01,,,,,,,ADBE
2024-10-01,,,,,,,ADBE
2024-10-01,,,,,,,ADBE
2024-10-01,,,,,,,ADBE
2024-10-01,,,,,,,ADBE
2024-10-01,,,,,,,ADBE
2024-10-01,,,,,,,ADBE
2024-10-01,,,,,,,ADBE
2024-10-01,,,,,,,ADBE
2024-10-01,,,,,,,ADBE
2024-10-01,,,,,,,ADBE
2024-10-01,,,,,,,ADBE
2024-10-01,,,,,,,ADBE
2024-10-01,,,,,,,ADBE
2024-10-01,,,,,,,ADBE
2024-10-01,,,,,,,ADBE
2024-10-01,,,,,,,ADBE
2024-10-01,,,,,,,AMZN
2024-10-01,,,,,,,AMZN
2024-10-01,184.89999389648438,186.19000244140625,183.4499969482422,185.1300048828125,185.1300048828125,36044900.0,AMZN
2024-10-01,,,,,,,AMZN
2024-10-01,,,,,,,AMZN
2024-10-01,,,,,,,AMZN
2024-10-01,,,,,,,AMZN
2024-10-01,,,,,,,AMZN
2024-10-01,,,,,,,AMZN
2024-10-01,,,,,,,AMZN
2024-10-01,,,,,,,AMZN
2024-10-01,,,,,,,AMZN
2024-10-01,,,,,,,AMZN
2024-10-01,,,,,,,AMZN
2024-10-01,,,,,,,AMZN
2024-10-01,,,,,,,AMZN
2024-10-01,,,,,,,AMZN
2024-10-01,,,,,,,AMZN
2024-10-01,,,,,,,AMZN
2024-10-01,,,,,,,AMZN
2024-10-01,,,,,,,BAC
2024-10-01,,,,,,,BAC
2024-10-01,,,,,,,BAC
2024-10-01,39.5099983215332,39.560001373291016,38.939998626708984,39.220001220703125,38.31824493408203,26291200.0,BAC
2024-10-01,,,,,,,BAC
2024-10-01,,,,,,,BAC
2024-10-01,,,,,,,BAC
2024-10-01,,,,,,,BAC
2024-10-01,,,,,,,BAC
2024-10-01,,,,,,,BAC
2024-10-01,,,,,,,BAC
2024-10-01,,,,,,,BAC
2024-10-01,,,,,,,BAC
2024-10-01,,,,,,,BAC
2024-10-01,,,,,,,BAC
2024-10-01,,,,,,,BAC
2024-10-01,,,,,,,BAC
2024-10-01,,,,,,,BAC
2024-10-01,,,,,,,BAC
2024-10-01,,,,,,,BAC
2024-10-01,,,,,,,CRM
2024-10-01,,,,,,,CRM
2024-10-01,,,,,,,CRM
2024-10-01,,,,,,,CRM
2024-10-01,274.1400146484375,274.70001220703125,269.69000244140625,270.8699951171875,269.70916748046875,4369900.0,CRM
2024-10-01,,,,,,,CRM
2024-10-01,,,,,,,CRM
2024-10-01,,,,,,,CRM
2024-10-01,,,,,,,CRM
2024-10-01,,,,,,,CRM
2024-10-01,,,,,,,CRM
2024-10-01,,,,,,,CRM
2024-10-01,,,,,,,CRM
2024-10-01,,,,,,,CRM
2024-10-01,,,,,,,CRM
2024-10-01,,,,,,,CRM
2024-10-01,,,,,,,CRM
2024-10-01,,,,,,,CRM
2024-10-01,,,,,,,CRM
2024-10-01,,,,,,,CRM
2024-10-01,,,,,,,DIS
2024-10-01,,,,,,,DIS
2024-10-01,,,,,,,DIS
2024-10-01,,,,,,,DIS
2024-10-01,,,,,,,DIS
2024-10-01,95.19000244140625,95.8499984741211,93.31999969482422,94.05000305175781,93.23750305175781,10099200.0,DIS
2024-10-01,,,,,,,DIS
2024-10-01,,,,,,,DIS
2024-10-01,,,,,,,DIS
2024-10-01,,,,,,,DIS
2024-10-01,,,,,,,DIS
2024-10-01,,,,,,,DIS
2024-10-01,,,,,,,DIS
2024-10-01,,,,,,,DIS
2024-10-01,,,,,,,DIS
2024-10-01,,,,,,,DIS
2024-10-01,,,,,,,DIS
2024-10-01,,,,,,,DIS
2024-10-01,,,,,,,DIS
2024-10-01,,,,,,,DIS
2024-10-01,,,,,,,GOOGL
2024-10-01,,,,,,,GOOGL
2024-10-01,,,,,,,GOOGL
2024-10-01,,,,,,,GOOGL
2024-10-01,,,,,,,GOOGL
2024-10-01,,,,,,,GOOGL
2024-10-01,167.69000244140625,169.16000366210938,164.5800018310547,166.99000549316406,166.2567901611328,28338100.0,GOOGL
2024-10-01,,,,,,,GOOGL
2024-10-01,,,,,,,GOOGL
2024-10-01,,,,,,,GOOGL
2024-10-01,,,,,,,GOOGL
2024-10-01,,,,,,,GOOGL
2024-10-01,,,,,,,GOOGL
2024-10-01,,,,,,,GOOGL
2024-10-01,,,,,,,GOOGL
2024-10-01,,,,,,,GOOGL
2024-10-01,,,,,,,GOOGL
2024-10-01,,,,,,,GOOGL
2024-10-01,,,,,,,GOOGL
2024-10-01,,,,,,,GOOGL
2024-10-01,,,,,,,HD
2024-10-01,,,,,,,HD
2024-10-01,,,,,,,HD
2024-10-01,,,,,,,HD
2024-10-01,,,,,,,HD
2024-10-01,,,,,,,HD
2024-10-01,,,,,,,HD
2024-10-01,404.0199890136719,410.55999755859375,401.4100036621094,409.04998779296875,399.5770568847656,3476200.0,HD
2024-10-01,,,,,,,HD
2024-10-01,,,,,,,HD
2024-10-01,,,,,,,HD
2024-10-01,,,,,,,HD
2024-10-01,,,,,,,HD
2024-10-01,,,,,,,HD
2024-10-01,,,,,,,HD
2024-10-01,,,,,,,HD
2024-10-01,,,,,,,HD
2024-10-01,,,,,,,HD
2024-10-01,,,,,,,HD
2024-10-01,,,,,,,HD
2024-10-01,,,,,,,JNJ
2024-10-01,,,,,,,JNJ
2024-10-01,,,,,,,JNJ
2024-10-01,,,,,,,JNJ
2024-10-01,,,,,,,JNJ
2024-10-01,,,,,,,JNJ
2024-10-01,,,,,,,JNJ
2024-10-01,,,,,,,JNJ
2024-10-01,162.42999267578125,162.75,161.17999267578125,161.99000549316406,156.9175262451172,4408000.0,JNJ
2024-10-01,,,,,,,JNJ
2024-10-01,,,,,,,JNJ
2024-10-01,,,,,,,JNJ
2024-10-01,,,,,,,JNJ
2024-10-01,,,,,,,JNJ
2024-10-01,,,,,,,JNJ
2024-10-01,,,,,,,JNJ
2024-10-01,,,,,,,JNJ
2024-10-01,,,,,,,JNJ
2024-10-01,,,,,,,JNJ
2024-10-01,,,,,,,JNJ
2024-10-01,,,,,,,JPM
2024-10-01,,,,,,,JPM
2024-10-01,,,,,,,JPM
2024-10-01,,,,,,,JPM
2024-10-01,,,,,,,JPM
2024-10-01,,,,,,,JPM
2024-10-01,,,,,,,JPM
2024-10-01,,,,,,,JPM
2024-10-01,,,,,,,JPM
2024-10-01,208.89999389648438,209.08999633789062,206.19000244140625,207.0399932861328,202.49285888671875,8540100.0,JPM
2024-10-01,,,,,,,JPM
2024-10-01,,,,,,,JPM
2024-10-01,,,,,,,JPM
2024-10-01,,,,,,,JPM
2024-10-01,,,,,,,JPM
2024-10-01,,,,,,,JPM
2024-10-01,,,,,,,JPM
2024-10-01,,,,,,,JPM
2024-10-01,,,,,,,JPM
2024-10-01,,,,,,,JPM
2024-10-01,,,,,,,MA
2024-10-01,,,,,,,MA
2024-10-01,,,,,,,MA
2024-10-01,,,,,,,MA
2024-10-01,,,,,,,MA
2024-10-01,,,,,,,MA
2024-10-01,,,,,,,MA
2024-10-01,,,,,,,MA
2024-10-01,,,,,,,MA
2024-10-01,,,,,,,MA
2024-10-01,497.260009765625,498.0299987792969,493.1099853515625,496.3800048828125,493.5397033691406,3748100.0,MA
2024-10-01,,,,,,,MA
2024-10-01,,,,,,,MA
2024-10-01,,,,,,,MA
2024-10-01,,,,,,,MA
2024-10-01,,,,,,,MA
2024-10-01,,,,,,,MA
2024-10-01,,,,,,,MA
2024-10-01,,,,,,,MA
2024-10-01,,,,,,,MA
2024-10-01,,,,,,,META
2024-10-01,,,,,,,META
2024-10-01,,,,,,,META
2024-10-01,,,,,,,META
2024-10-01,,,,,,,META
2024-10-01,,,,,,,META
2024-10-01,,,,,,,META
2024-10-01,,,,,,,META
2024-10-01,,,,,,,META
2024-10-01,,,,,,,META
2024-10-01,,,,,,,META
2024-10-01,577.97998046875,583.0399780273438,570.0999755859375,576.469970703125,575.0509033203125,15259300.0,META
2024-10-01,,,,,,,META
2024-10-01,,,,,,,META
2024-10-01,,,,,,,META
2024-10-01,,,,,,,META
2024-10-01,,,,,,,META
2024-10-01,,,,,,,META
2024-10-01,,,,,,,META
2024-10-01,,,,,,,META
2024-10-01,,,,,,,MSFT
2024-10-01,,,,,,,MSFT
2024-10-01,,,,,,,MSFT
2024-10-01,,,,,,,MSFT
2024-10-01,,,,,,,MSFT
2024-10-01,,,,,,,MSFT
2024-10-01,,,,,,,MSFT
2024-10-01,,,,,,,MSFT
2024-10-01,,,,,,,MSFT
2024-10-01,,,,,,,MSFT
2024-10-01,,,,,,,MSFT
2024-10-01,,,,,,,MSFT
2024-10-01,428.45001220703125,428.4800109863281,418.80999755859375,420.69000244140625,417.5552062988281,19092900.0,MSFT
2024-10-01,,,,,,,MSFT
2024-10-01,,,,,,,MSFT
2024-10-01,,,,,,,MSFT
2024-10-01,,,,,,,MSFT
2024-10-01,,,,,,,MSFT
2024-10-01,,,,,,,MSFT
2024-10-01,,,,,,,MSFT
2024-10-01,,,,,,,NFLX
2024-10-01,,,,,,,NFLX
2024-10-01,,,,,,,NFLX
2024-10-01,,,,,,,NFLX
2024-10-01,,,,,,,NFLX
2024-10-01,,,,,,,NFLX
2024-10-01,,,,,,,NFLX
2024-10-01,,,,,,,NFLX
2024-10-01,,,,,,,NFLX
2024-10-01,,,,,,,NFLX
2024-10-01,,,,,,,NFLX
2024-10-01,,,,,,,NFLX
2024-10-01,,,,,,,NFLX
2024-10-01,713.6400146484375,717.760009765625,698.5900268554688,706.1300048828125,706.1300048828125,2813500.0,NFLX
2024-10-01,,,,,,,NFLX
2024-10-01,,,,,,,NFLX
2024-10-01,,,,,,,NFLX
2024-10-01,,,,,,,NFLX
2024-10-01,,,,,,,NFLX
2024-10-01,,,,,,,NFLX
2024-10-01,,,,,,,NVDA
2024-10-01,,,,,,,NVDA
2024-10-01,,,,,,,NVDA
2024-10-01,,,,,,,NVDA
2024-10-01,,,,,,,NVDA
2024-10-01,,,,,,,NVDA
2024-10-01,,,,,,,NVDA
2024-10-01,,,,,,,NVDA
2024-10-01,,,,,,,NVDA
2024-10-01,,,,,,,NVDA
2024-10-01,,,,,,,NVDA
2024-10-01,,,,,,,NVDA
2024-10-01,,,,,,,NVDA
2024-10-01,,,,,,,NVDA
2024-10-01,121.7699966430664,122.44000244140625,115.79000091552734,117.0,116.96646118164062,302094500.0,NVDA
2024-10-01,,,,,,,NVDA
2024-10-01,,,,,,,NVDA
2024-10-01,,,,,,,NVDA
2024-10-01,,,,,,,NVDA
2024-10-01,,,,,,,NVDA
2024-10-01,,,,,,,PFE
2024-10-01,,,,,,,PFE
2024-10-01,,,,,,,PFE
2024-10-01,,,,,,,PFE
2024-10-01,,,,,,,PFE
2024-10-01,,,,,,,PFE
2024-10-01,,,,,,,PFE
2024-10-01,,,,,,,PFE
2024-10-01,,,,,,,PFE
2024-10-01,,,,,,,PFE
2024-10-01,,,,,,,PFE
2024-10-01,,,,,,,PFE
2024-10-01,,,,,,,PFE
2024-10-01,,,,,,,PFE
2024-10-01,,,,,,,PFE
2024-10-01,29.049999237060547,29.079999923706055,28.530000686645508,28.670000076293945,26.790185928344727,30725100.0,PFE
2024-10-01,,,,,,,PFE
2024-10-01,,,,,,,PFE
2024-10-01,,,,,,,PFE
2024-10-01,,,,,,,PFE
2024-10-01,,,,,,,PG
2024-10-01,,,,,,,PG
2024-10-01,,,,,,,PG
2024-10-01,,,,,,,PG
2024-10-01,,,,,,,PG
2024-10-01,,,,,,,PG
2024-10-01,,,,,,,PG
2024-10-01,,,,,,,PG
2024-10-01,,,,,,,PG
2024-10-01,,,,,,,PG
2024-10-01,,,,,,,PG
2024-10-01,,,,,,,PG
2024-10-01,,,,,,,PG
2024-10-01,,,,,,,PG
2024-10-01,,,,,,,PG
2024-10-01,,,,,,,PG
2024-10-01,173.24000549316406,174.0,172.1999969482422,173.0399932861328,168.7725372314453,7130600.0,PG
2024-10-01,,,,,,,PG
2024-10-01,,,,,,,PG
2024-10-01,,,,,,,PG
2024-10-01,,,,,,,TSLA
2024-10-01,,,,,,,TSLA
2024-10-01,,,,,,,TSLA
2024-10-01,,,,,,,TSLA
2024-10-01,,,,,,,TSLA
2024-10-01,,,,,,,TSLA
2024-10-01,,,,,,,TSLA
2024-10-01,,,,,,,TSLA
2024-10-01,,,,,,,TSLA
2024-10-01,,,,,,,TSLA
2024-10-01,,,,,,,TSLA
2024-10-01,,,,,,,TSLA
2024-10-01,,,,,,,TSLA
2024-10-01,,,,,,,TSLA
2024-10-01,,,,,,,TSLA
2024-10-01,,,,,,,TSLA
2024-10-01,,,,,,,TSLA
2024-10-01,262.6700134277344,263.9800109863281,248.52999877929688,258.0199890136719,258.0199890136719,87397600.0,TSLA
2024-10-01,,,,,,,TSLA
2024-10-01,,,,,,,TSLA
2024-10-01,,,,,,,UNH
2024-10-01,,,,,,,UNH
2024-10-01,,,,,,,UNH
2024-10-01,,,,,,,UNH
2024-10-01,,,,,,,UNH
2024-10-01,,,,,,,UNH
2024-10-01,,,,,,,UNH
2024-10-01,,,,,,,UNH
2024-10-01,,,,,,,UNH
2024-10-01,,,,,,,UNH
2024-10-01,,,,,,,UNH
2024-10-01,,,,,,,UNH
2024-10-01,,,,,,,UNH
2024-10-01,,,,,,,UNH
2024-10-01,,,,,,,UNH
2024-10-01,,,,,,,UNH
2024-10-01,,,,,,,UNH
2024-10-01,,,,,,,UNH
2024-10-01,585.0,588.7000122070312,580.77001953125,583.2999877929688,574.5200805664062,2648400.0,UNH
2024-10-01,,,,,,,UNH
2024-10-01,,,,,,,V
2024-10-01,,,,,,,V
2024-10-01,,,,,,,V
2024-10-01,,,,,,,V
2024-10-01,,,,,,,V
2024-10-01,,,,,,,V
2024-10-01,,,,,,,V
2024-10-01,,,,,,,V
2024-10-01,,,,,,,V
2024-10-01,,,,,,,V
2024-10-01,,,,,,,V
2024-10-01,,,,,,,V
2024-10-01,,,,,,,V
2024-10-01,,,,,,,V
2024-10-01,,,,,,,V
2024-10-01,,,,,,,V
2024-10-01,,,,,,,V
2024-10-01,,,,,,,V
2024-10-01,,,,,,,V
2024-10-01,276.9700012207031,279.05999755859375,274.3599853515625,277.6000061035156,275.66412353515625,5781600.0,V
2024-11-01,220.97000122070312,225.35000610351562,220.27000427246094,222.91000366210938,221.8773651123047,65276700.0,AAPL
2024-11-01,,,,,,,AAPL
2024-11-01,,,,,,,AAPL
2024-11-01,,,,,,,AAPL
2024-11-01,,,,,,,AAPL
2024-11-01,,,,,,,AAPL
2024-11-01,,,,,,,AAPL
2024-11-01,,,,,,,AAPL
2024-11-01,,,,,,,AAPL
2024-11-01,,,,,,,AAPL
2024-11-01,,,,,,,AAPL
2024-11-01,,,,,,,AAPL
2024-11-01,,,,,,,AAPL
2024-11-01,,,,,,,AAPL
2024-11-01,,,,,,,AAPL
2024-11-01,,,,,,,AAPL
2024-11-01,,,,,,,AAPL
2024-11-01,,,,,,,AAPL
2024-11-01,,,,,,,AAPL
2024-11-01,,,,,,,AAPL
2024-11-01,,,,,,,ADBE
2024-11-01,475.4100036621094,485.1600036621094,475.04998779296875,482.79998779296875,482.79998779296875,2851600.0,ADBE
2024-11-01,,,,,,,ADBE
2024-11-01,,,,,,,ADBE
2024-11-01,,,,,,,ADBE
2024-11-01,,,,,,,ADBE
2024-11-01,,,,,,,ADBE
2024-11-01,,,,,,,ADBE
2024-11-01,,,,,,,ADBE
2024-11-01,,,,,,,ADBE
2024-11-01,,,,,,,ADBE
2024-11-01,,,,,,,ADBE
2024-11-01,,,,,,,ADBE
2024-11-01,,,,,,,ADBE
2024-11-01,,,,,,,ADBE
2024-11-01,,,,,,,ADBE
2024-11-01,,,,,,,ADBE
2024-11-01,,,,,,,ADBE
2024-11-01,,,,,,,ADBE
2024-11-01,,,,,,,ADBE
2024-11-01,,,,,,,AMZN
2024-11-01,,,,,,,AMZN
2024-11-01,199.0,200.5,197.02000427246094,197.92999267578125,197.92999267578125,99687800.0,AMZN
2024-11-01,,,,,,,AMZN
2024-11-01,,,,,,,AMZN
2024-11-01,,,,,,,AMZN
2024-11-01,,,,,,,AMZN
2024-11-01,,,,,,,AMZN
2024-11-01,,,,,,,AMZN
2024-11-01,,,,,,,AMZN
2024-11-01,,,,,,,AMZN
2024-11-01,,,,,,,AMZN
2024-11-01,,,,,,,AMZN
2024-11-01,,,,,,,AMZN
2024-11-01,,,,,,,AMZN
2024-11-01,,,,,,,AMZN
2024-11-01,,,,,,,AMZN
2024-11-01,,,,,,,AMZN
2024-11-01,,,,,,,AMZN
2024-11-01,,,,,,,AMZN
2024-11-01,,,,,,,BAC
2024-11-01,,,,,,,BAC
2024-11-01,,,,,,,BAC
2024-11-01,42.150001525878906,42.43000030517578,41.75,41.7599983215332,40.799842834472656,31220000.0,BAC
2024-11-01,,,,,,,BAC
2024-11-01,,,,,,,BAC
2024-11-01,,,,,,,BAC
2024-11-01,,,,,,,BAC
2024-11-01,,,,,,,BAC
2024-11-01,,,,,,,BAC
2024-11-01,,,,,,,BAC
2024-11-01,,,,,,,BAC
2024-11-01,,,,,,,BAC
2024-11-01,,,,,,,BAC
2024-11-01,,,,,,,BAC
2024-11-01,,,,,,,BAC
2024-11-01,,,,,,,BAC
2024-11-01,,,,,,,BAC
2024-11-01,,,,,,,BAC
2024-11-01,,,,,,,BAC
2024-11-01,,,,,,,CRM
2024-11-01,,,,,,,CRM
2024-11-01,,,,,,,CRM
2024-11-01,,,,,,,CRM
2024-11-01,290.2300109863281,296.989990234375,290.0,294.7200012207031,293.4569396972656,3527500.0,CRM
2024-11-01,,,,,,,CRM
2024-11-01,,,,,,,CRM
2024-11-01,,,,,,,CRM
2024-11-01,,,,,,,CRM
2024-11-01,,,,,,,CRM
2024-11-01,,,,,,,CRM
2024-11-01,,,,,,,CRM
2024-11-01,,,,,,,CRM
2024-11-01,,,,,,,CRM
2024-11-01,,,,,,,CRM
2024-11-01,,,,,,,CRM
2024-11-01,,,,,,,CRM
2024-11-01,,,,,,,CRM
2024-11-01,,,,,,,CRM
2024-11-01,,,,,,,CRM
2024-11-01,,,,,,,DIS
2024-11-01,,,,,,,DIS
2024-11-01,,,,,,,DIS
2024-11-01,,,,,,,DIS
2024-11-01,,,,,,,DIS
2024-11-01,95.69999694824219,96.38999938964844,94.83000183105469,95.80999755859375,94.98228454589844,7944900.0,DIS
2024-11-01,,,,,,,DIS
2024-11-01,,,,,,,DIS
2024-11-01,,,,,,,DIS
2024-11-01,,,,,,,DIS
2024-11-01,,,,,,,DIS
2024-11-01,,,,,,,DIS
2024-11-01,,,,,,,DIS
2024-11-01,,,,,,,DIS
2024-11-01,,,,,,,DIS
2024-11-01,,,,,,,DIS
2024-11-01,,,,,,,DIS
2024-11-01,,,,,,,DIS
2024-11-01,,,,,,,DIS
2024-11-01,,,,,,,DIS
2024-11-01,,,,,,,GOOGL
2024-11-01,,,,,,,GOOGL
2024-11-01,,,,,,,GOOGL
2024-11-01,,,,,,,GOOGL
2024-11-01,,,,,,,GOOGL
2024-11-01,,,,,,,GOOGL
2024-11-01,170.07000732421875,172.32000732421875,168.8800048828125,171.2899932861328,170.5379180908203,31796500.0,GOOGL
2024-11-01,,,,,,,GOOGL
2024-11-01,,,,,,,GOOGL
2024-11-01,,,,,,,GOOGL
2024-11-01,,,,,,,GOOGL
2024-11-01,,,,,,,GOOGL
2024-11-01,,,,,,,GOOGL
2024-11-01,,,,,,,GOOGL
2024-11-01,,,,,,,GOOGL
2024-11-01,,,,,,,GOOGL
2024-11-01,,,,,,,GOOGL
2024-11-01,,,,,,,GOOGL
2024-11-01,,,,,,,GOOGL
2024-11-01,,,,,,,GOOGL
2024-11-01,,,,,,,HD
2024-11-01,,,,,,,HD
2024-11-01,,,,,,,HD
2024-11-01,,,,,,,HD
2024-11-01,,,,,,,HD
2024-11-01,,,,,,,HD
2024-11-01,,,,,,,HD
2024-11-01,394.79998779296875,398.7099914550781,392.010009765625,392.5899963378906,383.4982604980469,3277800.0,HD
2024-11-01,,,,,,,HD
2024-11-01,,,,,,,HD
2024-11-01,,,,,,,HD
2024-11-01,,,,,,,HD
2024-11-01,,,,,,,HD
2024-11-01,,,,,,,HD
2024-11-01,,,,,,,HD
2024-11-01,,,,,,,HD
2024-11-01,,,,,,,HD
2024-11-01,,,,,,,HD
2024-11-01,,,,,,,HD
2024-11-01,,,,,,,HD
2024-11-01,,,,,,,JNJ
2024-11-01,,,,,,,JNJ
2024-11-01,,,,,,,JNJ
2024-11-01,,,,,,,JNJ
2024-11-01,,,,,,,JNJ
2024-11-01,,,,,,,JNJ
2024-11-01,,,,,,,JNJ
2024-11-01,,,,,,,JNJ
2024-11-01,160.5800018310547,161.05999755859375,159.8800048828125,160.1300048828125,155.1157684326172,5256400.0,JNJ
2024-11-01,,,,,,,JNJ
2024-11-01,,,,,,,JNJ
2024-11-01,,,,,,,JNJ
2024-11-01,,,,,,,JNJ
2024-11-01,,,,,,,JNJ
2024-11-01,,,,,,,JNJ
2024-11-01,,,,,,,JNJ
2024-11-01,,,,,,,JNJ
2024-11-01,,,,,,,JNJ
2024-11-01,,,,,,,JNJ
2024-11-01,,,,,,,JNJ
2024-11-01,,,,,,,JPM
2024-11-01,,,,,,,JPM
2024-11-01,,,,,,,JPM
2024-11-01,,,,,,,JPM
2024-11-01,,,,,,,JPM
2024-11-01,,,,,,,JPM
2024-11-01,,,,,,,JPM
2024-11-01,,,,,,,JPM
2024-11-01,,,,,,,JPM
2024-11-01,223.55999755859375,226.14999389648438,222.6999969482422,222.94000244140625,219.3798370361328,6923500.0,JPM
2024-11-01,,,,,,,JPM
2024-11-01,,,,,,,JPM
2024-11-01,,,,,,,JPM
2024-11-01,,,,,,,JPM
2024-11-01,,,,,,,JPM
2024-11-01,,,,,,,JPM
2024-11-01,,,,,,,JPM
2024-11-01,,,,,,,JPM
2024-11-01,,,,,,,JPM
2024-11-01,,,,,,,JPM
2024-11-01,,,,,,,MA
2024-11-01,,,,,,,MA
2024-11-01,,,,,,,MA
2024-11-01,,,,,,,MA
2024-11-01,,,,,,,MA
2024-11-01,,,,,,,MA
2024-11-01,,,,,,,MA
2024-11-01,,,,,,,MA
2024-11-01,,,,,,,MA
2024-11-01,,,,,,,MA
2024-11-01,500.44000244140625,510.54998779296875,498.5299987792969,508.0799865722656,505.8443908691406,3753700.0,MA
2024-11-01,,,,,,,MA
2024-11-01,,,,,,,MA
2024-11-01,,,,,,,MA
2024-11-01,,,,,,,MA
2024-11-01,,,,,,,MA
2024-11-01,,,,,,,MA
2024-11-01,,,,,,,MA
2024-11-01,,,,,,,MA
2024-11-01,,,,,,,MA
2024-11-01,,,,,,,META
2024-11-01,,,,,,,META
2024-11-01,,,,,,,META
2024-11-01,,,,,,,META
2024-11-01,,,,,,,META
2024-11-01,,,,,,,META
2024-11-01,,,,,,,META
2024-11-01,,,,,,,META
2024-11-01,,,,,,,META
2024-11-01,,,,,,,META
2024-11-01,,,,,,,META
2024-11-01,567.6099853515625,573.6699829101562,562.5599975585938,567.1599731445312,565.7637939453125,15303200.0,META
2024-11-01,,,,,,,META
2024-11-01,,,,,,,META
2024-11-01,,,,,,,META
2024-11-01,,,,,,,META
2024-11-01,,,,,,,META
2024-11-01,,,,,,,META
2024-11-01,,,,,,,META
2024-11-01,,,,,,,META
2024-11-01,,,,,,,MSFT
2024-11-01,,,,,,,MSFT
2024-11-01,,,,,,,MSFT
2024-11-01,,,,,,,MSFT
2024-11-01,,,,,,,MSFT
2024-11-01,,,,,,,MSFT
2024-11-01,,,,,,,MSFT
2024-11-01,,,,,,,MSFT
2024-11-01,,,,,,,MSFT
2024-11-01,,,,,,,MSFT
2024-11-01,,,,,,,MSFT
2024-11-01,,,,,,,MSFT
2024-11-01,409.010009765625,415.5,407.5,410.3699951171875,407.3121032714844,24230400.0,MSFT
2024-11-01,,,,,,,MSFT
2024-11-01,,,,,,,MSFT
2024-11-01,,,,,,,MSFT
2024-11-01,,,,,,,MSFT
2024-11-01,,,,,,,MSFT
2024-11-01,,,,,,,MSFT
2024-11-01,,,,,,,MSFT
2024-11-01,,,,,,,NFLX
2024-11-01,,,,,,,NFLX
2024-11-01,,,,,,,NFLX
2024-11-01,,,,,,,NFLX
2024-11-01,,,,,,,NFLX
2024-11-01,,,,,,,NFLX
2024-11-01,,,,,,,NFLX
2024-11-01,,,,,,,NFLX
2024-11-01,,,,,,,NFLX
2024-11-01,,,,,,,NFLX
2024-11-01,,,,,,,NFLX
2024-11-01,,,,,,,NFLX
2024-11-01,,,,,,,NFLX
2024-11-01,753.47998046875,763.7999877929688,747.77001953125,756.0999755859375,756.0999755859375,2996800.0,NFLX
2024-11-01,,,,,,,NFLX
2024-11-01,,,,,,,NFLX
2024-11-01,,,,,,,NFLX
2024-11-01,,,,,,,NFLX
2024-11-01,,,,,,,NFLX
2024-11-01,,,,,,,NFLX
2024-11-01,,,,,,,NVDA
2024-11-01,,,,,,,NVDA
2024-11-01,,,,,,,NVDA
2024-11-01,,,,,,,NVDA
2024-11-01,,,,,,,NVDA
2024-11-01,,,,,,,NVDA
2024-11-01,,,,,,,NVDA
2024-11-01,,,,,,,NVDA
2024-11-01,,,,,,,NVDA
2024-11-01,,,,,,,NVDA
2024-11-01,,,,,,,NVDA
2024-11-01,,,,,,,NVDA
2024-11-01,,,,,,,NVDA
2024-11-01,,,,,,,NVDA
2024-11-01,134.6999969482422,137.30999755859375,134.57000732421875,135.39999389648438,135.36119079589844,207127800.0,NVDA
2024-11-01,,,,,,,NVDA
2024-11-01,,,,,,,NVDA
2024-11-01,,,,,,,NVDA
2024-11-01,,,,,,,NVDA
2024-11-01,,,,,,,NVDA
2024-11-01,,,,,,,PFE
2024-11-01,,,,,,,PFE
2024-11-01,,,,,,,PFE
2024-11-01,,,,,,,PFE
2024-11-01,,,,,,,PFE
2024-11-01,,,,,,,PFE
2024-11-01,,,,,,,PFE
2024-11-01,,,,,,,PFE
2024-11-01,,,,,,,PFE
2024-11-01,,,,,,,PFE
2024-11-01,,,,,,,PFE
2024-11-01,,,,,,,PFE
2024-11-01,,,,,,,PFE
2024-11-01,,,,,,,PFE
2024-11-01,,,,,,,PFE
2024-11-01,28.479999542236328,28.540000915527344,28.049999237060547,28.09000015258789,26.248214721679688,46894600.0,PFE
2024-11-01,,,,,,,PFE
2024-11-01,,,,,,,PFE
2024-11-01,,,,,,,PFE
2024-11-01,,,,,,,PFE
2024-11-01,,,,,,,PG
2024-11-01,,,,,,,PG
2024-11-01,,,,,,,PG
2024-11-01,,,,,,,PG
2024-11-01,,,,,,,PG
2024-11-01,,,,,,,PG
2024-11-01,,,,,,,PG
2024-11-01,,,,,,,PG
2024-11-01,,,,,,,PG
2024-11-01,,,,,,,PG
2024-11-01,,,,,,,PG
2024-11-01,,,,,,,PG
2024-11-01,,,,,,,PG
2024-11-01,,,,,,,PG
2024-11-01,,,,,,,PG
2024-11-01,,,,,,,PG
2024-11-01,165.30999755859375,166.35000610351562,164.99000549316406,165.10000610351562,161.9751434326172,5454800.0,PG
2024-11-01,,,,,,,PG
2024-11-01,,,,,,,PG
2024-11-01,,,,,,,PG
2024-11-01,,,,,,,TSLA
2024-11-01,,,,,,,TSLA
2024-11-01,,,,,,,TSLA
2024-11-01,,,,,,,TSLA
2024-11-01,,,,,,,TSLA
2024-11-01,,,,,,,TSLA
2024-11-01,,,,,,,TSLA
2024-11-01,,,,,,,TSLA
2024-11-01,,,,,,,TSLA
2024-11-01,,,,,,,TSLA
2024-11-01,,,,,,,TSLA
2024-11-01,,,,,,,TSLA
2024-11-01,,,,,,,TSLA
2024-11-01,,,,,,,TSLA
2024-11-01,,,,,,,TSLA
2024-11-01,,,,,,,TSLA
2024-11-01,,,,,,,TSLA
2024-11-01,252.0399932861328,254.0,246.6300048828125,248.97999572753906,248.97999572753906,57544800.0,TSLA
2024-11-01,,,,,,,TSLA
2024-11-01,,,,,,,TSLA
2024-11-01,,,,,,,UNH
2024-11-01,,,,,,,UNH
2024-11-01,,,,,,,UNH
2024-11-01,,,,,,,UNH
2024-11-01,,,,,,,UNH
2024-11-01,,,,,,,UNH
2024-11-01,,,,,,,UNH
2024-11-01,,,,,,,UNH
2024-11-01,,,,,,,UNH
2024-11-01,,,,,,,UNH
2024-11-01,,,,,,,UNH
2024-11-01,,,,,,,UNH
2024-11-01,,,,,,,UNH
2024-11-01,,,,,,,UNH
2024-11-01,,,,,,,UNH
2024-11-01,,,,,,,UNH
2024-11-01,,,,,,,UNH
2024-11-01,,,,,,,UNH
2024-11-01,565.1199951171875,570.3300170898438,563.9000244140625,567.5599975585938,559.01708984375,2548300.0,UNH
2024-11-01,,,,,,,UNH
2024-11-01,,,,,,,V
2024-11-01,,,,,,,V
2024-11-01,,,,,,,V
2024-11-01,,,,,,,V
2024-11-01,,,,,,,V
2024-11-01,,,,,,,V
2024-11-01,,,,,,,V
2024-11-01,,,,,,,V
2024-11-01,,,,,,,V
2024-11-01,,,,,,,V
2024-11-01,,,,,,,V
2024-11-01,,,,,,,V
2024-11-01,,,,,,,V
2024-11-01,,,,,,,V
2024-11-01,,,,,,,V
2024-11-01,,,,,,,V
2024-11-01,,,,,,,V
2024-11-01,,,,,,,V
2024-11-01,,,,,,,V
2024-11-01,288.489990234375,292.6700134277344,287.19000244140625,290.739990234375,288.71246337890625,5470700.0,V
2024-12-01,237.27000427246094,240.7899932861328,237.16000366210938,239.58999633789062,238.74246215820312,48137100.0,AAPL
2024-12-01,,,,,,,AAPL
2024-12-01,,,,,,,AAPL
2024-12-01,,,,,,,AAPL
2024-12-01,,,,,,,AAPL
2024-12-01,,,,,,,AAPL
2024-12-01,,,,,,,AAPL
2024-12-01,,,,,,,AAPL
2024-12-01,,,,,,,AAPL
2024-12-01,,,,,,,AAPL
2024-12-01,,,,,,,AAPL
2024-12-01,,,,,,,AAPL
2024-12-01,,,,,,,AAPL
2024-12-01,,,,,,,AAPL
2024-12-01,,,,,,,AAPL
2024-12-01,,,,,,,AAPL
2024-12-01,,,,,,,AAPL
2024-12-01,,,,,,,AAPL
2024-12-01,,,,,,,AAPL
2024-12-01,,,,,,,AAPL
2024-12-01,,,,,,,ADBE
2024-12-01,512.8499755859375,518.77001953125,511.5299987792969,516.2000122070312,516.2000122070312,2006900.0,ADBE
2024-12-01,,,,,,,ADBE
2024-12-01,,,,,,,ADBE
2024-12-01,,,,,,,ADBE
2024-12-01,,,,,,,ADBE
2024-12-01,,,,,,,ADBE
2024-12-01,,,,,,,ADBE
2024-12-01,,,,,,,ADBE
2024-12-01,,,,,,,ADBE
2024-12-01,,,,,,,ADBE
2024-12-01,,,,,,,ADBE
2024-12-01,,,,,,,ADBE
2024-12-01,,,,,,,ADBE
2024-12-01,,,,,,,ADBE
2024-12-01,,,,,,,ADBE
2024-12-01,,,,,,,ADBE
2024-12-01,,,,,,,ADBE
2024-12-01,,,,,,,ADBE
2024-12-01,,,,,,,ADBE
2024-12-01,,,,,,,AMZN
2024-12-01,,,,,,,AMZN
2024-12-01,209.9600067138672,212.99000549316406,209.50999450683594,210.7100067138672,210.7100067138672,39523200.0,AMZN
2024-12-01,,,,,,,AMZN
2024-12-01,,,,,,,AMZN
2024-12-01,,,,,,,AMZN
2024-12-01,,,,,,,AMZN
2024-12-01,,,,,,,AMZN
2024-12-01,,,,,,,AMZN
2024-12-01,,,,,,,AMZN
2024-12-01,,,,,,,AMZN
2024-12-01,,,,,,,AMZN
2024-12-01,,,,,,,AMZN
2024-12-01,,,,,,,AMZN
2024-12-01,,,,,,,AMZN
2024-12-01,,,,,,,AMZN
2024-12-01,,,,,,,AMZN
2024-12-01,,,,,,,AMZN
2024-12-01,,,,,,,AMZN
2024-12-01,,,,,,,AMZN
2024-12-01,,,,,,,BAC
2024-12-01,,,,,,,BAC
2024-12-01,,,,,,,BAC
2024-12-01,47.7400016784668,47.81999969482422,46.849998474121094,47.040000915527344,45.95845031738281,35891500.0,BAC
2024-12-01,,,,,,,BAC
2024-12-01,,,,,,,BAC
2024-12-01,,,,,,,BAC
2024-12-01,,,,,,,BAC
2024-12-01,,,,,,,BAC
2024-12-01,,,,,,,BAC
2024-12-01,,,,,,,BAC
2024-12-01,,,,,,,BAC
2024-12-01,,,,,,,BAC
2024-12-01,,,,,,,BAC
2024-12-01,,,,,,,BAC
2024-12-01,,,,,,,BAC
2024-12-01,,,,,,,BAC
2024-12-01,,,,,,,BAC
2024-12-01,,,,,,,BAC
2024-12-01,,,,,,,BAC
2024-12-01,,,,,,,CRM
2024-12-01,,,,,,,CRM
2024-12-01,,,,,,,CRM
2024-12-01,,,,,,,CRM
2024-12-01,332.0,334.5,330.1099853515625,331.010009765625,329.5914306640625,6063400.0,CRM
2024-12-01,,,,,,,CRM
2024-12-01,,,,,,,CRM
2024-12-01,,,,,,,CRM
2024-12-01,,,,,,,CRM
2024-12-01,,,,,,,CRM
2024-12-01,,,,,,,CRM
2024-12-01,,,,,,,CRM
2024-12-01,,,,,,,CRM
2024-12-01,,,,,,,CRM
2024-12-01,,,,,,,CRM
2024-12-01,,,,,,,CRM
2024-12-01,,,,,,,CRM
2024-12-01,,,,,,,CRM
2024-12-01,,,,,,,CRM
2024-12-01,,,,,,,CRM
2024-12-01,,,,,,,DIS
2024-12-01,,,,,,,DIS
2024-12-01,,,,,,,DIS
2024-12-01,,,,,,,DIS
2024-12-01,,,,,,,DIS
2024-12-01,117.77999877929688,118.62999725341797,116.55000305175781,117.16000366210938,116.1478500366211,8390500.0,DIS
2024-12-01,,,,,,,DIS
2024-12-01,,,,,,,DIS
2024-12-01,,,,,,,DIS
2024-12-01,,,,,,,DIS
2024-12-01,,,,,,,DIS
2024-12-01,,,,,,,DIS
2024-12-01,,,,,,,DIS
2024-12-01,,,,,,,DIS
2024-12-01,,,,,,,DIS
2024-12-01,,,,,,,DIS
2024-12-01,,,,,,,DIS
2024-12-01,,,,,,,DIS
2024-12-01,,,,,,,DIS
2024-12-01,,,,,,,DIS
2024-12-01,,,,,,,GOOGL
2024-12-01,,,,,,,GOOGL
2024-12-01,,,,,,,GOOGL
2024-12-01,,,,,,,GOOGL
2024-12-01,,,,,,,GOOGL
2024-12-01,,,,,,,GOOGL
2024-12-01,168.77000427246094,172.0800018310547,168.57000732421875,171.49000549316406,170.73704528808594,23789100.0,GOOGL
2024-12-01,,,,,,,GOOGL
2024-12-01,,,,,,,GOOGL
2024-12-01,,,,,,,GOOGL
2024-12-01,,,,,,,GOOGL
2024-12-01,,,,,,,GOOGL
2024-12-01,,,,,,,GOOGL
2024-12-01,,,,,,,GOOGL
2024-12-01,,,,,,,GOOGL
2024-12-01,,,,,,,GOOGL
2024-12-01,,,,,,,GOOGL
2024-12-01,,,,,,,GOOGL
2024-12-01,,,,,,,GOOGL
2024-12-01,,,,,,,GOOGL
2024-12-01,,,,,,,HD
2024-12-01,,,,,,,HD
2024-12-01,,,,,,,HD
2024-12-01,,,,,,,HD
2024-12-01,,,,,,,HD
2024-12-01,,,,,,,HD
2024-12-01,,,,,,,HD
2024-12-01,429.0,430.3999938964844,423.1600036621094,426.9599914550781,419.2685852050781,2617100.0,HD
2024-12-01,,,,,,,HD
2024-12-01,,,,,,,HD
2024-12-01,,,,,,,HD
2024-12-01,,,,,,,HD
2024-12-01,,,,,,,HD
2024-12-01,,,,,,,HD
2024-12-01,,,,,,,HD
2024-12-01,,,,,,,HD
2024-12-01,,,,,,,HD
2024-12-01,,,,,,,HD
2024-12-01,,,,,,,HD
2024-12-01,,,,,,,HD
2024-12-01,,,,,,,JNJ
2024-12-01,,,,,,,JNJ
2024-12-01,,,,,,,JNJ
2024-12-01,,,,,,,JNJ
2024-12-01,,,,,,,JNJ
2024-12-01,,,,,,,JNJ
2024-12-01,,,,,,,JNJ
2024-12-01,,,,,,,JNJ
2024-12-01,154.75,155.0,153.92999267578125,154.8000030517578,151.15586853027344,6946500.0,JNJ
2024-12-01,,,,,,,JNJ
2024-12-01,,,,,,,JNJ
2024-12-01,,,,,,,JNJ
2024-12-01,,,,,,,JNJ
2024-12-01,,,,,,,JNJ
2024-12-01,,,,,,,JNJ
2024-12-01,,,,,,,JNJ
2024-12-01,,,,,,,JNJ
2024-12-01,,,,,,,JNJ
2024-12-01,,,,,,,JNJ
2024-12-01,,,,,,,JNJ
2024-12-01,,,,,,,JPM
2024-12-01,,,,,,,JPM
2024-12-01,,,,,,,JPM
2024-12-01,,,,,,,JPM
2024-12-01,,,,,,,JPM
2024-12-01,,,,,,,JPM
2024-12-01,,,,,,,JPM
2024-12-01,,,,,,,JPM
2024-12-01,,,,,,,JPM
2024-12-01,249.5500030517578,250.25,245.02999877929688,246.25,242.31759643554688,8899700.0,JPM
2024-12-01,,,,,,,JPM
2024-12-01,,,,,,,JPM
2024-12-01,,,,,,,JPM
2024-12-01,,,,,,,JPM
2024-12-01,,,,,,,JPM
2024-12-01,,,,,,,JPM
2024-12-01,,,,,,,JPM
2024-12-01,,,,,,,JPM
2024-12-01,,,,,,,JPM
2024-12-01,,,,,,,JPM
2024-12-01,,,,,,,MA
2024-12-01,,,,,,,MA
2024-12-01,,,,,,,MA
2024-12-01,,,,,,,MA
2024-12-01,,,,,,,MA
2024-12-01,,,,,,,MA
2024-12-01,,,,,,,MA
2024-12-01,,,,,,,MA
2024-12-01,,,,,,,MA
2024-12-01,,,,,,,MA
2024-12-01,532.9299926757812,534.8200073242188,526.22998046875,531.3599853515625,529.02197265625,2355100.0,MA
2024-12-01,,,,,,,MA
2024-12-01,,,,,,,MA
2024-12-01,,,,,,,MA
2024-12-01,,,,,,,MA
2024-12-01,,,,,,,MA
2024-12-01,,,,,,,MA
2024-12-01,,,,,,,MA
2024-12-01,,,,,,,MA
2024-12-01,,,,,,,MA
2024-12-01,,,,,,,META
2024-12-01,,,,,,,META
2024-12-01,,,,,,,META
2024-12-01,,,,,,,META
2024-12-01,,,,,,,META
2024-12-01,,,,,,,META
2024-12-01,,,,,,,META
2024-12-01,,,,,,,META
2024-12-01,,,,,,,META
2024-12-01,,,,,,,META
2024-12-01,,,,,,,META
2024-12-01,577.5,594.5,575.5700073242188,592.8300170898438,591.3706665039062,12522400.0,META
2024-12-01,,,,,,,META
2024-12-01,,,,,,,META
2024-12-01,,,,,,,META
2024-12-01,,,,,,,META
2024-12-01,,,,,,,META
2024-12-01,,,,,,,META
2024-12-01,,,,,,,META
2024-12-01,,,,,,,META
2024-12-01,,,,,,,MSFT
2024-12-01,,,,,,,MSFT
2024-12-01,,,,,,,MSFT
2024-12-01,,,,,,,MSFT
2024-12-01,,,,,,,MSFT
2024-12-01,,,,,,,MSFT
2024-12-01,,,,,,,MSFT
2024-12-01,,,,,,,MSFT
2024-12-01,,,,,,,MSFT
2024-12-01,,,,,,,MSFT
2024-12-01,,,,,,,MSFT
2024-12-01,,,,,,,MSFT
2024-12-01,421.57000732421875,433.0,421.30999755859375,430.9800109863281,428.6247863769531,20207200.0,MSFT
2024-12-01,,,,,,,MSFT
2024-12-01,,,,,,,MSFT
2024-12-01,,,,,,,MSFT
2024-12-01,,,,,,,MSFT
2024-12-01,,,,,,,MSFT
2024-12-01,,,,,,,MSFT
2024-12-01,,,,,,,MSFT
2024-12-01,,,,,,,NFLX
2024-12-01,,,,,,,NFLX
2024-12-01,,,,,,,NFLX
2024-12-01,,,,,,,NFLX
2024-12-01,,,,,,,NFLX
2024-12-01,,,,,,,NFLX
2024-12-01,,,,,,,NFLX
2024-12-01,,,,,,,NFLX
2024-12-01,,,,,,,NFLX
2024-12-01,,,,,,,NFLX
2024-12-01,,,,,,,NFLX
2024-12-01,,,,,,,NFLX
2024-12-01,,,,,,,NFLX
2024-12-01,887.510009765625,902.3400268554688,884.1199951171875,897.739990234375,897.739990234375,2389000.0,NFLX
2024-12-01,,,,,,,NFLX
2024-12-01,,,,,,,NFLX
2024-12-01,,,,,,,NFLX
2024-12-01,,,,,,,NFLX
2024-12-01,,,,,,,NFLX
2024-12-01,,,,,,,NFLX
2024-12-01,,,,,,,NVDA
2024-12-01,,,,,,,NVDA
2024-12-01,,,,,,,NVDA
2024-12-01,,,,,,,NVDA
2024-12-01,,,,,,,NVDA
2024-12-01,,,,,,,NVDA
2024-12-01,,,,,,,NVDA
2024-12-01,,,,,,,NVDA
2024-12-01,,,,,,,NVDA
2024-12-01,,,,,,,NVDA
2024-12-01,,,,,,,NVDA
2024-12-01,,,,,,,NVDA
2024-12-01,,,,,,,NVDA
2024-12-01,,,,,,,NVDA
2024-12-01,138.8300018310547,140.4499969482422,137.82000732421875,138.6300048828125,138.5902557373047,171682800.0,NVDA
2024-12-01,,,,,,,NVDA
2024-12-01,,,,,,,NVDA
2024-12-01,,,,,,,NVDA
2024-12-01,,,,,,,NVDA
2024-12-01,,,,,,,NVDA
2024-12-01,,,,,,,PFE
2024-12-01,,,,,,,PFE
2024-12-01,,,,,,,PFE
2024-12-01,,,,,,,PFE
2024-12-01,,,,,,,PFE
2024-12-01,,,,,,,PFE
2024-12-01,,,,,,,PFE
2024-12-01,,,,,,,PFE
2024-12-01,,,,,,,PFE
2024-12-01,,,,,,,PFE
2024-12-01,,,,,,,PFE
2024-12-01,,,,,,,PFE
2024-12-01,,,,,,,PFE
2024-12-01,,,,,,,PFE
2024-12-01,,,,,,,PFE
2024-12-01,26.06999969482422,26.219999313354492,25.729999542236328,25.81999969482422,24.501806259155273,43866400.0,PFE
2024-12-01,,,,,,,PFE
2024-12-01,,,,,,,PFE
2024-12-01,,,,,,,PFE
2024-12-01,,,,,,,PFE
2024-12-01,,,,,,,PG
2024-12-01,,,,,,,PG
2024-12-01,,,,,,,PG
2024-12-01,,,,,,,PG
2024-12-01,,,,,,,PG
2024-12-01,,,,,,,PG
2024-12-01,,,,,,,PG
2024-12-01,,,,,,,PG
2024-12-01,,,,,,,PG
2024-12-01,,,,,,,PG
2024-12-01,,,,,,,PG
2024-12-01,,,,,,,PG
2024-12-01,,,,,,,PG
2024-12-01,,,,,,,PG
2024-12-01,,,,,,,PG
2024-12-01,,,,,,,PG
2024-12-01,179.1199951171875,180.16000366210938,178.00999450683594,179.6999969482422,176.29879760742188,5728200.0,PG
2024-12-01,,,,,,,PG
2024-12-01,,,,,,,PG
2024-12-01,,,,,,,PG
2024-12-01,,,,,,,TSLA
2024-12-01,,,,,,,TSLA
2024-12-01,,,,,,,TSLA
2024-12-01,,,,,,,TSLA
2024-12-01,,,,,,,TSLA
2024-12-01,,,,,,,TSLA
2024-12-01,,,,,,,TSLA
2024-12-01,,,,,,,TSLA
2024-12-01,,,,,,,TSLA
2024-12-01,,,,,,,TSLA
2024-12-01,,,,,,,TSLA
2024-12-01,,,,,,,TSLA
2024-12-01,,,,,,,TSLA
2024-12-01,,,,,,,TSLA
2024-12-01,,,,,,,TSLA
2024-12-01,,,,,,,TSLA
2024-12-01,,,,,,,TSLA
2024-12-01,352.3800048828125,360.0,351.1499938964844,357.0899963378906,357.0899963378906,77986500.0,TSLA
2024-12-01,,,,,,,TSLA
2024-12-01,,,,,,,TSLA
2024-12-01,,,,,,,UNH
2024-12-01,,,,,,,UNH
2024-12-01,,,,,,,UNH
2024-12-01,,,,,,,UNH
2024-12-01,,,,,,,UNH
2024-12-01,,,,,,,UNH
2024-12-01,,,,,,,UNH
2024-12-01,,,,,,,UNH
2024-12-01,,,,,,,UNH
2024-12-01,,,,,,,UNH
2024-12-01,,,,,,,UNH
2024-12-01,,,,,,,UNH
2024-12-01,,,,,,,UNH
2024-12-01,,,,,,,UNH
2024-12-01,,,,,,,UNH
2024-12-01,,,,,,,UNH
2024-12-01,,,,,,,UNH
2024-12-01,,,,,,,UNH
2024-12-01,614.0,614.0,600.77001953125,608.52001953125,599.360595703125,3364900.0,UNH
2024-12-01,,,,,,,UNH
2024-12-01,,,,,,,V
2024-12-01,,,,,,,V
2024-12-01,,,,,,,V
2024-12-01,,,,,,,V
2024-12-01,,,,,,,V
2024-12-01,,,,,,,V
2024-12-01,,,,,,,V
2024-12-01,,,,,,,V
2024-12-01,,,,,,,V
2024-12-01,,,,,,,V
2024-12-01,,,,,,,V
2024-12-01,,,,,,,V
2024-12-01,,,,,,,V
2024-12-01,,,,,,,V
2024-12-01,,,,,,,V
2024-12-01,,,,,,,V
2024-12-01,,,,,,,V
2024-12-01,,,,,,,V
2024-12-01,,,,,,,V
2024-12-01,316.8999938964844,317.4200134277344,313.7099914550781,316.6499938964844,315.0395812988281,5597500.0,V
2025-01-01,248.92999267578125,249.10000610351562,241.82000732421875,243.85000610351562,242.98741149902344,55740700.0,AAPL
2025-01-01,,,,,,,AAPL
2025-01-01,,,,,,,AAPL
2025-01-01,,,,,,,AAPL
2025-01-01,,,,,,,AAPL
2025-01-01,,,,,,,AAPL
2025-01-01,,,,,,,AAPL
2025-01-01,,,,,,,AAPL
2025-01-01,,,,,,,AAPL
2025-01-01,,,,,,,AAPL
2025-01-01,,,,,,,AAPL
2025-01-01,,,,,,,AAPL
2025-01-01,,,,,,,AAPL
2025-01-01,,,,,,,AAPL
2025-01-01,,,,,,,AAPL
2025-01-01,,,,,,,AAPL
2025-01-01,,,,,,,AAPL
2025-01-01,,,,,,,AAPL
2025-01-01,,,,,,,AAPL
2025-01-01,,,,,,,AAPL
2025-01-01,,,,,,,ADBE
2025-01-01,447.760009765625,450.1199951171875,440.55999755859375,441.0,441.0,2504700.0,ADBE
2025-01-01,,,,,,,ADBE
2025-01-01,,,,,,,ADBE
2025-01-01,,,,,,,ADBE
2025-01-01,,,,,,,ADBE
2025-01-01,,,,,,,ADBE
2025-01-01,,,,,,,ADBE
2025-01-01,,,,,,,ADBE
2025-01-01,,,,,,,ADBE
2025-01-01,,,,,,,ADBE
2025-01-01,,,,,,,ADBE
2025-01-01,,,,,,,ADBE
2025-01-01,,,,,,,ADBE
2025-01-01,,,,,,,ADBE
2025-01-01,,,,,,,ADBE
2025-01-01,,,,,,,ADBE
2025-01-01,,,,,,,ADBE
2025-01-01,,,,,,,ADBE
2025-01-01,,,,,,,ADBE
2025-01-01,,,,,,,AMZN
2025-01-01,,,,,,,AMZN
2025-01-01,222.02999877929688,225.14999389648438,218.19000244140625,220.22000122070312,220.22000122070312,33956600.0,AMZN
2025-01-01,,,,,,,AMZN
2025-01-01,,,,,,,AMZN
2025-01-01,,,,,,,AMZN
2025-01-01,,,,,,,AMZN
2025-01-01,,,,,,,AMZN
2025-01-01,,,,,,,AMZN
2025-01-01,,,,,,,AMZN
2025-01-01,,,,,,,AMZN
2025-01-01,,,,,,,AMZN
2025-01-01,,,,,,,AMZN
2025-01-01,,,,,,,AMZN
2025-01-01,,,,,,,AMZN
2025-01-01,,,,,,,AMZN
2025-01-01,,,,,,,AMZN
2025-01-01,,,,,,,AMZN
2025-01-01,,,,,,,AMZN
2025-01-01,,,,,,,AMZN
2025-01-01,,,,,,,BAC
2025-01-01,,,,,,,BAC
2025-01-01,,,,,,,BAC
2025-01-01,44.13999938964844,44.59000015258789,43.79999923706055,44.290000915527344,43.51238250732422,25610600.0,BAC
2025-01-01,,,,,,,BAC
2025-01-01,,,,,,,BAC
2025-01-01,,,,,,,BAC
2025-01-01,,,,,,,BAC
2025-01-01,,,,,,,BAC
2025-01-01,,,,,,,BAC
2025-01-01,,,,,,,BAC
2025-01-01,,,,,,,BAC
2025-01-01,,,,,,,BAC
2025-01-01,,,,,,,BAC
2025-01-01,,,,,,,BAC
2025-01-01,,,,,,,BAC
2025-01-01,,,,,,,BAC
2025-01-01,,,,,,,BAC
2025-01-01,,,,,,,BAC
2025-01-01,,,,,,,BAC
2025-01-01,,,,,,,CRM
2025-01-01,,,,,,,CRM
2025-01-01,,,,,,,CRM
2025-01-01,,,,,,,CRM
2025-01-01,336.30999755859375,338.9200134277344,327.80999755859375,330.6600036621094,329.61859130859375,4807100.0,CRM
2025-01-01,,,,,,,CRM
2025-01-01,,,,,,,CRM
2025-01-01,,,,,,,CRM
2025-01-01,,,,,,,CRM
2025-01-01,,,,,,,CRM
2025-01-01,,,,,,,CRM
2025-01-01,,,,,,,CRM
2025-01-01,,,,,,,CRM
2025-01-01,,,,,,,CRM
2025-01-01,,,,,,,CRM
2025-01-01,,,,,,,CRM
2025-01-01,,,,,,,CRM
2025-01-01,,,,,,,CRM
2025-01-01,,,,,,,CRM
2025-01-01,,,,,,,CRM
2025-01-01,,,,,,,DIS
2025-01-01,,,,,,,DIS
2025-01-01,,,,,,,DIS
2025-01-01,,,,,,,DIS
2025-01-01,,,,,,,DIS
2025-01-01,111.69999694824219,112.19999694824219,110.16999816894531,110.81999969482422,110.34942626953125,5688100.0,DIS
2025-01-01,,,,,,,DIS
2025-01-01,,,,,,,DIS
2025-01-01,,,,,,,DIS
2025-01-01,,,,,,,DIS
2025-01-01,,,,,,,DIS
2025-01-01,,,,,,,DIS
2025-01-01,,,,,,,DIS
2025-01-01,,,,,,,DIS
2025-01-01,,,,,,,DIS
2025-01-01,,,,,,,DIS
2025-01-01,,,,,,,DIS
2025-01-01,,,,,,,DIS
2025-01-01,,,,,,,DIS
2025-01-01,,,,,,,DIS
2025-01-01,,,,,,,GOOGL
2025-01-01,,,,,,,GOOGL
2025-01-01,,,,,,,GOOGL
2025-01-01,,,,,,,GOOGL
2025-01-01,,,,,,,GOOGL
2025-01-01,,,,,,,GOOGL
2025-01-01,190.64999389648438,192.0,187.5,189.42999267578125,188.81442260742188,20370800.0,GOOGL
2025-01-01,,,,,,,GOOGL
2025-01-01,,,,,,,GOOGL
2025-01-01,,,,,,,GOOGL
2025-01-01,,,,,,,GOOGL
2025-01-01,,,,,,,GOOGL
2025-01-01,,,,,,,GOOGL
2025-01-01,,,,,,,GOOGL
2025-01-01,,,,,,,GOOGL
2025-01-01,,,,,,,GOOGL
2025-01-01,,,,,,,GOOGL
2025-01-01,,,,,,,GOOGL
2025-01-01,,,,,,,GOOGL
2025-01-01,,,,,,,GOOGL
2025-01-01,,,,,,,HD
2025-01-01,,,,,,,HD
2025-01-01,,,,,,,HD
2025-01-01,,,,,,,HD
2025-01-01,,,,,,,HD
2025-01-01,,,,,,,HD
2025-01-01,,,,,,,HD
2025-01-01,392.1300048828125,392.6700134277344,386.3800048828125,388.4599914550781,381.462158203125,2415700.0,HD
2025-01-01,,,,,,,HD
2025-01-01,,,,,,,HD
2025-01-01,,,,,,,HD
2025-01-01,,,,,,,HD
2025-01-01,,,,,,,HD
2025-01-01,,,,,,,HD
2025-01-01,,,,,,,HD
2025-01-01,,,,,,,HD
2025-01-01,,,,,,,HD
2025-01-01,,,,,,,HD
2025-01-01,,,,,,,HD
2025-01-01,,,,,,,HD
2025-01-01,,,,,,,JNJ
2025-01-01,,,,,,,JNJ
2025-01-01,,,,,,,JNJ
2025-01-01,,,,,,,JNJ
2025-01-01,,,,,,,JNJ
2025-01-01,,,,,,,JNJ
2025-01-01,,,,,,,JNJ
2025-01-01,,,,,,,JNJ
2025-01-01,145.22999572753906,145.77000427246094,143.77999877929688,144.02000427246094,140.62962341308594,6051300.0,JNJ
2025-01-01,,,,,,,JNJ
2025-01-01,,,,,,,JNJ
2025-01-01,,,,,,,JNJ
2025-01-01,,,,,,,JNJ
2025-01-01,,,,,,,JNJ
2025-01-01,,,,,,,JNJ
2025-01-01,,,,,,,JNJ
2025-01-01,,,,,,,JNJ
2025-01-01,,,,,,,JNJ
2025-01-01,,,,,,,JNJ
2025-01-01,,,,,,,JNJ
2025-01-01,,,,,,,JPM
2025-01-01,,,,,,,JPM
2025-01-01,,,,,,,JPM
2025-01-01,,,,,,,JPM
2025-01-01,,,,,,,JPM
2025-01-01,,,,,,,JPM
2025-01-01,,,,,,,JPM
2025-01-01,,,,,,,JPM
2025-01-01,,,,,,,JPM
2025-01-01,240.9199981689453,243.27999877929688,239.4499969482422,240.0,236.1674041748047,9220900.0,JPM
2025-01-01,,,,,,,JPM
2025-01-01,,,,,,,JPM
2025-01-01,,,,,,,JPM
2025-01-01,,,,,,,JPM
2025-01-01,,,,,,,JPM
2025-01-01,,,,,,,JPM
2025-01-01,,,,,,,JPM
2025-01-01,,,,,,,JPM
2025-01-01,,,,,,,JPM
2025-01-01,,,,,,,JPM
2025-01-01,,,,,,,MA
2025-01-01,,,,,,,MA
2025-01-01,,,,,,,MA
2025-01-01,,,,,,,MA
2025-01-01,,,,,,,MA
2025-01-01,,,,,,,MA
2025-01-01,,,,,,,MA
2025-01-01,,,,,,,MA
2025-01-01,,,,,,,MA
2025-01-01,,,,,,,MA
2025-01-01,529.1900024414062,530.5599975585938,517.6599731445312,522.4000244140625,520.1014404296875,2818800.0,MA
2025-01-01,,,,,,,MA
2025-01-01,,,,,,,MA
2025-01-01,,,,,,,MA
2025-01-01,,,,,,,MA
2025-01-01,,,,,,,MA
2025-01-01,,,,,,,MA
2025-01-01,,,,,,,MA
2025-01-01,,,,,,,MA
2025-01-01,,,,,,,MA
2025-01-01,,,,,,,META
2025-01-01,,,,,,,META
2025-01-01,,,,,,,META
2025-01-01,,,,,,,META
2025-01-01,,,,,,,META
2025-01-01,,,,,,,META
2025-01-01,,,,,,,META
2025-01-01,,,,,,,META
2025-01-01,,,,,,,META
2025-01-01,,,,,,,META
2025-01-01,,,,,,,META
2025-01-01,589.719970703125,604.9099731445312,587.8200073242188,599.239990234375,598.2470703125,12682300.0,META
2025-01-01,,,,,,,META
2025-01-01,,,,,,,META
2025-01-01,,,,,,,META
2025-01-01,,,,,,,META
2025-01-01,,,,,,,META
2025-01-01,,,,,,,META
2025-01-01,,,,,,,META
2025-01-01,,,,,,,META
2025-01-01,,,,,,,MSFT
2025-01-01,,,,,,,MSFT
2025-01-01,,,,,,,MSFT
2025-01-01,,,,,,,MSFT
2025-01-01,,,,,,,MSFT
2025-01-01,,,,,,,MSFT
2025-01-01,,,,,,,MSFT
2025-01-01,,,,,,,MSFT
2025-01-01,,,,,,,MSFT
2025-01-01,,,,,,,MSFT
2025-01-01,,,,,,,MSFT
2025-01-01,,,,,,,MSFT
2025-01-01,425.5299987792969,426.07000732421875,414.8500061035156,418.5799865722656,416.2925109863281,16896500.0,MSFT
2025-01-01,,,,,,,MSFT
2025-01-01,,,,,,,MSFT
2025-01-01,,,,,,,MSFT
2025-01-01,,,,,,,MSFT
2025-01-01,,,,,,,MSFT
2025-01-01,,,,,,,MSFT
2025-01-01,,,,,,,MSFT
2025-01-01,,,,,,,NFLX
2025-01-01,,,,,,,NFLX
2025-01-01,,,,,,,NFLX
2025-01-01,,,,,,,NFLX
2025-01-01,,,,,,,NFLX
2025-01-01,,,,,,,NFLX
2025-01-01,,,,,,,NFLX
2025-01-01,,,,,,,NFLX
2025-01-01,,,,,,,NFLX
2025-01-01,,,,,,,NFLX
2025-01-01,,,,,,,NFLX
2025-01-01,,,,,,,NFLX
2025-01-01,,,,,,,NFLX
2025-01-01,895.5,898.5800170898438,877.0,886.72998046875,886.72998046875,2312300.0,NFLX
2025-01-01,,,,,,,NFLX
2025-01-01,,,,,,,NFLX
2025-01-01,,,,,,,NFLX
2025-01-01,,,,,,,NFLX
2025-01-01,,,,,,,NFLX
2025-01-01,,,,,,,NFLX
2025-01-01,,,,,,,NVDA
2025-01-01,,,,,,,NVDA
2025-01-01,,,,,,,NVDA
2025-01-01,,,,,,,NVDA
2025-01-01,,,,,,,NVDA
2025-01-01,,,,,,,NVDA
2025-01-01,,,,,,,NVDA
2025-01-01,,,,,,,NVDA
2025-01-01,,,,,,,NVDA
2025-01-01,,,,,,,NVDA
2025-01-01,,,,,,,NVDA
2025-01-01,,,,,,,NVDA
2025-01-01,,,,,,,NVDA
2025-01-01,,,,,,,NVDA
2025-01-01,136.0,138.8800048828125,134.6300048828125,138.30999755859375,138.27987670898438,198247200.0,NVDA
2025-01-01,,,,,,,NVDA
2025-01-01,,,,,,,NVDA
2025-01-01,,,,,,,NVDA
2025-01-01,,,,,,,NVDA
2025-01-01,,,,,,,NVDA
2025-01-01,,,,,,,PFE
2025-01-01,,,,,,,PFE
2025-01-01,,,,,,,PFE
2025-01-01,,,,,,,PFE
2025-01-01,,,,,,,PFE
2025-01-01,,,,,,,PFE
2025-01-01,,,,,,,PFE
2025-01-01,,,,,,,PFE
2025-01-01,,,,,,,PFE
2025-01-01,,,,,,,PFE
2025-01-01,,,,,,,PFE
2025-01-01,,,,,,,PFE
2025-01-01,,,,,,,PFE
2025-01-01,,,,,,,PFE
2025-01-01,,,,,,,PFE
2025-01-01,26.75,26.860000610351562,26.559999465942383,26.610000610351562,25.251474380493164,32899200.0,PFE
2025-01-01,,,,,,,PFE
2025-01-01,,,,,,,PFE
2025-01-01,,,,,,,PFE
2025-01-01,,,,,,,PFE
2025-01-01,,,,,,,PG
2025-01-01,,,,,,,PG
2025-01-01,,,,,,,PG
2025-01-01,,,,,,,PG
2025-01-01,,,,,,,PG
2025-01-01,,,,,,,PG
2025-01-01,,,,,,,PG
2025-01-01,,,,,,,PG
2025-01-01,,,,,,,PG
2025-01-01,,,,,,,PG
2025-01-01,,,,,,,PG
2025-01-01,,,,,,,PG
2025-01-01,,,,,,,PG
2025-01-01,,,,,,,PG
2025-01-01,,,,,,,PG
2025-01-01,,,,,,,PG
2025-01-01,168.08999633789062,168.7100067138672,165.91000366210938,165.97999572753906,162.83847045898438,5401700.0,PG
2025-01-01,,,,,,,PG
2025-01-01,,,,,,,PG
2025-01-01,,,,,,,PG
2025-01-01,,,,,,,TSLA
2025-01-01,,,,,,,TSLA
2025-01-01,,,,,,,TSLA
2025-01-01,,,,,,,TSLA
2025-01-01,,,,,,,TSLA
2025-01-01,,,,,,,TSLA
2025-01-01,,,,,,,TSLA
2025-01-01,,,,,,,TSLA
2025-01-01,,,,,,,TSLA
2025-01-01,,,,,,,TSLA
2025-01-01,,,,,,,TSLA
2025-01-01,,,,,,,TSLA
2025-01-01,,,,,,,TSLA
2025-01-01,,,,,,,TSLA
2025-01-01,,,,,,,TSLA
2025-01-01,,,,,,,TSLA
2025-01-01,,,,,,,TSLA
2025-01-01,390.1000061035156,392.7300109863281,373.0400085449219,379.2799987792969,379.2799987792969,109710700.0,TSLA
2025-01-01,,,,,,,TSLA
2025-01-01,,,,,,,TSLA
2025-01-01,,,,,,,UNH
2025-01-01,,,,,,,UNH
2025-01-01,,,,,,,UNH
2025-01-01,,,,,,,UNH
2025-01-01,,,,,,,UNH
2025-01-01,,,,,,,UNH
2025-01-01,,,,,,,UNH
2025-01-01,,,,,,,UNH
2025-01-01,,,,,,,UNH
2025-01-01,,,,,,,UNH
2025-01-01,,,,,,,UNH
2025-01-01,,,,,,,UNH
2025-01-01,,,,,,,UNH
2025-01-01,,,,,,,UNH
2025-01-01,,,,,,,UNH
2025-01-01,,,,,,,UNH
2025-01-01,,,,,,,UNH
2025-01-01,,,,,,,UNH
2025-01-01,508.0,512.1099853515625,503.2900085449219,504.510009765625,498.822021484375,4234900.0,UNH
2025-01-01,,,,,,,UNH
2025-01-01,,,,,,,V
2025-01-01,,,,,,,V
2025-01-01,,,,,,,V
2025-01-01,,,,,,,V
2025-01-01,,,,,,,V
2025-01-01,,,,,,,V
2025-01-01,,,,,,,V
2025-01-01,,,,,,,V
2025-01-01,,,,,,,V
2025-01-01,,,,,,,V
2025-01-01,,,,,,,V
2025-01-01,,,,,,,V
2025-01-01,,,,,,,V
2025-01-01,,,,,,,V
2025-01-01,,,,,,,V
2025-01-01,,,,,,,V
2025-01-01,,,,,,,V
2025-01-01,,,,,,,V
2025-01-01,,,,,,,V
2025-01-01,317.7799987792969,319.67999267578125,312.4100036621094,314.3999938964844,312.8010559082031,5369500.0,V
2025-02-01,229.99000549316406,231.8300018310547,225.6999969482422,228.00999450683594,227.2034454345703,73063300.0,AAPL
2025-02-01,,,,,,,AAPL
2025-02-01,,,,,,,AAPL
2025-02-01,,,,,,,AAPL
2025-02-01,,,,,,,AAPL
2025-02-01,,,,,,,AAPL
2025-02-01,,,,,,,AAPL
2025-02-01,,,,,,,AAPL
2025-02-01,,,,,,,AAPL
2025-02-01,,,,,,,AAPL
2025-02-01,,,,,,,AAPL
2025-02-01,,,,,,,AAPL
2025-02-01,,,,,,,AAPL
2025-02-01,,,,,,,AAPL
2025-02-01,,,,,,,AAPL
2025-02-01,,,,,,,AAPL
2025-02-01,,,,,,,AAPL
2025-02-01,,,,,,,AAPL
2025-02-01,,,,,,,AAPL
2025-02-01,,,,,,,AAPL
2025-02-01,,,,,,,ADBE
2025-02-01,437.79998779296875,442.739990234375,430.8800048828125,438.6000061035156,438.6000061035156,3348700.0,ADBE
2025-02-01,,,,,,,ADBE
2025-02-01,,,,,,,ADBE
2025-02-01,,,,,,,ADBE
2025-02-01,,,,,,,ADBE
2025-02-01,,,,,,,ADBE
2025-02-01,,,,,,,ADBE
2025-02-01,,,,,,,ADBE
2025-02-01,,,,,,,ADBE
2025-02-01,,,,,,,ADBE
2025-02-01,,,,,,,ADBE
2025-02-01,,,,,,,ADBE
2025-02-01,,,,,,,ADBE
2025-02-01,,,,,,,ADBE
2025-02-01,,,,,,,ADBE
2025-02-01,,,,,,,ADBE
2025-02-01,,,,,,,ADBE
2025-02-01,,,,,,,ADBE
2025-02-01,,,,,,,ADBE
2025-02-01,,,,,,,AMZN
2025-02-01,,,,,,,AMZN
2025-02-01,234.05999755859375,239.25,232.89999389648438,237.4199981689453,237.4199981689453,37285900.0,AMZN
2025-02-01,,,,,,,AMZN
2025-02-01,,,,,,,AMZN
2025-02-01,,,,,,,AMZN
2025-02-01,,,,,,,AMZN
2025-02-01,,,,,,,AMZN
2025-02-01,,,,,,,AMZN
2025-02-01,,,,,,,AMZN
2025-02-01,,,,,,,AMZN
2025-02-01,,,,,,,AMZN
2025-02-01,,,,,,,AMZN
2025-02-01,,,,,,,AMZN
2025-02-01,,,,,,,AMZN
2025-02-01,,,,,,,AMZN
2025-02-01,,,,,,,AMZN
2025-02-01,,,,,,,AMZN
2025-02-01,,,,,,,AMZN
2025-02-01,,,,,,,AMZN
2025-02-01,,,,,,,BAC
2025-02-01,,,,,,,BAC
2025-02-01,,,,,,,BAC
2025-02-01,45.41999816894531,46.47999954223633,45.11000061035156,46.209999084472656,45.3986701965332,36497700.0,BAC
2025-02-01,,,,,,,BAC
2025-02-01,,,,,,,BAC
2025-02-01,,,,,,,BAC
2025-02-01,,,,,,,BAC
2025-02-01,,,,,,,BAC
2025-02-01,,,,,,,BAC
2025-02-01,,,,,,,BAC
2025-02-01,,,,,,,BAC
2025-02-01,,,,,,,BAC
2025-02-01,,,,,,,BAC
2025-02-01,,,,,,,BAC
2025-02-01,,,,,,,BAC
2025-02-01,,,,,,,BAC
2025-02-01,,,,,,,BAC
2025-02-01,,,,,,,BAC
2025-02-01,,,,,,,BAC
2025-02-01,,,,,,,CRM
2025-02-01,,,,,,,CRM
2025-02-01,,,,,,,CRM
2025-02-01,,,,,,,CRM
2025-02-01,335.9700012207031,341.4599914550781,331.260009765625,339.239990234375,338.17156982421875,4549400.0,CRM
2025-02-01,,,,,,,CRM
2025-02-01,,,,,,,CRM
2025-02-01,,,,,,,CRM
2025-02-01,,,,,,,CRM
2025-02-01,,,,,,,CRM
2025-02-01,,,,,,,CRM
2025-02-01,,,,,,,CRM
2025-02-01,,,,,,,CRM
2025-02-01,,,,,,,CRM
2025-02-01,,,,,,,CRM
2025-02-01,,,,,,,CRM
2025-02-01,,,,,,,CRM
2025-02-01,,,,,,,CRM
2025-02-01,,,,,,,CRM
2025-02-01,,,,,,,CRM
2025-02-01,,,,,,,DIS
2025-02-01,,,,,,,DIS
2025-02-01,,,,,,,DIS
2025-02-01,,,,,,,DIS
2025-02-01,,,,,,,DIS
2025-02-01,111.3499984741211,114.5999984741211,110.86000061035156,114.0,113.51592254638672,8870700.0,DIS
2025-02-01,,,,,,,DIS
2025-02-01,,,,,,,DIS
2025-02-01,,,,,,,DIS
2025-02-01,,,,,,,DIS
2025-02-01,,,,,,,DIS
2025-02-01,,,,,,,DIS
2025-02-01,,,,,,,DIS
2025-02-01,,,,,,,DIS
2025-02-01,,,,,,,DIS
2025-02-01,,,,,,,DIS
2025-02-01,,,,,,,DIS
2025-02-01,,,,,,,DIS
2025-02-01,,,,,,,DIS
2025-02-01,,,,,,,DIS
2025-02-01,,,,,,,GOOGL
2025-02-01,,,,,,,GOOGL
2025-02-01,,,,,,,GOOGL
2025-02-01,,,,,,,GOOGL
2025-02-01,,,,,,,GOOGL
2025-02-01,,,,,,,GOOGL
2025-02-01,200.69000244140625,203.75,200.10000610351562,201.22999572753906,200.57608032226562,27838300.0,GOOGL
2025-02-01,,,,,,,GOOGL
2025-02-01,,,,,,,GOOGL
2025-02-01,,,,,,,GOOGL
2025-02-01,,,,,,,GOOGL
2025-02-01,,,,,,,GOOGL
2025-02-01,,,,,,,GOOGL
2025-02-01,,,,,,,GOOGL
2025-02-01,,,,,,,GOOGL
2025-02-01,,,,,,,GOOGL
2025-02-01,,,,,,,GOOGL
2025-02-01,,,,,,,GOOGL
2025-02-01,,,,,,,GOOGL
2025-02-01,,,,,,,GOOGL
2025-02-01,,,,,,,HD
2025-02-01,,,,,,,HD
2025-02-01,,,,,,,HD
2025-02-01,,,,,,,HD
2025-02-01,,,,,,,HD
2025-02-01,,,,,,,HD
2025-02-01,,,,,,,HD
2025-02-01,406.1199951171875,411.8999938964844,401.010009765625,408.760009765625,401.3964538574219,2896200.0,HD
2025-02-01,,,,,,,HD
2025-02-01,,,,,,,HD
2025-02-01,,,,,,,HD
2025-02-01,,,,,,,HD
2025-02-01,,,,,,,HD
2025-02-01,,,,,,,HD
2025-02-01,,,,,,,HD
2025-02-01,,,,,,,HD
2025-02-01,,,,,,,HD
2025-02-01,,,,,,,HD
2025-02-01,,,,,,,HD
2025-02-01,,,,,,,HD
2025-02-01,,,,,,,JNJ
2025-02-01,,,,,,,JNJ
2025-02-01,,,,,,,JNJ
2025-02-01,,,,,,,JNJ
2025-02-01,,,,,,,JNJ
2025-02-01,,,,,,,JNJ
2025-02-01,,,,,,,JNJ
2025-02-01,,,,,,,JNJ
2025-02-01,152.0,152.47000122070312,150.77999877929688,151.8699951171875,148.2948455810547,6687500.0,JNJ
2025-02-01,,,,,,,JNJ
2025-02-01,,,,,,,JNJ
2025-02-01,,,,,,,JNJ
2025-02-01,,,,,,,JNJ
2025-02-01,,,,,,,JNJ
2025-02-01,,,,,,,JNJ
2025-02-01,,,,,,,JNJ
2025-02-01,,,,,,,JNJ
2025-02-01,,,,,,,JNJ
2025-02-01,,,,,,,JNJ
2025-02-01,,,,,,,JNJ
2025-02-01,,,,,,,JPM
2025-02-01,,,,,,,JPM
2025-02-01,,,,,,,JPM
2025-02-01,,,,,,,JPM
2025-02-01,,,,,,,JPM
2025-02-01,,,,,,,JPM
2025-02-01,,,,,,,JPM
2025-02-01,,,,,,,JPM
2025-02-01,,,,,,,JPM
2025-02-01,261.8299865722656,268.1700134277344,261.70001220703125,266.80999755859375,263.9052429199219,8381400.0,JPM
2025-02-01,,,,,,,JPM
2025-02-01,,,,,,,JPM
2025-02-01,,,,,,,JPM
2025-02-01,,,,,,,JPM
2025-02-01,,,,,,,JPM
2025-02-01,,,,,,,JPM
2025-02-01,,,,,,,JPM
2025-02-01,,,,,,,JPM
2025-02-01,,,,,,,JPM
2025-02-01,,,,,,,JPM
2025-02-01,,,,,,,MA
2025-02-01,,,,,,,MA
2025-02-01,,,,,,,MA
2025-02-01,,,,,,,MA
2025-02-01,,,,,,,MA
2025-02-01,,,,,,,MA
2025-02-01,,,,,,,MA
2025-02-01,,,,,,,MA
2025-02-01,,,,,,,MA
2025-02-01,,,,,,,MA
2025-02-01,552.6400146484375,565.0,551.0700073242188,563.9500122070312,562.296142578125,3195500.0,MA
2025-02-01,,,,,,,MA
2025-02-01,,,,,,,MA
2025-02-01,,,,,,,MA
2025-02-01,,,,,,,MA
2025-02-01,,,,,,,MA
2025-02-01,,,,,,,MA
2025-02-01,,,,,,,MA
2025-02-01,,,,,,,MA
2025-02-01,,,,,,,MA
2025-02-01,,,,,,,META
2025-02-01,,,,,,,META
2025-02-01,,,,,,,META
2025-02-01,,,,,,,META
2025-02-01,,,,,,,META
2025-02-01,,,,,,,META
2025-02-01,,,,,,,META
2025-02-01,,,,,,,META
2025-02-01,,,,,,,META
2025-02-01,,,,,,,META
2025-02-01,,,,,,,META
2025-02-01,675.9099731445312,704.0,675.25,697.4600219726562,696.3042602539062,21415700.0,META
2025-02-01,,,,,,,META
2025-02-01,,,,,,,META
2025-02-01,,,,,,,META
2025-02-01,,,,,,,META
2025-02-01,,,,,,,META
2025-02-01,,,,,,,META
2025-02-01,,,,,,,META
2025-02-01,,,,,,,META
2025-02-01,,,,,,,MSFT
2025-02-01,,,,,,,MSFT
2025-02-01,,,,,,,MSFT
2025-02-01,,,,,,,MSFT
2025-02-01,,,,,,,MSFT
2025-02-01,,,,,,,MSFT
2025-02-01,,,,,,,MSFT
2025-02-01,,,,,,,MSFT
2025-02-01,,,,,,,MSFT
2025-02-01,,,,,,,MSFT
2025-02-01,,,,,,,MSFT
2025-02-01,,,,,,,MSFT
2025-02-01,411.6000061035156,415.4100036621094,408.6600036621094,410.9200134277344,408.6744079589844,25679100.0,MSFT
2025-02-01,,,,,,,MSFT
2025-02-01,,,,,,,MSFT
2025-02-01,,,,,,,MSFT
2025-02-01,,,,,,,MSFT
2025-02-01,,,,,,,MSFT
2025-02-01,,,,,,,MSFT
2025-02-01,,,,,,,MSFT
2025-02-01,,,,,,,NFLX
2025-02-01,,,,,,,NFLX
2025-02-01,,,,,,,NFLX
2025-02-01,,,,,,,NFLX
2025-02-01,,,,,,,NFLX
2025-02-01,,,,,,,NFLX
2025-02-01,,,,,,,NFLX
2025-02-01,,,,,,,NFLX
2025-02-01,,,,,,,NFLX
2025-02-01,,,,,,,NFLX
2025-02-01,,,,,,,NFLX
2025-02-01,,,,,,,NFLX
2025-02-01,,,,,,,NFLX
2025-02-01,973.0,987.6900024414062,964.3800048828125,978.9400024414062,978.9400024414062,3724200.0,NFLX
2025-02-01,,,,,,,NFLX
2025-02-01,,,,,,,NFLX
2025-02-01,,,,,,,NFLX
2025-02-01,,,,,,,NFLX
2025-02-01,,,,,,,NFLX
2025-02-01,,,,,,,NFLX
2025-02-01,,,,,,,NVDA
2025-02-01,,,,,,,NVDA
2025-02-01,,,,,,,NVDA
2025-02-01,,,,,,,NVDA
2025-02-01,,,,,,,NVDA
2025-02-01,,,,,,,NVDA
2025-02-01,,,,,,,NVDA
2025-02-01,,,,,,,NVDA
2025-02-01,,,,,,,NVDA
2025-02-01,,,,,,,NVDA
2025-02-01,,,,,,,NVDA
2025-02-01,,,,,,,NVDA
2025-02-01,,,,,,,NVDA
2025-02-01,,,,,,,NVDA
2025-02-01,114.75,118.56999969482422,113.01000213623047,116.66000366210938,116.63459777832031,371235700.0,NVDA
2025-02-01,,,,,,,NVDA
2025-02-01,,,,,,,NVDA
2025-02-01,,,,,,,NVDA
2025-02-01,,,,,,,NVDA
2025-02-01,,,,,,,NVDA
2025-02-01,,,,,,,PFE
2025-02-01,,,,,,,PFE
2025-02-01,,,,,,,PFE
2025-02-01,,,,,,,PFE
2025-02-01,,,,,,,PFE
2025-02-01,,,,,,,PFE
2025-02-01,,,,,,,PFE
2025-02-01,,,,,,,PFE
2025-02-01,,,,,,,PFE
2025-02-01,,,,,,,PFE
2025-02-01,,,,,,,PFE
2025-02-01,,,,,,,PFE
2025-02-01,,,,,,,PFE
2025-02-01,,,,,,,PFE
2025-02-01,,,,,,,PFE
2025-02-01,26.299999237060547,26.469999313354492,26.149999618530273,26.200000762939453,25.273435592651367,49626200.0,PFE
2025-02-01,,,,,,,PFE
2025-02-01,,,,,,,PFE
2025-02-01,,,,,,,PFE
2025-02-01,,,,,,,PFE
2025-02-01,,,,,,,PG
2025-02-01,,,,,,,PG
2025-02-01,,,,,,,PG
2025-02-01,,,,,,,PG
2025-02-01,,,,,,,PG
2025-02-01,,,,,,,PG
2025-02-01,,,,,,,PG
2025-02-01,,,,,,,PG
2025-02-01,,,,,,,PG
2025-02-01,,,,,,,PG
2025-02-01,,,,,,,PG
2025-02-01,,,,,,,PG
2025-02-01,,,,,,,PG
2025-02-01,,,,,,,PG
2025-02-01,,,,,,,PG
2025-02-01,,,,,,,PG
2025-02-01,165.47000122070312,169.3800048828125,165.22999572753906,168.75999450683594,166.57542419433594,8668600.0,PG
2025-02-01,,,,,,,PG
2025-02-01,,,,,,,PG
2025-02-01,,,,,,,PG
2025-02-01,,,,,,,TSLA
2025-02-01,,,,,,,TSLA
2025-02-01,,,,,,,TSLA
2025-02-01,,,,,,,TSLA
2025-02-01,,,,,,,TSLA
2025-02-01,,,,,,,TSLA
2025-02-01,,,,,,,TSLA
2025-02-01,,,,,,,TSLA
2025-02-01,,,,,,,TSLA
2025-02-01,,,,,,,TSLA
2025-02-01,,,,,,,TSLA
2025-02-01,,,,,,,TSLA
2025-02-01,,,,,,,TSLA
2025-02-01,,,,,,,TSLA
2025-02-01,,,,,,,TSLA
2025-02-01,,,,,,,TSLA
2025-02-01,,,,,,,TSLA
2025-02-01,386.67999267578125,389.1700134277344,374.3599853515625,383.67999267578125,383.67999267578125,93732100.0,TSLA
2025-02-01,,,,,,,TSLA
2025-02-01,,,,,,,TSLA
2025-02-01,,,,,,,UNH
2025-02-01,,,,,,,UNH
2025-02-01,,,,,,,UNH
2025-02-01,,,,,,,UNH
2025-02-01,,,,,,,UNH
2025-02-01,,,,,,,UNH
2025-02-01,,,,,,,UNH
2025-02-01,,,,,,,UNH
2025-02-01,,,,,,,UNH
2025-02-01,,,,,,,UNH
2025-02-01,,,,,,,UNH
2025-02-01,,,,,,,UNH
2025-02-01,,,,,,,UNH
2025-02-01,,,,,,,UNH
2025-02-01,,,,,,,UNH
2025-02-01,,,,,,,UNH
2025-02-01,,,,,,,UNH
2025-02-01,,,,,,,UNH
2025-02-01,542.0,553.9099731445312,541.0700073242188,548.1799926757812,541.9996337890625,4083600.0,UNH
2025-02-01,,,,,,,UNH
2025-02-01,,,,,,,V
2025-02-01,,,,,,,V
2025-02-01,,,,,,,V
2025-02-01,,,,,,,V
2025-02-01,,,,,,,V
2025-02-01,,,,,,,V
2025-02-01,,,,,,,V
2025-02-01,,,,,,,V
2025-02-01,,,,,,,V
2025-02-01,,,,,,,V
2025-02-01,,,,,,,V
2025-02-01,,,,,,,V
2025-02-01,,,,,,,V
2025-02-01,,,,,,,V
2025-02-01,,,,,,,V
2025-02-01,,,,,,,V
2025-02-01,,,,,,,V
2025-02-01,,,,,,,V
2025-02-01,,,,,,,V
2025-02-01,340.0,346.0,339.239990234375,345.82000732421875,344.0612487792969,8004500.0,V
2025-03-01,241.7899932861328,244.02999877929688,236.11000061035156,238.02999877929688,237.4487762451172,47184000.0,AAPL
2025-03-01,,,,,,,AAPL
2025-03-01,,,,,,,AAPL
2025-03-01,,,,,,,AAPL
2025-03-01,,,,,,,AAPL
2025-03-01,,,,,,,AAPL
2025-03-01,,,,,,,AAPL
2025-03-01,,,,,,,AAPL
2025-03-01,,,,,,,AAPL
2025-03-01,,,,,,,AAPL
2025-03-01,,,,,,,AAPL
2025-03-01,,,,,,,AAPL
2025-03-01,,,,,,,AAPL
2025-03-01,,,,,,,AAPL
2025-03-01,,,,,,,AAPL
2025-03-01,,,,,,,AAPL
2025-03-01,,,,,,,AAPL
2025-03-01,,,,,,,AAPL
2025-03-01,,,,,,,AAPL
2025-03-01,,,,,,,AAPL
2025-03-01,,,,,,,ADBE
2025-03-01,440.6499938964844,448.0899963378906,438.2099914550781,440.7200012207031,440.7200012207031,2607700.0,ADBE
2025-03-01,,,,,,,ADBE
2025-03-01,,,,,,,ADBE
2025-03-01,,,,,,,ADBE
2025-03-01,,,,,,,ADBE
2025-03-01,,,,,,,ADBE
2025-03-01,,,,,,,ADBE
2025-03-01,,,,,,,ADBE
2025-03-01,,,,,,,ADBE
2025-03-01,,,,,,,ADBE
2025-03-01,,,,,,,ADBE
2025-03-01,,,,,,,ADBE
2025-03-01,,,,,,,ADBE
2025-03-01,,,,,,,ADBE
2025-03-01,,,,,,,ADBE
2025-03-01,,,,,,,ADBE
2025-03-01,,,,,,,ADBE
2025-03-01,,,,,,,ADBE
2025-03-01,,,,,,,ADBE
2025-03-01,,,,,,,AMZN
2025-03-01,,,,,,,AMZN
2025-03-01,213.35000610351562,214.00999450683594,202.5500030517578,205.02000427246094,205.02000427246094,42948400.0,AMZN
2025-03-01,,,,,,,AMZN
2025-03-01,,,,,,,AMZN
2025-03-01,,,,,,,AMZN
2025-03-01,,,,,,,AMZN
2025-03-01,,,,,,,AMZN
2025-03-01,,,,,,,AMZN
2025-03-01,,,,,,,AMZN
2025-03-01,,,,,,,AMZN
2025-03-01,,,,,,,AMZN
2025-03-01,,,,,,,AMZN
2025-03-01,,,,,,,AMZN
2025-03-01,,,,,,,AMZN
2025-03-01,,,,,,,AMZN
2025-03-01,,,,,,,AMZN
2025-03-01,,,,,,,AMZN
2025-03-01,,,,,,,AMZN
2025-03-01,,,,,,,AMZN
2025-03-01,,,,,,,BAC
2025-03-01,,,,,,,BAC
2025-03-01,,,,,,,BAC
2025-03-01,46.209999084472656,46.959999084472656,45.220001220703125,45.560001373291016,44.76008224487305,46946000.0,BAC
2025-03-01,,,,,,,BAC
2025-03-01,,,,,,,BAC
2025-03-01,,,,,,,BAC
2025-03-01,,,,,,,BAC
2025-03-01,,,,,,,BAC
2025-03-01,,,,,,,BAC
2025-03-01,,,,,,,BAC
2025-03-01,,,,,,,BAC
2025-03-01,,,,,,,BAC
2025-03-01,,,,,,,BAC
2025-03-01,,,,,,,BAC
2025-03-01,,,,,,,BAC
2025-03-01,,,,,,,BAC
2025-03-01,,,,,,,BAC
2025-03-01,,,,,,,BAC
2025-03-01,,,,,,,BAC
2025-03-01,,,,,,,CRM
2025-03-01,,,,,,,CRM
2025-03-01,,,,,,,CRM
2025-03-01,,,,,,,CRM
2025-03-01,301.0,303.07000732421875,291.05999755859375,293.05999755859375,292.1369934082031,6298200.0,CRM
2025-03-01,,,,,,,CRM
2025-03-01,,,,,,,CRM
2025-03-01,,,,,,,CRM
2025-03-01,,,,,,,CRM
2025-03-01,,,,,,,CRM
2025-03-01,,,,,,,CRM
2025-03-01,,,,,,,CRM
2025-03-01,,,,,,,CRM
2025-03-01,,,,,,,CRM
2025-03-01,,,,,,,CRM
2025-03-01,,,,,,,CRM
2025-03-01,,,,,,,CRM
2025-03-01,,,,,,,CRM
2025-03-01,,,,,,,CRM
2025-03-01,,,,,,,CRM
2025-03-01,,,,,,,DIS
2025-03-01,,,,,,,DIS
2025-03-01,,,,,,,DIS
2025-03-01,,,,,,,DIS
2025-03-01,,,,,,,DIS
2025-03-01,114.06999969482422,115.55000305175781,112.0,112.79000091552734,112.3110580444336,7884700.0,DIS
2025-03-01,,,,,,,DIS
2025-03-01,,,,,,,DIS
2025-03-01,,,,,,,DIS
2025-03-01,,,,,,,DIS
2025-03-01,,,,,,,DIS
2025-03-01,,,,,,,DIS
2025-03-01,,,,,,,DIS
2025-03-01,,,,,,,DIS
2025-03-01,,,,,,,DIS
2025-03-01,,,,,,,DIS
2025-03-01,,,,,,,DIS
2025-03-01,,,,,,,DIS
2025-03-01,,,,,,,DIS
2025-03-01,,,,,,,DIS
2025-03-01,,,,,,,GOOGL
2025-03-01,,,,,,,GOOGL
2025-03-01,,,,,,,GOOGL
2025-03-01,,,,,,,GOOGL
2025-03-01,,,,,,,GOOGL
2025-03-01,,,,,,,GOOGL
2025-03-01,171.92999267578125,173.3699951171875,165.92999267578125,167.00999450683594,166.46726989746094,40770500.0,GOOGL
2025-03-01,,,,,,,GOOGL
2025-03-01,,,,,,,GOOGL
2025-03-01,,,,,,,GOOGL
2025-03-01,,,,,,,GOOGL
2025-03-01,,,,,,,GOOGL
2025-03-01,,,,,,,GOOGL
2025-03-01,,,,,,,GOOGL
2025-03-01,,,,,,,GOOGL
2025-03-01,,,,,,,GOOGL
2025-03-01,,,,,,,GOOGL
2025-03-01,,,,,,,GOOGL
2025-03-01,,,,,,,GOOGL
2025-03-01,,,,,,,GOOGL
2025-03-01,,,,,,,HD
2025-03-01,,,,,,,HD
2025-03-01,,,,,,,HD
2025-03-01,,,,,,,HD
2025-03-01,,,,,,,HD
2025-03-01,,,,,,,HD
2025-03-01,,,,,,,HD
2025-03-01,396.95001220703125,397.07000732421875,386.4700012207031,389.69000244140625,382.66998291015625,3397600.0,HD
2025-03-01,,,,,,,HD
2025-03-01,,,,,,,HD
2025-03-01,,,,,,,HD
2025-03-01,,,,,,,HD
2025-03-01,,,,,,,HD
2025-03-01,,,,,,,HD
2025-03-01,,,,,,,HD
2025-03-01,,,,,,,HD
2025-03-01,,,,,,,HD
2025-03-01,,,,,,,HD
2025-03-01,,,,,,,HD
2025-03-01,,,,,,,HD
2025-03-01,,,,,,,JNJ
2025-03-01,,,,,,,JNJ
2025-03-01,,,,,,,JNJ
2025-03-01,,,,,,,JNJ
2025-03-01,,,,,,,JNJ
2025-03-01,,,,,,,JNJ
2025-03-01,,,,,,,JNJ
2025-03-01,,,,,,,JNJ
2025-03-01,164.9600067138672,167.3300018310547,164.83999633789062,167.27999877929688,164.64956665039062,9191500.0,JNJ
2025-03-01,,,,,,,JNJ
2025-03-01,,,,,,,JNJ
2025-03-01,,,,,,,JNJ
2025-03-01,,,,,,,JNJ
2025-03-01,,,,,,,JNJ
2025-03-01,,,,,,,JNJ
2025-03-01,,,,,,,JNJ
2025-03-01,,,,,,,JNJ
2025-03-01,,,,,,,JNJ
2025-03-01,,,,,,,JNJ
2025-03-01,,,,,,,JNJ
2025-03-01,,,,,,,JPM
2025-03-01,,,,,,,JPM
2025-03-01,,,,,,,JPM
2025-03-01,,,,,,,JPM
2025-03-01,,,,,,,JPM
2025-03-01,,,,,,,JPM
2025-03-01,,,,,,,JPM
2025-03-01,,,,,,,JPM
2025-03-01,,,,,,,JPM
2025-03-01,264.0,266.32000732421875,257.82000732421875,260.6199951171875,257.7826232910156,9058300.0,JPM
2025-03-01,,,,,,,JPM
2025-03-01,,,,,,,JPM
2025-03-01,,,,,,,JPM
2025-03-01,,,,,,,JPM
2025-03-01,,,,,,,JPM
2025-03-01,,,,,,,JPM
2025-03-01,,,,,,,JPM
2025-03-01,,,,,,,JPM
2025-03-01,,,,,,,JPM
2025-03-01,,,,,,,JPM
2025-03-01,,,,,,,MA
2025-03-01,,,,,,,MA
2025-03-01,,,,,,,MA
2025-03-01,,,,,,,MA
2025-03-01,,,,,,,MA
2025-03-01,,,,,,,MA
2025-03-01,,,,,,,MA
2025-03-01,,,,,,,MA
2025-03-01,,,,,,,MA
2025-03-01,,,,,,,MA
2025-03-01,577.3300170898438,582.22998046875,570.0,574.9199829101562,573.2339477539062,3092600.0,MA
2025-03-01,,,,,,,MA
2025-03-01,,,,,,,MA
2025-03-01,,,,,,,MA
2025-03-01,,,,,,,MA
2025-03-01,,,,,,,MA
2025-03-01,,,,,,,MA
2025-03-01,,,,,,,MA
2025-03-01,,,,,,,MA
2025-03-01,,,,,,,MA
2025-03-01,,,,,,,META
2025-03-01,,,,,,,META
2025-03-01,,,,,,,META
2025-03-01,,,,,,,META
2025-03-01,,,,,,,META
2025-03-01,,,,,,,META
2025-03-01,,,,,,,META
2025-03-01,,,,,,,META
2025-03-01,,,,,,,META
2025-03-01,,,,,,,META
2025-03-01,,,,,,,META
2025-03-01,673.6799926757812,681.25,650.8400268554688,655.0499877929688,653.964599609375,10843800.0,META
2025-03-01,,,,,,,META
2025-03-01,,,,,,,META
2025-03-01,,,,,,,META
2025-03-01,,,,,,,META
2025-03-01,,,,,,,META
2025-03-01,,,,,,,META
2025-03-01,,,,,,,META
2025-03-01,,,,,,,META
2025-03-01,,,,,,,MSFT
2025-03-01,,,,,,,MSFT
2025-03-01,,,,,,,MSFT
2025-03-01,,,,,,,MSFT
2025-03-01,,,,,,,MSFT
2025-03-01,,,,,,,MSFT
2025-03-01,,,,,,,MSFT
2025-03-01,,,,,,,MSFT
2025-03-01,,,,,,,MSFT
2025-03-01,,,,,,,MSFT
2025-03-01,,,,,,,MSFT
2025-03-01,,,,,,,MSFT
2025-03-01,398.82000732421875,398.82000732421875,386.1600036621094,388.489990234375,387.14166259765625,23007700.0,MSFT
2025-03-01,,,,,,,MSFT
2025-03-01,,,,,,,MSFT
2025-03-01,,,,,,,MSFT
2025-03-01,,,,,,,MSFT
2025-03-01,,,,,,,MSFT
2025-03-01,,,,,,,MSFT
2025-03-01,,,,,,,MSFT
2025-03-01,,,,,,,NFLX
2025-03-01,,,,,,,NFLX
2025-03-01,,,,,,,NFLX
2025-03-01,,,,,,,NFLX
2025-03-01,,,,,,,NFLX
2025-03-01,,,,,,,NFLX
2025-03-01,,,,,,,NFLX
2025-03-01,,,,,,,NFLX
2025-03-01,,,,,,,NFLX
2025-03-01,,,,,,,NFLX
2025-03-01,,,,,,,NFLX
2025-03-01,,,,,,,NFLX
2025-03-01,,,,,,,NFLX
2025-03-01,983.0,994.9299926757812,964.8099975585938,973.7000122070312,973.7000122070312,3907400.0,NFLX
2025-03-01,,,,,,,NFLX
2025-03-01,,,,,,,NFLX
2025-03-01,,,,,,,NFLX
2025-03-01,,,,,,,NFLX
2025-03-01,,,,,,,NFLX
2025-03-01,,,,,,,NFLX
2025-03-01,,,,,,,NVDA
2025-03-01,,,,,,,NVDA
2025-03-01,,,,,,,NVDA
2025-03-01,,,,,,,NVDA
2025-03-01,,,,,,,NVDA
2025-03-01,,,,,,,NVDA
2025-03-01,,,,,,,NVDA
2025-03-01,,,,,,,NVDA
2025-03-01,,,,,,,NVDA
2025-03-01,,,,,,,NVDA
2025-03-01,,,,,,,NVDA
2025-03-01,,,,,,,NVDA
2025-03-01,,,,,,,NVDA
2025-03-01,,,,,,,NVDA
2025-03-01,123.51000213623047,123.69999694824219,112.27999877929688,114.05999755859375,114.03515625,411381400.0,NVDA
2025-03-01,,,,,,,NVDA
2025-03-01,,,,,,,NVDA
2025-03-01,,,,,,,NVDA
2025-03-01,,,,,,,NVDA
2025-03-01,,,,,,,NVDA
2025-03-01,,,,,,,PFE
2025-03-01,,,,,,,PFE
2025-03-01,,,,,,,PFE
2025-03-01,,,,,,,PFE
2025-03-01,,,,,,,PFE
2025-03-01,,,,,,,PFE
2025-03-01,,,,,,,PFE
2025-03-01,,,,,,,PFE
2025-03-01,,,,,,,PFE
2025-03-01,,,,,,,PFE
2025-03-01,,,,,,,PFE
2025-03-01,,,,,,,PFE
2025-03-01,,,,,,,PFE
2025-03-01,,,,,,,PFE
2025-03-01,,,,,,,PFE
2025-03-01,26.3700008392334,26.899999618530273,25.969999313354492,26.25,25.321666717529297,54048600.0,PFE
2025-03-01,,,,,,,PFE
2025-03-01,,,,,,,PFE
2025-03-01,,,,,,,PFE
2025-03-01,,,,,,,PFE
2025-03-01,,,,,,,PG
2025-03-01,,,,,,,PG
2025-03-01,,,,,,,PG
2025-03-01,,,,,,,PG
2025-03-01,,,,,,,PG
2025-03-01,,,,,,,PG
2025-03-01,,,,,,,PG
2025-03-01,,,,,,,PG
2025-03-01,,,,,,,PG
2025-03-01,,,,,,,PG
2025-03-01,,,,,,,PG
2025-03-01,,,,,,,PG
2025-03-01,,,,,,,PG
2025-03-01,,,,,,,PG
2025-03-01,,,,,,,PG
2025-03-01,,,,,,,PG
2025-03-01,173.5800018310547,176.2899932861328,173.50999450683594,175.58999633789062,173.3170166015625,7615300.0,PG
2025-03-01,,,,,,,PG
2025-03-01,,,,,,,PG
2025-03-01,,,,,,,PG
2025-03-01,,,,,,,TSLA
2025-03-01,,,,,,,TSLA
2025-03-01,,,,,,,TSLA
2025-03-01,,,,,,,TSLA
2025-03-01,,,,,,,TSLA
2025-03-01,,,,,,,TSLA
2025-03-01,,,,,,,TSLA
2025-03-01,,,,,,,TSLA
2025-03-01,,,,,,,TSLA
2025-03-01,,,,,,,TSLA
2025-03-01,,,,,,,TSLA
2025-03-01,,,,,,,TSLA
2025-03-01,,,,,,,TSLA
2025-03-01,,,,,,,TSLA
2025-03-01,,,,,,,TSLA
2025-03-01,,,,,,,TSLA
2025-03-01,,,,,,,TSLA
2025-03-01,300.3399963378906,303.94000244140625,277.29998779296875,284.6499938964844,284.6499938964844,115551400.0,TSLA
2025-03-01,,,,,,,TSLA
2025-03-01,,,,,,,TSLA
2025-03-01,,,,,,,UNH
2025-03-01,,,,,,,UNH
2025-03-01,,,,,,,UNH
2025-03-01,,,,,,,UNH
2025-03-01,,,,,,,UNH
2025-03-01,,,,,,,UNH
2025-03-01,,,,,,,UNH
2025-03-01,,,,,,,UNH
2025-03-01,,,,,,,UNH
2025-03-01,,,,,,,UNH
2025-03-01,,,,,,,UNH
2025-03-01,,,,,,,UNH
2025-03-01,,,,,,,UNH
2025-03-01,,,,,,,UNH
2025-03-01,,,,,,,UNH
2025-03-01,,,,,,,UNH
2025-03-01,,,,,,,UNH
2025-03-01,,,,,,,UNH
2025-03-01,474.3699951171875,477.2699890136719,465.2099914550781,467.04998779296875,461.7843322753906,5700200.0,UNH
2025-03-01,,,,,,,UNH
2025-03-01,,,,,,,V
2025-03-01,,,,,,,V
2025-03-01,,,,,,,V
2025-03-01,,,,,,,V
2025-03-01,,,,,,,V
2025-03-01,,,,,,,V
2025-03-01,,,,,,,V
2025-03-01,,,,,,,V
2025-03-01,,,,,,,V
2025-03-01,,,,,,,V
2025-03-01,,,,,,,V
2025-03-01,,,,,,,V
2025-03-01,,,,,,,V
2025-03-01,,,,,,,V
2025-03-01,,,,,,,V
2025-03-01,,,,,,,V
2025-03-01,,,,,,,V
2025-03-01,,,,,,,V
2025-03-01,,,,,,,V
2025-03-01,363.0,366.5400085449219,359.5400085449219,361.82000732421875,360.58563232421875,9099600.0,V
2025-04-01,219.80999755859375,223.67999267578125,218.89999389648438,223.19000244140625,222.64501953125,36412700.0,AAPL
2025-04-01,,,,,,,AAPL
2025-04-01,,,,,,,AAPL
2025-04-01,,,,,,,AAPL
2025-04-01,,,,,,,AAPL
2025-04-01,,,,,,,AAPL
2025-04-01,,,,,,,AAPL
2025-04-01,,,,,,,AAPL
2025-04-01,,,,,,,AAPL
2025-04-01,,,,,,,AAPL
2025-04-01,,,,,,,AAPL
2025-04-01,,,,,,,AAPL
2025-04-01,,,,,,,AAPL
2025-04-01,,,,,,,AAPL
2025-04-01,,,,,,,AAPL
2025-04-01,,,,,,,AAPL
2025-04-01,,,,,,,AAPL
2025-04-01,,,,,,,AAPL
2025-04-01,,,,,,,AAPL
2025-04-01,,,,,,,AAPL
2025-04-01,,,,,,,ADBE
2025-04-01,381.1300048828125,384.0,375.5299987792969,383.20001220703125,383.20001220703125,3847800.0,ADBE
2025-04-01,,,,,,,ADBE
2025-04-01,,,,,,,ADBE
2025-04-01,,,,,,,ADBE
2025-04-01,,,,,,,ADBE
2025-04-01,,,,,,,ADBE
2025-04-01,,,,,,,ADBE
2025-04-01,,,,,,,ADBE
2025-04-01,,,,,,,ADBE
2025-04-01,,,,,,,ADBE
2025-04-01,,,,,,,ADBE
2025-04-01,,,,,,,ADBE
2025-04-01,,,,,,,ADBE
2025-04-01,,,,,,,ADBE
2025-04-01,,,,,,,ADBE
2025-04-01,,,,,,,ADBE
2025-04-01,,,,,,,ADBE
2025-04-01,,,,,,,ADBE
2025-04-01,,,,,,,ADBE
2025-04-01,,,,,,,AMZN
2025-04-01,,,,,,,AMZN
2025-04-01,187.86000061035156,193.92999267578125,187.1999969482422,192.1699981689453,192.1699981689453,41267300.0,AMZN
2025-04-01,,,,,,,AMZN
2025-04-01,,,,,,,AMZN
2025-04-01,,,,,,,AMZN
2025-04-01,,,,,,,AMZN
2025-04-01,,,,,,,AMZN
2025-04-01,,,,,,,AMZN
2025-04-01,,,,,,,AMZN
2025-04-01,,,,,,,AMZN
2025-04-01,,,,,,,AMZN
2025-04-01,,,,,,,AMZN
2025-04-01,,,,,,,AMZN
2025-04-01,,,,,,,AMZN
2025-04-01,,,,,,,AMZN
2025-04-01,,,,,,,AMZN
2025-04-01,,,,,,,AMZN
2025-04-01,,,,,,,AMZN
2025-04-01,,,,,,,AMZN
2025-04-01,,,,,,,BAC
2025-04-01,,,,,,,BAC
2025-04-01,,,,,,,BAC
2025-04-01,41.31999969482422,41.70000076293945,40.970001220703125,41.4900016784668,41.01877975463867,25578500.0,BAC
2025-04-01,,,,,,,BAC
2025-04-01,,,,,,,BAC
2025-04-01,,,,,,,BAC
2025-04-01,,,,,,,BAC
2025-04-01,,,,,,,BAC
2025-04-01,,,,,,,BAC
2025-04-01,,,,,,,BAC
2025-04-01,,,,,,,BAC
2025-04-01,,,,,,,BAC
2025-04-01,,,,,,,BAC
2025-04-01,,,,,,,BAC
2025-04-01,,,,,,,BAC
2025-04-01,,,,,,,BAC
2025-04-01,,,,,,,BAC
2025-04-01,,,,,,,BAC
2025-04-01,,,,,,,BAC
2025-04-01,,,,,,,CRM
2025-04-01,,,,,,,CRM
2025-04-01,,,,,,,CRM
2025-04-01,,,,,,,CRM
2025-04-01,268.8599853515625,270.82000732421875,265.82000732421875,270.20001220703125,269.3489990234375,4598200.0,CRM
2025-04-01,,,,,,,CRM
2025-04-01,,,,,,,CRM
2025-04-01,,,,,,,CRM
2025-04-01,,,,,,,CRM
2025-04-01,,,,,,,CRM
2025-04-01,,,,,,,CRM
2025-04-01,,,,,,,CRM
2025-04-01,,,,,,,CRM
2025-04-01,,,,,,,CRM
2025-04-01,,,,,,,CRM
2025-04-01,,,,,,,CRM
2025-04-01,,,,,,,CRM
2025-04-01,,,,,,,CRM
2025-04-01,,,,,,,CRM
2025-04-01,,,,,,,CRM
2025-04-01,,,,,,,DIS
2025-04-01,,,,,,,DIS
2025-04-01,,,,,,,DIS
2025-04-01,,,,,,,DIS
2025-04-01,,,,,,,DIS
2025-04-01,98.31999969482422,98.58999633789062,96.83999633789062,97.68000030517578,97.26522064208984,8762700.0,DIS
2025-04-01,,,,,,,DIS
2025-04-01,,,,,,,DIS
2025-04-01,,,,,,,DIS
2025-04-01,,,,,,,DIS
2025-04-01,,,,,,,DIS
2025-04-01,,,,,,,DIS
2025-04-01,,,,,,,DIS
2025-04-01,,,,,,,DIS
2025-04-01,,,,,,,DIS
2025-04-01,,,,,,,DIS
2025-04-01,,,,,,,DIS
2025-04-01,,,,,,,DIS
2025-04-01,,,,,,,DIS
2025-04-01,,,,,,,DIS
2025-04-01,,,,,,,GOOGL
2025-04-01,,,,,,,GOOGL
2025-04-01,,,,,,,GOOGL
2025-04-01,,,,,,,GOOGL
2025-04-01,,,,,,,GOOGL
2025-04-01,,,,,,,GOOGL
2025-04-01,153.6199951171875,158.10000610351562,153.6199951171875,157.07000732421875,156.73989868164062,30672900.0,GOOGL
2025-04-01,,,,,,,GOOGL
2025-04-01,,,,,,,GOOGL
2025-04-01,,,,,,,GOOGL
2025-04-01,,,,,,,GOOGL
2025-04-01,,,,,,,GOOGL
2025-04-01,,,,,,,GOOGL
2025-04-01,,,,,,,GOOGL
2025-04-01,,,,,,,GOOGL
2025-04-01,,,,,,,GOOGL
2025-04-01,,,,,,,GOOGL
2025-04-01,,,,,,,GOOGL
2025-04-01,,,,,,,GOOGL
2025-04-01,,,,,,,GOOGL
2025-04-01,,,,,,,HD
2025-04-01,,,,,,,HD
2025-04-01,,,,,,,HD
2025-04-01,,,,,,,HD
2025-04-01,,,,,,,HD
2025-04-01,,,,,,,HD
2025-04-01,,,,,,,HD
2025-04-01,364.1400146484375,367.2900085449219,361.9200134277344,365.5199890136719,361.21319580078125,2801600.0,HD
2025-04-01,,,,,,,HD
2025-04-01,,,,,,,HD
2025-04-01,,,,,,,HD
2025-04-01,,,,,,,HD
2025-04-01,,,,,,,HD
2025-04-01,,,,,,,HD
2025-04-01,,,,,,,HD
2025-04-01,,,,,,,HD
2025-04-01,,,,,,,HD
2025-04-01,,,,,,,HD
2025-04-01,,,,,,,HD
2025-04-01,,,,,,,HD
2025-04-01,,,,,,,JNJ
2025-04-01,,,,,,,JNJ
2025-04-01,,,,,,,JNJ
2025-04-01,,,,,,,JNJ
2025-04-01,,,,,,,JNJ
2025-04-01,,,,,,,JNJ
2025-04-01,,,,,,,JNJ
2025-04-01,,,,,,,JNJ
2025-04-01,160.72999572753906,161.80999755859375,153.1300048828125,153.25,150.84019470214844,23303100.0,JNJ
2025-04-01,,,,,,,JNJ
2025-04-01,,,,,,,JNJ
2025-04-01,,,,,,,JNJ
2025-04-01,,,,,,,JNJ
2025-04-01,,,,,,,JNJ
2025-04-01,,,,,,,JNJ
2025-04-01,,,,,,,JNJ
2025-04-01,,,,,,,JNJ
2025-04-01,,,,,,,JNJ
2025-04-01,,,,,,,JNJ
2025-04-01,,,,,,,JNJ
2025-04-01,,,,,,,JPM
2025-04-01,,,,,,,JPM
2025-04-01,,,,,,,JPM
2025-04-01,,,,,,,JPM
2025-04-01,,,,,,,JPM
2025-04-01,,,,,,,JPM
2025-04-01,,,,,,,JPM
2025-04-01,,,,,,,JPM
2025-04-01,,,,,,,JPM
2025-04-01,242.6199951171875,245.69000244140625,240.8800048828125,243.66000366210938,241.00726318359375,8054700.0,JPM
2025-04-01,,,,,,,JPM
2025-04-01,,,,,,,JPM
2025-04-01,,,,,,,JPM
2025-04-01,,,,,,,JPM
2025-04-01,,,,,,,JPM
2025-04-01,,,,,,,JPM
2025-04-01,,,,,,,JPM
2025-04-01,,,,,,,JPM
2025-04-01,,,,,,,JPM
2025-04-01,,,,,,,JPM
2025-04-01,,,,,,,MA
2025-04-01,,,,,,,MA
2025-04-01,,,,,,,MA
2025-04-01,,,,,,,MA
2025-04-01,,,,,,,MA
2025-04-01,,,,,,,MA
2025-04-01,,,,,,,MA
2025-04-01,,,,,,,MA
2025-04-01,,,,,,,MA
2025-04-01,,,,,,,MA
2025-04-01,546.7999877929688,551.1500244140625,544.0,548.510009765625,546.9014282226562,2714900.0,MA
2025-04-01,,,,,,,MA
2025-04-01,,,,,,,MA
2025-04-01,,,,,,,MA
2025-04-01,,,,,,,MA
2025-04-01,,,,,,,MA
2025-04-01,,,,,,,MA
2025-04-01,,,,,,,MA
2025-04-01,,,,,,,MA
2025-04-01,,,,,,,MA
2025-04-01,,,,,,,META
2025-04-01,,,,,,,META
2025-04-01,,,,,,,META
2025-04-01,,,,,,,META
2025-04-01,,,,,,,META
2025-04-01,,,,,,,META
2025-04-01,,,,,,,META
2025-04-01,,,,,,,META
2025-04-01,,,,,,,META
2025-04-01,,,,,,,META
2025-04-01,,,,,,,META
2025-04-01,570.8400268554688,589.9099731445312,570.0,586.0,585.5494384765625,12836600.0,META
2025-04-01,,,,,,,META
2025-04-01,,,,,,,META
2025-04-01,,,,,,,META
2025-04-01,,,,,,,META
2025-04-01,,,,,,,META
2025-04-01,,,,,,,META
2025-04-01,,,,,,,META
2025-04-01,,,,,,,META
2025-04-01,,,,,,,MSFT
2025-04-01,,,,,,,MSFT
2025-04-01,,,,,,,MSFT
2025-04-01,,,,,,,MSFT
2025-04-01,,,,,,,MSFT
2025-04-01,,,,,,,MSFT
2025-04-01,,,,,,,MSFT
2025-04-01,,,,,,,MSFT
2025-04-01,,,,,,,MSFT
2025-04-01,,,,,,,MSFT
2025-04-01,,,,,,,MSFT
2025-04-01,,,,,,,MSFT
2025-04-01,374.6499938964844,382.8500061035156,373.2300109863281,382.19000244140625,380.8635559082031,19689500.0,MSFT
2025-04-01,,,,,,,MSFT
2025-04-01,,,,,,,MSFT
2025-04-01,,,,,,,MSFT
2025-04-01,,,,,,,MSFT
2025-04-01,,,,,,,MSFT
2025-04-01,,,,,,,MSFT
2025-04-01,,,,,,,MSFT
2025-04-01,,,,,,,NFLX
2025-04-01,,,,,,,NFLX
2025-04-01,,,,,,,NFLX
2025-04-01,,,,,,,NFLX
2025-04-01,,,,,,,NFLX
2025-04-01,,,,,,,NFLX
2025-04-01,,,,,,,NFLX
2025-04-01,,,,,,,NFLX
2025-04-01,,,,,,,NFLX
2025-04-01,,,,,,,NFLX
2025-04-01,,,,,,,NFLX
2025-04-01,,,,,,,NFLX
2025-04-01,,,,,,,NFLX
2025-04-01,927.5,932.2899780273438,911.5,928.3800048828125,928.3800048828125,3520000.0,NFLX
2025-04-01,,,,,,,NFLX
2025-04-01,,,,,,,NFLX
2025-04-01,,,,,,,NFLX
2025-04-01,,,,,,,NFLX
2025-04-01,,,,,,,NFLX
2025-04-01,,,,,,,NFLX
2025-04-01,,,,,,,NVDA
2025-04-01,,,,,,,NVDA
2025-04-01,,,,,,,NVDA
2025-04-01,,,,,,,NVDA
2025-04-01,,,,,,,NVDA
2025-04-01,,,,,,,NVDA
2025-04-01,,,,,,,NVDA
2025-04-01,,,,,,,NVDA
2025-04-01,,,,,,,NVDA
2025-04-01,,,,,,,NVDA
2025-04-01,,,,,,,NVDA
2025-04-01,,,,,,,NVDA
2025-04-01,,,,,,,NVDA
2025-04-01,,,,,,,NVDA
2025-04-01,108.5199966430664,110.19999694824219,106.47000122070312,110.1500015258789,110.13614654541016,222614000.0,NVDA
2025-04-01,,,,,,,NVDA
2025-04-01,,,,,,,NVDA
2025-04-01,,,,,,,NVDA
2025-04-01,,,,,,,NVDA
2025-04-01,,,,,,,NVDA
2025-04-01,,,,,,,PFE
2025-04-01,,,,,,,PFE
2025-04-01,,,,,,,PFE
2025-04-01,,,,,,,PFE
2025-04-01,,,,,,,PFE
2025-04-01,,,,,,,PFE
2025-04-01,,,,,,,PFE
2025-04-01,,,,,,,PFE
2025-04-01,,,,,,,PFE
2025-04-01,,,,,,,PFE
2025-04-01,,,,,,,PFE
2025-04-01,,,,,,,PFE
2025-04-01,,,,,,,PFE
2025-04-01,,,,,,,PFE
2025-04-01,,,,,,,PFE
2025-04-01,25.290000915527344,25.350000381469727,24.520000457763672,24.540000915527344,23.672142028808594,54444200.0,PFE
2025-04-01,,,,,,,PFE
2025-04-01,,,,,,,PFE
2025-04-01,,,,,,,PFE
2025-04-01,,,,,,,PFE
2025-04-01,,,,,,,PG
2025-04-01,,,,,,,PG
2025-04-01,,,,,,,PG
2025-04-01,,,,,,,PG
2025-04-01,,,,,,,PG
2025-04-01,,,,,,,PG
2025-04-01,,,,,,,PG
2025-04-01,,,,,,,PG
2025-04-01,,,,,,,PG
2025-04-01,,,,,,,PG
2025-04-01,,,,,,,PG
2025-04-01,,,,,,,PG
2025-04-01,,,,,,,PG
2025-04-01,,,,,,,PG
2025-04-01,,,,,,,PG
2025-04-01,,,,,,,PG
2025-04-01,170.57000732421875,171.0500030517578,169.05999755859375,170.55999755859375,168.3521270751953,7021100.0,PG
2025-04-01,,,,,,,PG
2025-04-01,,,,,,,PG
2025-04-01,,,,,,,PG
2025-04-01,,,,,,,TSLA
2025-04-01,,,,,,,TSLA
2025-04-01,,,,,,,TSLA
2025-04-01,,,,,,,TSLA
2025-04-01,,,,,,,TSLA
2025-04-01,,,,,,,TSLA
2025-04-01,,,,,,,TSLA
2025-04-01,,,,,,,TSLA
2025-04-01,,,,,,,TSLA
2025-04-01,,,,,,,TSLA
2025-04-01,,,,,,,TSLA
2025-04-01,,,,,,,TSLA
2025-04-01,,,,,,,TSLA
2025-04-01,,,,,,,TSLA
2025-04-01,,,,,,,TSLA
2025-04-01,,,,,,,TSLA
2025-04-01,,,,,,,TSLA
2025-04-01,263.79998779296875,277.45001220703125,259.25,268.4599914550781,268.4599914550781,146486900.0,TSLA
2025-04-01,,,,,,,TSLA
2025-04-01,,,,,,,TSLA
2025-04-01,,,,,,,UNH
2025-04-01,,,,,,,UNH
2025-04-01,,,,,,,UNH
2025-04-01,,,,,,,UNH
2025-04-01,,,,,,,UNH
2025-04-01,,,,,,,UNH
2025-04-01,,,,,,,UNH
2025-04-01,,,,,,,UNH
2025-04-01,,,,,,,UNH
2025-04-01,,,,,,,UNH
2025-04-01,,,,,,,UNH
2025-04-01,,,,,,,UNH
2025-04-01,,,,,,,UNH
2025-04-01,,,,,,,UNH
2025-04-01,,,,,,,UNH
2025-04-01,,,,,,,UNH
2025-04-01,,,,,,,UNH
2025-04-01,,,,,,,UNH
2025-04-01,525.739990234375,528.1699829101562,520.9500122070312,523.1199951171875,519.4326171875,2962500.0,UNH
2025-04-01,,,,,,,UNH
2025-04-01,,,,,,,V
2025-04-01,,,,,,,V
2025-04-01,,,,,,,V
2025-04-01,,,,,,,V
2025-04-01,,,,,,,V
2025-04-01,,,,,,,V
2025-04-01,,,,,,,V
2025-04-01,,,,,,,V
2025-04-01,,,,,,,V
2025-04-01,,,,,,,V
2025-04-01,,,,,,,V
2025-04-01,,,,,,,V
2025-04-01,,,,,,,V
2025-04-01,,,,,,,V
2025-04-01,,,,,,,V
2025-04-01,,,,,,,V
2025-04-01,,,,,,,V
2025-04-01,,,,,,,V
2025-04-01,,,,,,,V
2025-04-01,350.44000244140625,350.45001220703125,342.57000732421875,346.3500061035156,345.16839599609375,7473300.0,V
2025-05-01,209.0800018310547,214.55999755859375,208.89999389648438,213.32000732421875,212.79913330078125,57365700.0,AAPL
2025-05-01,,,,,,,AAPL
2025-05-01,,,,,,,AAPL
2025-05-01,,,,,,,AAPL
2025-05-01,,,,,,,AAPL
2025-05-01,,,,,,,AAPL
2025-05-01,,,,,,,AAPL
2025-05-01,,,,,,,AAPL
2025-05-01,,,,,,,AAPL
2025-05-01,,,,,,,AAPL
2025-05-01,,,,,,,AAPL
2025-05-01,,,,,,,AAPL
2025-05-01,,,,,,,AAPL
2025-05-01,,,,,,,AAPL
2025-05-01,,,,,,,AAPL
2025-05-01,,,,,,,AAPL
2025-05-01,,,,,,,AAPL
2025-05-01,,,,,,,AAPL
2025-05-01,,,,,,,AAPL
2025-05-01,,,,,,,AAPL
2025-05-01,,,,,,,ADBE
2025-05-01,378.29998779296875,380.44000244140625,374.07000732421875,374.6300048828125,374.6300048828125,2848800.0,ADBE
2025-05-01,,,,,,,ADBE
2025-05-01,,,,,,,ADBE
2025-05-01,,,,,,,ADBE
2025-05-01,,,,,,,ADBE
2025-05-01,,,,,,,ADBE
2025-05-01,,,,,,,ADBE
2025-05-01,,,,,,,ADBE
2025-05-01,,,,,,,ADBE
2025-05-01,,,,,,,ADBE
2025-05-01,,,,,,,ADBE
2025-05-01,,,,,,,ADBE
2025-05-01,,,,,,,ADBE
2025-05-01,,,,,,,ADBE
2025-05-01,,,,,,,ADBE
2025-05-01,,,,,,,ADBE
2025-05-01,,,,,,,ADBE
2025-05-01,,,,,,,ADBE
2025-05-01,,,,,,,ADBE
2025-05-01,,,,,,,AMZN
2025-05-01,,,,,,,AMZN
2025-05-01,190.6300048828125,191.80999755859375,187.5,190.1999969482422,190.1999969482422,74266000.0,AMZN
2025-05-01,,,,,,,AMZN
2025-05-01,,,,,,,AMZN
2025-05-01,,,,,,,AMZN
2025-05-01,,,,,,,AMZN
2025-05-01,,,,,,,AMZN
2025-05-01,,,,,,,AMZN
2025-05-01,,,,,,,AMZN
2025-05-01,,,,,,,AMZN
2025-05-01,,,,,,,AMZN
2025-05-01,,,,,,,AMZN
2025-05-01,,,,,,,AMZN
2025-05-01,,,,,,,AMZN
2025-05-01,,,,,,,AMZN
2025-05-01,,,,,,,AMZN
2025-05-01,,,,,,,AMZN
2025-05-01,,,,,,,AMZN
2025-05-01,,,,,,,AMZN
2025-05-01,,,,,,,BAC
2025-05-01,,,,,,,BAC
2025-05-01,,,,,,,BAC
2025-05-01,39.81999969482422,40.439998626708984,39.58000183105469,40.16999816894531,39.71376419067383,33569100.0,BAC
2025-05-01,,,,,,,BAC
2025-05-01,,,,,,,BAC
2025-05-01,,,,,,,BAC
2025-05-01,,,,,,,BAC
2025-05-01,,,,,,,BAC
2025-05-01,,,,,,,BAC
2025-05-01,,,,,,,BAC
2025-05-01,,,,,,,BAC
2025-05-01,,,,,,,BAC
2025-05-01,,,,,,,BAC
2025-05-01,,,,,,,BAC
2025-05-01,,,,,,,BAC
2025-05-01,,,,,,,BAC
2025-05-01,,,,,,,BAC
2025-05-01,,,,,,,BAC
2025-05-01,,,,,,,BAC
2025-05-01,,,,,,,CRM
2025-05-01,,,,,,,CRM
2025-05-01,,,,,,,CRM
2025-05-01,,,,,,,CRM
2025-05-01,273.3999938964844,274.6000061035156,269.0,269.3299865722656,268.903564453125,5208900.0,CRM
2025-05-01,,,,,,,CRM
2025-05-01,,,,,,,CRM
2025-05-01,,,,,,,CRM
2025-05-01,,,,,,,CRM
2025-05-01,,,,,,,CRM
2025-05-01,,,,,,,CRM
2025-05-01,,,,,,,CRM
2025-05-01,,,,,,,CRM
2025-05-01,,,,,,,CRM
2025-05-01,,,,,,,CRM
2025-05-01,,,,,,,CRM
2025-05-01,,,,,,,CRM
2025-05-01,,,,,,,CRM
2025-05-01,,,,,,,CRM
2025-05-01,,,,,,,CRM
2025-05-01,,,,,,,DIS
2025-05-01,,,,,,,DIS
2025-05-01,,,,,,,DIS
2025-05-01,,,,,,,DIS
2025-05-01,,,,,,,DIS
2025-05-01,91.2699966430664,91.61000061035156,90.36000061035156,90.80999755859375,90.42439270019531,7790600.0,DIS
2025-05-01,,,,,,,DIS
2025-05-01,,,,,,,DIS
2025-05-01,,,,,,,DIS
2025-05-01,,,,,,,DIS
2025-05-01,,,,,,,DIS
2025-05-01,,,,,,,DIS
2025-05-01,,,,,,,DIS
2025-05-01,,,,,,,DIS
2025-05-01,,,,,,,DIS
2025-05-01,,,,,,,DIS
2025-05-01,,,,,,,DIS
2025-05-01,,,,,,,DIS
2025-05-01,,,,,,,DIS
2025-05-01,,,,,,,DIS
2025-05-01,,,,,,,GOOGL
2025-05-01,,,,,,,GOOGL
2025-05-01,,,,,,,GOOGL
2025-05-01,,,,,,,GOOGL
2025-05-01,,,,,,,GOOGL
2025-05-01,,,,,,,GOOGL
2025-05-01,160.4499969482422,161.9499969482422,158.91000366210938,161.3000030517578,160.96099853515625,30203200.0,GOOGL
2025-05-01,,,,,,,GOOGL
2025-05-01,,,,,,,GOOGL
2025-05-01,,,,,,,GOOGL
2025-05-01,,,,,,,GOOGL
2025-05-01,,,,,,,GOOGL
2025-05-01,,,,,,,GOOGL
2025-05-01,,,,,,,GOOGL
2025-05-01,,,,,,,GOOGL
2025-05-01,,,,,,,GOOGL
2025-05-01,,,,,,,GOOGL
2025-05-01,,,,,,,GOOGL
2025-05-01,,,,,,,GOOGL
2025-05-01,,,,,,,GOOGL
2025-05-01,,,,,,,HD
2025-05-01,,,,,,,HD
2025-05-01,,,,,,,HD
2025-05-01,,,,,,,HD
2025-05-01,,,,,,,HD
2025-05-01,,,,,,,HD
2025-05-01,,,,,,,HD
2025-05-01,360.30999755859375,362.8800048828125,357.7200012207031,358.29998779296875,354.0782775878906,3210100.0,HD
2025-05-01,,,,,,,HD
2025-05-01,,,,,,,HD
2025-05-01,,,,,,,HD
2025-05-01,,,,,,,HD
2025-05-01,,,,,,,HD
2025-05-01,,,,,,,HD
2025-05-01,,,,,,,HD
2025-05-01,,,,,,,HD
2025-05-01,,,,,,,HD
2025-05-01,,,,,,,HD
2025-05-01,,,,,,,HD
2025-05-01,,,,,,,HD
2025-05-01,,,,,,,JNJ
2025-05-01,,,,,,,JNJ
2025-05-01,,,,,,,JNJ
2025-05-01,,,,,,,JNJ
2025-05-01,,,,,,,JNJ
2025-05-01,,,,,,,JNJ
2025-05-01,,,,,,,JNJ
2025-05-01,,,,,,,JNJ
2025-05-01,155.0,155.08999633789062,153.36000061035156,154.4600067138672,152.0311737060547,7325800.0,JNJ
2025-05-01,,,,,,,JNJ
2025-05-01,,,,,,,JNJ
2025-05-01,,,,,,,JNJ
2025-05-01,,,,,,,JNJ
2025-05-01,,,,,,,JNJ
2025-05-01,,,,,,,JNJ
2025-05-01,,,,,,,JNJ
2025-05-01,,,,,,,JNJ
2025-05-01,,,,,,,JNJ
2025-05-01,,,,,,,JNJ
2025-05-01,,,,,,,JNJ
2025-05-01,,,,,,,JPM
2025-05-01,,,,,,,JPM
2025-05-01,,,,,,,JPM
2025-05-01,,,,,,,JPM
2025-05-01,,,,,,,JPM
2025-05-01,,,,,,,JPM
2025-05-01,,,,,,,JPM
2025-05-01,,,,,,,JPM
2025-05-01,,,,,,,JPM
2025-05-01,242.83999633789062,248.4499969482422,242.1699981689453,246.88999938964844,245.70626831054688,8689600.0,JPM
2025-05-01,,,,,,,JPM
2025-05-01,,,,,,,JPM
2025-05-01,,,,,,,JPM
2025-05-01,,,,,,,JPM
2025-05-01,,,,,,,JPM
2025-05-01,,,,,,,JPM
2025-05-01,,,,,,,JPM
2025-05-01,,,,,,,JPM
2025-05-01,,,,,,,JPM
2025-05-01,,,,,,,JPM
2025-05-01,,,,,,,MA
2025-05-01,,,,,,,MA
2025-05-01,,,,,,,MA
2025-05-01,,,,,,,MA
2025-05-01,,,,,,,MA
2025-05-01,,,,,,,MA
2025-05-01,,,,,,,MA
2025-05-01,,,,,,,MA
2025-05-01,,,,,,,MA
2025-05-01,,,,,,,MA
2025-05-01,550.0,552.8300170898438,539.72998046875,546.6300048828125,545.891357421875,2839900.0,MA
2025-05-01,,,,,,,MA
2025-05-01,,,,,,,MA
2025-05-01,,,,,,,MA
2025-05-01,,,,,,,MA
2025-05-01,,,,,,,MA
2025-05-01,,,,,,,MA
2025-05-01,,,,,,,MA
2025-05-01,,,,,,,MA
2025-05-01,,,,,,,MA
2025-05-01,,,,,,,META
2025-05-01,,,,,,,META
2025-05-01,,,,,,,META
2025-05-01,,,,,,,META
2025-05-01,,,,,,,META
2025-05-01,,,,,,,META
2025-05-01,,,,,,,META
2025-05-01,,,,,,,META
2025-05-01,,,,,,,META
2025-05-01,,,,,,,META
2025-05-01,,,,,,,META
2025-05-01,592.0800170898438,592.9500122070312,570.5,572.2100219726562,571.7700805664062,31159000.0,META
2025-05-01,,,,,,,META
2025-05-01,,,,,,,META
2025-05-01,,,,,,,META
2025-05-01,,,,,,,META
2025-05-01,,,,,,,META
2025-05-01,,,,,,,META
2025-05-01,,,,,,,META
2025-05-01,,,,,,,META
2025-05-01,,,,,,,MSFT
2025-05-01,,,,,,,MSFT
2025-05-01,,,,,,,MSFT
2025-05-01,,,,,,,MSFT
2025-05-01,,,,,,,MSFT
2025-05-01,,,,,,,MSFT
2025-05-01,,,,,,,MSFT
2025-05-01,,,,,,,MSFT
2025-05-01,,,,,,,MSFT
2025-05-01,,,,,,,MSFT
2025-05-01,,,,,,,MSFT
2025-05-01,,,,,,,MSFT
2025-05-01,431.1099853515625,436.989990234375,424.8999938964844,425.3999938964844,423.9235534667969,58938100.0,MSFT
2025-05-01,,,,,,,MSFT
2025-05-01,,,,,,,MSFT
2025-05-01,,,,,,,MSFT
2025-05-01,,,,,,,MSFT
2025-05-01,,,,,,,MSFT
2025-05-01,,,,,,,MSFT
2025-05-01,,,,,,,MSFT
2025-05-01,,,,,,,NFLX
2025-05-01,,,,,,,NFLX
2025-05-01,,,,,,,NFLX
2025-05-01,,,,,,,NFLX
2025-05-01,,,,,,,NFLX
2025-05-01,,,,,,,NFLX
2025-05-01,,,,,,,NFLX
2025-05-01,,,,,,,NFLX
2025-05-01,,,,,,,NFLX
2025-05-01,,,,,,,NFLX
2025-05-01,,,,,,,NFLX
2025-05-01,,,,,,,NFLX
2025-05-01,,,,,,,NFLX
2025-05-01,1122.52001953125,1142.4200439453125,1111.8299560546875,1133.469970703125,1133.469970703125,3499500.0,NFLX
2025-05-01,,,,,,,NFLX
2025-05-01,,,,,,,NFLX
2025-05-01,,,,,,,NFLX
2025-05-01,,,,,,,NFLX
2025-05-01,,,,,,,NFLX
2025-05-01,,,,,,,NFLX
2025-05-01,,,,,,,NVDA
2025-05-01,,,,,,,NVDA
2025-05-01,,,,,,,NVDA
2025-05-01,,,,,,,NVDA
2025-05-01,,,,,,,NVDA
2025-05-01,,,,,,,NVDA
2025-05-01,,,,,,,NVDA
2025-05-01,,,,,,,NVDA
2025-05-01,,,,,,,NVDA
2025-05-01,,,,,,,NVDA
2025-05-01,,,,,,,NVDA
2025-05-01,,,,,,,NVDA
2025-05-01,,,,,,,NVDA
2025-05-01,,,,,,,NVDA
2025-05-01,113.08000183105469,114.94000244140625,111.30000305175781,111.61000061035156,111.59595489501953,236121500.0,NVDA
2025-05-01,,,,,,,NVDA
2025-05-01,,,,,,,NVDA
2025-05-01,,,,,,,NVDA
2025-05-01,,,,,,,NVDA
2025-05-01,,,,,,,NVDA
2025-05-01,,,,,,,PFE
2025-05-01,,,,,,,PFE
2025-05-01,,,,,,,PFE
2025-05-01,,,,,,,PFE
2025-05-01,,,,,,,PFE
2025-05-01,,,,,,,PFE
2025-05-01,,,,,,,PFE
2025-05-01,,,,,,,PFE
2025-05-01,,,,,,,PFE
2025-05-01,,,,,,,PFE
2025-05-01,,,,,,,PFE
2025-05-01,,,,,,,PFE
2025-05-01,,,,,,,PFE
2025-05-01,,,,,,,PFE
2025-05-01,,,,,,,PFE
2025-05-01,24.299999237060547,24.329999923706055,23.799999237060547,23.93000030517578,23.08371353149414,46891700.0,PFE
2025-05-01,,,,,,,PFE
2025-05-01,,,,,,,PFE
2025-05-01,,,,,,,PFE
2025-05-01,,,,,,,PFE
2025-05-01,,,,,,,PG
2025-05-01,,,,,,,PG
2025-05-01,,,,,,,PG
2025-05-01,,,,,,,PG
2025-05-01,,,,,,,PG
2025-05-01,,,,,,,PG
2025-05-01,,,,,,,PG
2025-05-01,,,,,,,PG
2025-05-01,,,,,,,PG
2025-05-01,,,,,,,PG
2025-05-01,,,,,,,PG
2025-05-01,,,,,,,PG
2025-05-01,,,,,,,PG
2025-05-01,,,,,,,PG
2025-05-01,,,,,,,PG
2025-05-01,,,,,,,PG
2025-05-01,160.66000366210938,161.35000610351562,159.0500030517578,159.97999572753906,158.8933868408203,6792800.0,PG
2025-05-01,,,,,,,PG
2025-05-01,,,,,,,PG
2025-05-01,,,,,,,PG
2025-05-01,,,,,,,TSLA
2025-05-01,,,,,,,TSLA
2025-05-01,,,,,,,TSLA
2025-05-01,,,,,,,TSLA
2025-05-01,,,,,,,TSLA
2025-05-01,,,,,,,TSLA
2025-05-01,,,,,,,TSLA
2025-05-01,,,,,,,TSLA
2025-05-01,,,,,,,TSLA
2025-05-01,,,,,,,TSLA
2025-05-01,,,,,,,TSLA
2025-05-01,,,,,,,TSLA
2025-05-01,,,,,,,TSLA
2025-05-01,,,,,,,TSLA
2025-05-01,,,,,,,TSLA
2025-05-01,,,,,,,TSLA
2025-05-01,,,,,,,TSLA
2025-05-01,280.010009765625,290.8699951171875,279.80999755859375,280.5199890136719,280.5199890136719,99659000.0,TSLA
2025-05-01,,,,,,,TSLA
2025-05-01,,,,,,,TSLA
2025-05-01,,,,,,,UNH
2025-05-01,,,,,,,UNH
2025-05-01,,,,,,,UNH
2025-05-01,,,,,,,UNH
2025-05-01,,,,,,,UNH
2025-05-01,,,,,,,UNH
2025-05-01,,,,,,,UNH
2025-05-01,,,,,,,UNH
2025-05-01,,,,,,,UNH
2025-05-01,,,,,,,UNH
2025-05-01,,,,,,,UNH
2025-05-01,,,,,,,UNH
2025-05-01,,,,,,,UNH
2025-05-01,,,,,,,UNH
2025-05-01,,,,,,,UNH
2025-05-01,,,,,,,UNH
2025-05-01,,,,,,,UNH
2025-05-01,,,,,,,UNH
2025-05-01,411.32000732421875,411.989990234375,399.8599853515625,400.67999267578125,397.8556823730469,9316800.0,UNH
2025-05-01,,,,,,,UNH
2025-05-01,,,,,,,V
2025-05-01,,,,,,,V
2025-05-01,,,,,,,V
2025-05-01,,,,,,,V
2025-05-01,,,,,,,V
2025-05-01,,,,,,,V
2025-05-01,,,,,,,V
2025-05-01,,,,,,,V
2025-05-01,,,,,,,V
2025-05-01,,,,,,,V
2025-05-01,,,,,,,V
2025-05-01,,,,,,,V
2025-05-01,,,,,,,V
2025-05-01,,,,,,,V
2025-05-01,,,,,,,V
2025-05-01,,,,,,,V
2025-05-01,,,,,,,V
2025-05-01,,,,,,,V
2025-05-01,,,,,,,V
2025-05-01,345.5799865722656,345.7200012207031,340.1199951171875,342.45001220703125,341.2817077636719,5849900.0,V
2025-06-01,200.27999877929688,202.1300048828125,200.1199951171875,201.6999969482422,201.47134399414062,35423300.0,AAPL
2025-06-01,,,,,,,AAPL
2025-06-01,,,,,,,AAPL
2025-06-01,,,,,,,AAPL
2025-06-01,,,,,,,AAPL
2025-06-01,,,,,,,AAPL
2025-06-01,,,,,,,AAPL
2025-06-01,,,,,,,AAPL
2025-06-01,,,,,,,AAPL
2025-06-01,,,,,,,AAPL
2025-06-01,,,,,,,AAPL
2025-06-01,,,,,,,AAPL
2025-06-01,,,,,,,AAPL
2025-06-01,,,,,,,AAPL
2025-06-01,,,,,,,AAPL
2025-06-01,,,,,,,AAPL
2025-06-01,,,,,,,AAPL
2025-06-01,,,,,,,AAPL
2025-06-01,,,,,,,AAPL
2025-06-01,,,,,,,AAPL
2025-06-01,,,,,,,ADBE
2025-06-01,408.8800048828125,410.0,396.7300109863281,403.3999938964844,403.3999938964844,4153700.0,ADBE
2025-06-01,,,,,,,ADBE
2025-06-01,,,,,,,ADBE
2025-06-01,,,,,,,ADBE
2025-06-01,,,,,,,ADBE
2025-06-01,,,,,,,ADBE
2025-06-01,,,,,,,ADBE
2025-06-01,,,,,,,ADBE
2025-06-01,,,,,,,ADBE
2025-06-01,,,,,,,ADBE
2025-06-01,,,,,,,ADBE
2025-06-01,,,,,,,ADBE
2025-06-01,,,,,,,ADBE
2025-06-01,,,,,,,ADBE
2025-06-01,,,,,,,ADBE
2025-06-01,,,,,,,ADBE
2025-06-01,,,,,,,ADBE
2025-06-01,,,,,,,ADBE
2025-06-01,,,,,,,ADBE
2025-06-01,,,,,,,AMZN
2025-06-01,,,,,,,AMZN
2025-06-01,204.97999572753906,207.0,202.67999267578125,206.64999389648438,206.64999389648438,29113300.0,AMZN
2025-06-01,,,,,,,AMZN
2025-06-01,,,,,,,AMZN
2025-06-01,,,,,,,AMZN
2025-06-01,,,,,,,AMZN
2025-06-01,,,,,,,AMZN
2025-06-01,,,,,,,AMZN
2025-06-01,,,,,,,AMZN
2025-06-01,,,,,,,AMZN
2025-06-01,,,,,,,AMZN
2025-06-01,,,,,,,AMZN
2025-06-01,,,,,,,AMZN
2025-06-01,,,,,,,AMZN
2025-06-01,,,,,,,AMZN
2025-06-01,,,,,,,AMZN
2025-06-01,,,,,,,AMZN
2025-06-01,,,,,,,AMZN
2025-06-01,,,,,,,AMZN
2025-06-01,,,,,,,BAC
2025-06-01,,,,,,,BAC
2025-06-01,,,,,,,BAC
2025-06-01,43.880001068115234,44.150001525878906,43.36000061035156,44.08000183105469,43.57936096191406,28582600.0,BAC
2025-06-01,,,,,,,BAC
2025-06-01,,,,,,,BAC
2025-06-01,,,,,,,BAC
2025-06-01,,,,,,,BAC
2025-06-01,,,,,,,BAC
2025-06-01,,,,,,,BAC
2025-06-01,,,,,,,BAC
2025-06-01,,,,,,,BAC
2025-06-01,,,,,,,BAC
2025-06-01,,,,,,,BAC
2025-06-01,,,,,,,BAC
2025-06-01,,,,,,,BAC
2025-06-01,,,,,,,BAC
2025-06-01,,,,,,,BAC
2025-06-01,,,,,,,BAC
2025-06-01,,,,,,,BAC
2025-06-01,,,,,,,CRM
2025-06-01,,,,,,,CRM
2025-06-01,,,,,,,CRM
2025-06-01,,,,,,,CRM
2025-06-01,263.1099853515625,263.7900085449219,259.1400146484375,261.6199951171875,261.2057800292969,9213500.0,CRM
2025-06-01,,,,,,,CRM
2025-06-01,,,,,,,CRM
2025-06-01,,,,,,,CRM
2025-06-01,,,,,,,CRM
2025-06-01,,,,,,,CRM
2025-06-01,,,,,,,CRM
2025-06-01,,,,,,,CRM
2025-06-01,,,,,,,CRM
2025-06-01,,,,,,,CRM
2025-06-01,,,,,,,CRM
2025-06-01,,,,,,,CRM
2025-06-01,,,,,,,CRM
2025-06-01,,,,,,,CRM
2025-06-01,,,,,,,CRM
2025-06-01,,,,,,,CRM
2025-06-01,,,,,,,DIS
2025-06-01,,,,,,,DIS
2025-06-01,,,,,,,DIS
2025-06-01,,,,,,,DIS
2025-06-01,,,,,,,DIS
2025-06-01,112.68000030517578,113.5999984741211,112.25,112.94999694824219,112.47037506103516,7546800.0,DIS
2025-06-01,,,,,,,DIS
2025-06-01,,,,,,,DIS
2025-06-01,,,,,,,DIS
2025-06-01,,,,,,,DIS
2025-06-01,,,,,,,DIS
2025-06-01,,,,,,,DIS
2025-06-01,,,,,,,DIS
2025-06-01,,,,,,,DIS
2025-06-01,,,,,,,DIS
2025-06-01,,,,,,,DIS
2025-06-01,,,,,,,DIS
2025-06-01,,,,,,,DIS
2025-06-01,,,,,,,DIS
2025-06-01,,,,,,,DIS
2025-06-01,,,,,,,GOOGL
2025-06-01,,,,,,,GOOGL
2025-06-01,,,,,,,GOOGL
2025-06-01,,,,,,,GOOGL
2025-06-01,,,,,,,GOOGL
2025-06-01,,,,,,,GOOGL
2025-06-01,167.83999633789062,169.8699951171875,167.38999938964844,169.02999877929688,168.6747589111328,38612300.0,GOOGL
2025-06-01,,,,,,,GOOGL
2025-06-01,,,,,,,GOOGL
2025-06-01,,,,,,,GOOGL
2025-06-01,,,,,,,GOOGL
2025-06-01,,,,,,,GOOGL
2025-06-01,,,,,,,GOOGL
2025-06-01,,,,,,,GOOGL
2025-06-01,,,,,,,GOOGL
2025-06-01,,,,,,,GOOGL
2025-06-01,,,,,,,GOOGL
2025-06-01,,,,,,,GOOGL
2025-06-01,,,,,,,GOOGL
2025-06-01,,,,,,,GOOGL
2025-06-01,,,,,,,HD
2025-06-01,,,,,,,HD
2025-06-01,,,,,,,HD
2025-06-01,,,,,,,HD
2025-06-01,,,,,,,HD
2025-06-01,,,,,,,HD
2025-06-01,,,,,,,HD
2025-06-01,365.1499938964844,368.0400085449219,361.8399963378906,367.9599914550781,363.62445068359375,2506900.0,HD
2025-06-01,,,,,,,HD
2025-06-01,,,,,,,HD
2025-06-01,,,,,,,HD
2025-06-01,,,,,,,HD
2025-06-01,,,,,,,HD
2025-06-01,,,,,,,HD
2025-06-01,,,,,,,HD
2025-06-01,,,,,,,HD
2025-06-01,,,,,,,HD
2025-06-01,,,,,,,HD
2025-06-01,,,,,,,HD
2025-06-01,,,,,,,HD
2025-06-01,,,,,,,JNJ
2025-06-01,,,,,,,JNJ
2025-06-01,,,,,,,JNJ
2025-06-01,,,,,,,JNJ
2025-06-01,,,,,,,JNJ
2025-06-01,,,,,,,JNJ
2025-06-01,,,,,,,JNJ
2025-06-01,,,,,,,JNJ
2025-06-01,154.47999572753906,155.5399932861328,152.3000030517578,155.39999389648438,154.2676544189453,6669300.0,JNJ
2025-06-01,,,,,,,JNJ
2025-06-01,,,,,,,JNJ
2025-06-01,,,,,,,JNJ
2025-06-01,,,,,,,JNJ
2025-06-01,,,,,,,JNJ
2025-06-01,,,,,,,JNJ
2025-06-01,,,,,,,JNJ
2025-06-01,,,,,,,JNJ
2025-06-01,,,,,,,JNJ
2025-06-01,,,,,,,JNJ
2025-06-01,,,,,,,JNJ
2025-06-01,,,,,,,JPM
2025-06-01,,,,,,,JPM
2025-06-01,,,,,,,JPM
2025-06-01,,,,,,,JPM
2025-06-01,,,,,,,JPM
2025-06-01,,,,,,,JPM
2025-06-01,,,,,,,JPM
2025-06-01,,,,,,,JPM
2025-06-01,,,,,,,JPM
2025-06-01,263.0199890136719,265.0299987792969,261.8999938964844,264.6600036621094,263.3910827636719,6011200.0,JPM
2025-06-01,,,,,,,JPM
2025-06-01,,,,,,,JPM
2025-06-01,,,,,,,JPM
2025-06-01,,,,,,,JPM
2025-06-01,,,,,,,JPM
2025-06-01,,,,,,,JPM
2025-06-01,,,,,,,JPM
2025-06-01,,,,,,,JPM
2025-06-01,,,,,,,JPM
2025-06-01,,,,,,,JPM
2025-06-01,,,,,,,MA
2025-06-01,,,,,,,MA
2025-06-01,,,,,,,MA
2025-06-01,,,,,,,MA
2025-06-01,,,,,,,MA
2025-06-01,,,,,,,MA
2025-06-01,,,,,,,MA
2025-06-01,,,,,,,MA
2025-06-01,,,,,,,MA
2025-06-01,,,,,,,MA
2025-06-01,580.5,581.8200073242188,574.780029296875,581.219970703125,580.4346313476562,2089100.0,MA
2025-06-01,,,,,,,MA
2025-06-01,,,,,,,MA
2025-06-01,,,,,,,MA
2025-06-01,,,,,,,MA
2025-06-01,,,,,,,MA
2025-06-01,,,,,,,MA
2025-06-01,,,,,,,MA
2025-06-01,,,,,,,MA
2025-06-01,,,,,,,MA
2025-06-01,,,,,,,META
2025-06-01,,,,,,,META
2025-06-01,,,,,,,META
2025-06-01,,,,,,,META
2025-06-01,,,,,,,META
2025-06-01,,,,,,,META
2025-06-01,,,,,,,META
2025-06-01,,,,,,,META
2025-06-01,,,,,,,META
2025-06-01,,,,,,,META
2025-06-01,,,,,,,META
2025-06-01,644.3900146484375,673.260009765625,644.260009765625,670.9000244140625,670.3842163085938,15766300.0,META
2025-06-01,,,,,,,META
2025-06-01,,,,,,,META
2025-06-01,,,,,,,META
2025-06-01,,,,,,,META
2025-06-01,,,,,,,META
2025-06-01,,,,,,,META
2025-06-01,,,,,,,META
2025-06-01,,,,,,,META
2025-06-01,,,,,,,MSFT
2025-06-01,,,,,,,MSFT
2025-06-01,,,,,,,MSFT
2025-06-01,,,,,,,MSFT
2025-06-01,,,,,,,MSFT
2025-06-01,,,,,,,MSFT
2025-06-01,,,,,,,MSFT
2025-06-01,,,,,,,MSFT
2025-06-01,,,,,,,MSFT
2025-06-01,,,,,,,MSFT
2025-06-01,,,,,,,MSFT
2025-06-01,,,,,,,MSFT
2025-06-01,457.1400146484375,462.1099853515625,456.8900146484375,461.9700012207031,461.2118225097656,16626500.0,MSFT
2025-06-01,,,,,,,MSFT
2025-06-01,,,,,,,MSFT
2025-06-01,,,,,,,MSFT
2025-06-01,,,,,,,MSFT
2025-06-01,,,,,,,MSFT
2025-06-01,,,,,,,MSFT
2025-06-01,,,,,,,MSFT
2025-06-01,,,,,,,NFLX
2025-06-01,,,,,,,NFLX
2025-06-01,,,,,,,NFLX
2025-06-01,,,,,,,NFLX
2025-06-01,,,,,,,NFLX
2025-06-01,,,,,,,NFLX
2025-06-01,,,,,,,NFLX
2025-06-01,,,,,,,NFLX
2025-06-01,,,,,,,NFLX
2025-06-01,,,,,,,NFLX
2025-06-01,,,,,,,NFLX
2025-06-01,,,,,,,NFLX
2025-06-01,,,,,,,NFLX
2025-06-01,1201.199951171875,1219.4000244140625,1196.25,1218.97998046875,1218.97998046875,2294200.0,NFLX
2025-06-01,,,,,,,NFLX
2025-06-01,,,,,,,NFLX
2025-06-01,,,,,,,NFLX
2025-06-01,,,,,,,NFLX
2025-06-01,,,,,,,NFLX
2025-06-01,,,,,,,NFLX
2025-06-01,,,,,,,NVDA
2025-06-01,,,,,,,NVDA
2025-06-01,,,,,,,NVDA
2025-06-01,,,,,,,NVDA
2025-06-01,,,,,,,NVDA
2025-06-01,,,,,,,NVDA
2025-06-01,,,,,,,NVDA
2025-06-01,,,,,,,NVDA
2025-06-01,,,,,,,NVDA
2025-06-01,,,,,,,NVDA
2025-06-01,,,,,,,NVDA
2025-06-01,,,,,,,NVDA
2025-06-01,,,,,,,NVDA
2025-06-01,,,,,,,NVDA
2025-06-01,135.49000549316406,138.1199951171875,135.39999389648438,137.3800048828125,137.3627166748047,197663100.0,NVDA
2025-06-01,,,,,,,NVDA
2025-06-01,,,,,,,NVDA
2025-06-01,,,,,,,NVDA
2025-06-01,,,,,,,NVDA
2025-06-01,,,,,,,NVDA
2025-06-01,,,,,,,PFE
2025-06-01,,,,,,,PFE
2025-06-01,,,,,,,PFE
2025-06-01,,,,,,,PFE
2025-06-01,,,,,,,PFE
2025-06-01,,,,,,,PFE
2025-06-01,,,,,,,PFE
2025-06-01,,,,,,,PFE
2025-06-01,,,,,,,PFE
2025-06-01,,,,,,,PFE
2025-06-01,,,,,,,PFE
2025-06-01,,,,,,,PFE
2025-06-01,,,,,,,PFE
2025-06-01,,,,,,,PFE
2025-06-01,,,,,,,PFE
2025-06-01,23.540000915527344,23.559999465942383,23.219999313354492,23.459999084472656,23.062057495117188,30443900.0,PFE
2025-06-01,,,,,,,PFE
2025-06-01,,,,,,,PFE
2025-06-01,,,,,,,PFE
2025-06-01,,,,,,,PFE
2025-06-01,,,,,,,PG
2025-06-01,,,,,,,PG
2025-06-01,,,,,,,PG
2025-06-01,,,,,,,PG
2025-06-01,,,,,,,PG
2025-06-01,,,,,,,PG
2025-06-01,,,,,,,PG
2025-06-01,,,,,,,PG
2025-06-01,,,,,,,PG
2025-06-01,,,,,,,PG
2025-06-01,,,,,,,PG
2025-06-01,,,,,,,PG
2025-06-01,,,,,,,PG
2025-06-01,,,,,,,PG
2025-06-01,,,,,,,PG
2025-06-01,,,,,,,PG
2025-06-01,169.02000427246094,169.0399932861328,166.22999572753906,167.77999877929688,166.64041137695312,7574400.0,PG
2025-06-01,,,,,,,PG
2025-06-01,,,,,,,PG
2025-06-01,,,,,,,PG
2025-06-01,,,,,,,TSLA
2025-06-01,,,,,,,TSLA
2025-06-01,,,,,,,TSLA
2025-06-01,,,,,,,TSLA
2025-06-01,,,,,,,TSLA
2025-06-01,,,,,,,TSLA
2025-06-01,,,,,,,TSLA
2025-06-01,,,,,,,TSLA
2025-06-01,,,,,,,TSLA
2025-06-01,,,,,,,TSLA
2025-06-01,,,,,,,TSLA
2025-06-01,,,,,,,TSLA
2025-06-01,,,,,,,TSLA
2025-06-01,,,,,,,TSLA
2025-06-01,,,,,,,TSLA
2025-06-01,,,,,,,TSLA
2025-06-01,,,,,,,TSLA
2025-06-01,343.5,348.0199890136719,333.3299865722656,342.69000244140625,342.69000244140625,81873800.0,TSLA
2025-06-01,,,,,,,TSLA
2025-06-01,,,,,,,TSLA
2025-06-01,,,,,,,UNH
2025-06-01,,,,,,,UNH
2025-06-01,,,,,,,UNH
2025-06-01,,,,,,,UNH
2025-06-01,,,,,,,UNH
2025-06-01,,,,,,,UNH
2025-06-01,,,,,,,UNH
2025-06-01,,,,,,,UNH
2025-06-01,,,,,,,UNH
2025-06-01,,,,,,,UNH
2025-06-01,,,,,,,UNH
2025-06-01,,,,,,,UNH
2025-06-01,,,,,,,UNH
2025-06-01,,,,,,,UNH
2025-06-01,,,,,,,UNH
2025-06-01,,,,,,,UNH
2025-06-01,,,,,,,UNH
2025-06-01,,,,,,,UNH
2025-06-01,303.1199951171875,313.54998779296875,300.9700012207031,304.7200012207031,302.57208251953125,19074400.0,UNH
2025-06-01,,,,,,,UNH
2025-06-01,,,,,,,V
2025-06-01,,,,,,,V
2025-06-01,,,,,,,V
2025-06-01,,,,,,,V
2025-06-01,,,,,,,V
2025-06-01,,,,,,,V
2025-06-01,,,,,,,V
2025-06-01,,,,,,,V
2025-06-01,,,,,,,V
2025-06-01,,,,,,,V
2025-06-01,,,,,,,V
2025-06-01,,,,,,,V
2025-06-01,,,,,,,V
2025-06-01,,,,,,,V
2025-06-01,,,,,,,V
2025-06-01,,,,,,,V
2025-06-01,,,,,,,V
2025-06-01,,,,,,,V
2025-06-01,,,,,,,V
2025-06-01,362.7699890136719,365.4599914550781,359.9599914550781,365.32000732421875,364.6783142089844,3845700.0,V
