keyword,type,theme
Independent living Hidalgo County,initial,seed
Shared housing Hidalgo TX,initial,seed
Group homes McAllen,initial,seed
Transitional housing Edinburg TX,initial,seed
Supportive living Mission TX,initial,seed
Roommate matching for adults Pharr TX,initial,seed
Affordable group homes Hidalgo County,initial,seed
Adult shared housing Weslaco TX,initial,seed
Cooperative living homes Donna Texas,initial,seed
Supportive housing services Hidalgo County,initial,seed
Nonprofit senior housing McAllen TX,initial,seed
Disability housing resources Hidalgo TX,initial,seed
CHPD Alamo,suggested,regulatory
CHPD Alton,suggested,regulatory
CHPD Donna,suggested,regulatory
CHPD Edinburg,suggested,regulatory
CHPD Hidalgo,suggested,regulatory
CHPD Hidalgo County,suggested,regulatory
CHPD La Joya,suggested,regulatory
CHPD McAllen,suggested,regulatory
CHPD Mercedes,suggested,regulatory
CHPD Mission,suggested,regulatory
CHPD Palmview,suggested,regulatory
CHPD Peñitas,suggested,regulatory
CHPD Pharr,suggested,regulatory
CHPD Progreso,suggested,regulatory
CHPD San Juan,suggested,regulatory
CHPD Weslaco,suggested,regulatory
Fair Housing shared Alamo,suggested,regulatory
Fair Housing shared Alton,suggested,regulatory
Fair Housing shared Donna,suggested,regulatory
Fair Housing shared Edinburg,suggested,regulatory
Fair Housing shared Hidalgo,suggested,regulatory
Fair Housing shared Hidalgo County,suggested,regulatory
Fair Housing shared La Joya,suggested,regulatory
Fair Housing shared McAllen,suggested,regulatory
Fair Housing shared Mercedes,suggested,regulatory
Fair Housing shared Mission,suggested,regulatory
Fair Housing shared Palmview,suggested,regulatory
Fair Housing shared Peñitas,suggested,regulatory
Fair Housing shared Pharr,suggested,regulatory
Fair Housing shared Progreso,suggested,regulatory
Fair Housing shared San Juan,suggested,regulatory
Fair Housing shared Weslaco,suggested,regulatory
HUD housing shared Alamo,suggested,regulatory
HUD housing shared Alton,suggested,regulatory
HUD housing shared Donna,suggested,regulatory
HUD housing shared Edinburg,suggested,regulatory
HUD housing shared Hidalgo,suggested,regulatory
HUD housing shared Hidalgo County,suggested,regulatory
HUD housing shared La Joya,suggested,regulatory
HUD housing shared McAllen,suggested,regulatory
HUD housing shared Mercedes,suggested,regulatory
HUD housing shared Mission,suggested,regulatory
HUD housing shared Palmview,suggested,regulatory
HUD housing shared Peñitas,suggested,regulatory
HUD housing shared Pharr,suggested,regulatory
HUD housing shared Progreso,suggested,regulatory
HUD housing shared San Juan,suggested,regulatory
HUD housing shared Weslaco,suggested,regulatory
Section 8 shared housing Alamo,suggested,regulatory
Section 8 shared housing Alton,suggested,regulatory
Section 8 shared housing Donna,suggested,regulatory
Section 8 shared housing Edinburg,suggested,regulatory
Section 8 shared housing Hidalgo,suggested,regulatory
Section 8 shared housing Hidalgo County,suggested,regulatory
Section 8 shared housing La Joya,suggested,regulatory
Section 8 shared housing McAllen,suggested,regulatory
Section 8 shared housing Mercedes,suggested,regulatory
Section 8 shared housing Mission,suggested,regulatory
Section 8 shared housing Palmview,suggested,regulatory
Section 8 shared housing Peñitas,suggested,regulatory
Section 8 shared housing Pharr,suggested,regulatory
Section 8 shared housing Progreso,suggested,regulatory
Section 8 shared housing San Juan,suggested,regulatory
Section 8 shared housing Weslaco,suggested,regulatory
Texas independent living homes Alamo,suggested,regulatory
Texas independent living homes Alton,suggested,regulatory
Texas independent living homes Donna,suggested,regulatory
Texas independent living homes Edinburg,suggested,regulatory
Texas independent living homes Hidalgo,suggested,regulatory
Texas independent living homes Hidalgo County,suggested,regulatory
Texas independent living homes La Joya,suggested,regulatory
Texas independent living homes McAllen,suggested,regulatory
Texas independent living homes Mercedes,suggested,regulatory
Texas independent living homes Mission,suggested,regulatory
Texas independent living homes Palmview,suggested,regulatory
Texas independent living homes Peñitas,suggested,regulatory
Texas independent living homes Pharr,suggested,regulatory
Texas independent living homes Progreso,suggested,regulatory
Texas independent living homes San Juan,suggested,regulatory
Texas independent living homes Weslaco,suggested,regulatory
Texas shared living homes Alamo,suggested,regulatory
Texas shared living homes Alton,suggested,regulatory
Texas shared living homes Donna,suggested,regulatory
Texas shared living homes Edinburg,suggested,regulatory
Texas shared living homes Hidalgo,suggested,regulatory
Texas shared living homes Hidalgo County,suggested,regulatory
Texas shared living homes La Joya,suggested,regulatory
Texas shared living homes McAllen,suggested,regulatory
Texas shared living homes Mercedes,suggested,regulatory
Texas shared living homes Mission,suggested,regulatory
Texas shared living homes Palmview,suggested,regulatory
Texas shared living homes Peñitas,suggested,regulatory
Texas shared living homes Pharr,suggested,regulatory
Texas shared living homes Progreso,suggested,regulatory
Texas shared living homes San Juan,suggested,regulatory
Texas shared living homes Weslaco,suggested,regulatory
adult shared housing Alamo,suggested,phrases
adult shared housing Alton,suggested,phrases
adult shared housing Donna,suggested,phrases
adult shared housing Edinburg,suggested,phrases
adult shared housing Hidalgo,suggested,phrases
adult shared housing Hidalgo County,suggested,phrases
adult shared housing Hidalgo County TX,suggested,phrases
adult shared housing Hidalgo TX,suggested,phrases
adult shared housing La Joya,suggested,phrases
adult shared housing McAllen,suggested,phrases
adult shared housing Mercedes,suggested,phrases
adult shared housing Mission,suggested,phrases
adult shared housing Palmview,suggested,phrases
adult shared housing Peñitas,suggested,phrases
adult shared housing Pharr,suggested,phrases
adult shared housing Progreso,suggested,phrases
adult shared housing San Juan,suggested,phrases
adult shared housing TX,suggested,phrases
adult shared housing Texas,suggested,phrases
adult shared housing Weslaco,suggested,phrases
adult shared housing affordable Alamo,suggested,services
adult shared housing affordable Alton,suggested,services
adult shared housing affordable Donna,suggested,services
adult shared housing affordable Edinburg,suggested,services
adult shared housing affordable Hidalgo,suggested,services
adult shared housing affordable Hidalgo County,suggested,services
adult shared housing affordable La Joya,suggested,services
adult shared housing affordable McAllen,suggested,services
adult shared housing affordable Mercedes,suggested,services
adult shared housing affordable Mission,suggested,services
adult shared housing affordable Palmview,suggested,services
adult shared housing affordable Peñitas,suggested,services
adult shared housing affordable Pharr,suggested,services
adult shared housing affordable Progreso,suggested,services
adult shared housing affordable San Juan,suggested,services
adult shared housing affordable Weslaco,suggested,services
adult shared housing community-based Alamo,suggested,services
adult shared housing community-based Alton,suggested,services
adult shared housing community-based Donna,suggested,services
adult shared housing community-based Edinburg,suggested,services
adult shared housing community-based Hidalgo,suggested,services
adult shared housing community-based Hidalgo County,suggested,services
adult shared housing community-based La Joya,suggested,services
adult shared housing community-based McAllen,suggested,services
adult shared housing community-based Mercedes,suggested,services
adult shared housing community-based Mission,suggested,services
adult shared housing community-based Palmview,suggested,services
adult shared housing community-based Peñitas,suggested,services
adult shared housing community-based Pharr,suggested,services
adult shared housing community-based Progreso,suggested,services
adult shared housing community-based San Juan,suggested,services
adult shared housing community-based Weslaco,suggested,services
adult shared housing faith-based Alamo,suggested,services
adult shared housing faith-based Alton,suggested,services
adult shared housing faith-based Donna,suggested,services
adult shared housing faith-based Edinburg,suggested,services
adult shared housing faith-based Hidalgo,suggested,services
adult shared housing faith-based Hidalgo County,suggested,services
adult shared housing faith-based La Joya,suggested,services
adult shared housing faith-based McAllen,suggested,services
adult shared housing faith-based Mercedes,suggested,services
adult shared housing faith-based Mission,suggested,services
adult shared housing faith-based Palmview,suggested,services
adult shared housing faith-based Peñitas,suggested,services
adult shared housing faith-based Pharr,suggested,services
adult shared housing faith-based Progreso,suggested,services
adult shared housing faith-based San Juan,suggested,services
adult shared housing faith-based Weslaco,suggested,services
adult shared housing for adults Alamo,suggested,services
adult shared housing for adults Alton,suggested,services
adult shared housing for adults Donna,suggested,services
adult shared housing for adults Edinburg,suggested,services
adult shared housing for adults Hidalgo,suggested,services
adult shared housing for adults Hidalgo County,suggested,services
adult shared housing for adults La Joya,suggested,services
adult shared housing for adults McAllen,suggested,services
adult shared housing for adults Mercedes,suggested,services
adult shared housing for adults Mission,suggested,services
adult shared housing for adults Palmview,suggested,services
adult shared housing for adults Peñitas,suggested,services
adult shared housing for adults Pharr,suggested,services
adult shared housing for adults Progreso,suggested,services
adult shared housing for adults San Juan,suggested,services
adult shared housing for adults Weslaco,suggested,services
adult shared housing for autistic adults Alamo,suggested,services
adult shared housing for autistic adults Alton,suggested,services
adult shared housing for autistic adults Donna,suggested,services
adult shared housing for autistic adults Edinburg,suggested,services
adult shared housing for autistic adults Hidalgo,suggested,services
adult shared housing for autistic adults Hidalgo County,suggested,services
adult shared housing for autistic adults La Joya,suggested,services
adult shared housing for autistic adults McAllen,suggested,services
adult shared housing for autistic adults Mercedes,suggested,services
adult shared housing for autistic adults Mission,suggested,services
adult shared housing for autistic adults Palmview,suggested,services
adult shared housing for autistic adults Peñitas,suggested,services
adult shared housing for autistic adults Pharr,suggested,services
adult shared housing for autistic adults Progreso,suggested,services
adult shared housing for autistic adults San Juan,suggested,services
adult shared housing for autistic adults Weslaco,suggested,services
adult shared housing for individuals Alamo,suggested,services
adult shared housing for individuals Alton,suggested,services
adult shared housing for individuals Donna,suggested,services
adult shared housing for individuals Edinburg,suggested,services
adult shared housing for individuals Hidalgo,suggested,services
adult shared housing for individuals Hidalgo County,suggested,services
adult shared housing for individuals La Joya,suggested,services
adult shared housing for individuals McAllen,suggested,services
adult shared housing for individuals Mercedes,suggested,services
adult shared housing for individuals Mission,suggested,services
adult shared housing for individuals Palmview,suggested,services
adult shared housing for individuals Peñitas,suggested,services
adult shared housing for individuals Pharr,suggested,services
adult shared housing for individuals Progreso,suggested,services
adult shared housing for individuals San Juan,suggested,services
adult shared housing for individuals Weslaco,suggested,services
adult shared housing for neurodivergent adults Alamo,suggested,services
adult shared housing for neurodivergent adults Alton,suggested,services
adult shared housing for neurodivergent adults Donna,suggested,services
adult shared housing for neurodivergent adults Edinburg,suggested,services
adult shared housing for neurodivergent adults Hidalgo,suggested,services
adult shared housing for neurodivergent adults Hidalgo County,suggested,services
adult shared housing for neurodivergent adults La Joya,suggested,services
adult shared housing for neurodivergent adults McAllen,suggested,services
adult shared housing for neurodivergent adults Mercedes,suggested,services
adult shared housing for neurodivergent adults Mission,suggested,services
adult shared housing for neurodivergent adults Palmview,suggested,services
adult shared housing for neurodivergent adults Peñitas,suggested,services
adult shared housing for neurodivergent adults Pharr,suggested,services
adult shared housing for neurodivergent adults Progreso,suggested,services
adult shared housing for neurodivergent adults San Juan,suggested,services
adult shared housing for neurodivergent adults Weslaco,suggested,services
adult shared housing for people with disabilities Alamo,suggested,services
adult shared housing for people with disabilities Alton,suggested,services
adult shared housing for people with disabilities Donna,suggested,services
adult shared housing for people with disabilities Edinburg,suggested,services
adult shared housing for people with disabilities Hidalgo,suggested,services
adult shared housing for people with disabilities Hidalgo County,suggested,services
adult shared housing for people with disabilities La Joya,suggested,services
adult shared housing for people with disabilities McAllen,suggested,services
adult shared housing for people with disabilities Mercedes,suggested,services
adult shared housing for people with disabilities Mission,suggested,services
adult shared housing for people with disabilities Palmview,suggested,services
adult shared housing for people with disabilities Peñitas,suggested,services
adult shared housing for people with disabilities Pharr,suggested,services
adult shared housing for people with disabilities Progreso,suggested,services
adult shared housing for people with disabilities San Juan,suggested,services
adult shared housing for people with disabilities Weslaco,suggested,services
adult shared housing for seniors Alamo,suggested,services
adult shared housing for seniors Alton,suggested,services
adult shared housing for seniors Donna,suggested,services
adult shared housing for seniors Edinburg,suggested,services
adult shared housing for seniors Hidalgo,suggested,services
adult shared housing for seniors Hidalgo County,suggested,services
adult shared housing for seniors La Joya,suggested,services
adult shared housing for seniors McAllen,suggested,services
adult shared housing for seniors Mercedes,suggested,services
adult shared housing for seniors Mission,suggested,services
adult shared housing for seniors Palmview,suggested,services
adult shared housing for seniors Peñitas,suggested,services
adult shared housing for seniors Pharr,suggested,services
adult shared housing for seniors Progreso,suggested,services
adult shared housing for seniors San Juan,suggested,services
adult shared housing for seniors Weslaco,suggested,services
adult shared housing for young adults Alamo,suggested,services
adult shared housing for young adults Alton,suggested,services
adult shared housing for young adults Donna,suggested,services
adult shared housing for young adults Edinburg,suggested,services
adult shared housing for young adults Hidalgo,suggested,services
adult shared housing for young adults Hidalgo County,suggested,services
adult shared housing for young adults La Joya,suggested,services
adult shared housing for young adults McAllen,suggested,services
adult shared housing for young adults Mercedes,suggested,services
adult shared housing for young adults Mission,suggested,services
adult shared housing for young adults Palmview,suggested,services
adult shared housing for young adults Peñitas,suggested,services
adult shared housing for young adults Pharr,suggested,services
adult shared housing for young adults Progreso,suggested,services
adult shared housing for young adults San Juan,suggested,services
adult shared housing for young adults Weslaco,suggested,services
adult shared housing in Alamo,suggested,phrases
adult shared housing in Alton,suggested,phrases
adult shared housing in Donna,suggested,phrases
adult shared housing in Edinburg,suggested,phrases
adult shared housing in Hidalgo,suggested,phrases
adult shared housing in Hidalgo County,suggested,phrases
adult shared housing in La Joya,suggested,phrases
adult shared housing in McAllen,suggested,phrases
adult shared housing in Mercedes,suggested,phrases
adult shared housing in Mission,suggested,phrases
adult shared housing in Palmview,suggested,phrases
adult shared housing in Peñitas,suggested,phrases
adult shared housing in Pharr,suggested,phrases
adult shared housing in Progreso,suggested,phrases
adult shared housing in San Juan,suggested,phrases
adult shared housing in Weslaco,suggested,phrases
adult shared housing low-income Alamo,suggested,services
adult shared housing low-income Alton,suggested,services
adult shared housing low-income Donna,suggested,services
adult shared housing low-income Edinburg,suggested,services
adult shared housing low-income Hidalgo,suggested,services
adult shared housing low-income Hidalgo County,suggested,services
adult shared housing low-income La Joya,suggested,services
adult shared housing low-income McAllen,suggested,services
adult shared housing low-income Mercedes,suggested,services
adult shared housing low-income Mission,suggested,services
adult shared housing low-income Palmview,suggested,services
adult shared housing low-income Peñitas,suggested,services
adult shared housing low-income Pharr,suggested,services
adult shared housing low-income Progreso,suggested,services
adult shared housing low-income San Juan,suggested,services
adult shared housing low-income Weslaco,suggested,services
adult shared housing near me,suggested,phrases
adult shared housing nonprofit Alamo,suggested,services
adult shared housing nonprofit Alton,suggested,services
adult shared housing nonprofit Donna,suggested,services
adult shared housing nonprofit Edinburg,suggested,services
adult shared housing nonprofit Hidalgo,suggested,services
adult shared housing nonprofit Hidalgo County,suggested,services
adult shared housing nonprofit La Joya,suggested,services
adult shared housing nonprofit McAllen,suggested,services
adult shared housing nonprofit Mercedes,suggested,services
adult shared housing nonprofit Mission,suggested,services
adult shared housing nonprofit Palmview,suggested,services
adult shared housing nonprofit Peñitas,suggested,services
adult shared housing nonprofit Pharr,suggested,services
adult shared housing nonprofit Progreso,suggested,services
adult shared housing nonprofit San Juan,suggested,services
adult shared housing nonprofit Weslaco,suggested,services
affordable group homes Alamo,suggested,services
affordable group homes Alton,suggested,services
affordable group homes Donna,suggested,services
affordable group homes Edinburg,suggested,services
affordable group homes Hidalgo,suggested,services
affordable group homes Hidalgo County TX,suggested,services
affordable group homes Hidalgo TX,suggested,services
affordable group homes La Joya,suggested,services
affordable group homes McAllen,suggested,services
affordable group homes Mercedes,suggested,services
affordable group homes Mission,suggested,services
affordable group homes Palmview,suggested,services
affordable group homes Peñitas,suggested,services
affordable group homes Pharr,suggested,services
affordable group homes Progreso,suggested,services
affordable group homes San Juan,suggested,services
affordable group homes TX,suggested,services
affordable group homes Texas,suggested,services
affordable group homes Weslaco,suggested,services
affordable group homes affordable Alamo,suggested,services
affordable group homes affordable Alton,suggested,services
affordable group homes affordable Donna,suggested,services
affordable group homes affordable Edinburg,suggested,services
affordable group homes affordable Hidalgo,suggested,services
affordable group homes affordable Hidalgo County,suggested,services
affordable group homes affordable La Joya,suggested,services
affordable group homes affordable McAllen,suggested,services
affordable group homes affordable Mercedes,suggested,services
affordable group homes affordable Mission,suggested,services
affordable group homes affordable Palmview,suggested,services
affordable group homes affordable Peñitas,suggested,services
affordable group homes affordable Pharr,suggested,services
affordable group homes affordable Progreso,suggested,services
affordable group homes affordable San Juan,suggested,services
affordable group homes affordable Weslaco,suggested,services
affordable group homes community-based Alamo,suggested,services
affordable group homes community-based Alton,suggested,services
affordable group homes community-based Donna,suggested,services
affordable group homes community-based Edinburg,suggested,services
affordable group homes community-based Hidalgo,suggested,services
affordable group homes community-based Hidalgo County,suggested,services
affordable group homes community-based La Joya,suggested,services
affordable group homes community-based McAllen,suggested,services
affordable group homes community-based Mercedes,suggested,services
affordable group homes community-based Mission,suggested,services
affordable group homes community-based Palmview,suggested,services
affordable group homes community-based Peñitas,suggested,services
affordable group homes community-based Pharr,suggested,services
affordable group homes community-based Progreso,suggested,services
affordable group homes community-based San Juan,suggested,services
affordable group homes community-based Weslaco,suggested,services
affordable group homes faith-based Alamo,suggested,services
affordable group homes faith-based Alton,suggested,services
affordable group homes faith-based Donna,suggested,services
affordable group homes faith-based Edinburg,suggested,services
affordable group homes faith-based Hidalgo,suggested,services
affordable group homes faith-based Hidalgo County,suggested,services
affordable group homes faith-based La Joya,suggested,services
affordable group homes faith-based McAllen,suggested,services
affordable group homes faith-based Mercedes,suggested,services
affordable group homes faith-based Mission,suggested,services
affordable group homes faith-based Palmview,suggested,services
affordable group homes faith-based Peñitas,suggested,services
affordable group homes faith-based Pharr,suggested,services
affordable group homes faith-based Progreso,suggested,services
affordable group homes faith-based San Juan,suggested,services
affordable group homes faith-based Weslaco,suggested,services
affordable group homes for adults Alamo,suggested,services
affordable group homes for adults Alton,suggested,services
affordable group homes for adults Donna,suggested,services
affordable group homes for adults Edinburg,suggested,services
affordable group homes for adults Hidalgo,suggested,services
affordable group homes for adults Hidalgo County,suggested,services
affordable group homes for adults La Joya,suggested,services
affordable group homes for adults McAllen,suggested,services
affordable group homes for adults Mercedes,suggested,services
affordable group homes for adults Mission,suggested,services
affordable group homes for adults Palmview,suggested,services
affordable group homes for adults Peñitas,suggested,services
affordable group homes for adults Pharr,suggested,services
affordable group homes for adults Progreso,suggested,services
affordable group homes for adults San Juan,suggested,services
affordable group homes for adults Weslaco,suggested,services
affordable group homes for autistic adults Alamo,suggested,services
affordable group homes for autistic adults Alton,suggested,services
affordable group homes for autistic adults Donna,suggested,services
affordable group homes for autistic adults Edinburg,suggested,services
affordable group homes for autistic adults Hidalgo,suggested,services
affordable group homes for autistic adults Hidalgo County,suggested,services
affordable group homes for autistic adults La Joya,suggested,services
affordable group homes for autistic adults McAllen,suggested,services
affordable group homes for autistic adults Mercedes,suggested,services
affordable group homes for autistic adults Mission,suggested,services
affordable group homes for autistic adults Palmview,suggested,services
affordable group homes for autistic adults Peñitas,suggested,services
affordable group homes for autistic adults Pharr,suggested,services
affordable group homes for autistic adults Progreso,suggested,services
affordable group homes for autistic adults San Juan,suggested,services
affordable group homes for autistic adults Weslaco,suggested,services
affordable group homes for individuals Alamo,suggested,services
affordable group homes for individuals Alton,suggested,services
affordable group homes for individuals Donna,suggested,services
affordable group homes for individuals Edinburg,suggested,services
affordable group homes for individuals Hidalgo,suggested,services
affordable group homes for individuals Hidalgo County,suggested,services
affordable group homes for individuals La Joya,suggested,services
affordable group homes for individuals McAllen,suggested,services
affordable group homes for individuals Mercedes,suggested,services
affordable group homes for individuals Mission,suggested,services
affordable group homes for individuals Palmview,suggested,services
affordable group homes for individuals Peñitas,suggested,services
affordable group homes for individuals Pharr,suggested,services
affordable group homes for individuals Progreso,suggested,services
affordable group homes for individuals San Juan,suggested,services
affordable group homes for individuals Weslaco,suggested,services
affordable group homes for neurodivergent adults Alamo,suggested,services
affordable group homes for neurodivergent adults Alton,suggested,services
affordable group homes for neurodivergent adults Donna,suggested,services
affordable group homes for neurodivergent adults Edinburg,suggested,services
affordable group homes for neurodivergent adults Hidalgo,suggested,services
affordable group homes for neurodivergent adults Hidalgo County,suggested,services
affordable group homes for neurodivergent adults La Joya,suggested,services
affordable group homes for neurodivergent adults McAllen,suggested,services
affordable group homes for neurodivergent adults Mercedes,suggested,services
affordable group homes for neurodivergent adults Mission,suggested,services
affordable group homes for neurodivergent adults Palmview,suggested,services
affordable group homes for neurodivergent adults Peñitas,suggested,services
affordable group homes for neurodivergent adults Pharr,suggested,services
affordable group homes for neurodivergent adults Progreso,suggested,services
affordable group homes for neurodivergent adults San Juan,suggested,services
affordable group homes for neurodivergent adults Weslaco,suggested,services
affordable group homes for people with disabilities Alamo,suggested,services
affordable group homes for people with disabilities Alton,suggested,services
affordable group homes for people with disabilities Donna,suggested,services
affordable group homes for people with disabilities Edinburg,suggested,services
affordable group homes for people with disabilities Hidalgo,suggested,services
affordable group homes for people with disabilities Hidalgo County,suggested,services
affordable group homes for people with disabilities La Joya,suggested,services
affordable group homes for people with disabilities McAllen,suggested,services
affordable group homes for people with disabilities Mercedes,suggested,services
affordable group homes for people with disabilities Mission,suggested,services
affordable group homes for people with disabilities Palmview,suggested,services
affordable group homes for people with disabilities Peñitas,suggested,services
affordable group homes for people with disabilities Pharr,suggested,services
affordable group homes for people with disabilities Progreso,suggested,services
affordable group homes for people with disabilities San Juan,suggested,services
affordable group homes for people with disabilities Weslaco,suggested,services
affordable group homes for seniors Alamo,suggested,services
affordable group homes for seniors Alton,suggested,services
affordable group homes for seniors Donna,suggested,services
affordable group homes for seniors Edinburg,suggested,services
affordable group homes for seniors Hidalgo,suggested,services
affordable group homes for seniors Hidalgo County,suggested,services
affordable group homes for seniors La Joya,suggested,services
affordable group homes for seniors McAllen,suggested,services
affordable group homes for seniors Mercedes,suggested,services
affordable group homes for seniors Mission,suggested,services
affordable group homes for seniors Palmview,suggested,services
affordable group homes for seniors Peñitas,suggested,services
affordable group homes for seniors Pharr,suggested,services
affordable group homes for seniors Progreso,suggested,services
affordable group homes for seniors San Juan,suggested,services
affordable group homes for seniors Weslaco,suggested,services
affordable group homes for young adults Alamo,suggested,services
affordable group homes for young adults Alton,suggested,services
affordable group homes for young adults Donna,suggested,services
affordable group homes for young adults Edinburg,suggested,services
affordable group homes for young adults Hidalgo,suggested,services
affordable group homes for young adults Hidalgo County,suggested,services
affordable group homes for young adults La Joya,suggested,services
affordable group homes for young adults McAllen,suggested,services
affordable group homes for young adults Mercedes,suggested,services
affordable group homes for young adults Mission,suggested,services
affordable group homes for young adults Palmview,suggested,services
affordable group homes for young adults Peñitas,suggested,services
affordable group homes for young adults Pharr,suggested,services
affordable group homes for young adults Progreso,suggested,services
affordable group homes for young adults San Juan,suggested,services
affordable group homes for young adults Weslaco,suggested,services
affordable group homes in Alamo,suggested,services
affordable group homes in Alton,suggested,services
affordable group homes in Donna,suggested,services
affordable group homes in Edinburg,suggested,services
affordable group homes in Hidalgo,suggested,services
affordable group homes in Hidalgo County,suggested,services
affordable group homes in La Joya,suggested,services
affordable group homes in McAllen,suggested,services
affordable group homes in Mercedes,suggested,services
affordable group homes in Mission,suggested,services
affordable group homes in Palmview,suggested,services
affordable group homes in Peñitas,suggested,services
affordable group homes in Pharr,suggested,services
affordable group homes in Progreso,suggested,services
affordable group homes in San Juan,suggested,services
affordable group homes in Weslaco,suggested,services
affordable group homes low-income Alamo,suggested,services
affordable group homes low-income Alton,suggested,services
affordable group homes low-income Donna,suggested,services
affordable group homes low-income Edinburg,suggested,services
affordable group homes low-income Hidalgo,suggested,services
affordable group homes low-income Hidalgo County,suggested,services
affordable group homes low-income La Joya,suggested,services
affordable group homes low-income McAllen,suggested,services
affordable group homes low-income Mercedes,suggested,services
affordable group homes low-income Mission,suggested,services
affordable group homes low-income Palmview,suggested,services
affordable group homes low-income Peñitas,suggested,services
affordable group homes low-income Pharr,suggested,services
affordable group homes low-income Progreso,suggested,services
affordable group homes low-income San Juan,suggested,services
affordable group homes low-income Weslaco,suggested,services
affordable group homes near me,suggested,services
affordable group homes nonprofit Alamo,suggested,services
affordable group homes nonprofit Alton,suggested,services
affordable group homes nonprofit Donna,suggested,services
affordable group homes nonprofit Edinburg,suggested,services
affordable group homes nonprofit Hidalgo,suggested,services
affordable group homes nonprofit Hidalgo County,suggested,services
affordable group homes nonprofit La Joya,suggested,services
affordable group homes nonprofit McAllen,suggested,services
affordable group homes nonprofit Mercedes,suggested,services
affordable group homes nonprofit Mission,suggested,services
affordable group homes nonprofit Palmview,suggested,services
affordable group homes nonprofit Peñitas,suggested,services
affordable group homes nonprofit Pharr,suggested,services
affordable group homes nonprofit Progreso,suggested,services
affordable group homes nonprofit San Juan,suggested,services
affordable group homes nonprofit Weslaco,suggested,services
affordable housing shared Alamo,suggested,services
affordable housing shared Alton,suggested,services
affordable housing shared Donna,suggested,services
affordable housing shared Edinburg,suggested,services
affordable housing shared Hidalgo,suggested,services
affordable housing shared Hidalgo County,suggested,services
affordable housing shared Hidalgo County TX,suggested,services
affordable housing shared Hidalgo TX,suggested,services
affordable housing shared La Joya,suggested,services
affordable housing shared McAllen,suggested,services
affordable housing shared Mercedes,suggested,services
affordable housing shared Mission,suggested,services
affordable housing shared Palmview,suggested,services
affordable housing shared Peñitas,suggested,services
affordable housing shared Pharr,suggested,services
affordable housing shared Progreso,suggested,services
affordable housing shared San Juan,suggested,services
affordable housing shared TX,suggested,services
affordable housing shared Texas,suggested,services
affordable housing shared Weslaco,suggested,services
affordable housing shared affordable Alamo,suggested,services
affordable housing shared affordable Alton,suggested,services
affordable housing shared affordable Donna,suggested,services
affordable housing shared affordable Edinburg,suggested,services
affordable housing shared affordable Hidalgo,suggested,services
affordable housing shared affordable Hidalgo County,suggested,services
affordable housing shared affordable La Joya,suggested,services
affordable housing shared affordable McAllen,suggested,services
affordable housing shared affordable Mercedes,suggested,services
affordable housing shared affordable Mission,suggested,services
affordable housing shared affordable Palmview,suggested,services
affordable housing shared affordable Peñitas,suggested,services
affordable housing shared affordable Pharr,suggested,services
affordable housing shared affordable Progreso,suggested,services
affordable housing shared affordable San Juan,suggested,services
affordable housing shared affordable Weslaco,suggested,services
affordable housing shared community-based Alamo,suggested,services
affordable housing shared community-based Alton,suggested,services
affordable housing shared community-based Donna,suggested,services
affordable housing shared community-based Edinburg,suggested,services
affordable housing shared community-based Hidalgo,suggested,services
affordable housing shared community-based Hidalgo County,suggested,services
affordable housing shared community-based La Joya,suggested,services
affordable housing shared community-based McAllen,suggested,services
affordable housing shared community-based Mercedes,suggested,services
affordable housing shared community-based Mission,suggested,services
affordable housing shared community-based Palmview,suggested,services
affordable housing shared community-based Peñitas,suggested,services
affordable housing shared community-based Pharr,suggested,services
affordable housing shared community-based Progreso,suggested,services
affordable housing shared community-based San Juan,suggested,services
affordable housing shared community-based Weslaco,suggested,services
affordable housing shared faith-based Alamo,suggested,services
affordable housing shared faith-based Alton,suggested,services
affordable housing shared faith-based Donna,suggested,services
affordable housing shared faith-based Edinburg,suggested,services
affordable housing shared faith-based Hidalgo,suggested,services
affordable housing shared faith-based Hidalgo County,suggested,services
affordable housing shared faith-based La Joya,suggested,services
affordable housing shared faith-based McAllen,suggested,services
affordable housing shared faith-based Mercedes,suggested,services
affordable housing shared faith-based Mission,suggested,services
affordable housing shared faith-based Palmview,suggested,services
affordable housing shared faith-based Peñitas,suggested,services
affordable housing shared faith-based Pharr,suggested,services
affordable housing shared faith-based Progreso,suggested,services
affordable housing shared faith-based San Juan,suggested,services
affordable housing shared faith-based Weslaco,suggested,services
affordable housing shared for adults Alamo,suggested,services
affordable housing shared for adults Alton,suggested,services
affordable housing shared for adults Donna,suggested,services
affordable housing shared for adults Edinburg,suggested,services
affordable housing shared for adults Hidalgo,suggested,services
affordable housing shared for adults Hidalgo County,suggested,services
affordable housing shared for adults La Joya,suggested,services
affordable housing shared for adults McAllen,suggested,services
affordable housing shared for adults Mercedes,suggested,services
affordable housing shared for adults Mission,suggested,services
affordable housing shared for adults Palmview,suggested,services
affordable housing shared for adults Peñitas,suggested,services
affordable housing shared for adults Pharr,suggested,services
affordable housing shared for adults Progreso,suggested,services
affordable housing shared for adults San Juan,suggested,services
affordable housing shared for adults Weslaco,suggested,services
affordable housing shared for autistic adults Alamo,suggested,services
affordable housing shared for autistic adults Alton,suggested,services
affordable housing shared for autistic adults Donna,suggested,services
affordable housing shared for autistic adults Edinburg,suggested,services
affordable housing shared for autistic adults Hidalgo,suggested,services
affordable housing shared for autistic adults Hidalgo County,suggested,services
affordable housing shared for autistic adults La Joya,suggested,services
affordable housing shared for autistic adults McAllen,suggested,services
affordable housing shared for autistic adults Mercedes,suggested,services
affordable housing shared for autistic adults Mission,suggested,services
affordable housing shared for autistic adults Palmview,suggested,services
affordable housing shared for autistic adults Peñitas,suggested,services
affordable housing shared for autistic adults Pharr,suggested,services
affordable housing shared for autistic adults Progreso,suggested,services
affordable housing shared for autistic adults San Juan,suggested,services
affordable housing shared for autistic adults Weslaco,suggested,services
affordable housing shared for individuals Alamo,suggested,services
affordable housing shared for individuals Alton,suggested,services
affordable housing shared for individuals Donna,suggested,services
affordable housing shared for individuals Edinburg,suggested,services
affordable housing shared for individuals Hidalgo,suggested,services
affordable housing shared for individuals Hidalgo County,suggested,services
affordable housing shared for individuals La Joya,suggested,services
affordable housing shared for individuals McAllen,suggested,services
affordable housing shared for individuals Mercedes,suggested,services
affordable housing shared for individuals Mission,suggested,services
affordable housing shared for individuals Palmview,suggested,services
affordable housing shared for individuals Peñitas,suggested,services
affordable housing shared for individuals Pharr,suggested,services
affordable housing shared for individuals Progreso,suggested,services
affordable housing shared for individuals San Juan,suggested,services
affordable housing shared for individuals Weslaco,suggested,services
affordable housing shared for neurodivergent adults Alamo,suggested,services
affordable housing shared for neurodivergent adults Alton,suggested,services
affordable housing shared for neurodivergent adults Donna,suggested,services
affordable housing shared for neurodivergent adults Edinburg,suggested,services
affordable housing shared for neurodivergent adults Hidalgo,suggested,services
affordable housing shared for neurodivergent adults Hidalgo County,suggested,services
affordable housing shared for neurodivergent adults La Joya,suggested,services
affordable housing shared for neurodivergent adults McAllen,suggested,services
affordable housing shared for neurodivergent adults Mercedes,suggested,services
affordable housing shared for neurodivergent adults Mission,suggested,services
affordable housing shared for neurodivergent adults Palmview,suggested,services
affordable housing shared for neurodivergent adults Peñitas,suggested,services
affordable housing shared for neurodivergent adults Pharr,suggested,services
affordable housing shared for neurodivergent adults Progreso,suggested,services
affordable housing shared for neurodivergent adults San Juan,suggested,services
affordable housing shared for neurodivergent adults Weslaco,suggested,services
affordable housing shared for people with disabilities Alamo,suggested,services
affordable housing shared for people with disabilities Alton,suggested,services
affordable housing shared for people with disabilities Donna,suggested,services
affordable housing shared for people with disabilities Edinburg,suggested,services
affordable housing shared for people with disabilities Hidalgo,suggested,services
affordable housing shared for people with disabilities Hidalgo County,suggested,services
affordable housing shared for people with disabilities La Joya,suggested,services
affordable housing shared for people with disabilities McAllen,suggested,services
affordable housing shared for people with disabilities Mercedes,suggested,services
affordable housing shared for people with disabilities Mission,suggested,services
affordable housing shared for people with disabilities Palmview,suggested,services
affordable housing shared for people with disabilities Peñitas,suggested,services
affordable housing shared for people with disabilities Pharr,suggested,services
affordable housing shared for people with disabilities Progreso,suggested,services
affordable housing shared for people with disabilities San Juan,suggested,services
affordable housing shared for people with disabilities Weslaco,suggested,services
affordable housing shared for seniors Alamo,suggested,services
affordable housing shared for seniors Alton,suggested,services
affordable housing shared for seniors Donna,suggested,services
affordable housing shared for seniors Edinburg,suggested,services
affordable housing shared for seniors Hidalgo,suggested,services
affordable housing shared for seniors Hidalgo County,suggested,services
affordable housing shared for seniors La Joya,suggested,services
affordable housing shared for seniors McAllen,suggested,services
affordable housing shared for seniors Mercedes,suggested,services
affordable housing shared for seniors Mission,suggested,services
affordable housing shared for seniors Palmview,suggested,services
affordable housing shared for seniors Peñitas,suggested,services
affordable housing shared for seniors Pharr,suggested,services
affordable housing shared for seniors Progreso,suggested,services
affordable housing shared for seniors San Juan,suggested,services
affordable housing shared for seniors Weslaco,suggested,services
affordable housing shared for young adults Alamo,suggested,services
affordable housing shared for young adults Alton,suggested,services
affordable housing shared for young adults Donna,suggested,services
affordable housing shared for young adults Edinburg,suggested,services
affordable housing shared for young adults Hidalgo,suggested,services
affordable housing shared for young adults Hidalgo County,suggested,services
affordable housing shared for young adults La Joya,suggested,services
affordable housing shared for young adults McAllen,suggested,services
affordable housing shared for young adults Mercedes,suggested,services
affordable housing shared for young adults Mission,suggested,services
affordable housing shared for young adults Palmview,suggested,services
affordable housing shared for young adults Peñitas,suggested,services
affordable housing shared for young adults Pharr,suggested,services
affordable housing shared for young adults Progreso,suggested,services
affordable housing shared for young adults San Juan,suggested,services
affordable housing shared for young adults Weslaco,suggested,services
affordable housing shared in Alamo,suggested,services
affordable housing shared in Alton,suggested,services
affordable housing shared in Donna,suggested,services
affordable housing shared in Edinburg,suggested,services
affordable housing shared in Hidalgo,suggested,services
affordable housing shared in Hidalgo County,suggested,services
affordable housing shared in La Joya,suggested,services
affordable housing shared in McAllen,suggested,services
affordable housing shared in Mercedes,suggested,services
affordable housing shared in Mission,suggested,services
affordable housing shared in Palmview,suggested,services
affordable housing shared in Peñitas,suggested,services
affordable housing shared in Pharr,suggested,services
affordable housing shared in Progreso,suggested,services
affordable housing shared in San Juan,suggested,services
affordable housing shared in Weslaco,suggested,services
affordable housing shared low-income Alamo,suggested,services
affordable housing shared low-income Alton,suggested,services
affordable housing shared low-income Donna,suggested,services
affordable housing shared low-income Edinburg,suggested,services
affordable housing shared low-income Hidalgo,suggested,services
affordable housing shared low-income Hidalgo County,suggested,services
affordable housing shared low-income La Joya,suggested,services
affordable housing shared low-income McAllen,suggested,services
affordable housing shared low-income Mercedes,suggested,services
affordable housing shared low-income Mission,suggested,services
affordable housing shared low-income Palmview,suggested,services
affordable housing shared low-income Peñitas,suggested,services
affordable housing shared low-income Pharr,suggested,services
affordable housing shared low-income Progreso,suggested,services
affordable housing shared low-income San Juan,suggested,services
affordable housing shared low-income Weslaco,suggested,services
affordable housing shared near me,suggested,services
affordable housing shared nonprofit Alamo,suggested,services
affordable housing shared nonprofit Alton,suggested,services
affordable housing shared nonprofit Donna,suggested,services
affordable housing shared nonprofit Edinburg,suggested,services
affordable housing shared nonprofit Hidalgo,suggested,services
affordable housing shared nonprofit Hidalgo County,suggested,services
affordable housing shared nonprofit La Joya,suggested,services
affordable housing shared nonprofit McAllen,suggested,services
affordable housing shared nonprofit Mercedes,suggested,services
affordable housing shared nonprofit Mission,suggested,services
affordable housing shared nonprofit Palmview,suggested,services
affordable housing shared nonprofit Peñitas,suggested,services
affordable housing shared nonprofit Pharr,suggested,services
affordable housing shared nonprofit Progreso,suggested,services
affordable housing shared nonprofit San Juan,suggested,services
affordable housing shared nonprofit Weslaco,suggested,services
boarding house Alamo,suggested,phrases
boarding house Alton,suggested,phrases
boarding house Donna,suggested,phrases
boarding house Edinburg,suggested,phrases
boarding house Hidalgo,suggested,phrases
boarding house Hidalgo County,suggested,phrases
boarding house Hidalgo County TX,suggested,phrases
boarding house Hidalgo TX,suggested,phrases
boarding house La Joya,suggested,phrases
boarding house McAllen,suggested,phrases
boarding house Mercedes,suggested,phrases
boarding house Mission,suggested,phrases
boarding house Palmview,suggested,phrases
boarding house Peñitas,suggested,phrases
boarding house Pharr,suggested,phrases
boarding house Progreso,suggested,phrases
boarding house San Juan,suggested,phrases
boarding house TX,suggested,phrases
boarding house Texas,suggested,phrases
boarding house Weslaco,suggested,phrases
boarding house affordable Alamo,suggested,services
boarding house affordable Alton,suggested,services
boarding house affordable Donna,suggested,services
boarding house affordable Edinburg,suggested,services
boarding house affordable Hidalgo,suggested,services
boarding house affordable Hidalgo County,suggested,services
boarding house affordable La Joya,suggested,services
boarding house affordable McAllen,suggested,services
boarding house affordable Mercedes,suggested,services
boarding house affordable Mission,suggested,services
boarding house affordable Palmview,suggested,services
boarding house affordable Peñitas,suggested,services
boarding house affordable Pharr,suggested,services
boarding house affordable Progreso,suggested,services
boarding house affordable San Juan,suggested,services
boarding house affordable Weslaco,suggested,services
boarding house community-based Alamo,suggested,services
boarding house community-based Alton,suggested,services
boarding house community-based Donna,suggested,services
boarding house community-based Edinburg,suggested,services
boarding house community-based Hidalgo,suggested,services
boarding house community-based Hidalgo County,suggested,services
boarding house community-based La Joya,suggested,services
boarding house community-based McAllen,suggested,services
boarding house community-based Mercedes,suggested,services
boarding house community-based Mission,suggested,services
boarding house community-based Palmview,suggested,services
boarding house community-based Peñitas,suggested,services
boarding house community-based Pharr,suggested,services
boarding house community-based Progreso,suggested,services
boarding house community-based San Juan,suggested,services
boarding house community-based Weslaco,suggested,services
boarding house faith-based Alamo,suggested,services
boarding house faith-based Alton,suggested,services
boarding house faith-based Donna,suggested,services
boarding house faith-based Edinburg,suggested,services
boarding house faith-based Hidalgo,suggested,services
boarding house faith-based Hidalgo County,suggested,services
boarding house faith-based La Joya,suggested,services
boarding house faith-based McAllen,suggested,services
boarding house faith-based Mercedes,suggested,services
boarding house faith-based Mission,suggested,services
boarding house faith-based Palmview,suggested,services
boarding house faith-based Peñitas,suggested,services
boarding house faith-based Pharr,suggested,services
boarding house faith-based Progreso,suggested,services
boarding house faith-based San Juan,suggested,services
boarding house faith-based Weslaco,suggested,services
boarding house for adults Alamo,suggested,services
boarding house for adults Alton,suggested,services
boarding house for adults Donna,suggested,services
boarding house for adults Edinburg,suggested,services
boarding house for adults Hidalgo,suggested,services
boarding house for adults Hidalgo County,suggested,services
boarding house for adults La Joya,suggested,services
boarding house for adults McAllen,suggested,services
boarding house for adults Mercedes,suggested,services
boarding house for adults Mission,suggested,services
boarding house for adults Palmview,suggested,services
boarding house for adults Peñitas,suggested,services
boarding house for adults Pharr,suggested,services
boarding house for adults Progreso,suggested,services
boarding house for adults San Juan,suggested,services
boarding house for adults Weslaco,suggested,services
boarding house for autistic adults Alamo,suggested,services
boarding house for autistic adults Alton,suggested,services
boarding house for autistic adults Donna,suggested,services
boarding house for autistic adults Edinburg,suggested,services
boarding house for autistic adults Hidalgo,suggested,services
boarding house for autistic adults Hidalgo County,suggested,services
boarding house for autistic adults La Joya,suggested,services
boarding house for autistic adults McAllen,suggested,services
boarding house for autistic adults Mercedes,suggested,services
boarding house for autistic adults Mission,suggested,services
boarding house for autistic adults Palmview,suggested,services
boarding house for autistic adults Peñitas,suggested,services
boarding house for autistic adults Pharr,suggested,services
boarding house for autistic adults Progreso,suggested,services
boarding house for autistic adults San Juan,suggested,services
boarding house for autistic adults Weslaco,suggested,services
boarding house for individuals Alamo,suggested,services
boarding house for individuals Alton,suggested,services
boarding house for individuals Donna,suggested,services
boarding house for individuals Edinburg,suggested,services
boarding house for individuals Hidalgo,suggested,services
boarding house for individuals Hidalgo County,suggested,services
boarding house for individuals La Joya,suggested,services
boarding house for individuals McAllen,suggested,services
boarding house for individuals Mercedes,suggested,services
boarding house for individuals Mission,suggested,services
boarding house for individuals Palmview,suggested,services
boarding house for individuals Peñitas,suggested,services
boarding house for individuals Pharr,suggested,services
boarding house for individuals Progreso,suggested,services
boarding house for individuals San Juan,suggested,services
boarding house for individuals Weslaco,suggested,services
boarding house for neurodivergent adults Alamo,suggested,services
boarding house for neurodivergent adults Alton,suggested,services
boarding house for neurodivergent adults Donna,suggested,services
boarding house for neurodivergent adults Edinburg,suggested,services
boarding house for neurodivergent adults Hidalgo,suggested,services
boarding house for neurodivergent adults Hidalgo County,suggested,services
boarding house for neurodivergent adults La Joya,suggested,services
boarding house for neurodivergent adults McAllen,suggested,services
boarding house for neurodivergent adults Mercedes,suggested,services
boarding house for neurodivergent adults Mission,suggested,services
boarding house for neurodivergent adults Palmview,suggested,services
boarding house for neurodivergent adults Peñitas,suggested,services
boarding house for neurodivergent adults Pharr,suggested,services
boarding house for neurodivergent adults Progreso,suggested,services
boarding house for neurodivergent adults San Juan,suggested,services
boarding house for neurodivergent adults Weslaco,suggested,services
boarding house for people with disabilities Alamo,suggested,services
boarding house for people with disabilities Alton,suggested,services
boarding house for people with disabilities Donna,suggested,services
boarding house for people with disabilities Edinburg,suggested,services
boarding house for people with disabilities Hidalgo,suggested,services
boarding house for people with disabilities Hidalgo County,suggested,services
boarding house for people with disabilities La Joya,suggested,services
boarding house for people with disabilities McAllen,suggested,services
boarding house for people with disabilities Mercedes,suggested,services
boarding house for people with disabilities Mission,suggested,services
boarding house for people with disabilities Palmview,suggested,services
boarding house for people with disabilities Peñitas,suggested,services
boarding house for people with disabilities Pharr,suggested,services
boarding house for people with disabilities Progreso,suggested,services
boarding house for people with disabilities San Juan,suggested,services
boarding house for people with disabilities Weslaco,suggested,services
boarding house for seniors Alamo,suggested,services
boarding house for seniors Alton,suggested,services
boarding house for seniors Donna,suggested,services
boarding house for seniors Edinburg,suggested,services
boarding house for seniors Hidalgo,suggested,services
boarding house for seniors Hidalgo County,suggested,services
boarding house for seniors La Joya,suggested,services
boarding house for seniors McAllen,suggested,services
boarding house for seniors Mercedes,suggested,services
boarding house for seniors Mission,suggested,services
boarding house for seniors Palmview,suggested,services
boarding house for seniors Peñitas,suggested,services
boarding house for seniors Pharr,suggested,services
boarding house for seniors Progreso,suggested,services
boarding house for seniors San Juan,suggested,services
boarding house for seniors Weslaco,suggested,services
boarding house for young adults Alamo,suggested,services
boarding house for young adults Alton,suggested,services
boarding house for young adults Donna,suggested,services
boarding house for young adults Edinburg,suggested,services
boarding house for young adults Hidalgo,suggested,services
boarding house for young adults Hidalgo County,suggested,services
boarding house for young adults La Joya,suggested,services
boarding house for young adults McAllen,suggested,services
boarding house for young adults Mercedes,suggested,services
boarding house for young adults Mission,suggested,services
boarding house for young adults Palmview,suggested,services
boarding house for young adults Peñitas,suggested,services
boarding house for young adults Pharr,suggested,services
boarding house for young adults Progreso,suggested,services
boarding house for young adults San Juan,suggested,services
boarding house for young adults Weslaco,suggested,services
boarding house in Alamo,suggested,phrases
boarding house in Alton,suggested,phrases
boarding house in Donna,suggested,phrases
boarding house in Edinburg,suggested,phrases
boarding house in Hidalgo,suggested,phrases
boarding house in Hidalgo County,suggested,phrases
boarding house in La Joya,suggested,phrases
boarding house in McAllen,suggested,phrases
boarding house in Mercedes,suggested,phrases
boarding house in Mission,suggested,phrases
boarding house in Palmview,suggested,phrases
boarding house in Peñitas,suggested,phrases
boarding house in Pharr,suggested,phrases
boarding house in Progreso,suggested,phrases
boarding house in San Juan,suggested,phrases
boarding house in Weslaco,suggested,phrases
boarding house low-income Alamo,suggested,services
boarding house low-income Alton,suggested,services
boarding house low-income Donna,suggested,services
boarding house low-income Edinburg,suggested,services
boarding house low-income Hidalgo,suggested,services
boarding house low-income Hidalgo County,suggested,services
boarding house low-income La Joya,suggested,services
boarding house low-income McAllen,suggested,services
boarding house low-income Mercedes,suggested,services
boarding house low-income Mission,suggested,services
boarding house low-income Palmview,suggested,services
boarding house low-income Peñitas,suggested,services
boarding house low-income Pharr,suggested,services
boarding house low-income Progreso,suggested,services
boarding house low-income San Juan,suggested,services
boarding house low-income Weslaco,suggested,services
boarding house near me,suggested,phrases
boarding house nonprofit Alamo,suggested,services
boarding house nonprofit Alton,suggested,services
boarding house nonprofit Donna,suggested,services
boarding house nonprofit Edinburg,suggested,services
boarding house nonprofit Hidalgo,suggested,services
boarding house nonprofit Hidalgo County,suggested,services
boarding house nonprofit La Joya,suggested,services
boarding house nonprofit McAllen,suggested,services
boarding house nonprofit Mercedes,suggested,services
boarding house nonprofit Mission,suggested,services
boarding house nonprofit Palmview,suggested,services
boarding house nonprofit Peñitas,suggested,services
boarding house nonprofit Pharr,suggested,services
boarding house nonprofit Progreso,suggested,services
boarding house nonprofit San Juan,suggested,services
boarding house nonprofit Weslaco,suggested,services
casa de habitación compartida Alamo TX,suggested,spanish
casa de habitación compartida Donna TX,suggested,spanish
casa de habitación compartida Edinburg TX,suggested,spanish
casa de habitación compartida Hidalgo TX,suggested,spanish
casa de habitación compartida McAllen TX,suggested,spanish
casa de habitación compartida Mercedes TX,suggested,spanish
casa de habitación compartida Mission TX,suggested,spanish
casa de habitación compartida Pharr TX,suggested,spanish
casa de habitación compartida San Juan TX,suggested,spanish
casa de habitación compartida Weslaco TX,suggested,spanish
casas compartidas Alamo TX,suggested,spanish
casas compartidas Donna TX,suggested,spanish
casas compartidas Edinburg TX,suggested,spanish
casas compartidas Hidalgo TX,suggested,spanish
casas compartidas McAllen TX,suggested,spanish
casas compartidas Mercedes TX,suggested,spanish
casas compartidas Mission TX,suggested,spanish
casas compartidas Pharr TX,suggested,spanish
casas compartidas San Juan TX,suggested,spanish
casas compartidas Weslaco TX,suggested,spanish
co-living Alamo,suggested,phrases
co-living Alton,suggested,phrases
co-living Donna,suggested,phrases
co-living Edinburg,suggested,phrases
co-living Hidalgo,suggested,phrases
co-living Hidalgo County,suggested,phrases
co-living Hidalgo County TX,suggested,phrases
co-living Hidalgo TX,suggested,phrases
co-living La Joya,suggested,phrases
co-living McAllen,suggested,phrases
co-living Mercedes,suggested,phrases
co-living Mission,suggested,phrases
co-living Palmview,suggested,phrases
co-living Peñitas,suggested,phrases
co-living Pharr,suggested,phrases
co-living Progreso,suggested,phrases
co-living San Juan,suggested,phrases
co-living TX,suggested,phrases
co-living Texas,suggested,phrases
co-living Weslaco,suggested,phrases
co-living affordable Alamo,suggested,services
co-living affordable Alton,suggested,services
co-living affordable Donna,suggested,services
co-living affordable Edinburg,suggested,services
co-living affordable Hidalgo,suggested,services
co-living affordable Hidalgo County,suggested,services
co-living affordable La Joya,suggested,services
co-living affordable McAllen,suggested,services
co-living affordable Mercedes,suggested,services
co-living affordable Mission,suggested,services
co-living affordable Palmview,suggested,services
co-living affordable Peñitas,suggested,services
co-living affordable Pharr,suggested,services
co-living affordable Progreso,suggested,services
co-living affordable San Juan,suggested,services
co-living affordable Weslaco,suggested,services
co-living community-based Alamo,suggested,services
co-living community-based Alton,suggested,services
co-living community-based Donna,suggested,services
co-living community-based Edinburg,suggested,services
co-living community-based Hidalgo,suggested,services
co-living community-based Hidalgo County,suggested,services
co-living community-based La Joya,suggested,services
co-living community-based McAllen,suggested,services
co-living community-based Mercedes,suggested,services
co-living community-based Mission,suggested,services
co-living community-based Palmview,suggested,services
co-living community-based Peñitas,suggested,services
co-living community-based Pharr,suggested,services
co-living community-based Progreso,suggested,services
co-living community-based San Juan,suggested,services
co-living community-based Weslaco,suggested,services
co-living faith-based Alamo,suggested,services
co-living faith-based Alton,suggested,services
co-living faith-based Donna,suggested,services
co-living faith-based Edinburg,suggested,services
co-living faith-based Hidalgo,suggested,services
co-living faith-based Hidalgo County,suggested,services
co-living faith-based La Joya,suggested,services
co-living faith-based McAllen,suggested,services
co-living faith-based Mercedes,suggested,services
co-living faith-based Mission,suggested,services
co-living faith-based Palmview,suggested,services
co-living faith-based Peñitas,suggested,services
co-living faith-based Pharr,suggested,services
co-living faith-based Progreso,suggested,services
co-living faith-based San Juan,suggested,services
co-living faith-based Weslaco,suggested,services
co-living for adults Alamo,suggested,services
co-living for adults Alton,suggested,services
co-living for adults Donna,suggested,services
co-living for adults Edinburg,suggested,services
co-living for adults Hidalgo,suggested,services
co-living for adults Hidalgo County,suggested,services
co-living for adults La Joya,suggested,services
co-living for adults McAllen,suggested,services
co-living for adults Mercedes,suggested,services
co-living for adults Mission,suggested,services
co-living for adults Palmview,suggested,services
co-living for adults Peñitas,suggested,services
co-living for adults Pharr,suggested,services
co-living for adults Progreso,suggested,services
co-living for adults San Juan,suggested,services
co-living for adults Weslaco,suggested,services
co-living for autistic adults Alamo,suggested,services
co-living for autistic adults Alton,suggested,services
co-living for autistic adults Donna,suggested,services
co-living for autistic adults Edinburg,suggested,services
co-living for autistic adults Hidalgo,suggested,services
co-living for autistic adults Hidalgo County,suggested,services
co-living for autistic adults La Joya,suggested,services
co-living for autistic adults McAllen,suggested,services
co-living for autistic adults Mercedes,suggested,services
co-living for autistic adults Mission,suggested,services
co-living for autistic adults Palmview,suggested,services
co-living for autistic adults Peñitas,suggested,services
co-living for autistic adults Pharr,suggested,services
co-living for autistic adults Progreso,suggested,services
co-living for autistic adults San Juan,suggested,services
co-living for autistic adults Weslaco,suggested,services
co-living for individuals Alamo,suggested,services
co-living for individuals Alton,suggested,services
co-living for individuals Donna,suggested,services
co-living for individuals Edinburg,suggested,services
co-living for individuals Hidalgo,suggested,services
co-living for individuals Hidalgo County,suggested,services
co-living for individuals La Joya,suggested,services
co-living for individuals McAllen,suggested,services
co-living for individuals Mercedes,suggested,services
co-living for individuals Mission,suggested,services
co-living for individuals Palmview,suggested,services
co-living for individuals Peñitas,suggested,services
co-living for individuals Pharr,suggested,services
co-living for individuals Progreso,suggested,services
co-living for individuals San Juan,suggested,services
co-living for individuals Weslaco,suggested,services
co-living for neurodivergent adults Alamo,suggested,services
co-living for neurodivergent adults Alton,suggested,services
co-living for neurodivergent adults Donna,suggested,services
co-living for neurodivergent adults Edinburg,suggested,services
co-living for neurodivergent adults Hidalgo,suggested,services
co-living for neurodivergent adults Hidalgo County,suggested,services
co-living for neurodivergent adults La Joya,suggested,services
co-living for neurodivergent adults McAllen,suggested,services
co-living for neurodivergent adults Mercedes,suggested,services
co-living for neurodivergent adults Mission,suggested,services
co-living for neurodivergent adults Palmview,suggested,services
co-living for neurodivergent adults Peñitas,suggested,services
co-living for neurodivergent adults Pharr,suggested,services
co-living for neurodivergent adults Progreso,suggested,services
co-living for neurodivergent adults San Juan,suggested,services
co-living for neurodivergent adults Weslaco,suggested,services
co-living for people with disabilities Alamo,suggested,services
co-living for people with disabilities Alton,suggested,services
co-living for people with disabilities Donna,suggested,services
co-living for people with disabilities Edinburg,suggested,services
co-living for people with disabilities Hidalgo,suggested,services
co-living for people with disabilities Hidalgo County,suggested,services
co-living for people with disabilities La Joya,suggested,services
co-living for people with disabilities McAllen,suggested,services
co-living for people with disabilities Mercedes,suggested,services
co-living for people with disabilities Mission,suggested,services
co-living for people with disabilities Palmview,suggested,services
co-living for people with disabilities Peñitas,suggested,services
co-living for people with disabilities Pharr,suggested,services
co-living for people with disabilities Progreso,suggested,services
co-living for people with disabilities San Juan,suggested,services
co-living for people with disabilities Weslaco,suggested,services
co-living for seniors Alamo,suggested,services
co-living for seniors Alton,suggested,services
co-living for seniors Donna,suggested,services
co-living for seniors Edinburg,suggested,services
co-living for seniors Hidalgo,suggested,services
co-living for seniors Hidalgo County,suggested,services
co-living for seniors La Joya,suggested,services
co-living for seniors McAllen,suggested,services
co-living for seniors Mercedes,suggested,services
co-living for seniors Mission,suggested,services
co-living for seniors Palmview,suggested,services
co-living for seniors Peñitas,suggested,services
co-living for seniors Pharr,suggested,services
co-living for seniors Progreso,suggested,services
co-living for seniors San Juan,suggested,services
co-living for seniors Weslaco,suggested,services
co-living for young adults Alamo,suggested,services
co-living for young adults Alton,suggested,services
co-living for young adults Donna,suggested,services
co-living for young adults Edinburg,suggested,services
co-living for young adults Hidalgo,suggested,services
co-living for young adults Hidalgo County,suggested,services
co-living for young adults La Joya,suggested,services
co-living for young adults McAllen,suggested,services
co-living for young adults Mercedes,suggested,services
co-living for young adults Mission,suggested,services
co-living for young adults Palmview,suggested,services
co-living for young adults Peñitas,suggested,services
co-living for young adults Pharr,suggested,services
co-living for young adults Progreso,suggested,services
co-living for young adults San Juan,suggested,services
co-living for young adults Weslaco,suggested,services
co-living in Alamo,suggested,phrases
co-living in Alton,suggested,phrases
co-living in Donna,suggested,phrases
co-living in Edinburg,suggested,phrases
co-living in Hidalgo,suggested,phrases
co-living in Hidalgo County,suggested,phrases
co-living in La Joya,suggested,phrases
co-living in McAllen,suggested,phrases
co-living in Mercedes,suggested,phrases
co-living in Mission,suggested,phrases
co-living in Palmview,suggested,phrases
co-living in Peñitas,suggested,phrases
co-living in Pharr,suggested,phrases
co-living in Progreso,suggested,phrases
co-living in San Juan,suggested,phrases
co-living in Weslaco,suggested,phrases
co-living low-income Alamo,suggested,services
co-living low-income Alton,suggested,services
co-living low-income Donna,suggested,services
co-living low-income Edinburg,suggested,services
co-living low-income Hidalgo,suggested,services
co-living low-income Hidalgo County,suggested,services
co-living low-income La Joya,suggested,services
co-living low-income McAllen,suggested,services
co-living low-income Mercedes,suggested,services
co-living low-income Mission,suggested,services
co-living low-income Palmview,suggested,services
co-living low-income Peñitas,suggested,services
co-living low-income Pharr,suggested,services
co-living low-income Progreso,suggested,services
co-living low-income San Juan,suggested,services
co-living low-income Weslaco,suggested,services
co-living near me,suggested,phrases
co-living nonprofit Alamo,suggested,services
co-living nonprofit Alton,suggested,services
co-living nonprofit Donna,suggested,services
co-living nonprofit Edinburg,suggested,services
co-living nonprofit Hidalgo,suggested,services
co-living nonprofit Hidalgo County,suggested,services
co-living nonprofit La Joya,suggested,services
co-living nonprofit McAllen,suggested,services
co-living nonprofit Mercedes,suggested,services
co-living nonprofit Mission,suggested,services
co-living nonprofit Palmview,suggested,services
co-living nonprofit Peñitas,suggested,services
co-living nonprofit Pharr,suggested,services
co-living nonprofit Progreso,suggested,services
co-living nonprofit San Juan,suggested,services
co-living nonprofit Weslaco,suggested,services
coliving Alamo,suggested,phrases
coliving Alton,suggested,phrases
coliving Donna,suggested,phrases
coliving Edinburg,suggested,phrases
coliving Hidalgo,suggested,phrases
coliving Hidalgo County,suggested,phrases
coliving Hidalgo County TX,suggested,phrases
coliving Hidalgo TX,suggested,phrases
coliving La Joya,suggested,phrases
coliving McAllen,suggested,phrases
coliving Mercedes,suggested,phrases
coliving Mission,suggested,phrases
coliving Palmview,suggested,phrases
coliving Peñitas,suggested,phrases
coliving Pharr,suggested,phrases
coliving Progreso,suggested,phrases
coliving San Juan,suggested,phrases
coliving TX,suggested,phrases
coliving Texas,suggested,phrases
coliving Weslaco,suggested,phrases
coliving affordable Alamo,suggested,services
coliving affordable Alton,suggested,services
coliving affordable Donna,suggested,services
coliving affordable Edinburg,suggested,services
coliving affordable Hidalgo,suggested,services
coliving affordable Hidalgo County,suggested,services
coliving affordable La Joya,suggested,services
coliving affordable McAllen,suggested,services
coliving affordable Mercedes,suggested,services
coliving affordable Mission,suggested,services
coliving affordable Palmview,suggested,services
coliving affordable Peñitas,suggested,services
coliving affordable Pharr,suggested,services
coliving affordable Progreso,suggested,services
coliving affordable San Juan,suggested,services
coliving affordable Weslaco,suggested,services
coliving community-based Alamo,suggested,services
coliving community-based Alton,suggested,services
coliving community-based Donna,suggested,services
coliving community-based Edinburg,suggested,services
coliving community-based Hidalgo,suggested,services
coliving community-based Hidalgo County,suggested,services
coliving community-based La Joya,suggested,services
coliving community-based McAllen,suggested,services
coliving community-based Mercedes,suggested,services
coliving community-based Mission,suggested,services
coliving community-based Palmview,suggested,services
coliving community-based Peñitas,suggested,services
coliving community-based Pharr,suggested,services
coliving community-based Progreso,suggested,services
coliving community-based San Juan,suggested,services
coliving community-based Weslaco,suggested,services
coliving faith-based Alamo,suggested,services
coliving faith-based Alton,suggested,services
coliving faith-based Donna,suggested,services
coliving faith-based Edinburg,suggested,services
coliving faith-based Hidalgo,suggested,services
coliving faith-based Hidalgo County,suggested,services
coliving faith-based La Joya,suggested,services
coliving faith-based McAllen,suggested,services
coliving faith-based Mercedes,suggested,services
coliving faith-based Mission,suggested,services
coliving faith-based Palmview,suggested,services
coliving faith-based Peñitas,suggested,services
coliving faith-based Pharr,suggested,services
coliving faith-based Progreso,suggested,services
coliving faith-based San Juan,suggested,services
coliving faith-based Weslaco,suggested,services
coliving for adults Alamo,suggested,services
coliving for adults Alton,suggested,services
coliving for adults Donna,suggested,services
coliving for adults Edinburg,suggested,services
coliving for adults Hidalgo,suggested,services
coliving for adults Hidalgo County,suggested,services
coliving for adults La Joya,suggested,services
coliving for adults McAllen,suggested,services
coliving for adults Mercedes,suggested,services
coliving for adults Mission,suggested,services
coliving for adults Palmview,suggested,services
coliving for adults Peñitas,suggested,services
coliving for adults Pharr,suggested,services
coliving for adults Progreso,suggested,services
coliving for adults San Juan,suggested,services
coliving for adults Weslaco,suggested,services
coliving for autistic adults Alamo,suggested,services
coliving for autistic adults Alton,suggested,services
coliving for autistic adults Donna,suggested,services
coliving for autistic adults Edinburg,suggested,services
coliving for autistic adults Hidalgo,suggested,services
coliving for autistic adults Hidalgo County,suggested,services
coliving for autistic adults La Joya,suggested,services
coliving for autistic adults McAllen,suggested,services
coliving for autistic adults Mercedes,suggested,services
coliving for autistic adults Mission,suggested,services
coliving for autistic adults Palmview,suggested,services
coliving for autistic adults Peñitas,suggested,services
coliving for autistic adults Pharr,suggested,services
coliving for autistic adults Progreso,suggested,services
coliving for autistic adults San Juan,suggested,services
coliving for autistic adults Weslaco,suggested,services
coliving for individuals Alamo,suggested,services
coliving for individuals Alton,suggested,services
coliving for individuals Donna,suggested,services
coliving for individuals Edinburg,suggested,services
coliving for individuals Hidalgo,suggested,services
coliving for individuals Hidalgo County,suggested,services
coliving for individuals La Joya,suggested,services
coliving for individuals McAllen,suggested,services
coliving for individuals Mercedes,suggested,services
coliving for individuals Mission,suggested,services
coliving for individuals Palmview,suggested,services
coliving for individuals Peñitas,suggested,services
coliving for individuals Pharr,suggested,services
coliving for individuals Progreso,suggested,services
coliving for individuals San Juan,suggested,services
coliving for individuals Weslaco,suggested,services
coliving for neurodivergent adults Alamo,suggested,services
coliving for neurodivergent adults Alton,suggested,services
coliving for neurodivergent adults Donna,suggested,services
coliving for neurodivergent adults Edinburg,suggested,services
coliving for neurodivergent adults Hidalgo,suggested,services
coliving for neurodivergent adults Hidalgo County,suggested,services
coliving for neurodivergent adults La Joya,suggested,services
coliving for neurodivergent adults McAllen,suggested,services
coliving for neurodivergent adults Mercedes,suggested,services
coliving for neurodivergent adults Mission,suggested,services
coliving for neurodivergent adults Palmview,suggested,services
coliving for neurodivergent adults Peñitas,suggested,services
coliving for neurodivergent adults Pharr,suggested,services
coliving for neurodivergent adults Progreso,suggested,services
coliving for neurodivergent adults San Juan,suggested,services
coliving for neurodivergent adults Weslaco,suggested,services
coliving for people with disabilities Alamo,suggested,services
coliving for people with disabilities Alton,suggested,services
coliving for people with disabilities Donna,suggested,services
coliving for people with disabilities Edinburg,suggested,services
coliving for people with disabilities Hidalgo,suggested,services
coliving for people with disabilities Hidalgo County,suggested,services
coliving for people with disabilities La Joya,suggested,services
coliving for people with disabilities McAllen,suggested,services
coliving for people with disabilities Mercedes,suggested,services
coliving for people with disabilities Mission,suggested,services
coliving for people with disabilities Palmview,suggested,services
coliving for people with disabilities Peñitas,suggested,services
coliving for people with disabilities Pharr,suggested,services
coliving for people with disabilities Progreso,suggested,services
coliving for people with disabilities San Juan,suggested,services
coliving for people with disabilities Weslaco,suggested,services
coliving for seniors Alamo,suggested,services
coliving for seniors Alton,suggested,services
coliving for seniors Donna,suggested,services
coliving for seniors Edinburg,suggested,services
coliving for seniors Hidalgo,suggested,services
coliving for seniors Hidalgo County,suggested,services
coliving for seniors La Joya,suggested,services
coliving for seniors McAllen,suggested,services
coliving for seniors Mercedes,suggested,services
coliving for seniors Mission,suggested,services
coliving for seniors Palmview,suggested,services
coliving for seniors Peñitas,suggested,services
coliving for seniors Pharr,suggested,services
coliving for seniors Progreso,suggested,services
coliving for seniors San Juan,suggested,services
coliving for seniors Weslaco,suggested,services
coliving for young adults Alamo,suggested,services
coliving for young adults Alton,suggested,services
coliving for young adults Donna,suggested,services
coliving for young adults Edinburg,suggested,services
coliving for young adults Hidalgo,suggested,services
coliving for young adults Hidalgo County,suggested,services
coliving for young adults La Joya,suggested,services
coliving for young adults McAllen,suggested,services
coliving for young adults Mercedes,suggested,services
coliving for young adults Mission,suggested,services
coliving for young adults Palmview,suggested,services
coliving for young adults Peñitas,suggested,services
coliving for young adults Pharr,suggested,services
coliving for young adults Progreso,suggested,services
coliving for young adults San Juan,suggested,services
coliving for young adults Weslaco,suggested,services
coliving in Alamo,suggested,phrases
coliving in Alton,suggested,phrases
coliving in Donna,suggested,phrases
coliving in Edinburg,suggested,phrases
coliving in Hidalgo,suggested,phrases
coliving in Hidalgo County,suggested,phrases
coliving in La Joya,suggested,phrases
coliving in McAllen,suggested,phrases
coliving in Mercedes,suggested,phrases
coliving in Mission,suggested,phrases
coliving in Palmview,suggested,phrases
coliving in Peñitas,suggested,phrases
coliving in Pharr,suggested,phrases
coliving in Progreso,suggested,phrases
coliving in San Juan,suggested,phrases
coliving in Weslaco,suggested,phrases
coliving low-income Alamo,suggested,services
coliving low-income Alton,suggested,services
coliving low-income Donna,suggested,services
coliving low-income Edinburg,suggested,services
coliving low-income Hidalgo,suggested,services
coliving low-income Hidalgo County,suggested,services
coliving low-income La Joya,suggested,services
coliving low-income McAllen,suggested,services
coliving low-income Mercedes,suggested,services
coliving low-income Mission,suggested,services
coliving low-income Palmview,suggested,services
coliving low-income Peñitas,suggested,services
coliving low-income Pharr,suggested,services
coliving low-income Progreso,suggested,services
coliving low-income San Juan,suggested,services
coliving low-income Weslaco,suggested,services
coliving near me,suggested,phrases
coliving nonprofit Alamo,suggested,services
coliving nonprofit Alton,suggested,services
coliving nonprofit Donna,suggested,services
coliving nonprofit Edinburg,suggested,services
coliving nonprofit Hidalgo,suggested,services
coliving nonprofit Hidalgo County,suggested,services
coliving nonprofit La Joya,suggested,services
coliving nonprofit McAllen,suggested,services
coliving nonprofit Mercedes,suggested,services
coliving nonprofit Mission,suggested,services
coliving nonprofit Palmview,suggested,services
coliving nonprofit Peñitas,suggested,services
coliving nonprofit Pharr,suggested,services
coliving nonprofit Progreso,suggested,services
coliving nonprofit San Juan,suggested,services
coliving nonprofit Weslaco,suggested,services
community homes Alamo,suggested,core+local
community homes Alton,suggested,core+local
community homes Donna,suggested,core+local
community homes Edinburg,suggested,phrases
community homes Hidalgo,suggested,core+local
community homes Hidalgo County,suggested,core+local
community homes Hidalgo County TX,suggested,phrases
community homes Hidalgo TX,suggested,phrases
community homes La Joya,suggested,core+local
community homes McAllen,suggested,core+local
community homes Mercedes,suggested,core+local
community homes Mission,suggested,core+local
community homes Palmview,suggested,core+local
community homes Peñitas,suggested,core+local
community homes Pharr,suggested,core+local
community homes Progreso,suggested,core+local
community homes San Juan,suggested,core+local
community homes TX,suggested,phrases
community homes Texas,suggested,phrases
community homes Weslaco,suggested,core+local
community homes affordable Alamo,suggested,services
community homes affordable Alton,suggested,services
community homes affordable Donna,suggested,services
community homes affordable Edinburg,suggested,services
community homes affordable Hidalgo,suggested,services
community homes affordable Hidalgo County,suggested,services
community homes affordable La Joya,suggested,services
community homes affordable McAllen,suggested,services
community homes affordable Mercedes,suggested,services
community homes affordable Mission,suggested,services
community homes affordable Palmview,suggested,services
community homes affordable Peñitas,suggested,services
community homes affordable Pharr,suggested,services
community homes affordable Progreso,suggested,services
community homes affordable San Juan,suggested,services
community homes affordable Weslaco,suggested,services
community homes community-based Alamo,suggested,services
community homes community-based Alton,suggested,services
community homes community-based Donna,suggested,services
community homes community-based Edinburg,suggested,services
community homes community-based Hidalgo,suggested,services
community homes community-based Hidalgo County,suggested,services
community homes community-based La Joya,suggested,services
community homes community-based McAllen,suggested,services
community homes community-based Mercedes,suggested,services
community homes community-based Mission,suggested,services
community homes community-based Palmview,suggested,services
community homes community-based Peñitas,suggested,services
community homes community-based Pharr,suggested,services
community homes community-based Progreso,suggested,services
community homes community-based San Juan,suggested,services
community homes community-based Weslaco,suggested,services
community homes faith-based Alamo,suggested,services
community homes faith-based Alton,suggested,services
community homes faith-based Donna,suggested,services
community homes faith-based Edinburg,suggested,services
community homes faith-based Hidalgo,suggested,services
community homes faith-based Hidalgo County,suggested,services
community homes faith-based La Joya,suggested,services
community homes faith-based McAllen,suggested,services
community homes faith-based Mercedes,suggested,services
community homes faith-based Mission,suggested,services
community homes faith-based Palmview,suggested,services
community homes faith-based Peñitas,suggested,services
community homes faith-based Pharr,suggested,services
community homes faith-based Progreso,suggested,services
community homes faith-based San Juan,suggested,services
community homes faith-based Weslaco,suggested,services
community homes for adults Alamo,suggested,services
community homes for adults Alton,suggested,services
community homes for adults Donna,suggested,services
community homes for adults Edinburg,suggested,services
community homes for adults Hidalgo,suggested,services
community homes for adults Hidalgo County,suggested,services
community homes for adults La Joya,suggested,services
community homes for adults McAllen,suggested,services
community homes for adults Mercedes,suggested,services
community homes for adults Mission,suggested,services
community homes for adults Palmview,suggested,services
community homes for adults Peñitas,suggested,services
community homes for adults Pharr,suggested,services
community homes for adults Progreso,suggested,services
community homes for adults San Juan,suggested,services
community homes for adults Weslaco,suggested,services
community homes for autistic adults Alamo,suggested,services
community homes for autistic adults Alton,suggested,services
community homes for autistic adults Donna,suggested,services
community homes for autistic adults Edinburg,suggested,services
community homes for autistic adults Hidalgo,suggested,services
community homes for autistic adults Hidalgo County,suggested,services
community homes for autistic adults La Joya,suggested,services
community homes for autistic adults McAllen,suggested,services
community homes for autistic adults Mercedes,suggested,services
community homes for autistic adults Mission,suggested,services
community homes for autistic adults Palmview,suggested,services
community homes for autistic adults Peñitas,suggested,services
community homes for autistic adults Pharr,suggested,services
community homes for autistic adults Progreso,suggested,services
community homes for autistic adults San Juan,suggested,services
community homes for autistic adults Weslaco,suggested,services
community homes for individuals Alamo,suggested,services
community homes for individuals Alton,suggested,services
community homes for individuals Donna,suggested,services
community homes for individuals Edinburg,suggested,services
community homes for individuals Hidalgo,suggested,services
community homes for individuals Hidalgo County,suggested,services
community homes for individuals La Joya,suggested,services
community homes for individuals McAllen,suggested,services
community homes for individuals Mercedes,suggested,services
community homes for individuals Mission,suggested,services
community homes for individuals Palmview,suggested,services
community homes for individuals Peñitas,suggested,services
community homes for individuals Pharr,suggested,services
community homes for individuals Progreso,suggested,services
community homes for individuals San Juan,suggested,services
community homes for individuals Weslaco,suggested,services
community homes for neurodivergent adults Alamo,suggested,services
community homes for neurodivergent adults Alton,suggested,services
community homes for neurodivergent adults Donna,suggested,services
community homes for neurodivergent adults Edinburg,suggested,services
community homes for neurodivergent adults Hidalgo,suggested,services
community homes for neurodivergent adults Hidalgo County,suggested,services
community homes for neurodivergent adults La Joya,suggested,services
community homes for neurodivergent adults McAllen,suggested,services
community homes for neurodivergent adults Mercedes,suggested,services
community homes for neurodivergent adults Mission,suggested,services
community homes for neurodivergent adults Palmview,suggested,services
community homes for neurodivergent adults Peñitas,suggested,services
community homes for neurodivergent adults Pharr,suggested,services
community homes for neurodivergent adults Progreso,suggested,services
community homes for neurodivergent adults San Juan,suggested,services
community homes for neurodivergent adults Weslaco,suggested,services
community homes for people with disabilities Alamo,suggested,services
community homes for people with disabilities Alton,suggested,services
community homes for people with disabilities Donna,suggested,services
community homes for people with disabilities Edinburg,suggested,services
community homes for people with disabilities Hidalgo,suggested,services
community homes for people with disabilities Hidalgo County,suggested,services
community homes for people with disabilities La Joya,suggested,services
community homes for people with disabilities McAllen,suggested,services
community homes for people with disabilities Mercedes,suggested,services
community homes for people with disabilities Mission,suggested,services
community homes for people with disabilities Palmview,suggested,services
community homes for people with disabilities Peñitas,suggested,services
community homes for people with disabilities Pharr,suggested,services
community homes for people with disabilities Progreso,suggested,services
community homes for people with disabilities San Juan,suggested,services
community homes for people with disabilities Weslaco,suggested,services
community homes for persons with disabilities Alamo,suggested,regulatory
community homes for persons with disabilities Alton,suggested,regulatory
community homes for persons with disabilities Donna,suggested,regulatory
community homes for persons with disabilities Edinburg,suggested,regulatory
community homes for persons with disabilities Hidalgo,suggested,regulatory
community homes for persons with disabilities Hidalgo County,suggested,regulatory
community homes for persons with disabilities La Joya,suggested,regulatory
community homes for persons with disabilities McAllen,suggested,regulatory
community homes for persons with disabilities Mercedes,suggested,regulatory
community homes for persons with disabilities Mission,suggested,regulatory
community homes for persons with disabilities Palmview,suggested,regulatory
community homes for persons with disabilities Peñitas,suggested,regulatory
community homes for persons with disabilities Pharr,suggested,regulatory
community homes for persons with disabilities Progreso,suggested,regulatory
community homes for persons with disabilities San Juan,suggested,regulatory
community homes for persons with disabilities Weslaco,suggested,regulatory
community homes for seniors Alamo,suggested,services
community homes for seniors Alton,suggested,services
community homes for seniors Donna,suggested,services
community homes for seniors Edinburg,suggested,services
community homes for seniors Hidalgo,suggested,services
community homes for seniors Hidalgo County,suggested,services
community homes for seniors La Joya,suggested,services
community homes for seniors McAllen,suggested,services
community homes for seniors Mercedes,suggested,services
community homes for seniors Mission,suggested,services
community homes for seniors Palmview,suggested,services
community homes for seniors Peñitas,suggested,services
community homes for seniors Pharr,suggested,services
community homes for seniors Progreso,suggested,services
community homes for seniors San Juan,suggested,services
community homes for seniors Weslaco,suggested,services
community homes for young adults Alamo,suggested,services
community homes for young adults Alton,suggested,services
community homes for young adults Donna,suggested,services
community homes for young adults Edinburg,suggested,services
community homes for young adults Hidalgo,suggested,services
community homes for young adults Hidalgo County,suggested,services
community homes for young adults La Joya,suggested,services
community homes for young adults McAllen,suggested,services
community homes for young adults Mercedes,suggested,services
community homes for young adults Mission,suggested,services
community homes for young adults Palmview,suggested,services
community homes for young adults Peñitas,suggested,services
community homes for young adults Pharr,suggested,services
community homes for young adults Progreso,suggested,services
community homes for young adults San Juan,suggested,services
community homes for young adults Weslaco,suggested,services
community homes in Alamo,suggested,phrases
community homes in Alton,suggested,phrases
community homes in Donna,suggested,phrases
community homes in Edinburg,suggested,phrases
community homes in Hidalgo,suggested,phrases
community homes in Hidalgo County,suggested,phrases
community homes in La Joya,suggested,phrases
community homes in McAllen,suggested,phrases
community homes in Mercedes,suggested,phrases
community homes in Mission,suggested,phrases
community homes in Palmview,suggested,phrases
community homes in Peñitas,suggested,phrases
community homes in Pharr,suggested,phrases
community homes in Progreso,suggested,phrases
community homes in San Juan,suggested,phrases
community homes in Weslaco,suggested,phrases
community homes low-income Alamo,suggested,services
community homes low-income Alton,suggested,services
community homes low-income Donna,suggested,services
community homes low-income Edinburg,suggested,services
community homes low-income Hidalgo,suggested,services
community homes low-income Hidalgo County,suggested,services
community homes low-income La Joya,suggested,services
community homes low-income McAllen,suggested,services
community homes low-income Mercedes,suggested,services
community homes low-income Mission,suggested,services
community homes low-income Palmview,suggested,services
community homes low-income Peñitas,suggested,services
community homes low-income Pharr,suggested,services
community homes low-income Progreso,suggested,services
community homes low-income San Juan,suggested,services
community homes low-income Weslaco,suggested,services
community homes near me,suggested,phrases
community homes nonprofit Alamo,suggested,services
community homes nonprofit Alton,suggested,services
community homes nonprofit Donna,suggested,services
community homes nonprofit Edinburg,suggested,services
community homes nonprofit Hidalgo,suggested,services
community homes nonprofit Hidalgo County,suggested,services
community homes nonprofit La Joya,suggested,services
community homes nonprofit McAllen,suggested,services
community homes nonprofit Mercedes,suggested,services
community homes nonprofit Mission,suggested,services
community homes nonprofit Palmview,suggested,services
community homes nonprofit Peñitas,suggested,services
community homes nonprofit Pharr,suggested,services
community homes nonprofit Progreso,suggested,services
community homes nonprofit San Juan,suggested,services
community homes nonprofit Weslaco,suggested,services
community-based housing Alamo,suggested,services
community-based housing Alton,suggested,services
community-based housing Donna,suggested,services
community-based housing Edinburg,suggested,services
community-based housing Hidalgo,suggested,services
community-based housing Hidalgo County,suggested,services
community-based housing Hidalgo County TX,suggested,services
community-based housing Hidalgo TX,suggested,services
community-based housing La Joya,suggested,services
community-based housing McAllen,suggested,services
community-based housing Mercedes,suggested,services
community-based housing Mission,suggested,services
community-based housing Palmview,suggested,services
community-based housing Peñitas,suggested,services
community-based housing Pharr,suggested,services
community-based housing Progreso,suggested,services
community-based housing San Juan,suggested,services
community-based housing TX,suggested,services
community-based housing Texas,suggested,services
community-based housing Weslaco,suggested,services
community-based housing affordable Alamo,suggested,services
community-based housing affordable Alton,suggested,services
community-based housing affordable Donna,suggested,services
community-based housing affordable Edinburg,suggested,services
community-based housing affordable Hidalgo,suggested,services
community-based housing affordable Hidalgo County,suggested,services
community-based housing affordable La Joya,suggested,services
community-based housing affordable McAllen,suggested,services
community-based housing affordable Mercedes,suggested,services
community-based housing affordable Mission,suggested,services
community-based housing affordable Palmview,suggested,services
community-based housing affordable Peñitas,suggested,services
community-based housing affordable Pharr,suggested,services
community-based housing affordable Progreso,suggested,services
community-based housing affordable San Juan,suggested,services
community-based housing affordable Weslaco,suggested,services
community-based housing community-based Alamo,suggested,services
community-based housing community-based Alton,suggested,services
community-based housing community-based Donna,suggested,services
community-based housing community-based Edinburg,suggested,services
community-based housing community-based Hidalgo,suggested,services
community-based housing community-based Hidalgo County,suggested,services
community-based housing community-based La Joya,suggested,services
community-based housing community-based McAllen,suggested,services
community-based housing community-based Mercedes,suggested,services
community-based housing community-based Mission,suggested,services
community-based housing community-based Palmview,suggested,services
community-based housing community-based Peñitas,suggested,services
community-based housing community-based Pharr,suggested,services
community-based housing community-based Progreso,suggested,services
community-based housing community-based San Juan,suggested,services
community-based housing community-based Weslaco,suggested,services
community-based housing faith-based Alamo,suggested,services
community-based housing faith-based Alton,suggested,services
community-based housing faith-based Donna,suggested,services
community-based housing faith-based Edinburg,suggested,services
community-based housing faith-based Hidalgo,suggested,services
community-based housing faith-based Hidalgo County,suggested,services
community-based housing faith-based La Joya,suggested,services
community-based housing faith-based McAllen,suggested,services
community-based housing faith-based Mercedes,suggested,services
community-based housing faith-based Mission,suggested,services
community-based housing faith-based Palmview,suggested,services
community-based housing faith-based Peñitas,suggested,services
community-based housing faith-based Pharr,suggested,services
community-based housing faith-based Progreso,suggested,services
community-based housing faith-based San Juan,suggested,services
community-based housing faith-based Weslaco,suggested,services
community-based housing for adults Alamo,suggested,services
community-based housing for adults Alton,suggested,services
community-based housing for adults Donna,suggested,services
community-based housing for adults Edinburg,suggested,services
community-based housing for adults Hidalgo,suggested,services
community-based housing for adults Hidalgo County,suggested,services
community-based housing for adults La Joya,suggested,services
community-based housing for adults McAllen,suggested,services
community-based housing for adults Mercedes,suggested,services
community-based housing for adults Mission,suggested,services
community-based housing for adults Palmview,suggested,services
community-based housing for adults Peñitas,suggested,services
community-based housing for adults Pharr,suggested,services
community-based housing for adults Progreso,suggested,services
community-based housing for adults San Juan,suggested,services
community-based housing for adults Weslaco,suggested,services
community-based housing for autistic adults Alamo,suggested,services
community-based housing for autistic adults Alton,suggested,services
community-based housing for autistic adults Donna,suggested,services
community-based housing for autistic adults Edinburg,suggested,services
community-based housing for autistic adults Hidalgo,suggested,services
community-based housing for autistic adults Hidalgo County,suggested,services
community-based housing for autistic adults La Joya,suggested,services
community-based housing for autistic adults McAllen,suggested,services
community-based housing for autistic adults Mercedes,suggested,services
community-based housing for autistic adults Mission,suggested,services
community-based housing for autistic adults Palmview,suggested,services
community-based housing for autistic adults Peñitas,suggested,services
community-based housing for autistic adults Pharr,suggested,services
community-based housing for autistic adults Progreso,suggested,services
community-based housing for autistic adults San Juan,suggested,services
community-based housing for autistic adults Weslaco,suggested,services
community-based housing for individuals Alamo,suggested,services
community-based housing for individuals Alton,suggested,services
community-based housing for individuals Donna,suggested,services
community-based housing for individuals Edinburg,suggested,services
community-based housing for individuals Hidalgo,suggested,services
community-based housing for individuals Hidalgo County,suggested,services
community-based housing for individuals La Joya,suggested,services
community-based housing for individuals McAllen,suggested,services
community-based housing for individuals Mercedes,suggested,services
community-based housing for individuals Mission,suggested,services
community-based housing for individuals Palmview,suggested,services
community-based housing for individuals Peñitas,suggested,services
community-based housing for individuals Pharr,suggested,services
community-based housing for individuals Progreso,suggested,services
community-based housing for individuals San Juan,suggested,services
community-based housing for individuals Weslaco,suggested,services
community-based housing for neurodivergent adults Alamo,suggested,services
community-based housing for neurodivergent adults Alton,suggested,services
community-based housing for neurodivergent adults Donna,suggested,services
community-based housing for neurodivergent adults Edinburg,suggested,services
community-based housing for neurodivergent adults Hidalgo,suggested,services
community-based housing for neurodivergent adults Hidalgo County,suggested,services
community-based housing for neurodivergent adults La Joya,suggested,services
community-based housing for neurodivergent adults McAllen,suggested,services
community-based housing for neurodivergent adults Mercedes,suggested,services
community-based housing for neurodivergent adults Mission,suggested,services
community-based housing for neurodivergent adults Palmview,suggested,services
community-based housing for neurodivergent adults Peñitas,suggested,services
community-based housing for neurodivergent adults Pharr,suggested,services
community-based housing for neurodivergent adults Progreso,suggested,services
community-based housing for neurodivergent adults San Juan,suggested,services
community-based housing for neurodivergent adults Weslaco,suggested,services
community-based housing for people with disabilities Alamo,suggested,services
community-based housing for people with disabilities Alton,suggested,services
community-based housing for people with disabilities Donna,suggested,services
community-based housing for people with disabilities Edinburg,suggested,services
community-based housing for people with disabilities Hidalgo,suggested,services
community-based housing for people with disabilities Hidalgo County,suggested,services
community-based housing for people with disabilities La Joya,suggested,services
community-based housing for people with disabilities McAllen,suggested,services
community-based housing for people with disabilities Mercedes,suggested,services
community-based housing for people with disabilities Mission,suggested,services
community-based housing for people with disabilities Palmview,suggested,services
community-based housing for people with disabilities Peñitas,suggested,services
community-based housing for people with disabilities Pharr,suggested,services
community-based housing for people with disabilities Progreso,suggested,services
community-based housing for people with disabilities San Juan,suggested,services
community-based housing for people with disabilities Weslaco,suggested,services
community-based housing for seniors Alamo,suggested,services
community-based housing for seniors Alton,suggested,services
community-based housing for seniors Donna,suggested,services
community-based housing for seniors Edinburg,suggested,services
community-based housing for seniors Hidalgo,suggested,services
community-based housing for seniors Hidalgo County,suggested,services
community-based housing for seniors La Joya,suggested,services
community-based housing for seniors McAllen,suggested,services
community-based housing for seniors Mercedes,suggested,services
community-based housing for seniors Mission,suggested,services
community-based housing for seniors Palmview,suggested,services
community-based housing for seniors Peñitas,suggested,services
community-based housing for seniors Pharr,suggested,services
community-based housing for seniors Progreso,suggested,services
community-based housing for seniors San Juan,suggested,services
community-based housing for seniors Weslaco,suggested,services
community-based housing for young adults Alamo,suggested,services
community-based housing for young adults Alton,suggested,services
community-based housing for young adults Donna,suggested,services
community-based housing for young adults Edinburg,suggested,services
community-based housing for young adults Hidalgo,suggested,services
community-based housing for young adults Hidalgo County,suggested,services
community-based housing for young adults La Joya,suggested,services
community-based housing for young adults McAllen,suggested,services
community-based housing for young adults Mercedes,suggested,services
community-based housing for young adults Mission,suggested,services
community-based housing for young adults Palmview,suggested,services
community-based housing for young adults Peñitas,suggested,services
community-based housing for young adults Pharr,suggested,services
community-based housing for young adults Progreso,suggested,services
community-based housing for young adults San Juan,suggested,services
community-based housing for young adults Weslaco,suggested,services
community-based housing in Alamo,suggested,services
community-based housing in Alton,suggested,services
community-based housing in Donna,suggested,services
community-based housing in Edinburg,suggested,services
community-based housing in Hidalgo,suggested,services
community-based housing in Hidalgo County,suggested,services
community-based housing in La Joya,suggested,services
community-based housing in McAllen,suggested,services
community-based housing in Mercedes,suggested,services
community-based housing in Mission,suggested,services
community-based housing in Palmview,suggested,services
community-based housing in Peñitas,suggested,services
community-based housing in Pharr,suggested,services
community-based housing in Progreso,suggested,services
community-based housing in San Juan,suggested,services
community-based housing in Weslaco,suggested,services
community-based housing low-income Alamo,suggested,services
community-based housing low-income Alton,suggested,services
community-based housing low-income Donna,suggested,services
community-based housing low-income Edinburg,suggested,services
community-based housing low-income Hidalgo,suggested,services
community-based housing low-income Hidalgo County,suggested,services
community-based housing low-income La Joya,suggested,services
community-based housing low-income McAllen,suggested,services
community-based housing low-income Mercedes,suggested,services
community-based housing low-income Mission,suggested,services
community-based housing low-income Palmview,suggested,services
community-based housing low-income Peñitas,suggested,services
community-based housing low-income Pharr,suggested,services
community-based housing low-income Progreso,suggested,services
community-based housing low-income San Juan,suggested,services
community-based housing low-income Weslaco,suggested,services
community-based housing near me,suggested,services
community-based housing nonprofit Alamo,suggested,services
community-based housing nonprofit Alton,suggested,services
community-based housing nonprofit Donna,suggested,services
community-based housing nonprofit Edinburg,suggested,services
community-based housing nonprofit Hidalgo,suggested,services
community-based housing nonprofit Hidalgo County,suggested,services
community-based housing nonprofit La Joya,suggested,services
community-based housing nonprofit McAllen,suggested,services
community-based housing nonprofit Mercedes,suggested,services
community-based housing nonprofit Mission,suggested,services
community-based housing nonprofit Palmview,suggested,services
community-based housing nonprofit Peñitas,suggested,services
community-based housing nonprofit Pharr,suggested,services
community-based housing nonprofit Progreso,suggested,services
community-based housing nonprofit San Juan,suggested,services
community-based housing nonprofit Weslaco,suggested,services
compañeros de cuarto Alamo TX,suggested,spanish
compañeros de cuarto Donna TX,suggested,spanish
compañeros de cuarto Edinburg TX,suggested,spanish
compañeros de cuarto Hidalgo TX,suggested,spanish
compañeros de cuarto McAllen TX,suggested,spanish
compañeros de cuarto Mercedes TX,suggested,spanish
compañeros de cuarto Mission TX,suggested,spanish
compañeros de cuarto Pharr TX,suggested,spanish
compañeros de cuarto San Juan TX,suggested,spanish
compañeros de cuarto Weslaco TX,suggested,spanish
cooperative living Alamo,suggested,phrases
cooperative living Alton,suggested,phrases
cooperative living Donna,suggested,phrases
cooperative living Edinburg,suggested,phrases
cooperative living Hidalgo,suggested,phrases
cooperative living Hidalgo County,suggested,phrases
cooperative living Hidalgo County TX,suggested,phrases
cooperative living Hidalgo TX,suggested,phrases
cooperative living La Joya,suggested,phrases
cooperative living McAllen,suggested,phrases
cooperative living Mercedes,suggested,phrases
cooperative living Mission,suggested,phrases
cooperative living Palmview,suggested,phrases
cooperative living Peñitas,suggested,phrases
cooperative living Pharr,suggested,phrases
cooperative living Progreso,suggested,phrases
cooperative living San Juan,suggested,phrases
cooperative living TX,suggested,phrases
cooperative living Texas,suggested,phrases
cooperative living Weslaco,suggested,phrases
cooperative living affordable Alamo,suggested,services
cooperative living affordable Alton,suggested,services
cooperative living affordable Donna,suggested,services
cooperative living affordable Edinburg,suggested,services
cooperative living affordable Hidalgo,suggested,services
cooperative living affordable Hidalgo County,suggested,services
cooperative living affordable La Joya,suggested,services
cooperative living affordable McAllen,suggested,services
cooperative living affordable Mercedes,suggested,services
cooperative living affordable Mission,suggested,services
cooperative living affordable Palmview,suggested,services
cooperative living affordable Peñitas,suggested,services
cooperative living affordable Pharr,suggested,services
cooperative living affordable Progreso,suggested,services
cooperative living affordable San Juan,suggested,services
cooperative living affordable Weslaco,suggested,services
cooperative living community-based Alamo,suggested,services
cooperative living community-based Alton,suggested,services
cooperative living community-based Donna,suggested,services
cooperative living community-based Edinburg,suggested,services
cooperative living community-based Hidalgo,suggested,services
cooperative living community-based Hidalgo County,suggested,services
cooperative living community-based La Joya,suggested,services
cooperative living community-based McAllen,suggested,services
cooperative living community-based Mercedes,suggested,services
cooperative living community-based Mission,suggested,services
cooperative living community-based Palmview,suggested,services
cooperative living community-based Peñitas,suggested,services
cooperative living community-based Pharr,suggested,services
cooperative living community-based Progreso,suggested,services
cooperative living community-based San Juan,suggested,services
cooperative living community-based Weslaco,suggested,services
cooperative living faith-based Alamo,suggested,services
cooperative living faith-based Alton,suggested,services
cooperative living faith-based Donna,suggested,services
cooperative living faith-based Edinburg,suggested,services
cooperative living faith-based Hidalgo,suggested,services
cooperative living faith-based Hidalgo County,suggested,services
cooperative living faith-based La Joya,suggested,services
cooperative living faith-based McAllen,suggested,services
cooperative living faith-based Mercedes,suggested,services
cooperative living faith-based Mission,suggested,services
cooperative living faith-based Palmview,suggested,services
cooperative living faith-based Peñitas,suggested,services
cooperative living faith-based Pharr,suggested,services
cooperative living faith-based Progreso,suggested,services
cooperative living faith-based San Juan,suggested,services
cooperative living faith-based Weslaco,suggested,services
cooperative living for adults Alamo,suggested,services
cooperative living for adults Alton,suggested,services
cooperative living for adults Donna,suggested,services
cooperative living for adults Edinburg,suggested,services
cooperative living for adults Hidalgo,suggested,services
cooperative living for adults Hidalgo County,suggested,services
cooperative living for adults La Joya,suggested,services
cooperative living for adults McAllen,suggested,services
cooperative living for adults Mercedes,suggested,services
cooperative living for adults Mission,suggested,services
cooperative living for adults Palmview,suggested,services
cooperative living for adults Peñitas,suggested,services
cooperative living for adults Pharr,suggested,services
cooperative living for adults Progreso,suggested,services
cooperative living for adults San Juan,suggested,services
cooperative living for adults Weslaco,suggested,services
cooperative living for autistic adults Alamo,suggested,services
cooperative living for autistic adults Alton,suggested,services
cooperative living for autistic adults Donna,suggested,services
cooperative living for autistic adults Edinburg,suggested,services
cooperative living for autistic adults Hidalgo,suggested,services
cooperative living for autistic adults Hidalgo County,suggested,services
cooperative living for autistic adults La Joya,suggested,services
cooperative living for autistic adults McAllen,suggested,services
cooperative living for autistic adults Mercedes,suggested,services
cooperative living for autistic adults Mission,suggested,services
cooperative living for autistic adults Palmview,suggested,services
cooperative living for autistic adults Peñitas,suggested,services
cooperative living for autistic adults Pharr,suggested,services
cooperative living for autistic adults Progreso,suggested,services
cooperative living for autistic adults San Juan,suggested,services
cooperative living for autistic adults Weslaco,suggested,services
cooperative living for individuals Alamo,suggested,services
cooperative living for individuals Alton,suggested,services
cooperative living for individuals Donna,suggested,services
cooperative living for individuals Edinburg,suggested,services
cooperative living for individuals Hidalgo,suggested,services
cooperative living for individuals Hidalgo County,suggested,services
cooperative living for individuals La Joya,suggested,services
cooperative living for individuals McAllen,suggested,services
cooperative living for individuals Mercedes,suggested,services
cooperative living for individuals Mission,suggested,services
cooperative living for individuals Palmview,suggested,services
cooperative living for individuals Peñitas,suggested,services
cooperative living for individuals Pharr,suggested,services
cooperative living for individuals Progreso,suggested,services
cooperative living for individuals San Juan,suggested,services
cooperative living for individuals Weslaco,suggested,services
cooperative living for neurodivergent adults Alamo,suggested,services
cooperative living for neurodivergent adults Alton,suggested,services
cooperative living for neurodivergent adults Donna,suggested,services
cooperative living for neurodivergent adults Edinburg,suggested,services
cooperative living for neurodivergent adults Hidalgo,suggested,services
cooperative living for neurodivergent adults Hidalgo County,suggested,services
cooperative living for neurodivergent adults La Joya,suggested,services
cooperative living for neurodivergent adults McAllen,suggested,services
cooperative living for neurodivergent adults Mercedes,suggested,services
cooperative living for neurodivergent adults Mission,suggested,services
cooperative living for neurodivergent adults Palmview,suggested,services
cooperative living for neurodivergent adults Peñitas,suggested,services
cooperative living for neurodivergent adults Pharr,suggested,services
cooperative living for neurodivergent adults Progreso,suggested,services
cooperative living for neurodivergent adults San Juan,suggested,services
cooperative living for neurodivergent adults Weslaco,suggested,services
cooperative living for people with disabilities Alamo,suggested,services
cooperative living for people with disabilities Alton,suggested,services
cooperative living for people with disabilities Donna,suggested,services
cooperative living for people with disabilities Edinburg,suggested,services
cooperative living for people with disabilities Hidalgo,suggested,services
cooperative living for people with disabilities Hidalgo County,suggested,services
cooperative living for people with disabilities La Joya,suggested,services
cooperative living for people with disabilities McAllen,suggested,services
cooperative living for people with disabilities Mercedes,suggested,services
cooperative living for people with disabilities Mission,suggested,services
cooperative living for people with disabilities Palmview,suggested,services
cooperative living for people with disabilities Peñitas,suggested,services
cooperative living for people with disabilities Pharr,suggested,services
cooperative living for people with disabilities Progreso,suggested,services
cooperative living for people with disabilities San Juan,suggested,services
cooperative living for people with disabilities Weslaco,suggested,services
cooperative living for seniors Alamo,suggested,services
cooperative living for seniors Alton,suggested,services
cooperative living for seniors Donna,suggested,services
cooperative living for seniors Edinburg,suggested,services
cooperative living for seniors Hidalgo,suggested,services
cooperative living for seniors Hidalgo County,suggested,services
cooperative living for seniors La Joya,suggested,services
cooperative living for seniors McAllen,suggested,services
cooperative living for seniors Mercedes,suggested,services
cooperative living for seniors Mission,suggested,services
cooperative living for seniors Palmview,suggested,services
cooperative living for seniors Peñitas,suggested,services
cooperative living for seniors Pharr,suggested,services
cooperative living for seniors Progreso,suggested,services
cooperative living for seniors San Juan,suggested,services
cooperative living for seniors Weslaco,suggested,services
cooperative living for young adults Alamo,suggested,services
cooperative living for young adults Alton,suggested,services
cooperative living for young adults Donna,suggested,services
cooperative living for young adults Edinburg,suggested,services
cooperative living for young adults Hidalgo,suggested,services
cooperative living for young adults Hidalgo County,suggested,services
cooperative living for young adults La Joya,suggested,services
cooperative living for young adults McAllen,suggested,services
cooperative living for young adults Mercedes,suggested,services
cooperative living for young adults Mission,suggested,services
cooperative living for young adults Palmview,suggested,services
cooperative living for young adults Peñitas,suggested,services
cooperative living for young adults Pharr,suggested,services
cooperative living for young adults Progreso,suggested,services
cooperative living for young adults San Juan,suggested,services
cooperative living for young adults Weslaco,suggested,services
cooperative living in Alamo,suggested,phrases
cooperative living in Alton,suggested,phrases
cooperative living in Donna,suggested,phrases
cooperative living in Edinburg,suggested,phrases
cooperative living in Hidalgo,suggested,phrases
cooperative living in Hidalgo County,suggested,phrases
cooperative living in La Joya,suggested,phrases
cooperative living in McAllen,suggested,phrases
cooperative living in Mercedes,suggested,phrases
cooperative living in Mission,suggested,phrases
cooperative living in Palmview,suggested,phrases
cooperative living in Peñitas,suggested,phrases
cooperative living in Pharr,suggested,phrases
cooperative living in Progreso,suggested,phrases
cooperative living in San Juan,suggested,phrases
cooperative living in Weslaco,suggested,phrases
cooperative living low-income Alamo,suggested,services
cooperative living low-income Alton,suggested,services
cooperative living low-income Donna,suggested,services
cooperative living low-income Edinburg,suggested,services
cooperative living low-income Hidalgo,suggested,services
cooperative living low-income Hidalgo County,suggested,services
cooperative living low-income La Joya,suggested,services
cooperative living low-income McAllen,suggested,services
cooperative living low-income Mercedes,suggested,services
cooperative living low-income Mission,suggested,services
cooperative living low-income Palmview,suggested,services
cooperative living low-income Peñitas,suggested,services
cooperative living low-income Pharr,suggested,services
cooperative living low-income Progreso,suggested,services
cooperative living low-income San Juan,suggested,services
cooperative living low-income Weslaco,suggested,services
cooperative living near me,suggested,phrases
cooperative living nonprofit Alamo,suggested,services
cooperative living nonprofit Alton,suggested,services
cooperative living nonprofit Donna,suggested,services
cooperative living nonprofit Edinburg,suggested,services
cooperative living nonprofit Hidalgo,suggested,services
cooperative living nonprofit Hidalgo County,suggested,services
cooperative living nonprofit La Joya,suggested,services
cooperative living nonprofit McAllen,suggested,services
cooperative living nonprofit Mercedes,suggested,services
cooperative living nonprofit Mission,suggested,services
cooperative living nonprofit Palmview,suggested,services
cooperative living nonprofit Peñitas,suggested,services
cooperative living nonprofit Pharr,suggested,services
cooperative living nonprofit Progreso,suggested,services
cooperative living nonprofit San Juan,suggested,services
cooperative living nonprofit Weslaco,suggested,services
cuartos en renta Alamo TX,suggested,spanish
cuartos en renta Donna TX,suggested,spanish
cuartos en renta Edinburg TX,suggested,spanish
cuartos en renta Hidalgo TX,suggested,spanish
cuartos en renta McAllen TX,suggested,spanish
cuartos en renta Mercedes TX,suggested,spanish
cuartos en renta Mission TX,suggested,spanish
cuartos en renta Pharr TX,suggested,spanish
cuartos en renta San Juan TX,suggested,spanish
cuartos en renta Weslaco TX,suggested,spanish
disability housing Alamo,suggested,phrases
disability housing Alton,suggested,phrases
disability housing Donna,suggested,phrases
disability housing Edinburg,suggested,phrases
disability housing Hidalgo,suggested,phrases
disability housing Hidalgo County,suggested,phrases
disability housing Hidalgo County TX,suggested,phrases
disability housing Hidalgo TX,suggested,phrases
disability housing La Joya,suggested,phrases
disability housing McAllen,suggested,phrases
disability housing Mercedes,suggested,phrases
disability housing Mission,suggested,phrases
disability housing Palmview,suggested,phrases
disability housing Peñitas,suggested,phrases
disability housing Pharr,suggested,phrases
disability housing Progreso,suggested,phrases
disability housing San Juan,suggested,phrases
disability housing TX,suggested,phrases
disability housing Texas,suggested,phrases
disability housing Weslaco,suggested,phrases
disability housing affordable Alamo,suggested,services
disability housing affordable Alton,suggested,services
disability housing affordable Donna,suggested,services
disability housing affordable Edinburg,suggested,services
disability housing affordable Hidalgo,suggested,services
disability housing affordable Hidalgo County,suggested,services
disability housing affordable La Joya,suggested,services
disability housing affordable McAllen,suggested,services
disability housing affordable Mercedes,suggested,services
disability housing affordable Mission,suggested,services
disability housing affordable Palmview,suggested,services
disability housing affordable Peñitas,suggested,services
disability housing affordable Pharr,suggested,services
disability housing affordable Progreso,suggested,services
disability housing affordable San Juan,suggested,services
disability housing affordable Weslaco,suggested,services
disability housing community-based Alamo,suggested,services
disability housing community-based Alton,suggested,services
disability housing community-based Donna,suggested,services
disability housing community-based Edinburg,suggested,services
disability housing community-based Hidalgo,suggested,services
disability housing community-based Hidalgo County,suggested,services
disability housing community-based La Joya,suggested,services
disability housing community-based McAllen,suggested,services
disability housing community-based Mercedes,suggested,services
disability housing community-based Mission,suggested,services
disability housing community-based Palmview,suggested,services
disability housing community-based Peñitas,suggested,services
disability housing community-based Pharr,suggested,services
disability housing community-based Progreso,suggested,services
disability housing community-based San Juan,suggested,services
disability housing community-based Weslaco,suggested,services
disability housing faith-based Alamo,suggested,services
disability housing faith-based Alton,suggested,services
disability housing faith-based Donna,suggested,services
disability housing faith-based Edinburg,suggested,services
disability housing faith-based Hidalgo,suggested,services
disability housing faith-based Hidalgo County,suggested,services
disability housing faith-based La Joya,suggested,services
disability housing faith-based McAllen,suggested,services
disability housing faith-based Mercedes,suggested,services
disability housing faith-based Mission,suggested,services
disability housing faith-based Palmview,suggested,services
disability housing faith-based Peñitas,suggested,services
disability housing faith-based Pharr,suggested,services
disability housing faith-based Progreso,suggested,services
disability housing faith-based San Juan,suggested,services
disability housing faith-based Weslaco,suggested,services
disability housing for adults Alamo,suggested,services
disability housing for adults Alton,suggested,services
disability housing for adults Donna,suggested,services
disability housing for adults Edinburg,suggested,services
disability housing for adults Hidalgo,suggested,services
disability housing for adults Hidalgo County,suggested,services
disability housing for adults La Joya,suggested,services
disability housing for adults McAllen,suggested,services
disability housing for adults Mercedes,suggested,services
disability housing for adults Mission,suggested,services
disability housing for adults Palmview,suggested,services
disability housing for adults Peñitas,suggested,services
disability housing for adults Pharr,suggested,services
disability housing for adults Progreso,suggested,services
disability housing for adults San Juan,suggested,services
disability housing for adults Weslaco,suggested,services
disability housing for autistic adults Alamo,suggested,services
disability housing for autistic adults Alton,suggested,services
disability housing for autistic adults Donna,suggested,services
disability housing for autistic adults Edinburg,suggested,services
disability housing for autistic adults Hidalgo,suggested,services
disability housing for autistic adults Hidalgo County,suggested,services
disability housing for autistic adults La Joya,suggested,services
disability housing for autistic adults McAllen,suggested,services
disability housing for autistic adults Mercedes,suggested,services
disability housing for autistic adults Mission,suggested,services
disability housing for autistic adults Palmview,suggested,services
disability housing for autistic adults Peñitas,suggested,services
disability housing for autistic adults Pharr,suggested,services
disability housing for autistic adults Progreso,suggested,services
disability housing for autistic adults San Juan,suggested,services
disability housing for autistic adults Weslaco,suggested,services
disability housing for individuals Alamo,suggested,services
disability housing for individuals Alton,suggested,services
disability housing for individuals Donna,suggested,services
disability housing for individuals Edinburg,suggested,services
disability housing for individuals Hidalgo,suggested,services
disability housing for individuals Hidalgo County,suggested,services
disability housing for individuals La Joya,suggested,services
disability housing for individuals McAllen,suggested,services
disability housing for individuals Mercedes,suggested,services
disability housing for individuals Mission,suggested,services
disability housing for individuals Palmview,suggested,services
disability housing for individuals Peñitas,suggested,services
disability housing for individuals Pharr,suggested,services
disability housing for individuals Progreso,suggested,services
disability housing for individuals San Juan,suggested,services
disability housing for individuals Weslaco,suggested,services
disability housing for neurodivergent adults Alamo,suggested,services
disability housing for neurodivergent adults Alton,suggested,services
disability housing for neurodivergent adults Donna,suggested,services
disability housing for neurodivergent adults Edinburg,suggested,services
disability housing for neurodivergent adults Hidalgo,suggested,services
disability housing for neurodivergent adults Hidalgo County,suggested,services
disability housing for neurodivergent adults La Joya,suggested,services
disability housing for neurodivergent adults McAllen,suggested,services
disability housing for neurodivergent adults Mercedes,suggested,services
disability housing for neurodivergent adults Mission,suggested,services
disability housing for neurodivergent adults Palmview,suggested,services
disability housing for neurodivergent adults Peñitas,suggested,services
disability housing for neurodivergent adults Pharr,suggested,services
disability housing for neurodivergent adults Progreso,suggested,services
disability housing for neurodivergent adults San Juan,suggested,services
disability housing for neurodivergent adults Weslaco,suggested,services
disability housing for people with disabilities Alamo,suggested,services
disability housing for people with disabilities Alton,suggested,services
disability housing for people with disabilities Donna,suggested,services
disability housing for people with disabilities Edinburg,suggested,services
disability housing for people with disabilities Hidalgo,suggested,services
disability housing for people with disabilities Hidalgo County,suggested,services
disability housing for people with disabilities La Joya,suggested,services
disability housing for people with disabilities McAllen,suggested,services
disability housing for people with disabilities Mercedes,suggested,services
disability housing for people with disabilities Mission,suggested,services
disability housing for people with disabilities Palmview,suggested,services
disability housing for people with disabilities Peñitas,suggested,services
disability housing for people with disabilities Pharr,suggested,services
disability housing for people with disabilities Progreso,suggested,services
disability housing for people with disabilities San Juan,suggested,services
disability housing for people with disabilities Weslaco,suggested,services
disability housing for seniors Alamo,suggested,services
disability housing for seniors Alton,suggested,services
disability housing for seniors Donna,suggested,services
disability housing for seniors Edinburg,suggested,services
disability housing for seniors Hidalgo,suggested,services
disability housing for seniors Hidalgo County,suggested,services
disability housing for seniors La Joya,suggested,services
disability housing for seniors McAllen,suggested,services
disability housing for seniors Mercedes,suggested,services
disability housing for seniors Mission,suggested,services
disability housing for seniors Palmview,suggested,services
disability housing for seniors Peñitas,suggested,services
disability housing for seniors Pharr,suggested,services
disability housing for seniors Progreso,suggested,services
disability housing for seniors San Juan,suggested,services
disability housing for seniors Weslaco,suggested,services
disability housing for young adults Alamo,suggested,services
disability housing for young adults Alton,suggested,services
disability housing for young adults Donna,suggested,services
disability housing for young adults Edinburg,suggested,services
disability housing for young adults Hidalgo,suggested,services
disability housing for young adults Hidalgo County,suggested,services
disability housing for young adults La Joya,suggested,services
disability housing for young adults McAllen,suggested,services
disability housing for young adults Mercedes,suggested,services
disability housing for young adults Mission,suggested,services
disability housing for young adults Palmview,suggested,services
disability housing for young adults Peñitas,suggested,services
disability housing for young adults Pharr,suggested,services
disability housing for young adults Progreso,suggested,services
disability housing for young adults San Juan,suggested,services
disability housing for young adults Weslaco,suggested,services
disability housing in Alamo,suggested,phrases
disability housing in Alton,suggested,phrases
disability housing in Donna,suggested,phrases
disability housing in Edinburg,suggested,phrases
disability housing in Hidalgo,suggested,phrases
disability housing in Hidalgo County,suggested,phrases
disability housing in La Joya,suggested,phrases
disability housing in McAllen,suggested,phrases
disability housing in Mercedes,suggested,phrases
disability housing in Mission,suggested,phrases
disability housing in Palmview,suggested,phrases
disability housing in Peñitas,suggested,phrases
disability housing in Pharr,suggested,phrases
disability housing in Progreso,suggested,phrases
disability housing in San Juan,suggested,phrases
disability housing in Weslaco,suggested,phrases
disability housing low-income Alamo,suggested,services
disability housing low-income Alton,suggested,services
disability housing low-income Donna,suggested,services
disability housing low-income Edinburg,suggested,services
disability housing low-income Hidalgo,suggested,services
disability housing low-income Hidalgo County,suggested,services
disability housing low-income La Joya,suggested,services
disability housing low-income McAllen,suggested,services
disability housing low-income Mercedes,suggested,services
disability housing low-income Mission,suggested,services
disability housing low-income Palmview,suggested,services
disability housing low-income Peñitas,suggested,services
disability housing low-income Pharr,suggested,services
disability housing low-income Progreso,suggested,services
disability housing low-income San Juan,suggested,services
disability housing low-income Weslaco,suggested,services
disability housing near me,suggested,phrases
disability housing nonprofit Alamo,suggested,services
disability housing nonprofit Alton,suggested,services
disability housing nonprofit Donna,suggested,services
disability housing nonprofit Edinburg,suggested,services
disability housing nonprofit Hidalgo,suggested,services
disability housing nonprofit Hidalgo County,suggested,services
disability housing nonprofit La Joya,suggested,services
disability housing nonprofit McAllen,suggested,services
disability housing nonprofit Mercedes,suggested,services
disability housing nonprofit Mission,suggested,services
disability housing nonprofit Palmview,suggested,services
disability housing nonprofit Peñitas,suggested,services
disability housing nonprofit Pharr,suggested,services
disability housing nonprofit Progreso,suggested,services
disability housing nonprofit San Juan,suggested,services
disability housing nonprofit Weslaco,suggested,services
group homes Alamo,suggested,core+local
group homes Alton,suggested,core+local
group homes Donna,suggested,core+local
group homes Edinburg,suggested,phrases
group homes Hidalgo,suggested,core+local
group homes Hidalgo County,suggested,core+local
group homes Hidalgo County TX,suggested,phrases
group homes Hidalgo TX,suggested,phrases
group homes La Joya,suggested,core+local
group homes Mercedes,suggested,core+local
group homes Mission,suggested,core+local
group homes Palmview,suggested,core+local
group homes Peñitas,suggested,core+local
group homes Pharr,suggested,core+local
group homes Progreso,suggested,core+local
group homes San Juan,suggested,core+local
group homes TX,suggested,phrases
group homes Texas,suggested,phrases
group homes Weslaco,suggested,core+local
group homes affordable Alamo,suggested,services
group homes affordable Alton,suggested,services
group homes affordable Donna,suggested,services
group homes affordable Edinburg,suggested,services
group homes affordable Hidalgo,suggested,services
group homes affordable Hidalgo County,suggested,services
group homes affordable La Joya,suggested,services
group homes affordable McAllen,suggested,services
group homes affordable Mercedes,suggested,services
group homes affordable Mission,suggested,services
group homes affordable Palmview,suggested,services
group homes affordable Peñitas,suggested,services
group homes affordable Pharr,suggested,services
group homes affordable Progreso,suggested,services
group homes affordable San Juan,suggested,services
group homes affordable Weslaco,suggested,services
group homes community-based Alamo,suggested,services
group homes community-based Alton,suggested,services
group homes community-based Donna,suggested,services
group homes community-based Edinburg,suggested,services
group homes community-based Hidalgo,suggested,services
group homes community-based Hidalgo County,suggested,services
group homes community-based La Joya,suggested,services
group homes community-based McAllen,suggested,services
group homes community-based Mercedes,suggested,services
group homes community-based Mission,suggested,services
group homes community-based Palmview,suggested,services
group homes community-based Peñitas,suggested,services
group homes community-based Pharr,suggested,services
group homes community-based Progreso,suggested,services
group homes community-based San Juan,suggested,services
group homes community-based Weslaco,suggested,services
group homes faith-based Alamo,suggested,services
group homes faith-based Alton,suggested,services
group homes faith-based Donna,suggested,services
group homes faith-based Edinburg,suggested,services
group homes faith-based Hidalgo,suggested,services
group homes faith-based Hidalgo County,suggested,services
group homes faith-based La Joya,suggested,services
group homes faith-based McAllen,suggested,services
group homes faith-based Mercedes,suggested,services
group homes faith-based Mission,suggested,services
group homes faith-based Palmview,suggested,services
group homes faith-based Peñitas,suggested,services
group homes faith-based Pharr,suggested,services
group homes faith-based Progreso,suggested,services
group homes faith-based San Juan,suggested,services
group homes faith-based Weslaco,suggested,services
group homes for adults Alamo,suggested,services
group homes for adults Alton,suggested,services
group homes for adults Donna,suggested,services
group homes for adults Edinburg,suggested,services
group homes for adults Hidalgo,suggested,services
group homes for adults Hidalgo County,suggested,services
group homes for adults La Joya,suggested,services
group homes for adults McAllen,suggested,services
group homes for adults Mercedes,suggested,services
group homes for adults Mission,suggested,services
group homes for adults Palmview,suggested,services
group homes for adults Peñitas,suggested,services
group homes for adults Pharr,suggested,services
group homes for adults Progreso,suggested,services
group homes for adults San Juan,suggested,services
group homes for adults Weslaco,suggested,services
group homes for autistic adults Alamo,suggested,services
group homes for autistic adults Alton,suggested,services
group homes for autistic adults Donna,suggested,services
group homes for autistic adults Edinburg,suggested,services
group homes for autistic adults Hidalgo,suggested,services
group homes for autistic adults Hidalgo County,suggested,services
group homes for autistic adults La Joya,suggested,services
group homes for autistic adults McAllen,suggested,services
group homes for autistic adults Mercedes,suggested,services
group homes for autistic adults Mission,suggested,services
group homes for autistic adults Palmview,suggested,services
group homes for autistic adults Peñitas,suggested,services
group homes for autistic adults Pharr,suggested,services
group homes for autistic adults Progreso,suggested,services
group homes for autistic adults San Juan,suggested,services
group homes for autistic adults Weslaco,suggested,services
group homes for individuals Alamo,suggested,services
group homes for individuals Alton,suggested,services
group homes for individuals Donna,suggested,services
group homes for individuals Edinburg,suggested,services
group homes for individuals Hidalgo,suggested,services
group homes for individuals Hidalgo County,suggested,services
group homes for individuals La Joya,suggested,services
group homes for individuals McAllen,suggested,services
group homes for individuals Mercedes,suggested,services
group homes for individuals Mission,suggested,services
group homes for individuals Palmview,suggested,services
group homes for individuals Peñitas,suggested,services
group homes for individuals Pharr,suggested,services
group homes for individuals Progreso,suggested,services
group homes for individuals San Juan,suggested,services
group homes for individuals Weslaco,suggested,services
group homes for neurodivergent adults Alamo,suggested,services
group homes for neurodivergent adults Alton,suggested,services
group homes for neurodivergent adults Donna,suggested,services
group homes for neurodivergent adults Edinburg,suggested,services
group homes for neurodivergent adults Hidalgo,suggested,services
group homes for neurodivergent adults Hidalgo County,suggested,services
group homes for neurodivergent adults La Joya,suggested,services
group homes for neurodivergent adults McAllen,suggested,services
group homes for neurodivergent adults Mercedes,suggested,services
group homes for neurodivergent adults Mission,suggested,services
group homes for neurodivergent adults Palmview,suggested,services
group homes for neurodivergent adults Peñitas,suggested,services
group homes for neurodivergent adults Pharr,suggested,services
group homes for neurodivergent adults Progreso,suggested,services
group homes for neurodivergent adults San Juan,suggested,services
group homes for neurodivergent adults Weslaco,suggested,services
group homes for people with disabilities Alamo,suggested,services
group homes for people with disabilities Alton,suggested,services
group homes for people with disabilities Donna,suggested,services
group homes for people with disabilities Edinburg,suggested,services
group homes for people with disabilities Hidalgo,suggested,services
group homes for people with disabilities Hidalgo County,suggested,services
group homes for people with disabilities La Joya,suggested,services
group homes for people with disabilities McAllen,suggested,services
group homes for people with disabilities Mercedes,suggested,services
group homes for people with disabilities Mission,suggested,services
group homes for people with disabilities Palmview,suggested,services
group homes for people with disabilities Peñitas,suggested,services
group homes for people with disabilities Pharr,suggested,services
group homes for people with disabilities Progreso,suggested,services
group homes for people with disabilities San Juan,suggested,services
group homes for people with disabilities Weslaco,suggested,services
group homes for seniors Alamo,suggested,services
group homes for seniors Alton,suggested,services
group homes for seniors Donna,suggested,services
group homes for seniors Edinburg,suggested,services
group homes for seniors Hidalgo,suggested,services
group homes for seniors Hidalgo County,suggested,services
group homes for seniors La Joya,suggested,services
group homes for seniors McAllen,suggested,services
group homes for seniors Mercedes,suggested,services
group homes for seniors Mission,suggested,services
group homes for seniors Palmview,suggested,services
group homes for seniors Peñitas,suggested,services
group homes for seniors Pharr,suggested,services
group homes for seniors Progreso,suggested,services
group homes for seniors San Juan,suggested,services
group homes for seniors Weslaco,suggested,services
group homes for young adults Alamo,suggested,services
group homes for young adults Alton,suggested,services
group homes for young adults Donna,suggested,services
group homes for young adults Edinburg,suggested,services
group homes for young adults Hidalgo,suggested,services
group homes for young adults Hidalgo County,suggested,services
group homes for young adults La Joya,suggested,services
group homes for young adults McAllen,suggested,services
group homes for young adults Mercedes,suggested,services
group homes for young adults Mission,suggested,services
group homes for young adults Palmview,suggested,services
group homes for young adults Peñitas,suggested,services
group homes for young adults Pharr,suggested,services
group homes for young adults Progreso,suggested,services
group homes for young adults San Juan,suggested,services
group homes for young adults Weslaco,suggested,services
group homes in Alamo,suggested,phrases
group homes in Alton,suggested,phrases
group homes in Donna,suggested,phrases
group homes in Edinburg,suggested,phrases
group homes in Hidalgo,suggested,phrases
group homes in Hidalgo County,suggested,phrases
group homes in La Joya,suggested,phrases
group homes in McAllen,suggested,phrases
group homes in Mercedes,suggested,phrases
group homes in Mission,suggested,phrases
group homes in Palmview,suggested,phrases
group homes in Peñitas,suggested,phrases
group homes in Pharr,suggested,phrases
group homes in Progreso,suggested,phrases
group homes in San Juan,suggested,phrases
group homes in Weslaco,suggested,phrases
group homes low-income Alamo,suggested,services
group homes low-income Alton,suggested,services
group homes low-income Donna,suggested,services
group homes low-income Edinburg,suggested,services
group homes low-income Hidalgo,suggested,services
group homes low-income Hidalgo County,suggested,services
group homes low-income La Joya,suggested,services
group homes low-income McAllen,suggested,services
group homes low-income Mercedes,suggested,services
group homes low-income Mission,suggested,services
group homes low-income Palmview,suggested,services
group homes low-income Peñitas,suggested,services
group homes low-income Pharr,suggested,services
group homes low-income Progreso,suggested,services
group homes low-income San Juan,suggested,services
group homes low-income Weslaco,suggested,services
group homes near me,suggested,phrases
group homes nonprofit Alamo,suggested,services
group homes nonprofit Alton,suggested,services
group homes nonprofit Donna,suggested,services
group homes nonprofit Edinburg,suggested,services
group homes nonprofit Hidalgo,suggested,services
group homes nonprofit Hidalgo County,suggested,services
group homes nonprofit La Joya,suggested,services
group homes nonprofit McAllen,suggested,services
group homes nonprofit Mercedes,suggested,services
group homes nonprofit Mission,suggested,services
group homes nonprofit Palmview,suggested,services
group homes nonprofit Peñitas,suggested,services
group homes nonprofit Pharr,suggested,services
group homes nonprofit Progreso,suggested,services
group homes nonprofit San Juan,suggested,services
group homes nonprofit Weslaco,suggested,services
hogar compartido Alamo TX,suggested,spanish
hogar compartido Donna TX,suggested,spanish
hogar compartido Edinburg TX,suggested,spanish
hogar compartido Hidalgo TX,suggested,spanish
hogar compartido McAllen TX,suggested,spanish
hogar compartido Mercedes TX,suggested,spanish
hogar compartido Mission TX,suggested,spanish
hogar compartido Pharr TX,suggested,spanish
hogar compartido San Juan TX,suggested,spanish
hogar compartido Weslaco TX,suggested,spanish
hogares comunitarios Alamo TX,suggested,spanish
hogares comunitarios Donna TX,suggested,spanish
hogares comunitarios Edinburg TX,suggested,spanish
hogares comunitarios Hidalgo TX,suggested,spanish
hogares comunitarios McAllen TX,suggested,spanish
hogares comunitarios Mercedes TX,suggested,spanish
hogares comunitarios Mission TX,suggested,spanish
hogares comunitarios Pharr TX,suggested,spanish
hogares comunitarios San Juan TX,suggested,spanish
hogares comunitarios Weslaco TX,suggested,spanish
independent living Alamo,suggested,phrases
independent living Alton,suggested,phrases
independent living Donna,suggested,phrases
independent living Edinburg,suggested,phrases
independent living Hidalgo,suggested,phrases
independent living Hidalgo County TX,suggested,phrases
independent living Hidalgo TX,suggested,phrases
independent living La Joya,suggested,phrases
independent living McAllen,suggested,phrases
independent living Mercedes,suggested,phrases
independent living Mission,suggested,phrases
independent living Palmview,suggested,phrases
independent living Peñitas,suggested,phrases
independent living Pharr,suggested,phrases
independent living Progreso,suggested,phrases
independent living San Juan,suggested,phrases
independent living TX,suggested,phrases
independent living Texas,suggested,phrases
independent living Weslaco,suggested,phrases
independent living affordable Alamo,suggested,services
independent living affordable Alton,suggested,services
independent living affordable Donna,suggested,services
independent living affordable Edinburg,suggested,services
independent living affordable Hidalgo,suggested,services
independent living affordable Hidalgo County,suggested,services
independent living affordable La Joya,suggested,services
independent living affordable McAllen,suggested,services
independent living affordable Mercedes,suggested,services
independent living affordable Mission,suggested,services
independent living affordable Palmview,suggested,services
independent living affordable Peñitas,suggested,services
independent living affordable Pharr,suggested,services
independent living affordable Progreso,suggested,services
independent living affordable San Juan,suggested,services
independent living affordable Weslaco,suggested,services
independent living apartments Alamo,suggested,phrases
independent living apartments Alton,suggested,phrases
independent living apartments Donna,suggested,phrases
independent living apartments Edinburg,suggested,phrases
independent living apartments Hidalgo,suggested,phrases
independent living apartments Hidalgo County,suggested,phrases
independent living apartments Hidalgo County TX,suggested,phrases
independent living apartments Hidalgo TX,suggested,phrases
independent living apartments La Joya,suggested,phrases
independent living apartments McAllen,suggested,phrases
independent living apartments Mercedes,suggested,phrases
independent living apartments Mission,suggested,phrases
independent living apartments Palmview,suggested,phrases
independent living apartments Peñitas,suggested,phrases
independent living apartments Pharr,suggested,phrases
independent living apartments Progreso,suggested,phrases
independent living apartments San Juan,suggested,phrases
independent living apartments TX,suggested,phrases
independent living apartments Texas,suggested,phrases
independent living apartments Weslaco,suggested,phrases
independent living apartments affordable Alamo,suggested,services
independent living apartments affordable Alton,suggested,services
independent living apartments affordable Donna,suggested,services
independent living apartments affordable Edinburg,suggested,services
independent living apartments affordable Hidalgo,suggested,services
independent living apartments affordable Hidalgo County,suggested,services
independent living apartments affordable La Joya,suggested,services
independent living apartments affordable McAllen,suggested,services
independent living apartments affordable Mercedes,suggested,services
independent living apartments affordable Mission,suggested,services
independent living apartments affordable Palmview,suggested,services
independent living apartments affordable Peñitas,suggested,services
independent living apartments affordable Pharr,suggested,services
independent living apartments affordable Progreso,suggested,services
independent living apartments affordable San Juan,suggested,services
independent living apartments affordable Weslaco,suggested,services
independent living apartments community-based Alamo,suggested,services
independent living apartments community-based Alton,suggested,services
independent living apartments community-based Donna,suggested,services
independent living apartments community-based Edinburg,suggested,services
independent living apartments community-based Hidalgo,suggested,services
independent living apartments community-based Hidalgo County,suggested,services
independent living apartments community-based La Joya,suggested,services
independent living apartments community-based McAllen,suggested,services
independent living apartments community-based Mercedes,suggested,services
independent living apartments community-based Mission,suggested,services
independent living apartments community-based Palmview,suggested,services
independent living apartments community-based Peñitas,suggested,services
independent living apartments community-based Pharr,suggested,services
independent living apartments community-based Progreso,suggested,services
independent living apartments community-based San Juan,suggested,services
independent living apartments community-based Weslaco,suggested,services
independent living apartments faith-based Alamo,suggested,services
independent living apartments faith-based Alton,suggested,services
independent living apartments faith-based Donna,suggested,services
independent living apartments faith-based Edinburg,suggested,services
independent living apartments faith-based Hidalgo,suggested,services
independent living apartments faith-based Hidalgo County,suggested,services
independent living apartments faith-based La Joya,suggested,services
independent living apartments faith-based McAllen,suggested,services
independent living apartments faith-based Mercedes,suggested,services
independent living apartments faith-based Mission,suggested,services
independent living apartments faith-based Palmview,suggested,services
independent living apartments faith-based Peñitas,suggested,services
independent living apartments faith-based Pharr,suggested,services
independent living apartments faith-based Progreso,suggested,services
independent living apartments faith-based San Juan,suggested,services
independent living apartments faith-based Weslaco,suggested,services
independent living apartments for adults Alamo,suggested,services
independent living apartments for adults Alton,suggested,services
independent living apartments for adults Donna,suggested,services
independent living apartments for adults Edinburg,suggested,services
independent living apartments for adults Hidalgo,suggested,services
independent living apartments for adults Hidalgo County,suggested,services
independent living apartments for adults La Joya,suggested,services
independent living apartments for adults McAllen,suggested,services
independent living apartments for adults Mercedes,suggested,services
independent living apartments for adults Mission,suggested,services
independent living apartments for adults Palmview,suggested,services
independent living apartments for adults Peñitas,suggested,services
independent living apartments for adults Pharr,suggested,services
independent living apartments for adults Progreso,suggested,services
independent living apartments for adults San Juan,suggested,services
independent living apartments for adults Weslaco,suggested,services
independent living apartments for autistic adults Alamo,suggested,services
independent living apartments for autistic adults Alton,suggested,services
independent living apartments for autistic adults Donna,suggested,services
independent living apartments for autistic adults Edinburg,suggested,services
independent living apartments for autistic adults Hidalgo,suggested,services
independent living apartments for autistic adults Hidalgo County,suggested,services
independent living apartments for autistic adults La Joya,suggested,services
independent living apartments for autistic adults McAllen,suggested,services
independent living apartments for autistic adults Mercedes,suggested,services
independent living apartments for autistic adults Mission,suggested,services
independent living apartments for autistic adults Palmview,suggested,services
independent living apartments for autistic adults Peñitas,suggested,services
independent living apartments for autistic adults Pharr,suggested,services
independent living apartments for autistic adults Progreso,suggested,services
independent living apartments for autistic adults San Juan,suggested,services
independent living apartments for autistic adults Weslaco,suggested,services
independent living apartments for individuals Alamo,suggested,services
independent living apartments for individuals Alton,suggested,services
independent living apartments for individuals Donna,suggested,services
independent living apartments for individuals Edinburg,suggested,services
independent living apartments for individuals Hidalgo,suggested,services
independent living apartments for individuals Hidalgo County,suggested,services
independent living apartments for individuals La Joya,suggested,services
independent living apartments for individuals McAllen,suggested,services
independent living apartments for individuals Mercedes,suggested,services
independent living apartments for individuals Mission,suggested,services
independent living apartments for individuals Palmview,suggested,services
independent living apartments for individuals Peñitas,suggested,services
independent living apartments for individuals Pharr,suggested,services
independent living apartments for individuals Progreso,suggested,services
independent living apartments for individuals San Juan,suggested,services
independent living apartments for individuals Weslaco,suggested,services
independent living apartments for neurodivergent adults Alamo,suggested,services
independent living apartments for neurodivergent adults Alton,suggested,services
independent living apartments for neurodivergent adults Donna,suggested,services
independent living apartments for neurodivergent adults Edinburg,suggested,services
independent living apartments for neurodivergent adults Hidalgo,suggested,services
independent living apartments for neurodivergent adults Hidalgo County,suggested,services
independent living apartments for neurodivergent adults La Joya,suggested,services
independent living apartments for neurodivergent adults McAllen,suggested,services
independent living apartments for neurodivergent adults Mercedes,suggested,services
independent living apartments for neurodivergent adults Mission,suggested,services
independent living apartments for neurodivergent adults Palmview,suggested,services
independent living apartments for neurodivergent adults Peñitas,suggested,services
independent living apartments for neurodivergent adults Pharr,suggested,services
independent living apartments for neurodivergent adults Progreso,suggested,services
independent living apartments for neurodivergent adults San Juan,suggested,services
independent living apartments for neurodivergent adults Weslaco,suggested,services
independent living apartments for people with disabilities Alamo,suggested,services
independent living apartments for people with disabilities Alton,suggested,services
independent living apartments for people with disabilities Donna,suggested,services
independent living apartments for people with disabilities Edinburg,suggested,services
independent living apartments for people with disabilities Hidalgo,suggested,services
independent living apartments for people with disabilities Hidalgo County,suggested,services
independent living apartments for people with disabilities La Joya,suggested,services
independent living apartments for people with disabilities McAllen,suggested,services
independent living apartments for people with disabilities Mercedes,suggested,services
independent living apartments for people with disabilities Mission,suggested,services
independent living apartments for people with disabilities Palmview,suggested,services
independent living apartments for people with disabilities Peñitas,suggested,services
independent living apartments for people with disabilities Pharr,suggested,services
independent living apartments for people with disabilities Progreso,suggested,services
independent living apartments for people with disabilities San Juan,suggested,services
independent living apartments for people with disabilities Weslaco,suggested,services
independent living apartments for seniors Alamo,suggested,services
independent living apartments for seniors Alton,suggested,services
independent living apartments for seniors Donna,suggested,services
independent living apartments for seniors Edinburg,suggested,services
independent living apartments for seniors Hidalgo,suggested,services
independent living apartments for seniors Hidalgo County,suggested,services
independent living apartments for seniors La Joya,suggested,services
independent living apartments for seniors McAllen,suggested,services
independent living apartments for seniors Mercedes,suggested,services
independent living apartments for seniors Mission,suggested,services
independent living apartments for seniors Palmview,suggested,services
independent living apartments for seniors Peñitas,suggested,services
independent living apartments for seniors Pharr,suggested,services
independent living apartments for seniors Progreso,suggested,services
independent living apartments for seniors San Juan,suggested,services
independent living apartments for seniors Weslaco,suggested,services
independent living apartments for young adults Alamo,suggested,services
independent living apartments for young adults Alton,suggested,services
independent living apartments for young adults Donna,suggested,services
independent living apartments for young adults Edinburg,suggested,services
independent living apartments for young adults Hidalgo,suggested,services
independent living apartments for young adults Hidalgo County,suggested,services
independent living apartments for young adults La Joya,suggested,services
independent living apartments for young adults McAllen,suggested,services
independent living apartments for young adults Mercedes,suggested,services
independent living apartments for young adults Mission,suggested,services
independent living apartments for young adults Palmview,suggested,services
independent living apartments for young adults Peñitas,suggested,services
independent living apartments for young adults Pharr,suggested,services
independent living apartments for young adults Progreso,suggested,services
independent living apartments for young adults San Juan,suggested,services
independent living apartments for young adults Weslaco,suggested,services
independent living apartments in Alamo,suggested,phrases
independent living apartments in Alton,suggested,phrases
independent living apartments in Donna,suggested,phrases
independent living apartments in Edinburg,suggested,phrases
independent living apartments in Hidalgo,suggested,phrases
independent living apartments in Hidalgo County,suggested,phrases
independent living apartments in La Joya,suggested,phrases
independent living apartments in McAllen,suggested,phrases
independent living apartments in Mercedes,suggested,phrases
independent living apartments in Mission,suggested,phrases
independent living apartments in Palmview,suggested,phrases
independent living apartments in Peñitas,suggested,phrases
independent living apartments in Pharr,suggested,phrases
independent living apartments in Progreso,suggested,phrases
independent living apartments in San Juan,suggested,phrases
independent living apartments in Weslaco,suggested,phrases
independent living apartments low-income Alamo,suggested,services
independent living apartments low-income Alton,suggested,services
independent living apartments low-income Donna,suggested,services
independent living apartments low-income Edinburg,suggested,services
independent living apartments low-income Hidalgo,suggested,services
independent living apartments low-income Hidalgo County,suggested,services
independent living apartments low-income La Joya,suggested,services
independent living apartments low-income McAllen,suggested,services
independent living apartments low-income Mercedes,suggested,services
independent living apartments low-income Mission,suggested,services
independent living apartments low-income Palmview,suggested,services
independent living apartments low-income Peñitas,suggested,services
independent living apartments low-income Pharr,suggested,services
independent living apartments low-income Progreso,suggested,services
independent living apartments low-income San Juan,suggested,services
independent living apartments low-income Weslaco,suggested,services
independent living apartments near me,suggested,phrases
independent living apartments nonprofit Alamo,suggested,services
independent living apartments nonprofit Alton,suggested,services
independent living apartments nonprofit Donna,suggested,services
independent living apartments nonprofit Edinburg,suggested,services
independent living apartments nonprofit Hidalgo,suggested,services
independent living apartments nonprofit Hidalgo County,suggested,services
independent living apartments nonprofit La Joya,suggested,services
independent living apartments nonprofit McAllen,suggested,services
independent living apartments nonprofit Mercedes,suggested,services
independent living apartments nonprofit Mission,suggested,services
independent living apartments nonprofit Palmview,suggested,services
independent living apartments nonprofit Peñitas,suggested,services
independent living apartments nonprofit Pharr,suggested,services
independent living apartments nonprofit Progreso,suggested,services
independent living apartments nonprofit San Juan,suggested,services
independent living apartments nonprofit Weslaco,suggested,services
independent living community-based Alamo,suggested,services
independent living community-based Alton,suggested,services
independent living community-based Donna,suggested,services
independent living community-based Edinburg,suggested,services
independent living community-based Hidalgo,suggested,services
independent living community-based Hidalgo County,suggested,services
independent living community-based La Joya,suggested,services
independent living community-based McAllen,suggested,services
independent living community-based Mercedes,suggested,services
independent living community-based Mission,suggested,services
independent living community-based Palmview,suggested,services
independent living community-based Peñitas,suggested,services
independent living community-based Pharr,suggested,services
independent living community-based Progreso,suggested,services
independent living community-based San Juan,suggested,services
independent living community-based Weslaco,suggested,services
independent living faith-based Alamo,suggested,services
independent living faith-based Alton,suggested,services
independent living faith-based Donna,suggested,services
independent living faith-based Edinburg,suggested,services
independent living faith-based Hidalgo,suggested,services
independent living faith-based Hidalgo County,suggested,services
independent living faith-based La Joya,suggested,services
independent living faith-based McAllen,suggested,services
independent living faith-based Mercedes,suggested,services
independent living faith-based Mission,suggested,services
independent living faith-based Palmview,suggested,services
independent living faith-based Peñitas,suggested,services
independent living faith-based Pharr,suggested,services
independent living faith-based Progreso,suggested,services
independent living faith-based San Juan,suggested,services
independent living faith-based Weslaco,suggested,services
independent living for adults Alamo,suggested,services
independent living for adults Alton,suggested,services
independent living for adults Donna,suggested,services
independent living for adults Edinburg,suggested,services
independent living for adults Hidalgo,suggested,services
independent living for adults Hidalgo County,suggested,services
independent living for adults La Joya,suggested,services
independent living for adults McAllen,suggested,services
independent living for adults Mercedes,suggested,services
independent living for adults Mission,suggested,services
independent living for adults Palmview,suggested,services
independent living for adults Peñitas,suggested,services
independent living for adults Pharr,suggested,services
independent living for adults Progreso,suggested,services
independent living for adults San Juan,suggested,services
independent living for adults Weslaco,suggested,services
independent living for autistic adults Alamo,suggested,services
independent living for autistic adults Alton,suggested,services
independent living for autistic adults Donna,suggested,services
independent living for autistic adults Edinburg,suggested,services
independent living for autistic adults Hidalgo,suggested,services
independent living for autistic adults Hidalgo County,suggested,services
independent living for autistic adults La Joya,suggested,services
independent living for autistic adults McAllen,suggested,services
independent living for autistic adults Mercedes,suggested,services
independent living for autistic adults Mission,suggested,services
independent living for autistic adults Palmview,suggested,services
independent living for autistic adults Peñitas,suggested,services
independent living for autistic adults Pharr,suggested,services
independent living for autistic adults Progreso,suggested,services
independent living for autistic adults San Juan,suggested,services
independent living for autistic adults Weslaco,suggested,services
independent living for individuals Alamo,suggested,services
independent living for individuals Alton,suggested,services
independent living for individuals Donna,suggested,services
independent living for individuals Edinburg,suggested,services
independent living for individuals Hidalgo,suggested,services
independent living for individuals Hidalgo County,suggested,services
independent living for individuals La Joya,suggested,services
independent living for individuals McAllen,suggested,services
independent living for individuals Mercedes,suggested,services
independent living for individuals Mission,suggested,services
independent living for individuals Palmview,suggested,services
independent living for individuals Peñitas,suggested,services
independent living for individuals Pharr,suggested,services
independent living for individuals Progreso,suggested,services
independent living for individuals San Juan,suggested,services
independent living for individuals Weslaco,suggested,services
independent living for neurodivergent adults Alamo,suggested,services
independent living for neurodivergent adults Alton,suggested,services
independent living for neurodivergent adults Donna,suggested,services
independent living for neurodivergent adults Edinburg,suggested,services
independent living for neurodivergent adults Hidalgo,suggested,services
independent living for neurodivergent adults Hidalgo County,suggested,services
independent living for neurodivergent adults La Joya,suggested,services
independent living for neurodivergent adults McAllen,suggested,services
independent living for neurodivergent adults Mercedes,suggested,services
independent living for neurodivergent adults Mission,suggested,services
independent living for neurodivergent adults Palmview,suggested,services
independent living for neurodivergent adults Peñitas,suggested,services
independent living for neurodivergent adults Pharr,suggested,services
independent living for neurodivergent adults Progreso,suggested,services
independent living for neurodivergent adults San Juan,suggested,services
independent living for neurodivergent adults Weslaco,suggested,services
independent living for people with disabilities Alamo,suggested,services
independent living for people with disabilities Alton,suggested,services
independent living for people with disabilities Donna,suggested,services
independent living for people with disabilities Edinburg,suggested,services
independent living for people with disabilities Hidalgo,suggested,services
independent living for people with disabilities Hidalgo County,suggested,services
independent living for people with disabilities La Joya,suggested,services
independent living for people with disabilities McAllen,suggested,services
independent living for people with disabilities Mercedes,suggested,services
independent living for people with disabilities Mission,suggested,services
independent living for people with disabilities Palmview,suggested,services
independent living for people with disabilities Peñitas,suggested,services
independent living for people with disabilities Pharr,suggested,services
independent living for people with disabilities Progreso,suggested,services
independent living for people with disabilities San Juan,suggested,services
independent living for people with disabilities Weslaco,suggested,services
independent living for seniors Alamo,suggested,services
independent living for seniors Alton,suggested,services
independent living for seniors Donna,suggested,services
independent living for seniors Edinburg,suggested,services
independent living for seniors Hidalgo,suggested,services
independent living for seniors Hidalgo County,suggested,services
independent living for seniors La Joya,suggested,services
independent living for seniors McAllen,suggested,services
independent living for seniors Mercedes,suggested,services
independent living for seniors Mission,suggested,services
independent living for seniors Palmview,suggested,services
independent living for seniors Peñitas,suggested,services
independent living for seniors Pharr,suggested,services
independent living for seniors Progreso,suggested,services
independent living for seniors San Juan,suggested,services
independent living for seniors Weslaco,suggested,services
independent living for young adults Alamo,suggested,services
independent living for young adults Alton,suggested,services
independent living for young adults Donna,suggested,services
independent living for young adults Edinburg,suggested,services
independent living for young adults Hidalgo,suggested,services
independent living for young adults Hidalgo County,suggested,services
independent living for young adults La Joya,suggested,services
independent living for young adults McAllen,suggested,services
independent living for young adults Mercedes,suggested,services
independent living for young adults Mission,suggested,services
independent living for young adults Palmview,suggested,services
independent living for young adults Peñitas,suggested,services
independent living for young adults Pharr,suggested,services
independent living for young adults Progreso,suggested,services
independent living for young adults San Juan,suggested,services
independent living for young adults Weslaco,suggested,services
independent living homes Alamo,suggested,phrases
independent living homes Alton,suggested,phrases
independent living homes Donna,suggested,phrases
independent living homes Edinburg,suggested,phrases
independent living homes Hidalgo,suggested,phrases
independent living homes Hidalgo County,suggested,phrases
independent living homes Hidalgo County TX,suggested,phrases
independent living homes Hidalgo TX,suggested,phrases
independent living homes La Joya,suggested,phrases
independent living homes McAllen,suggested,phrases
independent living homes Mercedes,suggested,phrases
independent living homes Mission,suggested,phrases
independent living homes Palmview,suggested,phrases
independent living homes Peñitas,suggested,phrases
independent living homes Pharr,suggested,phrases
independent living homes Progreso,suggested,phrases
independent living homes San Juan,suggested,phrases
independent living homes TX,suggested,phrases
independent living homes Texas,suggested,phrases
independent living homes Weslaco,suggested,phrases
independent living homes affordable Alamo,suggested,services
independent living homes affordable Alton,suggested,services
independent living homes affordable Donna,suggested,services
independent living homes affordable Edinburg,suggested,services
independent living homes affordable Hidalgo,suggested,services
independent living homes affordable Hidalgo County,suggested,services
independent living homes affordable La Joya,suggested,services
independent living homes affordable McAllen,suggested,services
independent living homes affordable Mercedes,suggested,services
independent living homes affordable Mission,suggested,services
independent living homes affordable Palmview,suggested,services
independent living homes affordable Peñitas,suggested,services
independent living homes affordable Pharr,suggested,services
independent living homes affordable Progreso,suggested,services
independent living homes affordable San Juan,suggested,services
independent living homes affordable Weslaco,suggested,services
independent living homes community-based Alamo,suggested,services
independent living homes community-based Alton,suggested,services
independent living homes community-based Donna,suggested,services
independent living homes community-based Edinburg,suggested,services
independent living homes community-based Hidalgo,suggested,services
independent living homes community-based Hidalgo County,suggested,services
independent living homes community-based La Joya,suggested,services
independent living homes community-based McAllen,suggested,services
independent living homes community-based Mercedes,suggested,services
independent living homes community-based Mission,suggested,services
independent living homes community-based Palmview,suggested,services
independent living homes community-based Peñitas,suggested,services
independent living homes community-based Pharr,suggested,services
independent living homes community-based Progreso,suggested,services
independent living homes community-based San Juan,suggested,services
independent living homes community-based Weslaco,suggested,services
independent living homes faith-based Alamo,suggested,services
independent living homes faith-based Alton,suggested,services
independent living homes faith-based Donna,suggested,services
independent living homes faith-based Edinburg,suggested,services
independent living homes faith-based Hidalgo,suggested,services
independent living homes faith-based Hidalgo County,suggested,services
independent living homes faith-based La Joya,suggested,services
independent living homes faith-based McAllen,suggested,services
independent living homes faith-based Mercedes,suggested,services
independent living homes faith-based Mission,suggested,services
independent living homes faith-based Palmview,suggested,services
independent living homes faith-based Peñitas,suggested,services
independent living homes faith-based Pharr,suggested,services
independent living homes faith-based Progreso,suggested,services
independent living homes faith-based San Juan,suggested,services
independent living homes faith-based Weslaco,suggested,services
independent living homes for adults Alamo,suggested,services
independent living homes for adults Alton,suggested,services
independent living homes for adults Donna,suggested,services
independent living homes for adults Edinburg,suggested,services
independent living homes for adults Hidalgo,suggested,services
independent living homes for adults Hidalgo County,suggested,services
independent living homes for adults La Joya,suggested,services
independent living homes for adults McAllen,suggested,services
independent living homes for adults Mercedes,suggested,services
independent living homes for adults Mission,suggested,services
independent living homes for adults Palmview,suggested,services
independent living homes for adults Peñitas,suggested,services
independent living homes for adults Pharr,suggested,services
independent living homes for adults Progreso,suggested,services
independent living homes for adults San Juan,suggested,services
independent living homes for adults Weslaco,suggested,services
independent living homes for autistic adults Alamo,suggested,services
independent living homes for autistic adults Alton,suggested,services
independent living homes for autistic adults Donna,suggested,services
independent living homes for autistic adults Edinburg,suggested,services
independent living homes for autistic adults Hidalgo,suggested,services
independent living homes for autistic adults Hidalgo County,suggested,services
independent living homes for autistic adults La Joya,suggested,services
independent living homes for autistic adults McAllen,suggested,services
independent living homes for autistic adults Mercedes,suggested,services
independent living homes for autistic adults Mission,suggested,services
independent living homes for autistic adults Palmview,suggested,services
independent living homes for autistic adults Peñitas,suggested,services
independent living homes for autistic adults Pharr,suggested,services
independent living homes for autistic adults Progreso,suggested,services
independent living homes for autistic adults San Juan,suggested,services
independent living homes for autistic adults Weslaco,suggested,services
independent living homes for individuals Alamo,suggested,services
independent living homes for individuals Alton,suggested,services
independent living homes for individuals Donna,suggested,services
independent living homes for individuals Edinburg,suggested,services
independent living homes for individuals Hidalgo,suggested,services
independent living homes for individuals Hidalgo County,suggested,services
independent living homes for individuals La Joya,suggested,services
independent living homes for individuals McAllen,suggested,services
independent living homes for individuals Mercedes,suggested,services
independent living homes for individuals Mission,suggested,services
independent living homes for individuals Palmview,suggested,services
independent living homes for individuals Peñitas,suggested,services
independent living homes for individuals Pharr,suggested,services
independent living homes for individuals Progreso,suggested,services
independent living homes for individuals San Juan,suggested,services
independent living homes for individuals Weslaco,suggested,services
independent living homes for neurodivergent adults Alamo,suggested,services
independent living homes for neurodivergent adults Alton,suggested,services
independent living homes for neurodivergent adults Donna,suggested,services
independent living homes for neurodivergent adults Edinburg,suggested,services
independent living homes for neurodivergent adults Hidalgo,suggested,services
independent living homes for neurodivergent adults Hidalgo County,suggested,services
independent living homes for neurodivergent adults La Joya,suggested,services
independent living homes for neurodivergent adults McAllen,suggested,services
independent living homes for neurodivergent adults Mercedes,suggested,services
independent living homes for neurodivergent adults Mission,suggested,services
independent living homes for neurodivergent adults Palmview,suggested,services
independent living homes for neurodivergent adults Peñitas,suggested,services
independent living homes for neurodivergent adults Pharr,suggested,services
independent living homes for neurodivergent adults Progreso,suggested,services
independent living homes for neurodivergent adults San Juan,suggested,services
independent living homes for neurodivergent adults Weslaco,suggested,services
independent living homes for people with disabilities Alamo,suggested,services
independent living homes for people with disabilities Alton,suggested,services
independent living homes for people with disabilities Donna,suggested,services
independent living homes for people with disabilities Edinburg,suggested,services
independent living homes for people with disabilities Hidalgo,suggested,services
independent living homes for people with disabilities Hidalgo County,suggested,services
independent living homes for people with disabilities La Joya,suggested,services
independent living homes for people with disabilities McAllen,suggested,services
independent living homes for people with disabilities Mercedes,suggested,services
independent living homes for people with disabilities Mission,suggested,services
independent living homes for people with disabilities Palmview,suggested,services
independent living homes for people with disabilities Peñitas,suggested,services
independent living homes for people with disabilities Pharr,suggested,services
independent living homes for people with disabilities Progreso,suggested,services
independent living homes for people with disabilities San Juan,suggested,services
independent living homes for people with disabilities Weslaco,suggested,services
independent living homes for seniors Alamo,suggested,services
independent living homes for seniors Alton,suggested,services
independent living homes for seniors Donna,suggested,services
independent living homes for seniors Edinburg,suggested,services
independent living homes for seniors Hidalgo,suggested,services
independent living homes for seniors Hidalgo County,suggested,services
independent living homes for seniors La Joya,suggested,services
independent living homes for seniors McAllen,suggested,services
independent living homes for seniors Mercedes,suggested,services
independent living homes for seniors Mission,suggested,services
independent living homes for seniors Palmview,suggested,services
independent living homes for seniors Peñitas,suggested,services
independent living homes for seniors Pharr,suggested,services
independent living homes for seniors Progreso,suggested,services
independent living homes for seniors San Juan,suggested,services
independent living homes for seniors Weslaco,suggested,services
independent living homes for young adults Alamo,suggested,services
independent living homes for young adults Alton,suggested,services
independent living homes for young adults Donna,suggested,services
independent living homes for young adults Edinburg,suggested,services
independent living homes for young adults Hidalgo,suggested,services
independent living homes for young adults Hidalgo County,suggested,services
independent living homes for young adults La Joya,suggested,services
independent living homes for young adults McAllen,suggested,services
independent living homes for young adults Mercedes,suggested,services
independent living homes for young adults Mission,suggested,services
independent living homes for young adults Palmview,suggested,services
independent living homes for young adults Peñitas,suggested,services
independent living homes for young adults Pharr,suggested,services
independent living homes for young adults Progreso,suggested,services
independent living homes for young adults San Juan,suggested,services
independent living homes for young adults Weslaco,suggested,services
independent living homes in Alamo,suggested,phrases
independent living homes in Alton,suggested,phrases
independent living homes in Donna,suggested,phrases
independent living homes in Edinburg,suggested,phrases
independent living homes in Hidalgo,suggested,phrases
independent living homes in Hidalgo County,suggested,phrases
independent living homes in La Joya,suggested,phrases
independent living homes in McAllen,suggested,phrases
independent living homes in Mercedes,suggested,phrases
independent living homes in Mission,suggested,phrases
independent living homes in Palmview,suggested,phrases
independent living homes in Peñitas,suggested,phrases
independent living homes in Pharr,suggested,phrases
independent living homes in Progreso,suggested,phrases
independent living homes in San Juan,suggested,phrases
independent living homes in Weslaco,suggested,phrases
independent living homes low-income Alamo,suggested,services
independent living homes low-income Alton,suggested,services
independent living homes low-income Donna,suggested,services
independent living homes low-income Edinburg,suggested,services
independent living homes low-income Hidalgo,suggested,services
independent living homes low-income Hidalgo County,suggested,services
independent living homes low-income La Joya,suggested,services
independent living homes low-income McAllen,suggested,services
independent living homes low-income Mercedes,suggested,services
independent living homes low-income Mission,suggested,services
independent living homes low-income Palmview,suggested,services
independent living homes low-income Peñitas,suggested,services
independent living homes low-income Pharr,suggested,services
independent living homes low-income Progreso,suggested,services
independent living homes low-income San Juan,suggested,services
independent living homes low-income Weslaco,suggested,services
independent living homes near me,suggested,phrases
independent living homes nonprofit Alamo,suggested,services
independent living homes nonprofit Alton,suggested,services
independent living homes nonprofit Donna,suggested,services
independent living homes nonprofit Edinburg,suggested,services
independent living homes nonprofit Hidalgo,suggested,services
independent living homes nonprofit Hidalgo County,suggested,services
independent living homes nonprofit La Joya,suggested,services
independent living homes nonprofit McAllen,suggested,services
independent living homes nonprofit Mercedes,suggested,services
independent living homes nonprofit Mission,suggested,services
independent living homes nonprofit Palmview,suggested,services
independent living homes nonprofit Peñitas,suggested,services
independent living homes nonprofit Pharr,suggested,services
independent living homes nonprofit Progreso,suggested,services
independent living homes nonprofit San Juan,suggested,services
independent living homes nonprofit Weslaco,suggested,services
independent living in Alamo,suggested,phrases
independent living in Alton,suggested,phrases
independent living in Donna,suggested,phrases
independent living in Edinburg,suggested,phrases
independent living in Hidalgo,suggested,phrases
independent living in Hidalgo County,suggested,phrases
independent living in La Joya,suggested,phrases
independent living in McAllen,suggested,phrases
independent living in Mercedes,suggested,phrases
independent living in Mission,suggested,phrases
independent living in Palmview,suggested,phrases
independent living in Peñitas,suggested,phrases
independent living in Pharr,suggested,phrases
independent living in Progreso,suggested,phrases
independent living in San Juan,suggested,phrases
independent living in Weslaco,suggested,phrases
independent living low-income Alamo,suggested,services
independent living low-income Alton,suggested,services
independent living low-income Donna,suggested,services
independent living low-income Edinburg,suggested,services
independent living low-income Hidalgo,suggested,services
independent living low-income Hidalgo County,suggested,services
independent living low-income La Joya,suggested,services
independent living low-income McAllen,suggested,services
independent living low-income Mercedes,suggested,services
independent living low-income Mission,suggested,services
independent living low-income Palmview,suggested,services
independent living low-income Peñitas,suggested,services
independent living low-income Pharr,suggested,services
independent living low-income Progreso,suggested,services
independent living low-income San Juan,suggested,services
independent living low-income Weslaco,suggested,services
independent living near me,suggested,phrases
independent living nonprofit Alamo,suggested,services
independent living nonprofit Alton,suggested,services
independent living nonprofit Donna,suggested,services
independent living nonprofit Edinburg,suggested,services
independent living nonprofit Hidalgo,suggested,services
independent living nonprofit Hidalgo County,suggested,services
independent living nonprofit La Joya,suggested,services
independent living nonprofit McAllen,suggested,services
independent living nonprofit Mercedes,suggested,services
independent living nonprofit Mission,suggested,services
independent living nonprofit Palmview,suggested,services
independent living nonprofit Peñitas,suggested,services
independent living nonprofit Pharr,suggested,services
independent living nonprofit Progreso,suggested,services
independent living nonprofit San Juan,suggested,services
independent living nonprofit Weslaco,suggested,services
neurodivergent housing Alamo,suggested,phrases
neurodivergent housing Alton,suggested,phrases
neurodivergent housing Donna,suggested,phrases
neurodivergent housing Edinburg,suggested,phrases
neurodivergent housing Hidalgo,suggested,phrases
neurodivergent housing Hidalgo County,suggested,phrases
neurodivergent housing Hidalgo County TX,suggested,phrases
neurodivergent housing Hidalgo TX,suggested,phrases
neurodivergent housing La Joya,suggested,phrases
neurodivergent housing McAllen,suggested,phrases
neurodivergent housing Mercedes,suggested,phrases
neurodivergent housing Mission,suggested,phrases
neurodivergent housing Palmview,suggested,phrases
neurodivergent housing Peñitas,suggested,phrases
neurodivergent housing Pharr,suggested,phrases
neurodivergent housing Progreso,suggested,phrases
neurodivergent housing San Juan,suggested,phrases
neurodivergent housing TX,suggested,phrases
neurodivergent housing Texas,suggested,phrases
neurodivergent housing Weslaco,suggested,phrases
neurodivergent housing affordable Alamo,suggested,services
neurodivergent housing affordable Alton,suggested,services
neurodivergent housing affordable Donna,suggested,services
neurodivergent housing affordable Edinburg,suggested,services
neurodivergent housing affordable Hidalgo,suggested,services
neurodivergent housing affordable Hidalgo County,suggested,services
neurodivergent housing affordable La Joya,suggested,services
neurodivergent housing affordable McAllen,suggested,services
neurodivergent housing affordable Mercedes,suggested,services
neurodivergent housing affordable Mission,suggested,services
neurodivergent housing affordable Palmview,suggested,services
neurodivergent housing affordable Peñitas,suggested,services
neurodivergent housing affordable Pharr,suggested,services
neurodivergent housing affordable Progreso,suggested,services
neurodivergent housing affordable San Juan,suggested,services
neurodivergent housing affordable Weslaco,suggested,services
neurodivergent housing community-based Alamo,suggested,services
neurodivergent housing community-based Alton,suggested,services
neurodivergent housing community-based Donna,suggested,services
neurodivergent housing community-based Edinburg,suggested,services
neurodivergent housing community-based Hidalgo,suggested,services
neurodivergent housing community-based Hidalgo County,suggested,services
neurodivergent housing community-based La Joya,suggested,services
neurodivergent housing community-based McAllen,suggested,services
neurodivergent housing community-based Mercedes,suggested,services
neurodivergent housing community-based Mission,suggested,services
neurodivergent housing community-based Palmview,suggested,services
neurodivergent housing community-based Peñitas,suggested,services
neurodivergent housing community-based Pharr,suggested,services
neurodivergent housing community-based Progreso,suggested,services
neurodivergent housing community-based San Juan,suggested,services
neurodivergent housing community-based Weslaco,suggested,services
neurodivergent housing faith-based Alamo,suggested,services
neurodivergent housing faith-based Alton,suggested,services
neurodivergent housing faith-based Donna,suggested,services
neurodivergent housing faith-based Edinburg,suggested,services
neurodivergent housing faith-based Hidalgo,suggested,services
neurodivergent housing faith-based Hidalgo County,suggested,services
neurodivergent housing faith-based La Joya,suggested,services
neurodivergent housing faith-based McAllen,suggested,services
neurodivergent housing faith-based Mercedes,suggested,services
neurodivergent housing faith-based Mission,suggested,services
neurodivergent housing faith-based Palmview,suggested,services
neurodivergent housing faith-based Peñitas,suggested,services
neurodivergent housing faith-based Pharr,suggested,services
neurodivergent housing faith-based Progreso,suggested,services
neurodivergent housing faith-based San Juan,suggested,services
neurodivergent housing faith-based Weslaco,suggested,services
neurodivergent housing for adults Alamo,suggested,services
neurodivergent housing for adults Alton,suggested,services
neurodivergent housing for adults Donna,suggested,services
neurodivergent housing for adults Edinburg,suggested,services
neurodivergent housing for adults Hidalgo,suggested,services
neurodivergent housing for adults Hidalgo County,suggested,services
neurodivergent housing for adults La Joya,suggested,services
neurodivergent housing for adults McAllen,suggested,services
neurodivergent housing for adults Mercedes,suggested,services
neurodivergent housing for adults Mission,suggested,services
neurodivergent housing for adults Palmview,suggested,services
neurodivergent housing for adults Peñitas,suggested,services
neurodivergent housing for adults Pharr,suggested,services
neurodivergent housing for adults Progreso,suggested,services
neurodivergent housing for adults San Juan,suggested,services
neurodivergent housing for adults Weslaco,suggested,services
neurodivergent housing for autistic adults Alamo,suggested,services
neurodivergent housing for autistic adults Alton,suggested,services
neurodivergent housing for autistic adults Donna,suggested,services
neurodivergent housing for autistic adults Edinburg,suggested,services
neurodivergent housing for autistic adults Hidalgo,suggested,services
neurodivergent housing for autistic adults Hidalgo County,suggested,services
neurodivergent housing for autistic adults La Joya,suggested,services
neurodivergent housing for autistic adults McAllen,suggested,services
neurodivergent housing for autistic adults Mercedes,suggested,services
neurodivergent housing for autistic adults Mission,suggested,services
neurodivergent housing for autistic adults Palmview,suggested,services
neurodivergent housing for autistic adults Peñitas,suggested,services
neurodivergent housing for autistic adults Pharr,suggested,services
neurodivergent housing for autistic adults Progreso,suggested,services
neurodivergent housing for autistic adults San Juan,suggested,services
neurodivergent housing for autistic adults Weslaco,suggested,services
neurodivergent housing for individuals Alamo,suggested,services
neurodivergent housing for individuals Alton,suggested,services
neurodivergent housing for individuals Donna,suggested,services
neurodivergent housing for individuals Edinburg,suggested,services
neurodivergent housing for individuals Hidalgo,suggested,services
neurodivergent housing for individuals Hidalgo County,suggested,services
neurodivergent housing for individuals La Joya,suggested,services
neurodivergent housing for individuals McAllen,suggested,services
neurodivergent housing for individuals Mercedes,suggested,services
neurodivergent housing for individuals Mission,suggested,services
neurodivergent housing for individuals Palmview,suggested,services
neurodivergent housing for individuals Peñitas,suggested,services
neurodivergent housing for individuals Pharr,suggested,services
neurodivergent housing for individuals Progreso,suggested,services
neurodivergent housing for individuals San Juan,suggested,services
neurodivergent housing for individuals Weslaco,suggested,services
neurodivergent housing for neurodivergent adults Alamo,suggested,services
neurodivergent housing for neurodivergent adults Alton,suggested,services
neurodivergent housing for neurodivergent adults Donna,suggested,services
neurodivergent housing for neurodivergent adults Edinburg,suggested,services
neurodivergent housing for neurodivergent adults Hidalgo,suggested,services
neurodivergent housing for neurodivergent adults Hidalgo County,suggested,services
neurodivergent housing for neurodivergent adults La Joya,suggested,services
neurodivergent housing for neurodivergent adults McAllen,suggested,services
neurodivergent housing for neurodivergent adults Mercedes,suggested,services
neurodivergent housing for neurodivergent adults Mission,suggested,services
neurodivergent housing for neurodivergent adults Palmview,suggested,services
neurodivergent housing for neurodivergent adults Peñitas,suggested,services
neurodivergent housing for neurodivergent adults Pharr,suggested,services
neurodivergent housing for neurodivergent adults Progreso,suggested,services
neurodivergent housing for neurodivergent adults San Juan,suggested,services
neurodivergent housing for neurodivergent adults Weslaco,suggested,services
neurodivergent housing for people with disabilities Alamo,suggested,services
neurodivergent housing for people with disabilities Alton,suggested,services
neurodivergent housing for people with disabilities Donna,suggested,services
neurodivergent housing for people with disabilities Edinburg,suggested,services
neurodivergent housing for people with disabilities Hidalgo,suggested,services
neurodivergent housing for people with disabilities Hidalgo County,suggested,services
neurodivergent housing for people with disabilities La Joya,suggested,services
neurodivergent housing for people with disabilities McAllen,suggested,services
neurodivergent housing for people with disabilities Mercedes,suggested,services
neurodivergent housing for people with disabilities Mission,suggested,services
neurodivergent housing for people with disabilities Palmview,suggested,services
neurodivergent housing for people with disabilities Peñitas,suggested,services
neurodivergent housing for people with disabilities Pharr,suggested,services
neurodivergent housing for people with disabilities Progreso,suggested,services
neurodivergent housing for people with disabilities San Juan,suggested,services
neurodivergent housing for people with disabilities Weslaco,suggested,services
neurodivergent housing for seniors Alamo,suggested,services
neurodivergent housing for seniors Alton,suggested,services
neurodivergent housing for seniors Donna,suggested,services
neurodivergent housing for seniors Edinburg,suggested,services
neurodivergent housing for seniors Hidalgo,suggested,services
neurodivergent housing for seniors Hidalgo County,suggested,services
neurodivergent housing for seniors La Joya,suggested,services
neurodivergent housing for seniors McAllen,suggested,services
neurodivergent housing for seniors Mercedes,suggested,services
neurodivergent housing for seniors Mission,suggested,services
neurodivergent housing for seniors Palmview,suggested,services
neurodivergent housing for seniors Peñitas,suggested,services
neurodivergent housing for seniors Pharr,suggested,services
neurodivergent housing for seniors Progreso,suggested,services
neurodivergent housing for seniors San Juan,suggested,services
neurodivergent housing for seniors Weslaco,suggested,services
neurodivergent housing for young adults Alamo,suggested,services
neurodivergent housing for young adults Alton,suggested,services
neurodivergent housing for young adults Donna,suggested,services
neurodivergent housing for young adults Edinburg,suggested,services
neurodivergent housing for young adults Hidalgo,suggested,services
neurodivergent housing for young adults Hidalgo County,suggested,services
neurodivergent housing for young adults La Joya,suggested,services
neurodivergent housing for young adults McAllen,suggested,services
neurodivergent housing for young adults Mercedes,suggested,services
neurodivergent housing for young adults Mission,suggested,services
neurodivergent housing for young adults Palmview,suggested,services
neurodivergent housing for young adults Peñitas,suggested,services
neurodivergent housing for young adults Pharr,suggested,services
neurodivergent housing for young adults Progreso,suggested,services
neurodivergent housing for young adults San Juan,suggested,services
neurodivergent housing for young adults Weslaco,suggested,services
neurodivergent housing in Alamo,suggested,phrases
neurodivergent housing in Alton,suggested,phrases
neurodivergent housing in Donna,suggested,phrases
neurodivergent housing in Edinburg,suggested,phrases
neurodivergent housing in Hidalgo,suggested,phrases
neurodivergent housing in Hidalgo County,suggested,phrases
neurodivergent housing in La Joya,suggested,phrases
neurodivergent housing in McAllen,suggested,phrases
neurodivergent housing in Mercedes,suggested,phrases
neurodivergent housing in Mission,suggested,phrases
neurodivergent housing in Palmview,suggested,phrases
neurodivergent housing in Peñitas,suggested,phrases
neurodivergent housing in Pharr,suggested,phrases
neurodivergent housing in Progreso,suggested,phrases
neurodivergent housing in San Juan,suggested,phrases
neurodivergent housing in Weslaco,suggested,phrases
neurodivergent housing low-income Alamo,suggested,services
neurodivergent housing low-income Alton,suggested,services
neurodivergent housing low-income Donna,suggested,services
neurodivergent housing low-income Edinburg,suggested,services
neurodivergent housing low-income Hidalgo,suggested,services
neurodivergent housing low-income Hidalgo County,suggested,services
neurodivergent housing low-income La Joya,suggested,services
neurodivergent housing low-income McAllen,suggested,services
neurodivergent housing low-income Mercedes,suggested,services
neurodivergent housing low-income Mission,suggested,services
neurodivergent housing low-income Palmview,suggested,services
neurodivergent housing low-income Peñitas,suggested,services
neurodivergent housing low-income Pharr,suggested,services
neurodivergent housing low-income Progreso,suggested,services
neurodivergent housing low-income San Juan,suggested,services
neurodivergent housing low-income Weslaco,suggested,services
neurodivergent housing near me,suggested,phrases
neurodivergent housing nonprofit Alamo,suggested,services
neurodivergent housing nonprofit Alton,suggested,services
neurodivergent housing nonprofit Donna,suggested,services
neurodivergent housing nonprofit Edinburg,suggested,services
neurodivergent housing nonprofit Hidalgo,suggested,services
neurodivergent housing nonprofit Hidalgo County,suggested,services
neurodivergent housing nonprofit La Joya,suggested,services
neurodivergent housing nonprofit McAllen,suggested,services
neurodivergent housing nonprofit Mercedes,suggested,services
neurodivergent housing nonprofit Mission,suggested,services
neurodivergent housing nonprofit Palmview,suggested,services
neurodivergent housing nonprofit Peñitas,suggested,services
neurodivergent housing nonprofit Pharr,suggested,services
neurodivergent housing nonprofit Progreso,suggested,services
neurodivergent housing nonprofit San Juan,suggested,services
neurodivergent housing nonprofit Weslaco,suggested,services
nonprofit housing Alamo,suggested,services
nonprofit housing Alton,suggested,services
nonprofit housing Donna,suggested,services
nonprofit housing Edinburg,suggested,services
nonprofit housing Hidalgo,suggested,services
nonprofit housing Hidalgo County,suggested,services
nonprofit housing Hidalgo County TX,suggested,services
nonprofit housing Hidalgo TX,suggested,services
nonprofit housing La Joya,suggested,services
nonprofit housing McAllen,suggested,services
nonprofit housing Mercedes,suggested,services
nonprofit housing Mission,suggested,services
nonprofit housing Palmview,suggested,services
nonprofit housing Peñitas,suggested,services
nonprofit housing Pharr,suggested,services
nonprofit housing Progreso,suggested,services
nonprofit housing San Juan,suggested,services
nonprofit housing TX,suggested,services
nonprofit housing Texas,suggested,services
nonprofit housing Weslaco,suggested,services
nonprofit housing affordable Alamo,suggested,services
nonprofit housing affordable Alton,suggested,services
nonprofit housing affordable Donna,suggested,services
nonprofit housing affordable Edinburg,suggested,services
nonprofit housing affordable Hidalgo,suggested,services
nonprofit housing affordable Hidalgo County,suggested,services
nonprofit housing affordable La Joya,suggested,services
nonprofit housing affordable McAllen,suggested,services
nonprofit housing affordable Mercedes,suggested,services
nonprofit housing affordable Mission,suggested,services
nonprofit housing affordable Palmview,suggested,services
nonprofit housing affordable Peñitas,suggested,services
nonprofit housing affordable Pharr,suggested,services
nonprofit housing affordable Progreso,suggested,services
nonprofit housing affordable San Juan,suggested,services
nonprofit housing affordable Weslaco,suggested,services
nonprofit housing community-based Alamo,suggested,services
nonprofit housing community-based Alton,suggested,services
nonprofit housing community-based Donna,suggested,services
nonprofit housing community-based Edinburg,suggested,services
nonprofit housing community-based Hidalgo,suggested,services
nonprofit housing community-based Hidalgo County,suggested,services
nonprofit housing community-based La Joya,suggested,services
nonprofit housing community-based McAllen,suggested,services
nonprofit housing community-based Mercedes,suggested,services
nonprofit housing community-based Mission,suggested,services
nonprofit housing community-based Palmview,suggested,services
nonprofit housing community-based Peñitas,suggested,services
nonprofit housing community-based Pharr,suggested,services
nonprofit housing community-based Progreso,suggested,services
nonprofit housing community-based San Juan,suggested,services
nonprofit housing community-based Weslaco,suggested,services
nonprofit housing faith-based Alamo,suggested,services
nonprofit housing faith-based Alton,suggested,services
nonprofit housing faith-based Donna,suggested,services
nonprofit housing faith-based Edinburg,suggested,services
nonprofit housing faith-based Hidalgo,suggested,services
nonprofit housing faith-based Hidalgo County,suggested,services
nonprofit housing faith-based La Joya,suggested,services
nonprofit housing faith-based McAllen,suggested,services
nonprofit housing faith-based Mercedes,suggested,services
nonprofit housing faith-based Mission,suggested,services
nonprofit housing faith-based Palmview,suggested,services
nonprofit housing faith-based Peñitas,suggested,services
nonprofit housing faith-based Pharr,suggested,services
nonprofit housing faith-based Progreso,suggested,services
nonprofit housing faith-based San Juan,suggested,services
nonprofit housing faith-based Weslaco,suggested,services
nonprofit housing for adults Alamo,suggested,services
nonprofit housing for adults Alton,suggested,services
nonprofit housing for adults Donna,suggested,services
nonprofit housing for adults Edinburg,suggested,services
nonprofit housing for adults Hidalgo,suggested,services
nonprofit housing for adults Hidalgo County,suggested,services
nonprofit housing for adults La Joya,suggested,services
nonprofit housing for adults McAllen,suggested,services
nonprofit housing for adults Mercedes,suggested,services
nonprofit housing for adults Mission,suggested,services
nonprofit housing for adults Palmview,suggested,services
nonprofit housing for adults Peñitas,suggested,services
nonprofit housing for adults Pharr,suggested,services
nonprofit housing for adults Progreso,suggested,services
nonprofit housing for adults San Juan,suggested,services
nonprofit housing for adults Weslaco,suggested,services
nonprofit housing for autistic adults Alamo,suggested,services
nonprofit housing for autistic adults Alton,suggested,services
nonprofit housing for autistic adults Donna,suggested,services
nonprofit housing for autistic adults Edinburg,suggested,services
nonprofit housing for autistic adults Hidalgo,suggested,services
nonprofit housing for autistic adults Hidalgo County,suggested,services
nonprofit housing for autistic adults La Joya,suggested,services
nonprofit housing for autistic adults McAllen,suggested,services
nonprofit housing for autistic adults Mercedes,suggested,services
nonprofit housing for autistic adults Mission,suggested,services
nonprofit housing for autistic adults Palmview,suggested,services
nonprofit housing for autistic adults Peñitas,suggested,services
nonprofit housing for autistic adults Pharr,suggested,services
nonprofit housing for autistic adults Progreso,suggested,services
nonprofit housing for autistic adults San Juan,suggested,services
nonprofit housing for autistic adults Weslaco,suggested,services
nonprofit housing for individuals Alamo,suggested,services
nonprofit housing for individuals Alton,suggested,services
nonprofit housing for individuals Donna,suggested,services
nonprofit housing for individuals Edinburg,suggested,services
nonprofit housing for individuals Hidalgo,suggested,services
nonprofit housing for individuals Hidalgo County,suggested,services
nonprofit housing for individuals La Joya,suggested,services
nonprofit housing for individuals McAllen,suggested,services
nonprofit housing for individuals Mercedes,suggested,services
nonprofit housing for individuals Mission,suggested,services
nonprofit housing for individuals Palmview,suggested,services
nonprofit housing for individuals Peñitas,suggested,services
nonprofit housing for individuals Pharr,suggested,services
nonprofit housing for individuals Progreso,suggested,services
nonprofit housing for individuals San Juan,suggested,services
nonprofit housing for individuals Weslaco,suggested,services
nonprofit housing for neurodivergent adults Alamo,suggested,services
nonprofit housing for neurodivergent adults Alton,suggested,services
nonprofit housing for neurodivergent adults Donna,suggested,services
nonprofit housing for neurodivergent adults Edinburg,suggested,services
nonprofit housing for neurodivergent adults Hidalgo,suggested,services
nonprofit housing for neurodivergent adults Hidalgo County,suggested,services
nonprofit housing for neurodivergent adults La Joya,suggested,services
nonprofit housing for neurodivergent adults McAllen,suggested,services
nonprofit housing for neurodivergent adults Mercedes,suggested,services
nonprofit housing for neurodivergent adults Mission,suggested,services
nonprofit housing for neurodivergent adults Palmview,suggested,services
nonprofit housing for neurodivergent adults Peñitas,suggested,services
nonprofit housing for neurodivergent adults Pharr,suggested,services
nonprofit housing for neurodivergent adults Progreso,suggested,services
nonprofit housing for neurodivergent adults San Juan,suggested,services
nonprofit housing for neurodivergent adults Weslaco,suggested,services
nonprofit housing for people with disabilities Alamo,suggested,services
nonprofit housing for people with disabilities Alton,suggested,services
nonprofit housing for people with disabilities Donna,suggested,services
nonprofit housing for people with disabilities Edinburg,suggested,services
nonprofit housing for people with disabilities Hidalgo,suggested,services
nonprofit housing for people with disabilities Hidalgo County,suggested,services
nonprofit housing for people with disabilities La Joya,suggested,services
nonprofit housing for people with disabilities McAllen,suggested,services
nonprofit housing for people with disabilities Mercedes,suggested,services
nonprofit housing for people with disabilities Mission,suggested,services
nonprofit housing for people with disabilities Palmview,suggested,services
nonprofit housing for people with disabilities Peñitas,suggested,services
nonprofit housing for people with disabilities Pharr,suggested,services
nonprofit housing for people with disabilities Progreso,suggested,services
nonprofit housing for people with disabilities San Juan,suggested,services
nonprofit housing for people with disabilities Weslaco,suggested,services
nonprofit housing for seniors Alamo,suggested,services
nonprofit housing for seniors Alton,suggested,services
nonprofit housing for seniors Donna,suggested,services
nonprofit housing for seniors Edinburg,suggested,services
nonprofit housing for seniors Hidalgo,suggested,services
nonprofit housing for seniors Hidalgo County,suggested,services
nonprofit housing for seniors La Joya,suggested,services
nonprofit housing for seniors McAllen,suggested,services
nonprofit housing for seniors Mercedes,suggested,services
nonprofit housing for seniors Mission,suggested,services
nonprofit housing for seniors Palmview,suggested,services
nonprofit housing for seniors Peñitas,suggested,services
nonprofit housing for seniors Pharr,suggested,services
nonprofit housing for seniors Progreso,suggested,services
nonprofit housing for seniors San Juan,suggested,services
nonprofit housing for seniors Weslaco,suggested,services
nonprofit housing for young adults Alamo,suggested,services
nonprofit housing for young adults Alton,suggested,services
nonprofit housing for young adults Donna,suggested,services
nonprofit housing for young adults Edinburg,suggested,services
nonprofit housing for young adults Hidalgo,suggested,services
nonprofit housing for young adults Hidalgo County,suggested,services
nonprofit housing for young adults La Joya,suggested,services
nonprofit housing for young adults McAllen,suggested,services
nonprofit housing for young adults Mercedes,suggested,services
nonprofit housing for young adults Mission,suggested,services
nonprofit housing for young adults Palmview,suggested,services
nonprofit housing for young adults Peñitas,suggested,services
nonprofit housing for young adults Pharr,suggested,services
nonprofit housing for young adults Progreso,suggested,services
nonprofit housing for young adults San Juan,suggested,services
nonprofit housing for young adults Weslaco,suggested,services
nonprofit housing in Alamo,suggested,services
nonprofit housing in Alton,suggested,services
nonprofit housing in Donna,suggested,services
nonprofit housing in Edinburg,suggested,services
nonprofit housing in Hidalgo,suggested,services
nonprofit housing in Hidalgo County,suggested,services
nonprofit housing in La Joya,suggested,services
nonprofit housing in McAllen,suggested,services
nonprofit housing in Mercedes,suggested,services
nonprofit housing in Mission,suggested,services
nonprofit housing in Palmview,suggested,services
nonprofit housing in Peñitas,suggested,services
nonprofit housing in Pharr,suggested,services
nonprofit housing in Progreso,suggested,services
nonprofit housing in San Juan,suggested,services
nonprofit housing in Weslaco,suggested,services
nonprofit housing low-income Alamo,suggested,services
nonprofit housing low-income Alton,suggested,services
nonprofit housing low-income Donna,suggested,services
nonprofit housing low-income Edinburg,suggested,services
nonprofit housing low-income Hidalgo,suggested,services
nonprofit housing low-income Hidalgo County,suggested,services
nonprofit housing low-income La Joya,suggested,services
nonprofit housing low-income McAllen,suggested,services
nonprofit housing low-income Mercedes,suggested,services
nonprofit housing low-income Mission,suggested,services
nonprofit housing low-income Palmview,suggested,services
nonprofit housing low-income Peñitas,suggested,services
nonprofit housing low-income Pharr,suggested,services
nonprofit housing low-income Progreso,suggested,services
nonprofit housing low-income San Juan,suggested,services
nonprofit housing low-income Weslaco,suggested,services
nonprofit housing near me,suggested,services
nonprofit housing nonprofit Alamo,suggested,services
nonprofit housing nonprofit Alton,suggested,services
nonprofit housing nonprofit Donna,suggested,services
nonprofit housing nonprofit Edinburg,suggested,services
nonprofit housing nonprofit Hidalgo,suggested,services
nonprofit housing nonprofit Hidalgo County,suggested,services
nonprofit housing nonprofit La Joya,suggested,services
nonprofit housing nonprofit McAllen,suggested,services
nonprofit housing nonprofit Mercedes,suggested,services
nonprofit housing nonprofit Mission,suggested,services
nonprofit housing nonprofit Palmview,suggested,services
nonprofit housing nonprofit Peñitas,suggested,services
nonprofit housing nonprofit Pharr,suggested,services
nonprofit housing nonprofit Progreso,suggested,services
nonprofit housing nonprofit San Juan,suggested,services
nonprofit housing nonprofit Weslaco,suggested,services
room rentals Alamo,suggested,core+local
room rentals Alton,suggested,core+local
room rentals Donna,suggested,core+local
room rentals Edinburg,suggested,phrases
room rentals Hidalgo,suggested,core+local
room rentals Hidalgo County,suggested,core+local
room rentals Hidalgo County TX,suggested,phrases
room rentals Hidalgo TX,suggested,phrases
room rentals La Joya,suggested,core+local
room rentals McAllen,suggested,core+local
room rentals Mercedes,suggested,core+local
room rentals Mission,suggested,core+local
room rentals Palmview,suggested,core+local
room rentals Peñitas,suggested,core+local
room rentals Pharr,suggested,core+local
room rentals Progreso,suggested,core+local
room rentals San Juan,suggested,core+local
room rentals TX,suggested,phrases
room rentals Texas,suggested,phrases
room rentals Weslaco,suggested,core+local
room rentals affordable Alamo,suggested,services
room rentals affordable Alton,suggested,services
room rentals affordable Donna,suggested,services
room rentals affordable Edinburg,suggested,services
room rentals affordable Hidalgo,suggested,services
room rentals affordable Hidalgo County,suggested,services
room rentals affordable La Joya,suggested,services
room rentals affordable McAllen,suggested,services
room rentals affordable Mercedes,suggested,services
room rentals affordable Mission,suggested,services
room rentals affordable Palmview,suggested,services
room rentals affordable Peñitas,suggested,services
room rentals affordable Pharr,suggested,services
room rentals affordable Progreso,suggested,services
room rentals affordable San Juan,suggested,services
room rentals affordable Weslaco,suggested,services
room rentals community-based Alamo,suggested,services
room rentals community-based Alton,suggested,services
room rentals community-based Donna,suggested,services
room rentals community-based Edinburg,suggested,services
room rentals community-based Hidalgo,suggested,services
room rentals community-based Hidalgo County,suggested,services
room rentals community-based La Joya,suggested,services
room rentals community-based McAllen,suggested,services
room rentals community-based Mercedes,suggested,services
room rentals community-based Mission,suggested,services
room rentals community-based Palmview,suggested,services
room rentals community-based Peñitas,suggested,services
room rentals community-based Pharr,suggested,services
room rentals community-based Progreso,suggested,services
room rentals community-based San Juan,suggested,services
room rentals community-based Weslaco,suggested,services
room rentals faith-based Alamo,suggested,services
room rentals faith-based Alton,suggested,services
room rentals faith-based Donna,suggested,services
room rentals faith-based Edinburg,suggested,services
room rentals faith-based Hidalgo,suggested,services
room rentals faith-based Hidalgo County,suggested,services
room rentals faith-based La Joya,suggested,services
room rentals faith-based McAllen,suggested,services
room rentals faith-based Mercedes,suggested,services
room rentals faith-based Mission,suggested,services
room rentals faith-based Palmview,suggested,services
room rentals faith-based Peñitas,suggested,services
room rentals faith-based Pharr,suggested,services
room rentals faith-based Progreso,suggested,services
room rentals faith-based San Juan,suggested,services
room rentals faith-based Weslaco,suggested,services
room rentals for adults Alamo,suggested,services
room rentals for adults Alton,suggested,services
room rentals for adults Donna,suggested,services
room rentals for adults Edinburg,suggested,services
room rentals for adults Hidalgo,suggested,services
room rentals for adults Hidalgo County,suggested,services
room rentals for adults La Joya,suggested,services
room rentals for adults McAllen,suggested,services
room rentals for adults Mercedes,suggested,services
room rentals for adults Mission,suggested,services
room rentals for adults Palmview,suggested,services
room rentals for adults Peñitas,suggested,services
room rentals for adults Pharr,suggested,services
room rentals for adults Progreso,suggested,services
room rentals for adults San Juan,suggested,services
room rentals for adults Weslaco,suggested,services
room rentals for autistic adults Alamo,suggested,services
room rentals for autistic adults Alton,suggested,services
room rentals for autistic adults Donna,suggested,services
room rentals for autistic adults Edinburg,suggested,services
room rentals for autistic adults Hidalgo,suggested,services
room rentals for autistic adults Hidalgo County,suggested,services
room rentals for autistic adults La Joya,suggested,services
room rentals for autistic adults McAllen,suggested,services
room rentals for autistic adults Mercedes,suggested,services
room rentals for autistic adults Mission,suggested,services
room rentals for autistic adults Palmview,suggested,services
room rentals for autistic adults Peñitas,suggested,services
room rentals for autistic adults Pharr,suggested,services
room rentals for autistic adults Progreso,suggested,services
room rentals for autistic adults San Juan,suggested,services
room rentals for autistic adults Weslaco,suggested,services
room rentals for individuals Alamo,suggested,services
room rentals for individuals Alton,suggested,services
room rentals for individuals Donna,suggested,services
room rentals for individuals Edinburg,suggested,services
room rentals for individuals Hidalgo,suggested,services
room rentals for individuals Hidalgo County,suggested,services
room rentals for individuals La Joya,suggested,services
room rentals for individuals McAllen,suggested,services
room rentals for individuals Mercedes,suggested,services
room rentals for individuals Mission,suggested,services
room rentals for individuals Palmview,suggested,services
room rentals for individuals Peñitas,suggested,services
room rentals for individuals Pharr,suggested,services
room rentals for individuals Progreso,suggested,services
room rentals for individuals San Juan,suggested,services
room rentals for individuals Weslaco,suggested,services
room rentals for neurodivergent adults Alamo,suggested,services
room rentals for neurodivergent adults Alton,suggested,services
room rentals for neurodivergent adults Donna,suggested,services
room rentals for neurodivergent adults Edinburg,suggested,services
room rentals for neurodivergent adults Hidalgo,suggested,services
room rentals for neurodivergent adults Hidalgo County,suggested,services
room rentals for neurodivergent adults La Joya,suggested,services
room rentals for neurodivergent adults McAllen,suggested,services
room rentals for neurodivergent adults Mercedes,suggested,services
room rentals for neurodivergent adults Mission,suggested,services
room rentals for neurodivergent adults Palmview,suggested,services
room rentals for neurodivergent adults Peñitas,suggested,services
room rentals for neurodivergent adults Pharr,suggested,services
room rentals for neurodivergent adults Progreso,suggested,services
room rentals for neurodivergent adults San Juan,suggested,services
room rentals for neurodivergent adults Weslaco,suggested,services
room rentals for people with disabilities Alamo,suggested,services
room rentals for people with disabilities Alton,suggested,services
room rentals for people with disabilities Donna,suggested,services
room rentals for people with disabilities Edinburg,suggested,services
room rentals for people with disabilities Hidalgo,suggested,services
room rentals for people with disabilities Hidalgo County,suggested,services
room rentals for people with disabilities La Joya,suggested,services
room rentals for people with disabilities McAllen,suggested,services
room rentals for people with disabilities Mercedes,suggested,services
room rentals for people with disabilities Mission,suggested,services
room rentals for people with disabilities Palmview,suggested,services
room rentals for people with disabilities Peñitas,suggested,services
room rentals for people with disabilities Pharr,suggested,services
room rentals for people with disabilities Progreso,suggested,services
room rentals for people with disabilities San Juan,suggested,services
room rentals for people with disabilities Weslaco,suggested,services
room rentals for seniors Alamo,suggested,services
room rentals for seniors Alton,suggested,services
room rentals for seniors Donna,suggested,services
room rentals for seniors Edinburg,suggested,services
room rentals for seniors Hidalgo,suggested,services
room rentals for seniors Hidalgo County,suggested,services
room rentals for seniors La Joya,suggested,services
room rentals for seniors McAllen,suggested,services
room rentals for seniors Mercedes,suggested,services
room rentals for seniors Mission,suggested,services
room rentals for seniors Palmview,suggested,services
room rentals for seniors Peñitas,suggested,services
room rentals for seniors Pharr,suggested,services
room rentals for seniors Progreso,suggested,services
room rentals for seniors San Juan,suggested,services
room rentals for seniors Weslaco,suggested,services
room rentals for young adults Alamo,suggested,services
room rentals for young adults Alton,suggested,services
room rentals for young adults Donna,suggested,services
room rentals for young adults Edinburg,suggested,services
room rentals for young adults Hidalgo,suggested,services
room rentals for young adults Hidalgo County,suggested,services
room rentals for young adults La Joya,suggested,services
room rentals for young adults McAllen,suggested,services
room rentals for young adults Mercedes,suggested,services
room rentals for young adults Mission,suggested,services
room rentals for young adults Palmview,suggested,services
room rentals for young adults Peñitas,suggested,services
room rentals for young adults Pharr,suggested,services
room rentals for young adults Progreso,suggested,services
room rentals for young adults San Juan,suggested,services
room rentals for young adults Weslaco,suggested,services
room rentals in Alamo,suggested,phrases
room rentals in Alton,suggested,phrases
room rentals in Donna,suggested,phrases
room rentals in Edinburg,suggested,phrases
room rentals in Hidalgo,suggested,phrases
room rentals in Hidalgo County,suggested,phrases
room rentals in La Joya,suggested,phrases
room rentals in McAllen,suggested,phrases
room rentals in Mercedes,suggested,phrases
room rentals in Mission,suggested,phrases
room rentals in Palmview,suggested,phrases
room rentals in Peñitas,suggested,phrases
room rentals in Pharr,suggested,phrases
room rentals in Progreso,suggested,phrases
room rentals in San Juan,suggested,phrases
room rentals in Weslaco,suggested,phrases
room rentals low-income Alamo,suggested,services
room rentals low-income Alton,suggested,services
room rentals low-income Donna,suggested,services
room rentals low-income Edinburg,suggested,services
room rentals low-income Hidalgo,suggested,services
room rentals low-income Hidalgo County,suggested,services
room rentals low-income La Joya,suggested,services
room rentals low-income McAllen,suggested,services
room rentals low-income Mercedes,suggested,services
room rentals low-income Mission,suggested,services
room rentals low-income Palmview,suggested,services
room rentals low-income Peñitas,suggested,services
room rentals low-income Pharr,suggested,services
room rentals low-income Progreso,suggested,services
room rentals low-income San Juan,suggested,services
room rentals low-income Weslaco,suggested,services
room rentals near me,suggested,phrases
room rentals nonprofit Alamo,suggested,services
room rentals nonprofit Alton,suggested,services
room rentals nonprofit Donna,suggested,services
room rentals nonprofit Edinburg,suggested,services
room rentals nonprofit Hidalgo,suggested,services
room rentals nonprofit Hidalgo County,suggested,services
room rentals nonprofit La Joya,suggested,services
room rentals nonprofit McAllen,suggested,services
room rentals nonprofit Mercedes,suggested,services
room rentals nonprofit Mission,suggested,services
room rentals nonprofit Palmview,suggested,services
room rentals nonprofit Peñitas,suggested,services
room rentals nonprofit Pharr,suggested,services
room rentals nonprofit Progreso,suggested,services
room rentals nonprofit San Juan,suggested,services
room rentals nonprofit Weslaco,suggested,services
roommate finder Alamo,suggested,phrases
roommate finder Alton,suggested,phrases
roommate finder Donna,suggested,phrases
roommate finder Edinburg,suggested,phrases
roommate finder Hidalgo,suggested,phrases
roommate finder Hidalgo County,suggested,phrases
roommate finder Hidalgo County TX,suggested,phrases
roommate finder Hidalgo TX,suggested,phrases
roommate finder La Joya,suggested,phrases
roommate finder McAllen,suggested,phrases
roommate finder Mercedes,suggested,phrases
roommate finder Mission,suggested,phrases
roommate finder Palmview,suggested,phrases
roommate finder Peñitas,suggested,phrases
roommate finder Pharr,suggested,phrases
roommate finder Progreso,suggested,phrases
roommate finder San Juan,suggested,phrases
roommate finder TX,suggested,phrases
roommate finder Texas,suggested,phrases
roommate finder Weslaco,suggested,phrases
roommate finder affordable Alamo,suggested,services
roommate finder affordable Alton,suggested,services
roommate finder affordable Donna,suggested,services
roommate finder affordable Edinburg,suggested,services
roommate finder affordable Hidalgo,suggested,services
roommate finder affordable Hidalgo County,suggested,services
roommate finder affordable La Joya,suggested,services
roommate finder affordable McAllen,suggested,services
roommate finder affordable Mercedes,suggested,services
roommate finder affordable Mission,suggested,services
roommate finder affordable Palmview,suggested,services
roommate finder affordable Peñitas,suggested,services
roommate finder affordable Pharr,suggested,services
roommate finder affordable Progreso,suggested,services
roommate finder affordable San Juan,suggested,services
roommate finder affordable Weslaco,suggested,services
roommate finder community-based Alamo,suggested,services
roommate finder community-based Alton,suggested,services
roommate finder community-based Donna,suggested,services
roommate finder community-based Edinburg,suggested,services
roommate finder community-based Hidalgo,suggested,services
roommate finder community-based Hidalgo County,suggested,services
roommate finder community-based La Joya,suggested,services
roommate finder community-based McAllen,suggested,services
roommate finder community-based Mercedes,suggested,services
roommate finder community-based Mission,suggested,services
roommate finder community-based Palmview,suggested,services
roommate finder community-based Peñitas,suggested,services
roommate finder community-based Pharr,suggested,services
roommate finder community-based Progreso,suggested,services
roommate finder community-based San Juan,suggested,services
roommate finder community-based Weslaco,suggested,services
roommate finder faith-based Alamo,suggested,services
roommate finder faith-based Alton,suggested,services
roommate finder faith-based Donna,suggested,services
roommate finder faith-based Edinburg,suggested,services
roommate finder faith-based Hidalgo,suggested,services
roommate finder faith-based Hidalgo County,suggested,services
roommate finder faith-based La Joya,suggested,services
roommate finder faith-based McAllen,suggested,services
roommate finder faith-based Mercedes,suggested,services
roommate finder faith-based Mission,suggested,services
roommate finder faith-based Palmview,suggested,services
roommate finder faith-based Peñitas,suggested,services
roommate finder faith-based Pharr,suggested,services
roommate finder faith-based Progreso,suggested,services
roommate finder faith-based San Juan,suggested,services
roommate finder faith-based Weslaco,suggested,services
roommate finder for adults Alamo,suggested,services
roommate finder for adults Alton,suggested,services
roommate finder for adults Donna,suggested,services
roommate finder for adults Edinburg,suggested,services
roommate finder for adults Hidalgo,suggested,services
roommate finder for adults Hidalgo County,suggested,services
roommate finder for adults La Joya,suggested,services
roommate finder for adults McAllen,suggested,services
roommate finder for adults Mercedes,suggested,services
roommate finder for adults Mission,suggested,services
roommate finder for adults Palmview,suggested,services
roommate finder for adults Peñitas,suggested,services
roommate finder for adults Pharr,suggested,services
roommate finder for adults Progreso,suggested,services
roommate finder for adults San Juan,suggested,services
roommate finder for adults Weslaco,suggested,services
roommate finder for autistic adults Alamo,suggested,services
roommate finder for autistic adults Alton,suggested,services
roommate finder for autistic adults Donna,suggested,services
roommate finder for autistic adults Edinburg,suggested,services
roommate finder for autistic adults Hidalgo,suggested,services
roommate finder for autistic adults Hidalgo County,suggested,services
roommate finder for autistic adults La Joya,suggested,services
roommate finder for autistic adults McAllen,suggested,services
roommate finder for autistic adults Mercedes,suggested,services
roommate finder for autistic adults Mission,suggested,services
roommate finder for autistic adults Palmview,suggested,services
roommate finder for autistic adults Peñitas,suggested,services
roommate finder for autistic adults Pharr,suggested,services
roommate finder for autistic adults Progreso,suggested,services
roommate finder for autistic adults San Juan,suggested,services
roommate finder for autistic adults Weslaco,suggested,services
roommate finder for individuals Alamo,suggested,services
roommate finder for individuals Alton,suggested,services
roommate finder for individuals Donna,suggested,services
roommate finder for individuals Edinburg,suggested,services
roommate finder for individuals Hidalgo,suggested,services
roommate finder for individuals Hidalgo County,suggested,services
roommate finder for individuals La Joya,suggested,services
roommate finder for individuals McAllen,suggested,services
roommate finder for individuals Mercedes,suggested,services
roommate finder for individuals Mission,suggested,services
roommate finder for individuals Palmview,suggested,services
roommate finder for individuals Peñitas,suggested,services
roommate finder for individuals Pharr,suggested,services
roommate finder for individuals Progreso,suggested,services
roommate finder for individuals San Juan,suggested,services
roommate finder for individuals Weslaco,suggested,services
roommate finder for neurodivergent adults Alamo,suggested,services
roommate finder for neurodivergent adults Alton,suggested,services
roommate finder for neurodivergent adults Donna,suggested,services
roommate finder for neurodivergent adults Edinburg,suggested,services
roommate finder for neurodivergent adults Hidalgo,suggested,services
roommate finder for neurodivergent adults Hidalgo County,suggested,services
roommate finder for neurodivergent adults La Joya,suggested,services
roommate finder for neurodivergent adults McAllen,suggested,services
roommate finder for neurodivergent adults Mercedes,suggested,services
roommate finder for neurodivergent adults Mission,suggested,services
roommate finder for neurodivergent adults Palmview,suggested,services
roommate finder for neurodivergent adults Peñitas,suggested,services
roommate finder for neurodivergent adults Pharr,suggested,services
roommate finder for neurodivergent adults Progreso,suggested,services
roommate finder for neurodivergent adults San Juan,suggested,services
roommate finder for neurodivergent adults Weslaco,suggested,services
roommate finder for people with disabilities Alamo,suggested,services
roommate finder for people with disabilities Alton,suggested,services
roommate finder for people with disabilities Donna,suggested,services
roommate finder for people with disabilities Edinburg,suggested,services
roommate finder for people with disabilities Hidalgo,suggested,services
roommate finder for people with disabilities Hidalgo County,suggested,services
roommate finder for people with disabilities La Joya,suggested,services
roommate finder for people with disabilities McAllen,suggested,services
roommate finder for people with disabilities Mercedes,suggested,services
roommate finder for people with disabilities Mission,suggested,services
roommate finder for people with disabilities Palmview,suggested,services
roommate finder for people with disabilities Peñitas,suggested,services
roommate finder for people with disabilities Pharr,suggested,services
roommate finder for people with disabilities Progreso,suggested,services
roommate finder for people with disabilities San Juan,suggested,services
roommate finder for people with disabilities Weslaco,suggested,services
roommate finder for seniors Alamo,suggested,services
roommate finder for seniors Alton,suggested,services
roommate finder for seniors Donna,suggested,services
roommate finder for seniors Edinburg,suggested,services
roommate finder for seniors Hidalgo,suggested,services
roommate finder for seniors Hidalgo County,suggested,services
roommate finder for seniors La Joya,suggested,services
roommate finder for seniors McAllen,suggested,services
roommate finder for seniors Mercedes,suggested,services
roommate finder for seniors Mission,suggested,services
roommate finder for seniors Palmview,suggested,services
roommate finder for seniors Peñitas,suggested,services
roommate finder for seniors Pharr,suggested,services
roommate finder for seniors Progreso,suggested,services
roommate finder for seniors San Juan,suggested,services
roommate finder for seniors Weslaco,suggested,services
roommate finder for young adults Alamo,suggested,services
roommate finder for young adults Alton,suggested,services
roommate finder for young adults Donna,suggested,services
roommate finder for young adults Edinburg,suggested,services
roommate finder for young adults Hidalgo,suggested,services
roommate finder for young adults Hidalgo County,suggested,services
roommate finder for young adults La Joya,suggested,services
roommate finder for young adults McAllen,suggested,services
roommate finder for young adults Mercedes,suggested,services
roommate finder for young adults Mission,suggested,services
roommate finder for young adults Palmview,suggested,services
roommate finder for young adults Peñitas,suggested,services
roommate finder for young adults Pharr,suggested,services
roommate finder for young adults Progreso,suggested,services
roommate finder for young adults San Juan,suggested,services
roommate finder for young adults Weslaco,suggested,services
roommate finder in Alamo,suggested,phrases
roommate finder in Alton,suggested,phrases
roommate finder in Donna,suggested,phrases
roommate finder in Edinburg,suggested,phrases
roommate finder in Hidalgo,suggested,phrases
roommate finder in Hidalgo County,suggested,phrases
roommate finder in La Joya,suggested,phrases
roommate finder in McAllen,suggested,phrases
roommate finder in Mercedes,suggested,phrases
roommate finder in Mission,suggested,phrases
roommate finder in Palmview,suggested,phrases
roommate finder in Peñitas,suggested,phrases
roommate finder in Pharr,suggested,phrases
roommate finder in Progreso,suggested,phrases
roommate finder in San Juan,suggested,phrases
roommate finder in Weslaco,suggested,phrases
roommate finder low-income Alamo,suggested,services
roommate finder low-income Alton,suggested,services
roommate finder low-income Donna,suggested,services
roommate finder low-income Edinburg,suggested,services
roommate finder low-income Hidalgo,suggested,services
roommate finder low-income Hidalgo County,suggested,services
roommate finder low-income La Joya,suggested,services
roommate finder low-income McAllen,suggested,services
roommate finder low-income Mercedes,suggested,services
roommate finder low-income Mission,suggested,services
roommate finder low-income Palmview,suggested,services
roommate finder low-income Peñitas,suggested,services
roommate finder low-income Pharr,suggested,services
roommate finder low-income Progreso,suggested,services
roommate finder low-income San Juan,suggested,services
roommate finder low-income Weslaco,suggested,services
roommate finder near me,suggested,phrases
roommate finder nonprofit Alamo,suggested,services
roommate finder nonprofit Alton,suggested,services
roommate finder nonprofit Donna,suggested,services
roommate finder nonprofit Edinburg,suggested,services
roommate finder nonprofit Hidalgo,suggested,services
roommate finder nonprofit Hidalgo County,suggested,services
roommate finder nonprofit La Joya,suggested,services
roommate finder nonprofit McAllen,suggested,services
roommate finder nonprofit Mercedes,suggested,services
roommate finder nonprofit Mission,suggested,services
roommate finder nonprofit Palmview,suggested,services
roommate finder nonprofit Peñitas,suggested,services
roommate finder nonprofit Pharr,suggested,services
roommate finder nonprofit Progreso,suggested,services
roommate finder nonprofit San Juan,suggested,services
roommate finder nonprofit Weslaco,suggested,services
roommate matching Alamo,suggested,phrases
roommate matching Alton,suggested,phrases
roommate matching Donna,suggested,phrases
roommate matching Edinburg,suggested,phrases
roommate matching Hidalgo,suggested,phrases
roommate matching Hidalgo County,suggested,phrases
roommate matching Hidalgo County TX,suggested,phrases
roommate matching Hidalgo TX,suggested,phrases
roommate matching La Joya,suggested,phrases
roommate matching McAllen,suggested,phrases
roommate matching Mercedes,suggested,phrases
roommate matching Mission,suggested,phrases
roommate matching Palmview,suggested,phrases
roommate matching Peñitas,suggested,phrases
roommate matching Pharr,suggested,phrases
roommate matching Progreso,suggested,phrases
roommate matching San Juan,suggested,phrases
roommate matching TX,suggested,phrases
roommate matching Texas,suggested,phrases
roommate matching Weslaco,suggested,phrases
roommate matching affordable Alamo,suggested,services
roommate matching affordable Alton,suggested,services
roommate matching affordable Donna,suggested,services
roommate matching affordable Edinburg,suggested,services
roommate matching affordable Hidalgo,suggested,services
roommate matching affordable Hidalgo County,suggested,services
roommate matching affordable La Joya,suggested,services
roommate matching affordable McAllen,suggested,services
roommate matching affordable Mercedes,suggested,services
roommate matching affordable Mission,suggested,services
roommate matching affordable Palmview,suggested,services
roommate matching affordable Peñitas,suggested,services
roommate matching affordable Pharr,suggested,services
roommate matching affordable Progreso,suggested,services
roommate matching affordable San Juan,suggested,services
roommate matching affordable Weslaco,suggested,services
roommate matching community-based Alamo,suggested,services
roommate matching community-based Alton,suggested,services
roommate matching community-based Donna,suggested,services
roommate matching community-based Edinburg,suggested,services
roommate matching community-based Hidalgo,suggested,services
roommate matching community-based Hidalgo County,suggested,services
roommate matching community-based La Joya,suggested,services
roommate matching community-based McAllen,suggested,services
roommate matching community-based Mercedes,suggested,services
roommate matching community-based Mission,suggested,services
roommate matching community-based Palmview,suggested,services
roommate matching community-based Peñitas,suggested,services
roommate matching community-based Pharr,suggested,services
roommate matching community-based Progreso,suggested,services
roommate matching community-based San Juan,suggested,services
roommate matching community-based Weslaco,suggested,services
roommate matching faith-based Alamo,suggested,services
roommate matching faith-based Alton,suggested,services
roommate matching faith-based Donna,suggested,services
roommate matching faith-based Edinburg,suggested,services
roommate matching faith-based Hidalgo,suggested,services
roommate matching faith-based Hidalgo County,suggested,services
roommate matching faith-based La Joya,suggested,services
roommate matching faith-based McAllen,suggested,services
roommate matching faith-based Mercedes,suggested,services
roommate matching faith-based Mission,suggested,services
roommate matching faith-based Palmview,suggested,services
roommate matching faith-based Peñitas,suggested,services
roommate matching faith-based Pharr,suggested,services
roommate matching faith-based Progreso,suggested,services
roommate matching faith-based San Juan,suggested,services
roommate matching faith-based Weslaco,suggested,services
roommate matching for adults Alamo,suggested,services
roommate matching for adults Alton,suggested,services
roommate matching for adults Donna,suggested,services
roommate matching for adults Edinburg,suggested,services
roommate matching for adults Hidalgo,suggested,services
roommate matching for adults Hidalgo County,suggested,services
roommate matching for adults La Joya,suggested,services
roommate matching for adults McAllen,suggested,services
roommate matching for adults Mercedes,suggested,services
roommate matching for adults Mission,suggested,services
roommate matching for adults Palmview,suggested,services
roommate matching for adults Peñitas,suggested,services
roommate matching for adults Pharr,suggested,services
roommate matching for adults Progreso,suggested,services
roommate matching for adults San Juan,suggested,services
roommate matching for adults Weslaco,suggested,services
roommate matching for autistic adults Alamo,suggested,services
roommate matching for autistic adults Alton,suggested,services
roommate matching for autistic adults Donna,suggested,services
roommate matching for autistic adults Edinburg,suggested,services
roommate matching for autistic adults Hidalgo,suggested,services
roommate matching for autistic adults Hidalgo County,suggested,services
roommate matching for autistic adults La Joya,suggested,services
roommate matching for autistic adults McAllen,suggested,services
roommate matching for autistic adults Mercedes,suggested,services
roommate matching for autistic adults Mission,suggested,services
roommate matching for autistic adults Palmview,suggested,services
roommate matching for autistic adults Peñitas,suggested,services
roommate matching for autistic adults Pharr,suggested,services
roommate matching for autistic adults Progreso,suggested,services
roommate matching for autistic adults San Juan,suggested,services
roommate matching for autistic adults Weslaco,suggested,services
roommate matching for individuals Alamo,suggested,services
roommate matching for individuals Alton,suggested,services
roommate matching for individuals Donna,suggested,services
roommate matching for individuals Edinburg,suggested,services
roommate matching for individuals Hidalgo,suggested,services
roommate matching for individuals Hidalgo County,suggested,services
roommate matching for individuals La Joya,suggested,services
roommate matching for individuals McAllen,suggested,services
roommate matching for individuals Mercedes,suggested,services
roommate matching for individuals Mission,suggested,services
roommate matching for individuals Palmview,suggested,services
roommate matching for individuals Peñitas,suggested,services
roommate matching for individuals Pharr,suggested,services
roommate matching for individuals Progreso,suggested,services
roommate matching for individuals San Juan,suggested,services
roommate matching for individuals Weslaco,suggested,services
roommate matching for neurodivergent adults Alamo,suggested,services
roommate matching for neurodivergent adults Alton,suggested,services
roommate matching for neurodivergent adults Donna,suggested,services
roommate matching for neurodivergent adults Edinburg,suggested,services
roommate matching for neurodivergent adults Hidalgo,suggested,services
roommate matching for neurodivergent adults Hidalgo County,suggested,services
roommate matching for neurodivergent adults La Joya,suggested,services
roommate matching for neurodivergent adults McAllen,suggested,services
roommate matching for neurodivergent adults Mercedes,suggested,services
roommate matching for neurodivergent adults Mission,suggested,services
roommate matching for neurodivergent adults Palmview,suggested,services
roommate matching for neurodivergent adults Peñitas,suggested,services
roommate matching for neurodivergent adults Pharr,suggested,services
roommate matching for neurodivergent adults Progreso,suggested,services
roommate matching for neurodivergent adults San Juan,suggested,services
roommate matching for neurodivergent adults Weslaco,suggested,services
roommate matching for people with disabilities Alamo,suggested,services
roommate matching for people with disabilities Alton,suggested,services
roommate matching for people with disabilities Donna,suggested,services
roommate matching for people with disabilities Edinburg,suggested,services
roommate matching for people with disabilities Hidalgo,suggested,services
roommate matching for people with disabilities Hidalgo County,suggested,services
roommate matching for people with disabilities La Joya,suggested,services
roommate matching for people with disabilities McAllen,suggested,services
roommate matching for people with disabilities Mercedes,suggested,services
roommate matching for people with disabilities Mission,suggested,services
roommate matching for people with disabilities Palmview,suggested,services
roommate matching for people with disabilities Peñitas,suggested,services
roommate matching for people with disabilities Pharr,suggested,services
roommate matching for people with disabilities Progreso,suggested,services
roommate matching for people with disabilities San Juan,suggested,services
roommate matching for people with disabilities Weslaco,suggested,services
roommate matching for seniors Alamo,suggested,services
roommate matching for seniors Alton,suggested,services
roommate matching for seniors Donna,suggested,services
roommate matching for seniors Edinburg,suggested,services
roommate matching for seniors Hidalgo,suggested,services
roommate matching for seniors Hidalgo County,suggested,services
roommate matching for seniors La Joya,suggested,services
roommate matching for seniors McAllen,suggested,services
roommate matching for seniors Mercedes,suggested,services
roommate matching for seniors Mission,suggested,services
roommate matching for seniors Palmview,suggested,services
roommate matching for seniors Peñitas,suggested,services
roommate matching for seniors Pharr,suggested,services
roommate matching for seniors Progreso,suggested,services
roommate matching for seniors San Juan,suggested,services
roommate matching for seniors Weslaco,suggested,services
roommate matching for young adults Alamo,suggested,services
roommate matching for young adults Alton,suggested,services
roommate matching for young adults Donna,suggested,services
roommate matching for young adults Edinburg,suggested,services
roommate matching for young adults Hidalgo,suggested,services
roommate matching for young adults Hidalgo County,suggested,services
roommate matching for young adults La Joya,suggested,services
roommate matching for young adults McAllen,suggested,services
roommate matching for young adults Mercedes,suggested,services
roommate matching for young adults Mission,suggested,services
roommate matching for young adults Palmview,suggested,services
roommate matching for young adults Peñitas,suggested,services
roommate matching for young adults Pharr,suggested,services
roommate matching for young adults Progreso,suggested,services
roommate matching for young adults San Juan,suggested,services
roommate matching for young adults Weslaco,suggested,services
roommate matching in Alamo,suggested,phrases
roommate matching in Alton,suggested,phrases
roommate matching in Donna,suggested,phrases
roommate matching in Edinburg,suggested,phrases
roommate matching in Hidalgo,suggested,phrases
roommate matching in Hidalgo County,suggested,phrases
roommate matching in La Joya,suggested,phrases
roommate matching in McAllen,suggested,phrases
roommate matching in Mercedes,suggested,phrases
roommate matching in Mission,suggested,phrases
roommate matching in Palmview,suggested,phrases
roommate matching in Peñitas,suggested,phrases
roommate matching in Pharr,suggested,phrases
roommate matching in Progreso,suggested,phrases
roommate matching in San Juan,suggested,phrases
roommate matching in Weslaco,suggested,phrases
roommate matching low-income Alamo,suggested,services
roommate matching low-income Alton,suggested,services
roommate matching low-income Donna,suggested,services
roommate matching low-income Edinburg,suggested,services
roommate matching low-income Hidalgo,suggested,services
roommate matching low-income Hidalgo County,suggested,services
roommate matching low-income La Joya,suggested,services
roommate matching low-income McAllen,suggested,services
roommate matching low-income Mercedes,suggested,services
roommate matching low-income Mission,suggested,services
roommate matching low-income Palmview,suggested,services
roommate matching low-income Peñitas,suggested,services
roommate matching low-income Pharr,suggested,services
roommate matching low-income Progreso,suggested,services
roommate matching low-income San Juan,suggested,services
roommate matching low-income Weslaco,suggested,services
roommate matching near me,suggested,phrases
roommate matching nonprofit Alamo,suggested,services
roommate matching nonprofit Alton,suggested,services
roommate matching nonprofit Donna,suggested,services
roommate matching nonprofit Edinburg,suggested,services
roommate matching nonprofit Hidalgo,suggested,services
roommate matching nonprofit Hidalgo County,suggested,services
roommate matching nonprofit La Joya,suggested,services
roommate matching nonprofit McAllen,suggested,services
roommate matching nonprofit Mercedes,suggested,services
roommate matching nonprofit Mission,suggested,services
roommate matching nonprofit Palmview,suggested,services
roommate matching nonprofit Peñitas,suggested,services
roommate matching nonprofit Pharr,suggested,services
roommate matching nonprofit Progreso,suggested,services
roommate matching nonprofit San Juan,suggested,services
roommate matching nonprofit Weslaco,suggested,services
rooms for rent Alamo,suggested,core+local
rooms for rent Alton,suggested,core+local
rooms for rent Donna,suggested,core+local
rooms for rent Edinburg,suggested,phrases
rooms for rent Hidalgo,suggested,core+local
rooms for rent Hidalgo County,suggested,core+local
rooms for rent Hidalgo County TX,suggested,phrases
rooms for rent Hidalgo TX,suggested,phrases
rooms for rent La Joya,suggested,core+local
rooms for rent McAllen,suggested,core+local
rooms for rent Mercedes,suggested,core+local
rooms for rent Mission,suggested,core+local
rooms for rent Palmview,suggested,core+local
rooms for rent Peñitas,suggested,core+local
rooms for rent Pharr,suggested,core+local
rooms for rent Progreso,suggested,core+local
rooms for rent San Juan,suggested,core+local
rooms for rent TX,suggested,phrases
rooms for rent Texas,suggested,phrases
rooms for rent Weslaco,suggested,core+local
rooms for rent affordable Alamo,suggested,services
rooms for rent affordable Alton,suggested,services
rooms for rent affordable Donna,suggested,services
rooms for rent affordable Edinburg,suggested,services
rooms for rent affordable Hidalgo,suggested,services
rooms for rent affordable Hidalgo County,suggested,services
rooms for rent affordable La Joya,suggested,services
rooms for rent affordable McAllen,suggested,services
rooms for rent affordable Mercedes,suggested,services
rooms for rent affordable Mission,suggested,services
rooms for rent affordable Palmview,suggested,services
rooms for rent affordable Peñitas,suggested,services
rooms for rent affordable Pharr,suggested,services
rooms for rent affordable Progreso,suggested,services
rooms for rent affordable San Juan,suggested,services
rooms for rent affordable Weslaco,suggested,services
rooms for rent community-based Alamo,suggested,services
rooms for rent community-based Alton,suggested,services
rooms for rent community-based Donna,suggested,services
rooms for rent community-based Edinburg,suggested,services
rooms for rent community-based Hidalgo,suggested,services
rooms for rent community-based Hidalgo County,suggested,services
rooms for rent community-based La Joya,suggested,services
rooms for rent community-based McAllen,suggested,services
rooms for rent community-based Mercedes,suggested,services
rooms for rent community-based Mission,suggested,services
rooms for rent community-based Palmview,suggested,services
rooms for rent community-based Peñitas,suggested,services
rooms for rent community-based Pharr,suggested,services
rooms for rent community-based Progreso,suggested,services
rooms for rent community-based San Juan,suggested,services
rooms for rent community-based Weslaco,suggested,services
rooms for rent faith-based Alamo,suggested,services
rooms for rent faith-based Alton,suggested,services
rooms for rent faith-based Donna,suggested,services
rooms for rent faith-based Edinburg,suggested,services
rooms for rent faith-based Hidalgo,suggested,services
rooms for rent faith-based Hidalgo County,suggested,services
rooms for rent faith-based La Joya,suggested,services
rooms for rent faith-based McAllen,suggested,services
rooms for rent faith-based Mercedes,suggested,services
rooms for rent faith-based Mission,suggested,services
rooms for rent faith-based Palmview,suggested,services
rooms for rent faith-based Peñitas,suggested,services
rooms for rent faith-based Pharr,suggested,services
rooms for rent faith-based Progreso,suggested,services
rooms for rent faith-based San Juan,suggested,services
rooms for rent faith-based Weslaco,suggested,services
rooms for rent for adults Alamo,suggested,services
rooms for rent for adults Alton,suggested,services
rooms for rent for adults Donna,suggested,services
rooms for rent for adults Edinburg,suggested,services
rooms for rent for adults Hidalgo,suggested,services
rooms for rent for adults Hidalgo County,suggested,services
rooms for rent for adults La Joya,suggested,services
rooms for rent for adults McAllen,suggested,services
rooms for rent for adults Mercedes,suggested,services
rooms for rent for adults Mission,suggested,services
rooms for rent for adults Palmview,suggested,services
rooms for rent for adults Peñitas,suggested,services
rooms for rent for adults Pharr,suggested,services
rooms for rent for adults Progreso,suggested,services
rooms for rent for adults San Juan,suggested,services
rooms for rent for adults Weslaco,suggested,services
rooms for rent for autistic adults Alamo,suggested,services
rooms for rent for autistic adults Alton,suggested,services
rooms for rent for autistic adults Donna,suggested,services
rooms for rent for autistic adults Edinburg,suggested,services
rooms for rent for autistic adults Hidalgo,suggested,services
rooms for rent for autistic adults Hidalgo County,suggested,services
rooms for rent for autistic adults La Joya,suggested,services
rooms for rent for autistic adults McAllen,suggested,services
rooms for rent for autistic adults Mercedes,suggested,services
rooms for rent for autistic adults Mission,suggested,services
rooms for rent for autistic adults Palmview,suggested,services
rooms for rent for autistic adults Peñitas,suggested,services
rooms for rent for autistic adults Pharr,suggested,services
rooms for rent for autistic adults Progreso,suggested,services
rooms for rent for autistic adults San Juan,suggested,services
rooms for rent for autistic adults Weslaco,suggested,services
rooms for rent for individuals Alamo,suggested,services
rooms for rent for individuals Alton,suggested,services
rooms for rent for individuals Donna,suggested,services
rooms for rent for individuals Edinburg,suggested,services
rooms for rent for individuals Hidalgo,suggested,services
rooms for rent for individuals Hidalgo County,suggested,services
rooms for rent for individuals La Joya,suggested,services
rooms for rent for individuals McAllen,suggested,services
rooms for rent for individuals Mercedes,suggested,services
rooms for rent for individuals Mission,suggested,services
rooms for rent for individuals Palmview,suggested,services
rooms for rent for individuals Peñitas,suggested,services
rooms for rent for individuals Pharr,suggested,services
rooms for rent for individuals Progreso,suggested,services
rooms for rent for individuals San Juan,suggested,services
rooms for rent for individuals Weslaco,suggested,services
rooms for rent for neurodivergent adults Alamo,suggested,services
rooms for rent for neurodivergent adults Alton,suggested,services
rooms for rent for neurodivergent adults Donna,suggested,services
rooms for rent for neurodivergent adults Edinburg,suggested,services
rooms for rent for neurodivergent adults Hidalgo,suggested,services
rooms for rent for neurodivergent adults Hidalgo County,suggested,services
rooms for rent for neurodivergent adults La Joya,suggested,services
rooms for rent for neurodivergent adults McAllen,suggested,services
rooms for rent for neurodivergent adults Mercedes,suggested,services
rooms for rent for neurodivergent adults Mission,suggested,services
rooms for rent for neurodivergent adults Palmview,suggested,services
rooms for rent for neurodivergent adults Peñitas,suggested,services
rooms for rent for neurodivergent adults Pharr,suggested,services
rooms for rent for neurodivergent adults Progreso,suggested,services
rooms for rent for neurodivergent adults San Juan,suggested,services
rooms for rent for neurodivergent adults Weslaco,suggested,services
rooms for rent for people with disabilities Alamo,suggested,services
rooms for rent for people with disabilities Alton,suggested,services
rooms for rent for people with disabilities Donna,suggested,services
rooms for rent for people with disabilities Edinburg,suggested,services
rooms for rent for people with disabilities Hidalgo,suggested,services
rooms for rent for people with disabilities Hidalgo County,suggested,services
rooms for rent for people with disabilities La Joya,suggested,services
rooms for rent for people with disabilities McAllen,suggested,services
rooms for rent for people with disabilities Mercedes,suggested,services
rooms for rent for people with disabilities Mission,suggested,services
rooms for rent for people with disabilities Palmview,suggested,services
rooms for rent for people with disabilities Peñitas,suggested,services
rooms for rent for people with disabilities Pharr,suggested,services
rooms for rent for people with disabilities Progreso,suggested,services
rooms for rent for people with disabilities San Juan,suggested,services
rooms for rent for people with disabilities Weslaco,suggested,services
rooms for rent for seniors Alamo,suggested,services
rooms for rent for seniors Alton,suggested,services
rooms for rent for seniors Donna,suggested,services
rooms for rent for seniors Edinburg,suggested,services
rooms for rent for seniors Hidalgo,suggested,services
rooms for rent for seniors Hidalgo County,suggested,services
rooms for rent for seniors La Joya,suggested,services
rooms for rent for seniors McAllen,suggested,services
rooms for rent for seniors Mercedes,suggested,services
rooms for rent for seniors Mission,suggested,services
rooms for rent for seniors Palmview,suggested,services
rooms for rent for seniors Peñitas,suggested,services
rooms for rent for seniors Pharr,suggested,services
rooms for rent for seniors Progreso,suggested,services
rooms for rent for seniors San Juan,suggested,services
rooms for rent for seniors Weslaco,suggested,services
rooms for rent for young adults Alamo,suggested,services
rooms for rent for young adults Alton,suggested,services
rooms for rent for young adults Donna,suggested,services
rooms for rent for young adults Edinburg,suggested,services
rooms for rent for young adults Hidalgo,suggested,services
rooms for rent for young adults Hidalgo County,suggested,services
rooms for rent for young adults La Joya,suggested,services
rooms for rent for young adults McAllen,suggested,services
rooms for rent for young adults Mercedes,suggested,services
rooms for rent for young adults Mission,suggested,services
rooms for rent for young adults Palmview,suggested,services
rooms for rent for young adults Peñitas,suggested,services
rooms for rent for young adults Pharr,suggested,services
rooms for rent for young adults Progreso,suggested,services
rooms for rent for young adults San Juan,suggested,services
rooms for rent for young adults Weslaco,suggested,services
rooms for rent in Alamo,suggested,phrases
rooms for rent in Alton,suggested,phrases
rooms for rent in Donna,suggested,phrases
rooms for rent in Edinburg,suggested,phrases
rooms for rent in Hidalgo,suggested,phrases
rooms for rent in Hidalgo County,suggested,phrases
rooms for rent in La Joya,suggested,phrases
rooms for rent in McAllen,suggested,phrases
rooms for rent in Mercedes,suggested,phrases
rooms for rent in Mission,suggested,phrases
rooms for rent in Palmview,suggested,phrases
rooms for rent in Peñitas,suggested,phrases
rooms for rent in Pharr,suggested,phrases
rooms for rent in Progreso,suggested,phrases
rooms for rent in San Juan,suggested,phrases
rooms for rent in Weslaco,suggested,phrases
rooms for rent low-income Alamo,suggested,services
rooms for rent low-income Alton,suggested,services
rooms for rent low-income Donna,suggested,services
rooms for rent low-income Edinburg,suggested,services
rooms for rent low-income Hidalgo,suggested,services
rooms for rent low-income Hidalgo County,suggested,services
rooms for rent low-income La Joya,suggested,services
rooms for rent low-income McAllen,suggested,services
rooms for rent low-income Mercedes,suggested,services
rooms for rent low-income Mission,suggested,services
rooms for rent low-income Palmview,suggested,services
rooms for rent low-income Peñitas,suggested,services
rooms for rent low-income Pharr,suggested,services
rooms for rent low-income Progreso,suggested,services
rooms for rent low-income San Juan,suggested,services
rooms for rent low-income Weslaco,suggested,services
rooms for rent near me,suggested,phrases
rooms for rent nonprofit Alamo,suggested,services
rooms for rent nonprofit Alton,suggested,services
rooms for rent nonprofit Donna,suggested,services
rooms for rent nonprofit Edinburg,suggested,services
rooms for rent nonprofit Hidalgo,suggested,services
rooms for rent nonprofit Hidalgo County,suggested,services
rooms for rent nonprofit La Joya,suggested,services
rooms for rent nonprofit McAllen,suggested,services
rooms for rent nonprofit Mercedes,suggested,services
rooms for rent nonprofit Mission,suggested,services
rooms for rent nonprofit Palmview,suggested,services
rooms for rent nonprofit Peñitas,suggested,services
rooms for rent nonprofit Pharr,suggested,services
rooms for rent nonprofit Progreso,suggested,services
rooms for rent nonprofit San Juan,suggested,services
rooms for rent nonprofit Weslaco,suggested,services
shared housing Alamo,suggested,phrases
shared housing Alton,suggested,phrases
shared housing Donna,suggested,phrases
shared housing Edinburg,suggested,phrases
shared housing Hidalgo,suggested,phrases
shared housing Hidalgo County,suggested,phrases
shared housing Hidalgo County TX,suggested,phrases
shared housing La Joya,suggested,phrases
shared housing McAllen,suggested,phrases
shared housing Mercedes,suggested,phrases
shared housing Mission,suggested,phrases
shared housing Palmview,suggested,phrases
shared housing Peñitas,suggested,phrases
shared housing Pharr,suggested,phrases
shared housing Progreso,suggested,phrases
shared housing San Juan,suggested,phrases
shared housing TX,suggested,phrases
shared housing Texas,suggested,phrases
shared housing Weslaco,suggested,phrases
shared housing affordable Alamo,suggested,services
shared housing affordable Alton,suggested,services
shared housing affordable Donna,suggested,services
shared housing affordable Edinburg,suggested,services
shared housing affordable Hidalgo,suggested,services
shared housing affordable Hidalgo County,suggested,services
shared housing affordable La Joya,suggested,services
shared housing affordable McAllen,suggested,services
shared housing affordable Mercedes,suggested,services
shared housing affordable Mission,suggested,services
shared housing affordable Palmview,suggested,services
shared housing affordable Peñitas,suggested,services
shared housing affordable Pharr,suggested,services
shared housing affordable Progreso,suggested,services
shared housing affordable San Juan,suggested,services
shared housing affordable Weslaco,suggested,services
shared housing community-based Alamo,suggested,services
shared housing community-based Alton,suggested,services
shared housing community-based Donna,suggested,services
shared housing community-based Edinburg,suggested,services
shared housing community-based Hidalgo,suggested,services
shared housing community-based Hidalgo County,suggested,services
shared housing community-based La Joya,suggested,services
shared housing community-based McAllen,suggested,services
shared housing community-based Mercedes,suggested,services
shared housing community-based Mission,suggested,services
shared housing community-based Palmview,suggested,services
shared housing community-based Peñitas,suggested,services
shared housing community-based Pharr,suggested,services
shared housing community-based Progreso,suggested,services
shared housing community-based San Juan,suggested,services
shared housing community-based Weslaco,suggested,services
shared housing faith-based Alamo,suggested,services
shared housing faith-based Alton,suggested,services
shared housing faith-based Donna,suggested,services
shared housing faith-based Edinburg,suggested,services
shared housing faith-based Hidalgo,suggested,services
shared housing faith-based Hidalgo County,suggested,services
shared housing faith-based La Joya,suggested,services
shared housing faith-based McAllen,suggested,services
shared housing faith-based Mercedes,suggested,services
shared housing faith-based Mission,suggested,services
shared housing faith-based Palmview,suggested,services
shared housing faith-based Peñitas,suggested,services
shared housing faith-based Pharr,suggested,services
shared housing faith-based Progreso,suggested,services
shared housing faith-based San Juan,suggested,services
shared housing faith-based Weslaco,suggested,services
shared housing for adults Alamo,suggested,services
shared housing for adults Alton,suggested,services
shared housing for adults Donna,suggested,services
shared housing for adults Edinburg,suggested,services
shared housing for adults Hidalgo,suggested,services
shared housing for adults Hidalgo County,suggested,services
shared housing for adults La Joya,suggested,services
shared housing for adults McAllen,suggested,services
shared housing for adults Mercedes,suggested,services
shared housing for adults Mission,suggested,services
shared housing for adults Palmview,suggested,services
shared housing for adults Peñitas,suggested,services
shared housing for adults Pharr,suggested,services
shared housing for adults Progreso,suggested,services
shared housing for adults San Juan,suggested,services
shared housing for adults Weslaco,suggested,services
shared housing for autistic adults Alamo,suggested,services
shared housing for autistic adults Alton,suggested,services
shared housing for autistic adults Donna,suggested,services
shared housing for autistic adults Edinburg,suggested,services
shared housing for autistic adults Hidalgo,suggested,services
shared housing for autistic adults Hidalgo County,suggested,services
shared housing for autistic adults La Joya,suggested,services
shared housing for autistic adults McAllen,suggested,services
shared housing for autistic adults Mercedes,suggested,services
shared housing for autistic adults Mission,suggested,services
shared housing for autistic adults Palmview,suggested,services
shared housing for autistic adults Peñitas,suggested,services
shared housing for autistic adults Pharr,suggested,services
shared housing for autistic adults Progreso,suggested,services
shared housing for autistic adults San Juan,suggested,services
shared housing for autistic adults Weslaco,suggested,services
shared housing for individuals Alamo,suggested,services
shared housing for individuals Alton,suggested,services
shared housing for individuals Donna,suggested,services
shared housing for individuals Edinburg,suggested,services
shared housing for individuals Hidalgo,suggested,services
shared housing for individuals Hidalgo County,suggested,services
shared housing for individuals La Joya,suggested,services
shared housing for individuals McAllen,suggested,services
shared housing for individuals Mercedes,suggested,services
shared housing for individuals Mission,suggested,services
shared housing for individuals Palmview,suggested,services
shared housing for individuals Peñitas,suggested,services
shared housing for individuals Pharr,suggested,services
shared housing for individuals Progreso,suggested,services
shared housing for individuals San Juan,suggested,services
shared housing for individuals Weslaco,suggested,services
shared housing for neurodivergent adults Alamo,suggested,services
shared housing for neurodivergent adults Alton,suggested,services
shared housing for neurodivergent adults Donna,suggested,services
shared housing for neurodivergent adults Edinburg,suggested,services
shared housing for neurodivergent adults Hidalgo,suggested,services
shared housing for neurodivergent adults Hidalgo County,suggested,services
shared housing for neurodivergent adults La Joya,suggested,services
shared housing for neurodivergent adults McAllen,suggested,services
shared housing for neurodivergent adults Mercedes,suggested,services
shared housing for neurodivergent adults Mission,suggested,services
shared housing for neurodivergent adults Palmview,suggested,services
shared housing for neurodivergent adults Peñitas,suggested,services
shared housing for neurodivergent adults Pharr,suggested,services
shared housing for neurodivergent adults Progreso,suggested,services
shared housing for neurodivergent adults San Juan,suggested,services
shared housing for neurodivergent adults Weslaco,suggested,services
shared housing for people with disabilities Alamo,suggested,services
shared housing for people with disabilities Alton,suggested,services
shared housing for people with disabilities Donna,suggested,services
shared housing for people with disabilities Edinburg,suggested,services
shared housing for people with disabilities Hidalgo,suggested,services
shared housing for people with disabilities Hidalgo County,suggested,services
shared housing for people with disabilities La Joya,suggested,services
shared housing for people with disabilities McAllen,suggested,services
shared housing for people with disabilities Mercedes,suggested,services
shared housing for people with disabilities Mission,suggested,services
shared housing for people with disabilities Palmview,suggested,services
shared housing for people with disabilities Peñitas,suggested,services
shared housing for people with disabilities Pharr,suggested,services
shared housing for people with disabilities Progreso,suggested,services
shared housing for people with disabilities San Juan,suggested,services
shared housing for people with disabilities Weslaco,suggested,services
shared housing for seniors Alamo,suggested,services
shared housing for seniors Alton,suggested,services
shared housing for seniors Donna,suggested,services
shared housing for seniors Edinburg,suggested,services
shared housing for seniors Hidalgo,suggested,services
shared housing for seniors Hidalgo County,suggested,services
shared housing for seniors La Joya,suggested,services
shared housing for seniors McAllen,suggested,services
shared housing for seniors Mercedes,suggested,services
shared housing for seniors Mission,suggested,services
shared housing for seniors Palmview,suggested,services
shared housing for seniors Peñitas,suggested,services
shared housing for seniors Pharr,suggested,services
shared housing for seniors Progreso,suggested,services
shared housing for seniors San Juan,suggested,services
shared housing for seniors Weslaco,suggested,services
shared housing for young adults Alamo,suggested,services
shared housing for young adults Alton,suggested,services
shared housing for young adults Donna,suggested,services
shared housing for young adults Edinburg,suggested,services
shared housing for young adults Hidalgo,suggested,services
shared housing for young adults Hidalgo County,suggested,services
shared housing for young adults La Joya,suggested,services
shared housing for young adults McAllen,suggested,services
shared housing for young adults Mercedes,suggested,services
shared housing for young adults Mission,suggested,services
shared housing for young adults Palmview,suggested,services
shared housing for young adults Peñitas,suggested,services
shared housing for young adults Pharr,suggested,services
shared housing for young adults Progreso,suggested,services
shared housing for young adults San Juan,suggested,services
shared housing for young adults Weslaco,suggested,services
shared housing in Alamo,suggested,phrases
shared housing in Alton,suggested,phrases
shared housing in Donna,suggested,phrases
shared housing in Edinburg,suggested,phrases
shared housing in Hidalgo,suggested,phrases
shared housing in Hidalgo County,suggested,phrases
shared housing in La Joya,suggested,phrases
shared housing in McAllen,suggested,phrases
shared housing in Mercedes,suggested,phrases
shared housing in Mission,suggested,phrases
shared housing in Palmview,suggested,phrases
shared housing in Peñitas,suggested,phrases
shared housing in Pharr,suggested,phrases
shared housing in Progreso,suggested,phrases
shared housing in San Juan,suggested,phrases
shared housing in Weslaco,suggested,phrases
shared housing low-income Alamo,suggested,services
shared housing low-income Alton,suggested,services
shared housing low-income Donna,suggested,services
shared housing low-income Edinburg,suggested,services
shared housing low-income Hidalgo,suggested,services
shared housing low-income Hidalgo County,suggested,services
shared housing low-income La Joya,suggested,services
shared housing low-income McAllen,suggested,services
shared housing low-income Mercedes,suggested,services
shared housing low-income Mission,suggested,services
shared housing low-income Palmview,suggested,services
shared housing low-income Peñitas,suggested,services
shared housing low-income Pharr,suggested,services
shared housing low-income Progreso,suggested,services
shared housing low-income San Juan,suggested,services
shared housing low-income Weslaco,suggested,services
shared housing near me,suggested,phrases
shared housing nonprofit Alamo,suggested,services
shared housing nonprofit Alton,suggested,services
shared housing nonprofit Donna,suggested,services
shared housing nonprofit Edinburg,suggested,services
shared housing nonprofit Hidalgo,suggested,services
shared housing nonprofit Hidalgo County,suggested,services
shared housing nonprofit La Joya,suggested,services
shared housing nonprofit McAllen,suggested,services
shared housing nonprofit Mercedes,suggested,services
shared housing nonprofit Mission,suggested,services
shared housing nonprofit Palmview,suggested,services
shared housing nonprofit Peñitas,suggested,services
shared housing nonprofit Pharr,suggested,services
shared housing nonprofit Progreso,suggested,services
shared housing nonprofit San Juan,suggested,services
shared housing nonprofit Weslaco,suggested,services
shared living Alamo,suggested,phrases
shared living Alton,suggested,phrases
shared living Donna,suggested,phrases
shared living Edinburg,suggested,phrases
shared living Hidalgo,suggested,phrases
shared living Hidalgo County,suggested,phrases
shared living Hidalgo County TX,suggested,phrases
shared living Hidalgo TX,suggested,phrases
shared living La Joya,suggested,phrases
shared living McAllen,suggested,phrases
shared living Mercedes,suggested,phrases
shared living Mission,suggested,phrases
shared living Palmview,suggested,phrases
shared living Peñitas,suggested,phrases
shared living Pharr,suggested,phrases
shared living Progreso,suggested,phrases
shared living San Juan,suggested,phrases
shared living TX,suggested,phrases
shared living Texas,suggested,phrases
shared living Weslaco,suggested,phrases
shared living affordable Alamo,suggested,services
shared living affordable Alton,suggested,services
shared living affordable Donna,suggested,services
shared living affordable Edinburg,suggested,services
shared living affordable Hidalgo,suggested,services
shared living affordable Hidalgo County,suggested,services
shared living affordable La Joya,suggested,services
shared living affordable McAllen,suggested,services
shared living affordable Mercedes,suggested,services
shared living affordable Mission,suggested,services
shared living affordable Palmview,suggested,services
shared living affordable Peñitas,suggested,services
shared living affordable Pharr,suggested,services
shared living affordable Progreso,suggested,services
shared living affordable San Juan,suggested,services
shared living affordable Weslaco,suggested,services
shared living apartments Alamo,suggested,phrases
shared living apartments Alton,suggested,phrases
shared living apartments Donna,suggested,phrases
shared living apartments Edinburg,suggested,phrases
shared living apartments Hidalgo,suggested,phrases
shared living apartments Hidalgo County,suggested,phrases
shared living apartments Hidalgo County TX,suggested,phrases
shared living apartments Hidalgo TX,suggested,phrases
shared living apartments La Joya,suggested,phrases
shared living apartments McAllen,suggested,phrases
shared living apartments Mercedes,suggested,phrases
shared living apartments Mission,suggested,phrases
shared living apartments Palmview,suggested,phrases
shared living apartments Peñitas,suggested,phrases
shared living apartments Pharr,suggested,phrases
shared living apartments Progreso,suggested,phrases
shared living apartments San Juan,suggested,phrases
shared living apartments TX,suggested,phrases
shared living apartments Texas,suggested,phrases
shared living apartments Weslaco,suggested,phrases
shared living apartments affordable Alamo,suggested,services
shared living apartments affordable Alton,suggested,services
shared living apartments affordable Donna,suggested,services
shared living apartments affordable Edinburg,suggested,services
shared living apartments affordable Hidalgo,suggested,services
shared living apartments affordable Hidalgo County,suggested,services
shared living apartments affordable La Joya,suggested,services
shared living apartments affordable McAllen,suggested,services
shared living apartments affordable Mercedes,suggested,services
shared living apartments affordable Mission,suggested,services
shared living apartments affordable Palmview,suggested,services
shared living apartments affordable Peñitas,suggested,services
shared living apartments affordable Pharr,suggested,services
shared living apartments affordable Progreso,suggested,services
shared living apartments affordable San Juan,suggested,services
shared living apartments affordable Weslaco,suggested,services
shared living apartments community-based Alamo,suggested,services
shared living apartments community-based Alton,suggested,services
shared living apartments community-based Donna,suggested,services
shared living apartments community-based Edinburg,suggested,services
shared living apartments community-based Hidalgo,suggested,services
shared living apartments community-based Hidalgo County,suggested,services
shared living apartments community-based La Joya,suggested,services
shared living apartments community-based McAllen,suggested,services
shared living apartments community-based Mercedes,suggested,services
shared living apartments community-based Mission,suggested,services
shared living apartments community-based Palmview,suggested,services
shared living apartments community-based Peñitas,suggested,services
shared living apartments community-based Pharr,suggested,services
shared living apartments community-based Progreso,suggested,services
shared living apartments community-based San Juan,suggested,services
shared living apartments community-based Weslaco,suggested,services
shared living apartments faith-based Alamo,suggested,services
shared living apartments faith-based Alton,suggested,services
shared living apartments faith-based Donna,suggested,services
shared living apartments faith-based Edinburg,suggested,services
shared living apartments faith-based Hidalgo,suggested,services
shared living apartments faith-based Hidalgo County,suggested,services
shared living apartments faith-based La Joya,suggested,services
shared living apartments faith-based McAllen,suggested,services
shared living apartments faith-based Mercedes,suggested,services
shared living apartments faith-based Mission,suggested,services
shared living apartments faith-based Palmview,suggested,services
shared living apartments faith-based Peñitas,suggested,services
shared living apartments faith-based Pharr,suggested,services
shared living apartments faith-based Progreso,suggested,services
shared living apartments faith-based San Juan,suggested,services
shared living apartments faith-based Weslaco,suggested,services
shared living apartments for adults Alamo,suggested,services
shared living apartments for adults Alton,suggested,services
shared living apartments for adults Donna,suggested,services
shared living apartments for adults Edinburg,suggested,services
shared living apartments for adults Hidalgo,suggested,services
shared living apartments for adults Hidalgo County,suggested,services
shared living apartments for adults La Joya,suggested,services
shared living apartments for adults McAllen,suggested,services
shared living apartments for adults Mercedes,suggested,services
shared living apartments for adults Mission,suggested,services
shared living apartments for adults Palmview,suggested,services
shared living apartments for adults Peñitas,suggested,services
shared living apartments for adults Pharr,suggested,services
shared living apartments for adults Progreso,suggested,services
shared living apartments for adults San Juan,suggested,services
shared living apartments for adults Weslaco,suggested,services
shared living apartments for autistic adults Alamo,suggested,services
shared living apartments for autistic adults Alton,suggested,services
shared living apartments for autistic adults Donna,suggested,services
shared living apartments for autistic adults Edinburg,suggested,services
shared living apartments for autistic adults Hidalgo,suggested,services
shared living apartments for autistic adults Hidalgo County,suggested,services
shared living apartments for autistic adults La Joya,suggested,services
shared living apartments for autistic adults McAllen,suggested,services
shared living apartments for autistic adults Mercedes,suggested,services
shared living apartments for autistic adults Mission,suggested,services
shared living apartments for autistic adults Palmview,suggested,services
shared living apartments for autistic adults Peñitas,suggested,services
shared living apartments for autistic adults Pharr,suggested,services
shared living apartments for autistic adults Progreso,suggested,services
shared living apartments for autistic adults San Juan,suggested,services
shared living apartments for autistic adults Weslaco,suggested,services
shared living apartments for individuals Alamo,suggested,services
shared living apartments for individuals Alton,suggested,services
shared living apartments for individuals Donna,suggested,services
shared living apartments for individuals Edinburg,suggested,services
shared living apartments for individuals Hidalgo,suggested,services
shared living apartments for individuals Hidalgo County,suggested,services
shared living apartments for individuals La Joya,suggested,services
shared living apartments for individuals McAllen,suggested,services
shared living apartments for individuals Mercedes,suggested,services
shared living apartments for individuals Mission,suggested,services
shared living apartments for individuals Palmview,suggested,services
shared living apartments for individuals Peñitas,suggested,services
shared living apartments for individuals Pharr,suggested,services
shared living apartments for individuals Progreso,suggested,services
shared living apartments for individuals San Juan,suggested,services
shared living apartments for individuals Weslaco,suggested,services
shared living apartments for neurodivergent adults Alamo,suggested,services
shared living apartments for neurodivergent adults Alton,suggested,services
shared living apartments for neurodivergent adults Donna,suggested,services
shared living apartments for neurodivergent adults Edinburg,suggested,services
shared living apartments for neurodivergent adults Hidalgo,suggested,services
shared living apartments for neurodivergent adults Hidalgo County,suggested,services
shared living apartments for neurodivergent adults La Joya,suggested,services
shared living apartments for neurodivergent adults McAllen,suggested,services
shared living apartments for neurodivergent adults Mercedes,suggested,services
shared living apartments for neurodivergent adults Mission,suggested,services
shared living apartments for neurodivergent adults Palmview,suggested,services
shared living apartments for neurodivergent adults Peñitas,suggested,services
shared living apartments for neurodivergent adults Pharr,suggested,services
shared living apartments for neurodivergent adults Progreso,suggested,services
shared living apartments for neurodivergent adults San Juan,suggested,services
shared living apartments for neurodivergent adults Weslaco,suggested,services
shared living apartments for people with disabilities Alamo,suggested,services
shared living apartments for people with disabilities Alton,suggested,services
shared living apartments for people with disabilities Donna,suggested,services
shared living apartments for people with disabilities Edinburg,suggested,services
shared living apartments for people with disabilities Hidalgo,suggested,services
shared living apartments for people with disabilities Hidalgo County,suggested,services
shared living apartments for people with disabilities La Joya,suggested,services
shared living apartments for people with disabilities McAllen,suggested,services
shared living apartments for people with disabilities Mercedes,suggested,services
shared living apartments for people with disabilities Mission,suggested,services
shared living apartments for people with disabilities Palmview,suggested,services
shared living apartments for people with disabilities Peñitas,suggested,services
shared living apartments for people with disabilities Pharr,suggested,services
shared living apartments for people with disabilities Progreso,suggested,services
shared living apartments for people with disabilities San Juan,suggested,services
shared living apartments for people with disabilities Weslaco,suggested,services
shared living apartments for seniors Alamo,suggested,services
shared living apartments for seniors Alton,suggested,services
shared living apartments for seniors Donna,suggested,services
shared living apartments for seniors Edinburg,suggested,services
shared living apartments for seniors Hidalgo,suggested,services
shared living apartments for seniors Hidalgo County,suggested,services
shared living apartments for seniors La Joya,suggested,services
shared living apartments for seniors McAllen,suggested,services
shared living apartments for seniors Mercedes,suggested,services
shared living apartments for seniors Mission,suggested,services
shared living apartments for seniors Palmview,suggested,services
shared living apartments for seniors Peñitas,suggested,services
shared living apartments for seniors Pharr,suggested,services
shared living apartments for seniors Progreso,suggested,services
shared living apartments for seniors San Juan,suggested,services
shared living apartments for seniors Weslaco,suggested,services
shared living apartments for young adults Alamo,suggested,services
shared living apartments for young adults Alton,suggested,services
shared living apartments for young adults Donna,suggested,services
shared living apartments for young adults Edinburg,suggested,services
shared living apartments for young adults Hidalgo,suggested,services
shared living apartments for young adults Hidalgo County,suggested,services
shared living apartments for young adults La Joya,suggested,services
shared living apartments for young adults McAllen,suggested,services
shared living apartments for young adults Mercedes,suggested,services
shared living apartments for young adults Mission,suggested,services
shared living apartments for young adults Palmview,suggested,services
shared living apartments for young adults Peñitas,suggested,services
shared living apartments for young adults Pharr,suggested,services
shared living apartments for young adults Progreso,suggested,services
shared living apartments for young adults San Juan,suggested,services
shared living apartments for young adults Weslaco,suggested,services
shared living apartments in Alamo,suggested,phrases
shared living apartments in Alton,suggested,phrases
shared living apartments in Donna,suggested,phrases
shared living apartments in Edinburg,suggested,phrases
shared living apartments in Hidalgo,suggested,phrases
shared living apartments in Hidalgo County,suggested,phrases
shared living apartments in La Joya,suggested,phrases
shared living apartments in McAllen,suggested,phrases
shared living apartments in Mercedes,suggested,phrases
shared living apartments in Mission,suggested,phrases
shared living apartments in Palmview,suggested,phrases
shared living apartments in Peñitas,suggested,phrases
shared living apartments in Pharr,suggested,phrases
shared living apartments in Progreso,suggested,phrases
shared living apartments in San Juan,suggested,phrases
shared living apartments in Weslaco,suggested,phrases
shared living apartments low-income Alamo,suggested,services
shared living apartments low-income Alton,suggested,services
shared living apartments low-income Donna,suggested,services
shared living apartments low-income Edinburg,suggested,services
shared living apartments low-income Hidalgo,suggested,services
shared living apartments low-income Hidalgo County,suggested,services
shared living apartments low-income La Joya,suggested,services
shared living apartments low-income McAllen,suggested,services
shared living apartments low-income Mercedes,suggested,services
shared living apartments low-income Mission,suggested,services
shared living apartments low-income Palmview,suggested,services
shared living apartments low-income Peñitas,suggested,services
shared living apartments low-income Pharr,suggested,services
shared living apartments low-income Progreso,suggested,services
shared living apartments low-income San Juan,suggested,services
shared living apartments low-income Weslaco,suggested,services
shared living apartments near me,suggested,phrases
shared living apartments nonprofit Alamo,suggested,services
shared living apartments nonprofit Alton,suggested,services
shared living apartments nonprofit Donna,suggested,services
shared living apartments nonprofit Edinburg,suggested,services
shared living apartments nonprofit Hidalgo,suggested,services
shared living apartments nonprofit Hidalgo County,suggested,services
shared living apartments nonprofit La Joya,suggested,services
shared living apartments nonprofit McAllen,suggested,services
shared living apartments nonprofit Mercedes,suggested,services
shared living apartments nonprofit Mission,suggested,services
shared living apartments nonprofit Palmview,suggested,services
shared living apartments nonprofit Peñitas,suggested,services
shared living apartments nonprofit Pharr,suggested,services
shared living apartments nonprofit Progreso,suggested,services
shared living apartments nonprofit San Juan,suggested,services
shared living apartments nonprofit Weslaco,suggested,services
shared living community-based Alamo,suggested,services
shared living community-based Alton,suggested,services
shared living community-based Donna,suggested,services
shared living community-based Edinburg,suggested,services
shared living community-based Hidalgo,suggested,services
shared living community-based Hidalgo County,suggested,services
shared living community-based La Joya,suggested,services
shared living community-based McAllen,suggested,services
shared living community-based Mercedes,suggested,services
shared living community-based Mission,suggested,services
shared living community-based Palmview,suggested,services
shared living community-based Peñitas,suggested,services
shared living community-based Pharr,suggested,services
shared living community-based Progreso,suggested,services
shared living community-based San Juan,suggested,services
shared living community-based Weslaco,suggested,services
shared living faith-based Alamo,suggested,services
shared living faith-based Alton,suggested,services
shared living faith-based Donna,suggested,services
shared living faith-based Edinburg,suggested,services
shared living faith-based Hidalgo,suggested,services
shared living faith-based Hidalgo County,suggested,services
shared living faith-based La Joya,suggested,services
shared living faith-based McAllen,suggested,services
shared living faith-based Mercedes,suggested,services
shared living faith-based Mission,suggested,services
shared living faith-based Palmview,suggested,services
shared living faith-based Peñitas,suggested,services
shared living faith-based Pharr,suggested,services
shared living faith-based Progreso,suggested,services
shared living faith-based San Juan,suggested,services
shared living faith-based Weslaco,suggested,services
shared living for adults Alamo,suggested,services
shared living for adults Alton,suggested,services
shared living for adults Donna,suggested,services
shared living for adults Edinburg,suggested,services
shared living for adults Hidalgo,suggested,services
shared living for adults Hidalgo County,suggested,services
shared living for adults La Joya,suggested,services
shared living for adults McAllen,suggested,services
shared living for adults Mercedes,suggested,services
shared living for adults Mission,suggested,services
shared living for adults Palmview,suggested,services
shared living for adults Peñitas,suggested,services
shared living for adults Pharr,suggested,services
shared living for adults Progreso,suggested,services
shared living for adults San Juan,suggested,services
shared living for adults Weslaco,suggested,services
shared living for autistic adults Alamo,suggested,services
shared living for autistic adults Alton,suggested,services
shared living for autistic adults Donna,suggested,services
shared living for autistic adults Edinburg,suggested,services
shared living for autistic adults Hidalgo,suggested,services
shared living for autistic adults Hidalgo County,suggested,services
shared living for autistic adults La Joya,suggested,services
shared living for autistic adults McAllen,suggested,services
shared living for autistic adults Mercedes,suggested,services
shared living for autistic adults Mission,suggested,services
shared living for autistic adults Palmview,suggested,services
shared living for autistic adults Peñitas,suggested,services
shared living for autistic adults Pharr,suggested,services
shared living for autistic adults Progreso,suggested,services
shared living for autistic adults San Juan,suggested,services
shared living for autistic adults Weslaco,suggested,services
shared living for individuals Alamo,suggested,services
shared living for individuals Alton,suggested,services
shared living for individuals Donna,suggested,services
shared living for individuals Edinburg,suggested,services
shared living for individuals Hidalgo,suggested,services
shared living for individuals Hidalgo County,suggested,services
shared living for individuals La Joya,suggested,services
shared living for individuals McAllen,suggested,services
shared living for individuals Mercedes,suggested,services
shared living for individuals Mission,suggested,services
shared living for individuals Palmview,suggested,services
shared living for individuals Peñitas,suggested,services
shared living for individuals Pharr,suggested,services
shared living for individuals Progreso,suggested,services
shared living for individuals San Juan,suggested,services
shared living for individuals Weslaco,suggested,services
shared living for neurodivergent adults Alamo,suggested,services
shared living for neurodivergent adults Alton,suggested,services
shared living for neurodivergent adults Donna,suggested,services
shared living for neurodivergent adults Edinburg,suggested,services
shared living for neurodivergent adults Hidalgo,suggested,services
shared living for neurodivergent adults Hidalgo County,suggested,services
shared living for neurodivergent adults La Joya,suggested,services
shared living for neurodivergent adults McAllen,suggested,services
shared living for neurodivergent adults Mercedes,suggested,services
shared living for neurodivergent adults Mission,suggested,services
shared living for neurodivergent adults Palmview,suggested,services
shared living for neurodivergent adults Peñitas,suggested,services
shared living for neurodivergent adults Pharr,suggested,services
shared living for neurodivergent adults Progreso,suggested,services
shared living for neurodivergent adults San Juan,suggested,services
shared living for neurodivergent adults Weslaco,suggested,services
shared living for people with disabilities Alamo,suggested,services
shared living for people with disabilities Alton,suggested,services
shared living for people with disabilities Donna,suggested,services
shared living for people with disabilities Edinburg,suggested,services
shared living for people with disabilities Hidalgo,suggested,services
shared living for people with disabilities Hidalgo County,suggested,services
shared living for people with disabilities La Joya,suggested,services
shared living for people with disabilities McAllen,suggested,services
shared living for people with disabilities Mercedes,suggested,services
shared living for people with disabilities Mission,suggested,services
shared living for people with disabilities Palmview,suggested,services
shared living for people with disabilities Peñitas,suggested,services
shared living for people with disabilities Pharr,suggested,services
shared living for people with disabilities Progreso,suggested,services
shared living for people with disabilities San Juan,suggested,services
shared living for people with disabilities Weslaco,suggested,services
shared living for seniors Alamo,suggested,services
shared living for seniors Alton,suggested,services
shared living for seniors Donna,suggested,services
shared living for seniors Edinburg,suggested,services
shared living for seniors Hidalgo,suggested,services
shared living for seniors Hidalgo County,suggested,services
shared living for seniors La Joya,suggested,services
shared living for seniors McAllen,suggested,services
shared living for seniors Mercedes,suggested,services
shared living for seniors Mission,suggested,services
shared living for seniors Palmview,suggested,services
shared living for seniors Peñitas,suggested,services
shared living for seniors Pharr,suggested,services
shared living for seniors Progreso,suggested,services
shared living for seniors San Juan,suggested,services
shared living for seniors Weslaco,suggested,services
shared living for young adults Alamo,suggested,services
shared living for young adults Alton,suggested,services
shared living for young adults Donna,suggested,services
shared living for young adults Edinburg,suggested,services
shared living for young adults Hidalgo,suggested,services
shared living for young adults Hidalgo County,suggested,services
shared living for young adults La Joya,suggested,services
shared living for young adults McAllen,suggested,services
shared living for young adults Mercedes,suggested,services
shared living for young adults Mission,suggested,services
shared living for young adults Palmview,suggested,services
shared living for young adults Peñitas,suggested,services
shared living for young adults Pharr,suggested,services
shared living for young adults Progreso,suggested,services
shared living for young adults San Juan,suggested,services
shared living for young adults Weslaco,suggested,services
shared living homes Alamo,suggested,phrases
shared living homes Alton,suggested,phrases
shared living homes Donna,suggested,phrases
shared living homes Edinburg,suggested,phrases
shared living homes Hidalgo,suggested,phrases
shared living homes Hidalgo County,suggested,phrases
shared living homes Hidalgo County TX,suggested,phrases
shared living homes Hidalgo TX,suggested,phrases
shared living homes La Joya,suggested,phrases
shared living homes McAllen,suggested,phrases
shared living homes Mercedes,suggested,phrases
shared living homes Mission,suggested,phrases
shared living homes Palmview,suggested,phrases
shared living homes Peñitas,suggested,phrases
shared living homes Pharr,suggested,phrases
shared living homes Progreso,suggested,phrases
shared living homes San Juan,suggested,phrases
shared living homes TX,suggested,phrases
shared living homes Texas,suggested,phrases
shared living homes Weslaco,suggested,phrases
shared living homes affordable Alamo,suggested,services
shared living homes affordable Alton,suggested,services
shared living homes affordable Donna,suggested,services
shared living homes affordable Edinburg,suggested,services
shared living homes affordable Hidalgo,suggested,services
shared living homes affordable Hidalgo County,suggested,services
shared living homes affordable La Joya,suggested,services
shared living homes affordable McAllen,suggested,services
shared living homes affordable Mercedes,suggested,services
shared living homes affordable Mission,suggested,services
shared living homes affordable Palmview,suggested,services
shared living homes affordable Peñitas,suggested,services
shared living homes affordable Pharr,suggested,services
shared living homes affordable Progreso,suggested,services
shared living homes affordable San Juan,suggested,services
shared living homes affordable Weslaco,suggested,services
shared living homes community-based Alamo,suggested,services
shared living homes community-based Alton,suggested,services
shared living homes community-based Donna,suggested,services
shared living homes community-based Edinburg,suggested,services
shared living homes community-based Hidalgo,suggested,services
shared living homes community-based Hidalgo County,suggested,services
shared living homes community-based La Joya,suggested,services
shared living homes community-based McAllen,suggested,services
shared living homes community-based Mercedes,suggested,services
shared living homes community-based Mission,suggested,services
shared living homes community-based Palmview,suggested,services
shared living homes community-based Peñitas,suggested,services
shared living homes community-based Pharr,suggested,services
shared living homes community-based Progreso,suggested,services
shared living homes community-based San Juan,suggested,services
shared living homes community-based Weslaco,suggested,services
shared living homes faith-based Alamo,suggested,services
shared living homes faith-based Alton,suggested,services
shared living homes faith-based Donna,suggested,services
shared living homes faith-based Edinburg,suggested,services
shared living homes faith-based Hidalgo,suggested,services
shared living homes faith-based Hidalgo County,suggested,services
shared living homes faith-based La Joya,suggested,services
shared living homes faith-based McAllen,suggested,services
shared living homes faith-based Mercedes,suggested,services
shared living homes faith-based Mission,suggested,services
shared living homes faith-based Palmview,suggested,services
shared living homes faith-based Peñitas,suggested,services
shared living homes faith-based Pharr,suggested,services
shared living homes faith-based Progreso,suggested,services
shared living homes faith-based San Juan,suggested,services
shared living homes faith-based Weslaco,suggested,services
shared living homes for adults Alamo,suggested,services
shared living homes for adults Alton,suggested,services
shared living homes for adults Donna,suggested,services
shared living homes for adults Edinburg,suggested,services
shared living homes for adults Hidalgo,suggested,services
shared living homes for adults Hidalgo County,suggested,services
shared living homes for adults La Joya,suggested,services
shared living homes for adults McAllen,suggested,services
shared living homes for adults Mercedes,suggested,services
shared living homes for adults Mission,suggested,services
shared living homes for adults Palmview,suggested,services
shared living homes for adults Peñitas,suggested,services
shared living homes for adults Pharr,suggested,services
shared living homes for adults Progreso,suggested,services
shared living homes for adults San Juan,suggested,services
shared living homes for adults Weslaco,suggested,services
shared living homes for autistic adults Alamo,suggested,services
shared living homes for autistic adults Alton,suggested,services
shared living homes for autistic adults Donna,suggested,services
shared living homes for autistic adults Edinburg,suggested,services
shared living homes for autistic adults Hidalgo,suggested,services
shared living homes for autistic adults Hidalgo County,suggested,services
shared living homes for autistic adults La Joya,suggested,services
shared living homes for autistic adults McAllen,suggested,services
shared living homes for autistic adults Mercedes,suggested,services
shared living homes for autistic adults Mission,suggested,services
shared living homes for autistic adults Palmview,suggested,services
shared living homes for autistic adults Peñitas,suggested,services
shared living homes for autistic adults Pharr,suggested,services
shared living homes for autistic adults Progreso,suggested,services
shared living homes for autistic adults San Juan,suggested,services
shared living homes for autistic adults Weslaco,suggested,services
shared living homes for individuals Alamo,suggested,services
shared living homes for individuals Alton,suggested,services
shared living homes for individuals Donna,suggested,services
shared living homes for individuals Edinburg,suggested,services
shared living homes for individuals Hidalgo,suggested,services
shared living homes for individuals Hidalgo County,suggested,services
shared living homes for individuals La Joya,suggested,services
shared living homes for individuals McAllen,suggested,services
shared living homes for individuals Mercedes,suggested,services
shared living homes for individuals Mission,suggested,services
shared living homes for individuals Palmview,suggested,services
shared living homes for individuals Peñitas,suggested,services
shared living homes for individuals Pharr,suggested,services
shared living homes for individuals Progreso,suggested,services
shared living homes for individuals San Juan,suggested,services
shared living homes for individuals Weslaco,suggested,services
shared living homes for neurodivergent adults Alamo,suggested,services
shared living homes for neurodivergent adults Alton,suggested,services
shared living homes for neurodivergent adults Donna,suggested,services
shared living homes for neurodivergent adults Edinburg,suggested,services
shared living homes for neurodivergent adults Hidalgo,suggested,services
shared living homes for neurodivergent adults Hidalgo County,suggested,services
shared living homes for neurodivergent adults La Joya,suggested,services
shared living homes for neurodivergent adults McAllen,suggested,services
shared living homes for neurodivergent adults Mercedes,suggested,services
shared living homes for neurodivergent adults Mission,suggested,services
shared living homes for neurodivergent adults Palmview,suggested,services
shared living homes for neurodivergent adults Peñitas,suggested,services
shared living homes for neurodivergent adults Pharr,suggested,services
shared living homes for neurodivergent adults Progreso,suggested,services
shared living homes for neurodivergent adults San Juan,suggested,services
shared living homes for neurodivergent adults Weslaco,suggested,services
shared living homes for people with disabilities Alamo,suggested,services
shared living homes for people with disabilities Alton,suggested,services
shared living homes for people with disabilities Donna,suggested,services
shared living homes for people with disabilities Edinburg,suggested,services
shared living homes for people with disabilities Hidalgo,suggested,services
shared living homes for people with disabilities Hidalgo County,suggested,services
shared living homes for people with disabilities La Joya,suggested,services
shared living homes for people with disabilities McAllen,suggested,services
shared living homes for people with disabilities Mercedes,suggested,services
shared living homes for people with disabilities Mission,suggested,services
shared living homes for people with disabilities Palmview,suggested,services
shared living homes for people with disabilities Peñitas,suggested,services
shared living homes for people with disabilities Pharr,suggested,services
shared living homes for people with disabilities Progreso,suggested,services
shared living homes for people with disabilities San Juan,suggested,services
shared living homes for people with disabilities Weslaco,suggested,services
shared living homes for seniors Alamo,suggested,services
shared living homes for seniors Alton,suggested,services
shared living homes for seniors Donna,suggested,services
shared living homes for seniors Edinburg,suggested,services
shared living homes for seniors Hidalgo,suggested,services
shared living homes for seniors Hidalgo County,suggested,services
shared living homes for seniors La Joya,suggested,services
shared living homes for seniors McAllen,suggested,services
shared living homes for seniors Mercedes,suggested,services
shared living homes for seniors Mission,suggested,services
shared living homes for seniors Palmview,suggested,services
shared living homes for seniors Peñitas,suggested,services
shared living homes for seniors Pharr,suggested,services
shared living homes for seniors Progreso,suggested,services
shared living homes for seniors San Juan,suggested,services
shared living homes for seniors Weslaco,suggested,services
shared living homes for young adults Alamo,suggested,services
shared living homes for young adults Alton,suggested,services
shared living homes for young adults Donna,suggested,services
shared living homes for young adults Edinburg,suggested,services
shared living homes for young adults Hidalgo,suggested,services
shared living homes for young adults Hidalgo County,suggested,services
shared living homes for young adults La Joya,suggested,services
shared living homes for young adults McAllen,suggested,services
shared living homes for young adults Mercedes,suggested,services
shared living homes for young adults Mission,suggested,services
shared living homes for young adults Palmview,suggested,services
shared living homes for young adults Peñitas,suggested,services
shared living homes for young adults Pharr,suggested,services
shared living homes for young adults Progreso,suggested,services
shared living homes for young adults San Juan,suggested,services
shared living homes for young adults Weslaco,suggested,services
shared living homes in Alamo,suggested,phrases
shared living homes in Alton,suggested,phrases
shared living homes in Donna,suggested,phrases
shared living homes in Edinburg,suggested,phrases
shared living homes in Hidalgo,suggested,phrases
shared living homes in Hidalgo County,suggested,phrases
shared living homes in La Joya,suggested,phrases
shared living homes in McAllen,suggested,phrases
shared living homes in Mercedes,suggested,phrases
shared living homes in Mission,suggested,phrases
shared living homes in Palmview,suggested,phrases
shared living homes in Peñitas,suggested,phrases
shared living homes in Pharr,suggested,phrases
shared living homes in Progreso,suggested,phrases
shared living homes in San Juan,suggested,phrases
shared living homes in Weslaco,suggested,phrases
shared living homes low-income Alamo,suggested,services
shared living homes low-income Alton,suggested,services
shared living homes low-income Donna,suggested,services
shared living homes low-income Edinburg,suggested,services
shared living homes low-income Hidalgo,suggested,services
shared living homes low-income Hidalgo County,suggested,services
shared living homes low-income La Joya,suggested,services
shared living homes low-income McAllen,suggested,services
shared living homes low-income Mercedes,suggested,services
shared living homes low-income Mission,suggested,services
shared living homes low-income Palmview,suggested,services
shared living homes low-income Peñitas,suggested,services
shared living homes low-income Pharr,suggested,services
shared living homes low-income Progreso,suggested,services
shared living homes low-income San Juan,suggested,services
shared living homes low-income Weslaco,suggested,services
shared living homes near me,suggested,phrases
shared living homes nonprofit Alamo,suggested,services
shared living homes nonprofit Alton,suggested,services
shared living homes nonprofit Donna,suggested,services
shared living homes nonprofit Edinburg,suggested,services
shared living homes nonprofit Hidalgo,suggested,services
shared living homes nonprofit Hidalgo County,suggested,services
shared living homes nonprofit La Joya,suggested,services
shared living homes nonprofit McAllen,suggested,services
shared living homes nonprofit Mercedes,suggested,services
shared living homes nonprofit Mission,suggested,services
shared living homes nonprofit Palmview,suggested,services
shared living homes nonprofit Peñitas,suggested,services
shared living homes nonprofit Pharr,suggested,services
shared living homes nonprofit Progreso,suggested,services
shared living homes nonprofit San Juan,suggested,services
shared living homes nonprofit Weslaco,suggested,services
shared living in Alamo,suggested,phrases
shared living in Alton,suggested,phrases
shared living in Donna,suggested,phrases
shared living in Edinburg,suggested,phrases
shared living in Hidalgo,suggested,phrases
shared living in Hidalgo County,suggested,phrases
shared living in La Joya,suggested,phrases
shared living in McAllen,suggested,phrases
shared living in Mercedes,suggested,phrases
shared living in Mission,suggested,phrases
shared living in Palmview,suggested,phrases
shared living in Peñitas,suggested,phrases
shared living in Pharr,suggested,phrases
shared living in Progreso,suggested,phrases
shared living in San Juan,suggested,phrases
shared living in Weslaco,suggested,phrases
shared living low-income Alamo,suggested,services
shared living low-income Alton,suggested,services
shared living low-income Donna,suggested,services
shared living low-income Edinburg,suggested,services
shared living low-income Hidalgo,suggested,services
shared living low-income Hidalgo County,suggested,services
shared living low-income La Joya,suggested,services
shared living low-income McAllen,suggested,services
shared living low-income Mercedes,suggested,services
shared living low-income Mission,suggested,services
shared living low-income Palmview,suggested,services
shared living low-income Peñitas,suggested,services
shared living low-income Pharr,suggested,services
shared living low-income Progreso,suggested,services
shared living low-income San Juan,suggested,services
shared living low-income Weslaco,suggested,services
shared living near me,suggested,phrases
shared living nonprofit Alamo,suggested,services
shared living nonprofit Alton,suggested,services
shared living nonprofit Donna,suggested,services
shared living nonprofit Edinburg,suggested,services
shared living nonprofit Hidalgo,suggested,services
shared living nonprofit Hidalgo County,suggested,services
shared living nonprofit La Joya,suggested,services
shared living nonprofit McAllen,suggested,services
shared living nonprofit Mercedes,suggested,services
shared living nonprofit Mission,suggested,services
shared living nonprofit Palmview,suggested,services
shared living nonprofit Peñitas,suggested,services
shared living nonprofit Pharr,suggested,services
shared living nonprofit Progreso,suggested,services
shared living nonprofit San Juan,suggested,services
shared living nonprofit Weslaco,suggested,services
supportive housing Alamo,suggested,phrases
supportive housing Alton,suggested,phrases
supportive housing Donna,suggested,phrases
supportive housing Edinburg,suggested,phrases
supportive housing Hidalgo,suggested,phrases
supportive housing Hidalgo County,suggested,phrases
supportive housing Hidalgo County TX,suggested,phrases
supportive housing Hidalgo TX,suggested,phrases
supportive housing La Joya,suggested,phrases
supportive housing McAllen,suggested,phrases
supportive housing Mercedes,suggested,phrases
supportive housing Mission,suggested,phrases
supportive housing Palmview,suggested,phrases
supportive housing Peñitas,suggested,phrases
supportive housing Pharr,suggested,phrases
supportive housing Progreso,suggested,phrases
supportive housing San Juan,suggested,phrases
supportive housing TX,suggested,phrases
supportive housing Texas,suggested,phrases
supportive housing Weslaco,suggested,phrases
supportive housing affordable Alamo,suggested,services
supportive housing affordable Alton,suggested,services
supportive housing affordable Donna,suggested,services
supportive housing affordable Edinburg,suggested,services
supportive housing affordable Hidalgo,suggested,services
supportive housing affordable Hidalgo County,suggested,services
supportive housing affordable La Joya,suggested,services
supportive housing affordable McAllen,suggested,services
supportive housing affordable Mercedes,suggested,services
supportive housing affordable Mission,suggested,services
supportive housing affordable Palmview,suggested,services
supportive housing affordable Peñitas,suggested,services
supportive housing affordable Pharr,suggested,services
supportive housing affordable Progreso,suggested,services
supportive housing affordable San Juan,suggested,services
supportive housing affordable Weslaco,suggested,services
supportive housing community-based Alamo,suggested,services
supportive housing community-based Alton,suggested,services
supportive housing community-based Donna,suggested,services
supportive housing community-based Edinburg,suggested,services
supportive housing community-based Hidalgo,suggested,services
supportive housing community-based Hidalgo County,suggested,services
supportive housing community-based La Joya,suggested,services
supportive housing community-based McAllen,suggested,services
supportive housing community-based Mercedes,suggested,services
supportive housing community-based Mission,suggested,services
supportive housing community-based Palmview,suggested,services
supportive housing community-based Peñitas,suggested,services
supportive housing community-based Pharr,suggested,services
supportive housing community-based Progreso,suggested,services
supportive housing community-based San Juan,suggested,services
supportive housing community-based Weslaco,suggested,services
supportive housing faith-based Alamo,suggested,services
supportive housing faith-based Alton,suggested,services
supportive housing faith-based Donna,suggested,services
supportive housing faith-based Edinburg,suggested,services
supportive housing faith-based Hidalgo,suggested,services
supportive housing faith-based Hidalgo County,suggested,services
supportive housing faith-based La Joya,suggested,services
supportive housing faith-based McAllen,suggested,services
supportive housing faith-based Mercedes,suggested,services
supportive housing faith-based Mission,suggested,services
supportive housing faith-based Palmview,suggested,services
supportive housing faith-based Peñitas,suggested,services
supportive housing faith-based Pharr,suggested,services
supportive housing faith-based Progreso,suggested,services
supportive housing faith-based San Juan,suggested,services
supportive housing faith-based Weslaco,suggested,services
supportive housing for adults Alamo,suggested,services
supportive housing for adults Alton,suggested,services
supportive housing for adults Donna,suggested,services
supportive housing for adults Edinburg,suggested,services
supportive housing for adults Hidalgo,suggested,services
supportive housing for adults Hidalgo County,suggested,services
supportive housing for adults La Joya,suggested,services
supportive housing for adults McAllen,suggested,services
supportive housing for adults Mercedes,suggested,services
supportive housing for adults Mission,suggested,services
supportive housing for adults Palmview,suggested,services
supportive housing for adults Peñitas,suggested,services
supportive housing for adults Pharr,suggested,services
supportive housing for adults Progreso,suggested,services
supportive housing for adults San Juan,suggested,services
supportive housing for adults Weslaco,suggested,services
supportive housing for autistic adults Alamo,suggested,services
supportive housing for autistic adults Alton,suggested,services
supportive housing for autistic adults Donna,suggested,services
supportive housing for autistic adults Edinburg,suggested,services
supportive housing for autistic adults Hidalgo,suggested,services
supportive housing for autistic adults Hidalgo County,suggested,services
supportive housing for autistic adults La Joya,suggested,services
supportive housing for autistic adults McAllen,suggested,services
supportive housing for autistic adults Mercedes,suggested,services
supportive housing for autistic adults Mission,suggested,services
supportive housing for autistic adults Palmview,suggested,services
supportive housing for autistic adults Peñitas,suggested,services
supportive housing for autistic adults Pharr,suggested,services
supportive housing for autistic adults Progreso,suggested,services
supportive housing for autistic adults San Juan,suggested,services
supportive housing for autistic adults Weslaco,suggested,services
supportive housing for individuals Alamo,suggested,services
supportive housing for individuals Alton,suggested,services
supportive housing for individuals Donna,suggested,services
supportive housing for individuals Edinburg,suggested,services
supportive housing for individuals Hidalgo,suggested,services
supportive housing for individuals Hidalgo County,suggested,services
supportive housing for individuals La Joya,suggested,services
supportive housing for individuals McAllen,suggested,services
supportive housing for individuals Mercedes,suggested,services
supportive housing for individuals Mission,suggested,services
supportive housing for individuals Palmview,suggested,services
supportive housing for individuals Peñitas,suggested,services
supportive housing for individuals Pharr,suggested,services
supportive housing for individuals Progreso,suggested,services
supportive housing for individuals San Juan,suggested,services
supportive housing for individuals Weslaco,suggested,services
supportive housing for neurodivergent adults Alamo,suggested,services
supportive housing for neurodivergent adults Alton,suggested,services
supportive housing for neurodivergent adults Donna,suggested,services
supportive housing for neurodivergent adults Edinburg,suggested,services
supportive housing for neurodivergent adults Hidalgo,suggested,services
supportive housing for neurodivergent adults Hidalgo County,suggested,services
supportive housing for neurodivergent adults La Joya,suggested,services
supportive housing for neurodivergent adults McAllen,suggested,services
supportive housing for neurodivergent adults Mercedes,suggested,services
supportive housing for neurodivergent adults Mission,suggested,services
supportive housing for neurodivergent adults Palmview,suggested,services
supportive housing for neurodivergent adults Peñitas,suggested,services
supportive housing for neurodivergent adults Pharr,suggested,services
supportive housing for neurodivergent adults Progreso,suggested,services
supportive housing for neurodivergent adults San Juan,suggested,services
supportive housing for neurodivergent adults Weslaco,suggested,services
supportive housing for people with disabilities Alamo,suggested,services
supportive housing for people with disabilities Alton,suggested,services
supportive housing for people with disabilities Donna,suggested,services
supportive housing for people with disabilities Edinburg,suggested,services
supportive housing for people with disabilities Hidalgo,suggested,services
supportive housing for people with disabilities Hidalgo County,suggested,services
supportive housing for people with disabilities La Joya,suggested,services
supportive housing for people with disabilities McAllen,suggested,services
supportive housing for people with disabilities Mercedes,suggested,services
supportive housing for people with disabilities Mission,suggested,services
supportive housing for people with disabilities Palmview,suggested,services
supportive housing for people with disabilities Peñitas,suggested,services
supportive housing for people with disabilities Pharr,suggested,services
supportive housing for people with disabilities Progreso,suggested,services
supportive housing for people with disabilities San Juan,suggested,services
supportive housing for people with disabilities Weslaco,suggested,services
supportive housing for seniors Alamo,suggested,services
supportive housing for seniors Alton,suggested,services
supportive housing for seniors Donna,suggested,services
supportive housing for seniors Edinburg,suggested,services
supportive housing for seniors Hidalgo,suggested,services
supportive housing for seniors Hidalgo County,suggested,services
supportive housing for seniors La Joya,suggested,services
supportive housing for seniors McAllen,suggested,services
supportive housing for seniors Mercedes,suggested,services
supportive housing for seniors Mission,suggested,services
supportive housing for seniors Palmview,suggested,services
supportive housing for seniors Peñitas,suggested,services
supportive housing for seniors Pharr,suggested,services
supportive housing for seniors Progreso,suggested,services
supportive housing for seniors San Juan,suggested,services
supportive housing for seniors Weslaco,suggested,services
supportive housing for young adults Alamo,suggested,services
supportive housing for young adults Alton,suggested,services
supportive housing for young adults Donna,suggested,services
supportive housing for young adults Edinburg,suggested,services
supportive housing for young adults Hidalgo,suggested,services
supportive housing for young adults Hidalgo County,suggested,services
supportive housing for young adults La Joya,suggested,services
supportive housing for young adults McAllen,suggested,services
supportive housing for young adults Mercedes,suggested,services
supportive housing for young adults Mission,suggested,services
supportive housing for young adults Palmview,suggested,services
supportive housing for young adults Peñitas,suggested,services
supportive housing for young adults Pharr,suggested,services
supportive housing for young adults Progreso,suggested,services
supportive housing for young adults San Juan,suggested,services
supportive housing for young adults Weslaco,suggested,services
supportive housing in Alamo,suggested,phrases
supportive housing in Alton,suggested,phrases
supportive housing in Donna,suggested,phrases
supportive housing in Edinburg,suggested,phrases
supportive housing in Hidalgo,suggested,phrases
supportive housing in Hidalgo County,suggested,phrases
supportive housing in La Joya,suggested,phrases
supportive housing in McAllen,suggested,phrases
supportive housing in Mercedes,suggested,phrases
supportive housing in Mission,suggested,phrases
supportive housing in Palmview,suggested,phrases
supportive housing in Peñitas,suggested,phrases
supportive housing in Pharr,suggested,phrases
supportive housing in Progreso,suggested,phrases
supportive housing in San Juan,suggested,phrases
supportive housing in Weslaco,suggested,phrases
supportive housing low-income Alamo,suggested,services
supportive housing low-income Alton,suggested,services
supportive housing low-income Donna,suggested,services
supportive housing low-income Edinburg,suggested,services
supportive housing low-income Hidalgo,suggested,services
supportive housing low-income Hidalgo County,suggested,services
supportive housing low-income La Joya,suggested,services
supportive housing low-income McAllen,suggested,services
supportive housing low-income Mercedes,suggested,services
supportive housing low-income Mission,suggested,services
supportive housing low-income Palmview,suggested,services
supportive housing low-income Peñitas,suggested,services
supportive housing low-income Pharr,suggested,services
supportive housing low-income Progreso,suggested,services
supportive housing low-income San Juan,suggested,services
supportive housing low-income Weslaco,suggested,services
supportive housing near me,suggested,phrases
supportive housing nonprofit Alamo,suggested,services
supportive housing nonprofit Alton,suggested,services
supportive housing nonprofit Donna,suggested,services
supportive housing nonprofit Edinburg,suggested,services
supportive housing nonprofit Hidalgo,suggested,services
supportive housing nonprofit Hidalgo County,suggested,services
supportive housing nonprofit La Joya,suggested,services
supportive housing nonprofit McAllen,suggested,services
supportive housing nonprofit Mercedes,suggested,services
supportive housing nonprofit Mission,suggested,services
supportive housing nonprofit Palmview,suggested,services
supportive housing nonprofit Peñitas,suggested,services
supportive housing nonprofit Pharr,suggested,services
supportive housing nonprofit Progreso,suggested,services
supportive housing nonprofit San Juan,suggested,services
supportive housing nonprofit Weslaco,suggested,services
transitional housing Alamo,suggested,phrases
transitional housing Alton,suggested,phrases
transitional housing Donna,suggested,phrases
transitional housing Edinburg,suggested,phrases
transitional housing Hidalgo,suggested,phrases
transitional housing Hidalgo County,suggested,phrases
transitional housing Hidalgo County TX,suggested,phrases
transitional housing Hidalgo TX,suggested,phrases
transitional housing La Joya,suggested,phrases
transitional housing McAllen,suggested,phrases
transitional housing Mercedes,suggested,phrases
transitional housing Mission,suggested,phrases
transitional housing Palmview,suggested,phrases
transitional housing Peñitas,suggested,phrases
transitional housing Pharr,suggested,phrases
transitional housing Progreso,suggested,phrases
transitional housing San Juan,suggested,phrases
transitional housing TX,suggested,phrases
transitional housing Texas,suggested,phrases
transitional housing Weslaco,suggested,phrases
transitional housing affordable Alamo,suggested,services
transitional housing affordable Alton,suggested,services
transitional housing affordable Donna,suggested,services
transitional housing affordable Edinburg,suggested,services
transitional housing affordable Hidalgo,suggested,services
transitional housing affordable Hidalgo County,suggested,services
transitional housing affordable La Joya,suggested,services
transitional housing affordable McAllen,suggested,services
transitional housing affordable Mercedes,suggested,services
transitional housing affordable Mission,suggested,services
transitional housing affordable Palmview,suggested,services
transitional housing affordable Peñitas,suggested,services
transitional housing affordable Pharr,suggested,services
transitional housing affordable Progreso,suggested,services
transitional housing affordable San Juan,suggested,services
transitional housing affordable Weslaco,suggested,services
transitional housing community-based Alamo,suggested,services
transitional housing community-based Alton,suggested,services
transitional housing community-based Donna,suggested,services
transitional housing community-based Edinburg,suggested,services
transitional housing community-based Hidalgo,suggested,services
transitional housing community-based Hidalgo County,suggested,services
transitional housing community-based La Joya,suggested,services
transitional housing community-based McAllen,suggested,services
transitional housing community-based Mercedes,suggested,services
transitional housing community-based Mission,suggested,services
transitional housing community-based Palmview,suggested,services
transitional housing community-based Peñitas,suggested,services
transitional housing community-based Pharr,suggested,services
transitional housing community-based Progreso,suggested,services
transitional housing community-based San Juan,suggested,services
transitional housing community-based Weslaco,suggested,services
transitional housing faith-based Alamo,suggested,services
transitional housing faith-based Alton,suggested,services
transitional housing faith-based Donna,suggested,services
transitional housing faith-based Edinburg,suggested,services
transitional housing faith-based Hidalgo,suggested,services
transitional housing faith-based Hidalgo County,suggested,services
transitional housing faith-based La Joya,suggested,services
transitional housing faith-based McAllen,suggested,services
transitional housing faith-based Mercedes,suggested,services
transitional housing faith-based Mission,suggested,services
transitional housing faith-based Palmview,suggested,services
transitional housing faith-based Peñitas,suggested,services
transitional housing faith-based Pharr,suggested,services
transitional housing faith-based Progreso,suggested,services
transitional housing faith-based San Juan,suggested,services
transitional housing faith-based Weslaco,suggested,services
transitional housing for adults Alamo,suggested,services
transitional housing for adults Alton,suggested,services
transitional housing for adults Donna,suggested,services
transitional housing for adults Edinburg,suggested,services
transitional housing for adults Hidalgo,suggested,services
transitional housing for adults Hidalgo County,suggested,services
transitional housing for adults La Joya,suggested,services
transitional housing for adults McAllen,suggested,services
transitional housing for adults Mercedes,suggested,services
transitional housing for adults Mission,suggested,services
transitional housing for adults Palmview,suggested,services
transitional housing for adults Peñitas,suggested,services
transitional housing for adults Pharr,suggested,services
transitional housing for adults Progreso,suggested,services
transitional housing for adults San Juan,suggested,services
transitional housing for adults Weslaco,suggested,services
transitional housing for autistic adults Alamo,suggested,services
transitional housing for autistic adults Alton,suggested,services
transitional housing for autistic adults Donna,suggested,services
transitional housing for autistic adults Edinburg,suggested,services
transitional housing for autistic adults Hidalgo,suggested,services
transitional housing for autistic adults Hidalgo County,suggested,services
transitional housing for autistic adults La Joya,suggested,services
transitional housing for autistic adults McAllen,suggested,services
transitional housing for autistic adults Mercedes,suggested,services
transitional housing for autistic adults Mission,suggested,services
transitional housing for autistic adults Palmview,suggested,services
transitional housing for autistic adults Peñitas,suggested,services
transitional housing for autistic adults Pharr,suggested,services
transitional housing for autistic adults Progreso,suggested,services
transitional housing for autistic adults San Juan,suggested,services
transitional housing for autistic adults Weslaco,suggested,services
transitional housing for individuals Alamo,suggested,services
transitional housing for individuals Alton,suggested,services
transitional housing for individuals Donna,suggested,services
transitional housing for individuals Edinburg,suggested,services
transitional housing for individuals Hidalgo,suggested,services
transitional housing for individuals Hidalgo County,suggested,services
transitional housing for individuals La Joya,suggested,services
transitional housing for individuals McAllen,suggested,services
transitional housing for individuals Mercedes,suggested,services
transitional housing for individuals Mission,suggested,services
transitional housing for individuals Palmview,suggested,services
transitional housing for individuals Peñitas,suggested,services
transitional housing for individuals Pharr,suggested,services
transitional housing for individuals Progreso,suggested,services
transitional housing for individuals San Juan,suggested,services
transitional housing for individuals Weslaco,suggested,services
transitional housing for neurodivergent adults Alamo,suggested,services
transitional housing for neurodivergent adults Alton,suggested,services
transitional housing for neurodivergent adults Donna,suggested,services
transitional housing for neurodivergent adults Edinburg,suggested,services
transitional housing for neurodivergent adults Hidalgo,suggested,services
transitional housing for neurodivergent adults Hidalgo County,suggested,services
transitional housing for neurodivergent adults La Joya,suggested,services
transitional housing for neurodivergent adults McAllen,suggested,services
transitional housing for neurodivergent adults Mercedes,suggested,services
transitional housing for neurodivergent adults Mission,suggested,services
transitional housing for neurodivergent adults Palmview,suggested,services
transitional housing for neurodivergent adults Peñitas,suggested,services
transitional housing for neurodivergent adults Pharr,suggested,services
transitional housing for neurodivergent adults Progreso,suggested,services
transitional housing for neurodivergent adults San Juan,suggested,services
transitional housing for neurodivergent adults Weslaco,suggested,services
transitional housing for people with disabilities Alamo,suggested,services
transitional housing for people with disabilities Alton,suggested,services
transitional housing for people with disabilities Donna,suggested,services
transitional housing for people with disabilities Edinburg,suggested,services
transitional housing for people with disabilities Hidalgo,suggested,services
transitional housing for people with disabilities Hidalgo County,suggested,services
transitional housing for people with disabilities La Joya,suggested,services
transitional housing for people with disabilities McAllen,suggested,services
transitional housing for people with disabilities Mercedes,suggested,services
transitional housing for people with disabilities Mission,suggested,services
transitional housing for people with disabilities Palmview,suggested,services
transitional housing for people with disabilities Peñitas,suggested,services
transitional housing for people with disabilities Pharr,suggested,services
transitional housing for people with disabilities Progreso,suggested,services
transitional housing for people with disabilities San Juan,suggested,services
transitional housing for people with disabilities Weslaco,suggested,services
transitional housing for seniors Alamo,suggested,services
transitional housing for seniors Alton,suggested,services
transitional housing for seniors Donna,suggested,services
transitional housing for seniors Edinburg,suggested,services
transitional housing for seniors Hidalgo,suggested,services
transitional housing for seniors Hidalgo County,suggested,services
transitional housing for seniors La Joya,suggested,services
transitional housing for seniors McAllen,suggested,services
transitional housing for seniors Mercedes,suggested,services
transitional housing for seniors Mission,suggested,services
transitional housing for seniors Palmview,suggested,services
transitional housing for seniors Peñitas,suggested,services
transitional housing for seniors Pharr,suggested,services
transitional housing for seniors Progreso,suggested,services
transitional housing for seniors San Juan,suggested,services
transitional housing for seniors Weslaco,suggested,services
transitional housing for young adults Alamo,suggested,services
transitional housing for young adults Alton,suggested,services
transitional housing for young adults Donna,suggested,services
transitional housing for young adults Edinburg,suggested,services
transitional housing for young adults Hidalgo,suggested,services
transitional housing for young adults Hidalgo County,suggested,services
transitional housing for young adults La Joya,suggested,services
transitional housing for young adults McAllen,suggested,services
transitional housing for young adults Mercedes,suggested,services
transitional housing for young adults Mission,suggested,services
transitional housing for young adults Palmview,suggested,services
transitional housing for young adults Peñitas,suggested,services
transitional housing for young adults Pharr,suggested,services
transitional housing for young adults Progreso,suggested,services
transitional housing for young adults San Juan,suggested,services
transitional housing for young adults Weslaco,suggested,services
transitional housing in Alamo,suggested,phrases
transitional housing in Alton,suggested,phrases
transitional housing in Donna,suggested,phrases
transitional housing in Edinburg,suggested,phrases
transitional housing in Hidalgo,suggested,phrases
transitional housing in Hidalgo County,suggested,phrases
transitional housing in La Joya,suggested,phrases
transitional housing in McAllen,suggested,phrases
transitional housing in Mercedes,suggested,phrases
transitional housing in Mission,suggested,phrases
transitional housing in Palmview,suggested,phrases
transitional housing in Peñitas,suggested,phrases
transitional housing in Pharr,suggested,phrases
transitional housing in Progreso,suggested,phrases
transitional housing in San Juan,suggested,phrases
transitional housing in Weslaco,suggested,phrases
transitional housing low-income Alamo,suggested,services
transitional housing low-income Alton,suggested,services
transitional housing low-income Donna,suggested,services
transitional housing low-income Edinburg,suggested,services
transitional housing low-income Hidalgo,suggested,services
transitional housing low-income Hidalgo County,suggested,services
transitional housing low-income La Joya,suggested,services
transitional housing low-income McAllen,suggested,services
transitional housing low-income Mercedes,suggested,services
transitional housing low-income Mission,suggested,services
transitional housing low-income Palmview,suggested,services
transitional housing low-income Peñitas,suggested,services
transitional housing low-income Pharr,suggested,services
transitional housing low-income Progreso,suggested,services
transitional housing low-income San Juan,suggested,services
transitional housing low-income Weslaco,suggested,services
transitional housing near me,suggested,phrases
transitional housing nonprofit Alamo,suggested,services
transitional housing nonprofit Alton,suggested,services
transitional housing nonprofit Donna,suggested,services
transitional housing nonprofit Edinburg,suggested,services
transitional housing nonprofit Hidalgo,suggested,services
transitional housing nonprofit Hidalgo County,suggested,services
transitional housing nonprofit La Joya,suggested,services
transitional housing nonprofit McAllen,suggested,services
transitional housing nonprofit Mercedes,suggested,services
transitional housing nonprofit Mission,suggested,services
transitional housing nonprofit Palmview,suggested,services
transitional housing nonprofit Peñitas,suggested,services
transitional housing nonprofit Pharr,suggested,services
transitional housing nonprofit Progreso,suggested,services
transitional housing nonprofit San Juan,suggested,services
transitional housing nonprofit Weslaco,suggested,services
vivienda asequible Alamo TX,suggested,spanish
vivienda asequible Donna TX,suggested,spanish
vivienda asequible Edinburg TX,suggested,spanish
vivienda asequible Hidalgo TX,suggested,spanish
vivienda asequible McAllen TX,suggested,spanish
vivienda asequible Mercedes TX,suggested,spanish
vivienda asequible Mission TX,suggested,spanish
vivienda asequible Pharr TX,suggested,spanish
vivienda asequible San Juan TX,suggested,spanish
vivienda asequible Weslaco TX,suggested,spanish
vivienda compartida Alamo TX,suggested,spanish
vivienda compartida Donna TX,suggested,spanish
vivienda compartida Edinburg TX,suggested,spanish
vivienda compartida Hidalgo TX,suggested,spanish
vivienda compartida McAllen TX,suggested,spanish
vivienda compartida Mercedes TX,suggested,spanish
vivienda compartida Mission TX,suggested,spanish
vivienda compartida Pharr TX,suggested,spanish
vivienda compartida San Juan TX,suggested,spanish
vivienda compartida Weslaco TX,suggested,spanish
vivienda de apoyo Alamo TX,suggested,spanish
vivienda de apoyo Donna TX,suggested,spanish
vivienda de apoyo Edinburg TX,suggested,spanish
vivienda de apoyo Hidalgo TX,suggested,spanish
vivienda de apoyo McAllen TX,suggested,spanish
vivienda de apoyo Mercedes TX,suggested,spanish
vivienda de apoyo Mission TX,suggested,spanish
vivienda de apoyo Pharr TX,suggested,spanish
vivienda de apoyo San Juan TX,suggested,spanish
vivienda de apoyo Weslaco TX,suggested,spanish
vivienda independiente Alamo TX,suggested,spanish
vivienda independiente Donna TX,suggested,spanish
vivienda independiente Edinburg TX,suggested,spanish
vivienda independiente Hidalgo TX,suggested,spanish
vivienda independiente McAllen TX,suggested,spanish
vivienda independiente Mercedes TX,suggested,spanish
vivienda independiente Mission TX,suggested,spanish
vivienda independiente Pharr TX,suggested,spanish
vivienda independiente San Juan TX,suggested,spanish
vivienda independiente Weslaco TX,suggested,spanish
vivienda transicional Alamo TX,suggested,spanish
vivienda transicional Donna TX,suggested,spanish
vivienda transicional Edinburg TX,suggested,spanish
vivienda transicional Hidalgo TX,suggested,spanish
vivienda transicional McAllen TX,suggested,spanish
vivienda transicional Mercedes TX,suggested,spanish
vivienda transicional Mission TX,suggested,spanish
vivienda transicional Pharr TX,suggested,spanish
vivienda transicional San Juan TX,suggested,spanish
vivienda transicional Weslaco TX,suggested,spanish
