symbol,date,opening_price,closing_price,volume,market_cap_rank
ADA,2021-06-01,1.74,1.735,153824983.71,5
AVAX,2021-06-01,18.16,17.76,5679376.42,14
BNB,2021-06-01,353.89,362.47,167235740.73,4
BTC,2021-06-01,37290.83,36683.51,1626268789.21,1
DOGE,2021-06-01,0.3257,0.3701,308066083.79,7
DOT,2021-06-01,23.33,22.82,27720774.2,9
ETH,2021-06-01,2707.38,2634.23,1882287507.52,2
LTC,2021-06-01,188.11,182.94,134949444.04,12
MATIC,2021-06-01,1.873,1.825,110828589.81,10
SOL,2021-06-01,32.78,30.98,46129931.3,11
TON,2021-06-01,0.0,0.0,0.0,15
TRX,2021-06-01,0.07677,0.07611,5195216.96,13
USDC,2021-06-01,0.9999,1.0,44446.83,8
USDT,2021-06-01,1.0,1.0,719614.8,3
XRP,2021-06-01,1.042,1.01,154542565.64,6
ADA,2021-06-02,1.735,1.754,125311773.24,5
AVAX,2021-06-02,17.76,18.68,11066784.75,14
BNB,2021-06-02,362.47,401.7,218240710.4,4
BTC,2021-06-02,36683.51,37576.98,1494571249.19,1
DOGE,2021-06-02,0.3701,0.4235,594621920.45,6
DOT,2021-06-02,22.82,25.95,55545349.62,9
ETH,2021-06-02,2634.23,2706.52,1593115620.38,2
LTC,2021-06-02,182.94,187.27,99996262.95,12
MATIC,2021-06-02,1.825,1.799,80961282.89,10
SOL,2021-06-02,30.98,33.98,48227819.48,11
TON,2021-06-02,0.0,0.0,0.0,15
TRX,2021-06-02,0.07611,0.07805,4664991.41,13
USDC,2021-06-02,1.0,1.0,39947.92,8
USDT,2021-06-02,1.0,1.0,590556.32,3
XRP,2021-06-02,1.01,1.025,96630969.78,7
ADA,2021-06-03,1.754,1.845,123894855.24,5
AVAX,2021-06-03,18.68,20.26,12971068.52,14
BNB,2021-06-03,401.7,428.0,162970119.45,3
BTC,2021-06-03,37576.98,39229.66,1586641442.02,1
DOGE,2021-06-03,0.4235,0.4005,397834666.89,6
DOT,2021-06-03,25.95,26.97,60283378.61,9
ETH,2021-06-03,2706.52,2856.01,1767131489.54,2
LTC,2021-06-03,187.27,193.46,108344667.46,12
MATIC,2021-06-03,1.799,1.823,67125433.33,10
SOL,2021-06-03,33.98,39.56,92430658.07,11
TON,2021-06-03,0.0,0.0,0.0,15
TRX,2021-06-03,0.07805,0.08217,5665734.39,13
USDC,2021-06-03,1.0,1.0,41117.72,8
USDT,2021-06-03,1.0,0.9999,630545.79,4
XRP,2021-06-03,1.025,1.045,103420815.27,7
ADA,2021-06-04,1.845,1.708,177339958.74,5
AVAX,2021-06-04,20.26,18.27,7900118.65,14
BNB,2021-06-04,428.0,390.73,181784312.34,4
BTC,2021-06-04,39229.66,36861.5,1837944242.33,1
DOGE,2021-06-04,0.4005,0.3762,297839838.58,6
DOT,2021-06-04,26.97,25.03,52019940.76,9
ETH,2021-06-04,2856.01,2691.17,1870054033.42,2
LTC,2021-06-04,193.46,178.6,117852794.28,12
MATIC,2021-06-04,1.823,1.632,149104756.96,10
SOL,2021-06-04,39.56,37.42,101079093.6,11
TON,2021-06-04,0.0,0.0,0.0,15
TRX,2021-06-04,0.08217,0.07721,7210736.72,13
USDC,2021-06-04,1.0,1.0,49659.04,8
USDT,2021-06-04,0.9999,1.001,698837.58,3
XRP,2021-06-04,1.045,0.9691,149668276.1,7
ADA,2021-06-05,1.708,1.657,100757323.29,5
AVAX,2021-06-05,18.27,17.24,7499512.53,14
BNB,2021-06-05,390.73,390.21,135875557.26,4
BTC,2021-06-05,36861.5,35538.4,1444088532.56,1
DOGE,2021-06-05,0.3762,0.3717,148813006.71,6
DOT,2021-06-05,25.03,23.79,26457269.39,9
ETH,2021-06-05,2691.17,2629.76,1523173179.92,2
LTC,2021-06-05,178.6,173.01,86060695.75,12
MATIC,2021-06-05,1.632,1.528,98594278.58,11
SOL,2021-06-05,37.42,39.75,107224327.59,10
TON,2021-06-05,0.0,0.0,0.0,15
TRX,2021-06-05,0.07721,0.07552,5065323.91,13
USDC,2021-06-05,1.0,1.0,39875.95,8
USDT,2021-06-05,1.001,1.0,570582.39,3
XRP,2021-06-05,0.9691,0.9231,92698279.68,7
ADA,2021-06-06,1.657,1.677,47914801.67,5
AVAX,2021-06-06,17.24,17.37,3894230.84,14
BNB,2021-06-06,390.21,393.78,75632349.08,4
BTC,2021-06-06,35538.4,35798.57,986275148.28,1
DOGE,2021-06-06,0.3717,0.3713,66941822.99,6
DOT,2021-06-06,23.79,24.14,13942795.15,9
ETH,2021-06-06,2629.76,2710.99,930314354.19,2
LTC,2021-06-06,173.01,176.29,67973377.16,12
MATIC,2021-06-06,1.528,1.581,56364805.86,11
SOL,2021-06-06,39.75,42.23,68453272.55,10
TON,2021-06-06,0.0,0.0,0.0,15
TRX,2021-06-06,0.07552,0.07745,3375301.01,13
USDC,2021-06-06,1.0,0.9995,27456.63,8
USDT,2021-06-06,1.001,1.0,27471.19,3
XRP,2021-06-06,0.9231,0.9456,58957683.92,7
ADA,2021-06-07,1.677,1.565,124304327.8,5
AVAX,2021-06-07,17.37,15.54,10663678.69,14
BNB,2021-06-07,393.75,358.12,63397434.98,4
BTC,2021-06-07,35798.57,33582.86,1850311020.63,1
DOGE,2021-06-07,0.3713,0.3316,154883935.6,6
DOT,2021-06-07,24.14,21.69,31488678.61,9
ETH,2021-06-07,2710.99,2593.12,1734370558.93,2
LTC,2021-06-07,176.29,162.01,105149939.49,12
MATIC,2021-06-07,1.581,1.485,116891036.83,11
SOL,2021-06-07,42.23,38.28,83284538.42,10
TON,2021-06-07,0.0,0.0,0.0,15
TRX,2021-06-07,0.07745,0.07195,4240914.87,13
USDC,2021-06-07,0.9995,1.0,52222.04,8
USDT,2021-06-07,1.0,1.0,52231.68,3
XRP,2021-06-07,0.9456,0.8625,107061635.23,7
ADA,2021-06-08,1.565,1.584,193098516.83,5
AVAX,2021-06-08,15.54,14.81,10316013.7,14
BNB,2021-06-08,358.12,352.92,80203223.89,4
BTC,2021-06-08,33582.86,33409.38,2890313261.68,1
DOGE,2021-06-08,0.3316,0.3265,193430892.76,6
DOT,2021-06-08,21.69,21.69,42743781.01,9
ETH,2021-06-08,2593.12,2509.23,2594319741.23,2
LTC,2021-06-08,162.01,160.78,157670631.7,12
MATIC,2021-06-08,1.485,1.479,157197621.21,11
SOL,2021-06-08,38.28,41.26,169862969.98,10
TON,2021-06-08,0.0,0.0,0.0,15
TRX,2021-06-08,0.07195,0.07255,7559179.5,13
USDC,2021-06-08,1.0,1.0,88520.19,8
USDT,2021-06-08,1.0,1.001,88563.08,3
XRP,2021-06-08,0.8625,0.8751,158465173.89,7
ADA,2021-06-09,1.584,1.627,123181287.7,5
AVAX,2021-06-09,14.81,15.4,9663152.6,14
BNB,2021-06-09,353.14,375.79,140215994.29,4
BTC,2021-06-09,33409.38,37391.58,3249553573.38,1
DOGE,2021-06-09,0.3265,0.3431,158820721.14,6
DOT,2021-06-09,21.69,23.2,36243191.18,9
ETH,2021-06-09,2509.23,2610.64,1819177646.94,2
LTC,2021-06-09,160.78,172.44,126435612.32,12
MATIC,2021-06-09,1.479,1.491,118968302.79,11
SOL,2021-06-09,41.26,42.03,101199283.7,10
TON,2021-06-09,0.0,0.0,0.0,15
TRX,2021-06-09,0.07255,0.0753,6901030.9,13
USDC,2021-06-09,1.0,1.0,92316.89,8
USDT,2021-06-09,1.001,1.0,92322.32,3
XRP,2021-06-09,0.8751,0.9218,141778595.5,7
ADA,2021-06-10,1.627,1.533,77042169.74,5
AVAX,2021-06-10,15.4,14.2,7727229.82,14
BNB,2021-06-10,375.79,351.99,106189111.03,4
BTC,2021-06-10,37391.58,36680.78,2338112083.52,1
DOGE,2021-06-10,0.3431,0.3261,101500408.79,6
DOT,2021-06-10,23.2,22.67,26342900.1,9
ETH,2021-06-10,2610.64,2471.56,1018177774.01,2
LTC,2021-06-10,172.44,168.03,87567338.17,12
MATIC,2021-06-10,1.491,1.363,72825274.87,11
SOL,2021-06-10,42.03,41.09,46173596.26,10
TON,2021-06-10,0.0,0.0,0.0,15
TRX,2021-06-10,0.0753,0.07259,4254764.21,13
USDC,2021-06-10,1.0,1.0,63065.81,8
USDT,2021-06-10,1.0,1.0,63060.09,3
XRP,2021-06-10,0.9218,0.8687,87301860.8,7
ADA,2021-06-11,1.533,1.436,79811144.13,5
AVAX,2021-06-11,14.2,13.42,7744121.48,14
BNB,2021-06-11,351.99,345.88,104234426.04,4
BTC,2021-06-11,36680.78,37339.98,1596038876.7,1
DOGE,2021-06-11,0.3261,0.3189,72822195.41,6
DOT,2021-06-11,22.67,20.96,16261669.81,9
ETH,2021-06-11,2471.56,2355.09,988630797.95,2
LTC,2021-06-11,168.03,162.86,80633659.18,12
MATIC,2021-06-11,1.363,1.25,73932383.79,11
SOL,2021-06-11,41.09,36.18,56074034.42,10
TON,2021-06-11,0.0,0.0,0.0,15
TRX,2021-06-11,0.07259,0.06918,3577609.41,13
USDC,2021-06-11,1.0,1.0,43139.45,8
USDT,2021-06-11,1.0,1.0,43124.76,3
XRP,2021-06-11,0.8687,0.8471,66680637.2,7
ADA,2021-06-12,1.436,1.477,76321912.81,5
AVAX,2021-06-12,13.42,13.53,6054354.11,14
BNB,2021-06-12,345.88,343.87,86112359.51,4
BTC,2021-06-12,37339.98,35541.78,1450138289.51,1
DOGE,2021-06-12,0.3189,0.3119,63731009.69,6
DOT,2021-06-12,20.96,20.76,23614642.91,9
ETH,2021-06-12,2355.09,2369.62,891766601.89,2
LTC,2021-06-12,162.86,161.69,69643639.81,12
MATIC,2021-06-12,1.25,1.339,90200947.88,11
SOL,2021-06-12,36.18,36.48,45173977.14,10
TON,2021-06-12,0.0,0.0,0.0,15
TRX,2021-06-12,0.06918,0.06805,3671811.38,13
USDC,2021-06-12,1.0,1.001,40656.23,8
USDT,2021-06-12,1.0,1.0,40619.4,3
XRP,2021-06-12,0.8471,0.8314,74358491.65,7
ADA,2021-06-13,1.477,1.559,85040079.32,5
AVAX,2021-06-13,13.53,14.75,6991093.21,14
BNB,2021-06-13,343.87,365.87,85185529.35,4
BTC,2021-06-13,35541.78,39017.37,1727291768.5,1
DOGE,2021-06-13,0.3119,0.3242,58924654.4,7
DOT,2021-06-13,20.76,22.07,26525131.55,9
ETH,2021-06-13,2369.62,2509.7,882400625.24,2
LTC,2021-06-13,161.69,170.93,58665331.81,12
MATIC,2021-06-13,1.339,1.467,74817436.53,11
SOL,2021-06-13,36.48,38.72,34963869.07,10
TON,2021-06-13,0.0,0.0,0.0,15
TRX,2021-06-13,0.06805,0.07158,2949919.75,13
USDC,2021-06-13,1.001,0.9989,46300.82,8
USDT,2021-06-13,1.0,1.0,46356.65,3
XRP,2021-06-13,0.8314,0.8839,50208738.47,6
ADA,2021-06-14,1.559,1.577,78537353.52,5
AVAX,2021-06-14,14.75,15.11,9203231.6,14
BNB,2021-06-14,365.87,370.17,103509596.96,4
BTC,2021-06-14,39017.37,40526.63,2740589573.6,1
DOGE,2021-06-14,0.3242,0.3276,79815994.44,7
DOT,2021-06-14,22.07,25.87,62981165.02,9
ETH,2021-06-14,2509.7,2582.12,985454994.26,2
LTC,2021-06-14,170.93,179.97,90566493.16,12
MATIC,2021-06-14,1.467,1.55,74070783.62,10
SOL,2021-06-14,38.72,39.72,42680881.8,11
TON,2021-06-14,0.0,0.0,0.0,15
TRX,2021-06-14,0.07158,0.07203,4274250.22,13
USDC,2021-06-14,0.9989,1.0,68733.57,8
USDT,2021-06-14,1.0,1.0,68752.01,3
XRP,2021-06-14,0.8839,0.8907,74510707.59,6
ADA,2021-06-15,1.577,1.556,59489310.74,5
AVAX,2021-06-15,15.11,14.72,5237974.36,14
BNB,2021-06-15,370.17,366.8,78749108.45,4
BTC,2021-06-15,40526.63,40161.86,1943860792.12,1
DOGE,2021-06-15,0.3276,0.3203,55917669.34,6
DOT,2021-06-15,25.87,23.97,30967576.46,9
ETH,2021-06-15,2582.12,2543.6,884043051.65,2
LTC,2021-06-15,179.97,175.24,62928538.78,12
MATIC,2021-06-15,1.55,1.63,104036067.4,10
SOL,2021-06-15,39.72,39.55,46477716.04,11
TON,2021-06-15,0.0,0.0,0.0,15
TRX,2021-06-15,0.07203,0.07183,4521723.61,13
USDC,2021-06-15,1.0,1.0,48257.99,8
USDT,2021-06-15,1.0,1.0,48259.61,3
XRP,2021-06-15,0.8907,0.8668,52420654.27,7
ADA,2021-06-16,1.556,1.484,51011496.16,5
AVAX,2021-06-16,14.72,14.07,7572300.66,14
BNB,2021-06-16,366.8,347.26,68106599.98,4
BTC,2021-06-16,40161.86,38345.41,1883613058.48,1
DOGE,2021-06-16,0.3203,0.3077,48238542.94,6
DOT,2021-06-16,23.97,23.02,29860333.11,9
ETH,2021-06-16,2543.6,2367.7,986488084.54,2
LTC,2021-06-16,175.24,166.54,70518443.71,12
MATIC,2021-06-16,1.63,1.478,90006992.0,11
SOL,2021-06-16,39.55,39.63,51535900.37,10
TON,2021-06-16,0.0,0.0,0.0,15
TRX,2021-06-16,0.07183,0.06884,4039317.41,13
USDC,2021-06-16,1.0,1.0,48111.38,8
USDT,2021-06-16,1.0,0.9999,48103.76,3
XRP,2021-06-16,0.8668,0.8315,60127542.33,7
ADA,2021-06-17,1.484,1.482,44145311.69,5
AVAX,2021-06-17,14.07,14.85,8581572.65,14
BNB,2021-06-17,347.26,352.83,59641452.53,4
BTC,2021-06-17,38345.41,38082.3,1599770630.8,1
DOGE,2021-06-17,0.3077,0.306,39582198.01,7
DOT,2021-06-17,23.02,22.48,19407898.73,9
ETH,2021-06-17,2367.7,2372.31,866421709.08,2
LTC,2021-06-17,166.54,167.1,56846883.67,12
MATIC,2021-06-17,1.478,1.504,60386831.51,11
SOL,2021-06-17,39.63,39.22,41116302.63,10
TON,2021-06-17,0.0,0.0,0.0,15
TRX,2021-06-17,0.06884,0.07381,3160706.3,13
USDC,2021-06-17,1.0,1.001,41618.64,8
USDT,2021-06-17,0.9999,1.0,41595.79,3
XRP,2021-06-17,0.8315,0.8414,48011899.73,6
ADA,2021-06-18,1.482,1.415,61044771.63,5
AVAX,2021-06-18,14.85,13.64,6919522.37,14
BNB,2021-06-18,352.83,337.38,68662619.43,4
BTC,2021-06-18,38082.3,35830.29,2207651943.63,1
DOGE,2021-06-18,0.306,0.2931,89451425.0,7
DOT,2021-06-18,22.48,21.38,20508222.2,9
ETH,2021-06-18,2372.31,2233.57,1193362399.58,2
LTC,2021-06-18,167.1,156.34,74691207.26,12
MATIC,2021-06-18,1.504,1.379,77562607.61,11
SOL,2021-06-18,39.22,36.79,38146954.39,10
TON,2021-06-18,0.0,0.0,0.0,15
TRX,2021-06-18,0.07381,0.06955,5274829.17,13
USDC,2021-06-18,1.001,1.001,60307.39,8
USDT,2021-06-18,1.0,1.001,60274.41,3
XRP,2021-06-18,0.8414,0.797,55238283.32,6
ADA,2021-06-19,1.415,1.385,43756712.75,5
AVAX,2021-06-19,13.64,13.38,3593192.88,14
BNB,2021-06-19,337.38,334.24,45165759.63,4
BTC,2021-06-19,35830.29,35515.38,1601193146.33,1
DOGE,2021-06-19,0.2931,0.286,39832132.99,6
DOT,2021-06-19,21.38,20.25,16886324.4,9
ETH,2021-06-19,2233.57,2166.61,715881808.7,2
LTC,2021-06-19,156.34,152.77,40477986.21,12
MATIC,2021-06-19,1.379,1.36,63593652.15,11
SOL,2021-06-19,36.79,35.19,23775489.43,10
TON,2021-06-19,0.0,0.0,0.0,15
TRX,2021-06-19,0.06955,0.06863,2081075.54,13
USDC,2021-06-19,1.001,0.9999,44779.3,8
USDT,2021-06-19,1.001,1.001,44814.84,3
XRP,2021-06-19,0.797,0.7603,36536091.95,7
ADA,2021-06-20,1.385,1.426,86425758.38,5
AVAX,2021-06-20,13.38,13.93,3995239.21,14
BNB,2021-06-20,334.24,339.11,62782975.76,4
BTC,2021-06-20,35515.38,35602.26,1964614466.35,1
DOGE,2021-06-20,0.286,0.2802,89857019.13,7
DOT,2021-06-20,20.25,20.63,24158909.81,9
ETH,2021-06-20,2166.61,2243.6,1057105893.49,2
LTC,2021-06-20,152.77,154.86,59263087.04,12
MATIC,2021-06-20,1.36,1.397,60291912.03,10
SOL,2021-06-20,35.19,35.25,48797283.37,11
TON,2021-06-20,0.0,0.0,0.0,15
TRX,2021-06-20,0.06863,0.06778,2927444.29,13
USDC,2021-06-20,0.9999,1.0,56541.43,8
USDT,2021-06-20,1.001,1.0,56530.01,3
XRP,2021-06-20,0.7603,0.7744,60944707.46,6
ADA,2021-06-21,1.426,1.176,151459034.1,5
AVAX,2021-06-21,13.93,11.21,7166335.46,14
BNB,2021-06-21,338.99,271.11,55807486.75,4
BTC,2021-06-21,35602.26,31652.62,3650731161.39,1
DOGE,2021-06-21,0.2802,0.1783,324102737.4,8
DOT,2021-06-21,20.63,15.74,61073976.66,9
ETH,2021-06-21,2243.6,1887.89,2759117557.28,2
LTC,2021-06-21,154.86,124.64,138024627.34,12
MATIC,2021-06-21,1.397,1.101,103494953.55,10
SOL,2021-06-21,35.25,26.65,96081633.41,11
TON,2021-06-21,0.0,0.0,0.0,15
TRX,2021-06-21,0.06778,0.05398,6260347.09,13
USDC,2021-06-21,1.0,1.001,111104.76,7
USDT,2021-06-21,1.0,1.001,111142.95,3
XRP,2021-06-21,0.7744,0.6076,134368824.86,6
ADA,2021-06-22,1.176,1.155,210021036.69,5
AVAX,2021-06-22,11.21,10.55,8890380.84,14
BNB,2021-06-22,271.11,261.92,83881012.6,4
BTC,2021-06-22,31652.62,32537.58,4060734244.07,1
DOGE,2021-06-22,0.1783,0.1905,267269872.96,8
DOT,2021-06-22,15.74,14.65,64363190.36,9
ETH,2021-06-22,1887.89,1880.83,3161540297.98,2
LTC,2021-06-22,124.64,119.75,178671008.57,12
MATIC,2021-06-22,1.101,1.074,159755134.44,10
SOL,2021-06-22,26.65,26.98,133615779.74,11
TON,2021-06-22,0.0,0.0,0.0,15
TRX,2021-06-22,0.05398,0.0509,9248848.88,13
USDC,2021-06-22,1.001,1.001,130091.54,6
USDT,2021-06-22,1.001,1.001,130086.42,3
XRP,2021-06-22,0.6076,0.5465,197415172.45,7
ADA,2021-06-23,1.155,1.251,124766882.83,5
AVAX,2021-06-23,10.55,11.46,5794694.37,14
BNB,2021-06-23,262.12,296.24,127319750.75,4
BTC,2021-06-23,32537.58,33678.64,2037061709.14,1
DOGE,2021-06-23,0.1905,0.235,243138293.09,7
DOT,2021-06-23,14.65,15.8,30429173.52,9
ETH,2021-06-23,1880.83,1968.56,1416402416.38,2
LTC,2021-06-23,119.75,129.06,94675987.55,12
MATIC,2021-06-23,1.074,1.177,93108904.78,11
SOL,2021-06-23,26.98,30.84,97593693.54,10
TON,2021-06-23,0.0,0.0,0.0,15
TRX,2021-06-23,0.0509,0.05774,5325430.93,13
USDC,2021-06-23,1.001,1.0,60350.84,8
USDT,2021-06-23,1.001,1.0,60359.61,3
XRP,2021-06-23,0.5465,0.6385,135952034.45,6
ADA,2021-06-24,1.251,1.358,85325605.15,5
AVAX,2021-06-24,11.46,11.49,4951993.5,14
BNB,2021-06-24,296.24,308.38,99169410.61,4
BTC,2021-06-24,33678.64,34649.84,1311147481.02,1
DOGE,2021-06-24,0.235,0.2634,156995077.85,6
DOT,2021-06-24,15.8,16.22,18246500.78,9
ETH,2021-06-24,1968.56,1989.01,882504031.49,2
LTC,2021-06-24,129.06,134.51,60928878.69,12
MATIC,2021-06-24,1.177,1.204,49159098.47,11
SOL,2021-06-24,30.84,31.18,57246549.21,10
TON,2021-06-24,0.0,0.0,0.0,15
TRX,2021-06-24,0.05774,0.06608,13643215.09,13
USDC,2021-06-24,1.0,1.0,38755.74,8
USDT,2021-06-24,1.0,0.9997,38745.19,3
XRP,2021-06-24,0.6385,0.6719,89216273.95,7
ADA,2021-06-25,1.358,1.255,46735357.68,5
AVAX,2021-06-25,11.49,10.25,3929220.03,14
BNB,2021-06-25,308.42,280.94,54041535.71,4
BTC,2021-06-25,34649.84,31593.86,3027434524.39,1
DOGE,2021-06-25,0.2634,0.238,226861388.01,6
DOT,2021-06-25,16.22,14.44,18166802.14,9
ETH,2021-06-25,1989.01,1810.27,1653237866.52,2
LTC,2021-06-25,134.51,125.2,64220527.88,12
MATIC,2021-06-25,1.204,1.042,27424725.38,11
SOL,2021-06-25,31.18,28.63,65442820.83,10
TON,2021-06-25,0.0,0.0,0.0,15
TRX,2021-06-25,0.06608,0.06158,8318399.19,13
USDC,2021-06-25,1.0,0.9992,91563.73,8
USDT,2021-06-25,0.9997,1.0,91663.34,3
XRP,2021-06-25,0.6719,0.6123,92055859.23,7
ADA,2021-06-26,1.255,1.251,29606234.94,5
AVAX,2021-06-26,10.25,10.33,2525796.34,14
BNB,2021-06-26,280.94,279.57,31837863.37,4
BTC,2021-06-26,31593.86,32307.35,1826363014.48,1
DOGE,2021-06-26,0.238,0.2453,82608167.5,6
DOT,2021-06-26,14.44,14.52,15531025.6,9
ETH,2021-06-26,1810.27,1830.94,1021387751.81,2
LTC,2021-06-26,125.2,126.75,52448054.98,12
MATIC,2021-06-26,1.042,1.076,31330713.83,11
SOL,2021-06-26,28.63,29.67,40513771.43,10
TON,2021-06-26,0.0,0.0,0.0,15
TRX,2021-06-26,0.06158,0.06255,4015166.25,13
USDC,2021-06-26,0.9992,1.002,58440.76,8
USDT,2021-06-26,1.0,1.001,58373.83,3
XRP,2021-06-26,0.6123,0.6158,64903649.61,7
ADA,2021-06-27,1.251,1.337,23229043.91,5
AVAX,2021-06-27,10.33,10.95,3355702.52,14
BNB,2021-06-27,280.1,291.21,68330736.18,4
BTC,2021-06-27,32307.35,34713.81,2002954688.79,1
DOGE,2021-06-27,0.2453,0.2648,65448880.28,6
DOT,2021-06-27,14.52,15.0,15272557.88,9
ETH,2021-06-27,1830.94,1983.33,1092710033.78,2
LTC,2021-06-27,126.75,132.63,48524423.87,12
MATIC,2021-06-27,1.076,1.113,20989072.26,11
SOL,2021-06-27,29.67,31.87,29092922.23,10
TON,2021-06-27,0.0,0.0,0.0,15
TRX,2021-06-27,0.06255,0.06471,2564410.37,13
USDC,2021-06-27,1.002,1.001,60474.43,8
USDT,2021-06-27,1.001,1.001,60436.2,3
XRP,2021-06-27,0.6158,0.6485,49222552.55,7
ADA,2021-06-28,1.337,1.326,26582760.61,5
AVAX,2021-06-28,10.95,11.32,3232736.85,14
BNB,2021-06-28,291.21,290.0,75728177.96,4
BTC,2021-06-28,34713.81,34487.11,1424168416.33,1
DOGE,2021-06-28,0.2648,0.257,58025448.74,6
DOT,2021-06-28,15.0,15.77,16419700.61,9
ETH,2021-06-28,1983.33,2083.8,1308344183.96,2
LTC,2021-06-28,132.63,137.55,55727801.63,12
MATIC,2021-06-28,1.113,1.12,13936772.17,11
SOL,2021-06-28,31.87,33.0,31192686.66,10
TON,2021-06-28,0.0,0.0,0.0,15
TRX,2021-06-28,0.06471,0.06529,3759043.61,13
USDC,2021-06-28,1.001,1.0,41272.79,8
USDT,2021-06-28,1.001,1.0,41259.25,3
XRP,2021-06-28,0.6485,0.644,49641400.91,7
ADA,2021-06-29,1.326,1.371,35934284.11,5
AVAX,2021-06-29,11.32,11.92,4151669.53,14
BNB,2021-06-29,290.0,300.78,83844844.95,4
BTC,2021-06-29,34487.11,35901.41,1578253520.29,1
DOGE,2021-06-29,0.257,0.2631,72835851.94,6
DOT,2021-06-29,15.77,16.26,21276369.96,9
ETH,2021-06-29,2083.8,2165.61,990499298.9,2
LTC,2021-06-29,137.55,144.09,79044442.68,12
MATIC,2021-06-29,1.12,1.171,22081526.33,11
SOL,2021-06-29,33.0,33.94,42437610.12,10
TON,2021-06-29,0.0,0.0,0.0,15
TRX,2021-06-29,0.06529,0.0677,6144632.13,13
USDC,2021-06-29,1.0,1.0,44234.87,8
USDT,2021-06-29,1.0,0.9997,44201.72,3
XRP,2021-06-29,0.644,0.7056,86066216.02,7
ADA,2021-06-30,1.371,1.384,41253112.24,5
AVAX,2021-06-30,11.92,11.96,4758863.66,14
BNB,2021-06-30,301.03,303.57,39808846.79,4
BTC,2021-06-30,35901.41,35056.39,1388243727.19,1
DOGE,2021-06-30,0.2631,0.2541,49449281.49,7
DOT,2021-06-30,16.26,16.38,15810584.38,9
ETH,2021-06-30,2165.61,2276.14,1128164730.61,2
LTC,2021-06-30,144.09,144.3,58001462.91,12
MATIC,2021-06-30,1.171,1.166,16897015.37,11
SOL,2021-06-30,33.94,35.53,44244758.74,10
TON,2021-06-30,0.0,0.0,0.0,15
TRX,2021-06-30,0.0677,0.06811,3810139.18,13
USDC,2021-06-30,1.0,1.001,39824.43,8
USDT,2021-06-30,0.9997,1.0,39814.19,3
XRP,2021-06-30,0.7056,0.7059,65019006.89,6
ADA,2021-07-01,1.384,1.336,25647402.09,5
AVAX,2021-07-01,11.96,11.2,2334666.4,14
BNB,2021-07-01,303.57,287.62,26204683.39,4
BTC,2021-07-01,35056.39,33543.11,1238732543.23,1
DOGE,2021-07-01,0.2541,0.2443,67184655.34,6
DOT,2021-07-01,16.38,15.21,9721434.44,9
ETH,2021-07-01,2276.14,2109.29,1069055464.26,2
LTC,2021-07-01,144.3,137.28,54210961.31,12
MATIC,2021-07-01,1.166,1.074,36117583.7,11
SOL,2021-07-01,35.53,33.32,42689121.73,10
TON,2021-07-01,0.0,0.0,0.0,15
TRX,2021-07-01,0.06811,0.06487,2728601.14,13
USDC,2021-07-01,1.001,1.0,36901.84,8
USDT,2021-07-01,1.0,1.001,36913.41,3
XRP,2021-07-01,0.7059,0.6601,51416772.62,7
ADA,2021-07-02,1.336,1.395,28875675.07,4
AVAX,2021-07-02,11.2,11.13,3404032.38,14
BNB,2021-07-02,287.62,287.22,25820492.75,5
BTC,2021-07-02,33543.11,33804.54,1102040372.36,1
DOGE,2021-07-02,0.2443,0.2452,30430571.55,6
DOT,2021-07-02,15.21,15.31,10169924.93,9
ETH,2021-07-02,2109.29,2155.65,855546242.98,2
LTC,2021-07-02,137.28,136.92,38207988.19,12
MATIC,2021-07-02,1.074,1.103,29149085.58,11
SOL,2021-07-02,33.32,34.0,35575070.82,10
TON,2021-07-02,0.0,0.0,0.0,15
TRX,2021-07-02,0.06487,0.06655,2371914.02,13
USDC,2021-07-02,1.0,0.9997,33072.55,8
USDT,2021-07-02,1.001,1.001,33100.44,3
XRP,2021-07-02,0.6601,0.6569,41082154.38,7
ADA,2021-07-03,1.395,1.405,22294048.93,5
AVAX,2021-07-03,11.13,11.51,3173622.15,14
BNB,2021-07-03,287.22,298.26,25313982.77,4
BTC,2021-07-03,33804.54,34682.84,595117204.83,1
DOGE,2021-07-03,0.2452,0.2464,24773084.83,7
DOT,2021-07-03,15.31,15.52,7647823.6,9
ETH,2021-07-03,2155.65,2227.18,511756918.09,2
LTC,2021-07-03,136.92,140.17,25412365.01,12
MATIC,2021-07-03,1.103,1.118,18095631.49,11
SOL,2021-07-03,34.0,34.5,23005140.76,10
TON,2021-07-03,0.0,0.0,0.0,15
TRX,2021-07-03,0.06655,0.06679,1876175.56,13
USDC,2021-07-03,0.9997,1.0,17319.79,8
USDT,2021-07-03,1.001,1.0,17324.58,3
XRP,2021-07-03,0.6569,0.6732,34734291.73,6
ADA,2021-07-04,1.405,1.46,18953697.63,5
AVAX,2021-07-04,11.51,12.35,5793724.23,14
BNB,2021-07-04,298.26,307.82,28679085.05,4
BTC,2021-07-04,34682.84,35287.97,563891553.21,1
DOGE,2021-07-04,0.2464,0.2466,23755010.06,7
DOT,2021-07-04,15.52,15.99,8990493.3,9
ETH,2021-07-04,2227.18,2323.27,690333030.43,2
LTC,2021-07-04,140.17,144.92,34275080.73,12
MATIC,2021-07-04,1.118,1.148,23678426.58,11
SOL,2021-07-04,34.5,34.32,31107792.7,10
TON,2021-07-04,0.0,0.0,0.0,15
TRX,2021-07-04,0.06679,0.06738,3365906.96,13
USDC,2021-07-04,1.0,0.9997,15946.09,8
USDT,2021-07-04,1.0,1.001,297797.89,3
XRP,2021-07-04,0.6732,0.6958,30532974.41,6
ADA,2021-07-05,1.46,1.405,42506589.01,5
AVAX,2021-07-05,12.35,12.04,5247759.55,14
BNB,2021-07-05,307.82,302.15,35263682.01,4
BTC,2021-07-05,35287.97,33702.79,1072690410.4,1
DOGE,2021-07-05,0.2466,0.2313,37185852.16,7
DOT,2021-07-05,15.99,15.24,14229261.82,9
ETH,2021-07-05,2323.27,2196.71,817032182.71,2
LTC,2021-07-05,144.92,137.91,40541390.37,12
MATIC,2021-07-05,1.148,1.101,20041421.69,11
SOL,2021-07-05,34.32,32.93,39115681.62,10
TON,2021-07-05,0.0,0.0,0.0,15
TRX,2021-07-05,0.06738,0.06461,2921085.42,13
USDC,2021-07-05,0.9997,0.9991,31498.86,8
USDT,2021-07-05,1.0,1.0,31539.85,3
XRP,2021-07-05,0.6958,0.6533,55492808.51,6
ADA,2021-07-06,1.405,1.418,32474525.59,5
AVAX,2021-07-06,12.04,13.37,11330270.39,14
BNB,2021-07-06,302.15,320.29,55192050.7,4
BTC,2021-07-06,33702.79,34237.66,1123145329.6,1
DOGE,2021-07-06,0.2313,0.2343,29797249.99,7
DOT,2021-07-06,15.24,16.13,17211872.96,9
ETH,2021-07-06,2196.71,2322.63,852673341.75,2
LTC,2021-07-06,137.91,138.93,34666274.12,12
MATIC,2021-07-06,1.101,1.131,21425300.42,11
SOL,2021-07-06,32.93,34.23,45790676.65,10
TON,2021-07-06,0.0,0.0,0.0,15
TRX,2021-07-06,0.06461,0.06499,2341206.99,13
USDC,2021-07-06,0.9991,0.9997,32835.96,8
USDT,2021-07-06,1.0,1.0,32857.04,3
XRP,2021-07-06,0.6533,0.6652,33751096.82,6
ADA,2021-07-07,1.418,1.403,25367419.65,5
AVAX,2021-07-07,13.37,13.11,8063848.21,14
BNB,2021-07-07,320.29,328.01,53005020.07,4
BTC,2021-07-07,34237.66,33880.79,752074468.65,1
DOGE,2021-07-07,0.2343,0.2241,31266610.86,7
DOT,2021-07-07,16.13,16.86,26434254.92,9
ETH,2021-07-07,2322.63,2317.12,771174149.51,2
LTC,2021-07-07,138.93,137.42,34233091.46,12
MATIC,2021-07-07,1.131,1.129,21852492.55,11
SOL,2021-07-07,34.23,36.72,49213827.25,10
TON,2021-07-07,0.0,0.0,0.0,15
TRX,2021-07-07,0.06499,0.06431,2772977.47,13
USDC,2021-07-07,0.9997,1.0,21788.85,8
USDT,2021-07-07,0.9997,1.001,327344.82,3
XRP,2021-07-07,0.6652,0.652,26820038.83,6
ADA,2021-07-08,1.403,1.329,43575459.98,5
AVAX,2021-07-08,13.11,12.1,5928817.62,14
BNB,2021-07-08,328.01,310.27,42090343.18,4
BTC,2021-07-08,33880.79,32874.01,1573967671.27,1
DOGE,2021-07-08,0.2241,0.2071,50525633.55,8
DOT,2021-07-08,16.86,15.32,17418662.42,9
ETH,2021-07-08,2317.12,2114.51,1669543858.83,2
LTC,2021-07-08,137.42,132.15,43233106.13,12
MATIC,2021-07-08,1.129,1.041,28977463.22,11
SOL,2021-07-08,36.72,33.14,59127178.01,10
TON,2021-07-08,0.0,0.0,0.0,15
TRX,2021-07-08,0.06431,0.06113,2136213.62,13
USDC,2021-07-08,1.0,1.0,47884.85,7
USDT,2021-07-08,1.001,0.9992,766382.31,3
XRP,2021-07-08,0.652,0.6229,49807584.84,6
ADA,2021-07-09,1.329,1.35,40729463.81,5
AVAX,2021-07-09,12.1,12.54,6749774.27,14
BNB,2021-07-09,310.27,316.75,29204840.77,4
BTC,2021-07-09,32874.01,33804.2,853165387.13,1
DOGE,2021-07-09,0.2071,0.2198,59237401.14,7
DOT,2021-07-09,15.32,15.68,17288062.56,9
ETH,2021-07-09,2114.51,2145.67,1261710486.51,2
LTC,2021-07-09,132.15,134.56,31081231.8,12
MATIC,2021-07-09,1.041,1.052,24833268.89,11
SOL,2021-07-09,33.14,33.3,28767141.25,10
TON,2021-07-09,0.0,0.0,0.0,15
TRX,2021-07-09,0.06113,0.06236,2544317.09,13
USDC,2021-07-09,1.0,0.9998,25673.38,8
USDT,2021-07-09,0.9992,0.9995,594238.41,3
XRP,2021-07-09,0.6229,0.6368,45593430.33,6
ADA,2021-07-10,1.35,1.336,18561484.53,5
AVAX,2021-07-10,12.54,12.03,3113785.53,14
BNB,2021-07-10,316.75,316.12,26313160.32,4
BTC,2021-07-10,33804.2,33515.13,651899496.99,1
DOGE,2021-07-10,0.2198,0.2137,41592310.22,7
DOT,2021-07-10,15.68,15.29,8435075.22,9
ETH,2021-07-10,2145.67,2110.47,539204127.95,2
LTC,2021-07-10,134.47,133.96,46891436.59,12
MATIC,2021-07-10,1.052,1.03,17525800.07,11
SOL,2021-07-10,33.3,31.72,28153987.76,10
TON,2021-07-10,0.0,0.0,0.0,15
TRX,2021-07-10,0.06236,0.06139,2241148.02,13
USDC,2021-07-10,0.9998,0.9999,19343.77,8
USDT,2021-07-10,0.9997,1.0,19349.44,3
XRP,2021-07-10,0.6368,0.6251,26381246.58,6
ADA,2021-07-11,1.336,1.348,17131802.53,5
AVAX,2021-07-11,12.03,12.44,3186606.72,14
BNB,2021-07-11,316.12,322.22,26126782.53,4
BTC,2021-07-11,33515.13,34249.3,533337900.01,1
DOGE,2021-07-11,0.2137,0.2158,24851965.15,7
DOT,2021-07-11,15.29,15.48,3855649.1,9
ETH,2021-07-11,2110.47,2140.45,337296664.18,2
LTC,2021-07-11,133.96,134.19,44073343.29,12
MATIC,2021-07-11,1.03,1.042,10457888.25,11
SOL,2021-07-11,31.72,32.19,14899158.96,10
TON,2021-07-11,0.0,0.0,0.0,15
TRX,2021-07-11,0.06139,0.06166,1386856.44,13
USDC,2021-07-11,0.9999,1.0,15725.62,8
USDT,2021-07-11,1.0,1.0,15724.32,3
XRP,2021-07-11,0.6251,0.6359,16489109.31,6
ADA,2021-07-12,1.348,1.314,27617453.98,5
AVAX,2021-07-12,12.44,12.16,4403364.78,14
BNB,2021-07-12,322.22,316.1,35935636.86,4
BTC,2021-07-12,34249.3,33088.51,1039311244.06,1
DOGE,2021-07-12,0.2158,0.2081,39367170.54,7
DOT,2021-07-12,15.48,14.88,11067548.41,9
ETH,2021-07-12,2140.45,2032.88,713106274.89,2
LTC,2021-07-12,134.24,133.43,42539917.49,12
MATIC,2021-07-12,1.042,0.9951,23152142.93,11
SOL,2021-07-12,32.19,30.78,21170820.44,10
TON,2021-07-12,0.0,0.0,0.0,15
TRX,2021-07-12,0.06166,0.06007,1475268.59,13
USDC,2021-07-12,1.0,0.9986,31031.01,8
USDT,2021-07-12,1.0,0.9996,31061.65,3
XRP,2021-07-12,0.6359,0.6296,40507889.43,6
ADA,2021-07-13,1.314,1.265,36092318.07,5
AVAX,2021-07-13,12.16,11.91,4045685.33,14
BNB,2021-07-13,316.1,308.94,26820296.79,4
BTC,2021-07-13,33088.51,32737.47,837278173.94,1
DOGE,2021-07-13,0.2081,0.1999,40542243.5,8
DOT,2021-07-13,14.88,14.18,9024183.4,9
ETH,2021-07-13,2032.88,1940.61,808408679.47,2
LTC,2021-07-13,133.28,131.54,59281220.34,12
MATIC,2021-07-13,0.9951,0.9456,21993333.17,11
SOL,2021-07-13,30.78,29.12,20312896.84,10
TON,2021-07-13,0.0,0.0,0.0,15
TRX,2021-07-13,0.06007,0.05927,1678501.44,13
USDC,2021-07-13,0.9986,1.001,25577.09,7
USDT,2021-07-13,0.9996,1.0,25569.84,3
XRP,2021-07-13,0.6296,0.6195,31489900.67,6
ADA,2021-07-14,1.265,1.263,42740406.97,5
AVAX,2021-07-14,11.91,11.79,4450981.38,14
BNB,2021-07-14,308.94,309.41,32975062.92,4
BTC,2021-07-14,32737.47,32820.5,883070516.73,1
DOGE,2021-07-14,0.1999,0.1975,50978657.55,8
DOT,2021-07-14,14.18,13.8,13883017.46,9
ETH,2021-07-14,1940.61,1994.22,758228459.63,2
LTC,2021-07-14,131.45,131.0,32708937.21,12
MATIC,2021-07-14,0.9456,0.9286,37271619.8,11
SOL,2021-07-14,29.12,31.36,34780123.51,10
TON,2021-07-14,0.0,0.0,0.0,15
TRX,2021-07-14,0.05927,0.05984,2295785.53,13
USDC,2021-07-14,1.001,1.0,27272.84,7
USDT,2021-07-14,1.0,1.0,27264.02,3
XRP,2021-07-14,0.6195,0.6202,34047278.09,6
ADA,2021-07-15,1.263,1.226,32855655.63,5
AVAX,2021-07-15,11.79,11.39,2689739.27,14
BNB,2021-07-15,309.41,315.71,57062736.32,4
BTC,2021-07-15,32820.5,31867.46,1073939852.55,1
DOGE,2021-07-15,0.1975,0.1851,38905273.16,8
DOT,2021-07-15,13.8,13.09,15217318.39,9
ETH,2021-07-15,1994.22,1918.17,858515598.28,2
LTC,2021-07-15,131.0,125.77,33692968.25,12
MATIC,2021-07-15,0.9286,0.8785,24629330.5,11
SOL,2021-07-15,31.36,28.55,32782769.57,10
TON,2021-07-15,0.0,0.0,0.0,15
TRX,2021-07-15,0.05984,0.05796,3060195.94,13
USDC,2021-07-15,1.0,1.002,33720.47,7
USDT,2021-07-15,1.0,1.0,33649.55,3
XRP,2021-07-15,0.6202,0.5969,37748294.03,6
ADA,2021-07-16,1.226,1.172,32488151.5,5
AVAX,2021-07-16,11.39,10.81,4299048.57,14
BNB,2021-07-16,315.71,303.04,51963481.19,4
BTC,2021-07-16,31867.46,31401.76,812765644.4,1
DOGE,2021-07-16,0.1851,0.172,49845757.94,8
DOT,2021-07-16,13.09,12.04,14157518.81,9
ETH,2021-07-16,1918.17,1877.05,682133152.13,2
LTC,2021-07-16,125.77,120.69,28265746.69,12
MATIC,2021-07-16,0.8785,0.8116,27858925.43,11
SOL,2021-07-16,28.55,26.27,27674279.4,10
TON,2021-07-16,0.0,0.0,0.0,15
TRX,2021-07-16,0.05796,0.05574,4424360.72,13
USDC,2021-07-16,1.002,1.0,25614.81,7
USDT,2021-07-16,1.0,1.001,25615.36,3
XRP,2021-07-16,0.5969,0.5897,33238605.6,6
ADA,2021-07-17,1.172,1.173,25644632.59,5
AVAX,2021-07-17,10.81,10.96,1586245.22,14
BNB,2021-07-17,303.04,300.59,37458638.03,4
BTC,2021-07-17,31401.76,31546.64,881285396.92,1
DOGE,2021-07-17,0.172,0.187,125003970.91,8
DOT,2021-07-17,12.04,12.29,12191423.94,9
ETH,2021-07-17,1877.05,1899.96,526262391.22,2
LTC,2021-07-17,120.69,120.0,24880119.98,12
MATIC,2021-07-17,0.8116,0.801,22161187.25,11
SOL,2021-07-17,26.27,26.75,20299598.31,10
TON,2021-07-17,0.0,0.0,0.0,15
TRX,2021-07-17,0.05574,0.05593,2284279.88,13
USDC,2021-07-17,1.0,1.001,27949.72,7
USDT,2021-07-17,1.001,1.001,27951.88,3
XRP,2021-07-17,0.5897,0.5821,29493659.85,6
ADA,2021-07-18,1.173,1.183,19246511.23,5
AVAX,2021-07-18,10.96,10.7,2036973.11,14
BNB,2021-07-18,300.59,302.11,28268680.96,4
BTC,2021-07-18,31546.64,31806.3,796652696.45,1
DOGE,2021-07-18,0.187,0.1818,51854983.36,8
DOT,2021-07-18,12.29,12.65,21516581.12,9
ETH,2021-07-18,1899.96,1891.96,563444548.7,2
LTC,2021-07-18,120.0,119.29,26959514.48,12
MATIC,2021-07-18,0.801,0.7943,19619561.85,11
SOL,2021-07-18,26.75,26.67,11427545.35,10
TON,2021-07-18,0.0,0.0,0.0,15
TRX,2021-07-18,0.05593,0.05618,1354904.12,13
USDC,2021-07-18,1.001,1.001,25097.69,7
USDT,2021-07-18,1.001,1.001,25100.12,3
XRP,2021-07-18,0.5821,0.5877,22101448.95,6
ADA,2021-07-19,1.183,1.122,26985843.86,5
AVAX,2021-07-19,10.7,10.19,1665960.39,14
BNB,2021-07-19,302.11,280.36,33528636.55,4
BTC,2021-07-19,31806.3,30847.55,1179342118.61,1
DOGE,2021-07-19,0.1818,0.1735,45033034.44,8
DOT,2021-07-19,12.65,11.43,11373547.94,9
ETH,2021-07-19,1891.96,1818.6,755083019.62,2
LTC,2021-07-19,119.29,113.16,30772436.79,11
MATIC,2021-07-19,0.7943,0.7331,22251548.47,12
SOL,2021-07-19,26.67,24.5,28749731.09,10
TON,2021-07-19,0.0,0.0,0.0,15
TRX,2021-07-19,0.05618,0.05362,1930465.19,13
USDC,2021-07-19,1.001,1.001,38089.96,6
USDT,2021-07-19,1.001,1.0,38076.77,3
XRP,2021-07-19,0.5877,0.5574,35509178.2,7
ADA,2021-07-20,1.122,1.055,69767786.57,5
AVAX,2021-07-20,10.19,9.639,2096357.2,14
BNB,2021-07-20,280.36,264.55,39644682.45,4
BTC,2021-07-20,30847.55,29795.55,1291958152.32,1
DOGE,2021-07-20,0.1735,0.1705,93906399.18,8
DOT,2021-07-20,11.43,10.97,18759167.45,9
ETH,2021-07-20,1818.6,1786.52,1129313606.55,2
LTC,2021-07-20,113.16,107.3,47927510.69,11
MATIC,2021-07-20,0.7331,0.6886,70202167.71,12
SOL,2021-07-20,24.5,23.46,40881396.03,10
TON,2021-07-20,0.0,0.0,0.0,15
TRX,2021-07-20,0.05362,0.05058,2926105.75,13
USDC,2021-07-20,1.001,1.0,43338.83,6
USDT,2021-07-20,1.0,1.0,43348.41,3
XRP,2021-07-20,0.5574,0.529,40022684.7,7
ADA,2021-07-21,1.055,1.169,67879337.32,5
AVAX,2021-07-21,9.639,10.43,3072302.71,14
BNB,2021-07-21,264.55,292.97,69375712.56,4
BTC,2021-07-21,29795.55,32139.48,1538668590.41,1
DOGE,2021-07-21,0.1705,0.1903,209742902.14,8
DOT,2021-07-21,10.97,12.32,42779524.24,9
ETH,2021-07-21,1786.52,1994.98,1115295604.75,2
LTC,2021-07-21,107.3,117.61,46697056.65,12
MATIC,2021-07-21,0.6886,0.8888,133006905.55,11
SOL,2021-07-21,23.46,26.63,61233542.52,10
TON,2021-07-21,0.0,0.0,0.0,15
TRX,2021-07-21,0.05058,0.05381,5054033.72,13
USDC,2021-07-21,1.0,1.0,48933.21,7
USDT,2021-07-21,1.0,1.0,48927.96,3
XRP,2021-07-21,0.529,0.5711,48126469.98,6
ADA,2021-07-22,1.169,1.186,33304963.68,5
AVAX,2021-07-22,10.43,10.83,3077763.0,14
BNB,2021-07-22,292.97,293.58,52138200.92,4
BTC,2021-07-22,32139.48,32299.47,785311959.3,1
DOGE,2021-07-22,0.1903,0.1912,61047986.06,8
DOT,2021-07-22,12.32,13.16,34125127.34,9
ETH,2021-07-22,1994.98,2024.74,764626427.4,2
LTC,2021-07-22,117.61,120.75,27079825.68,12
MATIC,2021-07-22,0.8888,0.8808,105404629.02,11
SOL,2021-07-22,26.63,27.71,61897418.28,10
TON,2021-07-22,0.0,0.0,0.0,15
TRX,2021-07-22,0.05381,0.05531,2769661.7,13
USDC,2021-07-22,1.0,1.0,24414.78,7
USDT,2021-07-22,1.0,1.0,24419.6,3
XRP,2021-07-22,0.5711,0.5924,47358046.96,6
ADA,2021-07-23,1.186,1.207,25836119.46,5
AVAX,2021-07-23,10.83,11.08,1964019.94,14
BNB,2021-07-23,293.58,299.24,52591954.16,4
BTC,2021-07-23,32299.47,33637.92,765209760.41,1
DOGE,2021-07-23,0.1912,0.1948,49671623.99,8
DOT,2021-07-23,13.16,13.4,31025040.53,9
ETH,2021-07-23,2024.74,2125.57,724351214.33,2
LTC,2021-07-23,120.75,124.24,28609582.75,12
MATIC,2021-07-23,0.8808,0.9486,65399546.23,11
SOL,2021-07-23,27.71,28.51,59850394.72,10
TON,2021-07-23,0.0,0.0,0.0,15
TRX,2021-07-23,0.05531,0.05593,1967142.36,13
USDC,2021-07-23,1.0,1.001,23490.79,7
USDT,2021-07-23,1.0,1.001,23491.7,3
XRP,2021-07-23,0.5924,0.6095,41617590.19,6
ADA,2021-07-24,1.207,1.234,31267655.95,5
AVAX,2021-07-24,11.08,11.16,2056344.02,14
BNB,2021-07-24,299.24,301.75,49771612.93,4
BTC,2021-07-24,33637.92,34282.56,686017155.75,1
DOGE,2021-07-24,0.1948,0.1971,65966662.33,8
DOT,2021-07-24,13.4,13.78,29579583.9,9
ETH,2021-07-24,2125.57,2185.98,800523696.67,2
LTC,2021-07-24,124.24,126.11,33273082.39,12
MATIC,2021-07-24,0.9486,0.9487,45601984.22,11
SOL,2021-07-24,28.51,28.65,53931962.33,10
TON,2021-07-24,0.0,0.0,0.0,15
TRX,2021-07-24,0.05593,0.05733,1503608.78,13
USDC,2021-07-24,1.001,1.001,20227.97,7
USDT,2021-07-24,1.001,1.001,372060.14,3
XRP,2021-07-24,0.6095,0.6095,27718007.14,6
ADA,2021-07-25,1.234,1.229,23368546.32,5
AVAX,2021-07-25,11.16,11.25,2085443.52,14
BNB,2021-07-25,301.75,302.88,38029410.85,4
BTC,2021-07-25,34282.56,35369.93,781929775.48,1
DOGE,2021-07-25,0.1971,0.198,46942364.39,8
DOT,2021-07-25,13.78,13.73,27769381.23,9
ETH,2021-07-25,2185.98,2194.34,486982701.92,2
LTC,2021-07-25,126.11,127.62,31242237.46,12
MATIC,2021-07-25,0.9487,0.9395,32323588.86,11
SOL,2021-07-25,28.65,28.19,41313830.65,10
TON,2021-07-25,0.0,0.0,0.0,15
TRX,2021-07-25,0.05733,0.05784,1755506.99,13
USDC,2021-07-25,1.001,0.9993,22668.9,7
USDT,2021-07-25,1.001,0.9997,22678.32,3
XRP,2021-07-25,0.6095,0.6069,19406181.77,6
ADA,2021-07-26,1.229,1.256,107277399.85,5
AVAX,2021-07-26,11.25,11.46,5014212.85,14
BNB,2021-07-26,302.88,303.93,69424257.3,4
BTC,2021-07-26,35369.93,37269.52,3840983132.28,1
DOGE,2021-07-26,0.198,0.2039,222006665.04,8
DOT,2021-07-26,13.73,13.93,67144577.37,9
ETH,2021-07-26,2194.34,2228.67,1749133447.44,2
LTC,2021-07-26,127.62,131.25,87861542.26,12
MATIC,2021-07-26,0.9395,1.015,130837329.78,11
SOL,2021-07-26,28.19,28.22,97459378.9,10
TON,2021-07-26,0.0,0.0,0.0,15
TRX,2021-07-26,0.05784,0.05859,4970757.91,13
USDC,2021-07-26,0.9993,1.0,100276.88,7
USDT,2021-07-26,0.9997,1.001,100330.65,3
XRP,2021-07-26,0.6069,0.625,84911880.91,6
ADA,2021-07-27,1.256,1.28,53421500.18,5
AVAX,2021-07-27,11.46,11.94,2923792.95,14
BNB,2021-07-27,303.93,313.73,37292749.76,4
BTC,2021-07-27,37269.52,39496.69,2197490232.78,1
DOGE,2021-07-27,0.2039,0.206,78745746.16,8
DOT,2021-07-27,13.93,14.39,47670207.43,9
ETH,2021-07-27,2228.67,2301.98,1127164753.79,2
LTC,2021-07-27,131.25,134.76,52310911.1,12
MATIC,2021-07-27,1.015,1.041,74607347.03,11
SOL,2021-07-27,28.22,28.14,46959511.42,10
TON,2021-07-27,0.0,0.0,0.0,15
TRX,2021-07-27,0.05859,0.06018,3030783.36,13
USDC,2021-07-27,1.0,1.001,58233.11,7
USDT,2021-07-27,1.001,1.001,58221.81,3
XRP,2021-07-27,0.625,0.6455,49523667.04,6
ADA,2021-07-28,1.28,1.287,38644325.56,5
AVAX,2021-07-28,11.94,12.32,4306054.27,14
BNB,2021-07-28,313.96,313.96,64837830.36,4
BTC,2021-07-28,39496.69,40030.01,2662886395.8,1
DOGE,2021-07-28,0.206,0.2056,79805211.21,8
DOT,2021-07-28,14.39,14.54,36610828.71,9
ETH,2021-07-28,2301.98,2301.12,883372200.32,2
LTC,2021-07-28,134.76,140.42,66172878.32,12
MATIC,2021-07-28,1.041,1.018,53304805.94,11
SOL,2021-07-28,28.14,27.88,40060927.31,10
TON,2021-07-28,0.0,0.0,0.0,15
TRX,2021-07-28,0.06018,0.06065,3841511.28,13
USDC,2021-07-28,1.001,1.001,66812.43,7
USDT,2021-07-28,1.001,1.0,66769.22,3
XRP,2021-07-28,0.6455,0.7339,152874124.32,6
ADA,2021-07-29,1.287,1.284,29005091.73,5
AVAX,2021-07-29,12.32,12.42,4502079.55,14
BNB,2021-07-29,313.82,317.13,30488086.01,4
BTC,2021-07-29,40030.01,40030.52,1257968294.92,1
DOGE,2021-07-29,0.2056,0.2048,37747882.58,8
DOT,2021-07-29,14.54,15.26,39701831.97,9
ETH,2021-07-29,2301.12,2383.24,669545747.5,2
LTC,2021-07-29,140.42,141.47,43617143.76,12
MATIC,2021-07-29,1.018,1.028,19324278.76,11
SOL,2021-07-29,27.88,31.28,52394282.89,10
TON,2021-07-29,0.0,0.0,0.0,15
TRX,2021-07-29,0.06065,0.06185,2374913.1,13
USDC,2021-07-29,1.001,1.0,31549.9,7
USDT,2021-07-29,1.0,1.0,31549.16,3
XRP,2021-07-29,0.7339,0.7495,75964390.43,6
ADA,2021-07-30,1.284,1.311,34534651.14,5
AVAX,2021-07-30,12.42,12.99,3605764.94,14
BNB,2021-07-30,317.13,322.88,38858554.33,4
BTC,2021-07-30,40030.52,42231.83,1698014609.78,1
DOGE,2021-07-30,0.2048,0.2088,63951780.78,7
DOT,2021-07-30,15.26,15.81,44884150.91,9
ETH,2021-07-30,2383.24,2463.61,998308862.77,2
LTC,2021-07-30,141.47,145.63,48723350.46,12
MATIC,2021-07-30,1.028,1.067,39691279.37,11
SOL,2021-07-30,31.28,32.38,78140046.46,10
TON,2021-07-30,0.0,0.0,0.0,15
TRX,2021-07-30,0.06185,0.06323,2678014.92,13
USDC,2021-07-30,1.0,1.001,42471.73,8
USDT,2021-07-30,1.0,1.001,42463.14,3
XRP,2021-07-30,0.7495,0.7524,86959552.86,6
ADA,2021-07-31,1.311,1.318,30409147.12,5
AVAX,2021-07-31,12.99,13.55,4752247.9,14
BNB,2021-07-31,322.88,332.58,52150509.7,4
BTC,2021-07-31,42231.83,41474.72,1056705603.97,1
DOGE,2021-07-31,0.2088,0.2079,47790583.84,7
DOT,2021-07-31,15.81,16.79,52374335.2,9
ETH,2021-07-31,2463.61,2531.75,638035305.39,2
LTC,2021-07-31,145.63,144.44,35223856.93,12
MATIC,2021-07-31,1.067,1.083,29982896.88,11
SOL,2021-07-31,32.38,36.74,77556257.28,10
TON,2021-07-31,0.0,0.0,0.0,15
TRX,2021-07-31,0.06323,0.06404,1643558.41,13
USDC,2021-07-31,1.001,0.9988,25326.17,8
USDT,2021-07-31,1.001,1.002,25401.14,3
XRP,2021-07-31,0.7524,0.7456,32122462.27,6
ADA,2021-08-01,1.318,1.316,50338495.66,5
AVAX,2021-08-01,13.55,12.85,6245323.33,14
BNB,2021-08-01,332.58,332.79,62345305.95,4
BTC,2021-08-01,41474.72,39870.76,1385907257.88,1
DOGE,2021-08-01,0.2079,0.2045,62356674.53,8
DOT,2021-08-01,16.79,18.42,115048736.5,9
ETH,2021-08-01,2531.75,2556.41,1405547764.41,2
LTC,2021-08-01,144.44,140.42,57900372.04,12
MATIC,2021-08-01,1.083,1.05,41155546.51,11
SOL,2021-08-01,36.74,34.2,68663489.88,10
TON,2021-08-01,0.0,0.0,0.0,15
TRX,2021-08-01,0.06404,0.0633,3328980.4,13
USDC,2021-08-01,0.9988,0.9998,33619.64,7
USDT,2021-08-01,1.002,1.0,541177.05,3
XRP,2021-08-01,0.7456,0.7245,53474159.68,6
ADA,2021-08-02,1.316,1.31,28151492.37,5
AVAX,2021-08-02,12.85,12.98,3359765.95,14
BNB,2021-08-02,332.79,330.72,33984294.96,4
BTC,2021-08-02,39870.76,39158.53,1308894644.03,1
DOGE,2021-08-02,0.2045,0.2034,33950171.85,8
DOT,2021-08-02,18.42,18.01,61160358.06,9
ETH,2021-08-02,2556.41,2608.44,1270507490.79,2
LTC,2021-08-02,140.42,141.37,49184141.54,12
MATIC,2021-08-02,1.05,1.046,31242580.94,11
SOL,2021-08-02,34.2,33.19,56655330.01,10
TON,2021-08-02,0.0,0.0,0.0,15
TRX,2021-08-02,0.0633,0.06472,2380546.95,13
USDC,2021-08-02,0.9998,1.0,33108.87,7
USDT,2021-08-02,1.0,1.0,33115.67,3
XRP,2021-08-02,0.7245,0.739,55456103.1,6
ADA,2021-08-03,1.31,1.368,53758661.09,5
AVAX,2021-08-03,12.98,12.56,4408339.52,14
BNB,2021-08-03,330.72,323.31,36223545.64,4
BTC,2021-08-03,39158.53,38189.3,1466921591.54,1
DOGE,2021-08-03,0.2034,0.196,38224247.52,8
DOT,2021-08-03,18.01,17.38,42686530.36,9
ETH,2021-08-03,2608.44,2508.21,1201033361.49,2
LTC,2021-08-03,141.37,138.4,34324893.5,12
MATIC,2021-08-03,1.046,1.022,22568261.6,11
SOL,2021-08-03,33.19,34.11,70985243.21,10
TON,2021-08-03,0.0,0.0,0.0,15
TRX,2021-08-03,0.06472,0.06394,2299797.16,13
USDC,2021-08-03,1.0,1.0,38238.02,7
USDT,2021-08-03,1.0,0.9996,38208.61,3
XRP,2021-08-03,0.739,0.7132,53360581.34,6
ADA,2021-08-04,1.368,1.377,42139434.55,5
AVAX,2021-08-04,12.56,13.7,5520812.18,14
BNB,2021-08-04,323.31,334.84,23314499.56,4
BTC,2021-08-04,38189.3,39738.56,1318983897.48,1
DOGE,2021-08-04,0.196,0.2014,43748919.45,8
DOT,2021-08-04,17.38,19.15,63599307.1,9
ETH,2021-08-04,2508.21,2725.72,1182974472.34,2
LTC,2021-08-04,138.4,142.56,33786508.3,12
MATIC,2021-08-04,1.022,1.053,17928957.79,11
SOL,2021-08-04,34.11,35.78,59194371.63,10
TON,2021-08-04,0.0,0.0,0.0,15
TRX,2021-08-04,0.06394,0.06726,2828983.05,13
USDC,2021-08-04,1.0,0.9999,34031.36,7
USDT,2021-08-04,0.9996,1.0,34037.5,3
XRP,2021-08-04,0.7132,0.7308,36734011.29,6
ADA,2021-08-05,1.377,1.387,40428282.27,5
AVAX,2021-08-05,13.7,13.85,6483509.02,14
BNB,2021-08-05,334.88,338.19,72686890.86,4
BTC,2021-08-05,39738.56,40888.18,2357831521.97,1
DOGE,2021-08-05,0.2014,0.2009,40211575.1,8
DOT,2021-08-05,19.15,19.13,57151121.17,9
ETH,2021-08-05,2725.72,2829.23,1840893881.29,2
LTC,2021-08-05,142.56,143.57,49785467.28,12
MATIC,2021-08-05,1.053,1.065,24574159.84,11
SOL,2021-08-05,35.78,37.37,88384144.41,10
TON,2021-08-05,0.0,0.0,0.0,15
TRX,2021-08-05,0.06726,0.07015,4595909.31,13
USDC,2021-08-05,0.9999,0.9998,59737.97,7
USDT,2021-08-05,1.0,1.001,59787.74,3
XRP,2021-08-05,0.7308,0.7336,37080439.98,6
ADA,2021-08-06,1.387,1.402,51224897.78,5
AVAX,2021-08-06,13.85,14.77,6995828.56,14
BNB,2021-08-06,338.19,342.43,76508739.44,4
BTC,2021-08-06,40888.18,42852.18,2009167763.65,1
DOGE,2021-08-06,0.2009,0.2047,61411712.83,8
DOT,2021-08-06,19.13,20.43,64869914.83,9
ETH,2021-08-06,2829.23,2892.36,1602017697.15,2
LTC,2021-08-06,143.57,147.88,61478796.45,12
MATIC,2021-08-06,1.065,1.08,28006011.32,11
SOL,2021-08-06,37.37,39.52,73180864.79,10
TON,2021-08-06,0.0,0.0,0.0,15
TRX,2021-08-06,0.07015,0.07183,3448475.15,13
USDC,2021-08-06,0.9998,1.0,48256.33,7
USDT,2021-08-06,1.001,1.0,48275.04,3
XRP,2021-08-06,0.7336,0.7473,34025225.04,6
ADA,2021-08-07,1.402,1.475,64995565.84,5
AVAX,2021-08-07,14.77,15.85,9290010.5,14
BNB,2021-08-07,342.41,356.51,40814312.0,4
BTC,2021-08-07,42852.18,44617.96,2199730007.61,1
DOGE,2021-08-07,0.2047,0.2618,324866736.71,7
DOT,2021-08-07,20.43,20.98,61971041.85,9
ETH,2021-08-07,2892.36,3162.43,1916399198.61,2
LTC,2021-08-07,147.88,156.08,69859892.18,12
MATIC,2021-08-07,1.08,1.169,61320087.54,11
SOL,2021-08-07,39.52,39.48,70509450.78,10
TON,2021-08-07,0.0,0.0,0.0,15
TRX,2021-08-07,0.07183,0.07516,4595359.9,13
USDC,2021-08-07,1.0,1.0,50459.26,8
USDT,2021-08-07,1.0,1.001,50500.84,3
XRP,2021-08-07,0.7473,0.817,70758109.5,6
ADA,2021-08-08,1.475,1.427,50374850.02,5
AVAX,2021-08-08,15.85,14.83,4529105.28,14
BNB,2021-08-08,356.51,342.04,28159037.62,4
BTC,2021-08-08,44617.96,43827.75,1745878741.47,1
DOGE,2021-08-08,0.2618,0.2401,420824771.11,7
DOT,2021-08-08,20.98,19.67,37144974.5,9
ETH,2021-08-08,3162.43,3013.75,1246845074.97,2
LTC,2021-08-08,156.08,149.83,42600243.25,12
MATIC,2021-08-08,1.169,1.082,41034808.3,11
SOL,2021-08-08,39.48,37.67,38438310.15,10
TON,2021-08-08,0.0,0.0,0.0,15
TRX,2021-08-08,0.07516,0.07187,3156724.3,13
USDC,2021-08-08,1.0,0.9997,39421.59,8
USDT,2021-08-08,1.001,1.001,39455.12,3
XRP,2021-08-08,0.817,0.7795,71825881.77,6
ADA,2021-08-09,1.427,1.476,54972482.87,5
AVAX,2021-08-09,14.83,16.19,9645105.81,14
BNB,2021-08-09,342.04,354.68,43441302.33,4
BTC,2021-08-09,43827.75,46292.61,2219734084.88,1
DOGE,2021-08-09,0.2401,0.2564,266773907.71,7
DOT,2021-08-09,19.67,20.58,56241596.5,9
ETH,2021-08-09,3013.75,3164.94,1814885554.8,2
LTC,2021-08-09,149.83,166.51,107003937.19,12
MATIC,2021-08-09,1.082,1.127,42128928.64,11
SOL,2021-08-09,37.67,38.69,48194563.04,10
TON,2021-08-09,0.0,0.0,0.0,15
TRX,2021-08-09,0.07187,0.07397,3592422.1,13
USDC,2021-08-09,0.9997,0.9996,48998.32,8
USDT,2021-08-09,1.001,1.001,49043.52,3
XRP,2021-08-09,0.7795,0.8178,81466323.57,6
ADA,2021-08-10,1.476,1.678,125239929.46,5
AVAX,2021-08-10,16.19,16.44,9403676.36,14
BNB,2021-08-10,354.68,372.1,56810350.67,4
BTC,2021-08-10,46292.61,45601.03,1609844198.85,1
DOGE,2021-08-10,0.2564,0.2574,207296321.78,7
DOT,2021-08-10,20.58,20.62,76669454.76,9
ETH,2021-08-10,3164.94,3141.67,1628100044.55,2
LTC,2021-08-10,166.51,165.46,87649250.26,12
MATIC,2021-08-10,1.127,1.157,49122419.76,11
SOL,2021-08-10,38.69,40.68,70129225.23,10
TON,2021-08-10,0.0,0.0,0.0,15
TRX,2021-08-10,0.07397,0.0745,3298755.04,13
USDC,2021-08-10,0.9996,1.0,35322.9,8
USDT,2021-08-10,1.001,1.0,518601.88,3
XRP,2021-08-10,0.8178,0.8517,81373352.9,6
ADA,2021-08-11,1.678,1.797,220512410.38,5
AVAX,2021-08-11,16.44,16.71,9173330.23,14
BNB,2021-08-11,372.1,391.21,77943134.54,4
BTC,2021-08-11,45601.03,45556.69,1421598811.69,1
DOGE,2021-08-11,0.2574,0.2648,298969011.72,7
DOT,2021-08-11,20.62,21.4,110039248.5,9
ETH,2021-08-11,3141.67,3163.42,1379418397.59,2
LTC,2021-08-11,165.46,170.92,103040653.88,12
MATIC,2021-08-11,1.157,1.372,122345185.52,11
SOL,2021-08-11,40.68,41.66,79607444.17,10
TON,2021-08-11,0.0,0.0,0.0,15
TRX,2021-08-11,0.0745,0.08337,10430068.43,13
USDC,2021-08-11,1.0,0.9993,30798.01,8
USDT,2021-08-11,1.001,1.0,30830.75,3
XRP,2021-08-11,0.8517,1.012,248991307.72,6
ADA,2021-08-12,1.797,1.831,161416455.63,5
AVAX,2021-08-12,16.64,16.59,4702595.98,14
BNB,2021-08-12,391.21,385.91,60661820.43,4
BTC,2021-08-12,45556.69,44425.52,1588850342.27,1
DOGE,2021-08-12,0.2648,0.2642,319561067.44,7
DOT,2021-08-12,21.33,20.76,28717951.38,9
ETH,2021-08-12,3163.42,3047.29,1580516998.17,2
LTC,2021-08-12,170.92,165.31,102934584.99,12
MATIC,2021-08-12,1.41,1.323,46231228.71,11
SOL,2021-08-12,41.6,41.09,46090143.05,10
TON,2021-08-12,0.0,0.0,0.0,15
TRX,2021-08-12,0.08337,0.08408,12897624.74,13
USDC,2021-08-12,0.9993,0.9999,35455.84,8
USDT,2021-08-12,1.0,1.0,35474.21,3
XRP,2021-08-12,1.012,0.966,231474063.78,6
ADA,2021-08-13,1.831,2.139,325366841.73,3
AVAX,2021-08-13,16.59,18.05,6026948.41,14
BNB,2021-08-13,385.91,411.25,48460464.83,5
BTC,2021-08-13,44425.52,47832.93,1595718853.28,1
DOGE,2021-08-13,0.2642,0.2869,206410328.08,7
DOT,2021-08-13,20.76,22.74,68441721.19,9
ETH,2021-08-13,3047.29,3324.26,1440675493.43,2
LTC,2021-08-13,165.31,183.49,117217383.73,12
MATIC,2021-08-13,1.323,1.511,95310645.52,11
SOL,2021-08-13,41.09,44.89,86295321.3,10
TON,2021-08-13,0.0,0.0,0.0,15
TRX,2021-08-13,0.08408,0.08932,6861602.19,13
USDC,2021-08-13,0.9999,1.0,34447.34,8
USDT,2021-08-13,1.0,1.001,34466.12,4
XRP,2021-08-13,0.966,1.091,168569087.27,6
ADA,2021-08-14,2.139,2.191,232636746.22,3
AVAX,2021-08-14,18.05,18.04,6111318.89,14
BNB,2021-08-14,411.25,409.07,47676069.08,5
BTC,2021-08-14,47832.93,47102.03,1120499538.82,1
DOGE,2021-08-14,0.2869,0.2941,260906424.89,7
DOT,2021-08-14,22.74,22.87,54935863.95,9
ETH,2021-08-14,3324.26,3266.71,761182928.57,2
LTC,2021-08-14,183.49,182.91,77124373.06,12
MATIC,2021-08-14,1.511,1.443,58778484.48,11
SOL,2021-08-14,44.89,44.16,47159189.51,10
TON,2021-08-14,0.0,0.0,0.0,15
TRX,2021-08-14,0.08932,0.09263,9129830.67,13
USDC,2021-08-14,1.0,1.0,23831.58,8
USDT,2021-08-14,1.001,1.001,23845.07,4
XRP,2021-08-14,1.091,1.281,301008646.53,6
ADA,2021-08-15,2.191,2.169,152361870.0,3
AVAX,2021-08-15,18.04,18.77,5915905.69,14
BNB,2021-08-15,409.07,414.39,42056902.03,5
BTC,2021-08-15,47102.03,47015.94,836663894.85,1
DOGE,2021-08-15,0.2941,0.3403,465059980.83,7
DOT,2021-08-15,22.87,23.17,36841230.2,9
ETH,2021-08-15,3266.71,3311.12,999629719.78,2
LTC,2021-08-15,182.91,184.83,73103268.32,12
MATIC,2021-08-15,1.443,1.467,45454670.5,11
SOL,2021-08-15,44.16,53.53,219908279.33,10
TON,2021-08-15,0.0,0.0,0.0,15
TRX,2021-08-15,0.09263,0.09295,6323592.33,13
USDC,2021-08-15,1.0,0.9999,18030.44,8
USDT,2021-08-15,1.001,1.001,311752.63,4
XRP,2021-08-15,1.281,1.285,192640966.66,6
ADA,2021-08-16,2.169,2.073,127564365.29,3
AVAX,2021-08-16,18.77,19.08,21964952.63,14
BNB,2021-08-16,414.39,415.94,70543051.06,5
BTC,2021-08-16,47015.94,45927.4,1332377363.69,1
DOGE,2021-08-16,0.3403,0.3196,436856880.92,7
DOT,2021-08-16,23.17,24.49,125935798.67,9
ETH,2021-08-16,3311.12,3147.63,1207480563.4,2
LTC,2021-08-16,184.83,178.08,92287834.5,12
MATIC,2021-08-16,1.467,1.419,78298977.02,11
SOL,2021-08-16,53.53,62.15,564946757.19,10
TON,2021-08-16,0.0,0.0,0.0,15
TRX,2021-08-16,0.09295,0.08952,9084838.61,13
USDC,2021-08-16,0.9999,1.0,28458.71,8
USDT,2021-08-16,1.001,1.001,28475.05,4
XRP,2021-08-16,1.285,1.186,243952278.95,6
ADA,2021-08-17,2.073,1.925,176535754.47,5
AVAX,2021-08-17,19.08,23.42,57093459.65,14
BNB,2021-08-17,415.94,401.71,79126812.82,4
BTC,2021-08-17,45927.4,44684.43,1700658063.3,1
DOGE,2021-08-17,0.3196,0.2993,345099181.77,7
DOT,2021-08-17,24.49,23.56,164549608.17,10
ETH,2021-08-17,3147.63,3011.96,1624081267.21,2
LTC,2021-08-17,178.08,168.61,92097362.82,12
MATIC,2021-08-17,1.419,1.35,75924172.71,11
SOL,2021-08-17,62.15,64.18,685773953.14,9
TON,2021-08-17,0.0,0.0,0.0,15
TRX,2021-08-17,0.08952,0.08525,7764062.3,13
USDC,2021-08-17,1.0,1.001,37147.63,8
USDT,2021-08-17,1.001,1.0,37135.77,3
XRP,2021-08-17,1.186,1.098,253741949.68,6
ADA,2021-08-18,1.925,2.105,199913570.77,3
AVAX,2021-08-18,23.42,30.0,82795251.55,13
BNB,2021-08-18,401.71,396.03,47985004.02,5
BTC,2021-08-18,44684.43,44714.54,1377529230.43,1
DOGE,2021-08-18,0.2993,0.3031,396963032.99,7
DOT,2021-08-18,23.56,23.9,115908000.72,10
ETH,2021-08-18,3011.96,3013.52,1162842776.74,2
LTC,2021-08-18,168.61,166.68,72895034.23,12
MATIC,2021-08-18,1.35,1.334,67473946.67,11
SOL,2021-08-18,64.18,72.79,816385004.27,8
TON,2021-08-18,0.0,0.0,0.0,15
TRX,2021-08-18,0.08525,0.08472,7212426.54,14
USDC,2021-08-18,1.001,0.9998,30506.62,9
USDT,2021-08-18,1.0,1.0,30524.13,4
XRP,2021-08-18,1.098,1.145,251443530.86,6
ADA,2021-08-19,2.105,2.441,357696275.04,3
AVAX,2021-08-19,30.0,30.69,69850540.82,13
BNB,2021-08-19,396.03,431.09,81570679.86,4
BTC,2021-08-19,44714.54,46761.49,1511027965.43,1
DOGE,2021-08-19,0.3031,0.3178,235098095.35,7
DOT,2021-08-19,23.9,26.58,100464384.96,10
ETH,2021-08-19,3013.52,3184.74,1067409385.98,2
LTC,2021-08-19,166.68,175.57,67928564.38,12
MATIC,2021-08-19,1.334,1.469,70907825.25,11
SOL,2021-08-19,72.79,72.82,416876935.06,8
TON,2021-08-19,0.0,0.0,0.0,15
TRX,2021-08-19,0.08472,0.08834,5046039.86,14
USDC,2021-08-19,0.9998,1.0,33303.74,9
USDT,2021-08-19,1.0,1.0,33306.26,5
XRP,2021-08-19,1.145,1.234,175944868.17,6
ADA,2021-08-20,2.441,2.457,349310514.13,3
AVAX,2021-08-20,30.69,39.12,67150892.56,13
BNB,2021-08-20,431.09,455.18,66876275.06,4
BTC,2021-08-20,46761.49,49336.45,1742574002.38,1
DOGE,2021-08-20,0.3178,0.3274,212504157.88,7
DOT,2021-08-20,26.58,28.14,102022977.8,9
ETH,2021-08-20,3184.74,3286.5,1211687408.42,2
LTC,2021-08-20,175.57,183.66,67759187.95,12
MATIC,2021-08-20,1.469,1.551,76599215.47,11
SOL,2021-08-20,72.82,78.68,229343045.77,8
TON,2021-08-20,0.0,0.0,0.0,15
TRX,2021-08-20,0.08834,0.09044,5607195.22,14
USDC,2021-08-20,1.0,1.0,36337.18,10
USDT,2021-08-20,1.0,1.0,36342.24,5
XRP,2021-08-20,1.234,1.264,150304193.05,6
ADA,2021-08-21,2.457,2.437,224191260.48,3
AVAX,2021-08-21,39.12,43.81,118823317.5,13
BNB,2021-08-21,455.18,449.12,56709821.37,4
BTC,2021-08-21,49336.45,48867.87,1125508731.91,1
DOGE,2021-08-21,0.3274,0.3169,146641684.13,7
DOT,2021-08-21,28.14,27.89,74727545.52,9
ETH,2021-08-21,3286.5,3226.59,697445564.75,2
LTC,2021-08-21,183.66,179.84,53538424.53,12
MATIC,2021-08-21,1.551,1.585,109033349.49,11
SOL,2021-08-21,78.68,73.89,140463001.96,8
TON,2021-08-21,0.0,0.0,0.0,15
TRX,2021-08-21,0.09044,0.08806,5166999.71,14
USDC,2021-08-21,1.0,0.9998,22923.38,10
USDT,2021-08-21,1.0,1.001,22948.19,5
XRP,2021-08-21,1.264,1.217,87986364.58,6
ADA,2021-08-22,2.437,2.713,732097559.76,3
AVAX,2021-08-22,43.81,43.73,68872081.29,13
BNB,2021-08-22,449.12,448.92,47954814.38,4
BTC,2021-08-22,48867.87,49289.71,822323898.98,1
DOGE,2021-08-22,0.3169,0.3149,117986549.47,7
DOT,2021-08-22,27.89,27.72,67674072.64,9
ETH,2021-08-22,3226.59,3241.65,653906471.77,2
LTC,2021-08-22,179.84,186.02,83355634.12,12
MATIC,2021-08-22,1.585,1.625,63663736.38,11
SOL,2021-08-22,73.89,72.75,111971730.22,8
TON,2021-08-22,0.0,0.0,0.0,15
TRX,2021-08-22,0.08806,0.08804,3338418.75,14
USDC,2021-08-22,0.9998,0.9996,16829.86,10
USDT,2021-08-22,1.001,1.001,16849.27,5
XRP,2021-08-22,1.217,1.227,84233419.35,6
ADA,2021-08-23,2.713,2.917,1095576880.06,3
AVAX,2021-08-23,43.73,46.48,96596398.9,13
BNB,2021-08-23,448.92,499.5,144003091.21,4
BTC,2021-08-23,49289.71,49521.06,1515250474.77,1
DOGE,2021-08-23,0.3149,0.3179,161857279.96,7
DOT,2021-08-23,27.72,27.87,77041331.96,9
ETH,2021-08-23,3241.65,3322.71,1251116527.27,2
LTC,2021-08-23,186.02,187.14,79509668.69,12
MATIC,2021-08-23,1.625,1.624,64256705.74,11
SOL,2021-08-23,72.75,75.66,161521059.26,8
TON,2021-08-23,0.0,0.0,0.0,15
TRX,2021-08-23,0.08804,0.0899,4911041.65,14
USDC,2021-08-23,0.9996,0.9996,30361.82,10
USDT,2021-08-23,1.001,1.0,30384.59,5
XRP,2021-08-23,1.227,1.247,141682460.16,6
ADA,2021-08-24,2.917,2.72,655576181.5,3
AVAX,2021-08-24,46.48,55.56,139870245.25,12
BNB,2021-08-24,499.5,471.99,97951150.27,4
BTC,2021-08-24,49521.06,47690.54,1399185980.56,1
DOGE,2021-08-24,0.3179,0.2888,167174545.78,7
DOT,2021-08-24,27.87,25.11,102109674.83,10
ETH,2021-08-24,3322.71,3172.57,1008586226.64,2
LTC,2021-08-24,187.14,173.6,81760058.87,13
MATIC,2021-08-24,1.624,1.475,74419724.24,11
SOL,2021-08-24,75.66,70.67,251828934.6,8
TON,2021-08-24,0.0,0.0,0.0,15
TRX,2021-08-24,0.0899,0.08474,5144929.25,14
USDC,2021-08-24,0.9996,0.9999,28716.56,9
USDT,2021-08-24,1.0,0.9998,28712.72,5
XRP,2021-08-24,1.247,1.136,156435160.11,6
ADA,2021-08-25,2.72,2.741,214106228.67,3
AVAX,2021-08-25,55.56,46.27,99898166.5,13
BNB,2021-08-25,471.99,503.4,124081445.03,4
BTC,2021-08-25,47690.54,48996.44,1208134772.96,1
DOGE,2021-08-25,0.2888,0.2926,134492981.48,7
DOT,2021-08-25,25.11,25.98,83400798.58,10
ETH,2021-08-25,3172.57,3228.86,982903687.8,2
LTC,2021-08-25,173.6,177.9,59922160.36,12
MATIC,2021-08-25,1.475,1.528,56884598.04,11
SOL,2021-08-25,70.67,71.94,156187363.11,8
TON,2021-08-25,0.0,0.0,0.0,15
TRX,2021-08-25,0.08474,0.08748,5143533.88,14
USDC,2021-08-25,0.9999,1.0,25064.36,9
USDT,2021-08-25,0.9998,1.0,25073.21,5
XRP,2021-08-25,1.136,1.175,143951042.29,6
ADA,2021-08-26,2.741,2.533,256919751.45,3
AVAX,2021-08-26,46.27,41.37,78326722.09,13
BNB,2021-08-26,503.4,478.21,157560343.01,4
BTC,2021-08-26,48996.44,46852.22,1618461768.41,1
DOGE,2021-08-26,0.2926,0.2684,136542550.04,7
DOT,2021-08-26,25.98,23.95,104948413.79,10
ETH,2021-08-26,3228.86,3093.62,917871423.67,2
LTC,2021-08-26,177.9,167.82,64579115.63,12
MATIC,2021-08-26,1.528,1.373,66451069.5,11
SOL,2021-08-26,71.94,74.85,469798777.44,8
TON,2021-08-26,0.0,0.0,0.0,15
TRX,2021-08-26,0.08748,0.0832,5100616.23,14
USDC,2021-08-26,1.0,0.9996,34263.83,9
USDT,2021-08-26,1.0,1.0,34289.49,5
XRP,2021-08-26,1.175,1.073,181787886.92,6
ADA,2021-08-27,2.533,2.946,299327221.43,3
AVAX,2021-08-27,41.37,50.17,114449815.97,12
BNB,2021-08-27,478.21,494.66,93782079.62,4
BTC,2021-08-27,46852.22,49088.1,1331637984.84,1
DOGE,2021-08-27,0.2684,0.2945,116948362.01,7
DOT,2021-08-27,23.95,26.53,86867799.25,10
ETH,2021-08-27,3093.62,3275.87,1066589734.58,2
LTC,2021-08-27,167.82,176.3,62911172.33,13
MATIC,2021-08-27,1.373,1.519,66604178.68,11
SOL,2021-08-27,74.85,88.11,335300639.5,8
TON,2021-08-27,0.0,0.0,0.0,15
TRX,2021-08-27,0.0832,0.08822,5159558.29,14
USDC,2021-08-27,0.9996,1.0,27879.05,9
USDT,2021-08-27,1.0,1.001,27890.91,5
XRP,2021-08-27,1.073,1.191,139099218.08,6
ADA,2021-08-28,2.946,2.849,142845763.83,3
AVAX,2021-08-28,50.17,50.19,65704003.63,12
BNB,2021-08-28,494.66,486.33,32908694.69,4
BTC,2021-08-28,49088.1,48918.9,626553869.3,1
DOGE,2021-08-28,0.2945,0.2858,74635735.53,8
DOT,2021-08-28,26.53,25.97,64085206.13,10
ETH,2021-08-28,3275.87,3246.78,440641512.36,2
LTC,2021-08-28,176.3,175.68,52273332.95,13
MATIC,2021-08-28,1.519,1.459,38400284.05,11
SOL,2021-08-28,88.11,96.38,211007560.31,7
TON,2021-08-28,0.0,0.0,0.0,15
TRX,2021-08-28,0.08822,0.08827,3652564.56,14
USDC,2021-08-28,1.0,1.0,12815.75,9
USDT,2021-08-28,1.001,1.001,12822.89,5
XRP,2021-08-28,1.191,1.145,76801402.36,6
ADA,2021-08-29,2.849,2.854,162004481.29,3
AVAX,2021-08-29,50.19,47.44,42648512.58,13
BNB,2021-08-29,486.33,479.97,45924369.02,4
BTC,2021-08-29,48918.9,48794.26,924625515.76,1
DOGE,2021-08-29,0.2858,0.281,76061355.59,8
DOT,2021-08-29,25.97,25.73,51366178.65,10
ETH,2021-08-29,3246.78,3225.3,598363684.17,2
LTC,2021-08-29,175.68,174.44,78125445.53,12
MATIC,2021-08-29,1.459,1.42,35502641.52,11
SOL,2021-08-29,96.38,94.29,154969272.05,7
TON,2021-08-29,0.0,0.0,0.0,15
TRX,2021-08-29,0.08827,0.08862,4618032.06,14
USDC,2021-08-29,1.0,0.9999,18982.67,9
USDT,2021-08-29,1.001,1.001,18995.51,5
XRP,2021-08-29,1.145,1.141,70451143.12,6
ADA,2021-08-30,2.854,2.736,168026523.59,3
AVAX,2021-08-30,47.44,41.4,64298830.36,13
BNB,2021-08-30,479.97,460.05,56383664.51,4
BTC,2021-08-30,48794.26,46993.31,1392617744.31,1
DOGE,2021-08-30,0.281,0.272,111876743.63,8
DOT,2021-08-30,25.73,26.03,117324426.55,10
ETH,2021-08-30,3225.3,3228.46,1341591930.15,2
LTC,2021-08-30,174.44,167.39,91997320.3,12
MATIC,2021-08-30,1.42,1.319,64910081.01,11
SOL,2021-08-30,94.29,110.17,486368493.97,7
TON,2021-08-30,0.0,0.0,0.0,15
TRX,2021-08-30,0.08862,0.08614,4893637.63,14
USDC,2021-08-30,0.9999,0.9997,29037.56,9
USDT,2021-08-30,1.001,1.0,29051.73,5
XRP,2021-08-30,1.141,1.101,84871473.99,6
ADA,2021-08-31,2.736,2.771,177694823.06,3
AVAX,2021-08-31,41.4,39.51,62585166.41,13
BNB,2021-08-31,459.97,464.42,124588498.48,4
BTC,2021-08-31,46993.31,47159.26,1418199668.83,1
DOGE,2021-08-31,0.272,0.2783,101124514.0,8
DOT,2021-08-31,26.03,31.36,315924766.7,9
ETH,2021-08-31,3228.46,3435.17,1922788188.74,2
LTC,2021-08-31,167.39,171.7,93154484.62,12
MATIC,2021-08-31,1.319,1.339,77246415.23,11
SOL,2021-08-31,110.17,108.34,717694743.79,7
TON,2021-08-31,0.0,0.0,0.0,15
TRX,2021-08-31,0.08614,0.08879,6304877.78,14
USDC,2021-08-31,0.9997,1.0,29955.53,10
USDT,2021-08-31,1.0,1.002,573860.3,5
XRP,2021-08-31,1.101,1.187,151309697.75,6
ADA,2021-09-01,2.771,2.87,159140530.54,3
AVAX,2021-09-01,39.51,42.49,68291552.04,13
BNB,2021-09-01,464.42,489.87,126832905.98,4
BTC,2021-09-01,47159.26,48840.01,1520961266.36,1
DOGE,2021-09-01,0.2783,0.2946,121493360.06,8
DOT,2021-09-01,31.36,33.2,240003997.76,9
ETH,2021-09-01,3435.17,3829.18,2152466889.63,2
LTC,2021-09-01,171.7,180.89,108979229.69,12
MATIC,2021-09-01,1.339,1.47,117660301.0,11
SOL,2021-09-01,108.34,110.73,379261153.53,7
TON,2021-09-01,0.0,0.0,0.0,15
TRX,2021-09-01,0.08879,0.09503,8305079.24,14
USDC,2021-09-01,1.0,0.9998,31816.6,10
USDT,2021-09-01,1.002,1.0,596791.82,5
XRP,2021-09-01,1.187,1.237,117536294.15,6
ADA,2021-09-02,2.87,2.963,312196311.79,3
AVAX,2021-09-02,42.49,47.66,61755163.13,13
BNB,2021-09-02,489.87,483.69,135919869.58,4
BTC,2021-09-02,48840.01,49280.77,1615790894.94,1
DOGE,2021-09-02,0.2946,0.2947,204131730.55,8
DOT,2021-09-02,33.2,31.82,145285769.89,9
ETH,2021-09-02,3829.18,3787.7,1360330757.88,2
LTC,2021-09-02,180.89,183.45,113299533.73,12
MATIC,2021-09-02,1.47,1.446,88258228.0,11
SOL,2021-09-02,110.73,128.29,823684018.55,7
TON,2021-09-02,0.0,0.0,0.0,15
TRX,2021-09-02,0.09503,0.09963,13543308.99,14
USDC,2021-09-02,0.9998,1.0,32517.71,10
USDT,2021-09-02,1.001,1.0,32531.38,5
XRP,2021-09-02,1.237,1.254,125276937.89,6
ADA,2021-09-03,2.963,2.968,154275493.82,3
AVAX,2021-09-03,47.66,45.89,91597727.15,13
BNB,2021-09-03,483.69,488.64,115263074.28,4
BTC,2021-09-03,49280.77,50019.51,1926045807.12,1
DOGE,2021-09-03,0.2947,0.2962,169313704.92,8
DOT,2021-09-03,31.82,33.59,155351032.11,9
ETH,2021-09-03,3787.7,3939.79,2016700978.59,2
LTC,2021-09-03,183.45,213.18,313013024.71,12
MATIC,2021-09-03,1.446,1.457,69287757.62,11
SOL,2021-09-03,128.29,146.46,980998448.57,7
TON,2021-09-03,0.0,0.0,0.0,15
TRX,2021-09-03,0.09963,0.1015,18921769.2,14
USDC,2021-09-03,1.0,1.0,38508.92,10
USDT,2021-09-03,1.0,1.0,517470.89,5
XRP,2021-09-03,1.254,1.291,135444164.36,6
ADA,2021-09-04,2.968,2.832,138315131.43,3
AVAX,2021-09-04,45.89,47.21,58222888.96,13
BNB,2021-09-04,488.64,497.71,142315176.38,4
BTC,2021-09-04,50019.51,49935.29,839888927.54,1
DOGE,2021-09-04,0.2962,0.2994,126198821.33,8
DOT,2021-09-04,33.59,32.38,89723099.15,9
ETH,2021-09-04,3939.79,3887.01,898914227.68,2
LTC,2021-09-04,213.18,211.99,228542507.22,12
MATIC,2021-09-04,1.457,1.74,173812681.71,11
SOL,2021-09-04,146.46,139.0,317791832.57,7
TON,2021-09-04,0.0,0.0,0.0,15
TRX,2021-09-04,0.1015,0.1016,8408354.09,14
USDC,2021-09-04,1.0,1.0,16795.19,10
USDT,2021-09-04,1.0,1.001,230322.89,5
XRP,2021-09-04,1.291,1.256,66567870.66,6
ADA,2021-09-05,2.832,2.913,134035807.26,3
AVAX,2021-09-05,47.21,48.18,63016451.58,13
BNB,2021-09-05,497.71,504.69,122854203.39,4
BTC,2021-09-05,49935.29,51784.16,1084416553.08,1
DOGE,2021-09-05,0.2994,0.3145,112263216.57,8
DOT,2021-09-05,32.38,34.43,97839153.16,9
ETH,2021-09-05,3887.01,3952.33,832602701.76,2
LTC,2021-09-05,211.99,232.34,239688302.06,12
MATIC,2021-09-05,1.74,1.681,160779133.5,11
SOL,2021-09-05,139.0,142.11,234332797.45,7
TON,2021-09-05,0.0,0.0,0.0,15
TRX,2021-09-05,0.1016,0.1052,7359026.1,14
USDC,2021-09-05,1.0,1.0,21383.68,10
USDT,2021-09-05,1.0,1.0,21392.61,5
XRP,2021-09-05,1.256,1.307,52634418.25,6
ADA,2021-09-06,2.913,2.835,128698345.27,3
AVAX,2021-09-06,48.18,47.1,86854920.53,13
BNB,2021-09-06,504.69,496.32,124068075.72,4
BTC,2021-09-06,51784.16,52693.32,1328373298.0,1
DOGE,2021-09-06,0.3145,0.3092,126025095.95,8
DOT,2021-09-06,34.43,34.35,137164816.95,9
ETH,2021-09-06,3952.33,3928.4,971327540.19,2
LTC,2021-09-06,232.34,219.42,218712077.77,12
MATIC,2021-09-06,1.681,1.644,119838563.51,11
SOL,2021-09-06,142.11,164.31,407906594.71,6
TON,2021-09-06,0.0,0.0,0.0,15
TRX,2021-09-06,0.1052,0.1038,8829143.73,14
USDC,2021-09-06,1.0,0.9998,25619.42,10
USDT,2021-09-06,1.0,1.001,25637.08,7
XRP,2021-09-06,1.307,1.391,192381647.34,5
ADA,2021-09-07,2.835,2.511,577055049.41,3
AVAX,2021-09-07,47.1,37.85,76538496.37,13
BNB,2021-09-07,496.23,418.26,153999187.79,5
BTC,2021-09-07,52693.32,46856.31,4055873734.71,1
DOGE,2021-09-07,0.3092,0.2547,390592327.36,8
DOT,2021-09-07,34.35,27.9,354088163.31,9
ETH,2021-09-07,3928.4,3433.48,3755934253.91,2
LTC,2021-09-07,219.42,178.17,351793454.58,12
MATIC,2021-09-07,1.644,1.36,276855315.73,11
SOL,2021-09-07,164.31,173.2,1443991549.05,4
TON,2021-09-07,0.0,0.0,0.0,15
TRX,2021-09-07,0.1038,0.08534,23384842.59,14
USDC,2021-09-07,0.9998,1.001,83918.15,10
USDT,2021-09-07,1.001,1.0,83893.25,6
XRP,2021-09-07,1.391,1.127,446080383.12,7
ADA,2021-09-08,2.511,2.471,302361153.15,3
AVAX,2021-09-08,37.85,37.03,46429665.09,13
BNB,2021-09-08,418.26,414.95,80242571.95,6
BTC,2021-09-08,46856.31,46073.45,2105187289.07,1
DOGE,2021-09-08,0.2547,0.2568,171327854.63,8
DOT,2021-09-08,27.9,27.74,218902257.05,9
ETH,2021-09-08,3433.48,3499.69,2254428180.74,2
LTC,2021-09-08,178.17,179.62,271791108.91,12
MATIC,2021-09-08,1.36,1.333,188318760.68,11
SOL,2021-09-08,173.2,191.01,2016058926.82,4
TON,2021-09-08,0.0,0.0,0.0,15
TRX,2021-09-08,0.08534,0.0927,20154899.73,14
USDC,2021-09-08,1.001,1.0,45648.42,10
USDT,2021-09-08,1.0,1.001,660259.13,5
XRP,2021-09-08,1.127,1.099,187417325.21,7
ADA,2021-09-09,2.471,2.517,249846243.84,3
AVAX,2021-09-09,37.03,40.76,97447803.14,13
BNB,2021-09-09,414.95,421.29,78137474.02,5
BTC,2021-09-09,46073.45,46392.85,1499767099.51,1
DOGE,2021-09-09,0.2568,0.2525,102990009.49,8
DOT,2021-09-09,27.74,29.83,213747710.79,9
ETH,2021-09-09,3499.69,3424.24,1646622795.7,2
LTC,2021-09-09,179.62,180.32,186638367.57,12
MATIC,2021-09-09,1.333,1.368,197251719.33,11
SOL,2021-09-09,191.01,187.7,2460799372.66,4
TON,2021-09-09,0.0,0.0,0.0,15
TRX,2021-09-09,0.0927,0.09297,7491375.12,14
USDC,2021-09-09,1.0,1.0,32281.7,10
USDT,2021-09-09,1.001,0.9999,471776.71,6
XRP,2021-09-09,1.099,1.087,108224647.36,7
ADA,2021-09-10,2.517,2.383,186936060.11,3
AVAX,2021-09-10,40.76,49.34,185587371.09,12
BNB,2021-09-10,421.29,401.39,85154445.7,6
BTC,2021-09-10,46392.85,44853.1,1631276774.64,1
DOGE,2021-09-10,0.2525,0.2397,93759172.14,8
DOT,2021-09-10,29.83,29.19,201729129.97,9
ETH,2021-09-10,3424.24,3209.41,1736829807.16,2
LTC,2021-09-10,180.32,174.12,125833864.33,13
MATIC,2021-09-10,1.368,1.303,149779497.88,11
SOL,2021-09-10,187.7,179.5,1420968008.17,4
TON,2021-09-10,0.0,0.0,0.0,15
TRX,2021-09-10,0.09297,0.09076,8643386.07,14
USDC,2021-09-10,1.0,1.0,35700.92,10
USDT,2021-09-10,0.9999,1.0,522988.94,5
XRP,2021-09-10,1.087,1.055,226263815.51,7
ADA,2021-09-11,2.383,2.636,298525957.59,3
AVAX,2021-09-11,49.34,57.09,147451538.18,11
BNB,2021-09-11,401.39,404.98,51490028.75,6
BTC,2021-09-11,44853.1,45166.12,662298068.85,1
DOGE,2021-09-11,0.2397,0.2411,54144337.35,9
DOT,2021-09-11,29.19,31.57,139229633.18,8
ETH,2021-09-11,3209.41,3266.43,931672905.38,2
LTC,2021-09-11,174.12,178.5,89549028.27,13
MATIC,2021-09-11,1.303,1.315,83447484.69,12
SOL,2021-09-11,179.5,179.1,1030367535.36,4
TON,2021-09-11,0.0,0.0,0.0,15
TRX,2021-09-11,0.09076,0.09536,8971255.47,14
USDC,2021-09-11,1.0,1.0,14600.66,10
USDT,2021-09-11,1.0,1.0,284474.0,5
XRP,2021-09-11,1.055,1.079,56933341.93,7
ADA,2021-09-12,2.636,2.583,257372679.12,3
AVAX,2021-09-12,57.09,59.17,182512820.18,11
BNB,2021-09-12,404.98,416.93,46254918.87,5
BTC,2021-09-12,45166.12,46049.72,747181260.09,1
DOGE,2021-09-12,0.2411,0.2504,65371353.83,9
DOT,2021-09-12,31.57,35.82,249978803.55,8
ETH,2021-09-12,3266.43,3405.32,936318554.79,2
LTC,2021-09-12,178.5,183.03,80425235.38,13
MATIC,2021-09-12,1.315,1.328,71376552.31,12
SOL,2021-09-12,179.1,174.4,585927791.56,4
TON,2021-09-12,0.0,0.0,0.0,15
TRX,2021-09-12,0.09536,0.1126,37641110.36,14
USDC,2021-09-12,1.0,0.9998,16362.97,10
USDT,2021-09-12,1.0,1.0,277411.55,6
XRP,2021-09-12,1.079,1.119,47970106.7,7
ADA,2021-09-13,2.583,2.402,220474542.99,3
AVAX,2021-09-13,59.17,53.19,152494294.05,11
BNB,2021-09-13,416.93,399.03,77555050.99,6
BTC,2021-09-13,46049.72,44958.56,1909473369.72,1
DOGE,2021-09-13,0.2504,0.2359,94648809.93,9
DOT,2021-09-13,35.82,34.85,446081062.59,8
ETH,2021-09-13,3405.32,3285.4,1700713421.4,2
LTC,2021-09-13,183.03,179.32,560648613.99,13
MATIC,2021-09-13,1.328,1.247,108600570.61,12
SOL,2021-09-13,174.4,169.66,1314887040.32,4
TON,2021-09-13,0.0,0.0,0.0,15
TRX,2021-09-13,0.1126,0.1047,22073825.1,14
USDC,2021-09-13,0.9998,1.0,42637.49,10
USDT,2021-09-13,1.0,1.0,42640.7,5
XRP,2021-09-13,1.119,1.064,91273492.51,7
ADA,2021-09-14,2.402,2.398,113123722.13,3
AVAX,2021-09-14,53.19,51.51,110184651.66,12
BNB,2021-09-14,399.03,414.71,55300834.78,5
BTC,2021-09-14,44958.56,47129.01,1237183544.6,1
DOGE,2021-09-14,0.2359,0.2406,39457925.54,9
DOT,2021-09-14,34.85,37.37,300191642.47,8
ETH,2021-09-14,3285.4,3436.05,1035256383.1,2
LTC,2021-09-14,179.32,182.98,136717194.1,13
MATIC,2021-09-14,1.247,1.319,87813822.06,11
SOL,2021-09-14,169.66,158.92,1362567677.0,6
TON,2021-09-14,0.0,0.0,0.0,15
TRX,2021-09-14,0.1047,0.1182,30003879.97,14
USDC,2021-09-14,1.0,1.0,26763.0,10
USDT,2021-09-14,1.0,1.0,26757.19,4
XRP,2021-09-14,1.064,1.097,53366998.82,7
ADA,2021-09-15,2.398,2.505,140039553.94,3
AVAX,2021-09-15,51.51,57.92,94539273.28,12
BNB,2021-09-15,414.64,431.27,102578496.76,4
BTC,2021-09-15,47129.01,48148.45,1282942628.56,1
DOGE,2021-09-15,0.2406,0.2477,40540820.99,9
DOT,2021-09-15,37.37,36.47,133405587.01,8
ETH,2021-09-15,3436.05,3615.22,1104834751.1,2
LTC,2021-09-15,182.98,189.21,111131926.7,13
MATIC,2021-09-15,1.319,1.416,72570795.32,11
SOL,2021-09-15,158.92,158.66,845522524.47,6
TON,2021-09-15,0.0,0.0,0.0,15
TRX,2021-09-15,0.1182,0.1207,16154801.55,14
USDC,2021-09-15,1.0,1.0,26904.23,10
USDT,2021-09-15,1.0,1.0,26918.22,5
XRP,2021-09-15,1.097,1.121,56261525.98,7
ADA,2021-09-16,2.505,2.419,91430199.85,3
AVAX,2021-09-16,57.92,67.59,208802309.42,11
BNB,2021-09-16,431.2,424.3,46644252.32,4
BTC,2021-09-16,48148.45,47764.47,1229076140.65,1
DOGE,2021-09-16,0.2477,0.2421,50214079.82,9
DOT,2021-09-16,36.47,35.54,141568139.05,8
ETH,2021-09-16,3615.22,3569.26,1522954456.45,2
LTC,2021-09-16,189.21,185.37,155271763.17,13
MATIC,2021-09-16,1.416,1.383,124994347.23,12
SOL,2021-09-16,158.66,152.11,662646760.41,6
TON,2021-09-16,0.0,0.0,0.0,15
TRX,2021-09-16,0.1207,0.1161,16840662.55,14
USDC,2021-09-16,1.0,1.0,25701.5,10
USDT,2021-09-16,1.001,1.0,424439.28,5
XRP,2021-09-16,1.121,1.091,74083309.07,7
ADA,2021-09-17,2.419,2.35,88570087.11,3
AVAX,2021-09-17,67.59,70.1,179834444.6,11
BNB,2021-09-17,424.3,406.51,48491873.17,5
BTC,2021-09-17,47764.47,47297.98,899242093.44,1
DOGE,2021-09-17,0.2421,0.2398,120826082.23,9
DOT,2021-09-17,35.54,33.02,145887047.94,8
ETH,2021-09-17,3569.26,3398.82,1269889232.32,2
LTC,2021-09-17,185.37,179.86,106473630.01,13
MATIC,2021-09-17,1.383,1.421,128216067.28,12
SOL,2021-09-17,152.11,147.49,1023945637.48,6
TON,2021-09-17,0.0,0.0,0.0,15
TRX,2021-09-17,0.1161,0.1052,20949658.03,14
USDC,2021-09-17,1.0,1.0,18944.16,10
USDT,2021-09-17,1.0,1.0,367723.02,4
XRP,2021-09-17,1.091,1.066,53932435.06,7
ADA,2021-09-18,2.35,2.372,75246590.88,3
AVAX,2021-09-18,70.1,69.04,146333090.11,11
BNB,2021-09-18,406.51,410.63,39066320.8,6
BTC,2021-09-18,47297.98,48312.46,761079785.11,1
DOGE,2021-09-18,0.2398,0.2414,50123191.89,9
DOT,2021-09-18,33.02,34.88,131402256.85,8
ETH,2021-09-18,3398.82,3435.76,968755868.2,2
LTC,2021-09-18,179.86,181.4,77344234.15,13
MATIC,2021-09-18,1.421,1.365,82568104.9,12
SOL,2021-09-18,147.49,169.36,1091735551.54,4
TON,2021-09-18,0.0,0.0,0.0,15
TRX,2021-09-18,0.1052,0.1059,7496323.66,14
USDC,2021-09-18,1.0,1.001,15796.76,10
USDT,2021-09-18,1.0,0.9999,279842.06,5
XRP,2021-09-18,1.066,1.076,31943342.7,7
ADA,2021-09-19,2.372,2.282,77760760.1,3
AVAX,2021-09-19,69.04,70.07,149725300.14,11
BNB,2021-09-19,410.63,408.56,33054384.42,5
BTC,2021-09-19,48312.46,47251.76,668723282.36,1
DOGE,2021-09-19,0.2414,0.2329,42176019.92,9
DOT,2021-09-19,34.88,33.84,87368003.11,8
ETH,2021-09-19,3435.76,3328.85,749411817.66,2
LTC,2021-09-19,181.4,175.68,70388156.32,13
MATIC,2021-09-19,1.365,1.314,68834429.43,12
SOL,2021-09-19,169.36,152.86,709659799.17,6
TON,2021-09-19,0.0,0.0,0.0,15
TRX,2021-09-19,0.1059,0.1037,5329781.37,14
USDC,2021-09-19,1.001,1.0,14046.51,10
USDT,2021-09-19,0.9999,1.0,222777.6,4
XRP,2021-09-19,1.076,1.049,34918972.38,7
ADA,2021-09-20,2.282,2.08,315821157.26,3
AVAX,2021-09-20,70.07,57.22,148573953.64,11
BNB,2021-09-20,408.56,363.86,109659884.46,5
BTC,2021-09-20,47251.76,42925.46,2849781014.82,1
DOGE,2021-09-20,0.2329,0.2084,166574704.04,9
DOT,2021-09-20,33.84,28.15,267994778.14,8
ETH,2021-09-20,3328.85,2966.51,2854105768.19,2
LTC,2021-09-20,175.68,156.69,181334092.7,13
MATIC,2021-09-20,1.314,1.134,185164969.37,12
SOL,2021-09-20,152.86,132.08,1320128623.42,6
TON,2021-09-20,0.0,0.0,0.0,15
TRX,2021-09-20,0.1037,0.09129,17850465.78,14
USDC,2021-09-20,1.0,1.0,64400.61,10
USDT,2021-09-20,1.0,0.9964,922463.03,4
XRP,2021-09-20,1.049,0.9208,177827223.22,7
ADA,2021-09-21,2.08,1.985,213795807.02,4
AVAX,2021-09-21,57.22,58.99,141731972.97,11
BNB,2021-09-21,363.86,344.24,127627453.95,5
BTC,2021-09-21,42925.46,40709.59,2972565920.07,1
DOGE,2021-09-21,0.2084,0.2007,97287278.06,10
DOT,2021-09-21,28.15,26.38,244807883.06,9
ETH,2021-09-21,2966.51,2760.2,2632590191.67,2
LTC,2021-09-21,156.69,148.38,128919617.81,13
MATIC,2021-09-21,1.134,1.046,117316958.4,12
SOL,2021-09-21,132.08,124.04,1341286027.55,6
TON,2021-09-21,0.0,0.0,0.0,15
TRX,2021-09-21,0.09129,0.08808,12967345.51,14
USDC,2021-09-21,1.0,1.001,70986.51,8
USDT,2021-09-21,0.9979,1.0,70938.67,3
XRP,2021-09-21,0.9208,0.8738,112193885.55,7
ADA,2021-09-22,1.985,2.258,115175739.43,3
AVAX,2021-09-22,58.99,74.08,177256066.5,11
BNB,2021-09-22,344.24,379.09,86578994.37,5
BTC,2021-09-22,40709.59,43576.15,1807576533.35,1
DOGE,2021-09-22,0.2007,0.2246,90234551.46,9
DOT,2021-09-22,26.38,31.61,203416087.39,8
ETH,2021-09-22,2760.2,3078.88,1546061749.14,2
LTC,2021-09-22,148.38,161.48,107161310.26,13
MATIC,2021-09-22,1.046,1.231,102304943.8,12
SOL,2021-09-22,124.04,148.18,1181894104.57,6
TON,2021-09-22,0.0,0.0,0.0,15
TRX,2021-09-22,0.08808,0.0988,10598356.96,14
USDC,2021-09-22,1.001,1.0,42389.68,10
USDT,2021-09-22,1.0,1.001,42420.94,4
XRP,2021-09-22,0.8738,1.004,106519801.26,7
ADA,2021-09-23,2.258,2.33,101591318.36,3
AVAX,2021-09-23,74.08,76.45,169923173.03,11
BNB,2021-09-23,379.09,383.86,75343302.05,5
BTC,2021-09-23,43576.15,44893.87,1522818255.74,1
DOGE,2021-09-23,0.2246,0.2246,52393090.7,9
DOT,2021-09-23,31.61,33.46,151610714.84,8
ETH,2021-09-23,3078.88,3154.62,1048023991.37,2
LTC,2021-09-23,161.48,163.94,87500451.56,13
MATIC,2021-09-23,1.231,1.225,80472630.15,12
SOL,2021-09-23,148.18,150.0,685101799.96,6
TON,2021-09-23,0.0,0.0,0.0,15
TRX,2021-09-23,0.0988,0.09915,6943183.76,14
USDC,2021-09-23,1.0,1.0,34509.69,10
USDT,2021-09-23,1.001,1.001,34528.32,4
XRP,2021-09-23,1.004,1.002,61662073.78,7
ADA,2021-09-24,2.33,2.281,168789901.63,3
AVAX,2021-09-24,76.45,72.41,105808754.13,11
BNB,2021-09-24,383.86,355.23,92242459.42,5
BTC,2021-09-24,44893.87,42848.41,2565373998.35,1
DOGE,2021-09-24,0.2246,0.2094,108842909.36,9
DOT,2021-09-24,33.46,30.85,217132527.9,8
ETH,2021-09-24,3154.62,2930.86,2116848129.48,2
LTC,2021-09-24,163.94,152.28,158832505.78,13
MATIC,2021-09-24,1.225,1.127,73983674.84,12
SOL,2021-09-24,150.0,139.28,820048443.91,6
TON,2021-09-24,0.0,0.0,0.0,15
TRX,2021-09-24,0.09915,0.09238,15350680.87,14
USDC,2021-09-24,1.0,1.0,60157.73,10
USDT,2021-09-24,1.001,1.001,60188.38,4
XRP,2021-09-24,1.002,0.9449,112229099.41,7
ADA,2021-09-25,2.281,2.302,157052382.86,3
AVAX,2021-09-25,72.41,68.4,60520467.39,11
BNB,2021-09-25,355.23,349.82,94525935.75,5
BTC,2021-09-25,42848.41,42721.91,767641976.96,1
DOGE,2021-09-25,0.2094,0.2085,54602835.03,9
DOT,2021-09-25,30.85,29.85,111655783.0,8
ETH,2021-09-25,2930.86,2925.34,992935823.56,2
LTC,2021-09-25,152.28,151.06,108172237.64,13
MATIC,2021-09-25,1.127,1.122,68137381.72,12
SOL,2021-09-25,139.28,136.16,378053262.21,6
TON,2021-09-25,0.0,0.0,0.0,15
TRX,2021-09-25,0.09238,0.09081,5455375.25,14
USDC,2021-09-25,1.0,1.001,18058.01,10
USDT,2021-09-25,1.001,1.001,341899.69,4
XRP,2021-09-25,0.9449,0.9415,49022127.05,7
ADA,2021-09-26,2.302,2.209,94026724.23,3
AVAX,2021-09-26,68.4,66.88,62298236.6,11
BNB,2021-09-26,349.82,344.16,89212529.32,5
BTC,2021-09-26,42721.91,43201.79,1187820024.18,1
DOGE,2021-09-26,0.2085,0.2052,51044219.15,10
DOT,2021-09-26,29.85,28.86,147547743.61,8
ETH,2021-09-26,2925.34,3064.21,1144546427.35,2
LTC,2021-09-26,151.06,150.76,114127430.67,13
MATIC,2021-09-26,1.122,1.125,58221585.5,12
SOL,2021-09-26,136.16,135.84,502050940.75,6
TON,2021-09-26,0.0,0.0,0.0,15
TRX,2021-09-26,0.09081,0.0881,6415762.42,14
USDC,2021-09-26,1.001,1.0,27851.16,9
USDT,2021-09-26,1.001,1.001,27863.4,4
XRP,2021-09-26,0.9415,0.9448,59616360.58,7
ADA,2021-09-27,2.209,2.132,72040681.69,3
AVAX,2021-09-27,66.88,66.4,70161492.1,11
BNB,2021-09-27,344.16,335.81,60119181.73,6
BTC,2021-09-27,43201.79,42187.51,1140232492.25,1
DOGE,2021-09-27,0.2052,0.1998,31110020.15,10
DOT,2021-09-27,28.86,27.73,104271211.78,8
ETH,2021-09-27,3064.21,2927.73,1109513874.46,2
LTC,2021-09-27,150.76,145.17,81039863.09,13
MATIC,2021-09-27,1.125,1.085,40458556.15,12
SOL,2021-09-27,135.84,136.35,558713787.59,5
TON,2021-09-27,0.0,0.0,0.0,15
TRX,2021-09-27,0.0881,0.08617,5261070.01,14
USDC,2021-09-27,1.0,1.0,26255.1,9
USDT,2021-09-27,1.001,1.001,26272.24,4
XRP,2021-09-27,0.9448,0.9229,55111677.27,7
ADA,2021-09-28,2.132,2.039,67922684.7,3
AVAX,2021-09-28,66.4,61.54,59588148.73,11
BNB,2021-09-28,335.81,333.28,56534275.36,6
BTC,2021-09-28,42187.51,41056.79,1335757058.57,1
DOGE,2021-09-28,0.1998,0.1967,44105812.66,10
DOT,2021-09-28,27.73,26.33,88174590.52,9
ETH,2021-09-28,2927.73,2807.44,1193298638.31,2
LTC,2021-09-28,145.17,140.57,107531598.42,13
MATIC,2021-09-28,1.085,1.05,37873944.42,12
SOL,2021-09-28,136.35,132.21,457657565.63,5
TON,2021-09-28,0.0,0.0,0.0,15
TRX,2021-09-28,0.08617,0.08322,5754555.15,14
USDC,2021-09-28,1.0,1.001,31965.57,8
USDT,2021-09-28,1.001,1.001,31969.2,4
XRP,2021-09-28,0.9229,0.8939,50360939.64,7
ADA,2021-09-29,2.039,2.066,69723092.05,3
AVAX,2021-09-29,61.54,65.47,100866994.45,11
BNB,2021-09-29,333.28,367.46,93637231.02,5
BTC,2021-09-29,41056.79,41539.43,1100252801.68,1
DOGE,2021-09-29,0.1967,0.1986,36212067.59,10
DOT,2021-09-29,26.33,27.26,98603998.93,8
ETH,2021-09-29,2807.44,2850.87,1015388802.44,2
LTC,2021-09-29,140.57,144.79,108560052.19,13
MATIC,2021-09-29,1.05,1.099,36162060.23,12
SOL,2021-09-29,132.21,135.3,447613932.89,6
TON,2021-09-29,0.0,0.0,0.0,15
TRX,2021-09-29,0.08322,0.08598,5477702.92,14
USDC,2021-09-29,1.001,1.0,26357.68,9
USDT,2021-09-29,1.001,1.0,26362.36,4
XRP,2021-09-29,0.8939,0.9279,86615225.01,7
ADA,2021-09-30,2.066,2.116,67184973.17,3
AVAX,2021-09-30,65.47,66.62,55214324.53,11
BNB,2021-09-30,367.46,387.47,66052714.25,5
BTC,2021-09-30,41539.43,43829.34,1469981944.79,1
DOGE,2021-09-30,0.1986,0.2042,39449941.19,10
DOT,2021-09-30,27.26,28.6,77227257.2,8
ETH,2021-09-30,2850.87,3000.83,1074045517.68,2
LTC,2021-09-30,144.79,153.27,97476558.53,13
MATIC,2021-09-30,1.099,1.126,35239805.34,12
SOL,2021-09-30,135.3,141.32,405424340.44,6
TON,2021-09-30,0.0,0.0,0.0,15
TRX,2021-09-30,0.08598,0.08954,4586553.88,14
USDC,2021-09-30,1.0,1.001,34005.14,9
USDT,2021-09-30,1.0,1.0,33997.03,4
XRP,2021-09-30,0.9279,0.953,50951886.17,7
ADA,2021-10-01,2.116,2.255,87657753.61,3
AVAX,2021-10-01,66.62,67.72,88446837.68,11
BNB,2021-10-01,387.47,421.58,74413885.79,4
BTC,2021-10-01,43829.34,48164.35,2498575570.28,1
DOGE,2021-10-01,0.2042,0.2229,64343384.33,9
DOT,2021-10-01,28.6,31.96,159639852.05,8
ETH,2021-10-01,3000.83,3310.63,1480674960.09,2
LTC,2021-10-01,153.27,166.23,117397587.24,13
MATIC,2021-10-01,1.126,1.266,65808461.56,12
SOL,2021-10-01,141.32,161.67,782281427.84,6
TON,2021-10-01,0.0,0.0,0.0,15
TRX,2021-10-01,0.08954,0.0948,6751642.16,14
USDC,2021-10-01,1.001,1.0,53596.93,10
USDT,2021-10-01,1.0,1.001,53608.75,5
XRP,2021-10-01,0.953,1.043,101107638.21,7
ADA,2021-10-02,2.255,2.25,55627206.49,3
AVAX,2021-10-02,67.72,69.17,82510473.6,11
BNB,2021-10-02,421.58,427.4,53420846.13,5
BTC,2021-10-02,48164.35,47669.02,769022184.37,1
DOGE,2021-10-02,0.2229,0.2187,48275082.13,9
DOT,2021-10-02,31.96,32.04,91851280.76,8
ETH,2021-10-02,3310.63,3389.48,869122812.18,2
LTC,2021-10-02,166.23,169.1,65898520.05,13
MATIC,2021-10-02,1.266,1.295,43921695.83,12
SOL,2021-10-02,161.67,168.99,579916326.77,4
TON,2021-10-02,0.0,0.0,0.0,15
TRX,2021-10-02,0.0948,0.09355,4007281.28,14
USDC,2021-10-02,1.0,0.9997,16056.65,10
USDT,2021-10-02,1.001,1.0,258294.84,6
XRP,2021-10-02,1.043,1.037,51507852.93,7
ADA,2021-10-03,2.25,2.254,56200495.12,3
AVAX,2021-10-03,69.17,68.73,60895348.44,11
BNB,2021-10-03,427.4,430.64,50512892.47,5
BTC,2021-10-03,47669.02,48234.05,895606844.23,1
DOGE,2021-10-03,0.2187,0.2218,44462927.36,9
DOT,2021-10-03,32.04,32.11,81891479.57,8
ETH,2021-10-03,3389.48,3420.14,748590158.94,2
LTC,2021-10-03,169.1,170.64,76972668.0,13
MATIC,2021-10-03,1.295,1.326,34575779.74,12
SOL,2021-10-03,168.99,173.06,505569099.45,4
TON,2021-10-03,0.0,0.0,0.0,15
TRX,2021-10-03,0.09355,0.095,5221045.39,14
USDC,2021-10-03,0.9997,1.0,18595.97,10
USDT,2021-10-03,1.001,1.001,18602.49,6
XRP,2021-10-03,1.037,1.055,60761123.18,7
ADA,2021-10-04,2.254,2.192,66364226.69,3
AVAX,2021-10-04,68.73,65.34,56365911.28,11
BNB,2021-10-04,430.64,426.55,68201755.17,4
BTC,2021-10-04,48234.05,49276.91,1664027525.19,1
DOGE,2021-10-04,0.2218,0.2414,172038225.51,8
DOT,2021-10-04,32.11,31.17,81830410.82,9
ETH,2021-10-04,3420.14,3384.5,1029946380.56,2
LTC,2021-10-04,170.64,167.73,87230528.11,13
MATIC,2021-10-04,1.326,1.276,42300172.91,12
SOL,2021-10-04,173.06,167.21,560572644.25,5
TON,2021-10-04,0.0,0.0,0.0,15
TRX,2021-10-04,0.095,0.09372,6609597.7,14
USDC,2021-10-04,1.0,1.001,34427.4,10
USDT,2021-10-04,1.001,1.001,34437.06,6
XRP,2021-10-04,1.055,1.043,68623939.25,7
ADA,2021-10-05,2.192,2.234,57666236.85,3
AVAX,2021-10-05,65.34,64.64,64116674.1,11
BNB,2021-10-05,426.55,442.51,50282601.35,4
BTC,2021-10-05,49276.91,51504.27,2049372160.16,1
DOGE,2021-10-05,0.2414,0.2519,198015523.47,8
DOT,2021-10-05,31.17,31.4,77357983.05,9
ETH,2021-10-05,3384.5,3516.09,1026457702.21,2
LTC,2021-10-05,167.73,173.82,120244001.68,13
MATIC,2021-10-05,1.276,1.316,36774766.87,12
SOL,2021-10-05,167.21,164.63,494332247.0,5
TON,2021-10-05,0.0,0.0,0.0,15
TRX,2021-10-05,0.09372,0.09633,6598724.32,14
USDC,2021-10-05,1.001,0.9997,40675.45,10
USDT,2021-10-05,1.001,1.0,40704.61,6
XRP,2021-10-05,1.043,1.085,73416112.78,7
ADA,2021-10-06,2.234,2.211,113316322.2,3
AVAX,2021-10-06,64.64,60.05,93007930.1,11
BNB,2021-10-06,442.51,435.1,99641334.16,4
BTC,2021-10-06,51504.27,55345.85,3444996109.53,1
DOGE,2021-10-06,0.2519,0.2544,248963736.68,8
DOT,2021-10-06,31.4,32.24,151327826.95,9
ETH,2021-10-06,3516.09,3576.08,1577043616.23,2
LTC,2021-10-06,173.82,178.5,186685149.19,13
MATIC,2021-10-06,1.316,1.257,58941322.14,12
SOL,2021-10-06,164.63,153.92,685024694.08,6
TON,2021-10-06,0.0,0.0,0.0,15
TRX,2021-10-06,0.09633,0.0956,10111763.79,14
USDC,2021-10-06,0.9997,1.0,64422.13,10
USDT,2021-10-06,1.0,1.001,64453.36,5
XRP,2021-10-06,1.085,1.078,86204079.53,7
ADA,2021-10-07,2.212,2.279,95081141.68,3
AVAX,2021-10-07,60.05,61.49,78030750.67,11
BNB,2021-10-07,435.1,438.39,105377677.07,4
BTC,2021-10-07,55343.24,53797.21,1836529821.85,1
DOGE,2021-10-07,0.2543,0.2429,166016073.49,9
DOT,2021-10-07,32.21,33.98,135442599.69,8
ETH,2021-10-07,3576.19,3588.12,1115192656.55,2
LTC,2021-10-07,178.49,178.57,156084666.46,13
MATIC,2021-10-07,1.257,1.276,58412872.73,12
SOL,2021-10-07,153.93,154.35,505641394.78,6
TON,2021-10-07,0.0,0.0,0.0,15
TRX,2021-10-07,0.0956,0.0955,9435875.32,14
USDC,2021-10-07,1.0,1.0,33820.43,10
USDT,2021-10-07,1.001,1.0,33816.91,5
XRP,2021-10-07,1.078,1.068,55234882.33,7
ADA,2021-10-08,2.279,2.237,33725682.99,3
AVAX,2021-10-08,61.49,60.42,60579923.26,11
BNB,2021-10-08,438.39,419.47,75088523.46,4
BTC,2021-10-08,53796.22,53949.29,1592265868.06,1
DOGE,2021-10-08,0.2429,0.2439,62090443.91,9
DOT,2021-10-08,33.98,33.32,90405640.68,8
ETH,2021-10-08,3588.2,3562.84,944018845.76,2
LTC,2021-10-08,178.56,175.85,149555676.95,13
MATIC,2021-10-08,1.276,1.344,69058769.42,12
SOL,2021-10-08,154.29,158.83,535074416.41,6
TON,2021-10-08,0.0,0.0,0.0,15
TRX,2021-10-08,0.0955,0.0976,6326507.79,14
USDC,2021-10-08,1.0,1.001,29144.85,10
USDT,2021-10-08,1.0,1.0,29134.81,5
XRP,2021-10-08,1.068,1.063,45113825.48,7
ADA,2021-10-09,2.237,2.269,23861879.47,3
AVAX,2021-10-09,60.42,60.57,25946726.08,11
BNB,2021-10-09,419.47,422.0,52515598.78,4
BTC,2021-10-09,53949.29,54968.04,799607238.61,1
DOGE,2021-10-09,0.2439,0.2467,43165136.91,9
DOT,2021-10-09,33.32,36.33,134006396.46,8
ETH,2021-10-09,3562.84,3576.4,486436966.61,2
LTC,2021-10-09,175.85,179.88,80200315.93,13
MATIC,2021-10-09,1.344,1.35,24167993.43,12
SOL,2021-10-09,158.83,156.82,291129825.62,6
TON,2021-10-09,0.0,0.0,0.0,15
TRX,2021-10-09,0.0976,0.103,9364583.08,14
USDC,2021-10-09,1.001,1.0,14594.88,10
USDT,2021-10-09,1.0,1.0,14599.15,5
XRP,2021-10-09,1.063,1.16,105453533.2,7
ADA,2021-10-10,2.269,2.193,28912926.21,3
AVAX,2021-10-10,60.57,56.56,53035494.62,11
BNB,2021-10-10,422.0,404.39,54488757.1,5
BTC,2021-10-10,54968.04,54700.24,1276001425.96,1
DOGE,2021-10-10,0.2467,0.2289,45027227.15,9
DOT,2021-10-10,36.33,34.44,122231307.01,8
ETH,2021-10-10,3576.4,3416.49,685931826.8,2
LTC,2021-10-10,179.88,174.93,85485798.01,13
MATIC,2021-10-10,1.35,1.245,32370678.61,12
SOL,2021-10-10,156.82,147.67,287105743.36,6
TON,2021-10-10,0.0,0.0,0.0,15
TRX,2021-10-10,0.103,0.09763,8022963.34,14
USDC,2021-10-10,1.0,1.0,23095.09,10
USDT,2021-10-10,1.0,1.001,23107.81,4
XRP,2021-10-10,1.16,1.136,107131426.42,7
ADA,2021-10-11,2.193,2.172,42159764.97,3
AVAX,2021-10-11,56.56,55.3,56813555.44,11
BNB,2021-10-11,404.39,413.42,64733373.97,5
BTC,2021-10-11,54700.24,57498.8,1805863526.52,1
DOGE,2021-10-11,0.2289,0.2313,44855392.77,9
DOT,2021-10-11,34.44,34.14,112070670.12,8
ETH,2021-10-11,3416.49,3544.14,924487424.69,2
LTC,2021-10-11,174.93,179.29,98115389.01,13
MATIC,2021-10-11,1.245,1.243,35700345.87,12
SOL,2021-10-11,147.67,144.92,394022338.6,6
TON,2021-10-11,0.0,0.0,0.0,15
TRX,2021-10-11,0.09763,0.09713,10510952.81,14
USDC,2021-10-11,1.0,1.0,31810.93,10
USDT,2021-10-11,1.001,1.0,31816.14,4
XRP,2021-10-11,1.136,1.137,72515970.06,7
ADA,2021-10-12,2.172,2.118,65516517.44,4
AVAX,2021-10-12,55.3,54.33,61465154.64,11
BNB,2021-10-12,413.42,444.57,189779044.12,3
BTC,2021-10-12,57498.8,56010.9,1913353762.18,1
DOGE,2021-10-12,0.2313,0.2261,63174218.28,9
DOT,2021-10-12,34.14,35.16,149212106.16,8
ETH,2021-10-12,3544.14,3490.61,1052426344.65,2
LTC,2021-10-12,179.29,172.59,113250785.88,13
MATIC,2021-10-12,1.243,1.222,53517229.32,12
SOL,2021-10-12,144.92,152.43,644682762.12,6
TON,2021-10-12,0.0,0.0,0.0,15
TRX,2021-10-12,0.09713,0.09554,14051266.4,14
USDC,2021-10-12,1.0,1.0,33969.15,10
USDT,2021-10-12,1.0,0.9999,33962.83,5
XRP,2021-10-12,1.137,1.102,78435817.09,7
ADA,2021-10-13,2.118,2.188,64948505.8,4
AVAX,2021-10-13,54.33,54.99,63680100.4,11
BNB,2021-10-13,444.57,470.45,382579710.61,3
BTC,2021-10-13,56010.9,57369.0,1906230334.0,1
DOGE,2021-10-13,0.2261,0.2326,54500460.82,9
DOT,2021-10-13,35.16,41.69,370389475.37,8
ETH,2021-10-13,3490.61,3607.55,983041094.72,2
LTC,2021-10-13,172.59,177.6,102196286.63,13
MATIC,2021-10-13,1.222,1.241,47811318.2,12
SOL,2021-10-13,152.43,148.06,410859128.01,6
TON,2021-10-13,0.0,0.0,0.0,15
TRX,2021-10-13,0.09554,0.09796,12524595.58,14
USDC,2021-10-13,1.0,1.0,34060.28,10
USDT,2021-10-13,0.9999,0.9999,34051.05,5
XRP,2021-10-13,1.102,1.128,72133429.48,7
ADA,2021-10-14,2.188,2.173,59879101.47,4
AVAX,2021-10-14,54.99,56.22,37046477.31,11
BNB,2021-10-14,470.45,472.73,135438018.68,3
BTC,2021-10-14,57369.0,57359.21,1617497364.76,1
DOGE,2021-10-14,0.2326,0.2326,48695129.57,9
DOT,2021-10-14,41.69,40.74,239662297.04,8
ETH,2021-10-14,3607.55,3791.23,1472924368.3,2
LTC,2021-10-14,177.6,181.3,136167765.26,13
MATIC,2021-10-14,1.241,1.265,47021076.4,12
SOL,2021-10-14,148.06,150.01,368851542.65,6
TON,2021-10-14,0.0,0.0,0.0,15
TRX,2021-10-14,0.09796,0.09729,7938281.06,14
USDC,2021-10-14,1.0,1.0,28065.75,10
USDT,2021-10-14,0.9999,1.0,28069.9,5
XRP,2021-10-14,1.128,1.134,56664550.61,7
ADA,2021-10-15,2.173,2.218,99599748.33,4
AVAX,2021-10-15,56.22,56.36,63937181.43,12
BNB,2021-10-15,472.73,474.16,209102177.41,3
BTC,2021-10-15,57359.21,61684.96,3737889743.83,1
DOGE,2021-10-15,0.2326,0.2341,82859106.76,9
DOT,2021-10-15,40.74,43.31,278549059.07,8
ETH,2021-10-15,3791.23,3868.16,1458863383.96,2
LTC,2021-10-15,181.3,189.63,182005169.33,13
MATIC,2021-10-15,1.265,1.602,438358672.77,11
SOL,2021-10-15,150.01,163.17,681329036.1,6
TON,2021-10-15,0.0,0.0,0.0,15
TRX,2021-10-15,0.09729,0.09866,16335257.21,14
USDC,2021-10-15,1.0,1.001,62086.22,10
USDT,2021-10-15,1.0,1.0,62067.03,5
XRP,2021-10-15,1.134,1.141,112720503.55,7
ADA,2021-10-16,2.218,2.178,47562282.67,4
AVAX,2021-10-16,56.36,57.58,61364274.98,12
BNB,2021-10-16,474.16,465.85,86430408.37,3
BTC,2021-10-16,61684.96,60877.77,1404879137.37,1
DOGE,2021-10-16,0.2341,0.2373,59570370.42,9
DOT,2021-10-16,43.31,41.69,215072070.91,8
ETH,2021-10-16,3868.16,3829.61,995972602.42,2
LTC,2021-10-16,189.63,185.9,96834852.49,13
MATIC,2021-10-16,1.602,1.508,86245571.42,11
SOL,2021-10-16,163.17,157.56,264777103.46,6
TON,2021-10-16,0.0,0.0,0.0,15
TRX,2021-10-16,0.09866,0.09871,5417833.45,14
USDC,2021-10-16,1.001,1.0,22946.98,10
USDT,2021-10-16,1.0,0.9999,22942.78,5
XRP,2021-10-16,1.141,1.134,71851637.29,7
ADA,2021-10-17,2.178,2.158,49626785.92,4
AVAX,2021-10-17,57.58,56.08,28153120.17,12
BNB,2021-10-17,465.85,471.0,89070765.94,3
BTC,2021-10-17,60877.77,61520.54,1414498881.98,1
DOGE,2021-10-17,0.2373,0.2378,56757257.48,9
DOT,2021-10-17,41.69,42.1,154760628.58,8
ETH,2021-10-17,3829.61,3846.66,1045896725.37,2
LTC,2021-10-17,185.9,183.71,73980623.47,13
MATIC,2021-10-17,1.508,1.459,49499706.75,11
SOL,2021-10-17,157.56,160.04,358234013.04,6
TON,2021-10-17,0.0,0.0,0.0,15
TRX,2021-10-17,0.09871,0.09867,7374286.2,14
USDC,2021-10-17,1.0,0.9998,23331.21,10
USDT,2021-10-17,0.9999,1.0,23335.18,5
XRP,2021-10-17,1.134,1.094,81701054.18,7
ADA,2021-10-18,2.158,2.129,42105323.02,4
AVAX,2021-10-18,56.08,55.53,29404790.6,12
BNB,2021-10-18,471.0,484.97,94168225.96,3
BTC,2021-10-18,61520.54,62038.16,3113486441.7,1
DOGE,2021-10-18,0.2378,0.2472,215396355.91,9
DOT,2021-10-18,42.1,41.18,161019099.1,8
ETH,2021-10-18,3846.66,3746.14,1365253107.8,2
LTC,2021-10-18,183.71,185.62,94848607.45,13
MATIC,2021-10-18,1.459,1.481,103067906.99,11
SOL,2021-10-18,160.04,157.15,280630198.46,6
TON,2021-10-18,0.0,0.0,0.0,15
TRX,2021-10-18,0.09867,0.09821,7183525.28,14
USDC,2021-10-18,0.9998,1.0,50503.23,10
USDT,2021-10-18,1.0,1.0,50498.08,5
XRP,2021-10-18,1.094,1.083,72909939.01,7
ADA,2021-10-19,2.129,2.111,44700074.56,4
AVAX,2021-10-19,55.53,56.83,35261079.73,12
BNB,2021-10-19,484.97,488.03,106951278.89,3
BTC,2021-10-19,62038.16,64283.97,2706420467.09,1
DOGE,2021-10-19,0.2472,0.2455,76673361.64,9
DOT,2021-10-19,41.18,41.36,133686335.29,8
ETH,2021-10-19,3746.14,3877.45,1110236475.25,2
LTC,2021-10-19,185.62,188.83,87757995.96,13
MATIC,2021-10-19,1.481,1.476,56994571.52,11
SOL,2021-10-19,157.15,155.89,236431195.02,6
TON,2021-10-19,0.0,0.0,0.0,15
TRX,2021-10-19,0.09821,0.1006,7471292.69,14
USDC,2021-10-19,1.0,1.0,42985.73,10
USDT,2021-10-19,1.0,1.0,42993.72,5
XRP,2021-10-19,1.083,1.091,44522386.24,7
ADA,2021-10-20,2.111,2.189,86346236.04,4
AVAX,2021-10-20,56.83,59.63,61280930.07,12
BNB,2021-10-20,488.03,501.47,72654385.75,3
BTC,2021-10-20,64283.97,66021.02,2978059285.56,1
DOGE,2021-10-20,0.2455,0.2547,78781534.74,9
DOT,2021-10-20,41.36,44.41,180132380.39,8
ETH,2021-10-20,3877.45,4162.49,1719887383.03,2
LTC,2021-10-20,188.83,207.32,166129257.63,13
MATIC,2021-10-20,1.476,1.537,79541499.75,11
SOL,2021-10-20,155.89,176.81,593433328.32,5
TON,2021-10-20,0.0,0.0,0.0,15
TRX,2021-10-20,0.1006,0.1032,23760486.83,14
USDC,2021-10-20,1.0,1.0,45369.33,10
USDT,2021-10-20,1.0,1.0,45378.36,6
XRP,2021-10-20,1.091,1.145,72645632.44,7
ADA,2021-10-21,2.189,2.138,144579332.12,5
AVAX,2021-10-21,59.63,61.53,60522124.5,12
BNB,2021-10-21,501.47,471.13,120772545.04,4
BTC,2021-10-21,66021.02,62283.96,3962470063.85,1
DOGE,2021-10-21,0.2547,0.2424,103108203.98,9
DOT,2021-10-21,44.41,42.84,221167862.93,8
ETH,2021-10-21,4162.49,4062.76,2439959842.9,2
LTC,2021-10-21,207.32,196.89,190546381.08,13
MATIC,2021-10-21,1.537,1.506,107586855.28,11
SOL,2021-10-21,176.81,190.25,1320931174.52,3
TON,2021-10-21,0.0,0.0,0.0,15
TRX,2021-10-21,0.1032,0.09957,19761136.25,14
USDC,2021-10-21,1.0,1.001,62149.68,10
USDT,2021-10-21,1.0,1.001,62176.04,6
XRP,2021-10-21,1.145,1.089,124023631.41,7
ADA,2021-10-22,2.138,2.155,76115084.32,5
AVAX,2021-10-22,61.48,65.56,58906545.2,11
BNB,2021-10-22,471.13,479.09,83594469.37,4
BTC,2021-10-22,62283.96,60693.59,2504718475.2,1
DOGE,2021-10-22,0.2424,0.2444,103017605.43,9
DOT,2021-10-22,42.84,43.48,221826302.16,8
ETH,2021-10-22,4062.76,3971.95,1474774578.95,2
LTC,2021-10-22,196.89,190.95,130632811.16,13
MATIC,2021-10-22,1.506,1.517,76816845.12,12
SOL,2021-10-22,190.25,196.22,1468634674.75,3
TON,2021-10-22,0.0,0.0,0.0,15
TRX,2021-10-22,0.09957,0.0998,33939318.04,14
USDC,2021-10-22,1.001,1.0,40483.34,10
USDT,2021-10-22,1.001,1.0,40476.72,6
XRP,2021-10-22,1.089,1.089,71509921.13,7
ADA,2021-10-23,2.155,2.165,36623023.17,5
AVAX,2021-10-23,65.49,65.42,53243982.79,12
BNB,2021-10-23,479.09,485.55,38141925.63,4
BTC,2021-10-23,60693.59,61313.09,990360071.85,1
DOGE,2021-10-23,0.2444,0.2511,59712292.25,9
DOT,2021-10-23,43.48,43.95,103514212.39,8
ETH,2021-10-23,3971.95,4168.96,839766245.34,2
LTC,2021-10-23,190.95,196.39,75009817.41,13
MATIC,2021-10-23,1.517,1.641,94289386.73,11
SOL,2021-10-23,196.22,197.73,592165608.81,3
TON,2021-10-23,0.0,0.0,0.0,15
TRX,2021-10-23,0.0998,0.1007,12392237.11,14
USDC,2021-10-23,1.0,1.0,16236.97,10
USDT,2021-10-23,1.0,1.0,16236.27,6
XRP,2021-10-23,1.089,1.094,38152473.7,7
ADA,2021-10-24,2.165,2.12,46230772.98,5
AVAX,2021-10-24,65.39,64.61,23588381.19,12
BNB,2021-10-24,485.55,475.88,43184279.01,4
BTC,2021-10-24,61313.09,60863.56,1158838824.68,1
DOGE,2021-10-24,0.2511,0.2758,213989954.59,9
DOT,2021-10-24,43.95,42.3,112046910.88,8
ETH,2021-10-24,4168.96,4082.08,904114100.2,2
LTC,2021-10-24,196.39,190.52,88422302.75,13
MATIC,2021-10-24,1.641,1.571,61424273.24,11
SOL,2021-10-24,197.73,202.3,637422149.18,3
TON,2021-10-24,0.0,0.0,0.0,15
TRX,2021-10-24,0.1007,0.09911,15780869.24,14
USDC,2021-10-24,1.0,1.0,19158.03,10
USDT,2021-10-24,1.0,1.0,19160.6,6
XRP,2021-10-24,1.094,1.082,42563241.23,7
ADA,2021-10-25,2.12,2.145,51921058.84,5
AVAX,2021-10-25,64.61,69.73,27439992.48,12
BNB,2021-10-25,475.88,485.0,42599941.3,4
BTC,2021-10-25,60863.56,63089.04,1549308691.98,1
DOGE,2021-10-25,0.2758,0.2649,168504148.04,9
DOT,2021-10-25,42.3,44.51,125116537.75,8
ETH,2021-10-25,4082.08,4220.26,1140017638.98,2
LTC,2021-10-25,190.52,195.38,77186285.1,13
MATIC,2021-10-25,1.571,1.675,81235994.14,11
SOL,2021-10-25,202.3,209.85,856546050.78,3
TON,2021-10-25,0.0,0.0,0.0,15
TRX,2021-10-25,0.09911,0.1007,27329263.38,14
USDC,2021-10-25,1.0,1.0,24703.08,10
USDT,2021-10-25,1.0,1.0,24701.12,6
XRP,2021-10-25,1.082,1.095,39851191.6,7
ADA,2021-10-26,2.145,2.137,70703339.54,5
AVAX,2021-10-26,69.73,68.89,49973414.81,12
BNB,2021-10-26,485.0,478.09,51974059.18,4
BTC,2021-10-26,63089.04,60315.68,1738003094.57,1
DOGE,2021-10-26,0.2649,0.2557,119811216.48,9
DOT,2021-10-26,44.51,44.87,213487089.02,8
ETH,2021-10-26,4220.26,4129.95,1291728236.29,2
LTC,2021-10-26,195.38,197.48,87322669.7,13
MATIC,2021-10-26,1.675,1.734,157879138.67,11
SOL,2021-10-26,209.85,199.72,698109565.85,3
TON,2021-10-26,0.0,0.0,0.0,15
TRX,2021-10-26,0.1007,0.1012,38724697.85,14
USDC,2021-10-26,1.0,1.0,28106.68,10
USDT,2021-10-26,1.0,1.0,28109.27,6
XRP,2021-10-26,1.095,1.107,86206127.67,7
ADA,2021-10-27,2.137,1.913,171242205.75,6
AVAX,2021-10-27,68.89,61.94,54111785.16,12
BNB,2021-10-27,478.09,448.6,99847332.95,4
BTC,2021-10-27,60315.68,58464.42,2719093218.08,1
DOGE,2021-10-27,0.2557,0.2375,317941053.81,9
DOT,2021-10-27,44.87,40.38,262907655.16,8
ETH,2021-10-27,4129.95,3924.31,2371617544.49,2
LTC,2021-10-27,197.48,179.22,229365687.51,13
MATIC,2021-10-27,1.734,1.757,313724824.53,11
SOL,2021-10-27,199.72,184.52,1015518131.75,3
TON,2021-10-27,0.0,0.0,0.0,15
TRX,2021-10-27,0.1012,0.09068,39831314.54,14
USDC,2021-10-27,1.0,1.0,45864.86,10
USDT,2021-10-27,1.0,1.001,45890.29,5
XRP,2021-10-27,1.107,0.9954,156915692.78,7
ADA,2021-10-28,1.913,1.989,112901408.25,6
AVAX,2021-10-28,61.94,64.46,30289819.08,12
BNB,2021-10-28,448.6,492.44,126300509.12,4
BTC,2021-10-28,58464.42,60610.11,3090102767.38,1
DOGE,2021-10-28,0.2375,0.2998,1029111803.49,9
DOT,2021-10-28,40.38,41.83,188062207.67,8
ETH,2021-10-28,3924.31,4288.22,2020610386.22,2
LTC,2021-10-28,179.22,189.9,145983450.52,13
MATIC,2021-10-28,1.757,2.133,308128235.75,11
SOL,2021-10-28,184.52,194.85,782980679.38,3
TON,2021-10-28,0.0,0.0,0.0,15
TRX,2021-10-28,0.09068,0.09532,36126751.97,14
USDC,2021-10-28,1.0,1.0,51253.17,10
USDT,2021-10-28,1.001,1.0,51261.0,5
XRP,2021-10-28,0.9954,1.058,128815757.65,7
ADA,2021-10-29,1.989,2.013,62763212.87,5
AVAX,2021-10-29,64.46,64.8,22409389.25,12
BNB,2021-10-29,492.44,530.21,129796389.39,3
BTC,2021-10-29,60610.11,62282.5,2168021242.77,1
DOGE,2021-10-29,0.2998,0.288,321913257.99,9
DOT,2021-10-29,41.83,44.11,178115378.9,8
ETH,2021-10-29,4288.22,4417.4,2095769732.29,2
LTC,2021-10-29,189.9,196.47,110034176.59,13
MATIC,2021-10-29,2.133,2.023,206228313.92,11
SOL,2021-10-29,194.85,200.41,526542688.21,4
TON,2021-10-29,0.0,0.0,0.0,15
TRX,2021-10-29,0.09532,0.09949,9813130.15,14
USDC,2021-10-29,1.0,1.0,35227.97,10
USDT,2021-10-29,1.0,1.001,35234.36,6
XRP,2021-10-29,1.058,1.082,71998786.67,7
ADA,2021-10-30,2.013,1.955,63000038.73,6
AVAX,2021-10-30,64.8,62.49,17863942.68,12
BNB,2021-10-30,530.21,528.72,99542796.56,3
BTC,2021-10-30,62282.5,61891.91,979987095.61,1
DOGE,2021-10-30,0.288,0.269,184072859.09,9
DOT,2021-10-30,44.11,42.73,95847031.71,8
ETH,2021-10-30,4417.4,4323.94,948358418.96,2
LTC,2021-10-30,196.47,190.33,74902726.13,13
MATIC,2021-10-30,2.023,1.874,95137080.0,11
SOL,2021-10-30,200.41,195.91,362788627.55,4
TON,2021-10-30,0.0,0.0,0.0,15
TRX,2021-10-30,0.09949,0.1011,83756329.8,14
USDC,2021-10-30,1.0,1.0,15923.94,10
USDT,2021-10-30,1.001,1.001,15925.64,5
XRP,2021-10-30,1.082,1.085,55818944.1,7
ADA,2021-10-31,1.955,1.966,57125601.65,6
AVAX,2021-10-31,62.49,64.6,21898670.07,12
BNB,2021-10-31,528.72,524.94,91052285.85,3
BTC,2021-10-31,61891.91,61349.75,1181933822.61,1
DOGE,2021-10-31,0.269,0.2802,200835275.49,9
DOT,2021-10-31,42.73,42.77,143053289.49,8
ETH,2021-10-31,4323.94,4290.1,1135939130.48,2
LTC,2021-10-31,190.33,191.97,83073003.65,13
MATIC,2021-10-31,1.874,1.941,128774327.7,11
SOL,2021-10-31,195.91,202.66,522968442.34,4
TON,2021-10-31,0.0,0.0,0.0,15
TRX,2021-10-31,0.1011,0.1016,15414974.91,14
USDC,2021-10-31,1.0,1.0,19362.68,10
USDT,2021-10-31,1.001,1.001,19375.7,5
XRP,2021-10-31,1.085,1.113,113084103.44,7
ADA,2021-11-01,1.966,1.949,61942894.18,6
AVAX,2021-11-01,64.6,65.1,23707437.39,12
BNB,2021-11-01,524.94,551.71,133728554.97,3
BTC,2021-11-01,61349.75,60960.98,1955088666.05,1
DOGE,2021-11-01,0.2802,0.2717,141770603.09,9
DOT,2021-11-01,42.77,50.03,389934884.95,8
ETH,2021-11-01,4290.1,4322.79,1425220983.08,2
LTC,2021-11-01,191.97,197.72,105023698.25,13
MATIC,2021-11-01,1.941,1.905,101435530.84,11
SOL,2021-11-01,202.66,203.51,670364839.19,4
TON,2021-11-01,0.0,0.0,0.0,15
TRX,2021-11-01,0.1016,0.1005,19630969.95,14
USDC,2021-11-01,1.0,1.0,31925.02,10
USDT,2021-11-01,1.001,1.001,31957.85,5
XRP,2021-11-01,1.113,1.093,78726565.34,7
ADA,2021-11-02,1.949,1.971,66510911.36,6
AVAX,2021-11-02,65.1,67.88,39373954.79,12
BNB,2021-11-02,551.71,554.94,87057211.52,4
BTC,2021-11-02,60960.98,63260.05,2260756044.28,1
DOGE,2021-11-02,0.2717,0.2741,103494575.66,9
DOT,2021-11-02,50.03,51.68,327353040.92,8
ETH,2021-11-02,4322.79,4593.15,1870280986.16,2
LTC,2021-11-02,197.72,200.87,98561822.26,13
MATIC,2021-11-02,1.905,1.939,74322147.53,11
SOL,2021-11-02,203.51,221.14,673404211.94,3
TON,2021-11-02,0.0,0.0,0.0,15
TRX,2021-11-02,0.1005,0.1074,21012883.37,14
USDC,2021-11-02,1.0,1.0,36025.8,10
USDT,2021-11-02,1.001,1.001,36038.56,5
XRP,2021-11-02,1.093,1.135,82953181.72,7
ADA,2021-11-03,1.971,2.064,157408879.55,5
AVAX,2021-11-03,67.88,76.39,87168971.98,12
BNB,2021-11-03,554.94,568.77,111637227.12,4
BTC,2021-11-03,63260.05,62929.93,1852233940.61,1
DOGE,2021-11-03,0.2741,0.269,101277605.2,9
DOT,2021-11-03,51.68,53.36,285796547.2,8
ETH,2021-11-03,4593.15,4604.4,1842855559.04,2
LTC,2021-11-03,200.87,207.22,156745613.7,13
MATIC,2021-11-03,1.939,2.037,137110631.2,11
SOL,2021-11-03,221.14,243.02,1279027288.99,3
TON,2021-11-03,0.0,0.0,0.0,15
TRX,2021-11-03,0.1074,0.1059,12544002.5,14
USDC,2021-11-03,1.0,1.0,29619.86,10
USDT,2021-11-03,1.001,1.001,29638.5,6
XRP,2021-11-03,1.135,1.21,152923420.48,7
ADA,2021-11-04,2.064,1.982,63365749.84,6
AVAX,2021-11-04,76.39,79.53,86261550.24,12
BNB,2021-11-04,568.77,559.5,69881431.1,4
BTC,2021-11-04,62929.93,61448.47,1420765190.91,1
DOGE,2021-11-04,0.269,0.2633,86450045.36,9
DOT,2021-11-04,53.36,53.91,232985507.27,8
ETH,2021-11-04,4604.4,4536.99,1369081687.71,2
LTC,2021-11-04,207.22,202.91,110598045.42,13
MATIC,2021-11-04,2.037,1.918,62781802.41,11
SOL,2021-11-04,243.02,247.17,981490100.53,3
TON,2021-11-04,0.0,0.0,0.0,15
TRX,2021-11-04,0.1059,0.1033,16394440.42,14
USDC,2021-11-04,1.0,0.9999,23027.4,10
USDT,2021-11-04,1.001,1.001,23049.39,5
XRP,2021-11-04,1.21,1.202,116447053.96,7
ADA,2021-11-05,1.982,1.983,43235827.0,6
AVAX,2021-11-05,79.53,74.26,45919531.04,12
BNB,2021-11-05,559.5,607.77,148524718.93,3
BTC,2021-11-05,61448.47,61019.66,1262030165.48,1
DOGE,2021-11-05,0.2633,0.2611,81892479.29,9
DOT,2021-11-05,53.91,51.85,162958596.59,8
ETH,2021-11-05,4536.99,4480.09,1023750022.65,2
LTC,2021-11-05,202.91,199.21,79820322.74,13
MATIC,2021-11-05,1.918,1.898,42847709.4,11
SOL,2021-11-05,247.17,236.34,615867461.64,4
TON,2021-11-05,0.0,0.0,0.0,15
TRX,2021-11-05,0.1033,0.1037,10742684.41,14
USDC,2021-11-05,0.9999,1.0,20544.4,10
USDT,2021-11-05,1.001,1.001,20560.99,5
XRP,2021-11-05,1.202,1.16,81925063.47,7
ADA,2021-11-06,1.983,2.005,45698117.5,5
AVAX,2021-11-06,74.26,78.6,33632706.8,11
BNB,2021-11-06,607.77,637.58,134947349.47,4
BTC,2021-11-06,61019.66,61529.76,939530051.87,1
DOGE,2021-11-06,0.2611,0.2619,56990091.6,9
DOT,2021-11-06,51.85,52.04,154293899.73,8
ETH,2021-11-06,4480.09,4521.41,889268557.48,2
LTC,2021-11-06,199.21,197.79,65383266.43,13
MATIC,2021-11-06,1.898,1.885,42010285.34,12
SOL,2021-11-06,236.34,258.63,763221693.79,3
TON,2021-11-06,0.0,0.0,0.0,15
TRX,2021-11-06,0.1037,0.1026,8686863.71,14
USDC,2021-11-06,1.0,1.0,15435.83,10
USDT,2021-11-06,1.001,1.001,15450.19,6
XRP,2021-11-06,1.16,1.152,51948036.01,7
ADA,2021-11-07,2.005,2.02,38313312.74,5
AVAX,2021-11-07,78.6,87.88,105672781.85,11
BNB,2021-11-07,637.58,649.78,128592411.65,3
BTC,2021-11-07,61529.76,63302.78,929571983.79,1
DOGE,2021-11-07,0.2619,0.2666,54980019.6,9
DOT,2021-11-07,52.04,52.23,118206177.88,8
ETH,2021-11-07,4521.41,4617.13,745891590.35,2
LTC,2021-11-07,197.79,202.13,61987563.68,13
MATIC,2021-11-07,1.885,1.886,29848777.62,12
SOL,2021-11-07,258.63,249.76,524752612.27,4
TON,2021-11-07,0.0,0.0,0.0,15
TRX,2021-11-07,0.1026,0.1045,7875027.87,14
USDC,2021-11-07,1.0,1.0,14940.16,10
USDT,2021-11-07,1.001,1.001,14949.52,6
XRP,2021-11-07,1.152,1.22,89193718.46,7
ADA,2021-11-08,2.02,2.126,77143706.41,5
AVAX,2021-11-08,87.88,91.46,150131363.37,11
BNB,2021-11-08,650.12,653.81,270253131.89,3
BTC,2021-11-08,63302.78,67549.14,2614939972.01,1
DOGE,2021-11-08,0.2666,0.2822,196095193.92,9
DOT,2021-11-08,52.23,53.39,187100580.77,8
ETH,2021-11-08,4617.13,4810.97,1401093512.37,2
LTC,2021-11-08,202.13,228.91,276756448.08,13
MATIC,2021-11-08,1.886,1.895,58513287.86,12
SOL,2021-11-08,249.76,248.35,781740221.44,4
TON,2021-11-08,0.0,0.0,0.0,15
TRX,2021-11-08,0.1045,0.11,14456596.54,14
USDC,2021-11-08,1.0,0.9998,39767.18,10
USDT,2021-11-08,1.001,1.001,39794.74,6
XRP,2021-11-08,1.22,1.283,146179006.0,7
ADA,2021-11-09,2.126,2.268,247992926.02,5
AVAX,2021-11-09,91.46,88.79,73944193.49,11
BNB,2021-11-09,654.05,635.14,97124325.53,3
BTC,2021-11-09,67549.14,66939.24,2209551778.82,1
DOGE,2021-11-09,0.2822,0.2735,112078108.07,9
DOT,2021-11-09,53.39,50.77,163484322.13,8
ETH,2021-11-09,4810.97,4732.07,1331650830.12,2
LTC,2021-11-09,228.91,262.1,730267834.22,13
MATIC,2021-11-09,1.895,1.777,69393899.93,12
SOL,2021-11-09,248.35,239.03,652304202.99,4
TON,2021-11-09,0.0,0.0,0.0,15
TRX,2021-11-09,0.11,0.1144,22849849.97,14
USDC,2021-11-09,0.9998,1.0,32748.9,10
USDT,2021-11-09,1.001,1.0,32748.3,6
XRP,2021-11-09,1.283,1.257,145568634.84,7
ADA,2021-11-10,2.268,2.101,198950717.88,5
AVAX,2021-11-10,88.79,85.84,105227825.18,11
BNB,2021-11-10,635.14,614.68,219194574.87,3
BTC,2021-11-10,66939.24,64926.06,3365466815.36,1
DOGE,2021-11-10,0.2735,0.2557,159827432.48,9
DOT,2021-11-10,50.77,46.82,315421422.88,8
ETH,2021-11-10,4732.07,4632.98,2133668813.42,2
LTC,2021-11-10,262.1,260.38,898480499.88,12
MATIC,2021-11-10,1.777,1.701,117240338.56,13
SOL,2021-11-10,239.03,233.62,912625322.97,4
TON,2021-11-10,0.0,0.0,0.0,15
TRX,2021-11-10,0.1144,0.1067,31216271.01,14
USDC,2021-11-10,1.0,0.9999,50586.18,10
USDT,2021-11-10,1.0,1.001,50618.81,6
XRP,2021-11-10,1.257,1.192,284356815.05,7
ADA,2021-11-11,2.101,2.081,61811329.0,5
AVAX,2021-11-11,85.84,88.52,62040029.05,11
BNB,2021-11-11,614.68,628.89,78819786.04,3
BTC,2021-11-11,64926.06,64820.8,1393819061.45,1
DOGE,2021-11-11,0.2557,0.2607,84382538.64,9
DOT,2021-11-11,46.82,47.49,175206377.17,8
ETH,2021-11-11,4632.98,4722.68,1045035758.02,2
LTC,2021-11-11,260.38,262.5,333147371.74,13
MATIC,2021-11-11,1.701,1.756,51690942.35,12
SOL,2021-11-11,233.62,233.51,636491052.02,4
TON,2021-11-11,0.0,0.0,0.0,15
TRX,2021-11-11,0.1067,0.109,17640040.79,14
USDC,2021-11-11,0.9999,0.9999,21473.32,10
USDT,2021-11-11,1.001,1.0,21482.14,6
XRP,2021-11-11,1.192,1.215,92926414.77,7
ADA,2021-11-12,2.081,2.049,68475062.7,5
AVAX,2021-11-12,88.52,84.97,61949447.04,11
BNB,2021-11-12,628.89,627.0,117760284.06,3
BTC,2021-11-12,64820.8,64156.3,2090846686.0,1
DOGE,2021-11-12,0.2607,0.2597,86773296.32,9
DOT,2021-11-12,47.49,45.93,179922626.34,8
ETH,2021-11-12,4722.68,4668.7,1521700733.37,2
LTC,2021-11-12,262.5,251.24,465544541.39,13
MATIC,2021-11-12,1.756,1.715,54809963.42,12
SOL,2021-11-12,233.51,228.64,728217076.6,4
TON,2021-11-12,0.0,0.0,0.0,15
TRX,2021-11-12,0.109,0.108,20204383.45,14
USDC,2021-11-12,0.9999,1.0,32746.05,10
USDT,2021-11-12,1.0,1.0,32758.18,6
XRP,2021-11-12,1.215,1.189,119892020.17,7
ADA,2021-11-13,2.049,2.052,34128267.63,5
AVAX,2021-11-13,84.97,97.62,86838958.79,11
BNB,2021-11-13,627.0,649.81,87880024.53,3
BTC,2021-11-13,64156.3,64409.56,815997863.99,1
DOGE,2021-11-13,0.2597,0.2614,43244172.14,9
DOT,2021-11-13,45.93,47.1,100151381.43,8
ETH,2021-11-13,4668.7,4645.64,619103766.42,2
LTC,2021-11-13,251.24,257.84,220779015.84,13
MATIC,2021-11-13,1.715,1.752,25563424.8,12
SOL,2021-11-13,228.64,241.66,526984439.76,4
TON,2021-11-13,0.0,0.0,0.0,15
TRX,2021-11-13,0.108,0.1126,22556880.11,14
USDC,2021-11-13,1.0,1.0,12722.52,10
USDT,2021-11-13,1.0,1.0,12725.78,6
XRP,2021-11-13,1.189,1.189,77389666.23,7
ADA,2021-11-14,2.052,2.04,30110180.63,5
AVAX,2021-11-14,97.62,95.61,87869993.24,11
BNB,2021-11-14,649.81,650.98,96732087.66,3
BTC,2021-11-14,64409.56,65509.06,947303706.23,1
DOGE,2021-11-14,0.2614,0.2628,64534009.7,9
DOT,2021-11-14,47.1,46.39,64483493.56,8
ETH,2021-11-14,4645.64,4627.5,793795679.01,2
LTC,2021-11-14,257.84,279.22,256958059.4,12
MATIC,2021-11-14,1.752,1.729,26534677.89,13
SOL,2021-11-14,241.66,238.71,402193492.97,4
TON,2021-11-14,0.0,0.0,0.0,15
TRX,2021-11-14,0.1126,0.1171,19858278.15,14
USDC,2021-11-14,1.0,1.0,14681.46,10
USDT,2021-11-14,1.0,1.0,14682.42,6
XRP,2021-11-14,1.189,1.188,61162436.05,7
ADA,2021-11-15,2.04,2.018,39660022.99,5
AVAX,2021-11-15,95.61,93.62,112877862.75,11
BNB,2021-11-15,650.98,634.01,97640991.0,3
BTC,2021-11-15,65509.06,63614.06,1639253320.63,1
DOGE,2021-11-15,0.2628,0.2568,54383122.55,9
DOT,2021-11-15,46.39,44.75,104220911.66,8
ETH,2021-11-15,4627.5,4561.38,1163390034.39,2
LTC,2021-11-15,279.22,263.11,219506109.38,12
MATIC,2021-11-15,1.729,1.692,31134277.54,13
SOL,2021-11-15,238.71,238.17,603963819.17,4
TON,2021-11-15,0.0,0.0,0.0,15
TRX,2021-11-15,0.1171,0.1239,43306793.56,14
USDC,2021-11-15,1.0,0.9999,25259.68,10
USDT,2021-11-15,1.0,1.0,25267.91,6
XRP,2021-11-15,1.188,1.172,64974801.54,7
ADA,2021-11-16,2.018,1.877,126309459.83,6
AVAX,2021-11-16,93.62,97.67,163553763.69,11
BNB,2021-11-16,634.01,589.16,199328903.48,3
BTC,2021-11-16,63614.06,60108.9,3740808475.72,1
DOGE,2021-11-16,0.2568,0.2369,182522731.46,9
DOT,2021-11-16,44.75,40.87,281814463.67,8
ETH,2021-11-16,4561.38,4210.14,2736848801.78,2
LTC,2021-11-16,263.11,230.42,411640213.3,13
MATIC,2021-11-16,1.692,1.561,108799236.57,12
SOL,2021-11-16,238.17,219.09,945520134.96,4
TON,2021-11-16,0.0,0.0,0.0,15
TRX,2021-11-16,0.1239,0.1095,38632980.11,14
USDC,2021-11-16,0.9999,1.0,61506.37,10
USDT,2021-11-16,1.0,1.001,61556.91,5
XRP,2021-11-16,1.172,1.089,176018406.0,7
ADA,2021-11-17,1.877,1.878,64546005.45,6
AVAX,2021-11-17,97.67,107.99,198131042.2,11
BNB,2021-11-17,589.16,578.22,122313907.62,3
BTC,2021-11-17,60108.9,60365.6,2582737930.61,1
DOGE,2021-11-17,0.2369,0.2378,154476687.1,9
DOT,2021-11-17,40.87,42.78,192850009.84,8
ETH,2021-11-17,4210.14,4289.75,1453634025.34,2
LTC,2021-11-17,230.42,229.7,225714418.23,13
MATIC,2021-11-17,1.561,1.638,71864667.01,12
SOL,2021-11-17,219.09,218.95,766218355.39,4
TON,2021-11-17,0.0,0.0,0.0,15
TRX,2021-11-17,0.1095,0.1113,25115645.02,14
USDC,2021-11-17,1.0,0.9999,43162.55,10
USDT,2021-11-17,1.001,1.0,43174.28,5
XRP,2021-11-17,1.089,1.096,67808743.32,7
ADA,2021-11-18,1.878,1.788,96681138.79,6
AVAX,2021-11-18,107.99,100.68,190898837.64,11
BNB,2021-11-18,578.22,532.02,133570263.78,3
BTC,2021-11-18,60365.6,56930.68,3718546724.95,1
DOGE,2021-11-18,0.2378,0.2216,168126941.41,9
DOT,2021-11-18,42.78,39.05,187124278.81,8
ETH,2021-11-18,4289.75,3998.17,2191561063.22,2
LTC,2021-11-18,229.7,204.44,293662977.94,13
MATIC,2021-11-18,1.638,1.497,71906943.96,12
SOL,2021-11-18,218.95,195.24,1136201350.17,4
TON,2021-11-18,0.0,0.0,0.0,15
TRX,2021-11-18,0.1113,0.1005,30236454.81,14
USDC,2021-11-18,0.9999,0.9997,63503.95,10
USDT,2021-11-18,1.0,1.001,63557.06,5
XRP,2021-11-18,1.096,1.042,148621605.24,7
ADA,2021-11-19,1.788,1.864,60247892.69,6
AVAX,2021-11-19,100.68,112.3,136616591.99,11
BNB,2021-11-19,532.02,581.61,72686983.58,3
BTC,2021-11-19,56930.68,58136.22,2107344590.7,1
DOGE,2021-11-19,0.2216,0.2333,93687522.22,9
DOT,2021-11-19,39.05,41.26,138837654.14,8
ETH,2021-11-19,3998.17,4299.27,1570958313.67,2
LTC,2021-11-19,204.44,218.24,195768006.01,13
MATIC,2021-11-19,1.497,1.622,40650938.83,12
SOL,2021-11-19,195.24,215.39,807802423.17,4
TON,2021-11-19,0.0,0.0,0.0,15
TRX,2021-11-19,0.1005,0.1041,18730765.76,14
USDC,2021-11-19,0.9997,1.0,36847.05,10
USDT,2021-11-19,1.001,1.002,36889.5,5
XRP,2021-11-19,1.042,1.091,119919302.79,7
ADA,2021-11-20,1.864,1.923,47039286.36,6
AVAX,2021-11-20,112.3,126.0,238250508.99,10
BNB,2021-11-20,581.61,604.73,86280275.43,3
BTC,2021-11-20,58136.22,59769.66,985075173.7,1
DOGE,2021-11-20,0.2333,0.2333,61623930.09,9
DOT,2021-11-20,41.26,42.13,77118445.24,8
ETH,2021-11-20,4299.27,4415.72,793329749.88,2
LTC,2021-11-20,218.24,227.2,139934932.18,13
MATIC,2021-11-20,1.622,1.667,31272961.02,12
SOL,2021-11-20,215.39,217.89,453823809.79,4
TON,2021-11-20,0.0,0.0,0.0,15
TRX,2021-11-20,0.1041,0.1054,17459802.98,14
USDC,2021-11-20,1.0,1.001,16782.22,11
USDT,2021-11-20,1.002,1.001,16794.87,5
XRP,2021-11-20,1.091,1.098,36198946.58,7
ADA,2021-11-21,1.923,1.839,30408777.29,6
AVAX,2021-11-21,126.0,128.87,354152413.84,9
BNB,2021-11-21,604.73,584.63,76600851.62,3
BTC,2021-11-21,59769.66,58700.83,888045056.17,1
DOGE,2021-11-21,0.2333,0.2261,58515591.75,10
DOT,2021-11-21,42.13,42.0,91096734.3,8
ETH,2021-11-21,4415.72,4264.61,677869864.33,2
LTC,2021-11-21,227.2,221.86,107218613.81,13
MATIC,2021-11-21,1.667,1.601,31616222.88,12
SOL,2021-11-21,217.89,230.56,645809130.04,4
TON,2021-11-21,0.0,0.0,0.0,15
TRX,2021-11-21,0.1054,0.1068,18923349.65,14
USDC,2021-11-21,1.001,0.9997,14986.13,11
USDT,2021-11-21,1.001,1.002,15014.88,5
XRP,2021-11-21,1.098,1.061,42867981.43,7
ADA,2021-11-22,1.839,1.779,43691256.6,6
AVAX,2021-11-22,128.87,135.27,348738725.38,9
BNB,2021-11-22,584.63,559.84,107569780.09,3
BTC,2021-11-22,58700.83,56303.06,2371226089.18,1
DOGE,2021-11-22,0.2261,0.2197,65940027.45,10
DOT,2021-11-22,42.0,39.51,121210648.25,8
ETH,2021-11-22,4264.61,4090.46,1505604412.03,2
LTC,2021-11-22,221.86,209.34,154394103.78,13
MATIC,2021-11-22,1.601,1.56,36847967.9,12
SOL,2021-11-22,230.56,215.78,792817609.76,4
TON,2021-11-22,0.0,0.0,0.0,15
TRX,2021-11-22,0.1068,0.102,16063916.16,14
USDC,2021-11-22,0.9997,1.0,41375.1,11
USDT,2021-11-22,1.002,1.001,41404.88,5
XRP,2021-11-22,1.061,1.038,78144106.83,7
ADA,2021-11-23,1.779,1.749,58524276.13,6
AVAX,2021-11-23,135.27,123.88,219931614.43,9
BNB,2021-11-23,559.84,591.18,110327019.99,3
BTC,2021-11-23,56303.06,57566.6,2153848949.04,1
DOGE,2021-11-23,0.2197,0.2269,113615294.96,10
DOT,2021-11-23,39.51,40.78,96181666.02,8
ETH,2021-11-23,4090.46,4341.17,1418992817.98,2
LTC,2021-11-23,209.34,216.34,106176909.51,13
MATIC,2021-11-23,1.56,1.752,69567362.33,12
SOL,2021-11-23,215.78,221.94,527801770.31,4
TON,2021-11-23,0.0,0.0,0.0,15
TRX,2021-11-23,0.102,0.1029,15546033.28,14
USDC,2021-11-23,1.0,0.9998,37865.33,11
USDT,2021-11-23,1.001,1.0,37888.96,5
XRP,2021-11-23,1.038,1.067,62671189.03,7
ADA,2021-11-24,1.749,1.668,120587488.06,6
AVAX,2021-11-24,123.88,115.19,216940569.24,10
BNB,2021-11-24,591.18,590.75,75519808.44,3
BTC,2021-11-24,57566.6,57175.09,1630017073.7,1
DOGE,2021-11-24,0.2269,0.2174,109011252.58,9
DOT,2021-11-24,40.78,38.31,107695410.32,8
ETH,2021-11-24,4341.17,4271.96,1031134404.33,2
LTC,2021-11-24,216.34,212.42,106697038.07,13
MATIC,2021-11-24,1.752,1.687,88339903.44,12
SOL,2021-11-24,221.94,205.75,613043468.19,4
TON,2021-11-24,0.0,0.0,0.0,15
TRX,2021-11-24,0.1029,0.09787,19471655.97,14
USDC,2021-11-24,0.9998,0.9998,28732.75,11
USDT,2021-11-24,1.0,1.001,28754.07,5
XRP,2021-11-24,1.067,1.034,68231023.74,7
ADA,2021-11-25,1.668,1.675,73511450.41,6
AVAX,2021-11-25,115.19,119.21,215520341.1,10
BNB,2021-11-25,590.75,639.3,109428309.87,3
BTC,2021-11-25,57175.09,58966.99,1412787308.46,1
DOGE,2021-11-25,0.2174,0.2214,83386773.78,9
DOT,2021-11-25,38.31,39.46,98285651.91,8
ETH,2021-11-25,4271.96,4523.8,1026529358.49,2
LTC,2021-11-25,212.42,223.04,156352732.01,13
MATIC,2021-11-25,1.687,1.926,113931547.78,12
SOL,2021-11-25,205.75,210.06,545045664.68,4
TON,2021-11-25,0.0,0.0,0.0,15
TRX,2021-11-25,0.09787,0.1002,16570312.33,14
USDC,2021-11-25,0.9998,1.0,24225.51,11
USDT,2021-11-25,1.001,1.001,24236.24,5
XRP,2021-11-25,1.034,1.043,64223956.43,7
ADA,2021-11-26,1.675,1.534,111410060.2,6
AVAX,2021-11-26,119.21,104.33,186100435.23,11
BNB,2021-11-26,639.3,587.42,217290773.14,3
BTC,2021-11-26,58966.99,53788.22,3312563227.95,1
DOGE,2021-11-26,0.2214,0.2021,243383601.52,10
DOT,2021-11-26,39.46,34.56,203952860.14,8
ETH,2021-11-26,4523.8,4042.55,2436905151.43,2
LTC,2021-11-26,223.04,195.52,232379118.09,13
MATIC,2021-11-26,1.926,1.64,176424277.08,12
SOL,2021-11-26,210.06,192.24,901104026.96,4
TON,2021-11-26,0.0,0.0,0.0,15
TRX,2021-11-26,0.1002,0.09228,20745190.77,14
USDC,2021-11-26,1.0,1.001,60096.16,9
USDT,2021-11-26,1.001,1.001,60137.76,5
XRP,2021-11-26,1.043,0.9384,187002144.33,7
ADA,2021-11-27,1.534,1.544,36090068.87,6
AVAX,2021-11-27,104.33,113.74,120739530.17,9
BNB,2021-11-27,587.42,600.62,99141406.78,3
BTC,2021-11-27,53788.22,54805.03,1010585542.47,1
DOGE,2021-11-27,0.2021,0.2052,55490525.21,11
DOT,2021-11-27,34.56,35.2,81954177.97,8
ETH,2021-11-27,4042.55,4100.3,705324182.49,2
LTC,2021-11-27,195.52,195.45,82720814.87,13
MATIC,2021-11-27,1.64,1.614,51641752.19,12
SOL,2021-11-27,192.24,193.0,370235838.89,4
TON,2021-11-27,0.0,0.0,0.0,15
TRX,2021-11-27,0.09228,0.09342,12304196.23,14
USDC,2021-11-27,1.001,1.0,18510.74,10
USDT,2021-11-27,1.001,1.001,18520.88,5
XRP,2021-11-27,0.9384,0.946,40021405.13,7
ADA,2021-11-28,1.544,1.596,79380348.09,6
AVAX,2021-11-28,113.74,110.63,121770092.32,11
BNB,2021-11-28,600.62,611.95,98801333.36,3
BTC,2021-11-28,54805.03,57331.41,1186994646.57,1
DOGE,2021-11-28,0.2052,0.2078,65367746.24,10
DOT,2021-11-28,35.2,35.79,121263667.43,8
ETH,2021-11-28,4100.3,4297.92,1016069613.05,2
LTC,2021-11-28,195.45,199.64,125248842.25,13
MATIC,2021-11-28,1.614,1.654,65078755.54,12
SOL,2021-11-28,193.0,200.92,489856577.53,4
TON,2021-11-28,0.0,0.0,0.0,15
TRX,2021-11-28,0.09342,0.09525,15735602.83,14
USDC,2021-11-28,1.0,1.001,21573.12,9
USDT,2021-11-28,1.001,1.001,21585.08,5
XRP,2021-11-28,0.946,0.969,70231274.07,7
ADA,2021-11-29,1.596,1.603,42426987.53,6
AVAX,2021-11-29,110.63,120.81,114836555.25,9
BNB,2021-11-29,611.95,624.12,67344344.85,3
BTC,2021-11-29,57331.41,57839.55,1690005715.85,1
DOGE,2021-11-29,0.2078,0.2151,105817865.7,10
DOT,2021-11-29,35.79,37.14,116448560.83,8
ETH,2021-11-29,4297.92,4448.49,1267610516.1,2
LTC,2021-11-29,199.64,205.8,115939725.34,13
MATIC,2021-11-29,1.654,1.818,62326363.74,12
SOL,2021-11-29,200.92,204.22,645321566.94,4
TON,2021-11-29,0.0,0.0,0.0,15
TRX,2021-11-29,0.09525,0.09665,15238677.84,14
USDC,2021-11-29,1.001,1.0,29303.33,11
USDT,2021-11-29,1.001,1.001,29325.97,5
XRP,2021-11-29,0.969,0.9905,73654978.78,7
ADA,2021-11-30,1.603,1.554,53326835.46,6
AVAX,2021-11-30,120.81,121.01,187806837.12,9
BNB,2021-11-30,624.12,622.23,103531234.98,3
BTC,2021-11-30,57839.55,56975.35,2383744473.31,1
DOGE,2021-11-30,0.2151,0.2145,107059648.19,10
DOT,2021-11-30,37.14,37.94,128062710.89,8
ETH,2021-11-30,4448.49,4631.1,2807573673.7,2
LTC,2021-11-30,205.8,207.82,185020919.96,13
MATIC,2021-11-30,1.818,1.785,118452829.16,12
SOL,2021-11-30,204.22,208.43,813688555.37,4
TON,2021-11-30,0.0,0.0,0.0,15
TRX,2021-11-30,0.09665,0.09655,19984660.88,14
USDC,2021-11-30,1.0,1.001,41523.09,11
USDT,2021-11-30,1.001,1.001,613680.9,5
XRP,2021-11-30,0.9905,0.999,71211222.15,7
ADA,2021-12-01,1.554,1.548,45719421.05,6
AVAX,2021-12-01,121.01,119.79,178048320.92,9
BNB,2021-12-01,622.23,627.93,81358877.35,3
BTC,2021-12-01,56975.35,57227.97,2072824070.98,1
DOGE,2021-12-01,0.2145,0.2093,58631122.29,10
DOT,2021-12-01,37.94,36.82,154085599.81,8
ETH,2021-12-01,4631.1,4587.74,2040601934.49,2
LTC,2021-12-01,207.82,208.96,122185220.47,13
MATIC,2021-12-01,1.785,2.007,177377846.98,12
SOL,2021-12-01,208.43,229.91,898339035.81,4
TON,2021-12-01,0.0,0.0,0.0,15
TRX,2021-12-01,0.09655,0.09689,19874384.8,14
USDC,2021-12-01,1.001,1.001,36099.04,11
USDT,2021-12-01,1.001,1.001,36103.93,5
XRP,2021-12-01,0.999,0.9905,57589730.23,7
ADA,2021-12-02,1.548,1.72,113119169.95,6
AVAX,2021-12-02,119.79,107.89,144895663.47,11
BNB,2021-12-02,627.93,620.69,101574939.47,3
BTC,2021-12-02,57227.97,56522.76,1712170975.38,1
DOGE,2021-12-02,0.2093,0.2095,88039648.39,9
DOT,2021-12-02,36.82,35.78,114760748.86,8
ETH,2021-12-02,4587.74,4514.8,1418366718.66,2
LTC,2021-12-02,208.96,203.62,102119620.66,13
MATIC,2021-12-02,2.007,2.126,261682277.96,12
SOL,2021-12-02,229.91,233.89,928096463.45,4
TON,2021-12-02,0.0,0.0,0.0,15
TRX,2021-12-02,0.09689,0.09755,12891582.89,14
USDC,2021-12-02,1.001,1.0,30215.16,10
USDT,2021-12-02,1.001,1.001,30233.62,5
XRP,2021-12-02,0.9905,0.9731,45494575.81,7
ADA,2021-12-03,1.72,1.559,71005281.77,6
AVAX,2021-12-03,107.89,108.52,183820486.49,10
BNB,2021-12-03,620.69,595.59,95478795.59,3
BTC,2021-12-03,56522.76,53663.25,2461497753.56,1
DOGE,2021-12-03,0.2095,0.2,72067629.75,11
DOT,2021-12-03,35.78,33.69,145561203.07,8
ETH,2021-12-03,4514.8,4219.32,2259654209.54,2
LTC,2021-12-03,203.62,187.98,129629835.73,13
MATIC,2021-12-03,2.126,2.277,331068149.77,12
SOL,2021-12-03,233.89,211.87,1020720529.22,4
TON,2021-12-03,0.0,0.0,0.0,15
TRX,2021-12-03,0.09755,0.094,16595353.73,14
USDC,2021-12-03,1.0,0.9998,44895.97,9
USDT,2021-12-03,1.001,1.0,44917.47,5
XRP,2021-12-03,0.9731,0.9225,59765954.14,7
ADA,2021-12-04,1.559,1.423,145269010.84,6
AVAX,2021-12-04,108.52,93.05,272071095.06,11
BNB,2021-12-04,595.59,569.2,170731600.34,3
BTC,2021-12-04,53663.25,49243.39,4315348557.56,1
DOGE,2021-12-04,0.2,0.179,243098791.84,10
DOT,2021-12-04,33.69,29.42,268144336.56,8
ETH,2021-12-04,4219.32,4124.26,3148499591.46,2
LTC,2021-12-04,187.98,163.09,280242470.43,13
MATIC,2021-12-04,2.277,1.979,343620233.13,12
SOL,2021-12-04,211.87,201.01,1318497937.04,4
TON,2021-12-04,0.0,0.0,0.0,15
TRX,2021-12-04,0.094,0.08706,25885448.08,14
USDC,2021-12-04,0.9998,1.0,89261.45,9
USDT,2021-12-04,1.0,1.001,89388.93,5
XRP,2021-12-04,0.9225,0.8479,151221160.51,7
ADA,2021-12-05,1.423,1.38,68407225.76,6
AVAX,2021-12-05,93.05,86.41,157355969.19,11
BNB,2021-12-05,569.2,558.23,73314975.17,3
BTC,2021-12-05,49243.39,49465.5,2074283149.33,1
DOGE,2021-12-05,0.179,0.1717,66865283.11,10
DOT,2021-12-05,29.42,28.34,145959523.02,8
ETH,2021-12-05,4124.26,4201.09,1701512079.93,2
LTC,2021-12-05,163.09,156.58,189514172.1,13
MATIC,2021-12-05,1.979,2.051,218218502.75,12
SOL,2021-12-05,201.01,196.74,754152543.44,4
TON,2021-12-05,0.0,0.0,0.0,15
TRX,2021-12-05,0.08706,0.0844,16539101.39,14
USDC,2021-12-05,1.0,1.001,42302.23,9
USDT,2021-12-05,1.001,1.002,42327.93,5
XRP,2021-12-05,0.8479,0.805,88768600.4,7
ADA,2021-12-06,1.38,1.423,74556616.05,6
AVAX,2021-12-06,86.41,93.27,196327563.99,12
BNB,2021-12-06,558.23,587.99,107822899.32,3
BTC,2021-12-06,49465.5,50552.83,2437856119.9,1
DOGE,2021-12-06,0.1717,0.1783,87530638.26,10
DOT,2021-12-06,28.34,28.2,181333564.71,8
ETH,2021-12-06,4201.09,4357.17,2557612886.32,2
LTC,2021-12-06,156.58,161.81,168370538.97,13
MATIC,2021-12-06,2.051,2.279,299167681.31,11
SOL,2021-12-06,196.74,194.03,829741291.09,4
TON,2021-12-06,0.0,0.0,0.0,15
TRX,2021-12-06,0.0844,0.08745,22754126.42,14
USDC,2021-12-06,1.001,1.0,49892.42,9
USDT,2021-12-06,1.001,1.002,621657.71,5
XRP,2021-12-06,0.805,0.8277,91754807.02,7
ADA,2021-12-07,1.423,1.379,57421285.83,6
AVAX,2021-12-07,93.27,89.7,122174669.69,12
BNB,2021-12-07,587.99,579.11,73713390.43,3
BTC,2021-12-07,50552.83,50633.01,1496164576.66,1
DOGE,2021-12-07,0.1783,0.1765,64629798.69,11
DOT,2021-12-07,28.2,30.53,153426050.24,8
ETH,2021-12-07,4357.17,4309.7,1397029329.38,2
LTC,2021-12-07,161.81,162.06,117232755.81,13
MATIC,2021-12-07,2.279,2.348,317268721.1,10
SOL,2021-12-07,194.03,190.38,627419940.3,4
TON,2021-12-07,0.0,0.0,0.0,15
TRX,2021-12-07,0.08745,0.09009,18201504.89,14
USDC,2021-12-07,1.0,1.0,29310.35,9
USDT,2021-12-07,1.002,1.001,29332.48,5
XRP,2021-12-07,0.8277,0.8162,56670310.31,7
ADA,2021-12-08,1.379,1.396,42228111.98,6
AVAX,2021-12-08,89.7,93.18,87066462.23,12
BNB,2021-12-08,579.11,607.83,73816605.62,3
BTC,2021-12-08,50633.01,50513.04,1290175070.3,1
DOGE,2021-12-08,0.1765,0.1792,42344068.4,11
DOT,2021-12-08,30.53,29.83,103705055.82,8
ETH,2021-12-08,4309.7,4439.98,1271231903.62,2
LTC,2021-12-08,162.06,165.22,154986552.4,13
MATIC,2021-12-08,2.348,2.419,262941002.15,10
SOL,2021-12-08,190.38,194.74,596098555.68,4
TON,2021-12-08,0.0,0.0,0.0,15
TRX,2021-12-08,0.09009,0.0924,20864718.54,14
USDC,2021-12-08,1.0,1.0,25738.79,9
USDT,2021-12-08,1.001,1.001,25758.63,5
XRP,2021-12-08,0.8162,0.8624,63967220.92,7
ADA,2021-12-09,1.396,1.291,47695371.38,6
AVAX,2021-12-09,93.18,85.46,129213604.47,12
BNB,2021-12-09,607.83,570.89,94145650.49,3
BTC,2021-12-09,50513.04,47593.85,1681556175.72,1
DOGE,2021-12-09,0.1792,0.1692,41419598.92,10
DOT,2021-12-09,29.83,26.95,106435919.06,9
ETH,2021-12-09,4439.98,4111.92,1647959364.78,2
LTC,2021-12-09,165.22,151.5,117994563.41,13
MATIC,2021-12-09,2.419,2.088,213244116.8,11
SOL,2021-12-09,194.74,181.41,478456793.35,4
TON,2021-12-09,0.0,0.0,0.0,15
TRX,2021-12-09,0.0924,0.08872,34750891.39,14
USDC,2021-12-09,1.0,1.0,34477.71,8
USDT,2021-12-09,1.001,1.001,34494.2,5
XRP,2021-12-09,0.8624,0.8594,140522405.17,7
ADA,2021-12-10,1.291,1.211,52258246.63,6
AVAX,2021-12-10,85.46,80.77,110191910.79,12
BNB,2021-12-10,570.89,553.52,103603598.57,3
BTC,2021-12-10,47593.85,47191.14,1905617871.17,1
DOGE,2021-12-10,0.1692,0.1642,32094483.13,10
DOT,2021-12-10,26.95,26.42,121477904.27,9
ETH,2021-12-10,4111.92,3902.49,1887677550.92,2
LTC,2021-12-10,151.5,148.53,106943313.34,13
MATIC,2021-12-10,2.088,2.094,202463142.6,11
SOL,2021-12-10,181.41,167.65,530322164.88,4
TON,2021-12-10,0.0,0.0,0.0,15
TRX,2021-12-10,0.08872,0.08778,32735524.22,14
USDC,2021-12-10,1.0,1.0,39537.66,8
USDT,2021-12-10,1.001,1.001,39557.42,5
XRP,2021-12-10,0.8594,0.7994,96485808.48,7
ADA,2021-12-11,1.211,1.352,62815374.33,6
AVAX,2021-12-11,80.77,86.51,81028731.84,12
BNB,2021-12-11,553.52,564.19,59817167.91,3
BTC,2021-12-11,47191.14,49398.4,1181186604.23,1
DOGE,2021-12-11,0.1642,0.1689,27460921.83,10
DOT,2021-12-11,26.42,27.8,101223809.01,8
ETH,2021-12-11,3902.49,4088.68,1229885614.78,2
LTC,2021-12-11,148.53,158.0,91469703.18,13
MATIC,2021-12-11,2.094,2.137,115433239.48,11
SOL,2021-12-11,167.65,172.08,422171857.72,4
TON,2021-12-11,0.0,0.0,0.0,15
TRX,2021-12-11,0.08778,0.09154,23040518.37,14
USDC,2021-12-11,1.0,1.001,24407.28,9
USDT,2021-12-11,1.0,1.001,306927.27,5
XRP,2021-12-11,0.7994,0.8387,41953617.06,7
ADA,2021-12-12,1.352,1.347,36201800.55,6
AVAX,2021-12-12,86.51,88.08,54851520.39,11
BNB,2021-12-12,564.19,570.73,38164552.43,3
BTC,2021-12-12,49398.4,50109.99,1072562349.4,1
DOGE,2021-12-12,0.1689,0.1698,24179780.35,10
DOT,2021-12-12,27.8,29.59,74642061.9,8
ETH,2021-12-12,4088.68,4135.31,822451692.61,2
LTC,2021-12-12,158.0,159.1,55606715.42,13
MATIC,2021-12-12,2.137,2.087,70563095.94,12
SOL,2021-12-12,172.08,173.0,250507432.05,4
TON,2021-12-12,0.0,0.0,0.0,15
TRX,2021-12-12,0.09154,0.09109,18252577.03,14
USDC,2021-12-12,1.001,1.0,21548.04,9
USDT,2021-12-12,1.001,1.001,21568.19,5
XRP,2021-12-12,0.8387,0.8404,31948501.34,7
ADA,2021-12-13,1.347,1.225,50679869.16,6
AVAX,2021-12-13,88.08,79.09,134282324.86,11
BNB,2021-12-13,570.73,521.07,87897283.19,3
BTC,2021-12-13,50109.99,46731.03,2353893179.4,1
DOGE,2021-12-13,0.1698,0.1574,45654183.57,10
DOT,2021-12-13,29.59,25.96,138292077.67,9
ETH,2021-12-13,4135.31,3785.08,2479495385.68,2
LTC,2021-12-13,159.1,144.66,110568462.49,13
MATIC,2021-12-13,2.087,1.817,118867159.4,12
SOL,2021-12-13,173.0,155.15,698246643.46,5
TON,2021-12-13,0.0,0.0,0.0,15
TRX,2021-12-13,0.09109,0.08504,16878768.66,14
USDC,2021-12-13,1.0,1.0,49461.55,8
USDT,2021-12-13,1.001,1.001,639333.12,4
XRP,2021-12-13,0.8404,0.7819,69959684.74,7
ADA,2021-12-14,1.225,1.267,43115081.81,6
AVAX,2021-12-14,79.09,87.22,122594372.02,11
BNB,2021-12-14,521.07,528.6,87062656.57,3
BTC,2021-12-14,46731.03,48387.69,1646492085.28,1
DOGE,2021-12-14,0.1574,0.1911,345024658.56,10
DOT,2021-12-14,25.96,26.21,99720833.36,9
ETH,2021-12-14,3785.08,3862.18,1331915229.79,2
LTC,2021-12-14,144.66,150.55,70934048.36,13
MATIC,2021-12-14,1.817,1.941,108021194.97,12
SOL,2021-12-14,155.15,161.43,511967381.77,5
TON,2021-12-14,0.0,0.0,0.0,15
TRX,2021-12-14,0.08504,0.08716,18932591.68,14
USDC,2021-12-14,1.0,1.0,34839.36,8
USDT,2021-12-14,1.001,1.001,34861.3,4
XRP,2021-12-14,0.7819,0.8117,62913145.2,7
ADA,2021-12-15,1.267,1.311,44950556.58,6
AVAX,2021-12-15,87.22,101.29,281597786.26,10
BNB,2021-12-15,528.6,541.28,73898193.31,3
BTC,2021-12-15,48387.69,48885.05,2132679583.02,1
DOGE,2021-12-15,0.1911,0.1811,109418691.59,11
DOT,2021-12-15,26.21,27.16,141807809.59,8
ETH,2021-12-15,3862.18,4020.19,2261433715.25,2
LTC,2021-12-15,150.55,153.58,86830506.8,13
MATIC,2021-12-15,1.941,2.129,185325349.68,12
SOL,2021-12-15,161.43,178.55,810320871.82,4
TON,2021-12-15,0.0,0.0,0.0,15
TRX,2021-12-15,0.08716,0.08758,16252065.47,14
USDC,2021-12-15,1.0,1.0,44272.43,9
USDT,2021-12-15,1.001,1.0,584882.02,5
XRP,2021-12-15,0.8117,0.8273,57667396.52,7
ADA,2021-12-16,1.311,1.24,32592937.97,6
AVAX,2021-12-16,101.29,98.29,221372733.43,10
BNB,2021-12-16,541.28,526.08,52330887.83,3
BTC,2021-12-16,48885.05,47635.92,1271265804.99,1
DOGE,2021-12-16,0.1811,0.1731,56792037.2,11
DOT,2021-12-16,27.16,26.02,128229235.44,9
ETH,2021-12-16,4020.19,3957.03,1214057116.12,2
LTC,2021-12-16,153.58,148.81,61101099.8,13
MATIC,2021-12-16,2.129,2.069,117664484.43,12
SOL,2021-12-16,178.55,176.92,612512486.57,4
TON,2021-12-16,0.0,0.0,0.0,15
TRX,2021-12-16,0.08758,0.08542,15058385.81,14
USDC,2021-12-16,0.9999,1.0,110453301.25,8
USDT,2021-12-16,1.0,1.0,26208.26,5
XRP,2021-12-16,0.8273,0.8054,34344254.48,7
ADA,2021-12-17,1.24,1.219,39949662.68,6
AVAX,2021-12-17,98.29,110.77,241878430.41,9
BNB,2021-12-17,526.08,525.79,78991179.8,3
BTC,2021-12-17,47635.92,46164.14,1756062773.63,1
DOGE,2021-12-17,0.1731,0.1687,54975607.62,11
DOT,2021-12-17,26.02,24.66,116353447.43,10
ETH,2021-12-17,3957.03,3876.37,1510947390.05,2
LTC,2021-12-17,148.81,144.12,64913120.09,13
MATIC,2021-12-17,2.069,2.129,109201883.26,12
SOL,2021-12-17,176.92,175.65,611889028.86,4
TON,2021-12-17,0.0,0.0,0.0,15
TRX,2021-12-17,0.08542,0.07963,18515574.07,14
USDC,2021-12-17,1.0,1.0,94500281.38,8
USDT,2021-12-17,1.0,1.0,37564.7,5
XRP,2021-12-17,0.8054,0.7969,73788510.06,7
ADA,2021-12-18,1.219,1.243,22396359.36,6
AVAX,2021-12-18,110.77,115.96,169485502.54,8
BNB,2021-12-18,525.79,534.23,51171531.15,3
BTC,2021-12-18,46164.14,46861.62,874187163.05,1
DOGE,2021-12-18,0.1687,0.1724,28949293.15,11
DOT,2021-12-18,24.66,25.51,73176286.43,10
ETH,2021-12-18,3876.37,3961.96,905001419.39,2
LTC,2021-12-18,144.12,148.74,39307098.03,13
MATIC,2021-12-18,2.129,2.232,97773479.79,12
SOL,2021-12-18,175.65,182.92,360250483.77,4
TON,2021-12-18,0.0,0.0,0.0,15
TRX,2021-12-18,0.07963,0.08051,14153502.26,14
USDC,2021-12-18,0.9999,1.0,18785.9,9
USDT,2021-12-18,1.0,1.0,231091.81,5
XRP,2021-12-18,0.7969,0.8265,25548055.36,7
ADA,2021-12-19,1.243,1.244,38184074.93,7
AVAX,2021-12-19,115.96,107.59,105076250.72,9
BNB,2021-12-19,534.23,530.01,48557695.12,3
BTC,2021-12-19,46861.62,46697.13,1035963939.83,1
DOGE,2021-12-19,0.1724,0.1695,20476829.25,12
DOT,2021-12-19,25.51,24.79,55896617.96,10
ETH,2021-12-19,3961.96,3924.55,714693305.99,2
LTC,2021-12-19,148.74,153.21,109792887.86,13
MATIC,2021-12-19,2.232,2.222,81966420.39,11
SOL,2021-12-19,182.92,180.02,362544203.11,4
TON,2021-12-19,0.0,0.0,0.0,15
TRX,2021-12-19,0.08051,0.0795,13111374.13,14
USDC,2021-12-19,1.0,1.0,21906.8,8
USDT,2021-12-19,1.001,1.0,21912.09,5
XRP,2021-12-19,0.8265,0.8349,22498057.57,6
ADA,2021-12-20,1.244,1.238,36548372.9,7
AVAX,2021-12-20,107.59,113.53,195318018.99,8
BNB,2021-12-20,530.01,523.85,57384948.6,3
BTC,2021-12-20,46697.13,46913.54,1517599333.73,1
DOGE,2021-12-20,0.1695,0.1672,36876253.75,11
DOT,2021-12-20,24.79,24.08,89869403.41,10
ETH,2021-12-20,3924.55,3945.57,1148343070.42,2
LTC,2021-12-20,153.21,152.7,81730103.97,13
MATIC,2021-12-20,2.222,2.128,90227669.97,12
SOL,2021-12-20,180.02,174.01,459540166.98,4
TON,2021-12-20,0.0,0.0,0.0,15
TRX,2021-12-20,0.0795,0.07757,18324797.17,14
USDC,2021-12-20,1.0,1.0,32678.28,9
USDT,2021-12-20,1.0,1.0,32688.44,5
XRP,2021-12-20,0.8349,0.8788,111620628.36,6
ADA,2021-12-21,1.238,1.281,34831358.63,7
AVAX,2021-12-21,113.53,123.27,185848821.23,8
BNB,2021-12-21,523.85,528.84,50684218.77,3
BTC,2021-12-21,46913.54,48917.48,1546447524.57,1
DOGE,2021-12-21,0.1672,0.1709,26799726.78,12
DOT,2021-12-21,24.08,25.18,76620903.95,10
ETH,2021-12-21,3945.57,4017.7,1100583287.23,2
LTC,2021-12-21,152.7,154.8,64472221.15,13
MATIC,2021-12-21,2.128,2.374,128773861.37,11
SOL,2021-12-21,174.01,179.76,436326304.27,4
TON,2021-12-21,0.0,0.0,0.0,15
TRX,2021-12-21,0.07757,0.07885,14655968.81,14
USDC,2021-12-21,1.0,1.0,31927.54,9
USDT,2021-12-21,1.0,1.001,31940.64,5
XRP,2021-12-21,0.8788,0.9472,115996890.9,6
ADA,2021-12-22,1.281,1.328,42231132.32,7
AVAX,2021-12-22,123.27,116.68,168492026.29,8
BNB,2021-12-22,528.84,533.74,49761596.24,3
BTC,2021-12-22,48917.48,48614.97,1028434929.44,1
DOGE,2021-12-22,0.1709,0.1731,46464548.6,12
DOT,2021-12-22,25.18,27.24,112350261.44,9
ETH,2021-12-22,4017.7,3981.26,769184671.11,2
LTC,2021-12-22,154.8,155.44,62478507.84,13
MATIC,2021-12-22,2.374,2.501,214731368.29,11
SOL,2021-12-22,179.76,178.36,490179135.35,4
TON,2021-12-22,0.0,0.0,0.0,15
TRX,2021-12-22,0.07885,0.07912,16314450.71,14
USDC,2021-12-22,1.0,1.0,21000.38,10
USDT,2021-12-22,1.001,1.0,21007.93,5
XRP,2021-12-22,0.9472,0.9541,87350078.59,6
ADA,2021-12-23,1.328,1.474,68643605.39,7
AVAX,2021-12-23,116.68,121.48,144941437.96,9
BNB,2021-12-23,533.74,548.95,57126473.73,3
BTC,2021-12-23,48614.97,50830.2,1525047125.27,1
DOGE,2021-12-23,0.1731,0.1849,50018100.82,12
DOT,2021-12-23,27.24,29.16,107393504.8,8
ETH,2021-12-23,3981.26,4112.35,1268269549.32,2
LTC,2021-12-23,155.44,163.67,80230428.49,13
MATIC,2021-12-23,2.501,2.684,218328665.83,11
SOL,2021-12-23,178.36,190.12,462865144.35,4
TON,2021-12-23,0.0,0.0,0.0,15
TRX,2021-12-23,0.07912,0.08269,11465799.81,14
USDC,2021-12-23,0.9999,1.0,64981722.11,10
USDT,2021-12-23,1.0,1.001,30756.04,5
XRP,2021-12-23,0.9541,0.9938,125314026.48,6
ADA,2021-12-24,1.474,1.392,40815999.85,6
AVAX,2021-12-24,121.48,114.93,122297183.0,9
BNB,2021-12-24,548.95,542.08,43364323.05,3
BTC,2021-12-24,50830.2,50840.36,1107244995.18,1
DOGE,2021-12-24,0.1849,0.1864,71785148.42,12
DOT,2021-12-24,29.16,28.16,65873664.72,8
ETH,2021-12-24,4112.35,4047.87,733002231.89,2
LTC,2021-12-24,163.67,161.25,58607317.13,13
MATIC,2021-12-24,2.684,2.467,121102922.42,11
SOL,2021-12-24,190.12,190.43,473958198.71,4
TON,2021-12-24,0.0,0.0,0.0,15
TRX,2021-12-24,0.08269,0.08084,9442178.17,14
USDC,2021-12-24,1.001,1.0,21678.85,10
USDT,2021-12-24,1.001,1.001,21685.51,5
XRP,2021-12-24,0.9938,0.9115,95338866.73,7
ADA,2021-12-25,1.392,1.454,29025706.45,6
AVAX,2021-12-25,114.93,114.83,110532369.78,9
BNB,2021-12-25,542.08,547.77,25849270.89,3
BTC,2021-12-25,50840.36,50431.63,585818997.15,1
DOGE,2021-12-25,0.1864,0.1908,38606717.35,12
DOT,2021-12-25,28.16,28.86,48609050.77,8
ETH,2021-12-25,4047.87,4097.06,443317505.87,2
LTC,2021-12-25,161.25,157.77,47651507.63,13
MATIC,2021-12-25,2.467,2.641,85627338.89,11
SOL,2021-12-25,190.43,193.05,289095316.88,4
TON,2021-12-25,0.0,0.0,0.0,15
TRX,2021-12-25,0.08084,0.08159,11747473.91,14
USDC,2021-12-25,1.0,1.0,11534.47,10
USDT,2021-12-25,1.001,1.001,11539.33,5
XRP,2021-12-25,0.9115,0.9258,28011420.93,7
ADA,2021-12-26,1.454,1.456,36351107.72,6
AVAX,2021-12-26,114.83,115.08,115702069.26,10
BNB,2021-12-26,547.77,546.52,36472914.05,3
BTC,2021-12-26,50431.63,50790.88,736617761.86,1
DOGE,2021-12-26,0.1908,0.1899,27685283.6,12
DOT,2021-12-26,28.86,31.31,105041946.02,8
ETH,2021-12-26,4097.06,4063.44,456822577.62,2
LTC,2021-12-26,157.77,155.91,62891431.58,13
MATIC,2021-12-26,2.641,2.877,153332948.23,9
SOL,2021-12-26,193.05,197.89,322371606.21,4
TON,2021-12-26,0.0,0.0,0.0,15
TRX,2021-12-26,0.08159,0.08157,12144692.84,14
USDC,2021-12-26,1.0,0.9997,14658.84,11
USDT,2021-12-26,1.001,1.0,14669.83,5
XRP,2021-12-26,0.9258,0.9207,16122623.37,7
ADA,2021-12-27,1.456,1.516,59839480.34,6
AVAX,2021-12-27,115.08,113.9,86779709.24,9
BNB,2021-12-27,547.02,563.95,98394064.49,3
BTC,2021-12-27,50790.88,50714.73,1120188136.96,1
DOGE,2021-12-27,0.1899,0.1879,28329957.37,12
DOT,2021-12-27,31.31,30.96,106097910.81,8
ETH,2021-12-27,4063.44,4037.87,672618458.2,2
LTC,2021-12-27,155.91,155.85,55959900.99,13
MATIC,2021-12-27,2.877,2.727,117297929.97,10
SOL,2021-12-27,197.89,195.73,336237614.32,4
TON,2021-12-27,0.0,0.0,0.0,15
TRX,2021-12-27,0.08157,0.08115,13745756.81,14
USDC,2021-12-27,0.9997,1.0,21880.24,11
USDT,2021-12-27,1.0,1.0,21882.38,5
XRP,2021-12-27,0.9207,0.9268,27833142.52,7
ADA,2021-12-28,1.516,1.399,70804201.02,6
AVAX,2021-12-28,113.9,107.05,169416361.6,10
BNB,2021-12-28,563.75,534.24,64083740.37,3
BTC,2021-12-28,50714.73,47536.39,1985905082.17,1
DOGE,2021-12-28,0.1879,0.1738,38247813.58,12
DOT,2021-12-28,30.96,27.84,143442612.78,8
ETH,2021-12-28,4037.87,3793.54,1320165386.47,2
LTC,2021-12-28,155.85,145.69,91388095.54,13
MATIC,2021-12-28,2.727,2.492,202980510.57,11
SOL,2021-12-28,195.73,177.25,608290762.58,4
TON,2021-12-28,0.0,0.0,0.0,15
TRX,2021-12-28,0.08115,0.07718,13415661.43,14
USDC,2021-12-28,1.0,0.9996,40684.73,9
USDT,2021-12-28,1.0,0.9999,40695.57,5
XRP,2021-12-28,0.9268,0.852,47966987.79,7
ADA,2021-12-29,1.399,1.332,51033648.49,6
AVAX,2021-12-29,107.05,103.16,114232029.0,10
BNB,2021-12-29,534.24,514.55,53414502.29,3
BTC,2021-12-29,47536.39,46471.7,1599557104.64,1
DOGE,2021-12-29,0.1738,0.1679,57245655.33,12
DOT,2021-12-29,27.84,26.8,99750323.79,9
ETH,2021-12-29,3793.54,3629.31,1086528328.73,2
LTC,2021-12-29,145.69,145.54,62243921.36,13
MATIC,2021-12-29,2.492,2.474,149350509.19,11
SOL,2021-12-29,177.25,170.62,396632427.68,4
TON,2021-12-29,0.0,0.0,0.0,15
TRX,2021-12-29,0.07718,0.07646,15236896.58,14
USDC,2021-12-29,0.9996,1.0,33756.46,8
USDT,2021-12-29,0.9999,1.0,33752.25,5
XRP,2021-12-29,0.852,0.8167,43682254.13,7
ADA,2021-12-30,1.332,1.358,52282855.41,6
AVAX,2021-12-30,103.16,101.73,125146263.3,11
BNB,2021-12-30,514.55,518.56,39862690.5,3
BTC,2021-12-30,46471.7,47129.66,1852206857.29,1
DOGE,2021-12-30,0.1679,0.1711,23519362.42,12
DOT,2021-12-30,26.8,27.54,92543201.84,8
ETH,2021-12-30,3629.31,3710.08,978675377.84,2
LTC,2021-12-30,145.54,148.01,45170829.77,13
MATIC,2021-12-30,2.474,2.554,94089776.7,10
SOL,2021-12-30,170.62,172.53,288304386.5,4
TON,2021-12-30,0.0,0.0,0.0,15
TRX,2021-12-30,0.07646,0.07783,13748652.33,14
USDC,2021-12-30,0.9999,0.9999,47511922.15,9
USDT,2021-12-30,1.0,1.0,39312.1,5
XRP,2021-12-30,0.8167,0.8389,40798213.23,7
ADA,2021-12-31,1.358,1.309,54557985.25,6
AVAX,2021-12-31,101.73,109.42,152306313.39,10
BNB,2021-12-31,518.56,511.71,49761350.7,3
BTC,2021-12-31,47129.66,46197.31,1636014399.31,1
DOGE,2021-12-31,0.1711,0.1703,35221443.8,12
DOT,2021-12-31,27.54,26.64,103743116.39,9
ETH,2021-12-31,3710.08,3675.79,1110593109.24,2
LTC,2021-12-31,148.01,146.16,53913968.02,13
MATIC,2021-12-31,2.554,2.526,99801520.59,11
SOL,2021-12-31,172.53,169.93,349004476.06,4
TON,2021-12-31,0.0,0.0,0.0,15
TRX,2021-12-31,0.07783,0.07539,14123142.71,14
USDC,2021-12-31,0.9999,0.9994,34716.01,8
USDT,2021-12-31,1.0,0.9997,34729.04,5
XRP,2021-12-31,0.8389,0.8292,48172556.8,7
ADA,2022-01-01,1.309,1.38,30938756.22,6
AVAX,2022-01-01,109.42,114.3,68322299.14,9
BNB,2022-01-01,511.4,527.5,84178877.01,3
BTC,2022-01-01,46197.31,47737.35,786729972.03,1
DOGE,2022-01-01,0.1703,0.1731,20165331.72,12
DOT,2022-01-01,26.64,28.6,64407516.28,8
ETH,2022-01-01,3675.79,3766.74,552908047.08,2
LTC,2022-01-01,146.16,150.82,36357889.03,13
MATIC,2022-01-01,2.526,2.573,53832514.67,11
SOL,2022-01-01,169.93,179.09,218470055.35,4
TON,2022-01-01,0.0,0.0,0.0,15
TRX,2022-01-01,0.07539,0.07661,10755676.01,14
USDC,2022-01-01,0.9994,1.0,16698.98,10
USDT,2022-01-01,0.9997,1.0,16702.66,5
XRP,2022-01-01,0.8292,0.8501,19059899.18,7
ADA,2022-01-02,1.38,1.378,24852255.86,6
AVAX,2022-01-02,114.3,113.18,73651961.15,9
BNB,2022-01-02,527.5,531.25,75052907.81,3
BTC,2022-01-02,47737.35,47306.41,615453426.93,1
DOGE,2022-01-02,0.1731,0.1744,15826388.04,12
DOT,2022-01-02,28.6,29.7,84019090.91,8
ETH,2022-01-02,3766.74,3830.92,532912408.05,2
LTC,2022-01-02,150.82,151.18,28653196.41,13
MATIC,2022-01-02,2.573,2.551,38315151.48,11
SOL,2022-01-02,179.09,176.4,168469219.1,4
TON,2022-01-02,0.0,0.0,0.0,15
TRX,2022-01-02,0.07661,0.07767,12475815.05,14
USDC,2022-01-02,1.0,1.0,13025.35,10
USDT,2022-01-02,1.0,1.0,13029.06,5
XRP,2022-01-02,0.8501,0.8592,14921475.07,7
ADA,2022-01-03,1.378,1.319,32705952.79,6
AVAX,2022-01-03,113.18,108.09,87797375.66,10
BNB,2022-01-03,531.25,511.89,84515567.75,3
BTC,2022-01-03,47306.41,46450.79,1011309525.84,1
DOGE,2022-01-03,0.1744,0.1701,21732681.51,12
DOT,2022-01-03,29.7,30.09,146146938.69,8
ETH,2022-01-03,3830.92,3765.16,733848876.26,2
LTC,2022-01-03,151.18,148.42,39504073.49,13
MATIC,2022-01-03,2.551,2.432,67164655.01,11
SOL,2022-01-03,176.4,170.08,229276025.02,4
TON,2022-01-03,0.0,0.0,0.0,15
TRX,2022-01-03,0.07767,0.07705,13275559.24,14
USDC,2022-01-03,1.0,1.0,21690.22,9
USDT,2022-01-03,1.0,1.0,21686.68,5
XRP,2022-01-03,0.8592,0.8324,30693302.02,7
ADA,2022-01-04,1.319,1.309,35077542.83,6
AVAX,2022-01-04,108.09,103.3,92944617.29,10
BNB,2022-01-04,511.75,506.73,50634827.75,3
BTC,2022-01-04,46450.79,45824.54,1349229422.84,1
DOGE,2022-01-04,0.1701,0.1684,22119873.9,12
DOT,2022-01-04,30.09,28.69,102674262.44,8
ETH,2022-01-04,3765.16,3785.67,938866049.19,2
LTC,2022-01-04,148.42,146.51,44331314.58,13
MATIC,2022-01-04,2.432,2.365,82361972.11,11
SOL,2022-01-04,170.08,167.75,253439598.23,4
TON,2022-01-04,0.0,0.0,0.0,15
TRX,2022-01-04,0.07705,0.07598,15441832.55,14
USDC,2022-01-04,1.0,0.9997,29026.12,9
USDT,2022-01-04,1.0,0.9997,29028.3,5
XRP,2022-01-04,0.8324,0.8229,43642429.2,7
ADA,2022-01-05,1.309,1.23,55246989.39,6
AVAX,2022-01-05,103.3,97.37,132466309.21,10
BNB,2022-01-05,506.73,473.76,57792849.84,3
BTC,2022-01-05,45824.54,43432.51,2152187256.39,1
DOGE,2022-01-05,0.1684,0.1589,47464793.18,12
DOT,2022-01-05,28.69,26.68,127602163.58,9
ETH,2022-01-05,3785.67,3536.77,1497204817.27,2
LTC,2022-01-05,146.51,135.27,85308848.08,13
MATIC,2022-01-05,2.365,2.18,106338930.2,11
SOL,2022-01-05,167.75,154.36,429577590.19,5
TON,2022-01-05,0.0,0.0,0.0,15
TRX,2022-01-05,0.07598,0.0711,51187692.59,14
USDC,2022-01-05,0.9997,0.9998,47758.6,8
USDT,2022-01-05,0.9997,0.9999,47764.38,4
XRP,2022-01-05,0.8229,0.7728,59463694.29,7
ADA,2022-01-06,1.23,1.28,110854749.79,6
AVAX,2022-01-06,97.37,95.17,100955941.77,10
BNB,2022-01-06,473.85,472.32,100848516.33,3
BTC,2022-01-06,43432.51,43094.54,1585314774.47,1
DOGE,2022-01-06,0.1589,0.16,55224257.59,12
DOT,2022-01-06,26.68,26.7,105232225.68,9
ETH,2022-01-06,3536.77,3406.48,1549952613.52,2
LTC,2022-01-06,135.27,135.97,79109678.31,13
MATIC,2022-01-06,2.18,2.252,117522266.68,11
SOL,2022-01-06,154.36,150.23,468707259.86,5
TON,2022-01-06,0.0,0.0,0.0,15
TRX,2022-01-06,0.0711,0.07106,62634840.95,14
USDC,2022-01-06,0.9998,0.9991,36771.38,8
USDT,2022-01-06,0.9999,1.0,36819.4,4
XRP,2022-01-06,0.7728,0.78,61590939.06,7
ADA,2022-01-07,1.28,1.209,189441984.15,6
AVAX,2022-01-07,95.17,86.8,147776437.65,10
BNB,2022-01-07,472.94,447.7,58989228.45,3
BTC,2022-01-07,43094.54,41543.79,2146452950.19,1
DOGE,2022-01-07,0.16,0.155,95318987.62,12
DOT,2022-01-07,26.7,24.86,123635851.22,9
ETH,2022-01-07,3406.48,3196.47,2113480068.24,2
LTC,2022-01-07,135.97,131.28,91210028.14,13
MATIC,2022-01-07,2.252,2.051,124557035.54,11
SOL,2022-01-07,150.23,136.39,612499915.99,5
TON,2022-01-07,0.0,0.0,0.0,15
TRX,2022-01-07,0.07106,0.06818,34423283.96,14
USDC,2022-01-07,0.9991,1.0,51325.48,8
USDT,2022-01-07,1.0,0.9997,51292.87,4
XRP,2022-01-07,0.78,0.7627,94452486.24,7
ADA,2022-01-08,1.209,1.183,165569511.51,6
AVAX,2022-01-08,86.8,83.91,112739774.22,10
BNB,2022-01-08,447.84,430.21,111012094.51,3
BTC,2022-01-08,41543.79,41686.67,1143171232.86,1
DOGE,2022-01-08,0.155,0.151,67048315.61,12
DOT,2022-01-08,24.86,24.0,102849938.42,9
ETH,2022-01-08,3196.47,3080.81,1176273571.17,2
LTC,2022-01-08,131.28,129.48,56443357.5,13
MATIC,2022-01-08,2.051,1.985,81541305.83,11
SOL,2022-01-08,136.39,142.11,465208463.23,5
TON,2022-01-08,0.0,0.0,0.0,15
TRX,2022-01-08,0.06818,0.06538,37669712.66,14
USDC,2022-01-08,1.0,1.0,27563.01,8
USDT,2022-01-08,0.9997,1.0,378061.19,4
XRP,2022-01-08,0.7627,0.7453,57675513.52,7
ADA,2022-01-09,1.183,1.17,113464282.35,6
AVAX,2022-01-09,83.91,89.29,85427247.92,10
BNB,2022-01-09,430.21,438.79,77140495.44,3
BTC,2022-01-09,41686.67,41869.6,901652458.82,1
DOGE,2022-01-09,0.151,0.1504,41361522.56,12
DOT,2022-01-09,24.0,24.63,69188465.03,9
ETH,2022-01-09,3080.81,3150.83,744089597.15,2
LTC,2022-01-09,129.48,130.89,38375669.1,13
MATIC,2022-01-09,1.985,2.115,54957314.97,11
SOL,2022-01-09,142.11,140.77,240050707.27,5
TON,2022-01-09,0.0,0.0,0.0,15
TRX,2022-01-09,0.06538,0.06609,35379301.04,14
USDC,2022-01-09,1.0,1.0,21494.15,8
USDT,2022-01-09,1.0,1.0,21494.07,4
XRP,2022-01-09,0.7453,0.7529,34795054.08,7
ADA,2022-01-10,1.17,1.124,168545001.67,6
AVAX,2022-01-10,89.29,84.46,113270818.86,11
BNB,2022-01-10,438.59,425.03,68071289.1,3
BTC,2022-01-10,41869.6,41832.59,2140270933.32,1
DOGE,2022-01-10,0.1504,0.1432,76666195.84,12
DOT,2022-01-10,24.63,23.72,88462192.69,9
ETH,2022-01-10,3150.83,3083.68,1414704260.19,2
LTC,2022-01-10,130.89,126.54,67985549.25,13
MATIC,2022-01-10,2.115,2.073,77562149.85,10
SOL,2022-01-10,140.77,135.86,395501395.1,5
TON,2022-01-10,0.0,0.0,0.0,15
TRX,2022-01-10,0.06609,0.06345,42644832.39,14
USDC,2022-01-10,1.0,1.0,51975.01,8
USDT,2022-01-10,1.0,1.0,51995.44,4
XRP,2022-01-10,0.7529,0.7402,74019081.81,7
ADA,2022-01-11,1.124,1.188,106419734.98,6
AVAX,2022-01-11,84.46,89.64,73921243.31,11
BNB,2022-01-11,425.03,463.38,73849531.66,3
BTC,2022-01-11,41832.59,42743.03,1545270650.68,1
DOGE,2022-01-11,0.1432,0.1538,137357689.8,12
DOT,2022-01-11,23.72,25.55,67863437.63,9
ETH,2022-01-11,3083.68,3240.32,909974304.07,2
LTC,2022-01-11,126.54,131.62,49134467.93,13
MATIC,2022-01-11,2.073,2.36,107079854.53,10
SOL,2022-01-11,135.86,140.25,296142668.06,5
TON,2022-01-11,0.0,0.0,0.0,15
TRX,2022-01-11,0.06345,0.06494,55143097.81,14
USDC,2022-01-11,1.0,1.0,36571.47,8
USDT,2022-01-11,1.0,1.001,36572.89,4
XRP,2022-01-11,0.7402,0.7703,67001175.75,7
ADA,2022-01-12,1.188,1.312,154607463.97,6
AVAX,2022-01-12,89.64,96.02,91226487.74,11
BNB,2022-01-12,463.76,487.51,115686679.01,3
BTC,2022-01-12,42743.03,43919.67,1384575768.8,1
DOGE,2022-01-12,0.1538,0.163,89473436.66,12
DOT,2022-01-12,25.55,27.32,67366849.07,8
ETH,2022-01-12,3240.32,3373.03,976636720.28,2
LTC,2022-01-12,131.62,141.98,51106640.59,13
MATIC,2022-01-12,2.36,2.398,99993084.28,10
SOL,2022-01-12,140.25,151.51,386205031.21,5
TON,2022-01-12,0.0,0.0,0.0,15
TRX,2022-01-12,0.06494,0.0681,15731182.07,14
USDC,2022-01-12,1.0,1.0,58692697.06,9
USDT,2022-01-12,1.001,1.0,31871.14,4
XRP,2022-01-12,0.7703,0.7989,74369338.78,7
ADA,2022-01-13,1.312,1.233,174595716.62,6
AVAX,2022-01-13,96.02,89.76,78028123.3,12
BNB,2022-01-13,487.51,475.57,119662552.05,3
BTC,2022-01-13,43919.67,42575.61,1263083590.1,1
DOGE,2022-01-13,0.163,0.1717,231938155.04,11
DOT,2022-01-13,27.32,25.81,51921721.52,9
ETH,2022-01-13,3373.03,3242.26,842177824.2,2
LTC,2022-01-13,141.98,136.75,50400582.89,13
MATIC,2022-01-13,2.398,2.263,82429904.23,10
SOL,2022-01-13,151.51,146.2,348841463.04,5
TON,2022-01-13,0.0,0.0,0.0,15
TRX,2022-01-13,0.0681,0.06622,18233216.57,14
USDC,2022-01-13,0.9999,1.0,29164.05,8
USDT,2022-01-13,1.0,1.0,29162.98,4
XRP,2022-01-13,0.7989,0.7678,53004713.12,7
ADA,2022-01-14,1.233,1.293,151292162.59,6
AVAX,2022-01-14,89.76,90.4,67460812.36,12
BNB,2022-01-14,475.57,490.36,117837117.14,3
BTC,2022-01-14,42575.61,43089.83,1165100829.55,1
DOGE,2022-01-14,0.1717,0.1834,582173884.73,10
DOT,2022-01-14,25.81,27.75,64168663.05,8
ETH,2022-01-14,3242.26,3309.66,757380057.76,2
LTC,2022-01-14,136.75,144.71,74494135.91,13
MATIC,2022-01-14,2.263,2.337,59159248.65,11
SOL,2022-01-14,146.2,146.18,288146937.82,5
TON,2022-01-14,0.0,0.0,0.0,15
TRX,2022-01-14,0.06622,0.06764,24483120.9,14
USDC,2022-01-14,1.0,1.0,27292.32,9
USDT,2022-01-14,1.0,1.001,27307.89,4
XRP,2022-01-14,0.7678,0.7734,74919635.87,7
ADA,2022-01-15,1.293,1.292,77115522.5,6
AVAX,2022-01-15,90.4,93.08,47882147.01,12
BNB,2022-01-15,490.36,494.66,96011440.16,3
BTC,2022-01-15,43089.83,43088.74,607715303.39,1
DOGE,2022-01-15,0.1834,0.1846,183989853.42,10
DOT,2022-01-15,27.75,27.64,35084231.31,8
ETH,2022-01-15,3309.66,3328.63,419775516.58,2
LTC,2022-01-15,144.71,147.72,55500288.88,13
MATIC,2022-01-15,2.337,2.348,40984533.27,11
SOL,2022-01-15,146.18,147.74,176776512.22,5
TON,2022-01-15,0.0,0.0,0.0,15
TRX,2022-01-15,0.06764,0.06848,21509941.91,14
USDC,2022-01-15,1.0,0.9996,14069.12,9
USDT,2022-01-15,1.001,1.0,14077.72,4
XRP,2022-01-15,0.7734,0.7796,29046388.83,7
ADA,2022-01-16,1.292,1.412,221964740.14,6
AVAX,2022-01-16,93.08,92.32,41980768.55,12
BNB,2022-01-16,494.66,498.67,82736782.03,3
BTC,2022-01-16,43088.74,43100.36,543620929.25,1
DOGE,2022-01-16,0.1846,0.1767,110108904.04,11
DOT,2022-01-16,27.64,27.69,41718599.83,8
ETH,2022-01-16,3328.63,3349.61,408917682.57,2
LTC,2022-01-16,147.72,146.47,35378878.79,13
MATIC,2022-01-16,2.348,2.333,36368100.34,10
SOL,2022-01-16,147.74,147.96,168929373.36,5
TON,2022-01-16,0.0,0.0,0.0,15
TRX,2022-01-16,0.06848,0.06989,19744132.4,14
USDC,2022-01-16,0.9996,1.0,12616.56,9
USDT,2022-01-16,1.0,1.001,12624.02,4
XRP,2022-01-16,0.7796,0.7785,23602419.22,7
ADA,2022-01-17,1.412,1.603,503785328.58,6
AVAX,2022-01-17,92.32,86.66,64681589.85,12
BNB,2022-01-17,498.67,475.45,106767668.07,3
BTC,2022-01-17,43100.36,42224.38,861459661.83,1
DOGE,2022-01-17,0.1767,0.171,113009814.75,10
DOT,2022-01-17,27.69,25.68,59780721.16,9
ETH,2022-01-17,3349.61,3210.9,821946264.75,2
LTC,2022-01-17,146.47,151.23,102602237.39,13
MATIC,2022-01-17,2.333,2.22,99812065.46,11
SOL,2022-01-17,147.96,139.84,264425163.0,5
TON,2022-01-17,0.0,0.0,0.0,15
TRX,2022-01-17,0.06989,0.07086,31061036.15,14
USDC,2022-01-17,1.0,1.0,20316.88,8
USDT,2022-01-17,1.001,1.001,20321.42,4
XRP,2022-01-17,0.7785,0.7623,52960285.59,7
ADA,2022-01-18,1.603,1.459,414410296.23,6
AVAX,2022-01-18,86.66,86.02,53804688.98,12
BNB,2022-01-18,475.41,471.43,55085485.12,3
BTC,2022-01-18,42224.38,42372.75,1099916846.37,1
DOGE,2022-01-18,0.171,0.1651,104171986.38,10
DOT,2022-01-18,25.68,25.16,54739134.01,9
ETH,2022-01-18,3210.9,3161.5,886615823.7,2
LTC,2022-01-18,151.23,141.53,87435897.88,13
MATIC,2022-01-18,2.22,2.12,72747372.44,11
SOL,2022-01-18,139.84,141.29,219849249.06,5
TON,2022-01-18,0.0,0.0,0.0,15
TRX,2022-01-18,0.07086,0.06849,30122531.15,14
USDC,2022-01-18,1.0,1.0,26291.58,8
USDT,2022-01-18,1.001,1.001,26301.38,4
XRP,2022-01-18,0.7623,0.7517,48411515.56,7
ADA,2022-01-19,1.459,1.337,348583535.19,6
AVAX,2022-01-19,86.02,82.64,50279061.71,12
BNB,2022-01-19,471.43,462.11,47791317.0,3
BTC,2022-01-19,42372.75,41674.8,1359832054.32,1
DOGE,2022-01-19,0.1651,0.1616,92799464.24,10
DOT,2022-01-19,25.16,24.07,59124344.23,9
ETH,2022-01-19,3161.5,3084.78,904276109.96,2
LTC,2022-01-19,141.53,136.23,60046429.38,13
MATIC,2022-01-19,2.12,2.03,68870490.88,11
SOL,2022-01-19,141.29,135.3,239716720.3,5
TON,2022-01-19,0.0,0.0,0.0,15
TRX,2022-01-19,0.06849,0.06918,33068182.32,14
USDC,2022-01-19,1.0,1.0,32437.02,8
USDT,2022-01-19,1.001,1.0,32445.86,4
XRP,2022-01-19,0.7517,0.7382,58103338.67,7
ADA,2022-01-20,1.337,1.26,314221350.23,6
AVAX,2022-01-20,82.64,79.42,64616307.7,12
BNB,2022-01-20,462.17,440.34,141081345.77,3
BTC,2022-01-20,41674.8,40697.03,1482814889.83,1
DOGE,2022-01-20,0.1616,0.1555,81715216.08,10
DOT,2022-01-20,24.07,23.02,58427108.34,9
ETH,2022-01-20,3084.78,3002.43,1059563581.09,2
LTC,2022-01-20,136.23,129.79,54050909.98,13
MATIC,2022-01-20,2.03,1.961,119853399.56,11
SOL,2022-01-20,135.3,127.65,287751069.3,5
TON,2022-01-20,0.0,0.0,0.0,15
TRX,2022-01-20,0.06918,0.06778,29997453.94,14
USDC,2022-01-20,1.0,1.0,35138.2,8
USDT,2022-01-20,1.0,0.9998,35129.9,4
XRP,2022-01-20,0.7382,0.7197,60864434.17,7
ADA,2022-01-21,1.26,1.121,444147412.08,6
AVAX,2022-01-21,79.42,66.16,180016224.94,12
BNB,2022-01-21,440.56,384.09,100103605.6,4
BTC,2022-01-21,40697.03,36469.3,3610621840.61,1
DOGE,2022-01-21,0.1555,0.1421,146348293.88,10
DOT,2022-01-21,23.02,19.7,127174835.99,9
ETH,2022-01-21,3002.43,2569.59,2739752122.2,2
LTC,2022-01-21,129.79,114.72,122949998.87,13
MATIC,2022-01-21,1.961,1.702,404153247.58,11
SOL,2022-01-21,127.65,112.47,875913692.07,5
TON,2022-01-21,0.0,0.0,0.0,15
TRX,2022-01-21,0.06778,0.06112,33247665.91,14
USDC,2022-01-21,1.0,1.0,94199.56,8
USDT,2022-01-21,0.9998,1.0,94232.04,3
XRP,2022-01-21,0.7197,0.6373,127803216.34,7
ADA,2022-01-22,1.121,1.071,525240338.18,6
AVAX,2022-01-22,66.16,59.84,191426097.81,12
BNB,2022-01-22,383.66,358.48,174594093.05,4
BTC,2022-01-22,36469.3,35075.92,2419705021.17,1
DOGE,2022-01-22,0.1421,0.1332,196793334.83,10
DOT,2022-01-22,19.7,18.26,154558729.1,9
ETH,2022-01-22,2569.59,2412.23,2161344450.57,2
LTC,2022-01-22,114.72,108.31,163564821.4,13
MATIC,2022-01-22,1.702,1.537,365364273.32,11
SOL,2022-01-22,112.47,94.68,791874467.69,5
TON,2022-01-22,0.0,0.0,0.0,15
TRX,2022-01-22,0.06112,0.05681,33648794.14,14
USDC,2022-01-22,1.0,1.0,68456.56,8
USDT,2022-01-22,1.0,1.001,68482.64,3
XRP,2022-01-22,0.6373,0.597,146653666.86,7
ADA,2022-01-23,1.071,1.125,270173995.76,6
AVAX,2022-01-23,59.84,64.9,123932147.59,12
BNB,2022-01-23,358.48,384.29,114999114.79,4
BTC,2022-01-23,35075.92,36288.15,1405386710.59,1
DOGE,2022-01-23,0.1332,0.1418,118257121.37,10
DOT,2022-01-23,18.26,18.83,71911372.48,9
ETH,2022-01-23,2412.23,2541.6,1097388289.15,2
LTC,2022-01-23,108.31,112.32,81533585.87,13
MATIC,2022-01-23,1.537,1.617,194642046.23,11
SOL,2022-01-23,94.68,99.81,454113472.02,5
TON,2022-01-23,0.0,0.0,0.0,15
TRX,2022-01-23,0.05681,0.05752,24113816.23,14
USDC,2022-01-23,1.0,1.001,39621.63,8
USDT,2022-01-23,1.001,1.001,39641.12,3
XRP,2022-01-23,0.597,0.629,61898214.29,7
ADA,2022-01-24,1.125,1.067,405885523.7,6
AVAX,2022-01-24,64.9,63.09,135769055.79,11
BNB,2022-01-24,384.24,371.68,75044512.88,4
BTC,2022-01-24,36288.15,36702.79,3289034581.3,1
DOGE,2022-01-24,0.1418,0.1375,146926314.76,10
DOT,2022-01-24,18.83,18.06,103925632.85,9
ETH,2022-01-24,2541.6,2442.27,2488339892.27,2
LTC,2022-01-24,112.32,109.64,135007090.43,13
MATIC,2022-01-24,1.617,1.509,302926432.85,12
SOL,2022-01-24,99.81,91.99,895098151.93,5
TON,2022-01-24,0.0,0.0,0.0,15
TRX,2022-01-24,0.05752,0.05509,31994720.51,14
USDC,2022-01-24,1.001,1.0,94616.05,8
USDT,2022-01-24,1.001,1.001,94691.48,3
XRP,2022-01-24,0.629,0.6121,110300289.06,7
ADA,2022-01-25,1.067,1.042,190782124.58,6
AVAX,2022-01-25,63.09,68.0,123520860.65,11
BNB,2022-01-25,371.8,385.29,93701820.5,4
BTC,2022-01-25,36702.79,36975.99,1632275610.85,1
DOGE,2022-01-25,0.1375,0.1429,130357396.71,9
DOT,2022-01-25,18.06,18.33,60596412.91,10
ETH,2022-01-25,2442.27,2459.65,1178707258.61,2
LTC,2022-01-25,109.64,107.85,55165680.88,13
MATIC,2022-01-25,1.509,1.558,187987731.62,12
SOL,2022-01-25,91.99,94.65,495726180.82,5
TON,2022-01-25,0.0,0.0,0.0,15
TRX,2022-01-25,0.05509,0.05589,24973764.26,14
USDC,2022-01-25,1.0,1.0,44568.82,8
USDT,2022-01-25,1.001,1.001,44595.75,3
XRP,2022-01-25,0.6121,0.6176,58674403.24,7
ADA,2022-01-26,1.042,1.078,316419472.86,6
AVAX,2022-01-26,68.0,65.89,160993736.95,12
BNB,2022-01-26,385.23,375.02,47691164.73,4
BTC,2022-01-26,36975.99,36829.37,2163384356.61,1
DOGE,2022-01-26,0.1429,0.1431,120050414.09,9
DOT,2022-01-26,18.33,18.06,91065329.42,10
ETH,2022-01-26,2459.65,2464.13,1884456587.88,2
LTC,2022-01-26,107.85,106.99,82265347.81,13
MATIC,2022-01-26,1.558,1.589,333347495.99,11
SOL,2022-01-26,94.65,92.14,561683494.55,5
TON,2022-01-26,0.0,0.0,0.0,15
TRX,2022-01-26,0.05589,0.05618,23886943.11,14
USDC,2022-01-26,1.0,1.0,57475.65,8
USDT,2022-01-26,1.001,1.001,57506.53,3
XRP,2022-01-26,0.6176,0.6197,82083540.05,7
ADA,2022-01-27,1.078,1.043,192245211.63,6
AVAX,2022-01-27,65.89,64.74,110264716.19,12
BNB,2022-01-27,375.29,390.12,92684358.34,4
BTC,2022-01-27,36829.37,37189.85,1671118834.49,1
DOGE,2022-01-27,0.1431,0.1415,61848575.83,9
DOT,2022-01-27,18.06,18.12,51459816.45,10
ETH,2022-01-27,2464.13,2425.83,1232688510.11,2
LTC,2022-01-27,106.99,106.95,59988247.68,13
MATIC,2022-01-27,1.589,1.591,217800843.89,11
SOL,2022-01-27,92.14,89.56,426298083.27,5
TON,2022-01-27,0.0,0.0,0.0,15
TRX,2022-01-27,0.05618,0.05653,10160176.78,14
USDC,2022-01-27,1.0,1.0,46029.75,8
USDT,2022-01-27,1.001,1.001,46032.55,3
XRP,2022-01-27,0.6197,0.6085,49583931.08,7
ADA,2022-01-28,1.043,1.049,139124250.93,6
AVAX,2022-01-28,64.74,67.07,75637862.59,12
BNB,2022-01-28,390.12,386.13,78462324.69,4
BTC,2022-01-28,37189.85,37744.7,1439590445.61,1
DOGE,2022-01-28,0.1415,0.1415,40896705.6,9
DOT,2022-01-28,18.12,18.34,42913888.03,10
ETH,2022-01-28,2425.83,2547.03,1045738950.11,2
LTC,2022-01-28,106.95,109.49,46723866.56,13
MATIC,2022-01-28,1.591,1.675,242933446.3,11
SOL,2022-01-28,89.56,91.36,333476775.48,5
TON,2022-01-28,0.0,0.0,0.0,15
TRX,2022-01-28,0.05653,0.05757,8266274.78,14
USDC,2022-01-28,1.0,1.0,38853.3,8
USDT,2022-01-28,1.001,1.001,38883.56,3
XRP,2022-01-28,0.6085,0.6116,55277902.89,7
ADA,2022-01-29,1.049,1.06,97265325.53,6
AVAX,2022-01-29,67.07,71.96,89214835.14,11
BNB,2022-01-29,386.13,389.49,56123203.93,4
BTC,2022-01-29,37744.7,38184.86,913551592.58,1
DOGE,2022-01-29,0.1415,0.143,38745560.85,10
DOT,2022-01-29,18.34,18.71,34928875.72,9
ETH,2022-01-29,2547.03,2603.1,648693006.43,2
LTC,2022-01-29,109.49,110.83,37067316.24,13
MATIC,2022-01-29,1.675,1.695,118372381.17,12
SOL,2022-01-29,91.36,96.16,265937000.77,5
TON,2022-01-29,0.0,0.0,0.0,15
TRX,2022-01-29,0.05757,0.06031,8416239.23,14
USDC,2022-01-29,1.0,1.001,24116.62,8
USDT,2022-01-29,1.001,1.001,24113.58,3
XRP,2022-01-29,0.6116,0.6175,26374826.01,7
ADA,2022-01-30,1.06,1.036,79973638.56,6
AVAX,2022-01-30,71.96,68.04,65215019.8,11
BNB,2022-01-30,389.49,377.3,67397219.68,4
BTC,2022-01-30,38184.86,37908.44,658154943.17,1
DOGE,2022-01-30,0.143,0.1394,35221240.97,10
DOT,2022-01-30,18.71,18.19,31461759.7,9
ETH,2022-01-30,2603.1,2603.24,496079257.79,2
LTC,2022-01-30,110.83,108.64,30814894.53,13
MATIC,2022-01-30,1.695,1.605,110973996.87,12
SOL,2022-01-30,96.16,93.32,149808802.15,5
TON,2022-01-30,0.0,0.0,0.0,15
TRX,2022-01-30,0.06031,0.05866,7696813.92,14
USDC,2022-01-30,1.001,0.9996,17347.04,8
USDT,2022-01-30,1.001,1.0,17360.43,3
XRP,2022-01-30,0.6175,0.6019,23388101.96,7
ADA,2022-01-31,1.036,1.052,129179460.74,6
AVAX,2022-01-31,68.04,69.91,93507023.17,11
BNB,2022-01-31,377.3,374.75,66668954.71,4
BTC,2022-01-31,37908.44,38494.66,1310842543.43,1
DOGE,2022-01-31,0.1394,0.1417,52793596.85,10
DOT,2022-01-31,18.19,19.39,67933098.32,9
ETH,2022-01-31,2603.24,2689.14,923473240.93,2
LTC,2022-01-31,108.64,109.57,44355108.05,13
MATIC,2022-01-31,1.605,1.643,126079145.1,12
SOL,2022-01-31,93.32,99.54,325663562.36,5
TON,2022-01-31,0.0,0.0,0.0,15
TRX,2022-01-31,0.05866,0.05908,7739200.89,14
USDC,2022-01-31,0.9996,1.001,34733.97,8
USDT,2022-01-31,1.0,1.001,34742.71,3
XRP,2022-01-31,0.6019,0.6175,61600841.27,7
ADA,2022-02-01,1.052,1.096,141437864.07,6
AVAX,2022-02-01,69.91,73.37,121983433.85,11
BNB,2022-02-01,374.4,384.28,38552112.66,4
BTC,2022-02-01,38494.66,38721.49,1255765239.87,1
DOGE,2022-02-01,0.1417,0.1425,50511441.3,10
DOT,2022-02-01,19.39,19.58,65419203.76,9
ETH,2022-02-01,2689.14,2790.15,1017221692.9,2
LTC,2022-02-01,109.57,115.11,47137745.63,13
MATIC,2022-02-01,1.643,1.648,167578666.14,12
SOL,2022-02-01,99.54,110.09,620768026.63,5
TON,2022-02-01,0.0,0.0,0.0,15
TRX,2022-02-01,0.05908,0.05982,7458694.0,14
USDC,2022-02-01,1.001,1.0,32503.59,8
USDT,2022-02-01,1.001,1.001,32523.89,3
XRP,2022-02-01,0.6175,0.6286,38858947.17,7
ADA,2022-02-02,1.096,1.027,137218279.14,6
AVAX,2022-02-02,73.37,67.87,113816191.79,11
BNB,2022-02-02,384.28,367.26,34106798.72,4
BTC,2022-02-02,38721.49,36918.19,1099971099.08,1
DOGE,2022-02-02,0.1425,0.1371,49369138.51,10
DOT,2022-02-02,19.58,18.8,61901123.97,9
ETH,2022-02-02,2790.15,2681.11,1117424351.2,2
LTC,2022-02-02,115.11,108.36,42575570.33,13
MATIC,2022-02-02,1.648,1.54,116467787.5,12
SOL,2022-02-02,110.09,101.89,574572443.68,5
TON,2022-02-02,0.0,0.0,0.0,15
TRX,2022-02-02,0.05982,0.05852,9201980.59,14
USDC,2022-02-02,1.0,1.0,29143.28,8
USDT,2022-02-02,1.001,1.0,412491.92,3
XRP,2022-02-02,0.6286,0.6012,39908339.71,7
ADA,2022-02-03,1.027,1.061,107295538.72,6
AVAX,2022-02-03,67.87,68.47,82995257.07,11
BNB,2022-02-03,367.26,372.39,31255753.0,4
BTC,2022-02-03,36918.19,37328.64,1012101574.73,1
DOGE,2022-02-03,0.1371,0.138,32970444.77,10
DOT,2022-02-03,18.8,18.93,40446722.09,9
ETH,2022-02-03,2681.11,2697.18,883999086.79,2
LTC,2022-02-03,108.36,111.01,36585572.74,13
MATIC,2022-02-03,1.54,1.556,104119330.82,12
SOL,2022-02-03,101.89,101.9,381312982.53,5
TON,2022-02-03,0.0,0.0,0.0,15
TRX,2022-02-03,0.05852,0.05979,7853522.78,14
USDC,2022-02-03,1.0,1.001,27560.58,8
USDT,2022-02-03,1.001,1.001,27559.89,3
XRP,2022-02-03,0.6012,0.6099,39307339.79,7
ADA,2022-02-04,1.061,1.139,134691680.22,6
AVAX,2022-02-04,68.47,77.88,108062913.61,11
BNB,2022-02-04,372.47,399.68,86258266.26,4
BTC,2022-02-04,37328.64,41590.34,1978064223.39,1
DOGE,2022-02-04,0.138,0.148,59461922.72,10
DOT,2022-02-04,18.93,20.48,49237779.66,9
ETH,2022-02-04,2697.18,2997.18,1401499392.17,2
LTC,2022-02-04,111.01,121.36,56094548.73,13
MATIC,2022-02-04,1.556,1.696,113750475.12,12
SOL,2022-02-04,101.9,112.58,483611784.8,5
TON,2022-02-04,0.0,0.0,0.0,15
TRX,2022-02-04,0.05979,0.06443,12053866.74,14
USDC,2022-02-04,1.001,1.0,50455.64,8
USDT,2022-02-04,1.001,1.001,50487.39,3
XRP,2022-02-04,0.6099,0.6558,76912895.19,7
ADA,2022-02-05,1.139,1.126,132961437.54,6
AVAX,2022-02-05,77.88,77.1,93387074.1,11
BNB,2022-02-05,399.77,414.05,54148670.79,4
BTC,2022-02-05,41590.34,41418.21,923755180.09,1
DOGE,2022-02-05,0.148,0.1469,50291903.6,10
DOT,2022-02-05,20.48,21.36,57311716.35,9
ETH,2022-02-05,2997.18,3015.26,769211760.94,2
LTC,2022-02-05,121.36,121.84,46196760.3,13
MATIC,2022-02-05,1.696,1.712,112285727.64,12
SOL,2022-02-05,112.58,113.82,344630305.33,5
TON,2022-02-05,0.0,0.0,0.0,15
TRX,2022-02-05,0.06443,0.0647,9795814.63,14
USDC,2022-02-05,1.0,1.0,22246.3,8
USDT,2022-02-05,1.001,1.001,22261.16,3
XRP,2022-02-05,0.6558,0.6664,51843104.78,7
ADA,2022-02-06,1.126,1.144,79703621.02,6
AVAX,2022-02-06,77.1,79.05,50133293.76,11
BNB,2022-02-06,414.05,420.34,51784602.73,3
BTC,2022-02-06,41418.21,42412.41,600848486.11,1
DOGE,2022-02-06,0.1469,0.1541,60153772.26,10
DOT,2022-02-06,21.36,21.92,32267376.81,9
ETH,2022-02-06,3015.26,3057.68,402035046.33,2
LTC,2022-02-06,121.84,127.7,45632856.59,13
MATIC,2022-02-06,1.712,1.74,77589991.72,12
SOL,2022-02-06,113.82,115.33,213787352.12,5
TON,2022-02-06,0.0,0.0,0.0,15
TRX,2022-02-06,0.0647,0.0662,7662855.76,14
USDC,2022-02-06,1.0,1.0,14391.72,8
USDT,2022-02-06,1.001,1.001,14403.22,4
XRP,2022-02-06,0.6664,0.6837,28620345.72,7
ADA,2022-02-07,1.144,1.199,204634466.86,7
AVAX,2022-02-07,79.05,83.18,110962501.12,12
BNB,2022-02-07,420.34,433.75,55151605.25,3
BTC,2022-02-07,42412.41,43861.07,1836978530.57,1
DOGE,2022-02-07,0.1541,0.1653,187364322.74,10
DOT,2022-02-07,21.92,22.37,65874885.62,9
ETH,2022-02-07,3057.68,3141.38,1158530947.35,2
LTC,2022-02-07,127.7,137.33,71556381.95,13
MATIC,2022-02-07,1.74,2.019,321889761.59,11
SOL,2022-02-07,115.33,117.57,400293556.01,5
TON,2022-02-07,0.0,0.0,0.0,15
TRX,2022-02-07,0.0662,0.06853,11881187.73,14
USDC,2022-02-07,1.0,1.0,42429.21,8
USDT,2022-02-07,1.001,1.001,42455.89,4
XRP,2022-02-07,0.6837,0.8318,170691854.21,6
ADA,2022-02-08,1.199,1.176,215825790.41,7
AVAX,2022-02-08,83.18,86.45,192105089.84,10
BNB,2022-02-08,433.75,408.09,59176065.52,4
BTC,2022-02-08,43861.07,44080.12,1972336800.82,1
DOGE,2022-02-08,0.1653,0.1583,95333993.66,11
DOT,2022-02-08,22.37,21.66,56584069.62,9
ETH,2022-02-08,3141.38,3118.76,1122580120.4,2
LTC,2022-02-08,137.33,133.64,88832852.19,13
MATIC,2022-02-08,2.019,1.944,201429284.01,12
SOL,2022-02-08,117.57,113.42,420202713.26,5
TON,2022-02-08,0.0,0.0,0.0,15
TRX,2022-02-08,0.06853,0.06807,14233487.65,14
USDC,2022-02-08,1.0,1.0,44968.35,8
USDT,2022-02-08,1.001,1.001,45009.73,3
XRP,2022-02-08,0.8318,0.8759,242245560.6,6
ADA,2022-02-09,1.176,1.195,130529768.43,7
AVAX,2022-02-09,86.45,90.18,97045255.42,10
BNB,2022-02-09,408.09,423.24,44159296.1,3
BTC,2022-02-09,44080.12,44422.91,1207982275.77,1
DOGE,2022-02-09,0.1583,0.1595,79088322.68,11
DOT,2022-02-09,21.66,21.97,36967935.12,9
ETH,2022-02-09,3118.76,3246.72,924663930.55,2
LTC,2022-02-09,133.64,140.14,67285701.79,13
MATIC,2022-02-09,1.944,2.038,154098672.27,12
SOL,2022-02-09,113.42,114.04,253412925.6,5
TON,2022-02-09,0.0,0.0,0.0,15
TRX,2022-02-09,0.06807,0.06994,10401953.31,14
USDC,2022-02-09,1.0,1.0,27466.33,8
USDT,2022-02-09,1.001,1.001,27492.55,4
XRP,2022-02-09,0.8759,0.8701,141285542.03,6
ADA,2022-02-10,1.195,1.152,161150238.73,7
AVAX,2022-02-10,90.18,91.18,168845326.87,9
BNB,2022-02-10,423.24,414.79,59675983.16,4
BTC,2022-02-10,44422.91,43531.67,2027452816.67,1
DOGE,2022-02-10,0.1595,0.1516,74285546.91,11
DOT,2022-02-10,21.97,20.51,52543736.59,10
ETH,2022-02-10,3246.72,3074.84,1273705251.69,2
LTC,2022-02-10,140.14,134.64,74638137.0,13
MATIC,2022-02-10,2.038,1.896,209997201.67,12
SOL,2022-02-10,114.04,106.18,347717320.5,5
TON,2022-02-10,0.0,0.0,0.0,15
TRX,2022-02-10,0.06994,0.0685,12989233.89,14
USDC,2022-02-10,1.0,1.0,45544.07,8
USDT,2022-02-10,1.001,1.001,45572.04,3
XRP,2022-02-10,0.8701,0.8256,111810759.82,6
ADA,2022-02-11,1.152,1.08,127702143.7,7
AVAX,2022-02-11,91.18,81.81,140197141.18,9
BNB,2022-02-11,414.79,400.83,42643793.43,4
BTC,2022-02-11,43531.67,42398.98,1694547021.08,1
DOGE,2022-02-11,0.1516,0.1448,58939094.25,11
DOT,2022-02-11,20.51,18.99,54131858.9,10
ETH,2022-02-11,3074.84,2928.93,1349461675.11,2
LTC,2022-02-11,134.64,125.74,68441027.88,13
MATIC,2022-02-11,1.896,1.715,236936545.61,12
SOL,2022-02-11,106.18,96.52,353146501.35,5
TON,2022-02-11,0.0,0.0,0.0,15
TRX,2022-02-11,0.0685,0.064,12430550.88,14
USDC,2022-02-11,1.0,1.0,39322.36,8
USDT,2022-02-11,1.001,1.001,39345.11,3
XRP,2022-02-11,0.8256,0.7596,105309185.92,6
ADA,2022-02-12,1.08,1.059,111318103.33,7
AVAX,2022-02-12,81.81,81.31,121666175.82,9
BNB,2022-02-12,400.83,403.6,40020582.01,4
BTC,2022-02-12,42398.98,42239.01,747480841.84,1
DOGE,2022-02-12,0.1448,0.1445,37790416.84,11
DOT,2022-02-12,18.99,18.82,36764747.47,10
ETH,2022-02-12,2928.93,2918.34,636492567.43,2
LTC,2022-02-12,125.74,126.78,44801403.65,13
MATIC,2022-02-12,1.715,1.701,108389679.13,12
SOL,2022-02-12,96.52,95.96,202029707.76,6
TON,2022-02-12,0.0,0.0,0.0,15
TRX,2022-02-12,0.064,0.06352,9973456.34,14
USDC,2022-02-12,1.0,1.0,17669.98,8
USDT,2022-02-12,1.001,1.001,17673.46,3
XRP,2022-02-12,0.7596,0.8226,77222280.23,5
ADA,2022-02-13,1.059,1.043,76047314.34,7
AVAX,2022-02-13,81.31,77.93,66588161.42,11
BNB,2022-02-13,403.6,398.07,27142365.31,4
BTC,2022-02-13,42239.01,42069.84,525779246.0,1
DOGE,2022-02-13,0.1445,0.1482,128412062.78,9
DOT,2022-02-13,18.82,18.75,28856583.44,10
ETH,2022-02-13,2918.34,2872.44,471244695.51,2
LTC,2022-02-13,126.78,125.7,35669717.05,13
MATIC,2022-02-13,1.701,1.659,65112155.19,12
SOL,2022-02-13,95.96,92.9,144594763.47,6
TON,2022-02-13,0.0,0.0,0.0,15
TRX,2022-02-13,0.06352,0.06431,9125100.66,14
USDC,2022-02-13,1.0,1.0,12421.88,8
USDT,2022-02-13,1.001,1.0,12424.89,3
XRP,2022-02-13,0.8226,0.8061,53020799.63,5
ADA,2022-02-14,1.043,1.05,101383281.6,7
AVAX,2022-02-14,77.93,81.89,99070036.46,9
BNB,2022-02-14,398.07,403.71,31453156.63,4
BTC,2022-02-14,42069.84,42552.28,1183004344.86,1
DOGE,2022-02-14,0.1482,0.1458,65470644.43,10
DOT,2022-02-14,18.75,18.7,28693625.99,11
ETH,2022-02-14,2872.44,2931.12,900749488.39,2
LTC,2022-02-14,125.7,124.62,36070055.52,13
MATIC,2022-02-14,1.659,1.657,122460802.34,12
SOL,2022-02-14,92.9,96.43,218019758.1,6
TON,2022-02-14,0.0,0.0,0.0,15
TRX,2022-02-14,0.06431,0.06444,9239435.3,14
USDC,2022-02-14,1.0,0.9999,27972.9,8
USDT,2022-02-14,1.0,1.0,27987.97,3
XRP,2022-02-14,0.8061,0.8015,73492681.76,5
ADA,2022-02-15,1.05,1.109,116941025.1,7
AVAX,2022-02-15,81.89,93.01,116847834.33,9
BNB,2022-02-15,403.71,432.82,103825115.99,3
BTC,2022-02-15,42552.28,44576.33,1210638166.2,1
DOGE,2022-02-15,0.1458,0.1518,40714630.26,11
DOT,2022-02-15,18.7,20.18,29355375.24,10
ETH,2022-02-15,2931.12,3185.81,1002040864.64,2
LTC,2022-02-15,124.62,131.73,42763675.49,13
MATIC,2022-02-15,1.657,1.872,129983616.33,12
SOL,2022-02-15,96.43,105.54,275693052.66,5
TON,2022-02-15,0.0,0.0,0.0,15
TRX,2022-02-15,0.06444,0.06686,9998761.43,14
USDC,2022-02-15,0.9999,1.0,27553.16,8
USDT,2022-02-15,1.0,1.001,27569.41,4
XRP,2022-02-15,0.8015,0.8524,67190262.52,6
ADA,2022-02-16,1.109,1.083,80614877.77,7
AVAX,2022-02-16,93.01,95.41,182784189.82,9
BNB,2022-02-16,432.82,427.59,47177027.26,3
BTC,2022-02-16,44576.33,43896.34,905511530.54,1
DOGE,2022-02-16,0.1518,0.1488,30970171.87,11
DOT,2022-02-16,20.18,19.78,34479147.72,10
ETH,2022-02-16,3185.81,3124.33,803304744.19,2
LTC,2022-02-16,131.73,127.8,35637208.91,13
MATIC,2022-02-16,1.872,1.837,129009246.87,12
SOL,2022-02-16,105.54,101.94,238995501.42,6
TON,2022-02-16,0.0,0.0,0.0,15
TRX,2022-02-16,0.06686,0.06642,8060297.78,14
USDC,2022-02-16,1.0,1.0,20598.21,8
USDT,2022-02-16,1.001,1.0,20606.81,4
XRP,2022-02-16,0.8524,0.8371,68014848.43,5
ADA,2022-02-17,1.083,1.021,96362844.26,7
AVAX,2022-02-17,95.41,88.28,193461284.39,9
BNB,2022-02-17,427.59,402.64,47171433.24,4
BTC,2022-02-17,43896.34,40545.09,1669164372.28,1
DOGE,2022-02-17,0.1488,0.1385,51169853.73,11
DOT,2022-02-17,19.78,18.17,41835191.42,10
ETH,2022-02-17,3124.33,2894.42,1278963366.95,2
LTC,2022-02-17,127.8,116.41,57952281.21,13
MATIC,2022-02-17,1.837,1.662,128577468.6,12
SOL,2022-02-17,101.94,93.58,229975633.67,6
TON,2022-02-17,0.0,0.0,0.0,15
TRX,2022-02-17,0.06642,0.06251,11261131.99,14
USDC,2022-02-17,1.0,1.0,39647.46,8
USDT,2022-02-17,1.0,1.001,39675.46,3
XRP,2022-02-17,0.8371,0.7677,89230855.21,5
ADA,2022-02-18,1.021,0.9959,121832844.95,7
AVAX,2022-02-18,88.28,83.76,149086764.48,9
BNB,2022-02-18,402.64,399.39,53301822.52,4
BTC,2022-02-18,40545.09,39994.66,1308787736.51,1
DOGE,2022-02-18,0.1385,0.1386,34513485.33,10
DOT,2022-02-18,18.17,17.84,32149448.58,11
ETH,2022-02-18,2894.42,2780.72,1096377704.49,2
LTC,2022-02-18,116.41,114.9,79635826.99,13
MATIC,2022-02-18,1.662,1.594,102260090.49,12
SOL,2022-02-18,93.58,89.93,195881104.73,6
TON,2022-02-18,0.0,0.0,0.0,15
TRX,2022-02-18,0.06251,0.0631,10778862.11,14
USDC,2022-02-18,1.0,0.9995,32500.0,8
USDT,2022-02-18,1.001,1.0,32526.05,3
XRP,2022-02-18,0.7677,0.785,85858848.86,5
ADA,2022-02-19,0.9959,0.997,89191607.82,7
AVAX,2022-02-19,83.76,85.08,73087391.08,9
BNB,2022-02-19,399.39,399.84,27253590.88,4
BTC,2022-02-19,39994.66,40107.12,467744109.72,1
DOGE,2022-02-19,0.1386,0.141,42825259.59,10
DOT,2022-02-19,17.84,17.86,22391054.59,11
ETH,2022-02-19,2780.72,2764.5,563929415.84,2
LTC,2022-02-19,114.9,115.64,36091452.43,13
MATIC,2022-02-19,1.594,1.633,55142314.11,12
SOL,2022-02-19,89.93,91.31,127648472.81,6
TON,2022-02-19,0.0,0.0,0.0,15
TRX,2022-02-19,0.0631,0.06348,9114032.92,14
USDC,2022-02-19,0.9995,1.0,11676.94,8
USDT,2022-02-19,1.0,1.0,204165.41,3
XRP,2022-02-19,0.785,0.8218,79182276.69,5
ADA,2022-02-20,0.997,0.9319,140037829.43,7
AVAX,2022-02-20,85.08,77.38,96205566.72,9
BNB,2022-02-20,399.84,380.68,30503789.04,4
BTC,2022-02-20,40107.12,38397.25,890707081.68,1
DOGE,2022-02-20,0.141,0.1368,34826321.28,10
DOT,2022-02-20,17.86,16.92,37654371.78,11
ETH,2022-02-20,2764.5,2622.7,788545229.88,2
LTC,2022-02-20,115.64,110.68,35165189.04,13
MATIC,2022-02-20,1.633,1.512,83195576.82,12
SOL,2022-02-20,91.31,90.75,204093998.88,6
TON,2022-02-20,0.0,0.0,0.0,15
TRX,2022-02-20,0.06348,0.06199,10338724.95,14
USDC,2022-02-20,1.0,1.001,23045.46,8
USDT,2022-02-20,1.001,1.0,23038.23,3
XRP,2022-02-20,0.8218,0.7767,68543121.9,5
ADA,2022-02-21,0.9319,0.8578,201565400.71,7
AVAX,2022-02-21,77.38,70.1,158521038.49,9
BNB,2022-02-21,380.68,356.82,50166411.15,4
BTC,2022-02-21,38397.25,37037.39,1819938918.66,1
DOGE,2022-02-21,0.1368,0.1282,61851602.48,10
DOT,2022-02-21,16.92,16.19,49312727.4,11
ETH,2022-02-21,2622.7,2570.15,1280527155.22,2
LTC,2022-02-21,110.68,102.78,63309051.59,13
MATIC,2022-02-21,1.512,1.406,156793921.45,12
SOL,2022-02-21,90.75,82.99,318962743.74,6
TON,2022-02-21,0.0,0.0,0.0,15
TRX,2022-02-21,0.06199,0.05955,15137378.07,14
USDC,2022-02-21,1.001,1.0,47551.55,8
USDT,2022-02-21,1.0,1.001,47586.62,3
XRP,2022-02-21,0.7767,0.7019,95689153.18,5
ADA,2022-02-22,0.8578,0.8883,221355097.0,7
AVAX,2022-02-22,70.1,74.43,122279572.91,9
BNB,2022-02-22,356.82,374.49,69959486.16,4
BTC,2022-02-22,37037.39,38267.75,1605539398.15,1
DOGE,2022-02-22,0.1282,0.1314,45368069.83,10
DOT,2022-02-22,16.19,16.61,34948105.5,11
ETH,2022-02-22,2570.15,2638.81,1088026319.81,2
LTC,2022-02-22,102.78,107.52,55646371.93,13
MATIC,2022-02-22,1.406,1.463,139621356.6,12
SOL,2022-02-22,82.99,86.44,230849974.3,6
TON,2022-02-22,0.0,0.0,0.0,15
TRX,2022-02-22,0.05955,0.06266,12914669.57,14
USDC,2022-02-22,1.0,1.0,42892.44,8
USDT,2022-02-22,1.001,1.001,42920.04,3
XRP,2022-02-22,0.7019,0.7215,96786591.93,5
ADA,2022-02-23,0.8883,0.866,159107084.41,7
AVAX,2022-02-23,74.43,73.49,168529194.56,9
BNB,2022-02-23,374.49,365.88,59358352.84,4
BTC,2022-02-23,38267.75,37270.85,1218156854.61,1
DOGE,2022-02-23,0.1314,0.1274,34536273.62,10
DOT,2022-02-23,16.61,15.97,41378058.14,11
ETH,2022-02-23,2638.81,2580.97,937541603.27,2
LTC,2022-02-23,107.52,105.44,36709756.26,13
MATIC,2022-02-23,1.463,1.436,146507749.0,12
SOL,2022-02-23,86.44,84.61,277768525.33,6
TON,2022-02-23,0.0,0.0,0.0,15
TRX,2022-02-23,0.06266,0.0608,11740167.14,14
USDC,2022-02-23,1.0,1.0,31862.29,8
USDT,2022-02-23,1.001,1.001,31867.09,3
XRP,2022-02-23,0.7215,0.6962,78358835.1,5
ADA,2022-02-24,0.866,0.8532,308282191.99,7
AVAX,2022-02-24,73.49,76.5,298753599.5,9
BNB,2022-02-24,365.88,360.45,71871560.21,4
BTC,2022-02-24,37270.85,38353.62,3367553842.97,1
DOGE,2022-02-24,0.1274,0.1241,130579362.08,11
DOT,2022-02-24,15.97,16.18,103697324.87,10
ETH,2022-02-24,2580.97,2597.94,2394587900.96,2
LTC,2022-02-24,105.44,104.27,103257981.92,13
MATIC,2022-02-24,1.436,1.441,257789664.68,12
SOL,2022-02-24,84.61,89.41,538981764.35,5
TON,2022-02-24,0.0,0.0,0.0,15
TRX,2022-02-24,0.0608,0.06109,18335948.08,14
USDC,2022-02-24,1.0,1.0,93381.46,8
USDT,2022-02-24,1.001,1.001,93413.35,3
XRP,2022-02-24,0.6962,0.6963,131692127.55,6
ADA,2022-02-25,0.8532,0.8996,134870059.57,7
AVAX,2022-02-25,76.5,81.05,142239661.36,9
BNB,2022-02-25,360.45,375.01,46492367.71,4
BTC,2022-02-25,38353.62,39239.77,1536575836.24,1
DOGE,2022-02-25,0.1241,0.1278,48552064.04,11
DOT,2022-02-25,16.18,17.28,36269808.88,10
ETH,2022-02-25,2597.94,2769.0,1068346401.49,2
LTC,2022-02-25,104.27,109.3,46442521.26,13
MATIC,2022-02-25,1.441,1.552,116271881.47,12
SOL,2022-02-25,89.41,92.84,297429202.39,6
TON,2022-02-25,0.0,0.0,0.0,15
TRX,2022-02-25,0.06109,0.05941,20342956.77,14
USDC,2022-02-25,1.0,1.0,39467.27,8
USDT,2022-02-25,1.001,1.001,39478.79,3
XRP,2022-02-25,0.6963,0.7698,92282487.32,5
ADA,2022-02-26,0.8996,0.8872,79256922.39,7
AVAX,2022-02-26,81.05,81.79,123517774.98,9
BNB,2022-02-26,375.01,373.86,43836538.2,4
BTC,2022-02-26,39239.77,39134.83,732995982.54,1
DOGE,2022-02-26,0.1278,0.1277,36170947.34,11
DOT,2022-02-26,17.28,18.02,50014494.39,10
ETH,2022-02-26,2769.0,2780.32,637768288.08,2
LTC,2022-02-26,109.3,108.27,37758462.4,13
MATIC,2022-02-26,1.552,1.516,58979040.65,12
SOL,2022-02-26,92.84,90.29,157334183.7,6
TON,2022-02-26,0.0,0.0,0.0,15
TRX,2022-02-26,0.05941,0.05961,13194228.28,14
USDC,2022-02-26,1.0,1.0,18658.1,8
USDT,2022-02-26,1.001,1.001,18660.02,3
XRP,2022-02-26,0.7698,0.751,70444494.91,5
ADA,2022-02-27,0.8872,0.8568,92698917.83,7
AVAX,2022-02-27,81.79,75.08,143477481.21,9
BNB,2022-02-27,373.86,359.83,55334918.88,4
BTC,2022-02-27,39134.83,37714.96,1184510440.64,1
DOGE,2022-02-27,0.1277,0.1229,38757321.44,11
DOT,2022-02-27,18.02,17.49,42351709.82,10
ETH,2022-02-27,2780.32,2617.32,1085892930.75,2
LTC,2022-02-27,108.27,103.02,35441182.65,13
MATIC,2022-02-27,1.516,1.453,72171725.22,12
SOL,2022-02-27,90.29,85.66,188776935.86,6
TON,2022-02-27,0.0,0.0,0.0,15
TRX,2022-02-27,0.05961,0.05805,10299452.59,14
USDC,2022-02-27,1.0,1.0,30839.31,8
USDT,2022-02-27,1.001,1.001,30850.18,3
XRP,2022-02-27,0.751,0.7217,65056919.09,5
ADA,2022-02-28,0.8568,0.9643,142666864.99,7
AVAX,2022-02-28,75.08,84.61,172192485.47,9
BNB,2022-02-28,359.83,396.03,39506982.74,4
BTC,2022-02-28,37714.96,43189.46,2231772118.95,1
DOGE,2022-02-28,0.1229,0.1334,51509142.53,11
DOT,2022-02-28,17.49,18.98,60734492.55,10
ETH,2022-02-28,2617.32,2919.85,1390670729.71,2
LTC,2022-02-28,103.02,113.81,48655995.78,13
MATIC,2022-02-28,1.453,1.616,99480191.5,12
SOL,2022-02-28,85.66,99.75,369874400.47,5
TON,2022-02-28,0.0,0.0,0.0,15
TRX,2022-02-28,0.05805,0.0618,10212181.51,14
USDC,2022-02-28,1.0,0.9994,55291.32,8
USDT,2022-02-28,1.001,1.0,55341.28,3
XRP,2022-02-28,0.7217,0.7819,96113934.98,6
ADA,2022-03-01,0.9643,0.9631,157493359.72,7
AVAX,2022-03-01,84.61,86.85,212287185.68,9
BNB,2022-03-01,396.03,408.83,79666330.73,4
BTC,2022-03-01,43189.46,44428.47,2121207162.06,1
DOGE,2022-03-01,0.1334,0.134,56222309.87,11
DOT,2022-03-01,18.98,18.9,69650693.93,10
ETH,2022-03-01,2919.85,2976.59,1275345152.75,2
LTC,2022-03-01,113.81,112.61,57721159.97,13
MATIC,2022-03-01,1.616,1.623,122751484.4,12
SOL,2022-03-01,99.75,98.65,407426810.39,5
TON,2022-03-01,0.0,0.0,0.0,15
TRX,2022-03-01,0.0618,0.06219,9995087.63,14
USDC,2022-03-01,0.9994,1.0,48475.83,8
USDT,2022-03-01,1.0,1.0,48480.04,3
XRP,2022-03-01,0.7819,0.7844,88223831.89,6
ADA,2022-03-02,0.9631,0.939,106530267.08,7
AVAX,2022-03-02,86.85,83.39,137854502.84,9
BNB,2022-03-02,408.83,409.32,68289935.29,4
BTC,2022-03-02,44428.47,43935.37,1652867992.22,1
DOGE,2022-03-02,0.134,0.1332,34819085.06,11
DOT,2022-03-02,18.9,18.61,37946561.32,10
ETH,2022-03-02,2976.59,2949.03,1110866879.98,2
LTC,2022-03-02,112.61,110.36,36217407.57,13
MATIC,2022-03-02,1.623,1.637,105312049.07,12
SOL,2022-03-02,98.65,100.75,428576214.75,5
TON,2022-03-02,0.0,0.0,0.0,15
TRX,2022-03-02,0.06219,0.06153,9256420.97,14
USDC,2022-03-02,1.0,1.0,37396.9,8
USDT,2022-03-02,1.0,1.001,37418.54,3
XRP,2022-03-02,0.7844,0.7692,63521873.44,6
ADA,2022-03-03,0.939,0.9023,89270999.7,7
AVAX,2022-03-03,83.39,78.61,119987469.32,9
BNB,2022-03-03,409.32,402.77,60717295.74,4
BTC,2022-03-03,43935.37,42474.37,1565020513.9,1
DOGE,2022-03-03,0.1332,0.1297,26325584.48,11
DOT,2022-03-03,18.61,18.03,28312430.19,10
ETH,2022-03-03,2949.03,2833.71,888491373.47,2
LTC,2022-03-03,110.36,111.43,42292571.77,13
MATIC,2022-03-03,1.637,1.586,72517121.81,12
SOL,2022-03-03,100.75,95.6,278704905.4,5
TON,2022-03-03,0.0,0.0,0.0,15
TRX,2022-03-03,0.06153,0.06001,7959813.73,14
USDC,2022-03-03,1.0,1.0,36523.14,8
USDT,2022-03-03,1.001,1.0,36528.02,3
XRP,2022-03-03,0.7692,0.7521,71657772.81,6
ADA,2022-03-04,0.9023,0.8446,89904193.26,7
AVAX,2022-03-04,78.61,75.56,148600815.48,9
BNB,2022-03-04,402.77,374.15,52004882.94,4
BTC,2022-03-04,42474.37,39154.4,2043287977.87,1
DOGE,2022-03-04,0.1297,0.1225,43799859.75,11
DOT,2022-03-04,18.03,16.79,38290202.57,10
ETH,2022-03-04,2833.71,2622.51,1114507567.57,2
LTC,2022-03-04,111.43,101.07,62367491.27,13
MATIC,2022-03-04,1.586,1.476,66922524.7,12
SOL,2022-03-04,95.6,88.24,306775823.32,5
TON,2022-03-04,0.0,0.0,0.0,15
TRX,2022-03-04,0.06001,0.05827,8820378.31,14
USDC,2022-03-04,1.0,1.0,50139.43,8
USDT,2022-03-04,1.0,1.0,50142.45,3
XRP,2022-03-04,0.7521,0.7126,83483908.63,6
ADA,2022-03-05,0.8446,0.8654,64112584.36,7
AVAX,2022-03-05,75.56,76.67,72412259.53,9
BNB,2022-03-05,374.15,384.81,49417472.42,4
BTC,2022-03-05,39154.4,39407.02,624289503.91,1
DOGE,2022-03-05,0.1225,0.125,16338645.25,11
DOT,2022-03-05,16.79,17.32,25287051.91,10
ETH,2022-03-05,2622.51,2666.18,312186085.03,2
LTC,2022-03-05,101.07,104.92,23359613.4,13
MATIC,2022-03-05,1.476,1.508,33930716.27,12
SOL,2022-03-05,88.24,89.61,168076878.78,6
TON,2022-03-05,0.0,0.0,0.0,15
TRX,2022-03-05,0.05827,0.06041,6939665.6,14
USDC,2022-03-05,1.0,1.0,15941.15,8
USDT,2022-03-05,1.0,1.0,15944.16,3
XRP,2022-03-05,0.7126,0.7542,45318903.64,5
ADA,2022-03-06,0.8654,0.823,49086996.55,8
AVAX,2022-03-06,76.67,72.46,73162620.62,9
BNB,2022-03-06,384.81,374.84,33395914.37,4
BTC,2022-03-06,39407.02,38428.92,818379145.11,1
DOGE,2022-03-06,0.125,0.1207,25780295.02,11
DOT,2022-03-06,17.32,16.97,23772766.91,10
ETH,2022-03-06,2666.18,2552.58,343584082.5,2
LTC,2022-03-06,104.92,101.09,21927329.68,13
MATIC,2022-03-06,1.508,1.435,32983783.81,12
SOL,2022-03-06,89.61,84.55,171163848.23,6
TON,2022-03-06,0.0,0.0,0.0,15
TRX,2022-03-06,0.06041,0.05888,7328365.78,14
USDC,2022-03-06,1.0,1.001,21048.36,7
USDT,2022-03-06,1.0,1.001,21045.61,3
XRP,2022-03-06,0.7542,0.7249,40613415.69,5
ADA,2022-03-07,0.823,0.7955,94566452.97,8
AVAX,2022-03-07,72.46,71.82,99271242.47,9
BNB,2022-03-07,374.84,380.84,66817327.55,4
BTC,2022-03-07,38428.92,38030.63,1547870219.6,1
DOGE,2022-03-07,0.1207,0.1169,33041580.19,11
DOT,2022-03-07,16.97,16.42,33362482.32,10
ETH,2022-03-07,2552.58,2496.67,926973297.81,2
LTC,2022-03-07,101.09,98.54,46737187.75,13
MATIC,2022-03-07,1.435,1.415,77291595.46,12
SOL,2022-03-07,84.55,81.88,255503806.44,6
TON,2022-03-07,0.0,0.0,0.0,15
TRX,2022-03-07,0.05888,0.05866,7650654.23,14
USDC,2022-03-07,1.001,0.9995,40456.07,7
USDT,2022-03-07,1.001,1.0,40476.95,3
XRP,2022-03-07,0.7249,0.7205,89459923.29,5
ADA,2022-03-08,0.7955,0.802,78959191.82,8
AVAX,2022-03-08,71.82,72.98,106965256.75,9
BNB,2022-03-08,380.84,381.48,48954140.79,4
BTC,2022-03-08,38030.63,38748.52,1373819361.89,1
DOGE,2022-03-08,0.1169,0.1171,32405570.69,11
DOT,2022-03-08,16.42,16.99,25206988.17,10
ETH,2022-03-08,2496.67,2579.18,773261628.78,2
LTC,2022-03-08,98.54,100.73,34279568.28,13
MATIC,2022-03-08,1.415,1.447,56117369.48,12
SOL,2022-03-08,81.88,82.31,215223179.74,6
TON,2022-03-08,0.0,0.0,0.0,15
TRX,2022-03-08,0.05866,0.06058,12052961.94,14
USDC,2022-03-08,0.9995,1.0,35527.78,7
USDT,2022-03-08,1.0,1.0,35531.72,3
XRP,2022-03-08,0.7205,0.721,67712798.19,5
ADA,2022-03-09,0.802,0.8489,85246683.33,7
AVAX,2022-03-09,72.98,77.61,141335700.31,9
BNB,2022-03-09,381.48,393.4,55127126.81,4
BTC,2022-03-09,38748.52,41962.85,1960521974.24,1
DOGE,2022-03-09,0.1171,0.1214,36270931.34,11
DOT,2022-03-09,16.99,17.87,28212193.55,10
ETH,2022-03-09,2579.18,2733.05,845338807.07,2
LTC,2022-03-09,100.73,106.88,39598140.31,13
MATIC,2022-03-09,1.447,1.506,66297156.27,12
SOL,2022-03-09,82.31,88.07,269117776.74,6
TON,2022-03-09,0.0,0.0,0.0,15
TRX,2022-03-09,0.06058,0.06082,15020854.59,14
USDC,2022-03-09,1.0,1.0,47229.27,8
USDT,2022-03-09,1.0,1.0,47228.83,3
XRP,2022-03-09,0.721,0.7659,78415451.46,5
ADA,2022-03-10,0.8489,0.8068,72337044.78,8
AVAX,2022-03-10,77.61,73.95,96196588.72,9
BNB,2022-03-10,393.53,372.27,112242263.5,4
BTC,2022-03-10,41962.85,39443.42,1683595949.7,1
DOGE,2022-03-10,0.1214,0.1168,38280140.19,11
DOT,2022-03-10,17.87,16.97,21250353.93,10
ETH,2022-03-10,2733.05,2608.64,903490445.4,2
LTC,2022-03-10,106.88,102.58,35592032.05,13
MATIC,2022-03-10,1.506,1.437,55676876.87,12
SOL,2022-03-10,88.07,82.93,220016654.11,6
TON,2022-03-10,0.0,0.0,0.0,15
TRX,2022-03-10,0.06082,0.05989,16742209.96,14
USDC,2022-03-10,1.0,1.0,42479.25,7
USDT,2022-03-10,1.0,1.0,42493.34,3
XRP,2022-03-10,0.7659,0.7364,82296273.72,5
ADA,2022-03-11,0.8068,0.7884,64496520.59,8
AVAX,2022-03-11,73.95,71.2,122071763.1,10
BNB,2022-03-11,372.13,372.02,38025030.24,4
BTC,2022-03-11,39443.42,38741.03,1527385235.35,1
DOGE,2022-03-11,0.1168,0.1154,23025156.55,11
DOT,2022-03-11,16.97,17.71,45945844.6,9
ETH,2022-03-11,2608.64,2557.57,705087040.47,2
LTC,2022-03-11,102.58,104.8,37091896.37,13
MATIC,2022-03-11,1.437,1.405,54690128.81,12
SOL,2022-03-11,82.93,80.67,191067932.33,6
TON,2022-03-11,0.0,0.0,0.0,15
TRX,2022-03-11,0.05989,0.06022,13809691.87,14
USDC,2022-03-11,1.0,0.9998,39190.73,7
USDT,2022-03-11,1.0,1.0,39203.03,3
XRP,2022-03-11,0.7364,0.8028,114859899.79,5
ADA,2022-03-12,0.7884,0.7882,31093280.94,8
AVAX,2022-03-12,71.2,70.94,34665275.72,10
BNB,2022-03-12,372.02,372.46,19289506.27,4
BTC,2022-03-12,38741.03,38805.53,464694957.41,1
DOGE,2022-03-12,0.1154,0.1149,11523466.35,11
DOT,2022-03-12,17.71,18.14,33346527.38,9
ETH,2022-03-12,2557.57,2569.87,242567780.48,2
LTC,2022-03-12,104.8,105.45,22725938.31,13
MATIC,2022-03-12,1.405,1.397,26393456.62,12
SOL,2022-03-12,80.67,81.41,80580765.04,6
TON,2022-03-12,0.0,0.0,0.0,15
TRX,2022-03-12,0.06022,0.05965,8946231.9,14
USDC,2022-03-12,0.9998,1.0,11889.0,7
USDT,2022-03-12,1.0,0.9999,11885.69,3
XRP,2022-03-12,0.8028,0.786,81127285.98,5
ADA,2022-03-13,0.7882,0.7905,44259728.11,8
AVAX,2022-03-13,70.94,68.04,44276015.59,10
BNB,2022-03-13,372.46,361.36,27894376.55,4
BTC,2022-03-13,38805.53,37796.31,687723583.56,1
DOGE,2022-03-13,0.1149,0.1116,28645334.5,11
DOT,2022-03-13,18.14,17.2,25255507.82,9
ETH,2022-03-13,2569.87,2516.83,330151197.72,2
LTC,2022-03-13,105.45,101.71,24460635.58,13
MATIC,2022-03-13,1.397,1.362,27820181.4,12
SOL,2022-03-13,81.41,78.76,112520909.44,6
TON,2022-03-13,0.0,0.0,0.0,15
TRX,2022-03-13,0.05965,0.05937,8492525.47,14
USDC,2022-03-13,1.0,0.9992,17782.39,7
USDT,2022-03-13,0.9999,1.0,17800.88,3
XRP,2022-03-13,0.786,0.7604,47930815.02,5
ADA,2022-03-14,0.7905,0.8029,54569659.97,8
AVAX,2022-03-14,68.04,69.02,83073801.84,10
BNB,2022-03-14,361.36,373.49,40352392.36,4
BTC,2022-03-14,37796.31,39696.28,1245884221.15,1
DOGE,2022-03-14,0.1116,0.114,58959443.9,11
DOT,2022-03-14,17.2,17.7,23267948.66,9
ETH,2022-03-14,2516.83,2591.45,570156967.79,2
LTC,2022-03-14,101.71,105.61,35208780.29,13
MATIC,2022-03-14,1.362,1.379,42239909.06,12
SOL,2022-03-14,78.76,81.26,164972651.57,6
TON,2022-03-14,0.0,0.0,0.0,15
TRX,2022-03-14,0.05937,0.06008,11670298.81,14
USDC,2022-03-14,0.9992,1.0,32108.63,7
USDT,2022-03-14,1.0,1.001,32119.47,3
XRP,2022-03-14,0.7604,0.7749,70710463.15,5
ADA,2022-03-15,0.8029,0.799,58152697.68,8
AVAX,2022-03-15,69.02,69.81,67527149.65,10
BNB,2022-03-15,373.49,371.76,44224174.13,4
BTC,2022-03-15,39696.28,39314.86,1196862773.71,1
DOGE,2022-03-15,0.114,0.1126,27977025.74,11
DOT,2022-03-15,17.7,17.81,20723442.76,9
ETH,2022-03-15,2591.45,2619.61,729493276.15,2
LTC,2022-03-15,105.61,106.96,31151513.56,13
MATIC,2022-03-15,1.379,1.379,37536990.69,12
SOL,2022-03-15,81.26,82.85,168558780.05,6
TON,2022-03-15,0.0,0.0,0.0,15
TRX,2022-03-15,0.06008,0.06052,12455803.04,14
USDC,2022-03-15,1.0,1.0,30652.4,7
USDT,2022-03-15,1.001,1.0,30646.95,3
XRP,2022-03-15,0.7749,0.7661,63346576.79,5
ADA,2022-03-16,0.799,0.839,77813227.62,8
AVAX,2022-03-16,69.81,74.12,104012325.55,10
BNB,2022-03-16,371.76,385.68,57413377.66,4
BTC,2022-03-16,39314.86,41133.64,2217384588.25,1
DOGE,2022-03-16,0.1126,0.1171,42536845.4,11
DOT,2022-03-16,17.81,19.05,41183397.53,9
ETH,2022-03-16,2619.61,2775.15,1032083525.66,2
LTC,2022-03-16,106.96,111.42,49170924.26,13
MATIC,2022-03-16,1.379,1.468,56511341.75,12
SOL,2022-03-16,82.85,87.84,225016506.95,6
TON,2022-03-16,0.0,0.0,0.0,15
TRX,2022-03-16,0.06052,0.06109,13205111.39,14
USDC,2022-03-16,1.0,1.0,54969.31,7
USDT,2022-03-16,1.0,1.0,54994.38,3
XRP,2022-03-16,0.7661,0.7927,86144134.94,5
ADA,2022-03-17,0.839,0.8369,57877494.58,8
AVAX,2022-03-17,74.12,79.47,138251902.53,9
BNB,2022-03-17,385.68,392.14,35030107.43,4
BTC,2022-03-17,41133.64,40956.79,736387236.02,1
DOGE,2022-03-17,0.1171,0.1164,30305842.3,11
DOT,2022-03-17,19.05,18.75,26199645.22,10
ETH,2022-03-17,2775.15,2814.64,802482340.33,2
LTC,2022-03-17,111.42,110.25,26499850.05,13
MATIC,2022-03-17,1.468,1.447,46021936.17,12
SOL,2022-03-17,87.84,87.88,237060413.77,6
TON,2022-03-17,0.0,0.0,0.0,15
TRX,2022-03-17,0.06109,0.06074,9996046.08,14
USDC,2022-03-17,1.0,1.0,18009.39,7
USDT,2022-03-17,1.0,1.0,287283.2,3
XRP,2022-03-17,0.7927,0.794,53670691.36,5
ADA,2022-03-18,0.8369,0.8522,54930377.72,7
AVAX,2022-03-18,79.47,85.72,140557795.68,9
BNB,2022-03-18,392.14,397.44,40049390.89,4
BTC,2022-03-18,40956.79,41790.97,1310605069.99,1
DOGE,2022-03-18,0.1164,0.1192,29323350.52,11
DOT,2022-03-18,18.75,18.97,22774472.99,10
ETH,2022-03-18,2814.64,2941.32,1268306240.7,2
LTC,2022-03-18,110.25,111.96,27367933.06,13
MATIC,2022-03-18,1.447,1.499,45445698.78,12
SOL,2022-03-18,87.88,89.81,251097931.84,6
TON,2022-03-18,0.0,0.0,0.0,15
TRX,2022-03-18,0.06074,0.06166,10728349.13,14
USDC,2022-03-18,1.0,0.9998,31856.79,8
USDT,2022-03-18,1.001,1.001,31887.34,3
XRP,2022-03-18,0.794,0.7969,79775732.08,5
ADA,2022-03-19,0.8522,0.9032,73305730.57,7
AVAX,2022-03-19,85.72,89.58,132528684.73,9
BNB,2022-03-19,397.44,400.1,35601000.28,4
BTC,2022-03-19,41790.97,42235.02,638860853.99,1
DOGE,2022-03-19,0.1192,0.1237,49826293.13,11
DOT,2022-03-19,18.97,19.41,26779816.68,10
ETH,2022-03-19,2941.32,2952.64,538679042.44,2
LTC,2022-03-19,111.96,116.95,34298418.01,13
MATIC,2022-03-19,1.499,1.53,43887685.65,12
SOL,2022-03-19,89.81,92.41,215508005.89,6
TON,2022-03-19,0.0,0.0,0.0,15
TRX,2022-03-19,0.06166,0.0619,9920817.1,14
USDC,2022-03-19,0.9998,1.0,15248.13,8
USDT,2022-03-19,1.001,1.001,15257.36,3
XRP,2022-03-19,0.7969,0.82,48023863.35,5
ADA,2022-03-20,0.9032,0.8775,55571077.22,7
AVAX,2022-03-20,89.58,84.75,92236600.7,9
BNB,2022-03-20,400.1,390.87,45827232.33,4
BTC,2022-03-20,42235.02,41243.16,647551620.15,1
DOGE,2022-03-20,0.1237,0.1193,26540176.29,11
DOT,2022-03-20,19.41,18.66,25247358.0,10
ETH,2022-03-20,2952.64,2861.26,470175915.87,2
LTC,2022-03-20,116.95,114.85,41361913.42,13
MATIC,2022-03-20,1.53,1.464,28660300.93,12
SOL,2022-03-20,92.41,88.6,133350638.96,6
TON,2022-03-20,0.0,0.0,0.0,15
TRX,2022-03-20,0.0619,0.06155,15878034.42,14
USDC,2022-03-20,1.0,0.9998,15578.0,8
USDT,2022-03-20,1.001,0.9998,15577.12,3
XRP,2022-03-20,0.82,0.8055,42872243.41,5
ADA,2022-03-21,0.8775,0.9186,82615511.28,7
AVAX,2022-03-21,84.75,86.19,134503752.1,9
BNB,2022-03-21,390.87,396.15,51252800.11,4
BTC,2022-03-21,41243.16,41043.9,897693606.33,1
DOGE,2022-03-21,0.1193,0.1193,35213249.22,11
DOT,2022-03-21,18.66,18.78,25309001.51,10
ETH,2022-03-21,2861.26,2895.01,754395426.87,2
LTC,2022-03-21,114.85,116.2,34077194.75,13
MATIC,2022-03-21,1.464,1.465,32829107.74,12
SOL,2022-03-21,88.6,88.65,170292028.02,6
TON,2022-03-21,0.0,0.0,0.0,15
TRX,2022-03-21,0.06155,0.06178,17246384.52,14
USDC,2022-03-21,0.9998,1.0,21869.78,8
USDT,2022-03-21,0.9998,1.0,21870.26,3
XRP,2022-03-21,0.8055,0.8384,92870591.03,5
ADA,2022-03-22,0.9186,0.9758,131159251.62,7
AVAX,2022-03-22,86.19,83.98,145684962.1,10
BNB,2022-03-22,396.15,404.31,47266443.53,4
BTC,2022-03-22,41043.9,42380.11,1597913842.6,1
DOGE,2022-03-22,0.1193,0.1225,39280125.51,11
DOT,2022-03-22,18.78,20.22,42253033.25,9
ETH,2022-03-22,2895.01,2970.47,1105346813.25,2
LTC,2022-03-22,116.2,122.84,59749648.21,13
MATIC,2022-03-22,1.465,1.507,42570168.97,12
SOL,2022-03-22,88.65,90.47,197326594.02,6
TON,2022-03-22,0.0,0.0,0.0,15
TRX,2022-03-22,0.06178,0.06344,18595102.32,14
USDC,2022-03-22,1.0,1.0,37641.03,8
USDT,2022-03-22,1.0,1.0,37653.81,3
XRP,2022-03-22,0.8384,0.837,87818685.77,5
ADA,2022-03-23,0.9758,1.108,281599102.82,7
AVAX,2022-03-23,83.98,86.02,99730184.29,10
BNB,2022-03-23,404.31,408.6,43987538.15,4
BTC,2022-03-23,42380.11,42904.1,1116852856.74,1
DOGE,2022-03-23,0.1225,0.1299,77376043.37,11
DOT,2022-03-23,20.22,21.01,46946759.36,9
ETH,2022-03-23,2970.47,3037.3,891655004.6,2
LTC,2022-03-23,122.84,122.51,36659187.43,13
MATIC,2022-03-23,1.507,1.556,48760634.71,12
SOL,2022-03-23,90.47,94.89,254875496.99,6
TON,2022-03-23,0.0,0.0,0.0,15
TRX,2022-03-23,0.06344,0.06432,15127906.1,14
USDC,2022-03-23,1.0,0.9997,26397.61,8
USDT,2022-03-23,1.0,1.0,26409.14,3
XRP,2022-03-23,0.837,0.8378,71898285.41,5
ADA,2022-03-24,1.108,1.131,290167029.56,7
AVAX,2022-03-24,86.02,87.57,110097030.52,10
BNB,2022-03-24,408.6,414.39,49510662.75,4
BTC,2022-03-24,42904.1,44006.77,1514036890.73,1
DOGE,2022-03-24,0.1299,0.1368,144143568.92,11
DOT,2022-03-24,21.01,21.26,44696559.17,9
ETH,2022-03-24,3037.3,3112.85,1204417827.74,2
LTC,2022-03-24,122.51,126.54,49381082.74,13
MATIC,2022-03-24,1.556,1.63,73011998.68,12
SOL,2022-03-24,94.89,102.39,406947040.56,6
TON,2022-03-24,0.0,0.0,0.0,15
TRX,2022-03-24,0.06432,0.06565,17629655.31,14
USDC,2022-03-24,0.9997,1.0,34880.9,8
USDT,2022-03-24,1.0,1.0,34895.79,3
XRP,2022-03-24,0.8378,0.8429,79751242.07,5
ADA,2022-03-25,1.131,1.097,196295089.92,7
AVAX,2022-03-25,87.57,83.58,92425990.46,10
BNB,2022-03-25,414.39,410.37,53416180.28,4
BTC,2022-03-25,44006.77,44331.36,1529847572.88,1
DOGE,2022-03-25,0.1368,0.1309,68255621.05,11
DOT,2022-03-25,21.26,20.54,30072507.98,9
ETH,2022-03-25,3112.85,3104.04,1043393468.05,2
LTC,2022-03-25,126.54,124.01,41895129.33,13
MATIC,2022-03-25,1.63,1.578,64892550.13,12
SOL,2022-03-25,102.39,98.65,308110782.24,6
TON,2022-03-25,0.0,0.0,0.0,15
TRX,2022-03-25,0.06565,0.06434,17304426.78,14
USDC,2022-03-25,1.0,1.0,34474.47,8
USDT,2022-03-25,1.0,1.001,34490.55,3
XRP,2022-03-25,0.8429,0.8245,87043377.4,5
ADA,2022-03-26,1.097,1.153,114374811.55,7
AVAX,2022-03-26,83.58,86.02,54388077.32,10
BNB,2022-03-26,410.37,416.23,25880887.31,3
BTC,2022-03-26,44331.36,44542.31,513402297.27,1
DOGE,2022-03-26,0.1309,0.1361,51323091.34,11
DOT,2022-03-26,20.54,20.93,22426146.98,9
ETH,2022-03-26,3104.04,3146.36,308097209.43,2
LTC,2022-03-26,124.01,124.86,22005868.53,13
MATIC,2022-03-26,1.578,1.612,26839335.63,12
SOL,2022-03-26,98.65,101.79,159502489.33,6
TON,2022-03-26,0.0,0.0,0.0,15
TRX,2022-03-26,0.06434,0.06633,17440283.3,14
USDC,2022-03-26,1.0,1.0,11560.34,8
USDT,2022-03-26,1.001,1.001,11570.19,4
XRP,2022-03-26,0.8245,0.8332,28140586.32,5
ADA,2022-03-27,1.153,1.184,118317650.54,7
AVAX,2022-03-27,86.02,89.98,59954014.32,10
BNB,2022-03-27,416.23,430.8,49069357.34,3
BTC,2022-03-27,44542.31,46842.14,1035071605.98,1
DOGE,2022-03-27,0.1361,0.1448,107296153.01,11
DOT,2022-03-27,20.93,22.47,32208977.82,9
ETH,2022-03-27,3146.36,3296.46,599229501.54,2
LTC,2022-03-27,124.86,129.67,32187309.55,13
MATIC,2022-03-27,1.612,1.695,42746069.38,12
SOL,2022-03-27,101.79,107.08,190435562.18,5
TON,2022-03-27,0.0,0.0,0.0,15
TRX,2022-03-27,0.06633,0.06908,20329310.59,14
USDC,2022-03-27,1.0,0.9997,22670.24,8
USDT,2022-03-27,1.001,1.0,22680.49,4
XRP,2022-03-27,0.8332,0.8579,37547488.03,6
ADA,2022-03-28,1.184,1.17,239839329.3,7
AVAX,2022-03-28,89.98,89.59,158416191.71,10
BNB,2022-03-28,430.8,430.15,49700951.49,3
BTC,2022-03-28,46842.14,47128.71,1697234773.76,1
DOGE,2022-03-28,0.1448,0.1424,161159085.93,11
DOT,2022-03-28,22.47,22.0,52884606.09,9
ETH,2022-03-28,3296.46,3334.29,1240484725.34,2
LTC,2022-03-28,129.67,127.59,48183533.16,13
MATIC,2022-03-28,1.695,1.658,75963093.57,12
SOL,2022-03-28,107.08,105.93,416216471.12,6
TON,2022-03-28,0.0,0.0,0.0,15
TRX,2022-03-28,0.06908,0.06885,21949449.98,14
USDC,2022-03-28,0.9997,0.9998,35791.1,8
USDT,2022-03-28,1.0,1.0,35814.29,4
XRP,2022-03-28,0.8579,0.8636,118665501.26,5
ADA,2022-03-29,1.17,1.191,144693620.02,7
AVAX,2022-03-29,89.59,92.88,133846426.2,10
BNB,2022-03-29,430.15,434.48,57937896.21,3
BTC,2022-03-29,47128.71,47445.3,1324122253.95,1
DOGE,2022-03-29,0.1424,0.1444,74856380.69,11
DOT,2022-03-29,22.0,22.47,35751431.11,9
ETH,2022-03-29,3334.29,3402.62,1057698452.9,2
LTC,2022-03-29,127.59,130.08,36867594.93,13
MATIC,2022-03-29,1.658,1.676,67176612.57,12
SOL,2022-03-29,105.93,111.78,418092940.64,5
TON,2022-03-29,0.0,0.0,0.0,15
TRX,2022-03-29,0.06885,0.06938,18500792.64,14
USDC,2022-03-29,0.9998,0.9999,27816.71,8
USDT,2022-03-29,1.0,1.0,27827.15,4
XRP,2022-03-29,0.8636,0.8581,83055045.0,6
ADA,2022-03-30,1.191,1.189,113049614.33,7
AVAX,2022-03-30,92.88,95.72,182965275.33,9
BNB,2022-03-30,434.48,442.0,61881446.76,3
BTC,2022-03-30,47445.3,47056.41,1158606188.62,1
DOGE,2022-03-30,0.1444,0.143,58853321.39,11
DOT,2022-03-30,22.47,22.42,40692200.37,10
ETH,2022-03-30,3402.62,3385.11,730754932.49,2
LTC,2022-03-30,130.08,131.11,46869160.77,13
MATIC,2022-03-30,1.676,1.683,65175655.01,12
SOL,2022-03-30,111.78,120.64,591082350.06,5
TON,2022-03-30,0.0,0.0,0.0,15
TRX,2022-03-30,0.06938,0.07334,29781911.65,14
USDC,2022-03-30,0.9999,0.9999,24547.29,8
USDT,2022-03-30,1.0,1.0,24550.26,4
XRP,2022-03-30,0.8581,0.8612,66534575.94,6
ADA,2022-03-31,1.189,1.142,175860171.95,7
AVAX,2022-03-31,95.72,97.4,202669198.26,9
BNB,2022-03-31,442.0,428.82,79059255.33,3
BTC,2022-03-31,47056.41,45522.65,1350600519.47,1
DOGE,2022-03-31,0.143,0.1381,69790345.2,11
DOT,2022-03-31,22.42,21.35,47091028.18,10
ETH,2022-03-31,3385.11,3282.78,892918044.54,2
LTC,2022-03-31,131.11,123.85,71693423.87,13
MATIC,2022-03-31,1.683,1.618,87521315.07,12
SOL,2022-03-31,120.64,122.84,584697700.28,5
TON,2022-03-31,0.0,0.0,0.0,15
TRX,2022-03-31,0.07334,0.07389,43308684.62,14
USDC,2022-03-31,0.9999,0.9998,29101.18,8
USDT,2022-03-31,1.0,1.0,29113.32,4
XRP,2022-03-31,0.8612,0.8148,91660834.01,6
ADA,2022-04-01,1.142,1.165,130598612.72,7
AVAX,2022-04-01,97.4,96.81,175060266.91,9
BNB,2022-04-01,428.82,447.8,73488378.8,3
BTC,2022-04-01,45522.65,46299.75,1558891962.07,1
DOGE,2022-04-01,0.1381,0.1413,58620162.85,11
DOT,2022-04-01,21.35,22.05,36446964.28,10
ETH,2022-04-01,3282.78,3455.72,1146333667.69,2
LTC,2022-04-01,123.85,124.88,38544960.8,13
MATIC,2022-04-01,1.618,1.695,66083868.39,12
SOL,2022-04-01,122.84,134.54,631724717.21,5
TON,2022-04-01,0.0,0.0,0.0,15
TRX,2022-04-01,0.07389,0.07494,26852675.65,14
USDC,2022-04-01,0.9998,1.0,34254.74,8
USDT,2022-04-01,1.0,1.001,34264.99,4
XRP,2022-04-01,0.8148,0.8279,120886911.29,6
ADA,2022-04-02,1.165,1.156,99252941.74,7
AVAX,2022-04-02,96.81,95.91,134037436.54,9
BNB,2022-04-02,447.8,437.17,48675366.58,3
BTC,2022-04-02,46299.75,45822.28,765849775.02,1
DOGE,2022-04-02,0.1413,0.1388,43701164.24,11
DOT,2022-04-02,22.05,22.59,41635709.46,10
ETH,2022-04-02,3455.72,3444.68,777202927.2,2
LTC,2022-04-02,124.88,124.85,29222614.02,13
MATIC,2022-04-02,1.695,1.652,53391765.38,12
SOL,2022-04-02,134.54,132.51,417707954.3,5
TON,2022-04-02,0.0,0.0,0.0,15
TRX,2022-04-02,0.07494,0.07319,20559912.35,14
USDC,2022-04-02,1.0,1.0,16495.28,8
USDT,2022-04-02,1.0,1.001,223274.18,4
XRP,2022-04-02,0.8279,0.8241,34746426.75,6
ADA,2022-04-03,1.156,1.186,69967091.61,7
AVAX,2022-04-03,95.91,98.14,109163822.31,9
BNB,2022-04-03,437.17,450.26,61446620.99,3
BTC,2022-04-03,45822.28,46414.26,809819360.86,1
DOGE,2022-04-03,0.1388,0.1465,72241704.83,11
DOT,2022-04-03,22.59,23.2,39713826.49,10
ETH,2022-04-03,3444.68,3522.49,605819080.56,2
LTC,2022-04-03,124.85,128.78,29458922.26,13
MATIC,2022-04-03,1.652,1.688,40873849.21,12
SOL,2022-04-03,132.51,136.91,319077832.39,5
TON,2022-04-03,0.0,0.0,0.0,15
TRX,2022-04-03,0.07319,0.0731,12739125.0,14
USDC,2022-04-03,1.0,1.0,17419.33,8
USDT,2022-04-03,1.0,1.0,17417.61,4
XRP,2022-04-03,0.8241,0.8429,28348696.61,6
ADA,2022-04-04,1.186,1.212,168050507.47,7
AVAX,2022-04-04,98.14,96.05,118551268.16,9
BNB,2022-04-04,450.26,447.85,62789383.79,3
BTC,2022-04-04,46414.26,46609.36,1145480471.77,1
DOGE,2022-04-04,0.1465,0.1484,145020648.33,11
DOT,2022-04-04,23.2,22.9,40969084.37,10
ETH,2022-04-04,3522.49,3520.15,896630079.47,2
LTC,2022-04-04,128.78,124.77,37779135.06,13
MATIC,2022-04-04,1.688,1.648,47344924.02,12
SOL,2022-04-04,136.91,132.13,375394773.2,5
TON,2022-04-04,0.0,0.0,0.0,15
TRX,2022-04-04,0.0731,0.07071,16596028.84,14
USDC,2022-04-04,1.0,1.0,24885.65,8
USDT,2022-04-04,1.0,1.0,24895.54,4
XRP,2022-04-04,0.8429,0.8265,72967911.99,6
ADA,2022-04-05,1.212,1.171,78989350.62,7
AVAX,2022-04-05,96.05,90.99,102089439.49,10
BNB,2022-04-05,447.85,444.61,60144064.93,3
BTC,2022-04-05,46609.36,45501.58,1118296319.71,1
DOGE,2022-04-05,0.1484,0.1724,360845489.02,9
DOT,2022-04-05,22.9,21.78,31197586.03,11
ETH,2022-04-05,3520.15,3406.48,972367292.53,2
LTC,2022-04-05,124.77,122.78,23598510.82,13
MATIC,2022-04-05,1.648,1.592,42226133.4,12
SOL,2022-04-05,132.13,126.83,302494778.35,5
TON,2022-04-05,0.0,0.0,0.0,15
TRX,2022-04-05,0.07071,0.06929,15112133.26,14
USDC,2022-04-05,1.0,1.0,24211.96,8
USDT,2022-04-05,1.0,1.0,24208.64,4
XRP,2022-04-05,0.8265,0.817,76242025.46,6
ADA,2022-04-06,1.171,1.053,169172703.82,7
AVAX,2022-04-06,90.99,82.94,156200319.41,9
BNB,2022-04-06,444.61,420.17,83500981.15,3
BTC,2022-04-06,45501.58,43177.78,1918395755.34,1
DOGE,2022-04-06,0.1724,0.1434,249486895.94,11
DOT,2022-04-06,21.78,19.85,53373813.24,10
ETH,2022-04-06,3406.48,3168.91,1587365720.77,2
LTC,2022-04-06,122.78,111.71,52457002.47,13
MATIC,2022-04-06,1.592,1.458,79897747.2,12
SOL,2022-04-06,126.83,112.99,547030001.41,5
TON,2022-04-06,0.0,0.0,0.0,15
TRX,2022-04-06,0.06929,0.06308,19692914.03,14
USDC,2022-04-06,1.0,1.0,43272.67,8
USDT,2022-04-06,1.0,1.0,43271.97,4
XRP,2022-04-06,0.817,0.7598,90711478.99,6
ADA,2022-04-07,1.053,1.09,101617178.02,7
AVAX,2022-04-07,82.94,87.66,116769391.16,9
BNB,2022-04-07,420.17,436.34,63568454.11,3
BTC,2022-04-07,43177.78,43466.21,989892880.8,1
DOGE,2022-04-07,0.1434,0.146,89534198.51,11
DOT,2022-04-07,19.85,20.41,27253079.7,10
ETH,2022-04-07,3168.91,3229.28,836302734.24,2
LTC,2022-04-07,111.71,114.18,29544704.32,13
MATIC,2022-04-07,1.458,1.513,48093986.69,12
SOL,2022-04-07,112.99,118.6,358677473.87,5
TON,2022-04-07,0.0,0.0,0.0,15
TRX,2022-04-07,0.06308,0.06434,14938365.48,14
USDC,2022-04-07,1.0,1.0,22803.16,8
USDT,2022-04-07,1.0,1.0,22808.74,4
XRP,2022-04-07,0.7598,0.7877,65706896.08,6
ADA,2022-04-08,1.09,1.025,82403791.07,7
AVAX,2022-04-08,87.66,83.75,107367742.41,9
BNB,2022-04-08,436.34,421.78,59588651.1,3
BTC,2022-04-08,43466.21,42273.38,1098738940.21,1
DOGE,2022-04-08,0.146,0.1426,104388190.54,11
DOT,2022-04-08,20.41,19.43,19826411.6,10
ETH,2022-04-08,3229.28,3192.92,738712527.46,2
LTC,2022-04-08,114.18,110.77,33062165.17,13
MATIC,2022-04-08,1.513,1.435,42483499.69,12
SOL,2022-04-08,118.6,109.97,339956765.81,5
TON,2022-04-08,0.0,0.0,0.0,15
TRX,2022-04-08,0.06434,0.06262,16181520.72,14
USDC,2022-04-08,1.0,0.9999,25452.37,8
USDT,2022-04-08,1.0,1.0,25455.83,4
XRP,2022-04-08,0.7877,0.7551,96194186.42,6
ADA,2022-04-09,1.025,1.045,42323367.4,7
AVAX,2022-04-09,83.75,84.56,43450315.24,9
BNB,2022-04-09,421.78,426.93,31074203.76,3
BTC,2022-04-09,42273.38,42768.61,384171498.87,1
DOGE,2022-04-09,0.1426,0.1442,26788090.23,11
DOT,2022-04-09,19.43,19.77,15459618.43,10
ETH,2022-04-09,3192.92,3259.62,295003082.23,2
LTC,2022-04-09,110.77,112.71,18630783.15,13
MATIC,2022-04-09,1.435,1.463,19335044.72,12
SOL,2022-04-09,109.97,112.96,158176021.11,5
TON,2022-04-09,0.0,0.0,0.0,15
TRX,2022-04-09,0.06262,0.06394,12744446.95,14
USDC,2022-04-09,0.9999,1.0,9051.91,8
USDT,2022-04-09,1.0,1.001,9055.68,4
XRP,2022-04-09,0.7551,0.7623,23546008.94,6
ADA,2022-04-10,1.045,1.027,41392081.49,7
AVAX,2022-04-10,84.56,80.99,36953386.96,9
BNB,2022-04-10,426.93,417.93,44723918.01,3
BTC,2022-04-10,42768.61,42153.77,549311405.43,1
DOGE,2022-04-10,0.1442,0.1482,134244472.46,10
DOT,2022-04-10,19.77,19.23,18815914.43,11
ETH,2022-04-10,3259.62,3202.89,391825529.05,2
LTC,2022-04-10,112.71,110.28,21182745.15,13
MATIC,2022-04-10,1.463,1.426,21325845.91,12
SOL,2022-04-10,112.96,111.02,162262688.28,5
TON,2022-04-10,0.0,0.0,0.0,15
TRX,2022-04-10,0.06394,0.06236,12885839.21,14
USDC,2022-04-10,1.0,1.0,12859.41,8
USDT,2022-04-10,1.001,1.0,12864.37,4
XRP,2022-04-10,0.7623,0.7545,25509617.47,6
ADA,2022-04-11,1.027,0.9197,138299382.25,7
AVAX,2022-04-11,80.99,74.36,107971048.52,9
BNB,2022-04-11,417.93,394.3,76108961.16,4
BTC,2022-04-11,42153.77,39536.71,1423397890.93,1
DOGE,2022-04-11,0.1482,0.1342,113055874.82,10
DOT,2022-04-11,19.23,17.2,48866756.78,11
ETH,2022-04-11,3202.89,2979.52,1233562295.37,2
LTC,2022-04-11,110.28,102.52,39728898.17,13
MATIC,2022-04-11,1.426,1.334,57472798.56,12
SOL,2022-04-11,111.02,99.65,359954148.63,5
TON,2022-04-11,0.0,0.0,0.0,15
TRX,2022-04-11,0.06236,0.05811,15909532.27,14
USDC,2022-04-11,1.0,1.0,34899.34,8
USDT,2022-04-11,1.0,1.001,34907.13,3
XRP,2022-04-11,0.7545,0.6949,103964123.15,6
ADA,2022-04-12,0.9197,0.9542,84294012.9,7
AVAX,2022-04-12,74.36,76.33,76263401.48,9
BNB,2022-04-12,394.3,413.73,56921330.26,4
BTC,2022-04-12,39536.71,40086.66,1087667635.69,1
DOGE,2022-04-12,0.1342,0.1381,106759122.74,10
DOT,2022-04-12,17.2,17.77,26567846.66,11
ETH,2022-04-12,2979.52,3028.77,950255189.07,2
LTC,2022-04-12,102.52,104.85,26568364.2,13
MATIC,2022-04-12,1.334,1.393,76859052.82,12
SOL,2022-04-12,99.65,103.26,340546068.39,5
TON,2022-04-12,0.0,0.0,0.0,15
TRX,2022-04-12,0.05811,0.05988,13266671.4,14
USDC,2022-04-12,1.0,1.0,27201.25,8
USDT,2022-04-12,1.001,1.0,27206.06,3
XRP,2022-04-12,0.6949,0.7151,96558523.64,6
ADA,2022-04-13,0.9542,0.9747,63239879.61,7
AVAX,2022-04-13,76.33,80.19,62974877.88,9
BNB,2022-04-13,413.73,423.35,49464581.29,3
BTC,2022-04-13,40086.66,41150.33,990022174.31,1
DOGE,2022-04-13,0.1381,0.1399,46893720.11,11
DOT,2022-04-13,17.77,18.19,17053746.62,10
ETH,2022-04-13,3028.77,3118.5,701662998.64,2
LTC,2022-04-13,104.85,110.57,33125183.52,13
MATIC,2022-04-13,1.393,1.419,44309001.86,12
SOL,2022-04-13,103.26,104.97,216762602.99,5
TON,2022-04-13,0.0,0.0,0.0,15
TRX,2022-04-13,0.05988,0.0615,11036267.51,14
USDC,2022-04-13,1.0,1.0,24393.01,8
USDT,2022-04-13,1.0,1.0,24395.56,4
XRP,2022-04-13,0.7151,0.7232,83712554.91,6
ADA,2022-04-14,0.9747,0.9323,64406101.68,7
AVAX,2022-04-14,80.19,76.83,63599238.4,10
BNB,2022-04-14,423.35,414.75,44755725.65,4
BTC,2022-04-14,41150.33,39951.63,870654332.34,1
DOGE,2022-04-14,0.1399,0.1441,117331861.37,9
DOT,2022-04-14,18.19,17.92,16402759.83,11
ETH,2022-04-14,3118.5,3021.76,640639970.5,2
LTC,2022-04-14,110.57,107.39,26755906.81,13
MATIC,2022-04-14,1.419,1.374,36802191.39,12
SOL,2022-04-14,104.97,100.77,225896476.03,5
TON,2022-04-14,0.0,0.0,0.0,15
TRX,2022-04-14,0.0615,0.06014,13856097.63,14
USDC,2022-04-14,1.0,1.0,21476.86,8
USDT,2022-04-14,1.0,1.0,21479.66,3
XRP,2022-04-14,0.7232,0.7263,56483422.2,6
ADA,2022-04-15,0.9323,0.956,50460490.52,7
AVAX,2022-04-15,76.83,77.44,35719858.1,10
BNB,2022-04-15,414.75,417.39,28204193.88,3
BTC,2022-04-15,39951.63,40563.69,561514975.78,1
DOGE,2022-04-15,0.1441,0.146,64454434.97,9
DOT,2022-04-15,17.92,18.36,16178122.12,11
ETH,2022-04-15,3021.76,3041.21,340633128.58,2
LTC,2022-04-15,107.39,111.01,32536547.66,13
MATIC,2022-04-15,1.374,1.398,19261160.15,12
SOL,2022-04-15,100.77,101.35,126145198.57,5
TON,2022-04-15,0.0,0.0,0.0,15
TRX,2022-04-15,0.06014,0.06182,11739059.84,14
USDC,2022-04-15,1.0,1.0,13945.3,8
USDT,2022-04-15,1.0,1.0,13949.14,4
XRP,2022-04-15,0.7263,0.7857,86034581.58,6
ADA,2022-04-16,0.956,0.9516,28371490.85,7
AVAX,2022-04-16,77.44,77.79,17722758.63,9
BNB,2022-04-16,417.39,417.25,27852640.05,3
BTC,2022-04-16,40563.69,40392.55,313875941.14,1
DOGE,2022-04-16,0.146,0.1436,32736009.63,10
DOT,2022-04-16,18.36,18.61,9335162.6,11
ETH,2022-04-16,3041.21,3060.28,217214977.29,2
LTC,2022-04-16,111.01,114.33,24637470.45,13
MATIC,2022-04-16,1.398,1.389,13414535.78,12
SOL,2022-04-16,101.35,102.1,90463208.04,5
TON,2022-04-16,0.0,0.0,0.0,15
TRX,2022-04-16,0.06182,0.06184,8655362.51,14
USDC,2022-04-16,1.0,1.0,7773.23,8
USDT,2022-04-16,1.0,1.0,7773.58,4
XRP,2022-04-16,0.7857,0.7809,38917638.41,6
ADA,2022-04-17,0.9516,0.9151,31158449.33,7
AVAX,2022-04-17,77.79,75.44,20288384.32,10
BNB,2022-04-17,417.25,406.71,32889364.47,4
BTC,2022-04-17,40392.55,39688.16,389893199.53,1
DOGE,2022-04-17,0.1436,0.1393,34240352.44,9
DOT,2022-04-17,18.61,17.76,15916073.17,11
ETH,2022-04-17,3060.28,2988.4,327041532.39,2
LTC,2022-04-17,114.33,108.84,22640198.96,13
MATIC,2022-04-17,1.389,1.338,18342242.11,12
SOL,2022-04-17,102.1,100.18,134183551.56,5
TON,2022-04-17,0.0,0.0,0.0,15
TRX,2022-04-17,0.06184,0.06009,10595617.59,14
USDC,2022-04-17,1.0,1.0,9700.63,8
USDT,2022-04-17,1.0,1.0,9703.35,3
XRP,2022-04-17,0.7809,0.7522,31638979.99,6
ADA,2022-04-18,0.9151,0.9367,69900423.69,7
AVAX,2022-04-18,75.44,77.74,53864841.4,9
BNB,2022-04-18,406.71,416.98,52144094.36,3
BTC,2022-04-18,39688.16,40811.03,1101204133.54,1
DOGE,2022-04-18,0.1393,0.1402,52732652.48,10
DOT,2022-04-18,17.76,18.16,22749195.38,11
ETH,2022-04-18,2988.4,3056.2,827696634.5,2
LTC,2022-04-18,108.84,111.24,39087487.29,13
MATIC,2022-04-18,1.338,1.419,58088854.05,12
SOL,2022-04-18,100.18,102.37,231166457.22,5
TON,2022-04-18,0.0,0.0,0.0,15
TRX,2022-04-18,0.06009,0.06147,15350061.98,14
USDC,2022-04-18,1.0,1.0,27725.63,8
USDT,2022-04-18,1.0,1.0,27732.41,4
XRP,2022-04-18,0.7522,0.7693,73189350.38,6
ADA,2022-04-19,0.9367,0.9526,46253179.11,7
AVAX,2022-04-19,77.74,80.32,46146013.4,9
BNB,2022-04-19,416.98,422.49,35608074.04,3
BTC,2022-04-19,40811.03,41504.44,768239204.72,1
DOGE,2022-04-19,0.1402,0.1427,36778111.78,11
DOT,2022-04-19,18.16,18.89,20355523.17,10
ETH,2022-04-19,3056.2,3102.52,590853605.85,2
LTC,2022-04-19,111.24,113.83,23963307.1,13
MATIC,2022-04-19,1.419,1.428,41095182.6,12
SOL,2022-04-19,102.37,108.61,221051546.25,5
TON,2022-04-19,0.0,0.0,0.0,15
TRX,2022-04-19,0.06147,0.06311,15049885.11,14
USDC,2022-04-19,1.0,1.0,18646.9,8
USDT,2022-04-19,1.0,1.0,18650.94,4
XRP,2022-04-19,0.7693,0.7752,55153245.16,6
ADA,2022-04-20,0.9526,0.9366,51546773.04,7
AVAX,2022-04-20,80.32,78.24,65136223.98,10
BNB,2022-04-20,422.49,418.48,42891494.31,3
BTC,2022-04-20,41504.44,41375.35,1072814871.19,1
DOGE,2022-04-20,0.1427,0.1407,60814579.54,11
DOT,2022-04-20,18.89,19.09,38914408.67,9
ETH,2022-04-20,3102.52,3077.74,686897462.05,2
LTC,2022-04-20,113.83,111.88,22927857.04,13
MATIC,2022-04-20,1.428,1.417,43243926.65,12
SOL,2022-04-20,108.61,105.59,238496568.02,5
TON,2022-04-20,0.0,0.0,0.0,15
TRX,2022-04-20,0.06311,0.06261,13560759.92,14
USDC,2022-04-20,1.0,1.0,25840.43,8
USDT,2022-04-20,1.0,1.0,25845.53,4
XRP,2022-04-20,0.7752,0.752,67016217.09,6
ADA,2022-04-21,0.9366,0.9102,58445192.7,7
AVAX,2022-04-21,78.24,75.03,66655979.92,10
BNB,2022-04-21,418.48,405.0,46548095.52,4
BTC,2022-04-21,41375.35,40490.97,1324052657.83,1
DOGE,2022-04-21,0.1407,0.1364,38156486.23,11
DOT,2022-04-21,19.09,18.18,36872370.6,9
ETH,2022-04-21,3077.74,2984.24,833558465.56,2
LTC,2022-04-21,111.88,106.71,32549319.61,13
MATIC,2022-04-21,1.417,1.378,43701004.59,12
SOL,2022-04-21,105.59,101.77,286619329.29,5
TON,2022-04-21,0.0,0.0,0.0,15
TRX,2022-04-21,0.06261,0.07113,80026897.14,14
USDC,2022-04-21,1.0,1.0,31799.27,8
USDT,2022-04-21,1.0,1.0,31803.01,3
XRP,2022-04-21,0.752,0.7328,70094890.19,6
ADA,2022-04-22,0.9102,0.9064,41432491.22,7
AVAX,2022-04-22,75.03,74.02,50778871.66,10
BNB,2022-04-22,405.0,406.59,38146669.14,4
BTC,2022-04-22,40490.97,39716.04,1154693915.31,1
DOGE,2022-04-22,0.1364,0.1363,21711965.05,11
DOT,2022-04-22,18.18,18.28,25241087.28,9
ETH,2022-04-22,2984.24,2963.17,652250110.96,2
LTC,2022-04-22,106.71,105.36,25893614.29,13
MATIC,2022-04-22,1.378,1.398,95689168.17,12
SOL,2022-04-22,101.77,100.54,186927308.72,5
TON,2022-04-22,0.0,0.0,0.0,15
TRX,2022-04-22,0.07113,0.0666,45109708.84,14
USDC,2022-04-22,1.0,1.0,28865.65,8
USDT,2022-04-22,1.0,1.0,28869.33,3
XRP,2022-04-22,0.7328,0.7177,56939085.72,6
ADA,2022-04-23,0.9064,0.8873,27078953.11,7
AVAX,2022-04-23,74.02,72.81,32927210.07,10
BNB,2022-04-23,406.59,401.08,26416324.21,4
BTC,2022-04-23,39716.04,39445.97,455659637.8,1
DOGE,2022-04-23,0.1363,0.1339,17596162.82,11
DOT,2022-04-23,18.28,18.7,25143960.78,9
ETH,2022-04-23,2963.17,2933.65,256592711.6,2
LTC,2022-04-23,105.36,105.16,21132307.52,13
MATIC,2022-04-23,1.398,1.363,31176929.74,12
SOL,2022-04-23,100.54,100.61,119676863.89,5
TON,2022-04-23,0.0,0.0,0.0,15
TRX,2022-04-23,0.0666,0.06761,21630731.93,14
USDC,2022-04-23,1.0,1.0,11482.74,8
USDT,2022-04-23,1.0,1.0,11483.99,3
XRP,2022-04-23,0.7177,0.7055,25969337.31,6
ADA,2022-04-24,0.8873,0.886,26031026.56,7
AVAX,2022-04-24,72.81,71.53,25493922.43,10
BNB,2022-04-24,401.08,398.81,37757462.93,4
BTC,2022-04-24,39445.97,39466.26,501272140.43,1
DOGE,2022-04-24,0.1339,0.1319,23681716.47,11
DOT,2022-04-24,18.7,18.17,18472375.08,9
ETH,2022-04-24,2933.65,2922.37,248805776.03,2
LTC,2022-04-24,105.16,104.59,14471417.66,13
MATIC,2022-04-24,1.363,1.344,22819000.45,12
SOL,2022-04-24,100.61,99.23,116633113.12,5
TON,2022-04-24,0.0,0.0,0.0,15
TRX,2022-04-24,0.06761,0.06567,15585674.17,14
USDC,2022-04-24,1.0,1.0,12669.03,8
USDT,2022-04-24,1.0,1.0,12673.59,3
XRP,2022-04-24,0.7055,0.6982,26857850.68,6
ADA,2022-04-25,0.886,0.8977,101215795.77,7
AVAX,2022-04-25,71.53,72.88,96062060.03,11
BNB,2022-04-25,398.81,404.29,51306741.46,4
BTC,2022-04-25,39466.26,40437.52,1514243711.31,1
DOGE,2022-04-25,0.1319,0.1581,351764331.79,9
DOT,2022-04-25,18.17,18.11,33461058.56,10
ETH,2022-04-25,2922.37,3006.45,1088856116.93,2
LTC,2022-04-25,104.59,104.58,36619884.39,13
MATIC,2022-04-25,1.344,1.353,59356301.92,12
SOL,2022-04-25,99.23,100.99,207691457.95,5
TON,2022-04-25,0.0,0.0,0.0,15
TRX,2022-04-25,0.06567,0.06528,18158992.34,14
USDC,2022-04-25,1.0,1.0,38638.16,8
USDT,2022-04-25,1.0,1.0,38647.99,3
XRP,2022-04-25,0.6982,0.6934,93280985.29,6
ADA,2022-04-26,0.8977,0.8262,89751044.07,8
AVAX,2022-04-26,72.88,68.69,64976515.9,11
BNB,2022-04-26,404.29,385.93,41918558.88,4
BTC,2022-04-26,40437.52,38117.39,1492483889.14,1
DOGE,2022-04-26,0.1581,0.1377,273734258.45,9
DOT,2022-04-26,18.11,16.68,31336878.06,10
ETH,2022-04-26,3006.45,2809.6,927820742.34,2
LTC,2022-04-26,104.58,98.57,35006350.27,13
MATIC,2022-04-26,1.353,1.245,44820044.97,12
SOL,2022-04-26,100.99,95.71,169617039.13,5
TON,2022-04-26,0.0,0.0,0.0,15
TRX,2022-04-26,0.06528,0.06191,15466654.44,14
USDC,2022-04-26,1.0,0.9999,38186.0,7
USDT,2022-04-26,1.0,1.0,38192.73,3
XRP,2022-04-26,0.6934,0.6424,86581298.63,6
ADA,2022-04-27,0.8262,0.8405,62692260.13,8
AVAX,2022-04-27,68.69,69.84,51262956.16,11
BNB,2022-04-27,385.93,391.41,44093420.86,4
BTC,2022-04-27,38117.39,39252.04,1341340920.21,1
DOGE,2022-04-27,0.1377,0.14,102164182.19,9
DOT,2022-04-27,16.68,16.95,20191265.21,10
ETH,2022-04-27,2809.6,2889.72,787100076.86,2
LTC,2022-04-27,98.57,100.62,22860823.05,13
MATIC,2022-04-27,1.245,1.257,32896354.29,12
SOL,2022-04-27,95.71,98.34,180010948.51,5
TON,2022-04-27,0.0,0.0,0.0,15
TRX,2022-04-27,0.06191,0.06319,13258356.13,14
USDC,2022-04-27,0.9999,1.0,34524.6,7
USDT,2022-04-27,1.0,1.001,34528.59,3
XRP,2022-04-27,0.6424,0.6523,72171750.11,6
ADA,2022-04-28,0.8405,0.8435,57996577.35,8
AVAX,2022-04-28,69.84,67.28,56044141.73,11
BNB,2022-04-28,391.41,406.99,47792787.05,4
BTC,2022-04-28,39252.04,39749.75,1188927763.73,1
DOGE,2022-04-28,0.14,0.1376,68454573.6,9
DOT,2022-04-28,16.95,16.98,21719763.8,10
ETH,2022-04-28,2889.72,2936.49,778080070.18,2
LTC,2022-04-28,100.62,103.33,36548915.62,13
MATIC,2022-04-28,1.257,1.238,31875791.17,12
SOL,2022-04-28,98.34,98.22,185952138.7,5
TON,2022-04-28,0.0,0.0,0.0,15
TRX,2022-04-28,0.06319,0.06373,13320349.75,14
USDC,2022-04-28,1.0,0.9999,29978.28,7
USDT,2022-04-28,1.001,1.0,29982.44,3
XRP,2022-04-28,0.6523,0.6428,63805887.42,6
ADA,2022-04-29,0.8435,0.8048,70838647.47,8
AVAX,2022-04-29,67.28,63.37,69491369.33,11
BNB,2022-04-29,406.99,392.92,38989572.94,4
BTC,2022-04-29,39749.75,38594.22,964020058.19,1
DOGE,2022-04-29,0.1376,0.135,104870422.46,9
DOT,2022-04-29,16.98,16.18,20860649.06,10
ETH,2022-04-29,2936.49,2817.23,844702667.04,2
LTC,2022-04-29,103.33,100.37,28090522.68,13
MATIC,2022-04-29,1.238,1.141,53714751.04,12
SOL,2022-04-29,98.22,93.93,201780890.22,5
TON,2022-04-29,0.0,0.0,0.0,15
TRX,2022-04-29,0.06373,0.06365,41638731.87,14
USDC,2022-04-29,0.9999,1.0,24746.93,7
USDT,2022-04-29,1.0,1.0,24751.92,3
XRP,2022-04-29,0.6428,0.6114,92315159.79,6
ADA,2022-04-30,0.8048,0.7561,67511721.77,8
AVAX,2022-04-30,63.37,57.02,76322972.94,11
BNB,2022-04-30,392.92,377.03,29764175.3,4
BTC,2022-04-30,38594.22,37650.13,525291276.33,1
DOGE,2022-04-30,0.135,0.1274,58871508.69,9
DOT,2022-04-30,16.18,14.5,27318912.65,10
ETH,2022-04-30,2817.23,2726.98,399317728.28,2
LTC,2022-04-30,100.37,95.91,29000810.41,13
MATIC,2022-04-30,1.141,1.033,57358323.48,12
SOL,2022-04-30,93.93,84.65,176261852.27,5
TON,2022-04-30,0.0,0.0,0.0,15
TRX,2022-04-30,0.06365,0.06263,22540639.1,14
USDC,2022-04-30,1.0,1.0,13696.09,7
USDT,2022-04-30,1.0,1.0,13696.16,3
XRP,2022-04-30,0.6114,0.5853,42720801.84,6
ADA,2022-05-01,0.7561,0.7901,71365280.32,8
AVAX,2022-05-01,57.02,58.8,92219489.38,11
BNB,2022-05-01,377.03,390.1,42247374.39,4
BTC,2022-05-01,37650.13,38480.53,659030267.75,1
DOGE,2022-05-01,0.1274,0.1328,65127596.38,9
DOT,2022-05-01,14.5,15.36,27467936.46,10
ETH,2022-05-01,2726.98,2826.04,411197825.48,2
LTC,2022-05-01,95.91,99.31,22620761.67,13
MATIC,2022-05-01,1.033,1.099,76887617.99,12
SOL,2022-05-01,84.65,89.68,194432394.81,5
TON,2022-05-01,0.0,0.0,0.0,15
TRX,2022-05-01,0.06263,0.07081,47102560.3,14
USDC,2022-05-01,1.0,1.0,17305.0,7
USDT,2022-05-01,1.0,1.0,17302.92,3
XRP,2022-05-01,0.5853,0.6071,68720728.34,6
ADA,2022-05-02,0.7901,0.7807,52750235.6,8
AVAX,2022-05-02,58.8,60.35,101943529.59,11
BNB,2022-05-02,390.1,389.55,38079549.2,4
BTC,2022-05-02,38480.53,38513.01,1152557748.76,1
DOGE,2022-05-02,0.1328,0.1307,36462717.87,9
DOT,2022-05-02,15.36,14.97,28116746.16,10
ETH,2022-05-02,2826.04,2856.12,866626990.45,2
LTC,2022-05-02,99.31,100.64,26046711.85,13
MATIC,2022-05-02,1.099,1.076,63951368.44,12
SOL,2022-05-02,89.68,87.47,200945604.54,5
TON,2022-05-02,0.0,0.0,0.0,15
TRX,2022-05-02,0.07081,0.06895,53005003.31,14
USDC,2022-05-02,1.0,0.9998,29805.93,7
USDT,2022-05-02,1.0,0.9998,29804.53,3
XRP,2022-05-02,0.6071,0.6143,73842827.98,6
ADA,2022-05-03,0.7807,0.7709,41397806.15,8
AVAX,2022-05-03,60.35,59.62,59226482.88,11
BNB,2022-05-03,389.55,383.8,29238737.98,4
BTC,2022-05-03,38513.01,37725.38,1095654277.96,1
DOGE,2022-05-03,0.1307,0.1294,29001279.7,9
DOT,2022-05-03,14.97,14.73,17337266.38,10
ETH,2022-05-03,2856.12,2780.63,643426033.63,2
LTC,2022-05-03,100.64,99.35,22908700.18,13
MATIC,2022-05-03,1.076,1.076,40497249.84,12
SOL,2022-05-03,87.47,85.84,139546484.05,5
TON,2022-05-03,0.0,0.0,0.0,15
TRX,2022-05-03,0.06895,0.07265,54651633.18,14
USDC,2022-05-03,0.9998,1.0,28733.73,7
USDT,2022-05-03,0.9998,1.0,28731.13,3
XRP,2022-05-03,0.6143,0.6047,60576759.36,6
ADA,2022-05-04,0.7709,0.8983,99190031.72,7
AVAX,2022-05-04,59.62,67.23,77675541.58,11
BNB,2022-05-04,383.8,402.67,37838462.62,4
BTC,2022-05-04,37725.38,39680.21,1426469839.29,1
DOGE,2022-05-04,0.1294,0.136,50956200.6,9
DOT,2022-05-04,14.73,16.32,28746045.87,10
ETH,2022-05-04,2780.63,2940.31,830683889.51,2
LTC,2022-05-04,99.35,106.26,37539729.28,13
MATIC,2022-05-04,1.076,1.172,55689357.03,12
SOL,2022-05-04,85.84,92.75,227940338.73,5
TON,2022-05-04,0.0,0.0,0.0,15
TRX,2022-05-04,0.07265,0.08632,117463469.9,14
USDC,2022-05-04,1.0,0.9999,36516.15,8
USDT,2022-05-04,1.0,0.9998,36510.86,3
XRP,2022-05-04,0.6047,0.6457,81605475.35,6
ADA,2022-05-05,0.8983,0.7886,145015543.26,8
AVAX,2022-05-05,67.23,59.01,128302482.76,11
BNB,2022-05-05,402.67,378.35,55947716.57,4
BTC,2022-05-05,39680.21,36546.86,1920976838.73,1
DOGE,2022-05-05,0.136,0.1281,69070964.09,9
DOT,2022-05-05,16.32,14.59,39647829.29,10
ETH,2022-05-05,2940.31,2747.28,905660794.97,2
LTC,2022-05-05,106.26,96.88,40788750.02,13
MATIC,2022-05-05,1.172,1.064,61257394.59,12
SOL,2022-05-05,92.75,84.51,316557519.22,5
TON,2022-05-05,0.0,0.0,0.0,15
TRX,2022-05-05,0.08632,0.07451,110186521.86,14
USDC,2022-05-05,0.9999,0.9998,51306.58,7
USDT,2022-05-05,0.9998,0.9999,51310.01,3
XRP,2022-05-05,0.6457,0.5982,88827178.08,6
ADA,2022-05-06,0.7886,0.7832,74401006.85,8
AVAX,2022-05-06,59.01,56.98,85289658.6,11
BNB,2022-05-06,378.26,379.18,62330641.85,4
BTC,2022-05-06,36546.86,36009.89,1682230363.22,1
DOGE,2022-05-06,0.1281,0.1277,44691935.8,9
DOT,2022-05-06,14.59,14.32,38702648.39,10
ETH,2022-05-06,2747.28,2692.08,867130443.62,2
LTC,2022-05-06,96.88,96.7,35754508.74,13
MATIC,2022-05-06,1.064,1.042,58306988.53,12
SOL,2022-05-06,84.51,81.65,296523843.33,5
TON,2022-05-06,0.0,0.0,0.0,15
TRX,2022-05-06,0.07451,0.08629,117312884.33,14
USDC,2022-05-06,0.9998,1.0,46633.87,7
USDT,2022-05-06,0.9999,1.0,46629.14,3
XRP,2022-05-06,0.5982,0.6022,102495261.82,6
ADA,2022-05-07,0.7832,0.7599,41361853.89,8
AVAX,2022-05-07,56.98,55.03,46529006.52,11
BNB,2022-05-07,379.18,365.33,56068533.2,4
BTC,2022-05-07,36009.89,35469.21,713980596.97,1
DOGE,2022-05-07,0.1277,0.1275,50817386.96,9
DOT,2022-05-07,14.32,13.75,19517138.9,10
ETH,2022-05-07,2692.08,2635.19,359893218.95,2
LTC,2022-05-07,96.7,94.27,21331605.49,13
MATIC,2022-05-07,1.042,1.019,53851119.8,12
SOL,2022-05-07,81.65,78.83,161298459.02,5
TON,2022-05-07,0.0,0.0,0.0,15
TRX,2022-05-07,0.08629,0.08349,103932849.34,14
USDC,2022-05-07,1.0,1.0,20043.9,7
USDT,2022-05-07,1.0,0.9998,20039.62,3
XRP,2022-05-07,0.6022,0.5808,25094734.77,6
ADA,2022-05-08,0.7599,0.7403,63993950.01,8
AVAX,2022-05-08,55.03,51.58,84393150.96,11
BNB,2022-05-08,365.33,355.65,52483089.77,4
BTC,2022-05-08,35469.21,34033.77,1413921299.77,1
DOGE,2022-05-08,0.1275,0.1241,34614573.03,9
DOT,2022-05-08,13.75,13.25,25371390.3,10
ETH,2022-05-08,2635.19,2519.08,692511713.12,2
LTC,2022-05-08,94.27,93.88,26159591.17,14
MATIC,2022-05-08,1.019,0.9756,57889848.2,12
SOL,2022-05-08,78.83,75.31,216671280.58,5
TON,2022-05-08,0.0,0.0,0.0,15
TRX,2022-05-08,0.08349,0.08792,95906868.84,13
USDC,2022-05-08,1.0,0.9998,41017.09,7
USDT,2022-05-08,0.9998,0.9999,41019.54,3
XRP,2022-05-08,0.5808,0.5659,41479655.42,6
ADA,2022-05-09,0.7403,0.6012,227014585.28,8
AVAX,2022-05-09,51.58,41.24,176408178.7,11
BNB,2022-05-09,355.85,296.3,51400329.67,4
BTC,2022-05-09,34033.77,30076.9,3472851115.69,1
DOGE,2022-05-09,0.1241,0.1017,111200799.5,9
DOT,2022-05-09,13.25,10.62,76775127.15,10
ETH,2022-05-09,2519.08,2230.95,1914870712.98,2
LTC,2022-05-09,93.88,76.23,69991989.9,14
MATIC,2022-05-09,0.9756,0.8109,124386070.4,12
SOL,2022-05-09,75.31,62.11,501279511.52,6
TON,2022-05-09,0.0,0.0,0.0,15
TRX,2022-05-09,0.08792,0.07277,112442635.42,13
USDC,2022-05-09,0.9998,0.9991,108378.85,5
USDT,2022-05-09,0.9999,0.9994,108409.85,3
XRP,2022-05-09,0.5659,0.4877,119010746.29,7
ADA,2022-05-10,0.6012,0.6282,202696010.67,8
AVAX,2022-05-10,41.24,44.5,188929745.33,11
BNB,2022-05-10,296.3,318.98,72508217.55,4
BTC,2022-05-10,30076.9,31013.12,3244062170.09,1
DOGE,2022-05-10,0.1017,0.108,113247105.76,9
DOT,2022-05-10,10.62,11.34,85659501.27,10
ETH,2022-05-10,2230.95,2341.58,1850298109.21,2
LTC,2022-05-10,76.23,80.19,72657198.22,14
MATIC,2022-05-10,0.8109,0.8885,169543567.15,12
SOL,2022-05-10,62.11,66.85,589897344.33,6
TON,2022-05-10,0.0,0.0,0.0,15
TRX,2022-05-10,0.07277,0.07693,92033528.7,13
USDC,2022-05-10,0.9991,1.0,103853.19,5
USDT,2022-05-10,0.9994,1.0,103846.26,3
XRP,2022-05-10,0.4877,0.5132,107303673.61,7
ADA,2022-05-11,0.6282,0.5164,274945883.55,8
AVAX,2022-05-11,44.5,31.07,370217736.91,11
BNB,2022-05-11,318.98,270.59,94503801.94,4
BTC,2022-05-11,31013.12,29017.21,3967102738.94,1
DOGE,2022-05-11,0.108,0.08476,169954166.14,9
DOT,2022-05-11,11.34,9.05,122847413.58,10
ETH,2022-05-11,2341.58,2077.83,2717512970.57,2
LTC,2022-05-11,80.19,66.31,85935446.85,14
MATIC,2022-05-11,0.8885,0.6728,195324148.88,12
SOL,2022-05-11,66.85,50.82,869750326.98,7
TON,2022-05-11,0.0,0.0,0.0,15
TRX,2022-05-11,0.07693,0.07475,159483571.54,13
USDC,2022-05-11,1.0,1.003,131936.83,5
USDT,2022-05-11,0.9999,0.9959,2211611474.25,3
XRP,2022-05-11,0.5132,0.4152,230775034.19,6
ADA,2022-05-12,0.5164,0.472,224193066.61,8
AVAX,2022-05-12,31.07,30.19,251568128.74,11
BNB,2022-05-12,270.59,267.95,86437024.14,4
BTC,2022-05-12,29017.21,28915.72,4501368166.33,1
DOGE,2022-05-12,0.08476,0.08239,147582028.08,9
DOT,2022-05-12,9.05,8.686,82580635.29,10
ETH,2022-05-12,2077.83,1952.81,2753038207.64,2
LTC,2022-05-12,66.31,64.22,82248057.76,14
MATIC,2022-05-12,0.6728,0.5991,143328776.0,12
SOL,2022-05-12,50.82,44.58,710184610.97,7
TON,2022-05-12,0.0,0.0,0.0,15
TRX,2022-05-12,0.07475,0.06717,97570054.07,13
USDC,2022-05-12,1.003,0.9995,160755.26,5
USDT,2022-05-12,0.9959,0.9972,4187696445.56,3
XRP,2022-05-12,0.4152,0.3843,208055022.96,6
ADA,2022-05-13,0.472,0.5283,171898654.41,8
AVAX,2022-05-13,30.19,32.23,158348151.66,11
BNB,2022-05-13,267.95,290.48,64964302.74,4
BTC,2022-05-13,28915.72,29244.83,1942170683.15,1
DOGE,2022-05-13,0.08239,0.08798,100149815.54,9
DOT,2022-05-13,8.686,10.45,101524530.66,10
ETH,2022-05-13,1952.81,2006.51,1245554884.57,2
LTC,2022-05-13,64.22,67.77,64104435.19,14
MATIC,2022-05-13,0.5991,0.6663,97799758.26,12
SOL,2022-05-13,44.58,48.86,505036183.26,7
TON,2022-05-13,0.0,0.0,0.0,15
TRX,2022-05-13,0.06717,0.07425,50933735.73,13
USDC,2022-05-13,0.9995,1.0,64468.85,5
USDT,2022-05-13,0.9972,0.9985,1458431630.27,3
XRP,2022-05-13,0.3843,0.422,161333476.36,6
ADA,2022-05-14,0.5283,0.537,72187640.54,8
AVAX,2022-05-14,32.23,33.88,79443336.48,11
BNB,2022-05-14,290.48,296.54,42158625.17,4
BTC,2022-05-14,29244.83,30050.31,845013800.63,1
DOGE,2022-05-14,0.08798,0.08931,42282485.94,9
DOT,2022-05-14,10.45,11.27,58777621.05,10
ETH,2022-05-14,2006.51,2054.03,423017629.17,2
LTC,2022-05-14,67.77,68.81,35668767.52,14
MATIC,2022-05-14,0.6663,0.6842,52569574.62,12
SOL,2022-05-14,48.86,52.34,277534572.62,7
TON,2022-05-14,0.0,0.0,0.0,15
TRX,2022-05-14,0.07425,0.0724,29606761.02,13
USDC,2022-05-14,1.0,1.0,28765.42,5
USDT,2022-05-14,0.9985,0.9988,575056132.22,3
XRP,2022-05-14,0.422,0.4259,56172206.01,6
ADA,2022-05-15,0.537,0.5979,72535803.31,8
AVAX,2022-05-15,33.88,36.53,82961085.73,11
BNB,2022-05-15,296.54,312.06,45929417.84,4
BTC,2022-05-15,30050.31,31296.11,810199953.22,1
DOGE,2022-05-15,0.08931,0.0931,31137599.01,9
DOT,2022-05-15,11.27,11.78,40258021.36,10
ETH,2022-05-15,2054.03,2143.12,376701151.43,2
LTC,2022-05-15,68.81,71.5,38999129.77,14
MATIC,2022-05-15,0.6842,0.7414,47712668.04,12
SOL,2022-05-15,52.34,58.74,265265610.87,6
TON,2022-05-15,0.0,0.0,0.0,15
TRX,2022-05-15,0.0724,0.07237,24575188.12,13
USDC,2022-05-15,1.0,1.0,26779.32,5
USDT,2022-05-15,0.9988,0.9993,26757.34,3
XRP,2022-05-15,0.4259,0.4475,46209326.64,7
ADA,2022-05-16,0.5979,0.5555,90780343.38,8
AVAX,2022-05-16,36.53,32.49,108338795.06,11
BNB,2022-05-16,312.06,296.8,50448551.36,4
BTC,2022-05-16,31296.11,29838.5,1242326194.24,1
DOGE,2022-05-16,0.0931,0.08788,34713665.65,9
DOT,2022-05-16,11.78,10.61,41237726.29,10
ETH,2022-05-16,2143.12,2020.12,690038743.39,2
LTC,2022-05-16,71.5,67.12,34301819.06,14
MATIC,2022-05-16,0.7414,0.6761,52784388.23,12
SOL,2022-05-16,58.74,53.69,328225140.88,6
TON,2022-05-16,0.0,0.0,0.0,15
TRX,2022-05-16,0.07237,0.06912,22282588.54,13
USDC,2022-05-16,1.0,1.0,41536.26,5
USDT,2022-05-16,0.9989,0.9988,754104246.76,3
XRP,2022-05-16,0.4475,0.4221,86276166.34,7
ADA,2022-05-17,0.5555,0.577,64031297.9,8
AVAX,2022-05-17,32.49,34.34,71188991.29,11
BNB,2022-05-17,296.8,305.81,38102105.45,4
BTC,2022-05-17,29838.5,30415.91,1000070390.57,1
DOGE,2022-05-17,0.08788,0.09011,34779128.77,9
DOT,2022-05-17,10.61,11.03,33119205.92,10
ETH,2022-05-17,2020.12,2089.29,598230196.42,2
LTC,2022-05-17,67.12,73.04,41549567.65,14
MATIC,2022-05-17,0.6761,0.726,52476296.6,12
SOL,2022-05-17,53.69,57.02,255808095.6,6
TON,2022-05-17,0.0,0.0,0.0,15
TRX,2022-05-17,0.06912,0.07222,19845044.11,13
USDC,2022-05-17,1.0,1.0,33093.63,5
USDT,2022-05-17,0.999,0.999,33050.67,3
XRP,2022-05-17,0.4221,0.4372,75469797.71,7
ADA,2022-05-18,0.577,0.5048,65252321.84,8
AVAX,2022-05-18,34.34,29.51,73340711.59,11
BNB,2022-05-18,305.81,287.27,44389625.24,4
BTC,2022-05-18,30415.91,28667.29,1322816665.45,1
DOGE,2022-05-18,0.09011,0.08321,43440208.72,9
DOT,2022-05-18,11.03,9.474,38700939.94,10
ETH,2022-05-18,2089.29,1911.68,643148242.33,2
LTC,2022-05-18,73.04,65.83,37964024.76,14
MATIC,2022-05-18,0.726,0.6255,60945685.99,12
SOL,2022-05-18,57.02,49.83,305692779.57,7
TON,2022-05-18,0.0,0.0,0.0,15
TRX,2022-05-18,0.07222,0.07097,19217837.79,13
USDC,2022-05-18,1.0,0.9999,44946.62,5
USDT,2022-05-18,0.999,0.9984,44879.93,3
XRP,2022-05-18,0.4372,0.4049,70484020.71,6
ADA,2022-05-19,0.5048,0.5327,56605633.64,8
AVAX,2022-05-19,29.51,30.36,107283708.58,11
BNB,2022-05-19,287.27,306.58,65682568.57,4
BTC,2022-05-19,28667.29,30282.48,1453211639.97,1
DOGE,2022-05-19,0.08321,0.08659,39441809.23,9
DOT,2022-05-19,9.474,10.02,37124283.77,10
ETH,2022-05-19,1911.68,2017.78,721565109.35,2
LTC,2022-05-19,65.83,72.04,35927379.81,14
MATIC,2022-05-19,0.6255,0.6578,54316286.21,12
SOL,2022-05-19,49.83,52.12,342322514.42,6
TON,2022-05-19,0.0,0.0,0.0,15
TRX,2022-05-19,0.07097,0.07349,22839427.32,13
USDC,2022-05-19,0.9999,0.9997,48974.54,5
USDT,2022-05-19,0.9984,0.9989,48936.84,3
XRP,2022-05-19,0.4049,0.42,75649032.09,7
ADA,2022-05-20,0.5327,0.5157,60790945.11,8
AVAX,2022-05-20,30.36,28.75,102923346.09,11
BNB,2022-05-20,306.58,302.02,58879401.67,4
BTC,2022-05-20,30282.48,29166.15,1692088244.46,1
DOGE,2022-05-20,0.08659,0.08375,29359519.24,9
DOT,2022-05-20,10.02,9.657,31631691.17,10
ETH,2022-05-20,2017.78,1956.88,676297509.57,2
LTC,2022-05-20,72.04,68.51,36254431.81,14
MATIC,2022-05-20,0.6578,0.6336,50926687.4,12
SOL,2022-05-20,52.12,49.37,306153762.51,7
TON,2022-05-20,0.0,0.0,0.0,15
TRX,2022-05-20,0.07349,0.07124,21195140.51,13
USDC,2022-05-20,0.9997,0.9999,57043.5,5
USDT,2022-05-20,0.9989,0.9988,56980.53,3
XRP,2022-05-20,0.42,0.4099,107574619.92,6
ADA,2022-05-21,0.5157,0.5279,25110267.67,8
AVAX,2022-05-21,28.75,29.83,70652198.12,11
BNB,2022-05-21,302.02,311.97,30365283.75,4
BTC,2022-05-21,29166.15,29410.72,462392582.18,1
DOGE,2022-05-21,0.08375,0.08432,15391199.85,9
DOT,2022-05-21,9.657,9.979,20393226.53,10
ETH,2022-05-21,1956.88,1972.87,201843693.55,2
LTC,2022-05-21,68.51,69.78,17597474.88,14
MATIC,2022-05-21,0.6336,0.6485,34333925.25,12
SOL,2022-05-21,49.37,50.25,137660928.03,7
TON,2022-05-21,0.0,0.0,0.0,15
TRX,2022-05-21,0.07124,0.07403,13239576.04,13
USDC,2022-05-21,0.9999,1.0,15782.24,5
USDT,2022-05-21,0.9988,0.9987,15759.34,3
XRP,2022-05-21,0.4099,0.4141,32054907.99,6
ADA,2022-05-22,0.5279,0.5412,28374662.87,8
AVAX,2022-05-22,29.83,31.68,86815613.93,11
BNB,2022-05-22,311.97,319.15,46673718.91,4
BTC,2022-05-22,29410.72,30264.29,639923811.62,1
DOGE,2022-05-22,0.08432,0.0858,15159472.47,9
DOT,2022-05-22,9.979,10.16,24193515.99,10
ETH,2022-05-22,1972.87,2041.08,288595387.01,2
LTC,2022-05-22,69.78,71.62,17290001.02,14
MATIC,2022-05-22,0.6485,0.6758,33223178.01,12
SOL,2022-05-22,50.25,52.46,158973497.81,6
TON,2022-05-22,0.0,0.0,0.0,15
TRX,2022-05-22,0.07403,0.07814,15223016.48,13
USDC,2022-05-22,1.0,1.0,21394.53,5
USDT,2022-05-22,0.9987,0.999,21369.04,3
XRP,2022-05-22,0.4141,0.4215,29154037.43,7
ADA,2022-05-23,0.5412,0.5124,51272293.28,8
AVAX,2022-05-23,31.68,29.02,110139066.16,11
BNB,2022-05-23,319.15,316.69,75867369.66,4
BTC,2022-05-23,30264.29,29075.68,1147137210.63,1
DOGE,2022-05-23,0.0858,0.08324,28742799.63,9
DOT,2022-05-23,10.16,9.872,41680572.89,10
ETH,2022-05-23,2041.08,1970.7,626635609.39,2
LTC,2022-05-23,71.62,68.95,32644987.36,14
MATIC,2022-05-23,0.6758,0.6407,57597825.85,12
SOL,2022-05-23,52.46,49.1,270802070.15,7
TON,2022-05-23,0.0,0.0,0.0,15
TRX,2022-05-23,0.07814,0.07614,34027424.14,13
USDC,2022-05-23,1.0,1.0,38289.86,5
USDT,2022-05-23,0.999,0.9988,38239.83,3
XRP,2022-05-23,0.4215,0.4044,65258508.01,6
ADA,2022-05-24,0.5124,0.5213,48146344.38,8
AVAX,2022-05-24,29.02,29.03,92569412.74,11
BNB,2022-05-24,316.69,328.06,66108230.75,4
BTC,2022-05-24,29075.68,29630.05,826118559.89,1
DOGE,2022-05-24,0.08324,0.08359,21796405.56,9
DOT,2022-05-24,9.872,10.18,22294406.88,10
ETH,2022-05-24,1970.7,1977.85,509629757.6,2
LTC,2022-05-24,68.95,70.2,32733364.29,14
MATIC,2022-05-24,0.6407,0.6624,53875169.18,12
SOL,2022-05-24,49.1,49.63,264190416.96,7
TON,2022-05-24,0.0,0.0,0.0,15
TRX,2022-05-24,0.07614,0.08059,34098567.89,13
USDC,2022-05-24,1.0,1.0,28264.97,5
USDT,2022-05-24,0.9988,0.9993,28244.34,3
XRP,2022-05-24,0.4044,0.4081,66832847.13,6
ADA,2022-05-25,0.5213,0.5139,35879918.74,8
AVAX,2022-05-25,29.03,27.2,71261471.5,11
BNB,2022-05-25,328.06,325.28,50769360.15,4
BTC,2022-05-25,29630.05,29508.27,800315804.06,1
DOGE,2022-05-25,0.08359,0.08288,19077428.84,9
DOT,2022-05-25,10.18,9.863,22081026.63,10
ETH,2022-05-25,1977.85,1941.04,507595031.4,2
LTC,2022-05-25,70.2,68.18,26300187.98,14
MATIC,2022-05-25,0.6624,0.6449,46358154.57,12
SOL,2022-05-25,49.63,47.92,171808990.6,7
TON,2022-05-25,0.0,0.0,0.0,15
TRX,2022-05-25,0.08059,0.08468,28940590.96,13
USDC,2022-05-25,1.0,0.9998,26899.72,5
USDT,2022-05-25,0.9993,0.9988,26873.45,3
XRP,2022-05-25,0.4081,0.4055,74567740.29,6
ADA,2022-05-26,0.5139,0.4787,62983793.29,8
AVAX,2022-05-26,27.2,23.43,130273131.12,13
BNB,2022-05-26,325.28,302.87,93402030.62,4
BTC,2022-05-26,29508.27,29188.71,1314694988.34,1
DOGE,2022-05-26,0.08288,0.07782,33818927.23,9
DOT,2022-05-26,9.863,9.142,43116870.68,10
ETH,2022-05-26,1941.04,1791.0,1030348371.06,2
LTC,2022-05-26,68.18,63.41,35368273.29,14
MATIC,2022-05-26,0.6449,0.5981,76740012.88,11
SOL,2022-05-26,47.92,43.43,340962341.48,7
TON,2022-05-26,0.0,0.0,0.0,15
TRX,2022-05-26,0.08468,0.08225,57171449.34,12
USDC,2022-05-26,0.9998,1.001,45106.6,5
USDT,2022-05-26,0.9988,0.9993,45046.97,3
XRP,2022-05-26,0.4055,0.3924,90898284.59,6
ADA,2022-05-27,0.4787,0.4559,77077082.49,8
AVAX,2022-05-27,23.43,22.54,117961589.61,13
BNB,2022-05-27,302.87,301.28,69187973.06,4
BTC,2022-05-27,29188.71,28597.33,1054644721.04,1
DOGE,2022-05-27,0.07782,0.08142,79828605.84,9
DOT,2022-05-27,9.142,9.098,69065194.58,10
ETH,2022-05-27,1791.0,1724.73,1091437639.61,2
LTC,2022-05-27,63.41,61.5,22790129.06,14
MATIC,2022-05-27,0.5981,0.5737,66636063.33,12
SOL,2022-05-27,43.43,41.1,328503339.24,7
TON,2022-05-27,0.0,0.0,0.0,15
TRX,2022-05-27,0.08225,0.08079,38012437.7,11
USDC,2022-05-27,1.001,1.0,36577.84,5
USDT,2022-05-27,0.9991,0.9991,620410.53,3
XRP,2022-05-27,0.3924,0.3813,111594486.27,6
ADA,2022-05-28,0.4559,0.4641,31473050.19,8
AVAX,2022-05-28,22.54,24.73,86071909.52,11
BNB,2022-05-28,301.28,307.13,32027436.62,4
BTC,2022-05-28,28597.33,29013.53,365397751.75,1
DOGE,2022-05-28,0.08142,0.08179,31570841.07,9
DOT,2022-05-28,9.098,9.643,23928363.87,10
ETH,2022-05-28,1724.73,1790.79,400672092.43,2
LTC,2022-05-28,61.5,63.01,15657167.73,14
MATIC,2022-05-28,0.5737,0.5868,30355917.44,12
SOL,2022-05-28,41.1,44.22,172472580.65,7
TON,2022-05-28,0.0,0.0,0.0,15
TRX,2022-05-28,0.08079,0.08114,19678501.66,13
USDC,2022-05-28,1.0,1.0,12668.13,5
USDT,2022-05-28,0.9991,0.9992,226220.91,3
XRP,2022-05-28,0.3813,0.3858,32826644.56,6
ADA,2022-05-29,0.4641,0.4816,30726740.58,8
AVAX,2022-05-29,24.73,26.12,78960870.1,11
BNB,2022-05-29,307.13,305.73,26645913.87,4
BTC,2022-05-29,29013.53,29452.23,374906552.33,1
DOGE,2022-05-29,0.08179,0.08266,19593600.99,9
DOT,2022-05-29,9.643,9.98,20824962.13,10
ETH,2022-05-29,1790.79,1811.69,362774322.58,2
LTC,2022-05-29,63.01,63.6,17149457.18,14
MATIC,2022-05-29,0.5868,0.5989,25035673.99,12
SOL,2022-05-29,44.22,44.92,193025274.34,7
TON,2022-05-29,0.0,0.0,0.0,15
TRX,2022-05-29,0.08114,0.08055,14994621.82,13
USDC,2022-05-29,1.0,1.0,12846.67,5
USDT,2022-05-29,0.9993,0.9993,189210812.11,3
XRP,2022-05-29,0.3858,0.3886,26347876.41,6
ADA,2022-05-30,0.4816,0.5697,93359549.29,8
AVAX,2022-05-30,26.12,27.68,103163575.31,11
BNB,2022-05-30,305.73,321.47,48160623.45,4
BTC,2022-05-30,29452.23,31716.41,1426112899.49,1
DOGE,2022-05-30,0.08266,0.08793,42641336.68,9
DOT,2022-05-30,9.98,10.47,42450399.61,10
ETH,2022-05-30,1811.69,1997.64,828850274.82,2
LTC,2022-05-30,63.6,69.04,27879968.85,14
MATIC,2022-05-30,0.5989,0.6573,45735942.11,12
SOL,2022-05-30,44.92,47.18,272765167.85,7
TON,2022-05-30,0.0,0.0,0.0,15
TRX,2022-05-30,0.08055,0.08322,24446196.27,13
USDC,2022-05-30,1.0,1.0,46300.7,5
USDT,2022-05-30,0.9995,0.9996,46275.69,3
XRP,2022-05-30,0.3886,0.4184,73122850.34,6
ADA,2022-05-31,0.5697,0.6266,248273304.97,7
AVAX,2022-05-31,27.68,26.4,104586436.16,12
BNB,2022-05-31,321.47,320.61,56640644.12,4
BTC,2022-05-31,31716.41,31782.16,1028808882.28,1
DOGE,2022-05-31,0.08793,0.08581,51660251.37,9
DOT,2022-05-31,10.47,10.35,29955130.99,10
ETH,2022-05-31,1997.64,1940.59,802528394.95,2
LTC,2022-05-31,69.04,68.33,19321580.26,14
MATIC,2022-05-31,0.6573,0.6616,59215387.62,11
SOL,2022-05-31,47.18,45.74,254070372.87,8
TON,2022-05-31,0.0,0.0,0.0,15
TRX,2022-05-31,0.08322,0.08442,33157625.03,13
USDC,2022-05-31,1.0,1.0,32454.61,5
USDT,2022-05-31,0.9996,0.9996,32434.12,3
XRP,2022-05-31,0.4184,0.4212,101810399.88,6
ADA,2022-06-01,0.6266,0.5515,140622481.67,7
AVAX,2022-06-01,26.4,23.65,83830240.07,13
BNB,2022-06-01,320.61,300.05,75431599.13,4
BTC,2022-06-01,31782.16,29789.58,1343136773.16,1
DOGE,2022-06-01,0.08581,0.08094,46665315.12,9
DOT,2022-06-01,10.35,9.451,46487521.44,10
ETH,2022-06-01,1940.59,1817.42,1020482594.24,2
LTC,2022-06-01,68.33,62.64,34729044.86,14
MATIC,2022-06-01,0.6616,0.5995,60645180.66,12
SOL,2022-06-01,45.74,40.09,297321656.33,8
TON,2022-06-01,0.0,0.0,0.0,15
TRX,2022-06-01,0.08442,0.08348,85499638.73,11
USDC,2022-06-01,1.0,1.001,43789.77,5
USDT,2022-06-01,0.9996,0.9996,43748.38,3
XRP,2022-06-01,0.4212,0.3977,83053811.99,6
ADA,2022-06-02,0.5515,0.5872,126823896.19,7
AVAX,2022-06-02,23.65,24.62,81255249.81,13
BNB,2022-06-02,300.05,308.32,29731239.96,4
BTC,2022-06-02,29789.58,30439.63,932339972.84,1
DOGE,2022-06-02,0.08094,0.0827,23080799.56,9
DOT,2022-06-02,9.451,9.881,32331695.12,10
ETH,2022-06-02,1817.42,1833.26,622173440.24,2
LTC,2022-06-02,62.64,64.42,18959105.79,14
MATIC,2022-06-02,0.5995,0.6184,43494020.01,11
SOL,2022-06-02,40.09,40.82,306834570.09,8
TON,2022-06-02,0.0,0.0,0.0,15
TRX,2022-06-02,0.08348,0.08433,29709809.65,12
USDC,2022-06-02,1.001,1.0,31060.38,5
USDT,2022-06-02,0.9996,0.9995,31035.51,3
XRP,2022-06-02,0.3977,0.4049,70565997.56,6
ADA,2022-06-03,0.5872,0.5594,100173113.31,7
AVAX,2022-06-03,24.62,22.98,57289199.67,13
BNB,2022-06-03,308.32,298.18,40407242.26,4
BTC,2022-06-03,30439.63,29680.3,734000142.92,1
DOGE,2022-06-03,0.0827,0.0802,32171424.45,9
DOT,2022-06-03,9.881,9.364,25096304.58,10
ETH,2022-06-03,1833.26,1773.59,569666491.39,2
LTC,2022-06-03,64.42,62.55,15113765.08,14
MATIC,2022-06-03,0.6184,0.5887,38438750.91,11
SOL,2022-06-03,40.82,38.23,257377662.2,8
TON,2022-06-03,0.0,0.0,0.0,15
TRX,2022-06-03,0.08433,0.08111,24633539.92,12
USDC,2022-06-03,1.0,1.0,24615.19,5
USDT,2022-06-03,0.9995,0.9992,24587.93,3
XRP,2022-06-03,0.4049,0.3898,85514482.88,6
ADA,2022-06-04,0.5594,0.566,53222233.64,7
AVAX,2022-06-04,22.98,24.55,47539125.56,12
BNB,2022-06-04,298.18,301.14,23478617.11,4
BTC,2022-06-04,29680.3,29845.48,310298122.38,1
DOGE,2022-06-04,0.0802,0.08181,37457056.64,9
DOT,2022-06-04,9.364,9.436,21704934.73,10
ETH,2022-06-04,1773.59,1803.65,225646408.54,2
LTC,2022-06-04,62.55,63.71,12967309.75,14
MATIC,2022-06-04,0.5887,0.5955,16786699.72,11
SOL,2022-06-04,38.23,38.97,190033825.17,8
TON,2022-06-04,0.0,0.0,0.0,15
TRX,2022-06-04,0.08111,0.08042,27179598.68,13
USDC,2022-06-04,1.0,1.0,10449.72,5
USDT,2022-06-04,0.9992,0.9994,10440.05,3
XRP,2022-06-04,0.3898,0.3921,22292094.42,6
ADA,2022-06-05,0.566,0.5669,43575813.74,7
AVAX,2022-06-05,24.55,24.15,48342893.49,13
BNB,2022-06-05,301.14,298.69,25457366.05,4
BTC,2022-06-05,29845.48,29897.9,311392830.2,1
DOGE,2022-06-05,0.08181,0.08098,25709516.5,9
DOT,2022-06-05,9.436,9.335,13901402.14,10
ETH,2022-06-05,1803.65,1804.7,208010346.16,2
LTC,2022-06-05,63.71,63.1,12220128.24,14
MATIC,2022-06-05,0.5955,0.5969,19065975.73,11
SOL,2022-06-05,38.97,38.49,167132759.59,8
TON,2022-06-05,0.0,0.0,0.0,15
TRX,2022-06-05,0.08042,0.0814,13796103.1,12
USDC,2022-06-05,1.0,0.9999,10423.07,5
USDT,2022-06-05,0.9994,0.9993,10416.85,3
XRP,2022-06-05,0.3921,0.3951,23542111.62,6
ADA,2022-06-06,0.5669,0.6085,173512541.93,6
AVAX,2022-06-06,24.15,25.98,100455085.84,12
BNB,2022-06-06,298.69,294.81,53658585.17,4
BTC,2022-06-06,29897.9,31353.78,1076503583.85,1
DOGE,2022-06-06,0.08098,0.08245,49007676.85,9
DOT,2022-06-06,9.335,9.494,27328198.05,10
ETH,2022-06-06,1804.7,1858.56,600246125.39,2
LTC,2022-06-06,63.1,64.4,19305429.59,14
MATIC,2022-06-06,0.5969,0.6323,44025902.8,11
SOL,2022-06-06,38.49,42.36,351014169.93,8
TON,2022-06-06,0.0,0.0,0.0,15
TRX,2022-06-06,0.0814,0.0816,18459921.53,13
USDC,2022-06-06,0.9999,1.0,34491.22,5
USDT,2022-06-06,0.9993,0.9994,34464.75,3
XRP,2022-06-06,0.3951,0.4025,65769290.74,7
ADA,2022-06-07,0.6085,0.6135,148084644.81,6
AVAX,2022-06-07,25.98,24.57,105117685.97,12
BNB,2022-06-07,294.81,290.16,62826370.25,4
BTC,2022-06-07,31353.78,31111.75,1340573593.65,1
DOGE,2022-06-07,0.08245,0.08031,41880490.13,9
DOT,2022-06-07,9.494,9.217,33302150.61,10
ETH,2022-06-07,1858.56,1812.7,705364504.92,2
LTC,2022-06-07,64.4,63.79,27886741.99,14
MATIC,2022-06-07,0.6323,0.6167,43842892.92,11
SOL,2022-06-07,42.36,39.29,321469181.75,8
TON,2022-06-07,0.0,0.0,0.0,15
TRX,2022-06-07,0.0816,0.08185,20675033.94,13
USDC,2022-06-07,1.0,0.9995,44287.18,5
USDT,2022-06-07,0.9994,0.9997,44294.91,3
XRP,2022-06-07,0.4025,0.4074,75828278.32,7
ADA,2022-06-08,0.6135,0.6404,170540788.06,6
AVAX,2022-06-08,24.57,24.48,48347479.71,12
BNB,2022-06-08,290.16,288.31,22049116.2,4
BTC,2022-06-08,31111.75,30189.27,844411303.8,1
DOGE,2022-06-08,0.08031,0.07923,23965238.46,9
DOT,2022-06-08,9.217,8.994,19749096.04,10
ETH,2022-06-08,1812.7,1791.03,508526918.8,2
LTC,2022-06-08,63.79,61.35,21732914.78,14
MATIC,2022-06-08,0.6167,0.6061,28831437.05,11
SOL,2022-06-08,39.29,38.79,198208463.94,8
TON,2022-06-08,0.0,0.0,0.0,15
TRX,2022-06-08,0.08185,0.08061,14685121.73,13
USDC,2022-06-08,0.9995,0.9999,27740.1,5
USDT,2022-06-08,0.9997,0.9995,27728.07,3
XRP,2022-06-08,0.4074,0.4001,62435708.57,7
ADA,2022-06-09,0.6404,0.6319,97386466.98,6
AVAX,2022-06-09,24.48,24.4,46695946.53,12
BNB,2022-06-09,288.31,289.52,20785505.79,4
BTC,2022-06-09,30189.27,30082.94,620735850.86,1
DOGE,2022-06-09,0.07923,0.07931,17743825.87,9
DOT,2022-06-09,8.994,9.227,29405802.97,10
ETH,2022-06-09,1791.03,1787.71,357443811.84,2
LTC,2022-06-09,61.35,60.18,16798406.15,14
MATIC,2022-06-09,0.6061,0.6331,31357289.02,11
SOL,2022-06-09,38.79,39.93,214717194.25,8
TON,2022-06-09,1.263,1.25,1670.48,15
TRX,2022-06-09,0.08061,0.08094,8648737.99,13
USDC,2022-06-09,0.9999,0.9999,20554.11,5
USDT,2022-06-09,0.9995,0.9992,20539.07,3
XRP,2022-06-09,0.4001,0.3997,51182431.85,7
ADA,2022-06-10,0.6319,0.5737,119719438.86,6
AVAX,2022-06-10,24.4,22.05,67375761.58,13
BNB,2022-06-10,289.52,285.97,38699478.39,4
BTC,2022-06-10,30082.94,29067.38,1133049950.35,1
DOGE,2022-06-10,0.07931,0.0753,22845647.89,9
DOT,2022-06-10,9.227,8.65,31424098.18,10
ETH,2022-06-10,1787.71,1661.1,687937104.94,2
LTC,2022-06-10,60.17,56.65,60653331.66,14
MATIC,2022-06-10,0.6331,0.5937,61058738.9,11
SOL,2022-06-10,39.93,37.12,218200726.61,8
TON,2022-06-10,1.25,1.233,7565.63,15
TRX,2022-06-10,0.08094,0.0789,11934924.08,12
USDC,2022-06-10,0.9999,1.0,38474.66,5
USDT,2022-06-10,0.9992,0.9992,38432.5,3
XRP,2022-06-10,0.3997,0.3811,95750045.43,7
ADA,2022-06-11,0.5737,0.5529,97710946.97,6
AVAX,2022-06-11,22.05,19.87,60225259.73,13
BNB,2022-06-11,285.97,269.4,31167671.19,4
BTC,2022-06-11,29067.38,28389.49,696986226.28,1
DOGE,2022-06-11,0.0753,0.0698,38540866.26,9
DOT,2022-06-11,8.65,8.02,33756552.72,10
ETH,2022-06-11,1661.1,1530.28,854773704.94,2
LTC,2022-06-11,56.63,52.11,42356981.43,14
MATIC,2022-06-11,0.5937,0.5396,44595098.71,12
SOL,2022-06-11,37.12,33.86,181417324.29,8
TON,2022-06-11,1.233,1.148,4876.05,15
TRX,2022-06-11,0.0789,0.07613,19516446.51,11
USDC,2022-06-11,1.0,1.0,24324.28,5
USDT,2022-06-11,0.9991,0.9989,543241.37,3
XRP,2022-06-11,0.3811,0.3592,40391684.8,7
ADA,2022-06-12,0.5529,0.49,132019566.84,7
AVAX,2022-06-12,19.87,17.27,86914559.14,13
BNB,2022-06-12,269.4,254.81,34736220.49,4
BTC,2022-06-12,28389.49,26587.35,1060464718.45,1
DOGE,2022-06-12,0.0698,0.06349,44378534.91,9
DOT,2022-06-12,8.02,7.39,36097224.63,10
ETH,2022-06-12,1530.28,1434.02,825779676.24,2
LTC,2022-06-12,52.11,47.91,35917662.31,14
MATIC,2022-06-12,0.5396,0.4968,49947871.71,12
SOL,2022-06-12,33.86,30.59,240996234.82,8
TON,2022-06-12,1.148,1.076,10418.6,15
TRX,2022-06-12,0.07613,0.07623,27004904.69,11
USDC,2022-06-12,1.0,0.9996,38507.55,5
USDT,2022-06-12,0.9991,1.0,38522.18,3
XRP,2022-06-12,0.3592,0.343,64093340.71,6
ADA,2022-06-13,0.49,0.4637,250255545.2,7
AVAX,2022-06-13,17.27,16.09,145476494.04,13
BNB,2022-06-13,254.81,222.73,63889091.34,4
BTC,2022-06-13,26587.35,22471.59,4089411013.33,1
DOGE,2022-06-13,0.06349,0.05419,88346871.9,9
DOT,2022-06-13,7.39,7.027,76138823.71,10
ETH,2022-06-13,1434.02,1209.12,2275582645.63,2
LTC,2022-06-13,47.91,43.45,55382092.01,14
MATIC,2022-06-13,0.4968,0.4298,117328521.34,12
SOL,2022-06-13,30.59,28.54,476970922.42,8
TON,2022-06-13,1.076,0.9508,14802.9,15
TRX,2022-06-13,0.07623,0.06385,92479715.71,11
USDC,2022-06-13,0.9996,1.001,169926.04,5
USDT,2022-06-13,1.0,0.9991,169595.72,3
XRP,2022-06-13,0.343,0.3112,119540098.46,6
ADA,2022-06-14,0.4637,0.482,192445656.18,7
AVAX,2022-06-14,16.09,16.53,96258687.81,13
BNB,2022-06-14,222.73,222.76,50571638.66,4
BTC,2022-06-14,22471.59,22118.37,2063908671.45,1
DOGE,2022-06-14,0.05419,0.05551,58702963.91,10
DOT,2022-06-14,7.027,7.367,51323493.2,9
ETH,2022-06-14,1209.12,1206.94,1519007309.93,2
LTC,2022-06-14,43.45,46.14,53096475.62,14
MATIC,2022-06-14,0.4298,0.415,75973210.68,11
SOL,2022-06-14,28.54,29.51,404924750.29,8
TON,2022-06-14,0.9508,0.9531,17182.84,15
TRX,2022-06-14,0.06385,0.05564,75291574.48,12
USDC,2022-06-14,1.001,1.0,93527.59,5
USDT,2022-06-14,0.9991,0.9984,93363.99,3
XRP,2022-06-14,0.3112,0.3214,87204839.31,6
ADA,2022-06-15,0.482,0.5341,200561727.83,6
AVAX,2022-06-15,16.53,18.31,101199318.25,12
BNB,2022-06-15,222.76,233.27,57131575.89,4
BTC,2022-06-15,22118.37,22566.73,2516136880.34,1
DOGE,2022-06-15,0.05551,0.06269,73711902.31,10
DOT,2022-06-15,7.367,8.492,67944991.96,9
ETH,2022-06-15,1206.94,1236.89,1698606699.32,2
LTC,2022-06-15,46.14,50.61,43200596.74,14
MATIC,2022-06-15,0.415,0.439,80512614.97,13
SOL,2022-06-15,29.51,34.71,395848370.39,8
TON,2022-06-15,0.9531,0.9221,18964.74,15
TRX,2022-06-15,0.05564,0.06301,101834422.59,11
USDC,2022-06-15,1.0,1.0,118675.09,5
USDT,2022-06-15,0.999,0.9991,1303105404.51,3
XRP,2022-06-15,0.3214,0.3433,87641740.66,7
ADA,2022-06-16,0.5341,0.4754,96931223.2,6
AVAX,2022-06-16,18.31,15.77,63997635.13,13
BNB,2022-06-16,233.27,210.02,42979352.63,4
BTC,2022-06-16,22566.73,20372.85,1326876814.5,1
DOGE,2022-06-16,0.06269,0.05514,56838719.25,9
DOT,2022-06-16,8.492,7.11,46543956.31,10
ETH,2022-06-16,1236.89,1067.1,807377734.26,2
LTC,2022-06-16,50.61,44.74,33538616.83,14
MATIC,2022-06-16,0.439,0.3825,45435347.19,12
SOL,2022-06-16,34.71,30.08,341621322.17,8
TON,2022-06-16,0.9221,0.8324,12306.4,15
TRX,2022-06-16,0.06301,0.05916,50557708.18,11
USDC,2022-06-16,1.0,1.0,62468.68,5
USDT,2022-06-16,0.9994,0.9987,62360.28,3
XRP,2022-06-16,0.3433,0.3126,77326788.63,7
ADA,2022-06-17,0.4754,0.4867,76922216.5,6
AVAX,2022-06-17,15.77,15.97,42568115.2,13
BNB,2022-06-17,210.02,215.46,27969258.89,4
BTC,2022-06-17,20372.85,20432.26,1312456705.74,1
DOGE,2022-06-17,0.05514,0.05679,37789586.45,9
DOT,2022-06-17,7.11,7.265,32379225.33,10
ETH,2022-06-17,1067.1,1085.21,585011689.72,2
LTC,2022-06-17,44.74,47.54,31146806.26,14
MATIC,2022-06-17,0.3825,0.3992,37686243.02,12
SOL,2022-06-17,30.08,30.67,205869840.16,8
TON,2022-06-17,0.8324,0.852,12842.31,15
TRX,2022-06-17,0.05916,0.05983,26840833.66,11
USDC,2022-06-17,1.0,0.9996,63586.99,5
USDT,2022-06-17,0.9989,0.9986,660879481.7,3
XRP,2022-06-17,0.3126,0.3207,97731973.18,7
ADA,2022-06-18,0.4867,0.4546,98852524.95,7
AVAX,2022-06-18,15.97,14.8,59979126.04,12
BNB,2022-06-18,215.46,196.74,57636745.04,4
BTC,2022-06-18,20432.26,18954.25,1898530847.49,1
DOGE,2022-06-18,0.05679,0.05282,64195221.25,10
DOT,2022-06-18,7.265,7.043,49646538.3,9
ETH,2022-06-18,1085.21,994.41,1080808875.04,2
LTC,2022-06-18,47.54,47.17,45524834.42,14
MATIC,2022-06-18,0.3992,0.3453,66054079.4,13
SOL,2022-06-18,30.67,31.97,310435090.72,8
TON,2022-06-18,0.852,0.8008,18142.81,15
TRX,2022-06-18,0.05983,0.06088,38085289.53,11
USDC,2022-06-18,0.9996,0.9992,100058.48,5
USDT,2022-06-18,0.9984,0.999,100033.11,3
XRP,2022-06-18,0.3207,0.3072,46278339.11,6
ADA,2022-06-19,0.4546,0.484,89336151.77,7
AVAX,2022-06-19,14.8,16.16,46587075.35,12
BNB,2022-06-19,196.74,214.94,42215377.3,4
BTC,2022-06-19,18954.25,20553.48,1190970309.62,1
DOGE,2022-06-19,0.05282,0.06042,103019758.27,9
DOT,2022-06-19,7.043,7.518,27047465.04,10
ETH,2022-06-19,994.41,1127.03,776365310.03,2
LTC,2022-06-19,47.17,54.23,84703441.66,14
MATIC,2022-06-19,0.3453,0.3837,42927992.9,13
SOL,2022-06-19,31.97,34.16,291618076.12,8
TON,2022-06-19,0.8008,0.907,18633.26,15
TRX,2022-06-19,0.06088,0.06128,29941261.5,11
USDC,2022-06-19,0.9992,1.0,61184.75,5
USDT,2022-06-19,0.999,0.9987,61099.49,3
XRP,2022-06-19,0.3072,0.326,37159724.1,6
ADA,2022-06-20,0.484,0.4913,77613689.35,6
AVAX,2022-06-20,16.16,17.07,46085575.04,12
BNB,2022-06-20,214.94,216.31,38361672.82,4
BTC,2022-06-20,20553.48,20550.91,995940744.76,1
DOGE,2022-06-20,0.06042,0.05996,48122450.53,10
DOT,2022-06-20,7.518,7.868,25470407.24,9
ETH,2022-06-20,1127.03,1126.99,617555699.32,2
LTC,2022-06-20,54.23,52.71,38665759.95,14
MATIC,2022-06-20,0.3837,0.4005,50907900.89,13
SOL,2022-06-20,34.16,35.22,318838983.85,8
TON,2022-06-20,0.907,1.072,27300.86,15
TRX,2022-06-20,0.06128,0.06111,18924300.83,11
USDC,2022-06-20,1.0,0.9995,48954.39,5
USDT,2022-06-20,0.9987,0.9988,48916.04,3
XRP,2022-06-20,0.326,0.3222,67168245.14,7
ADA,2022-06-21,0.4913,0.4807,88734923.91,7
AVAX,2022-06-21,17.07,16.89,43095043.26,13
BNB,2022-06-21,216.31,219.89,32336305.29,4
BTC,2022-06-21,20550.91,20699.21,954292227.72,1
DOGE,2022-06-21,0.05996,0.0657,100314559.2,9
DOT,2022-06-21,7.868,7.753,23571965.75,10
ETH,2022-06-21,1126.99,1124.71,619164299.73,2
LTC,2022-06-21,52.71,53.48,30893803.45,14
MATIC,2022-06-21,0.4005,0.4196,51726733.43,12
SOL,2022-06-21,35.22,36.37,278096854.62,8
TON,2022-06-21,1.072,1.092,6469.06,15
TRX,2022-06-21,0.06111,0.06489,20718500.61,11
USDC,2022-06-21,0.9995,0.9999,45258.94,5
USDT,2022-06-21,0.9988,0.9987,45204.52,3
XRP,2022-06-21,0.3222,0.3287,69871366.06,6
ADA,2022-06-22,0.4807,0.4585,55428876.46,7
AVAX,2022-06-22,16.89,16.05,44306228.02,13
BNB,2022-06-22,219.89,213.97,41419786.7,4
BTC,2022-06-22,20699.21,19956.16,1027725806.49,1
DOGE,2022-06-22,0.0657,0.06162,66628546.65,9
DOT,2022-06-22,7.753,7.377,27293846.11,10
ETH,2022-06-22,1124.71,1048.3,517637610.39,2
LTC,2022-06-22,53.48,52.07,25633344.0,14
MATIC,2022-06-22,0.4196,0.455,66612775.45,11
SOL,2022-06-22,36.37,34.07,276445338.37,8
TON,2022-06-22,1.092,1.055,12432.88,15
TRX,2022-06-22,0.06489,0.06305,15060126.23,12
USDC,2022-06-22,0.9999,0.9999,50633.6,5
USDT,2022-06-22,0.9987,0.9988,50578.54,3
XRP,2022-06-22,0.3287,0.3219,53187289.93,6
ADA,2022-06-23,0.4585,0.4797,55380390.51,7
AVAX,2022-06-23,16.05,18.28,47542589.04,13
BNB,2022-06-23,213.97,228.67,37640282.71,4
BTC,2022-06-23,19956.16,21098.41,836636021.34,1
DOGE,2022-06-23,0.06162,0.06395,41011857.43,9
DOT,2022-06-23,7.377,7.773,33121620.89,10
ETH,2022-06-23,1048.3,1143.46,500226767.62,2
LTC,2022-06-23,52.07,55.7,35433915.25,14
MATIC,2022-06-23,0.455,0.5622,138956457.35,11
SOL,2022-06-23,34.07,38.13,272527741.56,8
TON,2022-06-23,1.055,1.092,7203.55,15
TRX,2022-06-23,0.06305,0.06376,12868732.43,12
USDC,2022-06-23,0.9999,1.0,40665.25,5
USDT,2022-06-23,0.9988,0.9997,40634.81,3
XRP,2022-06-23,0.3219,0.3351,48761789.4,6
ADA,2022-06-24,0.4797,0.4979,65035190.04,8
AVAX,2022-06-24,18.28,20.46,74106792.34,12
BNB,2022-06-24,228.67,240.05,39823849.82,4
BTC,2022-06-24,21098.41,21219.46,850728330.88,1
DOGE,2022-06-24,0.06395,0.06689,47094573.69,9
DOT,2022-06-24,7.773,8.18,27379904.19,10
ETH,2022-06-24,1143.46,1224.12,622847139.93,2
LTC,2022-06-24,55.7,55.79,24080334.36,14
MATIC,2022-06-24,0.5622,0.6065,119165136.03,11
SOL,2022-06-24,38.13,41.87,270806565.06,7
TON,2022-06-24,1.092,1.103,9471.9,15
TRX,2022-06-24,0.06376,0.06583,13814479.34,13
USDC,2022-06-24,1.0,1.0,40312.3,5
USDT,2022-06-24,0.9997,0.9993,40276.73,3
XRP,2022-06-24,0.3351,0.3669,133591613.28,6
ADA,2022-06-25,0.4979,0.4981,47420846.38,8
AVAX,2022-06-25,20.46,21.34,41845306.23,12
BNB,2022-06-25,240.05,239.66,31272781.97,4
BTC,2022-06-25,21219.46,21474.19,459148971.07,1
DOGE,2022-06-25,0.06689,0.06848,39953756.29,9
DOT,2022-06-25,8.18,8.12,17407483.56,10
ETH,2022-06-25,1224.12,1241.0,348238056.74,2
LTC,2022-06-25,55.79,58.83,24136641.74,14
MATIC,2022-06-25,0.6065,0.6007,64959179.74,11
SOL,2022-06-25,41.87,42.2,196716794.82,7
TON,2022-06-25,1.103,1.086,11571.84,15
TRX,2022-06-25,0.06583,0.06478,9488359.54,13
USDC,2022-06-25,1.0,0.9998,21599.01,5
USDT,2022-06-25,0.9993,0.9991,21584.45,3
XRP,2022-06-25,0.3669,0.3673,24368183.63,6
ADA,2022-06-26,0.4981,0.4898,61331844.8,7
AVAX,2022-06-26,21.34,19.72,41793093.85,12
BNB,2022-06-26,239.66,233.73,31225829.86,4
BTC,2022-06-26,21474.19,21031.85,445023789.79,1
DOGE,2022-06-26,0.06848,0.07295,95634030.59,9
DOT,2022-06-26,8.12,7.833,20356629.63,10
ETH,2022-06-26,1241.0,1198.25,459617043.48,2
LTC,2022-06-26,58.83,56.63,19814783.0,14
MATIC,2022-06-26,0.6007,0.5582,51451769.89,11
SOL,2022-06-26,42.2,39.38,214296877.8,8
TON,2022-06-26,1.086,1.047,8682.84,15
TRX,2022-06-26,0.06478,0.06502,10571149.43,13
USDC,2022-06-26,0.9998,1.0,20819.48,5
USDT,2022-06-26,0.9991,1.0,373740.38,3
XRP,2022-06-26,0.3673,0.3588,27674226.05,6
ADA,2022-06-27,0.4898,0.4852,48508128.83,7
AVAX,2022-06-27,19.72,19.31,47725889.08,13
BNB,2022-06-27,233.73,233.19,37694361.34,4
BTC,2022-06-27,21031.85,20718.16,643546203.12,1
DOGE,2022-06-27,0.07295,0.07204,97569079.43,9
DOT,2022-06-27,7.833,7.726,20340337.65,10
ETH,2022-06-27,1198.25,1190.73,409609422.41,2
LTC,2022-06-27,56.63,55.84,19261962.54,14
MATIC,2022-06-27,0.5582,0.5314,76458592.83,11
SOL,2022-06-27,39.38,38.46,232924259.03,8
TON,2022-06-27,1.047,1.263,28826.16,15
TRX,2022-06-27,0.06502,0.06698,21211960.26,12
USDC,2022-06-27,1.0,1.001,30705.13,5
USDT,2022-06-27,0.9995,0.999,30654.42,3
XRP,2022-06-27,0.3588,0.353,73619468.38,6
ADA,2022-06-28,0.4852,0.469,66753057.54,7
AVAX,2022-06-28,19.31,18.09,49940780.65,13
BNB,2022-06-28,233.19,226.59,58537064.27,4
BTC,2022-06-28,20718.16,20251.96,680727935.72,1
DOGE,2022-06-28,0.07204,0.06602,55232094.39,9
DOT,2022-06-28,7.726,7.3,21786700.31,10
ETH,2022-06-28,1190.73,1142.41,516154549.5,2
LTC,2022-06-28,55.84,52.65,24504552.54,14
MATIC,2022-06-28,0.5314,0.5101,94623720.37,11
SOL,2022-06-28,38.46,35.29,278480970.42,8
TON,2022-06-28,1.263,1.299,36196.96,15
TRX,2022-06-28,0.06698,0.06589,18946595.36,12
USDC,2022-06-28,1.001,0.9999,32934.48,5
USDT,2022-06-28,0.999,0.9986,32891.0,3
XRP,2022-06-28,0.353,0.3369,81713050.51,6
ADA,2022-06-29,0.469,0.4655,58651727.23,7
AVAX,2022-06-29,18.09,17.76,50059784.7,13
BNB,2022-06-29,226.59,219.45,39591485.89,4
BTC,2022-06-29,20251.96,20094.16,751143299.02,1
DOGE,2022-06-29,0.06602,0.06941,59781645.23,9
DOT,2022-06-29,7.3,7.028,25166298.26,10
ETH,2022-06-29,1142.41,1098.71,547508525.24,2
LTC,2022-06-29,52.65,53.57,19973983.66,14
MATIC,2022-06-29,0.5101,0.4959,110133310.34,11
SOL,2022-06-29,35.29,33.96,289809989.5,8
TON,2022-06-29,1.299,1.219,13892.97,15
TRX,2022-06-29,0.06589,0.06486,14220821.43,12
USDC,2022-06-29,0.9999,1.0,37370.08,5
USDT,2022-06-29,0.9986,0.999,37330.72,3
XRP,2022-06-29,0.3369,0.3289,77652645.65,6
ADA,2022-06-30,0.4655,0.4599,70399145.8,7
AVAX,2022-06-30,17.76,16.97,62373798.4,13
BNB,2022-06-30,219.45,219.48,40104355.85,4
BTC,2022-06-30,20094.16,19908.49,1084138608.25,1
DOGE,2022-06-30,0.06941,0.06635,64326680.6,9
DOT,2022-06-30,7.028,7.06,23829330.98,10
ETH,2022-06-30,1098.71,1069.53,661034598.9,2
LTC,2022-06-30,53.57,53.81,25333090.27,14
MATIC,2022-06-30,0.4959,0.4807,115580688.51,11
SOL,2022-06-30,33.96,33.74,291559538.1,8
TON,2022-06-30,1.219,1.128,23151.44,15
TRX,2022-06-30,0.06486,0.0648,19133540.21,12
USDC,2022-06-30,1.0,1.001,56376.85,5
USDT,2022-06-30,0.999,0.9992,56272.44,3
XRP,2022-06-30,0.3289,0.3321,88314501.69,6
ADA,2022-07-01,0.4599,0.448,60966998.0,7
AVAX,2022-07-01,16.97,16.09,61763942.67,13
BNB,2022-07-01,219.48,216.58,33967433.5,4
BTC,2022-07-01,19908.49,19249.33,1220917103.86,1
DOGE,2022-07-01,0.06635,0.06634,49643188.95,9
DOT,2022-07-01,7.06,6.736,36565034.71,10
ETH,2022-07-01,1069.53,1058.01,616888042.78,2
LTC,2022-07-01,53.81,51.12,28288743.85,14
MATIC,2022-07-01,0.4807,0.4611,63741538.02,12
SOL,2022-07-01,33.74,32.8,278386368.52,8
TON,2022-07-01,1.128,1.12,11516.53,15
TRX,2022-07-01,0.0648,0.06506,21165462.37,11
USDC,2022-07-01,1.001,0.9998,62272.64,5
USDT,2022-07-01,0.9992,0.9984,62190.24,3
XRP,2022-07-01,0.3321,0.3131,113765013.0,6
ADA,2022-07-02,0.448,0.4552,25814101.12,7
AVAX,2022-07-02,16.09,16.3,21766921.4,13
BNB,2022-07-02,216.58,217.86,37046499.21,4
BTC,2022-07-02,19249.33,19225.66,393018265.78,1
DOGE,2022-07-02,0.06634,0.06657,29183230.68,9
DOT,2022-07-02,6.736,6.815,12482334.28,10
ETH,2022-07-02,1058.01,1065.69,246197859.38,2
LTC,2022-07-02,51.12,50.48,13957094.9,14
MATIC,2022-07-02,0.4611,0.4922,24122126.17,11
SOL,2022-07-02,32.8,33.32,109908127.57,8
TON,2022-07-02,1.12,1.103,8789.98,15
TRX,2022-07-02,0.06506,0.06471,8680474.2,12
USDC,2022-07-02,0.9998,1.0,20448.57,5
USDT,2022-07-02,0.9984,0.9988,20422.42,3
XRP,2022-07-02,0.3131,0.3151,22731236.23,6
ADA,2022-07-03,0.4552,0.4555,21711131.86,7
AVAX,2022-07-03,16.3,16.64,21615408.14,13
BNB,2022-07-03,217.86,218.84,25989409.61,4
BTC,2022-07-03,19225.66,19294.21,430213883.45,1
DOGE,2022-07-03,0.06657,0.06712,21936886.68,9
DOT,2022-07-03,6.815,6.847,10227685.66,10
ETH,2022-07-03,1065.69,1072.95,219767134.55,2
LTC,2022-07-03,50.48,50.86,14356836.08,14
MATIC,2022-07-03,0.4922,0.4613,60676956.65,12
SOL,2022-07-03,33.32,33.36,88081229.66,8
TON,2022-07-03,1.103,1.098,8848.72,15
TRX,2022-07-03,0.06471,0.06626,11931675.89,11
USDC,2022-07-03,1.0,1.0,22435.4,5
USDT,2022-07-03,0.9988,0.9989,22407.25,3
XRP,2022-07-03,0.3151,0.321,27560033.4,6
ADA,2022-07-04,0.4555,0.4691,62833532.09,7
AVAX,2022-07-04,16.64,17.9,35337066.43,13
BNB,2022-07-04,218.84,231.25,31947378.8,4
BTC,2022-07-04,19294.21,20212.81,623812499.17,1
DOGE,2022-07-04,0.06712,0.0693,31325154.12,9
DOT,2022-07-04,6.847,7.159,14246829.01,10
ETH,2022-07-04,1072.95,1149.81,411008690.04,2
LTC,2022-07-04,50.86,52.19,14964391.62,14
MATIC,2022-07-04,0.4613,0.4908,34342426.79,11
SOL,2022-07-04,33.36,36.68,150739092.78,8
TON,2022-07-04,1.098,1.113,20496.6,15
TRX,2022-07-04,0.06626,0.06731,11412576.02,12
USDC,2022-07-04,1.0,1.0,31706.62,5
USDT,2022-07-04,0.9989,0.9992,31671.81,3
XRP,2022-07-04,0.321,0.3281,66198977.42,6
ADA,2022-07-05,0.4691,0.4568,48653549.26,7
AVAX,2022-07-05,17.9,18.04,52012020.7,13
BNB,2022-07-05,231.25,230.56,40158891.98,4
BTC,2022-07-05,20212.81,20158.69,931653558.35,1
DOGE,2022-07-05,0.0693,0.06713,29971256.88,9
DOT,2022-07-05,7.159,6.845,29254193.02,10
ETH,2022-07-05,1149.81,1131.96,550223702.36,2
LTC,2022-07-05,52.19,49.66,23587500.65,14
MATIC,2022-07-05,0.4908,0.5126,84078992.76,11
SOL,2022-07-05,36.68,35.37,240867509.78,8
TON,2022-07-05,1.113,1.057,30367.67,15
TRX,2022-07-05,0.06731,0.06813,12232112.34,12
USDC,2022-07-05,1.0,0.9993,46638.33,5
USDT,2022-07-05,0.9992,0.999,46625.52,3
XRP,2022-07-05,0.3281,0.3249,69287325.23,6
ADA,2022-07-06,0.4568,0.4619,39315961.58,7
AVAX,2022-07-06,18.04,19.15,49577068.85,13
BNB,2022-07-06,230.56,238.36,37987708.0,4
BTC,2022-07-06,20158.69,20545.04,794040793.32,1
DOGE,2022-07-06,0.06713,0.06838,33555740.59,9
DOT,2022-07-06,6.845,6.917,24614305.84,10
ETH,2022-07-06,1131.96,1185.41,541697031.18,2
LTC,2022-07-06,49.66,50.29,18423391.01,14
MATIC,2022-07-06,0.5126,0.5251,57156880.54,11
SOL,2022-07-06,35.37,37.01,225475866.98,8
TON,2022-07-06,1.057,1.039,28086.12,15
TRX,2022-07-06,0.06813,0.06752,11096239.15,12
USDC,2022-07-06,0.9993,1.0,39345.3,5
USDT,2022-07-06,0.999,0.9991,39303.58,3
XRP,2022-07-06,0.3249,0.3319,74913819.37,6
ADA,2022-07-07,0.4619,0.4774,45347927.74,7
AVAX,2022-07-07,19.15,20.18,46410293.98,13
BNB,2022-07-07,238.36,241.31,24878738.33,4
BTC,2022-07-07,20545.04,21611.8,1059807101.57,1
DOGE,2022-07-07,0.06838,0.07056,32639561.5,9
DOT,2022-07-07,6.917,7.3,19950769.22,10
ETH,2022-07-07,1185.41,1236.64,632226158.71,2
LTC,2022-07-07,50.29,52.11,16242459.98,14
MATIC,2022-07-07,0.5251,0.5627,63424615.08,11
SOL,2022-07-07,37.01,38.46,187384470.96,8
TON,2022-07-07,1.039,1.075,55917.87,15
TRX,2022-07-07,0.06752,0.06864,17232953.62,12
USDC,2022-07-07,1.0,1.0,50421.27,5
USDT,2022-07-07,0.9991,0.9996,50396.76,3
XRP,2022-07-07,0.3319,0.342,70463990.13,6
ADA,2022-07-08,0.4774,0.4658,50973589.89,7
AVAX,2022-07-08,20.18,19.72,43482133.48,13
BNB,2022-07-08,241.31,240.45,35707672.69,4
BTC,2022-07-08,21611.8,21592.65,1233183200.22,1
DOGE,2022-07-08,0.07056,0.06907,38145402.6,9
DOT,2022-07-08,7.3,7.038,19486418.07,10
ETH,2022-07-08,1236.64,1214.0,685525454.8,2
LTC,2022-07-08,52.11,51.3,19360801.36,14
MATIC,2022-07-08,0.5627,0.6057,87935064.59,11
SOL,2022-07-08,38.46,38.11,238292134.03,8
TON,2022-07-08,1.075,1.077,29696.2,15
TRX,2022-07-08,0.06864,0.06902,27359318.08,12
USDC,2022-07-08,1.0,1.0,56702.64,5
USDT,2022-07-08,0.9996,0.9988,56621.64,3
XRP,2022-07-08,0.342,0.3398,102566262.95,6
ADA,2022-07-09,0.4658,0.4777,33699265.7,7
AVAX,2022-07-09,19.72,19.89,17830430.18,13
BNB,2022-07-09,240.45,243.06,18269396.28,4
BTC,2022-07-09,21592.65,21582.17,455218724.75,1
DOGE,2022-07-09,0.06907,0.06945,15317370.79,9
DOT,2022-07-09,7.038,7.25,15407272.8,10
ETH,2022-07-09,1214.0,1216.53,179916720.56,2
LTC,2022-07-09,51.3,54.06,14342732.41,14
MATIC,2022-07-09,0.6057,0.5895,33998943.37,11
SOL,2022-07-09,38.11,38.05,115246546.47,8
TON,2022-07-09,1.077,1.067,27180.75,15
TRX,2022-07-09,0.06902,0.06979,15709597.04,12
USDC,2022-07-09,1.0,1.0,21062.3,5
USDT,2022-07-09,0.9988,0.9997,21052.25,3
XRP,2022-07-09,0.3398,0.3447,21283137.35,6
ADA,2022-07-10,0.4777,0.462,36509450.83,7
AVAX,2022-07-10,19.89,19.16,23701718.6,13
BNB,2022-07-10,243.06,234.47,21096517.64,4
BTC,2022-07-10,21582.17,20846.53,485593616.02,1
DOGE,2022-07-10,0.06945,0.06721,24047228.64,9
DOT,2022-07-10,7.25,6.849,16998413.31,10
ETH,2022-07-10,1216.53,1167.31,228056926.22,2
LTC,2022-07-10,54.06,52.1,21442810.15,14
MATIC,2022-07-10,0.5895,0.571,31818108.66,11
SOL,2022-07-10,38.05,36.66,110028071.73,8
TON,2022-07-10,1.067,1.049,27916.46,15
TRX,2022-07-10,0.06979,0.06762,15579991.57,12
USDC,2022-07-10,1.0,1.0,23039.35,5
USDT,2022-07-10,0.9997,0.9993,23021.76,3
XRP,2022-07-10,0.3447,0.3251,58393049.14,6
ADA,2022-07-11,0.462,0.4342,75251474.01,7
AVAX,2022-07-11,19.16,17.32,32314979.44,13
BNB,2022-07-11,234.47,225.47,28929599.39,4
BTC,2022-07-11,20846.53,19944.25,756481179.49,1
DOGE,2022-07-11,0.06721,0.06169,32694397.72,9
DOT,2022-07-11,6.849,6.522,21401545.2,10
ETH,2022-07-11,1167.31,1095.67,422804562.19,2
LTC,2022-07-11,52.1,48.68,16145179.23,14
MATIC,2022-07-11,0.571,0.5628,67916150.5,11
SOL,2022-07-11,36.66,33.4,189332526.41,8
TON,2022-07-11,1.049,0.9892,26333.97,15
TRX,2022-07-11,0.06762,0.06471,18181876.38,12
USDC,2022-07-11,1.0,0.9999,37058.46,5
USDT,2022-07-11,0.9993,0.9987,37016.38,3
XRP,2022-07-11,0.3251,0.3148,81123402.49,6
ADA,2022-07-12,0.4342,0.4165,43110055.79,7
AVAX,2022-07-12,17.32,16.73,31030479.01,13
BNB,2022-07-12,225.47,220.23,31426972.59,4
BTC,2022-07-12,19944.25,19309.71,873486517.39,1
DOGE,2022-07-12,0.06169,0.05975,24134371.53,9
DOT,2022-07-12,6.522,6.273,28187998.63,10
ETH,2022-07-12,1095.67,1037.37,548112670.68,2
LTC,2022-07-12,48.68,47.32,15794694.12,14
MATIC,2022-07-12,0.5628,0.5356,73868713.71,11
SOL,2022-07-12,33.4,32.66,175393353.49,8
TON,2022-07-12,0.9892,0.9483,32730.14,15
TRX,2022-07-12,0.06471,0.0646,16329816.96,12
USDC,2022-07-12,0.9999,0.9995,44299.0,5
USDT,2022-07-12,0.9987,0.9988,44265.29,3
XRP,2022-07-12,0.3148,0.3112,70887651.22,6
ADA,2022-07-13,0.4165,0.4382,83808603.41,7
AVAX,2022-07-13,16.73,18.81,57317275.21,13
BNB,2022-07-13,220.23,230.31,48837357.95,4
BTC,2022-07-13,19309.71,20230.81,1176644137.94,1
DOGE,2022-07-13,0.05975,0.06191,41436521.36,9
DOT,2022-07-13,6.273,6.463,28148296.98,10
ETH,2022-07-13,1037.37,1114.57,813163899.62,2
LTC,2022-07-13,47.32,49.53,19755043.65,14
MATIC,2022-07-13,0.5356,0.6385,119405855.98,11
SOL,2022-07-13,32.66,34.93,261632225.72,8
TON,2022-07-13,0.9483,0.9076,42274.99,15
TRX,2022-07-13,0.0646,0.06624,21741399.28,12
USDC,2022-07-13,0.9995,1.0,60199.53,5
USDT,2022-07-13,0.9988,0.9992,60142.21,3
XRP,2022-07-13,0.3112,0.3235,93636303.88,6
ADA,2022-07-14,0.4382,0.441,64307078.71,8
AVAX,2022-07-14,18.81,19.75,54764995.14,13
BNB,2022-07-14,230.31,238.38,39662172.13,4
BTC,2022-07-14,20230.81,20577.38,1021414563.11,1
DOGE,2022-07-14,0.06191,0.06242,30067484.6,9
DOT,2022-07-14,6.463,6.719,25829990.89,11
ETH,2022-07-14,1114.57,1192.56,635957495.14,2
LTC,2022-07-14,49.53,51.3,16506108.43,14
MATIC,2022-07-14,0.6385,0.709,173981097.71,10
SOL,2022-07-14,34.93,37.13,255986071.26,7
TON,2022-07-14,0.9076,0.9336,44935.71,15
TRX,2022-07-14,0.06624,0.06678,17317109.12,12
USDC,2022-07-14,1.0,1.0,50534.44,5
USDT,2022-07-14,0.9992,0.9993,50491.17,3
XRP,2022-07-14,0.3235,0.3335,76494532.33,6
ADA,2022-07-15,0.441,0.4419,62092701.69,8
AVAX,2022-07-15,19.75,19.35,42774666.43,13
BNB,2022-07-15,238.38,238.5,29260568.75,4
BTC,2022-07-15,20577.38,20827.27,747216252.44,1
DOGE,2022-07-15,0.06242,0.06293,29379627.4,9
DOT,2022-07-15,6.719,6.794,21088790.42,11
ETH,2022-07-15,1192.56,1231.23,864043258.51,2
LTC,2022-07-15,51.3,51.76,20056702.54,14
MATIC,2022-07-15,0.709,0.7032,112112336.35,10
SOL,2022-07-15,37.13,37.37,222161624.87,7
TON,2022-07-15,0.9336,0.9264,39866.72,15
TRX,2022-07-15,0.06678,0.067,15004245.81,12
USDC,2022-07-15,1.0,1.0,35889.35,5
USDT,2022-07-15,0.9997,0.9999,704212.41,3
XRP,2022-07-15,0.3335,0.3339,100360939.67,6
ADA,2022-07-16,0.4419,0.458,42491050.05,8
AVAX,2022-07-16,19.35,21.24,49360481.32,12
BNB,2022-07-16,238.5,249.76,39465181.14,4
BTC,2022-07-16,20827.27,21199.01,586102523.47,1
DOGE,2022-07-16,0.06293,0.06438,27869791.32,9
DOT,2022-07-16,6.794,7.189,26690233.8,11
ETH,2022-07-16,1231.23,1356.31,673738020.94,2
LTC,2022-07-16,51.76,55.1,17235875.22,14
MATIC,2022-07-16,0.7032,0.7292,75293628.56,10
SOL,2022-07-16,37.37,39.59,190885804.32,7
TON,2022-07-16,0.9264,0.9425,39164.67,15
TRX,2022-07-16,0.067,0.06894,18764831.09,13
USDC,2022-07-16,1.0,1.0,27880.34,5
USDT,2022-07-16,0.9999,1.0,518170.76,3
XRP,2022-07-16,0.3339,0.3505,48522881.59,6
ADA,2022-07-17,0.458,0.4476,48491127.64,8
AVAX,2022-07-17,21.24,20.61,29498538.71,12
BNB,2022-07-17,249.76,247.68,30641739.73,4
BTC,2022-07-17,21199.01,20792.81,544609266.04,1
DOGE,2022-07-17,0.06438,0.063,26398422.65,9
DOT,2022-07-17,7.189,6.917,22448116.45,11
ETH,2022-07-17,1356.31,1337.97,613273362.46,2
LTC,2022-07-17,55.1,55.71,18773548.1,14
MATIC,2022-07-17,0.7292,0.7525,112559332.48,10
SOL,2022-07-17,39.59,38.62,184619472.23,7
TON,2022-07-17,0.9425,0.9531,47242.13,15
TRX,2022-07-17,0.06894,0.06743,16916933.46,13
USDC,2022-07-17,1.0,1.0,25680.45,5
USDT,2022-07-17,1.0,0.9997,453061.39,3
XRP,2022-07-17,0.3505,0.3431,40533778.34,6
ADA,2022-07-18,0.4476,0.4909,146728354.02,8
AVAX,2022-07-18,20.61,23.97,87588734.11,12
BNB,2022-07-18,247.68,264.18,43068924.4,4
BTC,2022-07-18,20792.81,22447.39,1466428849.49,1
DOGE,2022-07-18,0.063,0.06754,51950743.91,10
DOT,2022-07-18,6.917,7.659,37847639.02,11
ETH,2022-07-18,1337.97,1583.55,1515087201.75,2
LTC,2022-07-18,55.71,58.62,28600768.96,14
MATIC,2022-07-18,0.7525,0.96,269885670.59,9
SOL,2022-07-18,38.62,43.54,293143493.11,7
TON,2022-07-18,0.9531,0.9637,50475.02,15
TRX,2022-07-18,0.06743,0.06884,26172946.72,13
USDC,2022-07-18,1.0,0.9999,66739.96,5
USDT,2022-07-18,0.9997,1.001,1029077.48,3
XRP,2022-07-18,0.3431,0.3653,79155115.08,6
ADA,2022-07-19,0.4909,0.5152,124986174.49,8
AVAX,2022-07-19,23.97,24.73,125370195.94,12
BNB,2022-07-19,264.18,268.68,43785936.18,4
BTC,2022-07-19,22447.39,23399.91,1796378775.92,1
DOGE,2022-07-19,0.06754,0.06906,46519930.49,10
DOT,2022-07-19,7.659,7.795,45704726.42,11
ETH,2022-07-19,1583.55,1543.12,1354213074.71,2
LTC,2022-07-19,58.62,57.92,28201202.86,14
MATIC,2022-07-19,0.96,0.9265,188198639.46,9
SOL,2022-07-19,43.54,44.88,435904062.55,7
TON,2022-07-19,0.9637,0.961,53033.48,15
TRX,2022-07-19,0.06884,0.0691,26747260.23,13
USDC,2022-07-19,0.9999,1.0,79215.91,5
USDT,2022-07-19,0.9993,1.0,79224.48,3
XRP,2022-07-19,0.3653,0.3731,83047054.45,6
ADA,2022-07-20,0.5152,0.491,131227319.79,8
AVAX,2022-07-20,24.73,23.58,109547470.18,12
BNB,2022-07-20,268.68,258.27,39792833.93,4
BTC,2022-07-20,23399.91,23222.77,1752951921.32,1
DOGE,2022-07-20,0.06906,0.07015,96129420.32,9
DOT,2022-07-20,7.795,7.466,40891237.37,11
ETH,2022-07-20,1543.12,1521.72,1024542971.16,2
LTC,2022-07-20,57.92,57.22,34307585.47,14
MATIC,2022-07-20,0.9265,0.832,211231083.06,10
SOL,2022-07-20,44.88,42.03,374790512.53,7
TON,2022-07-20,0.961,0.9401,47168.04,15
TRX,2022-07-20,0.0691,0.06753,23451303.3,13
USDC,2022-07-20,1.0,0.9997,74259.14,5
USDT,2022-07-20,1.0,1.0,74295.76,3
XRP,2022-07-20,0.3731,0.3632,80940645.74,6
ADA,2022-07-21,0.491,0.4996,77165356.25,8
AVAX,2022-07-21,23.58,25.01,63875179.23,12
BNB,2022-07-21,258.27,265.56,31662682.55,4
BTC,2022-07-21,23222.77,23153.54,1201004931.31,1
DOGE,2022-07-21,0.07015,0.07,36507099.23,9
DOT,2022-07-21,7.466,7.529,27042015.83,11
ETH,2022-07-21,1521.72,1575.68,847550503.86,2
LTC,2022-07-21,57.22,58.05,18520461.25,14
MATIC,2022-07-21,0.832,0.9056,145179811.79,10
SOL,2022-07-21,42.03,43.11,342856760.6,7
TON,2022-07-21,0.9401,0.9134,42534.83,15
TRX,2022-07-21,0.06753,0.06804,20123736.65,13
USDC,2022-07-21,0.9997,1.001,52492.19,5
USDT,2022-07-21,1.0,1.0,52465.89,3
XRP,2022-07-21,0.3632,0.3668,65557609.87,6
ADA,2022-07-22,0.4996,0.483,53114341.39,8
AVAX,2022-07-22,25.01,23.64,49097951.46,12
BNB,2022-07-22,265.56,262.59,34784462.18,4
BTC,2022-07-22,23153.54,22686.32,987692728.11,1
DOGE,2022-07-22,0.07,0.06746,31768579.71,9
DOT,2022-07-22,7.529,7.291,26001310.26,11
ETH,2022-07-22,1575.68,1535.71,840140414.82,2
LTC,2022-07-22,58.05,56.08,16620608.66,14
MATIC,2022-07-22,0.9056,0.8507,113597127.68,10
SOL,2022-07-22,43.11,40.55,240801245.97,7
TON,2022-07-22,0.9134,0.9106,40147.43,15
TRX,2022-07-22,0.06804,0.067,25082380.68,13
USDC,2022-07-22,1.001,1.0,42579.25,5
USDT,2022-07-22,1.0,1.0,42574.07,3
XRP,2022-07-22,0.3668,0.358,70499606.9,6
ADA,2022-07-23,0.483,0.517,55387219.76,7
AVAX,2022-07-23,23.64,23.62,31741142.22,12
BNB,2022-07-23,262.59,259.18,32218825.26,4
BTC,2022-07-23,22686.32,22452.14,577941932.27,1
DOGE,2022-07-23,0.06746,0.06805,22460296.94,9
DOT,2022-07-23,7.291,7.326,21566965.3,11
ETH,2022-07-23,1535.71,1549.19,446044212.66,2
LTC,2022-07-23,56.08,56.34,16150655.41,14
MATIC,2022-07-23,0.8507,0.8718,76423323.29,10
SOL,2022-07-23,40.55,39.98,158270986.48,8
TON,2022-07-23,0.9106,0.9107,47210.87,15
TRX,2022-07-23,0.067,0.06698,13561759.05,13
USDC,2022-07-23,1.0,1.0,25789.31,5
USDT,2022-07-23,1.0,1.0,25789.08,3
XRP,2022-07-23,0.358,0.3593,20476216.39,6
ADA,2022-07-24,0.517,0.5121,55286018.68,7
AVAX,2022-07-24,23.62,23.82,27599313.1,12
BNB,2022-07-24,259.18,261.35,22974509.49,4
BTC,2022-07-24,22452.14,22585.4,504031294.93,1
DOGE,2022-07-24,0.06805,0.06756,19897213.37,10
DOT,2022-07-24,7.326,7.398,18726924.51,11
ETH,2022-07-24,1549.19,1597.72,520874215.21,2
LTC,2022-07-24,56.34,58.4,14917080.84,14
MATIC,2022-07-24,0.8718,0.8797,82044730.12,9
SOL,2022-07-24,39.98,40.96,134443327.44,8
TON,2022-07-24,0.9107,0.9093,37842.89,15
TRX,2022-07-24,0.06698,0.06686,12723039.69,13
USDC,2022-07-24,1.0,1.0,22224.49,5
USDT,2022-07-24,1.0,1.0,325221.26,3
XRP,2022-07-24,0.3593,0.3586,23307360.17,6
ADA,2022-07-25,0.5121,0.4746,54821606.92,7
AVAX,2022-07-25,23.82,20.89,55301014.9,12
BNB,2022-07-25,261.35,244.33,31554543.79,4
BTC,2022-07-25,22585.4,21305.59,940453686.83,1
DOGE,2022-07-25,0.06756,0.06188,30982691.26,9
DOT,2022-07-25,7.398,6.75,30450873.24,11
ETH,2022-07-25,1597.72,1438.01,825050213.7,2
LTC,2022-07-25,58.4,53.95,17441929.09,14
MATIC,2022-07-25,0.8797,0.7689,111297482.29,10
SOL,2022-07-25,40.96,36.6,232877627.16,8
TON,2022-07-25,0.9093,0.859,41726.54,15
TRX,2022-07-25,0.06686,0.06369,18740509.88,13
USDC,2022-07-25,1.0,1.0,42938.45,5
USDT,2022-07-25,1.0,0.9997,42914.06,3
XRP,2022-07-25,0.3586,0.3359,70387903.74,6
ADA,2022-07-26,0.4746,0.4682,64110839.73,7
AVAX,2022-07-26,20.89,20.71,39485040.25,12
BNB,2022-07-26,244.33,249.43,23488433.11,4
BTC,2022-07-26,21305.59,21258.08,809969148.7,1
DOGE,2022-07-26,0.06188,0.06251,22776497.36,9
DOT,2022-07-26,6.75,6.783,27610348.54,11
ETH,2022-07-26,1438.01,1449.61,672687209.31,2
LTC,2022-07-26,53.95,53.87,15576016.31,14
MATIC,2022-07-26,0.7689,0.7837,95953646.03,10
SOL,2022-07-26,36.6,36.27,198100005.37,8
TON,2022-07-26,0.859,0.8291,35679.98,15
TRX,2022-07-26,0.06369,0.0654,15036430.1,13
USDC,2022-07-26,1.0,1.0,38542.52,5
USDT,2022-07-26,0.9997,1.0,38546.82,3
XRP,2022-07-26,0.3359,0.3375,68833718.98,6
ADA,2022-07-27,0.4682,0.5112,81461279.47,7
AVAX,2022-07-27,20.71,23.4,51510853.74,12
BNB,2022-07-27,249.43,271.71,48984285.93,4
BTC,2022-07-27,21258.08,22960.19,1159394788.9,1
DOGE,2022-07-27,0.06251,0.06723,33188918.23,10
DOT,2022-07-27,6.783,7.686,28154565.68,11
ETH,2022-07-27,1449.61,1636.88,1027698858.37,2
LTC,2022-07-27,53.87,59.03,21316359.11,14
MATIC,2022-07-27,0.7837,0.8975,155860731.33,9
SOL,2022-07-27,36.27,40.24,257042314.51,8
TON,2022-07-27,0.8291,0.8775,50420.3,15
TRX,2022-07-27,0.0654,0.0687,21048333.77,13
USDC,2022-07-27,1.0,1.0,52722.4,5
USDT,2022-07-27,1.0,1.0,52738.41,3
XRP,2022-07-27,0.3375,0.3595,71538796.27,6
ADA,2022-07-28,0.5112,0.5131,88838651.41,8
AVAX,2022-07-28,23.4,24.23,69487216.09,12
BNB,2022-07-28,271.71,277.34,39946368.77,4
BTC,2022-07-28,22960.19,23855.65,1303025378.67,1
DOGE,2022-07-28,0.06723,0.06913,52385442.53,10
DOT,2022-07-28,7.686,7.861,43592490.54,11
ETH,2022-07-28,1636.88,1725.82,1357299240.21,2
LTC,2022-07-28,59.03,63.45,34822500.06,14
MATIC,2022-07-28,0.8975,0.9346,207650669.51,9
SOL,2022-07-28,40.24,42.94,347674741.5,7
TON,2022-07-28,0.8775,0.8815,39588.04,15
TRX,2022-07-28,0.0687,0.06971,20344145.79,13
USDC,2022-07-28,1.0,1.0,55708.51,5
USDT,2022-07-28,1.001,1.0,807900.17,3
XRP,2022-07-28,0.3595,0.3739,81882430.1,6
ADA,2022-07-29,0.5131,0.5221,112667758.63,7
AVAX,2022-07-29,24.23,24.5,60729667.75,12
BNB,2022-07-29,277.34,293.85,78394739.33,4
BTC,2022-07-29,23855.65,23769.15,1011106548.39,1
DOGE,2022-07-29,0.06913,0.06878,58387583.78,10
DOT,2022-07-29,7.861,8.185,37030780.89,11
ETH,2022-07-29,1725.82,1722.28,957967061.54,2
LTC,2022-07-29,63.45,60.71,26069929.72,14
MATIC,2022-07-29,0.9346,0.9382,173479719.63,9
SOL,2022-07-29,42.94,41.93,273733162.38,8
TON,2022-07-29,0.8815,0.8999,39850.22,15
TRX,2022-07-29,0.06971,0.06924,24497369.54,13
USDC,2022-07-29,1.0,0.9995,42322.86,5
USDT,2022-07-29,1.0,0.9998,42336.07,3
XRP,2022-07-29,0.3739,0.368,96734169.53,6
ADA,2022-07-30,0.5221,0.5262,85561279.09,8
AVAX,2022-07-30,24.5,24.25,49733685.4,12
BNB,2022-07-30,293.85,287.81,46215371.91,4
BTC,2022-07-30,23769.15,23646.03,778025187.47,1
DOGE,2022-07-30,0.06878,0.06965,66943480.62,10
DOT,2022-07-30,8.185,8.211,31056126.3,11
ETH,2022-07-30,1722.28,1697.52,567955261.28,2
LTC,2022-07-30,60.71,60.47,30598546.44,14
MATIC,2022-07-30,0.9382,0.9308,96946554.57,9
SOL,2022-07-30,41.93,43.85,291756644.68,7
TON,2022-07-30,0.8999,0.9534,54094.53,15
TRX,2022-07-30,0.06924,0.06907,17369806.93,13
USDC,2022-07-30,0.9995,1.0,32275.9,5
USDT,2022-07-30,0.9998,1.0,32277.58,3
XRP,2022-07-30,0.368,0.3878,55164763.02,6
ADA,2022-07-31,0.5262,0.5166,54867820.37,7
AVAX,2022-07-31,24.25,23.74,34426363.33,12
BNB,2022-07-31,287.81,283.51,36856446.57,4
BTC,2022-07-31,23646.03,23308.14,545406548.92,1
DOGE,2022-07-31,0.06965,0.06811,36641772.27,10
DOT,2022-07-31,8.211,8.635,37126995.95,11
ETH,2022-07-31,1697.52,1679.55,424322605.22,2
LTC,2022-07-31,60.47,59.77,18961212.29,14
MATIC,2022-07-31,0.9308,0.9288,109990191.7,9
SOL,2022-07-31,43.85,42.37,180476118.33,8
TON,2022-07-31,0.9534,0.9806,43060.28,15
TRX,2022-07-31,0.06907,0.06887,13194390.55,13
USDC,2022-07-31,1.0,0.9997,23002.99,5
USDT,2022-07-31,1.0,1.0,23020.89,3
XRP,2022-07-31,0.3878,0.3793,32704091.25,6
ADA,2022-08-01,0.5166,0.5127,49185635.28,7
AVAX,2022-08-01,23.74,23.59,35726444.75,12
BNB,2022-08-01,283.51,283.5,32941028.3,4
BTC,2022-08-01,23308.14,23271.57,730342406.93,1
DOGE,2022-08-01,0.06811,0.06848,35499538.31,10
DOT,2022-08-01,8.635,8.183,34211185.82,11
ETH,2022-08-01,1679.55,1630.62,627822477.99,2
LTC,2022-08-01,59.77,59.47,24021537.25,14
MATIC,2022-08-01,0.9288,0.8919,96898063.26,9
SOL,2022-08-01,42.37,41.66,193723781.93,8
TON,2022-08-01,0.9806,0.953,49362.71,15
TRX,2022-08-01,0.06887,0.06994,14915592.35,13
USDC,2022-08-01,0.9998,1.0,379406.14,5
USDT,2022-08-01,1.0,1.001,31533.98,3
XRP,2022-08-01,0.3793,0.3794,74437859.57,6
ADA,2022-08-02,0.5127,0.4963,49011183.99,7
AVAX,2022-08-02,23.59,22.85,37743101.81,12
BNB,2022-08-02,283.5,283.71,30451865.13,4
BTC,2022-08-02,23271.57,22991.49,787698099.6,1
DOGE,2022-08-02,0.06848,0.06653,21802866.82,10
DOT,2022-08-02,8.183,7.931,37507653.25,11
ETH,2022-08-02,1630.62,1631.11,720425386.6,2
LTC,2022-08-02,59.47,58.1,21874960.08,14
MATIC,2022-08-02,0.8919,0.8766,77572218.4,9
SOL,2022-08-02,41.66,39.75,199670615.92,8
TON,2022-08-02,0.953,0.9367,39347.13,15
TRX,2022-08-02,0.06994,0.0683,17875495.94,13
USDC,2022-08-02,1.0,1.0,446055.45,5
USDT,2022-08-02,1.001,1.002,34324.09,3
XRP,2022-08-02,0.3794,0.3712,76994200.15,6
ADA,2022-08-03,0.4963,0.5008,38492893.43,7
AVAX,2022-08-03,22.85,23.04,33326983.86,12
BNB,2022-08-03,283.71,298.25,28621379.3,4
BTC,2022-08-03,22991.49,22825.25,1039306431.63,1
DOGE,2022-08-03,0.06653,0.06625,18717628.87,10
DOT,2022-08-03,7.931,8.003,38748157.06,11
ETH,2022-08-03,1631.11,1618.68,761209687.44,2
LTC,2022-08-03,58.1,57.77,16953753.13,14
MATIC,2022-08-03,0.8766,0.8888,55465052.08,9
SOL,2022-08-03,39.75,38.57,378853156.74,8
TON,2022-08-03,0.9367,0.9523,50417.67,15
TRX,2022-08-03,0.0683,0.06778,11083409.05,13
USDC,2022-08-03,1.0,1.0,44759.4,5
USDT,2022-08-03,1.002,0.9996,44739.0,3
XRP,2022-08-03,0.3712,0.3697,63545072.83,6
ADA,2022-08-04,0.5008,0.4997,31138125.47,7
AVAX,2022-08-04,23.04,23.36,26569743.25,12
BNB,2022-08-04,298.25,311.87,34633829.69,4
BTC,2022-08-04,22825.25,22622.99,835033359.1,1
DOGE,2022-08-04,0.06625,0.06725,13934715.34,10
DOT,2022-08-04,8.003,8.093,18319784.05,11
ETH,2022-08-04,1618.68,1607.96,741257669.99,2
LTC,2022-08-04,57.77,59.7,16561589.96,14
MATIC,2022-08-04,0.8888,0.8916,39350608.8,9
SOL,2022-08-04,38.57,38.82,142196402.48,8
TON,2022-08-04,0.9523,0.9576,43731.97,15
TRX,2022-08-04,0.06778,0.06889,12256596.24,13
USDC,2022-08-04,1.0,1.0,36544.21,5
USDT,2022-08-04,0.9996,1.0,36540.61,3
XRP,2022-08-04,0.3697,0.3711,44806047.12,6
ADA,2022-08-05,0.4997,0.5176,35012137.01,7
AVAX,2022-08-05,23.36,24.97,45974973.55,12
BNB,2022-08-05,311.87,315.95,41025869.5,4
BTC,2022-08-05,22622.99,23319.22,1166014614.12,1
DOGE,2022-08-05,0.06725,0.06979,22782791.47,10
DOT,2022-08-05,8.093,8.806,31297664.62,11
ETH,2022-08-05,1607.96,1736.78,1128383162.41,2
LTC,2022-08-05,59.7,62.48,17270507.92,14
MATIC,2022-08-05,0.8916,0.9277,59263476.72,9
SOL,2022-08-05,38.82,40.56,181940041.66,8
TON,2022-08-05,0.9576,1.045,51450.02,15
TRX,2022-08-05,0.06889,0.06989,10351798.09,13
USDC,2022-08-05,1.0,1.0,50498.07,5
USDT,2022-08-05,1.0,1.0,50497.88,3
XRP,2022-08-05,0.3711,0.3764,83843571.46,6
ADA,2022-08-06,0.5176,0.5113,27610227.3,7
AVAX,2022-08-06,24.97,26.65,47616969.34,12
BNB,2022-08-06,315.95,315.31,29216843.53,4
BTC,2022-08-06,23319.22,22956.4,400822462.12,1
DOGE,2022-08-06,0.06979,0.06864,18423825.82,10
DOT,2022-08-06,8.806,8.522,25286419.62,11
ETH,2022-08-06,1736.78,1690.67,660571163.49,2
LTC,2022-08-06,62.48,60.87,9219945.4,14
MATIC,2022-08-06,0.9277,0.9078,45115211.87,9
SOL,2022-08-06,40.56,40.07,80062849.21,8
TON,2022-08-06,1.045,1.105,47169.68,15
TRX,2022-08-06,0.06989,0.06947,6891633.07,13
USDC,2022-08-06,0.9998,1.0,384132.02,5
USDT,2022-08-06,1.008,1.002,384869.71,3
XRP,2022-08-06,0.3764,0.3714,13210684.85,6
ADA,2022-08-07,0.5113,0.5276,36776257.58,7
AVAX,2022-08-07,26.65,27.9,48255401.66,12
BNB,2022-08-07,315.31,322.79,30509423.65,4
BTC,2022-08-07,22956.4,23179.86,388274452.92,1
DOGE,2022-08-07,0.06864,0.06896,12619543.92,10
DOT,2022-08-07,8.522,8.655,23695991.87,11
ETH,2022-08-07,1690.67,1700.54,447819960.84,2
LTC,2022-08-07,60.87,61.12,11289568.86,14
MATIC,2022-08-07,0.9078,0.9071,28814445.68,9
SOL,2022-08-07,40.07,40.62,89752298.46,8
TON,2022-08-07,1.105,1.111,37357.33,15
TRX,2022-08-07,0.06947,0.06962,6523032.33,13
USDC,2022-08-07,0.9999,1.0,16807.14,5
USDT,2022-08-07,1.002,1.001,264215.37,3
XRP,2022-08-07,0.3714,0.3723,18151797.08,6
ADA,2022-08-08,0.5276,0.5371,55902794.6,7
AVAX,2022-08-08,27.9,27.94,73507102.62,12
BNB,2022-08-08,322.79,325.04,45936546.42,4
BTC,2022-08-08,23179.86,23817.72,976262666.12,1
DOGE,2022-08-08,0.06896,0.07013,30008386.92,11
DOT,2022-08-08,8.655,9.275,40386380.97,9
ETH,2022-08-08,1700.54,1777.99,981265580.22,2
LTC,2022-08-08,61.12,62.63,19803708.55,14
MATIC,2022-08-08,0.9071,0.9223,45604928.74,10
SOL,2022-08-08,40.62,42.22,175894096.95,8
TON,2022-08-08,1.111,1.199,43879.83,15
TRX,2022-08-08,0.06962,0.07013,8819191.7,13
USDC,2022-08-08,1.0,1.0,40878.52,5
USDT,2022-08-08,1.001,1.002,556304.0,3
XRP,2022-08-08,0.3723,0.3788,66360558.79,6
ADA,2022-08-09,0.5371,0.5131,45824909.36,7
AVAX,2022-08-09,27.94,27.42,58905971.31,12
BNB,2022-08-09,325.04,324.59,35205874.82,4
BTC,2022-08-09,23817.72,23156.66,894336181.98,1
DOGE,2022-08-09,0.07013,0.06906,45592332.29,9
DOT,2022-08-09,9.275,8.906,27449414.62,11
ETH,2022-08-09,1777.99,1703.41,898080190.62,2
LTC,2022-08-09,62.63,59.21,20251072.14,14
MATIC,2022-08-09,0.9223,0.8913,49681859.28,10
SOL,2022-08-09,42.22,40.35,154605679.0,8
TON,2022-08-09,1.199,1.23,42486.31,15
TRX,2022-08-09,0.07013,0.06839,11597600.37,13
USDC,2022-08-09,1.0,1.0,38306.87,5
USDT,2022-08-09,1.002,1.001,523739.57,3
XRP,2022-08-09,0.3788,0.3675,57152744.5,6
ADA,2022-08-10,0.5131,0.5376,69050704.82,7
AVAX,2022-08-10,27.42,29.17,69482853.77,12
BNB,2022-08-10,324.59,328.9,60996723.36,4
BTC,2022-08-10,23156.66,23959.67,1241926276.36,1
DOGE,2022-08-10,0.06906,0.07128,33622144.82,11
DOT,2022-08-10,8.906,9.525,36287865.77,9
ETH,2022-08-10,1703.41,1854.05,1352776291.18,2
LTC,2022-08-10,59.21,61.61,24964972.77,14
MATIC,2022-08-10,0.8913,0.9385,67236259.67,10
SOL,2022-08-10,40.35,42.48,217289355.28,8
TON,2022-08-10,1.23,1.221,51312.0,15
TRX,2022-08-10,0.06839,0.07034,10423135.94,13
USDC,2022-08-10,1.0,1.001,758361.15,5
USDT,2022-08-10,1.001,1.0,757657.53,3
XRP,2022-08-10,0.3675,0.3815,64947997.71,6
ADA,2022-08-11,0.5376,0.5306,56648501.67,7
AVAX,2022-08-11,29.17,28.55,51718445.2,12
BNB,2022-08-11,328.9,323.9,40022859.72,4
BTC,2022-08-11,23959.67,23943.36,1338354341.04,1
DOGE,2022-08-11,0.07128,0.0709,34858776.87,9
DOT,2022-08-11,9.525,9.205,29317407.56,11
ETH,2022-08-11,1854.05,1881.06,1341570228.57,2
LTC,2022-08-11,61.61,61.89,19883586.64,14
MATIC,2022-08-11,0.9385,0.9217,50961542.87,10
SOL,2022-08-11,42.48,42.8,225182358.01,8
TON,2022-08-11,1.221,1.215,41326.94,15
TRX,2022-08-11,0.07034,0.07037,10719640.66,13
USDC,2022-08-11,1.001,1.002,709147.13,5
USDT,2022-08-11,1.0,1.001,708788.57,3
XRP,2022-08-11,0.3815,0.3803,58995333.87,6
ADA,2022-08-12,0.5306,0.5407,31592672.38,8
AVAX,2022-08-12,28.55,29.34,29007788.44,12
BNB,2022-08-12,323.9,328.24,34541546.52,4
BTC,2022-08-12,23943.36,24412.17,816924712.5,1
DOGE,2022-08-12,0.0709,0.07234,19591934.46,10
DOT,2022-08-12,9.205,9.483,30319577.03,9
ETH,2022-08-12,1881.06,1959.26,824715568.77,2
LTC,2022-08-12,61.89,62.96,15155347.15,14
MATIC,2022-08-12,0.9217,0.935,36313835.13,11
SOL,2022-08-12,42.8,45.52,176927290.68,7
TON,2022-08-12,1.215,1.312,63478.33,15
TRX,2022-08-12,0.07037,0.07046,9572971.73,13
USDC,2022-08-12,1.002,0.9984,432935.84,5
USDT,2022-08-12,1.001,1.001,433921.98,3
XRP,2022-08-12,0.3803,0.3798,78713523.68,6
ADA,2022-08-13,0.5407,0.5597,65737154.3,8
AVAX,2022-08-13,29.34,29.17,38419275.79,12
BNB,2022-08-13,328.24,324.29,31346677.11,4
BTC,2022-08-13,24412.17,24449.86,710217434.56,1
DOGE,2022-08-13,0.07234,0.07296,31599258.88,10
DOT,2022-08-13,9.483,9.309,21067306.23,11
ETH,2022-08-13,1959.26,1984.29,800730150.33,2
LTC,2022-08-13,62.96,63.84,17313325.76,14
MATIC,2022-08-13,0.935,1.026,124442197.22,9
SOL,2022-08-13,45.52,46.6,219363805.47,6
TON,2022-08-13,1.312,1.269,47564.64,15
TRX,2022-08-13,0.07046,0.06995,9325626.06,13
USDC,2022-08-13,0.9984,1.001,403772.37,5
USDT,2022-08-13,1.001,1.002,404139.41,3
XRP,2022-08-13,0.3798,0.378,15468804.67,7
ADA,2022-08-14,0.5597,0.57,81587056.53,6
AVAX,2022-08-14,29.17,28.18,30908735.27,12
BNB,2022-08-14,324.29,317.75,30855378.19,4
BTC,2022-08-14,24449.86,24313.71,886604908.12,1
DOGE,2022-08-14,0.07296,0.08168,119670248.3,9
DOT,2022-08-14,9.309,8.955,29237187.98,11
ETH,2022-08-14,1984.29,1936.02,734838036.93,2
LTC,2022-08-14,63.84,63.16,17776024.28,14
MATIC,2022-08-14,1.026,1.001,62127317.82,10
SOL,2022-08-14,46.6,44.87,179155327.46,8
TON,2022-08-14,1.269,1.262,52701.39,15
TRX,2022-08-14,0.06995,0.07037,14320647.71,13
USDC,2022-08-14,1.001,1.0,372799.32,5
USDT,2022-08-14,1.0,1.0,36048.2,3
XRP,2022-08-14,0.378,0.3756,23752059.3,7
ADA,2022-08-15,0.57,0.5501,67155835.83,7
AVAX,2022-08-15,28.18,27.89,37527305.63,12
BNB,2022-08-15,317.75,319.58,40986222.42,4
BTC,2022-08-15,24313.71,24101.69,1331189946.12,1
DOGE,2022-08-15,0.08168,0.07665,73437905.83,9
DOT,2022-08-15,8.955,8.787,32804173.04,11
ETH,2022-08-15,1936.02,1899.64,1291080609.46,2
LTC,2022-08-15,63.16,60.71,23948511.21,14
MATIC,2022-08-15,1.001,0.9511,90341520.86,10
SOL,2022-08-15,44.87,43.73,239639071.47,8
TON,2022-08-15,1.262,1.248,51347.47,15
TRX,2022-08-15,0.07037,0.06887,13780080.1,13
USDC,2022-08-15,1.0,0.9996,672162.79,5
USDT,2022-08-15,1.0,1.0,54766.45,3
XRP,2022-08-15,0.3756,0.3751,61722740.92,6
ADA,2022-08-16,0.5501,0.5571,47958101.27,7
AVAX,2022-08-16,27.89,27.12,35149112.48,12
BNB,2022-08-16,319.58,316.17,30065359.59,4
BTC,2022-08-16,24101.69,23858.64,874700819.79,1
DOGE,2022-08-16,0.07665,0.08679,170166941.1,9
DOT,2022-08-16,8.787,8.841,32805074.64,11
ETH,2022-08-16,1899.64,1877.16,938206003.68,2
LTC,2022-08-16,60.71,61.33,17996008.01,14
MATIC,2022-08-16,0.9511,0.9349,54213648.99,10
SOL,2022-08-16,43.73,43.09,185850223.36,8
TON,2022-08-16,1.248,1.254,128106.02,15
TRX,2022-08-16,0.06887,0.06973,13186089.15,13
USDC,2022-08-16,0.9996,0.9999,498149.61,5
USDT,2022-08-16,1.0,1.001,498611.74,3
XRP,2022-08-16,0.3751,0.377,72053988.71,6
ADA,2022-08-17,0.5571,0.5384,96274603.38,7
AVAX,2022-08-17,27.12,25.56,33208687.79,12
BNB,2022-08-17,316.17,306.88,39670296.94,4
BTC,2022-08-17,23858.64,23338.03,1079499588.63,1
DOGE,2022-08-17,0.08679,0.08015,91640472.36,9
DOT,2022-08-17,8.841,8.369,35125577.22,11
ETH,2022-08-17,1877.16,1834.04,1267374734.89,2
LTC,2022-08-17,61.33,60.47,26690224.23,14
MATIC,2022-08-17,0.9349,0.8844,68984357.27,10
SOL,2022-08-17,43.09,40.53,267927195.48,8
TON,2022-08-17,1.254,1.187,71813.57,15
TRX,2022-08-17,0.06973,0.0683,12022548.1,13
USDC,2022-08-17,1.001,1.0,45577.26,5
USDT,2022-08-17,1.001,1.0,678629.13,3
XRP,2022-08-17,0.377,0.3794,83602278.28,6
ADA,2022-08-18,0.5384,0.512,46830998.44,7
AVAX,2022-08-18,25.56,24.19,28328128.97,12
BNB,2022-08-18,306.88,298.11,53924303.54,4
BTC,2022-08-18,23338.03,23201.51,582346641.96,1
DOGE,2022-08-18,0.08015,0.07477,49112533.31,9
DOT,2022-08-18,8.369,8.082,24614801.14,11
ETH,2022-08-18,1834.04,1846.36,742010328.68,2
LTC,2022-08-18,60.47,60.02,17214118.94,14
MATIC,2022-08-18,0.8844,0.8572,37910127.64,10
SOL,2022-08-18,40.53,39.51,166606355.75,8
TON,2022-08-18,1.187,1.248,87250.18,15
TRX,2022-08-18,0.0683,0.06738,11851944.15,13
USDC,2022-08-18,1.0,0.9998,24883.45,5
USDT,2022-08-18,1.0,0.9999,399054.11,3
XRP,2022-08-18,0.3794,0.3703,76360490.49,6
ADA,2022-08-19,0.512,0.4503,133276704.01,7
AVAX,2022-08-19,24.19,22.44,82875657.6,12
BNB,2022-08-19,298.11,279.11,49892070.4,4
BTC,2022-08-19,23201.51,20833.43,1770449474.07,1
DOGE,2022-08-19,0.07477,0.06778,74632298.57,9
DOT,2022-08-19,8.082,7.308,43591474.09,11
ETH,2022-08-19,1846.36,1609.05,1847934898.07,2
LTC,2022-08-19,60.02,54.02,29136553.0,14
MATIC,2022-08-19,0.8572,0.7696,95688240.88,10
SOL,2022-08-19,39.51,35.82,356383614.11,8
TON,2022-08-19,1.248,1.151,68735.54,15
TRX,2022-08-19,0.06738,0.06406,15185822.81,13
USDC,2022-08-19,0.9998,1.0,81703.25,5
USDT,2022-08-19,0.9999,0.9997,1076360.98,3
XRP,2022-08-19,0.3703,0.3345,110887366.9,6
ADA,2022-08-20,0.4503,0.4512,64346952.3,7
AVAX,2022-08-20,22.44,22.3,37902890.17,12
BNB,2022-08-20,279.11,283.64,25506495.65,4
BTC,2022-08-20,20833.43,21142.06,803223608.15,1
DOGE,2022-08-20,0.06778,0.06934,40883455.44,9
DOT,2022-08-20,7.308,7.228,20783109.52,11
ETH,2022-08-20,1609.05,1575.73,1089158535.71,2
LTC,2022-08-20,54.02,54.11,20764769.39,14
MATIC,2022-08-20,0.7696,0.7862,64830096.23,10
SOL,2022-08-20,35.82,35.28,233598721.55,8
TON,2022-08-20,1.151,1.165,52974.34,15
TRX,2022-08-20,0.06406,0.06579,9403358.66,13
USDC,2022-08-20,1.0,1.0,38012.87,5
USDT,2022-08-20,0.9997,0.9995,678232.43,3
XRP,2022-08-20,0.3345,0.3369,24344476.8,6
ADA,2022-08-21,0.4512,0.4626,50427350.2,7
AVAX,2022-08-21,22.3,22.97,26245531.56,12
BNB,2022-08-21,283.64,301.88,33719267.8,4
BTC,2022-08-21,21142.06,21514.79,650828688.99,1
DOGE,2022-08-21,0.06934,0.06933,28731119.19,9
DOT,2022-08-21,7.228,7.435,16339743.44,11
ETH,2022-08-21,1575.73,1617.86,910431597.18,2
LTC,2022-08-21,54.11,55.62,11680357.77,14
MATIC,2022-08-21,0.7862,0.8204,44983553.16,10
SOL,2022-08-21,35.28,36.48,186550916.92,8
TON,2022-08-21,1.165,1.156,41649.48,15
TRX,2022-08-21,0.06579,0.06589,9151223.28,13
USDC,2022-08-21,1.0,0.9999,30410.51,5
USDT,2022-08-21,0.9995,0.9998,565911.83,3
XRP,2022-08-21,0.3369,0.3447,28734151.93,6
ADA,2022-08-22,0.4626,0.4615,57037366.14,7
AVAX,2022-08-22,22.97,22.56,25036531.88,12
BNB,2022-08-22,301.88,299.91,38866690.8,4
BTC,2022-08-22,21514.79,21399.66,940511413.54,1
DOGE,2022-08-22,0.06933,0.0684,31486479.51,9
DOT,2022-08-22,7.435,7.403,19862292.36,11
ETH,2022-08-22,1617.86,1624.65,1182900442.15,2
LTC,2022-08-22,55.62,57.27,25095183.09,14
MATIC,2022-08-22,0.8204,0.8098,39231845.9,10
SOL,2022-08-22,36.48,35.42,209820727.4,8
TON,2022-08-22,1.156,1.261,75741.55,15
TRX,2022-08-22,0.06589,0.06562,9947499.07,13
USDC,2022-08-22,0.9998,0.9998,750897.01,5
USDT,2022-08-22,0.9998,0.9994,750550.59,3
XRP,2022-08-22,0.3447,0.3439,79308995.68,6
ADA,2022-08-23,0.4615,0.4653,34228985.14,7
AVAX,2022-08-23,22.56,23.5,25054871.1,12
BNB,2022-08-23,299.91,299.15,39178488.27,4
BTC,2022-08-23,21399.66,21520.62,879396196.46,1
DOGE,2022-08-23,0.0684,0.06877,20680095.85,9
DOT,2022-08-23,7.403,7.635,17918784.67,11
ETH,2022-08-23,1624.65,1664.76,1062895745.35,2
LTC,2022-08-23,57.27,57.08,16461413.25,14
MATIC,2022-08-23,0.8098,0.8315,45786858.96,10
SOL,2022-08-23,35.42,35.65,134404383.55,8
TON,2022-08-23,1.261,1.311,90927.36,15
TRX,2022-08-23,0.06562,0.0663,15541681.54,13
USDC,2022-08-23,0.9995,0.9999,41082.48,5
USDT,2022-08-23,0.9994,0.9998,652723.89,3
XRP,2022-08-23,0.3439,0.347,72120155.23,6
ADA,2022-08-24,0.4653,0.4576,33251372.91,7
AVAX,2022-08-24,23.5,23.01,21140889.99,12
BNB,2022-08-24,299.15,296.34,28124487.56,4
BTC,2022-08-24,21520.62,21369.05,912147556.2,1
DOGE,2022-08-24,0.06877,0.0679,21007454.39,9
DOT,2022-08-24,7.635,7.565,16530191.75,11
ETH,2022-08-24,1664.76,1656.52,1100702910.25,2
LTC,2022-08-24,57.08,56.44,20496911.84,14
MATIC,2022-08-24,0.8315,0.8135,40683700.59,10
SOL,2022-08-24,35.65,34.88,138243611.99,8
TON,2022-08-24,1.311,1.288,51354.9,15
TRX,2022-08-24,0.0663,0.0648,12959959.7,13
USDC,2022-08-24,0.9999,0.9999,42420.87,5
USDT,2022-08-24,0.9998,1.0,666437.29,3
XRP,2022-08-24,0.347,0.3455,66868523.28,6
ADA,2022-08-25,0.4576,0.4643,40170702.21,7
AVAX,2022-08-25,23.01,22.99,18505557.78,12
BNB,2022-08-25,296.34,301.46,32097742.22,4
BTC,2022-08-25,21369.05,21565.47,674553131.93,1
DOGE,2022-08-25,0.0679,0.06902,25413694.14,9
DOT,2022-08-25,7.565,7.583,14499079.73,11
ETH,2022-08-25,1656.52,1695.85,765141174.18,2
LTC,2022-08-25,56.44,56.67,14922370.44,14
MATIC,2022-08-25,0.8135,0.819,34410899.14,10
SOL,2022-08-25,34.88,35.28,122066673.69,8
TON,2022-08-25,1.288,1.525,139139.85,15
TRX,2022-08-25,0.0648,0.0655,8201791.1,13
USDC,2022-08-25,0.9999,0.9998,31210.13,5
USDT,2022-08-25,1.0,1.0,451091.19,3
XRP,2022-08-25,0.3455,0.3494,71503113.82,6
ADA,2022-08-26,0.4643,0.4317,95346921.37,7
AVAX,2022-08-26,22.99,20.67,38287868.01,12
BNB,2022-08-26,301.46,279.53,37981598.79,4
BTC,2022-08-26,21565.47,20247.99,1564850841.73,1
DOGE,2022-08-26,0.06902,0.06354,43240858.73,9
DOT,2022-08-26,7.583,6.925,22945471.93,11
ETH,2022-08-26,1695.85,1508.09,1511768507.05,2
LTC,2022-08-26,56.67,52.7,20983966.63,14
MATIC,2022-08-26,0.819,0.7659,87206873.86,10
SOL,2022-08-26,35.28,31.73,194756458.15,8
TON,2022-08-26,1.525,1.344,54629.55,15
TRX,2022-08-26,0.0655,0.06157,17500380.94,13
USDC,2022-08-26,0.9998,1.0,74203.15,5
USDT,2022-08-26,1.0,1.0,74200.62,3
XRP,2022-08-26,0.3494,0.339,108250039.87,6
ADA,2022-08-27,0.4317,0.4499,53875011.99,7
AVAX,2022-08-27,20.67,20.03,25911577.57,12
BNB,2022-08-27,279.53,277.81,20566464.48,4
BTC,2022-08-27,20247.99,20038.42,774590756.91,1
DOGE,2022-08-27,0.06354,0.06351,23006490.84,9
DOT,2022-08-27,6.925,7.043,19084212.61,11
ETH,2022-08-27,1508.09,1491.26,828407067.63,2
LTC,2022-08-27,52.7,53.03,19873399.44,14
MATIC,2022-08-27,0.7659,0.8053,57827979.34,10
SOL,2022-08-27,31.73,31.52,105747616.3,8
TON,2022-08-27,1.344,1.342,45734.51,15
TRX,2022-08-27,0.06157,0.0629,10220967.98,13
USDC,2022-08-27,1.0,1.0,38547.28,5
USDT,2022-08-27,0.9997,1.0,556339.4,3
XRP,2022-08-27,0.339,0.3347,28393274.34,6
ADA,2022-08-28,0.4499,0.4291,37246401.81,7
AVAX,2022-08-28,20.03,18.52,36375965.48,12
BNB,2022-08-28,277.81,276.36,16872650.99,4
BTC,2022-08-28,20038.42,19554.08,597441164.24,1
DOGE,2022-08-28,0.06351,0.0618,17660218.24,9
DOT,2022-08-28,7.043,6.859,11877156.33,11
ETH,2022-08-28,1491.26,1426.4,630935011.23,2
LTC,2022-08-28,53.03,53.37,21649318.61,14
MATIC,2022-08-28,0.8053,0.7823,52442927.21,10
SOL,2022-08-28,31.52,30.43,82749619.61,8
TON,2022-08-28,1.342,1.328,47988.74,15
TRX,2022-08-28,0.0629,0.06141,7044391.51,13
USDC,2022-08-28,1.0,0.9998,29978.84,5
USDT,2022-08-28,1.0,0.9997,426956.89,3
XRP,2022-08-28,0.3347,0.3222,21504103.53,6
ADA,2022-08-29,0.4291,0.4505,39703013.79,7
AVAX,2022-08-29,18.52,19.33,55070544.17,12
BNB,2022-08-29,276.36,286.02,34358714.92,4
BTC,2022-08-29,19554.08,20292.37,1043661877.31,1
DOGE,2022-08-29,0.0618,0.06386,18227997.93,9
DOT,2022-08-29,6.859,7.276,20269435.35,11
ETH,2022-08-29,1426.4,1552.4,1049519720.22,2
LTC,2022-08-29,53.37,55.79,20134879.91,14
MATIC,2022-08-29,0.7823,0.817,53656367.35,10
SOL,2022-08-29,30.43,32.43,152752700.49,8
TON,2022-08-29,1.328,1.396,49958.08,15
TRX,2022-08-29,0.06141,0.06337,9741382.45,13
USDC,2022-08-29,0.9998,1.0,52185.75,5
USDT,2022-08-29,0.9997,1.0,705203.09,3
XRP,2022-08-29,0.3222,0.3338,75981249.97,6
ADA,2022-08-30,0.4505,0.4529,46113578.01,7
AVAX,2022-08-30,19.33,19.38,53792948.49,13
BNB,2022-08-30,286.02,281.52,39000550.23,4
BTC,2022-08-30,20292.37,19813.51,1405744450.56,1
DOGE,2022-08-30,0.06386,0.06153,19442836.89,10
DOT,2022-08-30,7.276,7.007,18282173.22,11
ETH,2022-08-30,1552.4,1524.62,1220810502.07,2
LTC,2022-08-30,55.79,53.0,17706483.66,14
MATIC,2022-08-30,0.817,0.8149,55284461.75,9
SOL,2022-08-30,32.43,31.47,143680750.41,8
TON,2022-08-30,1.396,1.454,53477.19,15
TRX,2022-08-30,0.06337,0.06473,14751566.86,12
USDC,2022-08-30,1.0,1.001,70119.43,5
USDT,2022-08-30,1.0,1.0,70077.37,3
XRP,2022-08-30,0.3338,0.3266,86075748.23,6
ADA,2022-08-31,0.4529,0.446,39511542.43,7
AVAX,2022-08-31,19.38,19.14,34729934.25,12
BNB,2022-08-31,281.52,279.12,53824871.33,4
BTC,2022-08-31,19813.51,20050.28,1165077708.26,1
DOGE,2022-08-31,0.06153,0.06136,19440626.47,10
DOT,2022-08-31,7.007,7.033,17833571.75,11
ETH,2022-08-31,1524.62,1554.16,1107751190.46,2
LTC,2022-08-31,53.0,53.84,16940300.94,14
MATIC,2022-08-31,0.8149,0.8325,54316067.23,9
SOL,2022-08-31,31.47,31.49,126520798.33,8
TON,2022-08-31,1.454,1.486,55081.56,15
TRX,2022-08-31,0.06473,0.06339,6538723.17,13
USDC,2022-08-31,1.001,1.0,57710.51,5
USDT,2022-08-31,1.0,1.0,57692.17,3
XRP,2022-08-31,0.3266,0.3277,68165835.42,6
ADA,2022-09-01,0.446,0.4575,34303279.49,7
AVAX,2022-09-01,19.14,19.31,27868576.31,12
BNB,2022-09-01,279.12,278.27,42739093.57,4
BTC,2022-09-01,20050.28,20129.93,896421556.74,1
DOGE,2022-09-01,0.06136,0.06237,20231799.87,10
DOT,2022-09-01,7.033,7.178,16683073.86,11
ETH,2022-09-01,1554.16,1585.98,752412872.72,2
LTC,2022-09-01,53.84,57.57,28927125.99,14
MATIC,2022-09-01,0.8325,0.8846,71190029.72,9
SOL,2022-09-01,31.49,31.6,103469678.71,8
TON,2022-09-01,1.486,1.484,49795.81,15
TRX,2022-09-01,0.06339,0.06328,5793276.95,13
USDC,2022-09-01,1.0,1.0,44976.09,5
USDT,2022-09-01,1.0,0.9999,44967.31,3
XRP,2022-09-01,0.3277,0.3331,73698578.73,6
ADA,2022-09-02,0.4575,0.4544,33798269.19,7
AVAX,2022-09-02,19.31,18.87,20268196.34,12
BNB,2022-09-02,278.27,277.45,28199210.58,4
BTC,2022-09-02,20129.93,19957.44,836881983.68,1
DOGE,2022-09-02,0.06237,0.06166,16300584.55,10
DOT,2022-09-02,7.178,7.299,20071343.39,11
ETH,2022-09-02,1585.98,1575.91,822062063.91,2
LTC,2022-09-02,57.57,61.02,35501402.43,14
MATIC,2022-09-02,0.8846,0.8719,65963837.67,9
SOL,2022-09-02,31.6,31.24,102876754.83,8
TON,2022-09-02,1.484,1.461,54655.55,15
TRX,2022-09-02,0.06328,0.0626,4811472.45,13
USDC,2022-09-02,1.0,1.0,41628.34,5
USDT,2022-09-02,0.9999,1.0,41629.97,3
XRP,2022-09-02,0.3331,0.3313,91023571.08,6
ADA,2022-09-03,0.4544,0.4803,52940913.67,7
AVAX,2022-09-03,18.87,18.9,9345573.01,13
BNB,2022-09-03,277.45,277.89,11447295.23,4
BTC,2022-09-03,19957.44,19834.79,339922228.57,1
DOGE,2022-09-03,0.06166,0.06272,17939220.32,10
DOT,2022-09-03,7.299,7.288,10915334.43,11
ETH,2022-09-03,1575.91,1557.54,318389181.65,2
LTC,2022-09-03,61.02,60.18,22880621.39,14
MATIC,2022-09-03,0.8719,0.8892,30119147.1,9
SOL,2022-09-03,31.24,31.11,43985812.65,8
TON,2022-09-03,1.461,1.48,49978.84,15
TRX,2022-09-03,0.0626,0.0631,2338291.41,12
USDC,2022-09-03,1.0,1.0,17140.5,5
USDT,2022-09-03,1.0,1.0,17141.18,3
XRP,2022-09-03,0.3313,0.3296,18237405.31,6
ADA,2022-09-04,0.4803,0.5035,54842220.23,6
AVAX,2022-09-04,18.9,19.01,11690424.19,13
BNB,2022-09-04,277.89,279.13,16558525.95,4
BTC,2022-09-04,19834.79,20003.46,387149235.82,1
DOGE,2022-09-04,0.06272,0.06323,13960409.91,10
DOT,2022-09-04,7.288,7.374,13239992.07,11
ETH,2022-09-04,1557.54,1579.06,251366855.06,2
LTC,2022-09-04,60.18,60.92,15973801.12,14
MATIC,2022-09-04,0.8892,0.8951,26153888.72,9
SOL,2022-09-04,31.11,32.16,48180064.49,8
TON,2022-09-04,1.48,1.481,49739.21,15
TRX,2022-09-04,0.0631,0.06351,3098906.34,12
USDC,2022-09-04,1.0,1.0,19538.16,5
USDT,2022-09-04,1.0,1.0,19536.92,3
XRP,2022-09-04,0.3296,0.3317,19964512.01,7
ADA,2022-09-05,0.5035,0.4987,31312034.37,7
AVAX,2022-09-05,19.01,19.44,14426004.65,12
BNB,2022-09-05,279.13,276.87,35208814.44,4
BTC,2022-09-05,20003.46,19793.29,518213568.45,1
DOGE,2022-09-05,0.06323,0.06274,14416692.58,10
DOT,2022-09-05,7.374,7.367,21097918.53,11
ETH,2022-09-05,1579.06,1617.5,481845237.91,2
LTC,2022-09-05,60.92,60.36,19937846.47,14
MATIC,2022-09-05,0.8951,0.8819,31866169.03,9
SOL,2022-09-05,32.16,32.17,73067891.67,8
TON,2022-09-05,1.481,1.696,73400.84,15
TRX,2022-09-05,0.06351,0.06295,4664978.04,13
USDC,2022-09-05,1.0,1.0,26178.11,5
USDT,2022-09-05,1.0,0.9999,26174.65,3
XRP,2022-09-05,0.3317,0.3328,74829574.1,6
ADA,2022-09-06,0.4987,0.4625,72531256.44,7
AVAX,2022-09-06,19.44,18.21,34279321.48,12
BNB,2022-09-06,276.87,262.3,51004490.69,4
BTC,2022-09-06,19793.29,18791.95,1428040857.48,1
DOGE,2022-09-06,0.06274,0.05889,31523951.16,10
DOT,2022-09-06,7.367,6.873,31432837.15,11
ETH,2022-09-06,1617.5,1558.9,1178593645.43,2
LTC,2022-09-06,60.36,54.11,39987157.29,14
MATIC,2022-09-06,0.8819,0.816,76953455.7,9
SOL,2022-09-06,32.17,30.89,160351106.14,8
TON,2022-09-06,1.696,1.639,84366.24,15
TRX,2022-09-06,0.06295,0.06069,7494785.43,13
USDC,2022-09-06,1.0,1.0,73370.19,5
USDT,2022-09-06,0.9999,1.0,73363.82,3
XRP,2022-09-06,0.3328,0.3212,114867148.47,6
ADA,2022-09-07,0.4625,0.4787,47630241.92,7
AVAX,2022-09-07,18.21,19.01,18431515.47,12
BNB,2022-09-07,262.3,279.07,32535580.72,4
BTC,2022-09-07,18791.95,19287.52,961396794.5,1
DOGE,2022-09-07,0.05889,0.06098,19408156.88,10
DOT,2022-09-07,6.873,7.198,24402178.32,11
ETH,2022-09-07,1558.9,1630.0,890171683.95,2
LTC,2022-09-07,54.11,57.31,26505329.89,14
MATIC,2022-09-07,0.816,0.8403,51537669.86,9
SOL,2022-09-07,30.89,32.7,93795738.14,8
TON,2022-09-07,1.639,1.879,97823.77,15
TRX,2022-09-07,0.06069,0.06181,6639297.3,13
USDC,2022-09-07,1.0,1.0,50808.05,5
USDT,2022-09-07,1.0,1.0,50817.54,3
XRP,2022-09-07,0.3212,0.3369,86636749.39,6
ADA,2022-09-08,0.4787,0.4791,34188454.66,7
AVAX,2022-09-08,19.01,19.14,18716565.54,12
BNB,2022-09-08,279.07,280.66,24719769.17,4
BTC,2022-09-08,19287.52,19321.77,850349370.86,1
DOGE,2022-09-08,0.06098,0.06096,14378400.27,10
DOT,2022-09-08,7.198,7.386,20175209.1,11
ETH,2022-09-08,1630.0,1635.6,917720046.07,2
LTC,2022-09-08,57.31,57.99,22686058.35,14
MATIC,2022-09-08,0.8403,0.8453,44687059.44,9
SOL,2022-09-08,32.7,33.61,123624669.28,8
TON,2022-09-08,1.879,1.859,66804.64,15
TRX,2022-09-08,0.06181,0.06127,6892530.58,13
USDC,2022-09-08,1.0,1.0,44209.8,5
USDT,2022-09-08,1.0,1.0,563630.98,3
XRP,2022-09-08,0.3369,0.3396,86581417.87,6
ADA,2022-09-09,0.4791,0.5024,51935296.63,7
AVAX,2022-09-09,19.14,20.4,31113953.86,12
BNB,2022-09-09,280.66,293.6,30636509.36,4
BTC,2022-09-09,19321.77,21369.73,1657848347.88,1
DOGE,2022-09-09,0.06096,0.06389,30393815.34,10
DOT,2022-09-09,7.386,7.759,26888395.99,11
ETH,2022-09-09,1635.6,1719.35,1004002586.51,2
LTC,2022-09-09,57.99,61.19,23646853.05,14
MATIC,2022-09-09,0.8453,0.891,46357284.75,9
SOL,2022-09-09,33.61,34.69,156168243.64,8
TON,2022-09-09,1.859,1.884,71596.71,15
TRX,2022-09-09,0.06127,0.06346,6738130.22,13
USDC,2022-09-09,1.0,1.0,79733.74,5
USDT,2022-09-09,1.0,1.0,79757.7,3
XRP,2022-09-09,0.3396,0.3571,109030029.44,6
ADA,2022-09-10,0.5024,0.5123,67403016.7,7
AVAX,2022-09-10,20.4,20.46,19843285.45,12
BNB,2022-09-10,293.6,296.73,17430345.58,4
BTC,2022-09-10,21369.73,21655.13,752905078.21,1
DOGE,2022-09-10,0.06389,0.06471,27708493.28,10
DOT,2022-09-10,7.759,7.778,17662201.61,11
ETH,2022-09-10,1719.35,1774.69,442617943.59,2
LTC,2022-09-10,61.19,63.33,24816301.9,14
MATIC,2022-09-10,0.891,0.9061,35405614.7,9
SOL,2022-09-10,34.69,35.06,78218895.05,8
TON,2022-09-10,1.884,1.916,67376.39,15
TRX,2022-09-10,0.06346,0.06476,5538161.61,13
USDC,2022-09-10,1.0,0.9999,35127.4,5
USDT,2022-09-10,1.0,1.0,35142.23,3
XRP,2022-09-10,0.3571,0.3575,30055941.01,6
ADA,2022-09-11,0.5123,0.5101,46827715.04,7
AVAX,2022-09-11,20.46,20.69,17853748.07,12
BNB,2022-09-11,296.73,295.4,16620937.64,4
BTC,2022-09-11,21655.13,21836.45,600008216.45,1
DOGE,2022-09-11,0.06471,0.06372,19417407.88,10
DOT,2022-09-11,7.778,7.708,13935514.63,11
ETH,2022-09-11,1774.69,1767.02,424086159.35,2
LTC,2022-09-11,63.33,62.22,16660378.38,14
MATIC,2022-09-11,0.9061,0.894,22074232.63,9
SOL,2022-09-11,35.06,35.01,83218801.56,8
TON,2022-09-11,1.916,1.87,69513.18,15
TRX,2022-09-11,0.06476,0.06414,5254695.39,13
USDC,2022-09-11,0.9999,1.001,27771.76,5
USDT,2022-09-11,1.0,1.0,27770.31,3
XRP,2022-09-11,0.3575,0.3552,26690491.1,6
ADA,2022-09-12,0.5101,0.5015,60710423.09,7
AVAX,2022-09-12,20.69,21.39,48371237.6,12
BNB,2022-09-12,295.4,294.11,36907101.01,4
BTC,2022-09-12,21836.45,22400.52,1264510737.92,1
DOGE,2022-09-12,0.06372,0.06397,20870311.89,10
DOT,2022-09-12,7.708,7.664,24586375.16,11
ETH,2022-09-12,1767.02,1716.53,688261837.42,2
LTC,2022-09-12,62.22,61.4,20565268.05,14
MATIC,2022-09-12,0.894,0.931,78349179.59,9
SOL,2022-09-12,35.01,37.46,219096567.62,8
TON,2022-09-12,1.87,1.847,65419.6,15
TRX,2022-09-12,0.06414,0.06387,6433995.72,13
USDC,2022-09-12,1.001,1.0,57129.0,5
USDT,2022-09-12,1.0,1.0,57129.05,3
XRP,2022-09-12,0.3552,0.3598,79801874.61,6
ADA,2022-09-13,0.5015,0.4636,66764879.55,7
AVAX,2022-09-13,21.39,18.87,46751421.02,12
BNB,2022-09-13,294.11,277.5,36611701.11,4
BTC,2022-09-13,22400.52,20173.77,1788207293.16,1
DOGE,2022-09-13,0.06397,0.05966,30143465.78,10
DOT,2022-09-13,7.664,7.069,28988784.54,11
ETH,2022-09-13,1716.53,1574.56,1186666903.31,2
LTC,2022-09-13,61.4,59.09,44178197.33,14
MATIC,2022-09-13,0.931,0.8461,95920348.78,9
SOL,2022-09-13,37.46,32.99,253425976.59,8
TON,2022-09-13,1.847,1.786,58575.55,15
TRX,2022-09-13,0.06387,0.06069,9265809.38,13
USDC,2022-09-13,1.0,1.0,83599.14,5
USDT,2022-09-13,1.0,0.9999,83583.19,3
XRP,2022-09-13,0.3598,0.3326,99006351.47,6
ADA,2022-09-14,0.4636,0.4811,40504163.48,7
AVAX,2022-09-14,18.87,19.12,26631402.14,12
BNB,2022-09-14,277.5,279.36,23758254.16,4
BTC,2022-09-14,20173.77,20233.68,1065222653.27,1
DOGE,2022-09-14,0.05966,0.06116,26496317.6,10
DOT,2022-09-14,7.069,7.206,16184279.56,11
ETH,2022-09-14,1574.56,1639.6,759203960.6,2
LTC,2022-09-14,59.09,60.19,22529015.96,14
MATIC,2022-09-14,0.8461,0.865,47001635.74,9
SOL,2022-09-14,32.99,34.12,115641784.43,8
TON,2022-09-14,1.786,1.723,48398.22,15
TRX,2022-09-14,0.06069,0.06163,5677304.53,13
USDC,2022-09-14,1.0,1.0,52809.68,5
USDT,2022-09-14,0.9999,1.0,52819.22,3
XRP,2022-09-14,0.3326,0.3418,66152472.14,6
ADA,2022-09-15,0.4811,0.4661,37979632.01,7
AVAX,2022-09-15,19.12,18.2,27852931.09,13
BNB,2022-09-15,279.36,271.09,32968307.91,4
BTC,2022-09-15,20233.68,19700.15,892897629.94,1
DOGE,2022-09-15,0.06116,0.05863,30637423.56,10
DOT,2022-09-15,7.206,6.931,18042907.02,11
ETH,2022-09-15,1639.6,1472.51,1283200244.31,2
LTC,2022-09-15,60.19,56.33,30074020.18,14
MATIC,2022-09-15,0.865,0.8246,53562028.83,9
SOL,2022-09-15,34.12,33.07,137513600.73,8
TON,2022-09-15,1.723,1.662,57558.99,15
TRX,2022-09-15,0.06163,0.06128,6439726.56,12
USDC,2022-09-15,1.0,1.0,44730.43,5
USDT,2022-09-15,1.001,1.0,826252.71,3
XRP,2022-09-15,0.3418,0.3262,113940685.58,6
ADA,2022-09-16,0.4661,0.4747,25771124.17,7
AVAX,2022-09-16,18.2,18.06,28231999.3,13
BNB,2022-09-16,271.09,274.89,17949781.53,4
BTC,2022-09-16,19700.15,19804.02,948028635.91,1
DOGE,2022-09-16,0.05863,0.06048,19910297.87,10
DOT,2022-09-16,6.931,6.905,15338397.46,11
ETH,2022-09-16,1472.51,1433.97,881484582.21,2
LTC,2022-09-16,56.33,55.95,21560992.48,14
MATIC,2022-09-16,0.8246,0.8068,37742465.74,9
SOL,2022-09-16,33.07,32.24,98331233.71,8
TON,2022-09-16,1.662,1.654,58837.43,15
TRX,2022-09-16,0.06128,0.06132,4843167.59,12
USDC,2022-09-16,1.0,1.0,48213.18,5
USDT,2022-09-16,1.0,0.9999,48205.36,3
XRP,2022-09-16,0.3262,0.3553,65209526.83,6
ADA,2022-09-17,0.4747,0.4862,20050171.78,7
AVAX,2022-09-17,18.06,18.48,10466156.1,13
BNB,2022-09-17,274.89,279.06,10491330.64,4
BTC,2022-09-17,19804.02,20118.35,723991455.67,1
DOGE,2022-09-17,0.06048,0.06219,17094379.89,10
DOT,2022-09-17,6.905,7.059,10725627.8,11
ETH,2022-09-17,1433.97,1469.05,427781777.37,2
LTC,2022-09-17,55.95,57.83,11650211.39,14
MATIC,2022-09-17,0.8068,0.8284,14760163.4,9
SOL,2022-09-17,32.24,33.69,51363020.95,8
TON,2022-09-17,1.654,1.601,58287.65,15
TRX,2022-09-17,0.06132,0.06229,3598409.6,12
USDC,2022-09-17,1.0,1.0,36251.03,5
USDT,2022-09-17,0.9999,1.0,36257.25,3
XRP,2022-09-17,0.3553,0.3763,50175219.67,6
ADA,2022-09-18,0.4862,0.4477,37574067.57,7
AVAX,2022-09-18,18.48,16.72,28465019.33,13
BNB,2022-09-18,279.06,266.39,18830572.87,4
BTC,2022-09-18,20118.35,19417.72,622064584.36,1
DOGE,2022-09-18,0.06219,0.05743,14685120.72,10
DOT,2022-09-18,7.059,6.444,13756521.58,11
ETH,2022-09-18,1469.05,1334.3,664603372.25,2
LTC,2022-09-18,57.83,52.66,17490565.99,14
MATIC,2022-09-18,0.8284,0.7533,29631718.56,9
SOL,2022-09-18,33.69,31.1,80104426.78,8
TON,2022-09-18,1.601,1.574,54081.49,15
TRX,2022-09-18,0.06229,0.0608,3757024.81,12
USDC,2022-09-18,1.0,1.0,31516.87,5
USDT,2022-09-18,1.0,0.9998,479179.92,3
XRP,2022-09-18,0.3763,0.3578,94777086.28,6
ADA,2022-09-19,0.4477,0.4526,40992702.29,7
AVAX,2022-09-19,16.72,17.28,19362891.71,13
BNB,2022-09-19,266.39,272.04,34453295.94,4
BTC,2022-09-19,19417.72,19541.28,1289079956.8,1
DOGE,2022-09-19,0.05743,0.05857,18821482.38,10
DOT,2022-09-19,6.444,6.385,37340090.04,11
ETH,2022-09-19,1334.3,1376.21,820923081.03,2
LTC,2022-09-19,52.66,52.91,26494055.82,14
MATIC,2022-09-19,0.7533,0.7657,35938431.62,9
SOL,2022-09-19,31.1,32.63,119188318.55,8
TON,2022-09-19,1.574,1.493,53660.21,15
TRX,2022-09-19,0.0608,0.06029,6490746.07,12
USDC,2022-09-19,1.0,1.0,67950.23,5
USDT,2022-09-19,1.0,1.0,67959.0,3
XRP,2022-09-19,0.3578,0.3848,125116315.74,6
ADA,2022-09-20,0.4526,0.4422,30822850.52,7
AVAX,2022-09-20,17.28,16.65,23777549.18,13
BNB,2022-09-20,272.04,266.39,23173593.4,4
BTC,2022-09-20,19541.28,18879.95,1124075891.27,1
DOGE,2022-09-20,0.05857,0.05842,24320612.97,9
DOT,2022-09-20,6.385,6.287,17604987.36,11
ETH,2022-09-20,1376.21,1323.07,1134751018.14,2
LTC,2022-09-20,52.91,52.34,26481027.61,14
MATIC,2022-09-20,0.7657,0.7333,36040534.95,10
SOL,2022-09-20,32.63,31.42,98876571.52,8
TON,2022-09-20,1.493,1.4,61647.7,15
TRX,2022-09-20,0.06029,0.05979,4250836.57,12
USDC,2022-09-20,1.0,1.0,58744.9,5
USDT,2022-09-20,1.0,1.0,841052.64,3
XRP,2022-09-20,0.3848,0.4144,184181560.68,6
ADA,2022-09-21,0.4422,0.439,80470361.23,7
AVAX,2022-09-21,16.65,16.54,34747510.08,13
BNB,2022-09-21,266.39,264.14,33072077.78,4
BTC,2022-09-21,18879.95,18468.05,1811417134.73,1
DOGE,2022-09-21,0.05842,0.05718,32499115.35,9
DOT,2022-09-21,6.287,6.126,26834103.04,11
ETH,2022-09-21,1323.07,1246.29,2158795290.82,2
LTC,2022-09-21,52.34,51.11,35299830.76,14
MATIC,2022-09-21,0.7333,0.7009,65237290.63,10
SOL,2022-09-21,31.42,30.69,152551276.63,8
TON,2022-09-21,1.4,1.341,47006.74,15
TRX,2022-09-21,0.05979,0.05906,6661656.22,12
USDC,2022-09-21,1.0,0.9995,95023.84,5
USDT,2022-09-21,1.0,0.9993,1626399.18,3
XRP,2022-09-21,0.4144,0.3942,174654714.41,6
ADA,2022-09-22,0.439,0.458,42710278.08,7
AVAX,2022-09-22,16.54,17.7,21488206.28,13
BNB,2022-09-22,264.14,275.37,20707948.83,4
BTC,2022-09-22,18468.05,19405.96,1827681691.12,1
DOGE,2022-09-22,0.05718,0.0596,19565798.66,9
DOT,2022-09-22,6.126,6.443,17451057.39,11
ETH,2022-09-22,1246.29,1326.15,1764192693.49,2
LTC,2022-09-22,51.11,53.56,15195965.64,14
MATIC,2022-09-22,0.7009,0.752,42628222.89,10
SOL,2022-09-22,30.69,32.42,94693547.16,8
TON,2022-09-22,1.341,1.461,52135.27,15
TRX,2022-09-22,0.05906,0.06023,5350702.35,12
USDC,2022-09-22,0.9995,1.0,96139.71,5
USDT,2022-09-22,1.0,1.0,96147.09,3
XRP,2022-09-22,0.3942,0.4855,180279063.08,6
ADA,2022-09-23,0.458,0.4618,54832440.75,7
AVAX,2022-09-23,17.7,17.97,25945669.62,13
BNB,2022-09-23,275.37,276.63,21538793.4,4
BTC,2022-09-23,19405.96,19291.13,1261371285.29,1
DOGE,2022-09-23,0.0596,0.06335,48408089.25,9
DOT,2022-09-23,6.443,6.435,20944264.67,11
ETH,2022-09-23,1326.15,1326.95,1770416488.71,2
LTC,2022-09-23,53.56,55.23,21974184.38,14
MATIC,2022-09-23,0.752,0.7787,50817734.83,10
SOL,2022-09-23,32.42,33.66,130865368.39,8
TON,2022-09-23,1.461,1.352,60891.6,15
TRX,2022-09-23,0.06023,0.06042,5280179.37,12
USDC,2022-09-23,1.0,0.9999,66466.25,5
USDT,2022-09-23,0.9997,0.9997,1353040.67,3
XRP,2022-09-23,0.4855,0.5068,343672179.3,6
ADA,2022-09-24,0.4618,0.4511,28066243.02,7
AVAX,2022-09-24,17.97,17.6,11791122.71,13
BNB,2022-09-24,276.63,274.54,27357440.34,4
BTC,2022-09-24,19291.13,18924.39,566563739.62,1
DOGE,2022-09-24,0.06335,0.0631,58545863.38,9
DOT,2022-09-24,6.435,6.272,13630781.17,11
ETH,2022-09-24,1326.95,1317.11,688754375.79,2
LTC,2022-09-24,55.23,53.44,16236842.87,14
MATIC,2022-09-24,0.7787,0.7528,25289783.7,10
SOL,2022-09-24,33.66,33.39,105668825.25,8
TON,2022-09-24,1.352,1.295,43903.95,15
TRX,2022-09-24,0.06042,0.05985,4549027.84,12
USDC,2022-09-24,0.9999,1.0,29708.23,5
USDT,2022-09-24,0.9997,0.9999,518208.94,3
XRP,2022-09-24,0.5068,0.488,141506777.34,6
ADA,2022-09-25,0.4511,0.4464,27488392.69,7
AVAX,2022-09-25,17.6,17.32,9448528.62,13
BNB,2022-09-25,274.54,274.34,20475797.49,4
BTC,2022-09-25,18924.39,18809.94,544445399.91,1
DOGE,2022-09-25,0.0631,0.06119,21920766.19,9
DOT,2022-09-25,6.272,6.205,12140104.11,11
ETH,2022-09-25,1317.11,1294.72,741280751.13,2
LTC,2022-09-25,53.44,52.56,13433551.77,14
MATIC,2022-09-25,0.7528,0.7397,21223437.87,10
SOL,2022-09-25,33.39,32.33,77442617.91,8
TON,2022-09-25,1.295,1.253,44749.77,15
TRX,2022-09-25,0.05985,0.0597,2878443.37,12
USDC,2022-09-25,1.0,1.0,28768.52,5
USDT,2022-09-25,0.9999,1.0,567961.83,3
XRP,2022-09-25,0.488,0.4916,142550966.49,6
ADA,2022-09-26,0.4464,0.4471,35608219.45,7
AVAX,2022-09-26,17.32,17.57,14859477.52,13
BNB,2022-09-26,274.34,276.24,26014225.46,4
BTC,2022-09-26,18809.94,19230.96,1874981288.59,1
DOGE,2022-09-26,0.06119,0.06113,21524887.41,9
DOT,2022-09-26,6.205,6.556,25532818.16,11
ETH,2022-09-26,1294.72,1336.65,1719754734.68,2
LTC,2022-09-26,52.56,53.44,15004396.81,14
MATIC,2022-09-26,0.7397,0.756,39891127.47,10
SOL,2022-09-26,32.33,33.88,113731647.43,8
TON,2022-09-26,1.253,1.264,43264.83,15
TRX,2022-09-26,0.0597,0.0596,4853018.87,12
USDC,2022-09-26,1.0,1.0,98708.0,5
USDT,2022-09-26,1.0,1.0,98743.38,3
XRP,2022-09-26,0.4916,0.4682,184532856.76,6
ADA,2022-09-27,0.4471,0.4413,41083156.8,7
AVAX,2022-09-27,17.57,17.29,32439812.73,13
BNB,2022-09-27,276.24,272.23,30542862.4,4
BTC,2022-09-27,19230.96,19081.4,2089386131.83,1
DOGE,2022-09-27,0.06113,0.06051,28036330.69,9
DOT,2022-09-27,6.556,6.367,24844105.85,11
ETH,2022-09-27,1336.65,1328.11,1537712811.95,2
LTC,2022-09-27,53.44,52.68,18013982.17,14
MATIC,2022-09-27,0.756,0.7389,53376091.35,10
SOL,2022-09-27,33.88,32.68,168284505.46,8
TON,2022-09-27,1.264,1.293,52276.13,15
TRX,2022-09-27,0.0596,0.05938,4369662.48,12
USDC,2022-09-27,1.0,0.9998,105623.97,5
USDT,2022-09-27,1.0,0.9989,105521.57,3
XRP,2022-09-27,0.4682,0.4464,170426589.19,6
ADA,2022-09-28,0.4413,0.4362,36790782.48,7
AVAX,2022-09-28,17.29,17.25,19615073.31,13
BNB,2022-09-28,272.23,281.63,30661965.92,4
BTC,2022-09-28,19081.4,19412.67,1792918120.6,1
DOGE,2022-09-28,0.06051,0.06051,19895275.82,9
DOT,2022-09-28,6.367,6.388,16573969.76,11
ETH,2022-09-28,1328.11,1337.15,1843309322.44,2
LTC,2022-09-28,52.68,53.28,15425408.55,14
MATIC,2022-09-28,0.7389,0.7474,32961994.43,10
SOL,2022-09-28,32.68,33.23,136071610.73,8
TON,2022-09-28,1.293,1.306,44165.15,15
TRX,2022-09-28,0.05938,0.05953,4079605.47,12
USDC,2022-09-28,0.9998,0.9999,93852.74,5
USDT,2022-09-28,0.9998,0.9999,1411181.76,3
XRP,2022-09-28,0.4464,0.4489,136707840.17,6
ADA,2022-09-29,0.4362,0.4381,28643774.37,7
AVAX,2022-09-29,17.25,17.34,15567540.59,13
BNB,2022-09-29,281.63,284.12,22249037.0,4
BTC,2022-09-29,19412.67,19593.46,1327829608.79,1
DOGE,2022-09-29,0.06051,0.06083,11990646.85,9
DOT,2022-09-29,6.388,6.432,13141874.89,11
ETH,2022-09-29,1337.15,1335.9,1346135197.35,2
LTC,2022-09-29,53.28,53.96,14164861.49,14
MATIC,2022-09-29,0.7474,0.7633,24645251.01,10
SOL,2022-09-29,33.23,33.93,128703506.89,8
TON,2022-09-29,1.306,1.3,47046.38,15
TRX,2022-09-29,0.05953,0.06099,4834329.47,12
USDC,2022-09-29,0.9999,1.001,68709.87,5
USDT,2022-09-29,0.9999,1.0,1014939.97,3
XRP,2022-09-29,0.4489,0.487,165149944.93,6
ADA,2022-09-30,0.4381,0.4348,31375491.32,7
AVAX,2022-09-30,17.34,17.21,25151403.78,13
BNB,2022-09-30,284.12,284.84,30959733.99,4
BTC,2022-09-30,19593.46,19425.63,1428753976.44,1
DOGE,2022-09-30,0.06083,0.06167,25503068.48,9
DOT,2022-09-30,6.432,6.321,20797891.22,11
ETH,2022-09-30,1335.9,1328.7,1559138076.19,2
LTC,2022-09-30,53.96,53.47,16566066.86,14
MATIC,2022-09-30,0.7633,0.7779,40434333.46,10
SOL,2022-09-30,33.93,33.25,167114766.6,8
TON,2022-09-30,1.3,1.346,55152.19,15
TRX,2022-09-30,0.06099,0.061,5398799.13,12
USDC,2022-09-30,1.001,0.9991,72946.52,5
USDT,2022-09-30,1.0,1.0,1164890.66,3
XRP,2022-09-30,0.487,0.4797,175583098.81,6
ADA,2022-10-01,0.4348,0.4301,14525071.51,7
AVAX,2022-10-01,17.21,16.96,8559613.23,13
BNB,2022-10-01,284.84,282.89,28559736.05,4
BTC,2022-10-01,19425.63,19313.96,286091612.81,1
DOGE,2022-10-01,0.06167,0.0606,25835769.12,9
DOT,2022-10-01,6.321,6.269,10609748.5,11
ETH,2022-10-01,1328.7,1311.8,361595127.37,2
LTC,2022-10-01,53.47,52.92,9734536.3,14
MATIC,2022-10-01,0.7779,0.7669,11232453.22,10
SOL,2022-10-01,33.25,32.44,54787029.64,8
TON,2022-10-01,1.346,1.386,47854.49,15
TRX,2022-10-01,0.061,0.06048,3369097.91,12
USDC,2022-10-01,0.9991,1.0,14809.47,5
USDT,2022-10-01,1.0,1.0,274023.51,3
XRP,2022-10-01,0.4797,0.4754,67853069.62,6
ADA,2022-10-02,0.4301,0.4195,21154098.28,7
AVAX,2022-10-02,16.96,16.53,13380490.94,13
BNB,2022-10-02,282.89,284.79,17049194.1,4
BTC,2022-10-02,19313.96,19058.15,485799328.96,1
DOGE,2022-10-02,0.0606,0.05927,12997766.76,9
DOT,2022-10-02,6.269,6.159,12345207.34,11
ETH,2022-10-02,1311.8,1276.69,533576502.55,2
LTC,2022-10-02,52.92,51.81,10847358.08,14
MATIC,2022-10-02,0.7669,0.7633,15705544.11,10
SOL,2022-10-02,32.44,32.06,63915516.93,8
TON,2022-10-02,1.386,1.354,45362.41,15
TRX,2022-10-02,0.06048,0.06092,4296203.19,12
USDC,2022-10-02,1.0,1.0,25355.52,5
USDT,2022-10-02,1.0,1.0,411524.99,3
XRP,2022-10-02,0.4754,0.4484,64593019.72,6
ADA,2022-10-03,0.4195,0.4276,26533992.13,7
AVAX,2022-10-03,16.53,17.16,15782582.85,13
BNB,2022-10-03,284.79,287.07,31360586.14,4
BTC,2022-10-03,19058.15,19632.35,1106456268.73,1
DOGE,2022-10-03,0.05927,0.06035,14883847.99,10
DOT,2022-10-03,6.159,6.369,13101647.35,11
ETH,2022-10-03,1276.69,1323.32,1066475762.56,2
LTC,2022-10-03,51.81,54.19,13977402.28,14
MATIC,2022-10-03,0.7633,0.8005,35818811.15,9
SOL,2022-10-03,32.06,32.9,82662371.08,8
TON,2022-10-03,1.354,1.346,45750.13,15
TRX,2022-10-03,0.06092,0.06135,3136824.75,12
USDC,2022-10-03,1.0,1.0,57260.91,5
USDT,2022-10-03,1.0,1.0,57266.04,3
XRP,2022-10-03,0.4484,0.4622,119202674.42,6
ADA,2022-10-04,0.4276,0.4356,28754310.44,7
AVAX,2022-10-04,17.16,17.45,15660962.95,13
BNB,2022-10-04,287.07,296.37,48453503.28,4
BTC,2022-10-04,19632.35,20344.58,1290593290.94,1
DOGE,2022-10-04,0.06035,0.06585,79114837.73,9
DOT,2022-10-04,6.369,6.496,12752163.88,11
ETH,2022-10-04,1323.32,1361.9,962114984.8,2
LTC,2022-10-04,54.19,55.32,13137098.7,14
MATIC,2022-10-04,0.8005,0.8356,51384099.86,10
SOL,2022-10-04,32.9,34.11,106666122.8,8
TON,2022-10-04,1.346,1.406,48393.64,15
TRX,2022-10-04,0.06135,0.06238,5378027.75,12
USDC,2022-10-04,1.0,1.0,64460.59,5
USDT,2022-10-04,1.0,1.0,64481.51,3
XRP,2022-10-04,0.4622,0.4796,128807439.76,6
ADA,2022-10-05,0.4356,0.431,28256346.27,7
AVAX,2022-10-05,17.45,17.39,12614501.32,13
BNB,2022-10-05,296.37,294.2,23236062.39,4
BTC,2022-10-05,20344.58,20160.74,1195512448.37,1
DOGE,2022-10-05,0.06585,0.06479,56096228.96,10
DOT,2022-10-05,6.496,6.436,14819743.15,11
ETH,2022-10-05,1361.9,1352.44,897717802.0,2
LTC,2022-10-05,55.32,54.64,13467557.82,14
MATIC,2022-10-05,0.8356,0.8517,41367485.17,9
SOL,2022-10-05,34.11,34.05,89455930.04,8
TON,2022-10-05,1.406,1.415,48291.31,15
TRX,2022-10-05,0.06238,0.06244,4192364.12,12
USDC,2022-10-05,1.0,0.9999,59496.69,5
USDT,2022-10-05,1.0,1.0,59512.18,3
XRP,2022-10-05,0.4796,0.489,118209426.18,6
ADA,2022-10-06,0.431,0.4288,28113226.45,7
AVAX,2022-10-06,17.39,17.05,14923711.28,13
BNB,2022-10-06,294.2,287.12,70897531.57,4
BTC,2022-10-06,20160.74,19965.12,1502842418.9,1
DOGE,2022-10-06,0.06479,0.06343,39555664.77,10
DOT,2022-10-06,6.436,6.345,13938892.66,11
ETH,2022-10-06,1352.44,1352.4,1337183654.48,2
LTC,2022-10-06,54.64,53.54,14770425.53,14
MATIC,2022-10-06,0.8517,0.8337,43266557.77,9
SOL,2022-10-06,34.05,33.36,103191911.43,8
TON,2022-10-06,1.415,1.385,59200.66,15
TRX,2022-10-06,0.06244,0.06281,3959863.86,12
USDC,2022-10-06,0.9999,1.0,74677.99,5
USDT,2022-10-06,1.0,1.0,74679.67,3
XRP,2022-10-06,0.489,0.4934,99585941.11,6
ADA,2022-10-07,0.4288,0.4241,24396398.5,7
AVAX,2022-10-07,17.05,16.9,9698364.51,13
BNB,2022-10-07,287.12,282.28,53310923.93,4
BTC,2022-10-07,19965.12,19532.81,1177831670.26,1
DOGE,2022-10-07,0.06343,0.06237,28194082.31,10
DOT,2022-10-07,6.345,6.327,10840711.26,11
ETH,2022-10-07,1352.4,1331.14,847055907.94,2
LTC,2022-10-07,53.54,52.86,12595463.92,14
MATIC,2022-10-07,0.8337,0.8315,25972634.97,9
SOL,2022-10-07,33.36,32.99,79629364.29,8
TON,2022-10-07,1.385,1.364,47950.17,15
TRX,2022-10-07,0.06281,0.0625,3422218.44,12
USDC,2022-10-07,1.0,0.9994,59662.64,5
USDT,2022-10-07,1.0,1.0,59704.8,3
XRP,2022-10-07,0.4934,0.5182,120678902.37,6
ADA,2022-10-08,0.4241,0.4221,14065417.12,7
AVAX,2022-10-08,16.9,16.79,4161813.94,13
BNB,2022-10-08,282.28,276.35,13955058.47,4
BTC,2022-10-08,19532.81,19419.32,339438324.44,1
DOGE,2022-10-08,0.06237,0.06165,11138291.46,10
DOT,2022-10-08,6.327,6.311,8344855.91,11
ETH,2022-10-08,1331.14,1315.47,256701832.62,2
LTC,2022-10-08,52.86,52.81,9414674.43,14
MATIC,2022-10-08,0.8315,0.8146,10976279.38,9
SOL,2022-10-08,32.99,32.59,37351525.86,8
TON,2022-10-08,1.364,1.341,47211.5,15
TRX,2022-10-08,0.0625,0.06204,2711823.55,12
USDC,2022-10-08,0.9994,0.9999,17432.53,5
USDT,2022-10-08,1.0,1.0,17436.0,3
XRP,2022-10-08,0.5182,0.5171,44924690.68,6
ADA,2022-10-09,0.4221,0.423,13624327.99,7
AVAX,2022-10-09,16.79,16.9,3868512.79,13
BNB,2022-10-09,276.35,278.31,13906807.27,4
BTC,2022-10-09,19419.32,19442.41,386265984.43,1
DOGE,2022-10-09,0.06165,0.06212,9916196.96,10
DOT,2022-10-09,6.311,6.48,9212253.07,11
ETH,2022-10-09,1315.47,1323.41,270217040.65,2
LTC,2022-10-09,52.81,53.95,8132192.49,14
MATIC,2022-10-09,0.8146,0.8256,11270120.4,9
SOL,2022-10-09,32.59,32.93,35794479.47,8
TON,2022-10-09,1.341,1.321,44870.22,15
TRX,2022-10-09,0.06204,0.06234,2722656.15,12
USDC,2022-10-09,0.9999,1.0,19857.59,5
USDT,2022-10-09,1.0,1.0,19858.53,3
XRP,2022-10-09,0.5171,0.5321,48379233.88,6
ADA,2022-10-10,0.423,0.4011,35415309.3,7
AVAX,2022-10-10,16.9,16.22,12275391.44,13
BNB,2022-10-10,278.31,271.7,25038866.17,4
BTC,2022-10-10,19442.41,19131.36,856332007.87,1
DOGE,2022-10-10,0.06212,0.0594,19969389.92,10
DOT,2022-10-10,6.48,6.253,12377485.84,11
ETH,2022-10-10,1323.41,1290.04,706276755.9,2
LTC,2022-10-10,53.95,52.63,14416761.77,14
MATIC,2022-10-10,0.8256,0.8136,32061726.53,9
SOL,2022-10-10,32.93,31.95,68563253.02,8
TON,2022-10-10,1.321,1.271,47526.22,15
TRX,2022-10-10,0.06234,0.06274,9287607.5,12
USDC,2022-10-10,1.0,0.9998,44370.2,5
USDT,2022-10-10,1.0,0.9998,44373.44,3
XRP,2022-10-10,0.5321,0.4948,124355323.85,6
ADA,2022-10-11,0.4011,0.3906,49939647.08,7
AVAX,2022-10-11,16.22,15.96,16203188.84,13
BNB,2022-10-11,271.7,271.34,22969802.45,4
BTC,2022-10-11,19131.36,19058.29,1173375200.58,1
DOGE,2022-10-11,0.0594,0.06023,23342393.79,10
DOT,2022-10-11,6.253,6.178,12036908.17,11
ETH,2022-10-11,1290.04,1279.79,895785523.92,2
LTC,2022-10-11,52.63,52.02,11393516.57,14
MATIC,2022-10-11,0.8136,0.7908,27948375.55,9
SOL,2022-10-11,31.95,30.79,90282318.3,8
TON,2022-10-11,1.271,1.234,44142.21,15
TRX,2022-10-11,0.06274,0.06168,3199907.18,12
USDC,2022-10-11,0.9998,1.0,61585.82,5
USDT,2022-10-11,0.9998,0.9999,61558.97,3
XRP,2022-10-11,0.4948,0.4858,135026190.34,6
ADA,2022-10-12,0.3906,0.3813,28628938.02,7
AVAX,2022-10-12,15.96,15.95,10182697.9,13
BNB,2022-10-12,271.34,270.95,19298797.91,4
BTC,2022-10-12,19058.29,19154.85,744262154.09,1
DOGE,2022-10-12,0.06023,0.05982,13009317.34,10
DOT,2022-10-12,6.178,6.174,8362481.02,11
ETH,2022-10-12,1279.79,1294.29,659072834.99,2
LTC,2022-10-12,52.02,52.23,13594821.29,14
MATIC,2022-10-12,0.7908,0.7829,16097432.91,9
SOL,2022-10-12,30.79,31.16,51030227.9,8
TON,2022-10-12,1.234,1.233,41759.75,15
TRX,2022-10-12,0.06168,0.06172,8646523.13,12
USDC,2022-10-12,1.0,1.0,38953.77,5
USDT,2022-10-12,0.9999,1.0,38948.87,3
XRP,2022-10-12,0.4858,0.4882,87795799.99,6
ADA,2022-10-13,0.3813,0.377,86144568.06,7
AVAX,2022-10-13,15.95,15.67,41341821.4,13
BNB,2022-10-13,270.95,271.86,37215034.16,4
BTC,2022-10-13,19154.85,19378.91,1669767296.93,1
DOGE,2022-10-13,0.05982,0.05967,38166881.07,9
DOT,2022-10-13,6.174,6.113,26875702.43,11
ETH,2022-10-13,1294.29,1287.51,1553294534.83,2
LTC,2022-10-13,52.23,51.14,19101776.15,14
MATIC,2022-10-13,0.7829,0.7756,62436223.43,10
SOL,2022-10-13,31.16,30.51,180508671.84,8
TON,2022-10-13,1.233,1.217,39630.13,15
TRX,2022-10-13,0.06172,0.06099,7285098.04,12
USDC,2022-10-13,1.0,0.9998,88577.52,5
USDT,2022-10-13,1.0,1.0,88598.14,3
XRP,2022-10-13,0.4882,0.4797,122462343.05,6
ADA,2022-10-14,0.377,0.3668,38574742.66,7
AVAX,2022-10-14,15.67,15.67,21003890.25,13
BNB,2022-10-14,271.86,269.53,26271296.27,4
BTC,2022-10-14,19378.91,19182.01,1445859713.35,1
DOGE,2022-10-14,0.05967,0.05866,22661742.2,10
DOT,2022-10-14,6.113,6.045,10603211.43,11
ETH,2022-10-14,1287.51,1296.63,1300245316.03,2
LTC,2022-10-14,51.14,51.31,11172330.19,14
MATIC,2022-10-14,0.7756,0.7933,38591354.56,9
SOL,2022-10-14,30.51,30.0,102282805.83,8
TON,2022-10-14,1.217,1.24,42506.91,15
TRX,2022-10-14,0.06099,0.06401,9227644.72,12
USDC,2022-10-14,0.9998,0.9999,73985.87,5
USDT,2022-10-14,1.0,1.0,74003.04,3
XRP,2022-10-14,0.4797,0.4885,110688606.13,6
ADA,2022-10-15,0.3668,0.3642,22982821.31,7
AVAX,2022-10-15,15.67,15.43,10924890.2,13
BNB,2022-10-15,269.53,268.1,14096147.03,4
BTC,2022-10-15,19182.01,19069.72,290658263.23,1
DOGE,2022-10-15,0.05866,0.05858,12593917.69,10
DOT,2022-10-15,6.045,6.049,8165081.37,11
ETH,2022-10-15,1296.63,1274.91,383099353.48,2
LTC,2022-10-15,51.31,50.4,6810358.16,14
MATIC,2022-10-15,0.7933,0.7891,16910097.71,9
SOL,2022-10-15,30.0,29.59,40028658.72,8
TON,2022-10-15,1.24,1.225,40845.73,15
TRX,2022-10-15,0.06401,0.06174,5856884.26,12
USDC,2022-10-15,0.9999,1.0,15197.11,5
USDT,2022-10-15,1.0,1.0,298183.87,3
XRP,2022-10-15,0.4885,0.4818,28049988.37,6
ADA,2022-10-16,0.3642,0.3704,16849069.39,7
AVAX,2022-10-16,15.43,15.75,8788371.12,13
BNB,2022-10-16,268.1,272.53,14561933.13,4
BTC,2022-10-16,19069.72,19264.26,303391318.02,1
DOGE,2022-10-16,0.05858,0.05891,8473331.03,10
DOT,2022-10-16,6.049,6.183,8262238.16,11
ETH,2022-10-16,1274.91,1305.87,433760169.98,2
LTC,2022-10-16,50.4,51.44,6654417.27,14
MATIC,2022-10-16,0.7891,0.7987,10879177.75,9
SOL,2022-10-16,29.59,30.16,36049242.58,8
TON,2022-10-16,1.225,1.218,40348.35,15
TRX,2022-10-16,0.06174,0.06184,4090743.29,12
USDC,2022-10-16,1.0,0.9999,15788.36,5
USDT,2022-10-16,1.0,1.0,335317.6,3
XRP,2022-10-16,0.4818,0.4766,33671608.31,6
ADA,2022-10-17,0.3704,0.3726,17696124.72,8
AVAX,2022-10-17,15.75,16.18,13223687.49,13
BNB,2022-10-17,272.53,275.75,18216321.93,4
BTC,2022-10-17,19264.26,19550.49,831592233.83,1
DOGE,2022-10-17,0.05891,0.05997,9608800.99,10
DOT,2022-10-17,6.183,6.252,12861495.06,11
ETH,2022-10-17,1305.87,1331.52,748550276.7,2
LTC,2022-10-17,51.44,51.84,7702672.96,14
MATIC,2022-10-17,0.7987,0.8482,35288576.65,9
SOL,2022-10-17,30.16,31.21,64398693.25,7
TON,2022-10-17,1.218,1.248,45153.1,15
TRX,2022-10-17,0.06184,0.06266,6280286.77,12
USDC,2022-10-17,0.9999,1.0,42735.19,5
USDT,2022-10-17,1.0,1.0,42733.75,3
XRP,2022-10-17,0.4766,0.4799,125317979.79,6
ADA,2022-10-18,0.3726,0.3623,24692352.28,8
AVAX,2022-10-18,16.18,15.87,16355547.61,13
BNB,2022-10-18,275.75,273.18,21020993.9,4
BTC,2022-10-18,19550.49,19330.29,1167039781.8,1
DOGE,2022-10-18,0.05997,0.05976,15503844.2,10
DOT,2022-10-18,6.252,6.157,13901916.71,11
ETH,2022-10-18,1331.52,1310.78,936900282.81,2
LTC,2022-10-18,51.84,51.87,17565202.82,14
MATIC,2022-10-18,0.8482,0.8641,59818417.59,9
SOL,2022-10-18,31.21,30.14,78873536.13,7
TON,2022-10-18,1.248,1.248,42215.6,15
TRX,2022-10-18,0.06266,0.06219,6545021.31,12
USDC,2022-10-18,1.0,0.9996,59995.88,5
USDT,2022-10-18,1.0,1.0,60025.89,3
XRP,2022-10-18,0.4799,0.4658,101223679.24,6
ADA,2022-10-19,0.3623,0.3497,25772851.55,8
AVAX,2022-10-19,15.87,15.06,15799555.79,13
BNB,2022-10-19,273.18,271.92,13504450.59,4
BTC,2022-10-19,19330.29,19123.89,943284685.97,1
DOGE,2022-10-19,0.05976,0.05869,20950422.68,10
DOT,2022-10-19,6.157,6.104,15572770.85,11
ETH,2022-10-19,1310.78,1284.85,706514928.62,2
LTC,2022-10-19,51.87,50.94,20588606.51,14
MATIC,2022-10-19,0.8641,0.8446,52545372.83,9
SOL,2022-10-19,30.14,28.85,75947010.64,7
TON,2022-10-19,1.248,1.229,41187.05,15
TRX,2022-10-19,0.06219,0.06176,6193497.15,12
USDC,2022-10-19,0.9994,0.9998,544102.53,5
USDT,2022-10-19,1.0,1.0,49129.92,3
XRP,2022-10-19,0.4658,0.4506,104648892.16,6
ADA,2022-10-20,0.3497,0.34,43092561.35,8
AVAX,2022-10-20,15.06,15.14,28217382.71,13
BNB,2022-10-20,271.92,268.93,19814311.43,4
BTC,2022-10-20,19123.89,19043.54,1244652119.42,1
DOGE,2022-10-20,0.05869,0.05943,24504229.78,10
DOT,2022-10-20,6.104,5.886,17209384.74,11
ETH,2022-10-20,1284.85,1282.68,805186791.44,2
LTC,2022-10-20,50.94,51.23,20644050.29,14
MATIC,2022-10-20,0.8446,0.8096,53241007.34,9
SOL,2022-10-20,28.85,28.01,102495803.99,7
TON,2022-10-20,1.229,1.361,51759.45,15
TRX,2022-10-20,0.06176,0.06214,3173867.46,12
USDC,2022-10-20,0.9998,0.9999,65081.45,5
USDT,2022-10-20,1.0,1.0,65086.99,3
XRP,2022-10-20,0.4506,0.4466,129796033.9,6
ADA,2022-10-21,0.34,0.3492,31651975.58,7
AVAX,2022-10-21,15.14,15.7,19321817.1,13
BNB,2022-10-21,268.93,270.04,22876580.7,4
BTC,2022-10-21,19043.54,19166.4,1191982244.05,1
DOGE,2022-10-21,0.05943,0.05933,17028792.67,10
DOT,2022-10-21,5.886,5.834,21864851.69,11
ETH,2022-10-21,1282.68,1299.88,817282417.74,2
LTC,2022-10-21,51.23,51.63,22171070.01,14
MATIC,2022-10-21,0.8096,0.8321,47761653.34,9
SOL,2022-10-21,28.01,28.1,118698104.26,8
TON,2022-10-21,1.361,1.387,58456.76,15
TRX,2022-10-21,0.06214,0.06167,5131175.18,12
USDC,2022-10-21,0.9999,0.9999,62636.27,5
USDT,2022-10-21,1.0,1.0,62650.36,3
XRP,2022-10-21,0.4466,0.4615,100250613.18,6
ADA,2022-10-22,0.3492,0.3514,19604549.31,7
AVAX,2022-10-22,15.7,15.69,8449939.02,13
BNB,2022-10-22,270.04,270.44,10891998.18,4
BTC,2022-10-22,19166.4,19207.57,314703377.71,1
DOGE,2022-10-22,0.05933,0.05971,10987170.62,10
DOT,2022-10-22,5.834,5.845,9764644.13,11
ETH,2022-10-22,1299.88,1313.91,272863413.86,2
LTC,2022-10-22,51.63,52.19,12380985.36,14
MATIC,2022-10-22,0.8321,0.8319,19445578.24,9
SOL,2022-10-22,28.1,28.01,43241858.58,8
TON,2022-10-22,1.387,1.387,46396.56,15
TRX,2022-10-22,0.06167,0.06156,2622318.21,12
USDC,2022-10-22,0.9999,1.0,208596.84,5
USDT,2022-10-22,1.0,1.0,169915790.76,3
XRP,2022-10-22,0.4615,0.4655,32078197.76,6
ADA,2022-10-23,0.3514,0.3622,24708776.31,7
AVAX,2022-10-23,15.69,16.31,13304261.87,13
BNB,2022-10-23,270.44,276.0,16097944.12,4
BTC,2022-10-23,19207.57,19572.6,607568457.44,1
DOGE,2022-10-23,0.05971,0.06038,14244169.25,10
DOT,2022-10-23,5.845,5.964,10270887.98,11
ETH,2022-10-23,1313.91,1364.2,561742750.96,2
LTC,2022-10-23,52.19,54.03,15048284.87,14
MATIC,2022-10-23,0.8319,0.899,37944196.9,9
SOL,2022-10-23,28.01,29.28,67687355.81,8
TON,2022-10-23,1.387,1.391,46366.88,15
TRX,2022-10-23,0.06156,0.06193,2388186.74,12
USDC,2022-10-23,1.0,1.001,421597.94,5
USDT,2022-10-23,1.0,1.0,31313.55,3
XRP,2022-10-23,0.4655,0.4689,34719720.3,6
ADA,2022-10-24,0.3622,0.3573,24321112.09,7
AVAX,2022-10-24,16.31,15.76,10392081.16,13
BNB,2022-10-24,276.0,274.23,24297268.46,4
BTC,2022-10-24,19572.6,19331.06,1228052555.79,1
DOGE,2022-10-24,0.06038,0.05947,19943976.32,10
DOT,2022-10-24,5.964,5.914,10970491.81,11
ETH,2022-10-24,1364.2,1343.83,969857919.89,2
LTC,2022-10-24,54.03,52.55,23937965.53,14
MATIC,2022-10-24,0.899,0.8933,65625451.36,9
SOL,2022-10-24,29.28,28.3,69996386.08,8
TON,2022-10-24,1.391,1.44,48726.68,15
TRX,2022-10-24,0.06193,0.06132,3228607.19,12
USDC,2022-10-24,1.001,0.9996,721088.78,5
USDT,2022-10-24,1.0,1.0,63451.3,3
XRP,2022-10-24,0.4689,0.4532,111974131.23,6
ADA,2022-10-25,0.3573,0.4,105202471.06,7
AVAX,2022-10-25,15.76,16.64,23157370.76,13
BNB,2022-10-25,274.23,284.26,62318898.5,4
BTC,2022-10-25,19331.06,20087.18,2052122456.45,1
DOGE,2022-10-25,0.05947,0.06303,41620390.27,10
DOT,2022-10-25,5.914,6.441,39686109.44,11
ETH,2022-10-25,1343.83,1460.37,2350835728.61,2
LTC,2022-10-25,52.55,55.95,36211167.89,14
MATIC,2022-10-25,0.8933,0.9178,76014725.52,9
SOL,2022-10-25,28.3,30.88,207759844.54,8
TON,2022-10-25,1.44,1.835,89157.76,15
TRX,2022-10-25,0.06132,0.06236,3580937.01,12
USDC,2022-10-25,0.9996,0.9981,1639175.59,5
USDT,2022-10-25,1.0,1.0,1642622.12,3
XRP,2022-10-25,0.4532,0.4608,118348363.78,6
ADA,2022-10-26,0.4,0.4031,47770502.33,7
AVAX,2022-10-26,16.64,17.02,19833184.28,13
BNB,2022-10-26,284.19,290.65,306762229.58,4
BTC,2022-10-26,20087.18,20776.76,2453067543.31,1
DOGE,2022-10-26,0.06303,0.07276,82437208.3,9
DOT,2022-10-26,6.441,6.469,19267562.45,11
ETH,2022-10-26,1460.37,1566.85,2821129189.15,2
LTC,2022-10-26,55.95,56.41,31480413.44,14
MATIC,2022-10-26,0.9178,0.9379,69625022.68,10
SOL,2022-10-26,30.88,31.29,130320344.36,8
TON,2022-10-26,1.835,1.926,76571.86,15
TRX,2022-10-26,0.06236,0.06342,4071977.3,12
USDC,2022-10-26,0.9981,1.001,1836348.83,5
USDT,2022-10-26,1.0,1.001,1836595.14,3
XRP,2022-10-26,0.4608,0.469,94721034.84,6
ADA,2022-10-27,0.4031,0.3883,55411786.78,7
AVAX,2022-10-27,17.02,16.9,24400564.73,13
BNB,2022-10-27,290.65,286.52,57172278.66,4
BTC,2022-10-27,20776.76,20295.28,1813055358.34,1
DOGE,2022-10-27,0.07276,0.07689,164742647.61,9
DOT,2022-10-27,6.469,6.329,21714010.68,11
ETH,2022-10-27,1566.85,1514.35,2182940242.05,2
LTC,2022-10-27,56.41,54.76,29358706.42,14
MATIC,2022-10-27,0.9379,0.9037,64879568.93,10
SOL,2022-10-27,31.29,30.58,156220713.95,8
TON,2022-10-27,1.926,1.646,80989.49,15
TRX,2022-10-27,0.06342,0.06296,3274119.29,12
USDC,2022-10-27,1.001,0.9997,1408499.71,5
USDT,2022-10-27,1.001,1.0,1409048.52,3
XRP,2022-10-27,0.469,0.4617,101277141.97,6
ADA,2022-10-28,0.3883,0.4045,50104067.25,7
AVAX,2022-10-28,16.9,18.34,28513904.2,13
BNB,2022-10-28,286.95,298.09,50780643.01,4
BTC,2022-10-28,20295.28,20599.89,1597589795.85,1
DOGE,2022-10-28,0.07689,0.08387,251905202.97,9
DOT,2022-10-28,6.329,6.52,16006022.93,11
ETH,2022-10-28,1514.35,1555.12,1703276756.19,2
LTC,2022-10-28,54.76,54.94,23779690.99,14
MATIC,2022-10-28,0.9037,0.9448,53079587.36,10
SOL,2022-10-28,30.58,32.07,120576731.07,8
TON,2022-10-28,1.646,1.663,58816.82,15
TRX,2022-10-28,0.06296,0.06356,2455898.46,12
USDC,2022-10-28,0.9997,0.9995,1114782.97,5
USDT,2022-10-28,1.0,1.0,1115593.18,3
XRP,2022-10-28,0.4617,0.4744,79392999.12,6
ADA,2022-10-29,0.4045,0.4205,63606135.43,8
AVAX,2022-10-29,18.34,18.3,21218422.07,13
BNB,2022-10-29,298.09,304.64,67620153.72,4
BTC,2022-10-29,20599.89,20820.19,1219658735.57,1
DOGE,2022-10-29,0.08387,0.1218,699016914.63,7
DOT,2022-10-29,6.52,6.639,18081226.34,11
ETH,2022-10-29,1555.12,1620.42,1488331267.57,2
LTC,2022-10-29,54.94,56.64,25491402.74,14
MATIC,2022-10-29,0.9448,0.9339,48629769.6,10
SOL,2022-10-29,32.07,32.88,121589101.36,9
TON,2022-10-29,1.663,1.581,55899.13,15
TRX,2022-10-29,0.06356,0.06429,3100519.69,12
USDC,2022-10-29,0.9995,1.0,921390.05,5
USDT,2022-10-29,1.0,1.001,921634.7,3
XRP,2022-10-29,0.4744,0.4703,56372186.43,6
ADA,2022-10-30,0.4205,0.4058,43256516.9,8
AVAX,2022-10-30,18.3,18.25,19783212.23,13
BNB,2022-10-30,304.64,313.73,77065781.2,4
BTC,2022-10-30,20820.19,20630.65,797587682.85,1
DOGE,2022-10-30,0.1218,0.1177,402077018.94,7
DOT,2022-10-30,6.639,6.651,13961084.64,11
ETH,2022-10-30,1620.42,1590.93,891449874.51,2
LTC,2022-10-30,56.64,55.38,22025135.77,14
MATIC,2022-10-30,0.9339,0.9086,38112554.36,10
SOL,2022-10-30,32.88,32.94,77502854.75,9
TON,2022-10-30,1.581,1.621,55190.96,15
TRX,2022-10-30,0.06429,0.0631,2507875.94,12
USDC,2022-10-30,1.0,1.0,556554.62,5
USDT,2022-10-30,1.001,1.0,556677.09,3
XRP,2022-10-30,0.4703,0.4582,44683852.14,6
ADA,2022-10-31,0.4058,0.4056,47525636.73,8
AVAX,2022-10-31,18.25,19.29,42344775.31,12
BNB,2022-10-31,313.73,325.59,157456344.89,4
BTC,2022-10-31,20630.65,20492.56,1260610163.71,1
DOGE,2022-10-31,0.1177,0.1269,365212175.43,7
DOT,2022-10-31,6.651,6.623,20664026.58,11
ETH,2022-10-31,1590.93,1572.88,1615108402.06,2
LTC,2022-10-31,55.38,55.02,35054765.09,14
MATIC,2022-10-31,0.9086,0.9029,43037885.98,10
SOL,2022-10-31,32.94,32.56,152536616.24,9
TON,2022-10-31,1.621,1.516,48729.01,15
TRX,2022-10-31,0.0631,0.06326,3656519.72,13
USDC,2022-10-31,1.0,0.9996,1020262.36,5
USDT,2022-10-31,1.0,0.9998,1020521.78,3
XRP,2022-10-31,0.4582,0.4645,122640531.5,6
ADA,2022-11-01,0.4056,0.4012,35006368.07,8
AVAX,2022-11-01,19.29,18.63,22354890.71,13
BNB,2022-11-01,325.59,323.89,55062164.36,4
BTC,2022-11-01,20492.56,20480.27,997276692.3,1
DOGE,2022-11-01,0.1269,0.1422,564562589.04,7
DOT,2022-11-01,6.623,6.458,10956791.81,11
ETH,2022-11-01,1572.88,1578.51,1109585843.08,2
LTC,2022-11-01,55.02,55.11,24197029.51,14
MATIC,2022-11-01,0.9029,0.874,33804602.34,10
SOL,2022-11-01,32.56,32.2,79466574.35,9
TON,2022-11-01,1.516,1.634,64930.0,15
TRX,2022-11-01,0.06326,0.06278,2831121.75,12
USDC,2022-11-01,0.9996,0.9998,48659.04,5
USDT,2022-11-01,0.9998,0.9997,700317.9,3
XRP,2022-11-01,0.4645,0.4635,103641032.58,6
ADA,2022-11-02,0.4012,0.3857,67727478.51,8
AVAX,2022-11-02,18.63,17.92,31796163.86,13
BNB,2022-11-02,323.89,320.23,68377958.88,4
BTC,2022-11-02,20480.27,20150.33,1861306372.17,1
DOGE,2022-11-02,0.1422,0.1277,415555616.41,7
DOT,2022-11-02,6.458,6.254,19510814.29,11
ETH,2022-11-02,1578.51,1518.33,2037801666.52,2
LTC,2022-11-02,55.11,60.95,78194351.76,14
MATIC,2022-11-02,0.874,0.8735,90702271.84,10
SOL,2022-11-02,32.2,30.81,140973726.46,9
TON,2022-11-02,1.634,1.556,54251.85,15
TRX,2022-11-02,0.06278,0.06155,4126550.27,12
USDC,2022-11-02,0.9992,0.9994,1302449.31,5
USDT,2022-11-02,0.9997,0.9998,1302972.47,3
XRP,2022-11-02,0.4635,0.4498,79693090.0,6
ADA,2022-11-03,0.3857,0.3894,34366580.85,8
AVAX,2022-11-03,17.92,18.04,21152274.95,13
BNB,2022-11-03,320.23,329.55,73355205.79,4
BTC,2022-11-03,20150.33,20207.99,1095711784.35,1
DOGE,2022-11-03,0.1277,0.1226,239217835.34,7
DOT,2022-11-03,6.254,6.425,14808366.75,11
ETH,2022-11-03,1518.33,1530.87,1152727124.17,2
LTC,2022-11-03,60.95,61.88,68931032.0,14
MATIC,2022-11-03,0.8735,0.9511,148802899.29,10
SOL,2022-11-03,30.81,30.85,86575228.07,9
TON,2022-11-03,1.556,1.617,55521.44,15
TRX,2022-11-03,0.06155,0.06175,5992187.39,12
USDC,2022-11-03,0.9994,1.0,748223.37,5
USDT,2022-11-03,0.9998,0.9998,747891.1,3
XRP,2022-11-03,0.4498,0.4549,77040717.83,6
ADA,2022-11-04,0.3894,0.4216,85203690.74,8
AVAX,2022-11-04,18.04,19.39,27444589.85,12
BNB,2022-11-04,329.55,354.64,91246828.57,4
BTC,2022-11-04,20207.99,21150.6,2037648086.91,1
DOGE,2022-11-04,0.1226,0.1262,276436082.52,7
DOT,2022-11-04,6.425,7.058,27630395.44,11
ETH,2022-11-04,1530.87,1645.06,1925861769.02,2
LTC,2022-11-04,61.88,67.61,72060018.58,14
MATIC,2022-11-04,0.9511,1.169,264679931.27,10
SOL,2022-11-04,30.85,33.74,155256328.39,9
TON,2022-11-04,1.617,1.679,83413.22,15
TRX,2022-11-04,0.06175,0.06384,3303684.16,13
USDC,2022-11-04,1.0,1.0,1195648.82,5
USDT,2022-11-04,1.0,1.0,97938.4,3
XRP,2022-11-04,0.4549,0.5064,125608492.51,6
ADA,2022-11-05,0.4216,0.4265,53916199.35,9
AVAX,2022-11-05,19.39,19.6,33176653.17,12
BNB,2022-11-05,354.64,349.47,47885312.01,4
BTC,2022-11-05,21150.6,21301.57,706196028.56,1
DOGE,2022-11-05,0.1262,0.1245,155848051.75,7
DOT,2022-11-05,7.058,7.024,18128000.17,11
ETH,2022-11-05,1645.06,1627.42,611265136.47,2
LTC,2022-11-05,67.61,69.3,52901785.61,14
MATIC,2022-11-05,1.169,1.185,173555820.25,10
SOL,2022-11-05,33.74,36.89,250593258.95,8
TON,2022-11-05,1.679,1.676,78276.38,15
TRX,2022-11-05,0.06384,0.06363,3270600.48,13
USDC,2022-11-05,0.9998,1.001,33126.81,5
USDT,2022-11-05,1.0,1.0,33107.49,3
XRP,2022-11-05,0.5064,0.4931,39841864.59,6
ADA,2022-11-06,0.4265,0.4021,40806461.37,8
AVAX,2022-11-06,19.6,18.25,16807236.9,14
BNB,2022-11-06,349.47,338.13,42615634.88,4
BTC,2022-11-06,21301.57,20910.59,586960236.65,1
DOGE,2022-11-06,0.1245,0.1149,110545154.3,7
DOT,2022-11-06,7.024,6.815,16098023.32,11
ETH,2022-11-06,1627.42,1568.75,735107790.65,2
LTC,2022-11-06,69.3,68.28,39967242.83,13
MATIC,2022-11-06,1.185,1.135,114643744.9,10
SOL,2022-11-06,36.89,32.62,181830879.84,9
TON,2022-11-06,1.676,1.603,58735.35,15
TRX,2022-11-06,0.06363,0.0627,3932277.61,12
USDC,2022-11-06,1.001,0.9996,27690.28,5
USDT,2022-11-06,1.0,0.9991,455922.04,3
XRP,2022-11-06,0.4931,0.4712,43700939.11,6
ADA,2022-11-07,0.4021,0.4041,46980464.64,8
AVAX,2022-11-07,18.25,18.08,27043293.08,14
BNB,2022-11-07,338.13,337.08,93017814.5,4
BTC,2022-11-07,20910.59,20593.73,1506814091.81,1
DOGE,2022-11-07,0.1149,0.1112,134765452.24,7
DOT,2022-11-07,6.815,7.119,20360572.6,11
ETH,2022-11-07,1568.75,1568.45,1378127340.69,2
LTC,2022-11-07,68.28,67.47,73188729.31,13
MATIC,2022-11-07,1.135,1.257,219666575.67,9
SOL,2022-11-07,32.62,29.62,289915425.99,10
TON,2022-11-07,1.603,1.78,71810.02,15
TRX,2022-11-07,0.0627,0.0623,5144735.1,12
USDC,2022-11-07,0.9996,1.0,72625.57,5
USDT,2022-11-07,1.0,1.0,952126134.25,3
XRP,2022-11-07,0.4712,0.4649,137850269.01,6
ADA,2022-11-08,0.4041,0.3723,128826995.12,7
AVAX,2022-11-08,18.08,16.02,71661467.36,13
BNB,2022-11-08,337.08,328.25,328636558.0,4
BTC,2022-11-08,20593.73,18544.7,4026079371.74,1
DOGE,2022-11-08,0.1112,0.08824,258919745.43,8
DOT,2022-11-08,7.119,6.306,45345956.18,11
ETH,2022-11-08,1568.45,1334.22,4107836408.23,2
LTC,2022-11-08,67.47,57.79,86414979.07,14
MATIC,2022-11-08,1.257,1.044,297450144.26,9
SOL,2022-11-08,29.62,24.02,717915107.17,10
TON,2022-11-08,1.78,1.607,65487.47,15
TRX,2022-11-08,0.0623,0.05886,11120072.22,12
USDC,2022-11-08,0.9999,0.9999,76803212.58,5
USDT,2022-11-08,1.001,0.9951,2873850.52,3
XRP,2022-11-08,0.4649,0.4061,201114504.09,6
ADA,2022-11-09,0.3723,0.3171,122662271.81,7
AVAX,2022-11-09,16.02,12.86,52774907.09,14
BNB,2022-11-09,328.25,260.82,151948841.08,4
BTC,2022-11-09,18544.7,15820.02,4215919087.89,1
DOGE,2022-11-09,0.08824,0.07421,170242810.42,8
DOT,2022-11-09,6.306,5.398,72436504.93,11
ETH,2022-11-09,1334.22,1104.17,3360130314.53,2
LTC,2022-11-09,57.79,50.52,63997011.63,13
MATIC,2022-11-09,1.044,0.8092,227447645.17,9
SOL,2022-11-09,24.02,14.17,555865153.48,10
TON,2022-11-09,1.607,1.367,56022.33,15
TRX,2022-11-09,0.05886,0.06438,93183081.2,12
USDC,2022-11-09,0.9999,0.9999,117774952.73,5
USDT,2022-11-09,0.9986,0.994,244053.36,3
XRP,2022-11-09,0.4061,0.329,125689721.23,6
ADA,2022-11-10,0.3171,0.3678,109439432.15,7
AVAX,2022-11-10,12.86,15.37,30220973.9,14
BNB,2022-11-10,260.82,303.18,78492453.24,4
BTC,2022-11-10,15820.02,17559.67,2835119228.72,1
DOGE,2022-11-10,0.07421,0.08957,130091313.36,8
DOT,2022-11-10,5.398,5.953,35655963.74,11
ETH,2022-11-10,1104.17,1296.01,1773564733.66,2
LTC,2022-11-10,50.52,60.35,52374745.22,13
MATIC,2022-11-10,0.8092,1.122,200446842.13,9
SOL,2022-11-10,14.17,17.6,249540059.42,10
TON,2022-11-10,1.367,1.568,61829.43,15
TRX,2022-11-10,0.06438,0.05774,84042832.63,12
USDC,2022-11-10,0.9999,1.0,111842265.26,5
USDT,2022-11-10,0.994,0.9975,167075.64,3
XRP,2022-11-10,0.329,0.3942,81392804.32,6
ADA,2022-11-11,0.3678,0.3545,49980916.78,7
AVAX,2022-11-11,15.37,14.09,19608125.19,14
BNB,2022-11-11,303.26,289.47,52132622.88,4
BTC,2022-11-11,17559.67,17007.72,1767514338.22,1
DOGE,2022-11-11,0.08957,0.08488,80639828.5,8
DOT,2022-11-11,5.953,5.741,28775097.98,11
ETH,2022-11-11,1296.01,1285.23,1409146347.24,2
LTC,2022-11-11,60.35,61.32,36638692.49,12
MATIC,2022-11-11,1.122,1.062,137933082.05,9
SOL,2022-11-11,17.6,16.35,123926031.06,10
TON,2022-11-11,1.568,1.525,60841.95,15
TRX,2022-11-11,0.05774,0.05592,3652029.11,13
USDC,2022-11-11,1.0,1.0,69375438.29,5
USDT,2022-11-11,0.9975,0.9969,103626.52,3
XRP,2022-11-11,0.3942,0.3839,36304105.74,6
ADA,2022-11-12,0.3545,0.3392,33372811.7,8
AVAX,2022-11-12,14.09,13.08,10888145.07,14
BNB,2022-11-12,289.47,282.3,45611617.83,4
BTC,2022-11-12,17007.72,16773.9,582536367.95,1
DOGE,2022-11-12,0.08488,0.08803,104842226.86,7
DOT,2022-11-12,5.741,5.765,11508230.36,10
ETH,2022-11-12,1285.23,1254.95,427130657.25,2
LTC,2022-11-12,61.32,59.86,25930534.44,13
MATIC,2022-11-12,1.062,0.938,80515749.35,9
SOL,2022-11-12,16.35,14.55,54678113.91,11
TON,2022-11-12,1.525,1.549,61514.49,15
TRX,2022-11-12,0.05592,0.05495,2313973.84,12
USDC,2022-11-12,1.0,1.0,46605182.17,5
USDT,2022-11-12,0.9969,0.9984,34575.1,3
XRP,2022-11-12,0.3839,0.3632,15602163.79,6
ADA,2022-11-13,0.3392,0.3294,36042010.78,8
AVAX,2022-11-13,13.08,13.0,10839292.06,14
BNB,2022-11-13,282.3,276.09,31157012.48,4
BTC,2022-11-13,16773.9,16307.47,586182485.99,1
DOGE,2022-11-13,0.08803,0.08488,63584409.92,7
DOT,2022-11-13,5.765,5.74,13620745.34,10
ETH,2022-11-13,1254.95,1219.85,429569400.6,2
LTC,2022-11-13,59.86,57.32,15111798.5,12
MATIC,2022-11-13,0.938,0.8882,62514984.95,9
SOL,2022-11-13,14.55,13.17,57772641.2,11
TON,2022-11-13,1.549,1.641,72166.14,15
TRX,2022-11-13,0.05495,0.05086,10179431.7,13
USDC,2022-11-13,1.0,1.0,36259848.65,5
USDT,2022-11-13,0.9984,0.9984,35324.57,3
XRP,2022-11-13,0.3632,0.3399,28717447.54,6
ADA,2022-11-14,0.3294,0.3317,42877013.96,8
AVAX,2022-11-14,13.0,13.12,14022216.5,14
BNB,2022-11-14,276.38,278.18,26811844.39,4
BTC,2022-11-14,16307.47,16592.04,1384247874.05,1
DOGE,2022-11-14,0.08488,0.0858,73614428.65,7
DOT,2022-11-14,5.74,5.857,12815038.83,10
ETH,2022-11-14,1219.85,1241.39,855858844.55,2
LTC,2022-11-14,57.32,56.6,25542577.88,12
MATIC,2022-11-14,0.8882,0.9168,82671545.6,9
SOL,2022-11-14,13.17,13.98,83899085.54,11
TON,2022-11-14,1.641,1.659,74102.14,15
TRX,2022-11-14,0.05086,0.0501,7503238.92,13
USDC,2022-11-14,1.0,1.0,64364223.27,5
USDT,2022-11-14,0.9984,0.9984,84131.76,3
XRP,2022-11-14,0.3399,0.3763,93245783.14,6
ADA,2022-11-15,0.3317,0.3369,34250717.57,8
AVAX,2022-11-15,13.12,13.5,10146185.9,14
BNB,2022-11-15,278.41,276.65,31813548.73,4
BTC,2022-11-15,16592.04,16879.14,1282932319.76,1
DOGE,2022-11-15,0.0858,0.08694,49699027.21,7
DOT,2022-11-15,5.857,5.909,7651654.67,10
ETH,2022-11-15,1241.39,1252.0,723628030.12,2
LTC,2022-11-15,56.6,57.96,17378543.99,12
MATIC,2022-11-15,0.9168,0.9405,63409559.2,9
SOL,2022-11-15,13.98,14.29,64156093.29,11
TON,2022-11-15,1.659,1.675,71423.17,15
TRX,2022-11-15,0.0501,0.05071,2694582.63,13
USDC,2022-11-15,1.0,1.0,63012911.54,5
USDT,2022-11-15,0.9984,0.9988,76113.38,3
XRP,2022-11-15,0.3763,0.3882,66909503.97,6
ADA,2022-11-16,0.3369,0.3317,28499714.4,8
AVAX,2022-11-16,13.5,13.06,8297401.87,14
BNB,2022-11-16,276.65,271.7,26997978.97,4
BTC,2022-11-16,16879.14,16648.05,1075046774.52,1
DOGE,2022-11-16,0.08694,0.08544,38115216.42,7
DOT,2022-11-16,5.909,5.707,11440340.75,10
ETH,2022-11-16,1252.0,1215.24,742289325.22,2
LTC,2022-11-16,57.96,57.47,18672466.24,12
MATIC,2022-11-16,0.9405,0.8976,48952895.49,9
SOL,2022-11-16,14.29,14.27,38727592.57,11
TON,2022-11-16,1.675,1.73,114821.64,15
TRX,2022-11-16,0.05071,0.05017,2147783.81,13
USDC,2022-11-16,1.0,0.9999,67506094.54,5
USDT,2022-11-16,0.9988,0.9988,64529.0,3
XRP,2022-11-16,0.3882,0.3751,46070854.71,6
ADA,2022-11-17,0.3317,0.3248,24654764.49,8
AVAX,2022-11-17,13.06,12.85,7327849.32,14
BNB,2022-11-17,271.8,267.85,12786643.51,4
BTC,2022-11-17,16648.05,16680.21,650179026.0,1
DOGE,2022-11-17,0.08544,0.08458,31011770.14,7
DOT,2022-11-17,5.707,5.666,7019962.35,10
ETH,2022-11-17,1215.24,1199.45,568626212.85,2
LTC,2022-11-17,57.47,62.54,34157033.21,12
MATIC,2022-11-17,0.8976,0.8732,46528216.8,9
SOL,2022-11-17,14.27,13.64,61958318.27,11
TON,2022-11-17,1.73,1.786,64819.41,15
TRX,2022-11-17,0.05017,0.05007,1604089.64,13
USDC,2022-11-17,0.9999,0.9998,64016723.08,5
USDT,2022-11-17,0.9988,0.999,39128.76,3
XRP,2022-11-17,0.3751,0.3816,42118025.42,6
ADA,2022-11-18,0.3248,0.3256,20805291.21,8
AVAX,2022-11-18,12.85,12.99,7157484.09,14
BNB,2022-11-18,267.72,273.69,19139085.1,4
BTC,2022-11-18,16680.21,16677.95,753255014.89,1
DOGE,2022-11-18,0.08458,0.08461,21918610.78,7
DOT,2022-11-18,5.666,5.638,8785183.47,10
ETH,2022-11-18,1199.45,1210.98,441193528.12,2
LTC,2022-11-18,62.54,62.54,22345936.52,12
MATIC,2022-11-18,0.8732,0.8784,30696593.68,9
SOL,2022-11-18,13.64,13.25,33792970.47,11
TON,2022-11-18,1.786,1.79,66645.39,15
TRX,2022-11-18,0.05007,0.05068,1254318.43,13
USDC,2022-11-18,0.9998,1.0,42872909.52,5
USDT,2022-11-18,0.999,0.9987,44989.88,3
XRP,2022-11-18,0.3816,0.3824,24728047.94,6
ADA,2022-11-19,0.3256,0.3278,13880793.97,8
AVAX,2022-11-19,12.99,12.87,4738755.64,14
BNB,2022-11-19,273.69,272.28,14101933.55,4
BTC,2022-11-19,16677.95,16683.72,282884885.11,1
DOGE,2022-11-19,0.08461,0.08441,13757812.32,7
DOT,2022-11-19,5.638,5.594,6764595.49,10
ETH,2022-11-19,1210.98,1216.52,230572688.07,2
LTC,2022-11-19,62.54,63.86,13773115.91,12
MATIC,2022-11-19,0.8784,0.8754,24204231.89,9
SOL,2022-11-19,13.25,12.82,24417246.24,11
TON,2022-11-19,1.79,1.748,65055.42,15
TRX,2022-11-19,0.05068,0.05214,1578751.23,13
USDC,2022-11-19,1.0,0.9999,30625171.29,5
USDT,2022-11-19,0.9987,0.999,168458963.79,3
XRP,2022-11-19,0.3824,0.3841,9910146.64,6
ADA,2022-11-20,0.3278,0.3118,21657504.44,8
AVAX,2022-11-20,12.87,12.17,6269829.62,14
BNB,2022-11-20,272.1,263.88,10311862.7,4
BTC,2022-11-20,16683.72,16253.6,470894190.07,1
DOGE,2022-11-20,0.08441,0.07692,34865111.22,7
DOT,2022-11-20,5.594,5.284,10691800.26,10
ETH,2022-11-20,1216.52,1140.47,491708817.05,2
LTC,2022-11-20,63.86,62.01,17530571.9,12
MATIC,2022-11-20,0.8754,0.8059,39219890.14,9
SOL,2022-11-20,12.82,12.26,35433118.28,11
TON,2022-11-20,1.748,1.697,61314.16,15
TRX,2022-11-20,0.05214,0.05005,1303682.59,13
USDC,2022-11-20,0.9999,0.9999,47375691.46,5
USDT,2022-11-20,0.9989,0.998,418384.69,3
XRP,2022-11-20,0.3841,0.3609,34813772.63,6
ADA,2022-11-21,0.3118,0.3043,40500654.15,7
AVAX,2022-11-21,12.17,11.82,8814615.13,14
BNB,2022-11-21,263.88,253.56,18155709.37,4
BTC,2022-11-21,16253.6,15760.19,1289350720.98,1
DOGE,2022-11-21,0.07692,0.0746,46945097.04,8
DOT,2022-11-21,5.284,5.18,15331376.59,10
ETH,2022-11-21,1140.47,1105.99,990700383.48,2
LTC,2022-11-21,62.01,61.25,34113874.74,12
MATIC,2022-11-21,0.8059,0.7953,51318574.92,9
SOL,2022-11-21,12.26,11.83,47854445.4,11
TON,2022-11-21,1.697,1.721,61607.2,15
TRX,2022-11-21,0.05005,0.05148,2615345.5,13
USDC,2022-11-21,0.9999,0.9999,66666114.57,5
USDT,2022-11-21,0.9982,0.9988,80755.87,3
XRP,2022-11-21,0.3609,0.364,75458673.79,6
ADA,2022-11-22,0.3043,0.3122,30096304.73,8
AVAX,2022-11-22,11.82,12.33,9037414.28,14
BNB,2022-11-22,253.56,265.98,11384578.82,4
BTC,2022-11-22,15760.19,16198.25,1184556737.9,1
DOGE,2022-11-22,0.0746,0.07856,44285946.66,7
DOT,2022-11-22,5.18,5.274,13735550.92,10
ETH,2022-11-22,1105.99,1137.75,824490701.43,2
LTC,2022-11-22,61.25,70.54,53578412.12,12
MATIC,2022-11-22,0.7953,0.8505,62259826.06,9
SOL,2022-11-22,11.83,12.43,54701419.1,11
TON,2022-11-22,1.721,1.746,63172.38,15
TRX,2022-11-22,0.05148,0.05067,3480516.29,13
USDC,2022-11-22,0.9999,0.9999,46040507.43,5
USDT,2022-11-22,0.9988,0.9985,74028.87,3
XRP,2022-11-22,0.364,0.3753,58670811.39,6
ADA,2022-11-23,0.3122,0.3182,22390611.64,8
AVAX,2022-11-23,12.33,13.07,8080897.38,14
BNB,2022-11-23,265.98,298.5,30454553.25,4
BTC,2022-11-23,16198.25,16590.98,1087435133.37,1
DOGE,2022-11-23,0.07856,0.08186,40383121.14,7
DOT,2022-11-23,5.274,5.429,11661061.91,11
ETH,2022-11-23,1137.75,1183.69,750643596.67,2
LTC,2022-11-23,70.54,78.89,98033984.28,12
MATIC,2022-11-23,0.8505,0.8608,50063086.65,9
SOL,2022-11-23,12.43,14.34,93973604.3,10
TON,2022-11-23,1.746,1.764,60083.28,15
TRX,2022-11-23,0.05067,0.05179,2060738.35,13
USDC,2022-11-23,0.9999,0.9998,60388293.95,5
USDT,2022-11-23,0.9985,0.9991,65996.55,3
XRP,2022-11-23,0.3753,0.3813,54332308.54,6
ADA,2022-11-24,0.3182,0.316,15749048.1,8
AVAX,2022-11-24,13.07,12.94,5899471.59,14
BNB,2022-11-24,297.97,299.75,28267438.86,4
BTC,2022-11-24,16590.98,16588.46,624934230.62,1
DOGE,2022-11-24,0.08186,0.08142,21418581.7,7
DOT,2022-11-24,5.429,5.382,8767934.24,11
ETH,2022-11-24,1183.69,1202.96,547060532.6,2
LTC,2022-11-24,78.89,78.61,52816784.06,12
MATIC,2022-11-24,0.8608,0.8485,37088963.03,9
SOL,2022-11-24,14.34,14.59,61982386.71,10
TON,2022-11-24,1.764,1.737,56765.12,15
TRX,2022-11-24,0.05179,0.05283,2765464.58,13
USDC,2022-11-24,0.9998,0.9998,107897940.84,5
USDT,2022-11-24,0.9989,0.9992,470874347.42,3
XRP,2022-11-24,0.3813,0.4017,40883137.22,6
ADA,2022-11-25,0.316,0.3145,14481505.28,8
AVAX,2022-11-25,12.94,12.81,3976836.03,14
BNB,2022-11-25,299.75,300.29,25296641.15,4
BTC,2022-11-25,16588.46,16508.33,572460119.25,1
DOGE,2022-11-25,0.08142,0.08941,73124444.29,7
DOT,2022-11-25,5.382,5.261,5580771.94,11
ETH,2022-11-25,1202.96,1198.4,396616881.99,2
LTC,2022-11-25,78.61,74.01,46322437.14,12
MATIC,2022-11-25,0.8485,0.8436,24723140.76,9
SOL,2022-11-25,14.59,14.01,37739863.17,10
TON,2022-11-25,1.737,1.712,59907.89,15
TRX,2022-11-25,0.05283,0.05293,1814639.96,13
USDC,2022-11-25,0.9998,1.0,44161052.65,5
USDT,2022-11-25,0.9992,0.9993,368934132.36,3
XRP,2022-11-25,0.4017,0.4077,40805179.56,6
ADA,2022-11-26,0.3145,0.3134,13834713.64,8
AVAX,2022-11-26,12.81,12.76,4173453.3,14
BNB,2022-11-26,300.29,311.1,36723810.43,4
BTC,2022-11-26,16508.33,16451.53,346443601.6,1
DOGE,2022-11-26,0.08941,0.08885,69118663.66,7
DOT,2022-11-26,5.261,5.296,6575621.73,11
ETH,2022-11-26,1198.4,1204.94,329190686.13,2
LTC,2022-11-26,74.01,76.43,37922138.94,12
MATIC,2022-11-26,0.8436,0.8457,22191345.32,9
SOL,2022-11-26,14.01,14.17,36216173.22,10
TON,2022-11-26,1.712,1.718,61450.07,15
TRX,2022-11-26,0.05293,0.05279,1120763.15,13
USDC,2022-11-26,1.0,0.9999,47249873.71,5
USDT,2022-11-26,0.9993,0.9993,262159597.59,3
XRP,2022-11-26,0.4077,0.3962,13964692.0,6
ADA,2022-11-27,0.3134,0.3123,11704312.74,8
AVAX,2022-11-27,12.76,12.84,4146655.54,14
BNB,2022-11-27,311.1,307.23,19915101.68,4
BTC,2022-11-27,16451.53,16420.87,300543689.5,1
DOGE,2022-11-27,0.08885,0.09856,145501701.44,7
DOT,2022-11-27,5.296,5.299,5030668.1,11
ETH,2022-11-27,1204.94,1193.2,267300240.57,2
LTC,2022-11-27,76.43,74.89,29816043.53,12
MATIC,2022-11-27,0.8457,0.8435,22184374.55,9
SOL,2022-11-27,14.17,14.1,30027758.0,10
TON,2022-11-27,1.718,1.713,53430.04,15
TRX,2022-11-27,0.05279,0.05327,1190074.46,13
USDC,2022-11-27,0.9999,0.9999,57876372.84,5
USDT,2022-11-27,0.9993,0.9994,210717833.77,3
XRP,2022-11-27,0.3962,0.3964,15437304.02,6
ADA,2022-11-28,0.3123,0.3064,22155882.21,8
AVAX,2022-11-28,12.84,12.45,6805430.88,14
BNB,2022-11-28,307.23,293.35,29916013.61,4
BTC,2022-11-28,16420.87,16207.01,867757025.61,1
DOGE,2022-11-28,0.09856,0.09511,103920530.43,7
DOT,2022-11-28,5.299,5.129,15578449.44,11
ETH,2022-11-28,1193.2,1167.3,526904922.21,2
LTC,2022-11-28,74.89,73.88,46725049.12,12
MATIC,2022-11-28,0.8435,0.821,36614907.54,9
SOL,2022-11-28,14.1,13.33,62750014.75,10
TON,2022-11-28,1.713,1.703,45054.18,15
TRX,2022-11-28,0.05327,0.05303,4601431.33,13
USDC,2022-11-28,0.9999,1.0,108813934.49,5
USDT,2022-11-28,0.9994,0.9995,554314313.94,3
XRP,2022-11-28,0.3964,0.3891,77265304.69,6
ADA,2022-11-29,0.3064,0.309,18063120.01,8
AVAX,2022-11-29,12.45,12.47,8120505.96,14
BNB,2022-11-29,293.35,295.28,24081692.49,4
BTC,2022-11-29,16207.01,16431.79,833578637.87,1
DOGE,2022-11-29,0.09511,0.1014,108858100.99,7
DOT,2022-11-29,5.129,5.302,13121353.8,10
ETH,2022-11-29,1167.3,1215.7,573752908.47,2
LTC,2022-11-29,73.88,75.76,36642133.59,12
MATIC,2022-11-29,0.821,0.8383,24493744.66,9
SOL,2022-11-29,13.33,13.34,31363869.47,11
TON,2022-11-29,1.703,1.714,61711.92,15
TRX,2022-11-29,0.05303,0.05325,1660869.25,13
USDC,2022-11-29,1.0,0.9999,134763175.72,5
USDT,2022-11-29,0.9995,0.9997,441777893.63,3
XRP,2022-11-29,0.3891,0.398,53404954.29,6
ADA,2022-11-30,0.309,0.3189,34575019.44,8
AVAX,2022-11-30,12.47,13.16,10659843.11,14
BNB,2022-11-30,295.28,300.34,23575288.62,4
BTC,2022-11-30,16431.79,17162.35,1460126671.64,1
DOGE,2022-11-30,0.1014,0.1068,125536961.14,7
DOT,2022-11-30,5.302,5.463,13577921.66,11
ETH,2022-11-30,1215.7,1294.92,893091016.94,2
LTC,2022-11-30,75.76,79.22,40148454.53,12
MATIC,2022-11-30,0.8383,0.9339,75449563.75,9
SOL,2022-11-30,13.34,14.15,47469116.41,10
TON,2022-11-30,1.714,1.752,66923.24,15
TRX,2022-11-30,0.05325,0.05461,1480336.03,13
USDC,2022-11-30,0.9999,0.9999,33817185.88,5
USDT,2022-11-30,0.9993,0.9999,86340.3,3
XRP,2022-11-30,0.398,0.4079,38941276.64,6
ADA,2022-12-01,0.3189,0.3144,17979994.67,8
AVAX,2022-12-01,13.16,12.9,5463555.58,14
BNB,2022-12-01,300.34,292.37,35766678.28,4
BTC,2022-12-01,17162.35,16978.64,978462617.82,1
DOGE,2022-12-01,0.1068,0.1017,65430642.06,7
DOT,2022-12-01,5.463,5.405,9080492.06,10
ETH,2022-12-01,1294.92,1276.36,556451968.76,2
LTC,2022-12-01,79.22,77.56,35337399.7,12
MATIC,2022-12-01,0.9339,0.9084,64697561.88,9
SOL,2022-12-01,14.15,13.52,27422681.56,11
TON,2022-12-01,1.752,1.803,111246.01,15
TRX,2022-12-01,0.05461,0.05415,1303436.98,13
USDC,2022-12-01,0.9999,0.9998,28651868.87,5
USDT,2022-12-01,0.9999,1.001,57391.42,3
XRP,2022-12-01,0.4079,0.3964,34734052.7,6
ADA,2022-12-02,0.3144,0.3192,15107166.33,8
AVAX,2022-12-02,12.9,13.58,8955266.64,14
BNB,2022-12-02,292.37,293.51,21014603.89,4
BTC,2022-12-02,16978.64,17094.49,771518084.81,1
DOGE,2022-12-02,0.1017,0.1022,57150513.43,7
DOT,2022-12-02,5.405,5.617,14648345.34,10
ETH,2022-12-02,1276.36,1295.61,536043267.27,2
LTC,2022-12-02,77.56,77.95,24010626.61,12
MATIC,2022-12-02,0.9084,0.9488,51840618.64,9
SOL,2022-12-02,13.52,13.72,21385441.19,11
TON,2022-12-02,1.803,1.8,78678.84,15
TRX,2022-12-02,0.05415,0.05444,1153608.53,13
USDC,2022-12-02,0.9998,0.9999,71943580.73,5
USDT,2022-12-02,1.001,1.0,45501.97,3
XRP,2022-12-02,0.3964,0.3958,29953265.15,6
ADA,2022-12-03,0.3192,0.3197,17531529.5,8
AVAX,2022-12-03,13.58,13.41,7598051.49,14
BNB,2022-12-03,293.51,290.48,14837277.51,4
BTC,2022-12-03,17094.49,16888.31,419139334.98,1
DOGE,2022-12-03,0.1022,0.0996,51375767.07,7
DOT,2022-12-03,5.617,5.494,8119247.23,10
ETH,2022-12-03,1295.61,1241.13,397801316.77,2
LTC,2022-12-03,77.95,76.46,14855015.83,12
MATIC,2022-12-03,0.9488,0.9023,24940852.98,9
SOL,2022-12-03,13.72,13.3,12239592.3,11
TON,2022-12-03,1.8,1.8,100254.57,15
TRX,2022-12-03,0.05444,0.0536,903879.83,13
USDC,2022-12-03,1.0,0.9997,24692.07,5
USDT,2022-12-03,1.0,1.0,24704.15,3
XRP,2022-12-03,0.3958,0.3873,14207780.98,6
ADA,2022-12-04,0.3197,0.3225,13508176.13,8
AVAX,2022-12-04,13.41,13.93,4686985.58,14
BNB,2022-12-04,290.48,291.93,16306031.67,4
BTC,2022-12-04,16888.31,17111.76,508091945.23,1
DOGE,2022-12-04,0.0996,0.1041,51267719.69,7
DOT,2022-12-04,5.494,5.59,6273499.65,10
ETH,2022-12-04,1241.13,1279.89,312004682.21,2
LTC,2022-12-04,76.46,77.15,15429129.78,12
MATIC,2022-12-04,0.9023,0.9217,19926844.65,9
SOL,2022-12-04,13.3,13.71,11675208.22,11
TON,2022-12-04,1.8,1.805,75877.85,15
TRX,2022-12-04,0.0536,0.05312,1088293.91,13
USDC,2022-12-04,1.0,0.9999,40630012.1,5
USDT,2022-12-04,1.0,1.0,29832.96,3
XRP,2022-12-04,0.3873,0.3896,17123837.27,6
ADA,2022-12-05,0.3225,0.3195,17164270.81,8
AVAX,2022-12-05,13.93,13.6,9484814.03,14
BNB,2022-12-05,291.93,288.61,14213190.71,4
BTC,2022-12-05,17111.76,16966.84,1077884559.22,1
DOGE,2022-12-05,0.1041,0.1015,72484124.91,7
DOT,2022-12-05,5.59,5.485,8843329.35,10
ETH,2022-12-05,1279.89,1259.37,588911337.44,2
LTC,2022-12-05,77.15,80.21,56074235.83,12
MATIC,2022-12-05,0.9217,0.9115,42542590.96,9
SOL,2022-12-05,13.71,13.82,29846705.68,11
TON,2022-12-05,1.805,1.826,62307.93,15
TRX,2022-12-05,0.05312,0.05335,1485947.29,13
USDC,2022-12-05,0.9999,0.9999,43914617.38,5
USDT,2022-12-05,1.0,1.0,62809.49,3
XRP,2022-12-05,0.3896,0.3895,44239398.4,6
ADA,2022-12-06,0.3195,0.3182,12375617.97,8
AVAX,2022-12-06,13.6,13.68,5389709.87,14
BNB,2022-12-06,288.61,290.13,11906054.38,4
BTC,2022-12-06,16966.84,17086.52,811906594.36,1
DOGE,2022-12-06,0.1015,0.1002,43435849.05,7
DOT,2022-12-06,5.485,5.497,6244724.97,11
ETH,2022-12-06,1259.37,1271.38,495067956.08,2
LTC,2022-12-06,80.21,79.88,32225056.92,12
MATIC,2022-12-06,0.9115,0.9179,27340787.36,9
SOL,2022-12-06,13.82,14.29,30305143.44,10
TON,2022-12-06,1.826,1.806,61244.47,15
TRX,2022-12-06,0.05335,0.05365,1361629.71,13
USDC,2022-12-06,0.9999,1.0,33315202.52,5
USDT,2022-12-06,1.0,0.9999,47762.2,3
XRP,2022-12-06,0.3895,0.3914,46578086.19,6
ADA,2022-12-07,0.3182,0.3103,19626982.58,8
AVAX,2022-12-07,13.68,13.27,5634566.68,14
BNB,2022-12-07,290.13,284.22,16078902.03,4
BTC,2022-12-07,17086.52,16837.85,710367336.21,1
DOGE,2022-12-07,0.1002,0.09576,45117415.16,7
DOT,2022-12-07,5.497,5.293,12458365.45,10
ETH,2022-12-07,1271.38,1231.35,500133032.01,2
LTC,2022-12-07,79.88,76.87,34965631.25,12
MATIC,2022-12-07,0.9179,0.8977,39364773.01,9
SOL,2022-12-07,14.29,13.5,26116040.18,11
TON,2022-12-07,1.806,1.84,62640.91,15
TRX,2022-12-07,0.05365,0.05311,1731769.17,13
USDC,2022-12-07,1.0,1.0,30148297.36,5
USDT,2022-12-07,0.9999,1.0,42129.05,3
XRP,2022-12-07,0.3914,0.3833,45787100.51,6
ADA,2022-12-08,0.3103,0.3144,15686733.72,8
AVAX,2022-12-08,13.27,13.42,4462974.96,14
BNB,2022-12-08,284.22,290.43,13281169.25,4
BTC,2022-12-08,16837.85,17226.02,827814503.9,1
DOGE,2022-12-08,0.09576,0.09851,33092112.48,7
DOT,2022-12-08,5.293,5.426,7346225.17,10
ETH,2022-12-08,1231.35,1280.28,596851329.1,2
LTC,2022-12-08,76.87,78.31,37162682.94,12
MATIC,2022-12-08,0.8977,0.9277,32222821.66,9
SOL,2022-12-08,13.5,13.69,16957456.6,11
TON,2022-12-08,1.84,1.826,64560.05,15
TRX,2022-12-08,0.05311,0.0545,1268374.81,13
USDC,2022-12-08,1.0,1.0,25350854.46,5
USDT,2022-12-08,1.0,1.0,48685.74,3
XRP,2022-12-08,0.3833,0.3944,31908520.16,6
ADA,2022-12-09,0.3144,0.3118,20336548.93,8
AVAX,2022-12-09,13.42,13.46,4500766.5,14
BNB,2022-12-09,290.43,286.02,10667945.56,4
BTC,2022-12-09,17226.02,17126.85,712368959.63,1
DOGE,2022-12-09,0.09851,0.09669,29754857.25,7
DOT,2022-12-09,5.426,5.293,8427809.57,11
ETH,2022-12-09,1280.28,1262.95,525600440.57,2
LTC,2022-12-09,78.31,76.31,22340335.63,12
MATIC,2022-12-09,0.9277,0.9097,23696039.2,9
SOL,2022-12-09,13.69,13.58,18278947.39,10
TON,2022-12-09,1.826,1.846,65695.04,15
TRX,2022-12-09,0.0545,0.05463,1231646.63,13
USDC,2022-12-09,1.0,1.0,40533914.63,5
USDT,2022-12-09,1.0,0.9999,41454.27,3
XRP,2022-12-09,0.3944,0.3889,40974990.19,6
ADA,2022-12-10,0.3118,0.3126,7258106.16,8
AVAX,2022-12-10,13.46,13.48,2773009.06,14
BNB,2022-12-10,286.02,288.28,8399655.11,4
BTC,2022-12-10,17126.85,17129.19,296657331.89,1
DOGE,2022-12-10,0.09669,0.09629,19557365.96,7
DOT,2022-12-10,5.293,5.273,5507251.15,11
ETH,2022-12-10,1262.95,1266.34,258333254.5,2
LTC,2022-12-10,76.31,76.36,15300800.47,12
MATIC,2022-12-10,0.9097,0.9082,15587813.04,9
SOL,2022-12-10,13.58,13.57,7508134.58,10
TON,2022-12-10,1.846,1.853,63433.93,15
TRX,2022-12-10,0.05463,0.05481,1058464.5,13
USDC,2022-12-10,0.9999,1.0,17294.77,5
USDT,2022-12-10,0.9999,1.0,17289.19,3
XRP,2022-12-10,0.3889,0.3865,6740162.48,6
ADA,2022-12-11,0.3126,0.3075,10942300.52,8
AVAX,2022-12-11,13.48,12.99,4055289.35,14
BNB,2022-12-11,288.28,284.46,10052059.16,4
BTC,2022-12-11,17129.19,17094.83,379827965.39,1
DOGE,2022-12-11,0.09629,0.0927,23604630.27,7
DOT,2022-12-11,5.273,5.161,8845885.53,11
ETH,2022-12-11,1266.34,1263.27,288391972.72,2
LTC,2022-12-11,76.36,76.55,15475026.87,12
MATIC,2022-12-11,0.9082,0.8925,18698357.8,9
SOL,2022-12-11,13.57,13.43,11264259.85,10
TON,2022-12-11,1.853,2.06,96764.72,15
TRX,2022-12-11,0.05481,0.05397,752021.69,13
USDC,2022-12-11,1.0,1.0,22134.92,5
USDT,2022-12-11,1.0,1.0,22138.96,3
XRP,2022-12-11,0.3865,0.381,18982126.62,6
ADA,2022-12-12,0.3075,0.307,17209533.85,8
AVAX,2022-12-12,12.99,13.0,6922986.43,15
BNB,2022-12-12,284.46,276.03,33740126.82,4
BTC,2022-12-12,17094.83,17208.66,739369625.44,1
DOGE,2022-12-12,0.0927,0.09029,73847168.17,7
DOT,2022-12-12,5.161,5.17,12926548.53,11
ETH,2022-12-12,1263.27,1275.37,534501434.1,2
LTC,2022-12-12,76.55,76.23,25327486.1,12
MATIC,2022-12-12,0.8925,0.9109,28353255.66,9
SOL,2022-12-12,13.43,13.32,27460840.38,10
TON,2022-12-12,2.06,2.141,105939.38,14
TRX,2022-12-12,0.05397,0.05353,2149787.68,13
USDC,2022-12-12,1.0,1.0,46975951.13,5
USDT,2022-12-12,1.0,1.0,43449.8,3
XRP,2022-12-12,0.381,0.3871,55828886.21,6
ADA,2022-12-13,0.307,0.314,30644327.6,8
AVAX,2022-12-13,13.0,13.76,16278939.34,15
BNB,2022-12-13,276.03,271.96,62643489.22,4
BTC,2022-12-13,17208.66,17775.32,1407400841.45,1
DOGE,2022-12-13,0.09029,0.09102,66912417.46,7
DOT,2022-12-13,5.17,5.278,11236976.2,11
ETH,2022-12-13,1275.37,1320.43,786269925.3,2
LTC,2022-12-13,76.23,77.38,39928843.82,12
MATIC,2022-12-13,0.9109,0.9241,52230845.11,9
SOL,2022-12-13,13.32,13.89,40623255.94,10
TON,2022-12-13,2.141,2.346,120270.95,14
TRX,2022-12-13,0.05353,0.05449,1757409.55,13
USDC,2022-12-13,1.0,0.9999,51865106.9,5
USDT,2022-12-13,1.0,0.9999,80015.93,3
XRP,2022-12-13,0.3871,0.3951,74176596.6,6
ADA,2022-12-14,0.314,0.308,27918781.18,8
AVAX,2022-12-14,13.76,13.7,13237967.03,15
BNB,2022-12-14,271.96,267.73,26943988.21,4
BTC,2022-12-14,17775.32,17801.37,1523737945.31,1
DOGE,2022-12-14,0.09102,0.0883,51985074.43,7
DOT,2022-12-14,5.278,5.212,11127853.16,11
ETH,2022-12-14,1320.43,1307.5,926900276.47,2
LTC,2022-12-14,77.38,75.37,32315646.19,12
MATIC,2022-12-14,0.9241,0.9029,34652004.95,9
SOL,2022-12-14,13.89,14.12,60116655.72,10
TON,2022-12-14,2.346,2.455,125950.35,14
TRX,2022-12-14,0.05449,0.05559,2090324.7,13
USDC,2022-12-14,0.9999,1.0,36932867.21,5
USDT,2022-12-14,0.9999,0.9999,84905.15,3
XRP,2022-12-14,0.3951,0.3852,68627642.21,6
ADA,2022-12-15,0.308,0.3003,19229750.13,8
AVAX,2022-12-15,13.7,13.18,8850425.54,15
BNB,2022-12-15,267.73,258.48,22490590.65,4
BTC,2022-12-15,17801.37,17359.21,1200283423.38,1
DOGE,2022-12-15,0.0883,0.08484,37751138.07,7
DOT,2022-12-15,5.212,5.226,9939199.82,11
ETH,2022-12-15,1307.5,1266.59,768136956.69,2
LTC,2022-12-15,75.37,72.42,26106851.19,12
MATIC,2022-12-15,0.9029,0.8783,29569613.59,9
SOL,2022-12-15,14.12,14.04,35398562.27,10
TON,2022-12-15,2.455,2.236,83343.73,14
TRX,2022-12-15,0.05559,0.05579,1365018.8,13
USDC,2022-12-15,1.0,0.9999,31576449.05,5
USDT,2022-12-15,0.9999,1.0,68493.78,3
XRP,2022-12-15,0.3852,0.3785,56956179.65,6
ADA,2022-12-16,0.3003,0.2634,41676487.42,8
AVAX,2022-12-16,13.18,11.81,16789093.4,15
BNB,2022-12-16,258.48,231.39,40670198.02,4
BTC,2022-12-16,17359.21,16658.44,1508594012.33,1
DOGE,2022-12-16,0.08484,0.07555,80376849.79,7
DOT,2022-12-16,5.226,4.656,14416295.08,11
ETH,2022-12-16,1266.59,1167.85,1065048194.1,2
LTC,2022-12-16,72.42,66.12,44175877.19,12
MATIC,2022-12-16,0.8783,0.7943,47605529.98,9
SOL,2022-12-16,14.04,12.24,59840757.78,10
TON,2022-12-16,2.236,2.342,91893.29,14
TRX,2022-12-16,0.05579,0.05294,2003598.14,13
USDC,2022-12-16,0.9999,1.0,26390862.5,5
USDT,2022-12-16,1.0,1.002,88937.3,3
XRP,2022-12-16,0.3785,0.3517,90939548.41,6
ADA,2022-12-17,0.2634,0.2675,34366466.57,8
AVAX,2022-12-17,11.81,11.96,9484655.14,15
BNB,2022-12-17,231.39,242.14,34887287.91,4
BTC,2022-12-17,16658.44,16780.55,684665347.29,1
DOGE,2022-12-17,0.07555,0.07923,54231517.29,7
DOT,2022-12-17,4.656,4.705,10153994.14,11
ETH,2022-12-17,1167.85,1187.11,451167227.98,2
LTC,2022-12-17,66.12,64.92,31665634.42,12
MATIC,2022-12-17,0.7943,0.8161,28765054.26,9
SOL,2022-12-17,12.24,12.51,36585840.77,10
TON,2022-12-17,2.342,2.524,88577.98,14
TRX,2022-12-17,0.05294,0.05489,1881585.9,13
USDC,2022-12-17,1.002,1.0,40997.81,5
USDT,2022-12-17,1.002,1.0,41003.46,3
XRP,2022-12-17,0.3517,0.3547,22468572.21,6
ADA,2022-12-18,0.2675,0.2661,19042291.83,8
AVAX,2022-12-18,11.96,11.93,4195595.59,15
BNB,2022-12-18,242.18,250.73,16486834.75,4
BTC,2022-12-18,16780.55,16742.74,421765916.48,1
DOGE,2022-12-18,0.07923,0.07847,28038539.35,7
DOT,2022-12-18,4.705,4.653,5503388.98,11
ETH,2022-12-18,1187.11,1183.19,321056937.95,2
LTC,2022-12-18,64.92,64.42,18383357.3,12
MATIC,2022-12-18,0.8161,0.8124,15154879.33,9
SOL,2022-12-18,12.51,12.37,17405774.17,10
TON,2022-12-18,2.524,2.672,118388.39,13
TRX,2022-12-18,0.05489,0.05376,1387133.55,14
USDC,2022-12-18,1.0,0.9999,25185.22,5
USDT,2022-12-18,1.0,1.0,25191.82,3
XRP,2022-12-18,0.3547,0.3501,13291479.79,6
ADA,2022-12-19,0.2661,0.2529,25220709.08,8
AVAX,2022-12-19,11.93,11.4,13201196.88,15
BNB,2022-12-19,250.73,240.61,11986840.84,4
BTC,2022-12-19,16742.74,16442.79,1050395879.84,1
DOGE,2022-12-19,0.07847,0.07135,74364743.28,7
DOT,2022-12-19,4.653,4.477,10280250.51,11
ETH,2022-12-19,1183.19,1167.68,585378897.99,2
LTC,2022-12-19,64.42,63.39,28911061.28,12
MATIC,2022-12-19,0.8124,0.7736,36433708.74,9
SOL,2022-12-19,12.37,11.94,36302121.49,10
TON,2022-12-19,2.672,2.317,92338.99,14
TRX,2022-12-19,0.05376,0.05357,1480490.58,13
USDC,2022-12-19,1.0,0.9999,23743642.21,5
USDT,2022-12-19,1.0,1.0,63184.23,3
XRP,2022-12-19,0.3501,0.3391,96488208.96,6
ADA,2022-12-20,0.2529,0.2588,18078909.47,8
AVAX,2022-12-20,11.4,11.95,11820087.72,15
BNB,2022-12-20,240.61,251.27,10741994.68,4
BTC,2022-12-20,16442.79,16901.12,1315229591.09,1
DOGE,2022-12-20,0.07135,0.07485,40957784.98,7
DOT,2022-12-20,4.477,4.607,6524315.45,11
ETH,2022-12-20,1167.68,1216.96,735691592.34,2
LTC,2022-12-20,63.39,65.59,28753105.21,12
MATIC,2022-12-20,0.7736,0.8016,36357059.62,9
SOL,2022-12-20,11.94,12.26,30150553.59,10
TON,2022-12-20,2.317,2.407,96402.88,14
TRX,2022-12-20,0.05357,0.05494,1779413.28,13
USDC,2022-12-20,0.9999,1.0,34975949.14,5
USDT,2022-12-20,1.0,1.0,78322.98,3
XRP,2022-12-20,0.3391,0.3484,83801963.76,6
ADA,2022-12-21,0.2588,0.2534,22520452.15,8
AVAX,2022-12-21,11.95,11.71,5727989.15,15
BNB,2022-12-21,251.27,245.87,8579608.96,4
BTC,2022-12-21,16901.12,16821.13,711271059.5,1
DOGE,2022-12-21,0.07485,0.07375,40348324.62,7
DOT,2022-12-21,4.607,4.481,6600255.94,11
ETH,2022-12-21,1216.96,1213.84,518496302.18,2
LTC,2022-12-21,65.59,65.43,18689932.28,12
MATIC,2022-12-21,0.8016,0.7942,24015008.23,9
SOL,2022-12-21,12.26,12.14,23617186.61,10
TON,2022-12-21,2.407,2.538,92755.73,14
TRX,2022-12-21,0.05494,0.05491,1014611.75,13
USDC,2022-12-21,1.0,0.9999,22307663.17,5
USDT,2022-12-21,1.0,1.0,42277.15,3
XRP,2022-12-21,0.3484,0.3451,60961612.83,6
ADA,2022-12-22,0.2534,0.2566,17388794.0,8
AVAX,2022-12-22,11.71,11.84,5480672.35,15
BNB,2022-12-22,245.87,245.74,9425751.58,4
BTC,2022-12-22,16821.13,16816.01,814340454.91,1
DOGE,2022-12-22,0.07375,0.07686,54815191.99,7
DOT,2022-12-22,4.481,4.531,9869755.3,11
ETH,2022-12-22,1213.84,1217.51,637447979.92,2
LTC,2022-12-22,65.43,66.19,17431606.74,12
MATIC,2022-12-22,0.7942,0.7961,22724435.62,9
SOL,2022-12-22,12.14,11.81,31955868.04,10
TON,2022-12-22,2.538,2.369,76545.39,14
TRX,2022-12-22,0.05491,0.05552,1253913.59,13
USDC,2022-12-22,0.9999,0.9999,29188658.07,5
USDT,2022-12-22,1.0,0.9997,48631.46,3
XRP,2022-12-22,0.3451,0.3494,57284820.82,6
ADA,2022-12-23,0.2566,0.2595,20854256.58,8
AVAX,2022-12-23,11.84,11.79,5239858.44,15
BNB,2022-12-23,245.74,246.12,5406360.71,4
BTC,2022-12-23,16816.01,16780.97,789038908.8,1
DOGE,2022-12-23,0.07686,0.0772,40006692.47,7
DOT,2022-12-23,4.531,4.467,15678666.42,11
ETH,2022-12-23,1217.51,1219.97,573753835.68,2
LTC,2022-12-23,66.19,65.76,13772030.35,12
MATIC,2022-12-23,0.7961,0.799,17278093.78,9
SOL,2022-12-23,11.81,11.78,23013552.95,10
TON,2022-12-23,2.369,2.398,83400.78,14
TRX,2022-12-23,0.05552,0.05422,1234855.22,13
USDC,2022-12-23,0.9999,1.0,41653187.77,5
USDT,2022-12-23,0.9997,1.0,46899.71,3
XRP,2022-12-23,0.3494,0.3546,40387822.8,6
ADA,2022-12-24,0.2595,0.2592,9668282.63,8
AVAX,2022-12-24,11.79,11.67,1734733.08,15
BNB,2022-12-24,245.7,244.1,8248286.23,4
BTC,2022-12-24,16780.97,16837.16,293139806.69,1
DOGE,2022-12-24,0.0772,0.07753,16221880.66,7
DOT,2022-12-24,4.467,4.447,6593058.09,11
ETH,2022-12-24,1219.97,1220.49,252819741.33,2
LTC,2022-12-24,65.76,65.76,7097999.24,12
MATIC,2022-12-24,0.799,0.7954,8262346.96,9
SOL,2022-12-24,11.78,11.45,34388581.88,10
TON,2022-12-24,2.398,2.448,80803.95,14
TRX,2022-12-24,0.05422,0.05476,782221.28,13
USDC,2022-12-24,1.0,1.0,17421.11,5
USDT,2022-12-24,1.0,1.0,17418.72,3
XRP,2022-12-24,0.3546,0.3521,6254032.6,6
ADA,2022-12-25,0.2592,0.2592,12524115.38,8
AVAX,2022-12-25,11.67,11.69,3113540.09,15
BNB,2022-12-25,244.1,242.93,9481534.23,4
BTC,2022-12-25,16837.16,16829.1,295850564.63,1
DOGE,2022-12-25,0.07753,0.07596,37904802.64,7
DOT,2022-12-25,4.447,4.489,8164569.46,11
ETH,2022-12-25,1220.49,1218.3,397681859.87,2
LTC,2022-12-25,65.76,69.14,16074394.08,10
MATIC,2022-12-25,0.7954,0.795,9119317.47,9
SOL,2022-12-25,11.45,11.39,11527341.31,12
TON,2022-12-25,2.448,2.447,79788.32,14
TRX,2022-12-25,0.05476,0.05479,797542.51,13
USDC,2022-12-25,1.0,0.9998,17602.2,5
USDT,2022-12-25,1.0,0.9998,328014.1,3
XRP,2022-12-25,0.3521,0.3457,12835025.18,6
ADA,2022-12-26,0.2592,0.2652,18034625.14,8
AVAX,2022-12-26,11.69,11.71,2904291.23,15
BNB,2022-12-26,243.16,244.29,3879839.14,4
BTC,2022-12-26,16829.1,16916.07,347724478.09,1
DOGE,2022-12-26,0.07596,0.07568,17961773.2,7
DOT,2022-12-26,4.489,4.582,10487036.71,11
ETH,2022-12-26,1218.3,1227.3,301306741.79,2
LTC,2022-12-26,69.14,70.75,21782278.48,10
MATIC,2022-12-26,0.795,0.8145,13029964.35,9
SOL,2022-12-26,11.39,11.33,18413287.33,12
TON,2022-12-26,2.447,2.307,78423.94,14
TRX,2022-12-26,0.05479,0.05457,932040.77,13
USDC,2022-12-26,0.9998,1.0,20636.44,5
USDT,2022-12-26,0.9999,1.0,20635.24,3
XRP,2022-12-26,0.3457,0.3661,39531424.36,6
ADA,2022-12-27,0.2652,0.2603,16474715.32,8
AVAX,2022-12-27,11.71,11.65,4112337.83,15
BNB,2022-12-27,244.29,246.45,6455952.1,4
BTC,2022-12-27,16916.07,16700.54,720956171.23,1
DOGE,2022-12-27,0.07568,0.07369,26068565.24,7
DOT,2022-12-27,4.582,4.482,9602889.3,11
ETH,2022-12-27,1227.3,1211.07,474996198.27,2
LTC,2022-12-27,70.75,68.67,18979627.76,10
MATIC,2022-12-27,0.8145,0.806,15620615.13,9
SOL,2022-12-27,11.33,11.09,29534617.34,12
TON,2022-12-27,2.307,2.143,72021.43,14
TRX,2022-12-27,0.05457,0.05414,1227088.8,13
USDC,2022-12-27,1.0,1.0,18938822.63,5
USDT,2022-12-27,1.0,0.9997,42982.8,3
XRP,2022-12-27,0.3661,0.3675,52124719.28,6
ADA,2022-12-28,0.2603,0.2483,26627198.97,8
AVAX,2022-12-28,11.65,11.21,7596272.38,15
BNB,2022-12-28,246.5,243.81,13358964.22,4
BTC,2022-12-28,16700.54,16540.47,901583901.63,1
DOGE,2022-12-28,0.07369,0.07036,56358892.01,7
DOT,2022-12-28,4.482,4.284,14413094.22,11
ETH,2022-12-28,1211.07,1189.27,596230640.27,2
LTC,2022-12-28,68.67,66.29,27902756.54,10
MATIC,2022-12-28,0.806,0.7823,22833146.41,9
SOL,2022-12-28,11.09,9.759,83126895.43,13
TON,2022-12-28,2.143,1.973,92021.0,14
TRX,2022-12-28,0.05414,0.05414,1447449.19,12
USDC,2022-12-28,1.0,0.9999,22316486.37,5
USDT,2022-12-28,0.9997,0.9996,54232.13,3
XRP,2022-12-28,0.3675,0.3558,51631051.68,6
ADA,2022-12-29,0.2483,0.244,27199986.4,8
AVAX,2022-12-29,11.21,10.98,9700535.58,15
BNB,2022-12-29,244.24,246.23,6454017.4,4
BTC,2022-12-29,16540.47,16631.24,682471478.61,1
DOGE,2022-12-29,0.07036,0.07092,27702877.39,7
DOT,2022-12-29,4.284,4.306,7519365.54,11
ETH,2022-12-29,1189.27,1200.06,438196328.2,2
LTC,2022-12-29,66.29,66.66,17217556.89,10
MATIC,2022-12-29,0.7823,0.7768,16762624.35,9
SOL,2022-12-29,9.759,9.641,105345615.42,13
TON,2022-12-29,1.973,2.125,85150.66,14
TRX,2022-12-29,0.05414,0.05402,1496834.66,12
USDC,2022-12-29,0.9999,0.9998,24697320.7,5
USDT,2022-12-29,0.9996,0.9995,41128.16,3
XRP,2022-12-29,0.3558,0.3422,59079153.42,6
ADA,2022-12-30,0.244,0.2455,24660835.55,8
AVAX,2022-12-30,10.98,10.86,9294239.99,15
BNB,2022-12-30,246.14,245.67,11152223.65,4
BTC,2022-12-30,16631.24,16599.47,880260779.52,1
DOGE,2022-12-30,0.07092,0.06836,44677728.34,7
DOT,2022-12-30,4.306,4.321,6340089.29,11
ETH,2022-12-30,1200.06,1199.12,413969580.77,2
LTC,2022-12-30,66.66,67.93,19024837.84,10
MATIC,2022-12-30,0.7768,0.7607,29177358.35,9
SOL,2022-12-30,9.641,9.909,124730002.5,13
TON,2022-12-30,2.125,2.095,72252.7,14
TRX,2022-12-30,0.05402,0.05437,1329582.47,12
USDC,2022-12-30,0.9998,0.9999,31940893.87,5
USDT,2022-12-30,0.9995,0.9995,53248.36,3
XRP,2022-12-30,0.3422,0.345,39705963.13,6
ADA,2022-12-31,0.2455,0.2456,21727568.23,8
AVAX,2022-12-31,10.86,10.89,4849222.81,15
BNB,2022-12-31,245.53,246.01,5989035.21,4
BTC,2022-12-31,16599.47,16531.31,456998456.42,1
DOGE,2022-12-31,0.06836,0.07013,31965867.18,7
DOT,2022-12-31,4.321,4.3,6728403.97,11
ETH,2022-12-31,1199.12,1195.0,266114942.31,2
LTC,2022-12-31,67.93,70.02,19042490.44,10
MATIC,2022-12-31,0.7607,0.7574,11825224.72,9
SOL,2022-12-31,9.909,9.952,39797226.05,13
TON,2022-12-31,2.095,2.169,70734.33,14
TRX,2022-12-31,0.05437,0.05449,1070332.03,12
USDC,2022-12-31,0.9999,0.9999,10663695.59,5
USDT,2022-12-31,0.9995,0.9993,27576.71,3
XRP,2022-12-31,0.345,0.3389,10165344.0,6
ADA,2023-01-01,0.2456,0.2499,18188932.82,8
AVAX,2023-01-01,10.89,10.87,4889362.35,15
BNB,2023-01-01,246.01,244.18,4646282.85,4
BTC,2023-01-01,16531.31,16613.87,335220861.58,1
DOGE,2023-01-01,0.07013,0.0702,23885541.86,7
DOT,2023-01-01,4.3,4.368,6480331.5,11
ETH,2023-01-01,1195.0,1200.1,212091101.2,2
LTC,2023-01-01,70.02,70.89,19728044.22,10
MATIC,2023-01-01,0.7574,0.7602,10345548.01,9
SOL,2023-01-01,9.952,9.99,36647102.13,13
TON,2023-01-01,2.169,2.286,80757.56,14
TRX,2023-01-01,0.05449,0.0548,746931.86,12
USDC,2023-01-01,1.0,1.0,20265.33,5
USDT,2023-01-01,0.9993,0.9998,20252.33,3
XRP,2023-01-01,0.3389,0.3387,10111171.52,6
ADA,2023-01-02,0.2499,0.2537,17965066.16,8
AVAX,2023-01-02,10.87,11.16,7630172.43,15
BNB,2023-01-02,244.18,245.16,5687101.88,4
BTC,2023-01-02,16613.87,16670.08,503360386.62,1
DOGE,2023-01-02,0.0702,0.07135,35709997.74,7
DOT,2023-01-02,4.368,4.493,6539301.24,11
ETH,2023-01-02,1200.1,1213.98,396971135.51,2
LTC,2023-01-02,70.89,74.73,35131870.52,10
MATIC,2023-01-02,0.7602,0.7806,20060136.18,9
SOL,2023-01-02,9.99,11.28,76282642.73,12
TON,2023-01-02,2.286,2.242,77501.41,14
TRX,2023-01-02,0.0548,0.05515,1065863.85,13
USDC,2023-01-02,1.0,0.9999,12783959.51,5
USDT,2023-01-02,0.9998,0.9998,30153.65,3
XRP,2023-01-02,0.3387,0.3483,66450779.27,6
ADA,2023-01-03,0.2537,0.2527,14883175.67,8
AVAX,2023-01-03,11.16,11.38,8714191.86,15
BNB,2023-01-03,245.22,245.88,8815223.03,4
BTC,2023-01-03,16670.08,16670.16,628582193.83,1
DOGE,2023-01-03,0.07135,0.07045,26031794.71,7
DOT,2023-01-03,4.493,4.525,4865994.89,12
ETH,2023-01-03,1213.98,1214.11,392700511.47,2
LTC,2023-01-03,74.73,75.54,26551610.56,11
MATIC,2023-01-03,0.7806,0.7794,16827629.55,9
SOL,2023-01-03,11.28,13.39,129021571.79,10
TON,2023-01-03,2.242,2.187,72570.71,14
TRX,2023-01-03,0.05515,0.05479,1065389.17,13
USDC,2023-01-03,0.9999,1.0,26819540.25,5
USDT,2023-01-03,0.9998,0.9997,37674.17,3
XRP,2023-01-03,0.3483,0.3436,67809517.83,6
ADA,2023-01-04,0.2527,0.268,31425751.5,8
AVAX,2023-01-04,11.38,12.08,16406906.06,15
BNB,2023-01-04,246.09,258.79,14901540.75,4
BTC,2023-01-04,16670.16,16846.82,990689260.54,1
DOGE,2023-01-04,0.07045,0.07312,35520434.99,7
DOT,2023-01-04,4.525,4.629,10685560.86,12
ETH,2023-01-04,1214.11,1256.42,825157843.82,2
LTC,2023-01-04,75.54,75.43,39062430.5,11
MATIC,2023-01-04,0.7794,0.8067,38813888.59,9
SOL,2023-01-04,13.39,13.44,142824278.08,10
TON,2023-01-04,2.187,2.231,79944.7,14
TRX,2023-01-04,0.05479,0.05477,2357705.11,13
USDC,2023-01-04,1.0,0.9998,58830.89,5
USDT,2023-01-04,0.9997,0.9998,58827.57,3
XRP,2023-01-04,0.3436,0.3476,52760753.93,6
ADA,2023-01-05,0.268,0.2692,14169819.22,8
AVAX,2023-01-05,12.08,11.74,8374811.6,15
BNB,2023-01-05,258.79,256.29,5490383.15,4
BTC,2023-01-05,16846.82,16825.87,524511536.58,1
DOGE,2023-01-05,0.07312,0.07148,41689056.06,7
DOT,2023-01-05,4.629,4.623,6802698.82,12
ETH,2023-01-05,1256.42,1250.73,494598797.89,2
LTC,2023-01-05,75.43,74.2,26964371.29,11
MATIC,2023-01-05,0.8067,0.7886,25280597.28,9
SOL,2023-01-05,13.44,13.43,65885387.04,10
TON,2023-01-05,2.231,2.171,70658.61,14
TRX,2023-01-05,0.05477,0.05371,1739751.34,13
USDC,2023-01-05,1.0,0.9999,23631782.97,5
USDT,2023-01-05,0.9998,0.9997,31166.26,3
XRP,2023-01-05,0.3476,0.3379,37020428.0,6
ADA,2023-01-06,0.2692,0.2786,32207501.42,8
AVAX,2023-01-06,11.74,11.77,7274137.07,15
BNB,2023-01-06,256.29,259.82,7936032.39,4
BTC,2023-01-06,16825.87,16946.16,883642131.54,1
DOGE,2023-01-06,0.07148,0.07243,29543617.71,7
DOT,2023-01-06,4.623,4.681,8865635.48,12
ETH,2023-01-06,1250.73,1268.71,667398617.34,2
LTC,2023-01-06,74.2,75.93,40990868.58,11
MATIC,2023-01-06,0.7886,0.7989,21723737.42,9
SOL,2023-01-06,13.43,13.5,67070233.93,10
TON,2023-01-06,2.171,2.172,72530.64,14
TRX,2023-01-06,0.05371,0.05248,7430324.71,13
USDC,2023-01-06,0.9999,1.0,23972391.81,5
USDT,2023-01-06,0.9997,0.9997,52474.58,3
XRP,2023-01-06,0.3379,0.3445,35156284.56,6
ADA,2023-01-07,0.2786,0.2768,14825958.49,8
AVAX,2023-01-07,11.77,11.74,2551018.4,15
BNB,2023-01-07,259.82,261.19,4226131.17,4
BTC,2023-01-07,16946.16,16942.73,196915427.54,1
DOGE,2023-01-07,0.07243,0.07217,11443607.91,7
DOT,2023-01-07,4.681,4.661,3823960.65,12
ETH,2023-01-07,1268.71,1263.86,231711574.14,2
LTC,2023-01-07,75.93,76.36,16330431.47,11
MATIC,2023-01-07,0.7989,0.8062,13616140.1,9
SOL,2023-01-07,13.5,13.1,25215262.79,10
TON,2023-01-07,2.172,2.147,68745.67,14
TRX,2023-01-07,0.05248,0.05202,1652631.7,13
USDC,2023-01-07,1.0,1.0,11630.23,5
USDT,2023-01-07,0.9996,0.9999,183255.25,3
XRP,2023-01-07,0.3445,0.3443,6066625.49,6
ADA,2023-01-08,0.2768,0.2973,39003610.5,8
AVAX,2023-01-08,11.74,12.08,6122636.8,15
BNB,2023-01-08,261.19,274.85,8887976.35,4
BTC,2023-01-08,16942.73,17115.81,359149910.85,1
DOGE,2023-01-08,0.07217,0.07358,21678727.8,7
DOT,2023-01-08,4.661,4.81,7725090.86,12
ETH,2023-01-08,1263.86,1288.62,392241837.02,2
LTC,2023-01-08,76.36,78.56,23792690.55,11
MATIC,2023-01-08,0.8062,0.8401,22356348.31,9
SOL,2023-01-08,13.1,14.45,69849810.79,10
TON,2023-01-08,2.147,2.198,71601.25,14
TRX,2023-01-08,0.05202,0.05429,1755730.27,13
USDC,2023-01-08,0.9999,1.0,9867845.82,5
USDT,2023-01-08,0.9999,0.9989,308587.94,3
XRP,2023-01-08,0.3443,0.3447,16941596.02,6
ADA,2023-01-09,0.2973,0.3167,95818898.5,7
AVAX,2023-01-09,12.08,12.19,19116538.02,15
BNB,2023-01-09,274.85,272.49,16609937.78,4
BTC,2023-01-09,17115.81,17179.03,1271943559.93,1
DOGE,2023-01-09,0.07358,0.07562,78383821.44,8
DOT,2023-01-09,4.81,4.885,21583843.94,12
ETH,2023-01-09,1288.62,1320.11,1022290294.83,2
LTC,2023-01-09,78.56,81.63,58341538.93,11
MATIC,2023-01-09,0.8401,0.8426,46242124.05,9
SOL,2023-01-09,14.45,16.26,267958729.7,10
TON,2023-01-09,2.198,2.233,72752.65,14
TRX,2023-01-09,0.05429,0.05463,3126566.18,13
USDC,2023-01-09,1.0,1.0,28241468.03,5
USDT,2023-01-09,0.9993,0.9999,73774.31,3
XRP,2023-01-09,0.3447,0.3491,83095392.2,6
ADA,2023-01-10,0.3167,0.3223,47798744.15,7
AVAX,2023-01-10,12.19,12.73,13842306.16,15
BNB,2023-01-10,272.49,277.1,10004243.59,4
BTC,2023-01-10,17179.03,17442.44,997764944.91,1
DOGE,2023-01-10,0.07562,0.0778,46975606.61,8
DOT,2023-01-10,4.885,4.915,10833675.86,12
ETH,2023-01-10,1320.11,1335.42,682508755.42,2
LTC,2023-01-10,81.63,80.88,38757400.53,11
MATIC,2023-01-10,0.8426,0.8583,24244159.65,9
SOL,2023-01-10,16.26,16.21,117343825.18,10
TON,2023-01-10,2.233,2.147,79627.01,14
TRX,2023-01-10,0.05463,0.05484,2202132.69,13
USDC,2023-01-10,1.0,1.0,22745101.96,5
USDT,2023-01-10,0.9999,1.0,57636.44,3
XRP,2023-01-10,0.3491,0.351,59290332.6,6
ADA,2023-01-11,0.3223,0.3231,33060738.94,7
AVAX,2023-01-11,12.73,15.86,54228136.9,14
BNB,2023-01-11,277.1,284.59,9787013.96,4
BTC,2023-01-11,17442.44,17938.0,1113334370.52,1
DOGE,2023-01-11,0.0778,0.07813,36269939.49,8
DOT,2023-01-11,4.915,5.129,10556151.34,12
ETH,2023-01-11,1335.42,1388.95,750208058.14,2
LTC,2023-01-11,80.88,84.08,41066008.63,11
MATIC,2023-01-11,0.8583,0.8927,27794457.37,9
SOL,2023-01-11,16.21,16.37,91957286.78,10
TON,2023-01-11,2.147,2.21,76371.54,15
TRX,2023-01-11,0.05484,0.05649,3115275.59,13
USDC,2023-01-11,1.0,1.0,37828777.48,5
USDT,2023-01-11,1.0,1.0,63581.34,3
XRP,2023-01-11,0.351,0.3729,69297899.56,6
ADA,2023-01-12,0.3231,0.3295,52975610.58,7
AVAX,2023-01-12,15.86,15.45,61200527.35,14
BNB,2023-01-12,284.59,287.79,15007423.32,4
BTC,2023-01-12,17938.0,18849.0,2252897545.61,1
DOGE,2023-01-12,0.07813,0.08028,66723562.4,8
DOT,2023-01-12,5.129,5.224,26949935.49,12
ETH,2023-01-12,1388.95,1416.05,1173416087.03,2
LTC,2023-01-12,84.08,86.1,57050016.98,11
MATIC,2023-01-12,0.8927,0.9156,55323075.54,9
SOL,2023-01-12,16.37,16.6,122893887.95,10
TON,2023-01-12,2.21,2.168,98557.96,15
TRX,2023-01-12,0.05649,0.05711,3246042.29,13
USDC,2023-01-12,1.0,1.0,39537193.76,5
USDT,2023-01-12,1.0,1.0,122668.97,3
XRP,2023-01-12,0.3729,0.3747,42330846.11,6
ADA,2023-01-13,0.3295,0.3458,39171277.22,7
AVAX,2023-01-13,15.45,15.97,48156491.48,14
BNB,2023-01-13,287.79,293.57,10862743.69,4
BTC,2023-01-13,18849.0,19932.05,1820146569.6,1
DOGE,2023-01-13,0.08028,0.08452,50793148.18,8
DOT,2023-01-13,5.224,5.408,11825618.73,12
ETH,2023-01-13,1416.05,1451.18,827418332.41,2
LTC,2023-01-13,86.1,86.27,38580851.0,11
MATIC,2023-01-13,0.9156,0.9305,36790899.23,9
SOL,2023-01-13,16.6,18.29,133083479.97,10
TON,2023-01-13,2.168,2.218,116815.67,15
TRX,2023-01-13,0.05711,0.06008,3688516.15,13
USDC,2023-01-13,0.9996,1.001,94673.57,5
USDT,2023-01-13,1.0,1.0,94650.76,3
XRP,2023-01-13,0.3747,0.3861,32896885.32,6
ADA,2023-01-14,0.3458,0.3526,69054967.16,8
AVAX,2023-01-14,15.97,16.94,103624108.96,14
BNB,2023-01-14,293.57,304.88,27347749.75,4
BTC,2023-01-14,19932.05,20954.52,2223938908.13,1
DOGE,2023-01-14,0.08452,0.0873,104687276.49,7
DOT,2023-01-14,5.408,6.035,47700905.95,11
ETH,2023-01-14,1451.18,1550.07,1000747558.84,2
LTC,2023-01-14,86.27,87.85,74678776.66,12
MATIC,2023-01-14,0.9305,0.9985,116696403.31,9
SOL,2023-01-14,18.29,24.24,426149505.62,10
TON,2023-01-14,2.218,2.271,119413.27,15
TRX,2023-01-14,0.06008,0.06178,5466366.31,13
USDC,2023-01-14,1.001,0.9996,107035.37,5
USDT,2023-01-14,1.0,1.0,107111.04,3
XRP,2023-01-14,0.3861,0.3953,38600557.51,6
ADA,2023-01-15,0.3526,0.3507,30911746.67,7
AVAX,2023-01-15,16.94,16.8,41492647.83,14
BNB,2023-01-15,304.88,302.03,10821968.51,4
BTC,2023-01-15,20954.52,20878.94,924310249.74,1
DOGE,2023-01-15,0.0873,0.0861,45980071.54,8
DOT,2023-01-15,6.035,5.921,30463672.4,11
ETH,2023-01-15,1550.07,1552.71,605354595.73,2
LTC,2023-01-15,87.85,87.37,35244739.35,12
MATIC,2023-01-15,0.9985,0.9835,41693149.48,9
SOL,2023-01-15,24.24,22.88,225168855.76,10
TON,2023-01-15,2.271,2.282,113194.73,15
TRX,2023-01-15,0.06178,0.0623,3487524.02,13
USDC,2023-01-15,0.9996,0.9999,44455.96,5
USDT,2023-01-15,1.0,1.0,44462.69,3
XRP,2023-01-15,0.3953,0.3847,15189156.72,6
ADA,2023-01-16,0.3507,0.3504,38301290.84,7
AVAX,2023-01-16,16.8,16.75,37053223.68,14
BNB,2023-01-16,302.03,298.87,13256265.0,4
BTC,2023-01-16,20878.94,21188.92,1399257790.94,1
DOGE,2023-01-16,0.0861,0.08366,50778484.99,8
DOT,2023-01-16,5.921,5.818,30344706.1,11
ETH,2023-01-16,1552.71,1577.02,854808666.21,2
LTC,2023-01-16,87.37,85.9,45660727.47,12
MATIC,2023-01-16,0.9835,1.02,78706561.11,9
SOL,2023-01-16,22.88,23.58,195373635.91,10
TON,2023-01-16,2.282,2.291,114444.57,15
TRX,2023-01-16,0.0623,0.06238,4086302.8,13
USDC,2023-01-16,0.9999,1.0,66449.3,5
USDT,2023-01-16,1.0,1.0,66438.7,3
XRP,2023-01-16,0.3847,0.3861,78624611.86,6
ADA,2023-01-17,0.3504,0.3455,23656415.69,7
AVAX,2023-01-17,16.75,17.14,34859612.58,14
BNB,2023-01-17,298.87,299.29,10661620.1,4
BTC,2023-01-17,21188.92,21136.12,1181967488.8,1
DOGE,2023-01-17,0.08366,0.08285,28264267.16,8
DOT,2023-01-17,5.818,5.961,33074107.44,11
ETH,2023-01-17,1577.02,1565.15,701015677.04,2
LTC,2023-01-17,85.9,87.05,39217951.73,12
MATIC,2023-01-17,1.02,0.9943,49652666.1,9
SOL,2023-01-17,23.58,22.89,122316881.28,10
TON,2023-01-17,2.291,2.348,116029.97,15
TRX,2023-01-17,0.06238,0.06166,2748555.6,13
USDC,2023-01-17,1.0,1.0,21586116.06,5
USDT,2023-01-17,1.0,1.0,55709.1,3
XRP,2023-01-17,0.3861,0.3869,49847675.1,6
ADA,2023-01-18,0.3455,0.3266,47245773.56,7
AVAX,2023-01-18,17.14,15.83,31015834.74,14
BNB,2023-01-18,299.29,286.83,22881971.29,4
BTC,2023-01-18,21136.12,20678.47,1733563128.99,1
DOGE,2023-01-18,0.08285,0.08004,84781021.28,8
DOT,2023-01-18,5.961,5.643,32955846.2,11
ETH,2023-01-18,1565.15,1512.28,1186461141.36,2
LTC,2023-01-18,87.05,82.68,47511855.6,12
MATIC,2023-01-18,0.9943,0.9388,58825460.6,9
SOL,2023-01-18,22.89,20.81,218474162.96,10
TON,2023-01-18,2.348,2.227,110157.22,15
TRX,2023-01-18,0.06166,0.05888,4077990.67,13
USDC,2023-01-18,1.0,1.0,82438.05,5
USDT,2023-01-18,1.0,1.0,82421.03,3
XRP,2023-01-18,0.3869,0.3788,58735599.02,6
ADA,2023-01-19,0.3266,0.3381,19948604.1,7
AVAX,2023-01-19,15.83,16.18,13514293.84,14
BNB,2023-01-19,286.83,294.65,7810235.37,4
BTC,2023-01-19,20678.47,21082.28,1141134569.38,1
DOGE,2023-01-19,0.08004,0.08159,30066348.25,8
DOT,2023-01-19,5.643,5.802,13468701.91,11
ETH,2023-01-19,1512.28,1551.2,750596721.84,2
LTC,2023-01-19,82.68,84.23,25325649.48,12
MATIC,2023-01-19,0.9388,0.9531,25806776.37,9
SOL,2023-01-19,20.81,21.4,102839432.43,10
TON,2023-01-19,2.227,2.279,113259.37,15
TRX,2023-01-19,0.05888,0.06007,2277131.92,13
USDC,2023-01-19,0.9999,0.9995,489159.9,5
USDT,2023-01-19,1.0,1.0,54675.68,3
XRP,2023-01-19,0.3788,0.3931,36908710.19,6
ADA,2023-01-20,0.3381,0.3652,35603181.18,7
AVAX,2023-01-20,16.18,17.5,23669610.96,14
BNB,2023-01-20,294.65,305.02,19214300.4,4
BTC,2023-01-20,21082.28,22676.2,1793127005.71,1
DOGE,2023-01-20,0.08159,0.08621,42749132.31,8
DOT,2023-01-20,5.802,6.242,19479319.31,11
ETH,2023-01-20,1551.2,1659.02,1052523938.77,2
LTC,2023-01-20,84.23,90.35,32773055.21,12
MATIC,2023-01-20,0.9531,1.027,44373973.8,9
SOL,2023-01-20,21.4,25.54,164469564.96,10
TON,2023-01-20,2.279,2.304,121735.16,15
TRX,2023-01-20,0.06007,0.06267,2620368.22,13
USDC,2023-01-20,0.9999,0.9994,82874.45,5
USDT,2023-01-20,1.0,1.0,82958.72,3
XRP,2023-01-20,0.3931,0.413,37252440.97,6
ADA,2023-01-21,0.3652,0.3687,51642731.41,7
AVAX,2023-01-21,17.5,16.88,31311325.42,14
BNB,2023-01-21,305.02,299.04,19837298.58,4
BTC,2023-01-21,22676.2,22789.92,2212422402.47,1
DOGE,2023-01-21,0.08621,0.08463,59763935.75,8
DOT,2023-01-21,6.242,6.228,29571094.82,11
ETH,2023-01-21,1659.02,1626.68,911165415.27,2
LTC,2023-01-21,90.35,87.93,44183937.55,12
MATIC,2023-01-21,1.027,0.9895,48271535.23,9
SOL,2023-01-21,25.54,24.57,201065652.02,10
TON,2023-01-21,2.304,2.274,113168.17,15
TRX,2023-01-21,0.06267,0.06167,2986447.94,13
USDC,2023-01-21,0.9994,1.0,96471.45,5
USDT,2023-01-21,1.0,1.0,96453.2,3
XRP,2023-01-21,0.413,0.4033,16009712.21,6
ADA,2023-01-22,0.3687,0.3765,46358151.81,7
AVAX,2023-01-22,16.88,17.36,29296981.72,14
BNB,2023-01-22,299.04,302.76,15425266.16,4
BTC,2023-01-22,22789.92,22714.99,1419749432.93,1
DOGE,2023-01-22,0.08463,0.08823,73510675.01,8
DOT,2023-01-22,6.228,6.206,19566290.16,11
ETH,2023-01-22,1626.68,1627.79,787251000.78,2
LTC,2023-01-22,87.93,87.6,31475129.35,12
MATIC,2023-01-22,0.9895,0.9942,45559829.89,9
SOL,2023-01-22,24.57,24.22,126726909.34,10
TON,2023-01-22,2.274,2.292,123477.81,15
TRX,2023-01-22,0.06167,0.06163,2601429.85,13
USDC,2023-01-22,1.0,0.9998,62337.8,5
USDT,2023-01-22,1.0,1.0,62368.44,3
XRP,2023-01-22,0.4033,0.4007,13269597.94,6
ADA,2023-01-23,0.3765,0.375,36993605.85,7
AVAX,2023-01-23,17.36,17.98,23573435.72,14
BNB,2023-01-23,302.76,305.24,11771741.74,4
BTC,2023-01-23,22714.99,22917.47,1622068993.43,1
DOGE,2023-01-23,0.08823,0.08848,61707441.95,8
DOT,2023-01-23,6.206,6.567,26687698.41,11
ETH,2023-01-23,1627.79,1626.47,872732022.61,2
LTC,2023-01-23,87.6,89.91,40299691.97,12
MATIC,2023-01-23,0.9942,0.9936,36987229.39,9
SOL,2023-01-23,24.22,24.35,104226920.63,10
TON,2023-01-23,2.292,2.296,112106.76,15
TRX,2023-01-23,0.06163,0.06273,2627058.42,13
USDC,2023-01-23,0.9998,1.0,70990.85,5
USDT,2023-01-23,1.0,1.0,70992.52,3
XRP,2023-01-23,0.4007,0.4238,72025464.3,6
ADA,2023-01-24,0.375,0.3589,29439993.07,7
AVAX,2023-01-24,17.98,17.0,28026019.74,14
BNB,2023-01-24,305.24,300.46,23367254.11,4
BTC,2023-01-24,22917.47,22637.8,1788469593.53,1
DOGE,2023-01-24,0.08848,0.08389,51563623.23,8
DOT,2023-01-24,6.567,6.185,15482112.76,11
ETH,2023-01-24,1626.47,1556.12,911498894.01,2
LTC,2023-01-24,89.91,87.25,30625863.94,12
MATIC,2023-01-24,0.9936,0.9555,52796705.34,9
SOL,2023-01-24,24.35,22.77,91078716.14,10
TON,2023-01-24,2.296,2.307,112744.8,15
TRX,2023-01-24,0.06273,0.06016,2819548.5,13
USDC,2023-01-24,1.0,1.0,78070.11,5
USDT,2023-01-24,1.0,1.0,78092.47,3
XRP,2023-01-24,0.4238,0.4077,43675003.39,6
ADA,2023-01-25,0.3589,0.3733,32924974.46,7
AVAX,2023-01-25,17.0,17.79,20672967.0,14
BNB,2023-01-25,300.46,307.0,16372811.31,4
BTC,2023-01-25,22637.8,23066.28,2010835832.21,1
DOGE,2023-01-25,0.08389,0.08653,49863625.78,8
DOT,2023-01-25,6.185,6.393,18900273.0,11
ETH,2023-01-25,1556.12,1610.94,1132268819.24,2
LTC,2023-01-25,87.25,89.35,33606258.39,12
MATIC,2023-01-25,0.9555,0.9912,44933598.16,9
SOL,2023-01-25,22.77,24.51,125431229.78,10
TON,2023-01-25,2.307,2.318,115624.27,15
TRX,2023-01-25,0.06016,0.0617,2649976.55,13
USDC,2023-01-25,1.0,0.9998,724009.92,5
USDT,2023-01-25,1.0,1.0,88145.74,3
XRP,2023-01-25,0.4077,0.4171,39618546.65,6
ADA,2023-01-26,0.3733,0.3798,40985150.49,7
AVAX,2023-01-26,17.79,18.1,35557945.4,14
BNB,2023-01-26,307.0,304.86,14011021.01,4
BTC,2023-01-26,23066.28,23009.15,1477492373.79,1
DOGE,2023-01-26,0.08653,0.08637,34222036.2,9
DOT,2023-01-26,6.393,6.469,17273741.81,11
ETH,2023-01-26,1610.94,1601.35,789028231.13,2
LTC,2023-01-26,89.35,87.58,21701009.16,12
MATIC,2023-01-26,0.9912,1.125,105807472.95,8
SOL,2023-01-26,24.51,24.35,74283958.87,10
TON,2023-01-26,2.318,2.381,116596.88,15
TRX,2023-01-26,0.0617,0.06168,2348538.05,13
USDC,2023-01-26,0.9998,0.9999,491013.82,5
USDT,2023-01-26,1.0,1.0,64067.79,3
XRP,2023-01-26,0.4171,0.4093,29772289.56,6
ADA,2023-01-27,0.3798,0.3899,31107191.65,7
AVAX,2023-01-27,18.1,21.2,44849702.57,13
BNB,2023-01-27,304.86,308.14,11204360.11,4
BTC,2023-01-27,23009.15,23077.75,1499524205.45,1
DOGE,2023-01-27,0.08637,0.08723,38603375.23,9
DOT,2023-01-27,6.469,6.58,12937125.78,11
ETH,2023-01-27,1601.35,1597.86,781935987.02,2
LTC,2023-01-27,87.58,88.92,26376376.54,12
MATIC,2023-01-27,1.125,1.159,114471450.46,8
SOL,2023-01-27,24.35,24.44,87038058.69,10
TON,2023-01-27,2.381,2.511,134210.37,15
TRX,2023-01-27,0.06168,0.06359,3831957.54,14
USDC,2023-01-27,0.9998,1.0,65135.12,5
USDT,2023-01-27,1.0,1.0,65145.96,3
XRP,2023-01-27,0.4093,0.4127,20710257.43,6
ADA,2023-01-28,0.3899,0.382,34788660.98,7
AVAX,2023-01-28,21.2,20.54,37068264.18,13
BNB,2023-01-28,308.14,306.19,8217901.2,4
BTC,2023-01-28,23077.75,23031.02,465656885.65,1
DOGE,2023-01-28,0.08723,0.08777,46604765.07,9
DOT,2023-01-28,6.58,6.409,12679348.17,11
ETH,2023-01-28,1597.86,1572.46,436021436.43,2
LTC,2023-01-28,88.92,89.75,19257586.49,12
MATIC,2023-01-28,1.159,1.145,60184375.97,8
SOL,2023-01-28,24.44,24.01,44093898.41,10
TON,2023-01-28,2.511,2.508,135544.87,15
TRX,2023-01-28,0.06359,0.06307,2645442.53,14
USDC,2023-01-28,1.0,0.9994,275375.04,5
USDT,2023-01-28,1.0,1.0,20237.65,3
XRP,2023-01-28,0.4127,0.408,6789993.69,6
ADA,2023-01-29,0.382,0.3975,30928426.74,7
AVAX,2023-01-29,20.54,21.01,19293502.66,13
BNB,2023-01-29,306.19,317.16,15059197.94,4
BTC,2023-01-29,23031.02,23747.26,1356557545.16,1
DOGE,2023-01-29,0.08777,0.09012,36931039.5,9
DOT,2023-01-29,6.409,6.609,13286698.27,11
ETH,2023-01-29,1572.46,1645.46,812096302.45,2
LTC,2023-01-29,89.75,94.87,78273018.52,12
MATIC,2023-01-29,1.145,1.178,59546832.58,8
SOL,2023-01-29,24.01,26.08,102498251.74,10
TON,2023-01-29,2.508,2.472,121005.04,15
TRX,2023-01-29,0.06307,0.06371,2694427.46,14
USDC,2023-01-29,0.9994,1.0,502169.24,5
USDT,2023-01-29,1.0,1.0,57697.55,3
XRP,2023-01-29,0.408,0.4133,9712680.68,6
ADA,2023-01-30,0.3975,0.3727,38725680.56,7
AVAX,2023-01-30,21.01,19.74,41172728.39,13
BNB,2023-01-30,317.16,307.04,15831440.41,4
BTC,2023-01-30,23747.26,22833.34,1699735992.01,1
DOGE,2023-01-30,0.09012,0.08837,62260239.38,8
DOT,2023-01-30,6.609,6.187,15092873.51,11
ETH,2023-01-30,1645.46,1566.49,917935732.64,2
LTC,2023-01-30,94.87,91.35,53896328.19,12
MATIC,2023-01-30,1.178,1.087,62345145.55,9
SOL,2023-01-30,26.08,23.97,109362775.54,10
TON,2023-01-30,2.472,2.288,113124.95,15
TRX,2023-01-30,0.06371,0.06226,3290824.91,14
USDC,2023-01-30,1.0,1.0,577531.45,5
USDT,2023-01-30,1.0,1.0,73413.7,3
XRP,2023-01-30,0.4133,0.3933,66642308.21,6
ADA,2023-01-31,0.3727,0.3902,36745057.59,8
AVAX,2023-01-31,19.74,19.81,19995839.75,13
BNB,2023-01-31,307.04,312.11,10878004.74,4
BTC,2023-01-31,22833.34,23129.7,1144361734.86,1
DOGE,2023-01-31,0.08837,0.09614,132923020.83,7
DOT,2023-01-31,6.187,6.258,21211868.2,11
ETH,2023-01-31,1566.49,1585.47,690489010.7,2
LTC,2023-01-31,91.35,94.15,59848710.63,12
MATIC,2023-01-31,1.087,1.109,39402223.9,9
SOL,2023-01-31,23.97,23.93,60266493.82,10
TON,2023-01-31,2.288,2.31,118696.83,15
TRX,2023-01-31,0.06226,0.06221,3009519.4,14
USDC,2023-01-31,1.0,0.9998,49737.47,5
USDT,2023-01-31,1.0,1.0,49752.76,3
XRP,2023-01-31,0.3933,0.4058,58643301.84,6
ADA,2023-02-01,0.3902,0.3968,41318188.7,7
AVAX,2023-02-01,19.81,20.94,32794503.41,13
BNB,2023-02-01,312.11,317.16,15345536.91,4
BTC,2023-02-01,23129.7,23730.52,1166002955.1,1
DOGE,2023-02-01,0.09614,0.094,91726833.86,8
DOT,2023-02-01,6.258,6.459,34030904.29,12
ETH,2023-02-01,1585.47,1641.61,797147606.94,2
LTC,2023-02-01,94.15,100.32,75106493.35,11
MATIC,2023-02-01,1.109,1.194,71295705.51,9
SOL,2023-02-01,23.93,25.0,108523663.73,10
TON,2023-02-01,2.31,2.404,126080.99,15
TRX,2023-02-01,0.06221,0.06312,3093781.56,14
USDC,2023-02-01,0.9998,1.0,50173.47,5
USDT,2023-02-01,1.0,1.001,50202.73,3
XRP,2023-02-01,0.4058,0.4137,34246828.53,6
ADA,2023-02-02,0.3968,0.3981,51783663.78,7
AVAX,2023-02-02,20.94,21.21,55275300.78,13
BNB,2023-02-02,317.16,323.61,23188016.78,4
BTC,2023-02-02,23730.52,23470.8,1378661476.28,1
DOGE,2023-02-02,0.094,0.09093,63398825.93,8
DOT,2023-02-02,6.459,6.53,46922490.15,11
ETH,2023-02-02,1641.61,1642.74,980080354.31,2
LTC,2023-02-02,100.32,98.66,37922968.93,12
MATIC,2023-02-02,1.194,1.181,88364303.15,9
SOL,2023-02-02,25.0,24.32,109357957.57,10
TON,2023-02-02,2.404,2.346,117938.43,15
TRX,2023-02-02,0.06312,0.06376,3111838.53,14
USDC,2023-02-02,1.0,1.001,585951.13,5
USDT,2023-02-02,1.001,1.001,57901.96,3
XRP,2023-02-02,0.4137,0.4097,37408868.48,6
ADA,2023-02-03,0.3981,0.4037,32611323.16,7
AVAX,2023-02-03,21.21,21.37,31492782.76,13
BNB,2023-02-03,323.61,332.24,22514820.11,4
BTC,2023-02-03,23470.8,23437.21,961229252.16,1
DOGE,2023-02-03,0.09093,0.09292,38590182.49,9
DOT,2023-02-03,6.53,7.008,59431840.03,11
ETH,2023-02-03,1642.74,1663.97,704445423.97,2
LTC,2023-02-03,98.66,99.91,38877567.19,12
MATIC,2023-02-03,1.181,1.245,68819782.59,8
SOL,2023-02-03,24.32,24.68,70127686.77,10
TON,2023-02-03,2.346,2.381,117474.59,15
TRX,2023-02-03,0.06376,0.06415,2756768.02,14
USDC,2023-02-03,1.001,0.9999,426475.27,5
USDT,2023-02-03,1.001,1.0,40966.9,3
XRP,2023-02-03,0.4097,0.4118,27504484.51,6
ADA,2023-02-04,0.4037,0.3993,18807004.43,7
AVAX,2023-02-04,21.37,21.03,12157114.28,13
BNB,2023-02-04,332.24,330.55,8250286.49,4
BTC,2023-02-04,23437.21,23332.1,334962158.54,1
DOGE,2023-02-04,0.09292,0.09568,84866638.43,9
DOT,2023-02-04,7.008,6.871,47665533.3,11
ETH,2023-02-04,1663.97,1666.89,412803098.7,2
LTC,2023-02-04,99.91,98.51,20961945.59,12
MATIC,2023-02-04,1.245,1.254,44704597.35,8
SOL,2023-02-04,24.68,24.36,23004871.92,10
TON,2023-02-04,2.381,2.323,114076.24,15
TRX,2023-02-04,0.06415,0.06381,2261669.02,14
USDC,2023-02-04,0.9999,1.0,247277.06,5
USDT,2023-02-04,1.0,1.0,247263.71,3
XRP,2023-02-04,0.4118,0.4106,9465437.51,6
ADA,2023-02-05,0.3993,0.3925,27746792.54,7
AVAX,2023-02-05,21.03,20.09,19944780.46,13
BNB,2023-02-05,330.55,327.76,16652363.29,4
BTC,2023-02-05,23332.1,22940.79,628865943.88,1
DOGE,2023-02-05,0.09568,0.0921,62571546.42,9
DOT,2023-02-05,6.871,6.641,48103735.09,11
ETH,2023-02-05,1666.89,1629.8,456219066.62,2
LTC,2023-02-05,98.51,96.68,22618856.46,12
MATIC,2023-02-05,1.254,1.203,58405955.66,8
SOL,2023-02-05,24.36,23.49,42459812.18,10
TON,2023-02-05,2.323,2.308,111145.83,15
TRX,2023-02-05,0.06381,0.06411,3055222.25,14
USDC,2023-02-05,1.0,1.0,277764.89,5
USDT,2023-02-05,1.0,1.0,27275.53,3
XRP,2023-02-05,0.4106,0.3984,16534435.17,6
ADA,2023-02-06,0.3925,0.3822,29374641.38,7
AVAX,2023-02-06,20.09,19.56,13241350.44,13
BNB,2023-02-06,327.76,324.45,10662267.55,4
BTC,2023-02-06,22940.79,22761.44,918256802.27,1
DOGE,2023-02-06,0.0921,0.08954,36004812.75,9
DOT,2023-02-06,6.641,6.488,51017550.21,11
ETH,2023-02-06,1629.8,1614.31,495673231.02,2
LTC,2023-02-06,96.68,95.94,24544289.13,12
MATIC,2023-02-06,1.203,1.19,43040395.3,8
SOL,2023-02-06,23.49,22.69,35635388.03,10
TON,2023-02-06,2.308,2.285,111660.74,15
TRX,2023-02-06,0.06411,0.06314,2926194.65,14
USDC,2023-02-06,1.0,1.0,21627538.48,5
USDT,2023-02-06,1.0,1.0,40115.1,3
XRP,2023-02-06,0.3984,0.3921,58856438.09,6
ADA,2023-02-07,0.3822,0.3992,27912554.83,7
AVAX,2023-02-07,19.56,20.85,18184751.13,13
BNB,2023-02-07,324.45,332.98,11315436.12,4
BTC,2023-02-07,22761.44,23252.78,852489794.18,1
DOGE,2023-02-07,0.08954,0.0926,35895417.31,9
DOT,2023-02-07,6.488,6.946,66729548.54,11
ETH,2023-02-07,1614.31,1671.61,637931660.04,2
LTC,2023-02-07,95.94,100.88,41206877.15,12
MATIC,2023-02-07,1.19,1.271,62379894.14,8
SOL,2023-02-07,22.69,23.84,55393189.81,10
TON,2023-02-07,2.285,2.332,117196.71,15
TRX,2023-02-07,0.06314,0.06574,3699796.76,14
USDC,2023-02-07,1.0,0.9999,27814013.37,5
USDT,2023-02-07,1.0,0.9999,37028.86,3
XRP,2023-02-07,0.3921,0.4038,39195881.05,6
ADA,2023-02-08,0.3992,0.3944,26895224.13,8
AVAX,2023-02-08,20.85,20.11,15509002.19,13
BNB,2023-02-08,332.98,328.15,11457006.24,4
BTC,2023-02-08,23252.78,22961.13,746102368.06,1
DOGE,2023-02-08,0.0926,0.09015,33189186.91,9
DOT,2023-02-08,6.946,6.754,64030512.39,11
ETH,2023-02-08,1671.61,1650.95,646763538.23,2
LTC,2023-02-08,100.88,99.21,41427667.78,12
MATIC,2023-02-08,1.271,1.304,107714275.42,7
SOL,2023-02-08,23.84,23.22,41744087.1,10
TON,2023-02-08,2.332,2.295,110443.32,15
TRX,2023-02-08,0.06574,0.06693,5014972.27,14
USDC,2023-02-08,0.9999,1.0,30544967.77,5
USDT,2023-02-08,0.9999,0.9999,32421.38,3
XRP,2023-02-08,0.4038,0.3977,29230291.48,6
ADA,2023-02-09,0.3944,0.3622,47500686.35,8
AVAX,2023-02-09,20.11,17.91,33060389.55,14
BNB,2023-02-09,328.15,306.17,21113034.72,4
BTC,2023-02-09,22961.13,21807.55,1626493846.29,1
DOGE,2023-02-09,0.09015,0.08145,69946246.76,9
DOT,2023-02-09,6.754,6.232,145396896.29,11
ETH,2023-02-09,1650.95,1545.78,867896690.84,2
LTC,2023-02-09,99.21,92.09,60090759.35,12
MATIC,2023-02-09,1.304,1.229,141911246.12,7
SOL,2023-02-09,23.22,20.47,69661953.13,10
TON,2023-02-09,2.295,2.205,107501.43,15
TRX,2023-02-09,0.06693,0.06263,3806554.29,13
USDC,2023-02-09,0.9999,1.001,72725.85,5
USDT,2023-02-09,0.9999,1.001,72731.93,3
XRP,2023-02-09,0.3977,0.3818,42081165.22,6
ADA,2023-02-10,0.3622,0.3584,33289200.43,8
AVAX,2023-02-10,17.91,17.78,18868962.64,14
BNB,2023-02-10,306.17,305.76,11047120.23,4
BTC,2023-02-10,21807.55,21634.86,1139170302.72,1
DOGE,2023-02-10,0.08145,0.08093,38993620.27,9
DOT,2023-02-10,6.232,6.193,91049737.49,11
ETH,2023-02-10,1545.78,1513.79,756041189.81,2
LTC,2023-02-10,92.09,93.39,41208485.25,12
MATIC,2023-02-10,1.229,1.231,101214794.49,7
SOL,2023-02-10,20.47,20.13,52209262.99,10
TON,2023-02-10,2.205,2.166,107442.48,15
TRX,2023-02-10,0.06263,0.06331,2693895.04,13
USDC,2023-02-10,1.0,1.0,24602977.97,5
USDT,2023-02-10,1.001,1.0,52409.2,3
XRP,2023-02-10,0.3818,0.3822,21323104.52,6
ADA,2023-02-11,0.3584,0.3686,20990580.87,8
AVAX,2023-02-11,17.78,18.02,5595709.04,14
BNB,2023-02-11,305.76,310.4,5665947.58,4
BTC,2023-02-11,21634.86,21862.19,371394433.41,1
DOGE,2023-02-11,0.08093,0.08227,13608288.04,9
DOT,2023-02-11,6.193,6.278,39985784.44,11
ETH,2023-02-11,1513.79,1538.79,260403379.72,2
LTC,2023-02-11,93.39,94.35,16532053.66,12
MATIC,2023-02-11,1.231,1.249,29450099.78,7
SOL,2023-02-11,20.13,20.82,20802522.2,10
TON,2023-02-11,2.166,2.195,105260.81,15
TRX,2023-02-11,0.06331,0.06374,1571103.28,13
USDC,2023-02-11,1.0,0.9999,11400477.78,5
USDT,2023-02-11,1.0,1.0,17100.7,3
XRP,2023-02-11,0.3822,0.3837,5205124.39,6
ADA,2023-02-12,0.3686,0.3641,21051793.31,8
AVAX,2023-02-12,18.02,17.77,13545934.85,14
BNB,2023-02-12,310.4,312.92,10755928.12,4
BTC,2023-02-12,21862.19,21790.14,601407332.2,1
DOGE,2023-02-12,0.08227,0.08218,32365956.58,9
DOT,2023-02-12,6.278,6.187,74625699.86,11
ETH,2023-02-12,1538.79,1515.42,349138047.41,2
LTC,2023-02-12,94.35,92.49,16274403.82,12
MATIC,2023-02-12,1.249,1.237,45352771.89,7
SOL,2023-02-12,20.82,21.51,40873349.6,10
TON,2023-02-12,2.195,2.266,106577.92,15
TRX,2023-02-12,0.06374,0.06386,2373563.41,13
USDC,2023-02-12,0.9999,1.0,27494.24,5
USDT,2023-02-12,1.0,1.0,27499.4,3
XRP,2023-02-12,0.3837,0.3746,10200114.59,6
ADA,2023-02-13,0.3641,0.3596,33114474.1,8
AVAX,2023-02-13,17.77,17.64,18933580.21,14
BNB,2023-02-13,312.92,294.28,41729146.84,4
BTC,2023-02-13,21790.14,21787.77,1271661452.37,1
DOGE,2023-02-13,0.08218,0.08213,50018445.5,9
DOT,2023-02-13,6.187,6.147,116543565.29,11
ETH,2023-02-13,1515.42,1506.37,800954432.79,2
LTC,2023-02-13,92.49,91.08,41448962.2,12
MATIC,2023-02-13,1.237,1.186,86255184.72,7
SOL,2023-02-13,21.51,20.78,56902152.93,10
TON,2023-02-13,2.266,2.272,113656.44,15
TRX,2023-02-13,0.06386,0.06557,3862417.31,13
USDC,2023-02-13,1.0,1.0,62189351.98,5
USDT,2023-02-13,1.0,1.001,673491357.8,3
XRP,2023-02-13,0.3746,0.3707,104361181.79,6
ADA,2023-02-14,0.3596,0.3868,47685803.49,8
AVAX,2023-02-14,17.64,18.15,17306637.51,14
BNB,2023-02-14,294.28,296.23,18091299.74,4
BTC,2023-02-14,21787.77,22208.56,1121665134.71,1
DOGE,2023-02-14,0.08213,0.0836,33857340.93,9
DOT,2023-02-14,6.147,6.229,108918271.34,12
ETH,2023-02-14,1506.37,1556.14,687412621.55,2
LTC,2023-02-14,91.08,95.81,31642236.5,11
MATIC,2023-02-14,1.186,1.259,88673995.09,7
SOL,2023-02-14,20.78,21.85,67451898.71,10
TON,2023-02-14,2.272,2.301,113783.41,15
TRX,2023-02-14,0.06557,0.06674,3718141.64,13
USDC,2023-02-14,1.0,0.9999,43265788.17,5
USDT,2023-02-14,1.001,1.0,51064.55,3
XRP,2023-02-14,0.3707,0.3823,75084172.44,6
ADA,2023-02-15,0.3868,0.4198,48264363.45,7
AVAX,2023-02-15,18.15,19.95,14520844.19,14
BNB,2023-02-15,296.23,317.37,17589829.26,4
BTC,2023-02-15,22208.56,24332.21,1636571319.77,1
DOGE,2023-02-15,0.0836,0.08926,68795144.08,9
DOT,2023-02-15,6.229,6.612,95941256.29,12
ETH,2023-02-15,1556.14,1675.34,772032249.88,2
LTC,2023-02-15,95.81,102.86,40800542.42,11
MATIC,2023-02-15,1.259,1.329,74585150.44,8
SOL,2023-02-15,21.85,23.87,64533089.37,10
TON,2023-02-15,2.301,2.393,118829.85,15
TRX,2023-02-15,0.06674,0.07087,3888118.69,13
USDC,2023-02-15,1.0,0.9999,70443.02,5
USDT,2023-02-15,1.0,1.0,70461.43,3
XRP,2023-02-15,0.3823,0.4011,36183877.2,6
ADA,2023-02-16,0.4198,0.3872,48226285.33,8
AVAX,2023-02-16,19.95,18.61,28859068.3,14
BNB,2023-02-16,317.37,304.7,33139258.43,4
BTC,2023-02-16,24332.21,23533.22,2195432803.47,1
DOGE,2023-02-16,0.08926,0.08488,69771547.36,9
DOT,2023-02-16,6.612,6.332,121047882.01,12
ETH,2023-02-16,1675.34,1638.41,1030465375.37,2
LTC,2023-02-16,102.86,98.56,42406536.11,11
MATIC,2023-02-16,1.329,1.371,148607947.8,7
SOL,2023-02-16,23.87,22.26,80695240.37,10
TON,2023-02-16,2.393,2.265,114222.01,15
TRX,2023-02-16,0.07087,0.06682,4670153.02,13
USDC,2023-02-16,0.9999,0.9996,89363.45,5
USDT,2023-02-16,1.0,1.0,89440.76,3
XRP,2023-02-16,0.4011,0.3848,31940493.03,6
ADA,2023-02-17,0.3872,0.4037,29345685.1,8
AVAX,2023-02-17,18.61,19.47,17320467.84,14
BNB,2023-02-17,304.7,313.33,20399957.37,4
BTC,2023-02-17,23533.22,24578.28,2024871806.46,1
DOGE,2023-02-17,0.08488,0.08774,33199101.37,9
DOT,2023-02-17,6.332,7.297,154876687.03,11
ETH,2023-02-17,1638.41,1694.3,754132750.16,2
LTC,2023-02-17,98.56,100.18,27209268.13,12
MATIC,2023-02-17,1.371,1.526,130402092.93,7
SOL,2023-02-17,22.26,23.17,48246530.17,10
TON,2023-02-17,2.265,2.306,112855.63,15
TRX,2023-02-17,0.06682,0.07032,4263859.37,13
USDC,2023-02-17,0.9996,1.0,83849.06,5
USDT,2023-02-17,1.0,1.0,83856.74,3
XRP,2023-02-17,0.3848,0.3951,28176346.72,6
ADA,2023-02-18,0.4037,0.4061,20607652.77,8
AVAX,2023-02-18,19.47,19.55,13353180.42,14
BNB,2023-02-18,313.33,316.48,9811415.45,4
BTC,2023-02-18,24578.28,24638.27,550069111.96,1
DOGE,2023-02-18,0.08774,0.08884,25154753.91,9
DOT,2023-02-18,7.297,7.232,161129116.91,11
ETH,2023-02-18,1694.3,1691.98,307506654.43,2
LTC,2023-02-18,100.18,99.75,24278573.29,12
MATIC,2023-02-18,1.526,1.485,71120348.21,7
SOL,2023-02-18,23.17,23.47,28826528.41,10
TON,2023-02-18,2.306,2.346,108318.55,15
TRX,2023-02-18,0.07032,0.07013,2793154.56,13
USDC,2023-02-18,1.0,1.0,22337.6,5
USDT,2023-02-18,1.0,1.0,22340.39,3
XRP,2023-02-18,0.3951,0.3944,8204947.43,6
ADA,2023-02-19,0.4061,0.3998,27806564.9,8
AVAX,2023-02-19,19.55,19.82,13118757.5,14
BNB,2023-02-19,316.48,311.88,12109702.5,4
BTC,2023-02-19,24638.27,24287.53,1073608902.53,1
DOGE,2023-02-19,0.08884,0.08706,37530996.62,9
DOT,2023-02-19,7.232,7.463,230771081.47,11
ETH,2023-02-19,1691.98,1681.25,507142415.32,2
LTC,2023-02-19,99.75,97.47,29674928.72,12
MATIC,2023-02-19,1.485,1.481,59100045.51,7
SOL,2023-02-19,23.47,24.85,75989614.31,10
TON,2023-02-19,2.346,2.35,114004.21,15
TRX,2023-02-19,0.07013,0.07033,2817819.53,13
USDC,2023-02-19,1.0,1.0,43544.51,5
USDT,2023-02-19,1.0,1.0,43543.7,3
XRP,2023-02-19,0.3944,0.3863,11793075.71,6
ADA,2023-02-20,0.3998,0.4036,29307971.73,8
AVAX,2023-02-20,19.82,20.83,30220546.24,14
BNB,2023-02-20,311.88,315.25,17951525.36,4
BTC,2023-02-20,24287.53,24838.09,1341924666.63,1
DOGE,2023-02-20,0.08706,0.0883,39289424.8,9
DOT,2023-02-20,7.463,7.557,217382913.54,11
ETH,2023-02-20,1681.25,1703.53,508356423.43,2
LTC,2023-02-20,97.47,95.92,34432071.62,12
MATIC,2023-02-20,1.481,1.475,53250044.69,7
SOL,2023-02-20,24.85,26.26,120845651.18,10
TON,2023-02-20,2.35,2.362,113245.7,15
TRX,2023-02-20,0.07033,0.07194,4351865.83,13
USDC,2023-02-20,1.0,1.0,54401.37,5
USDT,2023-02-20,1.0,0.9998,54385.69,3
XRP,2023-02-20,0.3863,0.3983,80650079.14,6
ADA,2023-02-21,0.4036,0.3925,32820586.17,8
AVAX,2023-02-21,20.83,20.97,33446371.56,13
BNB,2023-02-21,315.25,311.62,14708236.89,4
BTC,2023-02-21,24838.09,24450.5,1699888067.11,1
DOGE,2023-02-21,0.0883,0.08544,36198763.07,9
DOT,2023-02-21,7.557,7.249,105412224.44,11
ETH,2023-02-21,1703.53,1659.64,659946431.8,2
LTC,2023-02-21,95.92,93.8,52176933.7,12
MATIC,2023-02-21,1.475,1.386,83315261.81,7
SOL,2023-02-21,26.26,24.98,81340386.05,10
TON,2023-02-21,2.362,2.35,102376.87,15
TRX,2023-02-21,0.07194,0.0695,2394616.03,14
USDC,2023-02-21,1.0,0.9999,68928.55,5
USDT,2023-02-21,0.9998,1.0,68957.2,3
XRP,2023-02-21,0.3983,0.3921,54792287.55,6
ADA,2023-02-22,0.3925,0.3889,37770434.32,8
AVAX,2023-02-22,20.97,20.32,38659764.82,14
BNB,2023-02-22,311.62,312.34,13806823.03,4
BTC,2023-02-22,24450.5,24186.92,1707889533.14,1
DOGE,2023-02-22,0.08544,0.08548,53007221.86,9
DOT,2023-02-22,7.249,7.187,16627885.26,11
ETH,2023-02-22,1659.64,1643.28,846194678.13,2
LTC,2023-02-22,93.8,95.21,57397846.29,12
MATIC,2023-02-22,1.386,1.395,72157648.48,7
SOL,2023-02-22,24.98,24.17,83511817.6,10
TON,2023-02-22,2.35,2.465,130672.17,15
TRX,2023-02-22,0.0695,0.06943,643625.84,13
USDC,2023-02-22,0.9999,0.9999,31012214.49,5
USDT,2023-02-22,1.0,1.0,71241.26,3
XRP,2023-02-22,0.3921,0.3952,33048142.85,6
ADA,2023-02-23,0.3889,0.3823,22934069.44,8
AVAX,2023-02-23,20.32,19.7,27315781.2,14
BNB,2023-02-23,312.34,308.38,10295117.58,4
BTC,2023-02-23,24186.92,23941.1,1630064365.85,1
DOGE,2023-02-23,0.08548,0.08422,26345970.96,9
DOT,2023-02-23,7.187,7.095,10796535.66,11
ETH,2023-02-23,1643.28,1650.59,699286522.36,2
LTC,2023-02-23,95.21,94.64,25749175.43,12
MATIC,2023-02-23,1.395,1.354,43240238.69,7
SOL,2023-02-23,24.17,23.92,49267607.38,10
TON,2023-02-23,2.465,2.483,122127.35,15
TRX,2023-02-23,0.06943,0.06956,713462.42,13
USDC,2023-02-23,1.0,0.9999,67718.49,5
USDT,2023-02-23,1.0,1.0,67733.04,3
XRP,2023-02-23,0.3952,0.3886,38477438.95,6
ADA,2023-02-24,0.3823,0.3657,33993565.49,8
AVAX,2023-02-24,19.7,18.39,19720709.38,14
BNB,2023-02-24,308.38,302.24,12281100.45,4
BTC,2023-02-24,23941.1,23189.78,1610829236.2,1
DOGE,2023-02-24,0.08422,0.08091,30009835.98,9
DOT,2023-02-24,7.095,6.615,18085401.19,11
ETH,2023-02-24,1650.59,1607.86,799273822.59,2
LTC,2023-02-24,94.64,91.58,28890259.06,12
MATIC,2023-02-24,1.354,1.265,66224815.05,7
SOL,2023-02-24,23.92,23.08,49847752.08,10
TON,2023-02-24,2.483,2.351,156554.61,15
TRX,2023-02-24,0.06956,0.06792,781442.01,13
USDC,2023-02-24,0.9999,1.0,68649.74,5
USDT,2023-02-24,1.0,1.0,68661.29,3
XRP,2023-02-24,0.3886,0.3785,33207841.56,6
ADA,2023-02-25,0.3657,0.362,22621021.24,8
AVAX,2023-02-25,18.4,17.95,14993761.85,14
BNB,2023-02-25,302.32,302.55,11384723.15,4
BTC,2023-02-25,23190.14,23168.68,569329617.92,1
DOGE,2023-02-25,0.08091,0.08076,21456554.63,9
DOT,2023-02-25,6.616,6.545,9113978.44,11
ETH,2023-02-25,1608.09,1594.89,351919078.03,2
LTC,2023-02-25,91.58,93.15,20026153.69,12
MATIC,2023-02-25,1.265,1.248,48874193.21,7
SOL,2023-02-25,23.07,22.4,33529910.0,10
TON,2023-02-25,2.354,2.391,121882.89,15
TRX,2023-02-25,0.06791,0.06788,469500.23,13
USDC,2023-02-25,1.0,1.0,24737.24,5
USDT,2023-02-25,1.0,1.001,24740.67,3
XRP,2023-02-25,0.3785,0.378,9714990.11,6
ADA,2023-02-26,0.362,0.3691,17794746.39,8
AVAX,2023-02-26,17.95,18.43,9917973.53,14
BNB,2023-02-26,302.55,308.85,10687413.76,4
BTC,2023-02-26,23168.68,23557.29,632282012.46,1
DOGE,2023-02-26,0.08076,0.08218,13740140.65,9
DOT,2023-02-26,6.545,6.693,7204797.2,11
ETH,2023-02-26,1594.89,1641.93,368915540.44,2
LTC,2023-02-26,93.15,95.26,19388439.42,12
MATIC,2023-02-26,1.248,1.281,43050374.06,7
SOL,2023-02-26,22.4,23.28,29942794.53,10
TON,2023-02-26,2.391,2.452,119074.11,15
TRX,2023-02-26,0.06788,0.06955,355768.68,13
USDC,2023-02-26,1.0,1.0,27072.84,5
USDT,2023-02-26,1.001,1.0,27075.79,3
XRP,2023-02-26,0.378,0.3933,11175813.26,6
ADA,2023-02-27,0.3691,0.3646,18337839.32,8
AVAX,2023-02-27,18.43,17.89,19928470.05,14
BNB,2023-02-27,308.85,304.57,13577786.61,4
BTC,2023-02-27,23557.29,23492.86,1057863335.56,1
DOGE,2023-02-27,0.08218,0.08135,18709826.06,9
DOT,2023-02-27,6.693,6.578,7749668.4,11
ETH,2023-02-27,1641.93,1633.97,598217352.12,2
LTC,2023-02-27,95.26,94.08,25533300.59,12
MATIC,2023-02-27,1.281,1.234,58609195.62,7
SOL,2023-02-27,23.28,22.67,45184748.78,10
TON,2023-02-27,2.452,2.457,119210.77,15
TRX,2023-02-27,0.06955,0.0694,1773902.01,13
USDC,2023-02-27,1.0,0.9999,45076.52,5
USDT,2023-02-27,1.0,1.0,45084.49,3
XRP,2023-02-27,0.3933,0.4018,84114838.99,6
ADA,2023-02-28,0.3646,0.3518,17005686.23,8
AVAX,2023-02-28,17.89,17.09,19344112.08,14
BNB,2023-02-28,304.57,301.58,11083109.96,4
BTC,2023-02-28,23492.86,23137.23,814380395.42,1
DOGE,2023-02-28,0.08135,0.08084,30046022.21,9
DOT,2023-02-28,6.578,6.349,10914009.91,11
ETH,2023-02-28,1633.97,1605.0,456947652.79,2
LTC,2023-02-28,94.08,93.78,23514220.88,12
MATIC,2023-02-28,1.234,1.196,62107292.82,7
SOL,2023-02-28,22.67,21.88,38176238.55,10
TON,2023-02-28,2.457,2.48,119144.47,15
TRX,2023-02-28,0.0694,0.06901,682077.22,13
USDC,2023-02-28,0.9999,1.0,29121314.4,5
USDT,2023-02-28,1.0,0.9998,34857.25,3
XRP,2023-02-28,0.4018,0.3766,61923178.44,6
ADA,2023-03-01,0.3518,0.3602,23437234.1,8
AVAX,2023-03-01,17.09,17.77,12792444.94,14
BNB,2023-03-01,301.58,302.61,13218590.94,4
BTC,2023-03-01,23137.23,23642.8,1070132297.9,1
DOGE,2023-03-01,0.08084,0.08193,17574443.67,9
DOT,2023-03-01,6.349,6.534,11552973.59,11
ETH,2023-03-01,1605.0,1665.45,576615214.76,2
LTC,2023-03-01,93.78,97.78,30260464.65,12
MATIC,2023-03-01,1.196,1.25,56897046.6,7
SOL,2023-03-01,21.88,22.51,32153652.95,10
TON,2023-03-01,2.48,2.485,124231.68,15
TRX,2023-03-01,0.06901,0.06995,548142.92,13
USDC,2023-03-01,1.0,1.0,45336.39,5
USDT,2023-03-01,0.9998,1.0,45343.43,3
XRP,2023-03-01,0.3766,0.3837,46582087.15,6
ADA,2023-03-02,0.3602,0.3505,22274300.54,8
AVAX,2023-03-02,17.77,17.47,7119407.11,14
BNB,2023-03-02,302.61,299.9,12817052.31,4
BTC,2023-03-02,23642.8,23467.23,813452928.16,1
DOGE,2023-03-02,0.08193,0.08053,16705551.52,9
DOT,2023-03-02,6.534,6.334,7958739.46,11
ETH,2023-03-02,1665.45,1647.79,551440002.57,2
LTC,2023-03-02,97.78,95.37,26123519.44,12
MATIC,2023-03-02,1.25,1.227,34022327.54,7
SOL,2023-03-02,22.51,21.99,31155232.7,10
TON,2023-03-02,2.485,2.427,118580.54,15
TRX,2023-03-02,0.06995,0.0697,490138.28,13
USDC,2023-03-02,1.0,1.0,24802324.43,5
USDT,2023-03-02,1.0,1.0,34730.15,3
XRP,2023-03-02,0.3837,0.3773,42066981.55,6
ADA,2023-03-03,0.3505,0.3431,38740590.05,8
AVAX,2023-03-03,17.47,16.67,15476365.07,14
BNB,2023-03-03,299.91,290.47,19757265.09,4
BTC,2023-03-03,23467.23,22360.92,1328714697.97,1
DOGE,2023-03-03,0.08053,0.07683,41178267.22,9
DOT,2023-03-03,6.334,6.036,18908792.11,11
ETH,2023-03-03,1647.79,1569.58,739448646.09,2
LTC,2023-03-03,95.37,90.58,55016326.3,12
MATIC,2023-03-03,1.227,1.169,54494949.08,7
SOL,2023-03-03,21.99,21.42,45763308.65,10
TON,2023-03-03,2.427,2.375,114967.01,15
TRX,2023-03-03,0.0697,0.06714,817481.11,13
USDC,2023-03-03,1.0,1.0,79068287.8,5
USDT,2023-03-03,1.0,1.0,59300.14,3
XRP,2023-03-03,0.3773,0.3773,42115243.01,6
ADA,2023-03-04,0.3431,0.3367,8458531.9,8
AVAX,2023-03-04,16.67,16.14,3533016.16,14
BNB,2023-03-04,290.37,289.57,10767167.73,4
BTC,2023-03-04,22360.92,22353.23,264342272.32,1
DOGE,2023-03-04,0.07683,0.07463,11138231.02,9
DOT,2023-03-04,6.036,5.914,6528551.97,11
ETH,2023-03-04,1569.58,1566.93,176234475.2,2
LTC,2023-03-04,90.58,89.36,16238964.54,12
MATIC,2023-03-04,1.169,1.128,19867663.84,7
SOL,2023-03-04,21.42,20.99,16101235.47,10
TON,2023-03-04,2.375,2.367,113798.91,15
TRX,2023-03-04,0.06714,0.06674,471473.95,13
USDC,2023-03-04,1.0,1.0,16722934.07,5
USDT,2023-03-04,1.0,1.0,11843.68,3
XRP,2023-03-04,0.3773,0.3736,9641378.12,6
ADA,2023-03-05,0.3367,0.3369,10975490.36,8
AVAX,2023-03-05,16.14,16.14,6359030.15,14
BNB,2023-03-05,289.57,288.7,10220107.53,4
BTC,2023-03-05,22353.23,22434.09,468467084.05,1
DOGE,2023-03-05,0.07463,0.07477,12355150.3,9
DOT,2023-03-05,5.914,5.978,4612582.11,11
ETH,2023-03-05,1566.93,1564.76,277592151.28,2
LTC,2023-03-05,89.36,89.93,31594665.6,12
MATIC,2023-03-05,1.128,1.136,28093590.76,7
SOL,2023-03-05,20.99,20.97,33561929.58,10
TON,2023-03-05,2.367,2.344,111121.93,15
TRX,2023-03-05,0.06674,0.06723,376363.04,13
USDC,2023-03-05,1.0,1.0,20880.99,5
USDT,2023-03-05,1.0,1.0,20878.96,3
XRP,2023-03-05,0.3736,0.3668,13969987.15,6
ADA,2023-03-06,0.3369,0.3306,20344699.76,8
AVAX,2023-03-06,16.14,16.5,8507026.61,14
BNB,2023-03-06,288.7,287.81,13707401.56,4
BTC,2023-03-06,22434.09,22410.79,607585243.32,1
DOGE,2023-03-06,0.07477,0.07478,17885715.93,9
DOT,2023-03-06,5.978,5.919,8514045.31,11
ETH,2023-03-06,1564.76,1565.91,384556985.72,2
LTC,2023-03-06,89.93,87.36,44050701.7,12
MATIC,2023-03-06,1.136,1.131,34276485.09,7
SOL,2023-03-06,20.97,20.62,37992113.26,10
TON,2023-03-06,2.344,2.393,120618.13,15
TRX,2023-03-06,0.06723,0.0674,520196.6,13
USDC,2023-03-06,1.0,1.0,22348450.46,5
USDT,2023-03-06,1.0,0.9999,375216658.19,3
XRP,2023-03-06,0.3668,0.3697,89088407.87,6
ADA,2023-03-07,0.3306,0.3305,24121221.46,8
AVAX,2023-03-07,16.5,16.18,9292428.95,14
BNB,2023-03-07,287.81,289.22,14171782.89,4
BTC,2023-03-07,22410.79,22201.44,865083425.31,1
DOGE,2023-03-07,0.07478,0.07406,23596178.12,9
DOT,2023-03-07,5.919,5.84,11398524.57,11
ETH,2023-03-07,1565.91,1561.65,539524295.29,2
LTC,2023-03-07,87.36,86.28,42038527.52,12
MATIC,2023-03-07,1.131,1.15,56875796.82,7
SOL,2023-03-07,20.62,20.24,53461794.67,10
TON,2023-03-07,2.393,2.307,113227.95,15
TRX,2023-03-07,0.0674,0.06624,685027.12,13
USDC,2023-03-07,1.0,1.0,58426702.33,5
USDT,2023-03-07,0.9999,1.0,502012805.84,3
XRP,2023-03-07,0.3697,0.3802,75542915.06,6
ADA,2023-03-08,0.3305,0.3175,25276198.18,8
AVAX,2023-03-08,16.18,15.12,11483946.88,14
BNB,2023-03-08,289.28,287.15,13227112.54,4
BTC,2023-03-08,22201.44,21704.74,907354581.02,1
DOGE,2023-03-08,0.07406,0.07112,31206345.73,9
DOT,2023-03-08,5.84,5.595,17145855.43,11
ETH,2023-03-08,1561.65,1532.44,533070618.78,2
LTC,2023-03-08,86.28,82.72,39088325.98,12
MATIC,2023-03-08,1.15,1.051,70320373.59,7
SOL,2023-03-08,20.24,18.42,81522052.95,10
TON,2023-03-08,2.307,2.348,118969.9,15
TRX,2023-03-08,0.06624,0.06533,833739.48,13
USDC,2023-03-08,1.0,1.0,42420754.09,5
USDT,2023-03-08,1.0,1.0,41231.86,3
XRP,2023-03-08,0.3802,0.3886,62552403.65,6
ADA,2023-03-09,0.3175,0.3104,41018233.95,8
AVAX,2023-03-09,15.12,14.42,19987409.88,14
BNB,2023-03-09,287.15,277.24,16955355.91,4
BTC,2023-03-09,21704.74,20370.48,1584851678.8,1
DOGE,2023-03-09,0.07112,0.06603,52223035.44,9
DOT,2023-03-09,5.595,5.383,17583294.68,11
ETH,2023-03-09,1532.44,1437.54,859197707.07,2
LTC,2023-03-09,82.72,76.71,64302221.99,12
MATIC,2023-03-09,1.051,1.017,75257078.97,7
SOL,2023-03-09,18.42,17.35,105502413.57,10
TON,2023-03-09,2.348,2.292,116602.55,15
TRX,2023-03-09,0.06533,0.05865,2210249.56,13
USDC,2023-03-09,1.0,1.0,47265404.08,5
USDT,2023-03-09,1.0,1.0,75264.81,3
XRP,2023-03-09,0.3886,0.371,59387695.86,6
ADA,2023-03-10,0.3104,0.3159,46443287.23,8
AVAX,2023-03-10,14.42,14.84,23476503.85,14
BNB,2023-03-10,277.24,278.04,21512245.29,4
BTC,2023-03-10,20370.48,20206.71,2103890132.26,1
DOGE,2023-03-10,0.06603,0.06597,33989871.44,9
DOT,2023-03-10,5.383,5.567,23115370.02,11
ETH,2023-03-10,1437.54,1431.4,1175848727.85,2
LTC,2023-03-10,76.71,71.71,77957798.02,12
MATIC,2023-03-10,1.017,1.062,98987204.88,7
SOL,2023-03-10,17.35,18.24,133416568.37,10
TON,2023-03-10,2.292,2.267,113591.28,15
TRX,2023-03-10,0.05865,0.05755,1965336.66,13
USDC,2023-03-10,1.0,0.9983,122356895.41,5
USDT,2023-03-10,1.0,1.003,105637.13,3
XRP,2023-03-10,0.371,0.3711,49546111.21,6
ADA,2023-03-11,0.3159,0.3072,36158674.76,8
AVAX,2023-03-11,14.84,14.62,19946102.73,14
BNB,2023-03-11,278.04,277.87,14660966.43,4
BTC,2023-03-11,20206.71,20613.6,1416403424.21,1
DOGE,2023-03-11,0.06597,0.06659,29048168.32,9
DOT,2023-03-11,5.567,5.511,16373665.71,11
ETH,2023-03-11,1431.4,1483.2,805115649.23,2
LTC,2023-03-11,71.71,69.76,66658232.85,12
MATIC,2023-03-11,1.062,1.064,67295527.14,7
SOL,2023-03-11,18.24,18.21,67762821.86,10
TON,2023-03-11,2.267,2.276,108963.64,15
TRX,2023-03-11,0.05755,0.05927,2446715.62,13
USDC,2023-03-11,0.9983,0.9679,533685982.19,5
USDT,2023-03-11,1.003,1.008,774514859.89,3
XRP,2023-03-11,0.3711,0.3669,48525375.19,6
ADA,2023-03-12,0.3072,0.3322,29048634.05,8
AVAX,2023-03-12,14.62,16.27,15489585.13,14
BNB,2023-03-12,277.87,290.61,14881042.81,4
BTC,2023-03-12,20613.6,22183.71,1352204877.06,1
DOGE,2023-03-12,0.06659,0.07099,24508176.68,9
DOT,2023-03-12,5.511,5.935,9955866.7,11
ETH,2023-03-12,1483.2,1591.86,628102927.38,2
LTC,2023-03-12,69.76,76.77,43903972.06,12
MATIC,2023-03-12,1.064,1.158,57354772.08,7
SOL,2023-03-12,18.21,20.32,77122006.66,10
TON,2023-03-12,2.276,2.378,117647.67,15
TRX,2023-03-12,0.05927,0.06488,1351991.03,13
USDC,2023-03-12,0.9679,0.9912,312176039.03,5
USDT,2023-03-12,1.008,1.009,64502.03,3
XRP,2023-03-12,0.3669,0.3733,36674738.12,6
ADA,2023-03-13,0.3322,0.3449,47976692.93,8
AVAX,2023-03-13,16.27,16.53,19196807.14,14
BNB,2023-03-13,290.61,309.12,47151793.2,4
BTC,2023-03-13,22183.71,24207.1,2198916015.73,1
DOGE,2023-03-13,0.07099,0.07309,35519048.47,9
DOT,2023-03-13,5.935,6.125,18930612.83,11
ETH,2023-03-13,1591.86,1680.71,1009058317.0,2
LTC,2023-03-13,76.77,81.84,64895573.03,12
MATIC,2023-03-13,1.158,1.197,87034776.1,7
SOL,2023-03-13,20.32,20.47,154278866.04,10
TON,2023-03-13,2.378,2.408,122967.02,15
TRX,2023-03-13,0.06488,0.06716,2909938.17,13
USDC,2023-03-13,0.9912,0.9988,255815669.79,5
USDT,2023-03-13,1.009,1.004,94870.34,3
XRP,2023-03-13,0.3733,0.3733,107850584.72,6
ADA,2023-03-14,0.3449,0.3444,58565850.9,8
AVAX,2023-03-14,16.53,17.21,32051501.47,14
BNB,2023-03-14,309.12,309.47,35311636.65,4
BTC,2023-03-14,24207.1,24757.56,2783419006.43,1
DOGE,2023-03-14,0.07309,0.0748,39796939.48,9
DOT,2023-03-14,6.125,6.246,20364908.38,11
ETH,2023-03-14,1680.71,1705.06,1225543590.64,2
LTC,2023-03-14,81.84,84.3,78887003.98,12
MATIC,2023-03-14,1.197,1.201,87554117.45,7
SOL,2023-03-14,20.47,20.93,139806672.07,10
TON,2023-03-14,2.408,2.422,120184.92,15
TRX,2023-03-14,0.06716,0.06716,1672743.27,13
USDC,2023-03-14,0.9988,0.9995,229007426.37,5
USDT,2023-03-14,1.004,1.003,111026.97,3
XRP,2023-03-14,0.3733,0.3734,43192245.63,6
ADA,2023-03-15,0.3444,0.3254,41873885.08,8
AVAX,2023-03-15,17.21,15.61,28436584.38,14
BNB,2023-03-15,309.47,307.33,18242053.3,4
BTC,2023-03-15,24757.56,24372.11,1826358018.09,1
DOGE,2023-03-15,0.0748,0.06995,44096245.19,9
DOT,2023-03-15,6.246,5.893,16201801.95,11
ETH,2023-03-15,1705.06,1652.94,948181307.92,2
LTC,2023-03-15,84.3,76.69,55301652.6,12
MATIC,2023-03-15,1.201,1.116,75626685.16,7
SOL,2023-03-15,20.93,19.32,105480852.93,10
TON,2023-03-15,2.422,2.432,122514.32,15
TRX,2023-03-15,0.06716,0.0653,980203.08,13
USDC,2023-03-15,0.9995,0.9996,229884874.35,5
USDT,2023-03-15,1.003,1.004,74385.94,3
XRP,2023-03-15,0.3734,0.3601,28215119.34,6
ADA,2023-03-16,0.3254,0.3254,30040158.88,8
AVAX,2023-03-16,15.61,15.87,22052086.26,14
BNB,2023-03-16,307.33,329.91,55518997.64,4
BTC,2023-03-16,24372.11,25049.83,1372954004.0,1
DOGE,2023-03-16,0.06995,0.07269,30825277.94,9
DOT,2023-03-16,5.893,6.1,9721864.79,11
ETH,2023-03-16,1652.94,1676.86,563676442.36,2
LTC,2023-03-16,76.69,79.12,77148153.84,12
MATIC,2023-03-16,1.116,1.15,39289906.69,7
SOL,2023-03-16,19.32,19.72,59302142.14,10
TON,2023-03-16,2.432,2.442,118136.31,15
TRX,2023-03-16,0.0653,0.06374,4112732.68,13
USDC,2023-03-16,0.9996,0.9999,76967831.62,5
USDT,2023-03-16,1.004,1.002,55521.65,3
XRP,2023-03-16,0.3601,0.3655,16194606.44,6
ADA,2023-03-17,0.3254,0.3502,32353603.3,8
AVAX,2023-03-17,15.87,17.69,22084072.79,14
BNB,2023-03-17,329.91,339.45,41402101.02,4
BTC,2023-03-17,25049.83,27441.41,2554985216.53,1
DOGE,2023-03-17,0.07269,0.07657,31505124.69,9
DOT,2023-03-17,6.1,6.637,11720045.62,11
ETH,2023-03-17,1676.86,1793.04,962507961.8,2
LTC,2023-03-17,79.12,85.7,41212599.13,12
MATIC,2023-03-17,1.15,1.225,50488307.47,7
SOL,2023-03-17,19.72,21.65,91865214.82,10
TON,2023-03-17,2.442,2.462,121918.14,15
TRX,2023-03-17,0.06374,0.06775,1315875.11,13
USDC,2023-03-17,0.9999,0.9999,108526045.66,5
USDT,2023-03-17,1.002,1.002,96602.24,3
XRP,2023-03-17,0.3655,0.3805,25817004.12,6
ADA,2023-03-18,0.3502,0.3379,24871139.46,8
AVAX,2023-03-18,17.69,17.03,15966171.83,14
BNB,2023-03-18,339.45,331.77,24078306.72,4
BTC,2023-03-18,27441.41,26973.46,1335463761.57,1
DOGE,2023-03-18,0.07657,0.07311,37226619.81,9
DOT,2023-03-18,6.637,6.326,8715236.04,11
ETH,2023-03-18,1793.04,1763.35,798340920.36,2
LTC,2023-03-18,85.7,83.16,65343379.18,12
MATIC,2023-03-18,1.225,1.173,51483163.49,7
SOL,2023-03-18,21.65,21.26,98823416.73,10
TON,2023-03-18,2.462,2.427,120725.93,15
TRX,2023-03-18,0.06775,0.06587,678950.25,13
USDC,2023-03-18,0.9997,0.9998,48834.7,5
USDT,2023-03-18,1.002,1.002,48964.24,3
XRP,2023-03-18,0.3805,0.3746,15347281.85,6
ADA,2023-03-19,0.3379,0.3456,18121755.34,8
AVAX,2023-03-19,17.03,17.55,9259577.46,14
BNB,2023-03-19,331.77,337.32,20442550.78,4
BTC,2023-03-19,26973.46,28040.29,1337898482.67,1
DOGE,2023-03-19,0.07311,0.07471,15591693.67,9
DOT,2023-03-19,6.326,6.468,5644626.34,11
ETH,2023-03-19,1763.35,1785.66,607696097.2,2
LTC,2023-03-19,83.16,84.17,30642816.1,12
MATIC,2023-03-19,1.173,1.169,33403323.28,7
SOL,2023-03-19,21.26,21.91,53174993.02,10
TON,2023-03-19,2.427,2.399,118895.18,15
TRX,2023-03-19,0.06587,0.06673,841016.47,13
USDC,2023-03-19,0.9996,0.9997,43952310.19,5
USDT,2023-03-19,1.002,1.003,48284.46,3
XRP,2023-03-19,0.3746,0.3867,18048770.29,6
ADA,2023-03-20,0.3456,0.3333,23154516.01,8
AVAX,2023-03-20,17.55,16.67,12014994.01,14
BNB,2023-03-20,337.32,333.41,21187874.93,4
BTC,2023-03-20,28040.29,27807.05,1838684361.11,1
DOGE,2023-03-20,0.07471,0.0716,20835835.64,9
DOT,2023-03-20,6.468,6.11,8430094.34,11
ETH,2023-03-20,1785.66,1738.39,799956695.25,2
LTC,2023-03-20,84.17,78.23,43946621.21,12
MATIC,2023-03-20,1.169,1.106,55733599.53,7
SOL,2023-03-20,21.91,22.2,158131836.5,10
TON,2023-03-20,2.399,2.401,145515.8,15
TRX,2023-03-20,0.06673,0.06513,1343777.25,13
USDC,2023-03-20,0.9997,0.998,123108428.8,5
USDT,2023-03-20,1.003,1.003,66048.4,3
XRP,2023-03-20,0.3867,0.3745,36666338.42,6
ADA,2023-03-21,0.3333,0.3708,42712325.5,7
AVAX,2023-03-21,16.67,17.49,9767799.48,14
BNB,2023-03-21,333.41,335.44,18760679.99,4
BTC,2023-03-21,27807.05,28188.11,1282225223.57,1
DOGE,2023-03-21,0.0716,0.07683,33855478.41,9
DOT,2023-03-21,6.11,6.383,9345503.51,11
ETH,2023-03-21,1738.39,1806.98,712333244.98,2
LTC,2023-03-21,78.23,82.75,54468142.77,12
MATIC,2023-03-21,1.106,1.156,51050999.14,8
SOL,2023-03-21,22.2,22.61,103902403.79,10
TON,2023-03-21,2.401,2.424,118519.61,15
TRX,2023-03-21,0.06513,0.06723,1326569.39,13
USDC,2023-03-21,0.998,0.9985,59546598.38,5
USDT,2023-03-21,1.003,1.003,45827.89,3
XRP,2023-03-21,0.3745,0.4698,85796542.26,6
ADA,2023-03-22,0.3708,0.3604,56856154.2,7
AVAX,2023-03-22,17.49,16.79,14903571.5,14
BNB,2023-03-22,335.44,321.78,48383008.01,4
BTC,2023-03-22,28188.11,27316.18,2277940781.79,1
DOGE,2023-03-22,0.07683,0.07406,47035076.93,9
DOT,2023-03-22,6.383,6.066,10267885.73,11
ETH,2023-03-22,1806.98,1738.78,764719792.48,2
LTC,2023-03-22,82.75,87.43,76377934.09,12
MATIC,2023-03-22,1.156,1.11,52476279.82,8
SOL,2023-03-22,22.61,21.46,111854504.66,10
TON,2023-03-22,2.424,2.39,119050.43,15
TRX,2023-03-22,0.06723,0.05987,4945349.84,13
USDC,2023-03-22,0.9985,0.999,51121337.47,5
USDT,2023-03-22,1.003,1.002,81463.42,3
XRP,2023-03-22,0.4698,0.4219,66570159.4,6
ADA,2023-03-23,0.3604,0.3723,30567608.32,7
AVAX,2023-03-23,16.79,17.58,14904282.87,14
BNB,2023-03-23,321.78,329.94,18732699.63,4
BTC,2023-03-23,27316.18,28345.7,1769187941.89,1
DOGE,2023-03-23,0.07406,0.07747,36913487.87,9
DOT,2023-03-23,6.066,6.332,7784611.86,11
ETH,2023-03-23,1738.78,1817.43,686206044.67,2
LTC,2023-03-23,87.43,93.85,81744449.68,12
MATIC,2023-03-23,1.11,1.138,40205967.46,8
SOL,2023-03-23,21.46,22.21,75357481.27,10
TON,2023-03-23,2.39,2.195,207448.75,15
TRX,2023-03-23,0.05987,0.06525,5475811.94,13
USDC,2023-03-23,0.999,0.9992,44950990.71,5
USDT,2023-03-23,1.002,1.002,63308.39,3
XRP,2023-03-23,0.4219,0.4449,47043418.13,6
ADA,2023-03-24,0.3723,0.3601,25175109.39,7
AVAX,2023-03-24,17.58,16.98,8203828.03,14
BNB,2023-03-24,329.94,322.49,13146063.03,4
BTC,2023-03-24,28345.7,27493.01,1456957038.0,1
DOGE,2023-03-24,0.07747,0.07465,25309863.26,9
DOT,2023-03-24,6.332,6.027,7816001.06,12
ETH,2023-03-24,1817.43,1751.94,630907409.49,2
LTC,2023-03-24,93.85,93.78,103250796.5,11
MATIC,2023-03-24,1.138,1.098,44993544.77,8
SOL,2023-03-24,22.21,20.68,81959121.54,10
TON,2023-03-24,2.195,2.099,92497.38,15
TRX,2023-03-24,0.06525,0.06345,1575741.84,13
USDC,2023-03-24,0.9992,0.9998,27563532.41,5
USDT,2023-03-24,1.002,1.001,52305.72,3
XRP,2023-03-24,0.4449,0.4262,42134377.14,6
ADA,2023-03-25,0.3601,0.3518,10452996.32,7
AVAX,2023-03-25,16.98,16.91,5560439.07,14
BNB,2023-03-25,322.49,322.77,15415918.7,4
BTC,2023-03-25,27493.01,27492.83,618098148.62,1
DOGE,2023-03-25,0.07465,0.0741,12084226.75,9
DOT,2023-03-25,6.027,5.912,4275982.85,12
ETH,2023-03-25,1751.94,1743.78,297620002.87,2
LTC,2023-03-25,93.78,91.55,59617270.21,11
MATIC,2023-03-25,1.098,1.079,20752605.37,8
SOL,2023-03-25,20.68,20.44,21914613.98,10
TON,2023-03-25,2.099,2.082,79042.44,15
TRX,2023-03-25,0.06345,0.06373,614145.2,13
USDC,2023-03-25,0.9998,0.9998,12799431.42,5
USDT,2023-03-25,1.001,1.001,22497.96,3
XRP,2023-03-25,0.4262,0.4436,32278437.59,6
ADA,2023-03-26,0.3518,0.3562,12387167.33,7
AVAX,2023-03-26,16.91,17.12,6363822.92,14
BNB,2023-03-26,322.77,328.94,10699240.43,4
BTC,2023-03-26,27492.83,27995.16,734596186.26,1
DOGE,2023-03-26,0.0741,0.07442,10783193.27,9
DOT,2023-03-26,5.912,6.053,3362309.73,12
ETH,2023-03-26,1743.78,1775.76,352102221.17,2
LTC,2023-03-26,91.55,93.43,54351787.02,11
MATIC,2023-03-26,1.079,1.105,20736490.76,8
SOL,2023-03-26,20.44,20.96,18161955.85,10
TON,2023-03-26,2.082,2.136,107261.77,15
TRX,2023-03-26,0.06373,0.06422,522321.59,13
USDC,2023-03-26,0.9998,0.9997,26388.0,5
USDT,2023-03-26,1.001,1.001,26419.42,3
XRP,2023-03-26,0.4436,0.4484,21122441.23,6
ADA,2023-03-27,0.3562,0.3458,18564404.35,7
AVAX,2023-03-27,17.12,16.48,8570713.17,14
BNB,2023-03-27,328.94,310.82,26799069.28,4
BTC,2023-03-27,27995.16,27146.01,1256153698.38,1
DOGE,2023-03-27,0.07442,0.07291,22472384.92,9
DOT,2023-03-27,6.053,5.872,6569856.84,12
ETH,2023-03-27,1775.76,1716.29,495106395.7,2
LTC,2023-03-27,93.43,89.26,67032764.05,11
MATIC,2023-03-27,1.105,1.046,37826089.45,8
SOL,2023-03-27,20.96,19.9,35243953.94,10
TON,2023-03-27,2.136,2.096,104010.27,15
TRX,2023-03-27,0.06422,0.06364,698277.83,13
USDC,2023-03-27,0.9998,0.9997,30862289.76,5
USDT,2023-03-27,1.001,1.001,45967.24,3
XRP,2023-03-27,0.4484,0.4798,62898953.02,6
ADA,2023-03-28,0.3458,0.3683,17804295.17,7
AVAX,2023-03-28,16.48,16.72,6293980.28,14
BNB,2023-03-28,310.82,313.29,24718844.08,4
BTC,2023-03-28,27146.01,27266.08,997573892.51,1
DOGE,2023-03-28,0.07291,0.07384,13673781.74,9
DOT,2023-03-28,5.872,6.057,4651356.71,11
ETH,2023-03-28,1716.29,1773.6,500712364.6,2
LTC,2023-03-28,89.26,89.11,74231555.02,12
MATIC,2023-03-28,1.046,1.086,34862672.96,8
SOL,2023-03-28,19.9,20.45,36431195.2,10
TON,2023-03-28,2.096,2.089,98367.81,15
TRX,2023-03-28,0.06364,0.06421,723244.6,13
USDC,2023-03-28,0.9997,0.9998,57298407.16,5
USDT,2023-03-28,1.001,1.0,36881.11,3
XRP,2023-03-28,0.4798,0.5144,92307247.84,6
ADA,2023-03-29,0.3683,0.3812,36559354.93,7
AVAX,2023-03-29,16.72,17.31,7216829.45,14
BNB,2023-03-29,313.29,313.9,20644125.37,4
BTC,2023-03-29,27266.08,28355.7,1396887121.69,1
DOGE,2023-03-29,0.07384,0.07559,19260991.3,9
DOT,2023-03-29,6.057,6.181,6362890.13,11
ETH,2023-03-29,1773.6,1793.38,556581897.53,2
LTC,2023-03-29,89.11,91.29,63946076.21,12
MATIC,2023-03-29,1.086,1.123,30609449.45,8
SOL,2023-03-29,20.45,21.1,35819029.71,10
TON,2023-03-29,2.089,2.128,104061.65,15
TRX,2023-03-29,0.06421,0.06442,849551.12,13
USDC,2023-03-29,0.9998,0.9999,53342588.2,5
USDT,2023-03-29,1.0,1.0,49583.71,3
XRP,2023-03-29,0.5144,0.5427,101089516.6,6
ADA,2023-03-30,0.3812,0.3762,26096427.24,7
AVAX,2023-03-30,17.31,17.24,11580265.38,14
BNB,2023-03-30,313.9,316.58,20617361.45,4
BTC,2023-03-30,28355.7,28040.71,1666973949.92,1
DOGE,2023-03-30,0.07559,0.07422,18700272.16,9
DOT,2023-03-30,6.181,6.12,6295675.86,11
ETH,2023-03-30,1793.38,1793.89,585790681.35,2
LTC,2023-03-30,91.29,89.07,90755204.6,12
MATIC,2023-03-30,1.123,1.093,29070170.14,8
SOL,2023-03-30,21.1,20.55,49065465.4,10
TON,2023-03-30,2.128,2.077,101831.09,15
TRX,2023-03-30,0.06442,0.06488,671338.95,13
USDC,2023-03-30,0.9999,1.0,32690393.69,5
USDT,2023-03-30,1.0,1.0,58721.23,3
XRP,2023-03-30,0.5427,0.5324,57521058.52,6
ADA,2023-03-31,0.3762,0.3987,38922180.97,7
AVAX,2023-03-31,17.24,17.71,8973353.61,14
BNB,2023-03-31,316.58,316.92,13097399.96,4
BTC,2023-03-31,28040.71,28474.62,1278854661.75,1
DOGE,2023-03-31,0.07422,0.07696,15560724.72,9
DOT,2023-03-31,6.12,6.343,6573229.51,11
ETH,2023-03-31,1793.89,1822.07,547831728.98,2
LTC,2023-03-31,89.07,89.6,32753484.55,12
MATIC,2023-03-31,1.093,1.118,23238016.66,8
SOL,2023-03-31,20.55,21.18,29146172.7,10
TON,2023-03-31,2.077,2.227,109984.56,15
TRX,2023-03-31,0.06488,0.06538,688876.0,13
USDC,2023-03-31,1.0,0.9998,38350758.62,5
USDT,2023-03-31,1.0,1.0,45349.36,3
XRP,2023-03-31,0.5324,0.5376,39072919.92,6
ADA,2023-04-01,0.3987,0.3921,16463568.75,7
AVAX,2023-04-01,17.71,17.81,4330437.34,14
BNB,2023-04-01,316.92,314.86,14399932.49,4
BTC,2023-04-01,28474.62,28468.49,446928904.2,1
DOGE,2023-04-01,0.07696,0.08186,37128526.49,9
DOT,2023-04-01,6.343,6.35,4353696.84,11
ETH,2023-04-01,1822.07,1821.79,247088424.15,2
LTC,2023-04-01,89.6,92.56,30132668.11,12
MATIC,2023-04-01,1.118,1.112,14743247.81,8
SOL,2023-04-01,21.18,21.09,12481791.86,10
TON,2023-04-01,2.227,2.254,106116.96,15
TRX,2023-04-01,0.06538,0.06634,554016.19,13
USDC,2023-04-01,0.9998,0.9999,10286481.68,5
USDT,2023-04-01,1.0,1.001,15698.48,3
XRP,2023-04-01,0.5376,0.5097,22457629.87,6
ADA,2023-04-02,0.3921,0.3818,15152948.47,7
AVAX,2023-04-02,17.81,17.27,3553326.72,14
BNB,2023-04-02,314.86,314.01,7297531.5,4
BTC,2023-04-02,28468.49,28187.85,461356032.51,1
DOGE,2023-04-02,0.08186,0.07908,41004914.2,9
DOT,2023-04-02,6.35,6.268,4426385.92,11
ETH,2023-04-02,1821.79,1795.71,212602211.37,2
LTC,2023-04-02,92.56,92.83,19935873.81,12
MATIC,2023-04-02,1.112,1.096,12140310.1,8
SOL,2023-04-02,21.09,20.53,14839982.78,10
TON,2023-04-02,2.254,2.264,105250.84,15
TRX,2023-04-02,0.06634,0.06526,299950.08,13
USDC,2023-04-02,0.9999,0.9997,6953549.12,5
USDT,2023-04-02,1.001,1.001,16375.45,3
XRP,2023-04-02,0.5097,0.5184,15543843.11,6
ADA,2023-04-03,0.3818,0.387,39984266.9,8
AVAX,2023-04-03,17.27,17.11,7886809.56,14
BNB,2023-04-03,314.01,308.68,17611732.33,4
BTC,2023-04-03,28187.85,27809.04,1328993515.18,1
DOGE,2023-04-03,0.07908,0.09608,213386992.33,7
DOT,2023-04-03,6.268,6.425,8996021.26,11
ETH,2023-04-03,1795.71,1810.94,594690795.24,2
LTC,2023-04-03,92.83,92.99,48771335.04,12
MATIC,2023-04-03,1.096,1.097,24640012.73,9
SOL,2023-04-03,20.53,20.46,49295072.75,10
TON,2023-04-03,2.264,2.222,107875.85,15
TRX,2023-04-03,0.06526,0.06574,610887.76,13
USDC,2023-04-03,0.9997,0.9999,41480517.27,5
USDT,2023-04-03,1.001,1.0,47477.15,3
XRP,2023-04-03,0.5184,0.4965,42547142.84,6
ADA,2023-04-04,0.387,0.3897,23268953.17,7
AVAX,2023-04-04,17.11,17.65,5475352.55,14
BNB,2023-04-04,308.68,310.79,11148363.45,4
BTC,2023-04-04,27809.04,28177.23,911124090.2,1
DOGE,2023-04-04,0.09608,0.09516,189168706.94,8
DOT,2023-04-04,6.425,6.439,8204991.38,11
ETH,2023-04-04,1810.94,1871.46,670176881.19,2
LTC,2023-04-04,92.99,92.6,32884634.79,12
MATIC,2023-04-04,1.097,1.139,28299703.18,9
SOL,2023-04-04,20.46,20.92,29193722.07,10
TON,2023-04-04,2.222,2.276,107856.24,15
TRX,2023-04-04,0.06574,0.06571,696851.71,13
USDC,2023-04-04,0.9999,0.9998,25219835.79,5
USDT,2023-04-04,1.0,1.0,32417.15,3
XRP,2023-04-04,0.4965,0.5029,40997677.73,6
ADA,2023-04-05,0.3897,0.3922,17541459.77,7
AVAX,2023-04-05,17.65,18.02,11259410.82,14
BNB,2023-04-05,310.79,313.93,11009449.27,4
BTC,2023-04-05,28177.23,28180.06,1072312476.98,1
DOGE,2023-04-05,0.09516,0.0927,101964922.89,8
DOT,2023-04-05,6.439,6.409,7792615.04,11
ETH,2023-04-05,1871.46,1909.28,664954864.65,2
LTC,2023-04-05,92.6,92.66,32132168.76,12
MATIC,2023-04-05,1.139,1.141,28565146.71,9
SOL,2023-04-05,20.92,20.97,35988153.22,10
TON,2023-04-05,2.276,2.304,115118.34,15
TRX,2023-04-05,0.06571,0.06538,731037.46,13
USDC,2023-04-05,0.9998,0.9997,21500885.28,5
USDT,2023-04-05,1.0,1.0,37859.76,3
XRP,2023-04-05,0.5029,0.506,39739240.39,6
ADA,2023-04-06,0.3922,0.383,17950959.41,7
AVAX,2023-04-06,18.02,17.99,9969982.33,14
BNB,2023-04-06,313.93,312.4,8700992.69,4
BTC,2023-04-06,28180.06,28043.49,730428566.02,1
DOGE,2023-04-06,0.0927,0.08544,96721701.3,9
DOT,2023-04-06,6.409,6.283,6739725.26,11
ETH,2023-04-06,1909.28,1872.91,440377262.88,2
LTC,2023-04-06,92.66,91.0,22369932.95,12
MATIC,2023-04-06,1.141,1.115,19385577.94,8
SOL,2023-04-06,20.97,20.62,21103649.71,10
TON,2023-04-06,2.304,2.263,109730.6,15
TRX,2023-04-06,0.06538,0.06531,1372131.58,13
USDC,2023-04-06,0.9997,0.9997,22203801.5,5
USDT,2023-04-06,1.0,1.0,26103.34,3
XRP,2023-04-06,0.506,0.5027,27584872.35,6
ADA,2023-04-07,0.383,0.3825,11928395.58,7
AVAX,2023-04-07,17.99,17.62,5946486.58,14
BNB,2023-04-07,312.4,310.56,4530311.23,4
BTC,2023-04-07,28043.49,27927.8,407205241.71,1
DOGE,2023-04-07,0.08544,0.08229,54400919.02,9
DOT,2023-04-07,6.283,6.18,5893828.55,11
ETH,2023-04-07,1872.91,1864.89,264266851.34,2
LTC,2023-04-07,91.0,90.63,14667719.65,12
MATIC,2023-04-07,1.115,1.108,14681890.62,8
SOL,2023-04-07,20.62,20.45,17326089.33,10
TON,2023-04-07,2.263,2.256,108484.6,15
TRX,2023-04-07,0.06531,0.06424,455332.3,13
USDC,2023-04-07,0.9997,0.9998,12443499.62,5
USDT,2023-04-07,1.0,1.001,14586.98,3
XRP,2023-04-07,0.5027,0.5132,20696957.8,6
ADA,2023-04-08,0.3825,0.3855,10705916.6,7
AVAX,2023-04-08,17.62,17.47,2321191.91,14
BNB,2023-04-08,310.56,310.57,3845194.11,4
BTC,2023-04-08,27927.8,27953.93,259437156.74,1
DOGE,2023-04-08,0.08229,0.08139,25275528.8,9
DOT,2023-04-08,6.18,6.134,3965012.46,11
ETH,2023-04-08,1864.89,1849.91,171404063.71,2
LTC,2023-04-08,90.63,89.96,11280174.91,12
MATIC,2023-04-08,1.108,1.103,5393080.51,8
SOL,2023-04-08,20.45,20.04,21184266.69,10
TON,2023-04-08,2.256,2.231,106615.49,15
TRX,2023-04-08,0.06424,0.06619,265541.92,13
USDC,2023-04-08,0.9987,1.0,9262.61,5
USDT,2023-04-08,1.001,1.001,9267.03,3
XRP,2023-04-08,0.5132,0.5053,9009054.28,6
ADA,2023-04-09,0.3855,0.3896,11001191.94,7
AVAX,2023-04-09,17.47,17.56,2357464.26,14
BNB,2023-04-09,310.57,312.88,4751331.14,4
BTC,2023-04-09,27953.93,28340.68,459285638.27,1
DOGE,2023-04-09,0.08139,0.08325,21556041.62,9
DOT,2023-04-09,6.134,6.214,2353492.66,11
ETH,2023-04-09,1849.91,1859.73,278524755.74,2
LTC,2023-04-09,89.96,90.65,12167390.13,12
MATIC,2023-04-09,1.103,1.102,8693062.28,8
SOL,2023-04-09,20.04,20.3,10861936.2,10
TON,2023-04-09,2.231,2.256,112239.07,15
TRX,2023-04-09,0.06619,0.06666,354719.97,13
USDC,2023-04-09,0.9998,0.9997,8317224.33,5
USDT,2023-04-09,1.001,1.001,16339.47,3
XRP,2023-04-09,0.5053,0.5054,8124644.21,6
ADA,2023-04-10,0.3896,0.3971,17548250.37,7
AVAX,2023-04-10,17.56,17.94,4935536.97,14
BNB,2023-04-10,312.88,318.5,10407950.22,4
BTC,2023-04-10,28340.68,29655.75,1211248945.3,1
DOGE,2023-04-10,0.08325,0.08481,29216761.19,9
DOT,2023-04-10,6.214,6.293,5706314.65,11
ETH,2023-04-10,1859.73,1911.14,446407551.48,2
LTC,2023-04-10,90.65,93.82,23900028.67,12
MATIC,2023-04-10,1.102,1.122,15561897.82,8
SOL,2023-04-10,20.3,20.92,28388587.74,10
TON,2023-04-10,2.256,2.232,106874.37,15
TRX,2023-04-10,0.06666,0.06685,565292.82,13
USDC,2023-04-10,0.9997,0.9997,25233494.55,5
USDT,2023-04-10,1.001,1.001,41878.93,3
XRP,2023-04-10,0.5054,0.5175,25457589.85,6
ADA,2023-04-11,0.3971,0.4018,34982233.2,7
AVAX,2023-04-11,17.94,18.15,9523020.52,14
BNB,2023-04-11,318.5,322.52,20334031.76,4
BTC,2023-04-11,29655.75,30226.45,1420381272.66,1
DOGE,2023-04-11,0.08481,0.08416,28277862.28,9
DOT,2023-04-11,6.293,6.422,8396954.45,11
ETH,2023-04-11,1911.14,1891.5,504305398.27,2
LTC,2023-04-11,93.82,94.28,39571877.37,12
MATIC,2023-04-11,1.122,1.113,21720316.43,8
SOL,2023-04-11,20.92,23.01,126780895.13,10
TON,2023-04-11,2.232,2.217,107326.02,15
TRX,2023-04-11,0.06685,0.06619,1390901.45,13
USDC,2023-04-11,0.9997,0.9998,40666493.58,5
USDT,2023-04-11,1.001,1.001,47191.92,3
XRP,2023-04-11,0.5175,0.5168,36233063.71,6
ADA,2023-04-12,0.4018,0.405,28695935.46,7
AVAX,2023-04-12,18.15,18.26,14723844.65,14
BNB,2023-04-12,322.52,319.99,10127081.84,4
BTC,2023-04-12,30226.45,29905.56,1094799669.68,1
DOGE,2023-04-12,0.08416,0.0835,41914419.03,9
DOT,2023-04-12,6.422,6.407,8775390.95,11
ETH,2023-04-12,1891.5,1918.62,653001508.03,2
LTC,2023-04-12,94.28,92.14,32891907.42,12
MATIC,2023-04-12,1.113,1.104,19874496.89,8
SOL,2023-04-12,23.01,23.82,117722766.49,10
TON,2023-04-12,2.217,2.218,109730.0,15
TRX,2023-04-12,0.06619,0.06505,2592328.0,13
USDC,2023-04-12,0.9998,0.9997,38112137.74,5
USDT,2023-04-12,1.001,1.001,36443.21,3
XRP,2023-04-12,0.5168,0.505,28963515.31,6
ADA,2023-04-13,0.405,0.4256,41387126.82,7
AVAX,2023-04-13,18.26,18.84,20219590.31,14
BNB,2023-04-13,320.03,324.85,13135400.17,4
BTC,2023-04-13,29905.56,30407.76,967351995.59,1
DOGE,2023-04-13,0.0835,0.08741,54164377.88,8
DOT,2023-04-13,6.407,6.641,9627646.06,11
ETH,2023-04-13,1918.62,2013.97,900794714.15,2
LTC,2023-04-13,92.14,94.26,20817915.34,12
MATIC,2023-04-13,1.104,1.135,21218936.74,9
SOL,2023-04-13,23.82,24.46,68585785.02,10
TON,2023-04-13,2.218,2.273,110155.55,15
TRX,2023-04-13,0.06505,0.06517,1231282.13,13
USDC,2023-04-13,0.9997,0.9999,31193133.87,5
USDT,2023-04-13,1.001,1.001,31971.04,3
XRP,2023-04-13,0.505,0.5128,23590830.16,6
ADA,2023-04-14,0.4256,0.4385,62597540.74,7
AVAX,2023-04-14,18.84,19.23,17814998.06,14
BNB,2023-04-14,325.06,329.31,18321816.87,4
BTC,2023-04-14,30407.76,30491.71,1491399385.72,1
DOGE,2023-04-14,0.08741,0.08873,78792971.75,9
DOT,2023-04-14,6.641,6.732,14436545.38,11
ETH,2023-04-14,2013.97,2101.73,1193601441.09,2
LTC,2023-04-14,94.26,96.41,49492239.72,12
MATIC,2023-04-14,1.135,1.161,63179327.15,8
SOL,2023-04-14,24.46,24.74,92969648.16,10
TON,2023-04-14,2.273,2.316,118589.73,15
TRX,2023-04-14,0.06517,0.06612,1095938.96,13
USDC,2023-04-14,0.9999,0.9998,24209586.82,5
USDT,2023-04-14,1.001,1.001,48798.85,3
XRP,2023-04-14,0.5128,0.5231,38748780.38,6
ADA,2023-04-15,0.4385,0.4528,49986775.47,7
AVAX,2023-04-15,19.23,19.1,18033492.76,14
BNB,2023-04-15,329.31,333.23,12917066.48,4
BTC,2023-04-15,30491.71,30321.55,413221716.15,1
DOGE,2023-04-15,0.08873,0.08897,24187166.01,9
DOT,2023-04-15,6.732,6.804,6540075.72,11
ETH,2023-04-15,2101.73,2092.41,396180074.82,2
LTC,2023-04-15,96.41,96.8,14762601.53,12
MATIC,2023-04-15,1.161,1.171,29457882.17,8
SOL,2023-04-15,24.74,24.07,32891798.3,10
TON,2023-04-15,2.316,2.339,112520.31,15
TRX,2023-04-15,0.06612,0.06601,395565.33,13
USDC,2023-04-15,1.0,0.9999,188878.8,5
USDT,2023-04-15,1.001,1.001,13608.68,3
XRP,2023-04-15,0.5231,0.5199,8177705.27,6
ADA,2023-04-16,0.4528,0.4516,26608531.72,7
AVAX,2023-04-16,19.1,20.19,19360177.18,13
BNB,2023-04-16,333.23,347.8,26677500.66,4
BTC,2023-04-16,30321.55,30322.37,524392638.12,1
DOGE,2023-04-16,0.08897,0.09048,32393800.49,9
DOT,2023-04-16,6.804,6.829,6110998.97,11
ETH,2023-04-16,2092.41,2120.17,439801683.04,2
LTC,2023-04-16,96.8,100.06,49160767.14,12
MATIC,2023-04-16,1.171,1.184,22762305.28,8
SOL,2023-04-16,24.07,25.37,40213832.09,10
TON,2023-04-16,2.339,2.38,116261.22,15
TRX,2023-04-16,0.06601,0.06656,400341.2,14
USDC,2023-04-16,0.9999,0.9998,208638.35,5
USDT,2023-04-16,1.001,1.001,17293.13,3
XRP,2023-04-16,0.5199,0.521,9387205.33,6
ADA,2023-04-17,0.4516,0.4345,35963335.22,7
AVAX,2023-04-17,20.19,20.53,39427632.72,13
BNB,2023-04-17,347.8,340.11,17493757.89,4
BTC,2023-04-17,30322.37,29446.34,1037503329.39,1
DOGE,2023-04-17,0.09048,0.09143,77137825.55,8
DOT,2023-04-17,6.829,6.7,10664514.23,11
ETH,2023-04-17,2120.17,2075.88,554772213.93,2
LTC,2023-04-17,100.06,98.88,30920151.64,12
MATIC,2023-04-17,1.184,1.153,32628097.51,9
SOL,2023-04-17,25.37,24.59,81961192.67,10
TON,2023-04-17,2.38,2.296,114743.01,15
TRX,2023-04-17,0.06656,0.06577,931330.36,14
USDC,2023-04-17,0.9998,1.0,23355080.64,5
USDT,2023-04-17,1.001,1.001,34986.59,3
XRP,2023-04-17,0.521,0.5109,25952434.72,6
ADA,2023-04-18,0.4345,0.4436,30605621.8,7
AVAX,2023-04-18,20.53,21.22,17189207.4,13
BNB,2023-04-18,340.11,343.17,18333265.18,4
BTC,2023-04-18,29446.34,30395.53,1095189891.18,1
DOGE,2023-04-18,0.09143,0.09411,53792588.24,8
DOT,2023-04-18,6.7,6.922,11083652.73,11
ETH,2023-04-18,2075.88,2104.71,509113199.16,2
LTC,2023-04-18,98.88,101.9,37395650.28,12
MATIC,2023-04-18,1.153,1.172,32452679.14,9
SOL,2023-04-18,24.59,24.83,53803144.87,10
TON,2023-04-18,2.296,2.323,113131.57,15
TRX,2023-04-18,0.06577,0.06678,432487.92,14
USDC,2023-04-18,1.0,0.9998,26091121.44,5
USDT,2023-04-18,1.001,1.001,36488.15,3
XRP,2023-04-18,0.5109,0.5319,27682379.69,6
ADA,2023-04-19,0.4436,0.4165,56865839.15,7
AVAX,2023-04-19,21.22,18.98,35455936.38,14
BNB,2023-04-19,343.17,322.52,19676598.56,4
BTC,2023-04-19,30395.53,28821.91,1600523152.28,1
DOGE,2023-04-19,0.09411,0.08793,96746888.92,8
DOT,2023-04-19,6.922,6.314,18169943.41,11
ETH,2023-04-19,2104.71,1935.92,911422903.55,2
LTC,2023-04-19,101.9,90.52,57116876.15,12
MATIC,2023-04-19,1.172,1.085,60650015.66,9
SOL,2023-04-19,24.83,22.69,92776194.64,10
TON,2023-04-19,2.323,2.25,108081.74,15
TRX,2023-04-19,0.06678,0.06583,952169.19,13
USDC,2023-04-19,0.9998,1.0,28869314.73,5
USDT,2023-04-19,1.001,1.001,54566.4,3
XRP,2023-04-19,0.5319,0.4916,58400783.32,6
ADA,2023-04-20,0.4165,0.4006,37517766.36,7
AVAX,2023-04-20,18.98,18.3,26276943.17,14
BNB,2023-04-20,322.52,318.07,11989050.89,4
BTC,2023-04-20,28821.91,28248.11,1180562733.76,1
DOGE,2023-04-20,0.08793,0.08391,120021359.71,8
DOT,2023-04-20,6.314,6.11,16746158.22,11
ETH,2023-04-20,1935.92,1943.43,657577879.08,2
LTC,2023-04-20,90.52,90.25,41916291.42,12
MATIC,2023-04-20,1.085,1.046,27490983.19,9
SOL,2023-04-20,22.69,22.2,78185771.48,10
TON,2023-04-20,2.25,2.245,110270.91,15
TRX,2023-04-20,0.06583,0.06549,470695.4,13
USDC,2023-04-20,1.0,1.0,29128042.11,5
USDT,2023-04-20,1.001,1.0,41304.62,3
XRP,2023-04-20,0.4916,0.4749,40295256.65,6
ADA,2023-04-21,0.4006,0.3825,38353551.12,7
AVAX,2023-04-21,18.3,16.94,24827373.33,14
BNB,2023-04-21,318.07,321.41,30423070.85,4
BTC,2023-04-21,28248.11,27261.17,1207725781.37,1
DOGE,2023-04-21,0.08391,0.07848,50077418.07,8
DOT,2023-04-21,6.11,5.847,11440042.05,11
ETH,2023-04-21,1943.43,1849.09,767020777.78,2
LTC,2023-04-21,90.25,85.36,39032902.61,12
MATIC,2023-04-21,1.046,1.012,23276888.24,9
SOL,2023-04-21,22.2,21.26,56782181.04,10
TON,2023-04-21,2.245,2.26,140757.71,15
TRX,2023-04-21,0.06549,0.06498,539009.02,13
USDC,2023-04-21,1.0,1.0,38431511.75,5
USDT,2023-04-21,1.0,0.9999,43366.15,3
XRP,2023-04-21,0.4749,0.4492,33958232.81,6
ADA,2023-04-22,0.3825,0.3959,14144984.74,7
AVAX,2023-04-22,16.94,17.22,6179286.89,14
BNB,2023-04-22,321.41,332.18,17419181.58,4
BTC,2023-04-22,27261.17,27820.73,479603472.21,1
DOGE,2023-04-22,0.07848,0.08033,15305489.85,8
DOT,2023-04-22,5.847,5.948,3801511.27,11
ETH,2023-04-22,1849.09,1874.58,243379837.02,2
LTC,2023-04-22,85.36,87.05,15607358.94,12
MATIC,2023-04-22,1.012,1.025,10758750.19,9
SOL,2023-04-22,21.26,21.8,20527868.75,10
TON,2023-04-22,2.26,2.302,114673.05,15
TRX,2023-04-22,0.06498,0.06612,239152.43,13
USDC,2023-04-22,1.0,1.0,17448.28,5
USDT,2023-04-22,0.9999,1.0,17446.26,3
XRP,2023-04-22,0.4492,0.4722,16907490.37,6
ADA,2023-04-23,0.3959,0.3889,11421184.02,7
AVAX,2023-04-23,17.22,16.85,7559706.11,14
BNB,2023-04-23,332.18,330.61,11869116.73,4
BTC,2023-04-23,27820.73,27596.85,504160726.43,1
DOGE,2023-04-23,0.08033,0.07883,15669798.22,8
DOT,2023-04-23,5.948,5.907,5812513.7,11
ETH,2023-04-23,1874.58,1862.38,300444587.03,2
LTC,2023-04-23,87.05,86.78,19080908.37,12
MATIC,2023-04-23,1.025,1.004,15990787.04,9
SOL,2023-04-23,21.8,21.47,24344602.93,10
TON,2023-04-23,2.302,2.294,93162.4,15
TRX,2023-04-23,0.06612,0.06668,356774.1,13
USDC,2023-04-23,1.0,0.9998,8636262.43,5
USDT,2023-04-23,1.0,1.0,18293.38,3
XRP,2023-04-23,0.4722,0.4649,13765563.4,6
ADA,2023-04-24,0.3889,0.3838,11945605.05,7
AVAX,2023-04-24,16.85,16.93,7970273.71,14
BNB,2023-04-24,330.61,331.35,14407377.02,4
BTC,2023-04-24,27596.85,27520.93,940115640.57,1
DOGE,2023-04-24,0.07883,0.07879,17881568.57,8
DOT,2023-04-24,5.907,5.884,6322293.22,11
ETH,2023-04-24,1862.38,1842.55,570636520.13,2
LTC,2023-04-24,86.78,88.32,25422803.46,12
MATIC,2023-04-24,1.004,0.9893,18445834.85,9
SOL,2023-04-24,21.47,21.39,30024773.27,10
TON,2023-04-24,2.294,2.281,111886.44,15
TRX,2023-04-24,0.06668,0.06612,471819.0,13
USDC,2023-04-24,0.9998,0.9999,18107562.44,5
USDT,2023-04-24,1.0,1.0,34250.37,3
XRP,2023-04-24,0.4649,0.4607,33769257.02,6
ADA,2023-04-25,0.3838,0.3948,16225701.59,7
AVAX,2023-04-25,16.93,17.64,8473366.9,14
BNB,2023-04-25,331.35,338.28,15680799.19,4
BTC,2023-04-25,27520.93,28308.07,876191270.4,1
DOGE,2023-04-25,0.07879,0.07977,15918621.1,8
DOT,2023-04-25,5.884,6.0,6396895.92,12
ETH,2023-04-25,1842.55,1866.52,494254797.08,2
LTC,2023-04-25,88.32,91.03,30305766.88,11
MATIC,2023-04-25,0.9893,1.005,19719897.44,9
SOL,2023-04-25,21.39,21.94,31254976.32,10
TON,2023-04-25,2.281,2.296,107889.15,15
TRX,2023-04-25,0.06612,0.06587,365257.74,13
USDC,2023-04-25,1.0,1.0,31698.29,5
USDT,2023-04-25,1.0,1.0,31703.37,3
XRP,2023-04-25,0.4607,0.4695,29039729.79,6
ADA,2023-04-26,0.3948,0.4015,34088998.93,7
AVAX,2023-04-26,17.64,17.19,20878432.01,14
BNB,2023-04-26,338.28,330.67,27324031.63,4
BTC,2023-04-26,28308.07,28432.89,2278451179.33,1
DOGE,2023-04-26,0.07977,0.07864,44049041.05,8
DOT,2023-04-26,6.0,5.853,12008376.41,11
ETH,2023-04-26,1866.52,1866.8,930750404.58,2
LTC,2023-04-26,91.03,88.17,60532061.34,12
MATIC,2023-04-26,1.005,0.9863,36678815.16,9
SOL,2023-04-26,21.94,21.28,63029739.16,10
TON,2023-04-26,2.296,2.282,113897.95,15
TRX,2023-04-26,0.06587,0.06511,688647.83,13
USDC,2023-04-26,1.0,1.0,79169.49,5
USDT,2023-04-26,1.0,1.001,79201.84,3
XRP,2023-04-26,0.4695,0.4619,40284957.47,6
ADA,2023-04-27,0.4015,0.4101,22883092.33,7
AVAX,2023-04-27,17.19,17.73,7934985.19,14
BNB,2023-04-27,330.67,330.81,18967387.17,4
BTC,2023-04-27,28432.89,29483.94,1850604653.99,1
DOGE,2023-04-27,0.07864,0.08016,30868349.67,8
DOT,2023-04-27,5.853,5.972,8826460.87,11
ETH,2023-04-27,1866.8,1909.45,785126171.38,2
LTC,2023-04-27,88.17,89.75,39227627.86,12
MATIC,2023-04-27,0.9863,1.013,26002018.84,9
SOL,2023-04-27,21.28,22.33,48364472.73,10
TON,2023-04-27,2.282,2.219,120320.95,15
TRX,2023-04-27,0.06511,0.06578,530390.34,13
USDC,2023-04-27,1.0,1.0,63343.57,5
USDT,2023-04-27,1.001,1.0,63357.07,3
XRP,2023-04-27,0.4619,0.4836,29008297.42,6
ADA,2023-04-28,0.4101,0.4048,13213522.76,7
AVAX,2023-04-28,17.73,17.57,5627824.63,14
BNB,2023-04-28,330.81,324.21,31273320.77,4
BTC,2023-04-28,29483.94,29339.99,1030276785.7,1
DOGE,2023-04-28,0.08016,0.08038,13378938.03,8
DOT,2023-04-28,5.972,5.952,6024169.49,11
ETH,2023-04-28,1909.45,1896.05,425868672.46,2
LTC,2023-04-28,89.75,89.72,24546105.01,12
MATIC,2023-04-28,1.013,0.9992,15486857.33,9
SOL,2023-04-28,22.33,23.36,54054779.7,10
TON,2023-04-28,2.219,2.174,130308.43,15
TRX,2023-04-28,0.06578,0.06667,451162.43,13
USDC,2023-04-28,1.0,1.0,35177.12,5
USDT,2023-04-28,1.0,1.001,35200.57,3
XRP,2023-04-28,0.4836,0.5245,27170010.52,6
ADA,2023-04-29,0.4048,0.4026,7052086.84,7
AVAX,2023-04-29,17.57,17.49,4419437.06,14
BNB,2023-04-29,324.21,322.06,7420009.02,4
BTC,2023-04-29,29339.99,29251.2,332020115.89,1
DOGE,2023-04-29,0.08038,0.0816,9613257.12,8
DOT,2023-04-29,5.952,6.045,4361300.06,11
ETH,2023-04-29,1896.05,1911.23,169819033.56,2
LTC,2023-04-29,89.72,91.12,14021637.2,12
MATIC,2023-04-29,0.9992,1.004,14193717.44,9
SOL,2023-04-29,23.36,23.2,29132997.69,10
TON,2023-04-29,2.174,2.178,102812.19,15
TRX,2023-04-29,0.06667,0.06799,666963.21,13
USDC,2023-04-29,1.0,1.0,11332.81,5
USDT,2023-04-29,1.001,1.001,11338.77,3
XRP,2023-04-29,0.5245,0.4782,7676819.43,6
ADA,2023-04-30,0.4026,0.3959,12265957.27,7
AVAX,2023-04-30,17.49,17.1,5284248.03,14
BNB,2023-04-30,322.06,337.69,23534669.75,4
BTC,2023-04-30,29251.2,29236.81,685897041.94,1
DOGE,2023-04-30,0.0816,0.07953,9803039.32,8
DOT,2023-04-30,6.045,5.879,4353696.01,11
ETH,2023-04-30,1911.23,1872.4,316695826.29,2
LTC,2023-04-30,91.12,88.2,18121313.58,12
MATIC,2023-04-30,1.004,0.9809,12362137.86,9
SOL,2023-04-30,23.2,22.73,31981627.77,10
TON,2023-04-30,2.178,2.16,105001.79,15
TRX,2023-04-30,0.06799,0.06726,429538.98,13
USDC,2023-04-30,1.0,0.9995,23238.82,5
USDT,2023-04-30,1.001,1.0,23253.67,3
XRP,2023-04-30,0.4782,0.4705,9125494.61,6
ADA,2023-05-01,0.3959,0.3869,18056939.7,7
AVAX,2023-05-01,17.1,16.65,8095905.02,14
BNB,2023-05-01,337.69,328.62,32044586.78,4
BTC,2023-05-01,29236.81,28086.77,1246630368.83,1
DOGE,2023-05-01,0.07953,0.07884,20418420.45,8
DOT,2023-05-01,5.879,5.667,7286359.3,12
ETH,2023-05-01,1872.4,1832.65,501499426.35,2
LTC,2023-05-01,88.2,86.76,27734648.74,11
MATIC,2023-05-01,0.9809,0.9596,15529069.68,9
SOL,2023-05-01,22.73,21.97,42585381.91,10
TON,2023-05-01,2.16,2.115,106784.41,15
TRX,2023-05-01,0.06726,0.06849,1079517.63,13
USDC,2023-05-01,0.9995,1.0,43941.04,5
USDT,2023-05-01,1.0,1.001,43968.69,3
XRP,2023-05-01,0.4705,0.5182,26867550.67,6
ADA,2023-05-02,0.3869,0.392,13455984.48,7
AVAX,2023-05-02,16.65,16.85,3668111.84,14
BNB,2023-05-02,328.62,321.95,19295008.88,4
BTC,2023-05-02,28086.77,28694.7,927486609.7,1
DOGE,2023-05-02,0.07884,0.0788,15264346.07,8
DOT,2023-05-02,5.667,5.716,5022492.45,12
ETH,2023-05-02,1832.65,1871.76,368465427.45,2
LTC,2023-05-02,86.76,88.22,21843169.18,11
MATIC,2023-05-02,0.9596,0.9776,12891183.09,9
SOL,2023-05-02,21.97,22.27,28972915.43,10
TON,2023-05-02,2.115,2.12,103232.98,15
TRX,2023-05-02,0.06849,0.06922,815287.18,13
USDC,2023-05-02,1.0,1.001,32685.01,5
USDT,2023-05-02,1.001,1.001,32688.8,3
XRP,2023-05-02,0.5182,0.4647,29226416.13,6
ADA,2023-05-03,0.392,0.3942,18157074.76,7
AVAX,2023-05-03,16.85,17.21,6957128.92,14
BNB,2023-05-03,321.95,326.14,26513868.97,4
BTC,2023-05-03,28694.7,29041.65,1150554649.51,1
DOGE,2023-05-03,0.0788,0.07964,17740538.46,8
DOT,2023-05-03,5.716,5.778,5940580.67,12
ETH,2023-05-03,1871.76,1906.04,438240180.13,2
LTC,2023-05-03,88.22,88.86,24121394.82,11
MATIC,2023-05-03,0.9776,1.006,18294484.52,9
SOL,2023-05-03,22.27,22.24,37563066.09,10
TON,2023-05-03,2.12,2.071,103442.3,15
TRX,2023-05-03,0.06922,0.06927,551373.97,13
USDC,2023-05-03,1.001,1.0,40270.91,5
USDT,2023-05-03,1.001,1.001,40278.39,3
XRP,2023-05-03,0.4647,0.4632,29814995.34,6
ADA,2023-05-04,0.3942,0.3876,9965268.75,7
AVAX,2023-05-04,17.21,16.93,5415774.48,14
BNB,2023-05-04,326.14,324.16,11721157.86,4
BTC,2023-05-04,29041.65,28865.72,799149017.42,1
DOGE,2023-05-04,0.07964,0.07841,17760317.04,8
DOT,2023-05-04,5.778,5.673,3714468.56,12
ETH,2023-05-04,1906.04,1878.59,314539294.6,2
LTC,2023-05-04,88.86,88.45,12917754.36,11
MATIC,2023-05-04,1.006,0.983,9168502.78,9
SOL,2023-05-04,22.24,21.74,28165584.11,10
TON,2023-05-04,2.071,2.102,103638.08,15
TRX,2023-05-04,0.06927,0.06943,418298.98,13
USDC,2023-05-04,1.0,1.0,27587.33,5
USDT,2023-05-04,1.001,1.001,27599.73,3
XRP,2023-05-04,0.4632,0.461,26137319.01,6
ADA,2023-05-05,0.3876,0.3946,14269009.73,7
AVAX,2023-05-05,16.93,17.4,10513344.66,14
BNB,2023-05-05,324.16,327.1,16480903.72,4
BTC,2023-05-05,28865.72,29548.51,1039027772.96,1
DOGE,2023-05-05,0.07841,0.08033,23629136.87,8
DOT,2023-05-05,5.673,5.851,6708223.8,12
ETH,2023-05-05,1878.59,1996.13,680967049.89,2
LTC,2023-05-05,88.45,88.73,22319818.36,11
MATIC,2023-05-05,0.983,0.9988,11254587.86,9
SOL,2023-05-05,21.74,22.85,46964188.54,10
TON,2023-05-05,2.102,2.133,102953.15,15
TRX,2023-05-05,0.06943,0.071,622393.81,13
USDC,2023-05-05,1.0,1.001,35452.98,5
USDT,2023-05-05,1.001,1.001,35476.94,3
XRP,2023-05-05,0.461,0.4675,20494841.29,6
ADA,2023-05-06,0.3946,0.38,14596155.56,7
AVAX,2023-05-06,17.4,16.62,5484542.62,14
BNB,2023-05-06,327.1,323.01,10339671.98,4
BTC,2023-05-06,29548.51,28943.98,713641803.94,1
DOGE,2023-05-06,0.08033,0.07692,21780546.22,8
DOT,2023-05-06,5.851,5.645,5805431.58,11
ETH,2023-05-06,1996.13,1901.94,501429621.42,2
LTC,2023-05-06,88.73,83.46,29204819.97,12
MATIC,2023-05-06,0.9988,0.9779,12817170.61,9
SOL,2023-05-06,22.85,21.97,36824163.55,10
TON,2023-05-06,2.133,2.082,98139.99,15
TRX,2023-05-06,0.071,0.07037,373953.86,13
USDC,2023-05-06,1.001,1.002,24569.66,5
USDT,2023-05-06,1.001,1.003,24608.83,3
XRP,2023-05-06,0.4675,0.4594,8008490.09,6
ADA,2023-05-07,0.38,0.3772,9856882.09,7
AVAX,2023-05-07,16.62,16.45,3878803.84,14
BNB,2023-05-07,323.01,322.59,9047120.86,4
BTC,2023-05-07,28943.98,28572.81,480627306.93,1
DOGE,2023-05-07,0.07692,0.07669,10212212.22,8
DOT,2023-05-07,5.645,5.636,3239309.73,11
ETH,2023-05-07,1901.94,1879.47,313882607.91,2
LTC,2023-05-07,83.46,83.53,13507993.2,12
MATIC,2023-05-07,0.9779,0.9652,7524080.44,9
SOL,2023-05-07,21.97,21.7,32133191.65,10
TON,2023-05-07,2.082,2.046,99013.12,15
TRX,2023-05-07,0.07037,0.06934,358102.36,13
USDC,2023-05-07,1.002,1.004,16678.09,5
USDT,2023-05-07,1.003,1.005,16687.95,3
XRP,2023-05-07,0.4594,0.4489,8866103.63,6
ADA,2023-05-08,0.3772,0.3662,23850133.91,7
AVAX,2023-05-08,16.45,15.44,11505756.78,14
BNB,2023-05-08,322.59,315.06,16220958.88,4
BTC,2023-05-08,28572.81,27783.42,1136175854.67,1
DOGE,2023-05-08,0.07669,0.07255,32994066.16,8
DOT,2023-05-08,5.636,5.377,10861401.38,11
ETH,2023-05-08,1879.47,1853.94,664714401.47,2
LTC,2023-05-08,83.53,77.85,37838936.78,12
MATIC,2023-05-08,0.9652,0.9023,27763696.91,9
SOL,2023-05-08,21.7,20.69,57885042.91,10
TON,2023-05-08,2.046,2.036,97292.2,15
TRX,2023-05-08,0.06934,0.06846,1551545.62,13
USDC,2023-05-08,1.004,1.003,40740.83,5
USDT,2023-05-08,1.005,1.004,40774.35,3
XRP,2023-05-08,0.4489,0.4286,44696985.58,6
ADA,2023-05-09,0.3662,0.3637,12680862.62,7
AVAX,2023-05-09,15.44,15.34,4387785.29,14
BNB,2023-05-09,315.06,312.79,10067401.63,4
BTC,2023-05-09,27783.42,27680.21,634693185.14,1
DOGE,2023-05-09,0.07255,0.07318,13354489.31,8
DOT,2023-05-09,5.377,5.328,4519495.06,11
ETH,2023-05-09,1853.94,1848.91,338236687.64,2
LTC,2023-05-09,77.85,79.98,22591501.64,12
MATIC,2023-05-09,0.9023,0.8778,14147167.55,9
SOL,2023-05-09,20.69,20.69,24205886.44,10
TON,2023-05-09,2.036,1.998,98797.8,15
TRX,2023-05-09,0.06846,0.06907,627276.27,13
USDC,2023-05-09,1.003,1.001,22953.65,5
USDT,2023-05-09,1.004,1.002,22968.39,3
XRP,2023-05-09,0.4286,0.4289,33531965.94,6
ADA,2023-05-10,0.3637,0.3697,29152146.21,7
AVAX,2023-05-10,15.34,15.54,12573522.68,14
BNB,2023-05-10,312.79,314.69,15597129.78,4
BTC,2023-05-10,27680.21,27628.73,1162217682.96,1
DOGE,2023-05-10,0.07318,0.07318,27474447.25,8
DOT,2023-05-10,5.328,5.467,9296179.22,11
ETH,2023-05-10,1848.91,1842.62,615019660.03,2
LTC,2023-05-10,79.98,81.03,35525083.01,12
MATIC,2023-05-10,0.8778,0.8777,28991921.14,9
SOL,2023-05-10,20.69,20.94,43034997.18,10
TON,2023-05-10,1.998,1.95,96234.42,15
TRX,2023-05-10,0.06907,0.06942,709518.89,13
USDC,2023-05-10,1.001,1.0,41961.72,5
USDT,2023-05-10,1.002,1.001,41991.11,3
XRP,2023-05-10,0.4289,0.4305,36782889.67,6
ADA,2023-05-11,0.3697,0.3602,20082372.25,7
AVAX,2023-05-11,15.54,14.97,5592805.73,14
BNB,2023-05-11,314.69,307.7,15040708.25,4
BTC,2023-05-11,27628.73,26991.62,802346192.21,1
DOGE,2023-05-11,0.07318,0.07197,28763914.69,8
DOT,2023-05-11,5.467,5.281,7606055.04,12
ETH,2023-05-11,1842.62,1795.51,435960460.99,2
LTC,2023-05-11,81.03,80.96,28760534.32,11
MATIC,2023-05-11,0.8777,0.8413,22615502.83,9
SOL,2023-05-11,20.94,20.2,31817109.46,10
TON,2023-05-11,1.95,1.915,85337.09,15
TRX,2023-05-11,0.06942,0.06772,769557.12,13
USDC,2023-05-11,1.0,0.9998,29497.4,5
USDT,2023-05-11,1.001,1.001,29529.17,3
XRP,2023-05-11,0.4305,0.4212,37437858.72,6
ADA,2023-05-12,0.3602,0.3706,20224889.06,7
AVAX,2023-05-12,14.97,15.2,7256841.89,14
BNB,2023-05-12,307.7,308.82,16832709.67,4
BTC,2023-05-12,26991.62,26807.09,1123450368.34,1
DOGE,2023-05-12,0.07197,0.07238,22084456.84,8
DOT,2023-05-12,5.281,5.344,7495155.41,11
ETH,2023-05-12,1795.51,1808.28,467334013.56,2
LTC,2023-05-12,80.96,80.48,27917214.96,12
MATIC,2023-05-12,0.8413,0.8651,26680603.28,9
SOL,2023-05-12,20.2,20.92,40004621.46,10
TON,2023-05-12,1.915,1.826,93374.06,15
TRX,2023-05-12,0.06772,0.06912,424573.96,13
USDC,2023-05-12,0.9998,1.0,42527.8,5
USDT,2023-05-12,1.001,1.0,42546.73,3
XRP,2023-05-12,0.4212,0.4305,36256389.52,6
ADA,2023-05-13,0.3706,0.3648,7457069.18,7
AVAX,2023-05-13,15.2,14.93,2454939.95,14
BNB,2023-05-13,308.82,311.02,8064779.09,4
BTC,2023-05-13,26807.09,26788.88,335722601.8,1
DOGE,2023-05-13,0.07238,0.0717,6064520.15,8
DOT,2023-05-13,5.344,5.348,2419037.88,11
ETH,2023-05-13,1808.28,1796.08,173889132.85,2
LTC,2023-05-13,80.48,80.28,12731882.79,12
MATIC,2023-05-13,0.8651,0.8493,6851477.58,9
SOL,2023-05-13,20.92,20.85,18828252.98,10
TON,2023-05-13,1.826,1.858,89863.94,15
TRX,2023-05-13,0.06912,0.06938,255704.1,13
USDC,2023-05-13,1.0,1.0,12504.88,5
USDT,2023-05-13,1.0,1.001,12508.98,3
XRP,2023-05-13,0.4305,0.4243,4920965.42,6
ADA,2023-05-14,0.3648,0.371,7826636.86,7
AVAX,2023-05-14,14.93,15.03,2297308.3,14
BNB,2023-05-14,311.02,312.4,8860959.55,4
BTC,2023-05-14,26788.88,26931.44,319668371.39,1
DOGE,2023-05-14,0.0717,0.07197,8254926.39,8
DOT,2023-05-14,5.348,5.351,2031438.5,12
ETH,2023-05-14,1796.08,1800.16,169553393.6,2
LTC,2023-05-14,80.28,83.53,21411681.53,11
MATIC,2023-05-14,0.8493,0.8593,8769985.83,9
SOL,2023-05-14,20.85,20.94,17197778.23,10
TON,2023-05-14,1.858,1.995,97177.61,15
TRX,2023-05-14,0.06938,0.06946,269627.57,13
USDC,2023-05-14,1.0,1.0,11878.57,5
USDT,2023-05-14,1.001,1.001,11884.44,3
XRP,2023-05-14,0.4243,0.4253,5808191.9,6
ADA,2023-05-15,0.371,0.367,12133233.76,7
AVAX,2023-05-15,15.03,15.09,6036170.34,14
BNB,2023-05-15,312.4,313.34,10425315.03,4
BTC,2023-05-15,26931.44,27176.27,764041771.98,1
DOGE,2023-05-15,0.07197,0.07194,18783066.21,8
DOT,2023-05-15,5.351,5.317,2943736.21,12
ETH,2023-05-15,1800.16,1817.04,379365245.9,2
LTC,2023-05-15,83.53,86.93,42809203.53,11
MATIC,2023-05-15,0.8593,0.8592,17963300.78,9
SOL,2023-05-15,20.94,20.99,35279719.01,10
TON,2023-05-15,1.995,1.975,96921.08,15
TRX,2023-05-15,0.06946,0.0702,437103.83,13
USDC,2023-05-15,1.0,0.9995,27946.08,5
USDT,2023-05-15,1.001,1.0,27970.77,3
XRP,2023-05-15,0.4253,0.4273,38365866.46,6
ADA,2023-05-16,0.367,0.3683,15602837.37,7
AVAX,2023-05-16,15.09,14.9,4911759.35,14
BNB,2023-05-16,313.34,311.46,7981939.86,4
BTC,2023-05-16,27176.27,27036.57,649282623.49,1
DOGE,2023-05-16,0.07194,0.07275,17272785.7,8
DOT,2023-05-16,5.317,5.297,3735501.22,12
ETH,2023-05-16,1817.04,1824.54,286581998.35,2
LTC,2023-05-16,86.93,89.99,46324446.55,11
MATIC,2023-05-16,0.8592,0.8455,16095879.42,9
SOL,2023-05-16,20.99,20.68,32457511.93,10
TON,2023-05-16,1.975,1.987,95102.2,15
TRX,2023-05-16,0.0702,0.07057,393855.58,13
USDC,2023-05-16,0.9995,1.0,23994.4,5
USDT,2023-05-16,1.0,1.0,23996.84,3
XRP,2023-05-16,0.4273,0.4424,37318271.72,6
ADA,2023-05-17,0.3683,0.3756,21723073.3,7
AVAX,2023-05-17,14.9,15.16,7149894.9,14
BNB,2023-05-17,311.46,314.35,9290877.51,4
BTC,2023-05-17,27036.57,27406.21,788279620.49,1
DOGE,2023-05-17,0.07275,0.07483,25398587.24,8
DOT,2023-05-17,5.297,5.419,5734334.71,12
ETH,2023-05-17,1824.54,1822.22,295642800.65,2
LTC,2023-05-17,89.99,93.88,53263459.19,11
MATIC,2023-05-17,0.8455,0.8868,23941330.17,9
SOL,2023-05-17,20.68,21.06,28298787.6,10
TON,2023-05-17,1.987,1.977,99464.43,15
TRX,2023-05-17,0.07057,0.07112,415535.14,13
USDC,2023-05-17,1.0,1.0,29198.45,5
USDT,2023-05-17,1.0,1.0,29197.21,3
XRP,2023-05-17,0.4424,0.4483,46943793.81,6
ADA,2023-05-18,0.3756,0.3713,18069083.25,7
AVAX,2023-05-18,15.16,14.69,6376662.01,14
BNB,2023-05-18,314.35,309.27,9873981.45,4
BTC,2023-05-18,27406.21,26823.31,749234030.86,1
DOGE,2023-05-18,0.07483,0.07341,20945142.29,8
DOT,2023-05-18,5.419,5.338,4579766.16,12
ETH,2023-05-18,1822.22,1800.84,261830100.8,2
LTC,2023-05-18,93.88,90.38,33649702.8,11
MATIC,2023-05-18,0.8868,0.8721,17757784.55,9
SOL,2023-05-18,21.06,20.34,32272526.21,10
TON,2023-05-18,1.977,1.905,93969.39,15
TRX,2023-05-18,0.07112,0.07036,440507.63,13
USDC,2023-05-18,1.0,0.9999,27705.58,5
USDT,2023-05-18,1.0,1.0,27709.75,3
XRP,2023-05-18,0.4483,0.4595,41491101.49,6
ADA,2023-05-19,0.3713,0.3683,8975975.97,7
AVAX,2023-05-19,14.69,14.68,3805332.6,14
BNB,2023-05-19,309.27,308.95,6802607.42,4
BTC,2023-05-19,26823.31,26888.42,442561192.0,1
DOGE,2023-05-19,0.07341,0.07353,9652170.18,8
DOT,2023-05-19,5.338,5.373,3802583.3,12
ETH,2023-05-19,1800.84,1812.74,199390959.13,2
LTC,2023-05-19,90.38,91.78,28358318.7,11
MATIC,2023-05-19,0.8721,0.8718,8566065.75,9
SOL,2023-05-19,20.34,20.35,12203577.97,10
TON,2023-05-19,1.905,1.902,93932.2,15
TRX,2023-05-19,0.07036,0.07068,254266.58,13
USDC,2023-05-19,0.9999,1.0,16461.25,5
USDT,2023-05-19,1.0,1.0,16465.04,3
XRP,2023-05-19,0.4595,0.4677,31554972.48,6
ADA,2023-05-20,0.3683,0.3665,6772474.17,7
AVAX,2023-05-20,14.68,14.63,1731605.98,14
BNB,2023-05-20,308.96,310.48,2739017.15,4
BTC,2023-05-20,26888.42,27118.54,199050865.32,1
DOGE,2023-05-20,0.07353,0.07364,4591249.88,8
DOT,2023-05-20,5.373,5.411,2624713.91,12
ETH,2023-05-20,1812.74,1820.0,117125781.65,2
LTC,2023-05-20,91.78,92.44,11173126.82,11
MATIC,2023-05-20,0.8718,0.877,4843526.43,9
SOL,2023-05-20,20.35,20.28,11923047.85,10
TON,2023-05-20,1.902,1.905,99431.01,15
TRX,2023-05-20,0.07068,0.07264,266213.77,13
USDC,2023-05-20,1.0,0.9996,7372.3,5
USDT,2023-05-20,1.0,1.001,7379.72,3
XRP,2023-05-20,0.4677,0.4687,5085626.14,6
ADA,2023-05-21,0.3665,0.3604,7567804.74,7
AVAX,2023-05-21,14.63,14.32,2848993.63,14
BNB,2023-05-21,310.78,306.61,5991815.78,4
BTC,2023-05-21,27118.54,26755.17,322799242.35,1
DOGE,2023-05-21,0.07364,0.07214,5641471.07,8
DOT,2023-05-21,5.411,5.275,2384679.05,13
ETH,2023-05-21,1820.0,1805.38,110171780.38,2
LTC,2023-05-21,92.44,92.2,15647348.3,11
MATIC,2023-05-21,0.877,0.857,5385009.13,9
SOL,2023-05-21,20.28,19.62,17454049.85,10
TON,2023-05-21,1.905,1.849,91527.69,15
TRX,2023-05-21,0.07264,0.07512,726592.65,12
USDC,2023-05-21,0.9996,0.9999,11972.39,5
USDT,2023-05-21,1.001,1.0,11976.57,3
XRP,2023-05-21,0.4687,0.4573,6698154.33,6
ADA,2023-05-22,0.3604,0.3678,12591143.83,7
AVAX,2023-05-22,14.32,14.67,7233265.81,14
BNB,2023-05-22,306.61,309.11,8051185.33,4
BTC,2023-05-22,26755.17,26855.4,474287648.56,1
DOGE,2023-05-22,0.07214,0.07291,13553758.08,8
DOT,2023-05-22,5.275,5.312,3997792.71,13
ETH,2023-05-22,1805.38,1817.83,199800403.15,2
LTC,2023-05-22,92.2,90.86,17815015.89,11
MATIC,2023-05-22,0.857,0.8718,11034890.47,9
SOL,2023-05-22,19.62,19.53,25489243.68,10
TON,2023-05-22,1.849,1.82,90550.86,15
TRX,2023-05-22,0.07512,0.07801,1272043.51,12
USDC,2023-05-22,0.9999,1.0,17687.43,5
USDT,2023-05-22,1.0,1.0,256060915.41,3
XRP,2023-05-22,0.4573,0.4615,38275210.55,6
ADA,2023-05-23,0.3678,0.3703,10795210.36,7
AVAX,2023-05-23,14.67,14.71,4604536.25,14
BNB,2023-05-23,309.11,313.36,9274672.68,4
BTC,2023-05-23,26855.4,27224.7,578611517.74,1
DOGE,2023-05-23,0.07291,0.0729,8722278.6,8
DOT,2023-05-23,5.312,5.401,3021196.74,13
ETH,2023-05-23,1817.83,1854.48,290332107.99,2
LTC,2023-05-23,90.86,91.7,15967098.06,11
MATIC,2023-05-23,0.8718,0.8894,12518224.3,9
SOL,2023-05-23,19.53,20.03,23202696.19,10
TON,2023-05-23,1.82,2.033,104992.94,15
TRX,2023-05-23,0.07801,0.07851,655064.5,12
USDC,2023-05-23,1.0,1.0,21235.63,5
USDT,2023-05-23,1.0,1.0,21238.09,3
XRP,2023-05-23,0.4615,0.4653,28582121.5,6
ADA,2023-05-24,0.3703,0.364,13560941.31,7
AVAX,2023-05-24,14.71,14.15,7185976.91,14
BNB,2023-05-24,313.36,305.91,10514625.55,4
BTC,2023-05-24,27224.7,26326.17,843296169.29,1
DOGE,2023-05-24,0.0729,0.07063,13200051.39,8
DOT,2023-05-24,5.401,5.256,4558354.37,13
ETH,2023-05-24,1854.48,1799.99,311671841.31,2
LTC,2023-05-24,91.7,85.85,37557288.58,11
MATIC,2023-05-24,0.8894,0.8733,15871690.81,9
SOL,2023-05-24,20.03,19.22,31051416.29,10
TON,2023-05-24,2.033,1.963,93526.64,15
TRX,2023-05-24,0.07851,0.07687,1747280.27,12
USDC,2023-05-24,1.0,1.0,31834.66,5
USDT,2023-05-24,1.0,0.9999,31832.76,3
XRP,2023-05-24,0.4653,0.4533,32219259.82,6
ADA,2023-05-25,0.364,0.3582,13327420.18,7
AVAX,2023-05-25,14.15,14.09,6433506.27,14
BNB,2023-05-25,305.91,304.79,9430844.94,4
BTC,2023-05-25,26326.17,26480.21,604389199.53,1
DOGE,2023-05-25,0.07063,0.07088,12010798.78,8
DOT,2023-05-25,5.256,5.244,4966537.59,13
ETH,2023-05-25,1799.99,1806.04,275579486.08,2
LTC,2023-05-25,85.85,86.64,25555386.8,11
MATIC,2023-05-25,0.8733,0.8897,18559046.46,9
SOL,2023-05-25,19.22,19.25,18163214.76,10
TON,2023-05-25,1.963,1.93,93243.27,15
TRX,2023-05-25,0.07687,0.07678,360103.29,12
USDC,2023-05-25,1.0,1.0,22986.41,5
USDT,2023-05-25,0.9999,1.0,22990.28,3
XRP,2023-05-25,0.4533,0.4537,27309402.56,6
ADA,2023-05-26,0.3582,0.3629,14127663.05,7
AVAX,2023-05-26,14.09,14.33,6362071.2,14
BNB,2023-05-26,304.79,307.01,13144233.97,4
BTC,2023-05-26,26480.21,26719.7,542617989.88,1
DOGE,2023-05-26,0.07088,0.07099,9516436.6,8
DOT,2023-05-26,5.244,5.247,4601297.28,13
ETH,2023-05-26,1806.04,1828.68,218981012.22,2
LTC,2023-05-26,86.64,87.13,23933287.34,11
MATIC,2023-05-26,0.8897,0.9109,30581655.14,9
SOL,2023-05-26,19.25,19.36,11249226.94,10
TON,2023-05-26,1.93,1.903,97397.88,15
TRX,2023-05-26,0.07678,0.07539,327836.18,12
USDC,2023-05-26,1.0,1.0,20356.73,5
USDT,2023-05-26,1.0,1.001,20367.05,3
XRP,2023-05-26,0.4537,0.4686,27858627.98,6
ADA,2023-05-27,0.3629,0.3669,6102131.57,7
AVAX,2023-05-27,14.33,14.57,3202945.87,14
BNB,2023-05-27,307.01,307.69,5609822.07,4
BTC,2023-05-27,26719.7,26872.59,198605797.63,1
DOGE,2023-05-27,0.07099,0.0726,6806603.02,8
DOT,2023-05-27,5.247,5.34,1609388.16,13
ETH,2023-05-27,1828.68,1830.98,90250026.95,2
LTC,2023-05-27,87.13,88.6,11107566.18,11
MATIC,2023-05-27,0.9109,0.9209,8166686.82,9
SOL,2023-05-27,19.36,20.44,13822990.28,10
TON,2023-05-27,1.903,1.931,93214.14,15
TRX,2023-05-27,0.07539,0.07724,257609.8,12
USDC,2023-05-27,1.0,1.0,7429.45,5
USDT,2023-05-27,1.001,1.001,7432.77,3
XRP,2023-05-27,0.4686,0.4719,9491780.3,6
ADA,2023-05-28,0.3669,0.3828,16200579.67,7
AVAX,2023-05-28,14.57,14.91,6028316.47,14
BNB,2023-05-28,307.69,314.19,12223412.2,4
BTC,2023-05-28,26872.59,28077.57,543751511.42,1
DOGE,2023-05-28,0.0726,0.07355,10484193.4,8
DOT,2023-05-28,5.34,5.503,2747753.17,13
ETH,2023-05-28,1830.98,1909.28,260979861.41,2
LTC,2023-05-28,88.6,91.5,21553427.87,11
MATIC,2023-05-28,0.9209,0.941,13586189.02,9
SOL,2023-05-28,20.44,20.82,23232716.4,10
TON,2023-05-28,1.931,1.957,96433.18,15
TRX,2023-05-28,0.07724,0.07745,364792.71,12
USDC,2023-05-28,1.0,0.9997,19780.34,5
USDT,2023-05-28,1.001,1.0,19794.12,3
XRP,2023-05-28,0.4719,0.4824,10179551.4,6
ADA,2023-05-29,0.3828,0.3788,14586935.31,7
AVAX,2023-05-29,14.91,14.47,4104932.48,14
BNB,2023-05-29,314.19,311.87,12425776.17,4
BTC,2023-05-29,28077.57,27746.07,604161699.4,1
DOGE,2023-05-29,0.07355,0.07315,7626143.45,8
DOT,2023-05-29,5.503,5.46,3005744.03,13
ETH,2023-05-29,1909.28,1893.17,283875868.0,2
LTC,2023-05-29,91.5,90.91,21840779.08,11
MATIC,2023-05-29,0.941,0.909,13377987.19,9
SOL,2023-05-29,20.82,20.59,20052767.19,10
TON,2023-05-29,1.957,1.875,85147.51,15
TRX,2023-05-29,0.07745,0.07612,611925.85,12
USDC,2023-05-29,0.9997,0.9999,21643.72,5
USDT,2023-05-29,1.0,1.0,21652.4,3
XRP,2023-05-29,0.4824,0.4947,31257389.28,6
ADA,2023-05-30,0.3788,0.378,11625054.5,7
AVAX,2023-05-30,14.47,14.43,8164242.4,14
BNB,2023-05-30,311.87,311.39,9515304.64,4
BTC,2023-05-30,27746.07,27703.56,656814149.04,1
DOGE,2023-05-30,0.07315,0.07232,14779311.12,8
DOT,2023-05-30,5.46,5.443,3049028.8,13
ETH,2023-05-30,1893.17,1901.19,302468580.12,2
LTC,2023-05-30,90.91,92.31,24627091.83,11
MATIC,2023-05-30,0.909,0.9015,16841579.46,9
SOL,2023-05-30,20.59,21.27,40908061.48,10
TON,2023-05-30,1.875,1.885,88908.13,15
TRX,2023-05-30,0.07612,0.07639,504838.73,12
USDC,2023-05-30,0.9999,1.0,23616.8,5
USDT,2023-05-30,1.0,1.0,23623.31,3
XRP,2023-05-30,0.4947,0.5213,61168007.91,6
ADA,2023-05-31,0.378,0.3744,15114855.86,7
AVAX,2023-05-31,14.43,14.11,6870963.21,14
BNB,2023-05-31,311.39,306.77,13023559.01,4
BTC,2023-05-31,27703.56,27220.17,770131646.3,1
DOGE,2023-05-31,0.07232,0.07166,13059039.69,8
DOT,2023-05-31,5.443,5.317,5702605.08,13
ETH,2023-05-31,1901.19,1874.03,320126617.18,2
LTC,2023-05-31,92.31,90.44,37042469.62,11
MATIC,2023-05-31,0.9015,0.8922,16310543.61,9
SOL,2023-05-31,21.27,20.82,25266396.22,10
TON,2023-05-31,1.885,1.867,91731.03,15
TRX,2023-05-31,0.07639,0.07529,347301.88,12
USDC,2023-05-31,1.0,1.0,28354.28,5
USDT,2023-05-31,1.0,1.0,28362.63,3
XRP,2023-05-31,0.5213,0.5171,45757062.48,6
ADA,2023-06-01,0.3744,0.3645,17303472.54,7
AVAX,2023-06-01,14.11,14.1,4375047.66,14
BNB,2023-06-01,306.77,305.01,8465192.05,4
BTC,2023-06-01,27220.17,26825.73,645324727.67,1
DOGE,2023-06-01,0.07166,0.07145,9961316.1,8
DOT,2023-06-01,5.317,5.207,5404553.08,13
ETH,2023-06-01,1874.03,1862.24,311566762.29,2
LTC,2023-06-01,90.44,94.2,47994580.56,11
MATIC,2023-06-01,0.8922,0.8892,8319780.36,9
SOL,2023-06-01,20.82,20.51,18968372.25,10
TON,2023-06-01,1.867,1.783,90860.65,15
TRX,2023-06-01,0.07529,0.07473,678115.23,12
USDC,2023-06-01,1.0,1.0,23985.94,5
USDT,2023-06-01,1.0,1.0,23986.94,3
XRP,2023-06-01,0.5171,0.5065,38290881.03,6
ADA,2023-06-02,0.3645,0.3783,13380576.15,7
AVAX,2023-06-02,14.1,14.5,5043934.23,14
BNB,2023-06-02,305.01,307.39,8141687.19,4
BTC,2023-06-02,26825.73,27251.14,643162971.0,1
DOGE,2023-06-02,0.07145,0.07257,8740691.11,8
DOT,2023-06-02,5.207,5.279,4987890.19,13
ETH,2023-06-02,1862.24,1907.36,324600206.34,2
LTC,2023-06-02,94.2,95.52,26811624.6,11
MATIC,2023-06-02,0.8892,0.8997,8171096.66,9
SOL,2023-06-02,20.51,21.26,22584893.94,10
TON,2023-06-02,1.783,1.737,84819.16,15
TRX,2023-06-02,0.07473,0.08269,1154639.33,12
USDC,2023-06-02,1.0,1.0,23787.63,5
USDT,2023-06-02,1.0,1.0,23793.99,3
XRP,2023-06-02,0.5065,0.5251,32772165.93,6
ADA,2023-06-03,0.3783,0.3762,4801441.3,7
AVAX,2023-06-03,14.5,14.58,2093430.07,14
BNB,2023-06-03,307.39,306.8,4646347.56,4
BTC,2023-06-03,27251.14,27078.3,219785033.16,1
DOGE,2023-06-03,0.07257,0.07271,4402568.58,8
DOT,2023-06-03,5.279,5.34,1985494.65,13
ETH,2023-06-03,1907.36,1892.63,132138660.62,2
LTC,2023-06-03,95.52,96.04,18375548.86,11
MATIC,2023-06-03,0.8997,0.9,4183096.97,9
SOL,2023-06-03,21.26,21.21,12378952.47,10
TON,2023-06-03,1.737,1.746,85799.2,15
TRX,2023-06-03,0.08269,0.08179,2250586.29,12
USDC,2023-06-03,1.0,1.0,8092.6,5
USDT,2023-06-03,1.0,1.0,8095.6,3
XRP,2023-06-03,0.5251,0.5189,11595181.39,6
ADA,2023-06-04,0.3762,0.3774,7389144.51,7
AVAX,2023-06-04,14.58,14.79,2855620.85,14
BNB,2023-06-04,306.8,305.16,7863628.78,4
BTC,2023-06-04,27078.3,27125.24,248793311.51,1
DOGE,2023-06-04,0.07271,0.07249,5302192.55,8
DOT,2023-06-04,5.34,5.316,2252680.69,13
ETH,2023-06-04,1892.63,1890.37,139808423.0,2
LTC,2023-06-04,96.04,94.22,19897586.73,11
MATIC,2023-06-04,0.9,0.8932,5789878.1,9
SOL,2023-06-04,21.21,21.82,29292770.7,10
TON,2023-06-04,1.746,1.736,84076.34,15
TRX,2023-06-04,0.08179,0.08142,439943.04,12
USDC,2023-06-04,1.0,0.9999,9146.78,5
USDT,2023-06-04,1.0,1.0,9150.6,3
XRP,2023-06-04,0.5189,0.5358,20758910.63,6
ADA,2023-06-05,0.3774,0.3517,24937084.98,7
AVAX,2023-06-05,14.79,13.89,11376915.81,14
BNB,2023-06-05,305.16,277.22,31925166.65,4
BTC,2023-06-05,27125.24,25740.46,973121005.98,1
DOGE,2023-06-05,0.07249,0.0665,27403024.22,8
DOT,2023-06-05,5.316,5.069,5890858.3,13
ETH,2023-06-05,1890.37,1811.47,475161890.31,2
LTC,2023-06-05,94.22,87.77,52809840.88,11
MATIC,2023-06-05,0.8932,0.8358,22196731.2,9
SOL,2023-06-05,21.82,20.02,64969446.79,10
TON,2023-06-05,1.736,1.657,78601.7,15
TRX,2023-06-05,0.08142,0.07837,831295.97,12
USDC,2023-06-05,0.9999,1.0,37232.19,5
USDT,2023-06-05,1.0,1.0,37237.09,3
XRP,2023-06-05,0.5358,0.5095,64521988.22,6
ADA,2023-06-06,0.3517,0.3534,23191808.59,7
AVAX,2023-06-06,13.89,14.67,7541733.53,14
BNB,2023-06-06,277.22,281.42,26308505.46,4
BTC,2023-06-06,25740.46,27269.02,1007782393.96,1
DOGE,2023-06-06,0.0665,0.07029,25023201.25,8
DOT,2023-06-06,5.069,5.204,4659547.46,13
ETH,2023-06-06,1811.47,1886.35,399470424.17,2
LTC,2023-06-06,87.77,90.98,37711088.73,11
MATIC,2023-06-06,0.8358,0.8231,48988267.35,9
SOL,2023-06-06,20.02,20.4,41826894.8,10
TON,2023-06-06,1.657,1.712,85230.6,15
TRX,2023-06-06,0.07837,0.07819,2764220.63,12
USDC,2023-06-06,1.0,1.002,38395.11,5
USDT,2023-06-06,1.0,1.001,38389.56,3
XRP,2023-06-06,0.5095,0.5301,48974194.6,6
ADA,2023-06-07,0.3534,0.3222,36166935.65,7
AVAX,2023-06-07,14.67,14.02,8033916.94,14
BNB,2023-06-07,281.42,259.33,42581285.74,4
BTC,2023-06-07,27269.02,26348.91,816508052.84,1
DOGE,2023-06-07,0.07029,0.06731,14598705.09,8
DOT,2023-06-07,5.204,5.024,6652340.54,13
ETH,2023-06-07,1886.35,1832.56,376467803.89,2
LTC,2023-06-07,90.98,88.85,30326045.94,11
MATIC,2023-06-07,0.8231,0.7652,36453135.1,9
SOL,2023-06-07,20.4,18.63,45027331.01,10
TON,2023-06-07,1.712,1.657,81935.44,15
TRX,2023-06-07,0.07819,0.07676,496125.69,12
USDC,2023-06-07,1.002,1.0,30597.86,5
USDT,2023-06-07,1.001,1.0,30609.85,3
XRP,2023-06-07,0.5301,0.5186,50054008.38,6
ADA,2023-06-08,0.3222,0.3229,11626789.1,7
AVAX,2023-06-08,14.02,13.93,3294803.26,14
BNB,2023-06-08,259.33,262.1,22810076.43,4
BTC,2023-06-08,26348.91,26509.09,401604313.0,1
DOGE,2023-06-08,0.06731,0.06796,7612802.94,8
DOT,2023-06-08,5.024,5.023,2936188.47,13
ETH,2023-06-08,1832.56,1846.12,177740176.57,2
LTC,2023-06-08,88.85,88.52,14401214.74,11
MATIC,2023-06-08,0.7652,0.7813,12197142.66,9
SOL,2023-06-08,18.63,18.89,17007325.0,10
TON,2023-06-08,1.657,1.677,79564.02,15
TRX,2023-06-08,0.07676,0.07744,625065.63,12
USDC,2023-06-08,1.0,1.0,15157.96,5
USDT,2023-06-08,1.0,1.0,277345537.86,3
XRP,2023-06-08,0.5186,0.5239,33559719.8,6
ADA,2023-06-09,0.3229,0.2951,34974846.21,7
AVAX,2023-06-09,13.93,13.76,5605522.2,14
BNB,2023-06-09,262.1,260.6,15600633.61,4
BTC,2023-06-09,26509.09,26483.81,439912147.38,1
DOGE,2023-06-09,0.06796,0.06948,14665593.21,8
DOT,2023-06-09,5.023,4.981,3405245.94,13
ETH,2023-06-09,1846.12,1840.51,193799820.21,2
LTC,2023-06-09,88.52,89.3,23413637.25,11
MATIC,2023-06-09,0.7813,0.7259,21711123.68,9
SOL,2023-06-09,18.89,17.4,38653266.03,10
TON,2023-06-09,1.677,1.703,82850.05,15
TRX,2023-06-09,0.07744,0.07204,782243.32,12
USDC,2023-06-09,1.0,1.0,16586.68,5
USDT,2023-06-09,1.0,1.0,227743586.52,3
XRP,2023-06-09,0.5239,0.538,34920684.3,6
ADA,2023-06-10,0.2951,0.2752,70717471.73,7
AVAX,2023-06-10,13.76,11.69,17939390.76,14
BNB,2023-06-10,260.6,238.94,61686397.81,4
BTC,2023-06-10,26483.81,25856.18,809187356.13,1
DOGE,2023-06-10,0.06948,0.0618,59339580.1,8
DOT,2023-06-10,4.981,4.523,15321659.39,13
ETH,2023-06-10,1840.51,1752.49,512816424.25,2
LTC,2023-06-10,89.3,77.21,78606316.29,11
MATIC,2023-06-10,0.7259,0.6108,72647954.5,9
SOL,2023-06-10,17.4,15.64,87734042.11,10
TON,2023-06-10,1.703,1.493,94054.29,15
TRX,2023-06-10,0.07204,0.06968,2021161.6,12
USDC,2023-06-10,1.0,1.0,31364.05,5
USDT,2023-06-10,1.0,1.001,31380.49,3
XRP,2023-06-10,0.538,0.5075,36591601.28,6
ADA,2023-06-11,0.2752,0.2724,21653593.0,7
AVAX,2023-06-11,11.69,11.58,5654452.03,14
BNB,2023-06-11,238.94,235.41,11450514.66,4
BTC,2023-06-11,25856.18,25937.58,341057974.45,1
DOGE,2023-06-11,0.0618,0.06154,16121351.91,8
DOT,2023-06-11,4.523,4.526,4334338.08,13
ETH,2023-06-11,1752.49,1753.15,171893158.83,2
LTC,2023-06-11,77.21,77.72,16974862.02,11
MATIC,2023-06-11,0.6108,0.6355,23755894.43,9
SOL,2023-06-11,15.64,15.55,22042187.49,10
TON,2023-06-11,1.493,1.502,88326.85,15
TRX,2023-06-11,0.06968,0.07017,174030.18,12
USDC,2023-06-11,1.0,1.0,13173.32,5
USDT,2023-06-11,1.001,1.0,13178.55,3
XRP,2023-06-11,0.5075,0.521,12120111.99,6
ADA,2023-06-12,0.2724,0.2748,16132048.96,7
AVAX,2023-06-12,11.58,11.51,5445761.43,14
BNB,2023-06-12,235.41,231.23,56340998.58,4
BTC,2023-06-12,25937.58,25905.64,441188405.58,1
DOGE,2023-06-12,0.06154,0.06144,15813200.84,8
DOT,2023-06-12,4.526,4.534,4254477.95,13
ETH,2023-06-12,1753.15,1742.66,273713982.1,2
LTC,2023-06-12,77.72,77.52,23267847.15,11
MATIC,2023-06-12,0.6355,0.6432,18275203.55,9
SOL,2023-06-12,15.55,15.18,21542962.86,10
TON,2023-06-12,1.502,1.517,56184.51,15
TRX,2023-06-12,0.07017,0.07102,409558.45,12
USDC,2023-06-12,1.0,0.9999,17059.58,5
USDT,2023-06-12,1.0,1.0,259831588.26,3
XRP,2023-06-12,0.521,0.5253,43731271.44,6
ADA,2023-06-13,0.2748,0.2752,15670603.21,7
AVAX,2023-06-13,11.51,11.8,9099245.95,14
BNB,2023-06-13,231.23,244.1,41664585.02,4
BTC,2023-06-13,25905.64,25928.94,599487905.69,1
DOGE,2023-06-13,0.06144,0.06174,12631891.54,8
DOT,2023-06-13,4.534,4.627,3786519.81,13
ETH,2023-06-13,1742.66,1739.4,287829194.43,2
LTC,2023-06-13,77.52,77.5,24393411.31,12
MATIC,2023-06-13,0.6432,0.6448,13547055.52,9
SOL,2023-06-13,15.18,15.03,21634642.46,10
TON,2023-06-13,1.517,1.539,62591.69,15
TRX,2023-06-13,0.07102,0.0719,536248.57,11
USDC,2023-06-13,0.9999,0.9999,23045.2,5
USDT,2023-06-13,1.0,0.9998,23042.12,3
XRP,2023-06-13,0.5253,0.5193,73432637.71,6
ADA,2023-06-14,0.2752,0.2633,13139568.02,7
AVAX,2023-06-14,11.8,11.39,7610401.38,14
BNB,2023-06-14,244.1,237.87,34275474.3,4
BTC,2023-06-14,25928.94,25125.73,684056303.1,1
DOGE,2023-06-14,0.06174,0.0604,19285691.25,8
DOT,2023-06-14,4.627,4.568,5009822.49,13
ETH,2023-06-14,1739.4,1650.8,365982713.53,2
LTC,2023-06-14,77.5,73.15,27308859.35,12
MATIC,2023-06-14,0.6448,0.6193,14745504.28,9
SOL,2023-06-14,15.03,14.48,18714703.42,10
TON,2023-06-14,1.539,1.445,71900.03,15
TRX,2023-06-14,0.0719,0.07095,424579.83,11
USDC,2023-06-14,0.9999,1.0,26759.7,5
USDT,2023-06-14,0.9998,0.9999,26757.85,3
XRP,2023-06-14,0.5193,0.4801,47101692.92,6
ADA,2023-06-15,0.2633,0.2618,12898624.13,7
AVAX,2023-06-15,11.39,11.4,6206924.9,14
BNB,2023-06-15,237.87,236.2,15274038.59,4
BTC,2023-06-15,25125.73,25574.36,824201465.11,1
DOGE,2023-06-15,0.0604,0.06148,11651747.69,8
DOT,2023-06-15,4.568,4.373,7068416.56,13
ETH,2023-06-15,1650.8,1665.43,371752813.77,2
LTC,2023-06-15,73.15,74.54,19493955.92,12
MATIC,2023-06-15,0.6193,0.5902,19829502.89,9
SOL,2023-06-15,14.48,14.77,18794111.23,10
TON,2023-06-15,1.445,1.42,68862.24,15
TRX,2023-06-15,0.07095,0.07096,471983.5,11
USDC,2023-06-15,1.0,1.0,32805.77,5
USDT,2023-06-15,0.9998,0.9992,464237575.92,3
XRP,2023-06-15,0.4801,0.4798,33140833.08,6
ADA,2023-06-16,0.2618,0.2631,9500706.21,7
AVAX,2023-06-16,11.4,11.54,5133423.77,14
BNB,2023-06-16,236.2,239.21,16405621.66,4
BTC,2023-06-16,25574.36,26330.59,715401866.52,1
DOGE,2023-06-16,0.06148,0.06214,11410634.04,8
DOT,2023-06-16,4.373,4.419,3069352.0,13
ETH,2023-06-16,1665.43,1716.87,248248593.82,2
LTC,2023-06-16,74.54,76.08,15830506.47,12
MATIC,2023-06-16,0.5902,0.5899,15749232.67,10
SOL,2023-06-16,14.77,15.32,21834878.39,9
TON,2023-06-16,1.42,1.404,66494.47,15
TRX,2023-06-16,0.07096,0.0705,140708.49,11
USDC,2023-06-16,1.0,1.0,27652.34,5
USDT,2023-06-16,0.9991,0.9994,27632.79,3
XRP,2023-06-16,0.4798,0.4755,29147373.65,6
ADA,2023-06-17,0.2631,0.2667,6654573.45,7
AVAX,2023-06-17,11.54,11.62,5434307.53,14
BNB,2023-06-17,239.21,244.53,13230016.44,4
BTC,2023-06-17,26330.59,26510.43,331591669.75,1
DOGE,2023-06-17,0.06214,0.06217,7765882.63,8
DOT,2023-06-17,4.419,4.529,2002054.17,13
ETH,2023-06-17,1716.87,1727.25,135246610.67,2
LTC,2023-06-17,76.08,76.86,11302550.55,12
MATIC,2023-06-17,0.5899,0.6132,14258608.33,9
SOL,2023-06-17,15.32,15.65,13524308.08,10
TON,2023-06-17,1.404,1.396,65808.71,15
TRX,2023-06-17,0.0705,0.07158,192168.06,11
USDC,2023-06-17,1.0,1.0,12516.86,5
USDT,2023-06-17,0.9994,0.9998,12512.52,3
XRP,2023-06-17,0.4755,0.4795,7775142.31,6
ADA,2023-06-18,0.2667,0.2609,5177923.55,7
AVAX,2023-06-18,11.62,11.34,4255065.15,14
BNB,2023-06-18,244.53,244.02,9838012.66,4
BTC,2023-06-18,26510.43,26338.0,248624880.04,1
DOGE,2023-06-18,0.06217,0.0621,17392907.48,8
DOT,2023-06-18,4.529,4.535,2340847.6,13
ETH,2023-06-18,1727.25,1720.51,105602986.61,2
LTC,2023-06-18,76.86,77.18,10146769.95,11
MATIC,2023-06-18,0.6132,0.597,6756587.08,10
SOL,2023-06-18,15.65,15.43,7678517.01,9
TON,2023-06-18,1.396,1.4,68128.01,15
TRX,2023-06-18,0.07158,0.07016,84440.42,12
USDC,2023-06-18,1.0,1.0,9379.58,5
USDT,2023-06-18,0.9998,0.9999,9377.85,3
XRP,2023-06-18,0.4795,0.487,12745760.39,6
ADA,2023-06-19,0.2609,0.2633,6285944.32,7
AVAX,2023-06-19,11.34,11.48,3772711.58,14
BNB,2023-06-19,244.02,242.97,13821580.89,4
BTC,2023-06-19,26338.0,26842.09,477713441.96,1
DOGE,2023-06-19,0.0621,0.06241,10478872.43,8
DOT,2023-06-19,4.535,4.528,2109274.88,13
ETH,2023-06-19,1720.51,1736.79,189833856.65,2
LTC,2023-06-19,77.18,77.44,13325408.85,11
MATIC,2023-06-19,0.597,0.6149,7601085.65,10
SOL,2023-06-19,15.43,16.1,11503860.1,9
TON,2023-06-19,1.4,1.404,68515.33,15
TRX,2023-06-19,0.07016,0.06995,198484.3,12
USDC,2023-06-19,1.0,1.0,17960.07,5
USDT,2023-06-19,0.9999,0.9999,17954.97,3
XRP,2023-06-19,0.487,0.4928,21126223.18,6
ADA,2023-06-20,0.2633,0.2706,13198758.51,7
AVAX,2023-06-20,11.48,12.12,7259186.74,14
BNB,2023-06-20,242.97,247.82,16303133.27,4
BTC,2023-06-20,26842.09,28319.35,1265530107.38,1
DOGE,2023-06-20,0.06241,0.06315,12174708.93,8
DOT,2023-06-20,4.528,4.663,4398994.12,13
ETH,2023-06-20,1736.79,1792.7,360202462.41,2
LTC,2023-06-20,77.44,80.38,24322430.96,11
MATIC,2023-06-20,0.6149,0.6317,12816537.85,10
SOL,2023-06-20,16.1,16.65,24582953.16,9
TON,2023-06-20,1.404,1.405,97359.64,15
TRX,2023-06-20,0.06995,0.07063,259383.81,12
USDC,2023-06-20,1.0,1.0,46003.4,5
USDT,2023-06-20,0.9999,1.0,46005.86,3
XRP,2023-06-20,0.4928,0.4928,30118264.64,6
ADA,2023-06-21,0.2706,0.2864,21420465.81,7
AVAX,2023-06-21,12.12,12.9,11707503.62,14
BNB,2023-06-21,247.82,248.88,23147966.71,4
BTC,2023-06-21,28319.35,30000.55,1710075101.48,1
DOGE,2023-06-21,0.06315,0.06561,28160863.7,8
DOT,2023-06-21,4.663,4.824,6614439.16,13
ETH,2023-06-21,1792.7,1889.61,608041064.43,2
LTC,2023-06-21,80.38,85.06,43544155.78,11
MATIC,2023-06-21,0.6317,0.6684,24532880.53,10
SOL,2023-06-21,16.65,17.24,37898015.32,9
TON,2023-06-21,1.405,1.383,136358.48,15
TRX,2023-06-21,0.07063,0.07238,680541.24,12
USDC,2023-06-21,1.0,1.0,57987.43,5
USDT,2023-06-21,1.0,1.0,57992.96,3
XRP,2023-06-21,0.4928,0.4999,37271122.23,6
ADA,2023-06-22,0.2864,0.2901,18442006.7,7
AVAX,2023-06-22,12.9,12.66,10084141.74,14
BNB,2023-06-22,248.88,240.91,18173601.44,4
BTC,2023-06-22,30000.55,29892.81,1034077333.64,1
DOGE,2023-06-22,0.06561,0.06557,31443559.82,8
DOT,2023-06-22,4.824,4.829,4247620.12,13
ETH,2023-06-22,1889.61,1872.42,430137565.01,2
LTC,2023-06-22,85.06,85.97,28632279.4,11
MATIC,2023-06-22,0.6684,0.656,22150603.3,9
SOL,2023-06-22,17.24,16.64,22524007.25,10
TON,2023-06-22,1.383,1.38,133338.21,15
TRX,2023-06-22,0.07238,0.0721,479483.87,12
USDC,2023-06-22,1.0,0.9994,34360.99,5
USDT,2023-06-22,1.0,1.0,34387.79,3
XRP,2023-06-22,0.4999,0.494,34432852.62,6
ADA,2023-06-23,0.2901,0.2967,13131368.43,7
AVAX,2023-06-23,12.66,13.29,10500589.57,14
BNB,2023-06-23,240.91,244.57,14252032.13,4
BTC,2023-06-23,29892.81,30705.39,1263857697.39,1
DOGE,2023-06-23,0.06557,0.06827,30800534.15,8
DOT,2023-06-23,4.829,5.102,4977858.42,13
ETH,2023-06-23,1872.42,1893.52,364062998.23,2
LTC,2023-06-23,85.97,91.32,40987587.1,11
MATIC,2023-06-23,0.656,0.6758,13531134.12,9
SOL,2023-06-23,16.64,17.15,40268531.07,10
TON,2023-06-23,1.38,1.393,137585.44,15
TRX,2023-06-23,0.0721,0.07318,1065135.56,12
USDC,2023-06-23,0.9994,1.0,41300.9,5
USDT,2023-06-23,1.0,1.001,41317.08,3
XRP,2023-06-23,0.494,0.4963,25370601.55,6
ADA,2023-06-24,0.2967,0.2896,8357113.13,7
AVAX,2023-06-24,13.29,13.02,7288230.95,14
BNB,2023-06-24,244.57,236.53,18407656.44,4
BTC,2023-06-24,30705.39,30548.2,399256498.04,1
DOGE,2023-06-24,0.06827,0.06673,27938610.08,8
DOT,2023-06-24,5.102,5.011,2957657.78,13
ETH,2023-06-24,1893.52,1875.91,161217137.17,2
LTC,2023-06-24,91.32,89.79,27891127.48,11
MATIC,2023-06-24,0.6758,0.6547,10491141.67,9
SOL,2023-06-24,17.15,16.66,20935133.45,10
TON,2023-06-24,1.393,1.443,145840.13,15
TRX,2023-06-24,0.07318,0.07221,362960.3,12
USDC,2023-06-24,1.0,1.0,13046.17,5
USDT,2023-06-24,1.001,1.001,13054.93,3
XRP,2023-06-24,0.4963,0.4871,6812990.96,6
ADA,2023-06-25,0.2896,0.2923,8585071.61,7
AVAX,2023-06-25,13.02,13.44,7814946.03,14
BNB,2023-06-25,236.53,238.97,9453081.89,4
BTC,2023-06-25,30548.2,30473.64,410384145.76,1
DOGE,2023-06-25,0.06673,0.06674,18060801.54,8
DOT,2023-06-25,5.011,5.198,3714482.57,13
ETH,2023-06-25,1875.91,1899.41,243821770.45,2
LTC,2023-06-25,89.79,88.26,16896783.5,11
MATIC,2023-06-25,0.6547,0.6667,6580937.36,9
SOL,2023-06-25,16.66,16.97,19569809.93,10
TON,2023-06-25,1.443,1.471,144922.16,15
TRX,2023-06-25,0.07221,0.07311,174870.63,12
USDC,2023-06-25,1.0,1.0,13393.78,5
USDT,2023-06-25,1.001,1.0,13397.37,3
XRP,2023-06-25,0.4871,0.4904,7821216.0,6
ADA,2023-06-26,0.2923,0.2806,11283454.7,7
AVAX,2023-06-26,13.44,13.16,7272244.38,14
BNB,2023-06-26,238.97,236.12,9025201.86,4
BTC,2023-06-26,30473.64,30271.91,656487409.95,1
DOGE,2023-06-26,0.06674,0.06479,28043627.55,8
DOT,2023-06-26,5.198,5.023,4453652.0,13
ETH,2023-06-26,1899.41,1859.19,287969485.35,2
LTC,2023-06-26,88.26,87.22,24822985.1,11
MATIC,2023-06-26,0.6667,0.6455,9512538.23,9
SOL,2023-06-26,16.97,16.28,23801525.98,10
TON,2023-06-26,1.471,1.439,139444.7,15
TRX,2023-06-26,0.07311,0.07378,453858.93,12
USDC,2023-06-26,1.0,1.0,21682.07,5
USDT,2023-06-26,1.0,1.0,21684.42,3
XRP,2023-06-26,0.4904,0.4791,35415295.26,6
ADA,2023-06-27,0.2806,0.2868,9739499.97,7
AVAX,2023-06-27,13.16,13.19,5696614.38,14
BNB,2023-06-27,236.12,237.47,7217880.48,4
BTC,2023-06-27,30271.91,30696.99,683163079.08,1
DOGE,2023-06-27,0.06479,0.06559,21722836.26,8
DOT,2023-06-27,5.023,5.096,2082074.62,13
ETH,2023-06-27,1859.19,1889.8,286149889.21,2
LTC,2023-06-27,87.22,88.08,18451501.77,11
MATIC,2023-06-27,0.6455,0.6623,8170109.71,9
SOL,2023-06-27,16.28,16.63,21477234.38,10
TON,2023-06-27,1.439,1.419,141057.75,15
TRX,2023-06-27,0.07378,0.07435,200575.04,12
USDC,2023-06-27,1.0,1.0,22314.27,5
USDT,2023-06-27,1.0,1.0,22316.07,3
XRP,2023-06-27,0.4791,0.4834,29894084.12,6
ADA,2023-06-28,0.2868,0.2669,15453747.96,7
AVAX,2023-06-28,13.19,12.34,6867420.27,14
BNB,2023-06-28,237.47,230.55,11665411.9,4
BTC,2023-06-28,30696.99,30078.9,577536151.3,1
DOGE,2023-06-28,0.06559,0.06255,23517467.69,8
DOT,2023-06-28,5.096,4.878,3781408.0,13
ETH,2023-06-28,1889.8,1827.54,298601057.72,2
LTC,2023-06-28,88.08,83.01,28856897.6,11
MATIC,2023-06-28,0.6623,0.6132,17758767.52,10
SOL,2023-06-28,16.63,15.98,28247031.46,9
TON,2023-06-28,1.419,1.376,138931.42,15
TRX,2023-06-28,0.07435,0.07376,403543.83,12
USDC,2023-06-28,1.0,1.0,19095.42,5
USDT,2023-06-28,1.0,1.0,19097.24,3
XRP,2023-06-28,0.4834,0.465,31283863.19,6
ADA,2023-06-29,0.2669,0.2751,7906539.64,7
AVAX,2023-06-29,12.34,12.67,5838802.24,14
BNB,2023-06-29,230.55,233.07,6343813.56,4
BTC,2023-06-29,30078.9,30447.17,654120553.86,1
DOGE,2023-06-29,0.06255,0.0634,14978624.2,8
DOT,2023-06-29,4.878,4.986,5286737.77,13
ETH,2023-06-29,1827.54,1852.08,211210015.81,2
LTC,2023-06-29,83.01,84.73,14964796.71,11
MATIC,2023-06-29,0.6132,0.6241,8506850.29,10
SOL,2023-06-29,15.98,17.99,45742590.16,9
TON,2023-06-29,1.376,1.348,131846.02,15
TRX,2023-06-29,0.07376,0.07449,404274.11,12
USDC,2023-06-29,1.0,1.0,21448.42,5
USDT,2023-06-29,1.0,0.9999,21445.91,3
XRP,2023-06-29,0.465,0.4744,24396978.07,6
ADA,2023-06-30,0.2751,0.2868,20601684.06,7
AVAX,2023-06-30,12.67,13.02,15854669.52,14
BNB,2023-06-30,233.07,240.36,14051495.91,4
BTC,2023-06-30,30447.17,30471.06,1438707503.25,1
DOGE,2023-06-30,0.0634,0.06644,54469082.05,8
DOT,2023-06-30,4.986,5.177,7102916.25,13
ETH,2023-06-30,1852.08,1933.62,626117328.74,2
LTC,2023-06-30,84.73,108.65,165072524.97,10
MATIC,2023-06-30,0.6241,0.6614,24458062.69,11
SOL,2023-06-30,17.99,18.86,57111782.57,9
TON,2023-06-30,1.348,1.37,134127.23,15
TRX,2023-06-30,0.07449,0.07621,696003.76,12
USDC,2023-06-30,1.0,1.0,47298.64,5
USDT,2023-06-30,0.9999,0.9999,47295.49,3
XRP,2023-06-30,0.4744,0.4732,35867946.74,6
ADA,2023-07-01,0.2868,0.2924,8135071.16,7
AVAX,2023-07-01,13.02,13.0,3590367.57,14
BNB,2023-07-01,240.36,247.88,20111497.05,4
BTC,2023-07-01,30471.06,30590.76,221634243.18,1
DOGE,2023-07-01,0.06644,0.06852,38035035.86,8
DOT,2023-07-01,5.177,5.349,3483983.15,13
ETH,2023-07-01,1933.62,1924.32,170397820.6,2
LTC,2023-07-01,108.65,107.15,71666295.32,10
MATIC,2023-07-01,0.6614,0.6771,10993046.1,11
SOL,2023-07-01,18.86,18.71,18636372.45,9
TON,2023-07-01,1.37,1.388,115606.74,15
TRX,2023-07-01,0.07621,0.07731,245305.23,12
USDC,2023-07-01,1.0,1.0,88643.68,5
USDT,2023-07-01,0.9999,1.0,235079364.19,3
XRP,2023-07-01,0.4732,0.4734,6074315.65,6
ADA,2023-07-02,0.2924,0.2918,6158782.96,7
AVAX,2023-07-02,13.0,13.12,3804620.54,14
BNB,2023-07-02,247.88,246.44,11831868.07,4
BTC,2023-07-02,30590.76,30617.66,264438993.35,1
DOGE,2023-07-02,0.06852,0.068,22427680.53,8
DOT,2023-07-02,5.349,5.498,4112487.67,12
ETH,2023-07-02,1924.32,1937.46,259524177.47,2
LTC,2023-07-02,107.15,113.6,83015110.4,10
MATIC,2023-07-02,0.6771,0.6819,10254105.19,11
SOL,2023-07-02,18.71,19.46,30247022.04,9
TON,2023-07-02,1.388,1.442,144254.72,15
TRX,2023-07-02,0.07731,0.07604,197612.14,13
USDC,2023-07-02,1.0,1.0,134935.31,5
USDT,2023-07-02,1.0,1.0,8660.93,3
XRP,2023-07-02,0.4734,0.4842,13573144.28,6
ADA,2023-07-03,0.2918,0.2966,9205790.96,7
AVAX,2023-07-03,13.12,13.25,6313181.54,14
BNB,2023-07-03,246.44,246.48,19301283.18,4
BTC,2023-07-03,30617.66,31160.24,606995802.76,1
DOGE,2023-07-03,0.068,0.06845,19764977.68,8
DOT,2023-07-03,5.498,5.427,4693459.22,13
ETH,2023-07-03,1937.46,1955.81,333458002.68,2
LTC,2023-07-03,113.6,107.28,63591882.14,11
MATIC,2023-07-03,0.6819,0.7149,17325388.63,10
SOL,2023-07-03,19.46,19.27,19337839.73,9
TON,2023-07-03,1.442,1.437,138016.95,15
TRX,2023-07-03,0.07604,0.07731,626235.41,12
USDC,2023-07-03,1.0,1.0,19624.88,5
USDT,2023-07-03,1.0,1.0,19621.43,3
XRP,2023-07-03,0.4842,0.4898,42489207.65,6
ADA,2023-07-04,0.2966,0.2924,8573076.18,7
AVAX,2023-07-04,13.25,13.03,5040774.11,14
BNB,2023-07-04,246.48,242.53,8689294.11,4
BTC,2023-07-04,31160.24,30774.39,411450957.26,1
DOGE,2023-07-04,0.06845,0.06895,41835796.35,8
DOT,2023-07-04,5.427,5.348,3239821.25,13
ETH,2023-07-04,1955.81,1936.37,182921227.93,2
LTC,2023-07-04,107.28,104.24,45629476.85,11
MATIC,2023-07-04,0.7149,0.6957,11775836.14,10
SOL,2023-07-04,19.27,19.15,20030489.41,9
TON,2023-07-04,1.437,1.38,136446.24,15
TRX,2023-07-04,0.07731,0.07698,297650.76,12
USDC,2023-07-04,1.0,1.0,13277.79,5
USDT,2023-07-04,1.0,1.0,13279.87,3
XRP,2023-07-04,0.4898,0.487,19668814.01,6
ADA,2023-07-05,0.2924,0.284,9584658.12,7
AVAX,2023-07-05,13.03,12.66,5472501.24,14
BNB,2023-07-05,242.19,238.81,4290958.47,4
BTC,2023-07-05,30774.39,30503.07,484235780.2,1
DOGE,2023-07-05,0.06895,0.067,23701259.9,8
DOT,2023-07-05,5.348,5.206,3456517.48,13
ETH,2023-07-05,1936.37,1910.36,225539498.22,2
LTC,2023-07-05,104.24,102.61,59121387.79,10
MATIC,2023-07-05,0.6957,0.6703,14438741.53,11
SOL,2023-07-05,19.15,19.0,21870944.05,9
TON,2023-07-05,1.38,1.367,131219.94,15
TRX,2023-07-05,0.07698,0.07707,331008.63,12
USDC,2023-07-05,1.0,0.9999,15877.88,5
USDT,2023-07-05,1.0,1.0,257147807.98,3
XRP,2023-07-05,0.487,0.4781,25566236.47,6
ADA,2023-07-06,0.284,0.2786,12645092.26,7
AVAX,2023-07-06,12.66,12.39,5671091.54,14
BNB,2023-07-06,238.81,232.5,5658390.76,4
BTC,2023-07-06,30503.07,29907.98,942103548.67,1
DOGE,2023-07-06,0.067,0.06487,21699493.97,8
DOT,2023-07-06,5.206,5.018,4872001.04,13
ETH,2023-07-06,1910.36,1846.23,373111691.55,2
LTC,2023-07-06,102.61,95.26,63363589.96,11
MATIC,2023-07-06,0.6703,0.6604,16095215.06,10
SOL,2023-07-06,19.0,19.61,72288329.57,9
TON,2023-07-06,1.367,1.363,133514.43,15
TRX,2023-07-06,0.07707,0.07718,535720.77,12
USDC,2023-07-06,0.9999,1.0,30805.2,5
USDT,2023-07-06,0.9999,1.0,30815.97,3
XRP,2023-07-06,0.4781,0.4621,31812157.41,6
ADA,2023-07-07,0.2786,0.2846,8437437.5,7
AVAX,2023-07-07,12.39,12.75,4588371.88,14
BNB,2023-07-07,232.5,235.73,3930885.52,4
BTC,2023-07-07,29907.98,30349.69,584908167.72,1
DOGE,2023-07-07,0.06487,0.06543,15085732.56,8
DOT,2023-07-07,5.018,5.119,2762690.46,13
ETH,2023-07-07,1846.23,1870.78,236998422.03,2
LTC,2023-07-07,95.26,98.25,38897820.48,11
MATIC,2023-07-07,0.6604,0.6767,7305384.25,10
SOL,2023-07-07,19.61,21.51,69662085.33,9
TON,2023-07-07,1.363,1.374,134168.35,15
TRX,2023-07-07,0.07718,0.07882,569244.38,12
USDC,2023-07-07,1.0,1.0,19369.07,5
USDT,2023-07-07,1.0,1.0,309748802.27,3
XRP,2023-07-07,0.4621,0.4687,26283107.24,6
ADA,2023-07-08,0.2846,0.2907,8960733.74,7
AVAX,2023-07-08,12.75,13.64,12134166.77,14
BNB,2023-07-08,235.63,236.3,5559258.2,4
BTC,2023-07-08,30349.69,30294.36,192238272.3,1
DOGE,2023-07-08,0.06543,0.06575,9465231.6,8
DOT,2023-07-08,5.119,5.129,1740618.3,13
ETH,2023-07-08,1870.78,1865.62,124473027.23,2
LTC,2023-07-08,98.25,97.81,18117343.23,11
MATIC,2023-07-08,0.6767,0.6797,7791064.12,10
SOL,2023-07-08,21.51,21.82,42760105.1,9
TON,2023-07-08,1.374,1.39,136556.33,15
TRX,2023-07-08,0.07882,0.08015,384443.61,12
USDC,2023-07-08,1.0,1.0,6362.53,5
USDT,2023-07-08,1.0,1.0,6362.82,3
XRP,2023-07-08,0.4687,0.4706,3507861.66,6
ADA,2023-07-09,0.2907,0.2846,6515137.24,7
AVAX,2023-07-09,13.64,13.58,9423322.92,14
BNB,2023-07-09,236.46,233.99,2207108.02,4
BTC,2023-07-09,30294.36,30171.49,216124236.01,1
DOGE,2023-07-09,0.06575,0.06538,7480430.9,8
DOT,2023-07-09,5.129,5.08,1912689.76,13
ETH,2023-07-09,1865.62,1863.09,104769250.13,2
LTC,2023-07-09,97.81,95.1,19277101.07,11
MATIC,2023-07-09,0.6797,0.6884,10324839.08,10
SOL,2023-07-09,21.82,21.33,25582748.11,9
TON,2023-07-09,1.39,1.362,135978.87,15
TRX,2023-07-09,0.08015,0.07753,410788.6,12
USDC,2023-07-09,1.0,1.0,7139.98,5
USDT,2023-07-09,1.0,1.0,7141.98,3
XRP,2023-07-09,0.4706,0.4682,5005930.49,6
ADA,2023-07-10,0.2846,0.2878,12312576.47,7
AVAX,2023-07-10,13.58,13.39,8768020.28,14
BNB,2023-07-10,234.16,246.2,23134967.62,4
BTC,2023-07-10,30171.49,30421.04,674592681.26,1
DOGE,2023-07-10,0.06538,0.06523,19670627.98,8
DOT,2023-07-10,5.08,5.134,2696116.84,13
ETH,2023-07-10,1863.09,1880.69,248076590.36,2
LTC,2023-07-10,95.1,96.77,45328977.83,11
MATIC,2023-07-10,0.6884,0.7353,25304038.08,10
SOL,2023-07-10,21.33,21.3,44008856.3,9
TON,2023-07-10,1.362,1.38,136533.07,15
TRX,2023-07-10,0.07753,0.07757,813199.69,12
USDC,2023-07-10,1.0,1.0,22195.92,5
USDT,2023-07-10,1.0,1.0,358092874.45,3
XRP,2023-07-10,0.4682,0.4774,40747992.09,6
ADA,2023-07-11,0.2878,0.2927,8933555.34,7
AVAX,2023-07-11,13.39,13.27,6866909.16,14
BNB,2023-07-11,246.2,248.63,12700993.36,4
BTC,2023-07-11,30421.04,30626.62,539220942.45,1
DOGE,2023-07-11,0.06523,0.06529,9134911.3,9
DOT,2023-07-11,5.134,5.213,2760460.21,13
ETH,2023-07-11,1880.69,1878.62,174708055.4,2
LTC,2023-07-11,96.77,96.78,25704207.3,11
MATIC,2023-07-11,0.7353,0.7427,12669220.44,10
SOL,2023-07-11,21.3,22.07,30543363.66,8
TON,2023-07-11,1.38,1.349,136222.95,15
TRX,2023-07-11,0.07757,0.07732,305048.04,12
USDC,2023-07-11,1.0,1.0,17667.41,5
USDT,2023-07-11,1.0,1.0,328335343.23,3
XRP,2023-07-11,0.4774,0.4755,26857395.2,6
ADA,2023-07-12,0.2927,0.289,9553738.65,7
AVAX,2023-07-12,13.27,13.02,6752436.13,14
BNB,2023-07-12,248.63,243.87,11651264.29,4
BTC,2023-07-12,30626.62,30385.22,755704294.14,1
DOGE,2023-07-12,0.06529,0.06505,11203929.85,9
DOT,2023-07-12,5.213,5.149,3143161.14,13
ETH,2023-07-12,1878.62,1871.83,270619306.85,2
LTC,2023-07-12,96.78,96.23,20953593.32,11
MATIC,2023-07-12,0.7427,0.7235,14166456.6,10
SOL,2023-07-12,22.07,21.93,45421393.05,8
TON,2023-07-12,1.349,1.329,130230.84,15
TRX,2023-07-12,0.07732,0.07785,666389.69,12
USDC,2023-07-12,1.0,0.9998,24687.93,5
USDT,2023-07-12,1.0,1.0,24696.52,3
XRP,2023-07-12,0.4755,0.4711,26362041.59,6
ADA,2023-07-13,0.289,0.3567,53584099.97,7
AVAX,2023-07-13,13.02,14.11,14521431.13,14
BNB,2023-07-13,244.05,256.35,8435671.51,4
BTC,2023-07-13,30385.22,31475.78,1314075890.88,1
DOGE,2023-07-13,0.06505,0.07044,48733470.7,9
DOT,2023-07-13,5.149,5.546,10552135.54,13
ETH,2023-07-13,1871.83,2005.75,656466648.57,2
LTC,2023-07-13,96.23,101.94,70909940.35,11
MATIC,2023-07-13,0.7235,0.8507,54444813.86,10
SOL,2023-07-13,21.93,26.02,112040102.88,8
TON,2023-07-13,1.329,1.352,138109.3,15
TRX,2023-07-13,0.07785,0.0817,833392.31,12
USDC,2023-07-13,0.9998,1.0,42353.47,6
USDT,2023-07-13,1.0,1.001,42373.54,3
XRP,2023-07-13,0.4711,0.8159,261644413.65,5
ADA,2023-07-14,0.3567,0.328,42583906.37,7
AVAX,2023-07-14,14.11,14.65,38446187.5,14
BNB,2023-07-14,256.31,248.23,19512004.02,4
BTC,2023-07-14,31475.78,30331.09,1021600213.08,1
DOGE,2023-07-14,0.07044,0.06852,59909414.39,9
DOT,2023-07-14,5.546,5.455,12966742.87,13
ETH,2023-07-14,2005.75,1939.13,527215689.43,2
LTC,2023-07-14,101.94,95.2,78549549.33,11
MATIC,2023-07-14,0.8507,0.8087,33202641.64,10
SOL,2023-07-14,26.02,26.7,164647403.53,8
TON,2023-07-14,1.352,1.347,137831.46,15
TRX,2023-07-14,0.0817,0.07989,998658.32,12
USDC,2023-07-14,1.0,1.0,33135.99,6
USDT,2023-07-14,1.001,1.001,33150.21,3
XRP,2023-07-14,0.8159,0.719,160942460.27,5
ADA,2023-07-15,0.328,0.3262,8511617.6,8
AVAX,2023-07-15,14.65,14.84,10562594.67,14
BNB,2023-07-15,248.23,251.11,9312995.63,4
BTC,2023-07-15,30331.09,30298.45,149344124.18,1
DOGE,2023-07-15,0.06852,0.07195,71387102.19,9
DOT,2023-07-15,5.455,5.432,3259448.07,13
ETH,2023-07-15,1939.13,1931.84,123753926.65,2
LTC,2023-07-15,95.2,94.81,16496463.55,11
MATIC,2023-07-15,0.8087,0.8,6803423.02,10
SOL,2023-07-15,26.7,27.45,77616992.04,7
TON,2023-07-15,1.347,1.347,128789.18,15
TRX,2023-07-15,0.07989,0.08081,299993.19,12
USDC,2023-07-15,1.0,0.9999,63939.16,6
USDT,2023-07-15,1.001,1.0,111194784.21,3
XRP,2023-07-15,0.719,0.7147,89443610.13,5
ADA,2023-07-16,0.3262,0.3147,13027913.81,8
AVAX,2023-07-16,14.84,14.29,9177149.83,14
BNB,2023-07-16,251.11,242.47,9415799.4,4
BTC,2023-07-16,30298.45,30248.17,224532522.64,1
DOGE,2023-07-16,0.07195,0.06954,33127833.09,9
DOT,2023-07-16,5.432,5.312,2710004.17,13
ETH,2023-07-16,1931.84,1923.31,116791257.98,2
LTC,2023-07-16,94.81,92.95,15779406.13,11
MATIC,2023-07-16,0.8,0.7677,6586507.82,10
SOL,2023-07-16,27.45,27.43,58227603.37,7
TON,2023-07-16,1.347,1.392,135656.77,15
TRX,2023-07-16,0.08081,0.07979,219676.13,12
USDC,2023-07-16,0.9999,0.9999,60481.98,6
USDT,2023-07-16,1.0,1.001,7415.25,3
XRP,2023-07-16,0.7147,0.7477,90857041.57,5
ADA,2023-07-17,0.3147,0.312,12222405.64,8
AVAX,2023-07-17,14.29,14.4,9991457.3,14
BNB,2023-07-17,242.47,244.29,16515228.67,4
BTC,2023-07-17,30248.17,30147.68,558752237.54,1
DOGE,2023-07-17,0.06954,0.06987,38659676.72,9
DOT,2023-07-17,5.312,5.305,3750046.46,13
ETH,2023-07-17,1923.31,1911.56,342329027.22,2
LTC,2023-07-17,92.95,92.24,26166328.27,11
MATIC,2023-07-17,0.7677,0.7778,9927937.44,10
SOL,2023-07-17,27.43,26.83,79483808.38,7
TON,2023-07-17,1.392,1.362,99036.25,15
TRX,2023-07-17,0.07979,0.08002,355572.38,12
USDC,2023-07-17,0.9999,1.0,18561.28,6
USDT,2023-07-17,1.001,1.0,18566.28,3
XRP,2023-07-17,0.7477,0.7377,87542014.46,5
ADA,2023-07-18,0.312,0.3093,10730287.59,8
AVAX,2023-07-18,14.4,13.81,7819161.71,14
BNB,2023-07-18,244.34,240.35,9917077.22,5
BTC,2023-07-18,30147.68,29863.79,560798877.42,1
DOGE,2023-07-18,0.06987,0.06868,19195692.18,9
DOT,2023-07-18,5.305,5.184,3904011.2,13
ETH,2023-07-18,1911.56,1897.76,322922232.52,2
LTC,2023-07-18,92.24,91.59,18455150.71,11
MATIC,2023-07-18,0.7778,0.7387,9157720.5,10
SOL,2023-07-18,26.83,25.56,62512632.88,7
TON,2023-07-18,1.362,1.398,147388.27,15
TRX,2023-07-18,0.08002,0.07978,215174.14,12
USDC,2023-07-18,1.0,0.9998,18756.37,6
USDT,2023-07-18,1.0,1.0,18762.25,3
XRP,2023-07-18,0.7377,0.779,84967596.71,4
ADA,2023-07-19,0.3093,0.3228,15090628.97,7
AVAX,2023-07-19,13.81,14.0,7225304.14,14
BNB,2023-07-19,240.35,240.66,4092594.99,5
BTC,2023-07-19,29863.79,29918.6,446435257.92,1
DOGE,2023-07-19,0.06868,0.07003,39710300.26,9
DOT,2023-07-19,5.184,5.193,3419516.71,13
ETH,2023-07-19,1897.76,1888.8,279760726.89,2
LTC,2023-07-19,91.59,92.01,19773358.68,11
MATIC,2023-07-19,0.7387,0.744,11594662.43,10
SOL,2023-07-19,25.56,26.31,65210080.97,8
TON,2023-07-19,1.398,1.363,133374.35,15
TRX,2023-07-19,0.07978,0.0803,503801.64,12
USDC,2023-07-19,0.9998,0.9999,14892.18,6
USDT,2023-07-19,1.0,1.0,14898.01,3
XRP,2023-07-19,0.779,0.8197,120339245.24,4
ADA,2023-07-20,0.3228,0.3161,19934453.15,7
AVAX,2023-07-20,14.0,13.87,6479003.17,14
BNB,2023-07-20,240.66,242.67,4749477.41,5
BTC,2023-07-20,29918.6,29809.61,577250260.25,1
DOGE,2023-07-20,0.07003,0.0706,57289457.13,9
DOT,2023-07-20,5.193,5.357,4755652.06,13
ETH,2023-07-20,1888.8,1891.77,287230417.85,2
LTC,2023-07-20,92.01,92.36,24675737.65,11
MATIC,2023-07-20,0.744,0.7674,14949993.19,10
SOL,2023-07-20,26.31,25.36,58814482.45,8
TON,2023-07-20,1.363,1.39,138605.42,15
TRX,2023-07-20,0.0803,0.08069,556453.53,12
USDC,2023-07-20,0.9999,1.0,19278.53,6
USDT,2023-07-20,1.0,1.0,19274.03,3
XRP,2023-07-20,0.8197,0.7941,74956849.43,4
ADA,2023-07-21,0.3161,0.3131,8657551.51,7
AVAX,2023-07-21,13.87,13.96,3296062.26,14
BNB,2023-07-21,242.67,243.65,2768677.8,4
BTC,2023-07-21,29809.61,29911.46,395907301.04,1
DOGE,2023-07-21,0.0706,0.07325,66181271.62,9
DOT,2023-07-21,5.357,5.488,6136356.01,13
ETH,2023-07-21,1891.77,1891.92,156384021.65,2
LTC,2023-07-21,92.36,94.09,24136975.42,11
MATIC,2023-07-21,0.7674,0.77,10220432.44,10
SOL,2023-07-21,25.36,25.51,33312386.28,8
TON,2023-07-21,1.39,1.435,140267.07,15
TRX,2023-07-21,0.08069,0.0805,380308.11,12
USDC,2023-07-21,1.0,1.0,13258.14,6
USDT,2023-07-21,1.0,1.0,13259.2,3
XRP,2023-07-21,0.7941,0.7717,46940884.3,5
ADA,2023-07-22,0.3131,0.3101,5837393.64,7
AVAX,2023-07-22,13.96,13.52,3071892.27,14
BNB,2023-07-22,243.65,240.79,1732259.29,4
BTC,2023-07-22,29911.46,29791.61,182484169.27,1
DOGE,2023-07-22,0.07325,0.07053,22974660.05,9
DOT,2023-07-22,5.488,5.315,2529274.38,13
ETH,2023-07-22,1891.92,1866.58,117565051.78,2
LTC,2023-07-22,94.09,92.06,21265857.36,11
MATIC,2023-07-22,0.77,0.7462,6288612.5,10
SOL,2023-07-22,25.51,24.52,23659080.27,8
TON,2023-07-22,1.435,1.473,144366.05,15
TRX,2023-07-22,0.0805,0.08386,2069365.87,12
USDC,2023-07-22,1.0,1.0,6112.16,6
USDT,2023-07-22,1.0,1.0,6111.65,3
XRP,2023-07-22,0.7717,0.7333,37572107.0,5
ADA,2023-07-23,0.3101,0.3172,5464571.13,7
AVAX,2023-07-23,13.52,13.55,2160244.75,14
BNB,2023-07-23,240.79,242.33,2310773.87,4
BTC,2023-07-23,29791.61,30085.68,244328645.64,1
DOGE,2023-07-23,0.07053,0.07181,14503410.94,9
DOT,2023-07-23,5.315,5.39,1900329.84,13
ETH,2023-07-23,1866.58,1888.72,165984164.63,2
LTC,2023-07-23,92.06,93.18,16827055.21,11
MATIC,2023-07-23,0.7462,0.7574,6288638.66,10
SOL,2023-07-23,24.52,24.76,29589539.29,8
TON,2023-07-23,1.473,1.471,144183.84,15
TRX,2023-07-23,0.08386,0.08335,598389.62,12
USDC,2023-07-23,1.0,1.0,8140.83,6
USDT,2023-07-23,1.0,1.0,8141.04,3
XRP,2023-07-23,0.7333,0.7384,26767184.81,5
ADA,2023-07-24,0.3172,0.3054,10943843.74,7
AVAX,2023-07-24,13.55,13.11,5936024.64,14
BNB,2023-07-24,242.33,238.93,4741673.48,4
BTC,2023-07-24,30085.68,29181.04,744538575.95,1
DOGE,2023-07-24,0.07181,0.07419,81935936.75,8
DOT,2023-07-24,5.39,5.21,4279615.42,13
ETH,2023-07-24,1888.72,1849.87,347928550.49,2
LTC,2023-07-24,93.18,89.13,26866705.06,11
MATIC,2023-07-24,0.7574,0.728,10724319.37,10
SOL,2023-07-24,24.76,23.37,40698588.87,9
TON,2023-07-24,1.471,1.388,138530.8,15
TRX,2023-07-24,0.08335,0.08152,714332.14,12
USDC,2023-07-24,1.0,1.0,25440.83,6
USDT,2023-07-24,1.0,1.0,25440.08,3
XRP,2023-07-24,0.7384,0.7023,61983862.43,5
ADA,2023-07-25,0.3054,0.3037,6648146.29,8
AVAX,2023-07-25,13.11,13.34,5115489.52,14
BNB,2023-07-25,238.93,237.8,3363874.57,4
BTC,2023-07-25,29181.04,29226.63,354541899.17,1
DOGE,2023-07-25,0.07419,0.08185,102972062.14,7
DOT,2023-07-25,5.21,5.176,2560068.27,13
ETH,2023-07-25,1849.87,1857.51,163792722.05,2
LTC,2023-07-25,89.13,89.46,13385836.36,11
MATIC,2023-07-25,0.728,0.7079,9446944.66,10
SOL,2023-07-25,23.37,23.29,30784991.58,9
TON,2023-07-25,1.388,1.415,137572.61,15
TRX,2023-07-25,0.08152,0.08191,397523.68,12
USDC,2023-07-25,1.0,0.9998,12139.27,6
USDT,2023-07-25,1.0,1.0,216597309.81,3
XRP,2023-07-25,0.7023,0.7087,41285333.54,5
ADA,2023-07-26,0.3037,0.3069,7522921.89,8
AVAX,2023-07-26,13.34,13.27,7149928.37,14
BNB,2023-07-26,237.8,238.96,2802762.86,4
BTC,2023-07-26,29226.63,29352.06,486510821.91,1
DOGE,2023-07-26,0.08185,0.07797,59436019.15,7
DOT,2023-07-26,5.176,5.235,2074606.29,13
ETH,2023-07-26,1857.51,1871.94,217544577.61,2
LTC,2023-07-26,89.46,90.62,15291328.64,11
MATIC,2023-07-26,0.7079,0.7225,11306424.31,10
SOL,2023-07-26,23.29,25.18,52095173.98,9
TON,2023-07-26,1.415,1.366,134222.58,15
TRX,2023-07-26,0.08191,0.08242,744730.11,12
USDC,2023-07-26,0.9998,0.9999,16582.48,6
USDT,2023-07-26,0.9999,1.0,16583.76,3
XRP,2023-07-26,0.7087,0.7157,35445133.93,5
ADA,2023-07-27,0.3069,0.3078,7573410.01,8
AVAX,2023-07-27,13.27,13.15,3909822.25,14
BNB,2023-07-27,239.01,240.63,7363310.84,4
BTC,2023-07-27,29352.06,29217.05,373268935.18,1
DOGE,2023-07-27,0.07797,0.07758,31320376.59,7
DOT,2023-07-27,5.235,5.235,2383316.37,13
ETH,2023-07-27,1871.94,1860.95,172986040.03,2
LTC,2023-07-27,90.62,90.58,12636012.41,11
MATIC,2023-07-27,0.7225,0.7167,7574296.32,10
SOL,2023-07-27,25.18,25.1,40265979.19,9
TON,2023-07-27,1.366,1.327,135486.58,15
TRX,2023-07-27,0.08242,0.08261,200461.47,12
USDC,2023-07-27,0.9999,0.9999,12726.74,6
USDT,2023-07-27,1.0,0.9998,12725.11,3
XRP,2023-07-27,0.7157,0.7137,32951902.57,5
ADA,2023-07-28,0.3078,0.31,5639703.81,8
AVAX,2023-07-28,13.15,13.23,2412065.34,14
BNB,2023-07-28,240.63,241.92,5030752.09,4
BTC,2023-07-28,29217.05,29316.82,342975082.63,1
DOGE,2023-07-28,0.07758,0.07715,19961681.03,7
DOT,2023-07-28,5.235,5.219,2282887.37,13
ETH,2023-07-28,1860.95,1874.32,157806868.85,2
LTC,2023-07-28,90.58,91.47,11544906.69,12
MATIC,2023-07-28,0.7167,0.7092,5090777.09,10
SOL,2023-07-28,25.1,24.81,34151035.91,9
TON,2023-07-28,1.327,1.278,131329.01,15
TRX,2023-07-28,0.08261,0.08505,443516.61,11
USDC,2023-07-28,0.9999,1.0,11708.7,6
USDT,2023-07-28,0.9998,1.0,175219616.6,3
XRP,2023-07-28,0.7137,0.7122,26076576.27,5
ADA,2023-07-29,0.31,0.3129,5144149.98,8
AVAX,2023-07-29,13.23,13.24,1805835.26,14
BNB,2023-07-29,241.82,242.24,1571078.33,4
BTC,2023-07-29,29316.82,29358.76,146316009.97,1
DOGE,2023-07-29,0.07715,0.08024,29003584.18,7
DOT,2023-07-29,5.219,5.248,1589123.03,13
ETH,2023-07-29,1874.32,1880.9,67420133.0,2
LTC,2023-07-29,91.47,94.33,13509490.0,11
MATIC,2023-07-29,0.7092,0.7187,4587988.41,10
SOL,2023-07-29,24.81,25.16,19243067.28,9
TON,2023-07-29,1.278,1.196,118936.79,15
TRX,2023-07-29,0.08505,0.08325,331765.54,12
USDC,2023-07-29,1.0,1.0,4989.9,6
USDT,2023-07-29,1.0,1.0,4990.12,3
XRP,2023-07-29,0.7122,0.7122,14173382.45,5
ADA,2023-07-30,0.3129,0.3157,6776309.41,8
AVAX,2023-07-30,13.24,13.12,3737690.14,14
BNB,2023-07-30,242.24,242.37,2741597.23,4
BTC,2023-07-30,29358.76,29283.34,224246250.77,1
DOGE,2023-07-30,0.08024,0.07808,23322826.45,7
DOT,2023-07-30,5.248,5.184,3471596.65,13
ETH,2023-07-30,1880.9,1861.71,132571482.86,2
LTC,2023-07-30,94.33,94.04,56683056.35,11
MATIC,2023-07-30,0.7187,0.6974,5766204.76,10
SOL,2023-07-30,25.16,24.25,29669821.01,9
TON,2023-07-30,1.196,1.222,121506.91,15
TRX,2023-07-30,0.08325,0.08006,645711.47,12
USDC,2023-07-30,1.0,1.0,7663.11,6
USDT,2023-07-30,1.0,1.0,7661.98,3
XRP,2023-07-30,0.7122,0.7047,21626962.96,5
ADA,2023-07-31,0.3157,0.3071,6770336.06,8
AVAX,2023-07-31,13.12,12.82,4894667.19,14
BNB,2023-07-31,242.37,240.88,3184346.15,4
BTC,2023-07-31,29283.34,29231.47,426457343.16,1
DOGE,2023-07-31,0.07808,0.07784,19724720.89,7
DOT,2023-07-31,5.184,5.107,4333566.5,13
ETH,2023-07-31,1861.71,1856.01,201325420.68,2
LTC,2023-07-31,94.04,92.28,29001372.31,11
MATIC,2023-07-31,0.6974,0.6876,7545734.35,10
SOL,2023-07-31,24.25,23.72,31654208.04,9
TON,2023-07-31,1.222,1.199,119283.86,15
TRX,2023-07-31,0.08006,0.07795,510967.1,12
USDC,2023-07-31,1.0,1.0,14553.8,6
USDT,2023-07-31,1.0,1.0,14552.62,3
XRP,2023-07-31,0.7047,0.6974,37905388.59,5
ADA,2023-08-01,0.3071,0.3102,10832844.63,8
AVAX,2023-08-01,12.82,12.88,5403548.48,14
BNB,2023-08-01,240.96,247.73,18203352.63,4
BTC,2023-08-01,29231.47,29699.74,822433494.24,1
DOGE,2023-08-01,0.07784,0.0781,20510031.1,7
DOT,2023-08-01,5.107,5.205,3872250.56,13
ETH,2023-08-01,1856.01,1872.96,404099981.78,2
LTC,2023-08-01,92.28,93.89,41722852.86,11
MATIC,2023-08-01,0.6876,0.7017,9045611.66,10
SOL,2023-08-01,23.72,24.05,33853632.94,9
TON,2023-08-01,1.199,1.209,118584.56,15
TRX,2023-08-01,0.07795,0.07863,797375.58,12
USDC,2023-08-01,1.0,0.9999,28316.35,6
USDT,2023-08-01,1.0,0.9998,28312.6,3
XRP,2023-08-01,0.6974,0.7068,29516716.39,5
ADA,2023-08-02,0.3102,0.2992,8398658.49,8
AVAX,2023-08-02,12.88,12.54,4057310.83,14
BNB,2023-08-02,247.55,240.71,5868675.78,4
BTC,2023-08-02,29699.74,29163.69,838251477.68,1
DOGE,2023-08-02,0.0781,0.0742,22895652.8,7
DOT,2023-08-02,5.205,5.056,3374901.87,13
ETH,2023-08-02,1872.96,1839.07,281934846.64,2
LTC,2023-08-02,93.89,87.52,46798145.65,11
MATIC,2023-08-02,0.7017,0.6802,7766899.79,10
SOL,2023-08-02,24.05,23.14,31130414.83,9
TON,2023-08-02,1.209,1.197,114241.56,15
TRX,2023-08-02,0.07863,0.07644,499006.19,12
USDC,2023-08-02,0.9999,1.0,28514.8,6
USDT,2023-08-02,0.9998,0.9993,28487.53,3
XRP,2023-08-02,0.7068,0.6848,23665202.16,5
ADA,2023-08-03,0.2992,0.2923,7905635.15,8
AVAX,2023-08-03,12.54,12.44,2862236.82,14
BNB,2023-08-03,240.71,240.95,3015066.95,4
BTC,2023-08-03,29163.69,29177.75,450334651.17,1
DOGE,2023-08-03,0.0742,0.07354,19957016.38,7
DOT,2023-08-03,5.056,4.978,2528650.98,13
ETH,2023-08-03,1839.07,1834.44,208780805.48,2
LTC,2023-08-03,87.52,82.51,31664324.25,12
MATIC,2023-08-03,0.6802,0.6673,7837575.63,10
SOL,2023-08-03,23.14,22.62,22727563.66,9
TON,2023-08-03,1.197,1.183,113979.22,15
TRX,2023-08-03,0.07644,0.07718,413415.02,11
USDC,2023-08-03,1.0,1.0,15429.0,6
USDT,2023-08-03,0.9996,0.9993,241837333.36,3
XRP,2023-08-03,0.6848,0.6628,36333142.53,5
ADA,2023-08-04,0.2923,0.2933,5810685.56,8
AVAX,2023-08-04,12.44,12.39,2721778.77,14
BNB,2023-08-04,240.95,241.8,2596530.21,4
BTC,2023-08-04,29177.75,29078.51,375805085.38,1
DOGE,2023-08-04,0.07354,0.07339,18054513.61,7
DOT,2023-08-04,4.978,4.986,2416568.28,13
ETH,2023-08-04,1834.44,1827.52,217682208.64,2
LTC,2023-08-04,82.51,82.07,34366375.31,12
MATIC,2023-08-04,0.6673,0.6637,6876762.64,10
SOL,2023-08-04,22.62,22.77,28854342.0,9
TON,2023-08-04,1.183,1.196,118908.29,15
TRX,2023-08-04,0.07718,0.07674,298788.1,11
USDC,2023-08-04,1.0,1.0,12902.31,6
USDT,2023-08-04,0.9993,0.9987,255560618.76,3
XRP,2023-08-04,0.6628,0.635,29827612.17,5
ADA,2023-08-05,0.2933,0.2936,3412593.75,8
AVAX,2023-08-05,12.39,12.43,1496205.6,14
BNB,2023-08-05,241.8,243.01,2209848.46,4
BTC,2023-08-05,29078.51,29050.34,120051247.27,1
DOGE,2023-08-05,0.07339,0.07565,23212198.21,7
DOT,2023-08-05,4.986,4.971,1538117.11,13
ETH,2023-08-05,1827.52,1834.9,73250862.43,2
LTC,2023-08-05,82.07,83.07,10911733.72,12
MATIC,2023-08-05,0.6637,0.667,2896254.02,10
SOL,2023-08-05,22.77,22.63,12695627.31,9
TON,2023-08-05,1.196,1.195,120112.85,15
TRX,2023-08-05,0.07674,0.07748,322226.85,11
USDC,2023-08-05,0.9999,0.9999,40007.34,6
USDT,2023-08-05,0.9987,0.9992,82030028.94,3
XRP,2023-08-05,0.635,0.6284,20733357.96,5
ADA,2023-08-06,0.2936,0.2918,3014689.39,8
AVAX,2023-08-06,12.43,12.58,2152173.01,14
BNB,2023-08-06,243.01,243.06,3300838.83,4
BTC,2023-08-06,29050.34,29046.16,126689336.09,1
DOGE,2023-08-06,0.07565,0.07416,13003192.46,7
DOT,2023-08-06,4.971,4.998,1834550.85,13
ETH,2023-08-06,1834.9,1827.81,76980593.22,2
LTC,2023-08-06,83.07,82.46,9097401.42,12
MATIC,2023-08-06,0.667,0.6663,3981363.89,10
SOL,2023-08-06,22.63,23.18,18382691.2,9
TON,2023-08-06,1.195,1.198,117759.07,15
TRX,2023-08-06,0.07748,0.07683,562095.75,11
USDC,2023-08-06,1.0,1.0,4361.22,6
USDT,2023-08-06,0.9992,0.9988,75065021.98,3
XRP,2023-08-06,0.6284,0.6232,15598077.61,5
ADA,2023-08-07,0.2918,0.2907,7488222.58,8
AVAX,2023-08-07,12.58,12.45,3859632.1,14
BNB,2023-08-07,243.06,241.95,2584633.99,4
BTC,2023-08-07,29046.16,29182.16,475156597.17,1
DOGE,2023-08-07,0.07416,0.07347,16353059.1,7
DOT,2023-08-07,4.998,4.965,3618901.65,13
ETH,2023-08-07,1827.81,1827.07,252903494.71,2
LTC,2023-08-07,82.46,82.41,16632670.83,12
MATIC,2023-08-07,0.6663,0.6656,9293084.08,10
SOL,2023-08-07,23.18,23.11,18743749.83,9
TON,2023-08-07,1.198,1.211,115666.26,15
TRX,2023-08-07,0.07683,0.07677,450120.85,11
USDC,2023-08-07,1.0,1.0,16389.51,6
USDT,2023-08-07,0.9988,0.999,338522978.47,3
XRP,2023-08-07,0.6232,0.6226,32675037.27,5
ADA,2023-08-08,0.2907,0.2973,14565598.89,8
AVAX,2023-08-08,12.45,12.68,4285221.45,14
BNB,2023-08-08,241.95,245.1,3462800.88,4
BTC,2023-08-08,29182.16,29770.51,786792606.34,1
DOGE,2023-08-08,0.07347,0.07494,16769882.19,7
DOT,2023-08-08,4.965,5.057,2584254.47,13
ETH,2023-08-08,1827.07,1855.78,284363251.37,2
LTC,2023-08-08,82.41,83.85,24161783.01,11
MATIC,2023-08-08,0.6656,0.6853,12241920.68,10
SOL,2023-08-08,23.11,24.21,42680496.83,9
TON,2023-08-08,1.211,1.287,127390.05,15
TRX,2023-08-08,0.07677,0.0768,316727.43,12
USDC,2023-08-08,1.0,1.0,26564.3,6
USDT,2023-08-08,0.999,1.0,26561.57,3
XRP,2023-08-08,0.6226,0.6418,32460809.96,5
ADA,2023-08-09,0.2973,0.3011,5893406.57,8
AVAX,2023-08-09,12.68,12.62,3201146.63,14
BNB,2023-08-09,245.1,243.99,2725395.31,4
BTC,2023-08-09,29770.51,29566.47,532770863.32,1
DOGE,2023-08-09,0.07494,0.07536,18043854.37,7
DOT,2023-08-09,5.057,5.056,2326346.19,13
ETH,2023-08-09,1855.78,1854.14,201917130.17,2
LTC,2023-08-09,83.85,84.03,14283732.8,11
MATIC,2023-08-09,0.6853,0.6897,8062649.8,10
SOL,2023-08-09,24.21,24.37,33110965.79,9
TON,2023-08-09,1.287,1.252,122929.69,15
TRX,2023-08-09,0.0768,0.07668,1630190.14,12
USDC,2023-08-09,1.0,1.0,17936.7,6
USDT,2023-08-09,1.0,0.9995,17923.73,3
XRP,2023-08-09,0.6418,0.643,40534767.72,5
ADA,2023-08-10,0.3011,0.296,6282797.87,9
AVAX,2023-08-10,12.62,12.48,2470315.84,14
BNB,2023-08-10,243.99,241.63,2781971.56,4
BTC,2023-08-10,29566.47,29428.1,375142806.93,1
DOGE,2023-08-10,0.07536,0.0758,18796000.77,7
DOT,2023-08-10,5.056,5.002,1714042.26,13
ETH,2023-08-10,1854.14,1850.51,134629659.34,2
LTC,2023-08-10,84.03,83.07,8833575.21,12
MATIC,2023-08-10,0.6897,0.6847,7064345.03,10
SOL,2023-08-10,24.37,24.59,19294073.76,8
TON,2023-08-10,1.252,1.26,121191.42,15
TRX,2023-08-10,0.07668,0.07725,335766.01,11
USDC,2023-08-10,1.0,1.0,12723.58,6
USDT,2023-08-10,0.9994,0.999,256889211.17,3
XRP,2023-08-10,0.643,0.6325,29716394.26,5
ADA,2023-08-11,0.296,0.2931,8392859.77,9
AVAX,2023-08-11,12.48,12.44,1982393.11,14
BNB,2023-08-11,241.63,239.74,2576077.46,4
BTC,2023-08-11,29428.1,29403.56,310027638.11,1
DOGE,2023-08-11,0.0758,0.07567,10019119.97,7
DOT,2023-08-11,5.002,5.004,1597915.77,13
ETH,2023-08-11,1850.51,1847.01,137388777.18,2
LTC,2023-08-11,83.07,83.5,11193267.63,12
MATIC,2023-08-11,0.6847,0.6804,4429818.37,10
SOL,2023-08-11,24.59,24.61,20166257.71,8
TON,2023-08-11,1.26,1.286,126847.14,15
TRX,2023-08-11,0.07725,0.07716,422050.31,11
USDC,2023-08-11,1.0,1.0,10552.16,6
USDT,2023-08-11,0.999,0.9991,243343477.46,3
XRP,2023-08-11,0.6325,0.6313,17300876.85,5
ADA,2023-08-12,0.2931,0.2919,5881379.75,9
AVAX,2023-08-12,12.44,12.39,1295015.61,14
BNB,2023-08-12,239.74,240.18,1721141.44,4
BTC,2023-08-12,29403.56,29417.08,102819295.5,1
DOGE,2023-08-12,0.07567,0.07667,16215195.64,7
DOT,2023-08-12,5.004,5.037,875607.06,13
ETH,2023-08-12,1847.01,1849.08,64959465.73,2
LTC,2023-08-12,83.5,83.42,5065725.77,12
MATIC,2023-08-12,0.6804,0.6818,2598168.66,10
SOL,2023-08-12,24.61,24.91,15910138.7,8
TON,2023-08-12,1.286,1.361,134403.37,15
TRX,2023-08-12,0.07716,0.07742,264819.51,11
USDC,2023-08-12,1.0,1.0,3496.29,6
USDT,2023-08-12,0.9991,0.9996,69887605.69,3
XRP,2023-08-12,0.6313,0.6272,8145749.67,5
ADA,2023-08-13,0.2919,0.2892,6738994.56,9
AVAX,2023-08-13,12.39,12.26,2729222.77,14
BNB,2023-08-13,240.16,239.99,3218183.94,4
BTC,2023-08-13,29417.08,29281.55,115373186.78,1
DOGE,2023-08-13,0.07667,0.07471,13588022.09,7
DOT,2023-08-13,5.037,4.984,1016364.11,13
ETH,2023-08-13,1849.08,1839.07,81329475.04,2
LTC,2023-08-13,83.42,81.87,8065757.47,12
MATIC,2023-08-13,0.6818,0.6769,2418251.83,10
SOL,2023-08-13,24.91,24.21,12589055.27,8
TON,2023-08-13,1.361,1.419,149820.66,15
TRX,2023-08-13,0.07742,0.07705,226990.56,11
USDC,2023-08-13,1.0,1.0,3928.81,6
USDT,2023-08-13,0.9996,0.9994,61136002.13,3
XRP,2023-08-13,0.6272,0.6257,12909056.3,5
ADA,2023-08-14,0.2892,0.2904,6940066.16,9
AVAX,2023-08-14,12.26,12.35,2196613.64,14
BNB,2023-08-14,239.99,240.27,3974094.41,4
BTC,2023-08-14,29281.55,29409.22,362522208.47,1
DOGE,2023-08-14,0.07471,0.07463,19556358.26,8
DOT,2023-08-14,4.984,4.985,1809639.56,13
ETH,2023-08-14,1839.07,1844.02,148596306.79,2
LTC,2023-08-14,81.87,82.03,9590362.21,12
MATIC,2023-08-14,0.6769,0.679,6602085.46,10
SOL,2023-08-14,24.21,25.17,30722289.89,7
TON,2023-08-14,1.419,1.429,138642.07,15
TRX,2023-08-14,0.07705,0.07745,523461.99,11
USDC,2023-08-14,1.0,1.0,12335.11,6
USDT,2023-08-14,0.9994,0.9992,283934454.98,3
XRP,2023-08-14,0.6257,0.634,19208097.22,5
ADA,2023-08-15,0.2904,0.2819,9152640.8,9
AVAX,2023-08-15,12.35,11.81,3391692.72,14
BNB,2023-08-15,240.4,236.96,3242815.52,4
BTC,2023-08-15,29409.22,29171.23,299026558.28,1
DOGE,2023-08-15,0.07463,0.07086,23435932.79,8
DOT,2023-08-15,4.985,4.814,3147064.85,13
ETH,2023-08-15,1844.02,1827.21,138258892.85,2
LTC,2023-08-15,82.03,79.18,20690775.17,12
MATIC,2023-08-15,0.679,0.6384,8721596.08,10
SOL,2023-08-15,25.17,23.88,34606007.26,7
TON,2023-08-15,1.429,1.466,141340.37,15
TRX,2023-08-15,0.07745,0.07626,561531.34,11
USDC,2023-08-15,1.0,1.0,10215.73,6
USDT,2023-08-15,0.9992,0.999,323360699.62,3
XRP,2023-08-15,0.634,0.6098,28018941.13,5
ADA,2023-08-16,0.2819,0.2745,16510642.06,8
AVAX,2023-08-16,11.81,11.37,5396629.03,14
BNB,2023-08-16,236.96,231.91,3341140.8,4
BTC,2023-08-16,29171.23,28702.8,479152538.98,1
DOGE,2023-08-16,0.07086,0.06712,24672556.89,9
DOT,2023-08-16,4.814,4.668,6412029.24,13
ETH,2023-08-16,1827.21,1805.68,211465905.78,2
LTC,2023-08-16,79.18,74.48,30694845.56,12
MATIC,2023-08-16,0.6384,0.6231,13981010.76,10
SOL,2023-08-16,23.88,22.79,37954695.37,7
TON,2023-08-16,1.466,1.419,138639.22,15
TRX,2023-08-16,0.07626,0.07464,590860.09,11
USDC,2023-08-16,1.0,1.0,16508.74,6
USDT,2023-08-16,0.999,0.9989,386095420.45,3
XRP,2023-08-16,0.6098,0.5884,35959730.21,5
ADA,2023-08-17,0.2745,0.2559,24280803.35,8
AVAX,2023-08-17,11.37,10.58,7912045.1,14
BNB,2023-08-17,231.91,218.17,9273304.14,4
BTC,2023-08-17,28702.8,26629.67,1394530695.43,1
DOGE,2023-08-17,0.06712,0.06104,44230088.34,9
DOT,2023-08-17,4.668,4.432,8257483.08,12
ETH,2023-08-17,1805.68,1681.74,586328524.5,2
LTC,2023-08-17,74.48,64.8,42568940.43,13
MATIC,2023-08-17,0.6231,0.573,21668818.86,10
SOL,2023-08-17,22.79,21.69,52640360.75,7
TON,2023-08-17,1.419,1.335,134111.46,15
TRX,2023-08-17,0.07464,0.07265,817190.34,11
USDC,2023-08-17,1.0,0.9999,50598.67,5
USDT,2023-08-17,0.999,1.0,50616.25,3
XRP,2023-08-17,0.5884,0.5068,66404347.89,6
ADA,2023-08-18,0.2559,0.264,18738994.69,7
AVAX,2023-08-18,10.58,10.81,4612227.87,14
BNB,2023-08-18,218.04,215.98,11628852.69,4
BTC,2023-08-18,26629.67,26049.69,888090076.41,1
DOGE,2023-08-18,0.06104,0.06323,28730401.51,9
DOT,2023-08-18,4.432,4.51,5191038.75,12
ETH,2023-08-18,1681.74,1661.34,408868800.0,2
LTC,2023-08-18,64.8,63.97,27377896.43,13
MATIC,2023-08-18,0.573,0.5775,10533024.15,10
SOL,2023-08-18,21.69,21.33,30663247.45,8
TON,2023-08-18,1.335,1.271,129609.69,15
TRX,2023-08-18,0.07265,0.07299,655199.21,11
USDC,2023-08-18,0.9999,1.001,33877.6,5
USDT,2023-08-18,1.0,0.9998,508416297.34,3
XRP,2023-08-18,0.5068,0.506,44293616.03,6
ADA,2023-08-19,0.264,0.2688,5505456.33,7
AVAX,2023-08-19,10.81,10.81,1690906.8,14
BNB,2023-08-19,215.86,216.67,3292791.62,4
BTC,2023-08-19,26049.69,26095.8,265159375.46,1
DOGE,2023-08-19,0.06323,0.0638,7777608.53,9
DOT,2023-08-19,4.51,4.519,1683877.48,12
ETH,2023-08-19,1661.34,1669.67,142631159.81,2
LTC,2023-08-19,63.97,64.15,12509243.78,13
MATIC,2023-08-19,0.5775,0.577,4371513.98,10
SOL,2023-08-19,21.33,21.89,13716213.39,8
TON,2023-08-19,1.271,1.344,135701.78,15
TRX,2023-08-19,0.07299,0.07411,310871.01,11
USDC,2023-08-19,1.001,1.0,10191.51,5
USDT,2023-08-19,0.9998,0.9999,160981957.88,3
XRP,2023-08-19,0.506,0.5198,14708911.25,6
ADA,2023-08-20,0.2688,0.2704,4489904.91,7
AVAX,2023-08-20,10.81,10.88,1323823.53,14
BNB,2023-08-20,216.67,216.53,2140803.61,4
BTC,2023-08-20,26095.8,26191.01,192271431.08,1
DOGE,2023-08-20,0.0638,0.06384,6774828.8,9
DOT,2023-08-20,4.519,4.521,2116534.39,12
ETH,2023-08-20,1669.67,1685.38,129059232.43,2
LTC,2023-08-20,64.15,65.26,11166877.9,13
MATIC,2023-08-20,0.577,0.5802,4008638.9,10
SOL,2023-08-20,21.89,21.77,8673017.32,8
TON,2023-08-20,1.344,1.371,132035.34,15
TRX,2023-08-20,0.07411,0.07587,363889.28,11
USDC,2023-08-20,1.0,1.0,7359.76,5
USDT,2023-08-20,0.9999,1.0,97966156.56,3
XRP,2023-08-20,0.5198,0.5388,17960630.24,6
ADA,2023-08-21,0.2704,0.2628,6367550.66,7
AVAX,2023-08-21,10.88,10.36,2866311.96,14
BNB,2023-08-21,216.55,210.37,12993899.21,4
BTC,2023-08-21,26191.01,26126.18,430024076.12,1
DOGE,2023-08-21,0.06384,0.06252,12186408.96,9
DOT,2023-08-21,4.521,4.426,3551321.22,12
ETH,2023-08-21,1685.38,1667.37,222346407.69,2
LTC,2023-08-21,65.26,66.99,21776114.43,13
MATIC,2023-08-21,0.5802,0.5571,8676656.7,10
SOL,2023-08-21,21.77,21.2,25814784.74,8
TON,2023-08-21,1.371,1.354,136028.57,15
TRX,2023-08-21,0.07587,0.07517,1102965.17,11
USDC,2023-08-21,1.0,1.0,16514.52,5
USDT,2023-08-21,1.0,0.9999,314362659.32,3
XRP,2023-08-21,0.5388,0.5246,25679155.77,6
ADA,2023-08-22,0.2628,0.2586,8810393.34,7
AVAX,2023-08-22,10.36,10.13,4483483.33,14
BNB,2023-08-22,210.37,210.82,12678277.73,4
BTC,2023-08-22,26126.18,26043.01,514473682.56,1
DOGE,2023-08-22,0.06252,0.06254,14581550.65,8
DOT,2023-08-22,4.426,4.421,3642184.69,12
ETH,2023-08-22,1667.37,1634.23,306952239.8,2
LTC,2023-08-22,66.99,64.79,24865177.82,13
MATIC,2023-08-22,0.5571,0.5489,14872265.06,10
SOL,2023-08-22,21.2,20.56,29694314.02,9
TON,2023-08-22,1.354,1.372,138218.91,15
TRX,2023-08-22,0.07517,0.07547,437734.07,11
USDC,2023-08-22,1.0,1.0,19889.05,5
USDT,2023-08-22,0.9999,0.9995,351153767.49,3
XRP,2023-08-22,0.5246,0.5204,22119313.99,6
ADA,2023-08-23,0.2586,0.268,6705132.06,7
AVAX,2023-08-23,10.13,10.33,2331042.43,14
BNB,2023-08-23,210.82,216.59,10607497.14,4
BTC,2023-08-23,26043.01,26429.4,672652092.31,1
DOGE,2023-08-23,0.06254,0.06378,17549347.65,9
DOT,2023-08-23,4.421,4.488,3382483.2,12
ETH,2023-08-23,1634.23,1679.23,328759845.74,2
LTC,2023-08-23,64.79,65.64,14457189.48,13
MATIC,2023-08-23,0.5489,0.5569,8880895.15,11
SOL,2023-08-23,20.56,21.73,32454156.7,8
TON,2023-08-23,1.372,1.426,138495.62,15
TRX,2023-08-23,0.07547,0.0776,865957.48,10
USDC,2023-08-23,1.0,0.9999,25582.39,5
USDT,2023-08-23,0.9995,0.9999,414932403.15,3
XRP,2023-08-23,0.5204,0.5298,17074393.45,6
ADA,2023-08-24,0.268,0.2658,5233997.74,7
AVAX,2023-08-24,10.33,10.12,1764792.4,14
BNB,2023-08-24,216.59,218.88,7056210.4,4
BTC,2023-08-24,26429.4,26166.22,449180401.68,1
DOGE,2023-08-24,0.06378,0.06305,8353721.36,9
DOT,2023-08-24,4.488,4.421,2340331.28,12
ETH,2023-08-24,1679.23,1660.46,226405478.01,2
LTC,2023-08-24,65.64,64.86,8823670.97,13
MATIC,2023-08-24,0.5569,0.5471,5083781.27,11
SOL,2023-08-24,21.73,21.05,23861293.23,8
TON,2023-08-24,1.426,1.409,141152.2,15
TRX,2023-08-24,0.0776,0.07656,343603.5,10
USDC,2023-08-24,0.9999,1.0,17136.65,5
USDT,2023-08-24,0.9999,0.9996,286977802.29,3
XRP,2023-08-24,0.5298,0.5183,16550306.14,6
ADA,2023-08-25,0.2658,0.2611,7891535.35,7
AVAX,2023-08-25,10.12,10.04,1911489.41,14
BNB,2023-08-25,219.0,218.53,3505844.29,4
BTC,2023-08-25,26166.22,26051.29,489263026.85,1
DOGE,2023-08-25,0.06305,0.06309,6527180.82,8
DOT,2023-08-25,4.421,4.489,2227282.87,12
ETH,2023-08-25,1660.46,1652.94,252242786.57,2
LTC,2023-08-25,64.86,65.1,11323942.2,13
MATIC,2023-08-25,0.5471,0.5461,4671787.34,11
SOL,2023-08-25,21.05,20.42,19229716.09,9
TON,2023-08-25,1.409,1.421,138749.23,15
TRX,2023-08-25,0.07656,0.07721,449617.1,10
USDC,2023-08-25,1.0,1.0,18813.08,5
USDT,2023-08-25,0.9996,0.9996,368062666.45,3
XRP,2023-08-25,0.5183,0.5257,16601148.65,6
ADA,2023-08-26,0.2611,0.261,3272131.58,7
AVAX,2023-08-26,10.04,10.09,1442232.28,14
BNB,2023-08-26,218.36,216.41,4049423.63,4
BTC,2023-08-26,26051.29,26010.35,93024725.64,1
DOGE,2023-08-26,0.06309,0.06287,2801473.24,8
DOT,2023-08-26,4.489,4.505,1004407.51,12
ETH,2023-08-26,1652.94,1646.3,55624499.94,2
LTC,2023-08-26,65.1,64.99,5049513.93,13
MATIC,2023-08-26,0.5461,0.5483,1831277.13,11
SOL,2023-08-26,20.42,20.28,5846199.1,9
TON,2023-08-26,1.421,1.456,145334.03,15
TRX,2023-08-26,0.07721,0.07738,368109.73,10
USDC,2023-08-26,1.0,1.0,3573.17,5
USDT,2023-08-26,0.9996,0.9996,132129353.18,3
XRP,2023-08-26,0.5257,0.5232,5594657.37,6
ADA,2023-08-27,0.261,0.2633,3358924.36,7
AVAX,2023-08-27,10.09,10.21,885058.19,14
BNB,2023-08-27,216.41,218.28,3404381.93,4
BTC,2023-08-27,26010.35,26091.32,107924452.3,1
DOGE,2023-08-27,0.06287,0.06315,3993976.12,8
DOT,2023-08-27,4.505,4.49,1113575.11,12
ETH,2023-08-27,1646.3,1657.6,68111939.3,2
LTC,2023-08-27,64.99,65.38,5698861.55,13
MATIC,2023-08-27,0.5483,0.5557,3861879.98,11
SOL,2023-08-27,20.28,20.79,8703634.15,9
TON,2023-08-27,1.456,1.52,152001.54,15
TRX,2023-08-27,0.07738,0.07746,261456.19,10
USDC,2023-08-27,1.0,1.0,4138.42,5
USDT,2023-08-27,0.9996,0.9996,73960993.35,3
XRP,2023-08-27,0.5232,0.5238,7925195.44,6
ADA,2023-08-28,0.2633,0.2675,5729617.62,7
AVAX,2023-08-28,10.21,10.37,2594749.78,14
BNB,2023-08-28,218.65,218.85,2838614.19,4
BTC,2023-08-28,26091.32,26106.0,302943657.3,1
DOGE,2023-08-28,0.06315,0.06342,6917612.59,8
DOT,2023-08-28,4.49,4.607,2973348.69,12
ETH,2023-08-28,1657.6,1652.22,175729854.06,2
LTC,2023-08-28,65.38,65.47,9503197.35,13
MATIC,2023-08-28,0.5557,0.5618,4775929.55,10
SOL,2023-08-28,20.79,20.55,15293473.06,9
TON,2023-08-28,1.52,1.497,145174.98,15
TRX,2023-08-28,0.07746,0.07633,299450.94,11
USDC,2023-08-28,1.0,1.0,11633.48,5
USDT,2023-08-28,0.9996,0.9995,300922475.22,3
XRP,2023-08-28,0.5238,0.523,15924720.02,6
ADA,2023-08-29,0.2675,0.2727,12926375.35,7
AVAX,2023-08-29,10.37,10.81,5138970.33,14
BNB,2023-08-29,218.59,226.9,11549366.76,4
BTC,2023-08-29,26106.0,27724.41,1089036684.85,1
DOGE,2023-08-29,0.06342,0.06639,31166604.48,8
DOT,2023-08-29,4.607,4.675,4520334.97,12
ETH,2023-08-29,1652.22,1729.38,368669910.11,2
LTC,2023-08-29,65.47,68.88,27912978.71,13
MATIC,2023-08-29,0.5618,0.5935,16906425.51,10
SOL,2023-08-29,20.55,21.79,43104524.43,9
TON,2023-08-29,1.497,1.717,168098.59,15
TRX,2023-08-29,0.07633,0.07732,352652.7,11
USDC,2023-08-29,1.0,1.0,39869.21,5
USDT,2023-08-29,0.9995,1.0,39879.91,3
XRP,2023-08-29,0.523,0.5398,23785337.13,6
ADA,2023-08-30,0.2727,0.2655,7202698.97,8
AVAX,2023-08-30,10.81,10.4,3477887.33,15
BNB,2023-08-30,226.97,223.56,2647501.31,4
BTC,2023-08-30,27724.41,27305.41,520197058.0,1
DOGE,2023-08-30,0.06639,0.06588,11708563.77,7
DOT,2023-08-30,4.675,4.535,3133722.31,12
ETH,2023-08-30,1729.38,1705.51,193154994.53,2
LTC,2023-08-30,68.88,67.66,11714480.85,13
MATIC,2023-08-30,0.5935,0.5749,5485577.6,10
SOL,2023-08-30,21.79,20.82,23853899.07,9
TON,2023-08-30,1.717,1.732,173576.58,14
TRX,2023-08-30,0.07732,0.07564,321918.23,11
USDC,2023-08-30,1.0,1.001,19041.16,5
USDT,2023-08-30,1.0,1.0,305658120.58,3
XRP,2023-08-30,0.5398,0.5283,18699360.74,6
ADA,2023-08-31,0.2655,0.2553,10034789.4,8
AVAX,2023-08-31,10.4,9.981,4210670.59,15
BNB,2023-08-31,223.56,216.68,3789760.27,4
BTC,2023-08-31,27305.41,25937.29,741278108.53,1
DOGE,2023-08-31,0.06588,0.06376,21115435.8,7
DOT,2023-08-31,4.535,4.269,5448753.77,12
ETH,2023-08-31,1705.51,1645.67,302646661.02,2
LTC,2023-08-31,67.66,63.89,15514701.93,13
MATIC,2023-08-31,0.5749,0.5489,7959890.75,11
SOL,2023-08-31,20.82,19.73,40987465.06,9
TON,2023-08-31,1.732,1.733,175655.56,14
TRX,2023-08-31,0.07564,0.07671,204076.49,10
USDC,2023-08-31,1.001,1.0,27858.95,5
USDT,2023-08-31,1.0,0.9999,27847.45,3
XRP,2023-08-31,0.5283,0.5109,22021029.43,6
ADA,2023-09-01,0.2553,0.2552,7972191.66,8
AVAX,2023-09-01,9.981,9.931,2548334.81,15
BNB,2023-09-01,216.68,213.39,3828761.71,4
BTC,2023-09-01,25937.29,25798.79,639696809.37,1
DOGE,2023-09-01,0.06376,0.06385,10656029.45,7
DOT,2023-09-01,4.269,4.216,4096265.63,12
ETH,2023-09-01,1645.67,1628.51,229505773.05,2
LTC,2023-09-01,63.89,62.97,10207411.98,13
MATIC,2023-09-01,0.5489,0.5402,6226492.2,11
SOL,2023-09-01,19.73,19.32,25529022.64,9
TON,2023-09-01,1.733,1.92,196385.6,14
TRX,2023-09-01,0.07671,0.07604,670359.69,10
USDC,2023-09-01,1.0,1.0,24811.49,5
USDT,2023-09-01,0.9999,0.9997,24800.56,3
XRP,2023-09-01,0.5109,0.4981,18400953.23,6
ADA,2023-09-02,0.2552,0.2562,3212405.15,8
AVAX,2023-09-02,9.931,9.908,1191573.2,15
BNB,2023-09-02,213.39,214.39,2429357.5,4
BTC,2023-09-02,25798.79,25868.56,181289556.36,1
DOGE,2023-09-02,0.06385,0.06349,9870505.22,7
DOT,2023-09-02,4.216,4.261,1355163.34,13
ETH,2023-09-02,1628.51,1636.88,72557044.83,2
LTC,2023-09-02,62.97,64.59,7493807.66,12
MATIC,2023-09-02,0.5402,0.5409,2573253.56,11
SOL,2023-09-02,19.32,19.49,9303242.26,9
TON,2023-09-02,1.92,1.865,191942.16,14
TRX,2023-09-02,0.07604,0.07703,89071.87,10
USDC,2023-09-02,1.0,1.0,7019.48,5
USDT,2023-09-02,0.9997,1.0,7017.74,3
XRP,2023-09-02,0.4981,0.4989,5818865.75,6
ADA,2023-09-03,0.2562,0.2559,3319575.01,8
AVAX,2023-09-03,9.908,9.884,750551.2,15
BNB,2023-09-03,214.39,214.46,1863098.76,4
BTC,2023-09-03,25868.56,25971.37,160541183.85,1
DOGE,2023-09-03,0.06349,0.06316,4479336.94,7
DOT,2023-09-03,4.261,4.258,1662125.11,12
ETH,2023-09-03,1636.88,1635.72,83967516.22,2
LTC,2023-09-03,64.59,63.93,6161243.6,13
MATIC,2023-09-03,0.5409,0.5421,2431933.37,11
SOL,2023-09-03,19.49,19.57,9355187.04,9
TON,2023-09-03,1.865,1.87,183774.08,14
TRX,2023-09-03,0.07703,0.07703,189610.51,10
USDC,2023-09-03,1.0,1.0,6190.55,5
USDT,2023-09-03,1.0,1.0,6190.03,3
XRP,2023-09-03,0.4989,0.5047,8478189.18,6
ADA,2023-09-04,0.2559,0.2561,4201508.26,8
AVAX,2023-09-04,9.884,9.8,1739420.34,15
BNB,2023-09-04,214.32,215.18,6043688.79,4
BTC,2023-09-04,25971.37,25816.24,228454428.06,1
DOGE,2023-09-04,0.06316,0.06324,6388578.63,7
DOT,2023-09-04,4.258,4.255,2379364.92,12
ETH,2023-09-04,1635.72,1629.77,106014643.86,2
LTC,2023-09-04,63.93,63.74,7081033.72,13
MATIC,2023-09-04,0.5421,0.5543,5224623.42,11
SOL,2023-09-04,19.57,19.51,14340090.33,9
TON,2023-09-04,1.87,1.875,188349.12,14
TRX,2023-09-04,0.07703,0.07748,149817.44,10
USDC,2023-09-04,1.0,1.0,8835.84,5
USDT,2023-09-04,0.9999,0.9996,212167420.33,3
XRP,2023-09-04,0.5047,0.5082,10411639.65,6
ADA,2023-09-05,0.2561,0.2577,5300163.51,8
AVAX,2023-09-05,9.8,9.919,1180840.41,15
BNB,2023-09-05,215.18,214.45,4437008.88,4
BTC,2023-09-05,25816.24,25785.01,280146729.52,1
DOGE,2023-09-05,0.06324,0.06399,8895525.21,7
DOT,2023-09-05,4.255,4.255,2340730.27,12
ETH,2023-09-05,1629.77,1633.83,155443741.05,2
LTC,2023-09-05,63.74,63.14,7657584.33,13
MATIC,2023-09-05,0.5543,0.5581,7023041.09,10
SOL,2023-09-05,19.51,20.26,32071933.35,9
TON,2023-09-05,1.875,1.784,182986.77,14
TRX,2023-09-05,0.07748,0.07745,167628.36,11
USDC,2023-09-05,1.0,1.0,10890.24,5
USDT,2023-09-05,0.9996,0.9996,306564302.97,3
XRP,2023-09-05,0.5082,0.505,12402218.43,6
ADA,2023-09-06,0.2577,0.2576,5382671.03,8
AVAX,2023-09-06,9.919,9.949,1575124.04,15
BNB,2023-09-06,214.38,215.06,3303054.96,4
BTC,2023-09-06,25785.01,25751.71,390027105.24,1
DOGE,2023-09-06,0.06399,0.06361,8860898.78,7
DOT,2023-09-06,4.255,4.269,2644948.86,12
ETH,2023-09-06,1633.83,1632.35,188596252.64,2
LTC,2023-09-06,63.14,62.84,9319300.76,13
MATIC,2023-09-06,0.5581,0.5583,6954764.86,11
SOL,2023-09-06,20.26,19.64,23346044.78,9
TON,2023-09-06,1.784,1.836,182326.27,14
TRX,2023-09-06,0.07745,0.07892,390134.28,10
USDC,2023-09-06,1.0,1.0,15186.64,5
USDT,2023-09-06,0.9996,0.9997,301225350.88,3
XRP,2023-09-06,0.505,0.5032,12875968.72,6
ADA,2023-09-07,0.2576,0.258,5708221.13,8
AVAX,2023-09-07,9.949,10.08,1918410.47,15
BNB,2023-09-07,215.13,217.18,5716733.58,4
BTC,2023-09-07,25751.71,26264.75,491838528.79,1
DOGE,2023-09-07,0.06361,0.06363,6487019.09,7
DOT,2023-09-07,4.269,4.29,2823162.44,12
ETH,2023-09-07,1632.35,1647.63,178418926.08,2
LTC,2023-09-07,62.84,63.71,8675320.55,13
MATIC,2023-09-07,0.5583,0.5552,5372731.78,11
SOL,2023-09-07,19.64,19.91,17484240.88,9
TON,2023-09-07,1.836,1.834,183760.09,14
TRX,2023-09-07,0.07892,0.07904,737573.32,10
USDC,2023-09-07,1.0,1.001,18967.4,5
USDT,2023-09-07,0.9997,1.0,18958.61,3
XRP,2023-09-07,0.5032,0.5051,15877594.69,6
ADA,2023-09-08,0.258,0.2542,4926779.71,8
AVAX,2023-09-08,10.08,9.918,1882810.77,15
BNB,2023-09-08,217.18,214.59,4460023.47,4
BTC,2023-09-08,26264.75,25907.13,482397556.59,1
DOGE,2023-09-08,0.06363,0.06368,6207944.28,7
DOT,2023-09-08,4.29,4.249,1914271.28,12
ETH,2023-09-08,1647.63,1636.13,185655920.66,2
LTC,2023-09-08,63.71,62.6,8135887.75,13
MATIC,2023-09-08,0.5552,0.5437,6068199.91,11
SOL,2023-09-08,19.91,19.61,15951678.76,9
TON,2023-09-08,1.834,1.798,175955.39,14
TRX,2023-09-08,0.07904,0.07916,431267.81,10
USDC,2023-09-08,1.001,1.0,18558.87,5
USDT,2023-09-08,1.0,0.9998,18553.53,3
XRP,2023-09-08,0.5051,0.5049,11276253.21,6
ADA,2023-09-09,0.2542,0.2532,2772462.31,8
AVAX,2023-09-09,9.918,9.838,434800.66,15
BNB,2023-09-09,214.68,214.05,1086588.77,4
BTC,2023-09-09,25907.13,25898.41,105931726.4,1
DOGE,2023-09-09,0.06368,0.06337,4031541.94,7
DOT,2023-09-09,4.249,4.235,1204939.51,12
ETH,2023-09-09,1636.13,1635.27,48715977.58,2
LTC,2023-09-09,62.6,63.05,4415082.65,13
MATIC,2023-09-09,0.5437,0.5393,1892532.43,11
SOL,2023-09-09,19.61,19.44,6265388.01,9
TON,2023-09-09,1.798,1.798,175302.87,14
TRX,2023-09-09,0.07916,0.07917,249368.64,10
USDC,2023-09-09,1.0,1.0,4095.29,5
USDT,2023-09-09,0.9998,0.9998,101580334.46,3
XRP,2023-09-09,0.5049,0.5037,3334044.06,6
ADA,2023-09-10,0.2532,0.2491,8137529.24,7
AVAX,2023-09-10,9.838,9.46,2597354.75,15
BNB,2023-09-10,214.05,212.53,2482894.4,4
BTC,2023-09-10,25898.41,25833.67,217583144.54,1
DOGE,2023-09-10,0.06337,0.06129,11357932.03,8
DOT,2023-09-10,4.235,4.148,2209287.84,12
ETH,2023-09-10,1635.27,1616.78,141811583.08,2
LTC,2023-09-10,63.05,61.12,11642922.19,13
MATIC,2023-09-10,0.5393,0.5232,7896858.68,11
SOL,2023-09-10,19.44,18.24,35702570.25,9
TON,2023-09-10,1.798,1.714,167089.59,14
TRX,2023-09-10,0.07917,0.07833,233940.07,10
USDC,2023-09-10,1.0,1.0,8434.14,5
USDT,2023-09-10,0.9999,0.9997,8431.39,3
XRP,2023-09-10,0.5037,0.4969,8857321.76,6
ADA,2023-09-11,0.2491,0.2421,9270697.06,8
AVAX,2023-09-11,9.46,9.231,3618753.11,15
BNB,2023-09-11,212.25,206.06,8268850.66,4
BTC,2023-09-11,25833.67,25157.07,619642052.88,1
DOGE,2023-09-11,0.06129,0.06046,13129766.58,7
DOT,2023-09-11,4.148,3.986,8119053.58,12
ETH,2023-09-11,1616.78,1551.53,350478203.43,2
LTC,2023-09-11,61.12,58.85,14338105.03,13
MATIC,2023-09-11,0.5232,0.5035,8774061.67,11
SOL,2023-09-11,18.24,17.72,35117993.35,9
TON,2023-09-11,1.714,1.634,156689.79,14
TRX,2023-09-11,0.07833,0.07754,572242.74,10
USDC,2023-09-11,1.0,0.9999,24480.14,5
USDT,2023-09-11,0.9997,0.9997,24474.91,3
XRP,2023-09-11,0.4969,0.4742,27262757.27,6
ADA,2023-09-12,0.2421,0.2456,6786954.79,8
AVAX,2023-09-12,9.231,9.22,3387213.64,15
BNB,2023-09-12,206.06,210.73,7651018.51,4
BTC,2023-09-12,25157.07,25840.34,937711286.48,1
DOGE,2023-09-12,0.06046,0.06088,14997747.64,7
DOT,2023-09-12,3.986,3.987,2760073.6,12
ETH,2023-09-12,1551.53,1593.09,290923261.09,2
LTC,2023-09-12,58.85,59.97,13288748.34,13
MATIC,2023-09-12,0.5035,0.5064,7811096.21,11
SOL,2023-09-12,17.72,17.92,32553058.8,9
TON,2023-09-12,1.634,1.834,183492.03,14
TRX,2023-09-12,0.07754,0.08074,1768186.18,10
USDC,2023-09-12,0.9999,1.0,36109.86,5
USDT,2023-09-12,0.9997,1.0,36111.47,3
XRP,2023-09-12,0.4742,0.4801,19041833.78,6
ADA,2023-09-13,0.2456,0.2487,5868586.23,8
AVAX,2023-09-13,9.22,9.292,1881079.24,15
BNB,2023-09-13,210.54,212.47,2826350.48,4
BTC,2023-09-13,25840.34,26227.49,495397769.94,1
DOGE,2023-09-13,0.06088,0.06125,10719476.39,7
DOT,2023-09-13,3.987,4.0,3058067.0,13
ETH,2023-09-13,1593.09,1607.97,234456204.57,2
LTC,2023-09-13,59.97,61.98,16344229.64,12
MATIC,2023-09-13,0.5064,0.5135,6157138.73,11
SOL,2023-09-13,17.92,18.4,32656406.15,9
TON,2023-09-13,1.834,1.88,195980.89,14
TRX,2023-09-13,0.08074,0.08116,484672.72,10
USDC,2023-09-13,1.0,1.0,18957.59,5
USDT,2023-09-13,1.0,1.0,311516862.19,3
XRP,2023-09-13,0.4801,0.4832,15886460.49,6
ADA,2023-09-14,0.2487,0.2514,7569097.97,8
AVAX,2023-09-14,9.292,9.407,1691358.84,15
BNB,2023-09-14,212.47,212.24,3284696.17,4
BTC,2023-09-14,26227.49,26533.66,649517751.61,1
DOGE,2023-09-14,0.06125,0.06211,15231884.19,7
DOT,2023-09-14,4.0,4.059,2714861.21,13
ETH,2023-09-14,1607.97,1627.01,286524359.38,2
LTC,2023-09-14,61.98,62.84,12067284.09,12
MATIC,2023-09-14,0.5135,0.5223,6009306.8,11
SOL,2023-09-14,18.4,18.86,27057514.48,9
TON,2023-09-14,1.88,1.921,186419.33,14
TRX,2023-09-14,0.08116,0.08369,420292.09,10
USDC,2023-09-14,1.0,1.0,24492.4,5
USDT,2023-09-14,1.0,1.0,24497.52,3
XRP,2023-09-14,0.4832,0.4889,22968642.58,6
ADA,2023-09-15,0.2514,0.2506,6853836.66,8
AVAX,2023-09-15,9.407,9.431,2311256.04,15
BNB,2023-09-15,212.24,213.87,2745692.8,4
BTC,2023-09-15,26533.66,26605.49,459310066.65,1
DOGE,2023-09-15,0.06211,0.06251,7587480.29,7
DOT,2023-09-15,4.059,4.139,1670136.94,13
ETH,2023-09-15,1627.01,1641.48,174858821.85,2
LTC,2023-09-15,62.84,65.9,13160154.49,12
MATIC,2023-09-15,0.5223,0.53,6387336.77,11
SOL,2023-09-15,18.86,19.14,23027812.86,9
TON,2023-09-15,1.921,2.075,204044.48,14
TRX,2023-09-15,0.08369,0.0841,335874.38,10
USDC,2023-09-15,1.0,1.0,17339.06,5
USDT,2023-09-15,1.0,1.0,253151090.46,3
XRP,2023-09-15,0.4889,0.5005,16987210.36,6
ADA,2023-09-16,0.2506,0.2504,3896013.42,8
AVAX,2023-09-16,9.431,9.381,2979610.51,15
BNB,2023-09-16,213.87,215.03,3068217.25,4
BTC,2023-09-16,26605.49,26569.13,187703875.45,1
DOGE,2023-09-16,0.06251,0.06216,6009230.56,7
DOT,2023-09-16,4.139,4.185,2140751.22,13
ETH,2023-09-16,1641.48,1634.86,83641957.75,2
LTC,2023-09-16,65.9,65.41,8367704.76,12
MATIC,2023-09-16,0.53,0.5286,2602927.61,11
SOL,2023-09-16,19.14,19.13,10552890.07,9
TON,2023-09-16,2.075,2.408,236716.19,14
TRX,2023-09-16,0.0841,0.08354,297128.24,10
USDC,2023-09-16,1.0,1.0,7063.71,5
USDT,2023-09-16,1.0,1.0,7065.15,3
XRP,2023-09-16,0.5005,0.4997,4660812.18,6
ADA,2023-09-17,0.2504,0.2472,3712251.48,8
AVAX,2023-09-17,9.381,9.099,2004044.94,15
BNB,2023-09-17,214.84,216.46,6474542.01,4
BTC,2023-09-17,26569.13,26533.12,151125765.17,1
DOGE,2023-09-17,0.06216,0.06148,6924219.37,7
DOT,2023-09-17,4.185,4.071,1323020.53,13
ETH,2023-09-17,1634.86,1622.81,85972165.39,2
LTC,2023-09-17,65.41,63.57,7408178.9,12
MATIC,2023-09-17,0.5286,0.5173,3198033.5,11
SOL,2023-09-17,19.13,18.82,7150337.15,9
TON,2023-09-17,2.408,2.296,224121.72,14
TRX,2023-09-17,0.08354,0.08338,175229.5,10
USDC,2023-09-17,1.0,1.0,5699.09,5
USDT,2023-09-17,1.0,1.0,5699.63,3
XRP,2023-09-17,0.4997,0.4927,5482148.57,6
ADA,2023-09-18,0.2472,0.2516,5907291.15,8
AVAX,2023-09-18,9.099,9.11,3864540.24,15
BNB,2023-09-18,216.46,216.02,8436378.64,4
BTC,2023-09-18,26533.12,26767.82,797114111.3,1
DOGE,2023-09-18,0.06148,0.062,11162447.15,7
DOT,2023-09-18,4.071,4.107,2127716.91,13
ETH,2023-09-18,1622.81,1637.19,254499442.83,2
LTC,2023-09-18,63.57,65.88,17815410.44,12
MATIC,2023-09-18,0.5173,0.5264,5261410.47,11
SOL,2023-09-18,18.82,19.66,31623524.0,9
TON,2023-09-18,2.296,2.421,251359.78,14
TRX,2023-09-18,0.08338,0.08402,464742.0,10
USDC,2023-09-18,1.0,0.9999,29533.28,5
USDT,2023-09-18,1.0,1.0,29542.68,3
XRP,2023-09-18,0.4927,0.503,19239042.37,6
ADA,2023-09-19,0.2516,0.2549,6135594.99,7
AVAX,2023-09-19,9.11,9.206,2458839.36,15
BNB,2023-09-19,215.89,217.22,2839410.83,4
BTC,2023-09-19,26767.82,27219.02,670630172.73,1
DOGE,2023-09-19,0.062,0.06268,8905310.81,8
DOT,2023-09-19,4.107,4.156,2142727.22,13
ETH,2023-09-19,1637.19,1643.58,184891179.92,2
LTC,2023-09-19,65.88,67.29,13858327.04,12
MATIC,2023-09-19,0.5264,0.5449,5691578.21,11
SOL,2023-09-19,19.66,20.04,21278349.73,9
TON,2023-09-19,2.421,2.557,244461.18,14
TRX,2023-09-19,0.08402,0.08459,329928.02,10
USDC,2023-09-19,0.9999,1.0,24710.57,5
USDT,2023-09-19,1.0,1.0,24712.81,3
XRP,2023-09-19,0.503,0.514,17386095.78,6
ADA,2023-09-20,0.2549,0.2517,6359204.73,8
AVAX,2023-09-20,9.206,9.05,3121500.69,15
BNB,2023-09-20,217.22,214.53,3372768.25,4
BTC,2023-09-20,27219.02,27126.4,581302466.15,1
DOGE,2023-09-20,0.06268,0.06263,8988326.38,7
DOT,2023-09-20,4.156,4.139,1785406.28,13
ETH,2023-09-20,1643.58,1622.39,242158870.38,2
LTC,2023-09-20,67.29,64.56,23693917.74,12
MATIC,2023-09-20,0.5449,0.541,5860436.9,11
SOL,2023-09-20,20.04,20.29,25908280.08,9
TON,2023-09-20,2.557,2.41,233495.36,14
TRX,2023-09-20,0.08459,0.08449,222557.66,10
USDC,2023-09-20,1.0,1.0,21441.51,5
USDT,2023-09-20,1.0,1.0,21441.67,3
XRP,2023-09-20,0.514,0.5213,54952888.09,6
ADA,2023-09-21,0.2517,0.245,6941978.87,8
AVAX,2023-09-21,9.05,8.83,2455661.01,15
BNB,2023-09-21,214.53,210.64,3211933.28,4
BTC,2023-09-21,27126.4,26567.47,559336631.68,1
DOGE,2023-09-21,0.06263,0.0613,9303586.84,7
DOT,2023-09-21,4.139,4.013,1734012.17,13
ETH,2023-09-21,1622.39,1584.04,239767218.36,2
LTC,2023-09-21,64.56,64.71,14707559.76,12
MATIC,2023-09-21,0.541,0.5195,4002859.63,11
SOL,2023-09-21,20.29,19.46,28829909.47,9
TON,2023-09-21,2.41,2.372,220345.73,14
TRX,2023-09-21,0.08449,0.08305,372367.1,10
USDC,2023-09-21,1.0,1.0,20949.24,5
USDT,2023-09-21,1.0,1.0,20947.92,3
XRP,2023-09-21,0.5213,0.5071,43675990.98,6
ADA,2023-09-22,0.245,0.245,5551322.55,8
AVAX,2023-09-22,8.83,8.86,1421267.93,15
BNB,2023-09-22,210.64,210.91,1921958.37,4
BTC,2023-09-22,26567.47,26583.16,408613785.26,1
DOGE,2023-09-22,0.0613,0.06152,5548910.65,7
DOT,2023-09-22,4.013,4.019,1980182.85,13
ETH,2023-09-22,1584.04,1593.13,163522895.05,2
LTC,2023-09-22,64.71,64.37,12042830.44,12
MATIC,2023-09-22,0.5195,0.5209,2758654.86,11
SOL,2023-09-22,19.46,19.42,15987737.87,9
TON,2023-09-22,2.372,2.299,226688.0,14
TRX,2023-09-22,0.08305,0.08338,241121.2,10
USDC,2023-09-22,1.0,1.0,15358.35,5
USDT,2023-09-22,1.0,1.0,15356.61,3
XRP,2023-09-22,0.5071,0.5122,33562695.33,6
ADA,2023-09-23,0.245,0.2462,2827609.7,8
AVAX,2023-09-23,8.86,8.9,1101787.98,15
BNB,2023-09-23,210.91,210.27,1514872.95,4
BTC,2023-09-23,26583.16,26585.41,139605320.21,1
DOGE,2023-09-23,0.06152,0.06151,3163350.71,7
DOT,2023-09-23,4.019,4.032,958813.05,13
ETH,2023-09-23,1593.13,1593.91,60256774.05,2
LTC,2023-09-23,64.37,65.09,6735627.26,12
MATIC,2023-09-23,0.5209,0.5207,1273934.06,11
SOL,2023-09-23,19.42,19.48,8393642.55,9
TON,2023-09-23,2.299,2.303,224396.2,14
TRX,2023-09-23,0.08338,0.08365,133378.78,10
USDC,2023-09-23,1.0,1.0,5252.82,5
USDT,2023-09-23,1.0,1.0,5253.1,3
XRP,2023-09-23,0.5122,0.5077,13898125.13,6
ADA,2023-09-24,0.2462,0.2428,2840392.72,8
AVAX,2023-09-24,8.9,8.788,1638449.76,15
BNB,2023-09-24,210.27,208.21,2032565.47,4
BTC,2023-09-24,26585.41,26261.44,260953441.64,1
DOGE,2023-09-24,0.06151,0.0607,3757779.76,7
DOT,2023-09-24,4.032,3.991,1268232.18,13
ETH,2023-09-24,1593.91,1580.76,103003077.92,2
LTC,2023-09-24,65.09,63.58,5453265.98,12
MATIC,2023-09-24,0.5207,0.5137,2162301.69,11
SOL,2023-09-24,19.48,19.36,8015635.64,9
TON,2023-09-24,2.303,2.198,212732.73,14
TRX,2023-09-24,0.08365,0.08362,148787.67,10
USDC,2023-09-24,1.0,1.0,9852.42,5
USDT,2023-09-24,1.0,1.0,9853.24,3
XRP,2023-09-24,0.5077,0.5021,18208118.5,6
ADA,2023-09-25,0.2428,0.2459,4792159.98,8
AVAX,2023-09-25,8.788,8.94,1509739.71,15
BNB,2023-09-25,208.21,209.81,2652222.59,4
BTC,2023-09-25,26261.44,26297.93,518905094.49,1
DOGE,2023-09-25,0.0607,0.06093,4665657.0,7
DOT,2023-09-25,3.991,4.064,1842298.68,13
ETH,2023-09-25,1580.76,1588.04,204351095.27,2
LTC,2023-09-25,63.58,64.34,7439905.71,12
MATIC,2023-09-25,0.5137,0.5193,2798950.55,11
SOL,2023-09-25,19.36,19.39,16737951.03,9
TON,2023-09-25,2.198,2.162,205342.8,14
TRX,2023-09-25,0.08362,0.08464,435909.51,10
USDC,2023-09-25,1.0,1.0,19806.28,5
USDT,2023-09-25,1.0,0.9998,19799.75,3
XRP,2023-09-25,0.5021,0.5054,50293725.74,6
ADA,2023-09-26,0.2459,0.2453,4404615.75,8
AVAX,2023-09-26,8.94,9.042,2495372.46,15
BNB,2023-09-26,209.94,212.43,5046662.42,4
BTC,2023-09-26,26297.93,26212.59,338286231.16,1
DOGE,2023-09-26,0.06093,0.06059,8244904.04,7
DOT,2023-09-26,4.064,4.011,1355877.37,13
ETH,2023-09-26,1588.04,1593.27,169116251.08,2
LTC,2023-09-26,64.34,63.78,7115972.19,12
MATIC,2023-09-26,0.5193,0.5097,2199034.64,11
SOL,2023-09-26,19.39,19.02,16268094.95,9
TON,2023-09-26,2.162,2.124,202484.06,14
TRX,2023-09-26,0.08464,0.08472,284656.4,10
USDC,2023-09-26,1.0,1.0,12904.22,5
USDT,2023-09-26,0.9998,0.9997,214999203.61,3
XRP,2023-09-26,0.5054,0.5017,38096583.3,6
ADA,2023-09-27,0.2453,0.2445,4590053.75,8
AVAX,2023-09-27,9.042,8.921,2036638.41,15
BNB,2023-09-27,212.43,212.22,3158277.68,4
BTC,2023-09-27,26212.59,26360.2,638562791.04,1
DOGE,2023-09-27,0.06059,0.06048,6745119.06,7
DOT,2023-09-27,4.011,3.99,1447383.68,13
ETH,2023-09-27,1593.27,1597.73,266115436.32,2
LTC,2023-09-27,63.78,63.5,8140885.35,12
MATIC,2023-09-27,0.5097,0.5032,4239463.39,11
SOL,2023-09-27,19.02,19.12,26271842.25,9
TON,2023-09-27,2.124,2.18,220453.28,14
TRX,2023-09-27,0.08472,0.08548,361359.45,10
USDC,2023-09-27,1.0,1.0,24194.01,5
USDT,2023-09-27,0.9997,0.9995,24176.54,3
XRP,2023-09-27,0.5017,0.4988,50377388.52,6
ADA,2023-09-28,0.2445,0.249,7568898.0,8
AVAX,2023-09-28,8.921,9.271,2649055.1,15
BNB,2023-09-28,212.22,214.85,3388462.12,4
BTC,2023-09-28,26360.2,27027.2,827813877.45,1
DOGE,2023-09-28,0.06048,0.0615,6958821.33,7
DOT,2023-09-28,3.99,4.074,2064241.16,13
ETH,2023-09-28,1597.73,1652.9,417307877.44,2
LTC,2023-09-28,63.5,65.23,9773838.9,12
MATIC,2023-09-28,0.5032,0.5197,4638564.15,11
SOL,2023-09-28,19.12,19.98,30020126.04,9
TON,2023-09-28,2.18,2.254,219609.66,14
TRX,2023-09-28,0.08548,0.08676,387850.17,10
USDC,2023-09-28,1.0,1.0,30836.58,5
USDT,2023-09-28,0.9995,1.0,30838.19,3
XRP,2023-09-28,0.4988,0.5097,57583085.51,6
ADA,2023-09-29,0.249,0.2494,7185584.91,8
AVAX,2023-09-29,9.271,9.182,3094459.59,15
BNB,2023-09-29,214.85,214.9,3630803.67,4
BTC,2023-09-29,27027.2,26909.4,585322764.87,1
DOGE,2023-09-29,0.0615,0.06215,7076583.52,7
DOT,2023-09-29,4.074,4.075,1807716.63,13
ETH,2023-09-29,1652.9,1667.44,348158317.18,2
LTC,2023-09-29,65.23,65.55,10163516.91,12
MATIC,2023-09-29,0.5197,0.5258,3752922.2,11
SOL,2023-09-29,19.98,20.27,18287661.5,9
TON,2023-09-29,2.254,2.199,213832.03,14
TRX,2023-09-29,0.08676,0.08906,474949.37,10
USDC,2023-09-29,1.0,1.0,21723.65,5
USDT,2023-09-29,1.0,1.0,21722.62,3
XRP,2023-09-29,0.5097,0.5215,94234609.62,6
ADA,2023-09-30,0.2494,0.254,5104462.43,8
AVAX,2023-09-30,9.182,9.241,1901751.69,15
BNB,2023-09-30,214.9,214.5,1807015.48,4
BTC,2023-09-30,26909.4,26964.27,195916128.74,1
DOGE,2023-09-30,0.06215,0.06208,8031482.27,9
DOT,2023-09-30,4.075,4.104,1950798.3,13
ETH,2023-09-30,1667.44,1670.97,168691450.13,2
LTC,2023-09-30,65.55,65.97,5180915.34,12
MATIC,2023-09-30,0.5258,0.5329,3717776.58,11
SOL,2023-09-30,20.27,21.36,27753526.18,7
TON,2023-09-30,2.199,2.121,209329.32,14
TRX,2023-09-30,0.08906,0.0886,158295.87,10
USDC,2023-09-30,1.0,0.9999,7260.4,5
USDT,2023-09-30,1.0,1.0,7261.17,3
XRP,2023-09-30,0.5215,0.515,21553774.68,6
ADA,2023-10-01,0.254,0.266,10367959.72,8
AVAX,2023-10-01,9.241,9.745,3610764.34,15
BNB,2023-10-01,214.61,218.27,6474279.8,4
BTC,2023-10-01,26964.27,27994.51,464200302.08,1
DOGE,2023-10-01,0.06208,0.06317,8232962.12,9
DOT,2023-10-01,4.104,4.262,2769279.07,13
ETH,2023-10-01,1670.97,1733.44,260450967.05,2
LTC,2023-10-01,65.97,68.16,11261918.23,12
MATIC,2023-10-01,0.5329,0.5686,15817800.45,11
SOL,2023-10-01,21.36,23.86,51515877.22,7
TON,2023-10-01,2.121,2.108,210787.93,14
TRX,2023-10-01,0.0886,0.09015,495218.03,10
USDC,2023-10-01,0.9999,1.0,16867.36,5
USDT,2023-10-01,1.0,1.0,16862.1,3
XRP,2023-10-01,0.515,0.524,18659671.03,6
ADA,2023-10-02,0.266,0.2593,12326877.31,8
AVAX,2023-10-02,9.745,9.325,4415732.78,15
BNB,2023-10-02,218.31,214.65,4815155.87,4
BTC,2023-10-02,27994.51,27507.22,1198411956.48,1
DOGE,2023-10-02,0.06317,0.06203,15298979.66,9
DOT,2023-10-02,4.262,4.12,3630022.09,13
ETH,2023-10-02,1733.44,1662.8,547118665.83,2
LTC,2023-10-02,68.16,66.0,13132999.03,12
MATIC,2023-10-02,0.5686,0.5473,7809757.92,11
SOL,2023-10-02,23.86,23.36,57631896.87,7
TON,2023-10-02,2.108,2.014,194925.79,14
TRX,2023-10-02,0.09015,0.08752,591199.31,10
USDC,2023-10-02,1.0,1.0,42703.55,5
USDT,2023-10-02,1.0,1.0,42718.35,3
XRP,2023-10-02,0.524,0.5123,45350366.06,6
ADA,2023-10-03,0.2593,0.261,7170285.15,8
AVAX,2023-10-03,9.325,9.416,2092750.61,15
BNB,2023-10-03,214.65,213.55,2437552.31,4
BTC,2023-10-03,27507.22,27428.66,620603083.21,1
DOGE,2023-10-03,0.06203,0.06139,4150690.03,9
DOT,2023-10-03,4.12,4.075,2128608.14,13
ETH,2023-10-03,1662.8,1656.96,320387316.67,2
LTC,2023-10-03,66.0,65.51,8297490.28,12
MATIC,2023-10-03,0.5473,0.5665,14068557.55,11
SOL,2023-10-03,23.36,23.61,44313437.63,7
TON,2023-10-03,2.014,2.025,195241.06,14
TRX,2023-10-03,0.08752,0.09074,457148.78,10
USDC,2023-10-03,1.0,1.0,22620.19,5
USDT,2023-10-03,1.0,1.0,22623.08,3
XRP,2023-10-03,0.5123,0.5391,58716656.41,6
ADA,2023-10-04,0.261,0.2589,7236567.76,8
AVAX,2023-10-04,9.416,10.11,7542697.55,15
BNB,2023-10-04,213.55,213.47,2398157.46,4
BTC,2023-10-04,27428.66,27789.8,497243557.18,1
DOGE,2023-10-04,0.06139,0.06146,5658851.93,9
DOT,2023-10-04,4.075,4.045,2676483.29,13
ETH,2023-10-04,1656.96,1646.79,258093521.67,2
LTC,2023-10-04,65.51,64.41,10472158.68,12
MATIC,2023-10-04,0.5665,0.5626,14551419.88,11
SOL,2023-10-04,23.61,23.14,33230796.08,7
TON,2023-10-04,2.025,1.96,197973.58,14
TRX,2023-10-04,0.09074,0.08893,466253.91,10
USDC,2023-10-04,1.0,1.0,18064.25,5
USDT,2023-10-04,1.0,1.0,255050464.5,3
XRP,2023-10-04,0.5391,0.5328,92667589.43,6
ADA,2023-10-05,0.2589,0.2603,6108208.48,8
AVAX,2023-10-05,10.11,10.14,9585849.75,15
BNB,2023-10-05,213.34,210.63,6314944.92,4
BTC,2023-10-05,27789.8,27414.59,696054430.54,1
DOGE,2023-10-05,0.06146,0.06086,4820508.95,9
DOT,2023-10-05,4.045,4.022,1418174.57,13
ETH,2023-10-05,1646.79,1611.72,270654077.48,2
LTC,2023-10-05,64.41,64.81,7261913.9,12
MATIC,2023-10-05,0.5626,0.5446,7289563.32,11
SOL,2023-10-05,23.14,22.69,26913048.75,7
TON,2023-10-05,1.96,2.074,201506.48,14
TRX,2023-10-05,0.08893,0.08822,538754.52,10
USDC,2023-10-05,1.0,1.0,25127.24,5
USDT,2023-10-05,1.0,1.0,25131.17,3
XRP,2023-10-05,0.5328,0.523,48673241.76,6
ADA,2023-10-06,0.2603,0.2648,4987548.72,8
AVAX,2023-10-06,10.14,10.66,9400123.19,15
BNB,2023-10-06,210.4,213.3,2535962.67,4
BTC,2023-10-06,27414.59,27946.61,701648471.47,1
DOGE,2023-10-06,0.06086,0.0614,4376812.76,9
DOT,2023-10-06,4.022,4.07,1641967.71,13
ETH,2023-10-06,1611.72,1645.93,253531816.85,2
LTC,2023-10-06,64.81,65.53,7082782.17,12
MATIC,2023-10-06,0.5446,0.5638,7108125.43,11
SOL,2023-10-06,22.69,23.43,27488403.68,7
TON,2023-10-06,2.074,2.16,207681.17,14
TRX,2023-10-06,0.08822,0.0872,404844.22,10
USDC,2023-10-06,1.0,1.0,25277.86,5
USDT,2023-10-06,1.0,1.001,25292.42,3
XRP,2023-10-06,0.523,0.5258,30538509.65,6
ADA,2023-10-07,0.2648,0.2588,4172959.59,8
AVAX,2023-10-07,10.66,10.36,13645208.87,15
BNB,2023-10-07,213.3,212.26,1905900.86,4
BTC,2023-10-07,27946.61,27973.69,205394649.0,1
DOGE,2023-10-07,0.0614,0.06146,2422143.7,9
DOT,2023-10-07,4.07,4.055,1240086.28,13
ETH,2023-10-07,1645.93,1634.64,89945206.18,2
LTC,2023-10-07,65.53,65.51,4744582.66,12
MATIC,2023-10-07,0.5638,0.5641,7407052.31,11
SOL,2023-10-07,23.43,23.31,17404929.6,7
TON,2023-10-07,2.16,2.071,182939.88,14
TRX,2023-10-07,0.0872,0.08813,406179.34,10
USDC,2023-10-07,1.0,1.0,7351.19,5
USDT,2023-10-07,1.001,1.001,7355.61,3
XRP,2023-10-07,0.5258,0.522,10929149.55,6
ADA,2023-10-08,0.2588,0.2566,2520973.3,8
AVAX,2023-10-08,10.36,10.08,4099934.44,15
BNB,2023-10-08,212.26,211.29,3445962.35,4
BTC,2023-10-08,27973.69,27933.57,238690010.87,1
DOGE,2023-10-08,0.06146,0.06098,3063692.92,9
DOT,2023-10-08,4.055,4.012,1929194.17,13
ETH,2023-10-08,1634.64,1633.61,121021981.15,2
LTC,2023-10-08,65.51,65.4,4954276.2,12
MATIC,2023-10-08,0.5641,0.5611,3914615.53,11
SOL,2023-10-08,23.31,23.24,10295141.16,7
TON,2023-10-08,2.071,2.058,198890.0,14
TRX,2023-10-08,0.08813,0.08799,266749.07,10
USDC,2023-10-08,1.0,1.0,8547.49,5
USDT,2023-10-08,1.001,1.001,8551.93,3
XRP,2023-10-08,0.522,0.5178,11304245.96,6
ADA,2023-10-09,0.2566,0.2513,6726460.33,8
AVAX,2023-10-09,10.08,9.54,5602999.85,15
BNB,2023-10-09,211.29,205.62,4638969.8,4
BTC,2023-10-09,27933.57,27598.77,603964078.09,1
DOGE,2023-10-09,0.06098,0.05876,12485513.29,9
DOT,2023-10-09,4.012,3.88,10169158.54,13
ETH,2023-10-09,1633.61,1580.25,339017511.32,2
LTC,2023-10-09,65.4,63.1,10294886.84,12
MATIC,2023-10-09,0.5611,0.5293,10481369.74,11
SOL,2023-10-09,23.24,22.1,25496746.65,7
TON,2023-10-09,2.058,1.976,195910.5,14
TRX,2023-10-09,0.08799,0.08614,352569.2,10
USDC,2023-10-09,1.0,1.0,21894.94,5
USDT,2023-10-09,1.001,1.0,21895.49,3
XRP,2023-10-09,0.5178,0.5029,39208115.3,6
ADA,2023-10-10,0.2513,0.2491,6420454.46,8
AVAX,2023-10-10,9.54,9.53,7007673.32,15
BNB,2023-10-10,205.62,208.59,6747315.2,4
BTC,2023-10-10,27598.77,27395.4,511109469.33,1
DOGE,2023-10-10,0.05876,0.05913,4716976.58,9
DOT,2023-10-10,3.88,3.811,4699519.54,13
ETH,2023-10-10,1580.25,1567.68,254975021.38,2
LTC,2023-10-10,63.1,63.62,7086259.44,12
MATIC,2023-10-10,0.5293,0.5172,8483963.58,11
SOL,2023-10-10,22.1,22.11,17074119.8,7
TON,2023-10-10,1.976,2.008,195864.81,14
TRX,2023-10-10,0.08614,0.0863,195909.95,10
USDC,2023-10-10,1.0,1.0,18603.03,5
USDT,2023-10-10,1.0,1.0,295268980.38,3
XRP,2023-10-10,0.5029,0.4964,31783327.86,6
ADA,2023-10-11,0.2491,0.2478,5009183.71,8
AVAX,2023-10-11,9.53,9.302,3411624.97,15
BNB,2023-10-11,208.59,206.59,2993810.64,4
BTC,2023-10-11,27395.4,26871.21,821395574.15,1
DOGE,2023-10-11,0.05913,0.05851,6313503.85,9
DOT,2023-10-11,3.811,3.739,4780178.08,13
ETH,2023-10-11,1567.68,1566.52,294808400.58,2
LTC,2023-10-11,63.62,61.53,14045669.8,12
MATIC,2023-10-11,0.5172,0.5144,5097513.93,11
SOL,2023-10-11,22.11,22.01,25221990.12,7
TON,2023-10-11,2.008,1.998,196901.66,14
TRX,2023-10-11,0.0863,0.08604,376826.89,10
USDC,2023-10-11,1.0,1.0,30500.8,5
USDT,2023-10-11,1.0,0.9998,30490.62,3
XRP,2023-10-11,0.4964,0.4888,48098141.9,6
ADA,2023-10-12,0.2478,0.2459,4802143.85,8
AVAX,2023-10-12,9.302,9.121,4534890.64,15
BNB,2023-10-12,206.59,205.06,3209461.05,4
BTC,2023-10-12,26871.21,26756.23,438531983.5,1
DOGE,2023-10-12,0.05851,0.05788,4429199.13,9
DOT,2023-10-12,3.739,3.676,3740452.49,13
ETH,2023-10-12,1566.52,1539.43,259081681.89,2
LTC,2023-10-12,61.53,61.13,8255427.2,12
MATIC,2023-10-12,0.5144,0.5077,5467330.09,11
SOL,2023-10-12,22.01,21.29,19583055.27,7
TON,2023-10-12,1.998,1.946,180271.27,14
TRX,2023-10-12,0.08604,0.0849,956777.42,10
USDC,2023-10-12,1.0,1.0,16403.02,5
USDT,2023-10-12,0.9999,0.9999,281816321.76,3
XRP,2023-10-12,0.4888,0.4829,46660276.72,6
ADA,2023-10-13,0.2459,0.2458,3116333.65,8
AVAX,2023-10-13,9.121,9.159,3321283.37,15
BNB,2023-10-13,205.06,206.17,2957121.91,4
BTC,2023-10-13,26756.23,26862.9,496779424.55,1
DOGE,2023-10-13,0.05788,0.05839,6061617.95,9
DOT,2023-10-13,3.676,3.72,3147587.35,13
ETH,2023-10-13,1539.43,1552.12,224374179.99,2
LTC,2023-10-13,61.13,61.58,7312644.57,12
MATIC,2023-10-13,0.5077,0.5148,5449729.6,11
SOL,2023-10-13,21.29,21.84,18821343.42,7
TON,2023-10-13,1.946,1.955,187313.61,14
TRX,2023-10-13,0.0849,0.08549,374277.64,10
USDC,2023-10-13,1.0,1.0,18509.52,5
USDT,2023-10-13,0.9998,1.0,18506.92,3
XRP,2023-10-13,0.4829,0.4851,28986053.1,6
ADA,2023-10-14,0.2458,0.2471,2091182.23,8
AVAX,2023-10-14,9.159,9.141,1176838.24,15
BNB,2023-10-14,206.04,206.54,2719051.54,4
BTC,2023-10-14,26862.9,26854.52,157685357.78,1
DOGE,2023-10-14,0.05839,0.05984,3641684.5,9
DOT,2023-10-14,3.72,3.734,1519042.56,13
ETH,2023-10-14,1552.12,1555.02,77502622.78,2
LTC,2023-10-14,61.58,61.62,4162790.77,12
MATIC,2023-10-14,0.5148,0.5175,2925356.69,11
SOL,2023-10-14,21.84,22.0,8730327.7,7
TON,2023-10-14,1.955,1.933,184706.62,14
TRX,2023-10-14,0.08549,0.08505,172142.91,10
USDC,2023-10-14,1.0,1.0,5865.77,5
USDT,2023-10-14,0.9999,1.0,81957959.06,3
XRP,2023-10-14,0.4851,0.4867,9667063.17,6
ADA,2023-10-15,0.2471,0.2474,2486890.32,8
AVAX,2023-10-15,9.141,9.179,1826657.29,15
BNB,2023-10-15,206.54,209.92,7048427.26,4
BTC,2023-10-15,26854.52,27177.41,297110024.59,1
DOGE,2023-10-15,0.05984,0.05931,4535605.67,9
DOT,2023-10-15,3.734,3.753,1989979.4,13
ETH,2023-10-15,1555.02,1557.99,97772202.07,2
LTC,2023-10-15,61.62,61.64,4664338.31,12
MATIC,2023-10-15,0.5175,0.5151,4192532.55,11
SOL,2023-10-15,22.0,21.94,11587038.61,7
TON,2023-10-15,1.933,1.947,190094.1,14
TRX,2023-10-15,0.08505,0.08668,212935.6,10
USDC,2023-10-15,1.0,1.001,10984.25,5
USDT,2023-10-15,1.0,1.001,10987.9,3
XRP,2023-10-15,0.4867,0.4874,12147629.81,6
ADA,2023-10-16,0.2474,0.2514,7087108.19,8
AVAX,2023-10-16,9.179,9.405,4889370.32,15
BNB,2023-10-16,209.92,214.77,9010482.12,4
BTC,2023-10-16,27177.41,28518.37,1884462991.7,1
DOGE,2023-10-16,0.05931,0.06002,15246071.17,9
DOT,2023-10-16,3.753,3.777,5708917.57,13
ETH,2023-10-16,1557.99,1600.09,446574747.49,2
LTC,2023-10-16,61.64,63.24,20091397.6,12
MATIC,2023-10-16,0.5151,0.5338,10648018.47,11
SOL,2023-10-16,21.94,23.97,59575012.95,7
TON,2023-10-16,1.947,1.967,185160.39,14
TRX,2023-10-16,0.08668,0.08891,472218.41,10
USDC,2023-10-16,1.001,1.0,66724.25,5
USDT,2023-10-16,1.001,1.001,66758.5,3
XRP,2023-10-16,0.4874,0.4978,54804425.03,6
ADA,2023-10-17,0.2514,0.2465,4324412.59,8
AVAX,2023-10-17,9.405,9.111,2894528.18,15
BNB,2023-10-17,214.73,211.51,2926182.93,4
BTC,2023-10-17,28518.37,28409.46,739741149.31,1
DOGE,2023-10-17,0.06002,0.05906,5989143.71,9
DOT,2023-10-17,3.777,3.672,3608864.94,13
ETH,2023-10-17,1600.09,1565.4,238856568.1,2
LTC,2023-10-17,63.24,62.09,9979453.77,12
MATIC,2023-10-17,0.5338,0.5193,5009777.65,11
SOL,2023-10-17,23.97,23.95,40260870.09,7
TON,2023-10-17,1.967,2.061,176479.38,14
TRX,2023-10-17,0.08891,0.08866,351613.99,10
USDC,2023-10-17,1.0,1.0,26039.41,5
USDT,2023-10-17,1.001,1.0,26050.8,3
XRP,2023-10-17,0.4978,0.4913,29935625.87,6
ADA,2023-10-18,0.2465,0.243,3919791.94,8
AVAX,2023-10-18,9.111,8.911,2635345.12,15
BNB,2023-10-18,211.51,210.29,2153543.04,4
BTC,2023-10-18,28409.46,28328.07,682875511.71,1
DOGE,2023-10-18,0.05906,0.05861,4203112.89,9
DOT,2023-10-18,3.672,3.654,2195258.43,13
ETH,2023-10-18,1565.4,1563.66,226187063.01,2
LTC,2023-10-18,62.09,60.21,10747052.05,12
MATIC,2023-10-18,0.5193,0.5106,3480651.75,11
SOL,2023-10-18,23.95,23.42,33897231.35,7
TON,2023-10-18,2.061,2.044,193741.17,14
TRX,2023-10-18,0.08866,0.08922,588445.49,10
USDC,2023-10-18,1.0,1.0,24000.31,5
USDT,2023-10-18,1.0,1.0,24005.8,3
XRP,2023-10-18,0.4913,0.488,30883677.2,6
ADA,2023-10-19,0.243,0.2471,4970434.33,8
AVAX,2023-10-19,8.911,9.073,3318850.28,15
BNB,2023-10-19,210.36,211.31,5970433.41,4
BTC,2023-10-19,28328.07,28733.78,730081363.3,1
DOGE,2023-10-19,0.05861,0.05887,4663821.25,9
DOT,2023-10-19,3.654,3.65,2840049.2,13
ETH,2023-10-19,1563.66,1567.55,239202217.14,2
LTC,2023-10-19,60.21,61.8,10074881.23,12
MATIC,2023-10-19,0.5106,0.5174,5696631.61,11
SOL,2023-10-19,23.42,24.94,59242355.89,7
TON,2023-10-19,2.044,2.086,172888.58,14
TRX,2023-10-19,0.08922,0.08999,440361.58,10
USDC,2023-10-19,1.0,1.0,25553.25,5
USDT,2023-10-19,1.0,1.001,25567.52,3
XRP,2023-10-19,0.488,0.5201,62203284.25,6
ADA,2023-10-20,0.2471,0.2514,6159863.26,8
AVAX,2023-10-20,9.073,9.222,3586762.17,15
BNB,2023-10-20,211.31,212.18,6813200.94,4
BTC,2023-10-20,28733.78,29684.37,1241026952.55,1
DOGE,2023-10-20,0.05887,0.05993,7076953.78,9
DOT,2023-10-20,3.65,3.719,4512463.76,13
ETH,2023-10-20,1567.55,1604.86,367271257.58,2
LTC,2023-10-20,61.8,63.42,17968372.89,12
MATIC,2023-10-20,0.5174,0.536,13210880.08,11
SOL,2023-10-20,24.94,27.04,92114809.85,7
TON,2023-10-20,2.086,2.088,186206.73,14
TRX,2023-10-20,0.08999,0.09071,629808.06,10
USDC,2023-10-20,1.0,1.0,42015.77,5
USDT,2023-10-20,1.001,1.001,42038.7,3
XRP,2023-10-20,0.5201,0.5151,69096694.67,6
ADA,2023-10-21,0.2514,0.2588,7333951.02,8
AVAX,2023-10-21,9.222,9.64,4366884.07,15
BNB,2023-10-21,212.0,214.05,2320489.36,4
BTC,2023-10-21,29684.37,29924.08,467626116.49,1
DOGE,2023-10-21,0.05993,0.0612,6572140.75,9
DOT,2023-10-21,3.719,3.909,4977515.27,13
ETH,2023-10-21,1604.86,1629.44,222184082.89,2
LTC,2023-10-21,63.42,64.75,10026341.03,12
MATIC,2023-10-21,0.536,0.5728,10436214.51,11
SOL,2023-10-21,27.04,29.33,86353042.15,7
TON,2023-10-21,2.088,2.129,206743.47,14
TRX,2023-10-21,0.09071,0.09162,362758.65,10
USDC,2023-10-21,1.0,0.9999,15636.93,5
USDT,2023-10-21,1.001,1.0,15645.12,3
XRP,2023-10-21,0.5151,0.5211,24704608.65,6
ADA,2023-10-22,0.2588,0.2641,5861937.83,8
AVAX,2023-10-22,9.64,10.08,5382378.53,15
BNB,2023-10-22,214.05,217.72,2765508.36,4
BTC,2023-10-22,29924.08,30001.44,414432274.92,1
DOGE,2023-10-22,0.0612,0.06171,6437838.83,9
DOT,2023-10-22,3.909,3.969,4529151.64,13
ETH,2023-10-22,1629.44,1664.18,257522472.2,2
LTC,2023-10-22,64.75,65.29,12886353.1,12
MATIC,2023-10-22,0.5728,0.61,14936521.28,11
SOL,2023-10-22,29.33,29.05,46532806.5,7
TON,2023-10-22,2.129,2.184,212270.52,14
TRX,2023-10-22,0.09162,0.0904,352732.14,10
USDC,2023-10-22,0.9999,1.0,13849.37,5
USDT,2023-10-22,1.0,1.0,13850.01,3
XRP,2023-10-22,0.5211,0.5227,20425415.1,6
ADA,2023-10-23,0.2641,0.2809,17439338.31,8
AVAX,2023-10-23,10.08,10.59,12780420.25,15
BNB,2023-10-23,217.87,228.71,16220350.14,4
BTC,2023-10-23,30001.44,33084.08,2308556876.22,1
DOGE,2023-10-23,0.06171,0.06744,41525243.18,9
DOT,2023-10-23,3.969,4.361,14520103.84,13
ETH,2023-10-23,1664.18,1766.32,780661240.02,2
LTC,2023-10-23,65.29,69.04,31816978.25,12
MATIC,2023-10-23,0.61,0.637,27929568.88,11
SOL,2023-10-23,29.05,31.92,132600620.07,7
TON,2023-10-23,2.184,2.203,218375.22,14
TRX,2023-10-23,0.0904,0.09227,521646.86,10
USDC,2023-10-23,1.0,1.0,73254.68,5
USDT,2023-10-23,1.0,1.0,73282.26,3
XRP,2023-10-23,0.5227,0.5477,81473691.0,6
ADA,2023-10-24,0.2809,0.2791,20617454.9,8
AVAX,2023-10-24,10.59,10.33,16382037.16,15
BNB,2023-10-24,228.71,225.18,17278042.03,4
BTC,2023-10-24,33084.08,33923.52,2559949343.79,1
DOGE,2023-10-24,0.06744,0.06656,54566478.78,9
DOT,2023-10-24,4.361,4.189,14657075.38,13
ETH,2023-10-24,1766.32,1785.2,932151066.26,2
LTC,2023-10-24,69.04,69.13,28681966.88,12
MATIC,2023-10-24,0.637,0.6244,30528929.9,11
SOL,2023-10-24,31.92,30.18,128051981.3,7
TON,2023-10-24,2.203,2.13,208425.93,14
TRX,2023-10-24,0.09227,0.09236,822161.0,10
USDC,2023-10-24,1.0,1.0,75113.05,5
USDT,2023-10-24,1.0,1.0,75111.63,3
XRP,2023-10-24,0.5477,0.559,133946452.48,6
ADA,2023-10-25,0.2791,0.2809,10623448.54,8
AVAX,2023-10-25,10.33,10.53,8320062.32,15
BNB,2023-10-25,225.24,222.15,4422533.67,4
BTC,2023-10-25,33923.52,34503.4,1481128342.82,1
DOGE,2023-10-25,0.06656,0.06835,52909947.69,9
DOT,2023-10-25,4.189,4.292,9750091.53,13
ETH,2023-10-25,1785.2,1787.67,542177185.66,2
LTC,2023-10-25,69.13,68.73,18146864.54,12
MATIC,2023-10-25,0.6244,0.6307,22225678.44,11
SOL,2023-10-25,30.18,32.44,117811341.25,7
TON,2023-10-25,2.13,2.128,219086.07,14
TRX,2023-10-25,0.09236,0.09349,794163.45,10
USDC,2023-10-25,1.0,1.0,43002.63,5
USDT,2023-10-25,1.0,1.0,43013.35,3
XRP,2023-10-25,0.559,0.5555,67354560.53,6
ADA,2023-10-26,0.2809,0.2872,20300572.16,9
AVAX,2023-10-26,10.53,11.05,24048157.01,15
BNB,2023-10-26,222.15,222.97,5937669.1,4
BTC,2023-10-26,34503.4,34157.06,1248469956.72,1
DOGE,2023-10-26,0.06835,0.07187,80022858.44,8
DOT,2023-10-26,4.292,4.235,11113582.58,13
ETH,2023-10-26,1787.67,1803.72,622443034.73,2
LTC,2023-10-26,68.73,68.77,20465887.19,12
MATIC,2023-10-26,0.6307,0.6322,15064241.06,11
SOL,2023-10-26,32.44,32.77,115265505.83,7
TON,2023-10-26,2.128,2.129,212948.57,14
TRX,2023-10-26,0.09349,0.09287,549091.32,10
USDC,2023-10-26,1.0,1.0,36462.89,5
USDT,2023-10-26,1.0,1.0,36468.92,3
XRP,2023-10-26,0.5555,0.5535,61694202.67,6
ADA,2023-10-27,0.2872,0.2895,8627367.23,8
AVAX,2023-10-27,11.05,10.6,8725783.64,15
BNB,2023-10-27,223.25,224.33,14273635.19,4
BTC,2023-10-27,34157.06,33907.7,1044635721.14,1
DOGE,2023-10-27,0.07187,0.06779,33590177.25,9
DOT,2023-10-27,4.235,4.135,8432557.58,13
ETH,2023-10-27,1803.72,1779.98,403162777.61,2
LTC,2023-10-27,68.77,67.03,15332004.95,12
MATIC,2023-10-27,0.6322,0.6088,14222383.51,11
SOL,2023-10-27,32.77,31.74,84040760.73,7
TON,2023-10-27,2.129,2.063,205756.58,14
TRX,2023-10-27,0.09287,0.09356,328316.91,10
USDC,2023-10-27,1.0,1.0,30795.95,5
USDT,2023-10-27,1.0,1.0,30806.06,3
XRP,2023-10-27,0.5535,0.5432,41111203.78,6
ADA,2023-10-28,0.2895,0.2911,6822315.32,8
AVAX,2023-10-28,10.6,10.99,5541096.43,15
BNB,2023-10-28,224.41,225.62,3062332.66,4
BTC,2023-10-28,33907.7,34090.05,371696781.35,1
DOGE,2023-10-28,0.06779,0.06904,14926843.77,9
DOT,2023-10-28,4.135,4.179,5546020.21,13
ETH,2023-10-28,1779.98,1776.59,150723329.54,2
LTC,2023-10-28,67.03,67.75,12831404.37,12
MATIC,2023-10-28,0.6088,0.6204,7889746.56,11
SOL,2023-10-28,31.74,31.65,28597328.1,7
TON,2023-10-28,2.063,2.052,198076.64,14
TRX,2023-10-28,0.09356,0.09435,337260.31,10
USDC,2023-10-28,1.0,1.0,10889.53,5
USDT,2023-10-28,1.0,1.0,10891.94,3
XRP,2023-10-28,0.5432,0.5449,15100767.91,6
ADA,2023-10-29,0.2911,0.2955,7509610.5,8
AVAX,2023-10-29,10.99,11.38,7995385.97,15
BNB,2023-10-29,225.62,227.07,2224748.43,4
BTC,2023-10-29,34090.05,34535.38,469534963.71,1
DOGE,2023-10-29,0.06904,0.06937,14893026.12,9
DOT,2023-10-29,4.179,4.315,6251452.3,13
ETH,2023-10-29,1776.59,1795.69,165219418.28,2
LTC,2023-10-29,67.75,68.81,10323187.36,12
MATIC,2023-10-29,0.6204,0.6387,8561237.38,11
SOL,2023-10-29,31.65,32.84,55670650.67,7
TON,2023-10-29,2.052,2.077,197721.8,14
TRX,2023-10-29,0.09435,0.09485,512062.78,10
USDC,2023-10-29,1.0,1.0,13641.36,5
USDT,2023-10-29,1.0,1.0,13643.58,3
XRP,2023-10-29,0.5449,0.5561,19995434.89,6
ADA,2023-10-30,0.2955,0.3031,13764107.45,8
AVAX,2023-10-30,11.38,11.46,10029689.93,15
BNB,2023-10-30,227.07,228.18,3334670.63,4
BTC,2023-10-30,34535.38,34494.56,825552244.82,1
DOGE,2023-10-30,0.06937,0.06963,16160086.24,9
DOT,2023-10-30,4.315,4.528,8912924.84,13
ETH,2023-10-30,1795.69,1809.85,303881269.37,2
LTC,2023-10-30,68.81,69.25,13397823.32,12
MATIC,2023-10-30,0.6387,0.6501,12704009.74,11
SOL,2023-10-30,32.84,34.95,100384070.0,7
TON,2023-10-30,2.077,2.125,208576.85,14
TRX,2023-10-30,0.09485,0.09565,687892.16,10
USDC,2023-10-30,1.0,1.0,23952.06,6
USDT,2023-10-30,1.0,1.001,23960.93,3
XRP,2023-10-30,0.5561,0.5786,66491192.88,5
ADA,2023-10-31,0.3031,0.2931,13882809.8,8
AVAX,2023-10-31,11.46,11.34,12802537.66,15
BNB,2023-10-31,228.15,226.35,7469033.18,4
BTC,2023-10-31,34494.56,34657.73,756326173.72,1
DOGE,2023-10-31,0.06963,0.06828,27256841.3,9
DOT,2023-10-31,4.528,4.451,9529834.34,13
ETH,2023-10-31,1809.85,1815.45,328080843.27,2
LTC,2023-10-31,69.25,68.92,15052203.08,12
MATIC,2023-10-31,0.6501,0.6366,14741819.42,11
SOL,2023-10-31,34.95,38.43,169712692.65,7
TON,2023-10-31,2.125,2.262,234989.67,14
TRX,2023-10-31,0.09565,0.09716,889076.02,10
USDC,2023-10-31,1.0,1.0,21985.27,6
USDT,2023-10-31,1.001,1.001,21993.97,3
XRP,2023-10-31,0.5786,0.5999,87582488.85,5
ADA,2023-11-01,0.2931,0.3074,16345414.42,8
AVAX,2023-11-01,11.34,12.23,17893858.7,15
BNB,2023-11-01,226.41,227.92,4348428.51,4
BTC,2023-11-01,34657.73,35439.76,1190955576.06,1
DOGE,2023-11-01,0.06828,0.06896,38541857.72,9
DOT,2023-11-01,4.451,4.731,14657742.64,12
ETH,2023-11-01,1815.45,1847.63,514586090.27,2
LTC,2023-11-01,68.92,69.97,23778539.97,13
MATIC,2023-11-01,0.6366,0.6696,19143572.59,11
SOL,2023-11-01,38.43,41.17,334965726.75,7
TON,2023-11-01,2.262,2.219,214955.35,14
TRX,2023-11-01,0.09716,0.1002,1244445.74,10
USDC,2023-11-01,1.0,1.0,34277.36,6
USDT,2023-11-01,1.001,1.001,34291.84,3
XRP,2023-11-01,0.5999,0.6091,82920623.74,5
ADA,2023-11-02,0.3074,0.3231,25511539.02,8
AVAX,2023-11-02,12.23,11.88,16349438.96,15
BNB,2023-11-02,227.92,231.45,5516058.99,4
BTC,2023-11-02,35439.76,34947.15,1097011932.14,1
DOGE,2023-11-02,0.06896,0.06791,30548722.63,9
DOT,2023-11-02,4.731,4.632,8656121.21,12
ETH,2023-11-02,1847.63,1801.34,501202295.02,2
LTC,2023-11-02,69.97,69.45,23459171.57,13
MATIC,2023-11-02,0.6696,0.6602,16415546.25,11
SOL,2023-11-02,41.17,40.25,197689376.99,7
TON,2023-11-02,2.219,2.253,220683.01,14
TRX,2023-11-02,0.1002,0.09924,589533.95,10
USDC,2023-11-02,1.0,1.0,31208.01,6
USDT,2023-11-02,1.001,1.0,31210.31,3
XRP,2023-11-02,0.6091,0.6054,81640880.44,5
ADA,2023-11-03,0.3231,0.3293,22161669.7,8
AVAX,2023-11-03,11.88,12.11,10400547.24,15
BNB,2023-11-03,231.87,230.38,9287127.48,4
BTC,2023-11-03,34947.15,34732.28,960199464.71,1
DOGE,2023-11-03,0.06791,0.06811,17692050.5,9
DOT,2023-11-03,4.632,4.614,4916880.16,12
ETH,2023-11-03,1801.34,1833.71,397766768.21,2
LTC,2023-11-03,69.45,69.5,9258395.67,13
MATIC,2023-11-03,0.6602,0.6721,9610862.37,11
SOL,2023-11-03,40.25,39.48,129114847.09,7
TON,2023-11-03,2.253,2.254,227933.55,14
TRX,2023-11-03,0.09924,0.09726,140009.52,10
USDC,2023-11-03,1.0,1.0,27813.51,6
USDT,2023-11-03,1.0,1.0,27825.28,3
XRP,2023-11-03,0.6054,0.6125,54449876.07,5
ADA,2023-11-04,0.3293,0.3281,9701603.86,8
AVAX,2023-11-04,12.11,12.22,5684613.79,15
BNB,2023-11-04,230.38,237.29,8009962.54,4
BTC,2023-11-04,34732.28,35086.09,377653497.47,1
DOGE,2023-11-04,0.06811,0.06911,13287679.63,9
DOT,2023-11-04,4.614,4.688,3931810.51,12
ETH,2023-11-04,1833.71,1857.23,205289548.49,2
LTC,2023-11-04,69.5,70.51,9869379.28,13
MATIC,2023-11-04,0.6721,0.6772,5967021.94,11
SOL,2023-11-04,39.48,42.44,94716495.59,7
TON,2023-11-04,2.254,2.262,216769.97,14
TRX,2023-11-04,0.09726,0.09779,158987.12,10
USDC,2023-11-04,1.0,1.0,10841.55,6
USDT,2023-11-04,1.0,1.001,10847.62,3
XRP,2023-11-04,0.6125,0.6155,26879593.57,5
ADA,2023-11-05,0.3281,0.3421,17800545.53,8
AVAX,2023-11-05,12.22,12.34,9856640.17,15
BNB,2023-11-05,237.29,244.08,14394597.38,4
BTC,2023-11-05,35086.09,35039.47,533016306.01,1
DOGE,2023-11-05,0.06911,0.07111,26027587.07,9
DOT,2023-11-05,4.688,4.767,7338969.41,12
ETH,2023-11-05,1857.23,1893.28,369431668.22,2
LTC,2023-11-05,70.51,71.68,16475571.16,13
MATIC,2023-11-05,0.6772,0.6922,11197425.27,11
SOL,2023-11-05,42.44,41.2,87552035.77,7
TON,2023-11-05,2.262,2.266,226228.29,14
TRX,2023-11-05,0.09779,0.09824,176211.17,10
USDC,2023-11-05,1.0,1.0,196064.16,6
USDT,2023-11-05,1.001,1.001,15222.21,3
XRP,2023-11-05,0.6155,0.6613,82032495.29,5
ADA,2023-11-06,0.3421,0.3626,26577667.25,8
AVAX,2023-11-06,12.34,13.08,13357398.52,15
BNB,2023-11-06,244.08,255.23,17996908.52,4
BTC,2023-11-06,35039.47,35054.59,613732584.95,1
DOGE,2023-11-06,0.07111,0.07641,54183402.64,9
DOT,2023-11-06,4.767,4.968,7545746.27,12
ETH,2023-11-06,1893.28,1901.65,410308088.3,2
LTC,2023-11-06,71.68,74.47,15255780.73,13
MATIC,2023-11-06,0.6922,0.7364,15067973.48,10
SOL,2023-11-06,41.2,42.17,112100517.99,7
TON,2023-11-06,2.266,2.438,246695.12,14
TRX,2023-11-06,0.09824,0.0977,525388.36,11
USDC,2023-11-06,1.0,1.0,216509.42,6
USDT,2023-11-06,1.001,1.0,310843607.66,3
XRP,2023-11-06,0.6613,0.715,176521872.99,5
ADA,2023-11-07,0.3626,0.3513,29340999.37,8
AVAX,2023-11-07,13.08,12.82,11403027.0,15
BNB,2023-11-07,255.23,246.22,12919316.11,4
BTC,2023-11-07,35054.59,35421.85,1012278827.62,1
DOGE,2023-11-07,0.07641,0.0734,56476343.25,9
DOT,2023-11-07,4.968,4.93,9492942.44,12
ETH,2023-11-07,1901.65,1886.12,538999159.16,2
LTC,2023-11-07,74.47,73.46,16567499.8,13
MATIC,2023-11-07,0.7364,0.7412,22368801.24,10
SOL,2023-11-07,42.17,42.95,203308997.07,7
TON,2023-11-07,2.438,2.56,258956.61,14
TRX,2023-11-07,0.0977,0.09665,484316.84,11
USDC,2023-11-07,1.0,0.9999,28809.05,6
USDT,2023-11-07,1.0,1.001,28828.46,3
XRP,2023-11-07,0.715,0.6855,161773200.7,5
ADA,2023-11-08,0.3513,0.358,18390556.19,8
AVAX,2023-11-08,12.82,12.99,8950440.2,15
BNB,2023-11-08,246.22,246.72,12947923.47,4
BTC,2023-11-08,35421.85,35638.33,937630450.49,1
DOGE,2023-11-08,0.0734,0.07535,34930411.89,9
DOT,2023-11-08,4.93,5.035,11317806.12,12
ETH,2023-11-08,1886.12,1889.05,342300115.53,2
LTC,2023-11-08,73.46,73.1,13005379.67,13
MATIC,2023-11-08,0.7412,0.7882,38463254.87,10
SOL,2023-11-08,42.95,43.13,102557463.03,7
TON,2023-11-08,2.56,2.71,299173.01,14
TRX,2023-11-08,0.09665,0.0984,957583.34,11
USDC,2023-11-08,0.9999,1.0,26410.83,6
USDT,2023-11-08,1.001,1.0,26414.99,3
XRP,2023-11-08,0.6855,0.6874,99089177.83,5
ADA,2023-11-09,0.358,0.3685,40189401.12,8
AVAX,2023-11-09,12.99,12.96,23628954.68,15
BNB,2023-11-09,246.72,251.68,19479523.24,4
BTC,2023-11-09,35638.33,36704.14,2296501186.4,1
DOGE,2023-11-09,0.07535,0.07357,58448736.12,9
DOT,2023-11-09,5.035,5.087,22911300.06,12
ETH,2023-11-09,1889.05,2121.13,1255720592.59,2
LTC,2023-11-09,73.1,73.87,37212329.38,13
MATIC,2023-11-09,0.7882,0.8546,48121918.62,10
SOL,2023-11-09,43.13,45.31,309437660.84,7
TON,2023-11-09,2.71,2.476,255084.01,14
TRX,2023-11-09,0.0984,0.09892,850857.15,11
USDC,2023-11-09,1.0,1.0,62535.72,6
USDT,2023-11-09,1.0,1.0,62534.91,3
XRP,2023-11-09,0.6874,0.6668,185163182.01,5
ADA,2023-11-10,0.3685,0.3862,34862499.11,8
AVAX,2023-11-10,12.96,14.74,31504914.95,15
BNB,2023-11-10,251.68,251.25,13730813.29,4
BTC,2023-11-10,36704.14,37321.51,1206040827.09,1
DOGE,2023-11-10,0.07357,0.07544,35518551.89,9
DOT,2023-11-10,5.087,5.3,15544947.28,12
ETH,2023-11-10,2121.13,2078.52,775967652.37,2
LTC,2023-11-10,73.87,73.3,22913635.67,13
MATIC,2023-11-10,0.8546,0.843,39369872.38,10
SOL,2023-11-10,45.31,56.72,371407805.39,7
TON,2023-11-10,2.476,2.478,248598.74,14
TRX,2023-11-10,0.09892,0.1063,2220591.29,11
USDC,2023-11-10,1.0,0.9998,369671.15,6
USDT,2023-11-10,1.0,1.001,32562.64,3
XRP,2023-11-10,0.6668,0.6597,102336102.98,5
ADA,2023-11-11,0.3862,0.3844,31608683.98,8
AVAX,2023-11-11,14.74,16.81,54490299.8,14
BNB,2023-11-11,251.17,251.45,5526828.89,4
BTC,2023-11-11,37321.51,37142.22,553215494.09,1
DOGE,2023-11-11,0.07544,0.07853,99454844.95,9
DOT,2023-11-11,5.3,5.558,18024757.29,12
ETH,2023-11-11,2078.52,2053.53,458212190.26,2
LTC,2023-11-11,73.3,75.27,29972649.94,13
MATIC,2023-11-11,0.843,0.8031,66643445.17,10
SOL,2023-11-11,56.72,56.34,415819053.43,7
TON,2023-11-11,2.478,2.425,248733.74,15
TRX,2023-11-11,0.1063,0.108,619878.72,11
USDC,2023-11-11,0.9998,1.0,222206.7,6
USDT,2023-11-11,1.0,1.0,281199414.0,3
XRP,2023-11-11,0.6597,0.6627,86441233.34,5
ADA,2023-11-12,0.3844,0.3835,20091449.26,8
AVAX,2023-11-12,16.81,19.14,75308368.06,14
BNB,2023-11-12,251.45,247.25,5615230.26,4
BTC,2023-11-12,37142.22,37079.76,345567975.97,1
DOGE,2023-11-12,0.07853,0.07798,40696588.59,9
DOT,2023-11-12,5.558,5.711,18695067.12,12
ETH,2023-11-12,2053.53,2045.4,406409439.52,2
LTC,2023-11-12,75.27,74.91,18309696.91,13
MATIC,2023-11-12,0.8031,0.898,77965360.26,10
SOL,2023-11-12,56.34,56.3,292290056.31,7
TON,2023-11-12,2.413,2.598,74687.03,15
TRX,2023-11-12,0.108,0.1084,618361.91,11
USDC,2023-11-12,1.0,0.9997,198251.2,6
USDT,2023-11-12,1.0,1.0,374338698.4,3
XRP,2023-11-12,0.6627,0.6616,45594220.22,5
ADA,2023-11-13,0.3835,0.3569,29043897.35,8
AVAX,2023-11-13,19.14,16.12,55229749.12,14
BNB,2023-11-13,247.25,241.32,6527111.78,4
BTC,2023-11-13,37079.76,36482.51,897671274.64,1
DOGE,2023-11-13,0.07798,0.07456,59472409.87,9
DOT,2023-11-13,5.711,5.352,16088707.29,12
ETH,2023-11-13,2045.4,2054.32,677275855.69,2
LTC,2023-11-13,74.91,71.15,21032896.54,13
MATIC,2023-11-13,0.898,0.8826,88291056.2,10
SOL,2023-11-13,56.3,51.61,301609244.17,7
TON,2023-11-13,2.598,2.367,116031.06,15
TRX,2023-11-13,0.1084,0.1069,876928.74,11
USDC,2023-11-13,0.9999,1.0,24371.48,6
USDT,2023-11-13,1.0,1.0,506980164.73,3
XRP,2023-11-13,0.6616,0.6704,190508981.63,5
ADA,2023-11-14,0.3569,0.3579,27565573.02,8
AVAX,2023-11-14,16.12,17.05,55043864.02,14
BNB,2023-11-14,241.32,242.25,6699682.53,4
BTC,2023-11-14,36482.51,35551.21,1219819360.84,1
DOGE,2023-11-14,0.07456,0.07244,44223658.26,9
DOT,2023-11-14,5.352,5.199,16205691.79,12
ETH,2023-11-14,2054.32,1979.66,672516247.43,2
LTC,2023-11-14,71.15,70.64,26829644.06,13
MATIC,2023-11-14,0.8826,0.9177,101979485.56,10
SOL,2023-11-14,51.61,56.83,288902544.79,7
TON,2023-11-14,2.357,2.281,224349.05,15
TRX,2023-11-14,0.1069,0.1023,836478.25,11
USDC,2023-11-14,1.0,1.0,33895.49,6
USDT,2023-11-14,1.0,1.0,33899.5,3
XRP,2023-11-14,0.6704,0.6294,131158266.97,5
ADA,2023-11-15,0.3579,0.3789,24941844.54,8
AVAX,2023-11-15,17.05,20.7,93340047.21,13
BNB,2023-11-15,242.21,253.98,18831057.14,4
BTC,2023-11-15,35551.21,37884.19,1436101057.95,1
DOGE,2023-11-15,0.07244,0.07627,29961274.77,9
DOT,2023-11-15,5.199,5.564,14994340.78,12
ETH,2023-11-15,1979.66,2059.63,641189379.56,2
LTC,2023-11-15,70.64,74.14,15696377.41,14
MATIC,2023-11-15,0.9177,0.9199,86711818.25,10
SOL,2023-11-15,56.83,65.5,348592966.36,7
TON,2023-11-15,2.281,2.371,232045.9,15
TRX,2023-11-15,0.1023,0.1042,421270.38,11
USDC,2023-11-15,1.0,1.0,39011.23,6
USDT,2023-11-15,1.0,1.001,745894624.85,3
XRP,2023-11-15,0.6294,0.6485,96328822.7,5
ADA,2023-11-16,0.3789,0.3708,55493770.91,8
AVAX,2023-11-16,20.7,21.71,119556036.45,13
BNB,2023-11-16,253.92,242.52,8009778.2,4
BTC,2023-11-16,37884.19,36162.42,1428319260.74,1
DOGE,2023-11-16,0.07627,0.07956,101612148.77,9
DOT,2023-11-16,5.564,5.355,15002364.47,12
ETH,2023-11-16,2059.63,1961.54,783609970.96,2
LTC,2023-11-16,74.14,70.97,19597294.71,14
MATIC,2023-11-16,0.9199,0.845,71976725.86,10
SOL,2023-11-16,65.5,57.78,418696390.74,7
TON,2023-11-16,2.371,2.289,223687.56,15
TRX,2023-11-16,0.1042,0.1024,460305.66,11
USDC,2023-11-16,1.0,0.9998,38911.67,6
USDT,2023-11-16,1.001,1.0,38916.5,3
XRP,2023-11-16,0.6485,0.612,106496890.24,5
ADA,2023-11-17,0.3708,0.3673,21435918.14,8
AVAX,2023-11-17,21.71,21.98,92582522.48,12
BNB,2023-11-17,242.52,244.68,5446719.59,4
BTC,2023-11-17,36162.42,36626.32,1027029255.11,1
DOGE,2023-11-17,0.07956,0.08673,159525567.1,9
DOT,2023-11-17,5.355,5.245,10192814.57,13
ETH,2023-11-17,1961.54,1961.61,571715090.11,2
LTC,2023-11-17,70.97,70.31,28672624.48,14
MATIC,2023-11-17,0.845,0.831,35293574.32,10
SOL,2023-11-17,57.78,58.54,259607985.44,7
TON,2023-11-17,2.289,2.332,227871.21,15
TRX,2023-11-17,0.1024,0.1038,259857.43,11
USDC,2023-11-17,0.9998,1.0,28257.33,6
USDT,2023-11-17,1.0,1.0,28264.82,3
XRP,2023-11-17,0.612,0.6135,74352120.43,5
ADA,2023-11-18,0.3673,0.3776,17355154.92,8
AVAX,2023-11-18,21.98,22.0,37001707.96,13
BNB,2023-11-18,244.68,244.92,3519351.82,4
BTC,2023-11-18,36626.32,36591.19,316037508.01,1
DOGE,2023-11-18,0.08673,0.08031,92150210.78,9
DOT,2023-11-18,5.245,5.293,6993645.92,12
ETH,2023-11-18,1961.61,1963.67,243248653.35,2
LTC,2023-11-18,70.31,69.91,8003091.24,14
MATIC,2023-11-18,0.831,0.8325,18524553.27,10
SOL,2023-11-18,58.54,58.58,163809263.96,7
TON,2023-11-18,2.332,2.36,231582.78,15
TRX,2023-11-18,0.1038,0.1029,340693.2,11
USDC,2023-11-18,1.0,1.0,8649.21,6
USDT,2023-11-18,1.0,1.001,201668710.98,3
XRP,2023-11-18,0.6135,0.611,37478703.04,5
ADA,2023-11-19,0.3776,0.3842,13239221.07,8
AVAX,2023-11-19,22.0,22.87,39413357.42,12
BNB,2023-11-19,244.92,246.35,2814118.57,4
BTC,2023-11-19,36591.19,37388.64,430198062.65,1
DOGE,2023-11-19,0.08031,0.08052,42288098.0,9
DOT,2023-11-19,5.293,5.436,6583652.2,13
ETH,2023-11-19,1963.67,2012.46,280987485.15,2
LTC,2023-11-19,69.91,70.6,7765814.66,14
MATIC,2023-11-19,0.8325,0.8526,18924421.94,10
SOL,2023-11-19,58.58,61.13,200925705.62,7
TON,2023-11-19,2.36,2.399,231266.82,15
TRX,2023-11-19,0.1029,0.1035,305913.43,11
USDC,2023-11-19,1.0,1.0,11672.61,6
USDT,2023-11-19,1.001,1.001,11677.7,3
XRP,2023-11-19,0.611,0.6261,42766151.03,5
ADA,2023-11-20,0.3842,0.3805,37986843.92,8
AVAX,2023-11-20,22.87,20.86,37841842.44,13
BNB,2023-11-20,246.54,253.23,31736345.24,4
BTC,2023-11-20,37388.64,37476.66,1162294169.25,1
DOGE,2023-11-20,0.08052,0.07772,49116934.19,9
DOT,2023-11-20,5.436,5.304,7950137.96,12
ETH,2023-11-20,2012.46,2022.62,706775221.8,2
LTC,2023-11-20,70.6,69.56,9897127.39,14
MATIC,2023-11-20,0.8526,0.8108,24614513.36,10
SOL,2023-11-20,61.13,56.6,198524500.57,7
TON,2023-11-20,2.399,2.341,254320.56,15
TRX,2023-11-20,0.1035,0.101,915261.96,11
USDC,2023-11-20,1.0,1.0,31118.29,6
USDT,2023-11-20,1.001,1.001,589814468.65,3
XRP,2023-11-20,0.6261,0.6125,62147973.4,5
ADA,2023-11-21,0.3805,0.3569,26610520.69,8
AVAX,2023-11-21,20.86,19.03,66277724.08,13
BNB,2023-11-21,253.23,225.67,88926306.24,4
BTC,2023-11-21,37476.66,35758.72,1579350547.76,1
DOGE,2023-11-21,0.07772,0.07179,62517561.23,9
DOT,2023-11-21,5.304,4.863,12454040.19,12
ETH,2023-11-21,2022.62,1933.76,640934598.31,2
LTC,2023-11-21,69.56,66.21,20872786.37,14
MATIC,2023-11-21,0.8108,0.7283,41288054.06,10
SOL,2023-11-21,56.6,51.66,218119382.59,7
TON,2023-11-21,2.341,2.301,223828.96,15
TRX,2023-11-21,0.101,0.09628,1240299.07,11
USDC,2023-11-21,1.0,1.0,42791.66,6
USDT,2023-11-21,1.001,1.0,42808.47,3
XRP,2023-11-21,0.6125,0.579,92709349.53,5
ADA,2023-11-22,0.3569,0.3804,18912960.62,8
AVAX,2023-11-22,19.03,20.8,44276580.34,13
BNB,2023-11-22,225.67,236.22,34476412.45,4
BTC,2023-11-22,35758.72,37424.2,1335151412.8,1
DOGE,2023-11-22,0.07179,0.07576,34567519.74,9
DOT,2023-11-22,4.863,5.172,10555865.05,12
ETH,2023-11-22,1933.76,2064.08,632049361.21,2
LTC,2023-11-22,66.21,68.73,9534208.36,14
MATIC,2023-11-22,0.7283,0.7728,26128454.56,10
SOL,2023-11-22,51.66,57.58,192027796.52,7
TON,2023-11-22,2.301,2.394,235185.4,15
TRX,2023-11-22,0.09628,0.1012,1744626.91,11
USDC,2023-11-22,1.0,1.0,36266.27,6
USDT,2023-11-22,1.0,1.0,36277.65,3
XRP,2023-11-22,0.579,0.6112,62830635.97,5
ADA,2023-11-23,0.3804,0.3873,14114904.91,8
AVAX,2023-11-23,20.8,20.63,21231792.36,13
BNB,2023-11-23,236.22,233.83,13547521.66,4
BTC,2023-11-23,37424.2,37299.18,626668140.1,1
DOGE,2023-11-23,0.07576,0.07621,17669253.55,9
DOT,2023-11-23,5.172,5.136,5610037.35,12
ETH,2023-11-23,2064.08,2062.63,345465511.14,2
LTC,2023-11-23,68.73,69.53,12214032.17,14
MATIC,2023-11-23,0.7728,0.7721,11920214.52,10
SOL,2023-11-23,57.58,56.46,132106603.86,7
TON,2023-11-23,2.394,2.413,198884.77,15
TRX,2023-11-23,0.1012,0.1018,434198.94,11
USDC,2023-11-23,1.0,1.0,16793.76,6
USDT,2023-11-23,1.0,1.0,16795.89,3
XRP,2023-11-23,0.6112,0.6206,51504952.85,5
ADA,2023-11-24,0.3873,0.3862,20921412.33,8
AVAX,2023-11-24,20.63,20.9,42406045.89,13
BNB,2023-11-24,233.83,232.91,11492319.97,4
BTC,2023-11-24,37299.18,37737.05,1322597274.57,1
DOGE,2023-11-24,0.07621,0.07823,25892476.69,9
DOT,2023-11-24,5.136,5.243,7291838.91,12
ETH,2023-11-24,2062.63,2082.24,576843379.99,2
LTC,2023-11-24,69.53,70.78,10775513.72,14
MATIC,2023-11-24,0.7721,0.7604,19041202.99,10
SOL,2023-11-24,56.46,56.86,128511879.05,7
TON,2023-11-24,2.413,2.416,238305.24,15
TRX,2023-11-24,0.1018,0.1046,1365942.87,11
USDC,2023-11-24,1.0,0.9998,34944.2,6
USDT,2023-11-24,1.0,1.001,34972.24,3
XRP,2023-11-24,0.6206,0.6217,48059346.81,5
ADA,2023-11-25,0.3862,0.3944,11023895.6,8
AVAX,2023-11-25,20.9,21.37,16748587.94,13
BNB,2023-11-25,232.91,234.52,7182206.97,4
BTC,2023-11-25,37737.05,37801.92,312424824.64,1
DOGE,2023-11-25,0.07823,0.07898,14289365.46,9
DOT,2023-11-25,5.243,5.332,3679418.11,12
ETH,2023-11-25,2082.24,2084.06,171820574.07,2
LTC,2023-11-25,70.78,71.88,7549155.36,14
MATIC,2023-11-25,0.7604,0.7797,12068683.61,11
SOL,2023-11-25,56.86,58.83,121055670.65,7
TON,2023-11-25,2.416,2.367,231660.16,15
TRX,2023-11-25,0.1046,0.1089,668189.6,10
USDC,2023-11-25,0.9998,0.9999,8271.0,6
USDT,2023-11-25,1.001,1.001,342459177.02,3
XRP,2023-11-25,0.6217,0.6231,21488366.85,5
ADA,2023-11-26,0.3944,0.3877,13630940.49,8
AVAX,2023-11-26,21.37,21.07,27347781.63,13
BNB,2023-11-26,234.52,231.77,5290288.73,4
BTC,2023-11-26,37801.92,37460.21,478214999.45,1
DOGE,2023-11-26,0.07898,0.0787,18842010.75,9
DOT,2023-11-26,5.332,5.326,4536002.42,12
ETH,2023-11-26,2084.06,2063.01,268817596.0,2
LTC,2023-11-26,71.88,70.05,7846163.87,14
MATIC,2023-11-26,0.7797,0.7625,19016127.19,11
SOL,2023-11-26,58.83,57.57,102471353.5,7
TON,2023-11-26,2.367,2.374,231636.29,15
TRX,2023-11-26,0.1089,0.1078,495823.96,10
USDC,2023-11-26,0.9999,1.0,12751.79,6
USDT,2023-11-26,1.001,1.0,433042298.05,3
XRP,2023-11-26,0.6231,0.6159,41636926.5,5
ADA,2023-11-27,0.3877,0.3778,15164266.44,8
AVAX,2023-11-27,21.07,20.37,27500022.2,13
BNB,2023-11-27,231.77,227.31,13302342.03,4
BTC,2023-11-27,37460.21,37246.29,914744666.52,1
DOGE,2023-11-27,0.0787,0.07882,44723453.61,9
DOT,2023-11-27,5.326,5.154,6534713.9,12
ETH,2023-11-27,2063.01,2027.67,538765882.42,2
LTC,2023-11-27,70.05,69.23,9883516.68,14
MATIC,2023-11-27,0.7625,0.7427,15331349.16,10
SOL,2023-11-27,57.57,55.07,138158993.79,7
TON,2023-11-27,2.374,2.447,236344.66,15
TRX,2023-11-27,0.1078,0.1019,1697362.67,11
USDC,2023-11-27,1.0,1.0,24675.85,6
USDT,2023-11-27,1.0,1.0,24676.26,3
XRP,2023-11-27,0.6159,0.6039,55784209.73,5
ADA,2023-11-28,0.3778,0.3858,12429571.87,8
AVAX,2023-11-28,20.37,20.69,34419303.52,13
BNB,2023-11-28,227.31,229.67,8414951.67,4
BTC,2023-11-28,37246.29,37836.63,1265755538.49,1
DOGE,2023-11-28,0.07882,0.08087,36161031.5,9
DOT,2023-11-28,5.154,5.273,6268209.23,12
ETH,2023-11-28,2027.67,2049.1,499177888.15,2
LTC,2023-11-28,69.23,69.78,11937511.22,14
MATIC,2023-11-28,0.7427,0.7488,11779057.95,10
SOL,2023-11-28,55.07,58.21,133449361.42,7
TON,2023-11-28,2.447,2.448,237599.83,15
TRX,2023-11-28,0.1019,0.103,589956.58,11
USDC,2023-11-28,1.0,1.0,33504.4,6
USDT,2023-11-28,1.0,1.0,33522.76,3
XRP,2023-11-28,0.6039,0.6109,46093208.73,5
ADA,2023-11-29,0.3858,0.3816,13309323.64,8
AVAX,2023-11-29,20.69,21.11,44224162.59,13
BNB,2023-11-29,229.67,227.32,7478094.23,4
BTC,2023-11-29,37836.63,37861.9,1041457987.13,1
DOGE,2023-11-29,0.08087,0.08051,34606931.5,9
DOT,2023-11-29,5.273,5.161,11851527.18,12
ETH,2023-11-29,2049.1,2029.17,394195647.34,2
LTC,2023-11-29,69.78,70.01,6872172.8,14
MATIC,2023-11-29,0.7488,0.7578,17206947.84,10
SOL,2023-11-29,58.21,59.29,192338149.07,7
TON,2023-11-29,2.448,2.439,235784.09,15
TRX,2023-11-29,0.103,0.1035,484862.23,11
USDC,2023-11-29,1.0,0.9999,27432.21,6
USDT,2023-11-29,1.0,1.0,27439.2,3
XRP,2023-11-29,0.6109,0.6092,53048318.28,5
ADA,2023-11-30,0.3816,0.376,13887799.7,8
AVAX,2023-11-30,21.11,21.39,29313943.73,13
BNB,2023-11-30,227.32,227.62,6931639.47,4
BTC,2023-11-30,37861.9,37729.58,637264648.28,1
DOGE,2023-11-30,0.08051,0.08343,43473020.32,9
DOT,2023-11-30,5.161,5.472,13623151.46,12
ETH,2023-11-30,2029.17,2052.93,343390100.77,2
LTC,2023-11-30,70.01,69.44,8142287.4,14
MATIC,2023-11-30,0.7578,0.7626,20461558.38,10
SOL,2023-11-30,59.29,59.28,101024323.81,7
TON,2023-11-30,2.439,2.417,237764.64,15
TRX,2023-11-30,0.1035,0.1035,466709.68,11
USDC,2023-11-30,0.9999,0.9999,16872.66,6
USDT,2023-11-30,1.0,1.0,16877.54,3
XRP,2023-11-30,0.6092,0.6063,51328256.52,5
ADA,2023-12-01,0.376,0.3843,16166992.58,8
AVAX,2023-12-01,21.39,21.86,66042744.23,13
BNB,2023-12-01,227.62,228.52,7264156.15,4
BTC,2023-12-01,37729.58,38699.84,1268612412.23,1
DOGE,2023-12-01,0.08343,0.08388,38407344.43,9
DOT,2023-12-01,5.472,5.476,10344896.6,12
ETH,2023-12-01,2052.93,2088.21,602439017.29,2
LTC,2023-12-01,69.44,71.62,17267737.16,14
MATIC,2023-12-01,0.7626,0.7995,21508328.59,10
SOL,2023-12-01,59.28,59.78,116934396.27,7
TON,2023-12-01,2.417,2.437,243593.88,15
TRX,2023-12-01,0.1035,0.1031,656075.89,11
USDC,2023-12-01,0.9999,1.0,32941.0,6
USDT,2023-12-01,1.0,1.0,32956.54,3
XRP,2023-12-01,0.6063,0.6129,37920515.39,5
ADA,2023-12-02,0.3843,0.3979,13643162.2,8
AVAX,2023-12-02,21.86,22.26,27342797.07,13
BNB,2023-12-02,228.52,229.12,8667717.31,4
BTC,2023-12-02,38699.84,39469.35,677167721.21,1
DOGE,2023-12-02,0.08388,0.08623,25864238.39,9
DOT,2023-12-02,5.476,5.565,6676528.96,12
ETH,2023-12-02,2088.21,2165.6,395659097.47,2
LTC,2023-12-02,71.62,72.23,10275691.18,14
MATIC,2023-12-02,0.7995,0.8155,23902404.04,10
SOL,2023-12-02,59.78,63.71,120751779.39,7
TON,2023-12-02,2.437,2.494,236322.22,15
TRX,2023-12-02,0.1031,0.1033,564893.29,11
USDC,2023-12-02,1.0,1.0,17299.45,6
USDT,2023-12-02,1.0,1.0,17307.59,3
XRP,2023-12-02,0.6129,0.621,27082942.58,5
ADA,2023-12-03,0.3979,0.395,14460506.61,8
AVAX,2023-12-03,22.26,21.94,24669084.51,13
BNB,2023-12-03,229.12,228.05,13577246.31,4
BTC,2023-12-03,39469.35,39980.93,638707315.07,1
DOGE,2023-12-03,0.08623,0.08575,33900850.13,9
DOT,2023-12-03,5.565,5.543,6481130.5,12
ETH,2023-12-03,2165.6,2193.78,406014985.22,2
LTC,2023-12-03,72.23,72.32,9314520.8,14
MATIC,2023-12-03,0.8155,0.8142,17070171.44,10
SOL,2023-12-03,63.71,63.0,165325950.81,7
TON,2023-12-03,2.494,2.427,241735.2,15
TRX,2023-12-03,0.1033,0.1031,618415.43,11
USDC,2023-12-03,1.0,0.9999,16086.24,6
USDT,2023-12-03,1.0,1.0,16091.41,3
XRP,2023-12-03,0.621,0.6233,36257750.24,5
ADA,2023-12-04,0.395,0.4068,36475053.95,8
AVAX,2023-12-04,21.94,22.67,50803109.9,13
BNB,2023-12-04,228.05,233.43,24577610.64,4
BTC,2023-12-04,39980.93,41984.41,2012390115.57,1
DOGE,2023-12-04,0.08575,0.09189,96957496.74,9
DOT,2023-12-04,5.543,5.632,17074810.96,12
ETH,2023-12-04,2193.78,2243.25,861288624.2,2
LTC,2023-12-04,72.32,72.9,35439186.52,14
MATIC,2023-12-04,0.8142,0.8102,25897266.06,10
SOL,2023-12-04,63.0,61.58,248450635.97,7
TON,2023-12-04,2.427,2.404,233655.86,15
TRX,2023-12-04,0.1031,0.1038,1483612.41,11
USDC,2023-12-04,0.9999,0.9999,48572.07,6
USDT,2023-12-04,1.0,0.9999,48569.75,3
XRP,2023-12-04,0.6233,0.6244,80977494.17,5
ADA,2023-12-05,0.4068,0.4259,31326986.94,8
AVAX,2023-12-05,22.67,24.55,61170272.65,13
BNB,2023-12-05,233.43,231.25,14572240.75,4
BTC,2023-12-05,41984.41,44089.06,2234743414.43,1
DOGE,2023-12-05,0.09189,0.09435,93826679.7,9
DOT,2023-12-05,5.632,5.907,15188973.3,12
ETH,2023-12-05,2243.25,2293.88,844781771.01,2
LTC,2023-12-05,72.9,74.35,19109895.65,14
MATIC,2023-12-05,0.8102,0.8134,14802366.26,10
SOL,2023-12-05,61.58,61.01,148106810.76,7
TON,2023-12-05,2.404,2.392,251488.16,15
TRX,2023-12-05,0.1038,0.1036,991292.84,11
USDC,2023-12-05,0.9999,1.0,52083.91,6
USDT,2023-12-05,0.9999,1.0,52103.65,3
XRP,2023-12-05,0.6244,0.6211,58338907.74,5
ADA,2023-12-06,0.4259,0.4428,44587297.07,8
AVAX,2023-12-06,24.55,26.2,130090283.9,12
BNB,2023-12-06,231.25,229.49,14473116.45,4
BTC,2023-12-06,44089.06,43771.01,1715623988.73,1
DOGE,2023-12-06,0.09435,0.09488,205376782.35,9
DOT,2023-12-06,5.907,6.044,19412363.36,13
ETH,2023-12-06,2293.88,2232.96,721010308.06,2
LTC,2023-12-06,74.35,72.43,19226166.2,14
MATIC,2023-12-06,0.8134,0.8196,23515606.79,10
SOL,2023-12-06,61.01,61.86,243125138.39,7
TON,2023-12-06,2.392,2.311,220961.44,15
TRX,2023-12-06,0.1036,0.1048,1416880.63,11
USDC,2023-12-06,1.0,1.0,39086.87,6
USDT,2023-12-06,1.0,1.0,39088.48,3
XRP,2023-12-06,0.6211,0.6403,85452976.06,5
ADA,2023-12-07,0.4428,0.4558,37009371.6,8
AVAX,2023-12-07,26.2,26.28,90753676.61,12
BNB,2023-12-07,229.49,232.7,15904825.93,4
BTC,2023-12-07,43771.01,43285.02,1320509439.92,1
DOGE,2023-12-07,0.09488,0.09593,82436028.71,9
DOT,2023-12-07,6.044,6.243,13033886.21,13
ETH,2023-12-07,2232.96,2356.77,803734991.96,2
LTC,2023-12-07,72.43,74.04,16849671.02,14
MATIC,2023-12-07,0.8196,0.8425,28261126.29,10
SOL,2023-12-07,61.86,67.78,266641722.61,7
TON,2023-12-07,2.311,2.276,239138.16,15
TRX,2023-12-07,0.1048,0.1043,306278.01,11
USDC,2023-12-07,1.0,1.0,30382.65,6
USDT,2023-12-07,1.0,1.0,30388.89,3
XRP,2023-12-07,0.6403,0.6434,88040104.38,5
ADA,2023-12-08,0.4558,0.5457,100649263.52,8
AVAX,2023-12-08,26.28,30.45,101916890.72,12
BNB,2023-12-08,232.7,238.96,15864294.81,4
BTC,2023-12-08,43285.02,44186.18,1292562850.41,1
DOGE,2023-12-08,0.09593,0.1017,70890138.12,9
DOT,2023-12-08,6.243,6.841,21597221.69,13
ETH,2023-12-08,2356.77,2358.94,720748174.99,2
LTC,2023-12-08,74.04,78.53,34249328.24,14
MATIC,2023-12-08,0.8425,0.9063,31458420.89,10
SOL,2023-12-08,67.78,74.94,302233341.73,6
TON,2023-12-08,2.276,2.328,224550.84,15
TRX,2023-12-08,0.1043,0.1067,1027377.23,11
USDC,2023-12-08,1.0,1.0,29501.57,7
USDT,2023-12-08,1.0,1.0,29511.61,3
XRP,2023-12-08,0.6434,0.6725,85038382.84,5
ADA,2023-12-09,0.5457,0.5791,127776041.13,8
AVAX,2023-12-09,30.45,31.91,127673327.18,12
BNB,2023-12-09,238.96,237.77,20087506.95,4
BTC,2023-12-09,44186.18,43723.0,662982186.27,1
DOGE,2023-12-09,0.1017,0.0985,63273094.38,9
DOT,2023-12-09,6.841,7.107,29880990.95,13
ETH,2023-12-09,2358.94,2341.13,469803736.49,2
LTC,2023-12-09,78.53,76.34,22141542.45,14
MATIC,2023-12-09,0.9063,0.8839,34544148.06,10
SOL,2023-12-09,74.94,72.25,274764488.15,6
TON,2023-12-09,2.328,2.323,223407.52,15
TRX,2023-12-09,0.1067,0.1067,1130824.33,11
USDC,2023-12-09,1.0,1.0,15065.81,7
USDT,2023-12-09,1.0,1.0,15069.16,3
XRP,2023-12-09,0.6725,0.6586,109454903.97,5
ADA,2023-12-10,0.5791,0.5948,63105304.36,8
AVAX,2023-12-10,31.91,37.15,121335742.03,11
BNB,2023-12-10,237.77,239.85,8810752.3,4
BTC,2023-12-10,43723.0,43791.67,503801762.3,1
DOGE,2023-12-10,0.0985,0.1019,40587392.64,9
DOT,2023-12-10,7.107,7.349,14391842.66,13
ETH,2023-12-10,2341.13,2352.31,319769603.62,2
LTC,2023-12-10,76.34,77.17,15337657.94,14
MATIC,2023-12-10,0.8839,0.9228,21828052.81,10
SOL,2023-12-10,72.25,74.81,178843239.76,6
TON,2023-12-10,2.323,2.321,229049.65,15
TRX,2023-12-10,0.1067,0.1078,547052.08,12
USDC,2023-12-10,1.0,1.0,11497.88,7
USDT,2023-12-10,1.0,1.0,11498.21,3
XRP,2023-12-10,0.6586,0.6616,47367128.8,5
ADA,2023-12-11,0.5948,0.5506,88506725.04,8
AVAX,2023-12-11,37.15,38.02,180590061.14,10
BNB,2023-12-11,239.85,246.3,33771866.96,4
BTC,2023-12-11,43791.67,41235.58,2446801856.72,1
DOGE,2023-12-11,0.1019,0.09414,120528274.26,9
DOT,2023-12-11,7.349,6.705,25251668.35,13
ETH,2023-12-11,2352.31,2224.1,991604563.0,2
LTC,2023-12-11,77.17,72.66,27181085.54,14
MATIC,2023-12-11,0.9228,0.842,40047531.26,11
SOL,2023-12-11,74.81,70.24,308479568.76,6
TON,2023-12-11,2.321,2.141,217780.84,15
TRX,2023-12-11,0.1078,0.1039,1134582.24,12
USDC,2023-12-11,1.0,1.0,58698.81,7
USDT,2023-12-11,1.0,0.9996,58665.24,3
XRP,2023-12-11,0.6616,0.6187,88641210.79,5
ADA,2023-12-12,0.5506,0.5783,69140733.09,8
AVAX,2023-12-12,38.02,37.49,209639159.52,10
BNB,2023-12-12,246.3,254.44,34931707.42,4
BTC,2023-12-12,41235.58,41472.94,1305859570.88,1
DOGE,2023-12-12,0.09414,0.09377,52455434.59,9
DOT,2023-12-12,6.705,7.129,23582062.76,13
ETH,2023-12-12,2224.1,2202.33,651964538.12,2
LTC,2023-12-12,72.66,72.34,12560449.47,14
MATIC,2023-12-12,0.842,0.8856,31535677.64,11
SOL,2023-12-12,70.24,68.54,215905905.74,7
TON,2023-12-12,2.141,2.155,205893.09,15
TRX,2023-12-12,0.1039,0.1037,590360.47,12
USDC,2023-12-12,1.0,1.0,31480.76,6
USDT,2023-12-12,0.9996,0.9996,31467.08,3
XRP,2023-12-12,0.6187,0.6189,53098704.09,5
ADA,2023-12-13,0.5783,0.6674,103041993.48,8
AVAX,2023-12-13,37.49,38.96,166296880.41,10
BNB,2023-12-13,254.44,252.14,22242569.88,4
BTC,2023-12-13,41472.94,42887.55,1517574126.2,1
DOGE,2023-12-13,0.09377,0.09642,50915916.09,9
DOT,2023-12-13,7.129,7.603,22191097.08,12
ETH,2023-12-13,2202.33,2260.72,739438151.2,2
LTC,2023-12-13,72.34,73.17,18346212.91,14
MATIC,2023-12-13,0.8856,0.8878,26788504.1,11
SOL,2023-12-13,68.54,70.63,216654897.34,6
TON,2023-12-13,2.155,2.229,214251.3,15
TRX,2023-12-13,0.1037,0.1043,690566.19,13
USDC,2023-12-13,1.0,1.0,36208.91,7
USDT,2023-12-13,0.9996,1.0,36218.8,3
XRP,2023-12-13,0.6189,0.6276,74470725.57,5
ADA,2023-12-14,0.6674,0.6436,84172536.92,8
AVAX,2023-12-14,38.96,39.3,101448495.2,10
BNB,2023-12-14,252.14,253.32,17365825.47,4
BTC,2023-12-14,42887.55,43030.6,1460749070.58,1
DOGE,2023-12-14,0.09642,0.09836,53743526.67,9
DOT,2023-12-14,7.603,7.508,20684519.59,13
ETH,2023-12-14,2260.72,2316.03,724615038.72,2
LTC,2023-12-14,73.17,72.94,25443480.76,14
MATIC,2023-12-14,0.8878,0.8842,31999944.47,11
SOL,2023-12-14,70.63,75.68,219979414.24,6
TON,2023-12-14,2.229,2.215,216650.11,15
TRX,2023-12-14,0.1043,0.1061,827054.67,12
USDC,2023-12-14,1.0,0.9999,34164.27,7
USDT,2023-12-14,1.0,1.0,34172.23,3
XRP,2023-12-14,0.6276,0.6318,65377508.14,5
ADA,2023-12-15,0.6436,0.6005,51328248.67,8
AVAX,2023-12-15,39.3,39.73,120211000.8,10
BNB,2023-12-15,253.32,244.88,10644975.01,4
BTC,2023-12-15,43030.6,41939.16,1065004798.33,1
DOGE,2023-12-15,0.09836,0.09299,38189673.05,9
DOT,2023-12-15,7.508,6.947,21168760.2,13
ETH,2023-12-15,2316.03,2220.32,564042261.96,2
LTC,2023-12-15,72.94,70.93,15395878.85,14
MATIC,2023-12-15,0.8842,0.838,20878960.18,11
SOL,2023-12-15,75.68,72.52,258890929.58,6
TON,2023-12-15,2.215,2.16,208696.63,15
TRX,2023-12-15,0.1061,0.1015,536667.33,12
USDC,2023-12-15,0.9999,1.0,25157.32,7
USDT,2023-12-15,1.0,1.0,25157.34,3
XRP,2023-12-15,0.6318,0.6154,59421169.02,5
ADA,2023-12-16,0.6005,0.6076,31500439.37,8
AVAX,2023-12-16,39.73,42.17,140805157.1,10
BNB,2023-12-16,244.88,244.21,7766719.74,4
BTC,2023-12-16,41939.16,42243.26,570286280.98,1
DOGE,2023-12-16,0.09299,0.0971,26144689.87,9
DOT,2023-12-16,6.947,7.09,16076841.92,13
ETH,2023-12-16,2220.32,2227.14,301358311.22,2
LTC,2023-12-16,70.93,72.15,9379715.53,14
MATIC,2023-12-16,0.838,0.8507,11048147.43,11
SOL,2023-12-16,72.52,73.67,180819746.35,6
TON,2023-12-16,2.158,2.185,42407.41,15
TRX,2023-12-16,0.1015,0.1028,457218.1,12
USDC,2023-12-16,1.0,1.0,13495.86,7
USDT,2023-12-16,1.0,0.9992,13485.13,3
XRP,2023-12-16,0.6154,0.62,26488361.34,5
ADA,2023-12-17,0.6076,0.5799,27518947.96,8
AVAX,2023-12-17,42.17,40.55,83990230.15,10
BNB,2023-12-17,244.21,238.83,7478767.33,4
BTC,2023-12-17,42243.26,41349.42,772939037.53,1
DOGE,2023-12-17,0.0971,0.09287,27573560.95,9
DOT,2023-12-17,7.09,6.782,10408827.92,13
ETH,2023-12-17,2227.14,2194.84,338828172.15,2
LTC,2023-12-17,72.15,71.14,11864809.78,14
MATIC,2023-12-17,0.8507,0.8168,11570092.76,11
SOL,2023-12-17,73.67,70.77,146257335.89,6
TON,2023-12-17,2.181,2.163,213000.63,15
TRX,2023-12-17,0.1028,0.102,488913.58,12
USDC,2023-12-17,1.0,1.0,18464.7,7
USDT,2023-12-17,0.9992,0.9994,18449.23,3
XRP,2023-12-17,0.62,0.6098,28504408.02,5
ADA,2023-12-18,0.5799,0.6023,39546975.44,8
AVAX,2023-12-18,40.55,41.15,112733527.24,10
BNB,2023-12-18,238.83,241.66,10873959.37,4
BTC,2023-12-18,41349.42,42650.27,1362661202.35,1
DOGE,2023-12-18,0.09287,0.09212,40621215.58,9
DOT,2023-12-18,6.782,6.881,18811424.88,13
ETH,2023-12-18,2194.84,2218.75,595550230.79,2
LTC,2023-12-18,71.14,70.85,15213091.12,14
MATIC,2023-12-18,0.8168,0.8008,46729795.09,11
SOL,2023-12-18,70.77,74.41,219825107.3,6
TON,2023-12-18,2.163,2.131,210691.22,15
TRX,2023-12-18,0.102,0.101,1076168.4,12
USDC,2023-12-18,1.0,1.0,32863.38,7
USDT,2023-12-18,0.9994,0.9999,32855.81,3
XRP,2023-12-18,0.6098,0.6124,61310805.88,5
ADA,2023-12-19,0.6023,0.5761,36183847.11,8
AVAX,2023-12-19,41.15,39.75,99860884.68,10
BNB,2023-12-19,241.66,252.81,29404454.32,4
BTC,2023-12-19,42650.27,42268.08,1318306822.38,1
DOGE,2023-12-19,0.09212,0.09019,30534253.15,9
DOT,2023-12-19,6.881,6.704,12808746.6,13
ETH,2023-12-19,2218.75,2177.38,627857676.22,2
LTC,2023-12-19,70.85,70.69,9454687.04,14
MATIC,2023-12-19,0.8008,0.7656,47051809.57,11
SOL,2023-12-19,74.41,73.02,179576744.2,6
TON,2023-12-19,2.131,2.143,212683.03,15
TRX,2023-12-19,0.101,0.1006,530488.43,12
USDC,2023-12-19,1.0,1.0,30945.96,7
USDT,2023-12-19,0.9999,0.9998,30934.43,3
XRP,2023-12-19,0.6124,0.6045,41723125.04,5
ADA,2023-12-20,0.5761,0.5897,36324237.14,8
AVAX,2023-12-20,39.75,43.47,127028190.68,10
BNB,2023-12-20,252.81,260.4,18116882.48,4
BTC,2023-12-20,42268.08,43669.91,1805958609.9,1
DOGE,2023-12-20,0.09019,0.09149,33571168.73,9
DOT,2023-12-20,6.704,6.949,14744132.87,13
ETH,2023-12-20,2177.38,2202.03,799599916.57,2
LTC,2023-12-20,70.69,69.8,24963342.73,14
MATIC,2023-12-20,0.7656,0.7759,58193904.2,11
SOL,2023-12-20,73.02,82.23,383777008.35,5
TON,2023-12-20,2.143,2.221,209962.92,15
TRX,2023-12-20,0.1006,0.1027,440140.33,12
USDC,2023-12-20,1.0,1.0,41480.47,7
USDT,2023-12-20,0.9998,1.0,41482.97,3
XRP,2023-12-20,0.6045,0.617,63859287.1,6
ADA,2023-12-21,0.5897,0.6352,47124211.64,8
AVAX,2023-12-21,43.47,45.98,140708948.16,10
BNB,2023-12-21,260.4,272.16,18927955.99,4
BTC,2023-12-21,43669.91,43875.01,1306652594.38,1
DOGE,2023-12-21,0.09149,0.09499,55786342.64,9
DOT,2023-12-21,6.949,8.429,51533293.78,11
ETH,2023-12-21,2202.03,2239.88,702166382.68,2
LTC,2023-12-21,69.8,70.93,21631922.4,14
MATIC,2023-12-21,0.7759,0.8167,42668546.26,12
SOL,2023-12-21,82.23,93.89,440410282.27,5
TON,2023-12-21,2.233,2.245,150953.31,15
TRX,2023-12-21,0.1027,0.1047,654636.35,13
USDC,2023-12-21,1.0,1.0,29877.76,7
USDT,2023-12-21,1.0,1.0,29882.19,3
XRP,2023-12-21,0.617,0.6241,60052134.35,6
ADA,2023-12-22,0.6352,0.6232,46090038.3,8
AVAX,2023-12-22,45.98,45.38,139311865.48,10
BNB,2023-12-22,272.16,271.31,14929462.76,4
BTC,2023-12-22,43875.01,44008.04,1084076406.5,1
DOGE,2023-12-22,0.09499,0.09504,37156480.08,9
DOT,2023-12-22,8.429,7.961,28850593.25,12
ETH,2023-12-22,2239.88,2326.53,904108088.07,2
LTC,2023-12-22,70.93,73.67,23843683.57,14
MATIC,2023-12-22,0.8167,0.8782,39728008.81,11
SOL,2023-12-22,93.89,98.01,480720090.97,5
TON,2023-12-22,2.245,2.257,66366.15,15
TRX,2023-12-22,0.1047,0.1053,514841.94,13
USDC,2023-12-22,1.0,1.0,393090.89,7
USDT,2023-12-22,1.0,1.001,566251022.37,3
XRP,2023-12-22,0.6241,0.6249,51477615.89,6
ADA,2023-12-23,0.6232,0.6132,23815067.24,8
AVAX,2023-12-23,45.38,48.05,100130608.12,10
BNB,2023-12-23,271.31,271.14,8059095.4,5
BTC,2023-12-23,44008.04,43732.75,479555333.8,1
DOGE,2023-12-23,0.09504,0.09348,18007041.91,9
DOT,2023-12-23,7.961,8.332,20287118.47,12
ETH,2023-12-23,2326.53,2309.54,441823544.27,2
LTC,2023-12-23,73.67,72.51,15791943.01,14
MATIC,2023-12-23,0.8782,0.8579,18149644.9,11
SOL,2023-12-23,98.01,107.95,362619938.06,4
TON,2023-12-23,2.237,2.218,209587.6,15
TRX,2023-12-23,0.1053,0.1068,604446.56,13
USDC,2023-12-23,1.0,1.0,192605.71,7
USDT,2023-12-23,1.001,1.001,282197010.37,3
XRP,2023-12-23,0.6249,0.6199,29517629.36,6
ADA,2023-12-24,0.6132,0.5923,46031678.74,8
AVAX,2023-12-24,48.05,47.71,129962190.36,10
BNB,2023-12-24,271.14,264.72,13741683.12,5
BTC,2023-12-24,43732.75,43023.12,621424795.87,1
DOGE,2023-12-24,0.09348,0.09178,28340618.23,9
DOT,2023-12-24,8.332,8.618,49850928.22,11
ETH,2023-12-24,2309.54,2265.42,439156963.98,2
LTC,2023-12-24,72.51,71.17,14720322.54,14
MATIC,2023-12-24,0.8579,0.8479,29317006.21,12
SOL,2023-12-24,107.95,112.54,628208432.61,4
TON,2023-12-24,2.218,2.185,211361.6,15
TRX,2023-12-24,0.1068,0.1063,564053.11,13
USDC,2023-12-24,1.0,1.0,14281.96,7
USDT,2023-12-24,1.001,1.001,14291.22,3
XRP,2023-12-24,0.6199,0.6127,46363697.27,6
ADA,2023-12-25,0.5923,0.6243,27705749.97,8
AVAX,2023-12-25,47.71,48.21,76441417.62,10
BNB,2023-12-25,264.72,266.92,10507082.75,5
BTC,2023-12-25,43023.12,43593.79,639501515.36,1
DOGE,2023-12-25,0.09178,0.09437,19665752.18,9
DOT,2023-12-25,8.618,9.195,46959172.58,11
ETH,2023-12-25,2265.42,2271.75,357468201.78,2
LTC,2023-12-25,71.17,72.24,10097018.37,14
MATIC,2023-12-25,0.8479,0.9129,42040589.24,12
SOL,2023-12-25,112.54,120.95,503068530.81,4
TON,2023-12-25,2.185,2.149,212644.6,15
TRX,2023-12-25,0.1063,0.1059,1216225.1,13
USDC,2023-12-25,1.0,1.0,14750.8,7
USDT,2023-12-25,1.001,1.0,14753.62,3
XRP,2023-12-25,0.6127,0.6463,67844711.73,6
ADA,2023-12-26,0.6243,0.6088,45715384.13,8
AVAX,2023-12-26,48.21,44.43,96274475.78,10
BNB,2023-12-26,266.92,297.79,57960012.92,4
BTC,2023-12-26,43593.79,42517.32,1297798884.96,1
DOGE,2023-12-26,0.09437,0.09137,32774113.12,9
DOT,2023-12-26,9.195,8.82,36341173.24,12
ETH,2023-12-26,2271.75,2230.94,603300122.32,2
LTC,2023-12-26,72.24,73.25,23451433.66,14
MATIC,2023-12-26,0.9129,1.019,99116287.72,11
SOL,2023-12-26,120.95,112.48,579248989.42,5
TON,2023-12-26,2.149,2.185,217482.98,15
TRX,2023-12-26,0.1059,0.1031,1784904.78,13
USDC,2023-12-26,1.0,1.0,30536.89,7
USDT,2023-12-26,1.0,1.0,30534.48,3
XRP,2023-12-26,0.6463,0.6221,72609515.86,6
ADA,2023-12-27,0.6088,0.6338,48072312.38,8
AVAX,2023-12-27,44.43,42.42,81759104.48,11
BNB,2023-12-27,297.79,324.41,48095735.38,4
BTC,2023-12-27,42517.32,43469.34,1178861473.09,1
DOGE,2023-12-27,0.09137,0.09367,22467976.05,9
DOT,2023-12-27,8.82,8.702,27482732.26,12
ETH,2023-12-27,2230.94,2380.34,910568561.01,2
LTC,2023-12-27,73.25,76.03,36634356.63,14
MATIC,2023-12-27,1.019,1.037,109413387.44,10
SOL,2023-12-27,112.48,106.93,413243902.0,5
TON,2023-12-27,2.185,2.17,212568.54,15
TRX,2023-12-27,0.1031,0.1054,477094.5,13
USDC,2023-12-27,1.0,1.0,392497.93,7
USDT,2023-12-27,1.0,1.001,593445511.43,3
XRP,2023-12-27,0.6221,0.6347,72980176.59,6
ADA,2023-12-28,0.6338,0.6162,75028590.44,8
AVAX,2023-12-28,42.42,39.83,83383274.31,11
BNB,2023-12-28,324.41,322.78,45954984.34,4
BTC,2023-12-28,43469.34,42588.94,1249335317.05,1
DOGE,2023-12-28,0.09367,0.09177,26380373.41,9
DOT,2023-12-28,8.702,8.436,25215555.29,12
ETH,2023-12-28,2380.34,2345.44,1106269642.94,2
LTC,2023-12-28,76.03,76.54,33561238.38,14
MATIC,2023-12-28,1.037,1.003,49239552.3,10
SOL,2023-12-28,106.93,101.85,425584617.17,5
TON,2023-12-28,2.17,2.207,223630.09,15
TRX,2023-12-28,0.1054,0.1057,745672.24,13
USDC,2023-12-28,1.0,1.0,463742.33,7
USDT,2023-12-28,1.001,1.001,640000531.89,3
XRP,2023-12-28,0.6347,0.635,106926068.68,6
ADA,2023-12-29,0.6162,0.6084,36034830.2,8
AVAX,2023-12-29,39.83,40.18,73691068.09,11
BNB,2023-12-29,322.78,313.78,26792132.11,4
BTC,2023-12-29,42588.94,42073.59,1450476730.93,1
DOGE,2023-12-29,0.09177,0.09101,23925609.04,9
DOT,2023-12-29,8.436,8.295,32405434.07,12
ETH,2023-12-29,2345.44,2299.64,827517118.66,2
LTC,2023-12-29,76.54,73.23,32904812.89,14
MATIC,2023-12-29,1.003,0.9737,41257574.67,10
SOL,2023-12-29,101.85,106.19,413104821.04,5
TON,2023-12-29,2.207,2.281,223423.43,15
TRX,2023-12-29,0.1057,0.1057,745802.95,13
USDC,2023-12-29,1.0,1.0,34273.96,7
USDT,2023-12-29,1.001,1.0,34274.38,3
XRP,2023-12-29,0.635,0.623,66901783.47,6
ADA,2023-12-30,0.6084,0.601,19182083.27,8
AVAX,2023-12-30,40.18,39.35,41329615.98,11
BNB,2023-12-30,313.78,317.11,16430019.5,4
BTC,2023-12-30,42073.59,42146.03,905852574.49,1
DOGE,2023-12-30,0.09101,0.09001,11394202.03,9
DOT,2023-12-30,8.295,8.354,13226837.98,12
ETH,2023-12-30,2299.64,2291.65,401063000.08,2
LTC,2023-12-30,73.23,73.24,18371519.08,14
MATIC,2023-12-30,0.9737,0.9507,16498623.6,10
SOL,2023-12-30,106.19,101.9,118196065.17,5
TON,2023-12-30,2.281,2.38,240917.66,15
TRX,2023-12-30,0.1057,0.106,529568.18,13
USDC,2023-12-30,1.0,0.9999,21510.22,7
USDT,2023-12-30,1.0,1.0,21512.92,3
XRP,2023-12-30,0.623,0.6208,31906077.71,6
ADA,2023-12-31,0.601,0.5938,18624274.57,8
AVAX,2023-12-31,39.35,38.54,39308048.47,11
BNB,2023-12-31,317.11,311.86,19691014.53,4
BTC,2023-12-31,42146.03,42280.14,912867128.16,1
DOGE,2023-12-31,0.09001,0.0895,10237464.1,9
DOT,2023-12-31,8.354,8.201,15116105.1,12
ETH,2023-12-31,2291.65,2281.36,470583638.73,2
LTC,2023-12-31,73.24,72.82,13298831.14,14
MATIC,2023-12-31,0.9507,0.9703,34122023.78,10
SOL,2023-12-31,101.9,101.73,153333876.77,5
TON,2023-12-31,2.38,2.325,226662.15,15
TRX,2023-12-31,0.106,0.1077,716977.32,13
USDC,2023-12-31,0.9999,1.0,21512.65,7
USDT,2023-12-31,1.0,0.9999,21507.11,3
XRP,2023-12-31,0.6208,0.6153,33401077.93,6
ADA,2024-01-01,0.5938,0.6234,19115404.63,8
AVAX,2024-01-01,38.54,41.94,46466547.73,11
BNB,2024-01-01,311.86,313.67,14746729.46,4
BTC,2024-01-01,42280.14,44197.61,839894208.67,1
DOGE,2024-01-01,0.0895,0.092,14363090.41,9
DOT,2024-01-01,8.201,8.598,12744118.67,12
ETH,2024-01-01,2281.36,2352.65,402344005.13,2
LTC,2024-01-01,72.82,74.74,12329474.65,14
MATIC,2024-01-01,0.9703,1.016,25336125.54,10
SOL,2024-01-01,101.73,110.02,185540221.33,5
TON,2024-01-01,2.325,2.353,230726.67,15
TRX,2024-01-01,0.1077,0.1078,392435.17,13
USDC,2024-01-01,1.0,1.0,19503.99,7
USDT,2024-01-01,0.9999,1.0,19507.29,3
XRP,2024-01-01,0.6153,0.6298,31921207.28,6
ADA,2024-01-02,0.6234,0.6052,29680628.54,8
AVAX,2024-01-02,41.94,40.61,63406608.75,10
BNB,2024-01-02,313.67,312.41,19482343.97,4
BTC,2024-01-02,44197.61,44970.34,2596745174.99,1
DOGE,2024-01-02,0.092,0.0911,33026702.48,9
DOT,2024-01-02,8.598,8.413,20765316.48,12
ETH,2024-01-02,2352.65,2356.28,822251765.93,2
LTC,2024-01-02,74.74,72.98,18998554.26,14
MATIC,2024-01-02,1.016,0.9696,31809628.8,11
SOL,2024-01-02,110.02,106.76,336798402.45,5
TON,2024-01-02,2.353,2.289,225307.35,15
TRX,2024-01-02,0.1078,0.1084,1121752.03,13
USDC,2024-01-02,1.0,1.0,57448.04,7
USDT,2024-01-02,1.0,1.0,57469.37,3
XRP,2024-01-02,0.6298,0.6246,69654840.01,6
ADA,2024-01-03,0.6052,0.5572,53874007.8,8
AVAX,2024-01-03,40.61,36.81,97072261.61,10
BNB,2024-01-03,312.41,315.96,45921730.86,4
BTC,2024-01-03,44970.34,42854.08,3533041051.83,1
DOGE,2024-01-03,0.0911,0.08203,59961786.12,9
DOT,2024-01-03,8.413,7.638,29836744.23,13
ETH,2024-01-03,2356.28,2210.57,1186045453.16,2
LTC,2024-01-03,72.98,65.29,36518838.45,14
MATIC,2024-01-03,0.9696,0.8545,54449658.75,11
SOL,2024-01-03,106.76,98.59,473070625.93,5
TON,2024-01-03,2.289,2.207,222975.67,15
TRX,2024-01-03,0.1084,0.1068,1745409.88,12
USDC,2024-01-03,1.0,0.9999,82046.18,7
USDT,2024-01-03,1.0,1.0,82076.82,3
XRP,2024-01-03,0.6246,0.5826,170644081.94,6
ADA,2024-01-04,0.5572,0.5704,27363954.9,8
AVAX,2024-01-04,36.81,38.74,60205949.89,10
BNB,2024-01-04,315.96,323.99,25180920.77,4
BTC,2024-01-04,42854.08,44194.38,2167748750.23,1
DOGE,2024-01-04,0.08203,0.08408,27993882.62,9
DOT,2024-01-04,7.638,7.885,13808294.0,12
ETH,2024-01-04,2210.57,2269.47,726479158.46,2
LTC,2024-01-04,65.29,66.49,23214617.35,14
MATIC,2024-01-04,0.8545,0.8843,20095832.06,11
SOL,2024-01-04,98.59,105.02,265350577.19,5
TON,2024-01-04,2.207,2.172,214596.56,15
TRX,2024-01-04,0.1068,0.1071,1014582.4,13
USDC,2024-01-04,0.9999,1.0,49540.72,7
USDT,2024-01-04,1.0,1.001,49586.28,3
XRP,2024-01-04,0.5826,0.5874,79903590.51,6
ADA,2024-01-05,0.5704,0.5419,31754702.64,8
AVAX,2024-01-05,38.74,36.48,57612514.13,10
BNB,2024-01-05,323.99,317.73,17990522.56,4
BTC,2024-01-05,44194.38,44178.89,2368276569.22,1
DOGE,2024-01-05,0.08408,0.08272,40946885.6,9
DOT,2024-01-05,7.885,7.454,16404040.48,13
ETH,2024-01-05,2269.47,2270.21,636927548.08,2
LTC,2024-01-05,66.49,66.05,23742254.58,14
MATIC,2024-01-05,0.8843,0.8534,22544902.53,11
SOL,2024-01-05,105.02,100.01,227782153.75,5
TON,2024-01-05,2.172,2.124,210241.27,15
TRX,2024-01-05,0.1071,0.1044,1299103.53,12
USDC,2024-01-05,1.0,1.0,54167.08,7
USDT,2024-01-05,1.001,1.001,54209.93,3
XRP,2024-01-05,0.5874,0.5763,82120434.08,6
ADA,2024-01-06,0.5419,0.5231,20137921.97,8
AVAX,2024-01-06,36.48,34.64,36999907.7,10
BNB,2024-01-06,317.73,307.57,13208042.43,4
BTC,2024-01-06,44178.89,43988.33,717065469.35,1
DOGE,2024-01-06,0.08272,0.08063,16266205.52,9
DOT,2024-01-06,7.454,7.131,12376928.79,13
ETH,2024-01-06,2270.21,2241.73,344776545.69,2
LTC,2024-01-06,66.05,65.69,11415654.61,14
MATIC,2024-01-06,0.8534,0.8284,10316883.9,11
SOL,2024-01-06,100.01,93.83,155614848.08,5
TON,2024-01-06,2.124,2.159,215564.49,15
TRX,2024-01-06,0.1044,0.1039,744332.09,12
USDC,2024-01-06,1.0,1.0,16351.74,7
USDT,2024-01-06,1.001,1.0,16359.68,3
XRP,2024-01-06,0.5763,0.5683,28101990.35,6
ADA,2024-01-07,0.5231,0.4946,20255458.38,8
AVAX,2024-01-07,34.64,33.64,40408440.03,10
BNB,2024-01-07,307.57,302.56,8751940.99,4
BTC,2024-01-07,43988.33,43950.84,884154712.5,1
DOGE,2024-01-07,0.08063,0.07828,16083010.69,9
DOT,2024-01-07,7.131,6.901,12633833.32,13
ETH,2024-01-07,2241.73,2222.73,368349920.27,2
LTC,2024-01-07,65.69,64.31,11029667.15,14
MATIC,2024-01-07,0.8284,0.8017,7736762.58,11
SOL,2024-01-07,93.83,89.49,194515458.54,5
TON,2024-01-07,2.159,2.214,224831.06,15
TRX,2024-01-07,0.1039,0.1028,433288.86,12
USDC,2024-01-07,1.0,0.9999,20055.05,6
USDT,2024-01-07,1.0,1.001,20066.7,3
XRP,2024-01-07,0.5683,0.5518,30841077.57,7
ADA,2024-01-08,0.4946,0.5416,42975948.45,8
AVAX,2024-01-08,33.64,36.11,77630920.56,10
BNB,2024-01-08,302.56,303.97,19213708.41,4
BTC,2024-01-08,43950.84,46988.14,3000303504.99,1
DOGE,2024-01-08,0.07828,0.08137,34856849.15,9
DOT,2024-01-08,6.901,7.488,16199417.68,13
ETH,2024-01-08,2222.73,2332.66,729642394.88,2
LTC,2024-01-08,64.31,67.79,30666145.45,14
MATIC,2024-01-08,0.8017,0.8425,24250329.03,11
SOL,2024-01-08,89.49,98.01,387659355.78,5
TON,2024-01-08,2.214,2.28,225718.9,15
TRX,2024-01-08,0.1028,0.1043,1197303.21,12
USDC,2024-01-08,0.9999,1.0,66055.64,7
USDT,2024-01-08,1.001,1.001,66109.47,3
XRP,2024-01-08,0.5518,0.5781,96955976.7,6
ADA,2024-01-09,0.5416,0.5123,30498183.66,8
AVAX,2024-01-09,36.11,34.66,65196457.84,10
BNB,2024-01-09,303.97,301.14,19604411.53,4
BTC,2024-01-09,46988.14,46123.0,3083632967.78,1
DOGE,2024-01-09,0.08137,0.07923,76960515.9,9
DOT,2024-01-09,7.488,7.128,14381943.88,13
ETH,2024-01-09,2332.66,2344.97,935753315.62,2
LTC,2024-01-09,67.79,67.01,27926816.06,14
MATIC,2024-01-09,0.8425,0.8065,16338603.9,11
SOL,2024-01-09,98.01,99.45,312351025.26,5
TON,2024-01-09,2.28,2.198,220642.21,15
TRX,2024-01-09,0.1043,0.1028,869411.44,12
USDC,2024-01-09,1.0,1.0,66283.97,7
USDT,2024-01-09,1.001,1.0,66300.85,3
XRP,2024-01-09,0.5781,0.5669,107754625.0,6
ADA,2024-01-10,0.5123,0.5662,48877074.88,8
AVAX,2024-01-10,34.66,38.54,63439085.62,10
BNB,2024-01-10,301.14,305.81,20616612.38,4
BTC,2024-01-10,46123.0,46667.48,3677964834.63,1
DOGE,2024-01-10,0.07923,0.08306,48888679.69,9
DOT,2024-01-10,7.128,7.986,22518274.6,12
ETH,2024-01-10,2344.97,2584.69,1859360455.9,2
LTC,2024-01-10,67.01,70.1,30834638.51,14
MATIC,2024-01-10,0.8065,0.8998,36731275.3,11
SOL,2024-01-10,99.45,102.01,339477432.84,5
TON,2024-01-10,2.198,2.272,224144.86,15
TRX,2024-01-10,0.1028,0.1053,1627580.3,13
USDC,2024-01-10,1.0,1.0,80224.54,7
USDT,2024-01-10,1.0,1.0,80255.63,3
XRP,2024-01-10,0.5669,0.6005,127486286.45,6
ADA,2024-01-11,0.5662,0.5821,55068404.21,8
AVAX,2024-01-11,38.54,39.31,73578102.7,10
BNB,2024-01-11,305.81,308.34,23128651.45,4
BTC,2024-01-11,46667.48,46353.15,3638877778.74,1
DOGE,2024-01-11,0.08306,0.08458,47817865.95,9
DOT,2024-01-11,7.986,8.15,33979676.42,12
ETH,2024-01-11,2584.69,2618.71,1478952412.93,2
LTC,2024-01-11,70.1,71.9,36710138.23,14
MATIC,2024-01-11,0.8998,0.9265,39994193.6,11
SOL,2024-01-11,102.01,99.9,365424742.88,5
TON,2024-01-11,2.272,2.222,217649.73,15
TRX,2024-01-11,0.1053,0.1061,1487811.65,13
USDC,2024-01-11,1.0,1.0,77569.86,7
USDT,2024-01-11,1.0,1.0,77570.09,3
XRP,2024-01-11,0.6005,0.6019,109371417.13,6
ADA,2024-01-12,0.5821,0.5476,33456394.83,8
AVAX,2024-01-12,39.31,35.89,55520582.25,11
BNB,2024-01-12,308.34,296.57,20083848.92,4
BTC,2024-01-12,46353.15,42776.42,3855256978.62,1
DOGE,2024-01-12,0.08458,0.08008,34563255.36,9
DOT,2024-01-12,8.15,7.564,19450592.07,13
ETH,2024-01-12,2618.71,2522.11,1587803065.78,2
LTC,2024-01-12,71.9,72.92,49709734.75,14
MATIC,2024-01-12,0.9265,0.8631,31110206.6,10
SOL,2024-01-12,99.9,92.06,260070066.81,5
TON,2024-01-12,2.222,2.144,217261.99,15
TRX,2024-01-12,0.1061,0.1069,1325677.34,12
USDC,2024-01-12,1.0,1.0,608566.68,7
USDT,2024-01-12,1.0,0.9998,87015.34,3
XRP,2024-01-12,0.6019,0.5698,85289650.53,6
ADA,2024-01-13,0.5476,0.5489,14777224.52,8
AVAX,2024-01-13,35.89,36.49,27622655.07,11
BNB,2024-01-13,296.57,302.02,10796146.1,4
BTC,2024-01-13,42776.42,42839.19,986309535.03,1
DOGE,2024-01-13,0.08008,0.08093,14944554.54,9
DOT,2024-01-13,7.564,7.615,11548876.4,13
ETH,2024-01-13,2522.11,2577.89,789992067.14,2
LTC,2024-01-13,72.92,72.0,17209216.69,14
MATIC,2024-01-13,0.8631,0.8815,10381332.08,10
SOL,2024-01-13,92.06,95.84,176768882.52,5
TON,2024-01-13,2.144,2.111,209172.03,15
TRX,2024-01-13,0.1069,0.1142,2771356.47,12
USDC,2024-01-13,1.0,1.0,309807.52,7
USDT,2024-01-13,0.9998,0.9998,23020.24,3
XRP,2024-01-13,0.5698,0.5746,23304468.69,6
ADA,2024-01-14,0.5489,0.5248,13237631.33,8
AVAX,2024-01-14,36.49,35.25,34335661.87,10
BNB,2024-01-14,302.02,299.23,8034576.89,4
BTC,2024-01-14,42839.19,41704.39,924871801.97,1
DOGE,2024-01-14,0.08093,0.07998,21293541.83,9
DOT,2024-01-14,7.615,7.32,7750691.84,13
ETH,2024-01-14,2577.89,2470.94,554407683.57,2
LTC,2024-01-14,72.0,69.74,17374189.51,14
MATIC,2024-01-14,0.8815,0.837,10790285.98,11
SOL,2024-01-14,95.84,93.8,292699629.29,5
TON,2024-01-14,2.111,2.28,232101.02,15
TRX,2024-01-14,0.1142,0.1112,1795489.83,12
USDC,2024-01-14,1.0,1.0,21730.52,7
USDT,2024-01-14,0.9998,0.9993,21715.71,3
XRP,2024-01-14,0.5746,0.5759,35728110.06,6
ADA,2024-01-15,0.5248,0.5274,12984389.91,8
AVAX,2024-01-15,35.25,35.58,21388397.07,10
BNB,2024-01-15,299.23,317.32,37959424.99,4
BTC,2024-01-15,41704.39,42491.26,1046074902.52,1
DOGE,2024-01-15,0.07998,0.08103,10069291.06,9
DOT,2024-01-15,7.32,7.503,8559039.71,13
ETH,2024-01-15,2470.94,2510.12,532405002.36,2
LTC,2024-01-15,69.74,69.08,13908864.33,14
MATIC,2024-01-15,0.837,0.844,9106377.64,11
SOL,2024-01-15,93.8,94.32,146162213.98,5
TON,2024-01-15,2.28,2.432,251768.01,15
TRX,2024-01-15,0.1112,0.1087,1418393.82,12
USDC,2024-01-15,1.0,1.0,24564.4,7
USDT,2024-01-15,0.9993,0.9994,24546.66,3
XRP,2024-01-15,0.5759,0.5753,47326687.4,6
ADA,2024-01-16,0.5274,0.5354,12633783.05,8
AVAX,2024-01-16,35.58,35.57,23966806.11,10
BNB,2024-01-16,317.32,315.16,14265392.15,4
BTC,2024-01-16,42491.26,43130.88,1565259395.93,1
DOGE,2024-01-16,0.08103,0.08131,17940119.81,9
DOT,2024-01-16,7.503,7.49,9986571.54,13
ETH,2024-01-16,2510.12,2586.91,665381293.48,2
LTC,2024-01-16,69.08,69.42,14767116.03,14
MATIC,2024-01-16,0.844,0.8449,10634426.09,11
SOL,2024-01-16,94.32,97.59,120612864.67,5
TON,2024-01-16,2.432,2.429,235900.71,15
TRX,2024-01-16,0.1087,0.1081,704379.18,12
USDC,2024-01-16,1.0,1.0,36433.21,7
USDT,2024-01-16,0.9994,0.9998,36421.74,3
XRP,2024-01-16,0.5753,0.5755,42860436.47,6
ADA,2024-01-17,0.5354,0.5278,11914369.9,8
AVAX,2024-01-17,35.57,36.03,30033897.23,10
BNB,2024-01-17,315.16,309.09,17827518.31,4
BTC,2024-01-17,43130.88,42739.27,1403011843.2,1
DOGE,2024-01-17,0.08131,0.08053,11274429.09,9
DOT,2024-01-17,7.49,7.34,9891084.65,13
ETH,2024-01-17,2586.91,2528.09,546139971.58,2
LTC,2024-01-17,69.42,69.4,13317062.27,14
MATIC,2024-01-17,0.8449,0.8098,12062983.26,11
SOL,2024-01-17,97.59,102.07,298186323.38,5
TON,2024-01-17,2.429,2.293,228173.57,15
TRX,2024-01-17,0.1081,0.1083,1009033.63,12
USDC,2024-01-17,1.0,1.0,32915.28,7
USDT,2024-01-17,0.9998,0.9991,703082335.53,3
XRP,2024-01-17,0.5755,0.568,51694447.57,6
ADA,2024-01-18,0.5278,0.5019,22031418.99,8
AVAX,2024-01-18,36.03,33.56,37408584.12,10
BNB,2024-01-18,309.09,312.71,20123018.51,4
BTC,2024-01-18,42739.27,41286.68,1885882508.36,1
DOGE,2024-01-18,0.08053,0.07802,16150382.94,9
DOT,2024-01-18,7.34,7.012,14029644.36,13
ETH,2024-01-18,2528.09,2468.6,747913574.26,2
LTC,2024-01-18,69.4,68.03,20575647.8,14
MATIC,2024-01-18,0.8098,0.7851,12057210.38,11
SOL,2024-01-18,102.07,94.31,243385487.07,5
TON,2024-01-18,2.293,2.226,217770.37,15
TRX,2024-01-18,0.1083,0.108,802614.98,12
USDC,2024-01-18,1.0,1.0,45178.38,6
USDT,2024-01-18,0.9991,0.9991,45138.51,3
XRP,2024-01-18,0.568,0.5515,69806119.11,7
ADA,2024-01-19,0.5019,0.5041,24225478.61,8
AVAX,2024-01-19,33.56,32.7,39167335.67,11
BNB,2024-01-19,312.71,314.48,13775959.72,4
BTC,2024-01-19,41286.68,41625.47,1864062474.18,1
DOGE,2024-01-19,0.07802,0.0785,22063808.02,9
DOT,2024-01-19,7.012,6.886,12888082.29,13
ETH,2024-01-19,2468.6,2490.05,743840311.23,2
LTC,2024-01-19,68.03,71.24,21596939.57,14
MATIC,2024-01-19,0.7851,0.7616,14890999.8,12
SOL,2024-01-19,94.31,93.59,236970884.44,5
TON,2024-01-19,2.226,2.212,212771.1,15
TRX,2024-01-19,0.108,0.1104,938621.12,10
USDC,2024-01-19,1.0,1.0,45195.92,6
USDT,2024-01-19,0.9991,0.9992,45154.31,3
XRP,2024-01-19,0.5515,0.5438,97774344.94,7
ADA,2024-01-20,0.5041,0.5157,13288154.41,8
AVAX,2024-01-20,32.7,32.87,17261496.47,11
BNB,2024-01-20,314.48,317.12,6567773.66,4
BTC,2024-01-20,41625.47,41677.08,544668570.57,1
DOGE,2024-01-20,0.0785,0.09054,51835982.45,9
DOT,2024-01-20,6.886,6.911,7202474.51,13
ETH,2024-01-20,2490.05,2470.31,283565628.23,2
LTC,2024-01-20,71.24,71.31,19276210.0,14
MATIC,2024-01-20,0.7616,0.7868,7801733.63,12
SOL,2024-01-20,93.59,92.75,83748239.1,5
TON,2024-01-20,2.197,2.257,32384.62,15
TRX,2024-01-20,0.1104,0.11,579185.12,10
USDC,2024-01-20,1.0,1.0,13100.49,6
USDT,2024-01-20,0.9992,0.9996,13090.49,3
XRP,2024-01-20,0.5438,0.5532,45424819.94,7
ADA,2024-01-21,0.5157,0.5027,11359638.31,8
AVAX,2024-01-21,32.87,32.52,18009586.48,12
BNB,2024-01-21,317.12,318.59,6770882.51,4
BTC,2024-01-21,41677.08,41570.17,382561229.54,1
DOGE,2024-01-21,0.09054,0.08537,71048374.57,9
DOT,2024-01-21,6.911,6.809,4909828.39,13
ETH,2024-01-21,2470.31,2455.35,207909134.54,2
LTC,2024-01-21,71.31,71.66,10854627.46,14
MATIC,2024-01-21,0.7868,0.7827,7934451.25,11
SOL,2024-01-21,92.75,91.0,65332591.64,5
TON,2024-01-21,2.266,2.225,224047.88,15
TRX,2024-01-21,0.11,0.1089,712272.22,10
USDC,2024-01-21,1.0,1.0,9180.26,6
USDT,2024-01-21,0.9996,0.9997,9174.54,3
XRP,2024-01-21,0.5532,0.5461,19297306.88,7
ADA,2024-01-22,0.5027,0.4781,20281474.79,8
AVAX,2024-01-22,32.52,29.49,52953410.56,12
BNB,2024-01-22,318.59,305.6,10483455.31,4
BTC,2024-01-22,41570.17,39523.63,2270442343.15,1
DOGE,2024-01-22,0.08537,0.08045,60367615.91,9
DOT,2024-01-22,6.809,6.334,20346417.45,13
ETH,2024-01-22,2455.35,2311.54,908763742.8,2
LTC,2024-01-22,71.66,67.3,29466974.01,14
MATIC,2024-01-22,0.7827,0.7464,13965662.88,11
SOL,2024-01-22,91.0,83.74,219210749.54,5
TON,2024-01-22,2.225,2.132,207948.67,15
TRX,2024-01-22,0.1089,0.1092,917445.14,10
USDC,2024-01-22,1.0,1.0,56112.15,6
USDT,2024-01-22,0.9997,0.9989,56046.96,3
XRP,2024-01-22,0.5461,0.5269,60345886.42,7
ADA,2024-01-23,0.4781,0.477,26662218.68,8
AVAX,2024-01-23,29.49,30.61,62959360.65,11
BNB,2024-01-23,305.6,298.59,12794028.01,4
BTC,2024-01-23,39523.63,39876.44,1805745649.27,1
DOGE,2024-01-23,0.08045,0.07816,41447863.11,9
DOT,2024-01-23,6.334,6.357,15762364.39,13
ETH,2024-01-23,2311.54,2241.32,1064700522.86,2
LTC,2024-01-23,67.3,65.46,20811729.38,14
MATIC,2024-01-23,0.7464,0.725,12113970.94,12
SOL,2024-01-23,83.74,84.29,225799604.31,5
TON,2024-01-23,2.132,2.145,210339.84,15
TRX,2024-01-23,0.1092,0.1071,1064223.21,10
USDC,2024-01-23,1.0,1.0,46020.05,6
USDT,2024-01-23,0.9989,0.9994,45981.64,3
XRP,2024-01-23,0.5269,0.5178,56293437.0,7
ADA,2024-01-24,0.477,0.4762,20082829.73,8
AVAX,2024-01-24,30.61,31.19,54282444.09,11
BNB,2024-01-24,298.59,293.01,12536441.51,4
BTC,2024-01-24,39876.44,40078.62,1476062916.95,1
DOGE,2024-01-24,0.07816,0.07901,27290474.75,9
DOT,2024-01-24,6.357,6.461,11151127.68,13
ETH,2024-01-24,2241.32,2234.13,605305544.17,2
LTC,2024-01-24,65.46,66.11,12838102.26,14
MATIC,2024-01-24,0.725,0.7387,10984815.17,12
SOL,2024-01-24,84.29,88.74,178313499.48,5
TON,2024-01-24,2.145,2.138,216509.07,15
TRX,2024-01-24,0.1071,0.1088,487745.67,10
USDC,2024-01-24,1.0,1.0,37019.4,6
USDT,2024-01-24,0.9994,0.9998,37004.01,3
XRP,2024-01-24,0.5178,0.518,44447178.88,7
ADA,2024-01-25,0.4762,0.4663,14768929.71,8
AVAX,2024-01-25,31.19,30.47,24016074.7,12
BNB,2024-01-25,293.01,291.97,13678199.16,4
BTC,2024-01-25,40078.62,39941.74,1164224625.52,1
DOGE,2024-01-25,0.07901,0.07786,17565301.73,9
DOT,2024-01-25,6.461,6.433,9183509.43,13
ETH,2024-01-25,2234.13,2217.5,536955642.14,2
LTC,2024-01-25,66.11,65.48,11206377.63,14
MATIC,2024-01-25,0.7387,0.7321,6623805.87,11
SOL,2024-01-25,88.74,86.86,137852670.3,5
TON,2024-01-25,2.138,2.059,208519.09,15
TRX,2024-01-25,0.1088,0.112,1545198.32,10
USDC,2024-01-25,1.0,1.0,29187.82,6
USDT,2024-01-25,0.9998,0.9995,29169.68,3
XRP,2024-01-25,0.518,0.5135,45382378.96,7
ADA,2024-01-26,0.4663,0.4848,11513892.57,8
AVAX,2024-01-26,30.47,32.25,35877222.06,11
BNB,2024-01-26,291.97,302.04,12131589.16,4
BTC,2024-01-26,39941.74,41816.55,1763833855.75,1
DOGE,2024-01-26,0.07786,0.07983,17749617.06,9
DOT,2024-01-26,6.433,6.669,10715741.3,13
ETH,2024-01-26,2217.5,2267.33,631732275.0,2
LTC,2024-01-26,65.48,67.02,11352046.14,14
MATIC,2024-01-26,0.7321,0.7586,8908487.22,12
SOL,2024-01-26,86.86,92.23,174425970.74,5
TON,2024-01-26,2.059,2.082,204299.93,15
TRX,2024-01-26,0.112,0.1145,700472.59,10
USDC,2024-01-26,1.0,1.0,42743.15,6
USDT,2024-01-26,0.9995,0.9999,42733.8,3
XRP,2024-01-26,0.5135,0.532,47708774.33,7
ADA,2024-01-27,0.4848,0.4861,6933551.69,8
AVAX,2024-01-27,32.25,33.28,20931136.56,11
BNB,2024-01-27,302.04,305.69,6195411.91,4
BTC,2024-01-27,41816.55,42124.02,444567824.09,1
DOGE,2024-01-27,0.07983,0.08014,10977215.28,9
DOT,2024-01-27,6.669,6.668,7456671.42,13
ETH,2024-01-27,2267.33,2267.97,275424730.41,2
LTC,2024-01-27,67.02,68.08,8711456.14,14
MATIC,2024-01-27,0.7586,0.7881,9665437.49,12
SOL,2024-01-27,92.23,94.26,106729187.42,5
TON,2024-01-27,2.082,2.092,205743.92,15
TRX,2024-01-27,0.1145,0.1125,1500273.49,10
USDC,2024-01-27,1.0,1.0,10632.66,6
USDT,2024-01-27,0.9999,1.0,10633.29,3
XRP,2024-01-27,0.532,0.5303,15357729.06,7
ADA,2024-01-28,0.4861,0.4902,10575957.61,8
AVAX,2024-01-28,33.28,34.81,78468428.35,10
BNB,2024-01-28,305.69,305.13,7989290.95,4
BTC,2024-01-28,42124.02,42028.92,702267432.76,1
DOGE,2024-01-28,0.08014,0.07882,11707335.73,9
DOT,2024-01-28,6.668,6.87,7775679.77,13
ETH,2024-01-28,2267.97,2256.6,376754792.96,2
LTC,2024-01-28,68.08,68.37,9859221.98,14
MATIC,2024-01-28,0.7881,0.7891,11430432.48,12
SOL,2024-01-28,94.26,95.97,186982453.62,5
TON,2024-01-28,2.092,2.131,210851.25,15
TRX,2024-01-28,0.1125,0.1123,301577.58,11
USDC,2024-01-28,1.0,1.0,16616.02,6
USDT,2024-01-28,1.0,0.9999,16614.55,3
XRP,2024-01-28,0.5303,0.5241,19548273.55,7
ADA,2024-01-29,0.4902,0.5259,18477688.23,8
AVAX,2024-01-29,34.81,36.07,45107707.48,10
BNB,2024-01-29,305.13,310.69,7935835.75,4
BTC,2024-01-29,42028.92,43302.28,1184671101.99,1
DOGE,2024-01-29,0.07882,0.08135,35969143.19,9
DOT,2024-01-29,6.87,7.03,39020774.62,13
ETH,2024-01-29,2256.6,2317.51,490260629.87,2
LTC,2024-01-29,68.37,68.44,13456429.22,14
MATIC,2024-01-29,0.7891,0.8132,13628091.79,12
SOL,2024-01-29,95.97,101.67,238040517.8,5
TON,2024-01-29,2.131,2.122,200514.52,15
TRX,2024-01-29,0.1123,0.113,848156.06,11
USDC,2024-01-29,1.0,1.0,27785.19,6
USDT,2024-01-29,0.9999,1.0,27784.54,3
XRP,2024-01-29,0.5241,0.5351,43401088.61,7
ADA,2024-01-30,0.5259,0.5137,23122590.66,8
AVAX,2024-01-30,36.07,35.21,45401808.23,10
BNB,2024-01-30,310.69,307.65,6260850.82,4
BTC,2024-01-30,43302.28,42943.64,1498626265.1,1
DOGE,2024-01-30,0.08135,0.07973,16575635.83,9
DOT,2024-01-30,7.03,6.838,13932746.18,13
ETH,2024-01-30,2317.51,2343.1,655413615.82,2
LTC,2024-01-30,68.44,67.5,11122629.18,14
MATIC,2024-01-30,0.8132,0.7993,14274561.32,12
SOL,2024-01-30,101.67,101.4,297805475.9,5
TON,2024-01-30,2.122,2.066,208646.77,15
TRX,2024-01-30,0.113,0.112,622966.31,11
USDC,2024-01-30,1.0,1.0,34500.29,6
USDT,2024-01-30,1.0,1.0,34500.9,3
XRP,2024-01-30,0.5351,0.5109,56483482.57,7
ADA,2024-01-31,0.5137,0.4974,21079363.79,8
AVAX,2024-01-31,35.21,33.15,38865136.14,11
BNB,2024-01-31,307.65,300.18,7391212.04,4
BTC,2024-01-31,42943.64,42555.08,1695950546.73,1
DOGE,2024-01-31,0.07973,0.07873,14826301.94,9
DOT,2024-01-31,6.838,6.65,9300329.3,13
ETH,2024-01-31,2343.1,2281.77,621018581.0,2
LTC,2024-01-31,67.5,66.73,15309005.11,14
MATIC,2024-01-31,0.7993,0.7867,15582156.21,12
SOL,2024-01-31,101.4,96.89,328718164.93,5
TON,2024-01-31,2.066,2.072,199119.42,15
TRX,2024-01-31,0.112,0.1123,694305.44,10
USDC,2024-01-31,1.0,1.0,39494.19,6
USDT,2024-01-31,1.0,0.9994,39466.97,3
XRP,2024-01-31,0.5109,0.5029,72200835.84,7
ADA,2024-02-01,0.4974,0.5075,12455185.4,8
AVAX,2024-02-01,33.15,33.82,30756402.34,11
BNB,2024-02-01,300.18,300.13,7696589.75,4
BTC,2024-02-01,42555.08,43073.2,1234469121.23,1
DOGE,2024-02-01,0.07873,0.07932,10357342.24,9
DOT,2024-02-01,6.65,6.791,7430574.32,13
ETH,2024-02-01,2281.77,2303.34,495660912.66,2
LTC,2024-02-01,66.73,67.52,10305856.36,14
MATIC,2024-02-01,0.7867,0.811,10844023.31,12
SOL,2024-02-01,96.89,97.78,276962628.41,5
TON,2024-02-01,2.072,2.075,199379.28,15
TRX,2024-02-01,0.1123,0.1156,827861.88,10
USDC,2024-02-01,1.0,1.0,29020.67,6
USDT,2024-02-01,0.9994,0.9998,29011.35,3
XRP,2024-02-01,0.5029,0.5058,54360041.78,7
ADA,2024-02-02,0.5075,0.5143,16882425.72,8
AVAX,2024-02-02,33.82,36.76,42447641.53,10
BNB,2024-02-02,300.13,301.24,5991835.32,4
BTC,2024-02-02,43073.2,43181.71,1152442855.72,1
DOGE,2024-02-02,0.07932,0.07923,9341281.0,9
DOT,2024-02-02,6.791,6.944,6674502.62,13
ETH,2024-02-02,2303.34,2307.85,441562111.31,2
LTC,2024-02-02,67.52,68.02,8795118.17,14
MATIC,2024-02-02,0.811,0.7991,11425505.34,12
SOL,2024-02-02,97.78,100.51,237623484.03,5
TON,2024-02-02,2.075,2.07,203199.52,15
TRX,2024-02-02,0.1156,0.1162,1503226.56,11
USDC,2024-02-02,1.0,1.0,26781.63,6
USDT,2024-02-02,0.9998,0.9996,26768.16,3
XRP,2024-02-02,0.5058,0.5103,45856996.24,7
ADA,2024-02-03,0.5143,0.5123,9503845.18,8
AVAX,2024-02-03,36.76,35.94,27922546.97,10
BNB,2024-02-03,301.24,299.58,5016242.11,4
BTC,2024-02-03,43181.71,42999.52,325725942.96,1
DOGE,2024-02-03,0.07923,0.0787,4102266.03,9
DOT,2024-02-03,6.944,6.826,4087666.01,13
ETH,2024-02-03,2307.85,2295.87,222308235.56,2
LTC,2024-02-03,68.02,68.81,7843508.58,14
MATIC,2024-02-03,0.7991,0.7849,4944399.72,12
SOL,2024-02-03,100.51,97.9,123482853.55,5
TON,2024-02-03,2.07,2.043,199771.46,15
TRX,2024-02-03,0.1162,0.1172,457371.1,11
USDC,2024-02-03,1.0,0.9999,7555.93,6
USDT,2024-02-03,0.9996,0.9997,7554.48,3
XRP,2024-02-03,0.5103,0.5187,41368709.1,7
ADA,2024-02-04,0.5123,0.4932,8066129.31,8
AVAX,2024-02-04,35.94,34.83,19097902.57,11
BNB,2024-02-04,299.58,304.59,11515671.2,4
BTC,2024-02-04,42999.52,42570.21,410404369.06,1
DOGE,2024-02-04,0.0787,0.07828,5376991.86,9
DOT,2024-02-04,6.826,6.663,3550658.08,13
ETH,2024-02-04,2295.87,2288.68,326706078.21,2
LTC,2024-02-04,68.81,66.93,10906711.27,14
MATIC,2024-02-04,0.7849,0.7733,5500315.66,12
SOL,2024-02-04,97.9,95.42,88845759.37,5
TON,2024-02-04,2.043,2.083,188575.6,15
TRX,2024-02-04,0.1172,0.1184,530628.4,10
USDC,2024-02-04,0.9999,1.0,142388.81,6
USDT,2024-02-04,0.9997,0.9996,9585.96,3
XRP,2024-02-04,0.5187,0.503,19158049.95,7
ADA,2024-02-05,0.4932,0.4938,10446283.8,8
AVAX,2024-02-05,34.83,34.5,19811924.89,11
BNB,2024-02-05,304.59,300.96,11440034.43,4
BTC,2024-02-05,42570.21,42664.56,1062866796.14,1
DOGE,2024-02-05,0.07828,0.07825,15864042.45,9
DOT,2024-02-05,6.663,6.726,9489992.51,13
ETH,2024-02-05,2288.68,2299.16,456661905.21,2
LTC,2024-02-05,66.93,67.63,8941164.38,14
MATIC,2024-02-05,0.7733,0.7793,8063043.38,12
SOL,2024-02-05,95.42,95.5,130720524.4,5
TON,2024-02-05,2.083,2.041,195305.49,15
TRX,2024-02-05,0.1184,0.1189,1359942.29,10
USDC,2024-02-05,1.0,1.0,24873.65,6
USDT,2024-02-05,0.9996,0.9988,543116173.03,3
XRP,2024-02-05,0.503,0.5062,48373757.76,7
ADA,2024-02-06,0.4938,0.4982,10887482.75,8
AVAX,2024-02-06,34.5,34.14,20257044.79,11
BNB,2024-02-06,300.96,302.76,9335609.65,4
BTC,2024-02-06,42664.56,43091.51,966265875.57,1
DOGE,2024-02-06,0.07825,0.07847,6740411.22,9
DOT,2024-02-06,6.726,6.806,7337019.68,13
ETH,2024-02-06,2299.16,2372.2,718267813.82,2
LTC,2024-02-06,67.63,68.27,10860572.17,14
MATIC,2024-02-06,0.7793,0.8051,13436038.12,12
SOL,2024-02-06,95.5,96.85,175268770.87,5
TON,2024-02-06,2.041,2.048,205284.01,15
TRX,2024-02-06,0.1189,0.1209,2590171.42,10
USDC,2024-02-06,1.0,1.0,306245.9,6
USDT,2024-02-06,0.999,0.9998,22479.56,3
XRP,2024-02-06,0.5062,0.505,36619180.19,7
ADA,2024-02-07,0.4982,0.5021,31068478.52,8
AVAX,2024-02-07,34.14,35.29,29870096.65,11
BNB,2024-02-07,302.76,307.36,15013078.49,4
BTC,2024-02-07,43091.51,44339.04,1319628672.43,1
DOGE,2024-02-07,0.07847,0.08011,9650041.28,9
DOT,2024-02-07,6.806,6.939,9962157.91,13
ETH,2024-02-07,2372.2,2424.33,652240112.9,2
LTC,2024-02-07,68.27,68.61,21560445.72,14
MATIC,2024-02-07,0.8051,0.8342,12694267.72,12
SOL,2024-02-07,96.85,101.11,163367999.65,5
TON,2024-02-07,2.048,2.046,202472.36,15
TRX,2024-02-07,0.1209,0.1236,1214756.66,10
USDC,2024-02-07,1.0,1.0,30330.96,6
USDT,2024-02-07,0.9998,0.9998,30324.72,3
XRP,2024-02-07,0.505,0.5137,45320254.26,7
ADA,2024-02-08,0.5021,0.5303,36560769.7,8
AVAX,2024-02-08,35.29,35.42,26881301.27,11
BNB,2024-02-08,307.36,319.22,25606036.21,4
BTC,2024-02-08,44339.04,45304.61,1785332802.43,1
DOGE,2024-02-08,0.08011,0.07987,10706609.35,9
DOT,2024-02-08,6.939,7.014,14520027.4,13
ETH,2024-02-08,2424.33,2419.79,846989854.44,2
LTC,2024-02-08,68.61,70.55,15386161.39,14
MATIC,2024-02-08,0.8342,0.8338,19903729.23,12
SOL,2024-02-08,101.11,102.79,304200342.32,5
TON,2024-02-08,2.046,2.082,201572.07,15
TRX,2024-02-08,0.1236,0.1219,933958.15,10
USDC,2024-02-08,1.0,1.0,39657.18,6
USDT,2024-02-08,0.9998,1.0,39668.1,3
XRP,2024-02-08,0.5137,0.5147,53605470.42,7
ADA,2024-02-09,0.5303,0.5409,28636357.69,8
AVAX,2024-02-09,35.42,38.02,53971331.23,10
BNB,2024-02-09,319.22,324.19,13351358.91,4
BTC,2024-02-09,45304.61,47154.23,2379925849.32,1
DOGE,2024-02-09,0.07987,0.0816,21893586.34,9
DOT,2024-02-09,7.014,7.194,14296642.49,13
ETH,2024-02-09,2419.79,2487.62,1002058339.27,2
LTC,2024-02-09,70.55,70.68,23060355.49,14
MATIC,2024-02-09,0.8338,0.8535,20974034.49,12
SOL,2024-02-09,102.79,106.96,284133095.94,5
TON,2024-02-09,2.082,2.097,214068.3,15
TRX,2024-02-09,0.1219,0.1237,922065.89,11
USDC,2024-02-09,1.0,1.0,50593.42,6
USDT,2024-02-09,1.0,1.0,50614.31,3
XRP,2024-02-09,0.5147,0.5263,44241536.39,7
ADA,2024-02-10,0.5409,0.5517,20890922.35,8
AVAX,2024-02-10,38.02,40.23,45587711.2,10
BNB,2024-02-10,324.19,323.29,5133902.66,4
BTC,2024-02-10,47154.23,47768.12,780554926.36,1
DOGE,2024-02-10,0.0816,0.08145,12586206.01,9
DOT,2024-02-10,7.194,7.202,6555669.67,13
ETH,2024-02-10,2487.62,2500.87,376068111.04,2
LTC,2024-02-10,70.68,70.82,9591150.63,14
MATIC,2024-02-10,0.8535,0.8491,12556691.57,12
SOL,2024-02-10,106.96,109.07,191350917.01,5
TON,2024-02-10,2.097,2.081,203942.51,15
TRX,2024-02-10,0.1237,0.1245,613338.78,11
USDC,2024-02-10,1.0,1.0,16452.63,6
USDT,2024-02-10,1.0,1.0,16458.59,3
XRP,2024-02-10,0.5263,0.5241,20251390.9,7
ADA,2024-02-11,0.5517,0.5418,27082649.55,8
AVAX,2024-02-11,40.23,39.73,25924174.69,10
BNB,2024-02-11,323.29,320.88,5131639.96,4
BTC,2024-02-11,47768.12,48311.16,956986637.1,1
DOGE,2024-02-11,0.08145,0.08125,18922050.23,9
DOT,2024-02-11,7.202,7.101,7714553.27,13
ETH,2024-02-11,2500.87,2507.91,421659247.33,2
LTC,2024-02-11,70.82,71.57,14639026.05,14
MATIC,2024-02-11,0.8491,0.8353,11667651.81,12
SOL,2024-02-11,109.07,107.48,123656050.35,5
TON,2024-02-11,2.081,2.099,199085.71,15
TRX,2024-02-11,0.1245,0.1242,305903.83,11
USDC,2024-02-11,1.0,0.9999,19856.96,6
USDT,2024-02-11,1.0,1.0,19863.83,3
XRP,2024-02-11,0.5241,0.5263,29764712.18,7
ADA,2024-02-12,0.5418,0.5596,25875264.95,8
AVAX,2024-02-12,39.73,41.0,45815007.96,10
BNB,2024-02-12,320.88,328.03,12848890.46,4
BTC,2024-02-12,48311.16,49942.97,2319184140.26,1
DOGE,2024-02-12,0.08125,0.08226,22710294.24,9
DOT,2024-02-12,7.101,7.344,12301454.56,13
ETH,2024-02-12,2507.91,2660.56,833389992.06,2
LTC,2024-02-12,71.57,72.86,13515767.29,14
MATIC,2024-02-12,0.8353,0.8804,25970565.27,12
SOL,2024-02-12,107.48,111.73,242583696.4,5
TON,2024-02-12,2.099,2.207,224613.92,15
TRX,2024-02-12,0.1242,0.125,653565.29,11
USDC,2024-02-12,0.9999,1.0,47117.92,6
USDT,2024-02-12,1.0,1.0,47134.12,3
XRP,2024-02-12,0.5263,0.5317,41925511.45,7
ADA,2024-02-13,0.5596,0.5452,22200877.84,8
AVAX,2024-02-13,41.0,39.75,46091552.99,10
BNB,2024-02-13,328.03,324.96,9966677.8,4
BTC,2024-02-13,49942.97,49733.11,2075339722.8,1
DOGE,2024-02-13,0.08226,0.0811,21617257.31,9
DOT,2024-02-13,7.344,7.358,10936746.51,13
ETH,2024-02-13,2660.56,2641.6,1025294105.03,2
LTC,2024-02-13,72.86,69.01,26017874.34,14
MATIC,2024-02-13,0.8804,0.8545,14178668.48,12
SOL,2024-02-13,111.73,112.57,240524754.18,5
TON,2024-02-13,2.207,2.194,210733.89,15
TRX,2024-02-13,0.125,0.1269,1156895.13,11
USDC,2024-02-13,1.0,1.0,42036.19,6
USDT,2024-02-13,1.0,1.001,42055.57,3
XRP,2024-02-13,0.5317,0.5247,42694102.57,7
ADA,2024-02-14,0.5452,0.5775,27855547.34,8
AVAX,2024-02-14,39.75,42.26,48930124.55,10
BNB,2024-02-14,324.96,334.24,9276797.07,4
BTC,2024-02-14,49733.11,51844.19,2252886326.88,1
DOGE,2024-02-14,0.0811,0.08556,39128628.75,9
DOT,2024-02-14,7.358,7.656,18642859.34,13
ETH,2024-02-14,2641.6,2777.51,980680072.11,2
LTC,2024-02-14,69.01,69.89,24165523.12,14
MATIC,2024-02-14,0.8545,0.8909,29958647.64,12
SOL,2024-02-14,112.57,117.11,219814138.14,5
TON,2024-02-14,2.194,2.22,223659.96,15
TRX,2024-02-14,0.1269,0.1296,1209358.33,11
USDC,2024-02-14,1.0,1.0,43952.59,6
USDT,2024-02-14,1.001,1.001,43991.64,3
XRP,2024-02-14,0.5247,0.5383,48278427.14,7
ADA,2024-02-15,0.5775,0.6094,38883958.02,8
AVAX,2024-02-15,42.26,41.59,55706690.44,10
BNB,2024-02-15,334.24,354.61,27501276.65,4
BTC,2024-02-15,51844.19,51934.57,2239765884.49,1
DOGE,2024-02-15,0.08556,0.08538,36518415.66,9
DOT,2024-02-15,7.656,7.786,18646937.35,13
ETH,2024-02-15,2777.51,2825.35,1118227404.91,2
LTC,2024-02-15,69.89,69.83,20539682.54,14
MATIC,2024-02-15,0.8909,0.8903,25250986.27,12
SOL,2024-02-15,117.11,113.61,225648861.95,5
TON,2024-02-15,2.22,2.211,216460.67,15
TRX,2024-02-15,0.1296,0.1311,1454248.69,11
USDC,2024-02-15,1.0,1.0,42990.87,7
USDT,2024-02-15,1.001,1.001,43034.84,3
XRP,2024-02-15,0.5383,0.5627,89613501.54,6
ADA,2024-02-16,0.6094,0.5992,32636788.35,8
AVAX,2024-02-16,41.59,40.28,30669896.19,10
BNB,2024-02-16,354.61,360.6,21081390.29,4
BTC,2024-02-16,51934.57,52163.28,1680749372.19,1
DOGE,2024-02-16,0.08538,0.08598,24915371.34,9
DOT,2024-02-16,7.786,7.654,10691504.12,13
ETH,2024-02-16,2825.35,2804.05,896210606.48,2
LTC,2024-02-16,69.83,70.64,17356210.93,14
MATIC,2024-02-16,0.8903,0.9515,38345209.9,12
SOL,2024-02-16,113.61,110.4,156412743.41,5
TON,2024-02-16,2.211,2.152,204736.37,15
TRX,2024-02-16,0.1311,0.1329,1380117.74,11
USDC,2024-02-16,1.0,1.0,32296.2,7
USDT,2024-02-16,1.001,1.001,32319.21,3
XRP,2024-02-16,0.5627,0.5646,69961717.55,6
ADA,2024-02-17,0.5992,0.6097,20984714.93,8
AVAX,2024-02-17,40.28,39.77,23111762.39,11
BNB,2024-02-17,360.6,352.95,14025176.45,4
BTC,2024-02-17,52163.28,51668.78,910308869.83,1
DOGE,2024-02-17,0.08598,0.08359,20389790.55,9
DOT,2024-02-17,7.654,7.705,8253634.35,13
ETH,2024-02-17,2804.05,2787.0,458634232.92,2
LTC,2024-02-17,70.64,70.01,13307291.12,14
MATIC,2024-02-17,0.9515,0.9284,20181237.93,12
SOL,2024-02-17,110.4,108.96,89174506.03,5
TON,2024-02-17,2.152,2.22,214754.5,15
TRX,2024-02-17,0.1329,0.1359,2031927.36,10
USDC,2024-02-17,1.0,1.0,17699.11,6
USDT,2024-02-17,1.001,1.0,17705.16,3
XRP,2024-02-17,0.5646,0.5499,33488481.62,7
ADA,2024-02-18,0.6097,0.6195,35079474.24,8
AVAX,2024-02-18,39.77,40.29,22171498.78,12
BNB,2024-02-18,352.95,349.7,9977048.18,4
BTC,2024-02-18,51668.78,52139.33,762533081.81,1
DOGE,2024-02-18,0.08359,0.0852,17864979.91,9
DOT,2024-02-18,7.705,7.857,11235136.54,13
ETH,2024-02-18,2787.0,2881.4,610424136.56,2
LTC,2024-02-18,70.01,70.8,11666498.11,14
MATIC,2024-02-18,0.9284,0.9995,24852130.79,10
SOL,2024-02-18,108.96,112.24,107084480.34,5
TON,2024-02-18,2.22,2.273,223945.05,15
TRX,2024-02-18,0.1359,0.1352,780096.14,11
USDC,2024-02-18,1.0,1.0,216319.18,6
USDT,2024-02-18,1.0,1.0,14717.35,3
XRP,2024-02-18,0.5499,0.5573,23844489.82,7
ADA,2024-02-19,0.6195,0.6308,23421033.36,8
AVAX,2024-02-19,40.29,39.51,38943613.1,12
BNB,2024-02-19,349.7,351.7,16612281.37,4
BTC,2024-02-19,52139.33,51781.22,989270690.85,1
DOGE,2024-02-19,0.0852,0.08943,40417981.44,9
DOT,2024-02-19,7.857,8.028,13528225.52,13
ETH,2024-02-19,2881.4,2945.0,953161117.46,2
LTC,2024-02-19,70.8,71.32,14493613.42,14
MATIC,2024-02-19,0.9995,0.9972,27266897.03,10
SOL,2024-02-19,112.24,111.55,144565964.11,5
TON,2024-02-19,2.273,2.234,209903.21,15
TRX,2024-02-19,0.1352,0.1364,776968.11,11
USDC,2024-02-19,1.0,1.0,326672.58,7
USDT,2024-02-19,1.0,1.0,18982.44,3
XRP,2024-02-19,0.5573,0.5628,42760297.61,6
ADA,2024-02-20,0.6308,0.622,34450175.29,8
AVAX,2024-02-20,39.51,38.52,35965492.6,12
BNB,2024-02-20,351.7,354.6,17689169.12,4
BTC,2024-02-20,51781.22,52269.59,2050493239.79,1
DOGE,2024-02-20,0.08943,0.08617,49722195.24,9
DOT,2024-02-20,8.028,7.73,15417558.88,13
ETH,2024-02-20,2945.0,3015.27,1285168708.83,2
LTC,2024-02-20,71.32,69.66,22939548.72,14
MATIC,2024-02-20,0.9972,1.023,42311558.11,10
SOL,2024-02-20,111.55,108.35,217470943.74,5
TON,2024-02-20,2.234,2.233,217908.9,15
TRX,2024-02-20,0.1364,0.1392,1577744.84,11
USDC,2024-02-20,1.0,0.9999,436593.72,7
USDT,2024-02-20,1.0,1.0,39510.44,3
XRP,2024-02-20,0.5628,0.5626,75338588.91,6
ADA,2024-02-21,0.622,0.5988,26466276.25,8
AVAX,2024-02-21,38.52,37.61,33848076.57,12
BNB,2024-02-21,354.6,379.31,41581127.42,4
BTC,2024-02-21,52269.59,51854.36,1676374071.14,1
DOGE,2024-02-21,0.08617,0.0846,23524090.76,9
DOT,2024-02-21,7.73,7.469,16054906.99,13
ETH,2024-02-21,3015.27,2968.67,1221365901.95,2
LTC,2024-02-21,69.66,68.94,14721240.42,14
MATIC,2024-02-21,1.023,0.9514,37979292.66,11
SOL,2024-02-21,108.35,105.06,192848425.31,5
TON,2024-02-21,2.233,2.14,210147.25,15
TRX,2024-02-21,0.1392,0.1398,1748036.19,10
USDC,2024-02-21,0.9999,1.0,416906.32,6
USDT,2024-02-21,1.0,1.0,32669.49,3
XRP,2024-02-21,0.5626,0.5491,50084165.86,7
ADA,2024-02-22,0.5988,0.5855,19783372.49,8
AVAX,2024-02-22,37.61,36.77,29185664.02,12
BNB,2024-02-22,379.31,382.38,30533966.47,4
BTC,2024-02-22,51854.36,51263.67,1573393306.75,1
DOGE,2024-02-22,0.0846,0.08404,17923606.53,9
DOT,2024-02-22,7.469,7.476,12254201.08,13
ETH,2024-02-22,2968.67,2969.67,1186610554.8,2
LTC,2024-02-22,68.94,68.76,20170680.4,14
MATIC,2024-02-22,0.9514,0.9923,52240000.59,11
SOL,2024-02-22,105.06,101.69,160312191.72,5
TON,2024-02-22,2.14,2.096,203496.31,15
TRX,2024-02-22,0.1398,0.1389,1023898.41,10
USDC,2024-02-22,1.0,1.0,398880.51,6
USDT,2024-02-22,1.0,0.9994,30484.5,3
XRP,2024-02-22,0.5491,0.5408,47543112.09,7
ADA,2024-02-23,0.5855,0.5823,18943958.84,8
AVAX,2024-02-23,36.77,35.91,36059743.39,12
BNB,2024-02-23,382.38,375.56,21666145.77,4
BTC,2024-02-23,51263.67,50744.07,1345274652.99,1
DOGE,2024-02-23,0.08404,0.0845,23936750.33,9
DOT,2024-02-23,7.476,7.566,14181937.06,13
ETH,2024-02-23,2969.67,2922.1,792750968.62,2
LTC,2024-02-23,68.76,68.78,12901254.62,14
MATIC,2024-02-23,0.9923,0.987,29439842.05,11
SOL,2024-02-23,101.69,99.89,110488508.04,5
TON,2024-02-23,2.096,2.089,198762.19,15
TRX,2024-02-23,0.1389,0.1381,788672.55,10
USDC,2024-02-23,1.0,1.0,269468.97,6
USDT,2024-02-23,0.9994,1.0,26365.09,3
XRP,2024-02-23,0.5408,0.5341,41858702.97,7
ADA,2024-02-24,0.5823,0.5969,20690381.2,8
AVAX,2024-02-24,35.91,36.76,25507084.04,12
BNB,2024-02-24,375.56,381.65,12762809.26,4
BTC,2024-02-24,50744.07,51574.61,548313000.54,1
DOGE,2024-02-24,0.0845,0.08615,16931853.55,9
DOT,2024-02-24,7.566,7.819,11883463.42,13
ETH,2024-02-24,2922.1,2992.35,429496146.2,2
LTC,2024-02-24,68.78,70.4,10896026.81,14
MATIC,2024-02-24,0.987,0.9945,18411217.03,10
SOL,2024-02-24,99.89,104.04,88103065.8,5
TON,2024-02-24,2.089,2.107,202078.13,15
TRX,2024-02-24,0.1381,0.1374,580344.28,11
USDC,2024-02-24,1.0,1.0,144996.73,6
USDT,2024-02-24,1.0,1.0,10708.79,3
XRP,2024-02-24,0.5341,0.5451,21680730.49,7
ADA,2024-02-25,0.5969,0.5913,14265686.56,8
AVAX,2024-02-25,36.76,37.45,17993666.23,12
BNB,2024-02-25,381.65,388.53,16736641.5,4
BTC,2024-02-25,51574.61,51727.63,640224439.02,1
DOGE,2024-02-25,0.08615,0.08616,16922255.42,9
DOT,2024-02-25,7.819,7.92,9202537.39,13
ETH,2024-02-25,2992.35,3112.81,812148194.41,2
LTC,2024-02-25,70.4,70.15,9260274.16,14
MATIC,2024-02-25,0.9945,0.999,19087811.73,10
SOL,2024-02-25,104.04,103.47,63235359.07,5
TON,2024-02-25,2.107,2.121,204956.16,15
TRX,2024-02-25,0.1374,0.1376,429435.65,11
USDC,2024-02-25,1.0,0.9999,265754.53,6
USDT,2024-02-25,0.9999,1.0,265780.14,3
XRP,2024-02-25,0.5451,0.5425,18390740.8,7
ADA,2024-02-26,0.5913,0.6197,30702184.79,8
AVAX,2024-02-26,37.45,39.32,32978988.2,12
BNB,2024-02-26,388.53,401.86,33564674.47,4
BTC,2024-02-26,51727.63,54518.58,2550669499.35,1
DOGE,2024-02-26,0.08616,0.08935,36160558.24,9
DOT,2024-02-26,7.92,8.113,18230957.14,13
ETH,2024-02-26,3112.81,3178.24,1171482366.27,2
LTC,2024-02-26,70.15,71.96,24993871.27,14
MATIC,2024-02-26,0.999,1.06,49333675.48,10
SOL,2024-02-26,103.47,109.97,234405451.59,5
TON,2024-02-26,2.121,2.183,219279.38,15
TRX,2024-02-26,0.1376,0.1399,1268206.43,11
USDC,2024-02-26,1.0,0.9999,47958.84,6
USDT,2024-02-26,1.0,1.001,47997.96,3
XRP,2024-02-26,0.5425,0.5511,47462285.38,7
ADA,2024-02-27,0.6197,0.6242,41300094.28,8
AVAX,2024-02-27,39.32,39.26,28748046.87,12
BNB,2024-02-27,401.86,394.88,30302814.44,4
BTC,2024-02-27,54518.58,57071.6,3546751167.69,1
DOGE,2024-02-27,0.08935,0.09764,131823689.62,9
DOT,2024-02-27,8.113,8.371,25906797.29,13
ETH,2024-02-27,3178.24,3243.69,1211227367.65,2
LTC,2024-02-27,71.96,74.01,42187714.78,14
MATIC,2024-02-27,1.06,1.029,37730715.2,10
SOL,2024-02-27,109.97,108.42,237619397.53,5
TON,2024-02-27,2.183,2.182,207439.03,15
TRX,2024-02-27,0.1399,0.1429,3289025.26,11
USDC,2024-02-27,0.9999,1.0,62690.72,7
USDT,2024-02-27,1.001,1.001,62720.19,3
XRP,2024-02-27,0.5511,0.5865,111770094.38,6
ADA,2024-02-28,0.6242,0.6294,62125659.39,8
AVAX,2024-02-28,39.26,40.38,69954251.86,12
BNB,2024-02-28,394.88,415.17,44508024.71,4
BTC,2024-02-28,57071.6,62507.1,6171823618.31,1
DOGE,2024-02-28,0.09764,0.1162,276910698.63,9
DOT,2024-02-28,8.371,8.35,41342735.47,13
ETH,2024-02-28,3243.69,3386.34,1707770843.75,2
LTC,2024-02-28,74.01,74.57,57909996.11,14
MATIC,2024-02-28,1.029,1.01,47292609.49,11
SOL,2024-02-28,108.42,118.98,459270090.34,5
TON,2024-02-28,2.182,2.538,303322.7,15
TRX,2024-02-28,0.1429,0.1422,2096374.51,10
USDC,2024-02-28,1.0,1.0,102201.75,7
USDT,2024-02-28,1.001,1.001,102305.41,3
XRP,2024-02-28,0.5865,0.5757,137591638.82,6
ADA,2024-02-29,0.6294,0.6551,89406441.93,8
AVAX,2024-02-29,40.38,40.97,91514479.31,12
BNB,2024-02-29,415.17,399.56,31535156.29,4
BTC,2024-02-29,62507.1,61179.58,5259277822.5,1
DOGE,2024-02-29,0.1162,0.1174,392864093.73,9
DOT,2024-02-29,8.35,8.262,39410982.38,13
ETH,2024-02-29,3386.34,3342.24,1367994605.43,2
LTC,2024-02-29,74.57,79.94,84061294.2,14
MATIC,2024-02-29,1.01,1.002,51580613.73,11
SOL,2024-02-29,118.98,125.7,665347674.19,5
TON,2024-02-29,2.538,2.494,260839.92,15
TRX,2024-02-29,0.1422,0.1405,1251486.7,10
USDC,2024-02-29,1.0,0.9999,84703.89,7
USDT,2024-02-29,1.001,1.001,84770.07,3
XRP,2024-02-29,0.5757,0.5868,158440477.05,6
ADA,2024-03-01,0.6551,0.7201,46184177.87,8
AVAX,2024-03-01,40.97,42.73,56621925.55,11
BNB,2024-03-01,399.56,407.74,13512629.01,4
BTC,2024-03-01,61179.58,62431.25,3267402863.37,1
DOGE,2024-03-01,0.1174,0.1395,288332438.07,9
DOT,2024-03-01,8.262,8.668,22902132.8,13
ETH,2024-03-01,3342.24,3435.9,823506213.17,2
LTC,2024-03-01,79.94,84.96,50325936.83,14
MATIC,2024-03-01,1.002,1.026,29084331.68,10
SOL,2024-03-01,125.7,129.52,405596832.0,5
TON,2024-03-01,2.494,2.721,264847.62,15
TRX,2024-03-01,0.1405,0.1415,1714200.48,12
USDC,2024-03-01,0.9999,0.9999,52742.99,7
USDT,2024-03-01,1.001,1.001,52787.75,3
XRP,2024-03-01,0.5868,0.6017,74966882.09,6
ADA,2024-03-02,0.7201,0.7419,65350264.16,8
AVAX,2024-03-02,42.73,44.38,48797075.09,11
BNB,2024-03-02,407.74,411.19,14109473.93,4
BTC,2024-03-02,62431.25,62038.39,1257238241.46,1
DOGE,2024-03-02,0.1395,0.1421,259309477.42,9
DOT,2024-03-02,8.668,9.468,36405641.68,13
ETH,2024-03-02,3435.9,3423.65,524944019.98,2
LTC,2024-03-02,84.96,94.64,85021715.09,14
MATIC,2024-03-02,1.026,1.095,40458526.72,10
SOL,2024-03-02,129.52,130.15,223568738.39,5
TON,2024-03-02,2.721,2.701,262488.55,15
TRX,2024-03-02,0.1415,0.1413,757092.54,12
USDC,2024-03-02,0.9999,0.9999,20262.69,7
USDT,2024-03-02,1.001,1.001,20279.15,3
XRP,2024-03-02,0.6017,0.6449,126605554.85,6
ADA,2024-03-03,0.7419,0.7284,32353465.95,8
AVAX,2024-03-03,44.38,42.6,47263966.67,11
BNB,2024-03-03,411.19,414.77,14462083.4,4
BTC,2024-03-03,62038.39,63149.43,1265273119.48,1
DOGE,2024-03-03,0.1421,0.1536,270921696.48,9
DOT,2024-03-03,9.468,9.784,36302503.94,13
ETH,2024-03-03,3423.65,3489.57,598632307.05,2
LTC,2024-03-03,94.64,90.76,52735042.57,14
MATIC,2024-03-03,1.095,1.09,34031918.43,10
SOL,2024-03-03,130.15,130.25,210788622.11,5
TON,2024-03-03,2.701,2.681,271095.59,15
TRX,2024-03-03,0.1413,0.1406,669185.95,12
USDC,2024-03-03,0.9999,0.9998,174094.45,7
USDT,2024-03-03,1.001,1.001,20312.66,3
XRP,2024-03-03,0.6449,0.6271,73135741.52,6
ADA,2024-03-04,0.7284,0.7711,86606052.32,8
AVAX,2024-03-04,42.6,43.14,59625146.31,11
BNB,2024-03-04,414.77,419.19,32115142.33,3
BTC,2024-03-04,63149.43,68338.64,5220774005.79,1
DOGE,2024-03-04,0.1536,0.1824,501084775.02,9
DOT,2024-03-04,9.784,9.874,54765545.8,13
ETH,2024-03-04,3489.57,3631.85,1340904406.6,2
LTC,2024-03-04,90.76,89.03,81238752.35,14
MATIC,2024-03-04,1.09,1.146,53097624.9,10
SOL,2024-03-04,130.25,133.36,361205369.22,5
TON,2024-03-04,2.681,2.776,281242.94,15
TRX,2024-03-04,0.1406,0.1403,2455855.1,12
USDC,2024-03-04,0.9999,1.0,79181.12,7
USDT,2024-03-04,1.001,1.001,79286.03,4
XRP,2024-03-04,0.6271,0.6486,146539593.65,6
ADA,2024-03-05,0.7711,0.6935,112630724.48,8
AVAX,2024-03-05,43.14,39.49,114904364.59,12
BNB,2024-03-05,419.19,394.5,37535777.86,4
BTC,2024-03-05,68338.64,63804.11,8263897912.84,1
DOGE,2024-03-05,0.1824,0.1537,754515674.32,9
DOT,2024-03-05,9.874,9.336,88056417.39,13
ETH,2024-03-05,3631.85,3557.93,2637640132.83,2
LTC,2024-03-05,89.03,82.03,105817085.49,14
MATIC,2024-03-05,1.146,1.035,68889104.8,10
SOL,2024-03-05,133.36,125.58,756083326.32,5
TON,2024-03-05,2.776,2.609,253335.94,15
TRX,2024-03-05,0.1403,0.1361,4084123.89,11
USDC,2024-03-05,1.0,0.9999,126854.88,7
USDT,2024-03-05,1.001,1.001,127030.85,3
XRP,2024-03-05,0.6486,0.5922,224577922.22,6
ADA,2024-03-06,0.6935,0.7353,56867244.45,8
AVAX,2024-03-06,39.49,41.57,60266400.1,12
BNB,2024-03-06,394.5,429.49,38010328.33,3
BTC,2024-03-06,63804.11,66115.57,4498440968.53,1
DOGE,2024-03-06,0.1537,0.1579,334264586.05,9
DOT,2024-03-06,9.336,10.54,52454578.67,11
ETH,2024-03-06,3557.93,3821.19,1849427331.22,2
LTC,2024-03-06,82.03,85.94,42419512.16,14
MATIC,2024-03-06,1.035,1.119,46434110.92,10
SOL,2024-03-06,125.58,130.89,381104039.91,5
TON,2024-03-06,2.609,2.65,264575.41,15
TRX,2024-03-06,0.1361,0.1378,1124638.41,13
USDC,2024-03-06,0.9999,1.0,68029.2,7
USDT,2024-03-06,1.001,1.001,68075.54,4
XRP,2024-03-06,0.5922,0.6122,140738100.28,6
ADA,2024-03-07,0.7353,0.7439,42106532.96,8
AVAX,2024-03-07,41.57,43.26,67748164.01,12
BNB,2024-03-07,429.49,475.19,42885129.76,3
BTC,2024-03-07,66115.57,66928.15,2804368120.13,1
DOGE,2024-03-07,0.1579,0.1578,205896252.67,9
DOT,2024-03-07,10.54,10.42,37560010.59,11
ETH,2024-03-07,3821.19,3874.46,1132011899.65,2
LTC,2024-03-07,85.94,88.14,42241823.96,14
MATIC,2024-03-07,1.119,1.162,51419033.83,10
SOL,2024-03-07,130.89,144.07,619872518.48,5
TON,2024-03-07,2.65,2.741,265944.82,15
TRX,2024-03-07,0.1378,0.1372,2001395.54,13
USDC,2024-03-07,1.0,0.9998,41793.85,7
USDT,2024-03-07,1.001,1.002,41865.99,4
XRP,2024-03-07,0.6122,0.6282,120600602.56,6
ADA,2024-03-08,0.7439,0.7243,47476851.77,8
AVAX,2024-03-08,43.26,42.71,57921862.39,12
BNB,2024-03-08,475.19,487.03,47813026.54,3
BTC,2024-03-08,66928.15,68269.39,4046244830.74,1
DOGE,2024-03-08,0.1578,0.1649,246583887.66,9
DOT,2024-03-08,10.42,10.66,40471185.44,11
ETH,2024-03-08,3874.46,3891.97,1412263227.04,2
LTC,2024-03-08,88.14,88.53,53299046.8,14
MATIC,2024-03-08,1.162,1.128,34346596.01,10
SOL,2024-03-08,144.07,145.11,419104630.15,5
TON,2024-03-08,2.741,2.843,267973.92,15
TRX,2024-03-08,0.1372,0.1369,1331174.28,13
USDC,2024-03-08,0.9998,0.9998,59351.7,7
USDT,2024-03-08,1.002,1.002,59489.59,4
XRP,2024-03-08,0.6282,0.6213,99196180.08,6
ADA,2024-03-09,0.7243,0.7431,26309412.9,8
AVAX,2024-03-09,42.71,43.01,30799736.83,12
BNB,2024-03-09,487.03,489.12,23476324.5,3
BTC,2024-03-09,68269.39,68446.32,1158711168.05,1
DOGE,2024-03-09,0.1649,0.1792,200739335.91,9
DOT,2024-03-09,10.66,10.52,21103982.02,11
ETH,2024-03-09,3891.97,3913.28,541613113.28,2
LTC,2024-03-09,88.53,90.86,29267881.13,14
MATIC,2024-03-09,1.128,1.159,27446368.9,10
SOL,2024-03-09,145.11,144.58,151869088.32,5
TON,2024-03-09,2.843,2.886,288033.43,15
TRX,2024-03-09,0.1369,0.136,673422.46,13
USDC,2024-03-09,0.9999,0.9999,138291.09,7
USDT,2024-03-09,1.002,1.002,16979.81,4
XRP,2024-03-09,0.6213,0.6211,49067331.6,6
ADA,2024-03-10,0.7431,0.7173,27523259.72,8
AVAX,2024-03-10,43.01,42.08,31239399.55,12
BNB,2024-03-10,489.12,529.27,58534979.45,3
BTC,2024-03-10,68446.32,69023.53,1919585405.6,1
DOGE,2024-03-10,0.1792,0.1703,124543074.17,9
DOT,2024-03-10,10.52,10.27,20519720.62,11
ETH,2024-03-10,3913.28,3881.86,743460686.12,2
LTC,2024-03-10,90.86,87.53,25796121.84,14
MATIC,2024-03-10,1.159,1.23,76087737.94,10
SOL,2024-03-10,144.58,144.56,202638116.85,5
TON,2024-03-10,2.886,2.829,285931.23,15
TRX,2024-03-10,0.136,0.1339,1073277.24,13
USDC,2024-03-10,0.9996,1.0,27686.46,7
USDT,2024-03-10,1.002,1.001,27714.89,4
XRP,2024-03-10,0.6211,0.6086,53149494.83,6
ADA,2024-03-11,0.7173,0.7751,73580867.58,8
AVAX,2024-03-11,42.08,49.09,137352619.35,11
BNB,2024-03-11,529.27,522.98,55971908.0,3
BTC,2024-03-11,69023.53,72095.86,4476609937.75,1
DOGE,2024-03-11,0.1703,0.182,194775869.13,9
DOT,2024-03-11,10.27,11.04,45262633.46,12
ETH,2024-03-11,3881.86,4065.75,1493590506.66,2
LTC,2024-03-11,87.53,103.82,121757114.07,14
MATIC,2024-03-11,1.23,1.242,40205284.35,10
SOL,2024-03-11,144.56,148.87,379112837.22,5
TON,2024-03-11,2.829,3.262,329265.75,15
TRX,2024-03-11,0.1339,0.1337,2046834.7,13
USDC,2024-03-11,1.0,0.9999,62704.06,7
USDT,2024-03-11,1.001,1.0,62723.77,4
XRP,2024-03-11,0.6086,0.7228,320734795.08,6
ADA,2024-03-12,0.7751,0.7483,50770033.43,8
AVAX,2024-03-12,49.09,55.51,212006257.74,10
BNB,2024-03-12,522.98,537.37,62737215.1,3
BTC,2024-03-12,72095.86,71449.5,4173072731.62,1
DOGE,2024-03-12,0.182,0.1682,142322815.43,9
DOT,2024-03-12,11.04,10.74,35109773.19,12
ETH,2024-03-12,4065.75,3979.43,1526774188.85,2
LTC,2024-03-12,103.82,97.56,71807991.47,14
MATIC,2024-03-12,1.242,1.182,49674199.69,11
SOL,2024-03-12,148.87,151.05,476778765.92,5
TON,2024-03-12,3.262,4.038,426508.02,15
TRX,2024-03-12,0.1337,0.1314,1383922.66,13
USDC,2024-03-12,0.9999,0.9998,58533.01,7
USDT,2024-03-12,1.0,1.0,58545.31,4
XRP,2024-03-12,0.7228,0.6881,199191508.48,6
ADA,2024-03-13,0.7483,0.7646,43132252.59,8
AVAX,2024-03-13,55.51,54.84,104929170.71,10
BNB,2024-03-13,537.37,630.86,120048537.78,3
BTC,2024-03-13,71449.5,73118.09,3008299520.61,1
DOGE,2024-03-13,0.1682,0.1691,109741692.35,9
DOT,2024-03-13,10.74,11.39,38169935.61,12
ETH,2024-03-13,3979.43,4007.46,1150784389.88,2
LTC,2024-03-13,97.56,97.28,43455538.86,15
MATIC,2024-03-13,1.182,1.271,52799565.52,11
SOL,2024-03-13,151.05,163.93,438432386.35,5
TON,2024-03-13,4.038,4.333,477454.23,14
TRX,2024-03-13,0.1314,0.132,1182348.69,13
USDC,2024-03-13,0.9998,0.9998,41307.37,7
USDT,2024-03-13,1.0,1.001,41339.18,4
XRP,2024-03-13,0.6881,0.6895,104550355.71,6
ADA,2024-03-14,0.7646,0.7505,89071610.07,8
AVAX,2024-03-14,54.84,53.95,186091956.55,10
BNB,2024-03-14,630.86,602.98,82019217.77,3
BTC,2024-03-14,73118.09,71366.96,4325873413.25,1
DOGE,2024-03-14,0.1691,0.1772,372987027.49,9
DOT,2024-03-14,11.39,11.56,66838102.75,12
ETH,2024-03-14,4007.46,3880.8,1466371721.53,2
LTC,2024-03-14,97.28,94.08,61655353.06,14
MATIC,2024-03-14,1.271,1.222,47348456.53,11
SOL,2024-03-14,163.93,176.64,642377349.09,4
TON,2024-03-14,4.333,4.06,413030.67,15
TRX,2024-03-14,0.132,0.1291,1406590.63,13
USDC,2024-03-14,0.9998,0.9999,60692.67,7
USDT,2024-03-14,1.001,0.9996,60676.96,5
XRP,2024-03-14,0.6895,0.669,145646699.77,6
ADA,2024-03-15,0.7505,0.7273,59106882.5,8
AVAX,2024-03-15,53.95,58.37,245849977.89,10
BNB,2024-03-15,602.98,633.05,109391363.49,3
BTC,2024-03-15,71366.96,69497.39,5016358153.02,1
DOGE,2024-03-15,0.1772,0.1635,258700101.03,9
DOT,2024-03-15,11.56,10.81,58874318.58,12
ETH,2024-03-15,3880.8,3742.44,1806124095.18,2
LTC,2024-03-15,94.08,89.76,58637983.14,14
MATIC,2024-03-15,1.222,1.142,53852358.55,11
SOL,2024-03-15,176.64,183.84,1068149417.11,4
TON,2024-03-15,4.06,3.906,381497.81,15
TRX,2024-03-15,0.1291,0.1264,1633278.43,13
USDC,2024-03-15,0.9999,0.9998,73343.77,7
USDT,2024-03-15,0.9996,1.0,73357.63,5
XRP,2024-03-15,0.669,0.6342,142361510.4,6
ADA,2024-03-16,0.7273,0.6586,37163429.78,8
AVAX,2024-03-16,58.37,53.41,180314719.69,10
BNB,2024-03-16,633.05,575.86,70654898.99,3
BTC,2024-03-16,69497.39,65260.55,2295869354.32,1
DOGE,2024-03-16,0.1635,0.1424,153687569.94,9
DOT,2024-03-16,10.81,9.678,32556375.06,12
ETH,2024-03-16,3742.44,3520.08,1048207664.08,2
LTC,2024-03-16,89.76,84.07,37080304.11,14
MATIC,2024-03-16,1.142,1.042,30671553.43,11
SOL,2024-03-16,183.84,181.95,776064550.46,4
TON,2024-03-16,3.906,3.467,335278.71,15
TRX,2024-03-16,0.1264,0.1252,905871.54,13
USDC,2024-03-16,0.9998,0.9999,33954.49,7
USDT,2024-03-16,1.0,0.9993,33934.18,5
XRP,2024-03-16,0.6342,0.6026,67410907.62,6
ADA,2024-03-17,0.6586,0.6808,37728922.38,8
AVAX,2024-03-17,53.41,58.37,117564735.96,10
BNB,2024-03-17,575.86,571.25,46354386.89,3
BTC,2024-03-17,65260.55,68364.45,1962751757.05,1
DOGE,2024-03-17,0.1424,0.1542,132273329.34,9
DOT,2024-03-17,9.678,10.07,25675545.28,12
ETH,2024-03-17,3520.08,3641.61,975546606.2,2
LTC,2024-03-17,84.07,85.85,26016373.67,15
MATIC,2024-03-17,1.042,1.088,24375130.3,11
SOL,2024-03-17,181.95,201.69,611428210.5,4
TON,2024-03-17,3.467,3.852,377402.84,14
TRX,2024-03-17,0.1252,0.1261,690711.23,13
USDC,2024-03-17,0.9999,1.0,29367.51,7
USDT,2024-03-17,0.9993,0.9995,29349.04,5
XRP,2024-03-17,0.6026,0.6188,54520131.43,6
ADA,2024-03-18,0.6808,0.6603,35240932.97,8
AVAX,2024-03-18,58.37,60.67,264042659.61,10
BNB,2024-03-18,571.25,555.34,47777366.52,3
BTC,2024-03-18,68364.45,67609.44,2602930945.01,1
DOGE,2024-03-18,0.1542,0.1435,102886254.01,9
DOT,2024-03-18,10.07,9.9,30570171.23,12
ETH,2024-03-18,3641.61,3520.31,1071170431.07,2
LTC,2024-03-18,85.85,86.78,37344466.06,15
MATIC,2024-03-18,1.088,1.031,20631559.77,11
SOL,2024-03-18,201.69,195.91,738658423.4,4
TON,2024-03-18,3.852,3.822,382585.93,14
TRX,2024-03-18,0.1261,0.1241,691082.45,13
USDC,2024-03-18,1.0,0.9999,38539.77,7
USDT,2024-03-18,0.9995,1.0,38541.0,5
XRP,2024-03-18,0.6188,0.6454,105520098.91,6
ADA,2024-03-19,0.6603,0.5862,55076485.86,8
AVAX,2024-03-19,60.67,53.57,267457202.26,10
BNB,2024-03-19,555.34,507.41,51610184.14,3
BTC,2024-03-19,67609.44,61924.02,4863914201.82,1
DOGE,2024-03-19,0.1435,0.1287,195674707.18,9
DOT,2024-03-19,9.9,8.77,52975169.2,12
ETH,2024-03-19,3520.31,3158.44,1943259863.05,2
LTC,2024-03-19,86.78,78.46,77678790.42,15
MATIC,2024-03-19,1.031,0.9319,39926461.21,11
SOL,2024-03-19,195.91,169.91,988024751.1,4
TON,2024-03-19,3.822,3.743,383636.49,14
TRX,2024-03-19,0.1241,0.1124,2132579.81,13
USDC,2024-03-19,0.9999,1.0,75876.14,7
USDT,2024-03-19,1.0,0.9998,75832.12,5
XRP,2024-03-19,0.6454,0.5846,142142536.22,6
ADA,2024-03-20,0.5862,0.6398,43691865.34,8
AVAX,2024-03-20,53.57,57.08,234267709.41,10
BNB,2024-03-20,507.41,556.77,39870338.8,3
BTC,2024-03-20,61924.02,67857.3,4466872469.25,1
DOGE,2024-03-20,0.1287,0.1521,227846920.04,9
DOT,2024-03-20,8.77,9.486,44582273.45,12
ETH,2024-03-20,3158.44,3516.66,2169017019.63,2
LTC,2024-03-20,78.46,84.69,52672507.36,15
MATIC,2024-03-20,0.9319,1.008,32531987.86,11
SOL,2024-03-20,169.91,191.92,717577531.6,4
TON,2024-03-20,3.743,4.251,438509.63,14
TRX,2024-03-20,0.1124,0.1208,1809013.7,13
USDC,2024-03-20,1.0,1.0,69682.09,7
USDT,2024-03-20,0.9998,1.0,69693.16,5
XRP,2024-03-20,0.5846,0.6111,106288862.48,6
ADA,2024-03-21,0.6398,0.6316,26239068.02,8
AVAX,2024-03-21,57.08,53.79,99970672.73,10
BNB,2024-03-21,556.77,553.68,33114839.84,3
BTC,2024-03-21,67857.3,65493.22,2542747734.72,1
DOGE,2024-03-21,0.1521,0.1554,191752590.86,9
DOT,2024-03-21,9.486,9.178,26095183.31,12
ETH,2024-03-21,3516.66,3492.08,1410320174.21,2
LTC,2024-03-21,84.69,85.73,33039442.91,15
MATIC,2024-03-21,1.008,0.9953,17838424.84,11
SOL,2024-03-21,191.92,179.44,472190949.04,4
TON,2024-03-21,4.251,4.117,415844.38,14
TRX,2024-03-21,0.1208,0.1212,754405.99,13
USDC,2024-03-21,1.0,1.0,38239.21,7
USDT,2024-03-21,1.0,0.9999,38229.08,5
XRP,2024-03-21,0.6111,0.6404,119818939.11,6
ADA,2024-03-22,0.6316,0.6148,24001658.74,9
AVAX,2024-03-22,53.79,53.45,123914510.07,10
BNB,2024-03-22,553.68,554.0,52411876.74,3
BTC,2024-03-22,65493.22,63816.99,2395884490.04,1
DOGE,2024-03-22,0.1554,0.1529,185339092.84,8
DOT,2024-03-22,9.178,8.939,24226953.76,12
ETH,2024-03-22,3492.08,3337.08,1374192771.15,2
LTC,2024-03-22,85.73,83.41,27511883.98,15
MATIC,2024-03-22,0.9953,0.973,18441904.49,11
SOL,2024-03-22,179.44,175.17,328015603.27,4
TON,2024-03-22,4.117,4.477,460241.48,14
TRX,2024-03-22,0.1212,0.1174,421942.36,13
USDC,2024-03-22,1.0,1.0,37347.04,7
USDT,2024-03-22,0.9999,1.0,37354.22,5
XRP,2024-03-22,0.6404,0.6117,86677069.96,6
ADA,2024-03-23,0.6148,0.6231,12814566.44,9
AVAX,2024-03-23,53.45,53.46,73554406.34,10
BNB,2024-03-23,554.0,551.85,21979318.65,3
BTC,2024-03-23,63816.99,64004.42,1250716141.79,1
DOGE,2024-03-23,0.1529,0.1619,211549847.01,8
DOT,2024-03-23,8.939,8.973,12587912.46,12
ETH,2024-03-23,3337.08,3330.49,846213410.27,2
LTC,2024-03-23,83.41,85.28,28486151.19,15
MATIC,2024-03-23,0.973,0.9796,18170187.92,11
SOL,2024-03-23,175.17,172.72,236161266.4,4
TON,2024-03-23,4.477,4.74,471326.75,14
TRX,2024-03-23,0.1174,0.1183,313065.61,13
USDC,2024-03-23,1.0,1.0,19359.7,7
USDT,2024-03-23,1.0,1.0,19364.38,5
XRP,2024-03-23,0.6117,0.6168,36561383.32,6
ADA,2024-03-24,0.6231,0.6466,14588416.08,9
AVAX,2024-03-24,53.46,55.67,53421183.26,10
BNB,2024-03-24,551.85,567.78,14900156.18,3
BTC,2024-03-24,64004.42,67208.33,1253420264.9,1
DOGE,2024-03-24,0.1619,0.1765,210552410.1,8
DOT,2024-03-24,8.973,9.373,9859078.74,12
ETH,2024-03-24,3330.49,3454.45,700715597.16,2
LTC,2024-03-24,85.28,89.64,43923622.0,15
MATIC,2024-03-24,0.9796,1.011,12933925.99,11
SOL,2024-03-24,172.72,183.79,270312536.09,4
TON,2024-03-24,4.74,4.961,486637.72,14
TRX,2024-03-24,0.1183,0.1202,555139.35,13
USDC,2024-03-24,1.0,1.0,19120.25,7
USDT,2024-03-24,1.0,1.0,19120.46,5
XRP,2024-03-24,0.6168,0.6325,43159156.58,6
ADA,2024-03-25,0.6466,0.6566,28326253.44,9
AVAX,2024-03-25,55.67,57.76,88339653.59,10
BNB,2024-03-25,567.78,587.09,35646587.43,3
BTC,2024-03-25,67208.33,69892.26,3184570068.52,1
DOGE,2024-03-25,0.1765,0.1753,214369873.07,8
DOT,2024-03-25,9.373,9.74,17286877.05,12
ETH,2024-03-25,3454.45,3590.96,1232616949.46,2
LTC,2024-03-25,89.64,90.62,44005416.91,15
MATIC,2024-03-25,1.011,1.046,19821231.94,11
SOL,2024-03-25,183.79,189.01,444048366.86,4
TON,2024-03-25,4.961,5.362,598913.23,14
TRX,2024-03-25,0.1202,0.1204,557598.96,13
USDC,2024-03-25,1.0,0.9999,46097.78,7
USDT,2024-03-25,1.0,1.0,46111.93,5
XRP,2024-03-25,0.6325,0.6406,101558214.45,6
ADA,2024-03-26,0.6566,0.665,28488681.21,9
AVAX,2024-03-26,57.76,55.8,82017206.46,10
BNB,2024-03-26,587.09,580.29,21659805.98,3
BTC,2024-03-26,69892.26,69990.22,2319265484.04,1
DOGE,2024-03-26,0.1753,0.1823,197456157.76,8
DOT,2024-03-26,9.74,9.688,20112878.15,12
ETH,2024-03-26,3590.96,3587.6,1092361093.56,2
LTC,2024-03-26,90.62,95.77,89974360.15,15
MATIC,2024-03-26,1.046,1.046,17937359.77,11
SOL,2024-03-26,189.01,190.47,343629444.01,4
TON,2024-03-26,5.362,5.053,554905.94,14
TRX,2024-03-26,0.1204,0.1207,1226054.72,13
USDC,2024-03-26,0.9999,1.0,32991.03,7
USDT,2024-03-26,1.0,1.0,32989.45,5
XRP,2024-03-26,0.6406,0.6318,64341838.67,6
ADA,2024-03-27,0.665,0.6476,44999624.86,9
AVAX,2024-03-27,55.8,54.08,96157247.51,10
BNB,2024-03-27,580.29,574.01,20638525.64,3
BTC,2024-03-27,69990.22,69434.46,2817965870.72,1
DOGE,2024-03-27,0.1823,0.1903,341407524.3,8
DOT,2024-03-27,9.688,9.44,20053869.17,12
ETH,2024-03-27,3587.6,3499.77,1173800981.61,2
LTC,2024-03-27,95.77,93.52,83072142.16,15
MATIC,2024-03-27,1.046,1.008,28378617.04,11
SOL,2024-03-27,190.47,186.23,386127087.76,4
TON,2024-03-27,5.053,4.978,429907.02,14
TRX,2024-03-27,0.1207,0.1194,724416.62,13
USDC,2024-03-27,1.0,1.0,40452.63,7
USDT,2024-03-27,1.0,0.9995,40431.18,5
XRP,2024-03-27,0.6318,0.6115,78559476.9,6
ADA,2024-03-28,0.6476,0.651,20927960.89,9
AVAX,2024-03-28,54.08,54.63,34271586.41,10
BNB,2024-03-28,574.01,583.45,25390917.64,3
BTC,2024-03-28,69434.46,70789.57,2214217706.88,1
DOGE,2024-03-28,0.1903,0.22,533190621.4,7
DOT,2024-03-28,9.44,9.521,18583443.81,12
ETH,2024-03-28,3499.77,3561.1,991858231.33,2
LTC,2024-03-28,93.52,94.15,54741218.59,15
MATIC,2024-03-28,1.008,1.002,19390749.36,11
SOL,2024-03-28,186.23,189.67,291160759.22,4
TON,2024-03-28,4.978,4.884,484126.51,14
TRX,2024-03-28,0.1194,0.1205,627519.9,13
USDC,2024-03-28,1.0,0.9999,31341.32,8
USDT,2024-03-28,0.9995,1.0,31348.36,5
XRP,2024-03-28,0.6115,0.6246,87344125.64,6
ADA,2024-03-29,0.651,0.6645,27010427.68,9
AVAX,2024-03-29,54.63,53.38,34008082.79,10
BNB,2024-03-29,583.45,612.92,57494034.97,3
BTC,2024-03-29,70789.57,69903.72,1216001428.98,1
DOGE,2024-03-29,0.22,0.2131,251667003.85,7
DOT,2024-03-29,9.521,9.606,20694823.95,12
ETH,2024-03-29,3561.1,3511.49,710475049.61,2
LTC,2024-03-29,94.15,109.09,118163109.49,15
MATIC,2024-03-29,1.002,0.9912,17699294.55,11
SOL,2024-03-29,189.67,192.19,277302542.62,4
TON,2024-03-29,4.884,5.013,491421.06,14
TRX,2024-03-29,0.1205,0.12,455484.12,13
USDC,2024-03-29,0.9999,1.0,17384.84,8
USDT,2024-03-29,1.0,1.001,17395.42,5
XRP,2024-03-29,0.6246,0.6305,79382981.95,6
ADA,2024-03-30,0.6645,0.6439,16615097.59,9
AVAX,2024-03-30,53.38,52.95,25011061.79,10
BNB,2024-03-30,612.92,600.98,22668212.45,3
BTC,2024-03-30,69903.72,69629.99,515940317.66,1
DOGE,2024-03-30,0.2131,0.1992,178844850.87,8
DOT,2024-03-30,9.606,9.436,11068228.55,12
ETH,2024-03-30,3511.49,3507.56,538809534.91,2
LTC,2024-03-30,109.09,102.91,52576240.8,15
MATIC,2024-03-30,0.9912,0.98,10735885.29,11
SOL,2024-03-30,192.19,194.28,266404556.59,4
TON,2024-03-30,5.013,5.268,516706.47,14
TRX,2024-03-30,0.12,0.1227,783490.02,13
USDC,2024-03-30,1.0,1.0,7372.59,7
USDT,2024-03-30,1.0,1.001,153224.1,5
XRP,2024-03-30,0.6305,0.6217,41709066.02,6
ADA,2024-03-31,0.6439,0.65,12889187.95,9
AVAX,2024-03-31,52.95,54.08,26379321.59,10
BNB,2024-03-31,600.98,606.94,16164932.42,3
BTC,2024-03-31,69629.99,71312.91,745658086.55,1
DOGE,2024-03-31,0.1992,0.22,186642519.87,7
DOT,2024-03-31,9.436,9.643,8802283.89,12
ETH,2024-03-31,3507.56,3645.98,566598172.38,2
LTC,2024-03-31,102.91,105.06,42821107.85,15
MATIC,2024-03-31,0.98,1.003,8738241.18,11
SOL,2024-03-31,194.28,202.43,240974694.62,4
TON,2024-03-31,5.268,5.484,545286.16,14
TRX,2024-03-31,0.1227,0.123,527639.34,13
USDC,2024-03-31,1.0,1.0,10570.78,8
USDT,2024-03-31,1.001,1.0,10571.56,5
XRP,2024-03-31,0.6217,0.6292,25914446.87,6
ADA,2024-04-01,0.65,0.6217,26248114.69,9
AVAX,2024-04-01,54.08,51.4,61801733.19,10
BNB,2024-04-01,606.94,576.24,29935323.93,3
BTC,2024-04-01,71312.91,69686.37,2005923775.26,1
DOGE,2024-04-01,0.22,0.2052,263979561.65,8
DOT,2024-04-01,9.643,9.15,19454440.76,12
ETH,2024-04-01,3645.98,3505.52,934917050.13,2
LTC,2024-04-01,105.06,99.3,99581249.66,15
MATIC,2024-04-01,1.003,0.9513,21820957.21,11
SOL,2024-04-01,202.43,192.35,376518362.86,4
TON,2024-04-01,5.484,5.383,539332.0,14
TRX,2024-04-01,0.123,0.1206,444739.91,13
USDC,2024-04-01,1.0,1.0,28894.2,7
USDT,2024-04-01,1.0,1.0,28905.97,5
XRP,2024-04-01,0.6292,0.6112,70947755.07,6
ADA,2024-04-02,0.6217,0.5808,29423169.49,9
AVAX,2024-04-02,51.4,46.88,69527234.95,10
BNB,2024-04-02,576.24,551.36,30271652.62,3
BTC,2024-04-02,69686.37,65466.81,3234216304.99,1
DOGE,2024-04-02,0.2052,0.1825,319240558.71,8
DOT,2024-04-02,9.15,8.585,25047053.15,12
ETH,2024-04-02,3505.52,3279.4,1350633378.51,2
LTC,2024-04-02,99.3,106.78,136116976.48,15
MATIC,2024-04-02,0.9513,0.9004,16672653.79,11
SOL,2024-04-02,192.35,181.52,443999027.53,4
TON,2024-04-02,5.383,4.878,470667.66,14
TRX,2024-04-02,0.1206,0.1166,1764861.6,13
USDC,2024-04-02,1.0,0.9998,48894.38,7
USDT,2024-04-02,1.0,1.0,48906.59,5
XRP,2024-04-02,0.6112,0.5855,109860705.2,6
ADA,2024-04-03,0.5808,0.5693,18198047.09,9
AVAX,2024-04-03,46.88,45.89,52185987.17,10
BNB,2024-04-03,551.36,561.81,20576927.39,3
BTC,2024-04-03,65466.81,65986.11,1835055534.78,1
DOGE,2024-04-03,0.1825,0.1753,226050902.1,8
DOT,2024-04-03,8.585,8.42,17004191.65,13
ETH,2024-04-03,3279.4,3312.24,997504814.36,2
LTC,2024-04-03,106.78,98.35,76745609.47,15
MATIC,2024-04-03,0.9004,0.8954,12375710.1,11
SOL,2024-04-03,181.52,185.14,282324677.0,4
TON,2024-04-03,4.878,5.06,503176.21,14
TRX,2024-04-03,0.1166,0.1173,850590.92,12
USDC,2024-04-03,0.9998,1.0,27791.8,7
USDT,2024-04-03,1.0,1.0,27802.16,5
XRP,2024-04-03,0.5855,0.5744,77706694.01,6
ADA,2024-04-04,0.5693,0.5833,20085026.68,9
AVAX,2024-04-04,45.89,46.53,36145739.91,10
BNB,2024-04-04,561.81,585.81,44215629.3,3
BTC,2024-04-04,65986.11,68523.79,2475521298.64,1
DOGE,2024-04-04,0.1753,0.1801,172075444.41,8
DOT,2024-04-04,8.42,8.492,14566318.38,13
ETH,2024-04-04,3312.24,3329.17,1024032112.02,2
LTC,2024-04-04,98.35,98.47,77283388.71,15
MATIC,2024-04-04,0.8954,0.9058,17986500.72,11
SOL,2024-04-04,185.14,184.09,258314841.26,4
TON,2024-04-04,5.06,5.198,524742.0,14
TRX,2024-04-04,0.1173,0.1193,473795.18,12
USDC,2024-04-04,1.0,1.0,36677.34,7
USDT,2024-04-04,1.0,1.0,36690.63,5
XRP,2024-04-04,0.5744,0.5937,105825389.78,6
ADA,2024-04-05,0.5833,0.5742,15612986.65,9
AVAX,2024-04-05,46.53,45.34,28274335.49,10
BNB,2024-04-05,585.81,578.31,27091621.5,3
BTC,2024-04-05,68523.79,67860.53,2219856764.99,1
DOGE,2024-04-05,0.1801,0.1773,158289528.24,8
DOT,2024-04-05,8.492,8.385,12074087.1,13
ETH,2024-04-05,3329.17,3319.12,991902873.76,2
LTC,2024-04-05,98.47,97.9,48755238.23,15
MATIC,2024-04-05,0.9058,0.8843,11208355.15,11
SOL,2024-04-05,184.09,174.46,376609057.73,4
TON,2024-04-05,5.198,5.402,533491.57,14
TRX,2024-04-05,0.1193,0.1179,350728.67,12
USDC,2024-04-05,1.0,1.0,32910.29,7
USDT,2024-04-05,1.0,1.001,32922.22,5
XRP,2024-04-05,0.5937,0.5872,68020047.18,6
ADA,2024-04-06,0.5742,0.5837,8638250.48,9
AVAX,2024-04-06,45.34,48.19,43565339.25,10
BNB,2024-04-06,578.31,585.7,12578175.58,3
BTC,2024-04-06,67860.53,68913.79,772361130.33,1
DOGE,2024-04-06,0.1773,0.1858,116376530.6,8
DOT,2024-04-06,8.385,8.496,5569929.04,13
ETH,2024-04-06,3319.12,3352.4,504501846.56,2
LTC,2024-04-06,97.9,101.63,28068569.05,15
MATIC,2024-04-06,0.8843,0.8975,5672441.36,11
SOL,2024-04-06,174.46,178.74,173682508.16,4
TON,2024-04-06,5.402,5.623,543799.27,14
TRX,2024-04-06,0.1179,0.1197,341719.38,12
USDC,2024-04-06,1.0,0.9999,11313.76,7
USDT,2024-04-06,1.001,1.0,11317.68,5
XRP,2024-04-06,0.5872,0.5931,30364509.54,6
ADA,2024-04-07,0.5837,0.5889,11435707.32,9
AVAX,2024-04-07,48.19,49.32,26721185.56,10
BNB,2024-04-07,585.7,583.71,13368177.37,3
BTC,2024-04-07,68913.79,69357.32,951477284.85,1
DOGE,2024-04-07,0.1858,0.1988,204664849.21,8
DOT,2024-04-07,8.496,8.706,6784486.46,12
ETH,2024-04-07,3352.4,3453.85,522076832.37,2
LTC,2024-04-07,101.63,101.22,45340933.05,15
MATIC,2024-04-07,0.8975,0.9109,11102710.96,11
SOL,2024-04-07,178.74,179.52,187985440.86,4
TON,2024-04-07,5.623,5.382,525589.78,14
TRX,2024-04-07,0.1197,0.1206,249367.69,13
USDC,2024-04-07,0.9999,1.0,13691.44,7
USDT,2024-04-07,1.0,1.0,13691.45,5
XRP,2024-04-07,0.5931,0.5945,32911977.14,6
ADA,2024-04-08,0.5889,0.6139,18400640.7,9
AVAX,2024-04-08,49.32,49.86,37423860.35,10
BNB,2024-04-08,583.71,586.29,22696286.38,3
BTC,2024-04-08,69357.32,71629.36,2607488940.79,1
DOGE,2024-04-08,0.1988,0.2026,160229236.09,8
DOT,2024-04-08,8.706,9.042,12459990.53,13
ETH,2024-04-08,3453.85,3694.7,1257790924.33,2
LTC,2024-04-08,101.22,103.24,55716288.28,15
MATIC,2024-04-08,0.9109,0.9471,14746760.02,12
SOL,2024-04-08,179.52,180.69,307007266.04,4
TON,2024-04-08,5.382,6.407,645388.59,11
TRX,2024-04-08,0.1206,0.1231,514586.25,14
USDC,2024-04-08,1.0,1.0,36461.79,7
USDT,2024-04-08,1.0,1.0,36460.48,5
XRP,2024-04-08,0.5945,0.6147,85848261.63,6
ADA,2024-04-09,0.6139,0.5911,19803704.35,9
AVAX,2024-04-09,49.86,46.46,30714596.06,10
BNB,2024-04-09,586.29,580.34,27317631.57,3
BTC,2024-04-09,71629.36,69129.48,2411758700.3,1
DOGE,2024-04-09,0.2026,0.1891,166404099.42,8
DOT,2024-04-09,9.042,8.652,22923980.5,14
ETH,2024-04-09,3694.7,3504.83,1184278583.93,2
LTC,2024-04-09,103.24,97.53,41058511.78,15
MATIC,2024-04-09,0.9471,0.8973,11079446.02,12
SOL,2024-04-09,180.69,172.32,260675726.56,4
TON,2024-04-09,6.407,6.721,704196.36,11
TRX,2024-04-09,0.1231,0.121,513910.25,13
USDC,2024-04-09,1.0,1.0,34541.56,7
USDT,2024-04-09,1.0,0.9998,34530.39,5
XRP,2024-04-09,0.6147,0.6138,94171294.4,6
ADA,2024-04-10,0.5911,0.5862,21109860.86,9
AVAX,2024-04-10,46.46,47.31,37412913.37,10
BNB,2024-04-10,580.34,609.81,37226657.07,3
BTC,2024-04-10,69129.48,70628.54,2563902180.98,1
DOGE,2024-04-10,0.1891,0.1998,177521244.53,8
DOT,2024-04-10,8.652,8.412,36335970.2,14
ETH,2024-04-10,3504.83,3545.56,1006631402.92,2
LTC,2024-04-10,97.53,96.71,36403771.57,15
MATIC,2024-04-10,0.8973,0.8873,13488844.25,12
SOL,2024-04-10,172.32,173.35,299280984.54,4
TON,2024-04-10,6.721,6.838,723824.46,11
TRX,2024-04-10,0.121,0.1191,2440717.55,13
USDC,2024-04-10,1.0,0.9999,37140.17,7
USDT,2024-04-10,0.9998,1.0,37140.99,5
XRP,2024-04-10,0.6138,0.6173,76286246.01,6
ADA,2024-04-11,0.5862,0.5858,11932152.71,9
AVAX,2024-04-11,47.31,46.03,27352560.95,10
BNB,2024-04-11,609.81,604.68,30044822.23,3
BTC,2024-04-11,70628.54,70026.43,1758820969.32,1
DOGE,2024-04-11,0.1998,0.1938,133004909.41,8
DOT,2024-04-11,8.412,8.382,11741956.81,14
ETH,2024-04-11,3545.56,3503.21,796534108.67,2
LTC,2024-04-11,96.71,98.75,33890584.64,15
MATIC,2024-04-11,0.8873,0.8781,12780981.99,12
SOL,2024-04-11,173.35,172.43,187905664.5,4
TON,2024-04-11,6.838,7.332,768828.69,11
TRX,2024-04-11,0.1191,0.1204,368068.23,13
USDC,2024-04-11,0.9999,1.0,24990.72,7
USDT,2024-04-11,1.0,1.0,24995.03,5
XRP,2024-04-11,0.6173,0.6087,64491481.73,6
ADA,2024-04-12,0.5858,0.503,62499258.66,9
AVAX,2024-04-12,46.03,39.37,85230669.27,11
BNB,2024-04-12,604.68,595.9,71062933.39,3
BTC,2024-04-12,70026.43,67158.3,3367653179.18,1
DOGE,2024-04-12,0.1938,0.1744,273900581.05,8
DOT,2024-04-12,8.382,7.242,37501734.06,14
ETH,2024-04-12,3503.21,3239.12,1387659435.48,2
LTC,2024-04-12,98.75,86.16,82456180.47,15
MATIC,2024-04-12,0.8781,0.7656,31115676.63,13
SOL,2024-04-12,172.43,153.29,442076377.19,5
TON,2024-04-12,7.332,6.683,678292.64,10
TRX,2024-04-12,0.1204,0.1148,1908711.16,12
USDC,2024-04-12,1.0,1.0,49342.01,6
USDT,2024-04-12,1.0,1.001,49360.5,4
XRP,2024-04-12,0.6087,0.5474,156702259.42,7
ADA,2024-04-13,0.503,0.4457,55377663.5,9
AVAX,2024-04-13,39.37,33.97,182897907.58,11
BNB,2024-04-13,595.9,554.04,65446562.9,3
BTC,2024-04-13,67158.3,64021.36,3689543158.77,1
DOGE,2024-04-13,0.1744,0.1527,369505028.37,8
DOT,2024-04-13,7.242,6.403,46868628.12,14
ETH,2024-04-13,3239.12,3011.51,1908312548.54,2
LTC,2024-04-13,86.16,77.5,88089927.14,15
MATIC,2024-04-13,0.7656,0.6539,36708632.51,13
SOL,2024-04-13,153.29,138.51,711604717.45,5
TON,2024-04-13,6.683,5.983,600661.55,10
TRX,2024-04-13,0.1148,0.1103,2262750.09,12
USDC,2024-04-13,1.0,1.0,56920.54,6
USDT,2024-04-13,1.001,1.002,57014.79,4
XRP,2024-04-13,0.5474,0.4797,179581538.69,7
ADA,2024-04-14,0.4457,0.4682,37117375.03,9
AVAX,2024-04-14,33.97,37.32,143648719.71,11
BNB,2024-04-14,554.04,567.1,30886751.49,3
BTC,2024-04-14,64021.36,65765.64,2627998512.52,1
DOGE,2024-04-14,0.1527,0.1623,231392255.87,8
DOT,2024-04-14,6.403,6.862,30344904.45,14
ETH,2024-04-14,3011.51,3158.26,1464413624.74,2
LTC,2024-04-14,77.5,79.82,51936486.16,15
MATIC,2024-04-14,0.6539,0.7117,23002643.97,13
SOL,2024-04-14,138.51,151.45,431491476.62,5
TON,2024-04-14,5.983,6.892,707600.89,10
TRX,2024-04-14,0.1103,0.1126,378839.74,12
USDC,2024-04-14,1.0,1.001,40989.49,6
USDT,2024-04-14,1.002,1.002,41031.0,4
XRP,2024-04-14,0.4797,0.5038,125314237.77,7
ADA,2024-04-15,0.4682,0.4611,33718496.96,9
AVAX,2024-04-15,37.32,35.18,83338147.47,11
BNB,2024-04-15,567.1,552.88,30965200.16,3
BTC,2024-04-15,65765.64,63447.27,2658417494.41,1
DOGE,2024-04-15,0.1623,0.1612,220552913.04,8
DOT,2024-04-15,6.862,6.707,19934289.31,14
ETH,2024-04-15,3158.26,3103.0,1244925295.21,2
LTC,2024-04-15,79.82,78.11,43353831.63,15
MATIC,2024-04-15,0.7117,0.7078,19609706.62,13
SOL,2024-04-15,151.45,138.59,379031572.15,5
TON,2024-04-15,6.892,6.694,716813.48,10
TRX,2024-04-15,0.1126,0.1115,633359.07,12
USDC,2024-04-15,1.001,1.0,40981.4,6
USDT,2024-04-15,1.002,1.0,40992.18,4
XRP,2024-04-15,0.5038,0.4979,95654768.94,7
ADA,2024-04-16,0.4611,0.4586,22673656.86,9
AVAX,2024-04-16,35.18,34.77,52588562.72,11
BNB,2024-04-16,552.88,537.98,20727909.51,3
BTC,2024-04-16,63447.27,63824.7,2234500815.41,1
DOGE,2024-04-16,0.1612,0.1561,133665685.03,8
DOT,2024-04-16,6.707,6.704,13592054.88,14
ETH,2024-04-16,3103.0,3085.42,1102919090.86,2
LTC,2024-04-16,78.11,80.0,28221238.07,15
MATIC,2024-04-16,0.7078,0.7034,17786521.0,13
SOL,2024-04-16,138.59,136.27,334403437.76,5
TON,2024-04-16,6.694,6.364,599655.79,10
TRX,2024-04-16,0.1115,0.1119,508351.73,12
USDC,2024-04-16,1.0,1.0,35544.08,6
USDT,2024-04-16,1.0,1.0,35559.22,4
XRP,2024-04-16,0.4979,0.4968,70782774.44,7
ADA,2024-04-17,0.4586,0.4442,16792290.46,9
AVAX,2024-04-17,34.77,33.59,43082387.08,11
BNB,2024-04-17,537.98,534.09,41412943.24,3
BTC,2024-04-17,63824.7,61283.74,2562816108.8,1
DOGE,2024-04-17,0.1561,0.1476,112637647.63,8
DOT,2024-04-17,6.704,6.579,9440454.63,14
ETH,2024-04-17,3085.42,2985.12,978463368.36,2
LTC,2024-04-17,80.0,80.18,25023982.64,15
MATIC,2024-04-17,0.7034,0.6679,9698826.78,13
SOL,2024-04-17,136.27,131.89,331011215.79,5
TON,2024-04-17,6.364,6.159,620761.91,10
TRX,2024-04-17,0.1119,0.1097,932314.17,12
USDC,2024-04-17,1.0,1.0,41509.85,6
USDT,2024-04-17,1.0,1.0,41508.48,4
XRP,2024-04-17,0.4968,0.4952,79753234.75,7
ADA,2024-04-18,0.4442,0.4583,14558783.2,9
AVAX,2024-04-18,33.59,34.87,37383009.98,11
BNB,2024-04-18,534.09,552.29,37954590.72,3
BTC,2024-04-18,61283.74,63511.2,1972785716.37,1
DOGE,2024-04-18,0.1476,0.1523,113486418.68,8
DOT,2024-04-18,6.579,6.784,9886355.66,13
ETH,2024-04-18,2985.12,3065.69,873530402.2,2
LTC,2024-04-18,80.18,80.8,28590487.57,15
MATIC,2024-04-18,0.6679,0.676,13056009.1,14
SOL,2024-04-18,131.89,142.1,316388572.34,5
TON,2024-04-18,6.159,6.446,639362.76,10
TRX,2024-04-18,0.1097,0.1093,486507.53,12
USDC,2024-04-18,1.0,1.0,31455.07,6
USDT,2024-04-18,1.0,1.001,31472.09,4
XRP,2024-04-18,0.4952,0.503,56505719.31,7
ADA,2024-04-19,0.4583,0.4683,24898686.99,9
AVAX,2024-04-19,34.87,34.67,42884343.54,11
BNB,2024-04-19,552.29,554.52,31143388.4,3
BTC,2024-04-19,63511.2,63848.26,2923364930.21,1
DOGE,2024-04-19,0.1523,0.1564,142805611.8,8
DOT,2024-04-19,6.784,6.685,13892911.7,14
ETH,2024-04-19,3065.69,3057.95,1045944600.77,2
LTC,2024-04-19,80.8,80.89,28137265.87,15
MATIC,2024-04-19,0.676,0.6732,16004979.49,13
SOL,2024-04-19,142.1,142.53,457184320.01,5
TON,2024-04-19,6.446,6.133,707299.83,10
TRX,2024-04-19,0.1093,0.1099,616889.5,12
USDC,2024-04-19,1.0,1.0,46061.24,6
USDT,2024-04-19,1.001,1.001,46081.55,4
XRP,2024-04-19,0.503,0.5033,84241171.97,7
ADA,2024-04-20,0.4683,0.5073,23320575.83,9
AVAX,2024-04-20,34.67,38.33,32891574.08,11
BNB,2024-04-20,554.52,571.3,15468877.56,3
BTC,2024-04-20,63848.26,64979.21,866105478.99,1
DOGE,2024-04-20,0.1564,0.1627,116686637.57,8
DOT,2024-04-20,6.685,7.242,8519648.98,14
ETH,2024-04-20,3057.95,3157.04,516137769.98,2
LTC,2024-04-20,80.89,85.09,18602954.96,15
MATIC,2024-04-20,0.6732,0.7384,9312482.35,13
SOL,2024-04-20,142.53,151.28,178632779.86,5
TON,2024-04-20,6.133,6.204,629170.25,10
TRX,2024-04-20,0.1099,0.1111,288146.37,12
USDC,2024-04-20,1.0,1.0,13466.53,6
USDT,2024-04-20,1.001,1.001,13471.76,4
XRP,2024-04-20,0.5033,0.5291,53366081.05,7
ADA,2024-04-21,0.5073,0.4992,16538750.91,9
AVAX,2024-04-21,38.33,37.15,26240983.58,11
BNB,2024-04-21,571.3,579.86,18208005.71,3
BTC,2024-04-21,64979.21,64955.82,854324202.42,1
DOGE,2024-04-21,0.1627,0.1582,82990034.06,8
DOT,2024-04-21,7.242,7.141,6598404.01,13
ETH,2024-04-21,3157.04,3148.11,470671773.32,2
LTC,2024-04-21,85.09,84.17,13384834.49,15
MATIC,2024-04-21,0.7384,0.7138,8077550.4,14
SOL,2024-04-21,151.28,148.78,154865367.77,5
TON,2024-04-21,6.204,6.138,619230.05,10
TRX,2024-04-21,0.1111,0.1113,286254.98,12
USDC,2024-04-21,1.0,1.0,13152.04,6
USDT,2024-04-21,1.001,1.0,13154.04,4
XRP,2024-04-21,0.5291,0.5246,33411924.56,7
ADA,2024-04-22,0.4992,0.517,21325826.01,9
AVAX,2024-04-22,37.15,39.19,36661977.87,10
BNB,2024-04-22,579.86,604.83,35684631.4,3
BTC,2024-04-22,64955.82,66854.24,1510230897.53,1
DOGE,2024-04-22,0.1582,0.1613,77228210.27,8
DOT,2024-04-22,7.141,7.471,13003001.82,13
ETH,2024-04-22,3148.11,3201.55,669498961.12,2
LTC,2024-04-22,84.17,85.45,18996021.88,15
MATIC,2024-04-22,0.7138,0.7429,9593528.95,14
SOL,2024-04-22,148.78,157.03,239332074.75,5
TON,2024-04-22,6.138,5.963,611391.53,11
TRX,2024-04-22,0.1113,0.1123,310400.22,12
USDC,2024-04-22,1.0,1.0,22842.29,6
USDT,2024-04-22,1.0,1.001,22852.25,4
XRP,2024-04-22,0.5246,0.5562,87715877.03,7
ADA,2024-04-23,0.517,0.5,25340474.37,9
AVAX,2024-04-23,39.19,38.3,25626780.17,10
BNB,2024-04-23,604.83,606.17,49457394.54,3
BTC,2024-04-23,66854.24,66415.06,1169300050.32,1
DOGE,2024-04-23,0.1613,0.1598,62435643.43,8
DOT,2024-04-23,7.471,7.242,14579597.75,14
ETH,2024-04-23,3201.55,3219.78,685076398.96,2
LTC,2024-04-23,85.45,85.05,18723131.78,15
MATIC,2024-04-23,0.7429,0.729,6810236.8,13
SOL,2024-04-23,157.03,154.68,226705627.04,5
TON,2024-04-23,5.963,5.708,579854.79,11
TRX,2024-04-23,0.1123,0.1133,292704.26,12
USDC,2024-04-23,1.0,0.9999,17574.68,6
USDT,2024-04-23,1.001,1.0,17575.57,4
XRP,2024-04-23,0.5562,0.5446,61916730.53,7
ADA,2024-04-24,0.5,0.4746,19273464.75,9
AVAX,2024-04-24,38.3,36.36,42121802.38,10
BNB,2024-04-24,606.17,608.58,36799701.19,3
BTC,2024-04-24,66415.06,64263.95,1878460968.73,1
DOGE,2024-04-24,0.1598,0.1513,116252757.87,8
DOT,2024-04-24,7.242,6.926,13303712.79,14
ETH,2024-04-24,3219.78,3139.1,864542926.86,2
LTC,2024-04-24,85.05,83.2,30716486.04,15
MATIC,2024-04-24,0.729,0.7051,11992087.41,13
SOL,2024-04-24,154.68,147.72,308556085.53,5
TON,2024-04-24,5.708,5.559,574537.37,11
TRX,2024-04-24,0.1133,0.1132,321786.27,12
USDC,2024-04-24,0.9999,1.0,28790.8,6
USDT,2024-04-24,1.0,0.9996,28774.23,4
XRP,2024-04-24,0.5446,0.5272,70633184.29,7
ADA,2024-04-25,0.4746,0.4705,14453155.09,9
AVAX,2024-04-25,36.36,35.59,29345242.99,10
BNB,2024-04-25,608.58,613.03,29628984.15,3
BTC,2024-04-25,64263.95,64488.49,1713069016.97,1
DOGE,2024-04-25,0.1513,0.1513,54809036.14,8
DOT,2024-04-25,6.926,6.861,9909573.89,14
ETH,2024-04-25,3139.1,3155.47,882134092.22,2
LTC,2024-04-25,83.2,83.77,22868962.23,15
MATIC,2024-04-25,0.7051,0.7204,8624681.14,13
SOL,2024-04-25,147.72,144.85,241156524.26,5
TON,2024-04-25,5.559,5.465,598884.27,12
TRX,2024-04-25,0.1132,0.1173,1171460.24,11
USDC,2024-04-25,1.0,1.0,26729.61,6
USDT,2024-04-25,0.9996,0.9998,26725.84,4
XRP,2024-04-25,0.5272,0.5253,53535355.98,7
ADA,2024-04-26,0.4705,0.4628,9894250.51,9
AVAX,2024-04-26,35.59,34.4,19239889.75,11
BNB,2024-04-26,613.03,597.73,21887258.28,3
BTC,2024-04-26,64488.49,63750.63,1275865834.83,1
DOGE,2024-04-26,0.1513,0.1479,50897878.79,8
DOT,2024-04-26,6.861,6.76,7592561.43,14
ETH,2024-04-26,3155.47,3130.07,689663958.95,2
LTC,2024-04-26,83.77,88.06,47746948.56,15
MATIC,2024-04-26,0.7204,0.7029,7405148.38,13
SOL,2024-04-26,144.85,139.16,145874995.0,5
TON,2024-04-26,5.465,5.307,527781.5,12
TRX,2024-04-26,0.1173,0.1201,1398025.02,10
USDC,2024-04-26,1.0,1.0,19915.12,6
USDT,2024-04-26,0.9998,0.9996,19907.36,4
XRP,2024-04-26,0.5253,0.5258,48059500.83,7
ADA,2024-04-27,0.4628,0.4671,9804290.54,9
AVAX,2024-04-27,34.4,34.45,23748150.94,11
BNB,2024-04-27,597.53,595.67,20596738.79,3
BTC,2024-04-27,63750.63,63434.44,799665556.56,1
DOGE,2024-04-27,0.1479,0.1477,46360059.94,8
DOT,2024-04-27,6.76,6.804,6327961.21,14
ETH,2024-04-27,3130.07,3253.23,643382820.24,2
LTC,2024-04-27,88.06,83.84,32373408.55,15
MATIC,2024-04-27,0.7029,0.7325,7897854.01,13
SOL,2024-04-27,139.16,141.23,142754281.93,5
TON,2024-04-27,5.323,5.466,255726.99,12
TRX,2024-04-27,0.1201,0.1196,337820.15,10
USDC,2024-04-27,1.0,1.0,12688.06,6
USDT,2024-04-27,0.9996,0.9996,12679.7,4
XRP,2024-04-27,0.5258,0.5178,28434314.97,7
ADA,2024-04-28,0.4671,0.4597,8335011.12,9
AVAX,2024-04-28,34.45,33.93,17701148.97,12
BNB,2024-04-28,595.97,600.0,13136665.26,3
BTC,2024-04-28,63434.44,63111.34,642628554.25,1
DOGE,2024-04-28,0.1477,0.1467,23560922.41,8
DOT,2024-04-28,6.804,6.723,5161819.68,14
ETH,2024-04-28,3253.23,3262.43,678357043.13,2
LTC,2024-04-28,83.84,83.97,15247498.83,15
MATIC,2024-04-28,0.7325,0.7211,6067402.88,13
SOL,2024-04-28,141.23,137.97,109967903.38,5
TON,2024-04-28,5.396,5.447,521000.4,11
TRX,2024-04-28,0.1196,0.1214,590854.95,10
USDC,2024-04-28,1.0,1.0,205456.57,6
USDT,2024-04-28,0.9993,0.9997,205401.8,4
XRP,2024-04-28,0.5178,0.5103,17992483.18,7
ADA,2024-04-29,0.4597,0.457,11744204.36,9
AVAX,2024-04-29,33.93,35.28,38095355.47,11
BNB,2024-04-29,600.0,592.7,19063627.5,3
BTC,2024-04-29,63111.34,63847.54,1370557060.16,1
DOGE,2024-04-29,0.1467,0.1434,60593620.97,8
DOT,2024-04-29,6.723,6.584,10609625.25,14
ETH,2024-04-29,3262.43,3215.73,852862297.95,2
LTC,2024-04-29,83.97,83.48,21638732.46,15
MATIC,2024-04-29,0.7211,0.704,10490390.99,13
SOL,2024-04-29,137.97,137.74,152991280.52,5
TON,2024-04-29,5.447,5.339,521514.92,12
TRX,2024-04-29,0.1214,0.119,877711.65,10
USDC,2024-04-29,1.0,1.0,21850.55,6
USDT,2024-04-29,0.9999,0.9997,21843.82,4
XRP,2024-04-29,0.5103,0.5149,47562352.63,7
ADA,2024-04-30,0.457,0.4409,19662451.73,9
AVAX,2024-04-30,35.28,32.69,44691249.56,11
BNB,2024-04-30,592.7,578.02,46255665.18,3
BTC,2024-04-30,63847.54,60633.97,2518380270.05,1
DOGE,2024-04-30,0.1434,0.1333,89725061.07,8
DOT,2024-04-30,6.584,6.421,14327694.25,14
ETH,2024-04-30,3215.73,3011.46,1098924247.19,2
LTC,2024-04-30,83.48,79.44,27098332.28,15
MATIC,2024-04-30,0.704,0.6669,11413436.67,13
SOL,2024-04-30,137.74,126.68,288052107.17,5
TON,2024-04-30,5.339,5.187,520632.76,12
TRX,2024-04-30,0.119,0.1194,1148735.78,10
USDC,2024-04-30,1.0,1.0,41221.36,6
USDT,2024-04-30,0.9997,0.9993,41184.77,4
XRP,2024-04-30,0.5149,0.5001,63585433.54,7
ADA,2024-05-01,0.4409,0.4495,21246052.86,9
AVAX,2024-05-01,32.69,33.29,54011900.87,11
BNB,2024-05-01,578.02,560.98,33881785.79,3
BTC,2024-05-01,60633.97,58277.44,3014503800.73,1
DOGE,2024-05-01,0.1333,0.1301,145888997.88,8
DOT,2024-05-01,6.421,6.888,25322596.52,14
ETH,2024-05-01,3011.46,2968.82,1273126182.34,2
LTC,2024-05-01,79.44,80.06,29166126.61,15
MATIC,2024-05-01,0.6669,0.6911,13078665.57,13
SOL,2024-05-01,126.68,134.49,317240351.76,5
TON,2024-05-01,5.049,4.931,449620.16,12
TRX,2024-05-01,0.1194,0.1204,917219.49,10
USDC,2024-05-01,1.0,1.0,52062.31,6
USDT,2024-05-01,0.9993,0.9987,51985.28,4
XRP,2024-05-01,0.5001,0.5169,66019545.26,7
ADA,2024-05-02,0.4495,0.4578,19410611.39,9
AVAX,2024-05-02,33.29,33.59,29408345.0,11
BNB,2024-05-02,560.98,560.47,21399590.46,3
BTC,2024-05-02,58277.44,59083.85,1724718703.27,1
DOGE,2024-05-02,0.1301,0.1319,83360772.69,8
DOT,2024-05-02,6.888,7.277,19057961.31,13
ETH,2024-05-02,2968.82,2986.41,807841703.83,2
LTC,2024-05-02,80.06,80.05,17569311.68,15
MATIC,2024-05-02,0.6911,0.7207,7987092.87,14
SOL,2024-05-02,134.49,137.62,245258470.79,5
TON,2024-05-02,4.85,5.163,515385.41,12
TRX,2024-05-02,0.1204,0.1223,788034.23,10
USDC,2024-05-02,1.0,1.0,29479.88,6
USDT,2024-05-02,0.9987,1.0,29480.12,4
XRP,2024-05-02,0.5169,0.5181,56544956.34,7
ADA,2024-05-03,0.4578,0.4675,16253604.98,9
AVAX,2024-05-03,33.59,35.57,25699791.14,12
BNB,2024-05-03,560.47,587.46,23806984.46,3
BTC,2024-05-03,59083.85,62917.45,2147038663.01,1
DOGE,2024-05-03,0.1319,0.1461,89107101.82,8
DOT,2024-05-03,7.277,7.249,13812907.21,14
ETH,2024-05-03,2986.41,3103.77,840705738.28,2
LTC,2024-05-03,80.05,81.91,18178047.55,15
MATIC,2024-05-03,0.7207,0.7326,7556927.46,13
SOL,2024-05-03,137.62,143.73,249382114.25,5
TON,2024-05-03,5.163,5.711,589904.82,11
TRX,2024-05-03,0.1223,0.1228,612843.96,10
USDC,2024-05-03,1.0,1.0,35187.04,6
USDT,2024-05-03,1.0,1.001,35202.1,4
XRP,2024-05-03,0.5181,0.5319,54489446.05,7
ADA,2024-05-04,0.4675,0.4632,11054282.78,9
AVAX,2024-05-04,35.57,37.37,33411024.96,10
BNB,2024-05-04,587.46,585.75,20280724.17,3
BTC,2024-05-04,62917.45,63904.51,1029192793.92,1
DOGE,2024-05-04,0.1461,0.1601,195320111.5,8
DOT,2024-05-04,7.249,7.122,9046343.11,14
ETH,2024-05-04,3103.77,3117.52,459744729.64,2
LTC,2024-05-04,81.91,81.69,13977909.25,15
MATIC,2024-05-04,0.7326,0.7292,5093224.4,13
SOL,2024-05-04,143.73,146.05,120149125.71,5
TON,2024-05-04,5.711,5.781,593720.81,12
TRX,2024-05-04,0.1228,0.1223,388971.4,11
USDC,2024-05-04,1.0,1.0,16207.39,6
USDT,2024-05-04,1.001,1.0,16209.81,4
XRP,2024-05-04,0.5319,0.5303,23797997.64,7
ADA,2024-05-05,0.4632,0.4581,8660992.77,9
AVAX,2024-05-05,37.37,37.37,22639567.49,10
BNB,2024-05-05,585.75,592.15,11919856.27,3
BTC,2024-05-05,63904.51,64037.5,803966989.59,1
DOGE,2024-05-05,0.1601,0.161,87196329.2,8
DOT,2024-05-05,7.122,7.306,8739798.42,14
ETH,2024-05-05,3117.52,3137.09,476413151.08,2
LTC,2024-05-05,81.69,81.34,14856421.55,15
MATIC,2024-05-05,0.7292,0.7338,5513769.21,13
SOL,2024-05-05,146.05,145.73,108074079.53,5
TON,2024-05-05,5.781,5.904,577493.71,11
TRX,2024-05-05,0.1223,0.1211,252275.03,12
USDC,2024-05-05,1.0,1.0,12597.34,6
USDT,2024-05-05,1.0,1.0,12600.03,4
XRP,2024-05-05,0.5303,0.5297,16519255.09,7
ADA,2024-05-06,0.4581,0.454,14915742.44,9
AVAX,2024-05-06,37.37,37.11,46957002.53,10
BNB,2024-05-06,592.15,588.16,17554481.12,3
BTC,2024-05-06,64037.5,63168.44,1537928462.74,1
DOGE,2024-05-06,0.161,0.1565,115724357.94,8
DOT,2024-05-06,7.306,7.12,13916044.31,13
ETH,2024-05-06,3137.09,3063.19,741977976.88,2
LTC,2024-05-06,81.34,80.8,28322717.62,15
MATIC,2024-05-06,0.7338,0.71,15693012.38,14
SOL,2024-05-06,145.73,152.82,245743030.29,5
TON,2024-05-06,5.904,5.789,598897.78,11
TRX,2024-05-06,0.1211,0.1187,337242.75,12
USDC,2024-05-06,1.0,1.0,24081.61,6
USDT,2024-05-06,1.0,1.0,24082.74,4
XRP,2024-05-06,0.5297,0.5402,92580029.01,7
ADA,2024-05-07,0.454,0.4415,15504354.74,9
AVAX,2024-05-07,37.11,35.31,23998833.12,12
BNB,2024-05-07,588.16,576.62,18133578.59,3
BTC,2024-05-07,63168.44,62323.36,1326416673.48,1
DOGE,2024-05-07,0.1565,0.15,78076107.52,8
DOT,2024-05-07,7.12,6.995,9188477.55,13
ETH,2024-05-07,3063.19,3005.91,679034472.49,2
LTC,2024-05-07,80.8,80.84,20094244.61,15
MATIC,2024-05-07,0.71,0.6932,7950892.62,14
SOL,2024-05-07,152.82,148.03,213156591.29,5
TON,2024-05-07,5.789,5.688,566622.93,11
TRX,2024-05-07,0.1187,0.1205,1143244.95,10
USDC,2024-05-07,1.0,1.0,20907.27,6
USDT,2024-05-07,1.0,1.0,20908.95,4
XRP,2024-05-07,0.5402,0.5246,45294804.48,7
ADA,2024-05-08,0.4415,0.4516,18969254.55,9
AVAX,2024-05-08,35.31,34.01,31206186.51,12
BNB,2024-05-08,576.62,588.24,20765344.02,3
BTC,2024-05-08,62323.36,61179.81,1155791451.43,1
DOGE,2024-05-08,0.15,0.1432,72559151.05,8
DOT,2024-05-08,6.995,6.982,9599338.49,13
ETH,2024-05-08,3005.91,2973.31,724279038.67,2
LTC,2024-05-08,80.84,81.66,21014526.43,15
MATIC,2024-05-08,0.6932,0.681,7237695.71,14
SOL,2024-05-08,148.03,142.15,199513889.17,5
TON,2024-05-08,5.688,5.737,560234.68,11
TRX,2024-05-08,0.1205,0.1228,1001850.37,10
USDC,2024-05-08,1.0,1.0,18595.89,6
USDT,2024-05-08,1.0,0.9997,18588.14,4
XRP,2024-05-08,0.5246,0.5169,45387986.99,7
ADA,2024-05-09,0.4516,0.4635,10487993.15,9
AVAX,2024-05-09,34.01,35.06,17484817.94,12
BNB,2024-05-09,588.24,596.71,39507467.15,3
BTC,2024-05-09,61179.81,63077.18,1140626858.17,1
DOGE,2024-05-09,0.1432,0.1522,68650459.64,8
DOT,2024-05-09,6.982,7.048,7591245.62,13
ETH,2024-05-09,2973.31,3035.93,633874345.6,2
LTC,2024-05-09,81.66,83.07,15392301.7,15
MATIC,2024-05-09,0.681,0.6944,6532410.89,14
SOL,2024-05-09,142.15,152.57,190110750.45,5
TON,2024-05-09,5.737,6.472,646196.84,10
TRX,2024-05-09,0.1228,0.1262,650416.33,11
USDC,2024-05-09,1.0,1.0,18443.48,6
USDT,2024-05-09,0.9997,1.0,18441.78,4
XRP,2024-05-09,0.5169,0.5208,39283618.9,7
ADA,2024-05-10,0.4635,0.4478,11541804.99,9
AVAX,2024-05-10,35.06,33.71,23875517.19,12
BNB,2024-05-10,596.71,585.6,25450480.09,3
BTC,2024-05-10,63077.18,60790.82,1565941805.66,1
DOGE,2024-05-10,0.1522,0.1439,73583889.19,8
DOT,2024-05-10,7.048,6.745,8140540.98,13
ETH,2024-05-10,3035.93,2909.58,765131256.66,2
LTC,2024-05-10,83.07,80.22,14788983.21,15
MATIC,2024-05-10,0.6944,0.6719,7833417.17,14
SOL,2024-05-10,152.57,146.03,256304682.24,5
TON,2024-05-10,6.472,6.736,688926.71,10
TRX,2024-05-10,0.1262,0.1275,546208.26,11
USDC,2024-05-10,1.0,1.0,25391.44,6
USDT,2024-05-10,1.0,0.9999,25386.62,4
XRP,2024-05-10,0.5208,0.5022,44280402.16,7
ADA,2024-05-11,0.4478,0.4386,9199754.1,9
AVAX,2024-05-11,33.71,33.49,13240474.51,12
BNB,2024-05-11,585.6,592.05,15175915.18,3
BTC,2024-05-11,60790.82,60823.19,505608099.69,1
DOGE,2024-05-11,0.1439,0.143,20334316.35,8
DOT,2024-05-11,6.745,6.66,4987874.25,14
ETH,2024-05-11,2909.58,2911.82,367160920.04,2
LTC,2024-05-11,80.22,81.37,11308126.53,15
MATIC,2024-05-11,0.6719,0.6755,3337134.35,13
SOL,2024-05-11,146.03,145.37,124606367.13,5
TON,2024-05-11,6.736,6.879,698674.97,10
TRX,2024-05-11,0.1275,0.1263,184147.25,11
USDC,2024-05-11,1.0,1.0,8298.4,6
USDT,2024-05-11,0.9999,0.9999,8297.42,4
XRP,2024-05-11,0.5022,0.5059,15575248.07,7
ADA,2024-05-12,0.4386,0.4377,4506748.7,9
AVAX,2024-05-12,33.49,33.12,8049708.37,12
BNB,2024-05-12,592.05,594.5,16723412.86,3
BTC,2024-05-12,60823.19,61459.22,502848342.69,1
DOGE,2024-05-12,0.143,0.1412,31541279.67,8
DOT,2024-05-12,6.66,6.614,3244310.7,14
ETH,2024-05-12,2911.82,2927.97,325974911.48,2
LTC,2024-05-12,81.37,81.38,8850332.48,15
MATIC,2024-05-12,0.6755,0.6706,2708130.17,13
SOL,2024-05-12,145.37,143.39,90898975.25,5
TON,2024-05-12,6.879,6.951,703502.23,10
TRX,2024-05-12,0.1263,0.1274,230027.59,11
USDC,2024-05-12,1.0,1.0,8215.6,6
USDT,2024-05-12,0.9999,0.9997,8211.85,4
XRP,2024-05-12,0.5059,0.4992,13366703.36,7
ADA,2024-05-13,0.4377,0.4366,14003168.84,9
AVAX,2024-05-13,33.12,32.45,22549507.59,12
BNB,2024-05-13,594.5,591.69,20053240.98,3
BTC,2024-05-13,61459.22,62932.29,1327733464.12,1
DOGE,2024-05-13,0.1412,0.1486,143034521.68,8
DOT,2024-05-13,6.614,6.671,8742868.68,13
ETH,2024-05-13,2927.97,2950.16,769541695.03,2
LTC,2024-05-13,81.38,80.61,19813206.19,15
MATIC,2024-05-13,0.6706,0.6632,6631362.12,14
SOL,2024-05-13,143.39,147.47,232652330.71,5
TON,2024-05-13,6.987,7.082,479036.16,10
TRX,2024-05-13,0.1274,0.1256,901483.98,11
USDC,2024-05-13,1.0,1.0,21252.39,6
USDT,2024-05-13,0.9997,0.9999,21248.3,4
XRP,2024-05-13,0.4992,0.5051,43874606.62,7
ADA,2024-05-14,0.4366,0.4281,7956484.16,9
AVAX,2024-05-14,32.45,31.56,22557969.31,12
BNB,2024-05-14,591.69,566.8,23621903.8,3
BTC,2024-05-14,62932.29,61548.48,1636519845.72,1
DOGE,2024-05-14,0.1486,0.1454,119353242.59,8
DOT,2024-05-14,6.671,6.481,5682553.16,14
ETH,2024-05-14,2950.16,2880.64,724637752.4,2
LTC,2024-05-14,80.61,78.73,22326524.14,15
MATIC,2024-05-14,0.6632,0.6491,5782902.48,13
SOL,2024-05-14,147.47,141.97,162208938.64,5
TON,2024-05-14,7.092,6.863,683435.74,10
TRX,2024-05-14,0.1256,0.1254,377712.66,11
USDC,2024-05-14,1.0,1.0,26392.02,6
USDT,2024-05-14,0.9999,0.9996,26380.24,4
XRP,2024-05-14,0.5051,0.4999,36296626.79,7
ADA,2024-05-15,0.4281,0.4527,15642750.22,9
AVAX,2024-05-15,31.56,34.67,28811683.99,12
BNB,2024-05-15,566.8,581.37,36189459.81,3
BTC,2024-05-15,61548.48,66245.16,2625073579.59,1
DOGE,2024-05-15,0.1454,0.1554,112411731.74,8
DOT,2024-05-15,6.481,6.964,10892983.3,13
ETH,2024-05-15,2880.64,3033.46,740315343.71,2
LTC,2024-05-15,78.73,82.52,20497897.44,15
MATIC,2024-05-15,0.6491,0.6865,8410886.34,14
SOL,2024-05-15,141.97,158.57,299427734.34,5
TON,2024-05-15,6.863,7.002,666786.82,10
TRX,2024-05-15,0.1254,0.1263,960347.35,11
USDC,2024-05-15,1.0,1.0,40710.89,6
USDT,2024-05-15,0.9996,1.001,40730.77,4
XRP,2024-05-15,0.4999,0.5192,44094279.47,7
ADA,2024-05-16,0.4527,0.4598,17443824.88,9
AVAX,2024-05-16,34.67,34.45,19941437.03,12
BNB,2024-05-16,581.37,569.31,35968309.54,3
BTC,2024-05-16,66245.16,65250.53,1596664354.59,1
DOGE,2024-05-16,0.1554,0.1497,72711410.55,8
DOT,2024-05-16,6.964,7.029,8032760.33,13
ETH,2024-05-16,3033.46,2945.17,660576487.83,2
LTC,2024-05-16,82.52,82.45,17449893.63,15
MATIC,2024-05-16,0.6865,0.6944,6531417.54,14
SOL,2024-05-16,158.57,159.34,281065543.63,5
TON,2024-05-16,7.002,6.766,693909.42,10
TRX,2024-05-16,0.1263,0.125,1767624.65,11
USDC,2024-05-16,1.0,1.0,24277.25,6
USDT,2024-05-16,1.001,1.0,24280.95,4
XRP,2024-05-16,0.5192,0.5158,49587818.86,7
ADA,2024-05-17,0.4598,0.4823,22239457.3,9
AVAX,2024-05-17,34.45,36.45,32691231.02,12
BNB,2024-05-17,569.31,581.2,20052524.86,3
BTC,2024-05-17,65250.53,67051.35,1552274385.82,1
DOGE,2024-05-17,0.1497,0.1556,64149055.47,8
DOT,2024-05-17,7.029,7.202,12088445.44,13
ETH,2024-05-17,2945.17,3093.44,724015765.69,2
LTC,2024-05-17,82.45,84.19,15566544.72,15
MATIC,2024-05-17,0.6944,0.7137,7288005.28,14
SOL,2024-05-17,159.34,169.5,259532219.44,4
TON,2024-05-17,6.766,6.693,688555.57,10
TRX,2024-05-17,0.125,0.1243,396050.02,11
USDC,2024-05-17,1.0,1.0,23342.0,6
USDT,2024-05-17,1.0,1.0,23351.73,5
XRP,2024-05-17,0.5158,0.5236,38668122.39,7
ADA,2024-05-18,0.4823,0.4823,8665910.56,9
AVAX,2024-05-18,36.45,37.24,20243501.89,11
BNB,2024-05-18,581.2,580.4,9713916.2,3
BTC,2024-05-18,67051.35,66927.56,586174043.35,1
DOGE,2024-05-18,0.1556,0.1531,31621218.4,8
DOT,2024-05-18,7.202,7.159,4092132.88,13
ETH,2024-05-18,3093.44,3123.72,410558780.4,2
LTC,2024-05-18,84.19,83.88,12150627.68,15
MATIC,2024-05-18,0.7137,0.7092,4119928.24,14
SOL,2024-05-18,169.5,172.47,159001780.0,4
TON,2024-05-18,6.693,6.418,615597.01,10
TRX,2024-05-18,0.1243,0.123,205991.52,12
USDC,2024-05-18,1.0,1.0,8752.29,6
USDT,2024-05-18,1.0,1.0,8754.06,5
XRP,2024-05-18,0.5236,0.5213,14170574.74,7
ADA,2024-05-19,0.4823,0.4672,11644380.02,9
AVAX,2024-05-19,37.24,35.6,18729190.99,12
BNB,2024-05-19,580.4,574.48,7986763.87,3
BTC,2024-05-19,66927.56,66268.25,650338446.5,1
DOGE,2024-05-19,0.1531,0.1491,35626881.13,8
DOT,2024-05-19,7.159,6.933,3858494.37,13
ETH,2024-05-19,3123.72,3070.68,431923921.13,2
LTC,2024-05-19,83.88,82.39,10103805.08,15
MATIC,2024-05-19,0.7092,0.683,4509109.52,14
SOL,2024-05-19,172.47,169.94,130138876.56,4
TON,2024-05-19,6.418,6.256,578170.6,10
TRX,2024-05-19,0.123,0.1212,476001.06,11
USDC,2024-05-19,1.0,1.0,9726.38,6
USDT,2024-05-19,1.0,0.9999,9725.11,5
XRP,2024-05-19,0.5213,0.5096,19478545.46,7
ADA,2024-05-20,0.4672,0.502,29106249.24,9
AVAX,2024-05-20,35.6,40.14,41631545.13,11
BNB,2024-05-20,574.48,599.73,26919106.62,3
BTC,2024-05-20,66268.25,71430.23,2624709812.32,1
DOGE,2024-05-20,0.1491,0.1658,99492399.05,8
DOT,2024-05-20,6.933,7.575,12934604.5,13
ETH,2024-05-20,3070.68,3661.58,2059788024.65,2
LTC,2024-05-20,82.39,88.65,24844694.07,15
MATIC,2024-05-20,0.683,0.7506,11218540.03,14
SOL,2024-05-20,169.94,186.75,331071378.03,4
TON,2024-05-20,6.256,6.587,584431.92,10
TRX,2024-05-20,0.1212,0.1244,690131.16,12
USDC,2024-05-20,1.0,0.9998,38253.66,6
USDT,2024-05-20,0.9999,0.9999,38256.08,5
XRP,2024-05-20,0.5096,0.5377,57533476.61,7
ADA,2024-05-21,0.502,0.4945,17917443.58,9
AVAX,2024-05-21,40.14,41.2,53625444.98,10
BNB,2024-05-21,599.73,618.43,53974370.46,3
BTC,2024-05-21,71430.23,70141.17,2169803609.99,1
DOGE,2024-05-21,0.1658,0.1702,161792759.86,8
DOT,2024-05-21,7.575,7.612,16530638.39,13
ETH,2024-05-21,3661.58,3789.36,2282068734.66,2
LTC,2024-05-21,88.65,88.24,33650490.78,15
MATIC,2024-05-21,0.7506,0.7287,25095363.69,14
SOL,2024-05-21,186.75,178.15,332730791.56,4
TON,2024-05-21,6.587,6.48,703570.55,11
TRX,2024-05-21,0.1244,0.1236,587391.64,12
USDC,2024-05-21,0.9997,1.0,610879.78,6
USDT,2024-05-21,1.0,0.9998,610755.67,5
XRP,2024-05-21,0.5377,0.537,83185068.85,7
ADA,2024-05-22,0.4945,0.4832,13550840.4,9
AVAX,2024-05-22,41.2,39.97,36573478.54,11
BNB,2024-05-22,618.43,614.23,23312829.85,3
BTC,2024-05-22,70141.17,69123.56,1603267534.2,1
DOGE,2024-05-22,0.1702,0.1662,111372940.84,8
DOT,2024-05-22,7.612,7.46,11129723.25,13
ETH,2024-05-22,3789.36,3736.33,1420963880.22,2
LTC,2024-05-22,88.24,85.74,28578105.69,15
MATIC,2024-05-22,0.7287,0.7228,14548419.49,14
SOL,2024-05-22,178.15,176.86,304221794.85,4
TON,2024-05-22,6.48,6.544,628097.21,10
TRX,2024-05-22,0.1236,0.1201,424642.51,12
USDC,2024-05-22,1.0,0.9999,22979.07,6
USDT,2024-05-22,0.9999,0.9994,22967.37,5
XRP,2024-05-22,0.537,0.5266,45703389.72,7
ADA,2024-05-23,0.4832,0.4656,20546404.9,9
AVAX,2024-05-23,39.97,38.5,40826142.29,10
BNB,2024-05-23,614.25,598.63,29763240.41,3
BTC,2024-05-23,69123.56,67946.35,1922285401.83,1
DOGE,2024-05-23,0.1662,0.1596,115731886.3,8
DOT,2024-05-23,7.46,7.196,17002617.31,14
ETH,2024-05-23,3736.33,3781.61,2537742098.36,2
LTC,2024-05-23,85.74,85.43,43196305.37,15
MATIC,2024-05-23,0.7228,0.7434,15624912.55,13
SOL,2024-05-23,176.86,176.09,406474519.47,4
TON,2024-05-23,6.544,6.133,622019.43,11
TRX,2024-05-23,0.1201,0.1153,1237813.77,12
USDC,2024-05-23,1.0,1.0,669323.57,6
USDT,2024-05-23,0.9996,0.9995,668937.91,5
XRP,2024-05-23,0.5266,0.5286,82343592.84,7
ADA,2024-05-24,0.4656,0.46,10499500.84,9
AVAX,2024-05-24,38.5,37.99,16949586.05,11
BNB,2024-05-24,598.95,600.21,15312152.4,3
BTC,2024-05-24,67946.35,68548.33,1242012319.42,1
DOGE,2024-05-24,0.1596,0.1638,157937168.83,8
DOT,2024-05-24,7.196,7.243,7617965.49,13
ETH,2024-05-24,3781.61,3727.14,1074712165.87,2
LTC,2024-05-24,85.43,85.0,24083407.34,15
MATIC,2024-05-24,0.7434,0.7233,6623402.17,14
SOL,2024-05-24,176.09,167.7,272007690.18,4
TON,2024-05-24,6.133,6.324,632372.76,10
TRX,2024-05-24,0.1153,0.1155,466699.1,12
USDC,2024-05-24,1.0,1.0,288759.39,6
USDT,2024-05-24,0.9996,0.9999,18237.85,5
XRP,2024-05-24,0.5286,0.5358,39754667.46,7
ADA,2024-05-25,0.46,0.462,5777034.8,9
AVAX,2024-05-25,37.99,38.28,8451259.51,11
BNB,2024-05-25,600.21,602.33,16662295.05,3
BTC,2024-05-25,68548.33,69288.95,412212332.66,1
DOGE,2024-05-25,0.1638,0.1739,75982764.91,8
DOT,2024-05-25,7.243,7.424,5488955.37,13
ETH,2024-05-25,3727.14,3749.23,373668589.73,2
LTC,2024-05-25,85.0,85.0,11211726.19,15
MATIC,2024-05-25,0.7233,0.7294,3284322.43,14
SOL,2024-05-25,167.7,168.33,113562913.83,4
TON,2024-05-25,6.324,6.393,626595.73,10
TRX,2024-05-25,0.1155,0.1137,252311.54,12
USDC,2024-05-25,1.0,1.0,5972.34,6
USDT,2024-05-25,0.9999,1.0,5971.93,5
XRP,2024-05-25,0.5358,0.5416,22062406.82,7
ADA,2024-05-26,0.462,0.458,6126901.21,9
AVAX,2024-05-26,38.28,36.73,12805109.72,11
BNB,2024-05-26,602.33,600.03,5843988.34,3
BTC,2024-05-26,69288.95,68488.29,379159635.92,1
DOGE,2024-05-26,0.1739,0.1661,76289604.77,8
DOT,2024-05-26,7.424,7.555,7502447.81,13
ETH,2024-05-26,3749.23,3824.34,616285834.19,2
LTC,2024-05-26,85.0,83.86,11498194.48,15
MATIC,2024-05-26,0.7294,0.7156,3599064.24,14
SOL,2024-05-26,168.33,163.26,249394024.36,5
TON,2024-05-26,6.393,6.305,619810.87,10
TRX,2024-05-26,0.1137,0.1131,136318.33,12
USDC,2024-05-26,1.0,1.0,161503.26,6
USDT,2024-05-26,1.0,0.9995,161423.49,4
XRP,2024-05-26,0.5416,0.528,17526708.69,7
ADA,2024-05-27,0.458,0.4681,8892201.58,9
AVAX,2024-05-27,36.73,38.23,17562533.59,11
BNB,2024-05-27,600.03,603.39,11318572.99,3
BTC,2024-05-27,68488.29,69386.83,909946343.46,1
DOGE,2024-05-27,0.1661,0.1689,81116298.74,8
DOT,2024-05-27,7.555,7.634,11431317.68,13
ETH,2024-05-27,3824.34,3891.26,804496436.45,2
LTC,2024-05-27,83.86,85.18,12838886.75,15
MATIC,2024-05-27,0.7156,0.7437,6349111.3,14
SOL,2024-05-27,163.26,170.01,146450327.09,4
TON,2024-05-27,6.305,6.433,626951.0,10
TRX,2024-05-27,0.1131,0.1125,1017842.89,12
USDC,2024-05-27,1.0,1.0,13112.59,6
USDT,2024-05-27,0.9997,0.9993,13102.03,5
XRP,2024-05-27,0.528,0.5336,31475417.41,7
ADA,2024-05-28,0.4681,0.4572,8496602.1,9
AVAX,2024-05-28,38.23,36.98,23985772.17,11
BNB,2024-05-28,603.39,601.17,20574014.82,3
BTC,2024-05-28,69386.83,68330.84,1514489243.92,1
DOGE,2024-05-28,0.1689,0.1648,71726170.42,8
DOT,2024-05-28,7.634,7.363,11812747.03,13
ETH,2024-05-28,3891.26,3840.39,898526969.71,2
LTC,2024-05-28,85.18,83.36,18848048.11,15
MATIC,2024-05-28,0.7437,0.7313,8302626.17,14
SOL,2024-05-28,170.01,168.53,169446311.48,4
TON,2024-05-28,6.433,6.464,632101.21,10
TRX,2024-05-28,0.1125,0.1112,445364.64,12
USDC,2024-05-28,1.0,1.0,22225.39,6
USDT,2024-05-28,0.9993,0.999,22201.3,5
XRP,2024-05-28,0.5336,0.5283,32091626.78,7
ADA,2024-05-29,0.4572,0.4507,9021749.12,9
AVAX,2024-05-29,36.98,36.14,21671983.83,11
BNB,2024-05-29,601.17,594.95,23242853.81,3
BTC,2024-05-29,68330.84,67576.81,1108570253.28,1
DOGE,2024-05-29,0.1648,0.1637,81547594.11,8
DOT,2024-05-29,7.363,7.17,13386331.29,13
ETH,2024-05-29,3840.39,3762.22,873454576.08,2
LTC,2024-05-29,83.36,83.48,14855419.0,15
MATIC,2024-05-29,0.7313,0.7139,9500561.63,14
SOL,2024-05-29,168.53,168.11,212829822.96,4
TON,2024-05-29,6.464,6.498,643361.1,10
TRX,2024-05-29,0.1112,0.112,329438.0,12
USDC,2024-05-29,1.0,1.0,16356.6,6
USDT,2024-05-29,0.999,0.9989,16335.4,5
XRP,2024-05-29,0.5283,0.5231,29150146.21,7
ADA,2024-05-30,0.4507,0.4464,12055257.65,9
AVAX,2024-05-30,36.14,35.95,21068283.69,11
BNB,2024-05-30,594.95,594.95,9155098.15,3
BTC,2024-05-30,67576.81,68346.19,1424914242.82,1
DOGE,2024-05-30,0.1637,0.1594,81853141.41,8
DOT,2024-05-30,7.17,6.994,11130741.75,13
ETH,2024-05-30,3762.22,3746.97,781849408.11,2
LTC,2024-05-30,83.48,84.43,22201192.71,15
MATIC,2024-05-30,0.7139,0.6962,8014156.06,14
SOL,2024-05-30,168.11,166.86,211144284.39,4
TON,2024-05-30,6.498,6.453,619778.39,10
TRX,2024-05-30,0.112,0.112,279153.52,12
USDC,2024-05-30,1.0,1.0,20831.16,6
USDT,2024-05-30,0.9989,0.9999,20825.97,5
XRP,2024-05-30,0.5231,0.5186,35073995.81,7
ADA,2024-05-31,0.4464,0.4466,8226478.98,9
AVAX,2024-05-31,35.95,36.0,14485521.3,11
BNB,2024-05-31,594.95,593.24,13661755.15,3
BTC,2024-05-31,68346.19,67482.25,1349659294.8,1
DOGE,2024-05-31,0.1594,0.1589,47604648.84,8
DOT,2024-05-31,6.994,6.976,12098212.91,13
ETH,2024-05-31,3746.97,3758.65,851837584.52,2
LTC,2024-05-31,84.43,83.14,14540590.22,15
MATIC,2024-05-31,0.6962,0.6937,6127502.14,14
SOL,2024-05-31,166.86,165.52,175711518.79,4
TON,2024-05-31,6.453,6.414,615896.03,10
TRX,2024-05-31,0.112,0.1121,298110.94,12
USDC,2024-05-31,1.0,1.0,19924.72,6
USDT,2024-05-31,0.9999,0.9991,19904.73,5
XRP,2024-05-31,0.5186,0.5171,33436610.71,7
ADA,2024-06-01,0.4466,0.4495,3873910.19,9
AVAX,2024-06-01,36.0,35.72,6073181.79,11
BNB,2024-06-01,593.24,601.3,12335995.97,3
BTC,2024-06-01,67482.25,67721.6,297719480.73,1
DOGE,2024-06-01,0.1589,0.1602,21551170.12,8
DOT,2024-06-01,6.976,7.055,4182202.52,13
ETH,2024-06-01,3758.65,3812.81,367756459.88,2
LTC,2024-06-01,83.14,83.43,8057419.15,15
MATIC,2024-06-01,0.6937,0.6985,3409231.43,14
SOL,2024-06-01,165.52,165.99,61117692.49,4
TON,2024-06-01,6.414,6.339,625628.61,10
TRX,2024-06-01,0.1121,0.1125,268702.72,12
USDC,2024-06-01,1.0,1.0,97001.67,6
USDT,2024-06-01,0.999,0.9992,96929.73,5
XRP,2024-06-01,0.5171,0.5184,11018505.48,7
ADA,2024-06-02,0.4495,0.4462,5359837.54,9
AVAX,2024-06-02,35.72,34.89,14840043.7,11
BNB,2024-06-02,601.3,602.67,11538394.3,3
BTC,2024-06-02,67721.6,67738.74,456585602.02,1
DOGE,2024-06-02,0.1602,0.1571,23699717.6,8
DOT,2024-06-02,7.055,6.987,4559332.36,13
ETH,2024-06-02,3812.81,3779.06,466824951.42,2
LTC,2024-06-02,83.43,83.09,9492296.11,15
MATIC,2024-06-02,0.6985,0.6894,3687623.27,14
SOL,2024-06-02,165.99,163.04,115408279.8,5
TON,2024-06-02,6.339,6.712,670510.94,10
TRX,2024-06-02,0.1125,0.1148,259752.59,12
USDC,2024-06-02,1.0,1.0,6731.94,6
USDT,2024-06-02,0.9992,0.9995,123049.6,4
XRP,2024-06-02,0.5184,0.5134,16381557.09,7
ADA,2024-06-03,0.4462,0.4573,8493740.7,9
AVAX,2024-06-03,34.89,35.03,28215693.11,11
BNB,2024-06-03,602.67,626.21,52803450.65,3
BTC,2024-06-03,67738.74,68799.6,1575608100.17,1
DOGE,2024-06-03,0.1571,0.1583,54309215.19,8
DOT,2024-06-03,6.987,7.008,9053445.01,14
ETH,2024-06-03,3779.06,3766.32,653009594.07,2
LTC,2024-06-03,83.09,82.82,12943344.64,15
MATIC,2024-06-03,0.6894,0.7046,6224700.23,13
SOL,2024-06-03,163.04,164.89,171307507.3,4
TON,2024-06-03,6.712,6.782,679082.39,10
TRX,2024-06-03,0.1148,0.1133,257951.66,12
USDC,2024-06-03,1.0,1.0,22784.31,6
USDT,2024-06-03,0.9996,0.9999,22780.56,5
XRP,2024-06-03,0.5134,0.5199,31092849.36,7
ADA,2024-06-04,0.4573,0.4616,10893596.59,9
AVAX,2024-06-04,35.03,36.06,23993102.07,11
BNB,2024-06-04,626.21,685.8,66635031.88,3
BTC,2024-06-04,68799.6,70548.51,2084571763.56,1
DOGE,2024-06-04,0.1583,0.1614,30591459.72,8
DOT,2024-06-04,7.008,7.178,7249437.7,13
ETH,2024-06-04,3766.32,3810.73,612657331.91,2
LTC,2024-06-04,82.82,83.68,14371248.17,15
MATIC,2024-06-04,0.7046,0.7151,4564248.99,14
SOL,2024-06-04,164.89,171.81,155617907.71,4
TON,2024-06-04,6.782,7.365,723437.85,10
TRX,2024-06-04,0.1133,0.1145,279049.4,12
USDC,2024-06-04,1.0,1.0,29749.32,6
USDT,2024-06-04,0.9999,1.0,29751.15,5
XRP,2024-06-04,0.5199,0.5258,35024877.3,7
ADA,2024-06-05,0.4616,0.4614,8762000.2,9
AVAX,2024-06-05,36.06,36.57,22288172.29,11
BNB,2024-06-05,685.8,698.87,52850270.28,3
BTC,2024-06-05,70548.51,71117.68,1545204312.75,1
DOGE,2024-06-05,0.1614,0.1632,35689124.85,8
DOT,2024-06-05,7.178,7.252,7746199.04,13
ETH,2024-06-05,3810.73,3866.46,652385687.52,2
LTC,2024-06-05,83.68,85.44,14365188.11,15
MATIC,2024-06-05,0.7151,0.7249,6016736.45,14
SOL,2024-06-05,171.81,173.57,182343729.01,4
TON,2024-06-05,7.365,7.183,723832.82,10
TRX,2024-06-05,0.1145,0.1146,411654.14,12
USDC,2024-06-05,1.0,1.0,21738.23,6
USDT,2024-06-05,1.0,1.0,21740.45,5
XRP,2024-06-05,0.5258,0.5259,34628851.9,7
ADA,2024-06-06,0.4614,0.4581,10891842.84,9
AVAX,2024-06-06,36.57,35.88,16161311.37,11
BNB,2024-06-06,698.87,710.55,34174980.46,3
BTC,2024-06-06,71117.68,70772.35,1141567996.37,1
DOGE,2024-06-06,0.1632,0.1601,37386842.45,8
DOT,2024-06-06,7.252,7.139,6908577.86,14
ETH,2024-06-06,3866.46,3812.05,540297339.89,2
LTC,2024-06-06,85.44,84.17,17080214.6,15
MATIC,2024-06-06,0.7249,0.7255,11337544.27,13
SOL,2024-06-06,173.57,170.07,148733043.79,4
TON,2024-06-06,7.183,7.488,727780.03,10
TRX,2024-06-06,0.1146,0.1148,387795.82,12
USDC,2024-06-06,1.0,1.0,16078.62,6
USDT,2024-06-06,1.0,0.9996,16072.43,5
XRP,2024-06-06,0.5259,0.5214,29502966.33,7
ADA,2024-06-07,0.4581,0.4492,31490330.36,9
AVAX,2024-06-07,35.88,33.51,34517863.87,12
BNB,2024-06-07,710.55,683.67,26647429.55,3
BTC,2024-06-07,70772.35,69330.51,1992355199.22,1
DOGE,2024-06-07,0.1601,0.1482,86818750.04,8
DOT,2024-06-07,7.139,6.657,18573698.78,14
ETH,2024-06-07,3812.05,3676.79,935183066.83,2
LTC,2024-06-07,84.17,80.1,34057866.52,15
MATIC,2024-06-07,0.7255,0.6667,22363396.81,13
SOL,2024-06-07,170.07,162.48,252069522.56,5
TON,2024-06-07,7.488,7.079,713595.24,10
TRX,2024-06-07,0.1148,0.1127,886846.58,11
USDC,2024-06-07,1.0,1.0,28321.42,6
USDT,2024-06-07,0.9996,0.9997,28308.77,4
XRP,2024-06-07,0.5214,0.4989,77620863.45,7
ADA,2024-06-08,0.4492,0.4368,9783395.57,9
AVAX,2024-06-08,33.51,32.28,15122150.28,12
BNB,2024-06-08,683.67,682.57,13889615.98,3
BTC,2024-06-08,69330.51,69303.58,399100009.36,1
DOGE,2024-06-08,0.1482,0.1459,37561807.15,8
DOT,2024-06-08,6.657,6.385,8457177.43,14
ETH,2024-06-08,3676.79,3680.84,294854677.9,2
LTC,2024-06-08,80.1,79.98,11269342.98,15
MATIC,2024-06-08,0.6667,0.6498,5595552.64,13
SOL,2024-06-08,162.48,157.79,96680171.05,5
TON,2024-06-08,7.079,7.055,696797.81,10
TRX,2024-06-08,0.1127,0.1148,336673.48,11
USDC,2024-06-08,1.0,1.0,5753.58,6
USDT,2024-06-08,0.9997,0.9999,5752.63,4
XRP,2024-06-08,0.4989,0.4927,23573913.71,7
ADA,2024-06-09,0.4368,0.444,5279850.26,9
AVAX,2024-06-09,32.28,32.99,5366148.48,12
BNB,2024-06-09,682.57,672.93,18045916.2,3
BTC,2024-06-09,69303.58,69639.42,357128157.69,1
DOGE,2024-06-09,0.1459,0.1468,22449720.16,8
DOT,2024-06-09,6.385,6.524,5203953.11,14
ETH,2024-06-09,3680.84,3706.0,238542651.45,2
LTC,2024-06-09,79.98,80.47,7753251.5,15
MATIC,2024-06-09,0.6498,0.6551,3611839.69,13
SOL,2024-06-09,157.79,162.1,66832383.3,5
TON,2024-06-09,7.055,7.138,720141.71,10
TRX,2024-06-09,0.1148,0.1169,460286.24,11
USDC,2024-06-09,1.0,1.0,5137.41,6
USDT,2024-06-09,0.9999,0.9999,5137.2,4
XRP,2024-06-09,0.4927,0.4987,13336591.69,7
ADA,2024-06-10,0.444,0.4404,11800435.86,9
AVAX,2024-06-10,32.99,32.27,10715768.46,12
BNB,2024-06-10,672.93,624.92,51101576.47,3
BTC,2024-06-10,69639.42,69505.57,843477987.58,1
DOGE,2024-06-10,0.1468,0.1447,35913647.74,8
DOT,2024-06-10,6.524,6.504,8834462.05,13
ETH,2024-06-10,3706.0,3665.99,423204164.35,2
LTC,2024-06-10,80.47,79.63,14249242.15,15
MATIC,2024-06-10,0.6551,0.6494,7207946.0,14
SOL,2024-06-10,162.1,158.98,92352553.79,5
TON,2024-06-10,7.138,7.187,703402.83,10
TRX,2024-06-10,0.1169,0.1176,411948.74,11
USDC,2024-06-10,1.0,1.0,12117.28,6
USDT,2024-06-10,0.9999,0.9996,12111.21,4
XRP,2024-06-10,0.4987,0.4967,31086613.89,7
ADA,2024-06-11,0.4404,0.4219,17632761.79,9
AVAX,2024-06-11,32.27,31.55,25877443.37,12
BNB,2024-06-11,624.92,602.51,44534389.83,3
BTC,2024-06-11,69505.57,67319.41,2141818771.53,1
DOGE,2024-06-11,0.1447,0.1381,70047942.99,8
DOT,2024-06-11,6.504,6.377,15949014.17,13
ETH,2024-06-11,3665.99,3497.32,1153310772.38,2
LTC,2024-06-11,79.63,77.29,35874356.26,15
MATIC,2024-06-11,0.6494,0.6176,10042305.87,14
SOL,2024-06-11,158.98,149.36,272469500.4,5
TON,2024-06-11,7.187,6.961,664274.43,10
TRX,2024-06-11,0.1176,0.1166,652354.45,11
USDC,2024-06-11,1.0,1.0,31804.5,6
USDT,2024-06-11,0.9996,1.0,31803.2,4
XRP,2024-06-11,0.4967,0.4803,59580079.29,7
ADA,2024-06-12,0.4219,0.4377,13284605.87,9
AVAX,2024-06-12,31.55,33.26,24524153.47,12
BNB,2024-06-12,602.51,619.27,18878477.76,3
BTC,2024-06-12,67319.41,68247.0,2139401386.85,1
DOGE,2024-06-12,0.1381,0.1462,90361315.59,8
DOT,2024-06-12,6.377,6.736,18125060.41,13
ETH,2024-06-12,3497.32,3559.25,843561060.98,2
LTC,2024-06-12,77.29,78.49,25331876.06,15
MATIC,2024-06-12,0.6176,0.6446,8638949.73,14
SOL,2024-06-12,149.36,155.17,222556630.23,5
TON,2024-06-12,6.961,7.412,714760.44,10
TRX,2024-06-12,0.1166,0.1164,309299.78,11
USDC,2024-06-12,1.0,1.0,31159.75,6
USDT,2024-06-12,1.0,0.9997,31151.88,4
XRP,2024-06-12,0.4803,0.4916,46748803.78,7
ADA,2024-06-13,0.4377,0.4209,9410336.71,9
AVAX,2024-06-13,33.26,30.98,17469591.3,12
BNB,2024-06-13,619.27,599.35,21729583.83,3
BTC,2024-06-13,68247.0,66742.54,1550737143.4,1
DOGE,2024-06-13,0.1462,0.141,51696959.03,8
DOT,2024-06-13,6.736,6.357,9754556.65,13
ETH,2024-06-13,3559.25,3467.79,853785190.92,2
LTC,2024-06-13,78.49,79.12,31760123.69,15
MATIC,2024-06-13,0.6446,0.6045,7231104.44,14
SOL,2024-06-13,155.17,147.24,158045757.4,5
TON,2024-06-13,7.412,7.635,746978.94,10
TRX,2024-06-13,0.1164,0.1169,354274.69,11
USDC,2024-06-13,1.0,1.0,23050.63,6
USDT,2024-06-13,0.9997,0.9995,23040.33,4
XRP,2024-06-13,0.4916,0.4767,35507611.44,7
ADA,2024-06-14,0.4209,0.4119,13167153.66,9
AVAX,2024-06-14,30.98,30.28,28423733.54,12
BNB,2024-06-14,599.35,602.97,27004610.03,3
BTC,2024-06-14,66742.54,66006.13,1633598669.38,1
DOGE,2024-06-14,0.141,0.1349,58838405.36,8
DOT,2024-06-14,6.357,6.163,13263051.32,13
ETH,2024-06-14,3467.79,3479.74,910398097.21,2
LTC,2024-06-14,79.12,77.57,30903254.36,15
MATIC,2024-06-14,0.6045,0.5913,11162295.4,14
SOL,2024-06-14,147.24,143.01,209841119.36,5
TON,2024-06-14,7.635,8.04,877958.37,10
TRX,2024-06-14,0.1169,0.1165,395868.7,11
USDC,2024-06-14,1.0,1.0,24685.21,6
USDT,2024-06-14,0.9995,0.9994,24670.48,4
XRP,2024-06-14,0.4767,0.4744,45741072.62,7
ADA,2024-06-15,0.4119,0.4137,5076926.04,9
AVAX,2024-06-15,30.28,30.01,8930417.88,12
BNB,2024-06-15,602.97,607.75,9485706.31,3
BTC,2024-06-15,66006.13,66188.81,406250537.71,1
DOGE,2024-06-15,0.1349,0.1367,24360757.57,8
DOT,2024-06-15,6.163,6.22,3433324.16,13
ETH,2024-06-15,3479.74,3566.61,569541552.37,2
LTC,2024-06-15,77.57,79.19,12024474.52,15
MATIC,2024-06-15,0.5913,0.617,6032818.52,14
SOL,2024-06-15,143.01,145.45,57014807.71,5
TON,2024-06-15,8.04,7.777,749003.83,10
TRX,2024-06-15,0.1165,0.1152,243224.19,11
USDC,2024-06-15,1.0,0.9999,160963.43,6
USDT,2024-06-15,0.9994,0.9993,160869.62,4
XRP,2024-06-15,0.4744,0.4905,29949482.97,7
ADA,2024-06-16,0.4137,0.4165,4090915.0,9
AVAX,2024-06-16,30.01,30.06,12615806.75,12
BNB,2024-06-16,607.75,610.35,10302690.79,3
BTC,2024-06-16,66188.81,66631.59,433017008.55,1
DOGE,2024-06-16,0.1367,0.137,18405181.55,8
DOT,2024-06-16,6.22,6.39,4387006.26,13
ETH,2024-06-16,3566.61,3622.37,443668310.23,2
LTC,2024-06-16,79.19,78.95,12086196.53,15
MATIC,2024-06-16,0.617,0.6191,9730683.74,14
SOL,2024-06-16,145.45,151.2,74700321.41,5
TON,2024-06-16,7.777,7.942,771407.16,10
TRX,2024-06-16,0.1152,0.1173,558922.28,11
USDC,2024-06-16,0.9999,1.0,123596.72,6
USDT,2024-06-16,0.9993,0.9994,123519.65,4
XRP,2024-06-16,0.4905,0.4889,22048991.37,7
ADA,2024-06-17,0.4165,0.4011,13666297.54,9
AVAX,2024-06-17,30.06,28.45,26955918.04,12
BNB,2024-06-17,610.35,604.25,20246801.45,3
BTC,2024-06-17,66631.59,66481.73,1917243316.16,1
DOGE,2024-06-17,0.137,0.1288,59642865.9,8
DOT,2024-06-17,6.39,6.069,9477492.08,13
ETH,2024-06-17,3622.37,3510.08,1040317235.48,2
LTC,2024-06-17,78.95,76.6,21154629.96,15
MATIC,2024-06-17,0.6191,0.5841,8269768.96,14
SOL,2024-06-17,151.2,143.23,148707329.69,5
TON,2024-06-17,7.942,7.745,618514.41,10
TRX,2024-06-17,0.1173,0.1168,787221.68,11
USDC,2024-06-17,1.0,1.0,28977.33,6
USDT,2024-06-17,0.9993,0.9998,28968.09,4
XRP,2024-06-17,0.4889,0.5048,89555948.39,7
ADA,2024-06-18,0.4011,0.3834,28395693.03,9
AVAX,2024-06-18,28.45,26.6,36639132.14,12
BNB,2024-06-18,604.25,588.51,59335930.23,3
BTC,2024-06-18,66481.73,65158.02,2293594296.72,1
DOGE,2024-06-18,0.1288,0.1222,84415334.02,8
DOT,2024-06-18,6.069,5.768,18793588.24,13
ETH,2024-06-18,3510.08,3482.27,1235708665.8,2
LTC,2024-06-18,76.6,72.64,38394616.21,15
MATIC,2024-06-18,0.5841,0.5571,18818169.0,14
SOL,2024-06-18,143.23,137.37,338174521.16,5
TON,2024-06-18,7.745,7.135,727316.34,10
TRX,2024-06-18,0.1168,0.1154,523463.89,11
USDC,2024-06-18,1.0,1.0,35269.78,6
USDT,2024-06-18,0.9998,0.9997,35253.75,4
XRP,2024-06-18,0.5048,0.4908,92746647.12,7
ADA,2024-06-19,0.3834,0.3843,14730931.09,9
AVAX,2024-06-19,26.6,26.93,15456046.77,12
BNB,2024-06-19,588.51,598.98,13511615.19,3
BTC,2024-06-19,65158.02,64950.82,878187235.08,1
DOGE,2024-06-19,0.1222,0.1225,49218533.96,8
DOT,2024-06-19,5.768,5.797,9874031.74,13
ETH,2024-06-19,3482.27,3558.97,981355099.29,2
LTC,2024-06-19,72.64,73.76,14952772.12,15
MATIC,2024-06-19,0.5571,0.577,6239277.35,14
SOL,2024-06-19,137.37,135.62,148593887.27,5
TON,2024-06-19,7.135,6.982,694852.12,10
TRX,2024-06-19,0.1154,0.1158,463931.27,11
USDC,2024-06-19,1.0,1.0,277088.6,6
USDT,2024-06-19,0.9996,0.9996,276962.53,4
XRP,2024-06-19,0.4908,0.4932,46748036.37,7
ADA,2024-06-20,0.3843,0.3841,14684442.34,9
AVAX,2024-06-20,26.93,27.56,22121935.57,12
BNB,2024-06-20,598.98,587.46,17071536.7,3
BTC,2024-06-20,64950.82,64847.89,1473091625.51,1
DOGE,2024-06-20,0.1225,0.1245,40491839.46,8
DOT,2024-06-20,5.797,5.639,7538970.87,14
ETH,2024-06-20,3558.97,3510.94,1013417559.96,2
LTC,2024-06-20,73.76,74.69,17583919.62,15
MATIC,2024-06-20,0.577,0.5733,4981286.38,13
SOL,2024-06-20,135.62,133.48,194530766.65,5
TON,2024-06-20,6.982,7.198,698305.34,10
TRX,2024-06-20,0.1158,0.1167,239672.98,11
USDC,2024-06-20,1.0,1.0,22563.63,6
USDT,2024-06-20,0.9997,0.9996,22550.77,4
XRP,2024-06-20,0.4932,0.4885,44603733.36,7
ADA,2024-06-21,0.3841,0.3759,11960569.72,9
AVAX,2024-06-21,27.56,27.47,11953036.32,12
BNB,2024-06-21,587.46,586.11,14742952.17,3
BTC,2024-06-21,64847.89,64119.34,1427909531.59,1
DOGE,2024-06-21,0.1245,0.1241,30357542.7,8
DOT,2024-06-21,5.639,5.608,6103484.85,14
ETH,2024-06-21,3510.94,3517.28,997489348.48,2
LTC,2024-06-21,74.69,74.15,17763575.01,15
MATIC,2024-06-21,0.5733,0.5686,4011895.77,13
SOL,2024-06-21,133.48,134.55,201668544.58,5
TON,2024-06-21,7.198,7.072,713458.16,10
TRX,2024-06-21,0.1167,0.1183,416238.87,11
USDC,2024-06-21,1.0,1.0,22313.22,6
USDT,2024-06-21,0.9996,0.9996,22302.57,4
XRP,2024-06-21,0.4885,0.4888,44391302.8,7
ADA,2024-06-22,0.3759,0.3845,11024748.33,9
AVAX,2024-06-22,27.47,25.61,98394387.44,12
BNB,2024-06-22,586.11,590.91,5824642.26,3
BTC,2024-06-22,64119.34,64250.18,358155105.44,1
DOGE,2024-06-22,0.1241,0.1237,18181774.58,8
DOT,2024-06-22,5.608,5.749,6479342.7,13
ETH,2024-06-22,3517.28,3494.25,322568484.7,2
LTC,2024-06-22,74.15,74.57,8918326.85,15
MATIC,2024-06-22,0.5686,0.5708,2150639.06,14
SOL,2024-06-22,134.55,133.66,55544922.57,5
TON,2024-06-22,7.072,7.357,734024.25,10
TRX,2024-06-22,0.1183,0.1196,267419.15,11
USDC,2024-06-22,1.0,0.9999,92225.78,6
USDT,2024-06-22,0.9996,0.9998,5569.51,4
XRP,2024-06-22,0.4888,0.4865,15825485.79,7
ADA,2024-06-23,0.3845,0.3799,6199798.62,9
AVAX,2024-06-23,25.61,25.07,40952510.67,12
BNB,2024-06-23,590.91,577.35,11201172.08,3
BTC,2024-06-23,64250.18,63181.02,416250575.81,1
DOGE,2024-06-23,0.1237,0.1221,21440847.93,8
DOT,2024-06-23,5.749,5.646,5375099.49,13
ETH,2024-06-23,3494.25,3418.62,447200216.36,2
LTC,2024-06-23,74.57,73.33,11803929.02,15
MATIC,2024-06-23,0.5708,0.5613,3154908.1,14
SOL,2024-06-23,133.66,128.59,85441259.53,5
TON,2024-06-23,7.357,7.563,778317.06,10
TRX,2024-06-23,0.1196,0.1192,153684.45,11
USDC,2024-06-23,0.9999,1.0,128954.06,6
USDT,2024-06-23,0.9996,0.9993,128874.9,4
XRP,2024-06-23,0.4865,0.4795,16280735.98,7
ADA,2024-06-24,0.3799,0.3776,18192360.34,9
AVAX,2024-06-24,25.07,24.78,43057541.66,12
BNB,2024-06-24,577.35,567.93,42171433.95,3
BTC,2024-06-24,63181.02,60270.95,2938115761.51,1
DOGE,2024-06-24,0.1221,0.1189,50932000.97,8
DOT,2024-06-24,5.646,5.724,12282485.94,13
ETH,2024-06-24,3418.62,3350.54,1436399345.37,2
LTC,2024-06-24,73.33,69.67,27262120.6,15
MATIC,2024-06-24,0.5613,0.5611,9252530.01,14
SOL,2024-06-24,128.59,132.26,354741829.17,5
TON,2024-06-24,7.563,7.468,763408.48,10
TRX,2024-06-24,0.1192,0.119,411546.49,11
USDC,2024-06-24,1.0,1.0,48183.11,6
USDT,2024-06-24,0.9995,0.9996,48157.28,4
XRP,2024-06-24,0.4795,0.4738,54098679.89,7
ADA,2024-06-25,0.3776,0.3917,10037158.7,9
AVAX,2024-06-25,24.78,25.4,20195088.52,12
BNB,2024-06-25,567.93,578.17,11761059.72,3
BTC,2024-06-25,60270.95,61796.56,1946492862.08,1
DOGE,2024-06-25,0.1189,0.1261,61185515.51,8
DOT,2024-06-25,5.724,5.84,9902016.64,13
ETH,2024-06-25,3350.54,3393.91,910221643.15,2
LTC,2024-06-25,69.67,71.34,14366105.46,15
MATIC,2024-06-25,0.5611,0.5673,6035665.28,14
SOL,2024-06-25,132.26,136.54,254921986.27,5
TON,2024-06-25,7.468,7.49,772076.79,10
TRX,2024-06-25,0.119,0.1219,328443.35,11
USDC,2024-06-25,1.0,1.0,31698.72,6
USDT,2024-06-25,0.9996,0.9999,31692.85,4
XRP,2024-06-25,0.4738,0.4758,33551401.1,7
ADA,2024-06-26,0.3917,0.3847,10158500.71,9
AVAX,2024-06-26,25.4,25.8,30135981.96,12
BNB,2024-06-26,578.17,572.78,16504297.13,3
BTC,2024-06-26,61796.56,60824.43,1436803387.64,1
DOGE,2024-06-26,0.1261,0.1227,39331879.55,8
DOT,2024-06-26,5.84,5.795,6170592.72,13
ETH,2024-06-26,3393.91,3369.46,787394906.99,2
LTC,2024-06-26,71.34,70.98,13490007.85,15
MATIC,2024-06-26,0.5673,0.5514,3452589.46,14
SOL,2024-06-26,136.54,136.71,127825135.72,5
TON,2024-06-26,7.49,7.652,748314.68,10
TRX,2024-06-26,0.1219,0.1225,1060288.13,11
USDC,2024-06-26,1.0,0.9999,23422.14,6
USDT,2024-06-26,0.9998,0.9994,726643748.53,4
XRP,2024-06-26,0.4758,0.4695,32444053.56,7
ADA,2024-06-27,0.3847,0.3907,9877357.71,9
AVAX,2024-06-27,25.8,27.88,29948643.22,12
BNB,2024-06-27,572.78,581.05,13489635.52,3
BTC,2024-06-27,60824.43,61630.1,1385461549.94,1
DOGE,2024-06-27,0.1227,0.1269,42984174.16,8
DOT,2024-06-27,5.795,6.277,13985189.17,13
ETH,2024-06-27,3369.46,3445.8,694115777.85,2
LTC,2024-06-27,70.98,73.17,12380934.77,15
MATIC,2024-06-27,0.5514,0.5662,5078520.61,14
SOL,2024-06-27,136.71,149.49,228909193.82,5
TON,2024-06-27,7.652,7.79,777633.26,10
TRX,2024-06-27,0.1225,0.1219,474250.58,11
USDC,2024-06-27,0.9999,1.0,22564.98,6
USDT,2024-06-27,0.9994,0.9987,864740408.8,4
XRP,2024-06-27,0.4695,0.4747,29033915.39,7
ADA,2024-06-28,0.3907,0.3852,11015083.15,9
AVAX,2024-06-28,27.88,27.91,24802323.59,12
BNB,2024-06-28,581.05,566.38,12878045.32,3
BTC,2024-06-28,61630.1,60324.3,1481619028.88,1
DOGE,2024-06-28,0.1269,0.1228,36196652.43,8
DOT,2024-06-28,6.277,6.178,9737732.0,13
ETH,2024-06-28,3445.8,3373.8,813695887.0,2
LTC,2024-06-28,73.17,72.78,25819528.31,15
MATIC,2024-06-28,0.5662,0.5521,4272834.19,14
SOL,2024-06-28,149.49,139.73,227603507.39,5
TON,2024-06-28,7.79,7.486,750648.62,10
TRX,2024-06-28,0.1219,0.123,1318568.3,11
USDC,2024-06-28,1.0,1.0,24288.98,6
USDT,2024-06-28,0.9989,0.9982,24245.66,4
XRP,2024-06-28,0.4747,0.4708,35498932.22,7
ADA,2024-06-29,0.3852,0.3836,7011962.82,9
AVAX,2024-06-29,27.91,27.73,13178672.96,12
BNB,2024-06-29,566.38,569.53,10373661.36,3
BTC,2024-06-29,60324.3,60905.3,560710968.57,1
DOGE,2024-06-29,0.1228,0.1217,10886784.39,8
DOT,2024-06-29,6.178,6.072,3617888.52,13
ETH,2024-06-29,3373.8,3373.52,249697553.04,2
LTC,2024-06-29,72.78,74.83,20954930.05,15
MATIC,2024-06-29,0.5521,0.547,2978623.23,14
SOL,2024-06-29,139.73,139.97,137868176.74,5
TON,2024-06-29,7.486,7.607,731690.02,10
TRX,2024-06-29,0.123,0.1253,407055.23,11
USDC,2024-06-29,1.0,1.0,9215.98,6
USDT,2024-06-29,0.9983,0.9985,687790682.61,4
XRP,2024-06-29,0.4708,0.4719,10865377.59,7
ADA,2024-06-30,0.3836,0.3836,7011962.82,9
AVAX,2024-06-30,27.73,27.73,13178672.96,12
BNB,2024-06-30,569.53,569.53,10373661.36,3
BTC,2024-06-30,60905.3,60905.3,560710968.57,1
DOGE,2024-06-30,0.1217,0.1217,10886784.39,8
DOT,2024-06-30,6.072,6.072,3617888.52,13
ETH,2024-06-30,3373.52,3373.52,249697553.04,2
LTC,2024-06-30,74.83,74.83,20954930.05,15
MATIC,2024-06-30,0.547,0.547,2978623.23,14
SOL,2024-06-30,139.97,139.97,137868176.74,5
TON,2024-06-30,7.607,7.607,731690.02,10
TRX,2024-06-30,0.1253,0.1253,407055.23,11
USDC,2024-06-30,1.0,1.0,9215.98,6
USDT,2024-06-30,0.9985,0.9985,687790682.61,4
XRP,2024-06-30,0.4719,0.4719,10865377.59,7
