retailer,category,rank,product_name,product_url,current_price,original_price,review_count,badges,category_url,product_code,retailer_score,search_score,combined_score,final_rank
The Blue Space,basins,1,ADP Margot 360 x 360 Above Counter Basin - Matte White,https://www.thebluespace.com.au/collections/bathroom-basins/products/adp-margot-above-counter-basin-white,$254,$299,,,https://www.thebluespace.com.au/collections/bathroom-basins?sort_by=best-selling,,1.0,0.0,1.0,1.0
Reece,basins,1,Mizu Drift Universal 40mm Pop Up Plug & Waste Chrome,https://www.reece.com.au/product/bathroom-c544063/basins-c543130/mizu-drift-universal-40mm-pop-up-plug-waste-2263197,$41.00,,,,https://www.reece.com.au/search/bathroom-c544063/basins-c543130?sortBy=POPULARITY&sortDirection=DESCENDING,,1.0,0.0,1.0,1.0
Highgrove Bathrooms,basins,1,CHARLOTTE Bench Mount Basin Matcha Green,https://www.highgrovebathrooms.com.au/product/charlotte-bench-mount-basin-matcha-green/,$349.00,,,,https://www.highgrovebathrooms.com.au/basins/,UCL103-G,1.0,0.0,1.0,1.0
Bunnings,basins,1,Estilo 900mm Bathroom Vanity With SMC Basin Top And 1 Tap Hole,https://www.bunnings.com.au/estilo-900mm-bathroom-vanity-with-smc-basin-top-and-1-tap-hole_p0198169,$400,,(54),,https://www.bunnings.com.au/search/products?q=bathroom+basin&sort=BoostOrder&page=1,198169.0,1.0,0.0,1.0,1.0
MyHomeware,basins,1,Infinity 310x310x110mm Above Counter Ceramic Basin Round Shape for Bathroom In Various...,https://www.myhomeware.com.au/products/310mm-above-counter-ceramic-basin-round-various-colour,$143.00,,,,https://www.myhomeware.com.au/collections/best-selling-collection/basin-products,IF-IA026,1.0,0.0,1.0,1.0
The Blue Space,basins,2,Caroma Luna Above Counter Basin 450mm,https://www.thebluespace.com.au/collections/bathroom-basins/products/caroma-luna-above-counter-basin,$292,$447,,"In Stock, In Stock QLD",https://www.thebluespace.com.au/collections/bathroom-basins?sort_by=best-selling,,0.5,0.0,0.5,2.0
Reece,basins,2,Mizu Drift Universal 40mm Dome Pop Up Plug & Waste Chrome,https://www.reece.com.au/product/bathroom-c544063/basins-c543130/mizu-drift-universal-40mm-dome-pop-up-plug-2263199,$48.00,,,,https://www.reece.com.au/search/bathroom-c544063/basins-c543130?sortBy=POPULARITY&sortDirection=DESCENDING,,0.5,0.0,0.5,2.0
Highgrove Bathrooms,basins,2,ELISSA Solid Surface Bench Mount Basin Matte White,https://www.highgrovebathrooms.com.au/product/elissa-solid-surface-bench-mount-basin-matte-white/,$359.00,,,,https://www.highgrovebathrooms.com.au/basins/,BLU102-M,0.5,0.0,0.5,2.0
Bunnings,basins,2,Caroma 1TH White Stylus Allegro Vanity Basin,https://www.bunnings.com.au/caroma-1th-white-stylus-allegro-vanity-basin_p4820746,$121,,(2),,https://www.bunnings.com.au/search/products?q=bathroom+basin&sort=BoostOrder&page=1,4820746.0,0.5,0.0,0.5,2.0
MyHomeware,basins,2,RAK 550x415x195mm RAK Compact Semi-Recessed Ceramic Basin 1 or 3 Tap Holes Available,https://www.myhomeware.com.au/products/rak-compact-semi-recessed-ceramic-basin-tap-hole,$253.00,,,,https://www.myhomeware.com.au/collections/best-selling-collection/basin-products,FN-603701W,0.5,0.0,0.5,2.0
The Blue Space,basins,3,Caroma Luna Hand Wall Basin 450mm,https://www.thebluespace.com.au/collections/bathroom-basins/products/caroma-luna-hand-wall-basin,$265,$447,,,https://www.thebluespace.com.au/collections/bathroom-basins?sort_by=best-selling,,0.3333333333333333,0.0,0.3333333333333333,3.0
Reece,basins,3,Mizu Drift Universal 40mm Pop Up Plug & Waste Matte Black,https://www.reece.com.au/product/bathroom-c544063/basins-c543130/mizu-drift-universal-40mm-pop-up-plug-waste-2299560,$52.00,,,,https://www.reece.com.au/search/bathroom-c544063/basins-c543130?sortBy=POPULARITY&sortDirection=DESCENDING,,0.3333333333333333,0.0,0.3333333333333333,3.0
Highgrove Bathrooms,basins,3,DELTA Ceramic Vanity Top with 1TH Gloss White 900mm,https://www.highgrovebathrooms.com.au/product/delta-ceramic-vanity-top-with-1th-gloss-white-900mm/,$259.00,,,,https://www.highgrovebathrooms.com.au/basins/,DE900-W,0.3333333333333333,0.0,0.3333333333333333,3.0
Bunnings,basins,3,Estilo Counter Top Basin,https://www.bunnings.com.au/estilo-counter-top-basin_p0200698,$131,,(1),,https://www.bunnings.com.au/search/products?q=bathroom+basin&sort=BoostOrder&page=1,200698.0,0.3333333333333333,0.0,0.3333333333333333,3.0
MyHomeware,basins,3,RAK 510x405x805mm RAK Lara Pedestal Basin in Gloss White Freestanding 1 Tap Hole,https://www.myhomeware.com.au/products/rak-lara-pedestal-basin-in-gloss-white-freestanding-tap-holes,$279.00,,,,https://www.myhomeware.com.au/collections/best-selling-collection/basin-products,FN-610131W,0.3333333333333333,0.0,0.3333333333333333,3.0
The Blue Space,basins,4,Caroma Luna Shelf Wall Basin 550mm,https://www.thebluespace.com.au/collections/bathroom-basins/products/caroma-luna-shelf-wall-basin,$334,$439,,,https://www.thebluespace.com.au/collections/bathroom-basins?sort_by=best-selling,,0.25,0.0,0.25,4.0
Reece,basins,4,Mizu Drift Bottle Trap 40mm Chrome,https://www.reece.com.au/product/bathroom-c544063/basins-c543130/mizu-drift-bottle-trap-40mm-chrome-2262546,$140.00,,,,https://www.reece.com.au/search/bathroom-c544063/basins-c543130?sortBy=POPULARITY&sortDirection=DESCENDING,,0.25,0.0,0.25,4.0
Highgrove Bathrooms,basins,4,"FLOW Slim Solid Surface Vanity Top, w/ Integrated Basin and Overflow 600mm Matte White",https://www.highgrovebathrooms.com.au/product/flow-slim-solid-surface-vanity-top-w-integrated-basin-and-overflow-600mm-matte-white/,$329.00,,,,https://www.highgrovebathrooms.com.au/basins/,FSS600-M,0.25,0.0,0.25,4.0
Bunnings,basins,4,Estilo Counter Top Basin,https://www.bunnings.com.au/estilo-counter-top-basin_p0200700,$123,,(1),,https://www.bunnings.com.au/search/products?q=bathroom+basin&sort=BoostOrder&page=1,200700.0,0.25,0.0,0.25,4.0
MyHomeware,basins,4,Infinity 595x375x105mm Oval Fluted Above Counter Ceramic Basin In Various Colour,https://www.myhomeware.com.au/products/600mm-oval-above-counter-ceramic-basin-various-colour,$187.00,,,,https://www.myhomeware.com.au/collections/best-selling-collection/basin-products,IF-IA071,0.25,0.0,0.25,4.0
The Blue Space,basins,5,ADP Hope 495 x 255 Solid Surface Under Counter Basin,https://www.thebluespace.com.au/collections/bathroom-basins/products/adp-hope-solid-surface-under-counter-basin,$291,$349,,,https://www.thebluespace.com.au/collections/bathroom-basins?sort_by=best-selling,,0.2,0.0,0.2,5.0
Reece,basins,5,Mizu Drift Universal Waste Piston,https://www.reece.com.au/product/bathroom-c544063/basins-c543130/mizu-drift-universal-waste-piston-2263831,$11.00,,,,https://www.reece.com.au/search/bathroom-c544063/basins-c543130?sortBy=POPULARITY&sortDirection=DESCENDING,,0.2,0.0,0.2,5.0
Highgrove Bathrooms,basins,5,APOLLO Bench Mount Basin Matte White,https://www.highgrovebathrooms.com.au/product/apollo-bench-mount-basin-matte-white/,$199.00,,,,https://www.highgrovebathrooms.com.au/basins/,MC155-M,0.2,0.0,0.2,5.0
Bunnings,basins,5,CIBO 1200mm White Ripple Wall Hung Bathroom Vanity With White Countertop Basin,https://www.bunnings.com.au/cibo-1200mm-white-ripple-wall-hung-bathroom-vanity-with-white-countertop-basin_p0673387,$1290,,(0),Special Order,https://www.bunnings.com.au/search/products?q=bathroom+basin&sort=BoostOrder&page=1,673387.0,0.2,0.0,0.2,5.0
MyHomeware,basins,5,Macho 500x390x130mm Rectangle Matt White Carrara Above Counter Ceramic Basin,https://www.myhomeware.com.au/products/above-counter-basin-ceramic-rectangle-white-cararra,$288.00,,,,https://www.myhomeware.com.au/collections/best-selling-collection/basin-products,BS-503CR-MW,0.2,0.0,0.2,5.0
The Blue Space,basins,6,Bao Round 360mm Above Counter Basin - Matte White,https://www.thebluespace.com.au/collections/bathroom-basins/products/bao-round-360mm-above-counter-basin-matte-white,$236,$295,,"Free Shipping, In Stock, In Stock QLD, In Stock SA, In Stock VIC",https://www.thebluespace.com.au/collections/bathroom-basins?sort_by=best-selling,,0.16666666666666666,0.0,0.16666666666666666,6.0
Reece,basins,6,Mizu Drift Universal 40mm Pop Up Plug & Waste Brushed Nickel,https://www.reece.com.au/product/bathroom-c544063/basins-c543130/mizu-drift-universal-40mm-pop-up-plug-waste-2263852,$56.00,,,,https://www.reece.com.au/search/bathroom-c544063/basins-c543130?sortBy=POPULARITY&sortDirection=DESCENDING,,0.16666666666666666,0.0,0.16666666666666666,6.0
Highgrove Bathrooms,basins,6,APOLLO Bench Mount Basin Matte Black,https://www.highgrovebathrooms.com.au/product/apollo-bench-mount-basin-matte-black/,$199.00,,,,https://www.highgrovebathrooms.com.au/basins/,MC155-MB,0.16666666666666666,0.0,0.16666666666666666,6.0
Bunnings,basins,6,CIBO 900mm White Ripple Wall Hung Bathroom Vanity With White Countertop Basin,https://www.bunnings.com.au/cibo-900mm-white-ripple-wall-hung-bathroom-vanity-with-white-countertop-basin_p0673386,$1075,,(0),Special Order,https://www.bunnings.com.au/search/products?q=bathroom+basin&sort=BoostOrder&page=1,673386.0,0.16666666666666666,0.0,0.16666666666666666,6.0
MyHomeware,basins,6,Infinity 300x300x110mm Round Above Counter Ceramic Basin Variant Colour Available,https://www.myhomeware.com.au/products/300mm-round-above-counter-ceramic-basin-various-colour,$179.00,,,,https://www.myhomeware.com.au/collections/best-selling-collection/basin-products,IF-IA019S,0.16666666666666666,0.0,0.16666666666666666,6.0
The Blue Space,basins,7,Timberline Allure White Above Counter Basin,https://www.thebluespace.com.au/collections/bathroom-basins/products/timberline-allure-white-above-counter-basin,$185,$246,,,https://www.thebluespace.com.au/collections/bathroom-basins?sort_by=best-selling,,0.14285714285714285,0.0,0.14285714285714285,7.0
Reece,basins,7,Mizu Drift Universal 40mm Dome Pop Up Plug & Waste Brushed Nickel,https://www.reece.com.au/product/bathroom-c544063/basins-c543130/mizu-drift-universal-40mm-dome-pop-up-plug-2263856,$64.00,,,,https://www.reece.com.au/search/bathroom-c544063/basins-c543130?sortBy=POPULARITY&sortDirection=DESCENDING,,0.14285714285714285,0.0,0.14285714285714285,7.0
Highgrove Bathrooms,basins,7,APOLLO Bench Mount Basin Gloss White,https://www.highgrovebathrooms.com.au/product/apollo-bench-mount-basin-gloss-white/,$119.00,,,,https://www.highgrovebathrooms.com.au/basins/,MC155-W,0.14285714285714285,0.0,0.14285714285714285,7.0
Bunnings,basins,7,CIBO 1500mm White Nordic Wall Hung Bathroom Vanity With Pod White Matte Basins,https://www.bunnings.com.au/cibo-1500mm-white-nordic-wall-hung-bathroom-vanity-with-pod-white-matte-basins_p0668139,$1999,,(0),Special Order,https://www.bunnings.com.au/search/products?q=bathroom+basin&sort=BoostOrder&page=1,668139.0,0.14285714285714285,0.0,0.14285714285714285,7.0
MyHomeware,basins,7,Lukka Lukka 400x400x140mm Round Fluted Above Counter Basin Ceramic In Various Colour,https://www.myhomeware.com.au/products/fluted-above-counter-ceramic-basin-various-colour,$238.00,,,,https://www.myhomeware.com.au/collections/best-selling-collection/basin-products,LK-ORFA400,0.14285714285714285,0.0,0.14285714285714285,7.0
The Blue Space,basins,8,Caroma Urbane II Under Counter Basin,https://www.thebluespace.com.au/collections/bathroom-basins/products/caroma-urbane-ii-under-counter-basin,$326,$593,,"In Stock, In Stock QLD",https://www.thebluespace.com.au/collections/bathroom-basins?sort_by=best-selling,,0.125,0.0,0.125,8.0
Reece,basins,8,Posh Solus Vanity Basin 525 x 450mm 1 Taphole White,https://www.reece.com.au/product/bathroom-c544063/basins-c543130/posh-solus-vanity-basin-525-x-450mm-1-taphole-9502322,$259.00,,,,https://www.reece.com.au/search/bathroom-c544063/basins-c543130?sortBy=POPULARITY&sortDirection=DESCENDING,,0.125,0.0,0.125,8.0
Highgrove Bathrooms,basins,8,BYRON Bench Mount Basin with Overflow Matte White,https://www.highgrovebathrooms.com.au/product/byron-bench-mount-basin-with-overflow-matte-white/,$269.00,,,,https://www.highgrovebathrooms.com.au/basins/,FL4149-M,0.125,0.0,0.125,8.0
Bunnings,basins,8,CIBO 900mm White Lume Full Height Bathroom Vanity With White Basin,https://www.bunnings.com.au/cibo-900mm-white-lume-full-height-bathroom-vanity-with-white-basin_p0937349,$1335,,(0),Special Order,https://www.bunnings.com.au/search/products?q=bathroom+basin&sort=BoostOrder&page=1,937349.0,0.125,0.0,0.125,8.0
MyHomeware,basins,8,Poseidon-CETO 360x360x115mm Round Bellevue Fluted Above Counter Ceramic Basin In Various Co...,https://www.myhomeware.com.au/products/round-fluted-above-counter-basin-various-colour,$238.00,,,,https://www.myhomeware.com.au/collections/best-selling-collection/basin-products,PD-BEL3636-GW,0.125,0.0,0.125,8.0
The Blue Space,basins,9,ADP Glory 545 x 355 Solid Surface Under Counter Basin White,https://www.thebluespace.com.au/collections/bathroom-basins/products/adp-glory-under-counter-basin,$297,$349,,,https://www.thebluespace.com.au/collections/bathroom-basins?sort_by=best-selling,,0.1111111111111111,0.0,0.1111111111111111,9.0
Reece,basins,9,Mizu Drift Universal 40mm Dome Pop Up Plug & Waste Gloss White,https://www.reece.com.au/product/bathroom-c544063/basins-c543130/mizu-drift-universal-40mm-dome-pop-up-plug-2299626,$59.00,,,,https://www.reece.com.au/search/bathroom-c544063/basins-c543130?sortBy=POPULARITY&sortDirection=DESCENDING,,0.1111111111111111,0.0,0.1111111111111111,9.0
Highgrove Bathrooms,basins,9,BYRON Bench Mount Basin Matte White,https://www.highgrovebathrooms.com.au/product/byron-bench-mount-basin-matte-white/,$269.00,,,,https://www.highgrovebathrooms.com.au/basins/,MC142-M,0.1111111111111111,0.0,0.1111111111111111,9.0
Bunnings,basins,9,CIBO 900mm White Lume Wall Hung Bathroom Vanity with White Basin,https://www.bunnings.com.au/cibo-900mm-white-lume-wall-hung-bathroom-vanity-with-white-basin_p0937345,$1195,,(0),Special Order,https://www.bunnings.com.au/search/products?q=bathroom+basin&sort=BoostOrder&page=1,937345.0,0.1111111111111111,0.0,0.1111111111111111,9.0
MyHomeware,basins,9,Poseidon 378x378x110mm Bathroom Ceramic Wash Basin Round Above Counter In Various Colour,https://www.myhomeware.com.au/products/round-above-counter-ceramic-basin-various-colour,$257.00,$286.00,,,https://www.myhomeware.com.au/collections/best-selling-collection/basin-products,PD-PA37378MB,0.1111111111111111,0.0,0.1111111111111111,9.0
The Blue Space,basins,10,Timberline Bloom Above Counter Basin White,https://www.thebluespace.com.au/collections/bathroom-basins/products/timberline-bloom-above-counter-basin,$185,$246,,,https://www.thebluespace.com.au/collections/bathroom-basins?sort_by=best-selling,,0.1,0.0,0.1,10.0
Reece,basins,10,Base Vanity Basin with Front Overflow 1 Taphole 540 x 445mm White,https://www.reece.com.au/product/bathroom-c544063/basins-c543130/base-vanity-basin-with-front-overflow-1-taphole-9503280,$110.00,,,,https://www.reece.com.au/search/bathroom-c544063/basins-c543130?sortBy=POPULARITY&sortDirection=DESCENDING,,0.1,0.0,0.1,10.0
Highgrove Bathrooms,basins,10,BYRON Bench Mount Basin Matte Black,https://www.highgrovebathrooms.com.au/product/byron-bench-mount-basin-matte-black/,$269.00,,,,https://www.highgrovebathrooms.com.au/basins/,MC142-MB,0.1,0.0,0.1,10.0
Bunnings,basins,10,CIBO 1200mm White Lume Wall Hung Bathroom Vanity with White Basin,https://www.bunnings.com.au/cibo-1200mm-white-lume-wall-hung-bathroom-vanity-with-white-basin_p0937351,$1399,,(0),Special Order,https://www.bunnings.com.au/search/products?q=bathroom+basin&sort=BoostOrder&page=1,937351.0,0.1,0.0,0.1,10.0
MyHomeware,basins,10,Infinity 580x400x150mm Oval Porcelain Above Counter Basin,https://www.myhomeware.com.au/products/bathroom-basin-above-counter-oval-porcelain,$351.00,,,,https://www.myhomeware.com.au/collections/best-selling-collection/basin-products,IF-IA017,0.1,0.0,0.1,10.0
The Blue Space,basins,11,ADP Patty 450 x 280 Ensuite Above Counter Basin White,https://www.thebluespace.com.au/collections/bathroom-basins/products/adp-patty-ensuite-sized-above-counter-basin-white,$169,$199,,,https://www.thebluespace.com.au/collections/bathroom-basins?sort_by=best-selling,,0.09090909090909091,0.0,0.09090909090909091,11.0
Reece,basins,11,Roca Inspira Light Round Above Counter Basin 370mm White,https://www.reece.com.au/product/bathroom-c544063/basins-c543130/roca-inspira-light-round-above-counter-basin-9510256,$299.00,,,,https://www.reece.com.au/search/bathroom-c544063/basins-c543130?sortBy=POPULARITY&sortDirection=DESCENDING,,0.09090909090909091,0.0,0.09090909090909091,11.0
Highgrove Bathrooms,basins,11,BYRON Bench Mount Basin Gloss White,https://www.highgrovebathrooms.com.au/product/byron-bench-mount-basin-gloss-white/,$135.00,,,,https://www.highgrovebathrooms.com.au/basins/,MC142-W,0.09090909090909091,0.0,0.09090909090909091,11.0
Bunnings,basins,11,CIBO 900mm White Lume Full Height Bathroom Vanity with Black Basin,https://www.bunnings.com.au/cibo-900mm-white-lume-full-height-bathroom-vanity-with-black-basin_p0937347,$1335,,(0),Special Order,https://www.bunnings.com.au/search/products?q=bathroom+basin&sort=BoostOrder&page=1,937347.0,0.09090909090909091,0.0,0.09090909090909091,11.0
MyHomeware,basins,11,Infinity 360x360x120mm Above Counter Basin Bathroom Round Ceramic Wash Basin Lattice P...,https://www.myhomeware.com.au/products/round-above-counter-basin-lattice-ceramic-variant-colour,$181.00,,,,https://www.myhomeware.com.au/collections/best-selling-collection/basin-products,IF-IA004,0.09090909090909091,0.0,0.09090909090909091,11.0
The Blue Space,basins,12,Caroma Luna Inset Basin (Without Tap Landing),https://www.thebluespace.com.au/collections/bathroom-basins/products/caroma-luna-inset-basin-without-tap-landing,$258,$462,,In Stock,https://www.thebluespace.com.au/collections/bathroom-basins?sort_by=best-selling,,0.08333333333333333,0.0,0.08333333333333333,12.0
Reece,basins,12,Mizu Drift Pull Out Pop Up Waste 40mm Non-Overflow Gloss White,https://www.reece.com.au/product/bathroom-c544063/basins-c543130/mizu-drift-pull-out-pop-up-waste-40mm-2263449,$72.00,,,,https://www.reece.com.au/search/bathroom-c544063/basins-c543130?sortBy=POPULARITY&sortDirection=DESCENDING,,0.08333333333333333,0.0,0.08333333333333333,12.0
Highgrove Bathrooms,basins,12,CHARLOTTE Bench Mount Basin Matte White,https://www.highgrovebathrooms.com.au/product/charlotte-bench-mount-basin-matte-white/,$349.00,,,,https://www.highgrovebathrooms.com.au/basins/,UCL103-M,0.08333333333333333,0.0,0.08333333333333333,12.0
Bunnings,basins,12,CIBO 1200mm White Lume Full Height Bathroom Vanity with White Basin,https://www.bunnings.com.au/cibo-1200mm-white-lume-full-height-bathroom-vanity-with-white-basin_p0937348,$1499,,(0),Special Order,https://www.bunnings.com.au/search/products?q=bathroom+basin&sort=BoostOrder&page=1,937348.0,0.08333333333333333,0.0,0.08333333333333333,12.0
MyHomeware,basins,12,Infinity 500x320x120mm Oval Above Counter Ceramic Basin In Various Colour,https://www.myhomeware.com.au/products/500mm-oval-above-counter-ceramic-basin-various-colour,$219.00,,,,https://www.myhomeware.com.au/collections/best-selling-collection/basin-products,IF-IA078,0.08333333333333333,0.0,0.08333333333333333,12.0
The Blue Space,baths,1,Caroma Urbane II Back to Wall Freestanding Bath,https://www.thebluespace.com.au/collections/bathtubs/products/caroma-urbane-ii-back-to-wall-freestanding-bath,"$1,895","$3,175",,,https://www.thebluespace.com.au/collections/bathtubs?sort_by=best-selling,,1.0,0.0,1.0,1.0
Reece,baths,1,Bounty Brassware Bath Pop Down Plug & Waste 40mm Chrome,https://www.reece.com.au/product/bathroom-c544063/baths-spas-c543851/bounty-brassware-bath-pop-down-plug-waste-248930,$73.04,,,,https://www.reece.com.au/search/bathroom-c544063/baths-spas-c543851?sortBy=POPULARITY&sortDirection=DESCENDING,,1.0,0.0,1.0,1.0
Highgrove Bathrooms,baths,1,PROVENCE Solid Surface Freestanding Bath with Overflow Matte White 1700mm,https://www.highgrovebathrooms.com.au/product/provence-solid-surface-freestanding-bath-with-overflow-matte-white-1700mm/,$3199.00,,,NEW,https://www.highgrovebathrooms.com.au/baths/,PR1700-M,1.0,0.0,1.0,1.0
Bunnings,baths,1,Estilo 1650mm White Gloss Bold Freestanding Oval Bathtub,https://www.bunnings.com.au/estilo-1650mm-white-gloss-bold-freestanding-oval-bathtub_p0237363,$888.28,,(1),Special Order,https://www.bunnings.com.au/search/products?q=bathtub&sort=BoostOrder&page=1,237363.0,1.0,0.0,1.0,1.0
MyHomeware,baths,1,Macho&ABS 1400/1490/1600/1690mm Hanabi Bathtub Back to Wall Gloss White NO Overflow,https://www.myhomeware.com.au/products/gloss-white-bathtub-back-to-wall-mh-han,$918.00,,,,https://www.myhomeware.com.au/collections/bathtubs?sort_by=best-selling,MH-HAN1400,1.0,0.0,1.0,1.0
The Blue Space,baths,2,Caroma Luna Back To Wall Bath 1400mm,https://www.thebluespace.com.au/collections/bathtubs/products/caroma-contemporary-luna-back-to-wall-bath,"$1,328","$2,617",,"In Stock, In Stock QLD",https://www.thebluespace.com.au/collections/bathtubs?sort_by=best-selling,,0.5,0.0,0.5,2.0
Reece,baths,2,Base Acrylic Bath 1500 x 750 x 400mm White,https://www.reece.com.au/product/bathroom-c544063/baths-spas-c543851/base-acrylic-bath-1500-x-750-x-400mm-white-9504386,$235.00,,,,https://www.reece.com.au/search/bathroom-c544063/baths-spas-c543851?sortBy=POPULARITY&sortDirection=DESCENDING,,0.5,0.0,0.5,2.0
Highgrove Bathrooms,baths,2,CORAL Freestanding Bath Matte White 1700mm,https://www.highgrovebathrooms.com.au/product/coral-freestanding-bath-matte-white-1700mm/,$1799.00,,,,https://www.highgrovebathrooms.com.au/baths/,COR1700-M,0.5,0.0,0.5,2.0
Bunnings,baths,2,Estilo 1500mm White Gloss Bold Freestanding Oval Bathtub,https://www.bunnings.com.au/estilo-1500mm-white-gloss-bold-freestanding-oval-bathtub_p0237361,$772.74,,(6),Special Order,https://www.bunnings.com.au/search/products?q=bathtub&sort=BoostOrder&page=1,237361.0,0.5,0.0,0.5,2.0
MyHomeware,baths,2,Macho&Infinity 1400/1530/1690mm Moah Oval Freestanding Bathtub Acrylic NO Overflow Variant C...,https://www.myhomeware.com.au/products/oval-bathtub-freestanding-1400-1530-1690mm-variant-color,$938.00,,,,https://www.myhomeware.com.au/collections/bathtubs?sort_by=best-selling,IF-NOA-1400,0.5,0.0,0.5,2.0
The Blue Space,baths,3,Caroma Liano Freestanding Bath,https://www.thebluespace.com.au/collections/bathtubs/products/caroma-liano-freestanding-bath,"$1,579","$2,740",,,https://www.thebluespace.com.au/collections/bathtubs?sort_by=best-selling,,0.3333333333333333,0.0,0.3333333333333333,3.0
Reece,baths,3,Base Acrylic Bath 1700 x 750 x 400mm White,https://www.reece.com.au/product/bathroom-c544063/baths-spas-c543851/base-acrylic-bath-1700-x-750-x-400mm-white-9504387,$261.00,,,,https://www.reece.com.au/search/bathroom-c544063/baths-spas-c543851?sortBy=POPULARITY&sortDirection=DESCENDING,,0.3333333333333333,0.0,0.3333333333333333,3.0
Highgrove Bathrooms,baths,3,EVOKE Solid Surface Freestanding Bath Matte White 1500mm,https://www.highgrovebathrooms.com.au/product/evoke-solid-surface-freestanding-bath-matte-white-1500mm/,$1900.00,$2790.00,,SALE,https://www.highgrovebathrooms.com.au/baths/,EVK1500-M,0.3333333333333333,0.0,0.3333333333333333,3.0
Bunnings,baths,3,Estilo 1650mm White Gloss Edge Freestanding Rectangle Bathtub,https://www.bunnings.com.au/estilo-1650mm-white-gloss-edge-freestanding-rectangle-bathtub_p0237366,$846.94,,(0),Special Order,https://www.bunnings.com.au/search/products?q=bathtub&sort=BoostOrder&page=1,237366.0,0.3333333333333333,0.0,0.3333333333333333,3.0
MyHomeware,baths,3,ABS 1200/1300/1400/1500/1600/1700mm Rectangular Bathtub Multi fit Corner Back to ...,https://www.myhomeware.com.au/products/bathtub-multi-fit-corner-back-freestanding-gloss-white,$910.00,"$1,011.00",,,https://www.myhomeware.com.au/collections/bathtubs?sort_by=best-selling,ABS-Lotus-120-70-SV4,0.3333333333333333,0.0,0.3333333333333333,3.0
The Blue Space,baths,4,Caroma Urbane II Freestanding Bath White,https://www.thebluespace.com.au/collections/bathtubs/products/caroma-aura-freestanding-bath,"$1,746","$3,072",,,https://www.thebluespace.com.au/collections/bathtubs?sort_by=best-selling,,0.25,0.0,0.25,4.0
Reece,baths,4,Bounty Brassware Bath Pop Down Plug & Waste 40mm Matte Black,https://www.reece.com.au/product/bathroom-c544063/baths-spas-c543851/bounty-brassware-bath-pop-down-plug-waste-248945,$158.63,,,,https://www.reece.com.au/search/bathroom-c544063/baths-spas-c543851?sortBy=POPULARITY&sortDirection=DESCENDING,,0.25,0.0,0.25,4.0
Highgrove Bathrooms,baths,4,ACACIA Freestanding Bath with Overflow Gloss White 1700mm,https://www.highgrovebathrooms.com.au/product/acacia-freestanding-bath-with-overflow-gloss-white-1700mm/,$1490.00,,,,https://www.highgrovebathrooms.com.au/baths/,ACA1700-W,0.25,0.0,0.25,4.0
Bunnings,baths,4,Estilo 1505 x 710 x 394mm Bath,https://www.bunnings.com.au/estilo-1505-x-710-x-394mm-bath_p0328254,$172,,(0),,https://www.bunnings.com.au/search/products?q=bathtub&sort=BoostOrder&page=1,328254.0,0.25,0.0,0.25,4.0
MyHomeware,baths,4,Macho&Infinity 1200/1500/1680mm Eudora Oval Bathtub Freestanding Acrylic Gloss White NO Over...,https://www.myhomeware.com.au/products/bathtub-freestanding-1200-1500-1700mm-oval-gloss-white,$918.00,,,,https://www.myhomeware.com.au/collections/bathtubs?sort_by=best-selling,MH-EUD1200,0.25,0.0,0.25,4.0
The Blue Space,baths,5,Caroma Urbane 1675mm Island Bath,https://www.thebluespace.com.au/collections/bathtubs/products/caroma-urbane-1675-island-bath,$528,$800,,,https://www.thebluespace.com.au/collections/bathtubs?sort_by=best-selling,,0.2,0.0,0.2,5.0
Reece,baths,5,Posh Domaine Back to Wall Freestanding Bath 1500 x 720mm White,https://www.reece.com.au/product/bathroom-c544063/baths-spas-c543851/posh-domaine-back-to-wall-freestanding-bath-1500-9508056,"$1,970.00",,,,https://www.reece.com.au/search/bathroom-c544063/baths-spas-c543851?sortBy=POPULARITY&sortDirection=DESCENDING,,0.2,0.0,0.2,5.0
Highgrove Bathrooms,baths,5,OMEGA Drop In Bath with Overflow RHS Gloss White 1650mm,https://www.highgrovebathrooms.com.au/product/omega-drop-in-bath-with-overflow-rhs-gloss-white-1650mm/,$399.00,,,,https://www.highgrovebathrooms.com.au/baths/,OME1650R-W,0.2,0.0,0.2,5.0
Bunnings,baths,5,"Equipmed Bath Transfer Bench Chair, Bathtubs or Shower, 125kg Capacity, for Seniors Elderly, White",https://www.bunnings.com.au/equipmed-bath-transfer-bench-chair-bathtubs-or-shower-125kg-capacity-for-seniors-elderly-white_p0867966,$89,,(0),Marketplace,https://www.bunnings.com.au/search/products?q=bathtub&sort=BoostOrder&page=1,867966.0,0.2,0.0,0.2,5.0
MyHomeware,baths,5,Macho&Infinity 1300/1400/1485/1680mm Left / Right Corner Bathtub Acrylic Gloss / Matt White ...,https://www.myhomeware.com.au/products/corner-back-to-wall-bathtub-left-right-mhcec-various-colour,$817.00,"$1,017.00",,,https://www.myhomeware.com.au/collections/bathtubs?sort_by=best-selling,IF-NER-1300-L,0.2,0.0,0.2,5.0
The Blue Space,baths,6,Caroma Luna Island Bath,https://www.thebluespace.com.au/collections/bathtubs/products/caroma-luna-island-bath,$417,$615,,,https://www.thebluespace.com.au/collections/bathtubs?sort_by=best-selling,,0.16666666666666666,0.0,0.16666666666666666,6.0
Reece,baths,6,Base Acrylic Bath 1520 x 715 x 380mm White,https://www.reece.com.au/product/bathroom-c544063/baths-spas-c543851/base-acrylic-bath-1520-x-715-x-380mm-white-1792823,$285.00,,,,https://www.reece.com.au/search/bathroom-c544063/baths-spas-c543851?sortBy=POPULARITY&sortDirection=DESCENDING,,0.16666666666666666,0.0,0.16666666666666666,6.0
Highgrove Bathrooms,baths,6,ASPEN Freestanding Bath Gloss White 1700mm,https://www.highgrovebathrooms.com.au/product/aspen-freestanding-bath-gloss-white-1700mm/,$1490.00,,,,https://www.highgrovebathrooms.com.au/baths/,AS1700-W,0.16666666666666666,0.0,0.16666666666666666,6.0
Bunnings,baths,6,Mondella Bath Tub Round Acrylic Classico Drop In White,https://www.bunnings.com.au/mondella-bath-tub-round-acrylic-classico-drop-in-white_p0295334,$286.20,,(0),Special Order,https://www.bunnings.com.au/search/products?q=bathtub&sort=BoostOrder&page=1,295334.0,0.16666666666666666,0.0,0.16666666666666666,6.0
MyHomeware,baths,6,ABS 1200/1300/1400/1500/1600/1700mm Oval Bathtub Freestanding Acrylic Gloss White...,https://www.myhomeware.com.au/products/bathtub-freestanding-1200-to-1700mm-gloss-white,$912.00,,,,https://www.myhomeware.com.au/collections/bathtubs?sort_by=best-selling,ABS-Shanty-120-65S,0.16666666666666666,0.0,0.16666666666666666,6.0
The Blue Space,baths,7,Bao Bon 1700mm Back to Corner Bath,https://www.thebluespace.com.au/collections/bathtubs/products/bao-bon-1700mm-back-to-corner-bath,"$1,394","$1,992",,"Free Shipping, In Stock, In Stock SA, In Stock VIC",https://www.thebluespace.com.au/collections/bathtubs?sort_by=best-selling,,0.14285714285714285,0.0,0.14285714285714285,7.0
Reece,baths,7,Posh Solus Freestanding Bath with Overflow 1500 x 700 x 600mm White,https://www.reece.com.au/product/bathroom-c544063/baths-spas-c543851/posh-solus-freestanding-bath-with-overflow-1703113,"$1,410.00",,,,https://www.reece.com.au/search/bathroom-c544063/baths-spas-c543851?sortBy=POPULARITY&sortDirection=DESCENDING,,0.14285714285714285,0.0,0.14285714285714285,7.0
Highgrove Bathrooms,baths,7,BATH SCREEN KIT Bath Screen Kit - Single Panel 8mm Glass with Swing Pivot Gunmetal,https://www.highgrovebathrooms.com.au/product/bath-screen-kit-single-panel-8mm-glass-with-swing-pivot-gunmetal/,$259.00,,,,https://www.highgrovebathrooms.com.au/baths/,BS700-GM,0.14285714285714285,0.0,0.14285714285714285,7.0
Bunnings,baths,7,Mondella Square Acrylic Drop In Bath White,https://www.bunnings.com.au/mondella-square-acrylic-drop-in-bath-white_p0295330,$263.94,,(0),Special Order,https://www.bunnings.com.au/search/products?q=bathtub&sort=BoostOrder&page=1,295330.0,0.14285714285714285,0.0,0.14285714285714285,7.0
MyHomeware,baths,7,ABS 1500/1700mm Ellie Bathtub Left / Right Corner Back Acrylic Gloss White NO Ove...,https://www.myhomeware.com.au/products/bathtub-corner-back-gloss-white-left-or-right-corner,"$1,085.00",,,,https://www.myhomeware.com.au/collections/bathtubs?sort_by=best-selling,ABS-Ellie-150-75L,0.14285714285714285,0.0,0.14285714285714285,7.0
The Blue Space,baths,8,Bao Bon 1500mm Back to Corner Bath,https://www.thebluespace.com.au/collections/bathtubs/products/bao-bon-1500mm-back-to-corner-bath,"$1,379","$1,970",,"Free Shipping, In Stock, In Stock QLD, In Stock SA, In Stock VIC",https://www.thebluespace.com.au/collections/bathtubs?sort_by=best-selling,,0.125,0.0,0.125,8.0
Reece,baths,8,Posh Solus Back To Corner Freestanding Bath 1700mm Left Corner White,https://www.reece.com.au/product/bathroom-c544063/baths-spas-c543851/posh-solus-back-to-corner-freestanding-bath-1708912,"$2,070.00",,,,https://www.reece.com.au/search/bathroom-c544063/baths-spas-c543851?sortBy=POPULARITY&sortDirection=DESCENDING,,0.125,0.0,0.125,8.0
Highgrove Bathrooms,baths,8,ESSENCE Freestanding Corner Bath RHS with Overflow Gloss White 1500mm,https://www.highgrovebathrooms.com.au/product/essence-freestanding-corner-bath-rhs-with-overflow-gloss-white-1500mm/,$1290.00,,,,https://www.highgrovebathrooms.com.au/baths/,ESS1500R-W,0.125,0.0,0.125,8.0
Bunnings,baths,8,Caroma 1675mm Maxton Bath,https://www.bunnings.com.au/caroma-1675mm-maxton-bath_p4890005,$477,,(2),Special Order,https://www.bunnings.com.au/search/products?q=bathtub&sort=BoostOrder&page=1,4890005.0,0.125,0.0,0.125,8.0
MyHomeware,baths,8,Macho&Infinity 1500/1700mm Aurora Bathtub Freestanding Acrylic Gloss White NO Overflow,https://www.myhomeware.com.au/products/bathtub-freestanding-1500-1700mm-aurora-gloss-white,"$1,139.00",,,,https://www.myhomeware.com.au/collections/bathtubs?sort_by=best-selling,MH-AUR1500,0.125,0.0,0.125,8.0
The Blue Space,baths,9,Caroma Stirling Steel Bath,https://www.thebluespace.com.au/collections/bathtubs/products/caroma-stirling-steel-bath,$660,$947,,"In Stock, In Stock VIC",https://www.thebluespace.com.au/collections/bathtubs?sort_by=best-selling,,0.1111111111111111,0.0,0.1111111111111111,9.0
Reece,baths,9,Posh Solus MK2 Bath 1675 x 755mm White,https://www.reece.com.au/product/bathroom-c544063/baths-spas-c543851/posh-solus-mk2-bath-1675-x-755mm-white-1789753,$473.00,,,,https://www.reece.com.au/search/bathroom-c544063/baths-spas-c543851?sortBy=POPULARITY&sortDirection=DESCENDING,,0.1111111111111111,0.0,0.1111111111111111,9.0
Highgrove Bathrooms,baths,9,ROSÉ Bath Caddy White Oak,https://www.highgrovebathrooms.com.au/product/rose-bath-caddy-white-oak/,$169.00,,,,https://www.highgrovebathrooms.com.au/baths/,BC-01,0.1111111111111111,0.0,0.1111111111111111,9.0
Bunnings,baths,9,Shaw & Mason Chrome Bath Spout With Diverter And Shower Kit,https://www.bunnings.com.au/shaw-mason-chrome-bath-spout-with-diverter-and-shower-kit_p0612661,$45,,(3),,https://www.bunnings.com.au/search/products?q=bathtub&sort=BoostOrder&page=1,612661.0,0.1111111111111111,0.0,0.1111111111111111,9.0
MyHomeware,baths,9,Unicasa 1500/1700mm Ultra-Slim Bathtub Back to Wall Gloss White Acrylic with Overflow,https://www.myhomeware.com.au/products/acrylic-ultra-slim-back-to-wall-bathtub-gloss-white,"$1,334.00",,,,https://www.myhomeware.com.au/collections/bathtubs?sort_by=best-selling,UN-BU-1500-W,0.1111111111111111,0.0,0.1111111111111111,9.0
The Blue Space,baths,10,Bao Elegant 1500mm Back to Corner Bath,https://www.thebluespace.com.au/collections/bathtubs/products/bao-elegant-1500mm-back-to-corner-bath,"$1,850","$2,466",,"Free Shipping, In Stock, In Stock QLD, In Stock VIC",https://www.thebluespace.com.au/collections/bathtubs?sort_by=best-selling,,0.1,0.0,0.1,10.0
Reece,baths,10,Posh Solus Freestanding Bath 1780 x 800 x 560mm White No Overflow,https://www.reece.com.au/product/bathroom-c544063/baths-spas-c543851/posh-solus-freestanding-bath-1780-x-800-x-560mm-9504385,"$1,460.00",,,,https://www.reece.com.au/search/bathroom-c544063/baths-spas-c543851?sortBy=POPULARITY&sortDirection=DESCENDING,,0.1,0.0,0.1,10.0
Highgrove Bathrooms,baths,10,LILY Bath Caddy White Oak,https://www.highgrovebathrooms.com.au/product/lily-bath-caddy-white-oak/,$129.00,,,,https://www.highgrovebathrooms.com.au/baths/,BC-03,0.1,0.0,0.1,10.0
Bunnings,baths,10,Caroma White Luna Back to Wall Bath,https://www.bunnings.com.au/caroma-white-luna-back-to-wall-bath_p0186577,$1328,,(2),Special Order,https://www.bunnings.com.au/search/products?q=bathtub&sort=BoostOrder&page=1,186577.0,0.1,0.0,0.1,10.0
MyHomeware,baths,10,Poseidon 1400/1500/1700mm Theo Bathtub Multi fit Corner Back to Wall Freestanding Acry...,https://www.myhomeware.com.au/products/matt-white-multi-fit-freestanding-back-to-wall-corner-bathtub-thbt,"$1,508.00",,,,https://www.myhomeware.com.au/collections/bathtubs?sort_by=best-selling,CE-THBT1400MW,0.1,0.0,0.1,10.0
The Blue Space,baths,11,Caroma Luna Four Tile Flange Bath,https://www.thebluespace.com.au/collections/bathtubs/products/caroma-luna-four-tile-flange-bath,$504,$615,,,https://www.thebluespace.com.au/collections/bathtubs?sort_by=best-selling,,0.09090909090909091,0.0,0.09090909090909091,11.0
Reece,baths,11,Base Acrylic Inset Bath 1520 x 715 x 380mm with Overflow Chrome,https://www.reece.com.au/product/bathroom-c544063/baths-spas-c543851/base-acrylic-inset-bath-1520-x-715-x-380mm-1704234,$367.00,,,,https://www.reece.com.au/search/bathroom-c544063/baths-spas-c543851?sortBy=POPULARITY&sortDirection=DESCENDING,,0.09090909090909091,0.0,0.09090909090909091,11.0
Highgrove Bathrooms,baths,11,GLENROWAN Bath Caddy Marri Timber,https://www.highgrovebathrooms.com.au/product/glenrowan-bath-caddy-marri-timber/,$63.00,$159.00,,SALE,https://www.highgrovebathrooms.com.au/baths/,BC-04,0.09090909090909091,0.0,0.09090909090909091,11.0
Bunnings,baths,11,3pcs Cute Cat Bathtub Contemporary Style Print 100% Australian Made 3 x 40x60cm (Metal Print),https://www.bunnings.com.au/3pcs-cute-cat-bathtub-contemporary-style-print-100-australian-made-3-x-40x60cm-metal-print-_p0884388,$99,,(0),Marketplace,https://www.bunnings.com.au/search/products?q=bathtub&sort=BoostOrder&page=1,884388.0,0.09090909090909091,0.0,0.09090909090909091,11.0
MyHomeware,baths,11,Poseidon-CETO 1500/1700mm Ceto Fluted Back to Wall Oval Bathtub NO Overflow Variant Colour ...,https://www.myhomeware.com.au/products/1500-1700mm-freestanding-back-to-wall-bathtub-no-overflow-variant-color,"$1,808.00",,,,https://www.myhomeware.com.au/collections/bathtubs?sort_by=best-selling,PD-BGV1500GW,0.09090909090909091,0.0,0.09090909090909091,11.0
The Blue Space,baths,12,Bao Fluted 1500mm Back to Corner Bath - Matte White,https://www.thebluespace.com.au/collections/bathtubs/products/bao-fluted-1500mm-back-to-corner-bath-matte-white-1,"$1,804","$2,577",,"Free Shipping, In Stock, In Stock QLD, In Stock VIC",https://www.thebluespace.com.au/collections/bathtubs?sort_by=best-selling,,0.08333333333333333,0.0,0.08333333333333333,12.0
Reece,baths,12,Posh Solus Back To Corner Freestanding Bath 1700mm Right Corner White,https://www.reece.com.au/product/bathroom-c544063/baths-spas-c543851/posh-solus-back-to-corner-freestanding-bath-1708913,"$2,070.00",,,,https://www.reece.com.au/search/bathroom-c544063/baths-spas-c543851?sortBy=POPULARITY&sortDirection=DESCENDING,,0.08333333333333333,0.0,0.08333333333333333,12.0
Highgrove Bathrooms,baths,12,FELINO Drop In Bath with Overflow Gloss White 1790mm,https://www.highgrovebathrooms.com.au/product/felino-drop-in-bath-with-overflow-gloss-white-1790mm/,$499.00,,,,https://www.highgrovebathrooms.com.au/baths/,FEL1788-W,0.08333333333333333,0.0,0.08333333333333333,12.0
Bunnings,baths,12,Caroma 1500mm White Classic Bath,https://www.bunnings.com.au/caroma-1500mm-white-classic-bath_p5135161,$602.59,,(2),Special Order,https://www.bunnings.com.au/search/products?q=bathtub&sort=BoostOrder&page=1,5135161.0,0.08333333333333333,0.0,0.08333333333333333,12.0
MyHomeware,baths,12,ABS 1500/1700mm Roma Back to Wall Bathtub Acrylic NO Overflow Variant Colour Avai...,https://www.myhomeware.com.au/products/roma-1500-1700mm-back-to-wall-bathtub-variant-color,"$1,350.00",,,,https://www.myhomeware.com.au/collections/bathtubs?sort_by=best-selling,ABS-Roma-BTW-150-GW,0.08333333333333333,0.0,0.08333333333333333,12.0
The Blue Space,drainage,1,ART Australia Bermuda Standard Floor Waste Tile Insert Chrome,https://www.thebluespace.com.au/collections/floor-wastes/products/bounty-art-australia-standard-floor-waste-tile-insert,$77,$85,,,https://www.thebluespace.com.au/collections/floor-wastes?sort_by=best-selling,,1.0,0.0,1.0,1.0
Reece,drainage,1,Stubby Floor Grate Brass Round Slotted Chrome 100mm,https://www.reece.com.au/product/plumbing-c544079/pipe-fittings-c543687/traps-wastes-grates-c544032/grates-c601916/stubby-floor-grate-brass-round-slotted-chrome-203476,$54.84,,,,https://www.reece.com.au/search/plumbing-c544079/pipe-fittings-c543687/traps-wastes-grates-c544032/grates-c601916?sortBy=POPULARITY,,1.0,0.0,1.0,1.0
Bunnings,drainage,1,Kinetic 100mm Chrome Brass Square Floor Grate,https://www.bunnings.com.au/kinetic-100mm-chrome-brass-square-floor-grate_p5080006,$23.62,,(10),,https://www.bunnings.com.au/search/products?q=floor+waste&sort=BoostOrder&page=1,5080006.0,1.0,0.0,1.0,1.0
MyHomeware,drainage,1,Macho 115mm Brass Floor Waste 73.8/90/100mm Outlet Smart Tile Insert Variant Colour...,https://www.myhomeware.com.au/products/115mm-floor-waste-drain-brass-smart-tile-insert-square-variant-color,$25.00,$42.00,,,https://www.myhomeware.com.au/collections/bathroom-wastes-drains?sort_by=best-selling,FD006,1.0,0.0,1.0,1.0
The Blue Space,drainage,2,Meir Square Floor Grate Shower Drain 100mm Outlet - Gold,https://www.thebluespace.com.au/collections/floor-wastes/products/meir-square-floor-grate-shower-drain-100mm-outlet-gold,$83,$99,,Free Shipping,https://www.thebluespace.com.au/collections/floor-wastes?sort_by=best-selling,,0.5,0.0,0.5,2.0
Reece,drainage,2,Stubby Floor Grate Brass Square Slotted Chrome 100mm,https://www.reece.com.au/product/plumbing-c544079/pipe-fittings-c543687/traps-wastes-grates-c544032/grates-c601916/stubby-floor-grate-brass-square-slotted-chrome-203488,$58.88,,,,https://www.reece.com.au/search/plumbing-c544079/pipe-fittings-c543687/traps-wastes-grates-c544032/grates-c601916?sortBy=POPULARITY,,0.5,0.0,0.5,2.0
Bunnings,drainage,2,Forme 110 x 110mm What-A-Waste Floor Drain Tile Insert,https://www.bunnings.com.au/forme-110-x-110mm-what-a-waste-floor-drain-tile-insert_p5003374,$40.07,,(4),Special Order,https://www.bunnings.com.au/search/products?q=floor+waste&sort=BoostOrder&page=1,5003374.0,0.5,0.0,0.5,2.0
MyHomeware,drainage,2,Macho 118/120mm Floor Waste Drain Smart Tile Insert Stainless Steel 80mm Outlet Var...,https://www.myhomeware.com.au/products/floor-waste-drain-stainless-steel-smart-tile-insert-variant-color,$19.00,$32.00,,,https://www.myhomeware.com.au/collections/bathroom-wastes-drains?sort_by=best-selling,FD003B,0.5,0.0,0.5,2.0
The Blue Space,drainage,3,ART Australia 316 Stainless Steel Square Waste 100mm,https://www.thebluespace.com.au/collections/floor-wastes/products/art-australia-316-stainless-steel-square-waste-100mm,$49,$62,,,https://www.thebluespace.com.au/collections/floor-wastes?sort_by=best-selling,,0.3333333333333333,0.0,0.3333333333333333,3.0
Reece,drainage,3,Floor Grate Tapered Brass Square Chrome 100mm x 86mm,https://www.reece.com.au/product/plumbing-c544079/pipe-fittings-c543687/traps-wastes-grates-c544032/grates-c601916/floor-grate-tapered-brass-square-chrome-100mm-x-1409454,$93.70,,,,https://www.reece.com.au/search/plumbing-c544079/pipe-fittings-c543687/traps-wastes-grates-c544032/grates-c601916?sortBy=POPULARITY,,0.3333333333333333,0.0,0.3333333333333333,3.0
Bunnings,drainage,3,Brasshards 80 x 50mm White Hexagonal Cup DWV Floor Waste,https://www.bunnings.com.au/brasshards-80-x-50mm-white-hexagonal-cup-dwv-floor-waste_p0351491,$7.05,,(1),,https://www.bunnings.com.au/search/products?q=floor+waste&sort=BoostOrder&page=1,351491.0,0.3333333333333333,0.0,0.3333333333333333,3.0
MyHomeware,drainage,3,Lauxes G#2(Gold) 100-5600mm Lauxes Shower Grate Drain Aluminium Matte Gold Slimline ...,https://www.myhomeware.com.au/products/aluminium-shower-grate-slimline-tile-insert-26-matt-gold,$32.00,,,,https://www.myhomeware.com.au/collections/bathroom-wastes-drains?sort_by=best-selling,MYGSTI-01+MYGEC26-100,0.3333333333333333,0.0,0.3333333333333333,3.0
The Blue Space,drainage,4,Meir Square Floor Grate Shower Drain 80mm Outlet - Gold,https://www.thebluespace.com.au/collections/floor-wastes/products/meir-square-floor-grate-shower-drain-80mm-outlet-gold,$66,$79,,Free Shipping,https://www.thebluespace.com.au/collections/floor-wastes?sort_by=best-selling,,0.25,0.0,0.25,4.0
Reece,drainage,4,Shwr Waste Adjustable Floor Grate ABS Round White 100mm x 100mm,https://www.reece.com.au/product/plumbing-c544079/pipe-fittings-c543687/traps-wastes-grates-c544032/grates-c601916/shwr-waste-adjustable-floor-grate-abs-round-1409946,$60.65,,,,https://www.reece.com.au/search/plumbing-c544079/pipe-fittings-c543687/traps-wastes-grates-c544032/grates-c601916?sortBy=POPULARITY,,0.25,0.0,0.25,4.0
Bunnings,drainage,4,Kinetic 100mm Chrome Plated Round Floor Grate,https://www.bunnings.com.au/kinetic-100mm-chrome-plated-round-floor-grate_p5080007,$24.04,,(6),,https://www.bunnings.com.au/search/products?q=floor+waste&sort=BoostOrder&page=1,5080007.0,0.25,0.0,0.25,4.0
MyHomeware,drainage,4,Macho 110x110mm Square Brass Floor Waste Outlet 100mm Drain Variant Colour Available,https://www.myhomeware.com.au/products/110mm-floor-waste-drain-brass-square-variant-color,$19.00,,,,https://www.myhomeware.com.au/collections/bathroom-wastes-drains?sort_by=best-selling,FD004B,0.25,0.0,0.25,4.0
The Blue Space,drainage,5,Radiant Tile Insert Linear Shower Grate - Brushed Satin,https://www.thebluespace.com.au/collections/floor-wastes/products/radiant-tile-insert-linear-shower-grate-316-stainless,$212,$265,,,https://www.thebluespace.com.au/collections/floor-wastes?sort_by=best-selling,,0.2,0.0,0.2,5.0
Reece,drainage,5,Stubby Floor Grate Plastic Round White 100mm,https://www.reece.com.au/product/plumbing-c544079/pipe-fittings-c543687/traps-wastes-grates-c544032/grates-c601916/stubby-floor-grate-plastic-round-white-100mm-203453,$9.65,,,,https://www.reece.com.au/search/plumbing-c544079/pipe-fittings-c543687/traps-wastes-grates-c544032/grates-c601916?sortBy=POPULARITY,,0.2,0.0,0.2,5.0
Bunnings,drainage,5,Holman 100mm DWV PVC Octagon Floor Grate,https://www.bunnings.com.au/holman-100mm-dwv-pvc-octagon-floor-grate_p4740004,$13.42,,(1),,https://www.bunnings.com.au/search/products?q=floor+waste&sort=BoostOrder&page=1,4740004.0,0.2,0.0,0.2,5.0
MyHomeware,drainage,5,Fienza Fienza 110mm Round Floor Waste Round Grate 100mm Outlet,https://www.myhomeware.com.au/products/round-floor-waste-100mm-outlet,$17.00,,,,https://www.myhomeware.com.au/collections/bathroom-wastes-drains?sort_by=best-selling,FN-D307,0.2,0.0,0.2,5.0
The Blue Space,drainage,6,Meir Square Floor Grate Shower Drain 100mm Outlet - Brushed Nickel,https://www.thebluespace.com.au/collections/floor-wastes/products/meir-square-floor-grate-shower-drain-100mm-outlet-brushed-nickel,$79,$99,,"Free Shipping, In Stock",https://www.thebluespace.com.au/collections/floor-wastes?sort_by=best-selling,,0.16666666666666666,0.0,0.16666666666666666,6.0
Reece,drainage,6,Stubby Floor Grate Stainless Steel Round 100mm,https://www.reece.com.au/product/plumbing-c544079/pipe-fittings-c543687/traps-wastes-grates-c544032/grates-c601916/stubby-floor-grate-stainless-steel-round-100mm-203469,$28.96,,,,https://www.reece.com.au/search/plumbing-c544079/pipe-fittings-c543687/traps-wastes-grates-c544032/grates-c601916?sortBy=POPULARITY,,0.16666666666666666,0.0,0.16666666666666666,6.0
Bunnings,drainage,6,Holman 80 x 65mm Floor Waste Gully,https://www.bunnings.com.au/holman-80-x-65mm-floor-waste-gully_p4770364,$22.05,,(0),,https://www.bunnings.com.au/search/products?q=floor+waste&sort=BoostOrder&page=1,4770364.0,0.16666666666666666,0.0,0.16666666666666666,6.0
MyHomeware,drainage,6,Lauxes 100-5600mm Lauxes Black Shower Grate Drain Any Size Indoor Aluminium Midnight...,https://www.myhomeware.com.au/products/aluminium-shower-grate-slimline-tile-insert-26-black,$25.00,,,,https://www.myhomeware.com.au/collections/bathroom-wastes-drains?sort_by=best-selling,LCMSTIG-01+LCFG-C100SB,0.16666666666666666,0.0,0.16666666666666666,6.0
The Blue Space,drainage,7,Meir Square Floor Grate Shower Drain 80mm Outlet - Matte Black,https://www.thebluespace.com.au/collections/floor-wastes/products/meir-square-floor-grate-shower-drain-80mm-outlet-matte-black,$49,$59,,Free Shipping,https://www.thebluespace.com.au/collections/floor-wastes?sort_by=best-selling,,0.14285714285714285,0.0,0.14285714285714285,7.0
Reece,drainage,7,Stubby Floor Grate Stainless Steel Square 100mm,https://www.reece.com.au/product/plumbing-c544079/pipe-fittings-c543687/traps-wastes-grates-c544032/grates-c601916/stubby-floor-grate-stainless-steel-square-203473,$32.55,,,,https://www.reece.com.au/search/plumbing-c544079/pipe-fittings-c543687/traps-wastes-grates-c544032/grates-c601916?sortBy=POPULARITY,,0.14285714285714285,0.0,0.14285714285714285,7.0
Bunnings,drainage,7,Holman 100mm DWV PVC Round Floor Grate,https://www.bunnings.com.au/holman-100mm-dwv-pvc-round-floor-grate_p4740005,$12.76,,(3),,https://www.bunnings.com.au/search/products?q=floor+waste&sort=BoostOrder&page=1,4740005.0,0.14285714285714285,0.0,0.14285714285714285,7.0
MyHomeware,drainage,7,Lauxes Lauxes Aluminium Shower Grate Waste Silver 40/50/72/80mm,https://www.myhomeware.com.au/products/lauxes-aluminium-shower-grate-waste-silver,$16.00,,,,https://www.myhomeware.com.au/collections/bathroom-wastes-drains?sort_by=best-selling,WO-40,0.14285714285714285,0.0,0.14285714285714285,7.0
The Blue Space,drainage,8,Radiant Tile Insert Linear Shower Grate Brushed Gold,https://www.thebluespace.com.au/collections/floor-wastes/products/radiant-tile-insert-linear-shower-grate-brushed-gold,$304,$380,,,https://www.thebluespace.com.au/collections/floor-wastes?sort_by=best-selling,,0.125,0.0,0.125,8.0
Reece,drainage,8,Floor Grate Tapered Brass Round Chrome 100mm x 86mm,https://www.reece.com.au/product/plumbing-c544079/pipe-fittings-c543687/traps-wastes-grates-c544032/grates-c601916/floor-grate-tapered-brass-round-chrome-100mm-x-1409448,$81.80,,,,https://www.reece.com.au/search/plumbing-c544079/pipe-fittings-c543687/traps-wastes-grates-c544032/grates-c601916?sortBy=POPULARITY,,0.125,0.0,0.125,8.0
Bunnings,drainage,8,Kinetic 80mm Chrome Plated Square Floor Grate,https://www.bunnings.com.au/kinetic-80mm-chrome-plated-square-floor-grate_p5080004,$20.38,,(2),,https://www.bunnings.com.au/search/products?q=floor+waste&sort=BoostOrder&page=1,5080004.0,0.125,0.0,0.125,8.0
MyHomeware,drainage,8,Lauxes 100-3000mm Lauxes Shower Grate Drain Aluminium Next Generation 14 Any Size In...,https://www.myhomeware.com.au/products/aluminium-floor-grate-next-generation-14-2000mm-silver,$21.00,,,,https://www.myhomeware.com.au/collections/bathroom-wastes-drains?sort_by=best-selling,LCFGN14-01+LCFG-C100-14,0.125,0.0,0.125,8.0
The Blue Space,drainage,9,ART Australia Bermuda Standard Floor Waste Tile Insert Brushed Nickel,https://www.thebluespace.com.au/collections/floor-wastes/products/art-australia-bermuda-standard-floor-waste-tile-insert-brushed-nickel,$123,$164,,,https://www.thebluespace.com.au/collections/floor-wastes?sort_by=best-selling,,0.1111111111111111,0.0,0.1111111111111111,9.0
Reece,drainage,9,Floor Grate Adjustable White Round 100mm,https://www.reece.com.au/product/plumbing-c544079/pipe-fittings-c543687/traps-wastes-grates-c544032/grates-c601916/floor-grate-adjustable-white-round-100mm-1409461,$14.74,,,,https://www.reece.com.au/search/plumbing-c544079/pipe-fittings-c543687/traps-wastes-grates-c544032/grates-c601916?sortBy=POPULARITY,,0.1111111111111111,0.0,0.1111111111111111,9.0
Bunnings,drainage,9,Holman 100mm x 65 mm DWV PVC Floor Waste Gully,https://www.bunnings.com.au/holman-100mm-x-65-mm-dwv-pvc-floor-waste-gully_p4750175,$27.51,,(1),,https://www.bunnings.com.au/search/products?q=floor+waste&sort=BoostOrder&page=1,4750175.0,0.1111111111111111,0.0,0.1111111111111111,9.0
MyHomeware,drainage,9,Lauxes 100-3000x100x21mm Lauxes Aluminium Slimline Tile Insert Shower Pool Drain Mid...,https://www.myhomeware.com.au/products/aluminium-shower-grate-slimline-tile-insert-21-black,$26.00,,,,https://www.myhomeware.com.au/collections/bathroom-wastes-drains?sort_by=best-selling,MSTI21-01+MEC21-100,0.1111111111111111,0.0,0.1111111111111111,9.0
The Blue Space,drainage,10,Radiant Tile Insert Square Floor Waste - Brushed Satin,https://www.thebluespace.com.au/collections/floor-wastes/products/radiant-tile-insert-square-shower-grate-316-stainless,$69,$90,,,https://www.thebluespace.com.au/collections/floor-wastes?sort_by=best-selling,,0.1,0.0,0.1,10.0
Reece,drainage,10,Floor Grate Solvent Weld White Octagonal 100mm,https://www.reece.com.au/product/plumbing-c544079/pipe-fittings-c543687/traps-wastes-grates-c544032/grates-c601916/floor-grate-solvent-weld-white-octagonal-100mm-1409463,$10.20,,,,https://www.reece.com.au/search/plumbing-c544079/pipe-fittings-c543687/traps-wastes-grates-c544032/grates-c601916?sortBy=POPULARITY,,0.1,0.0,0.1,10.0
Bunnings,drainage,10,Mondella Rumba 900mm Stainless Steel Tile Insert Floor Waste,https://www.bunnings.com.au/mondella-rumba-900mm-stainless-steel-tile-insert-floor-waste_p5003576,$117,,(3),,https://www.bunnings.com.au/search/products?q=floor+waste&sort=BoostOrder&page=1,5003576.0,0.1,0.0,0.1,10.0
MyHomeware,drainage,10,Lamex 115mm Smart Tile Insert Floor Waste Shower Grate Drain 88mm Outlet Variant Co...,https://www.myhomeware.com.au/products/floor-waste-square-brass-smart-tile-insert-variant-color,$40.00,,,,https://www.myhomeware.com.au/collections/bathroom-wastes-drains?sort_by=best-selling,LM-TI-GM115,0.1,0.0,0.1,10.0
The Blue Space,drainage,11,Radiant Tile Insert Linear Shower Grate Matt Black,https://www.thebluespace.com.au/collections/floor-wastes/products/radiant-tile-insert-linear-shower-grate-matt-black,$316,$400,,In Stock,https://www.thebluespace.com.au/collections/floor-wastes?sort_by=best-selling,,0.09090909090909091,0.0,0.09090909090909091,11.0
Reece,drainage,11,Floor Grate ABS Round Stainless Steel 50mm,https://www.reece.com.au/product/plumbing-c544079/pipe-fittings-c543687/traps-wastes-grates-c544032/grates-c601916/floor-grate-abs-round-stainless-steel-50mm-1409676,$28.64,,,,https://www.reece.com.au/search/plumbing-c544079/pipe-fittings-c543687/traps-wastes-grates-c544032/grates-c601916?sortBy=POPULARITY,,0.09090909090909091,0.0,0.09090909090909091,11.0
Bunnings,drainage,11,Brasshards 50mm White All Purpose DWV Floor Waste,https://www.bunnings.com.au/brasshards-50mm-white-all-purpose-dwv-floor-waste_p0351640,$5.40,,(0),,https://www.bunnings.com.au/search/products?q=floor+waste&sort=BoostOrder&page=1,351640.0,0.09090909090909091,0.0,0.09090909090909091,11.0
MyHomeware,drainage,11,Fienza Fienza Round Floor Waste Round Grate 75mm Outlet,https://www.myhomeware.com.au/products/round-floor-waste-80mm-outlet,$17.00,,,,https://www.myhomeware.com.au/collections/bathroom-wastes-drains?sort_by=best-selling,FN-D309,0.09090909090909091,0.0,0.09090909090909091,11.0
The Blue Space,drainage,12,ART Australia Bermuda Standard Floor Waste Tile Insert Brushed Gold,https://www.thebluespace.com.au/collections/floor-wastes/products/art-australia-bermuda-standard-floor-waste-tile-insert-brushed-gold,$142,$173,,,https://www.thebluespace.com.au/collections/floor-wastes?sort_by=best-selling,,0.08333333333333333,0.0,0.08333333333333333,12.0
Reece,drainage,12,Stubby Floor Grate Brass Round Slotted Chrome 80mm,https://www.reece.com.au/product/plumbing-c544079/pipe-fittings-c543687/traps-wastes-grates-c544032/grates-c601916/stubby-floor-grate-brass-round-slotted-chrome-203474,$47.10,,,,https://www.reece.com.au/search/plumbing-c544079/pipe-fittings-c543687/traps-wastes-grates-c544032/grates-c601916?sortBy=POPULARITY,,0.08333333333333333,0.0,0.08333333333333333,12.0
Bunnings,drainage,12,Holman 100 x 50mm DWV PVC Floor Waste Gully,https://www.bunnings.com.au/holman-100-x-50mm-dwv-pvc-floor-waste-gully_p0285487,$22.65,,(0),Special Order,https://www.bunnings.com.au/search/products?q=floor+waste&sort=BoostOrder&page=1,285487.0,0.08333333333333333,0.0,0.08333333333333333,12.0
MyHomeware,drainage,12,Lauxes 100-5600mm Lauxes Shower Grate Drain Aluminium Slimline Tile Insert Indoor Ou...,https://www.myhomeware.com.au/products/aluminium-shower-grate-slimline-tile-insert-26-sliver,$23.00,,,,https://www.myhomeware.com.au/collections/bathroom-wastes-drains?sort_by=best-selling,LCSTIG-01+LCFG-C100S,0.08333333333333333,0.0,0.08333333333333333,12.0
The Blue Space,tapware,1,Caroma Luna Bath/Shower Mixer Chrome,https://www.thebluespace.com.au/collections/taps/products/caroma-luna-bath-shower-mixer,$129,$242,,In Stock,https://www.thebluespace.com.au/collections/taps?sort_by=best-selling,,1.0,0.0,1.0,1.0
The Blue Space,tapware,2,Caroma Luna Bath/Shower Mixer Brushed Brass,https://www.thebluespace.com.au/collections/taps/products/caroma-luna-bath-shower-mixer-brushed-brass,$152,$266,,,https://www.thebluespace.com.au/collections/taps?sort_by=best-selling,,0.5,0.0,0.5,2.0
The Blue Space,tapware,3,Caroma Liano II Bath/Shower Mixer Brushed Brass,https://www.thebluespace.com.au/collections/taps/products/caroma-liano-ii-bath-shower-mixer-brushed-brass,$195,$334,,,https://www.thebluespace.com.au/collections/taps?sort_by=best-selling,,0.3333333333333333,0.0,0.3333333333333333,3.0
The Blue Space,tapware,4,Caroma Luna Bath/Shower Mixer Brushed Nickel,https://www.thebluespace.com.au/collections/taps/products/caroma-luna-bath-shower-mixer-brushed-nickel,$154,$266,,In Stock,https://www.thebluespace.com.au/collections/taps?sort_by=best-selling,,0.25,0.0,0.25,4.0
The Blue Space,tapware,5,Caroma Luna Bath/Shower Mixer Black,https://www.thebluespace.com.au/collections/taps/products/caroma-luna-bath-shower-mixer-black,$152,$266,,In Stock,https://www.thebluespace.com.au/collections/taps?sort_by=best-selling,,0.2,0.0,0.2,5.0
The Blue Space,tapware,6,Caroma Urbane II Bath/Shower Mixer Round Brushed Brass,https://www.thebluespace.com.au/collections/taps/products/caroma-urbane-ii-bath-shower-mixer-round-brushed-brass,$186,$334,,,https://www.thebluespace.com.au/collections/taps?sort_by=best-selling,,0.16666666666666666,0.0,0.16666666666666666,6.0
The Blue Space,tapware,7,Caroma Liano II Bath/Shower Mixer Brushed Nickel,https://www.thebluespace.com.au/collections/taps/products/caroma-liano-ii-bath-shower-mixer-brushed-nickel,$195,$334,,,https://www.thebluespace.com.au/collections/taps?sort_by=best-selling,,0.14285714285714285,0.0,0.14285714285714285,7.0
The Blue Space,tapware,8,Caroma Urbane II Bath/Shower Mixer Round Brushed Nickel,https://www.thebluespace.com.au/collections/taps/products/caroma-urbane-ii-bath-shower-mixer-round-brushed-nickel,$189,$334,,In Stock,https://www.thebluespace.com.au/collections/taps?sort_by=best-selling,,0.125,0.0,0.125,8.0
The Blue Space,tapware,9,Caroma Urbane II Bath/Shower Mixer Round Chrome,https://www.thebluespace.com.au/collections/taps/products/caroma-urbane-ii-bath-shower-mixer-round-chrome,$140,$257,,In Stock,https://www.thebluespace.com.au/collections/taps?sort_by=best-selling,,0.1111111111111111,0.0,0.1111111111111111,9.0
The Blue Space,tapware,10,Caroma Liano II Wall Basin/Bath Mixer Set Brushed Brass,https://www.thebluespace.com.au/collections/taps/products/caroma-liano-ii-wall-basin-bath-mixer-set-brushed-brass,$159,$404,,In Stock,https://www.thebluespace.com.au/collections/taps?sort_by=best-selling,,0.1,0.0,0.1,10.0
The Blue Space,tapware,11,Caroma Urbane II Bath/Shower Mixer Round Matte Black,https://www.thebluespace.com.au/collections/taps/products/caroma-urbane-ii-bath-shower-mixer-round-matte-black,$162,$283,,In Stock,https://www.thebluespace.com.au/collections/taps?sort_by=best-selling,,0.09090909090909091,0.0,0.09090909090909091,11.0
The Blue Space,tapware,12,Caroma Liano II Lead Free Wall Basin/Bath Mixer Set Brushed Brass,https://www.thebluespace.com.au/collections/taps/products/caroma-liano-ii-lead-free-wall-basin-bath-mixer-set-brushed-brass,$272,$429,,,https://www.thebluespace.com.au/collections/taps?sort_by=best-selling,,0.08333333333333333,0.0,0.08333333333333333,12.0
Highgrove Bathrooms,tapware,1,SPIN Progressive Hob Mixer & 125mm Spout Set Gunmetal,https://www.highgrovebathrooms.com.au/product/spin-progressive-hob-mixer-125mm-spout-set-gunmetal/,$169.00,$360.00,,SALE,https://www.highgrovebathrooms.com.au/tapware/,SP186-125-GM,1.0,0.0,1.0,1.0
MyHomeware,tapware,1,"Shinda Suprema XpressFit Stainless Steel Retractable Swivel Wall Spout for Kitchen,...",https://www.myhomeware.com.au/products/chrome-stainless-steel-retractable-swivel-wall-spout,$359.00,,,,https://www.myhomeware.com.au/collections/best-selling-collection/bathroom-tapware,SD-SUP800RLS_CP,1.0,0.0,1.0,1.0
Highgrove Bathrooms,tapware,2,SPIN Progressive Hob Mixer Set Matte Black,https://www.highgrovebathrooms.com.au/product/spin-progressive-hob-mixer-set-matte-black/,$100.00,$212.00,,SALE,https://www.highgrovebathrooms.com.au/tapware/,SP186-MB,0.5,0.0,0.5,2.0
MyHomeware,tapware,2,Macho-FA Ottimo Bath Spout Basin Wall Mixer With Spout Water Spout Variant Colour Avai...,https://www.myhomeware.com.au/products/ottimo-basin-wall-mixer-with-spout-variant-color,$215.00,,,,https://www.myhomeware.com.au/collections/best-selling-collection/bathroom-tapware,FA0113-2,0.5,0.0,0.5,2.0
Highgrove Bathrooms,tapware,3,OLLIE Mini Basin Mixer Brushed Nickel,https://www.highgrovebathrooms.com.au/product/ollie-mini-basin-mixer-brushed-nickel/,$89.00,$139.00,,SALE,https://www.highgrovebathrooms.com.au/tapware/,OL100-BN,0.3333333333333333,0.0,0.3333333333333333,3.0
MyHomeware,tapware,3,Norico Norico Esperia Solid Brass Mixer Tap for Basins Variant Colour Available,https://www.myhomeware.com.au/products/solid-brass-short-basin-mixer-tap-variant-color,$206.00,,,,https://www.myhomeware.com.au/collections/best-selling-collection/bathroom-tapware,AQ-BT33.09,0.3333333333333333,0.0,0.3333333333333333,3.0
Highgrove Bathrooms,tapware,4,FLOW Tall Basin Mixer Chrome,https://www.highgrovebathrooms.com.au/product/flow-tall-basin-mixer-chrome/,$139.00,,,,https://www.highgrovebathrooms.com.au/tapware/,FL110-CH,0.25,0.0,0.25,4.0
MyHomeware,tapware,4,Norico G#1(Gold) Norico Round Brushed Gold 360° Swivel Pull Out Kitchen Sink Mixer Tap,https://www.myhomeware.com.au/products/brass-pull-out-swivel-kitchen-sink-mixer-tap-brushed-yellow-gold,$494.00,,,,https://www.myhomeware.com.au/collections/best-selling-collection/bathroom-tapware,KT21.04,0.25,0.0,0.25,4.0
Highgrove Bathrooms,tapware,5,SPIN In Wall Separate Diverter Kit Brushed Brass,https://www.highgrovebathrooms.com.au/product/spin-in-wall-separate-diverter-kit-brushed-brass/,$75.00,,,,https://www.highgrovebathrooms.com.au/tapware/,SP192-BB,0.2,0.0,0.2,5.0
MyHomeware,tapware,5,Norico M#1(Gunmetal Grey) Norico Euro Round Brushed Gunmetal Grey 360° Swivel Pull O...,https://www.myhomeware.com.au/products/brass-pull-out-kitchen-sink-mixer-tap-gunmetal-grey,$494.00,,,,https://www.myhomeware.com.au/collections/best-selling-collection/bathroom-tapware,KT21.06,0.2,0.0,0.2,5.0
Highgrove Bathrooms,tapware,6,SPIN In Wall Bath Spout Brushed Brass 220mm,https://www.highgrovebathrooms.com.au/product/spin-in-wall-bath-spout-brushed-brass-220mm/,$80.00,,,,https://www.highgrovebathrooms.com.au/tapware/,SP090-220-BB,0.16666666666666666,0.0,0.16666666666666666,6.0
MyHomeware,tapware,6,Norico Norico Esperia Solid Brass Wall Mixer with Spout for Bathtubs Variant Colour ...,https://www.myhomeware.com.au/products/norico-wall-mixer-with-spout-solid-brass-variant-color,$179.00,,,,https://www.myhomeware.com.au/collections/best-selling-collection/bathroom-tapware,WMT14.01,0.16666666666666666,0.0,0.16666666666666666,6.0
Highgrove Bathrooms,tapware,7,SPIN Tall Basin Mixer Brushed Nickel,https://www.highgrovebathrooms.com.au/product/spin-tall-basin-mixer-brushed-nickel/,$229.00,,,,https://www.highgrovebathrooms.com.au/tapware/,SP112-BN,0.14285714285714285,0.0,0.14285714285714285,7.0
MyHomeware,tapware,7,ACL-Ikon IKON Kara Solid Brass Basin Mixer Tap for Vanity and Sink Available In Variou...,https://www.myhomeware.com.au/products/ikon-kara-solid-brass-basin-mixer-variant-color,$179.00,,,,https://www.myhomeware.com.au/collections/best-selling-collection/bathroom-tapware,AL-HYB11-201LF-BN,0.14285714285714285,0.0,0.14285714285714285,7.0
Highgrove Bathrooms,tapware,8,EDEN In Wall Mixer Set Brushed Brass,https://www.highgrovebathrooms.com.au/product/eden-in-wall-mixer-set-brushed-brass/,$149.00,,,,https://www.highgrovebathrooms.com.au/tapware/,ED141-BB,0.125,0.0,0.125,8.0
MyHomeware,tapware,8,Macho-FA Euro Round Solid Brass Wall Spout with Mixer Variant Colour Available,https://www.myhomeware.com.au/products/euro-wall-mixer-with-spout-round-variant-color,$215.00,,,,https://www.myhomeware.com.au/collections/best-selling-collection/bathroom-tapware,FA0143-2,0.125,0.0,0.125,8.0
Highgrove Bathrooms,tapware,9,SPIN In Wall Mixer Set Brushed Brass,https://www.highgrovebathrooms.com.au/product/spin-in-wall-mixer-set-brushed-brass/,$139.00,,,,https://www.highgrovebathrooms.com.au/tapware/,SP141-BB,0.1111111111111111,0.0,0.1111111111111111,9.0
MyHomeware,tapware,9,Norico Norico Solid Brass Wall Tap Set with Mixer for Bathtub and Basin Available in...,https://www.myhomeware.com.au/products/norico-brass-wall-basin-bath-tap-set-color-available,$203.00,,,,https://www.myhomeware.com.au/collections/best-selling-collection/bathroom-tapware,WM26.05-NB+WM26-BODY+SP12.05,0.1111111111111111,0.0,0.1111111111111111,9.0
Highgrove Bathrooms,tapware,10,EDEN Basin Mixer Matte Black,https://www.highgrovebathrooms.com.au/product/eden-basin-mixer-matte-black/,$169.00,,,,https://www.highgrovebathrooms.com.au/tapware/,ED102-MB,0.1,0.0,0.1,10.0
MyHomeware,tapware,10,ACL-P&P Otus Freestanding Bath Mixer with Hand Shower Brass In Various Colour,https://www.myhomeware.com.au/products/otus-bath-mixer-with-hand-shower-various-colours,$636.00,,,,https://www.myhomeware.com.au/collections/best-selling-collection/bathroom-tapware,AL-BF2072BN,0.1,0.0,0.1,10.0
Highgrove Bathrooms,tapware,11,EDEN In Wall Bath Spout Brushed Brass 190mm,https://www.highgrovebathrooms.com.au/product/eden-in-wall-bath-spout-brushed-brass-190mm/,$119.00,,,,https://www.highgrovebathrooms.com.au/tapware/,ED090-BB,0.09090909090909091,0.0,0.09090909090909091,11.0
MyHomeware,tapware,11,ACL-P&P Ruki Solid Brass Bathtub/Basin Wall Mixer With Spout Variant Colour Available,https://www.myhomeware.com.au/products/ruki-solid-brass-wall-mixer-with-spout-variant-color,$189.00,,,,https://www.myhomeware.com.au/collections/best-selling-collection/bathroom-tapware,AL-PBS3003,0.09090909090909091,0.0,0.09090909090909091,11.0
Highgrove Bathrooms,tapware,12,EDEN In Wall Bath Spout Chrome 190mm,https://www.highgrovebathrooms.com.au/product/eden-in-wall-bath-spout-chrome-190mm/,$99.00,,,,https://www.highgrovebathrooms.com.au/tapware/,ED090-CH,0.08333333333333333,0.0,0.08333333333333333,12.0
MyHomeware,tapware,12,Fienza Fienza Lillian Solid Brass Basin/Bath Wall Set Variant Colour Available,https://www.myhomeware.com.au/products/lillian-brass-basin-bath-wall-set-variant-color,$145.00,,,,https://www.myhomeware.com.au/collections/best-selling-collection/bathroom-tapware,FN-336102,0.08333333333333333,0.0,0.08333333333333333,12.0
The Blue Space,toilets,1,Caroma Luna Cleanflush Toilet Suite,https://www.thebluespace.com.au/collections/toilets/products/caroma-luna-cleanflush-toilet-suite,$579,"$1,190",5.0,"In Stock SA, In Stock QLD, In Stock VIC, Rimless",https://www.thebluespace.com.au/collections/toilets?sort_by=best-selling,,1.0,0.0,1.0,1.0
Reece,toilets,1,Base Link Toilet Suite S Trap with Seat White (4 Star),https://www.reece.com.au/product/bathroom-c544063/toilets-c544028/toilet-suites-c543736/base-link-toilet-suite-s-trap-with-seat-white-4-9503292,$239.00,,,,https://www.reece.com.au/search/bathroom-c544063/toilets-c544028/toilet-suites-c543736?sortBy=POPULARITY&sortDirection=DESCENDING,,1.0,0.0,1.0,1.0
Highgrove Bathrooms,toilets,1,MELDON Rimless Wall Faced Toilet Suite,https://www.highgrovebathrooms.com.au/product/meldon-rimless-wall-faced-toilet-suite/,$249.00,$449.00,,SALE,https://www.highgrovebathrooms.com.au/toilets/,6066-W,1.0,0.0,1.0,1.0
Bunnings,toilets,1,Caroma Aire Concorde Connector Bottom Inlet S Trap Suite WELS 4 Star 4.5L/Full,https://www.bunnings.com.au/caroma-aire-concorde-connector-bottom-inlet-s-trap-suite-wels-4-star-4-5l-full_p4870245,$374,,(1),Special Order,https://www.bunnings.com.au/search/products?q=toilet+suite&sort=RatingDescending&page=1,4870245.0,1.0,0.0,1.0,1.0
MyHomeware,toilets,1,Macho 620x370x820mm Bathroom Rimless Toilet Suite Back To Wall White,https://www.myhomeware.com.au/products/620mm-toilet-suite-rimless-standard-height-white,$271.00,,,,https://www.myhomeware.com.au/collections/best-selling-collection/toilet-products,TS2101,1.0,0.0,1.0,1.0
The Blue Space,toilets,2,Caroma Urbane II Cleanflush Wall Faced Toilet Suite,https://www.thebluespace.com.au/collections/toilets/products/caroma-urbane-ii-cleanflush-wall-faced-toilet-suite,$694,"$1,290",2.0,"In Stock SA, In Stock QLD, In Stock, In Stock VIC, Rimless",https://www.thebluespace.com.au/collections/toilets?sort_by=best-selling,,0.5,0.0,0.5,2.0
Reece,toilets,2,Posh Solus Square Close Coupled Back to Wall Bottom Inlet Toilet Suite S&P Trap Soft Close Quick Release Seat White/Chrome (4 Star),https://www.reece.com.au/product/bathroom-c544063/toilets-c544028/toilet-suites-c543736/posh-solus-square-close-coupled-back-to-wall-9507919,$350.00,,,,https://www.reece.com.au/search/bathroom-c544063/toilets-c544028/toilet-suites-c543736?sortBy=POPULARITY&sortDirection=DESCENDING,,0.5,0.0,0.5,2.0
Highgrove Bathrooms,toilets,2,ALORA Tornado Wall Faced Toilet Suite,https://www.highgrovebathrooms.com.au/product/alora-tornado-wall-faced-toilet-suite/,$249.00,$359.00,,SALE,https://www.highgrovebathrooms.com.au/toilets/,TAL1-W,0.5,0.0,0.5,2.0
Bunnings,toilets,2,Caroma Luna Cleanflush Close Coupled Toilet Suite WELS 4 Star 4.5L/Full,https://www.bunnings.com.au/caroma-luna-cleanflush-close-coupled-toilet-suite-wels-4-star-4-5l-full_p0180846,$699,,(1),Special Order,https://www.bunnings.com.au/search/products?q=toilet+suite&sort=RatingDescending&page=1,180846.0,0.5,0.0,0.5,2.0
MyHomeware,toilets,2,Macho 670x360x850mm Bathroom Rimless Toilet Suite Comfort Height Back To Wall White,https://www.myhomeware.com.au/products/ceramic-toilet-suite-rimless-comfort-height-670mm,$318.00,,,,https://www.myhomeware.com.au/collections/best-selling-collection/toilet-products,TS2125,0.5,0.0,0.5,2.0
The Blue Space,toilets,3,Caroma Luna Wall Faced Toilet Suite,https://www.thebluespace.com.au/collections/toilets/products/caroma-luna-wall-faced-toilet-suite,$474,"$1,024",11.0,"In Stock SA, In Stock QLD, In Stock VIC",https://www.thebluespace.com.au/collections/toilets?sort_by=best-selling,,0.3333333333333333,0.0,0.3333333333333333,3.0
Reece,toilets,3,Posh Solus Round Toilet Suite Close Coupled S-Trap with Quick Release Soft Close Seat White/Chrome (4 Star),https://www.reece.com.au/product/bathroom-c544063/toilets-c544028/toilet-suites-c543736/posh-solus-round-toilet-suite-close-coupled-9502264,$295.00,,,,https://www.reece.com.au/search/bathroom-c544063/toilets-c544028/toilet-suites-c543736?sortBy=POPULARITY&sortDirection=DESCENDING,,0.3333333333333333,0.0,0.3333333333333333,3.0
Highgrove Bathrooms,toilets,3,JASPER Tornado Wall Faced Toilet Suite,https://www.highgrovebathrooms.com.au/product/jasper-tornado-wall-faced-toilet-suite/,$449.00,,,,https://www.highgrovebathrooms.com.au/toilets/,JAS1-W,0.3333333333333333,0.0,0.3333333333333333,3.0
Bunnings,toilets,3,Stylus Prima Connector P Trap Toilet Suite WELS 4 Star 4.5L/Full,https://www.bunnings.com.au/stylus-prima-connector-p-trap-toilet-suite-wels-4-star-4-5l-full_p4823164,$369.94,,(1),,https://www.bunnings.com.au/search/products?q=toilet+suite&sort=RatingDescending&page=1,4823164.0,0.3333333333333333,0.0,0.3333333333333333,3.0
MyHomeware,toilets,3,Macho 650x380x840mm Rimless Flushing Ceramic White Wall Faced Toilet Suite Soft Sea...,https://www.myhomeware.com.au/products/ceramic-toilet-suite-rimless-650mm,$262.00,,,,https://www.myhomeware.com.au/collections/best-selling-collection/toilet-products,TS2131,0.3333333333333333,0.0,0.3333333333333333,3.0
The Blue Space,toilets,4,Caroma Urbane II Cleanflush Wall Faced Invisi Series II Toilet Suite,https://www.thebluespace.com.au/collections/toilets/products/caroma-urbane-ii-cleanflush-wall-faced-invisi-series-ii-toilet-suite,$826,"$1,678",,"In Stock SA, In Stock QLD, In Stock, In Stock VIC, Rimless",https://www.thebluespace.com.au/collections/toilets?sort_by=best-selling,,0.25,0.0,0.25,4.0
Reece,toilets,4,Kado Lux Close Coupled Back to Wall Rimless Plus Overheight Back Inlet Toilet Suite with Soft Close Quick Release Seat White (4 Star),https://www.reece.com.au/product/bathroom-c544063/toilets-c544028/toilet-suites-c543736/kado-lux-close-coupled-back-to-wall-rimless-1832064,$630.00,,,,https://www.reece.com.au/search/bathroom-c544063/toilets-c544028/toilet-suites-c543736?sortBy=POPULARITY&sortDirection=DESCENDING,,0.25,0.0,0.25,4.0
Highgrove Bathrooms,toilets,4,VISTA Wall Faced Toilet Suite,https://www.highgrovebathrooms.com.au/product/vista-wall-faced-toilet-suite/,$349.00,,,,https://www.highgrovebathrooms.com.au/toilets/,6083-W,0.25,0.0,0.25,4.0
Bunnings,toilets,4,Stylus Prima Connector S Trap Toilet Suite WELS 4 Star 4.5L/Full,https://www.bunnings.com.au/stylus-prima-connector-s-trap-toilet-suite-wels-4-star-4-5l-full_p4823163,$376,,(9),,https://www.bunnings.com.au/search/products?q=toilet+suite&sort=RatingDescending&page=1,4823163.0,0.25,0.0,0.25,4.0
MyHomeware,toilets,4,Poseidon 665x380x845mm Qubist Gloss White Box Rim Back To Wall Toilet Suite Back/Left ...,https://www.myhomeware.com.au/products/qubist-gloss-white-box-rim-back-to-wall-toilet-suite,$185.00,$440.00,,,https://www.myhomeware.com.au/collections/best-selling-collection/toilet-products,PD-KDK003,0.25,0.0,0.25,4.0
The Blue Space,toilets,5,Caroma Urbane II Luxe Cleanflush Wall Faced Toilet Suite - Upgraded Seat Design,https://www.thebluespace.com.au/collections/toilets/products/caroma-urbane-ii-luxe-cleanflush-wall-faced-toilet-suite-upgraded-seat-design,$784,"$1,340",1.0,"In Stock SA, In Stock QLD, In Stock VIC, Best Seller",https://www.thebluespace.com.au/collections/toilets?sort_by=best-selling,,0.2,0.0,0.2,5.0
Reece,toilets,5,Posh Domaine Rimless Close Coupled Back to Wall Toilet Suite Back Inlet with Soft Close Quick Release Seat (4 Star),https://www.reece.com.au/product/bathroom-c544063/toilets-c544028/toilet-suites-c543736/posh-domaine-rimless-close-coupled-back-to-wall-9509218,$385.00,,,,https://www.reece.com.au/search/bathroom-c544063/toilets-c544028/toilet-suites-c543736?sortBy=POPULARITY&sortDirection=DESCENDING,,0.2,0.0,0.2,5.0
Highgrove Bathrooms,toilets,5,LANA Rimless Wall Faced Toilet Suite,https://www.highgrovebathrooms.com.au/product/lana-rimless-wall-faced-toilet-suite/,$399.00,,,,https://www.highgrovebathrooms.com.au/toilets/,6002-R-W,0.2,0.0,0.2,5.0
Bunnings,toilets,5,Caroma Profile 5 Deluxe S Trap Toilet Suite WELS 5 Star 4.5L/Full,https://www.bunnings.com.au/caroma-profile-5-deluxe-s-trap-toilet-suite-wels-5-star-4-5l-full_p4820814,$1425,,(13),Special Order,https://www.bunnings.com.au/search/products?q=toilet+suite&sort=RatingDescending&page=1,4820814.0,0.2,0.0,0.2,5.0
MyHomeware,toilets,5,Poseidon 660x395x905mm Back To Wall Toilet Suite Box Rim Back/Left and Right Bottom Inlet,https://www.myhomeware.com.au/products/660mm-gloss-white-ceramic-toilet-suite-box-rim,$200.00,$290.00,,,https://www.myhomeware.com.au/collections/best-selling-collection/toilet-products,PD-KDK021,0.2,0.0,0.2,5.0
The Blue Space,toilets,6,Caroma Urbane Wall Faced Invisi Series II Toilet Suite,https://www.thebluespace.com.au/collections/toilets/products/caroma-urbane-wall-faced-invisi-series-ii-toilet-suite,$699,"$1,904",1.0,"In Stock SA, In Stock QLD, In Stock, In Stock VIC",https://www.thebluespace.com.au/collections/toilets?sort_by=best-selling,,0.16666666666666666,0.0,0.16666666666666666,6.0
Reece,toilets,6,Caroma Luna Cleanflush Wall Faced Close Coupled Back Entry Toilet Suite with Soft Close Seat White (4 Star),https://www.reece.com.au/product/bathroom-c544063/toilets-c544028/toilet-suites-c543736/caroma-luna-cleanflush-wall-faced-close-coupled-2002618,$616.70,,,,https://www.reece.com.au/search/bathroom-c544063/toilets-c544028/toilet-suites-c543736?sortBy=POPULARITY&sortDirection=DESCENDING,,0.16666666666666666,0.0,0.16666666666666666,6.0
Highgrove Bathrooms,toilets,6,JASPER Tornado Wall Faced Toilet Suite Matte Black,https://www.highgrovebathrooms.com.au/product/jasper-tornado-wall-faced-toilet-suite-matte-black/,$649.00,,,,https://www.highgrovebathrooms.com.au/toilets/,JAS1-MB,0.16666666666666666,0.0,0.16666666666666666,6.0
Bunnings,toilets,6,Caroma Uniset II Connector P Trap Toilet Suite WELS 3 Star 6L/Full,https://www.bunnings.com.au/caroma-uniset-ii-connector-p-trap-toilet-suite-wels-3-star-6l-full_p4823152,$297,,(3),,https://www.bunnings.com.au/search/products?q=toilet+suite&sort=RatingDescending&page=1,4823152.0,0.16666666666666666,0.0,0.16666666666666666,6.0
MyHomeware,toilets,6,Macho 670x360x850mm Bathroom Rimless Tornado Toilet Suite Comfort Height Back To Wa...,https://www.myhomeware.com.au/products/670mm-ceramic-rimless-tornado-back-to-wall-toilet-suite-variant-color,$502.00,,,,https://www.myhomeware.com.au/collections/best-selling-collection/toilet-products,TS2125A-TR,0.16666666666666666,0.0,0.16666666666666666,6.0
The Blue Space,toilets,7,Caroma Luna Slim Cleanflush Toilet Suite - Upgraded Seat Design,https://www.thebluespace.com.au/collections/toilets/products/caroma-luna-slim-cleanflush-toilet-suite,$683,"$1,240",,"In Stock SA, In Stock QLD, In Stock, In Stock VIC, Best Seller",https://www.thebluespace.com.au/collections/toilets?sort_by=best-selling,,0.14285714285714285,0.0,0.14285714285714285,7.0
Reece,toilets,7,Posh Domaine Rimless Close Coupled Back to Wall Toilet Suite Bottom Inlet with Soft Close Quick Release Seat (4 Star),https://www.reece.com.au/product/bathroom-c544063/toilets-c544028/toilet-suites-c543736/posh-domaine-rimless-close-coupled-back-to-wall-9509219,$385.00,,,,https://www.reece.com.au/search/bathroom-c544063/toilets-c544028/toilet-suites-c543736?sortBy=POPULARITY&sortDirection=DESCENDING,,0.14285714285714285,0.0,0.14285714285714285,7.0
Highgrove Bathrooms,toilets,7,Concealed Pneumatic In Wall Cistern 80mm,https://www.highgrovebathrooms.com.au/product/concealed-pneumatic-in-wall-cistern-80mm/,$220.00,,,,https://www.highgrovebathrooms.com.au/toilets/,K301-Q,0.14285714285714285,0.0,0.14285714285714285,7.0
Bunnings,toilets,7,Caroma Luna Cleanflush Close Coupled Toilet Suite WELS 4 Star 4.5L/Full,https://www.bunnings.com.au/caroma-luna-cleanflush-close-coupled-toilet-suite-wels-4-star-4-5l-full_p0180848,$590,,(8),,https://www.bunnings.com.au/search/products?q=toilet+suite&sort=RatingDescending&page=1,180848.0,0.14285714285714285,0.0,0.14285714285714285,7.0
MyHomeware,toilets,7,Macho&Geberit Geberit Sigma8 Inwall Concealed Cistern and Rimless Wall Faced Toilet Pan wit...,https://www.myhomeware.com.au/products/geberit-inwall-toilet-package-rimless-wall-faced-pan,$709.00,,,,https://www.myhomeware.com.au/collections/best-selling-collection/toilet-products,Sigma8+TS2141D+UN-Sigma20KH,0.14285714285714285,0.0,0.14285714285714285,7.0
The Blue Space,toilets,8,Caroma Luna Cleanflush Invisi Series II Wall Faced Toilet Suite,https://www.thebluespace.com.au/collections/toilets/products/caroma-luna-cleanflush-invisi-series-ii-wall-faced-toilet-suite,$899,"$1,656",2.0,"In Stock SA, In Stock QLD, In Stock VIC, Rimless",https://www.thebluespace.com.au/collections/toilets?sort_by=best-selling,,0.125,0.0,0.125,8.0
Reece,toilets,8,Posh Solus Square Close Coupled Back to Wall Back Inlet Toilet Suite S&P Trap with Soft Close Quick Release Seat White/Chrome (4 Star),https://www.reece.com.au/product/bathroom-c544063/toilets-c544028/toilet-suites-c543736/posh-solus-square-close-coupled-back-to-wall-back-9505481,$350.00,,,,https://www.reece.com.au/search/bathroom-c544063/toilets-c544028/toilet-suites-c543736?sortBy=POPULARITY&sortDirection=DESCENDING,,0.125,0.0,0.125,8.0
Highgrove Bathrooms,toilets,8,VISTA Rimless Floor Pan,https://www.highgrovebathrooms.com.au/product/vista-rimless-floor-pan/,$329.00,,,,https://www.highgrovebathrooms.com.au/toilets/,TVI3-W,0.125,0.0,0.125,8.0
Bunnings,toilets,8,Stylus Jeda Connector S Trap Suite WELS 4 Star 4.5L/Full,https://www.bunnings.com.au/stylus-jeda-connector-s-trap-suite-wels-4-star-4-5l-full_p4823161,$294.68,,(2),,https://www.bunnings.com.au/search/products?q=toilet+suite&sort=RatingDescending&page=1,4823161.0,0.125,0.0,0.125,8.0
MyHomeware,toilets,8,Macho&Geberit Geberit Sigma8 Inwall Cistern with Rimless Wall Faced Toilet Pan with Push Bu...,https://www.myhomeware.com.au/products/geberit-inwall-toilet-package-rimless-wall-faced-pan-gloss-white,$699.00,,,,https://www.myhomeware.com.au/collections/best-selling-collection/toilet-products,Sigma8+TS1003D+UN-Sigma20KH,0.125,0.0,0.125,8.0
The Blue Space,toilets,9,Caroma Luna Cleanflush Close Coupled Toilet Suite,https://www.thebluespace.com.au/collections/toilets/products/caroma-luna-cleanflush-close-coupled-toilet-suite,$564,$969,2.0,"In Stock SA, In Stock QLD, In Stock VIC, Rimless",https://www.thebluespace.com.au/collections/toilets?sort_by=best-selling,,0.1111111111111111,0.0,0.1111111111111111,9.0
Reece,toilets,9,Base Link Toilet Suite P Trap with Seat White (4 Star),https://www.reece.com.au/product/bathroom-c544063/toilets-c544028/toilet-suites-c543736/base-link-toilet-suite-p-trap-with-seat-white-4-9503293,$239.00,,,,https://www.reece.com.au/search/bathroom-c544063/toilets-c544028/toilet-suites-c543736?sortBy=POPULARITY&sortDirection=DESCENDING,,0.1111111111111111,0.0,0.1111111111111111,9.0
Bunnings,toilets,9,evekare Raised Height Rimless Back To Wall Toilet Suite WELS 4 Star 4.7L/Full,https://www.bunnings.com.au/evekare-raised-height-rimless-back-to-wall-toilet-suite-wels-4-star-4-7l-full_p0182405,$415,,(23),,https://www.bunnings.com.au/search/products?q=toilet+suite&sort=RatingDescending&page=1,,0.1111111111111111,0.0,0.1111111111111111,9.0
MyHomeware,toilets,9,Macho 665x380x845mm Bathroom Back To Wall Ceramic Toilet Suite Rimless Variant Colo...,https://www.myhomeware.com.au/products/ceramic-toilet-suite-rimless-standard-height-665mm-variant-color,$338.00,,,,https://www.myhomeware.com.au/collections/best-selling-collection/toilet-products,TS2141,0.1111111111111111,0.0,0.1111111111111111,9.0
The Blue Space,toilets,10,Fienza RAK Washington Close-Coupled Toilet Suite,https://www.thebluespace.com.au/collections/toilets/products/fienza-washington-close-coupled-toilet-suite,$699,$880,,,https://www.thebluespace.com.au/collections/toilets?sort_by=best-selling,,0.1,0.0,0.1,10.0
Reece,toilets,10,Posh Solus Round Link Toilet Suite S Trap with Soft Close Seat White (4 Star),https://www.reece.com.au/product/bathroom-c544063/toilets-c544028/toilet-suites-c543736/posh-solus-round-link-toilet-suite-s-trap-with-9502975,$290.00,,,,https://www.reece.com.au/search/bathroom-c544063/toilets-c544028/toilet-suites-c543736?sortBy=POPULARITY&sortDirection=DESCENDING,,0.1,0.0,0.1,10.0
Bunnings,toilets,10,Caroma Luna Cleanflush Toilet Suite WELS 4 Star 4.5L/Full,https://www.bunnings.com.au/caroma-luna-cleanflush-toilet-suite-wels-4-star-4-5l-full_p0088812,$579,,(63),,https://www.bunnings.com.au/search/products?q=toilet+suite&sort=RatingDescending&page=1,88812.0,0.1,0.0,0.1,10.0
MyHomeware,toilets,10,Poseidon 710x390x830mm Avery Gloss Black Box Rim Back To Wall Toilet Suite Back/Left a...,https://www.myhomeware.com.au/products/avery-gloss-black-box-rim-back-to-wall-toilet-suite,$319.00,$770.00,,,https://www.myhomeware.com.au/collections/best-selling-collection/toilet-products,PD-KDK002-B,0.1,0.0,0.1,10.0
The Blue Space,toilets,11,Caroma Luna Square Cleanflush Toilet Suite,https://www.thebluespace.com.au/collections/toilets/products/caroma-luna-square-cleanflush-toilet-suite,$666,"$1,231",3.0,"In Stock SA, In Stock QLD, In Stock, In Stock VIC, Rimless",https://www.thebluespace.com.au/collections/toilets?sort_by=best-selling,,0.09090909090909091,0.0,0.09090909090909091,11.0
Reece,toilets,11,Caroma Forma Close Coupled Back to Wall Back Inlet Over Height Rimless Toilet Suite with Soft Close Quick Release Seat White (4 Star),https://www.reece.com.au/product/bathroom-c544063/toilets-c544028/toilet-suites-c543736/caroma-forma-close-coupled-back-to-wall-back-9506685,$769.00,,,AS1428 .1 / Ambulant,https://www.reece.com.au/search/bathroom-c544063/toilets-c544028/toilet-suites-c543736?sortBy=POPULARITY&sortDirection=DESCENDING,,0.09090909090909091,0.0,0.09090909090909091,11.0
Bunnings,toilets,11,FIX-A-LOO Seating Washer - Suits Caroma And Dux Cisterns - 10 Pack,https://www.bunnings.com.au/fix-a-loo-seating-washer-suits-caroma-and-dux-cisterns-10-pack_p4981573,$9.89,,(5),,https://www.bunnings.com.au/search/products?q=toilet+suite&sort=RatingDescending&page=1,4981573.0,0.09090909090909091,0.0,0.09090909090909091,11.0
MyHomeware,toilets,11,Poseidon 675x395x840mm Pola Ceramic White Box Rim Back To Wall Toilet Suite Back/Left ...,https://www.myhomeware.com.au/products/pola-white-box-rim-wall-faced-toilet-suite,$186.00,$415.00,,,https://www.myhomeware.com.au/collections/best-selling-collection/toilet-products,PD-KDK005,0.09090909090909091,0.0,0.09090909090909091,11.0
The Blue Space,toilets,12,Caroma Luna Slim Wall Faced Toilet Suite - Upgraded Seat Design,https://www.thebluespace.com.au/collections/toilets/products/caroma-luna-slim-wall-faced-toilet-suite,$564,"$1,074",,"In Stock SA, In Stock QLD, In Stock, In Stock VIC",https://www.thebluespace.com.au/collections/toilets?sort_by=best-selling,,0.08333333333333333,0.0,0.08333333333333333,12.0
Reece,toilets,12,Posh Solus Square Close Coupled Toilet Suite S Trap with Soft Close Quick Release Seat White/Chrome New (4 Star),https://www.reece.com.au/product/bathroom-c544063/toilets-c544028/toilet-suites-c543736/posh-solus-square-close-coupled-toilet-suite-s-9509511,$295.00,,,,https://www.reece.com.au/search/bathroom-c544063/toilets-c544028/toilet-suites-c543736?sortBy=POPULARITY&sortDirection=DESCENDING,,0.08333333333333333,0.0,0.08333333333333333,12.0
Bunnings,toilets,12,Caroma Luna Back To Wall Toilet Suite WELS 4 Star 4.5L/Full,https://www.bunnings.com.au/caroma-luna-back-to-wall-toilet-suite-wels-4-star-4-5l-full_p0088813,$524.98,,(27),,https://www.bunnings.com.au/search/products?q=toilet+suite&sort=RatingDescending&page=1,88813.0,0.08333333333333333,0.0,0.08333333333333333,12.0
MyHomeware,toilets,12,Macho 630x360x835mm Bathroom Rimless Back To Wall White Ceramic Toilet Suite,https://www.myhomeware.com.au/products/ceramic-toilet-suite-rimless-630mm,$238.00,$354.00,,,https://www.myhomeware.com.au/collections/best-selling-collection/toilet-products,TS2370A,0.08333333333333333,0.0,0.08333333333333333,12.0
The Blue Space,vanities,1,ADP Waverley Vanity,https://www.thebluespace.com.au/collections/bathroom-vanities-furniture/products/adp-waverley-vanity,"$1,700","$2,179",,,https://www.thebluespace.com.au/collections/bathroom-vanities-furniture?sort_by=best-selling,,1.0,0.0,1.0,1.0
Reece,vanities,1,Posh Bristol MK2 900mm Vanity Unit with Kick Centre Bowl 2 Door and 3 Right Hand Drawers 1 Taphole White,https://www.reece.com.au/vanity/9506066,$893.00,,,,https://www.reece.com.au/search/bathroom-c544063/vanities-furniture-c543728/vanity-units-c543512?sortBy=POPULARITY&sortDirection=DESCENDING,,1.0,0.0,1.0,1.0
Highgrove Bathrooms,vanities,1,OLIVER Wall Hung Hamptons Vanity 1500mm Matte White,https://www.highgrovebathrooms.com.au/product/oliver-wall-hung-hamptons-vanity-1500mm-matte-white/,$949.00,,,,https://www.highgrovebathrooms.com.au/vanities/,OLV1500-M,1.0,0.0,1.0,1.0
Bunnings,vanities,1,Artiss Dressing Table LED Makeup Mirror Stool Set 12 Bulbs Vanity Desk White,https://www.bunnings.com.au/artiss-dressing-table-led-makeup-mirror-stool-set-12-bulbs-vanity-desk-white_p0403056,$139.95,,(129),Marketplace,https://www.bunnings.com.au/search/products?q=vanity&sort=BoostOrder&page=1,403056.0,1.0,0.0,1.0,1.0
MyHomeware,vanities,1,Macho 600-1500mm Premium Bathroom Freestanding Vanity White PVC Polyurethane Cabine...,https://www.myhomeware.com.au/products/gloss-white-pvc-bathroom-freestanding-vanity,$272.00,,,,https://www.myhomeware.com.au/collections/vanities?sort_by=best-selling,MVN-PVC64LG,1.0,0.0,1.0,1.0
The Blue Space,vanities,2,Timberline Denver Shaving Cabinet,https://www.thebluespace.com.au/collections/bathroom-vanities-furniture/products/timberline-denver-shaving-cabinet-600mm-1800mm,$584,$779,,,https://www.thebluespace.com.au/collections/bathroom-vanities-furniture?sort_by=best-selling,,0.5,0.0,0.5,2.0
Reece,vanities,2,Posh Domaine 900mm Floor Mount Vanity Unit Conventional Ceramic Top,https://www.reece.com.au/vanity/2350550,"$1,070.00",,,,https://www.reece.com.au/search/bathroom-c544063/vanities-furniture-c543728/vanity-units-c543512?sortBy=POPULARITY&sortDirection=DESCENDING,,0.5,0.0,0.5,2.0
Highgrove Bathrooms,vanities,2,OLIVER Wall Hung Hamptons Vanity 1200mm Matte White,https://www.highgrovebathrooms.com.au/product/oliver-wall-hung-hamptons-vanity-1200mm-matte-white/,$799.00,,,,https://www.highgrovebathrooms.com.au/vanities/,OLV1200-M,0.5,0.0,0.5,2.0
Bunnings,vanities,2,Estilo 900mm Bathroom Vanity With SMC Basin Top And 1 Tap Hole,https://www.bunnings.com.au/estilo-900mm-bathroom-vanity-with-smc-basin-top-and-1-tap-hole_p0198169,$400,,(54),,https://www.bunnings.com.au/search/products?q=vanity&sort=BoostOrder&page=1,198169.0,0.5,0.0,0.5,2.0
MyHomeware,vanities,2,Macho 600-1500mm Premium Bathroom Freestanding Vanity Kickboard White PVC Polyureth...,https://www.myhomeware.com.au/products/pvc-freestanding-kickboard-vanity-cabinet-white,$291.00,,,,https://www.myhomeware.com.au/collections/vanities?sort_by=best-selling,MVN-PVC64LG+MMHW-P64KB,0.5,0.0,0.5,2.0
The Blue Space,vanities,3,Marquis Cove Wall Hung Vanity,https://www.thebluespace.com.au/collections/bathroom-vanities-furniture/products/marquis-cove-wall-hung-vanity,"$1,451","$1,814",,,https://www.thebluespace.com.au/collections/bathroom-vanities-furniture?sort_by=best-selling,,0.3333333333333333,0.0,0.3333333333333333,3.0
Reece,vanities,3,Posh Bristol MK2 600mm Vanity Unit with Kick Centre Bowl 2 Door 1 Taphole White,https://www.reece.com.au/vanity/2351532,$590.00,,,,https://www.reece.com.au/search/bathroom-c544063/vanities-furniture-c543728/vanity-units-c543512?sortBy=POPULARITY&sortDirection=DESCENDING,,0.3333333333333333,0.0,0.3333333333333333,3.0
Highgrove Bathrooms,vanities,3,KIMBERLEY Curved Wall Hung Vanity 1500mm Beech Finish,https://www.highgrovebathrooms.com.au/product/kimberley-curved-wall-hung-vanity-1500mm-beech-finish/,$1579.00,,,,https://www.highgrovebathrooms.com.au/vanities/,KCW1500-T,0.3333333333333333,0.0,0.3333333333333333,3.0
Bunnings,vanities,3,Estilo 600mm Vanity With Semi-Recessed Basin And 1 Tap Hole,https://www.bunnings.com.au/estilo-600mm-vanity-with-semi-recessed-basin-and-1-tap-hole_p0201095,$289,,(18),,https://www.bunnings.com.au/search/products?q=vanity&sort=BoostOrder&page=1,201095.0,0.3333333333333333,0.0,0.3333333333333333,3.0
MyHomeware,vanities,3,ABS 600-1500mm Bali Wall Hung Bathroom Floating Vanity American Oak Linear Fluted...,https://www.myhomeware.com.au/products/600-1500mm-bali-wall-hung-vanity-linear-american-oak,$546.00,,,,https://www.myhomeware.com.au/collections/vanities?sort_by=best-selling,ABS-Bali-WH600-AO,0.3333333333333333,0.0,0.3333333333333333,3.0
The Blue Space,vanities,4,Timberline Jazz Arch Shaving Cabinet,https://www.thebluespace.com.au/collections/bathroom-vanities-furniture/products/timberline-jazz-arch-shaving-cabinet-400mm,$757,"$1,009",,,https://www.thebluespace.com.au/collections/bathroom-vanities-furniture?sort_by=best-selling,,0.25,0.0,0.25,4.0
Reece,vanities,4,Posh Domaine 1200mm Floor Mount Vanity Unit Conventional Single Bowl Ceramic Top,https://www.reece.com.au/vanity/2350564,"$1,280.00",,,,https://www.reece.com.au/search/bathroom-c544063/vanities-furniture-c543728/vanity-units-c543512?sortBy=POPULARITY&sortDirection=DESCENDING,,0.25,0.0,0.25,4.0
Highgrove Bathrooms,vanities,4,EDEN Wall Hung Modular Vanity 750mm Timber Laminate,https://www.highgrovebathrooms.com.au/product/eden-wall-hung-modular-vanity-750mm-timber-laminate/,$429.00,,,,https://www.highgrovebathrooms.com.au/vanities/,VED750-T,0.25,0.0,0.25,4.0
Bunnings,vanities,4,Estilo 900mm Vinyl Wrap Freestanding Vanity - Cabinet Only,https://www.bunnings.com.au/estilo-900mm-vinyl-wrap-freestanding-vanity-cabinet-only_p4843096,$193,,(19),,https://www.bunnings.com.au/search/products?q=vanity&sort=BoostOrder&page=1,4843096.0,0.25,0.0,0.25,4.0
MyHomeware,vanities,4,Macho 600-1500mm Bathroom Premium PVC Floating Vanity Wall Hung White Cabinet,https://www.myhomeware.com.au/products/pvc-wall-hung-vanity-gloss-white-doors-drawers,$238.00,,,,https://www.myhomeware.com.au/collections/vanities?sort_by=best-selling,MVN-PVC64WH,0.25,0.0,0.25,4.0
The Blue Space,vanities,5,Timberline Sanremo Shaving Cabinet,https://www.thebluespace.com.au/collections/bathroom-vanities-furniture/products/timberline-san-remo-shaving-cabinet,$569,$758,,,https://www.thebluespace.com.au/collections/bathroom-vanities-furniture?sort_by=best-selling,,0.2,0.0,0.2,5.0
Reece,vanities,5,Posh Domaine 900mm Wall Hung Vanity Unit Conventional Ceramic Top,https://www.reece.com.au/vanity/2350543,$972.00,,,,https://www.reece.com.au/search/bathroom-c544063/vanities-furniture-c543728/vanity-units-c543512?sortBy=POPULARITY&sortDirection=DESCENDING,,0.2,0.0,0.2,5.0
Highgrove Bathrooms,vanities,5,OLIVER Wall Hung Hamptons Vanity 900mm Matte White,https://www.highgrovebathrooms.com.au/product/oliver-wall-hung-hamptons-vanity-900mm-matte-white/,$599.00,,,,https://www.highgrovebathrooms.com.au/vanities/,OLV900-M,0.2,0.0,0.2,5.0
Bunnings,vanities,5,CIBO 900mm White Narro Slimline Bathroom Vanity,https://www.bunnings.com.au/cibo-900mm-white-narro-slimline-bathroom-vanity_p0490504,$497,,(5),,https://www.bunnings.com.au/search/products?q=vanity&sort=BoostOrder&page=1,490504.0,0.2,0.0,0.2,5.0
MyHomeware,vanities,5,Macho 600-900mm Narrow Premium Bathroom Freestanding Vanity White PVC Polyurethane ...,https://www.myhomeware.com.au/products/pvc-narrow-premium-freestanding-vanity-white,$260.00,,,,https://www.myhomeware.com.au/collections/vanities?sort_by=best-selling,MVN-PVC63LLG,0.2,0.0,0.2,5.0
The Blue Space,vanities,6,Timberline Havana Shaving Cabinet,https://www.thebluespace.com.au/collections/bathroom-vanities-furniture/products/timberline-havana-shaving-cabinet,$746,$995,,,https://www.thebluespace.com.au/collections/bathroom-vanities-furniture?sort_by=best-selling,,0.16666666666666666,0.0,0.16666666666666666,6.0
Reece,vanities,6,Posh Bristol MK2 Vanity Top Only Centre Bowl 1 Taphole 900mm White,https://www.reece.com.au/product/bathroom-c544063/vanities-furniture-c543728/vanity-units-c543512/posh-bristol-mk2-vanity-top-only-centre-bowl-1-2310912,$334.00,,,,https://www.reece.com.au/search/bathroom-c544063/vanities-furniture-c543728/vanity-units-c543512?sortBy=POPULARITY&sortDirection=DESCENDING,,0.16666666666666666,0.0,0.16666666666666666,6.0
Highgrove Bathrooms,vanities,6,ROCCO Wall Hung Vanity 1200mm White Oak Timber,https://www.highgrovebathrooms.com.au/product/rocco-wall-hung-vanity-1200mm-white-oak-timber/,$1499.00,,,,https://www.highgrovebathrooms.com.au/vanities/,ROW1200-T,0.16666666666666666,0.0,0.16666666666666666,6.0
Bunnings,vanities,6,CIBO 900mm Coast Veneer Tonic Full Height Bathroom Vanity,https://www.bunnings.com.au/cibo-900mm-coast-veneer-tonic-full-height-bathroom-vanity_p0138271,$699,,(11),,https://www.bunnings.com.au/search/products?q=vanity&sort=BoostOrder&page=1,138271.0,0.16666666666666666,0.0,0.16666666666666666,6.0
MyHomeware,vanities,6,Fienza Fienza 600/750/900/1200mm Freestanding Kickboard Vanity Gloss White MDF Board...,https://www.myhomeware.com.au/products/single-bowl-freestanding-kickboard-mdf-board-solid-door-vanity-gloss-white,$415.00,$485.00,,,https://www.myhomeware.com.au/collections/vanities?sort_by=best-selling,FN-60EKW,0.16666666666666666,0.0,0.16666666666666666,6.0
The Blue Space,vanities,7,Ingrain Curved Fluted Wall Hung Vanity,https://www.thebluespace.com.au/collections/bathroom-vanities-furniture/products/ingrain-curved-fluted-wall-hung-vanity,"$1,183","$1,479",,"Free Shipping, In Stock, In Stock QLD",https://www.thebluespace.com.au/collections/bathroom-vanities-furniture?sort_by=best-selling,,0.14285714285714285,0.0,0.14285714285714285,7.0
Reece,vanities,7,Posh Domaine 400mm Mini Wall Hung Vanity Unit Ceramic Top,https://www.reece.com.au/vanity/2350875,$699.00,,,,https://www.reece.com.au/search/bathroom-c544063/vanities-furniture-c543728/vanity-units-c543512?sortBy=POPULARITY&sortDirection=DESCENDING,,0.14285714285714285,0.0,0.14285714285714285,7.0
Highgrove Bathrooms,vanities,7,AMALFI Floor Mount Vanity 600mm Gloss White,https://www.highgrovebathrooms.com.au/product/amalfi-floor-mount-vanity-600mm-gloss-white/,$349.00,,,,https://www.highgrovebathrooms.com.au/vanities/,AMA600-W,0.14285714285714285,0.0,0.14285714285714285,7.0
Bunnings,vanities,7,CIBO 1200mm White Tonic Full Height Vanity,https://www.bunnings.com.au/cibo-1200mm-white-tonic-full-height-vanity_p0138267,$948,,(6),,https://www.bunnings.com.au/search/products?q=vanity&sort=BoostOrder&page=1,138267.0,0.14285714285714285,0.0,0.14285714285714285,7.0
MyHomeware,vanities,7,Macho 600-900mm Narrow Premium Bathroom Freestanding Kickboard Vanity White PVC Pol...,https://www.myhomeware.com.au/products/narrow-kickboard-vanity-pvc-cabinet-white,$275.00,,,,https://www.myhomeware.com.au/collections/vanities?sort_by=best-selling,MVN-PVC63LLG+MMHW-P63KB,0.14285714285714285,0.0,0.14285714285714285,7.0
The Blue Space,vanities,8,Timberline Nevada Plus Wall Hung Vanity with Above Counter Basin,https://www.thebluespace.com.au/collections/bathroom-vanities-furniture/products/timberline-nevada-plus-wall-hung-vanity-750mm-1800mm-with-above-counter-basin,"$1,499","$1,998",,,https://www.thebluespace.com.au/collections/bathroom-vanities-furniture?sort_by=best-selling,,0.125,0.0,0.125,8.0
Reece,vanities,8,Posh Solus 485mm Powder Room Vanity Unit Left Hand Bowl 1 Taphole White,https://www.reece.com.au/product/bathroom-c544063/vanities-furniture-c543728/vanity-units-c543512/posh-solus-485mm-powder-room-vanity-unit-left-hand-9508209,$655.00,,,,https://www.reece.com.au/search/bathroom-c544063/vanities-furniture-c543728/vanity-units-c543512?sortBy=POPULARITY&sortDirection=DESCENDING,,0.125,0.0,0.125,8.0
Highgrove Bathrooms,vanities,8,COMO Floor Mount Vanity 900mm Timber Laminate,https://www.highgrovebathrooms.com.au/product/como-floor-mount-vanity-900mm-timber-laminate/,$749.00,,,,https://www.highgrovebathrooms.com.au/vanities/,CM900-T,0.125,0.0,0.125,8.0
Bunnings,vanities,8,Estilo 450mm Vanity with Semi-Recessed Basin and 1 Tap Hole,https://www.bunnings.com.au/estilo-450mm-vanity-with-semi-recessed-basin-and-1-tap-hole_p0198172,$206,,(9),,https://www.bunnings.com.au/search/products?q=vanity&sort=BoostOrder&page=1,198172.0,0.125,0.0,0.125,8.0
MyHomeware,vanities,8,MCH Custom Bathroom Vanity Doors Drawers Multi-Colour Cabinet Only,https://www.myhomeware.com.au/products/custom-bathroom-vanity-multi-colour-cabinet-only,$0.00,,,,https://www.myhomeware.com.au/collections/vanities?sort_by=best-selling,MCH-Custom,0.125,0.0,0.125,8.0
The Blue Space,vanities,9,Timberline Church Shaving Cabinet 400mm,https://www.thebluespace.com.au/collections/bathroom-vanities-furniture/products/timberline-church-shaving-cabinet,$799,"$1,065",,,https://www.thebluespace.com.au/collections/bathroom-vanities-furniture?sort_by=best-selling,,0.1111111111111111,0.0,0.1111111111111111,9.0
Reece,vanities,9,Posh Solus Vanity 1200mm Floor Mount Solid Surface Oak Finish,https://www.reece.com.au/product/bathroom-c544063/vanities-furniture-c543728/vanity-units-c543512/posh-solus-vanity-1200mm-floor-mount-solid-12380,"$1,102.00",,,,https://www.reece.com.au/search/bathroom-c544063/vanities-furniture-c543728/vanity-units-c543512?sortBy=POPULARITY&sortDirection=DESCENDING,,0.1111111111111111,0.0,0.1111111111111111,9.0
Highgrove Bathrooms,vanities,9,KIMBERLEY Curved Wall Hung Vanity 900mm Beech Finish,https://www.highgrovebathrooms.com.au/product/kimberley-curved-wall-hung-vanity-900mm-beech-finish/,$1169.00,,,,https://www.highgrovebathrooms.com.au/vanities/,KCW900-T,0.1111111111111111,0.0,0.1111111111111111,9.0
Bunnings,vanities,9,CIBO 750mm White Tonic Full Height Bathroom Vanity,https://www.bunnings.com.au/cibo-750mm-white-tonic-full-height-bathroom-vanity_p0138265,$617,,(10),,https://www.bunnings.com.au/search/products?q=vanity&sort=BoostOrder&page=1,138265.0,0.1111111111111111,0.0,0.1111111111111111,9.0
MyHomeware,vanities,9,Poseidon-CETO 600-1500mm Brindabella Wall Hung Bathroom Floating Vanity Matt White PVC Boar...,https://www.myhomeware.com.au/products/600-1500mm-brindabella-wall-hung-bathroom-floating-vanity-matt-white-pvc-board-cabinet,$409.00,,,,https://www.myhomeware.com.au/collections/vanities?sort_by=best-selling,PD-CB64W-MW,0.1111111111111111,0.0,0.1111111111111111,9.0
The Blue Space,vanities,10,ADP Clifton Vanity,https://www.thebluespace.com.au/collections/bathroom-vanities-furniture/products/adp-clifton-vanity,"$1,599","$1,999",,,https://www.thebluespace.com.au/collections/bathroom-vanities-furniture?sort_by=best-selling,,0.1,0.0,0.1,10.0
Reece,vanities,10,Posh Domaine 750mm Wall Hung Vanity Unit Conventional Ceramic Top,https://www.reece.com.au/vanity/2350529,$908.00,,,,https://www.reece.com.au/search/bathroom-c544063/vanities-furniture-c543728/vanity-units-c543512?sortBy=POPULARITY&sortDirection=DESCENDING,,0.1,0.0,0.1,10.0
Highgrove Bathrooms,vanities,10,KIMBERLEY Curved Wall Hung Vanity 1200mm Beech Finish,https://www.highgrovebathrooms.com.au/product/kimberley-curved-wall-hung-vanity-1200mm-beech-finish/,$1324.00,,,,https://www.highgrovebathrooms.com.au/vanities/,KCW1200-T,0.1,0.0,0.1,10.0
Bunnings,vanities,10,Luxsuite Dressing Table Set with Mirror Makeup Dresser Vanity,https://www.bunnings.com.au/luxsuite-dressing-table-set-with-mirror-makeup-dresser-vanity_p0664156,$229.95,,(1),Marketplace,https://www.bunnings.com.au/search/products?q=vanity&sort=BoostOrder&page=1,664156.0,0.1,0.0,0.1,10.0
MyHomeware,vanities,10,Macho 600-900mm Narrow Premium Bathroom Wall Hung Vanity White PVC Cabinet ONLY & C...,https://www.myhomeware.com.au/products/narrow-pvc-wall-hung-vanity-gloss-white,$248.00,,,,https://www.myhomeware.com.au/collections/vanities?sort_by=best-selling,MVN-PVC63WH,0.1,0.0,0.1,10.0
The Blue Space,vanities,11,Ingrain Grooved Wall Hung Vanity,https://www.thebluespace.com.au/collections/bathroom-vanities-furniture/products/ingrain-grooved-wall-hung-timber-veneer-bathroom-vanity,"$1,060","$1,413",,"Free Shipping, In Stock",https://www.thebluespace.com.au/collections/bathroom-vanities-furniture?sort_by=best-selling,,0.09090909090909091,0.0,0.09090909090909091,11.0
Reece,vanities,11,Posh Domaine 900mm Wall Hung Twin Vanity Unit All-Drawer Ceramic Top,https://www.reece.com.au/vanity/2350667,"$1,560.00",,,,https://www.reece.com.au/search/bathroom-c544063/vanities-furniture-c543728/vanity-units-c543512?sortBy=POPULARITY&sortDirection=DESCENDING,,0.09090909090909091,0.0,0.09090909090909091,11.0
Highgrove Bathrooms,vanities,11,BARCLAY Wall Hung Vanity 1200mm Acacia Timber Veneer,https://www.highgrovebathrooms.com.au/product/barclay-wall-hung-vanity-1200mm-acacia-timber-veneer/,$1399.00,,,,https://www.highgrovebathrooms.com.au/vanities/,BAR1200-T,0.09090909090909091,0.0,0.09090909090909091,11.0
Bunnings,vanities,11,CIBO 900mm Coast Veneer Tonic Wall Hung Vanity,https://www.bunnings.com.au/cibo-900mm-coast-veneer-tonic-wall-hung-vanity_p0138260,$690,,(8),,https://www.bunnings.com.au/search/products?q=vanity&sort=BoostOrder&page=1,138260.0,0.09090909090909091,0.0,0.09090909090909091,11.0
MyHomeware,vanities,11,Poseidon-CETO 600-1500mm Harrington Freestanding Vanity with Legs Matt White PVC Cabinet ON...,https://www.myhomeware.com.au/products/harrington-freestanding-vanity-with-legs-matt-white-pvc-cabinet,$470.00,,,,https://www.myhomeware.com.au/collections/vanities?sort_by=best-selling,PD-CH64L-MW,0.09090909090909091,0.0,0.09090909090909091,11.0
The Blue Space,vanities,12,ADP Gloss Silk Shaving Cabinet,https://www.thebluespace.com.au/collections/bathroom-vanities-furniture/products/adp-gloss-silk-shaving-cabinet-500mm-1800mm,$407,$509,,,https://www.thebluespace.com.au/collections/bathroom-vanities-furniture?sort_by=best-selling,,0.08333333333333333,0.0,0.08333333333333333,12.0
Reece,vanities,12,Posh Domaine 750mm Ensuite Floor Mount Vanity Unit Ceramic Top,https://www.reece.com.au/vanity/2350760,"$1,030.00",,,,https://www.reece.com.au/search/bathroom-c544063/vanities-furniture-c543728/vanity-units-c543512?sortBy=POPULARITY&sortDirection=DESCENDING,,0.08333333333333333,0.0,0.08333333333333333,12.0
Highgrove Bathrooms,vanities,12,BOSTON Floor Mount Vanity 1200mm Matte White,https://www.highgrovebathrooms.com.au/product/boston-floor-mount-vanity-1200mm-matte-white/,$1299.00,,,,https://www.highgrovebathrooms.com.au/vanities/,BTF1200-M,0.08333333333333333,0.0,0.08333333333333333,12.0
Bunnings,vanities,12,Oikiture Dressing Table Large Makeup Mirror Vanity Desk 10 LED Bulbs White,https://www.bunnings.com.au/oikiture-dressing-table-large-makeup-mirror-vanity-desk-10-led-bulbs-white_p0693601,$322.91,,(1),Marketplace,https://www.bunnings.com.au/search/products?q=vanity&sort=BoostOrder&page=1,693601.0,0.08333333333333333,0.0,0.08333333333333333,12.0
MyHomeware,vanities,12,ABS 600-1500mm Wall Hung Vanity Fluted Style American Oak Color PVC Coating,https://www.myhomeware.com.au/products/vienna-wall-hung-vanity-american-oak,$500.00,,,,https://www.myhomeware.com.au/collections/vanities?sort_by=best-selling,ABS-Vienna-WH600-AO,0.08333333333333333,0.0,0.08333333333333333,12.0
