Company Name,Profile Page URL,External Website URL
"janssen-haus"" Psychiatrische Tagesklinik Hamburg-Mitte GmbH Ein Unternehmen des Universitätsklinium",https://www.weltzentrum-der-medizintechnik.de/profil/%2522janssenhaus%2522+Psychiatrische+Tagesklinik+HamburgMitte+GmbH+Ein+Unternehmen+des+Universitaetsklinium-11293/ueber,https://www.uke.de/organisationsstruktur/-tochtergesellschaften/janssen-haus/index.html
Ökumenische Hainich Klinikum gGmbH,https://www.weltzentrum-der-medizintechnik.de/profil/%25C3%2596kumenische+Hainich+Klinikum+gGmbH-11164/ueber,https://www.oehk.de
Ökumenisches Hainich Klinikum - Tagesklinik Eisenach,https://www.weltzentrum-der-medizintechnik.de/profil/%25C3%2596kumenisches+Hainich+Klinikum++Tagesklinik+Eisenach-11166/ueber,https://www.oehk.de
1.Wenz-Mechanik GmbH,https://www.weltzentrum-der-medizintechnik.de/profil/1.WenzMechanik+GmbH-818/ueber,http://www.wenz-mechanik.de
1A Medizintechnik GmbH,https://www.weltzentrum-der-medizintechnik.de/profil/1A+Medizintechnik+GmbH-819/ueber,http://www.1a-medizintechnik.de
1stQ Deutschland GmbH,https://www.weltzentrum-der-medizintechnik.de/profil/1stQ+Deutschland+GmbH-512/ueber,https://www.1stq.de/
2E mechatronic GmbH & Co. KG,https://www.weltzentrum-der-medizintechnik.de/profil/2E+mechatronic+GmbH+%2526+Co.+KG-163/ueber,http://www.2e-mechatronic.de/
310KLINIK GmbH,https://www.weltzentrum-der-medizintechnik.de/profil/310KLINIK+GmbH-9283/ueber,http://www.310klinik.com
3D Eyes Computervisualisierung,https://www.weltzentrum-der-medizintechnik.de/profil/3D+Eyes+Computervisualisierung-403/ueber,http://www.medical.3d-eyes.de
3D-LABS GmbH,https://www.weltzentrum-der-medizintechnik.de/profil/3DLABS+GmbH-214/ueber,http://www.3d-labs.de
3D-MODEL GmbH,https://www.weltzentrum-der-medizintechnik.de/profil/3DMODEL+GmbH-11436/ueber,https://www.3d-model.com/de-de/
3DPS Censor GmbH,https://www.weltzentrum-der-medizintechnik.de/profil/3DPS+Censor+GmbH-807/ueber,https://www.3dps.biz/
3D-Printerstore.ch,https://www.weltzentrum-der-medizintechnik.de/profil/3DPrinterstore.ch-773/ueber,http://www.3d-printerstore.ch
4D SOLUTION,https://www.weltzentrum-der-medizintechnik.de/profil/4D+SOLUTION-820/ueber,http://www.4d-solution.de
4base lab AG,https://www.weltzentrum-der-medizintechnik.de/profil/4base+lab+AG-366/ueber,http://www.4base-lab.de
8sens.biognostic GmbH,https://www.weltzentrum-der-medizintechnik.de/profil/8sens.biognostic+GmbH-821/ueber,http://www.biognostic.de
A & W Mauthe GmbH & Co. KG,https://www.weltzentrum-der-medizintechnik.de/profil/A+%2526+W+Mauthe+GmbH+%2526+Co.+KG-672/ueber,http://www.mauthe-drehteile.de
A. HANDTE MEDIZINTECHNIK GMBH & CO. KG,https://www.weltzentrum-der-medizintechnik.de/profil/A.+HANDTE+MEDIZINTECHNIK+GMBH+%2526+CO.+KG-129/ueber,http://www.ahandte.de/
A. Leibinger Medizin-Technik,https://www.weltzentrum-der-medizintechnik.de/profil/A.+Leibinger+MedizinTechnik-822/ueber,http://www.leibinger-medizintechnik.de
A. Milazzo Medizintechnik GmbH,https://www.weltzentrum-der-medizintechnik.de/profil/A.+Milazzo+Medizintechnik+GmbH-172/ueber,http://www.milazzo-medizintechnik.de/
A.M.I. Agency for Medical Innovations Deutschland GmbH,https://www.weltzentrum-der-medizintechnik.de/profil/A.M.I.+Agency+for+Medical+Innovations+Deutschland+GmbH-823/ueber,http://www.ami-deu.de
A.M.I. GmbH,https://www.weltzentrum-der-medizintechnik.de/profil/A.M.I.+GmbH-539/ueber,http://www.ami.at
A.R.C. Laser GmbH,https://www.weltzentrum-der-medizintechnik.de/profil/A.R.C.+Laser+GmbH-825/ueber,http://www.arclaser.de
AAC PRAXISBERATUNG AG,https://www.weltzentrum-der-medizintechnik.de/profil/AAC+PRAXISBERATUNG+AG-829/ueber,http://www.kottmannsoeffge.de
ABAXIS Europe GmbH,https://www.weltzentrum-der-medizintechnik.de/profil/ABAXIS+Europe+GmbH-833/ueber,http://www.abaxis.com
AB-CT – ADVANCED BREAST-CT GMBH,https://www.weltzentrum-der-medizintechnik.de/profil/ABCT+%25E2%2580%2593+ADVANCED+BREASTCT+GMBH-832/ueber,http://www.ab-ct.com
ABW Medizin und Technik GmbH,https://www.weltzentrum-der-medizintechnik.de/profil/ABW+Medizin+und+Technik+GmbH-838/ueber,http://www.abw-medizintechnik.de
ACANDIS GmbH,https://www.weltzentrum-der-medizintechnik.de/profil/ACANDIS+GmbH-742/ueber,http://www.acandis.com
ACEOS GmbH,https://www.weltzentrum-der-medizintechnik.de/profil/ACEOS+GmbH-839/ueber,http://www.aceos.com
ACM Fontane Electronic GmbH,https://www.weltzentrum-der-medizintechnik.de/profil/ACM+Fontane+Electronic+GmbH-844/ueber,http://www.fontane-acm.com
ACTO GmbH,https://www.weltzentrum-der-medizintechnik.de/profil/ACTO+GmbH-846/ueber,http://www.actogmbh.com
ACURA Kliniken Albstadt GmbH,https://www.weltzentrum-der-medizintechnik.de/profil/ACURA+Kliniken+Albstadt+GmbH-10808/ueber,https://www.acura-kliniken-albstadt.de/
ACURA Kliniken Baden-Baden GmbH,https://www.weltzentrum-der-medizintechnik.de/profil/ACURA+Kliniken+BadenBaden+GmbH-9284/ueber,http://www.acura-kliniken.com
ADELHELM Kunststoffbeschichtungen GmbH,https://www.weltzentrum-der-medizintechnik.de/profil/ADELHELM+Kunststoffbeschichtungen+GmbH-362/ueber,https://www.adelhelm.de/
ADM Zerspanungstechnik GmbH,https://www.weltzentrum-der-medizintechnik.de/profil/ADM+Zerspanungstechnik+GmbH-849/ueber,http://www.adm-w.de/frames/frame_index.htm
ADMI Medizintechnik,https://www.weltzentrum-der-medizintechnik.de/profil/ADMI+Medizintechnik-850/ueber,http://www.admi.de
ADT Angst Drehteile GmbH & Co. KG,https://www.weltzentrum-der-medizintechnik.de/profil/ADT+Angst+Drehteile+GmbH+%2526+Co.+KG-281/ueber,http://www.angst-drehteile.de
ADVA Optical Networking SE,https://www.weltzentrum-der-medizintechnik.de/profil/ADVA+Optical+Networking+SE-852/ueber,https://www.adva.com/en
AFK Andreas Franke Kunststoffverarbeitung GmbH & Co. KG,https://www.weltzentrum-der-medizintechnik.de/profil/AFK+Andreas+Franke+Kunststoffverarbeitung+GmbH+%2526+Co.+KG-857/ueber,http://www.afk-kunststoff.de
AGAPLESION BETHANIEN KRANKENHAUS,https://www.weltzentrum-der-medizintechnik.de/profil/AGAPLESION+BETHANIEN+KRANKENHAUS-9450/ueber,http://www.bethanien-krankenhaus.de/
AGAPLESION BETHESDA KRANKENHAUS WUPPERTAL gemeinnützige GmbH,https://www.weltzentrum-der-medizintechnik.de/profil/AGAPLESION+BETHESDA+KRANKENHAUS+WUPPERTAL+gemeinnuetzige+GmbH-9454/ueber,http://www.bethesda-wuppertal.de/
AGAPLESION DIAKONIEKLINIKUM ROTENBURG gemeinnützige GmbH,https://www.weltzentrum-der-medizintechnik.de/profil/AGAPLESION+DIAKONIEKLINIKUM+ROTENBURG+gemeinnuetzige+GmbH-9557/ueber,http://www.diako-online.de
AGAPLESION DIAKONIEKRANKENHAUS SEEHAUSEN,https://www.weltzentrum-der-medizintechnik.de/profil/AGAPLESION+DIAKONIEKRANKENHAUS+SEEHAUSEN-9229/ueber,http://dkhseehausen.de
AGAPLESION EV. BATHILDISKRANKENHAUS gemeinnützige GmbH,https://www.weltzentrum-der-medizintechnik.de/profil/AGAPLESION+EV.+BATHILDISKRANKENHAUS+gemeinnuetzige+GmbH-9431/ueber,http://www.bathildis.de
AGAPLESION EV. KLINIKUM SCHAUMBURG,https://www.weltzentrum-der-medizintechnik.de/profil/AGAPLESION+EV.+KLINIKUM+SCHAUMBURG-10910/ueber,https://www.ev-klinikum-schaumburg.de
AGAPLESION EVANGELISCHES KRANKENHAUS HOLZMINDEN,https://www.weltzentrum-der-medizintechnik.de/profil/AGAPLESION+EVANGELISCHES+KRANKENHAUS+HOLZMINDEN-9649/ueber,http://www.evk-holzminden.de/
AGAPLESION Evangelisches Krankenhaus Mittelhessen,https://www.weltzentrum-der-medizintechnik.de/profil/AGAPLESION+Evangelisches+Krankenhaus+Mittelhessen-9611/ueber,http://www.ekm-gi.de/
AGAPLESION KRANKENHAUS NEU BETHLEHEM gGmbH,https://www.weltzentrum-der-medizintechnik.de/profil/AGAPLESION+KRANKENHAUS+NEU+BETHLEHEM+gGmbH-10381/ueber,http://www.neubethlehem.de
AGAPLESION Pneumologische Klinik Waldhof Elgershausen,https://www.weltzentrum-der-medizintechnik.de/profil/AGAPLESION+Pneumologische+Klinik+Waldhof+Elgershausen-10121/ueber,http://www.klinik-waldhof.de
AGKAMED GmbH,https://www.weltzentrum-der-medizintechnik.de/profil/AGKAMED+GmbH-861/ueber,http://www.agkamed.de
AIR LIQUIDE Medical GmbH,https://www.weltzentrum-der-medizintechnik.de/profil/AIR+LIQUIDE+Medical+GmbH-617/ueber,http://www.airliquide-healthcare.de
AIRAmed GmbH,https://www.weltzentrum-der-medizintechnik.de/profil/AIRAmed+GmbH-2413/ueber,
AJZ Jandt-Zdebik,https://www.weltzentrum-der-medizintechnik.de/profil/AJZ+JandtZdebik-864/ueber,http://jandtzdebik.npage.de
AKAZEN GmbH,https://www.weltzentrum-der-medizintechnik.de/profil/AKAZEN+GmbH-865/ueber,http://www.akazen.de
AKG Klinik Parchim GmbH,https://www.weltzentrum-der-medizintechnik.de/profil/AKG+Klinik+Parchim+GmbH-9386/ueber,http://www.asklepios.com/parchim
AKK Altonaer Kinderkrankenhaus gGmbH,https://www.weltzentrum-der-medizintechnik.de/profil/AKK+Altonaer+Kinderkrankenhaus+gGmbH-10780/ueber,https://kinderkrankenhaus.net
AKM Vertriebs-GmbH,https://www.weltzentrum-der-medizintechnik.de/profil/AKM+VertriebsGmbH-866/ueber,https://www.akm-magdeburg.de/
AKULA Medizintechnik GmbH,https://www.weltzentrum-der-medizintechnik.de/profil/AKULA+Medizintechnik+GmbH-869/ueber,http://www.akula.de
ALCON Pharma GmbH,https://www.weltzentrum-der-medizintechnik.de/profil/ALCON+Pharma+GmbH-395/ueber,https://www.de.alcon.com/
ALLMEDT Allgemeine Medizintechnik GmbH & Co. KG,https://www.weltzentrum-der-medizintechnik.de/profil/ALLMEDT+Allgemeine+Medizintechnik+GmbH+%2526+Co.+KG-875/ueber,http://www.allmedt.de
ALLTEC GmbH,https://www.weltzentrum-der-medizintechnik.de/profil/ALLTEC+GmbH-359/ueber,https://www.fobalaser.com/
ALPO TECHNIK MEDICAL PRODUCTS GmbH & Co. KG,https://www.weltzentrum-der-medizintechnik.de/profil/ALPO+TECHNIK+MEDICAL+PRODUCTS+GmbH+%2526+Co.+KG-880/ueber,http://www.alpo-med.de
AL-PRO Gerd Böhm GmbH,https://www.weltzentrum-der-medizintechnik.de/profil/ALPRO+Gerd+Boehm+GmbH-11420/ueber,http://www.al-pro-gmbh.de
ALTATEC GMBH,https://www.weltzentrum-der-medizintechnik.de/profil/ALTATEC+GMBH-881/ueber,http://www.altatec.de
ALTEN GmbH,https://www.weltzentrum-der-medizintechnik.de/profil/ALTEN+GmbH-882/ueber,http://www.de.alten.com
AMEOS Klinikum Alfeld,https://www.weltzentrum-der-medizintechnik.de/profil/AMEOS+Klinikum+Alfeld-10815/ueber,https://www.ameos.eu/standorte/ameos-west/alfeld/
AMEOS Klinikum Am Bürgerpark Bremerhaven,https://www.weltzentrum-der-medizintechnik.de/profil/AMEOS+Klinikum+Am+Buergerpark+Bremerhaven-9336/ueber,http://www.ameos.eu/standorte/ameos-west/bremerhaven/ameos-klinikum-am-buergerpark-bremerhaven/
AMEOS Klinikum Aschersleben,https://www.weltzentrum-der-medizintechnik.de/profil/AMEOS+Klinikum+Aschersleben-10813/ueber,https://www.ameos.eu/standorte/ameos-ost/aschersleben/ameos-klinikum-aschersleben/
AMEOS Klinikum Dr. Heines Bremen,https://www.weltzentrum-der-medizintechnik.de/profil/AMEOS+Klinikum+Dr.+Heines+Bremen-10817/ueber,https://www.ameos.eu/standorte/ameos-west/bremen/ameos-klinikum-dr-heines-bremen/
AMEOS Klinikum Dr. Spernau Bad Salzuflen,https://www.weltzentrum-der-medizintechnik.de/profil/AMEOS+Klinikum+Dr.+Spernau+Bad+Salzuflen-10816/ueber,https://www.ameos.eu/standorte/ameos-west/bad-salzuflen/ameos-klinikum-dr-spernau-bad-salzuflen/
AMEOS Klinikum Eutin,https://www.weltzentrum-der-medizintechnik.de/profil/AMEOS+Klinikum+Eutin-9320/ueber,http://www.ameos.eu
AMEOS Klinikum Halberstadt,https://www.weltzentrum-der-medizintechnik.de/profil/AMEOS+Klinikum+Halberstadt-9335/ueber,http://www.ameos.eu/standorte/ameos-ost/halberstadt/
AMEOS Klinikum Haldensleben,https://www.weltzentrum-der-medizintechnik.de/profil/AMEOS+Klinikum+Haldensleben-9328/ueber,http://www.ameos.eu
AMEOS Klinikum Hameln,https://www.weltzentrum-der-medizintechnik.de/profil/AMEOS+Klinikum+Hameln-10819/ueber,https://www.ameos.eu/standorte/ameos-west/hameln/ameos-klinikum-hameln/
AMEOS Klinikum Heiligenhafen,https://www.weltzentrum-der-medizintechnik.de/profil/AMEOS+Klinikum+Heiligenhafen-9321/ueber,http://www.ameos.eu
AMEOS Klinikum Hildesheim,https://www.weltzentrum-der-medizintechnik.de/profil/AMEOS+Klinikum+Hildesheim-10820/ueber,https://www.ameos.eu/standorte/ameos-west/hildesheim/
AMEOS Klinikum Inntal,https://www.weltzentrum-der-medizintechnik.de/profil/AMEOS+Klinikum+Inntal-9223/ueber,http://ameos.eu
AMEOS Klinikum Lübeck,https://www.weltzentrum-der-medizintechnik.de/profil/AMEOS+Klinikum+Luebeck-9323/ueber,http://www.ameos.eu
AMEOS Klinikum Mitte Bremerhaven,https://www.weltzentrum-der-medizintechnik.de/profil/AMEOS+Klinikum+Mitte+Bremerhaven-9337/ueber,http://www.ameos.eu/standorte/ameos-west/bremerhaven/ameos-klinikum-st-joseph-bremerhaven/
AMEOS Klinikum Neustadt,https://www.weltzentrum-der-medizintechnik.de/profil/AMEOS+Klinikum+Neustadt-9324/ueber,https://www.ameos.eu/
AMEOS Klinikum Oldenburg,https://www.weltzentrum-der-medizintechnik.de/profil/AMEOS+Klinikum+Oldenburg-9325/ueber,https://www.ameos.eu/
AMEOS Klinikum Osnabrück,https://www.weltzentrum-der-medizintechnik.de/profil/AMEOS+Klinikum+Osnabrueck-9338/ueber,http://www.ameos.eu/standorte/ameos-west/osnabrueck/
AMEOS Klinikum Preetz,https://www.weltzentrum-der-medizintechnik.de/profil/AMEOS+Klinikum+Preetz-9327/ueber,https://www.ameos.eu/
AMEOS Klinikum Schönebeck,https://www.weltzentrum-der-medizintechnik.de/profil/AMEOS+Klinikum+Schoenebeck-9334/ueber,http://www.ameos.eu/klinikum-schoenebeck.html
AMEOS Klinikum Seepark Geestland,https://www.weltzentrum-der-medizintechnik.de/profil/AMEOS+Klinikum+Seepark+Geestland-10818/ueber,https://www.ameos.eu/standorte/ameos-west/geestland/ameos-klinikum-seepark-geestland/
AMEOS Klinikum St. Josef Oberhausen,https://www.weltzentrum-der-medizintechnik.de/profil/AMEOS+Klinikum+St.+Josef+Oberhausen-10822/ueber,https://www.ameos.eu/standorte/ameos-west/oberhausen/
AMEOS Klinikum Staßfurt,https://www.weltzentrum-der-medizintechnik.de/profil/AMEOS+Klinikum+Stassfurt-10814/ueber,https://www.ameos.eu/standorte/ameos-ost/stassfurt/ameos-klinikum-stassfurt/
AMNOTEC International Medical GmbH,https://www.weltzentrum-der-medizintechnik.de/profil/AMNOTEC+International+Medical+GmbH-27/ueber,http://www.amnotec.de
AMPri Handelsgesellschaft mbH,https://www.weltzentrum-der-medizintechnik.de/profil/AMPri+Handelsgesellschaft+mbH-889/ueber,http://www.ampri.de
ANANDIC MEDICAL SYSTEMS AG,https://www.weltzentrum-der-medizintechnik.de/profil/ANANDIC+MEDICAL+SYSTEMS+AG-791/ueber,https://www.anandic.com/
ANDREAS MAIER GmbH & Co. KG,https://www.weltzentrum-der-medizintechnik.de/profil/ANDREAS+MAIER+GmbH+%2526+Co.+KG-763/ueber,https://shop.amf.de/
ANTRIMON Group AG,https://www.weltzentrum-der-medizintechnik.de/profil/ANTRIMON+Group+AG-811/ueber,https://antrimon.com
ANregiomed Klinikum Ansbach,https://www.weltzentrum-der-medizintechnik.de/profil/ANregiomed+Klinikum+Ansbach-9225/ueber,http://anregiomed.de/ansbach/
ARBURG GmbH + Co KG,https://www.weltzentrum-der-medizintechnik.de/profil/ARBURG+GmbH+%252B+Co+KG-364/ueber,http://www.arburg.com
ARCHE Klinik,https://www.weltzentrum-der-medizintechnik.de/profil/ARCHE+Klinik-10765/ueber,https://diakonie-bhv.de/arche-klinik.html
ARLI Medizintechnik GmbH,https://www.weltzentrum-der-medizintechnik.de/profil/ARLI+Medizintechnik+GmbH-608/ueber,http://www.arli-medizintechnik.de
AS Medizintechnik GmbH,https://www.weltzentrum-der-medizintechnik.de/profil/AS+Medizintechnik+GmbH-6/ueber,http://www.as-medizintechnik.de
ATLANTIC ZEISER GmbH,https://www.weltzentrum-der-medizintechnik.de/profil/ATLANTIC+ZEISER+GmbH-276/ueber,http://www.atlanticzeiser.com
ATMOS MedizinTechnik GmbH & Co.KG,https://www.weltzentrum-der-medizintechnik.de/profil/ATMOS+MedizinTechnik+GmbH+%2526+Co.KG-793/ueber,http://atmosmed.de/
ATOS Klinik Fleetinsel GmbH & Co. KG,https://www.weltzentrum-der-medizintechnik.de/profil/ATOS+Klinik+Fleetinsel+GmbH+%2526+Co.+KG-10759/ueber,https://atos-kliniken.com/de/atos-fleetinsel-hamburg/
AUGUST-BIER-KLINIK - Neurologie und Rehabilitation,https://www.weltzentrum-der-medizintechnik.de/profil/AUGUSTBIERKLINIK++Neurologie+und+Rehabilitation-9422/ueber,http://www.august-bier-klinik.de
AURA-TEAM Handelsgesellschaft mbH,https://www.weltzentrum-der-medizintechnik.de/profil/AURATEAM+Handelsgesellschaft+mbH-933/ueber,http://www.aura-team.de
AWO Fachkrankenhaus Jerichow,https://www.weltzentrum-der-medizintechnik.de/profil/AWO+Fachkrankenhaus+Jerichow-9425/ueber,http://www.awo-sachsenanhalt.de
AWO Krankenhaus Calbe,https://www.weltzentrum-der-medizintechnik.de/profil/AWO+Krankenhaus+Calbe-10851/ueber,https://www.awo-sachsenanhalt.de/awo-krankenhaus-calbe.html
AWO Psychiatriezentrum Halle GmbH,https://www.weltzentrum-der-medizintechnik.de/profil/AWO+Psychiatriezentrum+Halle+GmbH-9426/ueber,http://www.awo-sachsenanhalt.de/angebote/patienten-und-gesundheit/einrichtungen/awo-psychiatriezentrum-halle.html
AWO Psychiatriezentrum,https://www.weltzentrum-der-medizintechnik.de/profil/AWO+Psychiatriezentrum-9424/ueber,http://www.awo-psychiatriezentrum.de
Abena Re-Seller GmbH,https://www.weltzentrum-der-medizintechnik.de/profil/Abena+ReSeller+GmbH-835/ueber,http://www.abenareseller.de
Abiomed Europe GmbH,https://www.weltzentrum-der-medizintechnik.de/profil/Abiomed+Europe+GmbH-836/ueber,http://www.abiomed.com
Abken Medizinechnik GmbH,https://www.weltzentrum-der-medizintechnik.de/profil/Abken+Medizinechnik+GmbH-837/ueber,http://www.amt-abken.de
Absolute medical GmbH,https://www.weltzentrum-der-medizintechnik.de/profil/Absolute+medical+GmbH-600/ueber,http://www.amg-implants.com
AcesoMed GmbH,https://www.weltzentrum-der-medizintechnik.de/profil/AcesoMed+GmbH-11391/ueber,http://acesomed.com
Achim Flesser Interim Manager,https://www.weltzentrum-der-medizintechnik.de/profil/Achim+Flesser+Interim+Manager-840/ueber,https://www.flesser-interim-manager.de/
Acnis International,https://www.weltzentrum-der-medizintechnik.de/profil/Acnis+International-2506/ueber,https://acnis-titanium.com
Activity Group GmbH,https://www.weltzentrum-der-medizintechnik.de/profil/Activity+Group+GmbH-845/ueber,http://www.activity-group.de
Adolf Bausch GmbH,https://www.weltzentrum-der-medizintechnik.de/profil/Adolf+Bausch+GmbH-851/ueber,http://www.adolfbausch.de
Adula Klinik,https://www.weltzentrum-der-medizintechnik.de/profil/Adula+Klinik-9591/ueber,http://www.dr-reisach-kliniken.de
Advanced Automation GmbH,https://www.weltzentrum-der-medizintechnik.de/profil/Advanced+Automation+GmbH-708/ueber,http://www.advanced-automation-gmbh.de
Advanta Service GmbH,https://www.weltzentrum-der-medizintechnik.de/profil/Advanta+Service+GmbH-516/ueber,http://www.advanta-service.de/
Aesculap AG,https://www.weltzentrum-der-medizintechnik.de/profil/Aesculap+AG-338/ueber,http://www.aesculap.de
Aesculap Akademie GmbH,https://www.weltzentrum-der-medizintechnik.de/profil/Aesculap+Akademie+GmbH-339/ueber,http://www.germany.aesculap-academy.com
Aesku.Systems GmbH & Co. KG,https://www.weltzentrum-der-medizintechnik.de/profil/Aesku.Systems+GmbH+%2526+Co.+KG-854/ueber,http://www.aesku-systems.com
Afag GmbH,https://www.weltzentrum-der-medizintechnik.de/profil/Afag+GmbH-11353/ueber,https://www.afag.com
Afidera GmbH,https://www.weltzentrum-der-medizintechnik.de/profil/Afidera+GmbH-856/ueber,http://www.afidera.com
Agentur Rene Martin,https://www.weltzentrum-der-medizintechnik.de/profil/Agentur+Rene+Martin-858/ueber,http://www.rm-healthinnovation.com
AirMed PLUS GmbH,https://www.weltzentrum-der-medizintechnik.de/profil/AirMed+PLUS+GmbH-862/ueber,http://www.airmedplus.de
AirSystems Medizinische Produkte GmbH,https://www.weltzentrum-der-medizintechnik.de/profil/AirSystems+Medizinische+Produkte+GmbH-863/ueber,http://www.airsystems.de
AktiFlex Produkte KG,https://www.weltzentrum-der-medizintechnik.de/profil/AktiFlex+Produkte+KG-868/ueber,https://www.schulterhilfe.de
Alb-Donau Klinikum Ehingen,https://www.weltzentrum-der-medizintechnik.de/profil/AlbDonau+Klinikum+Ehingen-9286/ueber,http://www.adk-gmbh.de
Albert Narr GmbH,https://www.weltzentrum-der-medizintechnik.de/profil/Albert+Narr+GmbH-371/ueber,http://www.narr-praezision.de
Albertinen Krankenhaus / Albertinen Haus gemeinnützige GmbH,https://www.weltzentrum-der-medizintechnik.de/profil/Albertinen+Krankenhaus++Albertinen+Haus+gemeinnuetzige+GmbH-9295/ueber,http://www.albertinen-krankenhaus.de
Alexianer Aachen GmbH,https://www.weltzentrum-der-medizintechnik.de/profil/Alexianer+Aachen+GmbH-9299/ueber,http://www.alexianer-aachen.de
Alexianer Krankenhaus Köln,https://www.weltzentrum-der-medizintechnik.de/profil/Alexianer+Krankenhaus+Koeln-9307/ueber,http://www.alexianer-koeln.de
Alexianer-Klinik Meerbusch GmbH,https://www.weltzentrum-der-medizintechnik.de/profil/AlexianerKlinik+Meerbusch+GmbH-9216/ueber,http://www.ak-neuss.de
Alexius/Josef Krankenhaus - Tagesklinik Benedikt,https://www.weltzentrum-der-medizintechnik.de/profil/AlexiusJosef+Krankenhaus++Tagesklinik+Benedikt-10452/ueber,http://www.psychiatrie-neuss.de
Alexius/Josef Krankenhaus - Tagesklinik Luzia,https://www.weltzentrum-der-medizintechnik.de/profil/AlexiusJosef+Krankenhaus++Tagesklinik+Luzia-11190/ueber,https://www.psychiatrie-neuss.de
Alexius/Josef Krankenhaus / Tagesklinik St. Augustinus,https://www.weltzentrum-der-medizintechnik.de/profil/AlexiusJosef+Krankenhaus++Tagesklinik+St.+Augustinus-10449/ueber,http://www.psychiatrie-neuss.de
Alexius/Josef Krankenhaus - Tagesklinik St. Fabiola,https://www.weltzentrum-der-medizintechnik.de/profil/AlexiusJosef+Krankenhaus++Tagesklinik+St.+Fabiola-10448/ueber,http://www.psychiatrie-neuss.de
Alexius/Josef Krankenhaus/ Tagesklinik St. Anna,https://www.weltzentrum-der-medizintechnik.de/profil/AlexiusJosef+Krankenhaus+Tagesklinik+St.+Anna-10451/ueber,http://www.psychiatrie-neuss.de
Alexius/Josef Krankenhaus -Tagesklinik St. Bernhard,https://www.weltzentrum-der-medizintechnik.de/profil/AlexiusJosef+Krankenhaus+Tagesklinik+St.+Bernhard-10450/ueber,http://www.psychiatrie-neuss.de
Alexius/Josef Krankenhaus,https://www.weltzentrum-der-medizintechnik.de/profil/AlexiusJosef+Krankenhaus-10447/ueber,http://www.psychiatrie-neuss.de
Alfatec Medical Powertools,https://www.weltzentrum-der-medizintechnik.de/profil/Alfatec+Medical+Powertools-186/ueber,http://tplosaw-alfatec.com/
Alfred Schweizer GmbH Co. KG,https://www.weltzentrum-der-medizintechnik.de/profil/Alfred+Schweizer+GmbH+Co.+KG-870/ueber,http://www.alfred-schweizer.de
Alfried Krupp Krankenhaus Rüttenscheid,https://www.weltzentrum-der-medizintechnik.de/profil/Alfried+Krupp+Krankenhaus+Ruettenscheid-11100/ueber,https://www.krupp-krankenhaus.de/startseite/alfried-krupp-krankenhaus/alfried-krupp-krankenhaus-ruettenscheid/
Alfried Krupp Krankenhaus Steele,https://www.weltzentrum-der-medizintechnik.de/profil/Alfried+Krupp+Krankenhaus+Steele-11099/ueber,https://www.krupp-krankenhaus.de/essen-steele.html
AlkoStar International Petra Dawidowicz,https://www.weltzentrum-der-medizintechnik.de/profil/AlkoStar+International+Petra+Dawidowicz-871/ueber,http://www.alkostar.de
All-Med GmbH,https://www.weltzentrum-der-medizintechnik.de/profil/AllMed+GmbH-872/ueber,http://www.allmed-gmbh.de/
"Aller-Weser-Klinik gGmbH, Krankenhaus Achim",https://www.weltzentrum-der-medizintechnik.de/profil/AllerWeserKlinik+gGmbH%252C+Krankenhaus+Achim-9316/ueber,http://www.aller-weser-klink.de
Allgaier Instrumente GmbH,https://www.weltzentrum-der-medizintechnik.de/profil/Allgaier+Instrumente+GmbH-741/ueber,http://www.allgaier-instrumente.de
Allgemeinpsychiatrie und PSM Friedrichshafen-Bodensee,https://www.weltzentrum-der-medizintechnik.de/profil/Allgemeinpsychiatrie+und+PSM+FriedrichshafenBodensee-11342/ueber,https://www.zfp-web.de/
Allgemeinpsychiatrische Tagesklinik KIELER FENSTER,https://www.weltzentrum-der-medizintechnik.de/profil/Allgemeinpsychiatrische+Tagesklinik+KIELER+FENSTER-9876/ueber,http://www.kieler-fenster.de
Almikro GmbH & Co.KG,https://www.weltzentrum-der-medizintechnik.de/profil/Almikro+GmbH+%2526+Co.KG-876/ueber,http://www.almikro.de
Alna-Bioscience GmbH & Co. KG,https://www.weltzentrum-der-medizintechnik.de/profil/AlnaBioscience+GmbH+%2526+Co.+KG-877/ueber,http://www.alna-bioscience.com
Alpha MedTech GmbH,https://www.weltzentrum-der-medizintechnik.de/profil/Alpha+MedTech+GmbH-878/ueber,http://www.alpha-medtech.com
AlphaMetrix Biotech GmbH,https://www.weltzentrum-der-medizintechnik.de/profil/AlphaMetrix+Biotech+GmbH-879/ueber,http://www.alphametrix.de
Althea Deutschland GmbH,https://www.weltzentrum-der-medizintechnik.de/profil/Althea+Deutschland+GmbH-536/ueber,http://www.medservinternational.com/
Altmark Klinikum Gardelegen,https://www.weltzentrum-der-medizintechnik.de/profil/Altmark+Klinikum+Gardelegen-10810/ueber,https://www.altmark-klinikum.de/seiteninfos/startseite/
Amann GmbH,https://www.weltzentrum-der-medizintechnik.de/profil/Amann+GmbH-774/ueber,http://amanngmbhneu.de/
Ambulante Pflege Bella Vita GbR,https://www.weltzentrum-der-medizintechnik.de/profil/Ambulante+Pflege+Bella+Vita+GbR-11415/ueber,http://www.pflege-bellavita.de
Ameos Klinika Lübeck,https://www.weltzentrum-der-medizintechnik.de/profil/Ameos+Klinika+Luebeck-9319/ueber,http://www.ameos.de
Ams-Vertrieb GbR,https://www.weltzentrum-der-medizintechnik.de/profil/AmsVertrieb+GbR-890/ueber,http://www.ams-vertrieb.com
Anamed GmbH & Co. KG,https://www.weltzentrum-der-medizintechnik.de/profil/Anamed+GmbH+%2526+Co.+KG-893/ueber,http://www.anamed.de
Andreas Hettich GmbH & Co. KG,https://www.weltzentrum-der-medizintechnik.de/profil/Andreas+Hettich+GmbH+%2526+Co.+KG-146/ueber,http://www.hettichlab.com
Andreas Junghans - Anlagenbau und Edelstahlbearbeitung GmbH & Co. KG,https://www.weltzentrum-der-medizintechnik.de/profil/Andreas+Junghans++Anlagenbau+und+Edelstahlbearbeitung+GmbH+%2526+Co.+KG-894/ueber,http://membrananlagen.ajunghans.de
Anfratron Technology GmbH,https://www.weltzentrum-der-medizintechnik.de/profil/Anfratron+Technology+GmbH-895/ueber,http://www.anfratron.de
Angela Stimmel,https://www.weltzentrum-der-medizintechnik.de/profil/Angela+Stimmel-896/ueber,http://www.dentalhandel-stimmel.de
Angiocam IVS GmbH,https://www.weltzentrum-der-medizintechnik.de/profil/Angiocam+IVS+GmbH-897/ueber,http://www.angiocam.de
Angiopro GmbH,https://www.weltzentrum-der-medizintechnik.de/profil/Angiopro+GmbH-898/ueber,http://www.angiopro.de
Anton Betzler GmbH,https://www.weltzentrum-der-medizintechnik.de/profil/Anton+Betzler+GmbH-113/ueber,http://www.anton-betzler.de/
Anton Gerl GmbH,https://www.weltzentrum-der-medizintechnik.de/profil/Anton+Gerl+GmbH-901/ueber,http://www.gerl-dental.de
Anton Hipp GmbH,https://www.weltzentrum-der-medizintechnik.de/profil/Anton+Hipp+GmbH-307/ueber,http://www.anton-hipp.de
Aptean Germany GmbH,https://www.weltzentrum-der-medizintechnik.de/profil/Aptean+Germany+GmbH-661/ueber,https://www.oxaion.de/branchen/medizintechnik/
Arberlandklinik Viechtach,https://www.weltzentrum-der-medizintechnik.de/profil/Arberlandklinik+Viechtach-9344/ueber,http://www.arberlandkliniken.de
Arberlandklinik Zwiesel,https://www.weltzentrum-der-medizintechnik.de/profil/Arberlandklinik+Zwiesel-10829/ueber,https://www.arberlandkliniken.de/
Ardo medical GmbH,https://www.weltzentrum-der-medizintechnik.de/profil/Ardo+medical+GmbH-906/ueber,http://www.ardomedical.de
Arizant Deutschland GmbH,https://www.weltzentrum-der-medizintechnik.de/profil/Arizant+Deutschland+GmbH-907/ueber,http://www.arizant.com
Armbruster GmbH,https://www.weltzentrum-der-medizintechnik.de/profil/Armbruster+GmbH-908/ueber,http://www.armbruster.com
Armin Höhnle,https://www.weltzentrum-der-medizintechnik.de/profil/Armin+Hoehnle-535/ueber,https://peter-hoehnle.com
Arnd Sauter GmbH,https://www.weltzentrum-der-medizintechnik.de/profil/Arnd+Sauter+GmbH-278/ueber,http://www.arnd-sauter.de
Arndt Medizintechnik GmbH,https://www.weltzentrum-der-medizintechnik.de/profil/Arndt+Medizintechnik+GmbH-909/ueber,https://www.arndt-medizintechnik.de
Art of Beauty e.K.,https://www.weltzentrum-der-medizintechnik.de/profil/Art+of+Beauty+e.K.-910/ueber,http://www.art-of-beauty.com
Art of Technology AG,https://www.weltzentrum-der-medizintechnik.de/profil/Art+of+Technology+AG-739/ueber,https://www.aotag.ch/
Artemed Fachklinik Prof.Dr.Dr.Salfeld GmbH und Co.KG,https://www.weltzentrum-der-medizintechnik.de/profil/Artemed+Fachklinik+Prof.Dr.Dr.Salfeld+GmbH+und+Co.KG-9348/ueber,http://www.artemed-oeynhausen.de
Arthrex GmbH,https://www.weltzentrum-der-medizintechnik.de/profil/Arthrex+GmbH-912/ueber,http://www.arthrex.com
Arthrovision GmbH,https://www.weltzentrum-der-medizintechnik.de/profil/Arthrovision+GmbH-914/ueber,http://www.arthrovision.de
Arzt- und Krankenhausbedarf Gatermann,https://www.weltzentrum-der-medizintechnik.de/profil/Arzt+und+Krankenhausbedarf+Gatermann-916/ueber,http://www.gatermann-arztbedarf.de
Asklepios Fachkliniken München-Gauting,https://www.weltzentrum-der-medizintechnik.de/profil/Asklepios+Fachkliniken+MuenchenGauting-9367/ueber,http://www.asklepios.com/gauting
Asklepios Fachklinikum Brandenburg TK Brandenburg an der Havel,https://www.weltzentrum-der-medizintechnik.de/profil/Asklepios+Fachklinikum+Brandenburg+TK+Brandenburg+an+der+Havel-9359/ueber,http://www.asklepios.com/brandenburg
Asklepios Fachklinikum Brandenburg TK Werder,https://www.weltzentrum-der-medizintechnik.de/profil/Asklepios+Fachklinikum+Brandenburg+TK+Werder-9363/ueber,http://www.asklepios.com/Brandenburg
Asklepios Fachklinikum Brandenburg,https://www.weltzentrum-der-medizintechnik.de/profil/Asklepios+Fachklinikum+Brandenburg-9358/ueber,http://www.asklepios.com/brandenburg
Asklepios Fachklinikum Göttingen - TK Seesen,https://www.weltzentrum-der-medizintechnik.de/profil/Asklepios+Fachklinikum+Goettingen++TK+Seesen-9370/ueber,http://www.asklepios.com/goettingen
Asklepios Fachklinikum Göttingen,https://www.weltzentrum-der-medizintechnik.de/profil/Asklepios+Fachklinikum+Goettingen-9369/ueber,http://www.asklepios.com/goettingen
Asklepios Fachklinikum Lübben TK Cottbus,https://www.weltzentrum-der-medizintechnik.de/profil/Asklepios+Fachklinikum+Luebben+TK+Cottbus-9381/ueber,http://www.asklepios.com/luebben
Asklepios Fachklinikum Lübben TK Königs Wusterhausen,https://www.weltzentrum-der-medizintechnik.de/profil/Asklepios+Fachklinikum+Luebben+TK+Koenigs+Wusterhausen-9382/ueber,http://www.asklepios.com/luebben
Asklepios Fachklinikum Lübben TK Vetschau,https://www.weltzentrum-der-medizintechnik.de/profil/Asklepios+Fachklinikum+Luebben+TK+Vetschau-9383/ueber,http://www.asklepios.com/luebben
Asklepios Fachklinikum Stadtroda TK Greiz,https://www.weltzentrum-der-medizintechnik.de/profil/Asklepios+Fachklinikum+Stadtroda+TK+Greiz-9397/ueber,http://www.asklepios.com/stadtroda
Asklepios Fachklinikum Stadtroda,https://www.weltzentrum-der-medizintechnik.de/profil/Asklepios+Fachklinikum+Stadtroda-9399/ueber,http://www.asklepios.com/stadtroda
Asklepios Fachklinikum Teupitz TK Königs Wusterhausen,https://www.weltzentrum-der-medizintechnik.de/profil/Asklepios+Fachklinikum+Teupitz+TK+Koenigs+Wusterhausen-9402/ueber,http://www.asklepios.com/teupitz
Asklepios Fachklinikum Teupitz TK Ludwigsfelde,https://www.weltzentrum-der-medizintechnik.de/profil/Asklepios+Fachklinikum+Teupitz+TK+Ludwigsfelde-9403/ueber,http://www.asklepios.com/teupitz
Asklepios Fachklinikum Teupitz,https://www.weltzentrum-der-medizintechnik.de/profil/Asklepios+Fachklinikum+Teupitz-9401/ueber,http://www.asklepios.com/teupitz
Asklepios Fachklinikum Wiesen,https://www.weltzentrum-der-medizintechnik.de/profil/Asklepios+Fachklinikum+Wiesen-9412/ueber,http://www.asklepios.com/wiesen
Asklepios Harzklinik Bad Harzburg,https://www.weltzentrum-der-medizintechnik.de/profil/Asklepios+Harzklinik+Bad+Harzburg-9351/ueber,http://www.asklepios.com/badharzburg
Asklepios Harzklinik Clausthal-Zellerfeld,https://www.weltzentrum-der-medizintechnik.de/profil/Asklepios+Harzklinik+ClausthalZellerfeld-9365/ueber,http://www.asklepios.com/clausthalzellerfeld
Asklepios Harzklinik Goslar,https://www.weltzentrum-der-medizintechnik.de/profil/Asklepios+Harzklinik+Goslar-9371/ueber,http://www.asklepios.com/goslar
Asklepios Klinik Altona,https://www.weltzentrum-der-medizintechnik.de/profil/Asklepios+Klinik+Altona-9349/ueber,http://www.asklepios.com/altona
Asklepios Klinik Bad Oldesloe,https://www.weltzentrum-der-medizintechnik.de/profil/Asklepios+Klinik+Bad+Oldesloe-9353/ueber,http://www.asklepios.com/badoldesloe
Asklepios Klinik Barmbek,https://www.weltzentrum-der-medizintechnik.de/profil/Asklepios+Klinik+Barmbek-9356/ueber,http://www.asklepios.com/barmbek
Asklepios Klinik Birkenwerder,https://www.weltzentrum-der-medizintechnik.de/profil/Asklepios+Klinik+Birkenwerder-9357/ueber,http://www.asklepios.com/birkenwerder
Asklepios Klinik Burglengenfeld,https://www.weltzentrum-der-medizintechnik.de/profil/Asklepios+Klinik+Burglengenfeld-9364/ueber,http://www.asklepios.com/burglengenfeld
Asklepios Klinik Langen,https://www.weltzentrum-der-medizintechnik.de/profil/Asklepios+Klinik+Langen-10836/ueber,https://www.asklepios.com/langen/
Asklepios Klinik Lindau,https://www.weltzentrum-der-medizintechnik.de/profil/Asklepios+Klinik+Lindau-9379/ueber,http://www.asklepios.com/lindau
Asklepios Klinik Nord - Heidberg,https://www.weltzentrum-der-medizintechnik.de/profil/Asklepios+Klinik+Nord++Heidberg-10837/ueber,https://www.asklepios.com/nord
Asklepios Klinik Nord - Ochsenzoll,https://www.weltzentrum-der-medizintechnik.de/profil/Asklepios+Klinik+Nord++Ochsenzoll-10838/ueber,https://www.asklepios.com/nord
Asklepios Klinik Nord - Wandsbek,https://www.weltzentrum-der-medizintechnik.de/profil/Asklepios+Klinik+Nord++Wandsbek-10839/ueber,https://www.asklepios.com/nord
Asklepios Klinik Pasewalk,https://www.weltzentrum-der-medizintechnik.de/profil/Asklepios+Klinik+Pasewalk-9387/ueber,http://www.asklepios.com/pasewalk
Asklepios Klinik Sankt Augustin GmbH,https://www.weltzentrum-der-medizintechnik.de/profil/Asklepios+Klinik+Sankt+Augustin+GmbH-9389/ueber,http://www.asklepios.com/sanktaugustin
Asklepios Klinik St. Georg,https://www.weltzentrum-der-medizintechnik.de/profil/Asklepios+Klinik+St.+Georg-9390/ueber,http://www.asklepios.com/sanktgeorg
Asklepios Klinik Weißenfels,https://www.weltzentrum-der-medizintechnik.de/profil/Asklepios+Klinik+Weissenfels-9407/ueber,http://www.asklepios.com/weissenfels
Asklepios Kliniken Schildautal,https://www.weltzentrum-der-medizintechnik.de/profil/Asklepios+Kliniken+Schildautal-9394/ueber,http://www.asklepios.com/seesen
Asklepios Klinikum Harburg - Neugraben,https://www.weltzentrum-der-medizintechnik.de/profil/Asklepios+Klinikum+Harburg++Neugraben-9373/ueber,http://www.asklepios.com/harburg
Asklepios Klinikum Harburg - Osdorf,https://www.weltzentrum-der-medizintechnik.de/profil/Asklepios+Klinikum+Harburg++Osdorf-9374/ueber,http://www.asklepios.com/harburg
Asklepios Klinikum Harburg - Wilhelmsburg,https://www.weltzentrum-der-medizintechnik.de/profil/Asklepios+Klinikum+Harburg++Wilhelmsburg-9375/ueber,http://www.asklepios.com/harburg
Asklepios Klinikum Uckermark GmbH,https://www.weltzentrum-der-medizintechnik.de/profil/Asklepios+Klinikum+Uckermark+GmbH-9392/ueber,http://www.asklepios.com/schwedt
Asklepios Neurologische Klinik Bad Salzhausen,https://www.weltzentrum-der-medizintechnik.de/profil/Asklepios+Neurologische+Klinik+Bad+Salzhausen-9354/ueber,http://www.asklepios.com/bad-salzhausen/
Asklepios Neurologische Klinik Falkenstein,https://www.weltzentrum-der-medizintechnik.de/profil/Asklepios+Neurologische+Klinik+Falkenstein-9366/ueber,http://www.asklepios.com/falkenstein
Asklepios Nordseeklinik Westerland/Sylt,https://www.weltzentrum-der-medizintechnik.de/profil/Asklepios+Nordseeklinik+WesterlandSylt-9400/ueber,http://www.asklepios.com/sylt/akut
Asklepios Orthopädische Klinik Lindenlohe,https://www.weltzentrum-der-medizintechnik.de/profil/Asklepios+Orthopaedische+Klinik+Lindenlohe-9380/ueber,http://www.asklepios.com/lindenlohe
Asklepios Paulinen Klinik Wiesbaden TK Biebrich,https://www.weltzentrum-der-medizintechnik.de/profil/Asklepios+Paulinen+Klinik+Wiesbaden+TK+Biebrich-9410/ueber,http://www.asklepios.com/wiesbaden
Asklepios Paulinen Klinik Wiesbaden TK Rüdesheim,https://www.weltzentrum-der-medizintechnik.de/profil/Asklepios+Paulinen+Klinik+Wiesbaden+TK+Ruedesheim-9411/ueber,http://www.asklepios.com/wiesbaden
Asklepios Paulinen Klinik Wiesbaden,https://www.weltzentrum-der-medizintechnik.de/profil/Asklepios+Paulinen+Klinik+Wiesbaden-9409/ueber,http://www.asklepios.com/wiesbaden
"Asklepios Schwalm-Eder-Kliniken GmbH, Klinikum Melsungen",https://www.weltzentrum-der-medizintechnik.de/profil/Asklepios+SchwalmEderKliniken+GmbH%252C+Klinikum+Melsungen-9377/ueber,http://www.asklepios.com/klinik/default.aspx?name=Asklepios_Klinik_Melsungen
"Asklepios Schwalm-Eder-Kliniken GmbH, Klinikum Schwalmstadt",https://www.weltzentrum-der-medizintechnik.de/profil/Asklepios+SchwalmEderKliniken+GmbH%252C+Klinikum+Schwalmstadt-9391/ueber,http://www.asklepios.com/schwalm_eder
Asklepios Stadtklinik Bad Tölz,https://www.weltzentrum-der-medizintechnik.de/profil/Asklepios+Stadtklinik+Bad+Toelz-9355/ueber,http://www.asklepios.com/bad-toelz/
Asklepios Südpfalzklinik Germersheim,https://www.weltzentrum-der-medizintechnik.de/profil/Asklepios+Suedpfalzklinik+Germersheim-9368/ueber,http://www.asklepios.com/germersheim
Asklepios Südpfalzklinik Kandel,https://www.weltzentrum-der-medizintechnik.de/profil/Asklepios+Suedpfalzklinik+Kandel-9376/ueber,http://www.asklepios.com/kandel
Asklepios Westklinikum Hamburg - Psychosomatische Tagesklinik Ulmenhof,https://www.weltzentrum-der-medizintechnik.de/profil/Asklepios+Westklinikum+Hamburg++Psychosomatische+Tagesklinik+Ulmenhof-10835/ueber,https://www.asklepios.com/hamburg/westklinikum/experten/psychosomatische-medizin/tagesklinik-ulmenhof/
Asklepios Westklinikum Hamburg - Tagesklinik Altona,https://www.weltzentrum-der-medizintechnik.de/profil/Asklepios+Westklinikum+Hamburg++Tagesklinik+Altona-10833/ueber,https://www.asklepios.com/hamburg/westklinikum/experten/psychiatrie_und_psychotherapie/tagesklinik-altona/
Asklepios Westklinikum Hamburg - ZSG Osdorf,https://www.weltzentrum-der-medizintechnik.de/profil/Asklepios+Westklinikum+Hamburg++ZSG+Osdorf-10834/ueber,https://www.asklepios.com/hamburg/westklinikum/experten/psychiatrie_und_psychotherapie/zsg-osdorf/
Asklepios Westklinikum Hamburg GmbH,https://www.weltzentrum-der-medizintechnik.de/profil/Asklepios+Westklinikum+Hamburg+GmbH-9408/ueber,http://www.asklepios.com/westklinikum/
Audio-Ton-Süd GmbH Systeme GmbH,https://www.weltzentrum-der-medizintechnik.de/profil/AudioTonSued+GmbH+Systeme+GmbH-930/ueber,http://www.audio-ton-sued.de
Augenklinik Dr. Georg,https://www.weltzentrum-der-medizintechnik.de/profil/Augenklinik+Dr.+Georg-9415/ueber,http://www.augenklinik-bad-rothenfelde.de
Augenklinik Dr. Hoffmann,https://www.weltzentrum-der-medizintechnik.de/profil/Augenklinik+Dr.+Hoffmann-9416/ueber,http://www.augenklinik-dr-hoffmann.de
Augenklinik Herzog Carl Theodor,https://www.weltzentrum-der-medizintechnik.de/profil/Augenklinik+Herzog+Carl+Theodor-9417/ueber,http://www.augenklinik-muenchen.de
Augenklinik Rendsburg GmbH,https://www.weltzentrum-der-medizintechnik.de/profil/Augenklinik+Rendsburg+GmbH-9418/ueber,http://www.augenklinik-rd.de
Augenklinik Stadthagen,https://www.weltzentrum-der-medizintechnik.de/profil/Augenklinik+Stadthagen-9414/ueber,http://www.augenklinik.org
Augenklinik im Ring-Center GmbH,https://www.weltzentrum-der-medizintechnik.de/profil/Augenklinik+im+RingCenter+GmbH-9419/ueber,http://www.augenklinik-ringcenter.de
August Reuchlen GmbH,https://www.weltzentrum-der-medizintechnik.de/profil/August+Reuchlen+GmbH-568/ueber,http://reuchlen.com
August Wenzler Maschinenbau GmbH,https://www.weltzentrum-der-medizintechnik.de/profil/August+Wenzler+Maschinenbau+GmbH-219/ueber,http://www.august-wenzler.de/
Augusta-Krankenhaus,https://www.weltzentrum-der-medizintechnik.de/profil/AugustaKrankenhaus-9420/ueber,http://www.augusta-duesseldorf.de
Aumann Espelkamp GmbH,https://www.weltzentrum-der-medizintechnik.de/profil/Aumann+Espelkamp+GmbH-932/ueber,http://www.aumann.com
Auracher Elektroanlagen GmbH,https://www.weltzentrum-der-medizintechnik.de/profil/Auracher+Elektroanlagen+GmbH-934/ueber,http://www.maibaum-thalkirchen.de
Axcom GmbH,https://www.weltzentrum-der-medizintechnik.de/profil/Axcom+GmbH-938/ueber,https://www.axcom-shop.de
Axel Gentner GmbH,https://www.weltzentrum-der-medizintechnik.de/profil/Axel+Gentner+GmbH-220/ueber,http://www.gentner-drehteile.de/
Axon Lab AG,https://www.weltzentrum-der-medizintechnik.de/profil/Axon+Lab+AG-940/ueber,http://www.axonlab.de
B & K Medizinbedarf GmbH,https://www.weltzentrum-der-medizintechnik.de/profil/B+%2526+K+Medizinbedarf+GmbH-943/ueber,http://www.buk-medizinbedarf.de
B. Braun Petzold GmbH,https://www.weltzentrum-der-medizintechnik.de/profil/B.+Braun+Petzold+GmbH-941/ueber,http://www.bbraun.de
B. Braun prolabor GmbH,https://www.weltzentrum-der-medizintechnik.de/profil/B.+Braun+prolabor+GmbH-942/ueber,http://www.prolabor.de
B.u.W. Schmidt GmbH,https://www.weltzentrum-der-medizintechnik.de/profil/B.u.W.+Schmidt+GmbH-944/ueber,http://www.buwschmidt.com
BAK Kohler Medical KG,https://www.weltzentrum-der-medizintechnik.de/profil/BAK+Kohler+Medical+KG-11386/ueber,http://www.kohler-med.de
BAK Kohler Medizintechnik e.K.,https://www.weltzentrum-der-medizintechnik.de/profil/BAK+Kohler+Medizintechnik+e.K.-148/ueber,http://www.kohler-med.de/
BARTHEL NOSBÜSCH INH. JÜRGEN BALLING,https://www.weltzentrum-der-medizintechnik.de/profil/BARTHEL+NOSB%25C3%259CSCH+INH.+J%25C3%259CRGEN+BALLING-950/ueber,http://www.medinos.de
BAUERFEIND FUßORTHOPÄDIE GMBH & CO.KG,https://www.weltzentrum-der-medizintechnik.de/profil/BAUERFEIND+FUssORTHOP%25C3%2584DIE+GMBH+%2526+CO.KG-953/ueber,http://www.bauerfeind-fussorthopaedie.de
BBC Cellpack Technology Cellpack AG,https://www.weltzentrum-der-medizintechnik.de/profil/BBC+Cellpack+Technology+Cellpack+AG-360/ueber,https://cellpack-technology.com/
BBF Sterilisationsservice GmbH,https://www.weltzentrum-der-medizintechnik.de/profil/BBF+Sterilisationsservice+GmbH-776/ueber,https://www.sterixpert.de/de/
BBT – Berufliche Bildungsstätte Tuttlingen GmbH,https://www.weltzentrum-der-medizintechnik.de/profil/BBT+%25E2%2580%2593+Berufliche+Bildungsstaette+Tuttlingen+GmbH-625/ueber,https://www.bbt-tut.de/de
BDH-Klinik Braunfels gGmbH,https://www.weltzentrum-der-medizintechnik.de/profil/BDHKlinik+Braunfels+gGmbH-9433/ueber,http://www.bdh-klinik-braunfels.de
BDH-Klinik Elzach gGmbH,https://www.weltzentrum-der-medizintechnik.de/profil/BDHKlinik+Elzach+gGmbH-9434/ueber,http://www.bdh-klinik-elzach.de/
BDH-Klinik Greifswald gGmbH,https://www.weltzentrum-der-medizintechnik.de/profil/BDHKlinik+Greifswald+gGmbH-9435/ueber,http://www.bdh-klinik-greifswald.de
BDH-Klinik Hessisch Oldendorf gGmbH,https://www.weltzentrum-der-medizintechnik.de/profil/BDHKlinik+Hessisch+Oldendorf+gGmbH-9436/ueber,http://www.bdh-klinik-hessisch-oldendorf.de
BDH-Klinik Vallendar gGmbH,https://www.weltzentrum-der-medizintechnik.de/profil/BDHKlinik+Vallendar+gGmbH-10853/ueber,https://www.bdh-klinik-vallendar.de
BDH-Klinik Waldkirch gGmbH,https://www.weltzentrum-der-medizintechnik.de/profil/BDHKlinik+Waldkirch+gGmbH-10854/ueber,https://www.bdh-klinik-waldkirch.de/bdh-klinik-waldkirch/
BECKER Reinraumtechnik GmbH,https://www.weltzentrum-der-medizintechnik.de/profil/BECKER+Reinraumtechnik+GmbH-11419/ueber,http://www.becker-reinraumtechnik.de
BECKMANN-INSTITUT für Technologieentwicklung e. V.,https://www.weltzentrum-der-medizintechnik.de/profil/BECKMANNINSTITUT+fuer+Technologieentwicklung+e.+V.-957/ueber,http://www.beckmann-institut.de
BEMER MEDIZINTECHNIK GmbH,https://www.weltzentrum-der-medizintechnik.de/profil/BEMER+MEDIZINTECHNIK+GmbH-961/ueber,http://www.gesund-und-vital.eu
BEMOTEC GmbH,https://www.weltzentrum-der-medizintechnik.de/profil/BEMOTEC+GmbH-962/ueber,http://www.bemotec.com
BEST MEDICAL,https://www.weltzentrum-der-medizintechnik.de/profil/BEST+MEDICAL-11452/ueber,http://wwwbestmedicaldist.com
BETHESDA Krankenhaus,https://www.weltzentrum-der-medizintechnik.de/profil/BETHESDA+Krankenhaus-9453/ueber,http://www.bethesda-krankenhaus-duisburg.de/
BF Medizintechnik GmbH,https://www.weltzentrum-der-medizintechnik.de/profil/BF+Medizintechnik+GmbH-687/ueber,http://www.bf-med.com/
BG Klinik Ludwigshafen,https://www.weltzentrum-der-medizintechnik.de/profil/BG+Klinik+Ludwigshafen-10861/ueber,https://www.bg-kliniken.de/klinik-ludwigshafen/
BG Klinik Tübingen,https://www.weltzentrum-der-medizintechnik.de/profil/BG+Klinik+Tuebingen-10862/ueber,https://www.bg-kliniken.de/klinik-tuebingen/
BG Klinikum Murnau gGmbH,https://www.weltzentrum-der-medizintechnik.de/profil/BG+Klinikum+Murnau+gGmbH-10863/ueber,https://www.bg-kliniken.de/unfallklinik-murnau
BG Unfallklinik Frankfurt am Main gGmbH,https://www.weltzentrum-der-medizintechnik.de/profil/BG+Unfallklinik+Frankfurt+am+Main+gGmbH-9465/ueber,http://www.bgu-frankfurt.de
BGS Beta-Gamma-Service GmbH & Co. KG,https://www.weltzentrum-der-medizintechnik.de/profil/BGS+BetaGammaService+GmbH+%2526+Co.+KG-471/ueber,http://www.bgs.eu
BGT BioGen Technologies GmbH,https://www.weltzentrum-der-medizintechnik.de/profil/BGT+BioGen+Technologies+GmbH-980/ueber,http://www.keul.de
BIELOMATIK LEUZE GMBH + CO. KG,https://www.weltzentrum-der-medizintechnik.de/profil/BIELOMATIK+LEUZE+GMBH+%252B+CO.+KG-420/ueber,https://www.bielomatik.com/de/
BIOCEN GmbH,https://www.weltzentrum-der-medizintechnik.de/profil/BIOCEN+GmbH-983/ueber,http://www.biocen.de
BIOCOM AG,https://www.weltzentrum-der-medizintechnik.de/profil/BIOCOM+AG-618/ueber,http://www.biocom.de
BIOCON VALLEY GMBH,https://www.weltzentrum-der-medizintechnik.de/profil/BIOCON+VALLEY+GMBH-622/ueber,http://www.bioconvalley.org
BIO-SYS GmbH,https://www.weltzentrum-der-medizintechnik.de/profil/BIOSYS+GmbH-982/ueber,http://www.biosys.de
"BKH Lohr, KH für Psychiatrie, Psychotherapie und Psychosomatische Medizin",https://www.weltzentrum-der-medizintechnik.de/profil/BKH+Lohr%252C+KH+fuer+Psychiatrie%252C+Psychotherapie+und+Psychosomatische+Medizin-10860/ueber,https://www.bezirkskrankenhaus-lohr.de/
BLS Laboratories GmbH,https://www.weltzentrum-der-medizintechnik.de/profil/BLS+Laboratories+GmbH-1002/ueber,http://www.bls-germany.com
BME Baden Medizin Electronic GmbH,https://www.weltzentrum-der-medizintechnik.de/profil/BME+Baden+Medizin+Electronic+GmbH-1005/ueber,http://www.nbn-medizin.de
BOSANA Medizintechnik GmbH,https://www.weltzentrum-der-medizintechnik.de/profil/BOSANA+Medizintechnik+GmbH-1016/ueber,http://www.bosana.de
BOWA-electronic GmbH & Co. KG,https://www.weltzentrum-der-medizintechnik.de/profil/BOWAelectronic+GmbH+%2526+Co.+KG-1018/ueber,http://www.bowa.de
BREINLINGERs GmbH,https://www.weltzentrum-der-medizintechnik.de/profil/BREINLINGERs+GmbH-2400/ueber,https://www.breinlingers.de/
BST Bio Sensor Technology GmbH,https://www.weltzentrum-der-medizintechnik.de/profil/BST+Bio+Sensor+Technology+GmbH-1028/ueber,http://www.bst-biosensor.de
BUBA SCHUH GMBH,https://www.weltzentrum-der-medizintechnik.de/profil/BUBA+SCHUH+GMBH-1029/ueber,http://www.buba-gmbh.de
BYTEC Medizintechnik GmbH,https://www.weltzentrum-der-medizintechnik.de/profil/BYTEC+Medizintechnik+GmbH-1032/ueber,http://www.bytecmed.com
Baier Drehteile GmbH & Co.KG,https://www.weltzentrum-der-medizintechnik.de/profil/Baier+Drehteile+GmbH+%2526+Co.KG-217/ueber,http://www.baier-drehteile.de
Barmherzige Brüder Krankenhaus München,https://www.weltzentrum-der-medizintechnik.de/profil/Barmherzige+Brueder+Krankenhaus+Muenchen-9429/ueber,http://www.barmherzige-muenchen.de
"Barmherzige Brüder Saffig, Fachklinik für Psychiatrie und Psychotherapie",https://www.weltzentrum-der-medizintechnik.de/profil/Barmherzige+Brueder+Saffig%252C+Fachklinik+fuer+Psychiatrie+und+Psychotherapie-9432/ueber,http://www.bb-saffig.de
Baselaser GmbH & Co.KG,https://www.weltzentrum-der-medizintechnik.de/profil/Baselaser+GmbH+%2526+Co.KG-951/ueber,http://www.baselaser.de
Bauer und Häselbarth – Chirurg GmbH,https://www.weltzentrum-der-medizintechnik.de/profil/Bauer+und+Haeselbarth+%25E2%2580%2593+Chirurg+GmbH-698/ueber,http://www.bh-chirurg.de
Bauerfeind AG,https://www.weltzentrum-der-medizintechnik.de/profil/Bauerfeind+AG-744/ueber,http://www.bauerfeind.de
Baus Medical GmbH,https://www.weltzentrum-der-medizintechnik.de/profil/Baus+Medical+GmbH-954/ueber,http://www.bausmedical.de
Bavaria Medizin Technologie GmbH,https://www.weltzentrum-der-medizintechnik.de/profil/Bavaria+Medizin+Technologie+GmbH-363/ueber,http://www.bavaria-medizin.de
Beautytechnik GmbH,https://www.weltzentrum-der-medizintechnik.de/profil/Beautytechnik+GmbH-955/ueber,http://www.beautytechnik.de
Becker Werkzeug- und Vorrichtungsbau GmbH & Co.KG,https://www.weltzentrum-der-medizintechnik.de/profil/Becker+Werkzeug+und+Vorrichtungsbau+GmbH+%2526+Co.KG-956/ueber,http://www.becker-werkzeugbau.de
Becton Dickinson GmbH,https://www.weltzentrum-der-medizintechnik.de/profil/Becton+Dickinson+GmbH-746/ueber,http://www.bd.com
"Behandlungszentrum Aschau, 83239 Aschau i.Ch., Bernauer Straße 18",https://www.weltzentrum-der-medizintechnik.de/profil/Behandlungszentrum+Aschau%252C+83239+Aschau+i.Ch.%252C+Bernauer+Strasse+18-9490/ueber,http://www.bz-aschau.de/orthopaedische-kinderklinik.html
Bema GmbH + Co. KG,https://www.weltzentrum-der-medizintechnik.de/profil/Bema+GmbH+%252B+Co.+KG-112/ueber,https://www.bemamedical.com/
Benedictus Krankenhaus Feldafing GmbH & Co. KG,https://www.weltzentrum-der-medizintechnik.de/profil/Benedictus+Krankenhaus+Feldafing+GmbH+%2526+Co.+KG-11037/ueber,https://www.klinik-feldafing.de
Benedictus Krankenhaus Tutzing GmbH & Co. KG,https://www.weltzentrum-der-medizintechnik.de/profil/Benedictus+Krankenhaus+Tutzing+GmbH+%2526+Co.+KG-10199/ueber,http://www.krankenhaus-tutzing.de
Bentronic Gesellschaft für Medizintechnik GmbH,https://www.weltzentrum-der-medizintechnik.de/profil/Bentronic+Gesellschaft+fuer+Medizintechnik+GmbH-963/ueber,http://www.bentronic.com
Benvenue Medical GmbH,https://www.weltzentrum-der-medizintechnik.de/profil/Benvenue+Medical+GmbH-964/ueber,http://www.benvenuemedical.com
Berchtold GmbH & Co. KG,https://www.weltzentrum-der-medizintechnik.de/profil/Berchtold+GmbH+%2526+Co.+KG-965/ueber,http://www.berchtold.biz
Berger GmbH,https://www.weltzentrum-der-medizintechnik.de/profil/Berger+GmbH-410/ueber,http://www.berger-technikum.de
Bergmanklinik Schlossklinik Abtsee,https://www.weltzentrum-der-medizintechnik.de/profil/Bergmanklinik+Schlossklinik+Abtsee-9495/ueber,https://www.bergmanclinics-schlossklinikabtsee.de/
Berlin Cert GmbH Prüf- und Zertifizierstelle für Medizinprodukte,https://www.weltzentrum-der-medizintechnik.de/profil/Berlin+Cert+GmbH+Pruef+und+Zertifizierstelle+fuer+Medizinprodukte-970/ueber,https://www.berlincert.de
Bernd Pfeffer GmbH,https://www.weltzentrum-der-medizintechnik.de/profil/Bernd+Pfeffer+GmbH-972/ueber,http://www.mtpfeffer.de
Bernhard Hermle GmbH,https://www.weltzentrum-der-medizintechnik.de/profil/Bernhard+Hermle+GmbH+-104/ueber,http://www.hermle-medizintechnik.de
Bertha Krankenhaus,https://www.weltzentrum-der-medizintechnik.de/profil/Bertha+Krankenhaus-11249/ueber,https://www.sana-duisburg.de/home.html
Bethesda Krankenhaus Bergedorf gGmbH,https://www.weltzentrum-der-medizintechnik.de/profil/Bethesda+Krankenhaus+Bergedorf+gGmbH-9927/ueber,http://www.klinik-bergedorf.de
Beutter Präzisions-Komponenten GmbH & Co. KG,https://www.weltzentrum-der-medizintechnik.de/profil/Beutter+PraezisionsKomponenten+GmbH+%2526+Co.+KG-2441/ueber,https://www.beutter.de
Bevermann Consulting GmbH,https://www.weltzentrum-der-medizintechnik.de/profil/Bevermann+Consulting+GmbH-802/ueber,https://www.bevermann-merger-acquisition.de/
Bezirksklinik Rehau,https://www.weltzentrum-der-medizintechnik.de/profil/Bezirksklinik+Rehau-10927/ueber,https://www.gebo-med.de
"Bezirkskliniken Schwaben, Bezirkskrankenhaus Donauwörth",https://www.weltzentrum-der-medizintechnik.de/profil/Bezirkskliniken+Schwaben%252C+Bezirkskrankenhaus+Donauwoerth-9468/ueber,http://www.bkh-donauwoerth.de
"Bezirkskliniken Schwaben, Bezirkskrankenhaus Günzburg",https://www.weltzentrum-der-medizintechnik.de/profil/Bezirkskliniken+Schwaben%252C+Bezirkskrankenhaus+Guenzburg-9469/ueber,http://www.bkh-guenzburg.de/
Bezirksklinikum Ansbach,https://www.weltzentrum-der-medizintechnik.de/profil/Bezirksklinikum+Ansbach-9459/ueber,http://www.bezirkskliniken-mfr.de/unsere-standorte/ansbach.html
Bezirksklinikum Mainkofen,https://www.weltzentrum-der-medizintechnik.de/profil/Bezirksklinikum+Mainkofen-10272/ueber,http://www.mainkofen.de
"Bezirksklinikum Obermain - Tagesklinik für Psychiatrie, Psychotherapie und Psychosomatik in Coburg",https://www.weltzentrum-der-medizintechnik.de/profil/Bezirksklinikum+Obermain++Tagesklinik+fuer+Psychiatrie%252C+Psychotherapie+und+Psychosomatik+in+Coburg-10925/ueber,https://www.gebo-med.de
"Bezirksklinikum Obermain - Tagesklinik für Psychiatrie, Psychotherapie und Psychosomatik in Kronach",https://www.weltzentrum-der-medizintechnik.de/profil/Bezirksklinikum+Obermain++Tagesklinik+fuer+Psychiatrie%252C+Psychotherapie+und+Psychosomatik+in+Kronach-10926/ueber,https://www.gebo-med.de
Bezirksklinikum Obermain,https://www.weltzentrum-der-medizintechnik.de/profil/Bezirksklinikum+Obermain-10924/ueber,https://www.gebo-med.de
Bezirkskrankenhaus Bayreuth - Tagesklinik für Kinder- und Jugendpsychiatrie und -psychotherapie in B,https://www.weltzentrum-der-medizintechnik.de/profil/Bezirkskrankenhaus+Bayreuth++Tagesklinik+fuer+Kinder+und+Jugendpsychiatrie+und+psychotherapie+in+B-10921/ueber,https://www.gebo-med.de
Bezirkskrankenhaus Bayreuth - Tagesklinik für Kinder- und Jugendpsychiatrie und -psychotherapie in C,https://www.weltzentrum-der-medizintechnik.de/profil/Bezirkskrankenhaus+Bayreuth++Tagesklinik+fuer+Kinder+und+Jugendpsychiatrie+und+psychotherapie+in+C-10922/ueber,https://www.gebo-med.de
Bezirkskrankenhaus Bayreuth,https://www.weltzentrum-der-medizintechnik.de/profil/Bezirkskrankenhaus+Bayreuth-10920/ueber,https://www.gebo-med.de
Bezirkskrankenhaus Kaufbeuren,https://www.weltzentrum-der-medizintechnik.de/profil/Bezirkskrankenhaus+Kaufbeuren-9461/ueber,http://www.bezirkskrankenhaus-kaufbeuren.de
Bezirkskrankenhaus Kempten,https://www.weltzentrum-der-medizintechnik.de/profil/Bezirkskrankenhaus+Kempten-9470/ueber,http://www.bkh-kempten.de/
Bezirkskrankenhaus Landshut,https://www.weltzentrum-der-medizintechnik.de/profil/Bezirkskrankenhaus+Landshut-9471/ueber,http://www.bkh-landshut.de
"Bezirkskrankenhaus Memmingen Klinik für Psychiatrie, Psychotherapie und Psychosomatik am Klinikum Me",https://www.weltzentrum-der-medizintechnik.de/profil/Bezirkskrankenhaus+Memmingen+Klinik+fuer+Psychiatrie%252C+Psychotherapie+und+Psychosomatik+am+Klinikum+Me-9462/ueber,http://www.bezirkskrankenhaus-memmingen.de
Biedermann Motech GmbH & Co. KG,https://www.weltzentrum-der-medizintechnik.de/profil/Biedermann+Motech+GmbH+%2526+Co.+KG-100/ueber,http://www.biedermann.com
BioCer Entwicklungs-GmbH,https://www.weltzentrum-der-medizintechnik.de/profil/BioCer+EntwicklungsGmbH-984/ueber,http://www.biocer-gmbh.de
BioMedica Medizintechnik GmbH,https://www.weltzentrum-der-medizintechnik.de/profil/BioMedica+Medizintechnik+GmbH-990/ueber,http://www.bio-medica.de
Bio-Medical-Systems BMS GmbH,https://www.weltzentrum-der-medizintechnik.de/profil/BioMedicalSystems+BMS+GmbH-981/ueber,http://www.bio-medical-systems.de
Bio-Rad Laboratories GmbH,https://www.weltzentrum-der-medizintechnik.de/profil/BioRad+Laboratories+GmbH-573/ueber,http://www.bio-rad.com
Biro Medizintechnik Gerhard Biro e.K.,https://www.weltzentrum-der-medizintechnik.de/profil/Biro+Medizintechnik+Gerhard+Biro+e.K.-449/ueber,http://www.biro-medizintechnik.de
Biselli Instrumente GmbH,https://www.weltzentrum-der-medizintechnik.de/profil/Biselli+Instrumente+GmbH-114/ueber,http://www.biselli-instrumente.de/
Blach Röntgensysteme,https://www.weltzentrum-der-medizintechnik.de/profil/Blach+Roentgensysteme-999/ueber,http://www.pblach.de
"BlackRock Investment Management (UK) Limited German Branch, München",https://www.weltzentrum-der-medizintechnik.de/profil/BlackRock+Investment+Management+UK+Limited+German+Branch%252C+Muenchen-1001/ueber,http://www.blackrockmicro.com
Blaues Kreuz Diakoniewerk mGmbH - Fachklinik Curt-von-Knobelsdorff-Haus,https://www.weltzentrum-der-medizintechnik.de/profil/Blaues+Kreuz+Diakoniewerk+mGmbH++Fachklinik+CurtvonKnobelsdorffHaus-9479/ueber,http://www.blaues-kreuz.de
Blaustein Klinik,https://www.weltzentrum-der-medizintechnik.de/profil/Blaustein+Klinik-9480/ueber,http://www.blausteinklinik.de
"Boeger-Therapie, die Narbentherapie",https://www.weltzentrum-der-medizintechnik.de/profil/BoegerTherapie%252C+die+Narbentherapie-2497/ueber,http://www.boegertherapie.com
Böhm Elektromedizin GmbH,https://www.weltzentrum-der-medizintechnik.de/profil/Boehm+Elektromedizin+GmbH-1009/ueber,https://www.boehm-elektromedizin-gmbh.de/
Böhme Medizintechnik GmbH,https://www.weltzentrum-der-medizintechnik.de/profil/Boehme+Medizintechnik+GmbH-1010/ueber,http://www.boehme-medizintechnik.de
Böhmer Medizintechnik,https://www.weltzentrum-der-medizintechnik.de/profil/Boehmer+Medizintechnik-1011/ueber,http://www.boehmernet.de
Börgel GmbH,https://www.weltzentrum-der-medizintechnik.de/profil/Boergel+GmbH-1015/ueber,http://www.boergel-gmbh.de
Bösl Medizintechnik GmbH,https://www.weltzentrum-der-medizintechnik.de/profil/Boesl+Medizintechnik+GmbH-1017/ueber,http://www.boesl-med.de
Bolko Jung GmbH,https://www.weltzentrum-der-medizintechnik.de/profil/Bolko+Jung+GmbH-1012/ueber,http://www.bolkojung.de
Bonifatius Hospital Lingen,https://www.weltzentrum-der-medizintechnik.de/profil/Bonifatius+Hospital+Lingen-9481/ueber,http://www.bonifatius-hospital-lingen.de
Boppel MedicalEngineering,https://www.weltzentrum-der-medizintechnik.de/profil/Boppel+MedicalEngineering-1013/ueber,https://www.schlafdiagnose.eu
Borgardt Technologies AG,https://www.weltzentrum-der-medizintechnik.de/profil/Borgardt+Technologies+AG-1014/ueber,http://www.borgardt.de
Borromäus Hospital Leer gGmbH,https://www.weltzentrum-der-medizintechnik.de/profil/Borromaeus+Hospital+Leer+gGmbH-11337/ueber,https://www.xn--borromus-hospital-leer-54b.de/
Brainlab AG,https://www.weltzentrum-der-medizintechnik.de/profil/Brainlab+AG-652/ueber,http://www.brainlab.com
Brandenburgklinik Bernau,https://www.weltzentrum-der-medizintechnik.de/profil/Brandenburgklinik+Bernau-9482/ueber,http://www.brandenburgklinik.de
Brandis Medizintechnik Vertriebs GmbH,https://www.weltzentrum-der-medizintechnik.de/profil/Brandis+Medizintechnik+Vertriebs+GmbH-1020/ueber,http://www.brandis.de
Brandt & Brandt Medizinhandel KG,https://www.weltzentrum-der-medizintechnik.de/profil/Brandt+%2526+Brandt+Medizinhandel+KG-1021/ueber,http://www.brandt-medical.de
Braun Druck & Medien GmbH,https://www.weltzentrum-der-medizintechnik.de/profil/Braun+Druck+%2526+Medien+GmbH-727/ueber,http://www.braun-medien.net
Braunschweiger Präzisionsteile GmbH,https://www.weltzentrum-der-medizintechnik.de/profil/Braunschweiger+Praezisionsteile+GmbH-785/ueber,http://www.braunschweiger-gmbh.de
Bricon GmbH,https://www.weltzentrum-der-medizintechnik.de/profil/Bricon+GmbH-444/ueber,https://bricon.com/
Bricon Technology GmbH,https://www.weltzentrum-der-medizintechnik.de/profil/Bricon+Technology+GmbH-2485/ueber,https://bricontechnology.com/
Brüderhaus Koblenz & Marienhof Koblenz,https://www.weltzentrum-der-medizintechnik.de/profil/Bruederhaus+Koblenz+%2526+Marienhof+Koblenz-11018/ueber,https://www.kk-km.de
Brune Medizintechnik Inh. Norbert Brune,https://www.weltzentrum-der-medizintechnik.de/profil/Brune+Medizintechnik+Inh.+Norbert+Brune-1027/ueber,http://www.brune-medizin.de
Buch Greuter e.K,https://www.weltzentrum-der-medizintechnik.de/profil/Buch+Greuter+e.K-379/ueber,https://buch-greuter.de/
Bühler Instrumente Medizintechnik GmbH,https://www.weltzentrum-der-medizintechnik.de/profil/Buehler+Instrumente+Medizintechnik+GmbH-117/ueber,http://www.buehler-instrumente.de/
Bühler Metallbearbeitung GmbH,https://www.weltzentrum-der-medizintechnik.de/profil/Buehler+Metallbearbeitung+GmbH-2471/ueber,http://www.buehler-metallbearbeitung.de
Bumüller GmbH,https://www.weltzentrum-der-medizintechnik.de/profil/Bumueller+GmbH-218/ueber,http://www.bumueller.com
Bundesministerium für Bildung und Forschung (BMBF),https://www.weltzentrum-der-medizintechnik.de/profil/Bundesministerium+fuer+Bildung+und+Forschung+BMBF-576/ueber,https://www.bmbf.de/
BundeswehrZentralkrankenhaus Koblenz,https://www.weltzentrum-der-medizintechnik.de/profil/BundeswehrZentralkrankenhaus+Koblenz-10787/ueber,https://koblenz.bwkrankenhaus.de
Bundeswehrkrankenhaus Berlin,https://www.weltzentrum-der-medizintechnik.de/profil/Bundeswehrkrankenhaus+Berlin-9446/ueber,http://www.berlin.bwkrankenhaus.de
Bundeswehrkrankenhaus Hamburg,https://www.weltzentrum-der-medizintechnik.de/profil/Bundeswehrkrankenhaus+Hamburg-9486/ueber,http://www.bundeswehrkrankenhaus-hamburg.de
Burchardt & Zimmermann Medizin-Technik OHG,https://www.weltzentrum-der-medizintechnik.de/profil/Burchardt+%2526+Zimmermann+MedizinTechnik+OHG-1030/ueber,http://bz-med.de
Burghof- Klinik Bad Nauheim GmbH,https://www.weltzentrum-der-medizintechnik.de/profil/Burghof+Klinik+Bad+Nauheim+GmbH-9487/ueber,http://www.burghof-klinik.com
Burghof-Klinik,https://www.weltzentrum-der-medizintechnik.de/profil/BurghofKlinik-9488/ueber,http://www.burghof-klinik.de
Bursch Medizintechnik GmbH,https://www.weltzentrum-der-medizintechnik.de/profil/Bursch+Medizintechnik+GmbH-1031/ueber,http://www.bursch.de
C. R. Bard GmbH,https://www.weltzentrum-der-medizintechnik.de/profil/C.+R.+Bard+GmbH-762/ueber,http://www.bard.de
CADVERTS,https://www.weltzentrum-der-medizintechnik.de/profil/CADVERTS-11405/ueber,http://cadverts.com/
CARDIOMEDICAL GmbH,https://www.weltzentrum-der-medizintechnik.de/profil/CARDIOMEDICAL+GmbH-1040/ueber,http://www.cardiomedical.de
"CB-MED, Inh. Axel Fabiunke",https://www.weltzentrum-der-medizintechnik.de/profil/CBMED%252C+Inh.+Axel+Fabiunke-1049/ueber,http://www.cb-med.de
CCS Pawlowski GmbH,https://www.weltzentrum-der-medizintechnik.de/profil/CCS+Pawlowski+GmbH-1050/ueber,http://www.ccs-imaging.de
CChirurgische Innenstadtklinik Minden GmbH & CO.KG,https://www.weltzentrum-der-medizintechnik.de/profil/CChirurgische+Innenstadtklinik+Minden+GmbH+%2526+CO.KG-9796/ueber,http://www.innenstadtklinik.de
CEATEC Medizintechnik GmbH,https://www.weltzentrum-der-medizintechnik.de/profil/CEATEC+Medizintechnik+GmbH-34/ueber,http://www.ceatec.de/
CEMEC Intelligente Mechanik GmbH,https://www.weltzentrum-der-medizintechnik.de/profil/CEMEC+Intelligente+Mechanik+GmbH-1053/ueber,http://www.cemec.de
CERES GmbH evaluation & research,https://www.weltzentrum-der-medizintechnik.de/profil/CERES+GmbH+evaluation+%2526+research-402/ueber,http://www.clinical-evaluation.com/
CERTOTECT GmbH,https://www.weltzentrum-der-medizintechnik.de/profil/CERTOTECT+GmbH-1059/ueber,http://www.certotect.com
CHR. FRICK Medizintechnik,https://www.weltzentrum-der-medizintechnik.de/profil/CHR.+FRICK+Medizintechnik-55/ueber,http://www.frick-medizintechnik.de
CIP Klinik Dr. Schlemmer,https://www.weltzentrum-der-medizintechnik.de/profil/CIP+Klinik+Dr.+Schlemmer-9992/ueber,http://www.klinik-schlemmer.de
CIP Tagesklinik GmbH,https://www.weltzentrum-der-medizintechnik.de/profil/CIP+Tagesklinik+GmbH-9508/ueber,http://www.cip-tagesklinik.de
CJD Asthmazentrum Berchtesgaden,https://www.weltzentrum-der-medizintechnik.de/profil/CJD+Asthmazentrum+Berchtesgaden-9509/ueber,http://www.cjd-berchtesgaden.de
CKIP,https://www.weltzentrum-der-medizintechnik.de/profil/CKIP-9493/ueber,http://www.capio-klinik-im-park.de
CMCS GmbH,https://www.weltzentrum-der-medizintechnik.de/profil/CMCS+GmbH-1065/ueber,http://www.cmcs-online.de
CNSystems Medizintechnik GmbH,https://www.weltzentrum-der-medizintechnik.de/profil/CNSystems+Medizintechnik+GmbH-1067/ueber,http://www.cnsystems.com
COHERENT Munich GmbH & Co. KG,https://www.weltzentrum-der-medizintechnik.de/profil/COHERENT+Munich+GmbH+%2526+Co.+KG+-783/ueber,https://de.coherent.com/
COMCON Netzwerke und Praxiscomputer GmbH,https://www.weltzentrum-der-medizintechnik.de/profil/COMCON+Netzwerke+und+Praxiscomputer+GmbH-1075/ueber,http://www.c-komm.de
COMPIMED,https://www.weltzentrum-der-medizintechnik.de/profil/COMPIMED-1077/ueber,http://www.compimed.de
COSAN Handels- und Entwicklungsgesellschaft mbH,https://www.weltzentrum-der-medizintechnik.de/profil/COSAN+Handels+und+Entwicklungsgesellschaft+mbH-1092/ueber,http://www.cosan.de
CPAP-Medizintechnik e.K.,https://www.weltzentrum-der-medizintechnik.de/profil/CPAPMedizintechnik+e.K.-1096/ueber,http://www.cpap-medizintechnik.de
CPM Precision GmbH,https://www.weltzentrum-der-medizintechnik.de/profil/CPM+Precision+GmbH-542/ueber,http://www.cpm-precision.de
CSG Clinische Studien Gesellschaft mbH,https://www.weltzentrum-der-medizintechnik.de/profil/CSG+Clinische+Studien+Gesellschaft+mbH-1098/ueber,http://www.csg-germany.com
CTL und Ortholabor GmbH.,https://www.weltzentrum-der-medizintechnik.de/profil/CTL+und+Ortholabor+GmbH.-1099/ueber,http://www.evomed.com
CTM GmbH,https://www.weltzentrum-der-medizintechnik.de/profil/CTM+GmbH-1100/ueber,http://www.ctm-gmbh.com
CURSCHMANN KLINIK der Klinikgruppe Dr. Guth GmbH & Co. KG,https://www.weltzentrum-der-medizintechnik.de/profil/CURSCHMANN+KLINIK+der+Klinikgruppe+Dr.+Guth+GmbH+%2526+Co.+KG-10889/ueber,https://www.drguth.de/curschmann-klinik
CVT-Capellmann GmbH & Co. KG,https://www.weltzentrum-der-medizintechnik.de/profil/CVTCapellmann+GmbH+%2526+Co.+KG-421/ueber,http://www.cvt.de
CWG Christian Weber GmbH & Co. KG,https://www.weltzentrum-der-medizintechnik.de/profil/CWG+Christian+Weber+GmbH+%2526+Co.+KG-233/ueber,http://www.premium-precision.com
CWS-CLASSEN Heinz Classen,https://www.weltzentrum-der-medizintechnik.de/profil/CWSCLASSEN+Heinz+Classen-1104/ueber,http://www.cws-classen.de
Canon Medical Systems GmbH,https://www.weltzentrum-der-medizintechnik.de/profil/Canon+Medical+Systems+GmbH-1037/ueber,https://de.medical.canon/
Cantel (Production) Germany GmbH,https://www.weltzentrum-der-medizintechnik.de/profil/Cantel+Production+Germany+GmbH-789/ueber,http://www.cantel-production.eu
Capio Mosel-Eifel-Klinik,https://www.weltzentrum-der-medizintechnik.de/profil/Capio+MoselEifelKlinik-10645/ueber,http://www.venen.de
Caranetic GmbH,https://www.weltzentrum-der-medizintechnik.de/profil/Caranetic+GmbH-1038/ueber,http://www.carenetic.de
Cardiac Science Deutschland GmbH,https://www.weltzentrum-der-medizintechnik.de/profil/Cardiac+Science+Deutschland+GmbH-1039/ueber,http://www.cardiacscience.de
Cardiobridge GmbH,https://www.weltzentrum-der-medizintechnik.de/profil/Cardiobridge+GmbH-614/ueber,https://www.cardiobridge.com/
Caritas-Klinik Dominikus,https://www.weltzentrum-der-medizintechnik.de/profil/CaritasKlinik+Dominikus-10888/ueber,https://www.dominikus-krankenhaus-berlin.org/
Caritas-Klinik Maria Heimsuchung Berlin-Pankow,https://www.weltzentrum-der-medizintechnik.de/profil/CaritasKlinik+Maria+Heimsuchung+BerlinPankow-9496/ueber,http://www.caritas-klinik-pankow.de
Caritas-Klinik St. Marien,https://www.weltzentrum-der-medizintechnik.de/profil/CaritasKlinik+St.+Marien-10763/ueber,https://caritas-klinik-marien.de/
CaritasKlinikum Saarbrücken Standort St. Josef,https://www.weltzentrum-der-medizintechnik.de/profil/CaritasKlinikum+Saarbruecken+Standort+St.+Josef-9497/ueber,http://www.caritasklinikum.de
CaritasKlinikum Saarbrücken Standort St. Theresia,https://www.weltzentrum-der-medizintechnik.de/profil/CaritasKlinikum+Saarbruecken+Standort+St.+Theresia-9498/ueber,http://www.caritasklinikum.de
Caritas-Krankenhaus Bad Mergentheim,https://www.weltzentrum-der-medizintechnik.de/profil/CaritasKrankenhaus+Bad+Mergentheim-9510/ueber,http://www.ckbm.de/ck_badmergentheim/index.php
Caritas-Krankenhaus Lebach,https://www.weltzentrum-der-medizintechnik.de/profil/CaritasKrankenhaus+Lebach-10868/ueber,https://www.caritas-krankenhaus-lebach.de/
Caritas-Krankenhaus St. Lukas,https://www.weltzentrum-der-medizintechnik.de/profil/CaritasKrankenhaus+St.+Lukas-9715/ueber,http://www.goldbergklinik.de
Carl Haas GmbH,https://www.weltzentrum-der-medizintechnik.de/profil/Carl+Haas+GmbH-283/ueber,http://www.carl-haas.de
Carl Zeiss Medi Tec AG,https://www.weltzentrum-der-medizintechnik.de/profil/Carl+Zeiss+Medi+Tec+AG-1042/ueber,https://www.zeiss.com/meditec-ag/home.html
Carl-Thiem-Klinikum Cottbus gGmbH,https://www.weltzentrum-der-medizintechnik.de/profil/CarlThiemKlinikum+Cottbus+gGmbH-9520/ueber,http://www.ctk.de/
Carl-von-Basedow-Klinikum Saalekreis gGmbH,https://www.weltzentrum-der-medizintechnik.de/profil/CarlvonBasedowKlinikum+Saalekreis+gGmbH-9241/ueber,http://klinikum-saalekreis.de
Carmonja GmbH,https://www.weltzentrum-der-medizintechnik.de/profil/Carmonja+GmbH-1044/ueber,http://www.carmonja.com
Carstens Medizinelektronik GmbH,https://www.weltzentrum-der-medizintechnik.de/profil/Carstens+Medizinelektronik+GmbH-1046/ueber,http://www.articulograph.de
Cathamed GmbH,https://www.weltzentrum-der-medizintechnik.de/profil/Cathamed+GmbH-1048/ueber,http://www.cathamed.de
CeMed GmbH,https://www.weltzentrum-der-medizintechnik.de/profil/CeMed+GmbH-540/ueber,http://www.cemed.de
Cell-Max GmbH,https://www.weltzentrum-der-medizintechnik.de/profil/CellMax+GmbH-1051/ueber,http://www.cell-max.de
CellTrend GmbH,https://www.weltzentrum-der-medizintechnik.de/profil/CellTrend+GmbH-532/ueber,http://www.celltrend.de
Celsius42 GmbH,https://www.weltzentrum-der-medizintechnik.de/profil/Celsius42+GmbH-1052/ueber,http://www.celsius42.de
Cenata GmbH,https://www.weltzentrum-der-medizintechnik.de/profil/Cenata+GmbH-657/ueber,http://www.cenata.de
CeramTec GmbH,https://www.weltzentrum-der-medizintechnik.de/profil/CeramTec+GmbH-413/ueber,http://www.ceramtec.de
Champions-Implants GmbH,https://www.weltzentrum-der-medizintechnik.de/profil/ChampionsImplants+GmbH-414/ueber,http://www.championsimplants.com
Charité - Universitätsmedizin Berlin,https://www.weltzentrum-der-medizintechnik.de/profil/Charit%25C3%25A9++Universitaetsmedizin+Berlin-2731/ueber,http://www.charite.de/
Chimaera GmbH,https://www.weltzentrum-der-medizintechnik.de/profil/Chimaera+GmbH-355/ueber,http://www.chimaera.de
Chiromed Medizintechnik GmbH,https://www.weltzentrum-der-medizintechnik.de/profil/Chiromed+Medizintechnik+GmbH-1060/ueber,http://www.chiromed.de
Chiropro GmbH,https://www.weltzentrum-der-medizintechnik.de/profil/Chiropro+GmbH-1061/ueber,http://www.chiropro.de
Chr. Teufel Sohn GmbH,https://www.weltzentrum-der-medizintechnik.de/profil/Chr.+Teufel+Sohn+GmbH-316/ueber,http://www.chr-teufel.de
Christian Kern Kernmed,https://www.weltzentrum-der-medizintechnik.de/profil/Christian+Kern+Kernmed-1062/ueber,http://kernmed.de
Christliches Kinderhospital Osnabrück GmbH,https://www.weltzentrum-der-medizintechnik.de/profil/Christliches+Kinderhospital+Osnabrueck+GmbH-9502/ueber,http://www.christliches-kinderhospital.de/
Christliches Krankenhaus Quakenbrück GmbH,https://www.weltzentrum-der-medizintechnik.de/profil/Christliches+Krankenhaus+Quakenbrueck+GmbH-9511/ueber,http://www.ckq-gmbh.de
"Christophorus Klinik am Schlossgarten, Standort Nottuln",https://www.weltzentrum-der-medizintechnik.de/profil/Christophorus+Klinik+am+Schlossgarten%252C+Standort+Nottuln-9831/ueber,http://www.kas-duelmen.de
Christophorus Klinik am Schlossgarten Dülmen,https://www.weltzentrum-der-medizintechnik.de/profil/Christophorus+Klinik+am+Schlossgarten+Duelmen-9830/ueber,http://www.kas-duelmen.de
"Christophorus Kliniken Coesfeld – Dülmen – Nottuln, Standort Coesfeld",https://www.weltzentrum-der-medizintechnik.de/profil/Christophorus+Kliniken+Coesfeld+%25E2%2580%2593+Duelmen+%25E2%2580%2593+Nottuln%252C+Standort+Coesfeld-9503/ueber,http://www.christophorus-kliniken.de
Circle Institute GmbH,https://www.weltzentrum-der-medizintechnik.de/profil/Circle+Institute+GmbH-1063/ueber,http://www.circle-institute.com
Citizen Machinery Europe GmbH,https://www.weltzentrum-der-medizintechnik.de/profil/Citizen+Machinery+Europe+GmbH-637/ueber,https://www.citizen.de/
CleanControlling Medical GmbH & Co. KG,https://www.weltzentrum-der-medizintechnik.de/profil/CleanControlling+Medical+GmbH+%2526+Co.+KG-484/ueber,https://www.cleancontrolling.com/medical
Climedo,https://www.weltzentrum-der-medizintechnik.de/profil/Climedo-2442/ueber,http://www.climedo.de
ClinicCare GmbH,https://www.weltzentrum-der-medizintechnik.de/profil/ClinicCare+GmbH-1064/ueber,http://www.cliniccare.de
Communications & Power Industries International Inc. Zweigniederlassung Muenchen,https://www.weltzentrum-der-medizintechnik.de/profil/Communications+%2526+Power+Industries+International+Inc.+Zweigniederlassung+Muenchen-1076/ueber,http://www.cpii.com
Compumedics Germany GmbH,https://www.weltzentrum-der-medizintechnik.de/profil/Compumedics+Germany+GmbH-566/ueber,http://www.dwl.de
Condor Custom Solutions GmbH & Co. KG,https://www.weltzentrum-der-medizintechnik.de/profil/Condor+Custom+Solutions+GmbH+%2526+Co.+KG-1078/ueber,http://www.hjs-gmbh.com
Confido Pharma GmbH,https://www.weltzentrum-der-medizintechnik.de/profil/Confido+Pharma+GmbH-1079/ueber,http://www.confido-pharma.de
Corscience GmbH & Co. KG,https://www.weltzentrum-der-medizintechnik.de/profil/Corscience+GmbH+%2526+Co.+KG-1089/ueber,http://www.corscience.de
Cosmitec Vertriebs GmbH,https://www.weltzentrum-der-medizintechnik.de/profil/Cosmitec+Vertriebs+GmbH-1093/ueber,http://www.cosmitec.de
Cosmoderm Reichert GmbH,https://www.weltzentrum-der-medizintechnik.de/profil/Cosmoderm+Reichert+GmbH-1094/ueber,http://www.cosmoderm.de
Courage + Khazaka Electronic GmbH,https://www.weltzentrum-der-medizintechnik.de/profil/Courage+%252B+Khazaka+Electronic+GmbH-1095/ueber,http://www.courage-khazaka.de
Creamed GmbH & Co. Produktions- und Handels KG,https://www.weltzentrum-der-medizintechnik.de/profil/Creamed+GmbH+%2526+Co.+Produktions+und+Handels+KG-743/ueber,http://www.creamed.de
Critical Software GmbH,https://www.weltzentrum-der-medizintechnik.de/profil/Critical+Software+GmbH-2494/ueber,https://criticalsoftware.com/
Cryotherapeutics GmbH,https://www.weltzentrum-der-medizintechnik.de/profil/Cryotherapeutics+GmbH-1097/ueber,http://www.cryotherapeutics.com
Cuno Stamm GmbH & Co. KG,https://www.weltzentrum-der-medizintechnik.de/profil/Cuno+Stamm+GmbH+%2526+Co.+KG-2477/ueber,http://www.cuno-stamm.com
Curtius Klinik,https://www.weltzentrum-der-medizintechnik.de/profil/Curtius+Klinik-9522/ueber,http://www.curtius-klinik.de
Cusanus Krankenhaus Bernkastel-Kues,https://www.weltzentrum-der-medizintechnik.de/profil/Cusanus+Krankenhaus+BernkastelKues-11306/ueber,https://www.verbund-krankenhaus.de
Cytocentrics Bioscience GmbH,https://www.weltzentrum-der-medizintechnik.de/profil/Cytocentrics+Bioscience+GmbH-1105/ueber,http://www.cytocentrics.com/
D & K Technologies GmbH,https://www.weltzentrum-der-medizintechnik.de/profil/D+%2526+K+Technologies+GmbH-1107/ueber,http://www.dktech.de
D-A-CH Medical Group GmbH,https://www.weltzentrum-der-medizintechnik.de/profil/DACH+Medical+Group+GmbH-1106/ueber,http://www.dach-medical-group.com
DANmed/STERIS Deutschland GmbH,https://www.weltzentrum-der-medizintechnik.de/profil/DANmedSTERIS+Deutschland+GmbH-697/ueber,http://www.danmed.de/
DARMVITAL - Fachhandel für Gesundheit OHG,https://www.weltzentrum-der-medizintechnik.de/profil/DARMVITAL++Fachhandel+fuer+Gesundheit+OHG-1112/ueber,http://www.darmvital.net
DCS Innovative Diagnostik-Systeme Dr. Christian Sartori GmbH & Co. KG,https://www.weltzentrum-der-medizintechnik.de/profil/DCS+Innovative+DiagnostikSysteme+Dr.+Christian+Sartori+GmbH+%2526+Co.+KG-1113/ueber,http://www.dcs-diagnostics.de/
DEWIMED Medizintechnik GmbH,https://www.weltzentrum-der-medizintechnik.de/profil/DEWIMED+Medizintechnik+GmbH-755/ueber,http://www.dewimed.de/
DFine Europe GmbH,https://www.weltzentrum-der-medizintechnik.de/profil/DFine+Europe+GmbH-1138/ueber,http://www.dfine.eu
DIAKO Krankenhaus gGmbH,https://www.weltzentrum-der-medizintechnik.de/profil/DIAKO+Krankenhaus+gGmbH-9540/ueber,http://www.diako.de
DIAKO Nordfriesland gGmbH (Fachklinik für Psychiatrie und Psychosomatik - stat. Angebote),https://www.weltzentrum-der-medizintechnik.de/profil/DIAKO+Nordfriesland+gGmbH+Fachklinik+fuer+Psychiatrie+und+Psychosomatik++stat.+Angebote-9544/ueber,http://www.diako-nf.de
DIAKO Nordfriesland gGmbH (Tagesklinik Breklum),https://www.weltzentrum-der-medizintechnik.de/profil/DIAKO+Nordfriesland+gGmbH+Tagesklinik+Breklum-9545/ueber,http://www.diako-nf.de
DIAKO Nordfriesland gGmbH (Tagesklinik Husum),https://www.weltzentrum-der-medizintechnik.de/profil/DIAKO+Nordfriesland+gGmbH+Tagesklinik+Husum-9546/ueber,http://www.diako-nf.de
DIAKO Nordfriesland gGmbH (Tagesklinik Niebüll),https://www.weltzentrum-der-medizintechnik.de/profil/DIAKO+Nordfriesland+gGmbH+Tagesklinik+Niebuell-9547/ueber,http://www.diako-nf.de
DIAKOVERE Annastift,https://www.weltzentrum-der-medizintechnik.de/profil/DIAKOVERE+Annastift-10884/ueber,https://www.diakovere.de/unternehmen-mehr/krankenhaeuser/annastift/
DIAKOVERE Friederikenstift,https://www.weltzentrum-der-medizintechnik.de/profil/DIAKOVERE+Friederikenstift-9558/ueber,http://www.diakovere.de/friederikenstift
DIAKOVERE Henriettenstift,https://www.weltzentrum-der-medizintechnik.de/profil/DIAKOVERE+Henriettenstift-9559/ueber,http://www.diakovere.de/henriettenstift
DIMEDA Instrumente GmbH,https://www.weltzentrum-der-medizintechnik.de/profil/DIMEDA+Instrumente+GmbH-11/ueber,http://www.dimeda.de/
DIXI Polytool GmbH,https://www.weltzentrum-der-medizintechnik.de/profil/DIXI+Polytool+GmbH-409/ueber,https://dixipolytool.ch/
DKD HELIOS Klinik Wiesbaden,https://www.weltzentrum-der-medizintechnik.de/profil/DKD+HELIOS+Klinik+Wiesbaden-2824/ueber,http://www.helios-kliniken.de/wiesbaden-dkd
DMB Apparatebau GmbH - Lohnsterilisation & Ethylenoxid Sterilisatoren,https://www.weltzentrum-der-medizintechnik.de/profil/DMB+Apparatebau+GmbH++Lohnsterilisation+%2526+Ethylenoxid+Sterilisatoren-1157/ueber,http://www.dmb-apparatebau.de
DONAUISAR Klinikum Deggendorf,https://www.weltzentrum-der-medizintechnik.de/profil/DONAUISAR+Klinikum+Deggendorf-9566/ueber,http://www.donau-isar-klinikum.de
DOXS Medizinbedarf - Ein Geschäftsbereich der ahc medical support GmbH,https://www.weltzentrum-der-medizintechnik.de/profil/DOXS+Medizinbedarf++Ein+Geschaeftsbereich+der+ahc+medical+support+GmbH-1167/ueber,https://www.doxs-medizinbedarf.de
DQS Medizinprodukte GmbH,https://www.weltzentrum-der-medizintechnik.de/profil/DQS+Medizinprodukte+GmbH-592/ueber,http://www.dqs-med.de
"DR. FONTHEIM, Klinik für Psychiatrie, Psychotherapie und Psychosomatik",https://www.weltzentrum-der-medizintechnik.de/profil/DR.+FONTHEIM%252C+Klinik+fuer+Psychiatrie%252C+Psychotherapie+und+Psychosomatik-10914/ueber,https://www.fontheim.de
DRG Instruments GmbH,https://www.weltzentrum-der-medizintechnik.de/profil/DRG+Instruments+GmbH-1190/ueber,http://www.drg-diagnostics.de
DRK Fachklinik Bad Neuenahr Tagesklinik Daun,https://www.weltzentrum-der-medizintechnik.de/profil/DRK+Fachklinik+Bad+Neuenahr+Tagesklinik+Daun-11350/ueber,https://www-drk-fk-badneuenahr.de
"DRK Fachklinik Bad Neuenahr für Kinder- und Jugendpsychiatrie, Psychotherapie",https://www.weltzentrum-der-medizintechnik.de/profil/DRK+Fachklinik+Bad+Neuenahr+fuer+Kinder+und+Jugendpsychiatrie%252C+Psychotherapie-11349/ueber,https://www-drk-fk-badneuenahr.de
DRK Kamillus Klinik Asbach,https://www.weltzentrum-der-medizintechnik.de/profil/DRK+Kamillus+Klinik+Asbach-10891/ueber,https://www.drk-kamillus-klinik.de
DRK Klinik Mettlach für Geriatrie und Rehabilitation,https://www.weltzentrum-der-medizintechnik.de/profil/DRK+Klinik+Mettlach+fuer+Geriatrie+und+Rehabilitation-10898/ueber,https://www.drk-kliniken-saar.de/sr/mettlach/
DRK Kliniken Berlin Köpenick,https://www.weltzentrum-der-medizintechnik.de/profil/DRK+Kliniken+Berlin+Koepenick-9583/ueber,https://www.drk-kliniken-berlin.de/koepenick
DRK Kliniken Berlin Mitte,https://www.weltzentrum-der-medizintechnik.de/profil/DRK+Kliniken+Berlin+Mitte-10897/ueber,https://www.drk-kliniken-berlin.de/mitte/krankenhaus-mitte/
DRK Kliniken Berlin Westend,https://www.weltzentrum-der-medizintechnik.de/profil/DRK+Kliniken+Berlin+Westend-9581/ueber,http://www.drk-kliniken-berlin.de
DRK Kliniken Berlin Wiegmann Klinik,https://www.weltzentrum-der-medizintechnik.de/profil/DRK+Kliniken+Berlin+Wiegmann+Klinik-9582/ueber,http://www.drk-kliniken-berlin.de
DRK Krankenhaus Altenkirchen-Hachenburg (AK),https://www.weltzentrum-der-medizintechnik.de/profil/DRK+Krankenhaus+AltenkirchenHachenburg+AK-10892/ueber,https://www.drk-kh-altenkirchen.de
DRK Krankenhaus Altenkirchen-Hachenburg (HB),https://www.weltzentrum-der-medizintechnik.de/profil/DRK+Krankenhaus+AltenkirchenHachenburg+HB-10894/ueber,https://www.drk-kh-hachenburg.de
DRK Krankenhaus Alzey,https://www.weltzentrum-der-medizintechnik.de/profil/DRK+Krankenhaus+Alzey-10893/ueber,https://www.drk-kh-alzey.de
DRK Krankenhaus Biedenkopf,https://www.weltzentrum-der-medizintechnik.de/profil/DRK+Krankenhaus+Biedenkopf-10890/ueber,https://www.drk-biedenkopf.de
DRK Kreisverband Tuttlingen e.V.,https://www.weltzentrum-der-medizintechnik.de/profil/DRK+Kreisverband+Tuttlingen+e.V.-809/ueber,https://www.drk-tut.de
DRK Schmerz-Zentrum Mainz,https://www.weltzentrum-der-medizintechnik.de/profil/DRK+SchmerzZentrum+Mainz-10901/ueber,https://www.drk-schmerz-zentrum.de
DRK Tagesklinik Bad Kreuznach,https://www.weltzentrum-der-medizintechnik.de/profil/DRK+Tagesklinik+Bad+Kreuznach-10902/ueber,https://www.drk-tk-badkreuznach.de
DRK-Fachklinik Hahnknüll gGmbH,https://www.weltzentrum-der-medizintechnik.de/profil/DRKFachklinik+Hahnknuell+gGmbH-10900/ueber,https://www.drk-nms.de
DRK-Kinderklinik Siegen,https://www.weltzentrum-der-medizintechnik.de/profil/DRKKinderklinik+Siegen-9580/ueber,https://www.drk-kinderklinik.de/
DRK-Kliniken Nordhessen Gemeinnützige GmbH Standort Kaufungen,https://www.weltzentrum-der-medizintechnik.de/profil/DRKKliniken+Nordhessen+Gemeinnuetzige+GmbH+Standort+Kaufungen-9586/ueber,http://www.drk-nh.de
DRK-Krankenhaus Clementinenhaus,https://www.weltzentrum-der-medizintechnik.de/profil/DRKKrankenhaus+Clementinenhaus-9514/ueber,http://www.clementinenhaus.de/
DRK-Krankenhaus Grevesmühlen gGmbH,https://www.weltzentrum-der-medizintechnik.de/profil/DRKKrankenhaus+Grevesmuehlen+gGmbH-9578/ueber,http://www.drk-kh-gvm.de
DRK-Krankenhaus Mecklenburg-Strelitz gGmbH,https://www.weltzentrum-der-medizintechnik.de/profil/DRKKrankenhaus+MecklenburgStrelitz+gGmbH-9585/ueber,http://www.drkmst.de
DRK-Krankenhaus Mölln-Ratzeburg gGmbH,https://www.weltzentrum-der-medizintechnik.de/profil/DRKKrankenhaus+MoellnRatzeburg+gGmbH-9584/ueber,https://www.drk-krankenhaus.de/home/
DRK-Norddeutsches Epilepsiezentrum für Kinder und Jugendliche,https://www.weltzentrum-der-medizintechnik.de/profil/DRKNorddeutsches+Epilepsiezentrum+fuer+Kinder+und+Jugendliche-9577/ueber,http://www.drk-epilepsiezentrum.de
DUFNER Instrumente GmbH,https://www.weltzentrum-der-medizintechnik.de/profil/DUFNER+Instrumente+GmbH-122/ueber,http://www.dufner-tuttlingen.de/
DZD Deutscher Zertifizierungsdienst UG (haftungsbeschränkt),https://www.weltzentrum-der-medizintechnik.de/profil/DZD+Deutscher+Zertifizierungsdienst+UG+haftungsbeschraenkt-1196/ueber,http://dzdcert.de
Dahlhausen Medizintechnik GmbH,https://www.weltzentrum-der-medizintechnik.de/profil/Dahlhausen+Medizintechnik+GmbH-1108/ueber,http://www.dahlhausen.de
Dalberg Klinik Fulda,https://www.weltzentrum-der-medizintechnik.de/profil/Dalberg+Klinik+Fulda-9523/ueber,http://www.dalberg-klinik.de
Damar & Hagen Stecksysteme GmbH,https://www.weltzentrum-der-medizintechnik.de/profil/Damar+%2526+Hagen+Stecksysteme+GmbH-11372/ueber,http://www.damar-hagen.de
Dammeyer + Selzer Inh. Thomas Bruckmeir,https://www.weltzentrum-der-medizintechnik.de/profil/Dammeyer+%252B+Selzer+Inh.+Thomas+Bruckmeir-1109/ueber,http://www.dammeyer-selzer.de
DanFlex GmbH,https://www.weltzentrum-der-medizintechnik.de/profil/DanFlex+GmbH-1110/ueber,http://www.danflex.de
Darmstädter Kinderkliniken Prinzessin Margaret,https://www.weltzentrum-der-medizintechnik.de/profil/Darmstaedter+Kinderkliniken+Prinzessin+Margaret-9879/ueber,http://www.kinderkliniken.de
Das Fraunhofer-Institut für Arbeitswirtschaft und Organisation IAO,https://www.weltzentrum-der-medizintechnik.de/profil/Das+FraunhoferInstitut+fuer+Arbeitswirtschaft+und+Organisation+IAO-646/ueber,https://www.iao.fraunhofer.de/
Dausch Medizintechnik GmbH,https://www.weltzentrum-der-medizintechnik.de/profil/Dausch+Medizintechnik+GmbH-119/ueber,http://www.dausch.com/
DeMaTec Art of Frame,https://www.weltzentrum-der-medizintechnik.de/profil/DeMaTec+Art+of+Frame-1121/ueber,http://www.dematec.org
Deckert Medizintechnik GmbH,https://www.weltzentrum-der-medizintechnik.de/profil/Deckert+Medizintechnik+GmbH-1114/ueber,http://www.dmt-med.de
DecouVie GmbH,https://www.weltzentrum-der-medizintechnik.de/profil/DecouVie+GmbH-1115/ueber,http://www.decouvie.com
Deister Süntel Klinik,https://www.weltzentrum-der-medizintechnik.de/profil/Deister+Suentel+Klinik-9593/ueber,http://www.dsk-bm.de
Dendor Medical GmbH,https://www.weltzentrum-der-medizintechnik.de/profil/Dendor+Medical+GmbH-1122/ueber,http://www.dendor.eu
Dental Depot R. Spörrer e.K.,https://www.weltzentrum-der-medizintechnik.de/profil/Dental+Depot+R.+Spoerrer+e.K.-1124/ueber,http://www.spoerrer-dental.de
Dental Innovation GmbH DDI-Group,https://www.weltzentrum-der-medizintechnik.de/profil/Dental+Innovation+GmbH+DDIGroup-1126/ueber,https://ddi-group.de
Dentaurum GmbH & Co. KG,https://www.weltzentrum-der-medizintechnik.de/profil/Dentaurum+GmbH+%2526+Co.+KG-2479/ueber,https://www.dentaurum.de/privatelabel
Dentika GmbH,https://www.weltzentrum-der-medizintechnik.de/profil/Dentika+GmbH-1132/ueber,http://www.dentika.de
Dentsply Sirona Deutschland GmbH,https://www.weltzentrum-der-medizintechnik.de/profil/Dentsply+Sirona+Deutschland+GmbH-1133/ueber,https://www.dentsplysirona.com/de-de
Depotmed GmbH & Co. KG,https://www.weltzentrum-der-medizintechnik.de/profil/Depotmed+GmbH+%2526+Co.+KG-1134/ueber,http://www.depotmed.de
"Deutsches Herzzentrum Berlin, Stiftung des bürgerlichen Rechts",https://www.weltzentrum-der-medizintechnik.de/profil/Deutsches+Herzzentrum+Berlin%252C+Stiftung+des+buergerlichen+Rechts-9536/ueber,http://www.dhzb.de
Deutsches Herzzentrum München des Freistaates Bayern,https://www.weltzentrum-der-medizintechnik.de/profil/Deutsches+Herzzentrum+Muenchen+des+Freistaates+Bayern-9535/ueber,http://www.dhm.mhn.de
Deutsches Rotes Kreuz Krankenhaus Lichtenstein Gemeinnützige GmbH,https://www.weltzentrum-der-medizintechnik.de/profil/Deutsches+Rotes+Kreuz+Krankenhaus+Lichtenstein+Gemeinnuetzige+GmbH-9255/ueber,http://li.drk-khs.de/
Deutsches Zentrum für Kinder- und Jugendrheumatologie,https://www.weltzentrum-der-medizintechnik.de/profil/Deutsches+Zentrum+fuer+Kinder+und+Jugendrheumatologie-11200/ueber,https://www.rheuma-kinderklinik.de/rheuma-zentrum
DeutschlandHAS Medizintechnik & Projektierung GmbH,https://www.weltzentrum-der-medizintechnik.de/profil/DeutschlandHAS+Medizintechnik+%2526+Projektierung+GmbH-1118/ueber,http://www.DeutschlandHAS.de
DeutschlandLTA TECH GMBH,https://www.weltzentrum-der-medizintechnik.de/profil/DeutschlandLTA+TECH+GMBH-1119/ueber,http://www.delta-scan.de
DeutschlandLTAMEDICA GmbH,https://www.weltzentrum-der-medizintechnik.de/profil/DeutschlandLTAMEDICA+GmbH-1120/ueber,http://www.alleman-pharma.de
DeutschlandNTAL-DeutschlandSIGN KLAUS SCHNELLBÄCHER E.KFM.,https://www.weltzentrum-der-medizintechnik.de/profil/DeutschlandNTALDeutschlandSIGN+KLAUS+SCHNELLB%25C3%2584CHER+E.KFM.-1125/ueber,http://www.dental-design.de
DeutschlandRMKOS Dermatologische Kosmetik an der Erft,https://www.weltzentrum-der-medizintechnik.de/profil/DeutschlandRMKOS+Dermatologische+Kosmetik+an+der+Erft-1135/ueber,http://www.dermkos.de
DeutschlandUTSCHMANN INSTRUMENTS Inh. Wolfgang Deutschmann e. K.,https://www.weltzentrum-der-medizintechnik.de/profil/DeutschlandUTSCHMANN+INSTRUMENTS+Inh.+Wolfgang+Deutschmann+e.+K.-1136/ueber,http://www.deutschmann-instruments.de
DeutschlandWERT Labortechnik H. Dewert e.K.,https://www.weltzentrum-der-medizintechnik.de/profil/DeutschlandWERT+Labortechnik+H.+Dewert+e.K.-1137/ueber,https://dewert-labortechnik.de/
DiaMed. Diagnostica Med. Produkte GmbH,https://www.weltzentrum-der-medizintechnik.de/profil/DiaMed.+Diagnostica+Med.+Produkte+GmbH-1143/ueber,http://www.diameddiagnostika.de
Diabetes Klinik,https://www.weltzentrum-der-medizintechnik.de/profil/Diabetes+Klinik-9539/ueber,http://www.diabetes-zentrum.de
Diabeteszentrum Bad Lauterberg,https://www.weltzentrum-der-medizintechnik.de/profil/Diabeteszentrum+Bad+Lauterberg-9538/ueber,http://www.diabeteszentrum.de
Diagnostica GmbH,https://www.weltzentrum-der-medizintechnik.de/profil/Diagnostica+GmbH-1139/ueber,http://www.diagnostica-stuttgart.de
Diagnostische Systeme Vertriebs GmbH,https://www.weltzentrum-der-medizintechnik.de/profil/Diagnostische+Systeme+Vertriebs+GmbH-1140/ueber,http://www.neurocard.de
Diakonie Klinikum Krankenhaus Bethesda,https://www.weltzentrum-der-medizintechnik.de/profil/Diakonie+Klinikum+Krankenhaus+Bethesda-10151/ueber,http://www.krankenhaus-bethesda.de/start/
Diakonie Krankenhaus Standort Kirn,https://www.weltzentrum-der-medizintechnik.de/profil/Diakonie+Krankenhaus+Standort+Kirn-11095/ueber,https://www.kreuznacherdiakonie.de/krankenhaeuser/diakonie-krankenhaus-kirn/
Diakonie Krankenhaus kreuznacher diakonie,https://www.weltzentrum-der-medizintechnik.de/profil/Diakonie+Krankenhaus+kreuznacher+diakonie-11094/ueber,https://www.kreuznacherdiakonie.de/krankenhaeuser/diakonie-krankenhaus-bad-kreuznach/
Diakonie-Klinik Mosbach,https://www.weltzentrum-der-medizintechnik.de/profil/DiakonieKlinik+Mosbach-9548/ueber,http://www.diakonie-klinik-mosbach.de
Diakonie-Klinikum Schwäbisch Hall gGmbH,https://www.weltzentrum-der-medizintechnik.de/profil/DiakonieKlinikum+Schwaebisch+Hall+gGmbH-9527/ueber,http://www.dasdiak-klinikum.de
Diakonie-Krankenhaus Elbingerode,https://www.weltzentrum-der-medizintechnik.de/profil/DiakonieKrankenhaus+Elbingerode-9541/ueber,http://www.diako-harz.de
Diakonie-Krankenhaus Wehrda,https://www.weltzentrum-der-medizintechnik.de/profil/DiakonieKrankenhaus+Wehrda-9565/ueber,http://www.dkh-wehrda.de/
Diakoniekrankenhaus Halle gGmbH,https://www.weltzentrum-der-medizintechnik.de/profil/Diakoniekrankenhaus+Halle+gGmbH-10882/ueber,https://www.diakoniekrankenhaus-halle.de/
Diakoniewerk München-Maxvorstadt,https://www.weltzentrum-der-medizintechnik.de/profil/Diakoniewerk+MuenchenMaxvorstadt-9552/ueber,http://www.diakoniewerk-muenchen.de
Diakonissenkrankenhaus Dresden,https://www.weltzentrum-der-medizintechnik.de/profil/Diakonissenkrankenhaus+Dresden-9556/ueber,http://www.diakonissenkrankenhaus-dresden.de
Diakonissenkrankenhaus Mannheim,https://www.weltzentrum-der-medizintechnik.de/profil/Diakonissenkrankenhaus+Mannheim-10876/ueber,https://www.diako-mannheim.de/
Dialab Inh. Sabine Niester e.K.,https://www.weltzentrum-der-medizintechnik.de/profil/Dialab+Inh.+Sabine+Niester+e.K.-1141/ueber,http://www.dialab.info
Diana Krankenhausbetriebsgesellschaft mbH,https://www.weltzentrum-der-medizintechnik.de/profil/Diana+Krankenhausbetriebsgesellschaft+mbH-9560/ueber,http://www.diana-klinik.de/
Die Filderklinik gGmbH,https://www.weltzentrum-der-medizintechnik.de/profil/Die+Filderklinik+gGmbH-9681/ueber,http://www.filderklinik.de/
Diers International GmbH,https://www.weltzentrum-der-medizintechnik.de/profil/Diers+International+GmbH-1150/ueber,http://www.diers.de
Dieter Aichele,https://www.weltzentrum-der-medizintechnik.de/profil/Dieter+Aichele-1151/ueber,http://www.aichele-medico.ch
Dieter Marquardt Medizintechnik GmbH,https://www.weltzentrum-der-medizintechnik.de/profil/Dieter+Marquardt+Medizintechnik+GmbH-677/ueber,http://www.marquardt-medizintechnik.de/
Dietrich-Bonhoeffer-Klinikum Standort Neubrandenburg,https://www.weltzentrum-der-medizintechnik.de/profil/DietrichBonhoefferKlinikum+Standort+Neubrandenburg-9531/ueber,http://www.dbknb.de
Dietrich-Bonhoeffer-Klinikum Standort Neustrelitz,https://www.weltzentrum-der-medizintechnik.de/profil/DietrichBonhoefferKlinikum+Standort+Neustrelitz-9532/ueber,http://www.dbknb.de
Dill Kliniken,https://www.weltzentrum-der-medizintechnik.de/profil/Dill+Kliniken-10221/ueber,http://www.lahn-dill-kliniken.de
Dipl.-Ing. Brecht GmbH,https://www.weltzentrum-der-medizintechnik.de/profil/Dipl.Ing.+Brecht+GmbH-11371/ueber,http://www.brechtgmbh.com
Dipl.-Ing. Mackert GmbH,https://www.weltzentrum-der-medizintechnik.de/profil/Dipl.Ing.+Mackert+GmbH-1152/ueber,http://www.imt-mackert.de
Dipl.-Ing. Omar Saad,https://www.weltzentrum-der-medizintechnik.de/profil/Dipl.Ing.+Omar+Saad-1153/ueber,http://www.2hand4sale.de
Dipl.-Ing. Uwe Flammer - Ingenieurbüro für Medizintechnik,https://www.weltzentrum-der-medizintechnik.de/profil/Dipl.Ing.+Uwe+Flammer++Ingenieurbuero+fuer+Medizintechnik-1154/ueber,http://www.flammer-med.de
DocuMix GmbH,https://www.weltzentrum-der-medizintechnik.de/profil/DocuMix+GmbH-1162/ueber,http://www.documix.de
Donat-Elektronik,https://www.weltzentrum-der-medizintechnik.de/profil/DonatElektronik-1163/ueber,http://www.donat-electronic.de
Donau Wertarbeit GmbH & Co. KG - Ihr Partner zum Thema Personal,https://www.weltzentrum-der-medizintechnik.de/profil/Donau+Wertarbeit+GmbH+%2526+Co.+KG++Ihr+Partner+zum+Thema+Personal-804/ueber,http://www.donau-wertarbeit.de
Donau-Ries Klinik Donauwörth,https://www.weltzentrum-der-medizintechnik.de/profil/DonauRies+Klinik+Donauwoerth-9570/ueber,http://www.donkliniken.de
Donau-Ries-Klinik Oettingen,https://www.weltzentrum-der-medizintechnik.de/profil/DonauRiesKlinik+Oettingen-9572/ueber,http://www.donkliniken.de
Donauklinik Neu-Ulm,https://www.weltzentrum-der-medizintechnik.de/profil/Donauklinik+NeuUlm-9569/ueber,http://www.donauklinik-neu-ulm.de
Doppkon GmbH & Co. KG,https://www.weltzentrum-der-medizintechnik.de/profil/Doppkon+GmbH+%2526+Co.+KG-639/ueber,http://www.doppkon.de
Dora Krankenhausbedarf Handelsgesellschaft mbH,https://www.weltzentrum-der-medizintechnik.de/profil/Dora+Krankenhausbedarf+Handelsgesellschaft+mbH-1164/ueber,http://www.dora-gmbh.de
Dormed Vertriebsgesellschaft für medizinische Systeme mbH,https://www.weltzentrum-der-medizintechnik.de/profil/Dormed+Vertriebsgesellschaft+fuer+medizinische+Systeme+mbH-1165/ueber,https://www.sonoring.de/
Dornier MedTech Europe GmbH,https://www.weltzentrum-der-medizintechnik.de/profil/Dornier+MedTech+Europe+GmbH-1166/ueber,http://www.dornier.com
Dr. Andreas Penno,https://www.weltzentrum-der-medizintechnik.de/profil/Dr.+Andreas+Penno-1168/ueber,http://www.dr-penno.de
Dr. Berndsen GmbH,https://www.weltzentrum-der-medizintechnik.de/profil/Dr.+Berndsen+GmbH-1169/ueber,https://drberndsen.de
Dr. Dr. Peter Fahrenkrug,https://www.weltzentrum-der-medizintechnik.de/profil/Dr.+Dr.+Peter+Fahrenkrug-1170/ueber,http://tierzahnheilkunde-seminare.de
Dr. Ebel Fachkliniken GmbH & Co. Vogelsbergklinik KG,https://www.weltzentrum-der-medizintechnik.de/profil/Dr.+Ebel+Fachkliniken+GmbH+%2526+Co.+Vogelsbergklinik+KG-10702/ueber,http://www.vogelsbergklinik.de
Dr. Fritz Faulhaber GmbH & Co. KG,https://www.weltzentrum-der-medizintechnik.de/profil/Dr.+Fritz+Faulhaber+GmbH+%2526+Co.+KG-2424/ueber,http://www.faulhaber.com
Dr. Fritz GmbH,https://www.weltzentrum-der-medizintechnik.de/profil/Dr.+Fritz+GmbH-121/ueber,http://www.dr-fritz.de/
Dr. Frühauf Klinik OHG,https://www.weltzentrum-der-medizintechnik.de/profil/Dr.+Fruehauf+Klinik+OHG-11024/ueber,https://www.klinik-dr-fruehauf.de
Dr. Gerhard Schmidt GmbH,https://www.weltzentrum-der-medizintechnik.de/profil/Dr.+Gerhard+Schmidt+GmbH-1171/ueber,http://www.dasekg.de
Dr. Hönle Medizintechnik GmbH,https://www.weltzentrum-der-medizintechnik.de/profil/Dr.+Hoenle+Medizintechnik+GmbH-1173/ueber,http://www.drhoenle.de
Dr. Paul Koch GmbH,https://www.weltzentrum-der-medizintechnik.de/profil/Dr.+Paul+Koch+GmbH-1177/ueber,http://www.dr-koch.de
Dr. Recknagel Gesundheitsservice GmbH,https://www.weltzentrum-der-medizintechnik.de/profil/Dr.+Recknagel+Gesundheitsservice+GmbH-1178/ueber,https://www.dr-recknagel.de/
Dr. Römer Kliniken - Akutklinik,https://www.weltzentrum-der-medizintechnik.de/profil/Dr.+Roemer+Kliniken++Akutklinik-10480/ueber,http://www.roemerklinik.de
Dr. Rüdel GmbH,https://www.weltzentrum-der-medizintechnik.de/profil/Dr.+Ruedel+GmbH-1180/ueber,http://www.walter-cmp.de
Dr. Wolf-Dieter Keutterling,https://www.weltzentrum-der-medizintechnik.de/profil/Dr.+WolfDieter+Keutterling-1187/ueber,http://www.keutterling.de
Dr. von Ehrenwallsche Klinik,https://www.weltzentrum-der-medizintechnik.de/profil/Dr.+von+Ehrenwallsche+Klinik-9599/ueber,http://www.ehrenwall.de
Dr.-Ing. Ulrich Holzwarth,https://www.weltzentrum-der-medizintechnik.de/profil/Dr.Ing.+Ulrich+Holzwarth-1175/ueber,http://www.med-titan.de
Dr.Udo Steinmann e.K.,https://www.weltzentrum-der-medizintechnik.de/profil/Dr.Udo+Steinmann+e.K.-1182/ueber,http://www.lithomed.de
DrClark24.de Inh. Anne Göttling,https://www.weltzentrum-der-medizintechnik.de/profil/DrClark24.de+Inh.+Anne+Goettling-1189/ueber,http://www.drclark24.de
Dräger Medical Deutschland GmbH,https://www.weltzentrum-der-medizintechnik.de/profil/Draeger+Medical+Deutschland+GmbH-1188/ueber,http://www.draeger.com
Dreher Präzisionsdrehteile GmbH,https://www.weltzentrum-der-medizintechnik.de/profil/Dreher+Praezisionsdrehteile+GmbH+-234/ueber,http://www.dreher-cnc.de
Dreifaltigkeits-Hospital,https://www.weltzentrum-der-medizintechnik.de/profil/DreifaltigkeitsHospital-9573/ueber,http://www.dreifaltigkeits-hospital.de
Duale Hochschule Baden-Württemberg Villingen-Schwenningen,https://www.weltzentrum-der-medizintechnik.de/profil/Duale+Hochschule+BadenWuerttemberg+VillingenSchwenningen-2402/ueber,https://www.dhbw-vs.de/
Duda Kunststofftechnik,https://www.weltzentrum-der-medizintechnik.de/profil/Duda+Kunststofftechnik-1191/ueber,http://www.duda-kunststofftechnik.de
Duo Med GmbH,https://www.weltzentrum-der-medizintechnik.de/profil/Duo+Med+GmbH-1193/ueber,http://www.duo-med.com/epages/61465016.sf/de_Deutschland/?ObjectPath=/Shops/61465016/Categories
E + S Medizinservice oHG,https://www.weltzentrum-der-medizintechnik.de/profil/E+%252B+S+Medizinservice+oHG-1198/ueber,http://www.es-med.de
E. G. Vörling KG,https://www.weltzentrum-der-medizintechnik.de/profil/E.+G.+Voerling+KG-537/ueber,http://www.voerling.de/
E. J. Trautner,https://www.weltzentrum-der-medizintechnik.de/profil/E.+J.+Trautner-1197/ueber,http://www.sv-trautner.de
E. Link & Co. GmbH,https://www.weltzentrum-der-medizintechnik.de/profil/E.+Link+%2526+Co.+GmbH-462/ueber,http://www.link-tuttlingen.de
EBS Technologies GmbH,https://www.weltzentrum-der-medizintechnik.de/profil/EBS+Technologies+GmbH-1201/ueber,http://www.ebstech.de
EGA Electronic Gerätebau GmbH,https://www.weltzentrum-der-medizintechnik.de/profil/EGA+Electronic+Geraetebau+GmbH-1212/ueber,http://www.ega-gmbh.com
EKA Erzgebirgsklinikum Annaberg gGmbH,https://www.weltzentrum-der-medizintechnik.de/profil/EKA+Erzgebirgsklinikum+Annaberg+gGmbH-9636/ueber,http://www.erzgebirgsklinikum.de/
EKU Elektronik GmbH,https://www.weltzentrum-der-medizintechnik.de/profil/EKU+Elektronik+GmbH-1218/ueber,https://www.eku-elektronik.de
ELBLAND Rehabilitationsklinik Großenhain,https://www.weltzentrum-der-medizintechnik.de/profil/ELBLAND+Rehabilitationsklinik+Grossenhain-9625/ueber,http://www.elbland-reha.de
"ELBLANDKLINIKEN Stiftung & Co. KG, ELBLANDKLINIKUM Meißen",https://www.weltzentrum-der-medizintechnik.de/profil/ELBLANDKLINIKEN+Stiftung+%2526+Co.+KG%252C+ELBLANDKLINIKUM+Meissen-9622/ueber,http://www.elblandkliniken.de
"ELBLANDKLINIKEN Stiftung & Co. KG, ELBLANDKLINIKUM Radebeul",https://www.weltzentrum-der-medizintechnik.de/profil/ELBLANDKLINIKEN+Stiftung+%2526+Co.+KG%252C+ELBLANDKLINIKUM+Radebeul-9623/ueber,http://www.elblandkliniken.de
"ELBLANDKLINIKEN Stiftung & Co. KG, ELBLANDKLINIKUM Riesa",https://www.weltzentrum-der-medizintechnik.de/profil/ELBLANDKLINIKEN+Stiftung+%2526+Co.+KG%252C+ELBLANDKLINIKUM+Riesa-9624/ueber,http://www.elblandkliniken.de
ELCAT GmbH,https://www.weltzentrum-der-medizintechnik.de/profil/ELCAT+GmbH-1219/ueber,http://www.elcat.de
ELIXAVITA GmbH,https://www.weltzentrum-der-medizintechnik.de/profil/ELIXAVITA+GmbH-11404/ueber,http://elixavita.ch
EMOS Technology GmbH,https://www.weltzentrum-der-medizintechnik.de/profil/EMOS+Technology+GmbH-489/ueber,https://emostechnology.de/
ENGEL AUSTRIA GmbH,https://www.weltzentrum-der-medizintechnik.de/profil/ENGEL+AUSTRIA+GmbH-615/ueber,https://www.engelglobal.com/
ENGINEERING FOR YOU GmbH,https://www.weltzentrum-der-medizintechnik.de/profil/ENGINEERING+FOR+YOU+GmbH-328/ueber,http://www.engineering-for-you.com
EO Film UG (haftungsbeschränkt),https://www.weltzentrum-der-medizintechnik.de/profil/EO+Film+UG+haftungsbeschraenkt-324/ueber,http://eofilm.de
EPS Personalservice GmbH,https://www.weltzentrum-der-medizintechnik.de/profil/EPS+Personalservice+GmbH-2483/ueber,http://www.eps-personal.de
EPSa Elektronik & Präzisionsbau Saalfeld GmbH,https://www.weltzentrum-der-medizintechnik.de/profil/EPSa+Elektronik+%2526+Praezisionsbau+Saalfeld+GmbH-1232/ueber,http://www.epsa.de
EPflex Feinwerktechnik GmbH,https://www.weltzentrum-der-medizintechnik.de/profil/EPflex+Feinwerktechnik+GmbH-544/ueber,http://www.epflex.com
ERCHINGER AG,https://www.weltzentrum-der-medizintechnik.de/profil/ERCHINGER+AG-2505/ueber,http://www.erchinger.de/
ERGOSANA GMBH,https://www.weltzentrum-der-medizintechnik.de/profil/ERGOSANA+GMBH-745/ueber,http://www.ergosana.de
ERNI Electronic Solutions GmbH,https://www.weltzentrum-der-medizintechnik.de/profil/ERNI+Electronic+Solutions+GmbH-1233/ueber,http://www.erni-es.com
ERWIN SCHWERDTFEGER SANITÄTSHAUS UND ORTHOPÄDIESCHUHTECHNIK E.K.,https://www.weltzentrum-der-medizintechnik.de/profil/ERWIN+SCHWERDTFEGER+SANIT%25C3%2584TSHAUS+UND+ORTHOP%25C3%2584DIESCHUHTECHNIK+E.K.-1235/ueber,http://www.schwerdtfeger-ost.de
ESAOTE BIOMEDICA Deutschland GmbH,https://www.weltzentrum-der-medizintechnik.de/profil/ESAOTE+BIOMEDICA+Deutschland+GmbH-1236/ueber,http://www.esaote.de
ESCO ORTHOPÄDIE SERVICE GMBH,https://www.weltzentrum-der-medizintechnik.de/profil/ESCO+ORTHOP%25C3%2584DIE+SERVICE+GMBH-1238/ueber,http://www.esco-orthopaedie.com
ESV Elektro-Mechanik Schaltschrank- und Verteilungsbau GmbH,https://www.weltzentrum-der-medizintechnik.de/profil/ESV+ElektroMechanik+Schaltschrank+und+Verteilungsbau+GmbH-1240/ueber,http://www.esv-gmbh.de
ETG-Elektronik GmbH,https://www.weltzentrum-der-medizintechnik.de/profil/ETGElektronik+GmbH-1241/ueber,http://www.etg-gmbh.de
EUROFLEX GmbH,https://www.weltzentrum-der-medizintechnik.de/profil/EUROFLEX+GmbH-2472/ueber,http://www.euroflex.de
EVRO-Instrumente GmbH,https://www.weltzentrum-der-medizintechnik.de/profil/EVROInstrumente+GmbH+-53/ueber,http://www.jsevro.com
EWC Export & Consulting GmbH,https://www.weltzentrum-der-medizintechnik.de/profil/EWC+Export+%2526+Consulting+GmbH-1248/ueber,http://www.eastwestconnect.de
EXAMION München GmbH,https://www.weltzentrum-der-medizintechnik.de/profil/EXAMION+Muenchen+GmbH-1249/ueber,https://www.examion.com/
Ebert,https://www.weltzentrum-der-medizintechnik.de/profil/Ebert+-49/ueber,
Eckhard W. Hering,https://www.weltzentrum-der-medizintechnik.de/profil/Eckhard+W.+Hering-1206/ueber,http://www.ewhering.de
Edelstahlhandel Ötigheim GmbH,https://www.weltzentrum-der-medizintechnik.de/profil/Edelstahlhandel+%25C3%2596tigheim+GmbH-1210/ueber,http://systemanbieter.goetz-mb.de
EdlabQuip GmbH,https://www.weltzentrum-der-medizintechnik.de/profil/EdlabQuip+GmbH-1211/ueber,http://EdlabQuip.com
Efinger-Instruments GmbH & Co. KG,https://www.weltzentrum-der-medizintechnik.de/profil/EfingerInstruments+GmbH+%2526+Co.+KG-123/ueber,http://www.efinger-instruments.de/
EgoFit Gesundheitsberatung GmbH,https://www.weltzentrum-der-medizintechnik.de/profil/EgoFit+Gesundheitsberatung+GmbH-1213/ueber,http://www.egofit.de
Eifelklinik St. Brigida GmbH & Co. KG,https://www.weltzentrum-der-medizintechnik.de/profil/Eifelklinik+St.+Brigida+GmbH+%2526+Co.+KG-11274/ueber,https://www.st-brigida.de
Eigenbetrieb Tuttlinger Hallen,https://www.weltzentrum-der-medizintechnik.de/profil/Eigenbetrieb+Tuttlinger+Hallen-591/ueber,http://www.tuttlinger-hallen.de
Einhorn Medizintechnik GmbH,https://www.weltzentrum-der-medizintechnik.de/profil/Einhorn+Medizintechnik+GmbH-1217/ueber,http://www.einhorn-medizintechnik.de/index.php?partner=WLW_Deutschland
Eisenhut Instrumente GmbH,https://www.weltzentrum-der-medizintechnik.de/profil/Eisenhut+Instrumente+GmbH-124/ueber,http://www.eisenhut.de/
Elabo GmbH,https://www.weltzentrum-der-medizintechnik.de/profil/Elabo+GmbH-684/ueber,https://www.elabo.de/
Elbe Klinikum Buxtehude,https://www.weltzentrum-der-medizintechnik.de/profil/Elbe+Klinikum+Buxtehude-9620/ueber,http://www.elbekliniken.de
Elbe Klinikum Stade,https://www.weltzentrum-der-medizintechnik.de/profil/Elbe+Klinikum+Stade-9621/ueber,http://www.elbekliniken.de
Elbe-Elster Klinikum GmbH Krankenhaus Elsterwerda,https://www.weltzentrum-der-medizintechnik.de/profil/ElbeElster+Klinikum+GmbH+Krankenhaus+Elsterwerda-9617/ueber,http://www.elbe-elster-klinikum.de
Elbe-Elster Klinikum GmbH Krankenhaus Finsterwalde,https://www.weltzentrum-der-medizintechnik.de/profil/ElbeElster+Klinikum+GmbH+Krankenhaus+Finsterwalde-9618/ueber,http://www.elbe-elster-klinikum.de
Elbe-Elster Klinikum GmbH Krankenhaus Herzberg,https://www.weltzentrum-der-medizintechnik.de/profil/ElbeElster+Klinikum+GmbH+Krankenhaus+Herzberg-9619/ueber,http://www.elbe-elster-klinikum.de
Elbe-Jeetzel-Klinik,https://www.weltzentrum-der-medizintechnik.de/profil/ElbeJeetzelKlinik-9533/ueber,https://www.elbe-jeetzel-klinik.de/
Elekta GmbH Hamburg,https://www.weltzentrum-der-medizintechnik.de/profil/Elekta+GmbH+Hamburg-1220/ueber,https://www.elekta.com
"Elektrotechnik, Maschinenbau, Planung GmbH",https://www.weltzentrum-der-medizintechnik.de/profil/Elektrotechnik%252C+Maschinenbau%252C+Planung+GmbH-1222/ueber,http://www.empgmbh.de
Elektrotechnik Eberhard Weiß,https://www.weltzentrum-der-medizintechnik.de/profil/Elektrotechnik+Eberhard+Weiss-1221/ueber,http://www.schaltschrankbau-deutschland.de
Elisabeth Klinikum Schmalkalden GmbH,https://www.weltzentrum-der-medizintechnik.de/profil/Elisabeth+Klinikum+Schmalkalden+GmbH-9630/ueber,http://www.elisabeth-klinikum.de/
Elisabeth- Krankenhaus GmbH,https://www.weltzentrum-der-medizintechnik.de/profil/Elisabeth+Krankenhaus+GmbH-9631/ueber,http://www.elisabeth-krankenhaus-ge.de/4547/
Elisabeth Krankenhaus Recklinghausen,https://www.weltzentrum-der-medizintechnik.de/profil/Elisabeth+Krankenhaus+Recklinghausen-9613/ueber,http://www.ekonline.de
Elisabeth-Klinik gGmbH,https://www.weltzentrum-der-medizintechnik.de/profil/ElisabethKlinik+gGmbH-9629/ueber,http://www.elisabeth-klinik.de
Elisabeth-Krankenhaus Essen,https://www.weltzentrum-der-medizintechnik.de/profil/ElisabethKrankenhaus+Essen-10873/ueber,https://www.contilia.de/
Elisabeth-Krankenhaus Kassel GmbH,https://www.weltzentrum-der-medizintechnik.de/profil/ElisabethKrankenhaus+Kassel+GmbH-10904/ueber,https://www.elisabeth-krankenhaus-kassel.de/
Ellecom,https://www.weltzentrum-der-medizintechnik.de/profil/Ellecom-2425/ueber,
Elma Hans Schmidbauer GmbH & Co. KG,https://www.weltzentrum-der-medizintechnik.de/profil/Elma+Hans+Schmidbauer+GmbH+%2526+Co.+KG-587/ueber,http://www.elma-ultrasonic.com
Elmag GmbH,https://www.weltzentrum-der-medizintechnik.de/profil/Elmag+GmbH-1223/ueber,http://www.magsan.com
Elomed GmbH,https://www.weltzentrum-der-medizintechnik.de/profil/Elomed+GmbH-1224/ueber,http://www.elomed.de
Emil Greiner,https://www.weltzentrum-der-medizintechnik.de/profil/Emil+Greiner+-58/ueber,
Endodoctor GmbH,https://www.weltzentrum-der-medizintechnik.de/profil/Endodoctor+GmbH-167/ueber,http://www.endodoctor.de/
Endoscope Complete Services GmbH & Co. KG,https://www.weltzentrum-der-medizintechnik.de/profil/Endoscope+Complete+Services+GmbH+%2526+Co.+KG-1226/ueber,https://endocomplete.com/de/home.html
Endoservice GmbH,https://www.weltzentrum-der-medizintechnik.de/profil/Endoservice+GmbH-688/ueber,http://www.endolook.com
Endosmart Gesellschaft für Medizintechnik mbH,https://www.weltzentrum-der-medizintechnik.de/profil/Endosmart+Gesellschaft+fuer+Medizintechnik+mbH-125/ueber,http://www.endosmart.com/
Endotrust GmbH,https://www.weltzentrum-der-medizintechnik.de/profil/Endotrust+GmbH-1227/ueber,http://www.endotrust.de
Endres Medizintechnik GmbH & Co. KG,https://www.weltzentrum-der-medizintechnik.de/profil/Endres+Medizintechnik+GmbH+%2526+Co.+KG-737/ueber,http://www.endres.business
Entgiftungskrankenhaus Count Down,https://www.weltzentrum-der-medizintechnik.de/profil/Entgiftungskrankenhaus+Count+Down-9590/ueber,http://www.drogentherapie-zentrum.de
"Epilepsiezentrum Kleinwachau gemeinnützige GmbH, Fachkrankenhaus für Neurologie",https://www.weltzentrum-der-medizintechnik.de/profil/Epilepsiezentrum+Kleinwachau+gemeinnuetzige+GmbH%252C+Fachkrankenhaus+fuer+Neurologie-9920/ueber,http://www.kleinwachau.de
Epilepsiezentrum Kork,https://www.weltzentrum-der-medizintechnik.de/profil/Epilepsiezentrum+Kork-9633/ueber,http://www.epilepsiezentrum.de/
Eppler & Co GmbH,https://www.weltzentrum-der-medizintechnik.de/profil/Eppler+%2526+Co+GmbH-1231/ueber,http://www.eppler-reutlingen.de
Erbe Elektromedizin GmbH,https://www.weltzentrum-der-medizintechnik.de/profil/Erbe+Elektromedizin+GmbH-764/ueber,https://at.erbe-med.com/
Erbrich Instrumente GmbH,https://www.weltzentrum-der-medizintechnik.de/profil/Erbrich+Instrumente+GmbH-126/ueber,http://www.erbrich-instruments.com/
Ernesto Laraia,https://www.weltzentrum-der-medizintechnik.de/profil/Ernesto+Laraia-390/ueber,http://laraia.eu/
Ernst Krebs KG - STAHL KREBS Solingen,https://www.weltzentrum-der-medizintechnik.de/profil/Ernst+Krebs+KG++STAHL+KREBS+Solingen-2495/ueber,https://www.stahl-krebs.de/
Eschbach Medizinische Einrichtung GmbH,https://www.weltzentrum-der-medizintechnik.de/profil/Eschbach+Medizinische+Einrichtung+GmbH-1237/ueber,http://www.eschbach-med.de
Espac Maschinenbau,https://www.weltzentrum-der-medizintechnik.de/profil/Espac+Maschinenbau-2474/ueber,http://www.espac.de
Etter Büro-Kompositionen GmbH,https://www.weltzentrum-der-medizintechnik.de/profil/Etter+BueroKompositionen+GmbH-648/ueber,https://www.etter-b-k.de/
Eugen Forschner GmbH,https://www.weltzentrum-der-medizintechnik.de/profil/Eugen+Forschner+GmbH-235/ueber,http://www.forschner.com
Euregio-Klinik - Psychiatrische Tagesklinik,https://www.weltzentrum-der-medizintechnik.de/profil/EuregioKlinik++Psychiatrische+Tagesklinik-9638/ueber,http://www.euregio-klinik.de
Euregio-Klinik Albert-Schweitzer-Straße GmbH,https://www.weltzentrum-der-medizintechnik.de/profil/EuregioKlinik+AlbertSchweitzerStrasse+GmbH-9639/ueber,http://www.euregio-klinik.de
Euregio-Klinik Hannoverstraße GmbH,https://www.weltzentrum-der-medizintechnik.de/profil/EuregioKlinik+Hannoverstrasse+GmbH-9640/ueber,http://www.euregio-klinik.de
Eurocor GmbH,https://www.weltzentrum-der-medizintechnik.de/profil/Eurocor+GmbH-1242/ueber,http://www.eurocor.de
Eurofins Inpac Medizintechnik GmbH,https://www.weltzentrum-der-medizintechnik.de/profil/Eurofins+Inpac+Medizintechnik+GmbH-2503/ueber,http://www.inpac-medizintechnik.de
Eurovation GmbH,https://www.weltzentrum-der-medizintechnik.de/profil/Eurovation+GmbH-1244/ueber,http://www.eurovation.de
Eutropa AG,https://www.weltzentrum-der-medizintechnik.de/profil/Eutropa+AG-1245/ueber,http://www.eutropa.de
Ev. Amalie Sieveking - Krankenhaus,https://www.weltzentrum-der-medizintechnik.de/profil/Ev.+Amalie+Sieveking++Krankenhaus-9318/ueber,http://www.amalie.de
Ev. Fachkrankenhaus für Psychiatrie &quotHildegard von Bingen&quot,https://www.weltzentrum-der-medizintechnik.de/profil/Ev.+Fachkrankenhaus+fuer+Psychiatrie+%2526quotHildegard+von+Bingen%2526quot-11158/ueber,https://www.neinstedt.de/esn/angebote/gesundheitsangebote/Evangelisches-Fachkrankenhaus-fuer-Psychiatrie-Hildegard-von-Bingen-in-Neinstedt.php
Ev. Krankenhaus Castrop-Rauxel,https://www.weltzentrum-der-medizintechnik.de/profil/Ev.+Krankenhaus+CastropRauxel-9645/ueber,http://www.evk-castrop-rauxel.de
Ev. Krankenhaus Enger gGmbH,https://www.weltzentrum-der-medizintechnik.de/profil/Ev.+Krankenhaus+Enger+gGmbH-10159/ueber,http://www.krankenhaus-enger.de
Ev. Krankenhaus Ginsterhof GmbH,https://www.weltzentrum-der-medizintechnik.de/profil/Ev.+Krankenhaus+Ginsterhof+GmbH-10768/ueber,https://ginsterhof.de
Ev. Krankenhaus Hagen-Haspe,https://www.weltzentrum-der-medizintechnik.de/profil/Ev.+Krankenhaus+HagenHaspe-9646/ueber,http://www.evk-haspe.de
Ev. Krankenhaus Witten gGmbH,https://www.weltzentrum-der-medizintechnik.de/profil/Ev.+Krankenhaus+Witten+gGmbH-9659/ueber,http://www.evk-witten.de
Ev.-luth. Diakonissenanstalt Kinder- und Jugendpsychiatrie,https://www.weltzentrum-der-medizintechnik.de/profil/Ev.luth.+Diakonissenanstalt+Kinder+und+Jugendpsychiatrie-10877/ueber,https://www.diako-nf.de
Ev.-luth. Diakonissenanstalt Psychiatrische Tagesklinik für Ältere,https://www.weltzentrum-der-medizintechnik.de/profil/Ev.luth.+Diakonissenanstalt+Psychiatrische+Tagesklinik+fuer+%25C3%2584ltere-10879/ueber,https://www.diako-nf.de/
Ev.-luth. Diakonissenanstalt Psychiatrische Tagesklinik,https://www.weltzentrum-der-medizintechnik.de/profil/Ev.luth.+Diakonissenanstalt+Psychiatrische+Tagesklinik-10878/ueber,https://www.diako-nf.de/
Ev.-luth. Diakonissenanstalt Tagesklinik für Psychosomatik,https://www.weltzentrum-der-medizintechnik.de/profil/Ev.luth.+Diakonissenanstalt+Tagesklinik+fuer+Psychosomatik-10880/ueber,https://www.diako-nf.de/
EvK Hattingen,https://www.weltzentrum-der-medizintechnik.de/profil/EvK+Hattingen-10850/ueber,https://www.augusta-kliniken.de/
"Evang. Krankenhaus ""Gottesfriede",https://www.weltzentrum-der-medizintechnik.de/profil/Evang.+Krankenhaus+%2522Gottesfriede%2522-11245/ueber,https://www.sana.de/woltersdorf
Evangelische Elisabeth Klinik,https://www.weltzentrum-der-medizintechnik.de/profil/Evangelische+Elisabeth+Klinik-9825/ueber,http://www.jsd.de
Evangelische Kliniken Gelsenkirchen GmbH,https://www.weltzentrum-der-medizintechnik.de/profil/Evangelische+Kliniken+Gelsenkirchen+GmbH-10766/ueber,https://evk-ge.meinediakonie.de/
Evangelische Kliniken Luise-Henrietten-Stift Lehnin,https://www.weltzentrum-der-medizintechnik.de/profil/Evangelische+Kliniken+LuiseHenriettenStift+Lehnin-9555/ueber,http://www.diakonissenhaus.de
Evangelisches Geriatriezentrum Berlin gGmbH (EGZB),https://www.weltzentrum-der-medizintechnik.de/profil/Evangelisches+Geriatriezentrum+Berlin+gGmbH+EGZB-9803/ueber,http://www.johannesstift-diakonie.de/medizinische-versorgung/egzb/
Evangelisches Klinikum Bethel gGmbH - Standort Johannesstift,https://www.weltzentrum-der-medizintechnik.de/profil/Evangelisches+Klinikum+Bethel+gGmbH++Standort+Johannesstift-2744/ueber,http://www.evkb.de
Evangelisches Klinikum Bethel gGmbH Standort Bethel,https://www.weltzentrum-der-medizintechnik.de/profil/Evangelisches+Klinikum+Bethel+gGmbH+Standort+Bethel-2743/ueber,http://www.evkb.de
Evangelisches Klinikum Köln Weyertal GmbH,https://www.weltzentrum-der-medizintechnik.de/profil/Evangelisches+Klinikum+Koeln+Weyertal+GmbH-9650/ueber,http://www.evk-koeln.de
"Evangelisches Krankenhaus, Betriebsstätte Dierdorf",https://www.weltzentrum-der-medizintechnik.de/profil/Evangelisches+Krankenhaus%252C+Betriebsstaette+Dierdorf-9856/ueber,http://www.khds.de
"Evangelisches Krankenhaus, Betriebsstätte Selters",https://www.weltzentrum-der-medizintechnik.de/profil/Evangelisches+Krankenhaus%252C+Betriebsstaette+Selters-9857/ueber,http://www.khds.de
Evangelisches Krankenhaus Alsterdorf gemeinnützige GmbH,https://www.weltzentrum-der-medizintechnik.de/profil/Evangelisches+Krankenhaus+Alsterdorf+gemeinnuetzige+GmbH-9642/ueber,http://www.evangelisches-krankenhaus-alsterdorf.de
Evangelisches Krankenhaus Bethanien Greifswald,https://www.weltzentrum-der-medizintechnik.de/profil/Evangelisches+Krankenhaus+Bethanien+Greifswald-10403/ueber,http://www.odebrecht-stiftung.de
"Evangelisches Krankenhaus Bethanien gGmbH, TK Demmin",https://www.weltzentrum-der-medizintechnik.de/profil/Evangelisches+Krankenhaus+Bethanien+gGmbH%252C+TK+Demmin-10400/ueber,http://www.odebrecht-stiftung.de
"Evangelisches Krankenhaus Bethanien gGmbH, TK Gfw",https://www.weltzentrum-der-medizintechnik.de/profil/Evangelisches+Krankenhaus+Bethanien+gGmbH%252C+TK+Gfw-10401/ueber,http://www.odebrecht-stiftung.de
Evangelisches Krankenhaus Göttingen-Weende gGmbH - Krankenhaus Neu-Mariahilf,https://www.weltzentrum-der-medizintechnik.de/profil/Evangelisches+Krankenhaus+GoettingenWeende+gGmbH++Krankenhaus+NeuMariahilf-9615/ueber,http://www.ekweende.de
Evangelisches Krankenhaus Göttingen-Weende gGmbH,https://www.weltzentrum-der-medizintechnik.de/profil/Evangelisches+Krankenhaus+GoettingenWeende+gGmbH-9616/ueber,http://www.ekweende.de
Evangelisches Krankenhaus Herne - Standort Eickel,https://www.weltzentrum-der-medizintechnik.de/profil/Evangelisches+Krankenhaus+Herne++Standort+Eickel-9647/ueber,http://www.evk-herne.de
Evangelisches Krankenhaus Herne - Standort Herne-Mitte,https://www.weltzentrum-der-medizintechnik.de/profil/Evangelisches+Krankenhaus+Herne++Standort+HerneMitte-9648/ueber,http://www.evk-herne.de
Evangelisches Krankenhaus Hubertus Krankenhausbetriebs gGmbH,https://www.weltzentrum-der-medizintechnik.de/profil/Evangelisches+Krankenhaus+Hubertus+Krankenhausbetriebs+gGmbH-9824/ueber,http://www.jsd.de
Evangelisches Krankenhaus Johannisstift Münster gGmbH,https://www.weltzentrum-der-medizintechnik.de/profil/Evangelisches+Krankenhaus+Johannisstift+Muenster+gGmbH-9657/ueber,http://www.evk-muenster.de
Evangelisches Krankenhaus Lippstadt,https://www.weltzentrum-der-medizintechnik.de/profil/Evangelisches+Krankenhaus+Lippstadt-9658/ueber,http://www.ev-krankenhaus.de/
Evangelisches Krankenhaus Ludwigsfelde Teltow,https://www.weltzentrum-der-medizintechnik.de/profil/Evangelisches+Krankenhaus+Ludwigsfelde+Teltow-9607/ueber,http://www.ekh-ludwigsfelde.de
Evangelisches Krankenhaus Mettmann GmbH,https://www.weltzentrum-der-medizintechnik.de/profil/Evangelisches+Krankenhaus+Mettmann+GmbH-9655/ueber,http://www.evk-mettmann.de
Evangelisches Krankenhaus Mülheim an der Ruhr GmbH,https://www.weltzentrum-der-medizintechnik.de/profil/Evangelisches+Krankenhaus+Muelheim+an+der+Ruhr+GmbH-9656/ueber,http://www.evkmh.de/
Evangelisches Krankenhaus Oberhausen GmbH,https://www.weltzentrum-der-medizintechnik.de/profil/Evangelisches+Krankenhaus+Oberhausen+GmbH-9612/ueber,http://www.eko.de
Evangelisches Krankenhaus Oldenburg,https://www.weltzentrum-der-medizintechnik.de/profil/Evangelisches+Krankenhaus+Oldenburg-9641/ueber,http://www.evangelischeskrankenhaus.de
Evangelisches Krankenhaus Unna,https://www.weltzentrum-der-medizintechnik.de/profil/Evangelisches+Krankenhaus+Unna-9614/ueber,http://www.ek-unna.de
Evangelisches Krankenhaus Wesel,https://www.weltzentrum-der-medizintechnik.de/profil/Evangelisches+Krankenhaus+Wesel-10767/ueber,https://evkwesel.de/
Evangelisches Lukas-Krankenhaus Gronau gGmbH,https://www.weltzentrum-der-medizintechnik.de/profil/Evangelisches+LukasKrankenhaus+Gronau+gGmbH-10239/ueber,http://www.lukas-gronau.de
Evangelisches Waldkrankenhaus Spandau,https://www.weltzentrum-der-medizintechnik.de/profil/Evangelisches+Waldkrankenhaus+Spandau-9826/ueber,http://www.jsd.de
Evangelisches Zentrum für Altersmedizin,https://www.weltzentrum-der-medizintechnik.de/profil/Evangelisches+Zentrum+fuer+Altersmedizin-9317/ueber,http://www.altersmedizin-potsdam.de
Everhards GmbH,https://www.weltzentrum-der-medizintechnik.de/profil/Everhards+GmbH-1246/ueber,http://www.everhards.de
Eyetec GmbH,https://www.weltzentrum-der-medizintechnik.de/profil/Eyetec+GmbH-1254/ueber,http://www.eyetec.biz
F&W Frey & Winkler GmbH,https://www.weltzentrum-der-medizintechnik.de/profil/F%2526W+Frey+%2526+Winkler+GmbH-388/ueber,https://www.freywinkler.de/
FEK - Friedrich-Ebert-Krankenhaus Neumünster GmbH,https://www.weltzentrum-der-medizintechnik.de/profil/FEK++FriedrichEbertKrankenhaus+Neumuenster+GmbH-9687/ueber,http://www.friedrich-ebert-krankenhaus.de/
FENTEX medical GmbH,https://www.weltzentrum-der-medizintechnik.de/profil/FENTEX+medical+GmbH-25/ueber,http://www.fentex-medical.de
FISCHER MEDIZINTECHNIK GMBH,https://www.weltzentrum-der-medizintechnik.de/profil/FISCHER+MEDIZINTECHNIK+GMBH-1273/ueber,http://www.fischer-medizintechnik.de
FKT Formenbau und Kunststofftechnik GmbH,https://www.weltzentrum-der-medizintechnik.de/profil/FKT+Formenbau+und+Kunststofftechnik+GmbH-563/ueber,http://www.fkt-triptis.de
FLUCTUS MOTUS MASSAGE UG (hb),https://www.weltzentrum-der-medizintechnik.de/profil/FLUCTUS+MOTUS+MASSAGE+UG+hb-11395/ueber,https://f-m-massage.eu/
FMT Medizintechnik GmbH,https://www.weltzentrum-der-medizintechnik.de/profil/FMT+Medizintechnik+GmbH-1276/ueber,http://www.fmt-medizintechnik.de
FORESTADENT Bernhard Förster GmbH,https://www.weltzentrum-der-medizintechnik.de/profil/FORESTADENT+Bernhard+Foerster+GmbH-772/ueber,http://www.forestadent.com
FRAISA SA,https://www.weltzentrum-der-medizintechnik.de/profil/FRAISA+SA-503/ueber,https://www.fraisa.com/de
FREI AG,https://www.weltzentrum-der-medizintechnik.de/profil/FREI+AG-1285/ueber,http://www.frei-ag.de
FRELU GmbH,https://www.weltzentrum-der-medizintechnik.de/profil/FRELU+GmbH-1286/ueber,http://www.frelu.de
FRIEDRICH DANIELS GMBH,https://www.weltzentrum-der-medizintechnik.de/profil/FRIEDRICH+DANIELS+GMBH-426/ueber,https://www.friedrich-daniels.com/
FS Electronic GmbH,https://www.weltzentrum-der-medizintechnik.de/profil/FS+Electronic+GmbH-1293/ueber,http://www.fs-electronic.de
FSI Industrievertretung Frank Schleier,https://www.weltzentrum-der-medizintechnik.de/profil/FSI+Industrievertretung+Frank+Schleier-1294/ueber,http://www.USV-Medizin.de
FUJIFILM SonoSite GmbH,https://www.weltzentrum-der-medizintechnik.de/profil/FUJIFILM+SonoSite+GmbH-1296/ueber,https://www.sonosite.com
FUß + SCHUH BREIDBACH ORTHOPÄDIE GMBH & CO. KG,https://www.weltzentrum-der-medizintechnik.de/profil/FUss+%252B+SCHUH+BREIDBACH+ORTHOP%25C3%2584DIE+GMBH+%2526+CO.+KG-1298/ueber,http://www.fussundschuhbreidbach.de
FZI Forschungszentrum Informatik,https://www.weltzentrum-der-medizintechnik.de/profil/FZI+Forschungszentrum+Informatik-1299/ueber,http://www.fzi.de
Fa. BINDER GmbH,https://www.weltzentrum-der-medizintechnik.de/profil/Fa.+BINDER+GmbH-23/ueber,http://www.binder-world.com
Fachklinik Bad Bentheim,https://www.weltzentrum-der-medizintechnik.de/profil/Fachklinik+Bad+Bentheim-9682/ueber,http://www.fk-bentheim.de
Fachklinik Dres. Denzel,https://www.weltzentrum-der-medizintechnik.de/profil/Fachklinik+Dres.+Denzel-9934/ueber,https://klinik-denzel.de/
Fachklinik Katzenelnbogen,https://www.weltzentrum-der-medizintechnik.de/profil/Fachklinik+Katzenelnbogen-9673/ueber,http://www.fachklinik-katzenelnbogen.de
Fachklinik Osterhofen GmbH,https://www.weltzentrum-der-medizintechnik.de/profil/Fachklinik+Osterhofen+GmbH-9674/ueber,http://www.fachklinik-osterhofen.de
Fachklinik Panorama,https://www.weltzentrum-der-medizintechnik.de/profil/Fachklinik+Panorama-10417/ueber,http://www.panorama-fachklinik.de
Fachklinik St. Lukas,https://www.weltzentrum-der-medizintechnik.de/profil/Fachklinik+St.+Lukas-9675/ueber,http://www.fachklinik-sankt-lukas.de
Fachklinik Stadtsteinach,https://www.weltzentrum-der-medizintechnik.de/profil/Fachklinik+Stadtsteinach-11057/ueber,https://www.klinikum-kulmbach.de/
Fachklinik Waldeck,https://www.weltzentrum-der-medizintechnik.de/profil/Fachklinik+Waldeck-9676/ueber,http://www.fachklinik-waldeck.de
Fachklinik für Psychiatrie und Psychotherapie der MARIENBORN gGmbH,https://www.weltzentrum-der-medizintechnik.de/profil/Fachklinik+fuer+Psychiatrie+und+Psychotherapie+der+MARIENBORN+gGmbH-10287/ueber,http://www.marienborn-psychiatrie.de
Fachkliniken Wangen,https://www.weltzentrum-der-medizintechnik.de/profil/Fachkliniken+Wangen-9667/ueber,http://www.fachkliniken-wangen.de
Fachklinikum Bernburg Tagesklinik Dessau,https://www.weltzentrum-der-medizintechnik.de/profil/Fachklinikum+Bernburg+Tagesklinik+Dessau-11215/ueber,https://www.salus-lsa.de
Fachklinikum Bernburg Tagesklinik Wittenberg,https://www.weltzentrum-der-medizintechnik.de/profil/Fachklinikum+Bernburg+Tagesklinik+Wittenberg-11216/ueber,https://www.salus-lsa.de
Fachkrankenhaus Bethanien Hochweitzschen,https://www.weltzentrum-der-medizintechnik.de/profil/Fachkrankenhaus+Bethanien+Hochweitzschen-9597/ueber,http://www.ediacon.de/
Fachkrankenhaus Coswig,https://www.weltzentrum-der-medizintechnik.de/profil/Fachkrankenhaus+Coswig-9677/ueber,http://www.fachkrankenhaus-coswig.de
Fachkrankenhaus Hubertusburg gGmbH,https://www.weltzentrum-der-medizintechnik.de/profil/Fachkrankenhaus+Hubertusburg+gGmbH-9683/ueber,http://www.fkh-hubertusburg.de
Fachkrankenhaus Kreischa,https://www.weltzentrum-der-medizintechnik.de/profil/Fachkrankenhaus+Kreischa-11023/ueber,https://www.klinik-bavaria.de
Fachkrankenhaus für Dermatologie Schloss Friedensburg GmbH,https://www.weltzentrum-der-medizintechnik.de/profil/Fachkrankenhaus+fuer+Dermatologie+Schloss+Friedensburg+GmbH-10526/ueber,http://www.schlossfriedensburg.de/
Fachkrankenhaus für Geriatrie,https://www.weltzentrum-der-medizintechnik.de/profil/Fachkrankenhaus+fuer+Geriatrie-9666/ueber,http://www.fachkliniken-radeburg.de
Fäder GmbH,https://www.weltzentrum-der-medizintechnik.de/profil/Faeder+GmbH-1256/ueber,http://www.faeder.de
Fair-Pack Industrie-und Verpackungsservice GmbH,https://www.weltzentrum-der-medizintechnik.de/profil/FairPack+Industrieund+Verpackungsservice+GmbH-1257/ueber,http://www.oppermann-online.de/
Falk Medizintechnik Inh. Frank-Dietrich Warkalla,https://www.weltzentrum-der-medizintechnik.de/profil/Falk+Medizintechnik+Inh.+FrankDietrich+Warkalla-1258/ueber,http://www.falkmed.de
Falkenried Caduceus Klinik,https://www.weltzentrum-der-medizintechnik.de/profil/Falkenried+Caduceus+Klinik-9491/ueber,http://www.caduceus-klinik.de
Fame Gate Medical Technology,https://www.weltzentrum-der-medizintechnik.de/profil/Fame+Gate+Medical+Technology-1259/ueber,http://www.toxikator.de
"Familientagesklinik ""Koralle"" mit familientherapeutischer Ambulanz Bernau",https://www.weltzentrum-der-medizintechnik.de/profil/Familientagesklinik+%2522Koralle%2522+mit+familientherapeutischer+Ambulanz+Bernau-10950/ueber,https://www.glg-gesundheit.de
Faromed GmbH Medizintechnik,https://www.weltzentrum-der-medizintechnik.de/profil/Faromed+GmbH+Medizintechnik-693/ueber,https://www.faromed.de/
Faulhaber Pinzetten OHG,https://www.weltzentrum-der-medizintechnik.de/profil/Faulhaber+Pinzetten+OHG-127/ueber,http://www.faulhaber-pinzetten.de/
Fehrenbacher,https://www.weltzentrum-der-medizintechnik.de/profil/Fehrenbacher-54/ueber,
Felsenland Klinik Dahn,https://www.weltzentrum-der-medizintechnik.de/profil/Felsenland+Klinik+Dahn-9680/ueber,http://www.felsenlandklinik.com
Femron AG,https://www.weltzentrum-der-medizintechnik.de/profil/Femron+AG-717/ueber,http://www.femron.ch
Fenwal GmbH,https://www.weltzentrum-der-medizintechnik.de/profil/Fenwal+GmbH-1265/ueber,http://www.fenwalinc.com
"Ferdinand-von-Steinbeis-Schule, Gewerbliche Schulen Tuttlingen",https://www.weltzentrum-der-medizintechnik.de/profil/FerdinandvonSteinbeisSchule%252C+Gewerbliche+Schulen+Tuttlingen-638/ueber,http://www.steinbeisschule.de
Festo Vertrieb GmbH & Co. KG,https://www.weltzentrum-der-medizintechnik.de/profil/Festo+Vertrieb+GmbH+%2526+Co.+KG-459/ueber,https://www.festo.com/
Fetzer Medical GmbH & Co. KG,https://www.weltzentrum-der-medizintechnik.de/profil/Fetzer+Medical+GmbH+%2526+Co.+KG-754/ueber,http://www.fetzermed.de
Fiagon GmbH,https://www.weltzentrum-der-medizintechnik.de/profil/Fiagon+GmbH-1266/ueber,https://www.fiagon.de
Fichtner-Traeder Medizin Technik GmbH,https://www.weltzentrum-der-medizintechnik.de/profil/FichtnerTraeder+Medizin+Technik+GmbH-1267/ueber,http://Fichtner-Traeder.de
Fine Science Tools GmbH,https://www.weltzentrum-der-medizintechnik.de/profil/Fine+Science+Tools+GmbH-1268/ueber,http://www.finescience.de
"Finzler, Schrock & Kimmel GmbH",https://www.weltzentrum-der-medizintechnik.de/profil/Finzler%252C+Schrock+%2526+Kimmel+GmbH-1270/ueber,http://www.fis-online.com
Fischer ANalysen Instrumente GmbH,https://www.weltzentrum-der-medizintechnik.de/profil/Fischer+ANalysen+Instrumente+GmbH-1272/ueber,http://www.fan-gmbh.de
Fisher & Paykel Healthcare GmbH & Co KG,https://www.weltzentrum-der-medizintechnik.de/profil/Fisher+%2526+Paykel+Healthcare+GmbH+%2526+Co+KG-1274/ueber,http://www.fphcare.de
Flaig + Hommel GmbH,https://www.weltzentrum-der-medizintechnik.de/profil/Flaig+%252B+Hommel+GmbH-279/ueber,http://www.flaig-hommel.de/
Fleischhacker GmbH & Co KG,https://www.weltzentrum-der-medizintechnik.de/profil/Fleischhacker+GmbH+%2526+Co+KG-1275/ueber,http://www.fleischhacker.biz
Florence-Nightingale-Krankenhaus,https://www.weltzentrum-der-medizintechnik.de/profil/FlorenceNightingaleKrankenhaus-9684/ueber,http://www.florence-nightingale-krankenhaus.de
Forécreu Deutschland GmbH,https://www.weltzentrum-der-medizintechnik.de/profil/For%25C3%25A9creu+Deutschland+GmbH-321/ueber,http://www.forecreu.com
Formo GmbH,https://www.weltzentrum-der-medizintechnik.de/profil/Formo+GmbH-2461/ueber,http://www.formo.de
"Forschungsgesellschaft für Messtechnik, Sensorik und Medizintechnik e.V. Dresden",https://www.weltzentrum-der-medizintechnik.de/profil/Forschungsgesellschaft+fuer+Messtechnik%252C+Sensorik+und+Medizintechnik+e.V.+Dresden-1278/ueber,http://www.fms-dresden.de
Fräscenter Nürnberg e.K.,https://www.weltzentrum-der-medizintechnik.de/profil/Fraescenter+Nuernberg+e.K.-1282/ueber,http://www.fraescenter-nuernberg.de
Frank Med GmbH,https://www.weltzentrum-der-medizintechnik.de/profil/Frank+Med+GmbH-1279/ueber,http://www.frank-med.de
Frank Medizintechnik GmbH,https://www.weltzentrum-der-medizintechnik.de/profil/Frank+Medizintechnik+GmbH-1280/ueber,http://www.frankmed.de
Franz Kuschel Inh.Tobias Kuschel,https://www.weltzentrum-der-medizintechnik.de/profil/Franz+Kuschel+Inh.Tobias+Kuschel-1281/ueber,http://www.franz-kuschel.de
Franziskus Krankenhaus Berlin,https://www.weltzentrum-der-medizintechnik.de/profil/Franziskus+Krankenhaus+Berlin-10915/ueber,https://www.franziskus-berlin.de/
Franziskus Krankenhaus Linz,https://www.weltzentrum-der-medizintechnik.de/profil/Franziskus+Krankenhaus+Linz-10649/ueber,http://www.verbundkrankenhaus-linz-remagen.de
Frauenklinik Aschaffenburg,https://www.weltzentrum-der-medizintechnik.de/profil/Frauenklinik+Aschaffenburg-9686/ueber,http://www.frauenklinik.com
Fraunhofer-Gesellschaft zur Förderung der angewandten Forschung e.V.,https://www.weltzentrum-der-medizintechnik.de/profil/FraunhoferGesellschaft+zur+Foerderung+der+angewandten+Forschung+e.V.-1283/ueber,http://www.ifam.fraunhofer.de
Frech Drehteile GmbH,https://www.weltzentrum-der-medizintechnik.de/profil/Frech+Drehteile+GmbH-588/ueber,http://www.frech-drehteile.de
Free Life medical GmbH,https://www.weltzentrum-der-medizintechnik.de/profil/Free+Life+medical+GmbH-1284/ueber,http://www.freelife-gmbh.de
Fresenius Kabi Deutschland GmbH,https://www.weltzentrum-der-medizintechnik.de/profil/Fresenius+Kabi+Deutschland+GmbH-1287/ueber,http://www.fresenius.de
Fresenius Medical Care Deutschland GmbH,https://www.weltzentrum-der-medizintechnik.de/profil/Fresenius+Medical+Care+Deutschland+GmbH-1288/ueber,http://www.fresenius-ag.de
Freyer & Siegel Elektronik GmbH & Co. KG,https://www.weltzentrum-der-medizintechnik.de/profil/Freyer+%2526+Siegel+Elektronik+GmbH+%2526+Co.+KG-1289/ueber,http://www.freyersiegel.de
Friedemann Wagner GmbH,https://www.weltzentrum-der-medizintechnik.de/profil/Friedemann+Wagner+GmbH-678/ueber,http://www.wagnerautomation.de
Friedrich von Bodelschwingh-Klinik,https://www.weltzentrum-der-medizintechnik.de/profil/Friedrich+von+BodelschwinghKlinik-10864/ueber,https://www.bodelschwingh-klinik.de/
Friendly Sensors AG,https://www.weltzentrum-der-medizintechnik.de/profil/Friendly+Sensors+AG-1290/ueber,http://www.friendly-sensors.de
Frimed Medizintechnik GmbH,https://www.weltzentrum-der-medizintechnik.de/profil/Frimed+Medizintechnik+GmbH-567/ueber,http://www.frimed.de/
Fritz Huber,https://www.weltzentrum-der-medizintechnik.de/profil/Fritz+Huber-663/ueber,http://www.fritzhuber.de
Fritz Schiele Bäder-Fabrik GmbH,https://www.weltzentrum-der-medizintechnik.de/profil/Fritz+Schiele+BaederFabrik+GmbH-1291/ueber,http://www.schiele-baeder.de
Fuchs Instrumente,https://www.weltzentrum-der-medizintechnik.de/profil/Fuchs+Instrumente-56/ueber,http://www.fuchs-instrumente.de
Füldner Medizintechnik und Sanitätshaus GmbH,https://www.weltzentrum-der-medizintechnik.de/profil/Fueldner+Medizintechnik+und+Sanitaetshaus+GmbH-1297/ueber,http://www.fueldner-medizintechnik.de
Fürst-Stirum-Klinik Bruchsal,https://www.weltzentrum-der-medizintechnik.de/profil/FuerstStirumKlinik+Bruchsal-11202/ueber,https://www.rkh-kliniken.de/kliniken-zentren/standorte/fuerst-stirum-klinik-bruchsal/
Fuhrmann GmbH,https://www.weltzentrum-der-medizintechnik.de/profil/Fuhrmann+GmbH-487/ueber,http://www.fuhrmann.de
Fuhrmann Medizintechnik GmbH,https://www.weltzentrum-der-medizintechnik.de/profil/Fuhrmann+Medizintechnik+GmbH-1295/ueber,http://www.fuhrmann-medizintechnik.de/
Fumedica Medizintechnik GmbH,https://www.weltzentrum-der-medizintechnik.de/profil/Fumedica+Medizintechnik+GmbH-611/ueber,http://www.fumedica.de/
Furtbachkrankenhaus Stuttgart,https://www.weltzentrum-der-medizintechnik.de/profil/Furtbachkrankenhaus+Stuttgart-9679/ueber,https://www.fbkh.org/
G&S Medizintechnik und Media GmbH,https://www.weltzentrum-der-medizintechnik.de/profil/G%2526S+Medizintechnik+und+Media+GmbH-1300/ueber,http://www.gs-med.de
GÜNTERMANN GMBH,https://www.weltzentrum-der-medizintechnik.de/profil/G%25C3%259CNTERMANN+GMBH-1367/ueber,http://www.dentallabor-guentermann.de
G. Hipp & Sohn GmbH,https://www.weltzentrum-der-medizintechnik.de/profil/G.+Hipp+%2526+Sohn+GmbH-61/ueber,https://hippandson.com/
GAK GmbH,https://www.weltzentrum-der-medizintechnik.de/profil/GAK+GmbH-1302/ueber,http://www.gak-gmbh.com
GALÖ CNC-Schleif- & Drehtechnik,https://www.weltzentrum-der-medizintechnik.de/profil/GAL%25C3%2596+CNCSchleif+%2526+Drehtechnik-223/ueber,http://www.galoe.de
GAMPT mbH,https://www.weltzentrum-der-medizintechnik.de/profil/GAMPT+mbH-1303/ueber,http://www.gampt.de
GAST Surgical Instruments,https://www.weltzentrum-der-medizintechnik.de/profil/GAST+Surgical+Instruments-178/ueber,http://www.ga-storz.de/
GE Healthcare GmbH,https://www.weltzentrum-der-medizintechnik.de/profil/GE+Healthcare+GmbH-1308/ueber,http://www.gehealthcare.com
GEIß & NIEDeutschlandRSETZ ZAHNTECHNIK GMBH,https://www.weltzentrum-der-medizintechnik.de/profil/GEIss+%2526+NIEDeutschlandRSETZ+ZAHNTECHNIK+GMBH-1310/ueber,http://www.hoehne-niedersetz.de
GEKU-Verbandstoffe Freynhagen GmbH,https://www.weltzentrum-der-medizintechnik.de/profil/GEKUVerbandstoffe+Freynhagen+GmbH-1311/ueber,http://www.geku-verbandstoffe.de
GEMÜ Gebr. Müller Apparatebau GmbH & Co. KG,https://www.weltzentrum-der-medizintechnik.de/profil/GEM%25C3%259C+Gebr.+Mueller+Apparatebau+GmbH+%2526+Co.+KG-472/ueber,https://www.gemu-group.com/de_DE/
GERWING MEDIZINPRODUKTE Gerd Riester e.K.,https://www.weltzentrum-der-medizintechnik.de/profil/GERWING+MEDIZINPRODUKTE+Gerd+Riester+e.K.-525/ueber,http://www.gerwing-riester.de
GETEMED Medizin- und Informationstechnik AG,https://www.weltzentrum-der-medizintechnik.de/profil/GETEMED+Medizin+und+Informationstechnik+AG-1321/ueber,http://www.getemed.de
GFI-Deltronix Gesellschaft für Informationssysteme mbH,https://www.weltzentrum-der-medizintechnik.de/profil/GFIDeltronix+Gesellschaft+fuer+Informationssysteme+mbH-1323/ueber,http://www.fmc-ag.com
GFO Kliniken Bonn - Betriebstätte St. Franziskus,https://www.weltzentrum-der-medizintechnik.de/profil/GFO+Kliniken+Bonn++Betriebstaette+St.+Franziskus-10302/ueber,http://www.marien-hospital-bonn.de/fachabteilungen/psychosomatik.html
"GFO Kliniken Troisdorf, Betriebsstätte St. Josef Troisdorf",https://www.weltzentrum-der-medizintechnik.de/profil/GFO+Kliniken+Troisdorf%252C+Betriebsstaette+St.+Josef+Troisdorf-10939/ueber,https://www.gfo-kliniken-troisdorf.de
GFO Kliniken Troisdorf,https://www.weltzentrum-der-medizintechnik.de/profil/GFO+Kliniken+Troisdorf-10940/ueber,https://www.gfo-kliniken-troisdorf.de
GHC German Health Care GmbH,https://www.weltzentrum-der-medizintechnik.de/profil/GHC+German+Health+Care+GmbH-1324/ueber,http://www.ghc-medical.de
GIGUL Drehteile GmbH & Co. KG,https://www.weltzentrum-der-medizintechnik.de/profil/GIGUL+Drehteile+GmbH+%2526+Co.+KG-729/ueber,http://www.gigul-drehteile.de
GIMMI GmbH,https://www.weltzentrum-der-medizintechnik.de/profil/GIMMI+GmbH-9/ueber,http://www.gimmi.de/
GKM Gesellschaft für Therapieforschung mbH,https://www.weltzentrum-der-medizintechnik.de/profil/GKM+Gesellschaft+fuer+Therapieforschung+mbH-1328/ueber,http://www.gkm-therapieforschung.de
"GKS Großküchen, Spül- und Medizintechnik e.K.",https://www.weltzentrum-der-medizintechnik.de/profil/GKS+Grosskuechen%252C+Spuel+und+Medizintechnik+e.K.-1330/ueber,http://www.gks-service.de/
GLASER GmbH,https://www.weltzentrum-der-medizintechnik.de/profil/GLASER+GmbH-194/ueber,https://www.glaser-surgical.de/
GLG Fachklinik Wolletzsee GmbH,https://www.weltzentrum-der-medizintechnik.de/profil/GLG+Fachklinik+Wolletzsee+GmbH-10944/ueber,https://www.glg-gesundheit.de
GMT Grötzinger GmbH,https://www.weltzentrum-der-medizintechnik.de/profil/GMT+Groetzinger+GmbH-513/ueber,https://www.groetzinger.de/
GN Otometrics GmbH,https://www.weltzentrum-der-medizintechnik.de/profil/GN+Otometrics+GmbH-1338/ueber,https://otometrics.natus.com/de-de
GOSMA WEBER GmbH & Co. KG,https://www.weltzentrum-der-medizintechnik.de/profil/GOSMA+WEBER+GmbH+%2526+Co.+KG-784/ueber,http://www.gosma.de
GPE InPlast GmbH,https://www.weltzentrum-der-medizintechnik.de/profil/GPE+InPlast+GmbH-1346/ueber,http://www.gpe-kunststofftechnik.de
GPHS Tagesklinik Schwerte e. V.,https://www.weltzentrum-der-medizintechnik.de/profil/GPHS+Tagesklinik+Schwerte+e.+V.-10612/ueber,http://www.tagesklinik-schwerte.de/
GPR Klinikum,https://www.weltzentrum-der-medizintechnik.de/profil/GPR+Klinikum-9716/ueber,http://www.gp-ruesselsheim.de/
GRAUPNER medical group,https://www.weltzentrum-der-medizintechnik.de/profil/GRAUPNER+medical+group-1347/ueber,http://www.graupner-medical-group.com/
GREENmed24 GmbH,https://www.weltzentrum-der-medizintechnik.de/profil/GREENmed24+GmbH-1349/ueber,http://www.greenmed24.com
GRIMM AG,https://www.weltzentrum-der-medizintechnik.de/profil/GRIMM+AG-405/ueber,http://www.grimm-precision.de
GRN Gesundheitszentren Rhein-Neckar gGmbH Kreiskrankenhaus Eberbach,https://www.weltzentrum-der-medizintechnik.de/profil/GRN+Gesundheitszentren+RheinNeckar+gGmbH+Kreiskrankenhaus+Eberbach-9724/ueber,http://www.grn.de
GRN-Klinik Schwetzingen,https://www.weltzentrum-der-medizintechnik.de/profil/GRNKlinik+Schwetzingen-9721/ueber,http://www.grn.de
GRUBER A/S,https://www.weltzentrum-der-medizintechnik.de/profil/GRUBER+AS-1358/ueber,http://www.Gruber.dk
GS Elektromedizinische Geräte G. Stemple GmbH,https://www.weltzentrum-der-medizintechnik.de/profil/GS+Elektromedizinische+Geraete+G.+Stemple+GmbH-1360/ueber,http://www.corpuls.com
GS Glanz Inh. Oguzhan Atalay,https://www.weltzentrum-der-medizintechnik.de/profil/GS+Glanz+Inh.+Oguzhan+Atalay-1361/ueber,http://www.gsglanz.de
GUTr,https://www.weltzentrum-der-medizintechnik.de/profil/GUTr-1370/ueber,http://www.gut-systems.com
GVB-geliMED KG,https://www.weltzentrum-der-medizintechnik.de/profil/GVBgeliMED+KG-1371/ueber,http://www.gvb-gelimed.de
GZW Diabetes-Klinik Bad Nauheim gGmbH,https://www.weltzentrum-der-medizintechnik.de/profil/GZW+DiabetesKlinik+Bad+Nauheim+gGmbH-9537/ueber,http://www.diabetes-klinik-bn.de
Gahotec GmbH,https://www.weltzentrum-der-medizintechnik.de/profil/Gahotec+GmbH-1301/ueber,http://www.gahotec.de
Galvex GmbH,https://www.weltzentrum-der-medizintechnik.de/profil/Galvex+GmbH-725/ueber,https://anodurit.com/
Ganshorn Deutschland GmbH,https://www.weltzentrum-der-medizintechnik.de/profil/Ganshorn+Deutschland+GmbH-1304/ueber,http://www.ganshorn-deutschland.de
Ganshorn Medizin Electronic GmbH,https://www.weltzentrum-der-medizintechnik.de/profil/Ganshorn+Medizin+Electronic+GmbH-1305/ueber,http://ganshorn.de
Gartner Dental-Labor GmbH & Co. KG,https://www.weltzentrum-der-medizintechnik.de/profil/Gartner+DentalLabor+GmbH+%2526+Co.+KG-1306/ueber,http://www.gartner-dental.de
Gatum GmbH,https://www.weltzentrum-der-medizintechnik.de/profil/Gatum+GmbH-1307/ueber,http://gatum-medizintechnik.com
GeVuMED - Medizin-instrumente.de,https://www.weltzentrum-der-medizintechnik.de/profil/GeVuMED++Medizininstrumente.de-656/ueber,http://www.medizin-instrumente.de
Gebr. Frindt GmbH,https://www.weltzentrum-der-medizintechnik.de/profil/Gebr.+Frindt+GmbH-1309/ueber,http://www.frindt-schneidtechnik.de
Gebrüder DENZ CNC- und Präzisionsdrehteile,https://www.weltzentrum-der-medizintechnik.de/profil/Gebrueder+DENZ+CNC+und+Praezisionsdrehteile-581/ueber,http://www.gebrdenz.de
Gebrüder Dreher Drehteile & Gasfedern GmbH,https://www.weltzentrum-der-medizintechnik.de/profil/Gebrueder+Dreher+Drehteile+%2526+Gasfedern+GmbH-777/ueber,http://www.gebrueder-dreher.de
Gebrueder Mayer GmbH,https://www.weltzentrum-der-medizintechnik.de/profil/Gebrueder+Mayer+GmbH-780/ueber,http://www.codierscheibe.de/
Gebrüder Zepf Medizintechnik GmbH & Co. KG,https://www.weltzentrum-der-medizintechnik.de/profil/Gebrueder+Zepf+Medizintechnik+GmbH+%2526+Co.+KG-603/ueber,http://www.gz-medizintechnik.de
Geister Medizintechnik GmbH,https://www.weltzentrum-der-medizintechnik.de/profil/Geister+Medizintechnik+GmbH-135/ueber,http://www.geister.com
Gelsenkirchener Werkstätten für angepasste Arbeit gGmbH,https://www.weltzentrum-der-medizintechnik.de/profil/Gelsenkirchener+Werkstaetten+fuer+angepasste+Arbeit+gGmbH-1312/ueber,http://www.gelsenkirchener-werkstaetten.de
Gemeinnützige Gesellschaft für Paritätische Sozialarbeit Tagesklinik für Psychiatrie und Psychothera,https://www.weltzentrum-der-medizintechnik.de/profil/Gemeinnuetzige+Gesellschaft+fuer+Paritaetische+Sozialarbeit+Tagesklinik+fuer+Psychiatrie+und+Psychothera-9717/ueber,http://www.gps-rps.de/
Gemeinnützige Krankenhausgesellschaft des Landkreises Bamberg mbH - Betriebsstätte Juraklinik Scheßl,https://www.weltzentrum-der-medizintechnik.de/profil/Gemeinnuetzige+Krankenhausgesellschaft+des+Landkreises+Bamberg+mbH++Betriebsstaette+Juraklinik+Schessl-10769/ueber,https://gkg-bamberg.de/klinik/juraklinik/
Gemeinnützige Krankenhausgesellschaft des Landkreises Bamberg mbH - Betriebsstätte Steigerwaldklinik,https://www.weltzentrum-der-medizintechnik.de/profil/Gemeinnuetzige+Krankenhausgesellschaft+des+Landkreises+Bamberg+mbH++Betriebsstaette+Steigerwaldklinik-10770/ueber,https://gkg-bamberg.de/klinik/steigerwaldklinik/
"Gemeinschaftsklinikum Mittelrhein, St. Elisabeth Mayen",https://www.weltzentrum-der-medizintechnik.de/profil/Gemeinschaftsklinikum+Mittelrhein%252C+St.+Elisabeth+Mayen-9707/ueber,http://www.gk.de
Gemeinschaftsklinikum Mittelrhein gGmbH / Kemperhof,https://www.weltzentrum-der-medizintechnik.de/profil/Gemeinschaftsklinikum+Mittelrhein+gGmbH++Kemperhof-9708/ueber,http://www.gk.de
"Gemeinschaftskrankenhaus Bonn gGmbH, Haus St. Elisabeth",https://www.weltzentrum-der-medizintechnik.de/profil/Gemeinschaftskrankenhaus+Bonn+gGmbH%252C+Haus+St.+Elisabeth-9709/ueber,http://www.gk-bonn.de/
"Gemeinschaftskrankenhaus Bonn gGmbH, Haus St. Petrus",https://www.weltzentrum-der-medizintechnik.de/profil/Gemeinschaftskrankenhaus+Bonn+gGmbH%252C+Haus+St.+Petrus-9710/ueber,http://www.gk-bonn.de/
Gemeinschaftskrankenhaus Havelhöhe,https://www.weltzentrum-der-medizintechnik.de/profil/Gemeinschaftskrankenhaus+Havelhoehe-9742/ueber,http://www.havelhoehe.de
Gemeinschaftskrankenhaus Herdecke gGmbH,https://www.weltzentrum-der-medizintechnik.de/profil/Gemeinschaftskrankenhaus+Herdecke+gGmbH-9692/ueber,http://www.gemeinschaftskrankenhaus.de/de/startseite/
General Implants GmbH Deutschland,https://www.weltzentrum-der-medizintechnik.de/profil/General+Implants+GmbH+Deutschland+-629/ueber,http://www.general-implants.com
Genius Medizintechnik GmbH,https://www.weltzentrum-der-medizintechnik.de/profil/Genius+Medizintechnik+GmbH+-57/ueber,http://www.genius-medizintechnik.de
Gensingen,https://www.weltzentrum-der-medizintechnik.de/profil/Gensingen-9427/ueber,http://www.bandscheiben.de
Genthner GmbH SystemTechnologie,https://www.weltzentrum-der-medizintechnik.de/profil/Genthner+GmbH+SystemTechnologie-1314/ueber,http://www.genthner.com
Geomed Medizin-Technik GmbH & Co KG,https://www.weltzentrum-der-medizintechnik.de/profil/Geomed+MedizinTechnik+GmbH+%2526+Co+KG-12/ueber,http://www.geomed.de/
Geomed-Kreisklinik,https://www.weltzentrum-der-medizintechnik.de/profil/GeomedKreisklinik-9231/ueber,http://geomed-klinik.de
Georg Alber GmbH & Co. KG,https://www.weltzentrum-der-medizintechnik.de/profil/Georg+Alber+GmbH+%2526+Co.+KG-606/ueber,http://www.georg-alber.de
Georg Schnebel MASCHINENMACHER,https://www.weltzentrum-der-medizintechnik.de/profil/Georg+Schnebel+MASCHINENMACHER-749/ueber,https://maschinenmacher.de/
Geratherm Medical AG,https://www.weltzentrum-der-medizintechnik.de/profil/Geratherm+Medical+AG-1315/ueber,http://www.geratherm.com
Geratherm Respiratory GmbH,https://www.weltzentrum-der-medizintechnik.de/profil/Geratherm+Respiratory+GmbH-1316/ueber,http://www.geratherm-respiratory.com
Gerhard Runge & Partner GmbH,https://www.weltzentrum-der-medizintechnik.de/profil/Gerhard+Runge+%2526+Partner+GmbH-1317/ueber,http://www.runge-partner.de
Geriatrische Fachklinik Georgenhaus,https://www.weltzentrum-der-medizintechnik.de/profil/Geriatrische+Fachklinik+Georgenhaus-10566/ueber,http://www.sozialwerk-meiningen.de
Geriatrische Fachklinik Rheinhessen-Nahe Akutgeriatrie,https://www.weltzentrum-der-medizintechnik.de/profil/Geriatrische+Fachklinik+RheinhessenNahe+Akutgeriatrie-9694/ueber,http://www.geriatrische-fachklinik-rheinhessen-nahe.de/
Geriatrische Tagesklinik Nauen,https://www.weltzentrum-der-medizintechnik.de/profil/Geriatrische+Tagesklinik+Nauen-9744/ueber,http://www.havelland-kliniken.de
German Healthcare Export Group (GHE) e.V.,https://www.weltzentrum-der-medizintechnik.de/profil/German+Healthcare+Export+Group+GHE+e.V.-1318/ueber,http://www.gheg.de
Gerstberger Inh. Jürgen Winkler,https://www.weltzentrum-der-medizintechnik.de/profil/Gerstberger+Inh.+Juergen+Winkler-1319/ueber,http://www.gerstberger.com
Gertrudis-Hospital Westerholt,https://www.weltzentrum-der-medizintechnik.de/profil/GertrudisHospital+Westerholt-9916/ueber,http://www.kkrn.de
Gertrudis-Klinik Biskirchen Parkinson-Zentrum,https://www.weltzentrum-der-medizintechnik.de/profil/GertrudisKlinik+Biskirchen+ParkinsonZentrum-10424/ueber,http://www.parkinson.de
Geschwentner moulds & parts GmbH & Co.KG,https://www.weltzentrum-der-medizintechnik.de/profil/Geschwentner+moulds+%2526+parts+GmbH+%2526+Co.KG-759/ueber,http://www.geschwentner-form.de
Gesundheitseinrichtungen Hameln-Pyrmont GmbH - Sana Klinikum Hameln-Pyrmont,https://www.weltzentrum-der-medizintechnik.de/profil/Gesundheitseinrichtungen+HamelnPyrmont+GmbH++Sana+Klinikum+HamelnPyrmont-10510/ueber,http://www.sana-hm.de
Gesundheitszentrum Bitterfeld/Wolfen gGmbH,https://www.weltzentrum-der-medizintechnik.de/profil/Gesundheitszentrum+BitterfeldWolfen+gGmbH-9726/ueber,http://www.gzbiwo.de
Gesundheitszentrum Glantal,https://www.weltzentrum-der-medizintechnik.de/profil/Gesundheitszentrum+Glantal-9698/ueber,http://www.gesundheitszentrum-glantal.de
Gesundheitszentrum Odenwaldkreis GmbH,https://www.weltzentrum-der-medizintechnik.de/profil/Gesundheitszentrum+Odenwaldkreis+GmbH-10960/ueber,https://www.gz-odw.de
Getinge Deutschland GmbH,https://www.weltzentrum-der-medizintechnik.de/profil/Getinge+Deutschland+GmbH-1322/ueber,http://www.getinge.de
Getsch + Hiller Medizintechnik GmbH,https://www.weltzentrum-der-medizintechnik.de/profil/Getsch+%252B+Hiller+Medizintechnik+GmbH-36/ueber,http://www.getsch-hiller.de
Geyer Umformtechnik GmbH,https://www.weltzentrum-der-medizintechnik.de/profil/Geyer+Umformtechnik+GmbH-2405/ueber,http://www.geyer-ut.de
Gigadent Deutsche Dental GmbH,https://www.weltzentrum-der-medizintechnik.de/profil/Gigadent+Deutsche+Dental+GmbH-1325/ueber,http://www.deutsche-dental.de/
Gillert Medizintechnik e.K.,https://www.weltzentrum-der-medizintechnik.de/profil/Gillert+Medizintechnik+e.K.-1326/ueber,http://www.gillert-medizintechnik.de
Gindele GmbH,https://www.weltzentrum-der-medizintechnik.de/profil/Gindele+GmbH-365/ueber,http://www.gindele.de/
GkMed Gesellschaft für konservative Medizintechnik mbH,https://www.weltzentrum-der-medizintechnik.de/profil/GkMed+Gesellschaft+fuer+konservative+Medizintechnik+mbH-1329/ueber,http://www.gkmed.de
Glaser AG,https://www.weltzentrum-der-medizintechnik.de/profil/Glaser+AG-11450/ueber,http://www.glaser-surgical.de
Global Executive Consulting Markus Lips,https://www.weltzentrum-der-medizintechnik.de/profil/Global+Executive+Consulting+Markus+Lips-210/ueber,http://www.gex-consulting.com
Globus GmbH,https://www.weltzentrum-der-medizintechnik.de/profil/Globus+GmbH-1332/ueber,http://www.globus-gmbh.de
Glomeditrans UG,https://www.weltzentrum-der-medizintechnik.de/profil/Glomeditrans+UG-1333/ueber,http://glomeditrans.com
Gloor Medical GmbH,https://www.weltzentrum-der-medizintechnik.de/profil/Gloor+Medical+GmbH-1334/ueber,http://www.gloor-medical.ch
Görgü Medizintechnik GmbH,https://www.weltzentrum-der-medizintechnik.de/profil/Goergue+Medizintechnik+GmbH-432/ueber,http://www.goergue-medizintechnik.de/
Gonzalez Surgical Instruments,https://www.weltzentrum-der-medizintechnik.de/profil/Gonzalez+Surgical+Instruments+-101/ueber,
Green Treppenlifte GmbH & Co. KG,https://www.weltzentrum-der-medizintechnik.de/profil/Green+Treppenlifte+GmbH+%2526+Co.+KG-1348/ueber,http://www.nord-treppenlift.de
Greha GmbH,https://www.weltzentrum-der-medizintechnik.de/profil/Greha+GmbH-1350/ueber,https://www.greha.de/
Greiner & Sohn Augenprothesen und Gesichtsepithetik GmbH,https://www.weltzentrum-der-medizintechnik.de/profil/Greiner+%2526+Sohn+Augenprothesen+und+Gesichtsepithetik+GmbH-1352/ueber,http://www.greiner-sohn.eu
Greiner Diagnostic GmbH,https://www.weltzentrum-der-medizintechnik.de/profil/Greiner+Diagnostic+GmbH-1351/ueber,http://www.greiner-diagnostic.com
Grimm Zuführtechnik GmbH & Co. KG,https://www.weltzentrum-der-medizintechnik.de/profil/Grimm+Zufuehrtechnik+GmbH+%2526+Co.+KG-237/ueber,http://www.grimm-automatisierung.de
Gründler GmbH,https://www.weltzentrum-der-medizintechnik.de/profil/Gruendler+GmbH-1359/ueber,http://www.gruendler-medical.de
Gruner AG,https://www.weltzentrum-der-medizintechnik.de/profil/Gruner+AG-407/ueber,https://www.gruner.de/
Guder Medizintechnik GmbH & Co. KG,https://www.weltzentrum-der-medizintechnik.de/profil/Guder+Medizintechnik+GmbH+%2526+Co.+KG-1362/ueber,http://www.guder-medizin.de
Gülden Medizintechnik Vertriebs GmbH,https://www.weltzentrum-der-medizintechnik.de/profil/Guelden+Medizintechnik+Vertriebs+GmbH-1365/ueber,http://www.guelden-med.de
Günter Bissinger Medizintechnik GmbH,https://www.weltzentrum-der-medizintechnik.de/profil/Guenter+Bissinger+Medizintechnik+GmbH-115/ueber,http://www.bissinger-medizintechnik.com
Günter Krohmer GmbH,https://www.weltzentrum-der-medizintechnik.de/profil/Guenter+Krohmer+GmbH-1366/ueber,http://www.krohmer-gmbh.de
Günter Stoffel Medizintechnik GmbH,https://www.weltzentrum-der-medizintechnik.de/profil/Guenter+Stoffel+Medizintechnik+GmbH-572/ueber,http://www.insto.de/
Günztalklinik Allgäu,https://www.weltzentrum-der-medizintechnik.de/profil/Guenztalklinik+Allgaeu-10959/ueber,https://www.guenztalklinik-allgaeu.de
Guido Kübler GmbH,https://www.weltzentrum-der-medizintechnik.de/profil/Guido+Kuebler+GmbH-1363/ueber,http://www.guido-kuebler-gmbh.de
Guido Mersch,https://www.weltzentrum-der-medizintechnik.de/profil/Guido+Mersch-1364/ueber,http://www.meg.medizintechnik.de
Gunther Haufe Dresden GmbH,https://www.weltzentrum-der-medizintechnik.de/profil/Gunther+Haufe+Dresden+GmbH-1368/ueber,http://www.ibhaufe.de
Gustav Kunze jr. e. K.,https://www.weltzentrum-der-medizintechnik.de/profil/Gustav+Kunze+jr.+e.+K.-1369/ueber,http://www.kunze-berlin.com
GxP Language Services,https://www.weltzentrum-der-medizintechnik.de/profil/GxP+Language+Services-1373/ueber,http://gxplanguageservices.com/
H. C. Grosse GmbH & Co. KG,https://www.weltzentrum-der-medizintechnik.de/profil/H.+C.+Grosse+GmbH+%2526+Co.+KG-1374/ueber,http://www.hcgrosse.de
HA Metalltechnik e.K.,https://www.weltzentrum-der-medizintechnik.de/profil/HA+Metalltechnik+e.K.-610/ueber,http://www.ha-metalltechnik.de
HARSCH GmbH,https://www.weltzentrum-der-medizintechnik.de/profil/HARSCH+GmbH-640/ueber,https://v-medtech.de/
HBH Medizintechnik GmbH,https://www.weltzentrum-der-medizintechnik.de/profil/HBH+Medizintechnik+GmbH-131/ueber,http://www.hbh-medizintechnik.de/
HBi Robotics GmbH,https://www.weltzentrum-der-medizintechnik.de/profil/HBi+Robotics+GmbH-519/ueber,http://www.hbi-robotics.de
HEGO Drehtechnik GmbH,https://www.weltzentrum-der-medizintechnik.de/profil/HEGO+Drehtechnik+GmbH-416/ueber,https://www.hego-drehtechnik.de/
HELIOS Agnes-Karll Krankenhaus Bad Schwartau [BSC] [BSC],https://www.weltzentrum-der-medizintechnik.de/profil/HELIOS+AgnesKarll+Krankenhaus+Bad+Schwartau+%255BBSC%255D+%255BBSC%255D-2833/ueber,
HELIOS Albert-Schweitzer-Klinik Northeim [NOM],https://www.weltzentrum-der-medizintechnik.de/profil/HELIOS+AlbertSchweitzerKlinik+Northeim+%255BNOM%255D-2803/ueber,https://www.helios-gesundheit.de/kliniken/Northeim
HELIOS Aukamm-Klinik Wiesbaden GmbH,https://www.weltzentrum-der-medizintechnik.de/profil/HELIOS+AukammKlinik+Wiesbaden+GmbH-2839/ueber,
HELIOS Bördeklinik,https://www.weltzentrum-der-medizintechnik.de/profil/HELIOS+Boerdeklinik-2808/ueber,
"HELIOS Fachklinik, Klinik für Erwachsenenpsychiatrie und Psychosomatische Medizin",https://www.weltzentrum-der-medizintechnik.de/profil/HELIOS+Fachklinik%252C+Klinik+fuer+Erwachsenenpsychiatrie+und+Psychosomatische+Medizin-2782/ueber,
HELIOS Fachklinik Vogelsang - Gommern,https://www.weltzentrum-der-medizintechnik.de/profil/HELIOS+Fachklinik+Vogelsang++Gommern-2815/ueber,
HELIOS Klinik Blankenhain,https://www.weltzentrum-der-medizintechnik.de/profil/HELIOS+Klinik+Blankenhain-2826/ueber,
HELIOS Klinik Bleicherode GmbH,https://www.weltzentrum-der-medizintechnik.de/profil/HELIOS+Klinik+Bleicherode+GmbH-2828/ueber,
HELIOS Klinik Erlenbach,https://www.weltzentrum-der-medizintechnik.de/profil/HELIOS+Klinik+Erlenbach-2794/ueber,
HELIOS Klinik Idstein,https://www.weltzentrum-der-medizintechnik.de/profil/HELIOS+Klinik+Idstein-2832/ueber,http://www.helios-kliniken.de/klinik/idstein.html
HELIOS Klinik Jerichower Land,https://www.weltzentrum-der-medizintechnik.de/profil/HELIOS+Klinik+Jerichower+Land-2798/ueber,https://www.helios-gesundheit.de/kliniken/burg
HELIOS Klinik Kiel,https://www.weltzentrum-der-medizintechnik.de/profil/HELIOS+Klinik+Kiel-2844/ueber,http://www.helios-kliniken.de/klinik/kiel.html
HELIOS Klinik Leisnig,https://www.weltzentrum-der-medizintechnik.de/profil/HELIOS+Klinik+Leisnig-2811/ueber,https://www.helios-gesundheit.de/kliniken/leisnig/
HELIOS Klinik Miltenberg,https://www.weltzentrum-der-medizintechnik.de/profil/HELIOS+Klinik+Miltenberg-2862/ueber,https://www.helios-gesundheit.de/reha/miltenberg
HELIOS Klinik Oberwald Grebenhain,https://www.weltzentrum-der-medizintechnik.de/profil/HELIOS+Klinik+Oberwald+Grebenhain-2834/ueber,
HELIOS Klinik Schleswig GmbH,https://www.weltzentrum-der-medizintechnik.de/profil/HELIOS+Klinik+Schleswig+GmbH-2783/ueber,
HELIOS Klinik Volkach,https://www.weltzentrum-der-medizintechnik.de/profil/HELIOS+Klinik+Volkach-2841/ueber,
HELIOS Klinik Zerbst/Anhalt,https://www.weltzentrum-der-medizintechnik.de/profil/HELIOS+Klinik+ZerbstAnhalt-2816/ueber,https://www.helios-gesundheit.de/kliniken/zerbst/
HELIOS Klinik für Herzchirurgie Karlsruhe,https://www.weltzentrum-der-medizintechnik.de/profil/HELIOS+Klinik+fuer+Herzchirurgie+Karlsruhe-2831/ueber,
HELIOS Klinik für Kinder und Jugendpsychiatrie Psychotherapie und Psychosomatik Tagesklinik Greifswa,https://www.weltzentrum-der-medizintechnik.de/profil/HELIOS+Klinik+fuer+Kinder+und+Jugendpsychiatrie+Psychotherapie+und+Psychosomatik+Tagesklinik+Greifswa-2858/ueber,http://www.helios-gesundheit.de/stralsund
"HELIOS Klinik für Kinder- und Jugendpsychiatrie und -Psychotherapie, Tagesklinik Baumhaus Husum",https://www.weltzentrum-der-medizintechnik.de/profil/HELIOS+Klinik+fuer+Kinder+und+Jugendpsychiatrie+und+Psychotherapie%252C+Tagesklinik+Baumhaus+Husum-2846/ueber,
HELIOS Klinikum Bad Saarow,https://www.weltzentrum-der-medizintechnik.de/profil/HELIOS+Klinikum+Bad+Saarow-2764/ueber,
HELIOS Klinikum Gifhorn GmbH,https://www.weltzentrum-der-medizintechnik.de/profil/HELIOS+Klinikum+Gifhorn+GmbH-2781/ueber,https://www.helios-gesundheit.de/kliniken/gifhorn/
HELIOS Klinikum Meiningen,https://www.weltzentrum-der-medizintechnik.de/profil/HELIOS+Klinikum+Meiningen-2773/ueber,http://www.helios-kliniken.de/meiningen
HELIOS Klinikum Schwelm,https://www.weltzentrum-der-medizintechnik.de/profil/HELIOS+Klinikum+Schwelm-2775/ueber,http://www.helios-gesundheit/schwelm.de
HELIOS Klinikum Siegburg,https://www.weltzentrum-der-medizintechnik.de/profil/HELIOS+Klinikum+Siegburg-2779/ueber,
"HELIOS Klinikum Wuppertal GmbH Herzzentrum, Standort Elberfeld",https://www.weltzentrum-der-medizintechnik.de/profil/HELIOS+Klinikum+Wuppertal+GmbH+Herzzentrum%252C+Standort+Elberfeld-2822/ueber,
HELIOS Mariahilf Klinik Hamburg,https://www.weltzentrum-der-medizintechnik.de/profil/HELIOS+Mariahilf+Klinik+Hamburg-2810/ueber,
HELIOS Psychiatrische Tagesklinik und Institutsambulanz Ribnitz-Damgarten,https://www.weltzentrum-der-medizintechnik.de/profil/HELIOS+Psychiatrische+Tagesklinik+und+Institutsambulanz+RibnitzDamgarten-2855/ueber,http://www.helios-gesundheit.de/stralsund
HELIOS Rosmann Klinik Breisach,https://www.weltzentrum-der-medizintechnik.de/profil/HELIOS+Rosmann+Klinik+Breisach-2827/ueber,
HELIOS St. Elisabeth Klinik Oberhausen,https://www.weltzentrum-der-medizintechnik.de/profil/HELIOS+St.+Elisabeth+Klinik+Oberhausen-2805/ueber,
HELIOS St. Josefs-Hospital Bochum-Linden,https://www.weltzentrum-der-medizintechnik.de/profil/HELIOS+St.+JosefsHospital+BochumLinden-2809/ueber,
HELIOS St. Marienberg Klinik Helmstedt,https://www.weltzentrum-der-medizintechnik.de/profil/HELIOS+St.+Marienberg+Klinik+Helmstedt-2795/ueber,
HELIOS Tagesklinik Psychiatrie (Erwachsene),https://www.weltzentrum-der-medizintechnik.de/profil/HELIOS+Tagesklinik+Psychiatrie+Erwachsene-2853/ueber,
HELIOS Tagesklinik für Psychiatrie und Psychotherapie in der Innenstadt von Stralsund,https://www.weltzentrum-der-medizintechnik.de/profil/HELIOS+Tagesklinik+fuer+Psychiatrie+und+Psychotherapie+in+der+Innenstadt+von+Stralsund-2847/ueber,http://www.helios-gesundheit.de/stralsund
HELIOS Tagesklinik und Institutsambulanz für Psychiatrie und Psychotherapie Grimmen,https://www.weltzentrum-der-medizintechnik.de/profil/HELIOS+Tagesklinik+und+Institutsambulanz+fuer+Psychiatrie+und+Psychotherapie+Grimmen-2856/ueber,http://www.helios-gesundheit.de/stralsund
HELIOS Universitätsklinikum Wuppertal GmbH,https://www.weltzentrum-der-medizintechnik.de/profil/HELIOS+Universitaetsklinikum+Wuppertal+GmbH-2760/ueber,
HERMED Technische Beratungs GmbH,https://www.weltzentrum-der-medizintechnik.de/profil/HERMED+Technische+Beratungs+GmbH-1401/ueber,http://www.hermed.de
HERMLE Labortechnik GmbH,https://www.weltzentrum-der-medizintechnik.de/profil/HERMLE+Labortechnik+GmbH-712/ueber,https://www.hermle-labortechnik.de/
HGR Instrumente GmbH,https://www.weltzentrum-der-medizintechnik.de/profil/HGR+Instrumente+GmbH-134/ueber,http://www.hgr-instrumente.de/
HIPP medical AG,https://www.weltzentrum-der-medizintechnik.de/profil/HIPP+medical+AG-2460/ueber,https://www.hipp-medical.com
HMK Hanseatic Medical Kontor UG,https://www.weltzentrum-der-medizintechnik.de/profil/HMK+Hanseatic+Medical+Kontor+UG-1420/ueber,http://hmk-medical.com/
HMN Trading,https://www.weltzentrum-der-medizintechnik.de/profil/HMN+Trading-1421/ueber,http://www.hmntrading.de
HNE Huntleigh Nesbit Evans Healthcare GmbH,https://www.weltzentrum-der-medizintechnik.de/profil/HNE+Huntleigh+Nesbit+Evans+Healthcare+GmbH-1423/ueber,https://www.huntleigh.de
HNO-Klinik Bogenhausen Dr. Gaertner GmbH,https://www.weltzentrum-der-medizintechnik.de/profil/HNOKlinik+Bogenhausen+Dr.+Gaertner+GmbH-9689/ueber,http://www.gaertnerklinik.de/
HP-PFAFF,https://www.weltzentrum-der-medizintechnik.de/profil/HPPFAFF-412/ueber,https://www.hp-pfaff-tut.de/
HPT Hochwertige Pharmatechnik GmbH & Co. KG,https://www.weltzentrum-der-medizintechnik.de/profil/HPT+Hochwertige+Pharmatechnik+GmbH+%2526+Co.+KG-1440/ueber,http://www.hpt.info
HPTec GmbH,https://www.weltzentrum-der-medizintechnik.de/profil/HPTec+GmbH-538/ueber,http://www.hptec.de
HS DOMS GmbH,https://www.weltzentrum-der-medizintechnik.de/profil/HS+DOMS+GmbH-1441/ueber,https://www.haag-streit.com/de/haag-streit-doms/
HUM GmbH,https://www.weltzentrum-der-medizintechnik.de/profil/HUM+GmbH-1446/ueber,http://www.hum-online.de
HWV R. Blome GmbH,https://www.weltzentrum-der-medizintechnik.de/profil/HWV+R.+Blome+GmbH-1451/ueber,http://www.hwv-med.de
HaSoTec Hardware & Software Technology GmbH,https://www.weltzentrum-der-medizintechnik.de/profil/HaSoTec+Hardware+%2526+Software+Technology+GmbH-1400/ueber,https://www.hasotec.com/
Haag-Streit Deutschland GmbH,https://www.weltzentrum-der-medizintechnik.de/profil/HaagStreit+Deutschland+GmbH-1376/ueber,http://www.haag-streit.de
Haas - Ortopädietechnik Gmbh & Co.KG,https://www.weltzentrum-der-medizintechnik.de/profil/Haas++Ortopaedietechnik+Gmbh+%2526+Co.KG-1377/ueber,http://www.haas-orthopaedietechnik.de
Haas Schleifmaschinen GmbH,https://www.weltzentrum-der-medizintechnik.de/profil/Haas+Schleifmaschinen+GmbH-232/ueber,http://www.multigrind.com
Haase Medizintechnik Andreas Haase,https://www.weltzentrum-der-medizintechnik.de/profil/Haase+Medizintechnik+Andreas+Haase-1378/ueber,http://www.haase-medizintechnik.de
Haase Medizintechnik Inhaber: Andreas Yorck Haase,https://www.weltzentrum-der-medizintechnik.de/profil/Haase+Medizintechnik+Inhaber%253A+Andreas+Yorck+Haase-1379/ueber,http://www.haasemedizintechnik.de
Haemonetics GmbH,https://www.weltzentrum-der-medizintechnik.de/profil/Haemonetics+GmbH-1380/ueber,http://www.haemonetics.de
Hafner Chirurgische Instrumente,https://www.weltzentrum-der-medizintechnik.de/profil/Hafner+Chirurgische+Instrumente-128/ueber,http://www.hafner-instrumente.de
Hager & Meisinger GmbH,https://www.weltzentrum-der-medizintechnik.de/profil/Hager+%2526+Meisinger+GmbH-1381/ueber,http://www.meisinger.de
Haller-Jauch GmbH,https://www.weltzentrum-der-medizintechnik.de/profil/HallerJauch+GmbH-284/ueber,http://www.haller-jauch.com
Hammerwerk Fridingen GmbH,https://www.weltzentrum-der-medizintechnik.de/profil/Hammerwerk+Fridingen+GmbH-280/ueber,http://www.hammerwerk.de
Hans Carossa Klinik Stühlingen,https://www.weltzentrum-der-medizintechnik.de/profil/Hans+Carossa+Klinik+Stuehlingen-9500/ueber,http://www.carossa-klinik.de
Hans Heimerdinger e.K. Oberflächentechnik,https://www.weltzentrum-der-medizintechnik.de/profil/Hans+Heimerdinger+e.K.+Oberflaechentechnik-1388/ueber,http://www.heimerdinger.com
Hans Krüger GmbH,https://www.weltzentrum-der-medizintechnik.de/profil/Hans+Krueger+GmbH-1390/ueber,http://www.krueger-sanitaetshaus.de
Hans Martin Medizin- & Fertigungstechnik,https://www.weltzentrum-der-medizintechnik.de/profil/Hans+Martin+Medizin+%2526+Fertigungstechnik-720/ueber,https://www.hansmartin-mft.de
Hans Müller HMP Medizintechnik GmbH,https://www.weltzentrum-der-medizintechnik.de/profil/Hans+Mueller+HMP+Medizintechnik+GmbH-1391/ueber,http://www.hmp-medizintechnik.de
Hans Münziger Chirurgische Instrumente,https://www.weltzentrum-der-medizintechnik.de/profil/Hans+Muenziger+Chirurgische+Instrumente-173/ueber,
Hans-Joachim Arndt,https://www.weltzentrum-der-medizintechnik.de/profil/HansJoachim+Arndt-1389/ueber,http://www.arndt-medtech.de
Hans-Sattler Medizintechnik GmbH & Co. KG,https://www.weltzentrum-der-medizintechnik.de/profil/HansSattler+Medizintechnik+GmbH+%2526+Co.+KG-165/ueber,http://www.hans-sattler.com/
Hanshin Medical Co. Ltd.,https://www.weltzentrum-der-medizintechnik.de/profil/Hanshin+Medical+Co.+Ltd.-1392/ueber,http://www.eurohanshin.com
Harald Schmid GmbH,https://www.weltzentrum-der-medizintechnik.de/profil/Harald+Schmid+GmbH-166/ueber,http://www.harald-schmid-gmbh.de/
Harmonic Drive,https://www.weltzentrum-der-medizintechnik.de/profil/Harmonic+Drive-1395/ueber,https://www.harmonicdrive.de
Hartmann GmbH,https://www.weltzentrum-der-medizintechnik.de/profil/Hartmann+GmbH-2498/ueber,http://www.hartmann-gmbh.eu
"Harzklinikum Dorothea Christiane Erxleben, Standort Quedlinburg",https://www.weltzentrum-der-medizintechnik.de/profil/Harzklinikum+Dorothea+Christiane+Erxleben%252C+Standort+Quedlinburg-9739/ueber,http://www.harzklinikum.com
"Harzklinikum Dorothea Christiane Erxleben, Standort Tagesklinik Psychiatrie Quedlinburg",https://www.weltzentrum-der-medizintechnik.de/profil/Harzklinikum+Dorothea+Christiane+Erxleben%252C+Standort+Tagesklinik+Psychiatrie+Quedlinburg-9740/ueber,http://www.harzklinikum.com
"Harzklinikum Dorothea Christiane Erxleben, Standort Wernigerode",https://www.weltzentrum-der-medizintechnik.de/profil/Harzklinikum+Dorothea+Christiane+Erxleben%252C+Standort+Wernigerode-9738/ueber,http://www.harzklinikum.com
"Harzklinikum Dorothea Christiane Erxleben GmbH, Standort Blankenburg",https://www.weltzentrum-der-medizintechnik.de/profil/Harzklinikum+Dorothea+Christiane+Erxleben+GmbH%252C+Standort+Blankenburg-9735/ueber,http://www.harzklinikum.com
"Harzklinikum Dorothea Christiane Erxleben GmbH, Standort Kinderklinik Wernigerode",https://www.weltzentrum-der-medizintechnik.de/profil/Harzklinikum+Dorothea+Christiane+Erxleben+GmbH%252C+Standort+Kinderklinik+Wernigerode-9736/ueber,http://www.harzklinikum.com
"Harzklinikum Dorothea Christiane Erxleben GmbH, Standort Tagesklinik Psychiatrie Blankenburg",https://www.weltzentrum-der-medizintechnik.de/profil/Harzklinikum+Dorothea+Christiane+Erxleben+GmbH%252C+Standort+Tagesklinik+Psychiatrie+Blankenburg-9737/ueber,http://www.harzklinikum.com
Hassberg-Kliniken Haus Ebern,https://www.weltzentrum-der-medizintechnik.de/profil/HassbergKliniken+Haus+Ebern-10968/ueber,https://www.hassberg-kliniken.de/startseite.html
Haßberg-Kliniken Haus Haßfurt,https://www.weltzentrum-der-medizintechnik.de/profil/HassbergKliniken+Haus+Hassfurt-10969/ueber,https://www.hassberg-kliniken.de/startseite.html
Haus Olbernhau,https://www.weltzentrum-der-medizintechnik.de/profil/Haus+Olbernhau-9905/ueber,http://www.kkh-mek.de
Haus Zschopau,https://www.weltzentrum-der-medizintechnik.de/profil/Haus+Zschopau-9904/ueber,http://www.kkh-mek.de
Hauschild GmbH,https://www.weltzentrum-der-medizintechnik.de/profil/Hauschild+GmbH-585/ueber,http://www.hauschildgmbh.com
Havelklinik GmbH & Co. KG,https://www.weltzentrum-der-medizintechnik.de/profil/Havelklinik+GmbH+%2526+Co.+KG-9743/ueber,http://www.havelklinik.de
"Havelland Kliniken GmbH, Klinik Nauen",https://www.weltzentrum-der-medizintechnik.de/profil/Havelland+Kliniken+GmbH%252C+Klinik+Nauen-9748/ueber,http://www.havelland-kliniken.de/
"Havelland Kliniken GmbH, Klinik Rathenow",https://www.weltzentrum-der-medizintechnik.de/profil/Havelland+Kliniken+GmbH%252C+Klinik+Rathenow-9745/ueber,http://www.havelland-kliniken.de
Haytech GmbH und Co. KG,https://www.weltzentrum-der-medizintechnik.de/profil/Haytech+GmbH+und+Co.+KG-728/ueber,http://www.haytech-cnc.de
HeVaTech GmbH,https://www.weltzentrum-der-medizintechnik.de/profil/HeVaTech+GmbH-1405/ueber,http://www.hevatech.com
Hegau-Jugendwerk GmbH,https://www.weltzentrum-der-medizintechnik.de/profil/HegauJugendwerk+GmbH-10970/ueber,https://www.hegau-jugendwerk.de
Heidekreis-Klinikum GmbH Krankenhaus Soltau,https://www.weltzentrum-der-medizintechnik.de/profil/HeidekreisKlinikum+GmbH+Krankenhaus+Soltau-9750/ueber,http://www.heidekreis-klinikum.de
Heidekreis-Klinikum GmbH Krankenhaus Walsrode,https://www.weltzentrum-der-medizintechnik.de/profil/HeidekreisKlinikum+GmbH+Krankenhaus+Walsrode-9751/ueber,http://www.heidekreis-klinikum.de
Heilig Geist-Krankenhaus,https://www.weltzentrum-der-medizintechnik.de/profil/Heilig+GeistKrankenhaus-9765/ueber,http://www.hgk-koeln.de/
Heilig-Geist Hospital GmbH & Co. KG,https://www.weltzentrum-der-medizintechnik.de/profil/HeiligGeist+Hospital+GmbH+%2526+Co.+KG-9764/ueber,http://www.hgh-bensheim.de
Heilig-Geist-Hospital Bingen gGmbH,https://www.weltzentrum-der-medizintechnik.de/profil/HeiligGeistHospital+Bingen+gGmbH-9752/ueber,http://www.heilig-geist-hospital.de/
Heiligenfeld Klinik Waldmünchen,https://www.weltzentrum-der-medizintechnik.de/profil/Heiligenfeld+Klinik+Waldmuenchen-10714/ueber,http://www.waldmuenchen.heiligenfeld.de/
Heimerle + Meule GmbH,https://www.weltzentrum-der-medizintechnik.de/profil/Heimerle+%252B+Meule+GmbH-2492/ueber,http://www.heimerle-meule.com
Heinrich Sengelmann Tagesklinik Ahrensburg,https://www.weltzentrum-der-medizintechnik.de/profil/Heinrich+Sengelmann+Tagesklinik+Ahrensburg-10976/ueber,https://www.heinrich-sengelmann-kliniken.de/
Heinrich Sengelmann Tagesklinik Bargteheide,https://www.weltzentrum-der-medizintechnik.de/profil/Heinrich+Sengelmann+Tagesklinik+Bargteheide-10973/ueber,https://www.heinrich-sengelmann-kliniken.de
"Heinrich-Braun-Klinikum gemeinnützige GmbH, Standort Kirchberg",https://www.weltzentrum-der-medizintechnik.de/profil/HeinrichBraunKlinikum+gemeinnuetzige+GmbH%252C+Standort+Kirchberg-9754/ueber,http://www.heinrich-braun-klinikum.de/
"Heinrich-Braun-Klinikum gemeinnützige GmbH, Standort Zwickau",https://www.weltzentrum-der-medizintechnik.de/profil/HeinrichBraunKlinikum+gemeinnuetzige+GmbH%252C+Standort+Zwickau-9753/ueber,http://www.heinrich-braun-klinikum.de
Heinz Berger Maschinenfabrik GmbH & Co. KG,https://www.weltzentrum-der-medizintechnik.de/profil/Heinz+Berger+Maschinenfabrik+GmbH+%2526+Co.+KG-586/ueber,https://www.bergergruppe.de/
Heinz Waldrich Surgical Instruments,https://www.weltzentrum-der-medizintechnik.de/profil/Heinz+Waldrich+Surgical+Instruments-95/ueber,http://www.waldrich.com
Helios Amper-Klinik Indersdorf,https://www.weltzentrum-der-medizintechnik.de/profil/Helios+AmperKlinik+Indersdorf-2843/ueber,http://www.helios-gesundheit/dachau.de
Helios Cäcilien-Hospital Hüls,https://www.weltzentrum-der-medizintechnik.de/profil/Helios+CaecilienHospital+Huels-2814/ueber,http://www.helios-kliniken.de/klinik/huels.html
Helios ENDO-Klinik Hamburg,https://www.weltzentrum-der-medizintechnik.de/profil/Helios+ENDOKlinik+Hamburg-2804/ueber,
Helios Fachkliniken Hildburghausen/ Psychiatrische Tagesklinik Ilmenau,https://www.weltzentrum-der-medizintechnik.de/profil/Helios+Fachkliniken+Hildburghausen+Psychiatrische+Tagesklinik+Ilmenau-2850/ueber,http://www.helios-kliniken.de/hildburghausen
Helios Fachkliniken Hildburghausen,https://www.weltzentrum-der-medizintechnik.de/profil/Helios+Fachkliniken+Hildburghausen-2780/ueber,http://www.helios-gesundheit.de/hildburghausen
Helios Fachkliniken Hildburghausen/Psychiatrische Tagesklinik Meiningen,https://www.weltzentrum-der-medizintechnik.de/profil/Helios+Fachkliniken+HildburghausenPsychiatrische+Tagesklinik+Meiningen-2849/ueber,http://www.helios-kliniken.de/hildburghausen
Helios Fachkliniken Hildburghausen/Psychiatrische Tagesklinik Sonneberg,https://www.weltzentrum-der-medizintechnik.de/profil/Helios+Fachkliniken+HildburghausenPsychiatrische+Tagesklinik+Sonneberg-2851/ueber,http://www.helios-gesundheit.de/hildburghausen
Helios Fachkliniken Hildburghausen/Psychiatrische Tagesklinik Suhl,https://www.weltzentrum-der-medizintechnik.de/profil/Helios+Fachkliniken+HildburghausenPsychiatrische+Tagesklinik+Suhl-2852/ueber,http://www.helios-gesundheit.de/hildburghausen
Helios Frankenwaldklinik Kronach,https://www.weltzentrum-der-medizintechnik.de/profil/Helios+Frankenwaldklinik+Kronach-2789/ueber,
Helios Hanseklinikum Stralsund,https://www.weltzentrum-der-medizintechnik.de/profil/Helios+Hanseklinikum+Stralsund-2771/ueber,http://www.helios-gesundheit.de/stralsund
Helios Klinik Bad Gandersheim,https://www.weltzentrum-der-medizintechnik.de/profil/Helios+Klinik+Bad+Gandersheim-2830/ueber,
Helios Klinik Duisburg Homberg,https://www.weltzentrum-der-medizintechnik.de/profil/Helios+Klinik+Duisburg+Homberg-2866/ueber,https://www.helios-gesundheit.de/kliniken/duisburg-homberg/
Helios Klinik Herzberg/Osterode,https://www.weltzentrum-der-medizintechnik.de/profil/Helios+Klinik+HerzbergOsterode-2801/ueber,http://www.helios-gesundheit.de/herzberg
Helios Klinik Hettstedt,https://www.weltzentrum-der-medizintechnik.de/profil/Helios+Klinik+Hettstedt-2792/ueber,
Helios Klinik Lutherstadt Eisleben,https://www.weltzentrum-der-medizintechnik.de/profil/Helios+Klinik+Lutherstadt+Eisleben-2797/ueber,
Helios Klinik Wesermarsch,https://www.weltzentrum-der-medizintechnik.de/profil/Helios+Klinik+Wesermarsch-2829/ueber,http://www.helios-gesundheit.de/wesermarsch
Helios Klinik Wipperfürth,https://www.weltzentrum-der-medizintechnik.de/profil/Helios+Klinik+Wipperfuerth-2825/ueber,http://www.helios-gesundheit.de/wipperfuerth
Helios Klinik Wittingen GmbH,https://www.weltzentrum-der-medizintechnik.de/profil/Helios+Klinik+Wittingen+GmbH-2842/ueber,https://helios-gesundheit.de/kliniken/wittingen/
Helios Kliniken Mittelweser,https://www.weltzentrum-der-medizintechnik.de/profil/Helios+Kliniken+Mittelweser-2788/ueber,
Helios Kliniken Schwerin - Psychiatrie,https://www.weltzentrum-der-medizintechnik.de/profil/Helios+Kliniken+Schwerin++Psychiatrie-2769/ueber,
Helios Kliniken Schwerin - Tagesklinik allgemeine Psychiatrie Ludwigslust,https://www.weltzentrum-der-medizintechnik.de/profil/Helios+Kliniken+Schwerin++Tagesklinik+allgemeine+Psychiatrie+Ludwigslust-2854/ueber,
Helios Kliniken Schwerin - Tagesklinik für Kinder- und Jugendpsychiatrie,https://www.weltzentrum-der-medizintechnik.de/profil/Helios+Kliniken+Schwerin++Tagesklinik+fuer+Kinder+und+Jugendpsychiatrie-2860/ueber,
Helios Klinikum Aue,https://www.weltzentrum-der-medizintechnik.de/profil/Helios+Klinikum+Aue-2765/ueber,http://www.helios-kliniken.de/klinik/aue
Helios Klinikum Bonn/Rhein-Sieg,https://www.weltzentrum-der-medizintechnik.de/profil/Helios+Klinikum+BonnRheinSieg-2864/ueber,https://www.helios-gesundheit.de/kliniken/bonn
Helios Klinikum Erfurt,https://www.weltzentrum-der-medizintechnik.de/profil/Helios+Klinikum+Erfurt-2863/ueber,https://www.helios-gesundheit.de/kliniken/erfurt/
Helios Klinikum Gotha,https://www.weltzentrum-der-medizintechnik.de/profil/Helios+Klinikum+Gotha-2778/ueber,https://www.helios-gesundheit.de/kliniken/gotha/
Helios Klinikum Hildesheim,https://www.weltzentrum-der-medizintechnik.de/profil/Helios+Klinikum+Hildesheim-2766/ueber,
Helios Klinikum Krefeld,https://www.weltzentrum-der-medizintechnik.de/profil/Helios+Klinikum+Krefeld-2756/ueber,https://www.helios-gesundheit.de/kliniken/krefeld/
Helios Klinikum München West,https://www.weltzentrum-der-medizintechnik.de/profil/Helios+Klinikum+Muenchen+West-2774/ueber,http://www.helios-gesundheit.de/muenchen-west
Helios Klinikum Niederberg,https://www.weltzentrum-der-medizintechnik.de/profil/Helios+Klinikum+Niederberg-2770/ueber,
Helios Klinikum Pforzheim GmbH,https://www.weltzentrum-der-medizintechnik.de/profil/Helios+Klinikum+Pforzheim+GmbH-2768/ueber,http://www.helios-gesundheit.de/pforzheim
Helios Klinikum Pirna,https://www.weltzentrum-der-medizintechnik.de/profil/Helios+Klinikum+Pirna-2776/ueber,http://www.helios-gesundheit.de/pirna
Helios Klinikum Salzgitter GmbH,https://www.weltzentrum-der-medizintechnik.de/profil/Helios+Klinikum+Salzgitter+GmbH-2787/ueber,
Helios Klinikum Uelzen GmbH,https://www.weltzentrum-der-medizintechnik.de/profil/Helios+Klinikum+Uelzen+GmbH-2784/ueber,http://www.helios-kliniken.de/klinik/uelzen
Helios Klinikum Warburg GmbH,https://www.weltzentrum-der-medizintechnik.de/profil/Helios+Klinikum+Warburg+GmbH-2823/ueber,http://www.helios-gesundheit.de/warburg
Helios Marien Klinik,https://www.weltzentrum-der-medizintechnik.de/profil/Helios+Marien+Klinik-2777/ueber,
Helios OrthoClinic Hammelburg,https://www.weltzentrum-der-medizintechnik.de/profil/Helios+OrthoClinic+Hammelburg-2840/ueber,
Helios Park-Klinikum Leipzig,https://www.weltzentrum-der-medizintechnik.de/profil/Helios+ParkKlinikum+Leipzig-2761/ueber,
Helios Seniorenheim Marienheim,https://www.weltzentrum-der-medizintechnik.de/profil/Helios+Seniorenheim+Marienheim-2867/ueber,https://www.helios-gesundheit.de/kliniken/helios-seniorenheim-marienheim/
Helios Spital Überlingen GmbH,https://www.weltzentrum-der-medizintechnik.de/profil/Helios+Spital+%25C3%259Cberlingen+GmbH-2813/ueber,http://www.helios-gesundheit.de/ueberlingen
Helios St. Anna Klinik Duisburg,https://www.weltzentrum-der-medizintechnik.de/profil/Helios+St.+Anna+Klinik+Duisburg-2865/ueber,https://www.helios-gesundheit.de/kliniken/duisburg-anna
Helios St. Elisabeth-Krankenhaus Bad Kissingen,https://www.weltzentrum-der-medizintechnik.de/profil/Helios+St.+ElisabethKrankenhaus+Bad+Kissingen-2800/ueber,
Helios St. Johannes Klinik,https://www.weltzentrum-der-medizintechnik.de/profil/Helios+St.+Johannes+Klinik-2763/ueber,
Helios St. Josefshospital Uerdingen,https://www.weltzentrum-der-medizintechnik.de/profil/Helios+St.+Josefshospital+Uerdingen-2796/ueber,http://www.malteser-kliniken-rhein-ruhr.de/
Helios Universitätsklinikum Wuppertal -Schmerzklinik Bergisch Land,https://www.weltzentrum-der-medizintechnik.de/profil/Helios+Universitaetsklinikum+Wuppertal+Schmerzklinik+Bergisch+Land-2845/ueber,
Helios Vogtland-Klinikum Plauen,https://www.weltzentrum-der-medizintechnik.de/profil/Helios+VogtlandKlinikum+Plauen-2762/ueber,https://www.helios-gesundheit.de/plauen
Helmut Zepf Medizintechnik GmbH,https://www.weltzentrum-der-medizintechnik.de/profil/Helmut+Zepf+Medizintechnik+GmbH-19/ueber,https://www.zepf-dental.com/
"Henke-Sass, Wolf GmbH",https://www.weltzentrum-der-medizintechnik.de/profil/HenkeSass%252C+Wolf+GmbH-2454/ueber,http://www.henkesasswolf.de
Henneberg-Kliniken-Betriebsgesellschaft mbH,https://www.weltzentrum-der-medizintechnik.de/profil/HennebergKlinikenBetriebsgesellschaft+mbH-11197/ueber,https://www.regiomed-kliniken.de
Hensler Medizin-Technik,https://www.weltzentrum-der-medizintechnik.de/profil/Hensler+MedizinTechnik-422/ueber,http://www.hensler-medizintechnik.de/
Henter & Asociados,https://www.weltzentrum-der-medizintechnik.de/profil/Henter+%2526+Asociados-806/ueber,http://www.henter.co
Hephata-Klinik,https://www.weltzentrum-der-medizintechnik.de/profil/HephataKlinik-9755/ueber,http://www.hephata.de
Heppler GmbH,https://www.weltzentrum-der-medizintechnik.de/profil/Heppler+GmbH-238/ueber,http://www.heppler.de
Herbert Kaut GmbH & Co. KG,https://www.weltzentrum-der-medizintechnik.de/profil/Herbert+Kaut+GmbH+%2526+Co.+KG-778/ueber,http://www.kaut.info
Hermann Bantleon GmbH,https://www.weltzentrum-der-medizintechnik.de/profil/Hermann+Bantleon+GmbH-11390/ueber,http://www.bantleon.de
Hermann Medizintechnik GmbH,https://www.weltzentrum-der-medizintechnik.de/profil/Hermann+Medizintechnik+GmbH-133/ueber,http://www.hermann-medizintechnik.de/
Hermann-Josef-Krankenhaus,https://www.weltzentrum-der-medizintechnik.de/profil/HermannJosefKrankenhaus-10160/ueber,http://www.krankenhaus-erkelenz.de/
Hermle Mechanische Uhrwerke und Drehteile GmbH & Co. KG,https://www.weltzentrum-der-medizintechnik.de/profil/Hermle+Mechanische+Uhrwerke+und+Drehteile+GmbH+%2526+Co.+KG-642/ueber,https://www.hermle-drehteile.de/
Hermle Schleiftechnik KG,https://www.weltzentrum-der-medizintechnik.de/profil/Hermle+Schleiftechnik+KG-350/ueber,http://www.hermle-schleiftechnik.de
Herz- und Diabeteszentrum NRW,https://www.weltzentrum-der-medizintechnik.de/profil/Herz+und+Diabeteszentrum+NRW-9749/ueber,http://www.hdz-nrw.de
Herz- und Gefäßzentrum Bad Bevensen,https://www.weltzentrum-der-medizintechnik.de/profil/Herz+und+Gefaesszentrum+Bad+Bevensen-10978/ueber,https://www.hgz-bb.de/
Herz-Jesu-Krankenhaus Dernbach,https://www.weltzentrum-der-medizintechnik.de/profil/HerzJesuKrankenhaus+Dernbach-10155/ueber,http://www.krankenhaus-dernbach.de/
"Herz-Jesu-Krankenhaus Fulda gGmbH (Abt. für Kinder- & Jugendpsychiatrie, Psychosomatik & -therapie)",https://www.weltzentrum-der-medizintechnik.de/profil/HerzJesuKrankenhaus+Fulda+gGmbH+Abt.+fuer+Kinder+%2526+Jugendpsychiatrie%252C+Psychosomatik+%2526+therapie-9756/ueber,http://www.herz-jesu-krankenhaus.de
Herz-Jesu-Krankenhaus gGmbH,https://www.weltzentrum-der-medizintechnik.de/profil/HerzJesuKrankenhaus+gGmbH-9757/ueber,http://www.herz-jesu-krankenhaus.de
Herz-Kreislauf-Zentrum Klinikum Hersfeld-Rotenburg GmbH,https://www.weltzentrum-der-medizintechnik.de/profil/HerzKreislaufZentrum+Klinikum+HersfeldRotenburg+GmbH-9766/ueber,http://www.hkz-rotenburg.de
Herz-Zentrum Bodensee,https://www.weltzentrum-der-medizintechnik.de/profil/HerzZentrum+Bodensee-9758/ueber,http://www.herz-zentrum.com
Herzzentrum Dresden GmbH,https://www.weltzentrum-der-medizintechnik.de/profil/Herzzentrum+Dresden+GmbH-9760/ueber,http://www.herzzentrum-dresden.com
Heyer Aerotech GmbH,https://www.weltzentrum-der-medizintechnik.de/profil/Heyer+Aerotech+GmbH-1406/ueber,http://www.heyer-aerotech.de
HiWo-med Wolfgang Hirschvogel e.K.,https://www.weltzentrum-der-medizintechnik.de/profil/HiWomed+Wolfgang+Hirschvogel+e.K.-1419/ueber,http://www.hiwomed.de
Hilfsmittel- Center Hessmer Inh. Helmut Hessmer,https://www.weltzentrum-der-medizintechnik.de/profil/Hilfsmittel+Center+Hessmer+Inh.+Helmut+Hessmer-1407/ueber,http://www.hc-hessmer.de
Hilgenberg GmbH,https://www.weltzentrum-der-medizintechnik.de/profil/Hilgenberg+GmbH-1408/ueber,http://www.hilgenberg-gmbh.de
Hiller Feinwerktechnik und Gerätebau GmbH,https://www.weltzentrum-der-medizintechnik.de/profil/Hiller+Feinwerktechnik+und+Geraetebau+GmbH-1409/ueber,http://www.hiller-feinwerktechnik.de
"Himed medical products, Handel, Beratung, Marketing GmbH",https://www.weltzentrum-der-medizintechnik.de/profil/Himed+medical+products%252C+Handel%252C+Beratung%252C+Marketing+GmbH-1412/ueber,https://www.himed.de/
Hipp Endoskop Service GmbH,https://www.weltzentrum-der-medizintechnik.de/profil/Hipp+Endoskop+Service+GmbH-137/ueber,http://www.hipp-endoskopservice.com
Hippokratec Gesellschaft für Medizintechnik mbH,https://www.weltzentrum-der-medizintechnik.de/profil/Hippokratec+Gesellschaft+fuer+Medizintechnik+mbH-1413/ueber,http://www.hippokratec.de
Hittech Prontor GmbH,https://www.weltzentrum-der-medizintechnik.de/profil/Hittech+Prontor+GmbH-1418/ueber,http://www.prontor.de
Hochgrat Klinik,https://www.weltzentrum-der-medizintechnik.de/profil/Hochgrat+Klinik-9592/ueber,http://www.dr-reisach-kliniken.de
Hochschule Esslingen University of Applied Sciences,https://www.weltzentrum-der-medizintechnik.de/profil/Hochschule+Esslingen+University+of+Applied+Sciences-571/ueber,https://www.hs-esslingen.de
Hochwaldkrankenhaus Bad Nauheim,https://www.weltzentrum-der-medizintechnik.de/profil/Hochwaldkrankenhaus+Bad+Nauheim-10961/ueber,https://www.gz-w.de
Hoferichter & Steinleitner GbR,https://www.weltzentrum-der-medizintechnik.de/profil/Hoferichter+%2526+Steinleitner+GbR-1424/ueber,http://www.bs-rescue-shop.de
Hoffrichter GmbH,https://www.weltzentrum-der-medizintechnik.de/profil/Hoffrichter+GmbH-1425/ueber,http://www.hoffrichter.de
Hohenstein Laboratories GmbH & Co. KG - Medical,https://www.weltzentrum-der-medizintechnik.de/profil/Hohenstein+Laboratories+GmbH+%2526+Co.+KG++Medical-11387/ueber,http://www.hohenstein-medical.de
Holger Graf Medizintechnik e.K,https://www.weltzentrum-der-medizintechnik.de/profil/Holger+Graf+Medizintechnik+e.K-1426/ueber,http://www.graf-mt.de
Holimed Privatinstitut f. holistische Medizinsysteme GmbH,https://www.weltzentrum-der-medizintechnik.de/profil/Holimed+Privatinstitut+f.+holistische+Medizinsysteme+GmbH-1427/ueber,http://www.holimed.de
Holzner Medizintechnik GmbH,https://www.weltzentrum-der-medizintechnik.de/profil/Holzner+Medizintechnik+GmbH-1431/ueber,http://www.holzner.net
Honburg Instrumente GmbH,https://www.weltzentrum-der-medizintechnik.de/profil/Honburg+Instrumente+GmbH+-105/ueber,http://www.honburg.com
Horn Werkzeugmaschinen,https://www.weltzentrum-der-medizintechnik.de/profil/Horn+Werkzeugmaschinen-11442/ueber,http://www.horn-wzm.de
Horst Jendreyko,https://www.weltzentrum-der-medizintechnik.de/profil/Horst+Jendreyko-1436/ueber,http://www.mtjendreyko.de
Hospital zum Heiligen Geist Kempen GmbH & Co. KG,https://www.weltzentrum-der-medizintechnik.de/profil/Hospital+zum+Heiligen+Geist+Kempen+GmbH+%2526+Co.+KG-10169/ueber,http://www.krankenhaus-kempen.de
Hospital zum Heiligen Geist,https://www.weltzentrum-der-medizintechnik.de/profil/Hospital+zum+Heiligen+Geist-9775/ueber,http://www.hospital-zum-heiligen-geist.de/
Hospital zum heiligen Geist,https://www.weltzentrum-der-medizintechnik.de/profil/Hospital+zum+heiligen+Geist-10162/ueber,http://www.krankenhaus-geseke.de
"Hu-Friedy Mfg. Co., LLC.",https://www.weltzentrum-der-medizintechnik.de/profil/HuFriedy+Mfg.+Co.%252C+LLC.-132/ueber,http://www.hu-friedy.de
Hubrich Medical GmbH & Co.KG,https://www.weltzentrum-der-medizintechnik.de/profil/Hubrich+Medical+GmbH+%2526+Co.KG-1442/ueber,http://www.hubrich.org
Hüttenhospital Dortmund gGmbH,https://www.weltzentrum-der-medizintechnik.de/profil/Huettenhospital+Dortmund+gGmbH-9776/ueber,http://www.huettenhospital.de
"Hufeland Klinikum GmbH, Standort Bad Langensalza",https://www.weltzentrum-der-medizintechnik.de/profil/Hufeland+Klinikum+GmbH%252C+Standort+Bad+Langensalza-9777/ueber,http://www.hufeland.de
"Hufeland Klinikum GmbH, Standort Mühlhausen",https://www.weltzentrum-der-medizintechnik.de/profil/Hufeland+Klinikum+GmbH%252C+Standort+Muehlhausen-9778/ueber,http://www.hufeland.de
Hufeland-Klinik Bad Ems,https://www.weltzentrum-der-medizintechnik.de/profil/HufelandKlinik+Bad+Ems-9779/ueber,http://www.hufeland-klinik.com
Hugo Kern und Liebers GmbH & Co. KG,https://www.weltzentrum-der-medizintechnik.de/profil/Hugo+Kern+und+Liebers+GmbH+%2526+Co.+KG-249/ueber,http://www.kern-liebers.com
Hugo Rost & Co. GmbH,https://www.weltzentrum-der-medizintechnik.de/profil/Hugo+Rost+%2526+Co.+GmbH-1443/ueber,http://www.hugo-rost.de
Hugo Sachs Elektronik Harvard Apparatus GmbH,https://www.weltzentrum-der-medizintechnik.de/profil/Hugo+Sachs+Elektronik+Harvard+Apparatus+GmbH-1444/ueber,http://www.hugo-sachs.de
Hugo Wienand GmbH,https://www.weltzentrum-der-medizintechnik.de/profil/Hugo+Wienand+GmbH-1445/ueber,http://myworld.ebay.de/wienandmed/
Hunsrück Klinik kreuznacher diakonie,https://www.weltzentrum-der-medizintechnik.de/profil/Hunsrueck+Klinik+kreuznacher+diakonie-10215/ueber,http://www.kreuznacherdiakonie.de/krankenhaeuser/hunsrueck-klinik-simmern/
Hwato Deutschland GmbH,https://www.weltzentrum-der-medizintechnik.de/profil/Hwato+Deutschland+GmbH-560/ueber,https://www.akupunkturnadeln.de
Hydrosun Medizintechnik GmbH,https://www.weltzentrum-der-medizintechnik.de/profil/Hydrosun+Medizintechnik+GmbH-1452/ueber,http://www.hydrosun.de
I.C.LERCHER GmbH & CO. KG,https://www.weltzentrum-der-medizintechnik.de/profil/I.C.LERCHER+GmbH+%2526+CO.+KG-2490/ueber,
I.E.D Institut für Explorative Datenanalyse GmbH,https://www.weltzentrum-der-medizintechnik.de/profil/I.E.D+Institut+fuer+Explorative+Datenanalyse+GmbH-1453/ueber,http://www.iedhamburg.de
I.E.M. GmbH,https://www.weltzentrum-der-medizintechnik.de/profil/I.E.M.+GmbH-1454/ueber,http://www.iem.de
IBBZ Krankenhaus GmbH Klinik Schöneberg,https://www.weltzentrum-der-medizintechnik.de/profil/IBBZ+Krankenhaus+GmbH+Klinik+Schoeneberg-11040/ueber,https://www.klinik-schoeneberg.de/
IBP Medical GmbH,https://www.weltzentrum-der-medizintechnik.de/profil/IBP+Medical+GmbH-1456/ueber,http://www.IBPMT.com
ICU tech GmbH,https://www.weltzentrum-der-medizintechnik.de/profil/ICU+tech+GmbH+-378/ueber,https://www.icutech.ch/
IHK Industrie- und Handelskammer Schwarzwald-Baar-Heuberg,https://www.weltzentrum-der-medizintechnik.de/profil/IHK+Industrie+und+Handelskammer+SchwarzwaldBaarHeuberg-681/ueber,http://www.ihk-sbh.de
IMM Maschinenbau GmbH,https://www.weltzentrum-der-medizintechnik.de/profil/IMM+Maschinenbau+GmbH-680/ueber,http://www.imm-maschinenbau.de
IMP - Innovative Medizinprodukte GmbH,https://www.weltzentrum-der-medizintechnik.de/profil/IMP++Innovative+Medizinprodukte+GmbH-1465/ueber,http://www.imp-med.de
IMSTec GmbH,https://www.weltzentrum-der-medizintechnik.de/profil/IMSTec+GmbH-368/ueber,http://www.imstec.de
INFAI GmbH,https://www.weltzentrum-der-medizintechnik.de/profil/INFAI+GmbH-1469/ueber,https://www.infai.de
INKUS Medizintechnik & Mietservice GmbH,https://www.weltzentrum-der-medizintechnik.de/profil/INKUS+Medizintechnik+%2526+Mietservice+GmbH-1474/ueber,http://www.tenstherapie.de
INLOG Industriewaren KG,https://www.weltzentrum-der-medizintechnik.de/profil/INLOG+Industriewaren+KG-1475/ueber,http://www.inlog-kg.com
INQUA GmbH,https://www.weltzentrum-der-medizintechnik.de/profil/INQUA+GmbH-1482/ueber,http://www.inqua.de
INTERCUS GmbH,https://www.weltzentrum-der-medizintechnik.de/profil/INTERCUS+GmbH-1488/ueber,http://www.intercus.de
INTERMEDT Medizin & Technik GmbH,https://www.weltzentrum-der-medizintechnik.de/profil/INTERMEDT+Medizin+%2526+Technik+GmbH-1493/ueber,http://www.intermedt.de
INVIDIA MEDICAL GmbH & Co.KG,https://www.weltzentrum-der-medizintechnik.de/profil/INVIDIA+MEDICAL+GmbH+%2526+Co.KG-32/ueber,https://www.invidia-medical.de/
IO International Orthopaedics Holding GmbH,https://www.weltzentrum-der-medizintechnik.de/profil/IO+International+Orthopaedics+Holding+GmbH-701/ueber,http://www.io-holding.com
IQ-5 GmbH,https://www.weltzentrum-der-medizintechnik.de/profil/IQ5+GmbH-499/ueber,https://iq-5.de
ISG Intermed Service GmbH & Co. KG,https://www.weltzentrum-der-medizintechnik.de/profil/ISG+Intermed+Service+GmbH+%2526+Co.+KG-1502/ueber,https://www.intermed.de
ITV Denkendorf Produktservice GmbH,https://www.weltzentrum-der-medizintechnik.de/profil/ITV+Denkendorf+Produktservice+GmbH-596/ueber,https://www.itvp-denkendorf.de/
Ideenschmi3De,https://www.weltzentrum-der-medizintechnik.de/profil/Ideenschmi3De-11447/ueber,https://www.ideenschmi3de.de
Iftest AG,https://www.weltzentrum-der-medizintechnik.de/profil/Iftest+AG-709/ueber,https://www.iftest.ch/
Ilg Medizintechnik GmbH,https://www.weltzentrum-der-medizintechnik.de/profil/Ilg+Medizintechnik+GmbH-2450/ueber,http://www.ilg-medizintechnik.de
Illertalklinik Illertissen,https://www.weltzentrum-der-medizintechnik.de/profil/Illertalklinik+Illertissen-9789/ueber,http://www.illertalklinik-illertissen.de
Ilm-Kreis-Kliniken Arnstadt-Ilmenau gGmbH,https://www.weltzentrum-der-medizintechnik.de/profil/IlmKreisKliniken+ArnstadtIlmenau+gGmbH-9790/ueber,http://www.ilm-kreis-kliniken.de
Ilm-Kreis-Kliniken Arnstadt-Ilmenau gGmbH,https://www.weltzentrum-der-medizintechnik.de/profil/IlmKreisKliniken+ArnstadtIlmenau+gGmbH-9791/ueber,http://www.ilm-kreis-kliniken.de
Ilmtalklinik GmbH Pfaffenhofen,https://www.weltzentrum-der-medizintechnik.de/profil/Ilmtalklinik+GmbH+Pfaffenhofen-9792/ueber,http://www.ilmtalklinik.de
Immanuel Klinik Rüdersdorf,https://www.weltzentrum-der-medizintechnik.de/profil/Immanuel+Klinik+Ruedersdorf-10800/ueber,https://ruedersdorf.immanuel.de
Immanuel Klinikum Bernau Herzzentrum Brandenburg,https://www.weltzentrum-der-medizintechnik.de/profil/Immanuel+Klinikum+Bernau+Herzzentrum+Brandenburg-10762/ueber,https://bernau.immanuel.de
Immanuel Krankenhaus Berlin - Standort Buch,https://www.weltzentrum-der-medizintechnik.de/profil/Immanuel+Krankenhaus+Berlin++Standort+Buch-10760/ueber,https://berlin.immanuel.de
Immanuel Krankenhaus Berlin - Standort Wannsee,https://www.weltzentrum-der-medizintechnik.de/profil/Immanuel+Krankenhaus+Berlin++Standort+Wannsee-10761/ueber,https://berlin.immanuel.de
Impuls Lasertechnik GmbH,https://www.weltzentrum-der-medizintechnik.de/profil/Impuls+Lasertechnik+GmbH-643/ueber,http://www.impuls-lasertechnik.de/
Imtegra OHG,https://www.weltzentrum-der-medizintechnik.de/profil/Imtegra+OHG-1466/ueber,http://www.imtegra.com
In-Tra-Tec GmbH,https://www.weltzentrum-der-medizintechnik.de/profil/InTraTec+GmbH-1467/ueber,http://www.easystand.info
Industrial Computer Source (Deutschland) GmbH,https://www.weltzentrum-der-medizintechnik.de/profil/Industrial+Computer+Source+Deutschland+GmbH-1468/ueber,http://www.ics-d.de
Ing. Heinz Müller GmbH Medipart,https://www.weltzentrum-der-medizintechnik.de/profil/Ing.+Heinz+Mueller+GmbH+Medipart-1470/ueber,http://www.medipart-mueller.de
Ing. K. Frank Nachf. Gesellschaft mit beschränkter Haftung Sachsen,https://www.weltzentrum-der-medizintechnik.de/profil/Ing.+K.+Frank+Nachf.+Gesellschaft+mit+beschraenkter+Haftung+Sachsen-1471/ueber,http://www.frank-sachsen.de
Ingenieurbuero G o e b e l Gesellschaft mit beschraenkter Haftung,https://www.weltzentrum-der-medizintechnik.de/profil/Ingenieurbuero+G+o+e+b+e+l+Gesellschaft+mit+beschraenkter+Haftung-1472/ueber,http://www.goebel-laser.de
Ingenieurbüro Trosien,https://www.weltzentrum-der-medizintechnik.de/profil/Ingenieurbuero+Trosien-1473/ueber,http://www.ratikal.de
Injex AG,https://www.weltzentrum-der-medizintechnik.de/profil/Injex+AG-392/ueber,https://www.injex.ch/
Innovations Medical GmbH,https://www.weltzentrum-der-medizintechnik.de/profil/Innovations+Medical+GmbH-145/ueber,http://www.innovations-medical.de/
Instrumed GmbH,https://www.weltzentrum-der-medizintechnik.de/profil/Instrumed+GmbH+-753/ueber,http://www.avalign.com
Intensiveinheit für Kinder- und Jugendpsych. Würzburg des Bezirks Unterfranken,https://www.weltzentrum-der-medizintechnik.de/profil/Intensiveinheit+fuer+Kinder+und+Jugendpsych.+Wuerzburg+des+Bezirks+Unterfranken-9886/ueber,http://www.kjp.ukw.de/de/klinik/klinikbereiche/intensiveinheit.html
Intermedica GmbH,https://www.weltzentrum-der-medizintechnik.de/profil/Intermedica+GmbH-1492/ueber,http://www.intermedica-gmbh.de
International Group medical technology and electronics GmbH,https://www.weltzentrum-der-medizintechnik.de/profil/International+Group+medical+technology+and+electronics+GmbH-1494/ueber,http://www.ig-medical.de
Internationale Medical Care GmbH,https://www.weltzentrum-der-medizintechnik.de/profil/Internationale+Medical+Care+GmbH-1495/ueber,http://www.imc-worldwide.com
Internistische Klinik Dr. Steger AG,https://www.weltzentrum-der-medizintechnik.de/profil/Internistische+Klinik+Dr.+Steger+AG-9996/ueber,http://www.klinik-steger.de
Internistisches Klinikum München Süd GmbH,https://www.weltzentrum-der-medizintechnik.de/profil/Internistisches+Klinikum+Muenchen+Sued+GmbH-10988/ueber,https://www.ikms.de/
Invotec GmbH,https://www.weltzentrum-der-medizintechnik.de/profil/Invotec+GmbH-348/ueber,https://www.invotec.de/
JETRO,https://www.weltzentrum-der-medizintechnik.de/profil/JETRO+-465/ueber,https://www.jetro.go.jp/germany/
JHS-Medizintechnik,https://www.weltzentrum-der-medizintechnik.de/profil/JHSMedizintechnik-1509/ueber,http://www.jhs-medizintechnik.de
JOTEC GmbH,https://www.weltzentrum-der-medizintechnik.de/profil/JOTEC+GmbH-612/ueber,https://www.jotec.com/de/
"JS Medizintechnik Service-Zentrum-Nord, Inh. Jan-U. Schulz",https://www.weltzentrum-der-medizintechnik.de/profil/JS+Medizintechnik+ServiceZentrumNord%252C+Inh.+JanU.+Schulz-1518/ueber,http://www.jsmed.de
JSB Medizintechnik,https://www.weltzentrum-der-medizintechnik.de/profil/JSB+Medizintechnik-65/ueber,
JULING-med,https://www.weltzentrum-der-medizintechnik.de/profil/JULINGmed-1522/ueber,http://www.juling-med.de
Jaspert & Kuhlmann OHG,https://www.weltzentrum-der-medizintechnik.de/profil/Jaspert+%2526+Kuhlmann+OHG-1506/ueber,http://www.jaspert-und-kuhlmann.de
JeCoNet Jens Colsman Network,https://www.weltzentrum-der-medizintechnik.de/profil/JeCoNet+Jens+Colsman+Network-1507/ueber,http://www.jeconet.de
JenDiagnost GmbH,https://www.weltzentrum-der-medizintechnik.de/profil/JenDiagnost+GmbH-1508/ueber,http://www.jendiagnost.de
Jochum Medizintechnik GmbH,https://www.weltzentrum-der-medizintechnik.de/profil/Jochum+Medizintechnik+GmbH-1510/ueber,http://www.jochummed.de
Jörg Wenzler Medizintechnik GmbH,https://www.weltzentrum-der-medizintechnik.de/profil/Joerg+Wenzler+Medizintechnik+GmbH-792/ueber,https://www.wenzler-medizintechnik.de
Johann Deufel GmbH,https://www.weltzentrum-der-medizintechnik.de/profil/Johann+Deufel+GmbH-1511/ueber,http://www.deufel-robomed.de
Johann-Wilhelm-Ritter-Klinik Zentrum für dermatologische Phototherapie GmbH & Co. KG,https://www.weltzentrum-der-medizintechnik.de/profil/JohannWilhelmRitterKlinik+Zentrum+fuer+dermatologische+Phototherapie+GmbH+%2526+Co.+KG-9741/ueber,http://www.hautklinik.de
Johannes Weiss & Sohn Präzisionsdrehteile-GmbH,https://www.weltzentrum-der-medizintechnik.de/profil/Johannes+Weiss+%2526+Sohn+PraezisionsdrehteileGmbH-485/ueber,http://www.weiss-sohn.de
Johannes Wesling Klinikum Minden,https://www.weltzentrum-der-medizintechnik.de/profil/Johannes+Wesling+Klinikum+Minden-10364/ueber,http://www.muehlenkreiskliniken.de
Johannesbad Reha-Kliniken GmbH & Co. KG,https://www.weltzentrum-der-medizintechnik.de/profil/Johannesbad+RehaKliniken+GmbH+%2526+Co.+KG-10991/ueber,https://www.johannesbad-medizin.com/bad-fuessing/
Johanniter GmbH - Waldkrankenhaus Bonn,https://www.weltzentrum-der-medizintechnik.de/profil/Johanniter+GmbH++Waldkrankenhaus+Bonn-10996/ueber,https://www.johanniter.de/johanniter-kliniken/johanniter-kliniken-bonn/
Johanniter GmbH - Zweigniederlassung Stendal - Johanniter Krankenhaus Genthin Stendal,https://www.weltzentrum-der-medizintechnik.de/profil/Johanniter+GmbH++Zweigniederlassung+Stendal++Johanniter+Krankenhaus+Genthin+Stendal-10995/ueber,https://www.johanniter.de/johanniter-kliniken/genthin-stendal/
Johanniter GmbH Johanniter-Krankenhaus Treuenbrietzen,https://www.weltzentrum-der-medizintechnik.de/profil/Johanniter+GmbH+JohanniterKrankenhaus+Treuenbrietzen-9811/ueber,http://www.johanniter-treuenbrietzen.de
Johanniter GmbH Johanniter-Zentrum für Kinder- und Jugendpsychiatrie,https://www.weltzentrum-der-medizintechnik.de/profil/Johanniter+GmbH+JohanniterZentrum+fuer+Kinder+und+Jugendpsychiatrie-9814/ueber,http://www.johanniter-zentrum.de
Johanniter Klinik für Geriatrie Geesthacht,https://www.weltzentrum-der-medizintechnik.de/profil/Johanniter+Klinik+fuer+Geriatrie+Geesthacht-10994/ueber,https://www.johanniter.de/einrichtungen/krankenhaus/startseite-248224/
Johanniter-Krankenhaus Gronau GmbH,https://www.weltzentrum-der-medizintechnik.de/profil/JohanniterKrankenhaus+Gronau+GmbH-10997/ueber,https://www.johanniter-gronau.de
Johanniter-Krankenhaus Rheinhausen GmbH,https://www.weltzentrum-der-medizintechnik.de/profil/JohanniterKrankenhaus+Rheinhausen+GmbH-9810/ueber,http://www.johanniter-rheinhausen.de/
Johanniter-Tagesklinik Düsseldorf,https://www.weltzentrum-der-medizintechnik.de/profil/JohanniterTagesklinik+Duesseldorf-9827/ueber,http://www.jtk-duesseldorf.de
John Dental- und Medizintechnik GmbH,https://www.weltzentrum-der-medizintechnik.de/profil/John+Dental+und+Medizintechnik+GmbH-1512/ueber,http://www.john-dental.de
Jonas Medizintechnik Handelsgesellschaft mbH,https://www.weltzentrum-der-medizintechnik.de/profil/Jonas+Medizintechnik+Handelsgesellschaft+mbH-1516/ueber,http://www.jonasmed.de
Jongen Werkzeugtechnik GmbH,https://www.weltzentrum-der-medizintechnik.de/profil/Jongen+Werkzeugtechnik+GmbH-711/ueber,https://www.jongen.de/
Josef Betzler Surgical Instruments e.K.,https://www.weltzentrum-der-medizintechnik.de/profil/Josef+Betzler+Surgical+Instruments+e.K.+-16/ueber,http://www.josef-betzler.de/
Josef Frech GmbH & Co. KG,https://www.weltzentrum-der-medizintechnik.de/profil/Josef+Frech+GmbH+%2526+Co.+KG-259/ueber,http://www.joseffrech.de
Josef Hafner GmbH & Co. KG,https://www.weltzentrum-der-medizintechnik.de/profil/Josef+Hafner+GmbH+%2526+Co.+KG-488/ueber,https://www.josef-hafner.de/
Jost Metallverarbeitung GmbH & Co. KG,https://www.weltzentrum-der-medizintechnik.de/profil/Jost+Metallverarbeitung+GmbH+%2526+Co.+KG-1517/ueber,http://www.jost-metallverarbeitung.de
Jüdisches Krankenhaus Berlin - Stiftung des bürgerlichen Rechts,https://www.weltzentrum-der-medizintechnik.de/profil/Juedisches+Krankenhaus+Berlin++Stiftung+des+buergerlichen+Rechts-9828/ueber,http://www.juedisches-krankenhaus.de
Jüke Systemtechnik,https://www.weltzentrum-der-medizintechnik.de/profil/Jueke+Systemtechnik-1521/ueber,http://www.jueke.de
Jürgen Koch Medizinprodukte KG,https://www.weltzentrum-der-medizintechnik.de/profil/Juergen+Koch+Medizinprodukte+KG-1525/ueber,http://www.koch-medprodukte.de
Jürgen Puppe GmbH,https://www.weltzentrum-der-medizintechnik.de/profil/Juergen+Puppe+GmbH-1526/ueber,http://www.puppe-zerbst.de
Juergen Wieshoff Consulting,https://www.weltzentrum-der-medizintechnik.de/profil/Juergen+Wieshoff+Consulting-1520/ueber,http://www.wieshoff.com
Jüttner Orthopädie KG,https://www.weltzentrum-der-medizintechnik.de/profil/Juettner+Orthopaedie+KG-1528/ueber,http://www.juettner24.de
Juka Pharma GmbH,https://www.weltzentrum-der-medizintechnik.de/profil/Juka+Pharma+GmbH-574/ueber,https://www.juka-pharma.de/
Julius Wirth Inh. Josef Müller GmbH,https://www.weltzentrum-der-medizintechnik.de/profil/Julius+Wirth+Inh.+Josef+Mueller+GmbH-76/ueber,
Junghanns GmbH,https://www.weltzentrum-der-medizintechnik.de/profil/Junghanns+GmbH-1523/ueber,http://www.junghanns-medizintechnik.de
Juramed GmbH,https://www.weltzentrum-der-medizintechnik.de/profil/Juramed+GmbH-1524/ueber,http://www.juramed.de
Juro Labs GbR,https://www.weltzentrum-der-medizintechnik.de/profil/Juro+Labs+GbR-1527/ueber,http://gagel.olcommerce.de/
K&H Medizintechnik GmbH,https://www.weltzentrum-der-medizintechnik.de/profil/K%2526H+Medizintechnik+GmbH-1531/ueber,http://www.kh-medizintechnik.de
K&M Präzisionstechnik in Kunststoff und Metall GmbH,https://www.weltzentrum-der-medizintechnik.de/profil/K%2526M+Praezisionstechnik+in+Kunststoff+und+Metall+GmbH-781/ueber,https://www.mueller-gruppe-online.de/
K. Egner GmbH & Co. KG,https://www.weltzentrum-der-medizintechnik.de/profil/K.+Egner+GmbH+%2526+Co.+KG-1530/ueber,http://www.egner-medizintechnik.de
K. Weinmann GmbH & Co. KG,https://www.weltzentrum-der-medizintechnik.de/profil/K.+Weinmann+GmbH+%2526+Co.+KG-676/ueber,http://www.konradweinmann.de
KABROMED Dipl.-Ing. Karl-Heinz Brocke,https://www.weltzentrum-der-medizintechnik.de/profil/KABROMED+Dipl.Ing.+KarlHeinz+Brocke-1534/ueber,http://www.kabromed.de
KANZLSPERGER GmbH,https://www.weltzentrum-der-medizintechnik.de/profil/KANZLSPERGER+GmbH-1537/ueber,http://www.physio-fit-gmbh.de
KARL KLAPPENECKER GMBH & CO. KG,https://www.weltzentrum-der-medizintechnik.de/profil/KARL+KLAPPENECKER+GMBH+%2526+CO.+KG-147/ueber,http://www.klappenecker.de/
KARL STORZ SE & Co. KG,https://www.weltzentrum-der-medizintechnik.de/profil/KARL+STORZ+SE+%2526+Co.+KG-434/ueber,http://www.karlstorz.com/
KB-MedConsult GmbH,https://www.weltzentrum-der-medizintechnik.de/profil/KBMedConsult+GmbH-1547/ueber,http://www.medconsult.de
KBV Gesellschaft für Krankenhaus-Beratung und -Versorgung mbH & Co. KG,https://www.weltzentrum-der-medizintechnik.de/profil/KBV+Gesellschaft+fuer+KrankenhausBeratung+und+Versorgung+mbH+%2526+Co.+KG-1548/ueber,http://www.kbv-leipzig.de
KC Weiss GmbH Kunststoffe,https://www.weltzentrum-der-medizintechnik.de/profil/KC+Weiss+GmbH+Kunststoffe-704/ueber,http://www.k-c-weiss.de
KD Medical GmbH,https://www.weltzentrum-der-medizintechnik.de/profil/KD+Medical+GmbH-1549/ueber,http://www.kdm-berlin.de
KEK GmbH,https://www.weltzentrum-der-medizintechnik.de/profil/KEK+GmbH-1550/ueber,http://www.kek-dresden.com
"KEM | Evang. Kliniken Essen-Mitte, Evang. Huyssens-Stiftung Essen-Huttrop",https://www.weltzentrum-der-medizintechnik.de/profil/KEM+%257C+Evang.+Kliniken+EssenMitte%252C+Evang.+HuyssensStiftung+EssenHuttrop-9848/ueber,http://www.kem-med.com
"KEM | Evang. Kliniken Essen-Mitte, Evang. Krankenhaus Essen-Steele",https://www.weltzentrum-der-medizintechnik.de/profil/KEM+%257C+Evang.+Kliniken+EssenMitte%252C+Evang.+Krankenhaus+EssenSteele-9849/ueber,http://www.kem-med.com
"KEM | Evang. Kliniken Essen-Mitte, Evang. Krankenhaus Essen-Werden",https://www.weltzentrum-der-medizintechnik.de/profil/KEM+%257C+Evang.+Kliniken+EssenMitte%252C+Evang.+Krankenhaus+EssenWerden-9850/ueber,http://www.kem-med.com
KH Mittweida,https://www.weltzentrum-der-medizintechnik.de/profil/KH+Mittweida-10229/ueber,http://www.lmkgmbh.de
KIESSIG CNC-Zerspanung GmbH,https://www.weltzentrum-der-medizintechnik.de/profil/KIESSIG+CNCZerspanung+GmbH-1552/ueber,http://www.berndkiessig.de
KJF Klinik Josefinum gGmbH,https://www.weltzentrum-der-medizintechnik.de/profil/KJF+Klinik+Josefinum+gGmbH-9820/ueber,http://www.josefinum.de
KJF Klinik Sankt Elisabeth,https://www.weltzentrum-der-medizintechnik.de/profil/KJF+Klinik+Sankt+Elisabeth-11257/ueber,https://www.sankt-elisabeth-klinik.de/
KKH-MZG,https://www.weltzentrum-der-medizintechnik.de/profil/KKHMZG-9264/ueber,http://mzg.shg-kliniken.de
KLAVAmed G.Klarhorst e.K.,https://www.weltzentrum-der-medizintechnik.de/profil/KLAVAmed+G.Klarhorst+e.K.-1558/ueber,http://www.klavamed.de
KLEMENS ZAHNTECHNIK GMBH,https://www.weltzentrum-der-medizintechnik.de/profil/KLEMENS+ZAHNTECHNIK+GMBH-1559/ueber,http://www.klemens-zahntechnik.de
KLINIK DR. GUTH der Klinikgruppe Dr. Guth GmbH & Co. KG,https://www.weltzentrum-der-medizintechnik.de/profil/KLINIK+DR.+GUTH+der+Klinikgruppe+Dr.+Guth+GmbH+%2526+Co.+KG-9575/ueber,http://www.drguth.de/klinik-dr-guth
KLINIKEN DES LANDKREISES LÖRRACH GMBH Kreiskrankenhaus Lörrach,https://www.weltzentrum-der-medizintechnik.de/profil/KLINIKEN+DES+LANDKREISES+L%25C3%2596RRACH+GMBH+Kreiskrankenhaus+Loerrach-10128/ueber,http://www.klinloe.de
KLINIKUM HOCHSAUERLAND Standort St. Johannes-Hospital Neheim,https://www.weltzentrum-der-medizintechnik.de/profil/KLINIKUM+HOCHSAUERLAND+Standort+St.+JohannesHospital+Neheim-10785/ueber,https://klinikum-hochsauerland.de/das-klinikum/standorte/st-johannes-hospital
KLINIKUM HOCHSAUERLAND Standort St. Walburga - KKH Meschede,https://www.weltzentrum-der-medizintechnik.de/profil/KLINIKUM+HOCHSAUERLAND+Standort+St.+Walburga++KKH+Meschede-11054/ueber,https://www.klinikum-hochsauerland.de/klinikum-hochsauerland/standorte/st-walburga-krankenhaus/
KLINIKUM KARLSBURG der Klinikgruppe Dr. Guth GmbH & Co. KG,https://www.weltzentrum-der-medizintechnik.de/profil/KLINIKUM+KARLSBURG+der+Klinikgruppe+Dr.+Guth+GmbH+%2526+Co.+KG-10052/ueber,http://www.klinikum-karlsburg.de/
KLINIKUM MAGDEBURG gemeinnützige GmbH,https://www.weltzentrum-der-medizintechnik.de/profil/KLINIKUM+MAGDEBURG+gemeinnuetzige+GmbH-10063/ueber,http://www.klinikum-magdeburg.de
KLS Martin SE & Co. KG,https://www.weltzentrum-der-medizintechnik.de/profil/KLS+Martin+SE+%2526+Co.+KG-297/ueber,https://www.klsmartin.com/
KMG Klinik Boizenburg GmbH,https://www.weltzentrum-der-medizintechnik.de/profil/KMG+Klinik+Boizenburg+GmbH-10137/ueber,http://www.kmg-kliniken.de/
KMG Klinikum Güstrow,https://www.weltzentrum-der-medizintechnik.de/profil/KMG+Klinikum+Guestrow-10138/ueber,http://www.kmg-kliniken.de/
KMG Klinikum Havelberg GmbH,https://www.weltzentrum-der-medizintechnik.de/profil/KMG+Klinikum+Havelberg+GmbH-10135/ueber,http://www.kmg-kliniken.de
KMG Klinikum Luckenwalde,https://www.weltzentrum-der-medizintechnik.de/profil/KMG+Klinikum+Luckenwalde-11072/ueber,https://www.kmg-kliniken.de
"KMG Klinikum Mitte GmbH, Klinikum Wittstock",https://www.weltzentrum-der-medizintechnik.de/profil/KMG+Klinikum+Mitte+GmbH%252C+Klinikum+Wittstock-10133/ueber,http://www.kmg-kliniken.de
KMG Klinikum Mitte GmbH Klinikum Kyritz,https://www.weltzentrum-der-medizintechnik.de/profil/KMG+Klinikum+Mitte+GmbH+Klinikum+Kyritz-10136/ueber,http://www.kmg-kliniken.de
KMG Klinikum Mitte GmbH Klinikum Pritzwalk,https://www.weltzentrum-der-medizintechnik.de/profil/KMG+Klinikum+Mitte+GmbH+Klinikum+Pritzwalk-10134/ueber,http://www.kmg-kliniken.de
KMG Klinikum Sömmerda,https://www.weltzentrum-der-medizintechnik.de/profil/KMG+Klinikum+Soemmerda-9244/ueber,http://kmg-kliniken.de/kmg-klinikum-soemmerda/
KMG Klinikum Sondershausen,https://www.weltzentrum-der-medizintechnik.de/profil/KMG+Klinikum+Sondershausen-9245/ueber,http://kmg-kliniken.de/kmg-klinikum-sondershausen/
KMG Manniske Klinik Bad Frankenhausen,https://www.weltzentrum-der-medizintechnik.de/profil/KMG+Manniske+Klinik+Bad+Frankenhausen-9246/ueber,http://kmg-kliniken.de/kmg-manniske-klinik-bad-frankenhausen/
KMT Külzer Medizintechnik GmbH,https://www.weltzentrum-der-medizintechnik.de/profil/KMT+Kuelzer+Medizintechnik+GmbH-1561/ueber,http://www.k-m-t.de
K-Med OHG,https://www.weltzentrum-der-medizintechnik.de/profil/KMed+OHG-66/ueber,http://www.k-med.de
KONSTRUKTION BAUMANN OHG,https://www.weltzentrum-der-medizintechnik.de/profil/KONSTRUKTION+BAUMANN+OHG-336/ueber,https://www.konstruktion-baumann.de/
KRH Geriatrie Langenhagen (Akut-Geriatrie),https://www.weltzentrum-der-medizintechnik.de/profil/KRH+Geriatrie+Langenhagen+AkutGeriatrie-9252/ueber,http://krh.eu/klinikum/GEL/Seiten/default.aspx
KRH Klinikum Agnes Karll Laatzen,https://www.weltzentrum-der-medizintechnik.de/profil/KRH+Klinikum+Agnes+Karll+Laatzen-10789/ueber,https://laatzen.krh.de/
KRH Klinikum Großburgwedel,https://www.weltzentrum-der-medizintechnik.de/profil/KRH+Klinikum+Grossburgwedel-10771/ueber,https://grossburgwedel.krh.de/
KRH Klinikum Lehrte,https://www.weltzentrum-der-medizintechnik.de/profil/KRH+Klinikum+Lehrte-10790/ueber,https://lehrte.krh.de/
KRH Klinikum Neustadt am Rübenberge,https://www.weltzentrum-der-medizintechnik.de/profil/KRH+Klinikum+Neustadt+am+Ruebenberge-10216/ueber,http://www.krh.eu/klinikum/NRB/Seiten/default.aspx
KRH Klinikum Nordstadt,https://www.weltzentrum-der-medizintechnik.de/profil/KRH+Klinikum+Nordstadt-10793/ueber,https://nordstadt.krh.de/
KRH Klinikum Robert Koch Gehrden,https://www.weltzentrum-der-medizintechnik.de/profil/KRH+Klinikum+Robert+Koch+Gehrden-9253/ueber,http://krh.eu/klinikum/RKG/Seiten/default.aspx
KRH Klinikum Siloah,https://www.weltzentrum-der-medizintechnik.de/profil/KRH+Klinikum+Siloah-9254/ueber,http://krh.eu/siloah
KRH Psychiatrie Langenhagen,https://www.weltzentrum-der-medizintechnik.de/profil/KRH+Psychiatrie+Langenhagen-10797/ueber,https://psychiatrie-langenhagen.krh.de/
KRH Psychiatrie Wunstorf,https://www.weltzentrum-der-medizintechnik.de/profil/KRH+Psychiatrie+Wunstorf-11098/ueber,https://www.krh.eu
KS Medizintechnik Handels GmbH,https://www.weltzentrum-der-medizintechnik.de/profil/KS+Medizintechnik+Handels+GmbH-1581/ueber,http://www.ksmedizintechnik.de
KS SYSTEC Dr. Schmidbauer GmbH & Co. KG,https://www.weltzentrum-der-medizintechnik.de/profil/KS+SYSTEC+Dr.+Schmidbauer+GmbH+%2526+Co.+KG-1582/ueber,http://www.kssystec.de
KSG Spreitzer GmbH & Co. KG,https://www.weltzentrum-der-medizintechnik.de/profil/KSG+Spreitzer+GmbH+%2526+Co.+KG-430/ueber,http://www.ksg-spreitzer.de
KSP GmbH | CNC Technik,https://www.weltzentrum-der-medizintechnik.de/profil/KSP+GmbH+%257C+CNC+Technik-565/ueber,https://www.kspcnc-gmbh.de/
KUHN Beschichtungen GmbH,https://www.weltzentrum-der-medizintechnik.de/profil/KUHN+Beschichtungen+GmbH-354/ueber,https://www.kuhn-beschichtungen.de/
KVH Hartung GmbH,https://www.weltzentrum-der-medizintechnik.de/profil/KVH+Hartung+GmbH-594/ueber,https://www.kvh-hartung.de/
KWM Juliusspital Würzburg,https://www.weltzentrum-der-medizintechnik.de/profil/KWM+Juliusspital+Wuerzburg-10219/ueber,http://www.kwm-juliusspital.de
KWM Missioklinik Würzburg,https://www.weltzentrum-der-medizintechnik.de/profil/KWM+Missioklinik+Wuerzburg-10220/ueber,http://www.kwm-missioklinik.de
KaVo Dental GmbH,https://www.weltzentrum-der-medizintechnik.de/profil/KaVo+Dental+GmbH-1545/ueber,http://www.kavo.com
KaWeCo GmbH,https://www.weltzentrum-der-medizintechnik.de/profil/KaWeCo+GmbH-1546/ueber,http://www.kaweco.de
Kärcher Center Milkau,https://www.weltzentrum-der-medizintechnik.de/profil/Kaercher+Center+Milkau-322/ueber,http://www.kaerchercenter-milkau.de
Kahl Komponentenbau GmbH,https://www.weltzentrum-der-medizintechnik.de/profil/Kahl+Komponentenbau+GmbH-1535/ueber,http://www.kahl-komponentenbau.de
Kaiserswerther Diakonie,https://www.weltzentrum-der-medizintechnik.de/profil/Kaiserswerther+Diakonie-11408/ueber,https://www.kaiserswerther-diakonie.de/
Kamedtech Medizintechnik GmbH,https://www.weltzentrum-der-medizintechnik.de/profil/Kamedtech+Medizintechnik+GmbH-1536/ueber,http://www.kamedtech.de
Kammerer MedTec GmbH,https://www.weltzentrum-der-medizintechnik.de/profil/Kammerer+MedTec+GmbH-401/ueber,https://www.kammerer-medtec.com/
Kapp Surgical GmbH,https://www.weltzentrum-der-medizintechnik.de/profil/Kapp+Surgical+GmbH+-67/ueber,http://www.kapp-germany.de
Kardio Kontor GmbH,https://www.weltzentrum-der-medizintechnik.de/profil/Kardio+Kontor+GmbH-1539/ueber,http://www.kardiokontor.de
Kardiochirurgische Dependance,https://www.weltzentrum-der-medizintechnik.de/profil/Kardiochirurgische+Dependance-10324/ueber,http://www.med.uni-rostock.de/
Karl Hammacher GmbH,https://www.weltzentrum-der-medizintechnik.de/profil/Karl+Hammacher+GmbH-1540/ueber,http://www.hammacher.de
Karl Heck GmbH,https://www.weltzentrum-der-medizintechnik.de/profil/Karl+Heck+GmbH-1541/ueber,http://www.heckmed.de
Karl Kolb GmbH & Co KG,https://www.weltzentrum-der-medizintechnik.de/profil/Karl+Kolb+GmbH+%2526+Co+KG-1542/ueber,http://www.karlkolb.de
Karl Machauf,https://www.weltzentrum-der-medizintechnik.de/profil/Karl+Machauf-1543/ueber,http://www.schreinerei-machauf.de
Karl SPÄH GmbH & Co. KG,https://www.weltzentrum-der-medizintechnik.de/profil/Karl+SP%25C3%2584H+GmbH+%2526+Co.+KG-558/ueber,http://www.spaeh.de
Karl-Hansen-Klinik GmbH,https://www.weltzentrum-der-medizintechnik.de/profil/KarlHansenKlinik+GmbH-10353/ueber,http://www.medizinisches-zentrum.de
Kastner-Praxisbedarf GmbH,https://www.weltzentrum-der-medizintechnik.de/profil/KastnerPraxisbedarf+GmbH-1544/ueber,http://www.kastner-gmbh.de
Kath. Marien-Krankenhaus Lübeck gemeinnützige GmbH,https://www.weltzentrum-der-medizintechnik.de/profil/Kath.+MarienKrankenhaus+Luebeck+gemeinnuetzige+GmbH-11130/ueber,https://www.marien-krankenhaus.de/
Katharinen Hospiz am Park,https://www.weltzentrum-der-medizintechnik.de/profil/Katharinen+Hospiz+am+Park-9833/ueber,http://www.katharinen-hospiz.de
Katharinen-Hospital - gGmbH,https://www.weltzentrum-der-medizintechnik.de/profil/KatharinenHospital++gGmbH-9832/ueber,http://www.katharinen-hospital.de/
Katholische Hospitalvereinigung Ostwestfalen gem. GmbH,https://www.weltzentrum-der-medizintechnik.de/profil/Katholische+Hospitalvereinigung+Ostwestfalen+gem.+GmbH-9685/ueber,http://www.franziskus.de
Katholische Kliniken Oberberg gGmbH,https://www.weltzentrum-der-medizintechnik.de/profil/Katholische+Kliniken+Oberberg+gGmbH-9915/ueber,http://www.k-k-o.de
Katholische Kliniken Ruhrhalbinsel (Fachklinik Kamillushaus GmbH),https://www.weltzentrum-der-medizintechnik.de/profil/Katholische+Kliniken+Ruhrhalbinsel+Fachklinik+Kamillushaus+GmbH-9517/ueber,http://www.contilia.de
Katholische Kliniken Ruhrhalbinsel (St. Elisabeth Krankenhaus Niederwenigern),https://www.weltzentrum-der-medizintechnik.de/profil/Katholische+Kliniken+Ruhrhalbinsel+St.+Elisabeth+Krankenhaus+Niederwenigern-9228/ueber,http://contilia.de
Katholische Kliniken Ruhrhalbinsel (St. Josef-Krankenhaus Kupferdreh),https://www.weltzentrum-der-medizintechnik.de/profil/Katholische+Kliniken+Ruhrhalbinsel+St.+JosefKrankenhaus+Kupferdreh-9518/ueber,http://www.contilia.de
Katholische Kliniken im Märkischen Kreis - St. Vincenz Krankenhaus,https://www.weltzentrum-der-medizintechnik.de/profil/Katholische+Kliniken+im+Maerkischen+Kreis++St.+Vincenz+Krankenhaus-11017/ueber,https://www.kkimk.de
Katholisches Karl-Leisner Klinikum Standort Wilhelm-Anton Hospital,https://www.weltzentrum-der-medizintechnik.de/profil/Katholisches+KarlLeisner+Klinikum+Standort+WilhelmAnton+Hospital-9911/ueber,http://www.kkle.de
Katholisches Karl-Leisner Klinikum gGmbH Standort Marienhospital Kevelaer,https://www.weltzentrum-der-medizintechnik.de/profil/Katholisches+KarlLeisner+Klinikum+gGmbH+Standort+Marienhospital+Kevelaer-9913/ueber,http://www.kkle.de
Katholisches Klinikum Essen - Betriebsteil Philippusstift,https://www.weltzentrum-der-medizintechnik.de/profil/Katholisches+Klinikum+Essen++Betriebsteil+Philippusstift-11013/ueber,https://www.kk-essen.de
Katholisches Klinikum Mainz,https://www.weltzentrum-der-medizintechnik.de/profil/Katholisches+Klinikum+Mainz-9914/ueber,http://www.kkm-mainz.de/
Katholisches Krankenhaus Dortmund-West (Einrichtung des St. Lukas Klinikums),https://www.weltzentrum-der-medizintechnik.de/profil/Katholisches+Krankenhaus+DortmundWest+Einrichtung+des+St.+Lukas+Klinikums-10170/ueber,http://www.krankenhaus-kirchlinde.de
Katholisches Krankenhaus Hagen gem. GmbH -St. Josefs-Hospital,https://www.weltzentrum-der-medizintechnik.de/profil/Katholisches+Krankenhaus+Hagen+gem.+GmbH+St.+JosefsHospital-9901/ueber,http://www.kkh-hagen.de
Katholisches-Karl-Leisner-Klinikum gGmbH Standort St.-Antonius-Hospital,https://www.weltzentrum-der-medizintechnik.de/profil/KatholischesKarlLeisnerKlinikum+gGmbH+Standort+St.AntoniusHospital-9912/ueber,http://www.kkle.de
Katz Medizintechnik,https://www.weltzentrum-der-medizintechnik.de/profil/Katz+Medizintechnik-556/ueber,http://www.katz-medizintechnik.de
Kerckhoff-Klinik GmbH,https://www.weltzentrum-der-medizintechnik.de/profil/KerckhoffKlinik+GmbH-9851/ueber,http://www.kerckhoff-klinik.de
Ketteler Krankenhaus gGmbH,https://www.weltzentrum-der-medizintechnik.de/profil/Ketteler+Krankenhaus+gGmbH-11004/ueber,https://www.ketteler-krankenhaus.org/
Keytec GmbH,https://www.weltzentrum-der-medizintechnik.de/profil/Keytec+GmbH-11365/ueber,https://www.keyserie.com
Kieferorthopädisches Fachlabor KOFL Röers GmbH,https://www.weltzentrum-der-medizintechnik.de/profil/Kieferorthopaedisches+Fachlabor+KOFL+Roeers+GmbH-1551/ueber,http://www.kofl.de
Killenberg Labor- und Medizintechnik GmbH,https://www.weltzentrum-der-medizintechnik.de/profil/Killenberg+Labor+und+Medizintechnik+GmbH-1553/ueber,http://www.killenberg.de
Kinder- und Jugendkrankenhaus AUF DER BULT,https://www.weltzentrum-der-medizintechnik.de/profil/Kinder+und+Jugendkrankenhaus+AUF+DER+BULT-9413/ueber,http://www.auf-der-bult.de/
Kinderklinik Schömberg gGmbH,https://www.weltzentrum-der-medizintechnik.de/profil/Kinderklinik+Schoemberg+gGmbH-9877/ueber,http://www.kiklisch.de/
Kiwa Deutschland GmbH,https://www.weltzentrum-der-medizintechnik.de/profil/Kiwa+Deutschland+GmbH-501/ueber,http://www.kiwa.com/de
Klaus + Holger Krischik KRITEC Temperaturmeßtechnik GmbH,https://www.weltzentrum-der-medizintechnik.de/profil/Klaus+%252B+Holger+Krischik+KRITEC+Temperaturmesstechnik+GmbH-1556/ueber,http://www.kritec.de
Klaus Huber Medizintechnik,https://www.weltzentrum-der-medizintechnik.de/profil/Klaus+Huber+Medizintechnik-641/ueber,http://www.huber-medizintechnik.de/
Klaus Schuler GmbH,https://www.weltzentrum-der-medizintechnik.de/profil/Klaus+Schuler+GmbH-1557/ueber,http://www.schulermed.de
Klaus-Dieter Vogt Medizintechnik,https://www.weltzentrum-der-medizintechnik.de/profil/KlausDieter+Vogt+Medizintechnik-93/ueber,http://www.vogt-medizintechnik.de
Klindwort-Medical GmbH,https://www.weltzentrum-der-medizintechnik.de/profil/KlindwortMedical+GmbH-1560/ueber,http://www.klindwort-medical.de
Klinik  Dr. Robert Schindlbeck,https://www.weltzentrum-der-medizintechnik.de/profil/Klinik++Dr.+Robert+Schindlbeck-9991/ueber,http://www.Klinik-Schindlbeck.de
"Klinik Angermühle GmbH, 94469 Deggendorf",https://www.weltzentrum-der-medizintechnik.de/profil/Klinik+Angermuehle+GmbH%252C+94469+Deggendorf-9924/ueber,http://www.klinik-angermuehle.de
Klinik Augustinum,https://www.weltzentrum-der-medizintechnik.de/profil/Klinik+Augustinum-9423/ueber,https://augustinum.de/klinik/
Klinik Bad Trissl GmbH,https://www.weltzentrum-der-medizintechnik.de/profil/Klinik+Bad+Trissl+GmbH-11022/ueber,https://www.klinik-bad-trissl.de
Klinik Blankenstein Hattingen,https://www.weltzentrum-der-medizintechnik.de/profil/Klinik+Blankenstein+Hattingen-10011/ueber,http://www.klinikum-bochum.de
Klinik Bogen,https://www.weltzentrum-der-medizintechnik.de/profil/Klinik+Bogen-9929/ueber,http://www.klinik-bogen.de
Klinik Donaustauf,https://www.weltzentrum-der-medizintechnik.de/profil/Klinik+Donaustauf-9935/ueber,http://www.klinik-donaustauf.de/
Klinik Dr. Hartog / Klinik am Park,https://www.weltzentrum-der-medizintechnik.de/profil/Klinik+Dr.+Hartog++Klinik+am+Park-11377/ueber,http://www.klinikdrhartog.de
Klinik Dr. Maul GmbH Ingolstadt,https://www.weltzentrum-der-medizintechnik.de/profil/Klinik+Dr.+Maul+GmbH+Ingolstadt-9937/ueber,http://www.klinik-dr-maul.de
Klinik Dr. Schwarz,https://www.weltzentrum-der-medizintechnik.de/profil/Klinik+Dr.+Schwarz-9993/ueber,http://www.klinik-schwarz.de
Klinik Dr. Winkler,https://www.weltzentrum-der-medizintechnik.de/profil/Klinik+Dr.+Winkler-10124/ueber,http://www.klinik-winkler.de
Klinik Dr. med. T. Witwity GmbH,https://www.weltzentrum-der-medizintechnik.de/profil/Klinik+Dr.+med.+T.+Witwity+GmbH-10830/ueber,https://www.arthroclinic-witwity.de
Klinik Ernst von Bergmann Bad Belzig gGmbH,https://www.weltzentrum-der-medizintechnik.de/profil/Klinik+Ernst+von+Bergmann+Bad+Belzig+gGmbH-9963/ueber,http://www.klinikevb-badbelzig.de
Klinik Fallingbostel,https://www.weltzentrum-der-medizintechnik.de/profil/Klinik+Fallingbostel-9964/ueber,http://www.klinik-fallingbostel.de/
Klinik Flechsig GmbH,https://www.weltzentrum-der-medizintechnik.de/profil/Klinik+Flechsig+GmbH-9965/ueber,http://www.klinik-flechsig.de/
Klinik Hallerwiese-Cnopfsche Kinderklinik,https://www.weltzentrum-der-medizintechnik.de/profil/Klinik+HallerwieseCnopfsche+Kinderklinik-11392/ueber,https://www.klinik-hallerwiese.de/de/klinik-hallerwiese-cnopfsche-kinderklinik.html
Klinik Hochried,https://www.weltzentrum-der-medizintechnik.de/profil/Klinik+Hochried-9970/ueber,http://www.klinikhochried.de
Klinik Hohe Mark Tagesklinik Frankfurt,https://www.weltzentrum-der-medizintechnik.de/profil/Klinik+Hohe+Mark+Tagesklinik+Frankfurt-10985/ueber,https://www.hohemark.de/startseite/
Klinik Hohe Warte,https://www.weltzentrum-der-medizintechnik.de/profil/Klinik+Hohe+Warte-10006/ueber,http://www.klinikum-bayreuth.de
Klinik Kitzinger Land,https://www.weltzentrum-der-medizintechnik.de/profil/Klinik+Kitzinger+Land-9971/ueber,http://www.klinik-kitzinger-land.de
Klinik Klosterstraße GmbH,https://www.weltzentrum-der-medizintechnik.de/profil/Klinik+Klosterstrasse+GmbH-9972/ueber,http://www.klinik-klosterstrasse.de
Klinik König-Ludwig-Haus,https://www.weltzentrum-der-medizintechnik.de/profil/Klinik+KoenigLudwigHaus-10145/ueber,http://www.koenig-ludwig-haus.de
Klinik Königshof,https://www.weltzentrum-der-medizintechnik.de/profil/Klinik+Koenigshof-9974/ueber,http://www.klinik-koenigshof-krefeld.de
Klinik Maingau vom Roten Kreuz,https://www.weltzentrum-der-medizintechnik.de/profil/Klinik+Maingau+vom+Roten+Kreuz-10485/ueber,http://www.rotkreuzkliniken.de/index.html
Klinik Mallersdorf,https://www.weltzentrum-der-medizintechnik.de/profil/Klinik+Mallersdorf-9982/ueber,http://www.klinik-mallersdorf.de
Klinik Manhagen,https://www.weltzentrum-der-medizintechnik.de/profil/Klinik+Manhagen-10280/ueber,http://www.manhagen.de
Klinik Menterschwaige,https://www.weltzentrum-der-medizintechnik.de/profil/Klinik+Menterschwaige-9983/ueber,http://www.klinik-menterschwaige.de/die-klinik
Klinik Neustadt GmbH,https://www.weltzentrum-der-medizintechnik.de/profil/Klinik+Neustadt+GmbH-10462/ueber,http://www.regiomed-kliniken.de/startseite-klinik-neustadt.aspx
Klinik Parsberg,https://www.weltzentrum-der-medizintechnik.de/profil/Klinik+Parsberg-10428/ueber,http://www.parsberg.klinikum-neumarkt.de
Klinik Rotes Kreuz,https://www.weltzentrum-der-medizintechnik.de/profil/Klinik+Rotes+Kreuz-10486/ueber,http://www.rotkreuzkliniken.de/index.html
Klinik Sonnenwende,https://www.weltzentrum-der-medizintechnik.de/profil/Klinik+Sonnenwende-11138/ueber,https://www.median-kliniken.de
Klinik Sonthofen,https://www.weltzentrum-der-medizintechnik.de/profil/Klinik+Sonthofen-11104/ueber,https://www.kv-keoa.de
Klinik St. Irmingard,https://www.weltzentrum-der-medizintechnik.de/profil/Klinik+St.+Irmingard-10596/ueber,http://www.st-irmingard.de
Klinik Tettnang GmbH,https://www.weltzentrum-der-medizintechnik.de/profil/Klinik+Tettnang+GmbH-10351/ueber,http://www.medizin-campus-bodensee.de
Klinik Vincentinum GmbH & Co. KG,https://www.weltzentrum-der-medizintechnik.de/profil/Klinik+Vincentinum+GmbH+%2526+Co.+KG-10119/ueber,http://www.klinik-vincentinum.de
Klinik Wartenberg - Professor Dr. Selmair GmbH & Co. KG,https://www.weltzentrum-der-medizintechnik.de/profil/Klinik+Wartenberg++Professor+Dr.+Selmair+GmbH+%2526+Co.+KG-11071/ueber,https://www.klinik-wartenberg.de
"Klinik Wirsberg, Klinik für Psychiatrie und Psychotherapie",https://www.weltzentrum-der-medizintechnik.de/profil/Klinik+Wirsberg%252C+Klinik+fuer+Psychiatrie+und+Psychotherapie-10125/ueber,http://www.klinik-wirsberg.de
Klinik Wittgenstein,https://www.weltzentrum-der-medizintechnik.de/profil/Klinik+Wittgenstein-10126/ueber,http://www.klinik-wittgenstein.de
Klinik am Eichert,https://www.weltzentrum-der-medizintechnik.de/profil/Klinik+am+Eichert-9297/ueber,http://www.alb-fils-kliniken.de
"Klinik am Greinberg Spezialklinik für Kinder- und Jugendpsychiatrie, Psychosomat",https://www.weltzentrum-der-medizintechnik.de/profil/Klinik+am+Greinberg+Spezialklinik+fuer+Kinder+und+Jugendpsychiatrie%252C+Psychosomat-9887/ueber,http://www.kjp.ukw.de/klinik/klinikbereiche/klinik-am-greinberg.html
Klinik am Park Bad Steben GmbH,https://www.weltzentrum-der-medizintechnik.de/profil/Klinik+am+Park+Bad+Steben+GmbH-10903/ueber,https://www.ebel-kliniken.com/deutsch/fachkliniken/klinik-am-park/ihre-klinik-am-park/
Klinik am Rathenauplatz,https://www.weltzentrum-der-medizintechnik.de/profil/Klinik+am+Rathenauplatz-9501/ueber,http://www.chirurgie-hn.de
Klinik am Tharandter Wald,https://www.weltzentrum-der-medizintechnik.de/profil/Klinik+am+Tharandter+Wald-10464/ueber,http://www.reha-hetzdorf.de
Klinik für GefässChirurgie und GefässMedizin im Kreis Ahrweiler,https://www.weltzentrum-der-medizintechnik.de/profil/Klinik+fuer+GefaessChirurgie+und+GefaessMedizin+im+Kreis+Ahrweiler-9690/ueber,http://www.gefaesszentrum-dr-bauer.de
Klinik für Geriatrie Ratzeburg GmbH,https://www.weltzentrum-der-medizintechnik.de/profil/Klinik+fuer+Geriatrie+Ratzeburg+GmbH-10812/ueber,https://www.ameos.eu/standorte/ameos-nord/ratzeburg/klinik-fuer-geriatrie-ratzeburg/
Klinik für Kinder- und Jugendpsychiatrie und Psychotherapie,https://www.weltzentrum-der-medizintechnik.de/profil/Klinik+fuer+Kinder+und+Jugendpsychiatrie+und+Psychotherapie-9942/ueber,http://www.kliniken-koeln.de
Klinik für Kinderneurologie und Sozialpädiatrie Kinderzentrum Maulbronn gGmbH,https://www.weltzentrum-der-medizintechnik.de/profil/Klinik+fuer+Kinderneurologie+und+Sozialpaediatrie+Kinderzentrum+Maulbronn+gGmbH-9885/ueber,http://www.kize.de
Klinik für Manuelle Therapie,https://www.weltzentrum-der-medizintechnik.de/profil/Klinik+fuer+Manuelle+Therapie-10139/ueber,http://www.kmt-hamm.de/
"Klinik für Psychiatrie, Psychotherapie und Psychosomatik Altenburg",https://www.weltzentrum-der-medizintechnik.de/profil/Klinik+fuer+Psychiatrie%252C+Psychotherapie+und+Psychosomatik+Altenburg-10242/ueber,http://www.lukasstiftung-altenburg.de
Klinik für Schlafstörungen GmbH,https://www.weltzentrum-der-medizintechnik.de/profil/Klinik+fuer+Schlafstoerungen+GmbH-10525/ueber,http://www.schlaflabor-bayern.de
Klinik in der Zarten,https://www.weltzentrum-der-medizintechnik.de/profil/Klinik+in+der+Zarten-9240/ueber,http://klinik-in-der-zarten.de
Klinik- und Rehabilitationszentrum Lippoldsberg GmbH,https://www.weltzentrum-der-medizintechnik.de/profil/Klinik+und+Rehabilitationszentrum+Lippoldsberg+GmbH-9980/ueber,http://www.klinik-lippoldsberg.de
Kliniken Beelitz GmbH / Fachkrankenhaus für Neurologische Frührehabilitation,https://www.weltzentrum-der-medizintechnik.de/profil/Kliniken+Beelitz+GmbH++Fachkrankenhaus+fuer+Neurologische+Fruehrehabilitation-9688/ueber,http://www.fruehreha-beelitz.de/kbgf.html
Kliniken Böblingen,https://www.weltzentrum-der-medizintechnik.de/profil/Kliniken+Boeblingen-10113/ueber,http://www.klinikverbund-suedwest.de/klinikum-sindelfingen-boeblingen/startseite.html
Kliniken Dr. Erler gGmbH,https://www.weltzentrum-der-medizintechnik.de/profil/Kliniken+Dr.+Erler+gGmbH-9635/ueber,http://www.erler-klinik.de/
Kliniken Dritter Orden gGmbH München-Nymphenburg,https://www.weltzentrum-der-medizintechnik.de/profil/Kliniken+Dritter+Orden+gGmbH+MuenchenNymphenburg-9576/ueber,http://www.dritter-orden.de
Kliniken Erlabrunn gGmbH,https://www.weltzentrum-der-medizintechnik.de/profil/Kliniken+Erlabrunn+gGmbH-9634/ueber,http://www.erlabrunn.de
"Kliniken Landkreis Diepholz gGmbH, Klinik Bassum",https://www.weltzentrum-der-medizintechnik.de/profil/Kliniken+Landkreis+Diepholz+gGmbH%252C+Klinik+Bassum-11032/ueber,https://www.kliniken-lkd.de
"Kliniken Landkreis Diepholz gGmbH, Klinik Diepholz",https://www.weltzentrum-der-medizintechnik.de/profil/Kliniken+Landkreis+Diepholz+gGmbH%252C+Klinik+Diepholz-11031/ueber,https://www.kliniken-lkd.de
"Kliniken Landkreis Diepholz gGmbH, Klinik Sulingen",https://www.weltzentrum-der-medizintechnik.de/profil/Kliniken+Landkreis+Diepholz+gGmbH%252C+Klinik+Sulingen-11033/ueber,https://www.kliniken-lkd.de
Kliniken Landkreis Heidenheim gGmbH,https://www.weltzentrum-der-medizintechnik.de/profil/Kliniken+Landkreis+Heidenheim+gGmbH-9941/ueber,http://www.kliniken-heidenheim.de
Kliniken Nagold,https://www.weltzentrum-der-medizintechnik.de/profil/Kliniken+Nagold-10116/ueber,http://www.klinikverbund-suedwest.de/kreisklinikum-calw-nagold/startseite.html
Kliniken Nordoberpfalz AG - Krankenhaus Kemnath,https://www.weltzentrum-der-medizintechnik.de/profil/Kliniken+Nordoberpfalz+AG++Krankenhaus+Kemnath-9950/ueber,http://www.kliniken-nordoberpfalz.de
"Kliniken Nordoberpfalz AG - Tirschenreuth, Waldsassen",https://www.weltzentrum-der-medizintechnik.de/profil/Kliniken+Nordoberpfalz+AG++Tirschenreuth%252C+Waldsassen-9951/ueber,http://www.kliniken-nordoberpfalz.de
"Kliniken Ostalb, Ostalb-Klinikum Aalen",https://www.weltzentrum-der-medizintechnik.de/profil/Kliniken+Ostalb%252C+OstalbKlinikum+Aalen-10414/ueber,http://www.ostalb-klinikum.de
Kliniken Ostallgäu-Kaufbeuren - Klinik Füssen,https://www.weltzentrum-der-medizintechnik.de/profil/Kliniken+OstallgaeuKaufbeuren++Klinik+Fuessen-11384/ueber,https://www.kliniken-oal-kf.de/kliniken/klinik-fuessen
Kliniken Ostallgäu-Kaufbeuren - Klinik St. Josef Buchloe,https://www.weltzentrum-der-medizintechnik.de/profil/Kliniken+OstallgaeuKaufbeuren++Klinik+St.+Josef+Buchloe-11385/ueber,https://www.kliniken-oal-kf.de/kliniken/klinik-st-josef
Kliniken Ostallgäu-Kaufbeuren - Klinikum Kaufbeuren,https://www.weltzentrum-der-medizintechnik.de/profil/Kliniken+OstallgaeuKaufbeuren++Klinikum+Kaufbeuren-11383/ueber,https://www.kliniken-oal-kf.de/kliniken/klinikum-kaufbeuren
Kliniken Schmieder Allensbach,https://www.weltzentrum-der-medizintechnik.de/profil/Kliniken+Schmieder+Allensbach-9955/ueber,http://www.kliniken-schmieder.de
Kliniken Schmieder Heidelberg,https://www.weltzentrum-der-medizintechnik.de/profil/Kliniken+Schmieder+Heidelberg-9953/ueber,http://www.kliniken-schmieder.de
Kliniken der Stadt Köln gGmbH - Kinderkrankenhaus Amsterdamer Straße,https://www.weltzentrum-der-medizintechnik.de/profil/Kliniken+der+Stadt+Koeln+gGmbH++Kinderkrankenhaus+Amsterdamer+Strasse-9943/ueber,http://www.kliniken-koeln.de
Kliniken der Stadt Köln gGmbH - Krankenhaus Holweide,https://www.weltzentrum-der-medizintechnik.de/profil/Kliniken+der+Stadt+Koeln+gGmbH++Krankenhaus+Holweide-9944/ueber,http://www.kliniken-koeln.de
Kliniken der Stadt Köln gGmbH - Krankenhaus Merheim,https://www.weltzentrum-der-medizintechnik.de/profil/Kliniken+der+Stadt+Koeln+gGmbH++Krankenhaus+Merheim-9945/ueber,http://www.kliniken-koeln.de/Krankenhaus_Merheim_Startseite.htm?ActiveID=1558
Kliniken des Main-Taunus-Kreises GmbH,https://www.weltzentrum-der-medizintechnik.de/profil/Kliniken+des+MainTaunusKreises+GmbH-9946/ueber,http://www.kliniken-mtk.de
"Kliniken im Naturpark Altmühltal, Klinik Eichstätt",https://www.weltzentrum-der-medizintechnik.de/profil/Kliniken+im+Naturpark+Altmuehltal%252C+Klinik+Eichstaett-10140/ueber,http://www.kna-online.de
"Kliniken im Naturpark Altmühltal, Klinik Kösching",https://www.weltzentrum-der-medizintechnik.de/profil/Kliniken+im+Naturpark+Altmuehltal%252C+Klinik+Koesching-10141/ueber,http://www.kna-online.de
Klinikum Altenburger Land GmbH,https://www.weltzentrum-der-medizintechnik.de/profil/Klinikum+Altenburger+Land+GmbH-10001/ueber,http://www.klinikum-altenburgerland.de/kkhabg
Klinikum Altmühlfranken Gunzenhausen,https://www.weltzentrum-der-medizintechnik.de/profil/Klinikum+Altmuehlfranken+Gunzenhausen-10002/ueber,http://www.klinikum-altmuehlfranken.de
Klinikum Altmühlfranken Weißenburg,https://www.weltzentrum-der-medizintechnik.de/profil/Klinikum+Altmuehlfranken+Weissenburg-10003/ueber,http://www.klinikum-altmuehlfranken.de
"Klinikum Aschaffenburg-Alzenau gemeinnützige GmbH, Standort Alzenau",https://www.weltzentrum-der-medizintechnik.de/profil/Klinikum+AschaffenburgAlzenau+gemeinnuetzige+GmbH%252C+Standort+Alzenau-10000/ueber,http://www.klinikum-ab-alz.de
Klinikum Aschaffenburg-Alzenau gemeinnützige GmbH,https://www.weltzentrum-der-medizintechnik.de/profil/Klinikum+AschaffenburgAlzenau+gemeinnuetzige+GmbH-9999/ueber,http://www.klinikum-ab-alz.de
Klinikum Bad Bramstedt GmbH,https://www.weltzentrum-der-medizintechnik.de/profil/Klinikum+Bad+Bramstedt+GmbH-10005/ueber,http://www.klinikumbadbramstedt.de
Klinikum Bad Hersfeld - Klinik am Hainberg,https://www.weltzentrum-der-medizintechnik.de/profil/Klinikum+Bad+Hersfeld++Klinik+am+Hainberg-11044/ueber,https://www.klinikum-bad-hersfeld.de/
Klinikum Bad Hersfeld,https://www.weltzentrum-der-medizintechnik.de/profil/Klinikum+Bad+Hersfeld-11043/ueber,https://www.klinikum-bad-hersfeld.de/
Klinikum Bad Salzungen GmbH,https://www.weltzentrum-der-medizintechnik.de/profil/Klinikum+Bad+Salzungen+GmbH-11045/ueber,https://www.klinikum-badsalzungen.de
Klinikum Bamberg - Betriebsstätte am Bruderwald,https://www.weltzentrum-der-medizintechnik.de/profil/Klinikum+Bamberg++Betriebsstaette+am+Bruderwald-10564/ueber,http://www.sozialstiftung-bamberg.de
Klinikum Bamberg - Betriebsstätte am Michelsberg,https://www.weltzentrum-der-medizintechnik.de/profil/Klinikum+Bamberg++Betriebsstaette+am+Michelsberg-10565/ueber,http://www.sozialstiftung-bamberg.de
Klinikum Bayreuth,https://www.weltzentrum-der-medizintechnik.de/profil/Klinikum+Bayreuth-10007/ueber,http://www.klinikum-bayreuth.de
"Klinikum Bielefeld, Standort Rosenhöhe",https://www.weltzentrum-der-medizintechnik.de/profil/Klinikum+Bielefeld%252C+Standort+Rosenhoehe-10010/ueber,http://www.klinikumbielefeld.de/
"Klinikum Bielefeld gem. GmbH, Standort Halle/Westfalen",https://www.weltzentrum-der-medizintechnik.de/profil/Klinikum+Bielefeld+gem.+GmbH%252C+Standort+HalleWestfalen-10009/ueber,http://www.klinikumbielefeld.de/
Klinikum Bielefeld gem. GmbH,https://www.weltzentrum-der-medizintechnik.de/profil/Klinikum+Bielefeld+gem.+GmbH-10008/ueber,http://www.klinikumbielefeld.de/
Klinikum Bremen-Mitte,https://www.weltzentrum-der-medizintechnik.de/profil/Klinikum+BremenMitte-9695/ueber,http://www.gesundheitnord.de/krankenhaeuserundzentren/kbm.html
Klinikum Bremerhaven Reinkenheide gGmbH,https://www.weltzentrum-der-medizintechnik.de/profil/Klinikum+Bremerhaven+Reinkenheide+gGmbH-11046/ueber,https://www.klinikum-bremerhaven.de
Klinikum Chemnitz gGmbH,https://www.weltzentrum-der-medizintechnik.de/profil/Klinikum+Chemnitz+gGmbH-2734/ueber,http://www.klinikumchemnitz.de
Klinikum Christophsbad Göppingen,https://www.weltzentrum-der-medizintechnik.de/profil/Klinikum+Christophsbad+Goeppingen-9506/ueber,http://www.christophsbad.de
Klinikum Coburg GmbH,https://www.weltzentrum-der-medizintechnik.de/profil/Klinikum+Coburg+GmbH-10463/ueber,http://www.regiomed-kliniken.de/startseite-klinikum-coburg.aspx
Klinikum Darmstadt GmbH,https://www.weltzentrum-der-medizintechnik.de/profil/Klinikum+Darmstadt+GmbH-10782/ueber,https://klinikum-darmstadt.de/startseite/
Klinikum Döbeln,https://www.weltzentrum-der-medizintechnik.de/profil/Klinikum+Doebeln-10024/ueber,http://www.klinikum-doebeln.de
Klinikum Dortmund Nord,https://www.weltzentrum-der-medizintechnik.de/profil/Klinikum+Dortmund+Nord-2750/ueber,http://www.klinikumdo.de
Klinikum Emden - Hans-Susemihl-Krankenhaus gGmbH,https://www.weltzentrum-der-medizintechnik.de/profil/Klinikum+Emden++HansSusemihlKrankenhaus+gGmbH-10028/ueber,http://www.klinikum-emden.de
Klinikum Ernst von Bergmann gemeinnützige GmbH,https://www.weltzentrum-der-medizintechnik.de/profil/Klinikum+Ernst+von+Bergmann+gemeinnuetzige+GmbH-10031/ueber,http://www.klinikumevb.de
Klinikum Esslingen GmbH,https://www.weltzentrum-der-medizintechnik.de/profil/Klinikum+Esslingen+GmbH-2507/ueber,https://www.klinikum-esslingen.de/
Klinikum Fichtelgebirge gGmbH - Haus Marktredwitz,https://www.weltzentrum-der-medizintechnik.de/profil/Klinikum+Fichtelgebirge+gGmbH++Haus+Marktredwitz-10037/ueber,http://www.klinikum-fichtelgebirge.de
Klinikum Forchheim - Fränkische Schweiz gGmbH,https://www.weltzentrum-der-medizintechnik.de/profil/Klinikum+Forchheim++Fraenkische+Schweiz+gGmbH-11038/ueber,https://www.klinik-fraenkische-schweiz.de
Klinikum Frankfurt (Oder) GmbH Tagesklinik Frankfurt (Oder),https://www.weltzentrum-der-medizintechnik.de/profil/Klinikum+Frankfurt+Oder+GmbH+Tagesklinik+Frankfurt+Oder-10034/ueber,http://www.klinikumffo.de
Klinikum Frankfurt (Oder) GmbH,https://www.weltzentrum-der-medizintechnik.de/profil/Klinikum+Frankfurt+Oder+GmbH-10033/ueber,http://www.klinikumffo.de
Klinikum Frankfurt (Oder) Tagesklinik Rüdersdorf,https://www.weltzentrum-der-medizintechnik.de/profil/Klinikum+Frankfurt+Oder+Tagesklinik+Ruedersdorf-10035/ueber,http://www.klinikumffo.de
Klinikum Freising GmbH,https://www.weltzentrum-der-medizintechnik.de/profil/Klinikum+Freising+GmbH-11051/ueber,https://www.klinikum-freising.de/
Klinikum Friedrichshafen GmbH,https://www.weltzentrum-der-medizintechnik.de/profil/Klinikum+Friedrichshafen+GmbH-10352/ueber,http://www.medizin-campus-bodensee.de
Klinikum Fürstenfeldbruck,https://www.weltzentrum-der-medizintechnik.de/profil/Klinikum+Fuerstenfeldbruck-10032/ueber,http://www.klinikum-ffb.de
Klinikum Fürth,https://www.weltzentrum-der-medizintechnik.de/profil/Klinikum+Fuerth-11052/ueber,https://www.klinikum-fuerth.de
Klinikum Gütersloh,https://www.weltzentrum-der-medizintechnik.de/profil/Klinikum+Guetersloh-10046/ueber,http://www.klinikum-guetersloh.de
Klinikum Hanau GmbH,https://www.weltzentrum-der-medizintechnik.de/profil/Klinikum+Hanau+GmbH-10047/ueber,http://www.klinikum-hanau.de
Klinikum Hann. Münden,https://www.weltzentrum-der-medizintechnik.de/profil/Klinikum+Hann.+Muenden-9863/ueber,http://www.khmue.de
Klinikum Herford,https://www.weltzentrum-der-medizintechnik.de/profil/Klinikum+Herford-10048/ueber,http://www.klinikum-herford.de
Klinikum Hochrhein,https://www.weltzentrum-der-medizintechnik.de/profil/Klinikum+Hochrhein-10049/ueber,http://www.klinikum-hochrhein.de
Klinikum Ingolstadt GmbH,https://www.weltzentrum-der-medizintechnik.de/profil/Klinikum+Ingolstadt+GmbH-11056/ueber,https://www.klinikum-ingolstadt.de/
Klinikum Itzehoe,https://www.weltzentrum-der-medizintechnik.de/profil/Klinikum+Itzehoe-10050/ueber,http://www.klinikum-itzehoe.de
Klinikum Kassel GmbH,https://www.weltzentrum-der-medizintechnik.de/profil/Klinikum+Kassel+GmbH-10928/ueber,https://www.gesundheit-nordhessen.de/klinikum-kassel/
Klinikum Kempten,https://www.weltzentrum-der-medizintechnik.de/profil/Klinikum+Kempten-11101/ueber,https://www.kv-keoa.de
Klinikum Konstanz,https://www.weltzentrum-der-medizintechnik.de/profil/Klinikum+Konstanz-10958/ueber,https://www.glkn.de
Klinikum Kulmbach,https://www.weltzentrum-der-medizintechnik.de/profil/Klinikum+Kulmbach-11058/ueber,https://www.klinikum-kulmbach.de/
Klinikum Landkreis Erding,https://www.weltzentrum-der-medizintechnik.de/profil/Klinikum+Landkreis+Erding-10029/ueber,http://www.klinikum-erding.de
Klinikum Landsberg am Lech,https://www.weltzentrum-der-medizintechnik.de/profil/Klinikum+Landsberg+am+Lech-10054/ueber,http://www.klinikum-landsberg.de
Klinikum Lippe Bad Salzuflen,https://www.weltzentrum-der-medizintechnik.de/profil/Klinikum+Lippe+Bad+Salzuflen-10058/ueber,http://www.klinikum-lippe.de
Klinikum Lippe Detmold,https://www.weltzentrum-der-medizintechnik.de/profil/Klinikum+Lippe+Detmold-10059/ueber,http://www.klinikum-lippe.de
Klinikum Lippe Lemgo,https://www.weltzentrum-der-medizintechnik.de/profil/Klinikum+Lippe+Lemgo-10060/ueber,http://www.klinikum-lippe.de
Klinikum Ludwigsburg,https://www.weltzentrum-der-medizintechnik.de/profil/Klinikum+Ludwigsburg-11203/ueber,https://www.rkh-kliniken.de/kliniken-zentren/standorte/klinikum-ludwigsburg/
"Klinikum Lüdenscheid, Märkische Kliniken GmbH",https://www.weltzentrum-der-medizintechnik.de/profil/Klinikum+Luedenscheid%252C+Maerkische+Kliniken+GmbH-10270/ueber,http://www.maerkische-kliniken.de
Klinikum Main-Spessart Lohr,https://www.weltzentrum-der-medizintechnik.de/profil/Klinikum+MainSpessart+Lohr-10070/ueber,http://www.klinikum-msp.de
Klinikum Main-Spessart Marktheidenfeld,https://www.weltzentrum-der-medizintechnik.de/profil/Klinikum+MainSpessart+Marktheidenfeld-10071/ueber,http://www.klinikum-msp.de
Klinikum Mittelbaden Baden-Baden Balg,https://www.weltzentrum-der-medizintechnik.de/profil/Klinikum+Mittelbaden+BadenBaden+Balg-10067/ueber,http://www.klinikum-mittelbaden.de
Klinikum Mittelbaden Baden-Baden Ebersteinburg,https://www.weltzentrum-der-medizintechnik.de/profil/Klinikum+Mittelbaden+BadenBaden+Ebersteinburg-10066/ueber,http://www.klinikum-mittelbaden.de
Klinikum Mittelbaden Bühl,https://www.weltzentrum-der-medizintechnik.de/profil/Klinikum+Mittelbaden+Buehl-10068/ueber,http://www.klinikum-mittelbaden.de
Klinikum Mittelmosel,https://www.weltzentrum-der-medizintechnik.de/profil/Klinikum+Mittelmosel-10069/ueber,http://www.klinikum-mittelmosel.de
Klinikum Mutterhaus der Borromäerinnen - Standort Mitte,https://www.weltzentrum-der-medizintechnik.de/profil/Klinikum+Mutterhaus+der+Borromaeerinnen++Standort+Mitte-10373/ueber,http://www.mutterhaus.de/
Klinikum Mutterhaus der Borromäerinnen gGmbH - Standort Ehrang,https://www.weltzentrum-der-medizintechnik.de/profil/Klinikum+Mutterhaus+der+Borromaeerinnen+gGmbH++Standort+Ehrang-10374/ueber,http://www.mutterhaus.de/
Klinikum Mutterhaus der Borromäerinnen gGmbH - Standort Nord,https://www.weltzentrum-der-medizintechnik.de/profil/Klinikum+Mutterhaus+der+Borromaeerinnen+gGmbH++Standort+Nord-10375/ueber,http://www.mutterhaus.de/
Klinikum Nürnberg Nord,https://www.weltzentrum-der-medizintechnik.de/profil/Klinikum+Nuernberg+Nord-10077/ueber,http://www.klinikum-nuernberg.de
Klinikum Osnabrück GmbH,https://www.weltzentrum-der-medizintechnik.de/profil/Klinikum+Osnabrueck+GmbH-10085/ueber,http://www.klinikum-os.de
Klinikum Osnabrücker Land GmbH,https://www.weltzentrum-der-medizintechnik.de/profil/Klinikum+Osnabruecker+Land+GmbH-11020/ueber,https://www.klinik-akp-gmh.de
Klinikum Passau,https://www.weltzentrum-der-medizintechnik.de/profil/Klinikum+Passau-10086/ueber,http://www.klinikum-passau.de
Klinikum Peine gGmbH,https://www.weltzentrum-der-medizintechnik.de/profil/Klinikum+Peine+gGmbH-10088/ueber,http://www.klinikum-peine.de
Klinikum Penzberg,https://www.weltzentrum-der-medizintechnik.de/profil/Klinikum+Penzberg-10089/ueber,http://www.klinikum-penzberg.de
Klinikum Rheine / Jakobi Krankenhaus,https://www.weltzentrum-der-medizintechnik.de/profil/Klinikum+Rheine++Jakobi+Krankenhaus-11135/ueber,https://www.mathias-spital.com/
Klinikum Rheine / Mathias-Spital Rheine,https://www.weltzentrum-der-medizintechnik.de/profil/Klinikum+Rheine++MathiasSpital+Rheine-11136/ueber,https://www.mathias-spital.com/
Klinikum Schloß Winnenden Zentrum für Psychiatrie,https://www.weltzentrum-der-medizintechnik.de/profil/Klinikum+Schloss+Winnenden+Zentrum+fuer+Psychiatrie-10749/ueber,http://www.zfp-winnenden.de/
Klinikum Seefeld,https://www.weltzentrum-der-medizintechnik.de/profil/Klinikum+Seefeld-10091/ueber,https://www.klinikum-seefeld.de/
Klinikum St. Elisabeth Straubing GmbH,https://www.weltzentrum-der-medizintechnik.de/profil/Klinikum+St.+Elisabeth+Straubing+GmbH-11067/ueber,https://www.klinikum-straubing.de/
Klinikum St. Marien Amberg,https://www.weltzentrum-der-medizintechnik.de/profil/Klinikum+St.+Marien+Amberg-10004/ueber,http://www.klinikum-amberg.de
Klinikum Starnberg,https://www.weltzentrum-der-medizintechnik.de/profil/Klinikum+Starnberg-10093/ueber,https://www.klinikum-starnberg.de/
Klinikum Stuttgart - Katharinenhospital (KH) und Olgahospital / Frauenklinik (OH),https://www.weltzentrum-der-medizintechnik.de/profil/Klinikum+Stuttgart++Katharinenhospital+KH+und+Olgahospital++Frauenklinik+OH-2755/ueber,http://www.klinikum-stuttgart.de/
Klinikum Stuttgart - Krankenhaus Bad Cannstatt,https://www.weltzentrum-der-medizintechnik.de/profil/Klinikum+Stuttgart++Krankenhaus+Bad+Cannstatt-10094/ueber,https://www.klinikum-stuttgart.de/
Klinikum Südstadt Rostock,https://www.weltzentrum-der-medizintechnik.de/profil/Klinikum+Suedstadt+Rostock-9998/ueber,https://www.kliniksued-rostock.de/
"Klinikum Vest GmbH, Knappschaftskrankenhaus Recklinghausen",https://www.weltzentrum-der-medizintechnik.de/profil/Klinikum+Vest+GmbH%252C+Knappschaftskrankenhaus+Recklinghausen-10097/ueber,http://www.klinikum-vest.de
"Klinikum Vest GmbH, Paracelsus-Klinik Marl",https://www.weltzentrum-der-medizintechnik.de/profil/Klinikum+Vest+GmbH%252C+ParacelsusKlinik+Marl-10096/ueber,http://www.klinikum-vest.de
Klinikum Wahrendorff,https://www.weltzentrum-der-medizintechnik.de/profil/Klinikum+Wahrendorff-10708/ueber,http://www.wahrendorff.de
Klinikum Westbrandenburg GmbH - Standort Potsdam,https://www.weltzentrum-der-medizintechnik.de/profil/Klinikum+Westbrandenburg+GmbH++Standort+Potsdam-10098/ueber,http://www.klinikumwb.de
Klinikum Westmünsterland - Krankenhaus Maria-Hilf Stadtlohn,https://www.weltzentrum-der-medizintechnik.de/profil/Klinikum+Westmuensterland++Krankenhaus+MariaHilf+Stadtlohn-11068/ueber,https://www.klinikum-westmuensterland.de/stadtlohn/
Klinikum Westmünsterland St. Marien- Hospital Vreden,https://www.weltzentrum-der-medizintechnik.de/profil/Klinikum+Westmuensterland+St.+Marien+Hospital+Vreden-11069/ueber,https://www.klinikum-westmuensterland.de/vreden/
Klinikum Westmünsterland St. Marien- Krankenhaus Ahaus,https://www.weltzentrum-der-medizintechnik.de/profil/Klinikum+Westmuensterland+St.+Marien+Krankenhaus+Ahaus-10108/ueber,http://www.klinikum-westmuensterland.de/ahaus/
Klinikum Wolfsburg,https://www.weltzentrum-der-medizintechnik.de/profil/Klinikum+Wolfsburg-11042/ueber,https://www.klinikum.wolfsburg.de/start
Klinikum am Europakanal,https://www.weltzentrum-der-medizintechnik.de/profil/Klinikum+am+Europakanal-9456/ueber,http://www.bezirkskliniken-mfr.de
Klinikum am Plattenwald,https://www.weltzentrum-der-medizintechnik.de/profil/Klinikum+am+Plattenwald-10559/ueber,http://www.slk-kliniken.de/home/
Klinikum der Stadt Ludwigshafen am Rhein gGmbH,https://www.weltzentrum-der-medizintechnik.de/profil/Klinikum+der+Stadt+Ludwigshafen+am+Rhein+gGmbH-9922/ueber,http://www.klilu.de
"Klinikum für Psychiatrie, Psychotherapie und Psychosomatik des Rudolf-Sophien-Stifts",https://www.weltzentrum-der-medizintechnik.de/profil/Klinikum+fuer+Psychiatrie%252C+Psychotherapie+und+Psychosomatik+des+RudolfSophienStifts-10495/ueber,http://www.rrss.de
Klinikum in den Pfeifferschen Stiftungen,https://www.weltzentrum-der-medizintechnik.de/profil/Klinikum+in+den+Pfeifferschen+Stiftungen-11065/ueber,https://www.klinikum-pfeiffer.de/
KlinikumStadtSoest gGmbH,https://www.weltzentrum-der-medizintechnik.de/profil/KlinikumStadtSoest+gGmbH-10092/ueber,http://www.klinikumstadtsoest.de
Klinikverbund Allgäu gGmbH - Klinik Immenstadt,https://www.weltzentrum-der-medizintechnik.de/profil/Klinikverbund+Allgaeu+gGmbH++Klinik+Immenstadt-11103/ueber,https://www.kv-keoa.de
Klinikverbund Allgäu gGmbH - Klinik Oberstdorf,https://www.weltzentrum-der-medizintechnik.de/profil/Klinikverbund+Allgaeu+gGmbH++Klinik+Oberstdorf-11102/ueber,https://www.kv-keoa.de
Klöckner DESMA Elastomertechnik GmbH,https://www.weltzentrum-der-medizintechnik.de/profil/Kloeckner+DESMA+Elastomertechnik+GmbH-287/ueber,http://www.desma.biz
"Knappschaftsklinikum Saar GmbH, Krankenhaus Püttlingen",https://www.weltzentrum-der-medizintechnik.de/profil/Knappschaftsklinikum+Saar+GmbH%252C+Krankenhaus+Puettlingen-10781/ueber,https://kksaar.de/
"Knappschaftsklinikum Saar GmbH, Krankenhaus Sulzbach",https://www.weltzentrum-der-medizintechnik.de/profil/Knappschaftsklinikum+Saar+GmbH%252C+Krankenhaus+Sulzbach-11019/ueber,https://www.kksaar.de/
Knauer & Rösch GmbH,https://www.weltzentrum-der-medizintechnik.de/profil/Knauer+%2526+Roesch+GmbH-1562/ueber,http://www.knauer-roesch.de
Knorre & Molder Medizintechnik GmbH,https://www.weltzentrum-der-medizintechnik.de/profil/Knorre+%2526+Molder+Medizintechnik+GmbH-1563/ueber,https://www.knorre-molder.de
Koewe Medizinbedarf GmbH & Co.KG,https://www.weltzentrum-der-medizintechnik.de/profil/Koewe+Medizinbedarf+GmbH+%2526+Co.KG-1564/ueber,http://www.koewe.com
Kolb Stahl- und Metallhaus GmbH,https://www.weltzentrum-der-medizintechnik.de/profil/Kolb+Stahl+und+Metallhaus+GmbH-620/ueber,http://www.kolb-stahl.de
Kom Med GmbH,https://www.weltzentrum-der-medizintechnik.de/profil/Kom+Med+GmbH-1567/ueber,http://www.kom-med.de
KonMed GmbH,https://www.weltzentrum-der-medizintechnik.de/profil/KonMed+GmbH-394/ueber,http://www.konmed.ch
Konrad Merkt GmbH,https://www.weltzentrum-der-medizintechnik.de/profil/Konrad+Merkt+GmbH-627/ueber,http://www.merkt.de/de/
Koscher & Würtz GmbH,https://www.weltzentrum-der-medizintechnik.de/profil/Koscher+%2526+Wuertz+GmbH+-69/ueber,http://www.koscher-wuertz.de
Krämer Sanitätshäuser OHG,https://www.weltzentrum-der-medizintechnik.de/profil/Kraemer+Sanitaetshaeuser+OHG-1570/ueber,http://www.gesundimnorden.de
Krankenhäuser Nürnberger Land GmbH - Krankenhaus Altdorf,https://www.weltzentrum-der-medizintechnik.de/profil/Krankenhaeuser+Nuernberger+Land+GmbH++Krankenhaus+Altdorf-11007/ueber,https://www.kh-nuernberger-land.de/
Krankenhaus Agatharied GmbH,https://www.weltzentrum-der-medizintechnik.de/profil/Krankenhaus+Agatharied+GmbH-9853/ueber,http://www.khagatharied.de
Krankenhaus Aichach,https://www.weltzentrum-der-medizintechnik.de/profil/Krankenhaus+Aichach-10132/ueber,http://www.klipa.de
Krankenhaus Barmherzige Brüder Regensburg,https://www.weltzentrum-der-medizintechnik.de/profil/Krankenhaus+Barmherzige+Brueder+Regensburg-9430/ueber,http://www.barmherzige-regensburg.de/
Krankenhaus Bethanien Plauen,https://www.weltzentrum-der-medizintechnik.de/profil/Krankenhaus+Bethanien+Plauen-9452/ueber,http://www.bethanien-plauen.de
Krankenhaus Bethanien für die Grafschaft Moers,https://www.weltzentrum-der-medizintechnik.de/profil/Krankenhaus+Bethanien+fuer+die+Grafschaft+Moers-9451/ueber,http://www.bethanien-moers.de
Krankenhaus Bethanien gGmbH,https://www.weltzentrum-der-medizintechnik.de/profil/Krankenhaus+Bethanien+gGmbH-9928/ueber,http://www.klinik-bethanien.de
Krankenhaus Bethel Berlin,https://www.weltzentrum-der-medizintechnik.de/profil/Krankenhaus+Bethel+Berlin-10856/ueber,https://www.bethelnet.de
Krankenhaus Bietigheim,https://www.weltzentrum-der-medizintechnik.de/profil/Krankenhaus+Bietigheim-10474/ueber,http://www.rkh-kliniken.de
Krankenhaus Buchholz,https://www.weltzentrum-der-medizintechnik.de/profil/Krankenhaus+Buchholz-9247/ueber,http://krankenhaus-buchholz.de
Krankenhaus Düren gem. GmbH,https://www.weltzentrum-der-medizintechnik.de/profil/Krankenhaus+Dueren+gem.+GmbH-10156/ueber,http://www.krankenhaus-dueren.de
Krankenhaus Elbroich,https://www.weltzentrum-der-medizintechnik.de/profil/Krankenhaus+Elbroich-10157/ueber,http://www.krankenhaus-elbroich.de
Krankenhaus Emmaus Niesky,https://www.weltzentrum-der-medizintechnik.de/profil/Krankenhaus+Emmaus+Niesky-10180/ueber,http://www.krankenhaus-niesky.de
Krankenhaus Freudenstadt,https://www.weltzentrum-der-medizintechnik.de/profil/Krankenhaus+Freudenstadt-9921/ueber,http://www.klf-web.de
Krankenhaus Friedberg,https://www.weltzentrum-der-medizintechnik.de/profil/Krankenhaus+Friedberg-10131/ueber,http://www.klipa.de
Krankenhaus Grafenau,https://www.weltzentrum-der-medizintechnik.de/profil/Krankenhaus+Grafenau-10918/ueber,https://www.frg-kliniken.de/
Krankenhaus Hardheim,https://www.weltzentrum-der-medizintechnik.de/profil/Krankenhaus+Hardheim-9871/ueber,http://www.khv-ha-wa.de/
Krankenhaus Herrenberg,https://www.weltzentrum-der-medizintechnik.de/profil/Krankenhaus+Herrenberg-10114/ueber,http://www.klinikverbund-suedwest.de/krankenhaus-herrenberg/startseite.html
Krankenhaus Jerusalem,https://www.weltzentrum-der-medizintechnik.de/profil/Krankenhaus+Jerusalem-9238/ueber,http://jerusalem-hamburg.de/
Krankenhaus Johanneum,https://www.weltzentrum-der-medizintechnik.de/profil/Krankenhaus+Johanneum-10167/ueber,http://www.krankenhaus-johanneum.de
Krankenhaus Land Hadeln Otterndorf GmbH,https://www.weltzentrum-der-medizintechnik.de/profil/Krankenhaus+Land+Hadeln+Otterndorf+GmbH-9494/ueber,https://www.krankenhaus-land-hadeln.de/
Krankenhaus Leonberg,https://www.weltzentrum-der-medizintechnik.de/profil/Krankenhaus+Leonberg-10115/ueber,http://www.klinikverbund-suedwest.de/krankenhaus-leonberg/startseite.html
Krankenhaus Lindenbrunn,https://www.weltzentrum-der-medizintechnik.de/profil/Krankenhaus+Lindenbrunn-10174/ueber,http://www.krankenhaus-lindenbrunn.de
Krankenhaus Ludmillenstift,https://www.weltzentrum-der-medizintechnik.de/profil/Krankenhaus+Ludmillenstift-10234/ueber,http://www.ludmillenstift.de
"Krankenhaus Lübbecke-Rahden, Betriebsstelle Lübbecke",https://www.weltzentrum-der-medizintechnik.de/profil/Krankenhaus+LuebbeckeRahden%252C+Betriebsstelle+Luebbecke-11152/ueber,https://www.muehlenkreiskliniken.de/mkk.html
"Krankenhaus Lübbecke-Rahden, Betriebsstelle Rahden",https://www.weltzentrum-der-medizintechnik.de/profil/Krankenhaus+LuebbeckeRahden%252C+Betriebsstelle+Rahden-11153/ueber,https://www.muehlenkreiskliniken.de/mkk.html
Krankenhaus Märkisch Oderland GmbH,https://www.weltzentrum-der-medizintechnik.de/profil/Krankenhaus+Maerkisch+Oderland+GmbH-10176/ueber,http://www.krankenhaus-mol-de
Krankenhaus Märkisch-Oderland GmbH,https://www.weltzentrum-der-medizintechnik.de/profil/Krankenhaus+MaerkischOderland+GmbH-10177/ueber,http://www.krankenhaus-mol-de
Krankenhaus Mainburg,https://www.weltzentrum-der-medizintechnik.de/profil/Krankenhaus+Mainburg-9793/ueber,http://www.ilmtalklinik.de
Krankenhaus Mara gGmbH,https://www.weltzentrum-der-medizintechnik.de/profil/Krankenhaus+Mara+gGmbH-9644/ueber,http://www.evkb.de
Krankenhaus Maria Hilf GmbH,https://www.weltzentrum-der-medizintechnik.de/profil/Krankenhaus+Maria+Hilf+GmbH-10175/ueber,http://www.krankenhaus-maria-hilf.de
Krankenhaus Maria Stern,https://www.weltzentrum-der-medizintechnik.de/profil/Krankenhaus+Maria+Stern-10648/ueber,http://www.verbundkrankenhaus-linz-remagen.de
Krankenhaus Marienstift,https://www.weltzentrum-der-medizintechnik.de/profil/Krankenhaus+Marienstift-10382/ueber,http://www.neuerkerode.de/krankenhaus-marienstift
Krankenhaus Martha-Maria Nürnberg,https://www.weltzentrum-der-medizintechnik.de/profil/Krankenhaus+MarthaMaria+Nuernberg-11134/ueber,https://www.martha-maria.de/krankenhaus-nuernberg.php
Krankenhaus Mechernich,https://www.weltzentrum-der-medizintechnik.de/profil/Krankenhaus+Mechernich-9902/ueber,http://www.kkhm.de
Krankenhaus Mühlacker,https://www.weltzentrum-der-medizintechnik.de/profil/Krankenhaus+Muehlacker-11206/ueber,https://www.rkh-kliniken.de/kliniken-zentren/unsere-kliniken/krankenhaus-muehlacker/
Krankenhaus Neuenbürg,https://www.weltzentrum-der-medizintechnik.de/profil/Krankenhaus+Neuenbuerg-11207/ueber,https://www.rkh-kliniken.de/kliniken-zentren/unsere-kliniken/krankenhaus-neuenbuerg/
"Krankenhaus Neuwerk ""Maria von den Aposteln"" gGmbH",https://www.weltzentrum-der-medizintechnik.de/profil/Krankenhaus+Neuwerk+%2522Maria+von+den+Aposteln%2522+gGmbH-11006/ueber,https://www.kh-neuwerk.de
"Krankenhaus Neuwittelsbach, Fachklinik für Innere Medizin",https://www.weltzentrum-der-medizintechnik.de/profil/Krankenhaus+Neuwittelsbach%252C+Fachklinik+fuer+Innere+Medizin-10179/ueber,http://www.krankenhaus-neuwittelsbach.de
Krankenhaus Nordwest,https://www.weltzentrum-der-medizintechnik.de/profil/Krankenhaus+Nordwest-10182/ueber,http://www.krankenhaus-nordwest.de/
Krankenhaus Porz am Rhein gGmbH,https://www.weltzentrum-der-medizintechnik.de/profil/Krankenhaus+Porz+am+Rhein+gGmbH-11009/ueber,https://www.khporz.de/
Krankenhaus Reinbek St. Adolf-Stift GmbH,https://www.weltzentrum-der-medizintechnik.de/profil/Krankenhaus+Reinbek+St.+AdolfStift+GmbH-10187/ueber,http://www.krankenhaus-reinbek.de
Krankenhaus Rheiderland,https://www.weltzentrum-der-medizintechnik.de/profil/Krankenhaus+Rheiderland-10188/ueber,http://www.krankenhaus-rheiderland.de
Krankenhaus Rotes Kreuz Lübeck -Geriatriezentrum,https://www.weltzentrum-der-medizintechnik.de/profil/Krankenhaus+Rotes+Kreuz+Luebeck+Geriatriezentrum-9693/ueber,http://www.geriatrie-luebeck.de
Krankenhaus Rotthalmünster,https://www.weltzentrum-der-medizintechnik.de/profil/Krankenhaus+Rotthalmuenster-9234/ueber,http://ge-passau.de/
Krankenhaus Saarlouis vom DRK,https://www.weltzentrum-der-medizintechnik.de/profil/Krankenhaus+Saarlouis+vom+DRK-10899/ueber,https://www.drk-kliniken-saar.de/sr/saarlouis/
Krankenhaus Sachsenhausen,https://www.weltzentrum-der-medizintechnik.de/profil/Krankenhaus+Sachsenhausen-10190/ueber,https://www.krankenhaus-sachsenhausen.de/
Krankenhaus Salem derEvang. Stadtmission Heidelberg gGmbH,https://www.weltzentrum-der-medizintechnik.de/profil/Krankenhaus+Salem+derEvang.+Stadtmission+Heidelberg+gGmbH-10191/ueber,http://www.krankenhaus-salem.de
Krankenhaus Schleiden,https://www.weltzentrum-der-medizintechnik.de/profil/Krankenhaus+Schleiden-9903/ueber,http://www.kkhm.de
Krankenhaus Schongau,https://www.weltzentrum-der-medizintechnik.de/profil/Krankenhaus+Schongau-10791/ueber,https://meinkrankenhaus2030.de
Krankenhaus Schwabach gGmbH,https://www.weltzentrum-der-medizintechnik.de/profil/Krankenhaus+Schwabach+gGmbH-10192/ueber,http://www.krankenhaus-schwabach.de
Krankenhaus Spremberg Tagesklinik Guben,https://www.weltzentrum-der-medizintechnik.de/profil/Krankenhaus+Spremberg+Tagesklinik+Guben-10194/ueber,http://www.krankenhaus-spremberg.de
Krankenhaus Spremberg Tagesklinik Spremberg,https://www.weltzentrum-der-medizintechnik.de/profil/Krankenhaus+Spremberg+Tagesklinik+Spremberg-10195/ueber,http://www.krankenhaus-spremberg.de
Krankenhaus Spremberg,https://www.weltzentrum-der-medizintechnik.de/profil/Krankenhaus+Spremberg-10193/ueber,http://www.krankenhaus-spremberg.de
Krankenhaus St. Barbara,https://www.weltzentrum-der-medizintechnik.de/profil/Krankenhaus+St.+Barbara-9226/ueber,http://barmherzige-schwandorf.de/
Krankenhaus St. Elisabeth gGmbH,https://www.weltzentrum-der-medizintechnik.de/profil/Krankenhaus+St.+Elisabeth+gGmbH-10154/ueber,http://www.krankenhaus-damme.de
Krankenhaus St. Marienstift Magdeburg GmbH,https://www.weltzentrum-der-medizintechnik.de/profil/Krankenhaus+St.+Marienstift+Magdeburg+GmbH-11282/ueber,https://www.st-marienstift.de
Krankenhaus St. Marienwörth,https://www.weltzentrum-der-medizintechnik.de/profil/Krankenhaus+St.+Marienwoerth-10602/ueber,http://www.st-marienwoerth.de
Krankenhaus Stockach,https://www.weltzentrum-der-medizintechnik.de/profil/Krankenhaus+Stockach-10198/ueber,http://www.krankenhaus-stockach.de
Krankenhaus Tabea,https://www.weltzentrum-der-medizintechnik.de/profil/Krankenhaus+Tabea-11283/ueber,https://www.tabea-fachklinik.de
Krankenhaus Tauberbischofsheim,https://www.weltzentrum-der-medizintechnik.de/profil/Krankenhaus+Tauberbischofsheim-9870/ueber,http://www.khtbb.de/khtbb/index.php
Krankenhaus Vilshofen,https://www.weltzentrum-der-medizintechnik.de/profil/Krankenhaus+Vilshofen-9233/ueber,http://ge-passau.de/
Krankenhaus Waldfriede e.V.,https://www.weltzentrum-der-medizintechnik.de/profil/Krankenhaus+Waldfriede+e.V.-10201/ueber,http://www.krankenhaus-waldfriede.de
Krankenhaus Wegscheid,https://www.weltzentrum-der-medizintechnik.de/profil/Krankenhaus+Wegscheid-9232/ueber,http://ge-passau.de/
Krankenhaus Wittmund gGmbH,https://www.weltzentrum-der-medizintechnik.de/profil/Krankenhaus+Wittmund+gGmbH-10779/ueber,https://kh-wtm.de/
Krankenhaus Zum Guten Hirten,https://www.weltzentrum-der-medizintechnik.de/profil/Krankenhaus+Zum+Guten+Hirten-9725/ueber,http://www.guterhirte-ludwigshafen.de
Krankenhaus der Barmherzigen Brüder Trier,https://www.weltzentrum-der-medizintechnik.de/profil/Krankenhaus+der+Barmherzigen+Brueder+Trier-9478/ueber,http://www.bk-trier.de
Krankenhaus für Naturheilweisen,https://www.weltzentrum-der-medizintechnik.de/profil/Krankenhaus+fuer+Naturheilweisen-10178/ueber,http://www.krankenhaus-naturheilweisen.de
"Krankenhaus für Psychiatrie, Psychotherapie und Psychosomatische Medizin",https://www.weltzentrum-der-medizintechnik.de/profil/Krankenhaus+fuer+Psychiatrie%252C+Psychotherapie+und+Psychosomatische+Medizin-9868/ueber,http://www.kh-schloss-werneck.de
Krankenhaus vom Roten Kreuz Bad Cannstatt GmbH,https://www.weltzentrum-der-medizintechnik.de/profil/Krankenhaus+vom+Roten+Kreuz+Bad+Cannstatt+GmbH-11241/ueber,https://www.sana.de/rkk-stuttgart
Krankenhaus-Service-Zentrum MT,https://www.weltzentrum-der-medizintechnik.de/profil/KrankenhausServiceZentrum+MT-1572/ueber,http://www.ksz-herne.de
Krankenhaus-Service-Zentrum für Medizintechnik Hadert GmbH,https://www.weltzentrum-der-medizintechnik.de/profil/KrankenhausServiceZentrum+fuer+Medizintechnik+Hadert+GmbH-1571/ueber,http://www.ksz-hadert.de
Krause Praxissysteme GmbH,https://www.weltzentrum-der-medizintechnik.de/profil/Krause+Praxissysteme+GmbH-1573/ueber,http://www.krause-digital.de
Kreidler Medizintechnik GmbH,https://www.weltzentrum-der-medizintechnik.de/profil/Kreidler+Medizintechnik+GmbH-152/ueber,http://www.kreidler-medizintechnik.de/
Kreisklinik Berchtesgaden,https://www.weltzentrum-der-medizintechnik.de/profil/Kreisklinik+Berchtesgaden-9959/ueber,http://www.kliniken-suedostbayern.de/de/leistungsspektrum/kreisklinik-berchtesgaden.htm
Kreisklinik Ebersberg gemeinnützige GmbH,https://www.weltzentrum-der-medizintechnik.de/profil/Kreisklinik+Ebersberg+gemeinnuetzige+GmbH-11025/ueber,https://www.klinik-ebe.de
Kreisklinik Freilassing,https://www.weltzentrum-der-medizintechnik.de/profil/Kreisklinik+Freilassing-9960/ueber,http://www.kliniken-suedostbayern.de/de/leistungsspektrum/kreisklinik-freilassing.htm
Kreisklinik Groß-Gerau GmbH,https://www.weltzentrum-der-medizintechnik.de/profil/Kreisklinik+GrossGerau+GmbH-10210/ueber,http://www.kreisklinik-gg.de
Kreisklinik Krumbach,https://www.weltzentrum-der-medizintechnik.de/profil/Kreisklinik+Krumbach-11026/ueber,https://www.kliniken-gz-kru.de
Kreisklinik Mindelheim,https://www.weltzentrum-der-medizintechnik.de/profil/Kreisklinik+Mindelheim-11087/ueber,https://www.kreiskliniken-unterallgaeu.de
Kreisklinik Ottobeuren,https://www.weltzentrum-der-medizintechnik.de/profil/Kreisklinik+Ottobeuren-11088/ueber,https://www.kreiskliniken-unterallgaeu.de
Kreisklinik Roth,https://www.weltzentrum-der-medizintechnik.de/profil/Kreisklinik+Roth-10788/ueber,https://kreisklinik-roth.de
Kreisklinik St. Elisabeth,https://www.weltzentrum-der-medizintechnik.de/profil/Kreisklinik+St.+Elisabeth-9858/ueber,http://www.khdw.de
Kreisklinik Trostberg,https://www.weltzentrum-der-medizintechnik.de/profil/Kreisklinik+Trostberg-9962/ueber,http://www.kliniken-suedostbayern.de/de/leistungsspektrum/kreisklinik-trostberg.htm
Kreisklinik Wertingen,https://www.weltzentrum-der-medizintechnik.de/profil/Kreisklinik+Wertingen-11005/ueber,https://www.khdw.de
Kreisklinik Wörth an der Donau,https://www.weltzentrum-der-medizintechnik.de/profil/Kreisklinik+Woerth+an+der+Donau-11090/ueber,https://www.kreisklinik-woerth.de/
Kreisklinik Wolfratshausen gGmbH,https://www.weltzentrum-der-medizintechnik.de/profil/Kreisklinik+Wolfratshausen+gGmbH-11091/ueber,https://www.kreisklinik-wolfratshausen.de
Kreiskliniken Calw,https://www.weltzentrum-der-medizintechnik.de/profil/Kreiskliniken+Calw-10117/ueber,http://www.klinikverbund-suedwest.de/kreisklinikum-calw-nagold/startseite.html
"Kreiskliniken Günzburg-Krumbach, Klinik Günzburg",https://www.weltzentrum-der-medizintechnik.de/profil/Kreiskliniken+GuenzburgKrumbach%252C+Klinik+Guenzburg-9940/ueber,http://www.kliniken-gz-kru.de
Kreiskliniken des Landkreises Mühldorf a. Inn GmbH - Klinik Haag,https://www.weltzentrum-der-medizintechnik.de/profil/Kreiskliniken+des+Landkreises+Muehldorf+a.+Inn+GmbH++Klinik+Haag-10989/ueber,https://www.innklinikum.de
Kreiskrankenhaus Bergstraße - eine Einrichtung des Universitätsklinikums Heidelberg,https://www.weltzentrum-der-medizintechnik.de/profil/Kreiskrankenhaus+Bergstrasse++eine+Einrichtung+des+Universitaetsklinikums+Heidelberg+-9896/ueber,http://www.kkh-bergstrasse.de
Kreiskrankenhaus Delitzsch GmbH - Standort Delitzsch,https://www.weltzentrum-der-medizintechnik.de/profil/Kreiskrankenhaus+Delitzsch+GmbH++Standort+Delitzsch-9932/ueber,http://www.Klinik-delitzsch.de/
Kreiskrankenhaus Delitzsch GmbH - Standort Eilenburg,https://www.weltzentrum-der-medizintechnik.de/profil/Kreiskrankenhaus+Delitzsch+GmbH++Standort+Eilenburg-9933/ueber,http://www.Klinik-delitzsch.de/
Kreiskrankenhaus Demmin GmbH,https://www.weltzentrum-der-medizintechnik.de/profil/Kreiskrankenhaus+Demmin+GmbH-9897/ueber,http://www.kkh-demmin.de
Kreiskrankenhaus Emmendingen,https://www.weltzentrum-der-medizintechnik.de/profil/Kreiskrankenhaus+Emmendingen-10158/ueber,http://www.krankenhaus-emmendingen.de
Kreiskrankenhaus Frankenberg,https://www.weltzentrum-der-medizintechnik.de/profil/Kreiskrankenhaus+Frankenberg-10161/ueber,http://www.krankenhaus-frankenberg.de
Kreiskrankenhaus Freiberg - Standort Mittweida,https://www.weltzentrum-der-medizintechnik.de/profil/Kreiskrankenhaus+Freiberg++Standort+Mittweida-11107/ueber,https://www.lmkgmbh.de/LMK/fachbereiche/kinder-und-jugendmedizin/
Kreiskrankenhaus Freiberg,https://www.weltzentrum-der-medizintechnik.de/profil/Kreiskrankenhaus+Freiberg-11015/ueber,https://www.kkh-freiberg.com/
Kreiskrankenhaus Greiz GmbH,https://www.weltzentrum-der-medizintechnik.de/profil/Kreiskrankenhaus+Greiz+GmbH-9773/ueber,http://www.hospital-greiz.de
Kreiskrankenhaus Höchstadt,https://www.weltzentrum-der-medizintechnik.de/profil/Kreiskrankenhaus+Hoechstadt-10211/ueber,http://www.kreiskrankenhaus-hoechstadt.de
Kreiskrankenhaus Johann Kentmann gGmbH,https://www.weltzentrum-der-medizintechnik.de/profil/Kreiskrankenhaus+Johann+Kentmann+gGmbH-9907/ueber,http://www.kkh-torgau.de/
Kreiskrankenhaus Osterholz,https://www.weltzentrum-der-medizintechnik.de/profil/Kreiskrankenhaus+Osterholz-11093/ueber,https://www.kreiskrankenhaus-osterholz.de
Kreiskrankenhaus Prignitz gemeinnützige GmbH,https://www.weltzentrum-der-medizintechnik.de/profil/Kreiskrankenhaus+Prignitz+gemeinnuetzige+GmbH-10185/ueber,http://www.krankenhaus-prignitz.de
Kreiskrankenhaus Rheinfelden,https://www.weltzentrum-der-medizintechnik.de/profil/Kreiskrankenhaus+Rheinfelden-10129/ueber,http://www.klinloe.de
Kreiskrankenhaus Ronneburg,https://www.weltzentrum-der-medizintechnik.de/profil/Kreiskrankenhaus+Ronneburg-10189/ueber,http://www.krankenhaus-ronneburg.de
Kreiskrankenhaus Schleiz GmbH,https://www.weltzentrum-der-medizintechnik.de/profil/Kreiskrankenhaus+Schleiz+GmbH-9774/ueber,http://www.hospital-schleiz.de
Kreiskrankenhaus Schopfheim,https://www.weltzentrum-der-medizintechnik.de/profil/Kreiskrankenhaus+Schopfheim-10130/ueber,http://www.klinloe.de/
Kreiskrankenhaus Schrobenhausen GmbH,https://www.weltzentrum-der-medizintechnik.de/profil/Kreiskrankenhaus+Schrobenhausen+GmbH-9239/ueber,http://kkh-sob.de
Kreiskrankenhaus St. Franziskus Saarburg GmbH,https://www.weltzentrum-der-medizintechnik.de/profil/Kreiskrankenhaus+St.+Franziskus+Saarburg+GmbH-11010/ueber,https://www.kh-saarburg.de
Kreiskrankenhaus St. Ingbert GmbH,https://www.weltzentrum-der-medizintechnik.de/profil/Kreiskrankenhaus+St.+Ingbert+GmbH-11092/ueber,https://www.kreiskrankenhaus.saarland/
Kreiskrankenhaus Stollberg gGmbH,https://www.weltzentrum-der-medizintechnik.de/profil/Kreiskrankenhaus+Stollberg+gGmbH-11016/ueber,https://www.kkh-stollberg.de
Kreiskrankenhaus Weißwasser gGmbH,https://www.weltzentrum-der-medizintechnik.de/profil/Kreiskrankenhaus+Weisswasser+gGmbH-10212/ueber,http://www.kreiskrankenhaus-weisswasser.de/
Kreiskrankenhaus des Vogelsbergkreises in Alsfeld GmbH,https://www.weltzentrum-der-medizintechnik.de/profil/Kreiskrankenhaus+des+Vogelsbergkreises+in+Alsfeld+GmbH-11014/ueber,https://www.kkh-alsfeld.de/
Kreisz Medizin Technik GmbH,https://www.weltzentrum-der-medizintechnik.de/profil/Kreisz+Medizin+Technik+GmbH-1574/ueber,http://www.kreisz-medizintechnik.de
Kress GmbH,https://www.weltzentrum-der-medizintechnik.de/profil/Kress+GmbH-1575/ueber,http://www.kress-hoesbach.de
Kröber Homecare GmbH,https://www.weltzentrum-der-medizintechnik.de/profil/Kroeber+Homecare+GmbH-1576/ueber,http://kroeber-homecare.de
Kubinger Oxyrent-Medizin-Technik e.K.,https://www.weltzentrum-der-medizintechnik.de/profil/Kubinger+OxyrentMedizinTechnik+e.K.-1583/ueber,http://www.kubinger-oxyrent.de
Kunststoff Christel GmbH & Co. KG,https://www.weltzentrum-der-medizintechnik.de/profil/Kunststoff+Christel+GmbH+%2526+Co.+KG-2468/ueber,https://www.kunststoff-christel.de/
Kunststoff Institut Südwest GmbH & Co. KG,https://www.weltzentrum-der-medizintechnik.de/profil/Kunststoff+Institut+Suedwest+GmbH+%2526+Co.+KG-521/ueber,http://www.kunststoff-institut.de
Kunststoffbeschichtungen Linder GmbH,https://www.weltzentrum-der-medizintechnik.de/profil/Kunststoffbeschichtungen+Linder+GmbH-262/ueber,http://www.kunststoffbeschichtungen-linder.de
Kuntze Röntgentechnik GmbH,https://www.weltzentrum-der-medizintechnik.de/profil/Kuntze+Roentgentechnik+GmbH-1584/ueber,http://www.kuntze-med.de
Légère Hotel Tuttlingen,https://www.weltzentrum-der-medizintechnik.de/profil/L%25C3%25A9g%25C3%25A8re+Hotel+Tuttlingen-318/ueber,http://www.legere.online/tuttlingen
LACTA Mietbrustpumpen GmbH,https://www.weltzentrum-der-medizintechnik.de/profil/LACTA+Mietbrustpumpen+GmbH-1590/ueber,http://www.lacta.de
LB Engineering GbR,https://www.weltzentrum-der-medizintechnik.de/profil/LB+Engineering+GbR-1594/ueber,http://www.lb-e.de
"LEKIS Therapiematerial und Spiele, Sylvia Watzek e. K.",https://www.weltzentrum-der-medizintechnik.de/profil/LEKIS+Therapiematerial+und+Spiele%252C+Sylvia+Watzek+e.+K.-1596/ueber,http://www.lekis.de
LINK Elektrische Bauelemente GmbH,https://www.weltzentrum-der-medizintechnik.de/profil/LINK+Elektrische+Bauelemente+GmbH-2403/ueber,http://www.link-gmbh.de
LISCHKA GmbH,https://www.weltzentrum-der-medizintechnik.de/profil/LISCHKA+GmbH-1605/ueber,https://made-by-lischka.de/de/
LMT Medical SystemsGmbH,https://www.weltzentrum-der-medizintechnik.de/profil/LMT+Medical+SystemsGmbH-1611/ueber,http://lammersmedical.com
LMU Klinikum,https://www.weltzentrum-der-medizintechnik.de/profil/LMU+Klinikum-2732/ueber,http://www.klinikum.uni-muenchen.de
LPK GmbH Krankenhaus-Bedarfs GmbH,https://www.weltzentrum-der-medizintechnik.de/profil/LPK+GmbH+KrankenhausBedarfs+GmbH-1621/ueber,http://www.lpk-online.de
LRE Medical GmbH,https://www.weltzentrum-der-medizintechnik.de/profil/LRE+Medical+GmbH-2467/ueber,https://www.lre.de/
LS medcap GmbH,https://www.weltzentrum-der-medizintechnik.de/profil/LS+medcap+GmbH-613/ueber,https://lsmedcap.com
LST-Laserschneidtechnik GmbH,https://www.weltzentrum-der-medizintechnik.de/profil/LSTLaserschneidtechnik+GmbH-1623/ueber,http://www.lstgmbh.de
LT technologies GmbH & Co. KG,https://www.weltzentrum-der-medizintechnik.de/profil/LT+technologies+GmbH+%2526+Co.+KG-601/ueber,http://www.lt-technologies.de
LVR-Klinik Bedburg-Hau,https://www.weltzentrum-der-medizintechnik.de/profil/LVRKlinik+BedburgHau-9926/ueber,http://www.klinik-bedburg-hau.lvr.de
LVR-Klinik Bonn,https://www.weltzentrum-der-medizintechnik.de/profil/LVRKlinik+Bonn-9930/ueber,http://www.klinik-bonn.lvr.de
LVR-Klinik Düren,https://www.weltzentrum-der-medizintechnik.de/profil/LVRKlinik+Dueren-9938/ueber,http://www.klinik-dueren.lvr.de
LVR-Klinik Köln,https://www.weltzentrum-der-medizintechnik.de/profil/LVRKlinik+Koeln-9973/ueber,http://www.klinik-koeln.lvr.de
LVR-Klinikum Düsseldorf - Kliniken der Heinrich-Heine-Universität Düsseldorf,https://www.weltzentrum-der-medizintechnik.de/profil/LVRKlinikum+Duesseldorf++Kliniken+der+HeinrichHeineUniversitaet+Duesseldorf-10027/ueber,http://www.klinikum-duesseldorf.lvr.de
LVR-Klinikum Essen,https://www.weltzentrum-der-medizintechnik.de/profil/LVRKlinikum+Essen-10030/ueber,http://www.klinikum-essen.lvr.de
LWL Klinik Marl-Sinsen Tagesklinik Borken,https://www.weltzentrum-der-medizintechnik.de/profil/LWL+Klinik+MarlSinsen+Tagesklinik+Borken-10962/ueber,https://www.haardklinik.lwl.org/de/therapie-behandlung/tageskliniken/tagesklinik-borken/
LWL Klinik Marl-Sinsen Tagesklinik Bottrop,https://www.weltzentrum-der-medizintechnik.de/profil/LWL+Klinik+MarlSinsen+Tagesklinik+Bottrop-10963/ueber,https://www.haardklinik.lwl.org/de/therapie-behandlung/tageskliniken/tagesklinik-bottrop/
LWL Klinik Marl-Sinsen Tagesklinik Coesfeld,https://www.weltzentrum-der-medizintechnik.de/profil/LWL+Klinik+MarlSinsen+Tagesklinik+Coesfeld-10964/ueber,https://www.haardklinik.lwl.org/de/therapie-behandlung/tageskliniken/tagesklinik-coesfeld/
LWL Klinik Marl-Sinsen Tagesklinik Gronau,https://www.weltzentrum-der-medizintechnik.de/profil/LWL+Klinik+MarlSinsen+Tagesklinik+Gronau-10965/ueber,https://www.haardklinik.lwl.org/de/therapie-behandlung/tageskliniken/tagesklinik-gronau/
LWL Klinik Marl-Sinsen Tagesklinik Herne,https://www.weltzentrum-der-medizintechnik.de/profil/LWL+Klinik+MarlSinsen+Tagesklinik+Herne-10966/ueber,https://www.haardklinik.lwl.org/de/therapie-behandlung/tageskliniken/tagesklinik-herne/
LWL Klinik Marl-Sinsen Tagesklinik Recklinghausen,https://www.weltzentrum-der-medizintechnik.de/profil/LWL+Klinik+MarlSinsen+Tagesklinik+Recklinghausen-10967/ueber,https://www.haardklinik.lwl.org/de/therapie-behandlung/tageskliniken/tagesklinik-recklinghausen/
LWL-Klinik Dependance Unna,https://www.weltzentrum-der-medizintechnik.de/profil/LWLKlinik+Dependance+Unna-9213/ueber,http://www.lwl.org
LWL-Klinik Dortmund Psychiatrie - Psychotherapie - Psychosomatische Medizin - Rehabilitation - Präve,https://www.weltzentrum-der-medizintechnik.de/profil/LWLKlinik+Dortmund+Psychiatrie++Psychotherapie++Psychosomatische+Medizin++Rehabilitation++Praeve-11115/ueber,https://www.lwl-klinik-dortmund.de/de/
LWL-Klinik Hemer- Hans-Prinzhorn Klinik,https://www.weltzentrum-der-medizintechnik.de/profil/LWLKlinik+Hemer+HansPrinzhorn+Klinik-9237/ueber,http://hans-prinzhorn-klinik.de/
LWL-Klinik Herten - Tagesklinik Dorsten,https://www.weltzentrum-der-medizintechnik.de/profil/LWLKlinik+Herten++Tagesklinik+Dorsten-11119/ueber,https://www.lwl-klinik-herten.de/unsere-einrichtungen/tageskliniken/tagesklinik-dorsten
LWL-Klinik Herten - Tagesklinik Haltern,https://www.weltzentrum-der-medizintechnik.de/profil/LWLKlinik+Herten++Tagesklinik+Haltern-11120/ueber,https://www.lwl-klinik-herten.de/unsere-einrichtungen/tageskliniken/tagesklinik-haltern
LWL-Klinik Herten,https://www.weltzentrum-der-medizintechnik.de/profil/LWLKlinik+Herten-10251/ueber,http://www.lwl-klinik-herten.de
LWL-Klinik Lengerich Standort Rheine,https://www.weltzentrum-der-medizintechnik.de/profil/LWLKlinik+Lengerich+Standort+Rheine-10252/ueber,http://www.lwl-klinik-lengerich.de
LWL-Klinik Lengerich,https://www.weltzentrum-der-medizintechnik.de/profil/LWLKlinik+Lengerich-10254/ueber,http://www.lwl-klinik-lengerich.de
"LWL-Klinik Marl-Sinsen, Haardklinik Kinder- und Jugendpsychiatrie – Psychotherapie –Psychosomatik",https://www.weltzentrum-der-medizintechnik.de/profil/LWLKlinik+MarlSinsen%252C+Haardklinik+Kinder+und+Jugendpsychiatrie+%25E2%2580%2593+Psychotherapie+%25E2%2580%2593Psychosomatik-11352/ueber,https://www.lwl.org
LWL-Klinik Marsberg - Standort Marsberg,https://www.weltzentrum-der-medizintechnik.de/profil/LWLKlinik+Marsberg++Standort+Marsberg-10257/ueber,http://www.lwl-klinik-marsberg.de
LWL-Klinik Marsberg - Standort Schmallenberg-Fredeburg,https://www.weltzentrum-der-medizintechnik.de/profil/LWLKlinik+Marsberg++Standort+SchmallenbergFredeburg-11111/ueber,https://www.lwl.org/LWL/Gesundheit/psychiatrieverbund/K/klinik_marsberg/teilstat_behandlung/tagesklinik_schmallenberg
LWL-Klinik Marsberg (Kinder- u. Jugendpsychiatrie) - Standort Höxter,https://www.weltzentrum-der-medizintechnik.de/profil/LWLKlinik+Marsberg+Kinder+u.+Jugendpsychiatrie++Standort+Hoexter-11112/ueber,https://www.lwl.org/LWL/Gesundheit/psychiatrieverbund/K/klinik_marsberg_ki_u_ju_psychiatrie/teilstat_behandlung/tagesklinik_hoexter
LWL-Klinik Marsberg (Kinder- u. Jugendpsychiatrie) - Standort Meschede,https://www.weltzentrum-der-medizintechnik.de/profil/LWLKlinik+Marsberg+Kinder+u.+Jugendpsychiatrie++Standort+Meschede-11113/ueber,https://www.lwl-jugendpsychiatrie-marsberg.de/de/fur-patienteninnen/teilstat_behandlung/tagesklinik_mesch/
LWL-Klinik Marsberg (Kinder- u. Jugendpsychiatrie),https://www.weltzentrum-der-medizintechnik.de/profil/LWLKlinik+Marsberg+Kinder+u.+Jugendpsychiatrie-10248/ueber,http://www.lwl.org/LWL/Gesundheit/psychiatrieverbund/K/klinik_marsberg_ki_u_ju_psychiatrie/
LWL-Klinik Paderborn - Standort Agathastraße,https://www.weltzentrum-der-medizintechnik.de/profil/LWLKlinik+Paderborn++Standort+Agathastrasse-10258/ueber,http://www.lwl-klinik-paderborn.de
LWL-Klinik Paderborn - Standort Leostraße,https://www.weltzentrum-der-medizintechnik.de/profil/LWLKlinik+Paderborn++Standort+Leostrasse-10259/ueber,http://www.lwl-klinik-paderborn.de
LWL-Klinik Paderborn - Standort Mallinckrodtstraße,https://www.weltzentrum-der-medizintechnik.de/profil/LWLKlinik+Paderborn++Standort+Mallinckrodtstrasse-10260/ueber,http://www.lwl-klinik-paderborn.de
LWL-Klinik Paderborn - Standort Salzkotten,https://www.weltzentrum-der-medizintechnik.de/profil/LWLKlinik+Paderborn++Standort+Salzkotten-10261/ueber,http://www.lwl-klinik-paderborn.de
LWL-Klinik für Psychiatrie und Psychotherapie Lippstadt,https://www.weltzentrum-der-medizintechnik.de/profil/LWLKlinik+fuer+Psychiatrie+und+Psychotherapie+Lippstadt-10256/ueber,http://www.lwl-klinik-lippstadt.de/de/
LWL-Klinik für Psychiatrie und Psychotherapie Warstein,https://www.weltzentrum-der-medizintechnik.de/profil/LWLKlinik+fuer+Psychiatrie+und+Psychotherapie+Warstein-10262/ueber,http://www.lwl-klinik-warstein.de/de/
LWL-Klinikum Gütersloh,https://www.weltzentrum-der-medizintechnik.de/profil/LWLKlinikum+Guetersloh-10249/ueber,http://www.lwl-klinik-guetersloh.de
LWL-Klinikum Tagesklinik Halle,https://www.weltzentrum-der-medizintechnik.de/profil/LWLKlinikum+Tagesklinik+Halle-10250/ueber,http://www.lwl-klinik-guetersloh.de
LWL-Tagesklinik Bergkamen,https://www.weltzentrum-der-medizintechnik.de/profil/LWLTagesklinik+Bergkamen-11116/ueber,https://www.lwl-klinik-dortmund.de/de/
LWL-Tagesklinik Brackel,https://www.weltzentrum-der-medizintechnik.de/profil/LWLTagesklinik+Brackel-9214/ueber,http://www.lwl.org
LWL-Tagesklinik Dortmund,https://www.weltzentrum-der-medizintechnik.de/profil/LWLTagesklinik+Dortmund-9215/ueber,http://www.lwl.org
LWL-Tagesklinik Lünen,https://www.weltzentrum-der-medizintechnik.de/profil/LWLTagesklinik+Luenen-11117/ueber,https://www.lwl-klinik-dortmund.de/de/
LWL-Tagesklinik Unna,https://www.weltzentrum-der-medizintechnik.de/profil/LWLTagesklinik+Unna-11118/ueber,https://www.lwl-klinik-dortmund.de/de/
LWL-Universitätsklinik Hamm/ Tagesklinik Bergkamen,https://www.weltzentrum-der-medizintechnik.de/profil/LWLUniversitaetsklinik+Hamm+Tagesklinik+Bergkamen-10264/ueber,http://www.lwl-uk-hamm.de
LWL-Universitätsklinik Hamm/ Tagesklinik Soest,https://www.weltzentrum-der-medizintechnik.de/profil/LWLUniversitaetsklinik+Hamm+Tagesklinik+Soest-10266/ueber,http://www.lwl-uk-hamm.de
LWL-Universitätsklinik Hamm/ Tagesklinik Warendorf,https://www.weltzentrum-der-medizintechnik.de/profil/LWLUniversitaetsklinik+Hamm+Tagesklinik+Warendorf-10267/ueber,http://www.lwl-uk-hamm.de
LWL-Universitätsklinik Hamm,https://www.weltzentrum-der-medizintechnik.de/profil/LWLUniversitaetsklinik+Hamm-10268/ueber,http://www.lwl-uk-hamm.de
LWL-Universitätsklinikum Bochum,https://www.weltzentrum-der-medizintechnik.de/profil/LWLUniversitaetsklinikum+Bochum-10263/ueber,http://www.lwl-uk-bochum.de/
LWL-Universitätsklink Hamm/ Tagesklinik Rheda-Wiedenbrück,https://www.weltzentrum-der-medizintechnik.de/profil/LWLUniversitaetsklink+Hamm+Tagesklinik+RhedaWiedenbrueck-10265/ueber,http://www.lwl-uk-hamm.de
LabTec Labortechnik GmbH,https://www.weltzentrum-der-medizintechnik.de/profil/LabTec+Labortechnik+GmbH-11379/ueber,http://www.labtec-online.de
"Labomedic, Gesellschaft für Medizin- und Laborbedarf mbH",https://www.weltzentrum-der-medizintechnik.de/profil/Labomedic%252C+Gesellschaft+fuer+Medizin+und+Laborbedarf+mbH-1586/ueber,http://www.labomedic.de
Labor Dr. Spranger,https://www.weltzentrum-der-medizintechnik.de/profil/Labor+Dr.+Spranger-1587/ueber,http://www.ingolab.de
LaborMedizinHandel Zwickau GmbH,https://www.weltzentrum-der-medizintechnik.de/profil/LaborMedizinHandel+Zwickau+GmbH-1589/ueber,http://www.laborhandel-zwickau.de
Laborie,https://www.weltzentrum-der-medizintechnik.de/profil/Laborie-1588/ueber,http://www.mms-deutschland.de
Landkreis Schwäbisch Hall Klinikum gGmbH,https://www.weltzentrum-der-medizintechnik.de/profil/Landkreis+Schwaebisch+Hall+Klinikum+gGmbH-10021/ueber,http://www.klinikum-crailsheim.de
Lasertechnik Wünsch,https://www.weltzentrum-der-medizintechnik.de/profil/Lasertechnik+Wuensch-1593/ueber,http://lasertechnikwuensch.de/index.html?PHPSESSID=7b7de01da53354f11a121bc8d522f080
Laudenbach Formtechnik GmbH & Co. KG,https://www.weltzentrum-der-medizintechnik.de/profil/Laudenbach+Formtechnik+GmbH+%2526+Co.+KG-353/ueber,http://www.laudenbach-gear-producer.de
Lausitz Klinik Forst GmbH,https://www.weltzentrum-der-medizintechnik.de/profil/Lausitz+Klinik+Forst+GmbH-10227/ueber,http://www.lausitzklinik.de
Lausitzer Seenland Klinikum GmbH,https://www.weltzentrum-der-medizintechnik.de/profil/Lausitzer+Seenland+Klinikum+GmbH-10543/ueber,http://www.seenlandklinikum.de
Leicht Medizintechnik,https://www.weltzentrum-der-medizintechnik.de/profil/Leicht+Medizintechnik-796/ueber,http://www.leicht-medizintechnik.de/
Leopoldina-Krankenhaus,https://www.weltzentrum-der-medizintechnik.de/profil/LeopoldinaKrankenhaus-10228/ueber,http://www.leopoldina-krankenhaus.com
LiPSdiag GmbH,https://www.weltzentrum-der-medizintechnik.de/profil/LiPSdiag+GmbH-1604/ueber,http://www.lipsdiag.com
Libomed Medizinprodukte Geschäftsführer Herr Michael Borkowski,https://www.weltzentrum-der-medizintechnik.de/profil/Libomed+Medizinprodukte+Geschaeftsfuehrer+Herr+Michael+Borkowski-1602/ueber,http://www.libomed.de
Liebenau Kliniken gemeinnützige GmbH | St. Lukas-Klinik,https://www.weltzentrum-der-medizintechnik.de/profil/Liebenau+Kliniken+gemeinnuetzige+GmbH+%257C+St.+LukasKlinik-11276/ueber,https://www.stiftung-liebenau.de/gesundheit/
LisKon Med GmbH,https://www.weltzentrum-der-medizintechnik.de/profil/LisKon+Med+GmbH-1606/ueber,http://www.liskon.de
Litos/ GmbH,https://www.weltzentrum-der-medizintechnik.de/profil/Litos+GmbH-1607/ueber,http://www.litos.com
Löwe Medizintechnik,https://www.weltzentrum-der-medizintechnik.de/profil/Loewe+Medizintechnik-1619/ueber,http://www.loewe-med.de
Löwenstein Medical Innovation GmbH & Co. KG,https://www.weltzentrum-der-medizintechnik.de/profil/Loewenstein+Medical+Innovation+GmbH+%2526+Co.+KG-1620/ueber,http://www.salvia-medical.de
Lonsing medical solutions & shadowplay GmbH -Röntgenfachhandel und Werbeagentur,https://www.weltzentrum-der-medizintechnik.de/profil/Lonsing+medical+solutions+%2526+shadowplay+GmbH+Roentgenfachhandel+und+Werbeagentur-1617/ueber,http://www.lonsing-gmbh.de
Lonza Cologne GmbH,https://www.weltzentrum-der-medizintechnik.de/profil/Lonza+Cologne+GmbH-1618/ueber,http://www.lonza.com
Loreley-Kliniken Oberwesel,https://www.weltzentrum-der-medizintechnik.de/profil/LoreleyKliniken+Oberwesel-11108/ueber,https://www.loreley-kliniken.de
Loreley-Kliniken St. Goar,https://www.weltzentrum-der-medizintechnik.de/profil/LoreleyKliniken+St.+Goar-11109/ueber,https://www.loreley-kliniken.de
Loretto-Krankenhaus (RkK) Freiburg,https://www.weltzentrum-der-medizintechnik.de/profil/LorettoKrankenhaus+RkK+Freiburg-10476/ueber,http://www.rkk-klinikum.de
Lothar Scharras Medizintechnik,https://www.weltzentrum-der-medizintechnik.de/profil/Lothar+Scharras+Medizintechnik-82/ueber,http://www.scharras.de
LuMed GmbH,https://www.weltzentrum-der-medizintechnik.de/profil/LuMed+GmbH-1625/ueber,http://www.lumed-gmbh.de
Lubinus Clinicum,https://www.weltzentrum-der-medizintechnik.de/profil/Lubinus+Clinicum-10230/ueber,http://www.lubinus-stiftung.de
Ludgerus-Kliniken Münster GmbH-Standort Raphaelsklinik,https://www.weltzentrum-der-medizintechnik.de/profil/LudgerusKliniken+Muenster+GmbHStandort+Raphaelsklinik-11194/ueber,https://www.raphaelsklinik.de
Ludwig Hertlein GmbH,https://www.weltzentrum-der-medizintechnik.de/profil/Ludwig+Hertlein+GmbH-1624/ueber,http://www.hertlein-sanitaetshaus.de
Luisenhospital Aachen,https://www.weltzentrum-der-medizintechnik.de/profil/Luisenhospital+Aachen-10235/ueber,http://www.luisenhospital.de
Luisenklinik Tagesklinik Radolfzell,https://www.weltzentrum-der-medizintechnik.de/profil/Luisenklinik+Tagesklinik+Radolfzell-10237/ueber,http://www.luisenklinik.de
Luisenklinik,https://www.weltzentrum-der-medizintechnik.de/profil/Luisenklinik-10236/ueber,http://www.luisenklinik.de
Luisenkrankenhaus GmbH & Co. KG,https://www.weltzentrum-der-medizintechnik.de/profil/Luisenkrankenhaus+GmbH+%2526+Co.+KG-10238/ueber,http://www.luisenkrankenhaus.de
Lukas-Krankenhaus Bünde,https://www.weltzentrum-der-medizintechnik.de/profil/LukasKrankenhaus+Buende-10240/ueber,http://www.lukas-krankenhaus.de
Lundbeck GmbH,https://www.weltzentrum-der-medizintechnik.de/profil/Lundbeck+GmbH-1627/ueber,http://www.lundbeck.de
LungenClinic Grosshansdorf,https://www.weltzentrum-der-medizintechnik.de/profil/LungenClinic+Grosshansdorf-10243/ueber,http://www.lungenclinic.de
Lungenfachklinik St. Blasien,https://www.weltzentrum-der-medizintechnik.de/profil/Lungenfachklinik+St.+Blasien-10578/ueber,http://www.st-blasien-klinik.de
Lungenklinik Ballenstedt/Harz GmbH,https://www.weltzentrum-der-medizintechnik.de/profil/Lungenklinik+BallenstedtHarz+GmbH-10245/ueber,http://www.lungenklinik-ballenstedt.de
Lungenklinik Hemer,https://www.weltzentrum-der-medizintechnik.de/profil/Lungenklinik+Hemer-11110/ueber,https://www.lungenklinik-hemer.de
Lungenklinik Löwenstein,https://www.weltzentrum-der-medizintechnik.de/profil/Lungenklinik+Loewenstein-9981/ueber,http://www.klinik-loewenstein.de/home/
Lungenklinik Lostau,https://www.weltzentrum-der-medizintechnik.de/profil/Lungenklinik+Lostau-10246/ueber,http://www.lungenklinik-lostau.de
Lungenklinik Neustadt GmbH,https://www.weltzentrum-der-medizintechnik.de/profil/Lungenklinik+Neustadt+GmbH-10383/ueber,http://www.neustadt@doceins.de
Lutrina Klinik Kaiserslautern,https://www.weltzentrum-der-medizintechnik.de/profil/Lutrina+Klinik+Kaiserslautern-10247/ueber,http://www.lutrinaklinik.de
M + S Kunststoffbearbeitung und Systemtechnik GmbH,https://www.weltzentrum-der-medizintechnik.de/profil/M+%252B+S+Kunststoffbearbeitung+und+Systemtechnik+GmbH-1632/ueber,http://www.ms-kunststoff.de
M + T Medizintechnischer Fachhandel GmbH,https://www.weltzentrum-der-medizintechnik.de/profil/M+%252B+T+Medizintechnischer+Fachhandel+GmbH-1633/ueber,http://www.mt-aachen.de
M.C. Medizintechnik-Export GmbH & Co. KG,https://www.weltzentrum-der-medizintechnik.de/profil/M.C.+MedizintechnikExport+GmbH+%2526+Co.+KG-1629/ueber,http://www.mcm-export.de
M.I.S. Implant Technologies GmbH,https://www.weltzentrum-der-medizintechnik.de/profil/M.I.S.+Implant+Technologies+GmbH-1630/ueber,http://www.mis-implants.de
M.O.R.E. Medical Solutions GmbH,https://www.weltzentrum-der-medizintechnik.de/profil/M.O.R.E.+Medical+Solutions+GmbH-1631/ueber,http://www.more-medical-solutions.de
M.TEC Medical,https://www.weltzentrum-der-medizintechnik.de/profil/M.TEC+Medical-1634/ueber,http://www.mtec-engineering.de/medical
MABAG Medizinische Apparate Bau AG,https://www.weltzentrum-der-medizintechnik.de/profil/MABAG+Medizinische+Apparate+Bau+AG-1636/ueber,http://mabag.biz/
MARmed e. K.,https://www.weltzentrum-der-medizintechnik.de/profil/MARmed+e.+K.-1646/ueber,http://www.mar-med.de
MATO Handels GmbH,https://www.weltzentrum-der-medizintechnik.de/profil/MATO+Handels+GmbH-675/ueber,http://www.mato-gmbh.com
MATTES Instrumente GmbH,https://www.weltzentrum-der-medizintechnik.de/profil/MATTES+Instrumente+GmbH-7/ueber,http://www.mattes-medizintechnik.com
MAW Werkzeugmaschinen GmbH,https://www.weltzentrum-der-medizintechnik.de/profil/MAW+Werkzeugmaschinen+GmbH-559/ueber,https://www.maw-gmbh.com
MB Medical,https://www.weltzentrum-der-medizintechnik.de/profil/MB+Medical-1653/ueber,http://www.medicashop24.de
MBR Optical Systems GmbH & Co. KG,https://www.weltzentrum-der-medizintechnik.de/profil/MBR+Optical+Systems+GmbH+%2526+Co.+KG-1654/ueber,http://www.mbr-optical-systems.com
MBengineering GmbH & Co. KG,https://www.weltzentrum-der-medizintechnik.de/profil/MBengineering+GmbH+%2526+Co.+KG++++++-175/ueber,http://www.mbengineering.de/
MEBA-Medizintechnik GmbH,https://www.weltzentrum-der-medizintechnik.de/profil/MEBAMedizintechnik+GmbH-1656/ueber,http://www.meba-medizintechnik.de
MEBA-Schwer GmbH &amp; CO KG,https://www.weltzentrum-der-medizintechnik.de/profil/MEBASchwer+GmbH+%2526amp%253B+CO+KG-2412/ueber,
MED Medical Equipment Distribution GmbH,https://www.weltzentrum-der-medizintechnik.de/profil/MED+Medical+Equipment+Distribution+GmbH-1665/ueber,http://www.med-kahl.de
MED SALES EXPERTS,https://www.weltzentrum-der-medizintechnik.de/profil/MED+SALES+EXPERTS-11369/ueber,http://www.reiner-bandorf.de
MED SYSTEMS Service & Medizintechnik Vertriebs GmbH,https://www.weltzentrum-der-medizintechnik.de/profil/MED+SYSTEMS+Service+%2526+Medizintechnik+Vertriebs+GmbH-1666/ueber,http://www.med-systems.de
MED-Depot Medizinisches Versorgungsdepot GmbH,https://www.weltzentrum-der-medizintechnik.de/profil/MEDDepot+Medizinisches+Versorgungsdepot+GmbH-1662/ueber,http://www.med-depot.de
MEDE Technik GmbH,https://www.weltzentrum-der-medizintechnik.de/profil/MEDE+Technik+GmbH-686/ueber,http://www.mede.de/
MEDIAN Klinik Bad Tennstedt,https://www.weltzentrum-der-medizintechnik.de/profil/MEDIAN+Klinik+Bad+Tennstedt-11148/ueber,https://www.median-kliniken.de/de/standorte/median-klinik-bad-tennstedt
MEDIAN Klinik Berlin Kladow Fachkrankenhaus für neurologische Frührehabilitation,https://www.weltzentrum-der-medizintechnik.de/profil/MEDIAN+Klinik+Berlin+Kladow+Fachkrankenhaus+fuer+neurologische+Fruehrehabilitation-11139/ueber,https://www.median-kliniken.de
MEDIAN Klinik NRZ Magdeburg,https://www.weltzentrum-der-medizintechnik.de/profil/MEDIAN+Klinik+NRZ+Magdeburg-11145/ueber,https://www.median-kliniken.de/de/median-klinik-nrz-magdeburg/
MEDIAN Klinik NRZ Wiesbaden,https://www.weltzentrum-der-medizintechnik.de/profil/MEDIAN+Klinik+NRZ+Wiesbaden-11146/ueber,https://www.median-kliniken.de/de/median-klinik-nrz-wiesbaden/
MEDIAN Klinik NRZ,https://www.weltzentrum-der-medizintechnik.de/profil/MEDIAN+Klinik+NRZ-11149/ueber,https://www.median-kliniken.de/de/standorte/median-klinik-nrz-bad-salzuflen/klinikprofil/
MEDIAN Zentrum für Verhaltensmedizin Bad Pyrmont - Fachkrankenhaus,https://www.weltzentrum-der-medizintechnik.de/profil/MEDIAN+Zentrum+fuer+Verhaltensmedizin+Bad+Pyrmont++Fachkrankenhaus-11147/ueber,https://www.median-kliniken.de/de/median-zentrum-fuer-verhaltensmedizin-bad-pyrmont-fachkrankenhaus/
MEDICA Bautzen Andreas Titz e.K.,https://www.weltzentrum-der-medizintechnik.de/profil/MEDICA+Bautzen+Andreas+Titz+e.K.-1698/ueber,http://www.medica-bautzen.de
MEDICAL PARK Bad Camberg - Fachklinik für Neurologie,https://www.weltzentrum-der-medizintechnik.de/profil/MEDICAL+PARK+Bad+Camberg++Fachklinik+fuer+Neurologie+-10341/ueber,http://www.medicalpark.de
"MEDICARE GMBH GESELLSCHAFT FÜR TECHNIK IN DeutschlandR ORTHOPÄDIE, REHABILITATION UND MEDIZIN, SANIT",https://www.weltzentrum-der-medizintechnik.de/profil/MEDICARE+GMBH+GESELLSCHAFT+F%25C3%259CR+TECHNIK+IN+DeutschlandR+ORTHOP%25C3%2584DIE%252C+REHABILITATION+UND+MEDIZIN%252C+SANIT-1723/ueber,http://www.medicaregmbh.de
MEDICLIN Aktiengesellschaft,https://www.weltzentrum-der-medizintechnik.de/profil/MEDICLIN+Aktiengesellschaft-1725/ueber,https://www.mediclin.de
MEDICLIN Waldkrankenhaus Bad Düben,https://www.weltzentrum-der-medizintechnik.de/profil/MEDICLIN+Waldkrankenhaus+Bad+Dueben-10713/ueber,http://www.waldkrankenhaus-bad-dueben.de
MEDICO-LAB GmbH,https://www.weltzentrum-der-medizintechnik.de/profil/MEDICOLAB+GmbH-1726/ueber,http://www.medicolab.de
MEDICOS medical e.K.,https://www.weltzentrum-der-medizintechnik.de/profil/MEDICOS+medical+e.K.-1730/ueber,http://www.medicos-medical.de
MEDINOS Kliniken des Landkreises Sonneberg GmbH - Standort Neuhaus,https://www.weltzentrum-der-medizintechnik.de/profil/MEDINOS+Kliniken+des+Landkreises+Sonneberg+GmbH++Standort+Neuhaus-10461/ueber,http://www.regiomed-kliniken.de/
MEDINOS Kliniken des Landkreises Sonneberg GmbH - Standort Sonneberg,https://www.weltzentrum-der-medizintechnik.de/profil/MEDINOS+Kliniken+des+Landkreises+Sonneberg+GmbH++Standort+Sonneberg-10460/ueber,http://www.regiomed-kliniken.de/
MEDIPLAN KrankenhausplanungsGmbH,https://www.weltzentrum-der-medizintechnik.de/profil/MEDIPLAN+KrankenhausplanungsGmbH-1741/ueber,http://www.mediplan.eu
MEDIPLEX Hamburg GmbH,https://www.weltzentrum-der-medizintechnik.de/profil/MEDIPLEX+Hamburg+GmbH-1743/ueber,http://www.mediplex-hamburg.com
MEDIRES Medizin-Technik Merunka Inh. Anita Merunka e. Kfr.,https://www.weltzentrum-der-medizintechnik.de/profil/MEDIRES+MedizinTechnik+Merunka+Inh.+Anita+Merunka+e.+Kfr.-1749/ueber,http://www.medires-ffo.de
MEDIS Medical Technology GmbH,https://www.weltzentrum-der-medizintechnik.de/profil/MEDIS+Medical+Technology+GmbH-1750/ueber,http://www.medisgmbh.com
MEDLight GmbH,https://www.weltzentrum-der-medizintechnik.de/profil/MEDLight+GmbH-1794/ueber,http://www.medlight.eu
MEDOH GmbH,https://www.weltzentrum-der-medizintechnik.de/profil/MEDOH+GmbH-1795/ueber,http://www.medoh.de
MEDOS Medizintechnik AG,https://www.weltzentrum-der-medizintechnik.de/profil/MEDOS+Medizintechnik+AG-1796/ueber,http://www.medos-ag.com
MEDPartner24 GmbH,https://www.weltzentrum-der-medizintechnik.de/profil/MEDPartner24+GmbH-1797/ueber,http://www.medpartner24.de
MEDTECS - MedTec Solutions,https://www.weltzentrum-der-medizintechnik.de/profil/MEDTECS++MedTec+Solutions-1805/ueber,http://www.medtecs.de/
MEDUTEK Handelsgesellschaft für Medizintechnik mbH,https://www.weltzentrum-der-medizintechnik.de/profil/MEDUTEK+Handelsgesellschaft+fuer+Medizintechnik+mbH-1809/ueber,http://www.medutek.com
MEDtech Ingenieur GmbH,https://www.weltzentrum-der-medizintechnik.de/profil/MEDtech+Ingenieur+GmbH-11380/ueber,https://www.medtech-ingenieur.de
MEI Medical Electronics Vertriebs GmbH,https://www.weltzentrum-der-medizintechnik.de/profil/MEI+Medical+Electronics+Vertriebs+GmbH-1818/ueber,http://www.mei-gmbh.com
MEKU Technologie GmbH,https://www.weltzentrum-der-medizintechnik.de/profil/MEKU+Technologie+GmbH-256/ueber,http://www.meku.de
MEMA-TEC GmbH & Co. KG,https://www.weltzentrum-der-medizintechnik.de/profil/MEMATEC+GmbH+%2526+Co.+KG-707/ueber,http://www.mema-tec.de
MEPRO Dr. Stehr Medizintechnik GmbH,https://www.weltzentrum-der-medizintechnik.de/profil/MEPRO+Dr.+Stehr+Medizintechnik+GmbH-1827/ueber,http://www.mepromed.de
MERZ DeutschlandNTAL GMBH,https://www.weltzentrum-der-medizintechnik.de/profil/MERZ+DeutschlandNTAL+GMBH-1829/ueber,https://www.merz-dental.de
"MICHELFELDER GmbH - Metall- und Blechbearbeitung, Standort Spaichingen",https://www.weltzentrum-der-medizintechnik.de/profil/MICHELFELDER+GmbH++Metall+und+Blechbearbeitung%252C+Standort+Spaichingen-2404/ueber,https://michelfelder.de/
MICROMA Martin Alber GmbH & Co. KG,https://www.weltzentrum-der-medizintechnik.de/profil/MICROMA+Martin+Alber+GmbH+%2526+Co.+KG-168/ueber,http://www.microma-alber.com/
MICRO-MEDICAL Instrumente GmbH,https://www.weltzentrum-der-medizintechnik.de/profil/MICROMEDICAL+Instrumente+GmbH-1845/ueber,http://www.micromedical.de
MICROQORE MEDICAL GmbH,https://www.weltzentrum-der-medizintechnik.de/profil/MICROQORE+MEDICAL+GmbH-653/ueber,https://microqore-medical.de/
MIKRO-PRÄZISION Wilfried Nippel GmbH,https://www.weltzentrum-der-medizintechnik.de/profil/MIKROPR%25C3%2584ZISION+Wilfried+Nippel+GmbH-1850/ueber,http://www.mikropraezision.de
MIMplus Technologies GmbH & Co. KG,https://www.weltzentrum-der-medizintechnik.de/profil/MIMplus+Technologies+GmbH+%2526+Co.+KG-747/ueber,http://www.mimplus.de
MITSCHKE SANITÄTSHAUS GMBH,https://www.weltzentrum-der-medizintechnik.de/profil/MITSCHKE+SANIT%25C3%2584TSHAUS+GMBH-1853/ueber,https://www.mitschke-sanitaetshaus.de
MKK Auguste Viktoria Klinik,https://www.weltzentrum-der-medizintechnik.de/profil/MKK+Auguste+Viktoria+Klinik-9263/ueber,http://muehlenkreiskliniken.de
MKK Krankenhaus Bad Oeynhausen,https://www.weltzentrum-der-medizintechnik.de/profil/MKK+Krankenhaus+Bad+Oeynhausen-10365/ueber,http://www.muehlenkreiskliniken.de
MMD Medizintechnik Inh. Steffen Zahn,https://www.weltzentrum-der-medizintechnik.de/profil/MMD+Medizintechnik+Inh.+Steffen+Zahn-1855/ueber,http://www.mmd-med.de
MONDEAL Medical Systems GmbH,https://www.weltzentrum-der-medizintechnik.de/profil/MONDEAL+Medical+Systems+GmbH-18/ueber,http://www.mondeal.de/
MON-MED GmbH,https://www.weltzentrum-der-medizintechnik.de/profil/MONMED+GmbH-1866/ueber,http://www.mon-med.de
MPE Deutschland,https://www.weltzentrum-der-medizintechnik.de/profil/MPE+Deutschland-2478/ueber,http://www.mpe-ind.com
MPS Strahltechnik GmbH,https://www.weltzentrum-der-medizintechnik.de/profil/MPS+Strahltechnik+GmbH-1868/ueber,http://www.mps-strahltechnik.de
MPV MEDICAL GmbH,https://www.weltzentrum-der-medizintechnik.de/profil/MPV+MEDICAL+GmbH-1869/ueber,http://www.mpvmedical.com
MR:comp GmbH,https://www.weltzentrum-der-medizintechnik.de/profil/MR%253Acomp+GmbH-1870/ueber,http://www.mrcomp.com
MRC Systems GmbH,https://www.weltzentrum-der-medizintechnik.de/profil/MRC+Systems+GmbH-1871/ueber,http://www.mrc-systems.de
MRitter & Sohn GmbH,https://www.weltzentrum-der-medizintechnik.de/profil/MRitter+%2526+Sohn+GmbH-196/ueber,http://www.mritter-sohn.de/
MS Westfalia GmbH,https://www.weltzentrum-der-medizintechnik.de/profil/MS+Westfalia+GmbH-1872/ueber,http://www.mswestfalia.com
MSC Microcomputers Systems Components Freiburg GmbH,https://www.weltzentrum-der-medizintechnik.de/profil/MSC+Microcomputers+Systems+Components+Freiburg+GmbH-1873/ueber,http://www.msc-freiburg.de
"MSG Medizinische Geräte, Handel und Service GmbH",https://www.weltzentrum-der-medizintechnik.de/profil/MSG+Medizinische+Geraete%252C+Handel+und+Service+GmbH-1874/ueber,http://www.msg-praxisbedarf.de
MSR Röntgenraumtechnische Systeme GmbH,https://www.weltzentrum-der-medizintechnik.de/profil/MSR+Roentgenraumtechnische+Systeme+GmbH-1875/ueber,http://www.msr-roentgentechnik.de
MSV GmbH,https://www.weltzentrum-der-medizintechnik.de/profil/MSV+GmbH-1876/ueber,http://www.msv-medsys.com
"MSZ Uckermark gGmbH, Krankenhaus Angermünde",https://www.weltzentrum-der-medizintechnik.de/profil/MSZ+Uckermark+gGmbH%252C+Krankenhaus+Angermuende-10945/ueber,https://www.glg-gesundheit.de
MTC med. Produkte GmbH,https://www.weltzentrum-der-medizintechnik.de/profil/MTC+med.+Produkte+GmbH-1878/ueber,http://www.mtc-diagnostic.de
MTD-Verlag GmbH,https://www.weltzentrum-der-medizintechnik.de/profil/MTDVerlag+GmbH-705/ueber,http://www.mtd.de
MTE Eichholz GmbH,https://www.weltzentrum-der-medizintechnik.de/profil/MTE+Eichholz+GmbH-1880/ueber,http://www.mte-eichholz.de
MTG GmbH,https://www.weltzentrum-der-medizintechnik.de/profil/MTG+GmbH-1882/ueber,http://www.mtg-gmbh.de
MTI Medizin-Technische Instrumente GmbH,https://www.weltzentrum-der-medizintechnik.de/profil/MTI+MedizinTechnische+Instrumente+GmbH-750/ueber,http://www.mti-instrumente.de
MTJ Medizintechnik & Service GmbH,https://www.weltzentrum-der-medizintechnik.de/profil/MTJ+Medizintechnik+%2526+Service+GmbH-1884/ueber,http://www.mtj-gmbh.de
MTM Medizin Technik Mauk GmbH,https://www.weltzentrum-der-medizintechnik.de/profil/MTM+Medizin+Technik+Mauk+GmbH-1885/ueber,http://mtm-medizintechnik.de
MTM Multitechmed GmbH,https://www.weltzentrum-der-medizintechnik.de/profil/MTM+Multitechmed+GmbH-1886/ueber,http://www.multitechmed.de
MTP Kurz GmbH,https://www.weltzentrum-der-medizintechnik.de/profil/MTP+Kurz+GmbH-1887/ueber,http://www.mtp-kurz.de
MTS Medical UG,https://www.weltzentrum-der-medizintechnik.de/profil/MTS+Medical+UG-155/ueber,http://www.mts-medical.com/
MTS Medizintechnik GmbH,https://www.weltzentrum-der-medizintechnik.de/profil/MTS+Medizintechnik+GmbH-1888/ueber,http://www.mtsmedizintechnik.de
MTS Medizintechnische Servicegesellschaft mbH,https://www.weltzentrum-der-medizintechnik.de/profil/MTS+Medizintechnische+Servicegesellschaft+mbH-1889/ueber,http://www.mts-med.com
MTS More Than Solutions GmbH,https://www.weltzentrum-der-medizintechnik.de/profil/MTS+More+Than+Solutions+GmbH-1890/ueber,http://www.more-than-solutions.de
MTT Medizintechnik GmbH,https://www.weltzentrum-der-medizintechnik.de/profil/MTT+Medizintechnik+GmbH-1891/ueber,https://www.mtt-medizintechnik.de/
MTW Medizintechnik Helmut Helfer GbR,https://www.weltzentrum-der-medizintechnik.de/profil/MTW+Medizintechnik+Helmut+Helfer+GbR-1892/ueber,http://www.mtw-medizintechnik.de
MUNOVAMUS,https://www.weltzentrum-der-medizintechnik.de/profil/MUNOVAMUS-1896/ueber,http://www.munovamus.de
MUT GMBH,https://www.weltzentrum-der-medizintechnik.de/profil/MUT+GMBH-1897/ueber,http://www.mut-gmbh.de
Macholdt Inhalatoren GbR,https://www.weltzentrum-der-medizintechnik.de/profil/Macholdt+Inhalatoren+GbR-1637/ueber,http://www.macholdt-inhalatoren.de
Maier + Partner Kunststofftechnik GmbH,https://www.weltzentrum-der-medizintechnik.de/profil/Maier+%252B+Partner+Kunststofftechnik+GmbH-1642/ueber,http://www.mpkt.de/
Maier microtec GmbH & Co. KG,https://www.weltzentrum-der-medizintechnik.de/profil/Maier+microtec+GmbH+%2526+Co.+KG-341/ueber,https://www.maier-microtec.de/
Main-Klinik Ochsenfurt gGmbH,https://www.weltzentrum-der-medizintechnik.de/profil/MainKlinik+Ochsenfurt+gGmbH-10271/ueber,http://www.main-klinik.de
Malteser Krankenhaus Seliger Gerhard Bonn/Rhein-Sieg,https://www.weltzentrum-der-medizintechnik.de/profil/Malteser+Krankenhaus+Seliger+Gerhard+BonnRheinSieg-10277/ueber,http://www.malteser-krankenhaus-bonn.de
Malteser Krankenhaus St. Anna,https://www.weltzentrum-der-medizintechnik.de/profil/Malteser+Krankenhaus+St.+Anna-10276/ueber,http://www.malteser-kliniken-rhein-ruhr.de/
Malteser Krankenhaus St. Carolus,https://www.weltzentrum-der-medizintechnik.de/profil/Malteser+Krankenhaus+St.+Carolus-9257/ueber,http://malteser-krankenhaus-stcarolus.de
Malteser Krankenhaus St. Franziskus-Hospital - Geriatrische Tagesklinik,https://www.weltzentrum-der-medizintechnik.de/profil/Malteser+Krankenhaus+St.+FranziskusHospital++Geriatrische+Tagesklinik-10274/ueber,http://www.malteser-franziskus.de/
Malteser Krankenhaus St. Franziskus-Hospital,https://www.weltzentrum-der-medizintechnik.de/profil/Malteser+Krankenhaus+St.+FranziskusHospital-10273/ueber,http://www.malteser-franziskus.de/
Malteser Krankenhaus St. Johannes,https://www.weltzentrum-der-medizintechnik.de/profil/Malteser+Krankenhaus+St.+Johannes-10279/ueber,http://www.malteser-krankenhaus-stjohannes.de
Malteser Krankenhaus St. Johannes-Stift,https://www.weltzentrum-der-medizintechnik.de/profil/Malteser+Krankenhaus+St.+JohannesStift-10275/ueber,http://www.malteser-kliniken-rhein-ruhr.de/
Malteser Waldkrankenhaus St. Marien,https://www.weltzentrum-der-medizintechnik.de/profil/Malteser+Waldkrankenhaus+St.+Marien-11336/ueber,https://www.waldkrankenhaus.de/
Mammendorfer Institut für Physik und Medizin MIPM GmbH,https://www.weltzentrum-der-medizintechnik.de/profil/Mammendorfer+Institut+fuer+Physik+und+Medizin+MIPM+GmbH-1643/ueber,http://www.mipm.com
Manometer Preiss EMPEO GmbH,https://www.weltzentrum-der-medizintechnik.de/profil/Manometer+Preiss+EMPEO+GmbH-1644/ueber,http://www.empeo.de
Mantsch Medizintechnik GmbH,https://www.weltzentrum-der-medizintechnik.de/profil/Mantsch+Medizintechnik+GmbH-1645/ueber,http://www.mantsch-medizintechnik.de
Maria-Hilf-Krankenhaus,https://www.weltzentrum-der-medizintechnik.de/profil/MariaHilfKrankenhaus-10283/ueber,http://www.maria-Hilf-krankenhaus.de
Maria-Josef-Hospital Greven GmbH,https://www.weltzentrum-der-medizintechnik.de/profil/MariaJosefHospital+Greven+GmbH-10284/ueber,http://www.maria-josef-hospital.de/de/startseite.html
"Maria-Theresia-Klinik, Fachklinik für Chirurgie",https://www.weltzentrum-der-medizintechnik.de/profil/MariaTheresiaKlinik%252C+Fachklinik+fuer+Chirurgie-10286/ueber,http://www.maria-theresia-klinik.de
"Mariaberg - Fachkrankenhaus Kinder- und Jugendpsychiatrie gGmbH, Tagesklinik Albstadt",https://www.weltzentrum-der-medizintechnik.de/profil/Mariaberg++Fachkrankenhaus+Kinder+und+Jugendpsychiatrie+gGmbH%252C+Tagesklinik+Albstadt-9890/ueber,http://www.kjp-mariaberg.de
Mariaberg - Fachkrankenhaus Kinder- und Jugendpsychiatrie gGmbH,https://www.weltzentrum-der-medizintechnik.de/profil/Mariaberg++Fachkrankenhaus+Kinder+und+Jugendpsychiatrie+gGmbH-9889/ueber,http://www.kjp-mariaberg.de
Mariannen-Hospital,https://www.weltzentrum-der-medizintechnik.de/profil/MariannenHospital-10285/ueber,http://www.mariannen-hospital.de
Marien Hospital Düsseldorf GmbH,https://www.weltzentrum-der-medizintechnik.de/profil/Marien+Hospital+Duesseldorf+GmbH-10301/ueber,http://www.marien-hospital.de
"Marien Hospital Herne, Klinikum der Ruhr-Universität Bochum",https://www.weltzentrum-der-medizintechnik.de/profil/Marien+Hospital+Herne%252C+Klinikum+der+RuhrUniversitaet+Bochum-10309/ueber,http://www.marienhospital-herne.de/
Marien Hospital Witten,https://www.weltzentrum-der-medizintechnik.de/profil/Marien+Hospital+Witten-10312/ueber,http://www.marien-hospital-witten.de
Marien Hospital,https://www.weltzentrum-der-medizintechnik.de/profil/Marien+Hospital-10304/ueber,http://www.marien-hospital-dortmund.de
Marien-Hospital Erftstadt-Frauenthal,https://www.weltzentrum-der-medizintechnik.de/profil/MarienHospital+ErftstadtFrauenthal-10288/ueber,http://www.marienerft.de
Marien-Hospital Marl,https://www.weltzentrum-der-medizintechnik.de/profil/MarienHospital+Marl-9917/ueber,http://www.kkrn.de
Marien-Hospital Wattenscheid,https://www.weltzentrum-der-medizintechnik.de/profil/MarienHospital+Wattenscheid-10012/ueber,http://www.klinikum-bochum.de
Marien-Hospital Wesel gGmbH,https://www.weltzentrum-der-medizintechnik.de/profil/MarienHospital+Wesel+gGmbH-10442/ueber,http://www.prohomine.de
Marien-Hospital,https://www.weltzentrum-der-medizintechnik.de/profil/MarienHospital-10300/ueber,http://www.marien-hospital.com
Marien-Krankenhaus,https://www.weltzentrum-der-medizintechnik.de/profil/MarienKrankenhaus-10937/ueber,https://www.gfo-kliniken-rhein-berg.de/startseite.html
Marienhaus Klinikum Eifel - Standort Bitburg,https://www.weltzentrum-der-medizintechnik.de/profil/Marienhaus+Klinikum+Eifel++Standort+Bitburg-10296/ueber,http://www.marienhaus-klinikum-eifel.de
Marienhaus Klinikum Eifel - Standort St. Elisabeth Gerolstein,https://www.weltzentrum-der-medizintechnik.de/profil/Marienhaus+Klinikum+Eifel++Standort+St.+Elisabeth+Gerolstein-10297/ueber,http://www.marienhaus-klinikum-eifel.de
Marienhaus Klinikum St. Antonius Waldbreitbach,https://www.weltzentrum-der-medizintechnik.de/profil/Marienhaus+Klinikum+St.+Antonius+Waldbreitbach-10291/ueber,http://www.marienhaus-klinikum.de
Marienhaus Klinikum St. Josef Bendorf,https://www.weltzentrum-der-medizintechnik.de/profil/Marienhaus+Klinikum+St.+Josef+Bendorf-10293/ueber,http://www.marienhaus-klinikum.de
Marienhausklinik Ottweiler,https://www.weltzentrum-der-medizintechnik.de/profil/Marienhausklinik+Ottweiler-10290/ueber,http://www.marienhausklinik-ottweiler.de
Marienhausklinik St. Josef Kohlhof,https://www.weltzentrum-der-medizintechnik.de/profil/Marienhausklinik+St.+Josef+Kohlhof-10299/ueber,http://www.marienhaus-st-josef-kohlhof.de
Marienhausklinik St. Josef Losheim am See,https://www.weltzentrum-der-medizintechnik.de/profil/Marienhausklinik+St.+Josef+Losheim+am+See-10289/ueber,http://www.marienhauskliniken.de
Marienhospital Aachen,https://www.weltzentrum-der-medizintechnik.de/profil/Marienhospital+Aachen-11127/ueber,https://www.marienhospital.de
Marienhospital Brühl,https://www.weltzentrum-der-medizintechnik.de/profil/Marienhospital+Bruehl-10303/ueber,http://www.marienhospital-bruehl.info/startseite.html
Marienhospital Gelsenkirchen GmbH,https://www.weltzentrum-der-medizintechnik.de/profil/Marienhospital+Gelsenkirchen+GmbH-9258/ueber,http://marienhospital.eu/marienhospital-gelsenkirchen/
Marienhospital Oelde,https://www.weltzentrum-der-medizintechnik.de/profil/Marienhospital+Oelde-11128/ueber,https://www.marienhospital-oelde.de
"Marienhospital Steinfurt Standort Emsdetten, Klinik für Psychosomatik und Psychotherapie",https://www.weltzentrum-der-medizintechnik.de/profil/Marienhospital+Steinfurt+Standort+Emsdetten%252C+Klinik+fuer+Psychosomatik+und+Psychotherapie-10804/ueber,https://ukm-mhs.de
"Marienhospital Steinfurt Standort Steinfurt, Tagesklinik für Psychosomatik und Psychotherapie",https://www.weltzentrum-der-medizintechnik.de/profil/Marienhospital+Steinfurt+Standort+Steinfurt%252C+Tagesklinik+fuer+Psychosomatik+und+Psychotherapie-10805/ueber,https://ukm-mhs.de
Marienkrankenhaus Kassel,https://www.weltzentrum-der-medizintechnik.de/profil/Marienkrankenhaus+Kassel-10318/ueber,http://www.marienkrankenhaus-kassel.de
Marienstift Arnstadt -Fachklinik für Orthopädie,https://www.weltzentrum-der-medizintechnik.de/profil/Marienstift+Arnstadt+Fachklinik+fuer+Orthopaedie-11131/ueber,https://www.marienstift-arnstadt.de/fachklinik-fuer-orthopaedie.html
Marion von Tessin Memory Tagesklinik,https://www.weltzentrum-der-medizintechnik.de/profil/Marion+von+Tessin+Memory+Tagesklinik-11157/ueber,https://www.mvt-zentrum.de/
Marquardt GmbH,https://www.weltzentrum-der-medizintechnik.de/profil/Marquardt+GmbH-244/ueber,http://www.marquardt.com
Martin Gropius Krankenhaus GmbH,https://www.weltzentrum-der-medizintechnik.de/profil/Martin+Gropius+Krankenhaus+GmbH-10951/ueber,https://www.glg-gesundheit.de
"Martin Luther Krankenhaus, Berlin",https://www.weltzentrum-der-medizintechnik.de/profil/Martin+Luther+Krankenhaus%252C+Berlin-11187/ueber,https://www.pgdiakonie.de/martin-luther-krankenhaus/
Martin Pfänder e.K.,https://www.weltzentrum-der-medizintechnik.de/profil/Martin+Pfaender+e.K.-699/ueber,https://www.pfaender-sanitaetshaus.de/
Martin-Luther-Krankenhaus gGmbH - Ridderstrasse,https://www.weltzentrum-der-medizintechnik.de/profil/MartinLutherKrankenhaus+gGmbH++Ridderstrasse-9261/ueber,http://mlk-bo.de
Martin-Luther-Krankenhaus gGmbH - Voedestrasse,https://www.weltzentrum-der-medizintechnik.de/profil/MartinLutherKrankenhaus+gGmbH++Voedestrasse-9262/ueber,http://mlk-bo.de
Martina und Wolfgang Zöllner GmbH,https://www.weltzentrum-der-medizintechnik.de/profil/Martina+und+Wolfgang+Zoellner+GmbH-1648/ueber,http://www.3schwaene-hycare.de/index.htm
Martini-Klinik am UKE GmbH,https://www.weltzentrum-der-medizintechnik.de/profil/MartiniKlinik+am+UKE+GmbH-9260/ueber,http://martini-klinik.de
Marusits Medizintechnik OHG,https://www.weltzentrum-der-medizintechnik.de/profil/Marusits+Medizintechnik+OHG-70/ueber,https://marusits-medizintechnik.com/
Maschinenfabrik Berthold Hermle AG,https://www.weltzentrum-der-medizintechnik.de/profil/Maschinenfabrik+Berthold+Hermle+AG-248/ueber,http://www.hermle.de
Masimo Europe Ltd.,https://www.weltzentrum-der-medizintechnik.de/profil/Masimo+Europe+Ltd.-1649/ueber,http://www.masimo.de
Mathilden Hospital,https://www.weltzentrum-der-medizintechnik.de/profil/Mathilden+Hospital-10321/ueber,http://www.mathilden-hospital.de
Matthias Wenisch,https://www.weltzentrum-der-medizintechnik.de/profil/Matthias+Wenisch-1650/ueber,http://www.vdt-biofeedback.de
Matysiak Medical GmbH,https://www.weltzentrum-der-medizintechnik.de/profil/Matysiak+Medical+GmbH-1651/ueber,http://www.hkmcompany.de
Max Hauser Süddeutsche Chirurgiemechanik GmbH,https://www.weltzentrum-der-medizintechnik.de/profil/Max+Hauser+Sueddeutsche+Chirurgiemechanik+GmbH-130/ueber,http://www.max-hauser.com
Max Rudschuck GmbH & Co. KG,https://www.weltzentrum-der-medizintechnik.de/profil/Max+Rudschuck+GmbH+%2526+Co.+KG-1652/ueber,http://www.Rudschuck-Celle.de
Max-Planck-Institut für Psychiatrie,https://www.weltzentrum-der-medizintechnik.de/profil/MaxPlanckInstitut+fuer+Psychiatrie-10446/ueber,http://www.psych.mpg.de
Maxcert Eurep,https://www.weltzentrum-der-medizintechnik.de/profil/Maxcert+Eurep-11393/ueber,http://www.maxcert.de
Maxer Endoscopy GmbH,https://www.weltzentrum-der-medizintechnik.de/profil/Maxer+Endoscopy+GmbH-445/ueber,http://www.maxerendoscopy.com/
Maximilians-Augenklinik,https://www.weltzentrum-der-medizintechnik.de/profil/MaximiliansAugenklinik-10322/ueber,http://www.maximilians-augenklinik.de/
Mayer GmbH Werkzeuge,https://www.weltzentrum-der-medizintechnik.de/profil/Mayer+GmbH+Werkzeuge-352/ueber,http://www.mayer-tools.com
Mayer Medizintechnik Gmbh,https://www.weltzentrum-der-medizintechnik.de/profil/Mayer+Medizintechnik+Gmbh-752/ueber,http://www.mayer-medizintechnik.de
MeDek GmbH Co.& KG,https://www.weltzentrum-der-medizintechnik.de/profil/MeDek+GmbH+Co.%2526+KG-11433/ueber,http://www.medek-cnc.de
MePaBlu Medizintechnik Pack-Blumenau GmbH,https://www.weltzentrum-der-medizintechnik.de/profil/MePaBlu+Medizintechnik+PackBlumenau+GmbH-1826/ueber,https://mepablu.de/
MechTech GmbH,https://www.weltzentrum-der-medizintechnik.de/profil/MechTech+GmbH-1659/ueber,http://www.mechtechgmbh.de
Mecmesin GmbH,https://www.weltzentrum-der-medizintechnik.de/profil/Mecmesin+GmbH-260/ueber,http://www.halmec.de
Med & IT Trading GmbH,https://www.weltzentrum-der-medizintechnik.de/profil/Med+%2526+IT+Trading+GmbH-1664/ueber,http://www.medit-trading.de
MedChrom GmbH,https://www.weltzentrum-der-medizintechnik.de/profil/MedChrom+GmbH-1672/ueber,http://www.medchrom.com
MedFact Engineering GmbH,https://www.weltzentrum-der-medizintechnik.de/profil/MedFact+Engineering+GmbH-1677/ueber,http://www.medfact.eu
MedNet GmbH,https://www.weltzentrum-der-medizintechnik.de/profil/MedNet+GmbH-398/ueber,https://www.medneteurope.com/
MedServ GmbH,https://www.weltzentrum-der-medizintechnik.de/profil/MedServ+GmbH-1798/ueber,http://www.medserv-leipzig.de
MedTec & Science GmbH,https://www.weltzentrum-der-medizintechnik.de/profil/MedTec+%2526+Science+GmbH-1803/ueber,http://www.ms-gmbh.de
MedXpert GmbH,https://www.weltzentrum-der-medizintechnik.de/profil/MedXpert+GmbH-1812/ueber,http://www.medxpert.de
Medelo Medizin + Technik Michael Longen,https://www.weltzentrum-der-medizintechnik.de/profil/Medelo+Medizin+%252B+Technik+Michael+Longen-1675/ueber,http://www.medelo.de
MediClec GmbH,https://www.weltzentrum-der-medizintechnik.de/profil/MediClec+GmbH-1724/ueber,http://www.MediClec.com
MediClin Hedon Klinik,https://www.weltzentrum-der-medizintechnik.de/profil/MediClin+Hedon+Klinik-10342/ueber,http://www.mediclin.de
MediClin Herzzentrum Coswig,https://www.weltzentrum-der-medizintechnik.de/profil/MediClin+Herzzentrum+Coswig-9759/ueber,http://www.herzzentrum-coswig.de
MediClin Klinik Bad Orb,https://www.weltzentrum-der-medizintechnik.de/profil/MediClin+Klinik+Bad+Orb-10465/ueber,http://www.reha-zentrum-bad-orb.de
MediClin Klinik am Brunnenberg,https://www.weltzentrum-der-medizintechnik.de/profil/MediClin+Klinik+am+Brunnenberg-9923/ueber,http://www.klinik-am-brunnenberg.de
MediClin Klinik für Akutpsychosomatik und Psychotherapie,https://www.weltzentrum-der-medizintechnik.de/profil/MediClin+Klinik+fuer+Akutpsychosomatik+und+Psychotherapie-9534/ueber,http://www.deister-weser-kliniken.de
MediClin Kliniken Bad Wildungen Fachklinik für Akutpsychosomatik,https://www.weltzentrum-der-medizintechnik.de/profil/MediClin+Kliniken+Bad+Wildungen+Fachklinik+fuer+Akutpsychosomatik-10344/ueber,http://www.mediclin-badwildungen.de
MediClin Klinikum Soltau,https://www.weltzentrum-der-medizintechnik.de/profil/MediClin+Klinikum+Soltau-10343/ueber,http://www.mediclin.de
MediClin Krankenhaus Plau am See,https://www.weltzentrum-der-medizintechnik.de/profil/MediClin+Krankenhaus+Plau+am+See-10184/ueber,http://www.krankenhaus-plau.de
MediClin Krankenhaus am Crivitzer See GmbH,https://www.weltzentrum-der-medizintechnik.de/profil/MediClin+Krankenhaus+am+Crivitzer+See+GmbH-10149/ueber,http://www.krankenhaus-am-crivitzer-see.de
MediClin Reha Zentrum Gernsbach,https://www.weltzentrum-der-medizintechnik.de/profil/MediClin+Reha+Zentrum+Gernsbach-10466/ueber,http://www.reha-zentrum-gernsbach.de
MediClin Robert Janker Klinik,https://www.weltzentrum-der-medizintechnik.de/profil/MediClin+Robert+Janker+Klinik-10478/ueber,http://www.Robert-Janker-Klinik.de
MediClin Seepark Klinik,https://www.weltzentrum-der-medizintechnik.de/profil/MediClin+Seepark+Klinik-10544/ueber,http://www.seepark-klinik.de/
Medi-Globe Corporation,https://www.weltzentrum-der-medizintechnik.de/profil/MediGlobe+Corporation-1679/ueber,http://www.mediglobe.com
Medi-Globe GmbH,https://www.weltzentrum-der-medizintechnik.de/profil/MediGlobe+GmbH-1680/ueber,http://www.medi-globe.de
Medi-King Medical Trading GmbH,https://www.weltzentrum-der-medizintechnik.de/profil/MediKing+Medical+Trading+GmbH-1681/ueber,http://www.medi-king.de
Medi-Konzept GmbH,https://www.weltzentrum-der-medizintechnik.de/profil/MediKonzept+GmbH-1682/ueber,http://www.medi-konzept.de
Medi-ManAge Innovation GmbH,https://www.weltzentrum-der-medizintechnik.de/profil/MediManAge+Innovation+GmbH-1683/ueber,http://www.medi-manage.de
MediQuick GmbH,https://www.weltzentrum-der-medizintechnik.de/profil/MediQuick+GmbH-1747/ueber,http://www.mediquick.de
Medi-Therm Kliniken GmbH & Co. KG,https://www.weltzentrum-der-medizintechnik.de/profil/MediTherm+Kliniken+GmbH+%2526+Co.+KG-9997/ueber,http://www.klinik-st-georg.com/klinik/
Median GmbH,https://www.weltzentrum-der-medizintechnik.de/profil/Median+GmbH-1688/ueber,http://www.median-germany.de
Medias Res GmbH,https://www.weltzentrum-der-medizintechnik.de/profil/Medias+Res+GmbH-1689/ueber,http://www.mediasres.net
Medibeda GmbH,https://www.weltzentrum-der-medizintechnik.de/profil/Medibeda+GmbH-1691/ueber,http://www.medibeda.com
Medibus - Medizintechnik Inh. Dietrich Bußmann,https://www.weltzentrum-der-medizintechnik.de/profil/Medibus++Medizintechnik+Inh.+Dietrich+Bussmann-1692/ueber,http://www.medibus-medical.de
Medibyte Gesellschaft für Medizintechnik mbH,https://www.weltzentrum-der-medizintechnik.de/profil/Medibyte+Gesellschaft+fuer+Medizintechnik+mbH-1693/ueber,http://www.medibyte-gmbh.de
Medic GmbH,https://www.weltzentrum-der-medizintechnik.de/profil/Medic+GmbH-1695/ueber,http://www.medicshop.de
Medic Plus GmbH,https://www.weltzentrum-der-medizintechnik.de/profil/Medic+Plus+GmbH-1697/ueber,http://www.medicplus.de
Medica Esens Inh. Rainer Havemann,https://www.weltzentrum-der-medizintechnik.de/profil/Medica+Esens+Inh.+Rainer+Havemann-1699/ueber,http://www.medica-esens.de
Medica-Technik GmbH,https://www.weltzentrum-der-medizintechnik.de/profil/MedicaTechnik+GmbH-1702/ueber,http://www.medica-technik.de
Medical Device Services - DR. ROSSBERGER GmbH,https://www.weltzentrum-der-medizintechnik.de/profil/Medical+Device+Services++DR.+ROSSBERGER+GmbH-1703/ueber,http://mdservices.de
Medical Instinct Deutschland GmbH,https://www.weltzentrum-der-medizintechnik.de/profil/Medical+Instinct+Deutschland+GmbH-1708/ueber,http://www.medical-instinct.de
Medical Movie Service,https://www.weltzentrum-der-medizintechnik.de/profil/Medical+Movie+Service-1709/ueber,https://www.medical-movie-service.de
Medical Park Bad Rodach,https://www.weltzentrum-der-medizintechnik.de/profil/Medical+Park+Bad+Rodach-10340/ueber,http://www.medicalpark.de
Medical Park Chiemseeblick GmbH & Co. KG - Fachklinik für Psychosomatik,https://www.weltzentrum-der-medizintechnik.de/profil/Medical+Park+Chiemseeblick+GmbH+%2526+Co.+KG++Fachklinik+fuer+Psychosomatik-11150/ueber,https://www.medicalpark.de/de/Kliniken_und_Zentren/Chiemseeblick__Bernau-Felden.html
Medical Praxisbedarf GbR,https://www.weltzentrum-der-medizintechnik.de/profil/Medical+Praxisbedarf+GbR-1711/ueber,https://www.medical-praxisbedarf.de
Medical Sales Consultants Germany GmbH,https://www.weltzentrum-der-medizintechnik.de/profil/Medical+Sales+Consultants+Germany+GmbH-1712/ueber,http://www.medicalscg.de
Medical Service Höber GmbH & Co. KG,https://www.weltzentrum-der-medizintechnik.de/profil/Medical+Service+Hoeber+GmbH+%2526+Co.+KG-1713/ueber,http://www.msh-gmbh.info
Medical Support GmbH,https://www.weltzentrum-der-medizintechnik.de/profil/Medical+Support+GmbH-1715/ueber,http://www.medicalsupport-arnstadt.de
Medical Tec GmbH,https://www.weltzentrum-der-medizintechnik.de/profil/Medical+Tec+GmbH-1716/ueber,http://www.medicaltec.de
Medical Valley EMN e.V.,https://www.weltzentrum-der-medizintechnik.de/profil/Medical+Valley+EMN+e.V.-1717/ueber,https://medical-valley-emn.de
Medicalis Medizintechnologie GmbH,https://www.weltzentrum-der-medizintechnik.de/profil/Medicalis+Medizintechnologie+GmbH-1719/ueber,http://www.medicalis.de
Medicalpart GmbH,https://www.weltzentrum-der-medizintechnik.de/profil/Medicalpart+GmbH-1721/ueber,http://www.medicalpart.de
Medico tec Medizintechnik GmbH,https://www.weltzentrum-der-medizintechnik.de/profil/Medico+tec+Medizintechnik+GmbH-1727/ueber,http://www.medicotec.net
Medicometer Franz-Josef Settels,https://www.weltzentrum-der-medizintechnik.de/profil/Medicometer+FranzJosef+Settels-1729/ueber,http://www.medicometer.de
Medicon eG,https://www.weltzentrum-der-medizintechnik.de/profil/Medicon+eG-474/ueber,http://www.medicon.de
Medicosys GmbH,https://www.weltzentrum-der-medizintechnik.de/profil/Medicosys+GmbH-1731/ueber,http://www.medicosys.de
Medikro GmbH,https://www.weltzentrum-der-medizintechnik.de/profil/Medikro+GmbH-1735/ueber,http://www.medikro.de
Medilux Medizintechnik GmbH,https://www.weltzentrum-der-medizintechnik.de/profil/Medilux+Medizintechnik+GmbH-1737/ueber,http://www.medilux.de
Medino GmbH,https://www.weltzentrum-der-medizintechnik.de/profil/Medino+GmbH-1738/ueber,http://www.medino-gmbh.de
Medinorm Medizintechnik GmbH,https://www.weltzentrum-der-medizintechnik.de/profil/Medinorm+Medizintechnik+GmbH-1739/ueber,http://www.medinorm.de
Mediplast GmbH,https://www.weltzentrum-der-medizintechnik.de/profil/Mediplast+GmbH-1742/ueber,http://www.mediplast.com
Medipower Notfalltechnik,https://www.weltzentrum-der-medizintechnik.de/profil/Medipower+Notfalltechnik-1745/ueber,http://www.medipower.de
Medizin und Service GmbH,https://www.weltzentrum-der-medizintechnik.de/profil/Medizin+und+Service+GmbH-1768/ueber,https://www.medizinservice-sachsen.de/de/
Medizin-Technik und Vertrieb Juntermanns GmbH,https://www.weltzentrum-der-medizintechnik.de/profil/MedizinTechnik+und+Vertrieb+Juntermanns+GmbH-1767/ueber,http://www.juntermanns.com
Medizinelektronik Kuttner,https://www.weltzentrum-der-medizintechnik.de/profil/Medizinelektronik+Kuttner-1769/ueber,http://www.kuttner.com
Medizinio GmbH,https://www.weltzentrum-der-medizintechnik.de/profil/Medizinio+GmbH-1770/ueber,https://medizinio.de/
Medizinische Ausrüstungen Norbert Kaempf,https://www.weltzentrum-der-medizintechnik.de/profil/Medizinische+Ausruestungen+Norbert+Kaempf-1771/ueber,http://www.kaempf.com
Medizinische Hochschule Hannover,https://www.weltzentrum-der-medizintechnik.de/profil/Medizinische+Hochschule+Hannover-2741/ueber,http://www.mhh.de
Medizintechnik & Sanitätshaus Harald Kröger GmbH,https://www.weltzentrum-der-medizintechnik.de/profil/Medizintechnik+%2526+Sanitaetshaus+Harald+Kroeger+GmbH-1787/ueber,http://www.medizintechnik-kroeger.de
Medizintechnik Göttmann e.K.,https://www.weltzentrum-der-medizintechnik.de/profil/Medizintechnik+Goettmann+e.K.-1776/ueber,http://www.medeqm.de
Medizintechnik Grosspietsch,https://www.weltzentrum-der-medizintechnik.de/profil/Medizintechnik+Grosspietsch-1777/ueber,http://www.rk-grosspietsch.de
Medizintechnik Jäschke GmbH,https://www.weltzentrum-der-medizintechnik.de/profil/Medizintechnik+Jaeschke+GmbH-1778/ueber,http://www.mtj.de
Medizintechnik Jürgen K. Kranz GmbH,https://www.weltzentrum-der-medizintechnik.de/profil/Medizintechnik+Juergen+K.+Kranz+GmbH-1779/ueber,http://www.kranz-medizintechnik.de
Medizintechnik Kaasen GmbH,https://www.weltzentrum-der-medizintechnik.de/profil/Medizintechnik+Kaasen+GmbH-1780/ueber,http://www.babybeat.de
Medizintechnik Lippe Vertriebs-GmbH,https://www.weltzentrum-der-medizintechnik.de/profil/Medizintechnik+Lippe+VertriebsGmbH-1781/ueber,http://www.mtl-detmold.de
Medizintechnik MEDISA Sachsen-Anhalt GmbH,https://www.weltzentrum-der-medizintechnik.de/profil/Medizintechnik+MEDISA+SachsenAnhalt+GmbH-1783/ueber,http://www.medisa.de
Medizintechnik Maier GbR,https://www.weltzentrum-der-medizintechnik.de/profil/Medizintechnik+Maier+GbR-1782/ueber,http://www.medizintechnik-maier.de
Medizintechnik Peter Bischler,https://www.weltzentrum-der-medizintechnik.de/profil/Medizintechnik+Peter+Bischler-1784/ueber,http://www.medtech-bischler.de
Medizintechnik Promedt GmbH,https://www.weltzentrum-der-medizintechnik.de/profil/Medizintechnik+Promedt+GmbH-1785/ueber,http://www.medizintechnik-promedt.de
Medizintechnik Rostock GmbH,https://www.weltzentrum-der-medizintechnik.de/profil/Medizintechnik+Rostock+GmbH-1786/ueber,http://www.medizintechnik-rostock.de
Medizintechnik Sattler GmbH,https://www.weltzentrum-der-medizintechnik.de/profil/Medizintechnik+Sattler+GmbH-771/ueber,http://www.medizintechnik-sattler.de
Medizintechnik Steffen u. Co. GmbH,https://www.weltzentrum-der-medizintechnik.de/profil/Medizintechnik+Steffen+u.+Co.+GmbH-1788/ueber,http://www.steffen-mt.de/cms/front_content.php
Medizintechnik Werder,https://www.weltzentrum-der-medizintechnik.de/profil/Medizintechnik+Werder-1791/ueber,http://www.mtwerder.de
Medlab medizinische Diagnosegeräte GmbH,https://www.weltzentrum-der-medizintechnik.de/profil/Medlab+medizinische+Diagnosegeraete+GmbH-1793/ueber,http://www.medlab-gmbh.de
Medset Medizintechnik GmbH,https://www.weltzentrum-der-medizintechnik.de/profil/Medset+Medizintechnik+GmbH-1799/ueber,http://www.medset.com
Medshopper,https://www.weltzentrum-der-medizintechnik.de/profil/Medshopper-1800/ueber,http://www.medshopper.de
Medsorg,https://www.weltzentrum-der-medizintechnik.de/profil/Medsorg-1802/ueber,http://www.medsorg.de
Medtech-Ingenieur,https://www.weltzentrum-der-medizintechnik.de/profil/MedtechIngenieur-1804/ueber,http://www.medtech-ingenieur.de
Medtron AG,https://www.weltzentrum-der-medizintechnik.de/profil/Medtron+AG-1806/ueber,http://www.medtron.com
Medtronic GmbH,https://www.weltzentrum-der-medizintechnik.de/profil/Medtronic+GmbH-1807/ueber,http://www.metronic.com
Medug Uwe Günther,https://www.weltzentrum-der-medizintechnik.de/profil/Medug+Uwe+Guenther-1808/ueber,http://www.medug.de
Mefatech GmbH,https://www.weltzentrum-der-medizintechnik.de/profil/Mefatech+GmbH-1814/ueber,http://www.mefatech.de
MegaCor Handel mit Medizintechnik und Diagnostik GmbH,https://www.weltzentrum-der-medizintechnik.de/profil/MegaCor+Handel+mit+Medizintechnik+und+Diagnostik+GmbH-1815/ueber,http://www.megacor.de
Megamedica GmbH,https://www.weltzentrum-der-medizintechnik.de/profil/Megamedica+GmbH-1816/ueber,http://www.megamedica.de
Meintrup DWS Laborgeräte GmbH,https://www.weltzentrum-der-medizintechnik.de/profil/Meintrup+DWS+Laborgeraete+GmbH-1819/ueber,http://www.meintrup-dws.de
Memmingen,https://www.weltzentrum-der-medizintechnik.de/profil/Memmingen-11062/ueber,https://www.klinikum-memmingen.de
Mencke-Medizin-Technik,https://www.weltzentrum-der-medizintechnik.de/profil/MenckeMedizinTechnik-1823/ueber,http://mencke-medizin-technik.de
MenkeMED GmbH,https://www.weltzentrum-der-medizintechnik.de/profil/MenkeMED+GmbH-1824/ueber,http://www.menke-med.de
Merete Medical GmbH,https://www.weltzentrum-der-medizintechnik.de/profil/Merete+Medical+GmbH-1828/ueber,http://www.merete.de
Mesa Parts GmbH,https://www.weltzentrum-der-medizintechnik.de/profil/Mesa+Parts+GmbH-11453/ueber,https://mesa-parts.com/en/home.html
Messner GmbH,https://www.weltzentrum-der-medizintechnik.de/profil/Messner+GmbH-11441/ueber,https://www.messner-gmbh.de/
Metavital GmbH,https://www.weltzentrum-der-medizintechnik.de/profil/Metavital+GmbH-1831/ueber,http://www.metavital.eu
Metecon GmbH,https://www.weltzentrum-der-medizintechnik.de/profil/Metecon+GmbH-1832/ueber,http://www.metecon.de
Michael Fischer,https://www.weltzentrum-der-medizintechnik.de/profil/Michael+Fischer-1839/ueber,http://www.promedizin.de
Michael Hauser GmbH & Co. KG,https://www.weltzentrum-der-medizintechnik.de/profil/Michael+Hauser+GmbH+%2526+Co.+KG-1840/ueber,http://www.feine-chirurgische-instrumente.de
Michael Schilling GmbH & Co. KG,https://www.weltzentrum-der-medizintechnik.de/profil/Michael+Schilling+GmbH+%2526+Co.+KG-198/ueber,http://www.michaelschilling-chirurgie.de/
Michael Sonntag,https://www.weltzentrum-der-medizintechnik.de/profil/Michael+Sonntag-1842/ueber,http://www.michael-sonntag.de
Michels Endoskopie-Technik GmbH,https://www.weltzentrum-der-medizintechnik.de/profil/Michels+EndoskopieTechnik+GmbH-1843/ueber,http://www.michelsendoskopie.de
Micon Medizintechnik GmbH,https://www.weltzentrum-der-medizintechnik.de/profil/Micon+Medizintechnik+GmbH-1844/ueber,http://www.micon.info
Micro Science Medical AG,https://www.weltzentrum-der-medizintechnik.de/profil/Micro+Science+Medical+AG-1846/ueber,http://www.msm-ag.info
Micromed Medizintechnik GmbH,https://www.weltzentrum-der-medizintechnik.de/profil/Micromed+Medizintechnik+GmbH-170/ueber,http://www.micromed.com/
Micropool GmbH,https://www.weltzentrum-der-medizintechnik.de/profil/Micropool+GmbH-815/ueber,http://www.micropool.ch
Miele & Cie KG,https://www.weltzentrum-der-medizintechnik.de/profil/Miele+%2526+Cie+KG-1849/ueber,https://www.miele-professional.de
Modellbau M. Wagner,https://www.weltzentrum-der-medizintechnik.de/profil/Modellbau+M.+Wagner-1858/ueber,http://www.modellbauwagner.de
Modis GmbH,https://www.weltzentrum-der-medizintechnik.de/profil/Modis+GmbH-1859/ueber,https://www.modis.com
Mödl Orthopädie-Technik GmbH,https://www.weltzentrum-der-medizintechnik.de/profil/Moedl+OrthopaedieTechnik+GmbH-1860/ueber,http://www.moedl-ot.de
Mögel Medizintechnik Management GmbH,https://www.weltzentrum-der-medizintechnik.de/profil/Moegel+Medizintechnik+Management+GmbH-1862/ueber,http://www.mmoegel.de
Möller-Wedel GmbH & Co. KG,https://www.weltzentrum-der-medizintechnik.de/profil/MoellerWedel+GmbH+%2526+Co.+KG-1864/ueber,http://www.moeller-wedel.com
Mölnlycke Health Care GmbH,https://www.weltzentrum-der-medizintechnik.de/profil/Moelnlycke+Health+Care+GmbH-1865/ueber,http://www.molnlycke.de
Molecular Health GmbH,https://www.weltzentrum-der-medizintechnik.de/profil/Molecular+Health+GmbH-598/ueber,http://www.molecularhealth.com
Moll Engineering GmbH,https://www.weltzentrum-der-medizintechnik.de/profil/Moll+Engineering+GmbH-710/ueber,http://www.moll-engineering.de
Mondorf Medizintechnik und Arbeitssicherheit e.K.,https://www.weltzentrum-der-medizintechnik.de/profil/Mondorf+Medizintechnik+und+Arbeitssicherheit+e.K.-1867/ueber,http://www.gemomed.de
Motz GmbH,https://www.weltzentrum-der-medizintechnik.de/profil/Motz+GmbH-272/ueber,http://www.motz-gmbh.de
Müller & Bertram GmbH Medizintechnik,https://www.weltzentrum-der-medizintechnik.de/profil/Mueller+%2526+Bertram+GmbH+Medizintechnik-1893/ueber,http://www.mueller-bertram-medizintechnik.de
Müller-Medizintechnik,https://www.weltzentrum-der-medizintechnik.de/profil/MuellerMedizintechnik-1894/ueber,http://www.Mueller-medizintechnik.de
Müllerstraße,https://www.weltzentrum-der-medizintechnik.de/profil/Muellerstrasse-9305/ueber,http://www.alexianer-berlin-hedwigkliniken.de/st_hedwig_krankenhaus/home/
Münch Präzisionsdrehteile GmbH & Co. KG,https://www.weltzentrum-der-medizintechnik.de/profil/Muench+Praezisionsdrehteile+GmbH+%2526+Co.+KG-241/ueber,http://www.muench-praezision.de
"München Klinik Harlaching, München Klinik gGmbH",https://www.weltzentrum-der-medizintechnik.de/profil/Muenchen+Klinik+Harlaching%252C+Muenchen+Klinik+gGmbH-11156/ueber,https://www.muenchen-klinik.de/krankenhaus/harlaching/
"Muldentalkliniken GmbH, Gemeinnützige Gesellschaft Standort Grimma",https://www.weltzentrum-der-medizintechnik.de/profil/Muldentalkliniken+GmbH%252C+Gemeinnuetzige+Gesellschaft+Standort+Grimma-9865/ueber,http://www.kh-muldental.de/
"Muldentalkliniken GmbH, Gemeinnützige Gesellschaft Standort Wurzen",https://www.weltzentrum-der-medizintechnik.de/profil/Muldentalkliniken+GmbH%252C+Gemeinnuetzige+Gesellschaft+Standort+Wurzen-9864/ueber,http://www.kh-muldental.de/
Multec GmbH,https://www.weltzentrum-der-medizintechnik.de/profil/Multec+GmbH-490/ueber,http://www.multec.de
Multimetrix GmbH,https://www.weltzentrum-der-medizintechnik.de/profil/Multimetrix+GmbH-1895/ueber,http://www.multimetrix.com
Myrenne GmbH Spezialmaschinen + Apparatebau,https://www.weltzentrum-der-medizintechnik.de/profil/Myrenne+GmbH+Spezialmaschinen+%252B+Apparatebau-1898/ueber,http://www.myrenne.com
NATURAL ENERGY SOLUTIONS,https://www.weltzentrum-der-medizintechnik.de/profil/NATURAL+ENERGY+SOLUTIONS-1900/ueber,http://www.energy.com
NAWA HEILMITTEL GmbH,https://www.weltzentrum-der-medizintechnik.de/profil/NAWA+HEILMITTEL+GmbH-1902/ueber,http://www.nawa.com
NDI Europe GmbH,https://www.weltzentrum-der-medizintechnik.de/profil/NDI+Europe+GmbH-2416/ueber,https://www.ndieurope.com/
NECUMED Medizinprodukte · Joseph Weissenburger,https://www.weltzentrum-der-medizintechnik.de/profil/NECUMED+Medizinprodukte+%25C2%25B7+Joseph+Weissenburger-11400/ueber,http://www.necumed.de
NEXT. robotics GmbH & Co. KG,https://www.weltzentrum-der-medizintechnik.de/profil/NEXT.+robotics+GmbH+%2526+Co.+KG-329/ueber,http://www.next-robotics.de
NGL CLEANING GmbH,https://www.weltzentrum-der-medizintechnik.de/profil/NGL+CLEANING+GmbH-2449/ueber,http://www.ngl-group.com
NMI Naturwissenschaftliches und Medizinisches Institut an der Universität Tübingen,https://www.weltzentrum-der-medizintechnik.de/profil/NMI+Naturwissenschaftliches+und+Medizinisches+Institut+an+der+Universitaet+Tuebingen-624/ueber,https://www.nmi.de/de/
NORAS MRI products GmbH,https://www.weltzentrum-der-medizintechnik.de/profil/NORAS+MRI+products+GmbH-1916/ueber,http://www.noras.de
NTTF Coatings GmbH,https://www.weltzentrum-der-medizintechnik.de/profil/NTTF+Coatings+GmbH-1933/ueber,http://www.nttf-coatings.de
NT-Trading GmbH & Co. KG,https://www.weltzentrum-der-medizintechnik.de/profil/NTTrading+GmbH+%2526+Co.+KG-1932/ueber,http://www.nt-trading.com
NVT AG,https://www.weltzentrum-der-medizintechnik.de/profil/NVT+AG-619/ueber,https://www.nvt-med.com
NWD Nordwest Dental GmbH & Co. KG,https://www.weltzentrum-der-medizintechnik.de/profil/NWD+Nordwest+Dental+GmbH+%2526+Co.+KG-1936/ueber,https://www.nwd.de/home.html
Naemi-Wilke-Stift,https://www.weltzentrum-der-medizintechnik.de/profil/NaemiWilkeStift-10376/ueber,http://www.naemi-wilke-stift.de
Nagel & Goller Röntgen-Vertrie GmbH,https://www.weltzentrum-der-medizintechnik.de/profil/Nagel+%2526+Goller+RoentgenVertrie+GmbH-1899/ueber,http://www.nago-x-ray.com
Nardini Klinikum St. Elisabeth Zweibrücken,https://www.weltzentrum-der-medizintechnik.de/profil/Nardini+Klinikum+St.+Elisabeth+Zweibruecken-10378/ueber,http://www.nardiniklinikum.de
Nardini Klinikum St. Johannis,https://www.weltzentrum-der-medizintechnik.de/profil/Nardini+Klinikum+St.+Johannis-10377/ueber,http://www.nardiniklinikum.de
Naturelize GmbH,https://www.weltzentrum-der-medizintechnik.de/profil/Naturelize+GmbH-1901/ueber,http://www.naturelize.com
Neckar-Odenwald-Kliniken gGmbH,https://www.weltzentrum-der-medizintechnik.de/profil/NeckarOdenwaldKliniken+gGmbH-10379/ueber,http://www.neckar-odenwald-kliniken.de
Neomed Medizintechnik Handels- GmbH,https://www.weltzentrum-der-medizintechnik.de/profil/Neomed+Medizintechnik+Handels+GmbH-1903/ueber,https://www.neomed-medizintechnik.de/
Neovii Biotech GmbH,https://www.weltzentrum-der-medizintechnik.de/profil/Neovii+Biotech+GmbH-1904/ueber,https://neovii.com
Neuberger GmbH,https://www.weltzentrum-der-medizintechnik.de/profil/Neuberger+GmbH-273/ueber,http://www.medizinschleiftechnik.de/
Neuro Spine Center GmbH,https://www.weltzentrum-der-medizintechnik.de/profil/Neuro+Spine+Center+GmbH-9314/ueber,http://www.al-hami.de/nsc
NeuroClin Instruments GmbH,https://www.weltzentrum-der-medizintechnik.de/profil/NeuroClin+Instruments+GmbH-177/ueber,
Neuro-Competence GmbH,https://www.weltzentrum-der-medizintechnik.de/profil/NeuroCompetence+GmbH-1905/ueber,http://www.neuro-competence.de
NeuroTherm GmbH,https://www.weltzentrum-der-medizintechnik.de/profil/NeuroTherm+GmbH-1908/ueber,http://www.neurotherm.com
Neurologische Klinik Selzer GmbH,https://www.weltzentrum-der-medizintechnik.de/profil/Neurologische+Klinik+Selzer+GmbH-9276/ueber,http://selzer.de
Neurologische Klinik Sorpesee GmbH & Co. KG,https://www.weltzentrum-der-medizintechnik.de/profil/Neurologische+Klinik+Sorpesee+GmbH+%2526+Co.+KG-9995/ueber,http://www.klinik-sorpesee.de
Neurologische Klinik Westend,https://www.weltzentrum-der-medizintechnik.de/profil/Neurologische+Klinik+Westend-10388/ueber,http://www.nkw-bw.de
Neurologisches Fachkrankenhaus Zscheckwitz,https://www.weltzentrum-der-medizintechnik.de/profil/Neurologisches+Fachkrankenhaus+Zscheckwitz-10758/ueber,http://zscheckwitz.klinik-bavaria.de
Neurologisches Fachkrankenhaus für Bewegungsstörungen / Pa,https://www.weltzentrum-der-medizintechnik.de/profil/Neurologisches+Fachkrankenhaus+fuer+Bewegungsstoerungen++Pa-10458/ueber,http://www.recura-kliniken.de/kliniken/neurologisches-fachkrankenhaus-parkinson/startseite
Neurologisches Rehabilitationszentrum Godeshöhe e.V.,https://www.weltzentrum-der-medizintechnik.de/profil/Neurologisches+Rehabilitationszentrum+Godeshoehe+e.V.-9714/ueber,http://www.godeshoehe.de
Neurologisches Rehabilitationszentrum,https://www.weltzentrum-der-medizintechnik.de/profil/Neurologisches+Rehabilitationszentrum-10389/ueber,http://www.nrz-leipzig.de
Neurostar,https://www.weltzentrum-der-medizintechnik.de/profil/Neurostar-1907/ueber,http://www.neurostar.de
Neuwirth Medical Products GmbH,https://www.weltzentrum-der-medizintechnik.de/profil/Neuwirth+Medical+Products+GmbH-1909/ueber,http://www.neumedpro.de
Niels Stensen Kliniken Elisabeth-Kranknehaus Thuine,https://www.weltzentrum-der-medizintechnik.de/profil/Niels+Stensen+Kliniken+ElisabethKranknehaus+Thuine-11161/ueber,https://www.niels-stensen-kliniken.de/elisabeth-krankenhaus.html
Niels-Stensen-Kliniken Franziskus-Hospital Harderberg,https://www.weltzentrum-der-medizintechnik.de/profil/NielsStensenKliniken+FranziskusHospital+Harderberg-11159/ueber,https://www.niels-stensen-kliniken.de
Niels-Stensen-Kliniken Krankenhaus St. Raphael Ostercappeln,https://www.weltzentrum-der-medizintechnik.de/profil/NielsStensenKliniken+Krankenhaus+St.+Raphael+Ostercappeln-11160/ueber,https://www.niels-stensen-kliniken.de
Niels-Stensen-Klinikum Christliches Klinikum Melle,https://www.weltzentrum-der-medizintechnik.de/profil/NielsStensenKlinikum+Christliches+Klinikum+Melle-9265/ueber,http://niels-stensen-kliniken.de
Nihon Kohden Europe GmbH,https://www.weltzentrum-der-medizintechnik.de/profil/Nihon+Kohden+Europe+GmbH-1912/ueber,http://www.nihonkohden.de
Nispel GmbH,https://www.weltzentrum-der-medizintechnik.de/profil/Nispel+GmbH-1913/ueber,http://www.nispel.de
Nitsch Medical Inh. Gerrit Nitsch,https://www.weltzentrum-der-medizintechnik.de/profil/Nitsch+Medical+Inh.+Gerrit+Nitsch-1914/ueber,http://www.niwo-medizintechnik.de
Nöding Medizintechnik,https://www.weltzentrum-der-medizintechnik.de/profil/Noeding+Medizintechnik-1915/ueber,http://www.noeding-medizintechnik.de
Norddeutsche Chirurgiemechanik Handel GmbH,https://www.weltzentrum-der-medizintechnik.de/profil/Norddeutsche+Chirurgiemechanik+Handel+GmbH-1917/ueber,http://www.nordchirurgie.de
Nordmed Medical Produkte GmbH,https://www.weltzentrum-der-medizintechnik.de/profil/Nordmed+Medical+Produkte+GmbH-1919/ueber,http://www.nordmed.de
Nordmeditech medizinisch technische Geräte GmbH,https://www.weltzentrum-der-medizintechnik.de/profil/Nordmeditech+medizinisch+technische+Geraete+GmbH-1920/ueber,http://www.nordmeditech.de
Nordwest-Krankenhaus Sanderbusch,https://www.weltzentrum-der-medizintechnik.de/profil/NordwestKrankenhaus+Sanderbusch-10514/ueber,http://www.sanderbusch.de
Nova Med GmbH,https://www.weltzentrum-der-medizintechnik.de/profil/Nova+Med+GmbH-1921/ueber,http://www.nova-med.eu
Novoplast Schlauchtechnik GmbH,https://www.weltzentrum-der-medizintechnik.de/profil/Novoplast+Schlauchtechnik+GmbH-547/ueber,http://www.schlauchtechnik.de
Novotec Medical GmbH,https://www.weltzentrum-der-medizintechnik.de/profil/Novotec+Medical+GmbH-1926/ueber,http://www.galileo-training.com
OGI Ophthalmologische Geräte und Instrumente - Inhaber: M. Kloss,https://www.weltzentrum-der-medizintechnik.de/profil/OGI+Ophthalmologische+Geraete+und+Instrumente++Inhaber%253A+M.+Kloss-1939/ueber,http://www.ogi-berlin.de
OHST Medizintechnik AG,https://www.weltzentrum-der-medizintechnik.de/profil/OHST+Medizintechnik+AG-500/ueber,https://www.ohst.de/
OPEN MIND Technologies AG,https://www.weltzentrum-der-medizintechnik.de/profil/OPEN+MIND+Technologies+AG-2491/ueber,https://www.openmind-tech.com/de/branchen/medizin.html
OPM omnia pro medico Stuhr GmbH,https://www.weltzentrum-der-medizintechnik.de/profil/OPM+omnia+pro+medico+Stuhr+GmbH-1947/ueber,http://www.opm-stuhr.de
OPTOREHA GmbH,https://www.weltzentrum-der-medizintechnik.de/profil/OPTOREHA+GmbH-1950/ueber,http://www.optoreha.de
ORALIA medical GmbH,https://www.weltzentrum-der-medizintechnik.de/profil/ORALIA+medical+GmbH-26/ueber,http://www.oralia.com
ORMED GmbH - a cmpany of Enovis,https://www.weltzentrum-der-medizintechnik.de/profil/ORMED+GmbH++a+cmpany+of+Enovis-1955/ueber,http://www.ormed-djo.de
ORTHO-AKTIV Medizintechnik GmbH,https://www.weltzentrum-der-medizintechnik.de/profil/ORTHOAKTIV+Medizintechnik+GmbH-1957/ueber,http://www.orthoaktiv.de
OTEC Präzisionsfinish GmbH,https://www.weltzentrum-der-medizintechnik.de/profil/OTEC+Praezisionsfinish+GmbH-314/ueber,http://www.otec.de
OTHEKA medizinische Handels- und Dienstleistungs GmbH,https://www.weltzentrum-der-medizintechnik.de/profil/OTHEKA+medizinische+Handels+und+Dienstleistungs+GmbH-1966/ueber,http://www.sanihaus-praximed.de
OTS Schadock GmbH,https://www.weltzentrum-der-medizintechnik.de/profil/OTS+Schadock+GmbH-1967/ueber,https://schadock-ots.de
OXICUR Medizin-Technik Vertriebsgesellschaft mbH,https://www.weltzentrum-der-medizintechnik.de/profil/OXICUR+MedizinTechnik+Vertriebsgesellschaft+mbH-1968/ueber,http://www.oxicur.de
OZON & COLON Medizintechnik Inh. Peter Eich,https://www.weltzentrum-der-medizintechnik.de/profil/OZON+%2526+COLON+Medizintechnik+Inh.+Peter+Eich-1971/ueber,http://www.ozon.nu
Oberhavel Klinik Gransee GmbH,https://www.weltzentrum-der-medizintechnik.de/profil/Oberhavel+Klinik+Gransee+GmbH-10390/ueber,http://www.oberhavel-kliniken.de
Oberhavel Kliniken GmbH / Klinik Hennigsdorf,https://www.weltzentrum-der-medizintechnik.de/profil/Oberhavel+Kliniken+GmbH++Klinik+Hennigsdorf-10391/ueber,http://www.oberhavel-kliniken.de
Oberhavel Kliniken GmbH / Klinik Oranienburg,https://www.weltzentrum-der-medizintechnik.de/profil/Oberhavel+Kliniken+GmbH++Klinik+Oranienburg-10392/ueber,http://www.oberhavel-kliniken.de
Oberhavel Kliniken GmbH / Tagesklinik Gransee,https://www.weltzentrum-der-medizintechnik.de/profil/Oberhavel+Kliniken+GmbH++Tagesklinik+Gransee-10393/ueber,http://www.oberhavel-kliniken.de
Oder-Spree Krankenhaus GmbH,https://www.weltzentrum-der-medizintechnik.de/profil/OderSpree+Krankenhaus+GmbH-10413/ueber,http://www.os-kh.de/
Oechsler AG,https://www.weltzentrum-der-medizintechnik.de/profil/Oechsler+AG-1938/ueber,http://www.oechsler.com
Oerlikon Balzers Coating Germany GmbH,https://www.weltzentrum-der-medizintechnik.de/profil/Oerlikon+Balzers+Coating+Germany+GmbH-2464/ueber,https://www.oerlikon.com/balzers/de/de/maerkte/medizintechnische-pvd-schichten/
Oertel Medizintechnik,https://www.weltzentrum-der-medizintechnik.de/profil/Oertel+Medizintechnik-497/ueber,http://www.oertelmed.de/
Okuvision GmbH,https://www.weltzentrum-der-medizintechnik.de/profil/Okuvision+GmbH-367/ueber,https://www.okuvision.de/de/
Opticon GmbH,https://www.weltzentrum-der-medizintechnik.de/profil/Opticon+GmbH-1948/ueber,http://www.opticon-ettlingen.de
OraMetrix GmbH,https://www.weltzentrum-der-medizintechnik.de/profil/OraMetrix+GmbH-1951/ueber,http://www.orametrix.de
Ortema GmbH,https://www.weltzentrum-der-medizintechnik.de/profil/Ortema+GmbH-1956/ueber,http://www.ortema.de
Ortenau Klinikum Achern-Oberkirch (Standort Achern),https://www.weltzentrum-der-medizintechnik.de/profil/Ortenau+Klinikum+AchernOberkirch+Standort+Achern-10406/ueber,http://www.ortenau-klinikum.de
Ortenau Klinikum Lahr-Ettenheim Standort Lahr,https://www.weltzentrum-der-medizintechnik.de/profil/Ortenau+Klinikum+LahrEttenheim+Standort+Lahr-10405/ueber,http://www.ortenau-klinikum.de
Ortenau Klinikum Offenburg-Kehl Betriebsstelle Ebertplatz,https://www.weltzentrum-der-medizintechnik.de/profil/Ortenau+Klinikum+OffenburgKehl+Betriebsstelle+Ebertplatz-9266/ueber,http://offenburg-kehl.ortenau-klinikum.de/
Ortenau Klinikum Offenburg-Kehl Betriebsstelle St. Josefsklinik,https://www.weltzentrum-der-medizintechnik.de/profil/Ortenau+Klinikum+OffenburgKehl+Betriebsstelle+St.+Josefsklinik-9267/ueber,http://offenburg-kehl.ortenau-klinikum.de/
Ortho Medicor AG,https://www.weltzentrum-der-medizintechnik.de/profil/Ortho+Medicor+AG-11373/ueber,https://www.orthomedicor.info/
Ortho Select GmbH,https://www.weltzentrum-der-medizintechnik.de/profil/Ortho+Select+GmbH-181/ueber,http://www.ortho-select.de
Ortho Solutions GmbH,https://www.weltzentrum-der-medizintechnik.de/profil/Ortho+Solutions+GmbH-80/ueber,http://www.orthosolutions.de
Ortho-Medical GmbH,https://www.weltzentrum-der-medizintechnik.de/profil/OrthoMedical+GmbH-517/ueber,http://www.orthomedical.de
Orthoklinik Lüneburg GmbH,https://www.weltzentrum-der-medizintechnik.de/profil/Orthoklinik+Lueneburg+GmbH-10409/ueber,http://www.orthoklinik-lueneburg.de
Orthomed Medizinprodukte GmbH,https://www.weltzentrum-der-medizintechnik.de/profil/Orthomed+Medizinprodukte+GmbH-2406/ueber,
Orthomed Sanitätshaus GmbH,https://www.weltzentrum-der-medizintechnik.de/profil/Orthomed+Sanitaetshaus+GmbH-1959/ueber,https://www.orthomed.de
Orthopädische Fachklinik Schwarzach,https://www.weltzentrum-der-medizintechnik.de/profil/Orthopaedische+Fachklinik+Schwarzach-9994/ueber,http://www.klinik-schwarzach.de
Orthopädische Klinik Hessisch Lichtenau gGmbH,https://www.weltzentrum-der-medizintechnik.de/profil/Orthopaedische+Klinik+Hessisch+Lichtenau+gGmbH-9977/ueber,http://www.klinik-lichtenau.de
Orthopädische Klinik Markgröningen,https://www.weltzentrum-der-medizintechnik.de/profil/Orthopaedische+Klinik+Markgroeningen-11208/ueber,https://www.rkh-kliniken.de/kliniken-zentren/unsere-kliniken/orthopaedische-klinik-markgroeningen-ggmbh/
Orthopädische Universitätsklinik Friedrichsheim gGmbH,https://www.weltzentrum-der-medizintechnik.de/profil/Orthopaedische+Universitaetsklinik+Friedrichsheim+gGmbH-10412/ueber,http://www.orthopaedische-uniklinik.de
Orthopädische Werkstätten Werber GmbH,https://www.weltzentrum-der-medizintechnik.de/profil/Orthopaedische+Werkstaetten+Werber+GmbH-1964/ueber,http://www.orthopaedie-werber.de
OsteMed Klinik Bremervörde,https://www.weltzentrum-der-medizintechnik.de/profil/OsteMed+Klinik+Bremervoerde-10415/ueber,http://www.ostemed.de
Ostsee-Medizintechnik GmbH,https://www.weltzentrum-der-medizintechnik.de/profil/OstseeMedizintechnik+GmbH-1965/ueber,http://www.ostsee-medizintechnik.de
Otto Leibinger Gmbh,https://www.weltzentrum-der-medizintechnik.de/profil/Otto+Leibinger+Gmbh-5/ueber,http://www.otto-leibinger.de
Otto-Fricke-Krankenhaus,https://www.weltzentrum-der-medizintechnik.de/profil/OttoFrickeKrankenhaus-10416/ueber,http://www.otto-fricke-krankenhaus.de
PÜG Prüf- und Überwachungsgesellschaft,https://www.weltzentrum-der-medizintechnik.de/profil/P%25C3%259CG+Pruef+und+%25C3%259Cberwachungsgesellschaft-507/ueber,https://www.pueg.de/
PAAL VERTRIEBS- UND DIENSTLEISTUNGS GMBH,https://www.weltzentrum-der-medizintechnik.de/profil/PAAL+VERTRIEBS+UND+DIENSTLEISTUNGS+GMBH-1974/ueber,http://www.solarnovum.de
PAJUNK GmbH Medizintechnologie,https://www.weltzentrum-der-medizintechnik.de/profil/PAJUNK+GmbH+Medizintechnologie-20/ueber,http://www.pajunk.com/
PAR Medizintechnik GmbH & Co. KG,https://www.weltzentrum-der-medizintechnik.de/profil/PAR+Medizintechnik+GmbH+%2526+Co.+KG-1978/ueber,http://www.par-berlin.com
PATZ GmbH,https://www.weltzentrum-der-medizintechnik.de/profil/PATZ+GmbH-1980/ueber,http://www.mt-patz.de
PAUL HARTMANN AG,https://www.weltzentrum-der-medizintechnik.de/profil/PAUL+HARTMANN+AG-658/ueber,https://www.hartmann.info/de-de/
PAYER International Technologies GmbH,https://www.weltzentrum-der-medizintechnik.de/profil/PAYER+International+Technologies+GmbH-2475/ueber,https://www.payergroup.com
PD Physik + Datentechnik GmbH,https://www.weltzentrum-der-medizintechnik.de/profil/PD+Physik+%252B+Datentechnik+GmbH-1985/ueber,http://www.pd1.de
PDT GmbH,https://www.weltzentrum-der-medizintechnik.de/profil/PDT+GmbH-1986/ueber,http://www.pdt-gmbh.de
PFZ Peuker GmbH & Co. KG,https://www.weltzentrum-der-medizintechnik.de/profil/PFZ+Peuker+GmbH+%2526+Co.+KG-320/ueber,http://www.PFZ-Peuker.de
PHS Medical GmbH,https://www.weltzentrum-der-medizintechnik.de/profil/PHS+Medical+GmbH-2005/ueber,http://www.phs-medical.de
PHYSIA GmbH,https://www.weltzentrum-der-medizintechnik.de/profil/PHYSIA+GmbH-2007/ueber,http://www.physia.de
PINA® Medizintechnik Vertriebs AG,https://www.weltzentrum-der-medizintechnik.de/profil/PINA%25C2%25AE+Medizintechnik+Vertriebs+AG-2486/ueber,https://pina-med.ch/
PMS Precision Medical Specialties GmbH,https://www.weltzentrum-der-medizintechnik.de/profil/PMS+Precision+Medical+Specialties+GmbH-8/ueber,http://www.pms-tuttlingen.de/
POWERSLING GmbH & Co. KG,https://www.weltzentrum-der-medizintechnik.de/profil/POWERSLING+GmbH+%2526+Co.+KG-144/ueber,http://www.power-sling.com/
PP.rt Klink für Psychiatrie und Psychosomatik Steinenberg,https://www.weltzentrum-der-medizintechnik.de/profil/PP.rt+Klink+fuer+Psychiatrie+und+Psychosomatik+Steinenberg-10438/ueber,http://www.pprt.de
PRAXISKLINIK MÜMMELMANNSBERG der Klinikgruppe Dr. Guth GmbH & Co. KG,https://www.weltzentrum-der-medizintechnik.de/profil/PRAXISKLINIK+M%25C3%259CMMELMANNSBERG+der+Klinikgruppe+Dr.+Guth+GmbH+%2526+Co.+KG-11290/ueber,https://www.tk-pia-praxisklinik.de
PREISMED - MEDIZIN-DISCOUNT GMBH,https://www.weltzentrum-der-medizintechnik.de/profil/PREISMED++MEDIZINDISCOUNT+GMBH-2032/ueber,http://www.preismed.de
PRO-MED Instrumente GmbH,https://www.weltzentrum-der-medizintechnik.de/profil/PROMED+Instrumente+GmbH-298/ueber,http://www.pro-med-tut.de
PROMEDON GmbH,https://www.weltzentrum-der-medizintechnik.de/profil/PROMEDON+GmbH-357/ueber,https://www.promedon.com/us
PROMESS Montage- und Prüfsysteme GmbH,https://www.weltzentrum-der-medizintechnik.de/profil/PROMESS+Montage+und+Pruefsysteme+GmbH-2501/ueber,http://www.promessmontage.de
PROMOTEC-Medizintechnik GmbH,https://www.weltzentrum-der-medizintechnik.de/profil/PROMOTECMedizintechnik+GmbH-2456/ueber,http://www.promotec-medizintechnik.de
PSM Medical Solutions,https://www.weltzentrum-der-medizintechnik.de/profil/PSM+Medical+Solutions-308/ueber,http://www.psm.ms
PTU-Medical GmbH,https://www.weltzentrum-der-medizintechnik.de/profil/PTUMedical+GmbH-522/ueber,https://www.ptu-medical.de
PWB AG,https://www.weltzentrum-der-medizintechnik.de/profil/PWB+AG-11425/ueber,http://www.pwb.ch
Panasonic Marketing Europe GmbH,https://www.weltzentrum-der-medizintechnik.de/profil/Panasonic+Marketing+Europe+GmbH-1977/ueber,http://www.panasonic.de/medizinprodukte
Panoramaklinik Esslingen,https://www.weltzentrum-der-medizintechnik.de/profil/Panoramaklinik+Esslingen-11223/ueber,https://www.samariterstiftung.de/standorte/sozialpsychiatrie/esslingen/panoramaklinik-esslingen.html
Papke Verpackungstechnik GmbH,https://www.weltzentrum-der-medizintechnik.de/profil/Papke+Verpackungstechnik+GmbH-381/ueber,http://www.papke.de/
Paracelsus Klinik München,https://www.weltzentrum-der-medizintechnik.de/profil/Paracelsus+Klinik+Muenchen-11178/ueber,https://www.paracelsus-kliniken.de/muenchen
Paracelsus Krankenhaus,https://www.weltzentrum-der-medizintechnik.de/profil/Paracelsus+Krankenhaus-10423/ueber,http://www.paracelsus-krankenhaus.de
Paracelsus-Elena-Klinik,https://www.weltzentrum-der-medizintechnik.de/profil/ParacelsusElenaKlinik-11176/ueber,https://www.paracelsus-kliniken.de/kassel
Paracelsus-Klinik Adorf/Schöneck -Standort Adorf,https://www.weltzentrum-der-medizintechnik.de/profil/ParacelsusKlinik+AdorfSchoeneck+Standort+Adorf+-10419/ueber,http://www.paracelsus-kliniken.de/adorf
Paracelsus-Klinik Bad Ems,https://www.weltzentrum-der-medizintechnik.de/profil/ParacelsusKlinik+Bad+Ems-11172/ueber,https://www.paracelsus-kliniken.de/bad-ems.html
Paracelsus-Klinik Hemer GmbH,https://www.weltzentrum-der-medizintechnik.de/profil/ParacelsusKlinik+Hemer+GmbH-10794/ueber,https://paracelsus-kliniken.de/hemer
Paracelsus-Klinik Henstedt-Ulzburg,https://www.weltzentrum-der-medizintechnik.de/profil/ParacelsusKlinik+HenstedtUlzburg-11175/ueber,https://www.paracelsus-kliniken.de/henstedt-ulzburg.html
Paracelsus-Klinik am Silbersee,https://www.weltzentrum-der-medizintechnik.de/profil/ParacelsusKlinik+am+Silbersee-11177/ueber,https://www.paracelsus-kliniken.de/langenhagen.html
Park-Klinik GmbH,https://www.weltzentrum-der-medizintechnik.de/profil/ParkKlinik+GmbH-10426/ueber,http://www.park-klinik.de
Park-Klinik Weißensee,https://www.weltzentrum-der-medizintechnik.de/profil/ParkKlinik+Weissensee-11180/ueber,https://www.parkkliniken-weissensee.de/
Parkinson Klinik Ortenau,https://www.weltzentrum-der-medizintechnik.de/profil/Parkinson+Klinik+Ortenau-10425/ueber,http://www.parkinson-klinik.de
Passauer Wolf Bad Gögging - Neurologisches Zentrum für Bewegungsstörungen,https://www.weltzentrum-der-medizintechnik.de/profil/Passauer+Wolf+Bad+Goegging++Neurologisches+Zentrum+fuer+Bewegungsstoerungen-11181/ueber,https://www.passauerwolf.de/
Passauer Wolf Reha-Zentrum Bad Griesbach,https://www.weltzentrum-der-medizintechnik.de/profil/Passauer+Wolf+RehaZentrum+Bad+Griesbach-11182/ueber,https://www.passauerwolf.de/
Paul Grah GmbH,https://www.weltzentrum-der-medizintechnik.de/profil/Paul+Grah+GmbH-1981/ueber,http://www.grah-technik.de
Paul Leibinger GmbH & Co. KG,https://www.weltzentrum-der-medizintechnik.de/profil/Paul+Leibinger+GmbH+%2526+Co.+KG+-84/ueber,http://www.leibinger-group.com
Peha-Med. Geräte GmbH,https://www.weltzentrum-der-medizintechnik.de/profil/PehaMed.+Geraete+GmbH-1987/ueber,http://www.pehamed.de
Pentasil Med-Tech Engineering UG,https://www.weltzentrum-der-medizintechnik.de/profil/Pentasil+MedTech+Engineering+UG-1988/ueber,http://www.pentasil.eu
Pero-System Meßgeräte - Frank Eder,https://www.weltzentrum-der-medizintechnik.de/profil/PeroSystem+Messgeraete++Frank+Eder-1989/ueber,http://www.pero-system.de
Phlebopharm GmbH,https://www.weltzentrum-der-medizintechnik.de/profil/Phlebopharm+GmbH-2003/ueber,http://www.phlebopharm.de
Phoenix Instrument GmbH,https://www.weltzentrum-der-medizintechnik.de/profil/Phoenix+Instrument+GmbH-2004/ueber,http://www.phoenix-instrument.de
Phymed Dipl. Phys. Ing. Norbert Kinzer,https://www.weltzentrum-der-medizintechnik.de/profil/Phymed+Dipl.+Phys.+Ing.+Norbert+Kinzer-2006/ueber,http://www.phymed.de
Pierenkemper GmbH,https://www.weltzentrum-der-medizintechnik.de/profil/Pierenkemper+GmbH-2009/ueber,http://www.pierenkemper.eu
Pius-Hospital Ochtrup,https://www.weltzentrum-der-medizintechnik.de/profil/PiusHospital+Ochtrup-11188/ueber,https://www.piushospital.de/
Pleißental-Klinik GmbH,https://www.weltzentrum-der-medizintechnik.de/profil/PleissentalKlinik+GmbH-10435/ueber,http://www.pleissental-klinik.de
Pluradent AG,https://www.weltzentrum-der-medizintechnik.de/profil/Pluradent+AG-2018/ueber,http://www.pluradent.de
Polygreen Germany GmbH,https://www.weltzentrum-der-medizintechnik.de/profil/Polygreen+Germany+GmbH-2023/ueber,http://www.polygreen.net
Praezimed Service GmbH,https://www.weltzentrum-der-medizintechnik.de/profil/Praezimed+Service+GmbH-2024/ueber,http://www.praezimed.de
PraxiMed Vertriebs GmbH,https://www.weltzentrum-der-medizintechnik.de/profil/PraxiMed+Vertriebs+GmbH-2026/ueber,http://www.praximed.info
Praxicon GmbH,https://www.weltzentrum-der-medizintechnik.de/profil/Praxicon+GmbH-2025/ueber,https://praxicon.de
Praxis-Klinik Bergedorf,https://www.weltzentrum-der-medizintechnik.de/profil/PraxisKlinik+Bergedorf-10439/ueber,http://www.praxis-klinik-bergedorf.de
Praxisdesign R. Willert Einrichtungs-GmbH,https://www.weltzentrum-der-medizintechnik.de/profil/Praxisdesign+R.+Willert+EinrichtungsGmbH-2027/ueber,http://www.praxis-design.de
Praxisdienst Dieckhoff & Ratschow GmbH & Co. KG,https://www.weltzentrum-der-medizintechnik.de/profil/Praxisdienst+Dieckhoff+%2526+Ratschow+GmbH+%2526+Co.+KG-2028/ueber,http://www.praxisdienst.de
Precisemed GmbH,https://www.weltzentrum-der-medizintechnik.de/profil/Precisemed+GmbH-160/ueber,http://www.precisemed.de
Precisis AG,https://www.weltzentrum-der-medizintechnik.de/profil/Precisis+AG-518/ueber,https://precisis.de/
Preissler Medizintechnik Helmut Preissler,https://www.weltzentrum-der-medizintechnik.de/profil/Preissler+Medizintechnik+Helmut+Preissler-2033/ueber,http://www.preissler-medizintechnik.de
Preter CNC Dreh- und Frästechnik GmbH & Co. KG,https://www.weltzentrum-der-medizintechnik.de/profil/Preter+CNC+Dreh+und+Fraestechnik+GmbH+%2526+Co.+KG-533/ueber,https://www.preter.de/
PrimUS Medical Instruments GmbH,https://www.weltzentrum-der-medizintechnik.de/profil/PrimUS+Medical+Instruments+GmbH-2037/ueber,http://www.primus-ultraschall.de
Primara Test- und Zertifizier GmbH,https://www.weltzentrum-der-medizintechnik.de/profil/Primara+Test+und+Zertifizier+GmbH-2035/ueber,http://www.primara.net
Primed Halberstadt Medizintechnik GmbH,https://www.weltzentrum-der-medizintechnik.de/profil/Primed+Halberstadt+Medizintechnik+GmbH-2036/ueber,http://www.primed-halberstadt.de
PrismaPlus GmbH,https://www.weltzentrum-der-medizintechnik.de/profil/PrismaPlus+GmbH-2038/ueber,http://www.prismaplus.de
Privatklinik Bad Gleisweiler,https://www.weltzentrum-der-medizintechnik.de/profil/Privatklinik+Bad+Gleisweiler-10440/ueber,http://www.privatklinik-bad-gleisweiler.de/
Privatklinik Dr. Amelung GmbH,https://www.weltzentrum-der-medizintechnik.de/profil/Privatklinik+Dr.+Amelung+GmbH-11021/ueber,https://klinik-amelung.de/
Privatklinik Dr. Hellge,https://www.weltzentrum-der-medizintechnik.de/profil/Privatklinik+Dr.+Hellge-10087/ueber,http://www.klinikum-passau.de
Pro Medica Homecare GmbH,https://www.weltzentrum-der-medizintechnik.de/profil/Pro+Medica+Homecare+GmbH-2041/ueber,http://www.pro-medica.net
ProMeTec GmbH,https://www.weltzentrum-der-medizintechnik.de/profil/ProMeTec+GmbH-2051/ueber,http://www.prometec-mt.de/
Probe & go Labor Labordiagnostica GmbH,https://www.weltzentrum-der-medizintechnik.de/profil/Probe+%2526+go+Labor+Labordiagnostica+GmbH-2042/ueber,http://www.probe-go.de
Probe Secure GmbH,https://www.weltzentrum-der-medizintechnik.de/profil/Probe+Secure+GmbH-2043/ueber,http://www.probesecure.de
Profilectric GmbH,https://www.weltzentrum-der-medizintechnik.de/profil/Profilectric+GmbH-2046/ueber,http://www.profilectric.de
Promed Medical Parts & Equipment,https://www.weltzentrum-der-medizintechnik.de/profil/Promed+Medical+Parts+%2526+Equipment-2049/ueber,http://www.promed-online.com
Promedics Medizinische Systeme GmbH,https://www.weltzentrum-der-medizintechnik.de/profil/Promedics+Medizinische+Systeme+GmbH-2050/ueber,http://www.promedics.de
Prontomed GmbH,https://www.weltzentrum-der-medizintechnik.de/profil/Prontomed+GmbH-340/ueber,http://www.prontomed.de
Prosomno Klinik für Schlafmedizin,https://www.weltzentrum-der-medizintechnik.de/profil/Prosomno+Klinik+fuer+Schlafmedizin-10444/ueber,http://www.prosomno.de
Prosper-Hospital gGmbH,https://www.weltzentrum-der-medizintechnik.de/profil/ProsperHospital+gGmbH-10443/ueber,http://www.proselis.de/
Prosthetics-Solutions GmbH & Co KG,https://www.weltzentrum-der-medizintechnik.de/profil/ProstheticsSolutions+GmbH+%2526+Co+KG-2054/ueber,http://www.prosthetics-solutions.com
Prostop Deutschland GmbH,https://www.weltzentrum-der-medizintechnik.de/profil/Prostop+Deutschland+GmbH-2055/ueber,http://www.prostop.de
PsoriSol Hautklinik GmbH,https://www.weltzentrum-der-medizintechnik.de/profil/PsoriSol+Hautklinik+GmbH-10445/ueber,http://www.psorisol.de
PsyExpert e.K.,https://www.weltzentrum-der-medizintechnik.de/profil/PsyExpert+e.K.-2057/ueber,http://www.psyexpert.de
Psychiatrisch-Psychosomatische Klinik Celle,https://www.weltzentrum-der-medizintechnik.de/profil/PsychiatrischPsychosomatische+Klinik+Celle-10020/ueber,http://www.klinikum-celle.de
Psychiatrische Institutsambulanz für Erwachsene Bernau,https://www.weltzentrum-der-medizintechnik.de/profil/Psychiatrische+Institutsambulanz+fuer+Erwachsene+Bernau-10952/ueber,https://www.glg-gesundheit.de
Psychiatrische Klinik Lüneburg gemeinnützige GmbH,https://www.weltzentrum-der-medizintechnik.de/profil/Psychiatrische+Klinik+Lueneburg+gemeinnuetzige+GmbH-10432/ueber,http://www.pk.lueneburg.de
Psychiatrische Klinik Uelzen,https://www.weltzentrum-der-medizintechnik.de/profil/Psychiatrische+Klinik+Uelzen-10434/ueber,http://www.pk-uelzen.de/
"Psychiatrische Tagesklinik ""Villa Karlstal",https://www.weltzentrum-der-medizintechnik.de/profil/Psychiatrische+Tagesklinik+%2522Villa+Karlstal%2522-11347/ueber,https://www.zip-kiel.de
Psychiatrische Tagesklinik Amberg,https://www.weltzentrum-der-medizintechnik.de/profil/Psychiatrische+Tagesklinik+Amberg-11137/ueber,https://www.medbo.de/psychiatrie-amberg/
Psychiatrische Tagesklinik Bad Säckingen,https://www.weltzentrum-der-medizintechnik.de/profil/Psychiatrische+Tagesklinik+Bad+Saeckingen-11191/ueber,https://www.psychiatrische-tagesklinik-saeckingen.de
Psychiatrische Tagesklinik Bamberg Forchheim gemeinnützige GmbH,https://www.weltzentrum-der-medizintechnik.de/profil/Psychiatrische+Tagesklinik+Bamberg+Forchheim+gemeinnuetzige+GmbH-11270/ueber,https://www.sozialstiftung-bamberg.de/klinikum-bamberg/kliniken-und-experten/psychiatrie/psychiatrische-tagesklinik-bamberg-forchheim/
Psychiatrische Tagesklinik Heide,https://www.weltzentrum-der-medizintechnik.de/profil/Psychiatrische+Tagesklinik+Heide-9483/ueber,http://www.bruecke-sh.de
Psychiatrische Tagesklinik Lindau,https://www.weltzentrum-der-medizintechnik.de/profil/Psychiatrische+Tagesklinik+Lindau-10859/ueber,https://www.bezirkskliniken-schwaben.de/kliniken/lindau.html
Psychiatrische Tagesklinik Lörrach,https://www.weltzentrum-der-medizintechnik.de/profil/Psychiatrische+Tagesklinik+Loerrach-10733/ueber,http://www.zfp-emmendingen.de
Psychiatrische Tagesklinik Pforzheim &quotAlte Mühle&quot,https://www.weltzentrum-der-medizintechnik.de/profil/Psychiatrische+Tagesklinik+Pforzheim+%2526quotAlte+Muehle%2526quot-11074/ueber,https://www.kn-calw.de/psychiatrische-tagesklinik-pforzheim
Psychiatrische Tagesklinik Plön,https://www.weltzentrum-der-medizintechnik.de/profil/Psychiatrische+Tagesklinik+Ploen-9484/ueber,http://www.bruecke-sh.de
Psychiatrische Tagesklinik Preetz,https://www.weltzentrum-der-medizintechnik.de/profil/Psychiatrische+Tagesklinik+Preetz-9485/ueber,http://www.bruecke-sh.de
Psychiatrische Tagesklinik mit Institutsambulanz Weißenburg,https://www.weltzentrum-der-medizintechnik.de/profil/Psychiatrische+Tagesklinik+mit+Institutsambulanz+Weissenburg-9460/ueber,http://www.bezirkskliniken-mfr.de/unsere-standorte-und-kliniken/weissenburg.html
"Psychiatrische Tagesklinik und Institutsambulanz Fürth des Klinikums am Europakanal Erlangen,",https://www.weltzentrum-der-medizintechnik.de/profil/Psychiatrische+Tagesklinik+und+Institutsambulanz+Fuerth+des+Klinikums+am+Europakanal+Erlangen%252C-9458/ueber,http://www.bezirkskliniken-mfr.de
Psychiatrische Tagesklinik,https://www.weltzentrum-der-medizintechnik.de/profil/Psychiatrische+Tagesklinik-10607/ueber,http://www.tagesklinik-fn.de
Psychiatrisches Behandlungszentrum Waldshut,https://www.weltzentrum-der-medizintechnik.de/profil/Psychiatrisches+Behandlungszentrum+Waldshut-11339/ueber,https://www.zfp-reichenau.de
Psychiatrisches Krankenhaus Rickling (TK Norderstedt),https://www.weltzentrum-der-medizintechnik.de/profil/Psychiatrisches+Krankenhaus+Rickling+TK+Norderstedt-11285/ueber,https://www.tageskliniknorderstedt.de
Psychiatrisches Krankenhaus Rickling,https://www.weltzentrum-der-medizintechnik.de/profil/Psychiatrisches+Krankenhaus+Rickling-10433/ueber,http://www.pkh-rickling.de
Psychiatrisches Zentrum Nordbaden,https://www.weltzentrum-der-medizintechnik.de/profil/Psychiatrisches+Zentrum+Nordbaden-11192/ueber,https://www.pzn-wiesloch.de/
Psychosomatische Akut-Klinik Kassel-Bad Wilhelmshöhe,https://www.weltzentrum-der-medizintechnik.de/profil/Psychosomatische+AkutKlinik+KasselBad+Wilhelmshoehe-10453/ueber,http://www.psychosomatische-akut-klinik.de
Psychosomatische Klinik Bad Neustadt,https://www.weltzentrum-der-medizintechnik.de/profil/Psychosomatische+Klinik+Bad+Neustadt-9227/ueber,http://campus-nes.de/psychosomatische-klinik.html
Psychosomatische Klinik Windach,https://www.weltzentrum-der-medizintechnik.de/profil/Psychosomatische+Klinik+Windach-10122/ueber,http://www.klinik-windach.de
Psychosozialer Trägerverein Solingen e.V.,https://www.weltzentrum-der-medizintechnik.de/profil/Psychosozialer+Traegerverein+Solingen+e.V.-10454/ueber,http://www.ptv-solingen.de
Psychotherapeutisches Zentrum Kitzberg-Klinik GmbH & Co.KG,https://www.weltzentrum-der-medizintechnik.de/profil/Psychotherapeutisches+Zentrum+KitzbergKlinik+GmbH+%2526+Co.KG-10455/ueber,http://www.ptz.de/
Puracon GmbH - Niederlassung Tuttlingen,https://www.weltzentrum-der-medizintechnik.de/profil/Puracon+GmbH++Niederlassung+Tuttlingen-453/ueber,http://www.puracon.com
"QMS Medizintechnik, Inh. Adalbert Deppner",https://www.weltzentrum-der-medizintechnik.de/profil/QMS+Medizintechnik%252C+Inh.+Adalbert+Deppner-2061/ueber,http://www.qms-medizintechnik.de
QTM Consulting GmbH u. Co. KG,https://www.weltzentrum-der-medizintechnik.de/profil/QTM+Consulting+GmbH+u.+Co.+KG-2434/ueber,https://www.qtm-consulting.com
QUALIMED Innovative Medizinprodukte GmbH,https://www.weltzentrum-der-medizintechnik.de/profil/QUALIMED+Innovative+Medizinprodukte+GmbH-2062/ueber,http://www.qualimed.de
QUALIMED pro communitate,https://www.weltzentrum-der-medizintechnik.de/profil/QUALIMED+pro+communitate-2063/ueber,http://www.qualimed-online.de
Quality Analysis GmbH,https://www.weltzentrum-der-medizintechnik.de/profil/Quality+Analysis+GmbH-498/ueber,https://www.qa-group.com/
Quant Medtechnik GmbH,https://www.weltzentrum-der-medizintechnik.de/profil/Quant+Medtechnik+GmbH-2064/ueber,http://www.medtechnika.de
R. Brandau & Sohn GmbH & Co. KG,https://www.weltzentrum-der-medizintechnik.de/profil/R.+Brandau+%2526+Sohn+GmbH+%2526+Co.+KG-2065/ueber,http://www.brandau-kassel.de
R. Cegla GmbH & Co. KG,https://www.weltzentrum-der-medizintechnik.de/profil/R.+Cegla+GmbH+%2526+Co.+KG-2066/ueber,http://www.cegla.de/
R. Schmitt-Haverkamp GmbH & Co. KG,https://www.weltzentrum-der-medizintechnik.de/profil/R.+SchmittHaverkamp+GmbH+%2526+Co.+KG-2067/ueber,http://www.schmitt-haverkamp.de
RABS-MedTec Praxisbedarf Diagnose- und Therapieberatung,https://www.weltzentrum-der-medizintechnik.de/profil/RABSMedTec+Praxisbedarf+Diagnose+und+Therapieberatung-2068/ueber,http://www.rabs-medtec.de
RAGOPLAN Network GmbH,https://www.weltzentrum-der-medizintechnik.de/profil/RAGOPLAN+Network+GmbH-2072/ueber,http://www.ragoplan.de
RALPH BRITZ ZAHNTECHNIK GMBH,https://www.weltzentrum-der-medizintechnik.de/profil/RALPH+BRITZ+ZAHNTECHNIK+GMBH-2073/ueber,http://www.britz-zahntechnik.de
R-Druck,https://www.weltzentrum-der-medizintechnik.de/profil/RDruck-11378/ueber,http://r-druck.de
RECARA Dienstleistungs- und Handelsgesellschaft mbH,https://www.weltzentrum-der-medizintechnik.de/profil/RECARA+Dienstleistungs+und+Handelsgesellschaft+mbH-2075/ueber,http://www.recara.de
REDIGER GmbH,https://www.weltzentrum-der-medizintechnik.de/profil/REDIGER+GmbH-2077/ueber,http://www.rediger.de
REGIOMED Klinikum Lichtenfels,https://www.weltzentrum-der-medizintechnik.de/profil/REGIOMED+Klinikum+Lichtenfels-10459/ueber,http://www.regiomed-kliniken.de
REIMERS & JANSSEN GmbH,https://www.weltzentrum-der-medizintechnik.de/profil/REIMERS+%2526+JANSSEN+GmbH-2087/ueber,http://www.rj-laser.com
REITT & MEYER LABOR FÜR INNOVATIVE ZAHNTECHNIK GMBH,https://www.weltzentrum-der-medizintechnik.de/profil/REITT+%2526+MEYER+LABOR+F%25C3%259CR+INNOVATIVE+ZAHNTECHNIK+GMBH-2096/ueber,http://www.reitt-meyer.de
REMA Medizintechnik GmbH,https://www.weltzentrum-der-medizintechnik.de/profil/REMA+Medizintechnik+GmbH-2098/ueber,http://www.rema-surgery.com
RESORBA Medical GmbH,https://www.weltzentrum-der-medizintechnik.de/profil/RESORBA+Medical+GmbH-2103/ueber,http://www.resorba.com
RGenau Medical GmbH & Co. KG,https://www.weltzentrum-der-medizintechnik.de/profil/RGenau+Medical+GmbH+%2526+Co.+KG-11402/ueber,http://www.rgenau-medical.de
RISA GmbH,https://www.weltzentrum-der-medizintechnik.de/profil/RISA+GmbH-189/ueber,http://risa-germany.eu/
RKU - Universitäts- und Rehabilitationskliniken Ulm gGmbH,https://www.weltzentrum-der-medizintechnik.de/profil/RKU++Universitaets+und+Rehabilitationskliniken+Ulm+gGmbH-10477/ueber,http://www.rku.de
RM-medico med. Geräte GmbH,https://www.weltzentrum-der-medizintechnik.de/profil/RMmedico+med.+Geraete+GmbH-2115/ueber,http://www.rm-medico.de
ROB Cemtrex GmbH,https://www.weltzentrum-der-medizintechnik.de/profil/ROB+Cemtrex+GmbH-2117/ueber,http://www.robcemtrex.com
ROSENHÄGER GMBH & CO. KG,https://www.weltzentrum-der-medizintechnik.de/profil/ROSENH%25C3%2584GER+GMBH+%2526+CO.+KG-2129/ueber,http://www.sanitaetshaus-rosenhaeger.de
RS Meditec Healthcare GmbH,https://www.weltzentrum-der-medizintechnik.de/profil/RS+Meditec+Healthcare+GmbH-2131/ueber,http://www.rs-meditec.de
RS Medizintechnik GmbH,https://www.weltzentrum-der-medizintechnik.de/profil/RS+Medizintechnik+GmbH-2133/ueber,http://www.rs-medizintechnik.de
RS medizintechnik baunatal Inh. Heike Rohloff-Soose,https://www.weltzentrum-der-medizintechnik.de/profil/RS+medizintechnik+baunatal+Inh.+Heike+RohloffSoose-2132/ueber,http://www.medizinprodukte.de
RS-technik CAD-CAM GmbH,https://www.weltzentrum-der-medizintechnik.de/profil/RStechnik+CADCAM+GmbH-242/ueber,http://www.rs-technik.com
RUDOLF Medical GmbH + Co. KG,https://www.weltzentrum-der-medizintechnik.de/profil/RUDOLF+Medical+GmbH+%252B+Co.+KG+-788/ueber,http://www.rudolf-med.com/de/
RUF Medizintechnik / futuRad / Bogenschießen,https://www.weltzentrum-der-medizintechnik.de/profil/RUF+Medizintechnik++futuRad++Bogenschiessen-2135/ueber,http://www.futuRad.de
RVC Medical IT GmbH,https://www.weltzentrum-der-medizintechnik.de/profil/RVC+Medical+IT+GmbH-2137/ueber,http://www.gemed.de
Rack Präzisionstechnik GmbH & Co. KG,https://www.weltzentrum-der-medizintechnik.de/profil/Rack+Praezisionstechnik+GmbH+%2526+Co.+KG-607/ueber,https://helmut-rack.de/
Radim Deutschland GmbH,https://www.weltzentrum-der-medizintechnik.de/profil/Radim+Deutschland+GmbH-2070/ueber,http://www.radim.com
Rahm GmbH & Co. KG,https://www.weltzentrum-der-medizintechnik.de/profil/Rahm+GmbH+%2526+Co.+KG-597/ueber,https://www.klaus-rahm-drehteile.de/
Ramme Drehteile GmbH,https://www.weltzentrum-der-medizintechnik.de/profil/Ramme+Drehteile+GmbH-2397/ueber,
Rangauklinik Ansbach,https://www.weltzentrum-der-medizintechnik.de/profil/Rangauklinik+Ansbach-10456/ueber,http://www.rangauklinik.de
ReWa GmbH,https://www.weltzentrum-der-medizintechnik.de/profil/ReWa+GmbH-2105/ueber,http://www.rewa-shop.de
Rebopharm ArzneimittelvertriebsGmbH,https://www.weltzentrum-der-medizintechnik.de/profil/Rebopharm+ArzneimittelvertriebsGmbH-2074/ueber,http://www.rebopharm.de
Rebstock Instruments GmbH,https://www.weltzentrum-der-medizintechnik.de/profil/Rebstock+Instruments+GmbH-4/ueber,http://www.rebstock.de
Rees Zerspanungstechnik GmbH,https://www.weltzentrum-der-medizintechnik.de/profil/Rees+Zerspanungstechnik+GmbH-769/ueber,http://www.rees-zerspanungstechnik.de
Regio Kliniken GmbH - Tagesklinik Norderstedt,https://www.weltzentrum-der-medizintechnik.de/profil/Regio+Kliniken+GmbH++Tagesklinik+Norderstedt-11240/ueber,https://www.sana.de/regiokliniken
Reha & Medi Hoffmann GmbH,https://www.weltzentrum-der-medizintechnik.de/profil/Reha+%2526+Medi+Hoffmann+GmbH-2082/ueber,http://www.rehamedi.de
Reha-Team Bremen Medizintechnik GmbH,https://www.weltzentrum-der-medizintechnik.de/profil/RehaTeam+Bremen+Medizintechnik+GmbH-2084/ueber,http://www.reha-team-bremen.de
Reha-Zentrum Nittenau GmbH,https://www.weltzentrum-der-medizintechnik.de/profil/RehaZentrum+Nittenau+GmbH-11183/ueber,https://www.passauerwolf.de/
Reha-aktiv GmbH,https://www.weltzentrum-der-medizintechnik.de/profil/Rehaaktiv+GmbH-2080/ueber,http://www.reha-aktiv-chemnitz.de
Rehfuss-Singer CNC-Schleiftechnik,https://www.weltzentrum-der-medizintechnik.de/profil/RehfussSinger+CNCSchleiftechnik-651/ueber,http://www.rehfuss-singer.de
Reiser Maschinenbau AG,https://www.weltzentrum-der-medizintechnik.de/profil/Reiser+Maschinenbau+AG-787/ueber,http://www.reiser.ag
Rems-Murr-Klinikum Winnenden,https://www.weltzentrum-der-medizintechnik.de/profil/RemsMurrKlinikum+Winnenden-10467/ueber,http://www.rems-murr-kliniken.de
Renz Medizintechnik Handelsgesellschaft mbH,https://www.weltzentrum-der-medizintechnik.de/profil/Renz+Medizintechnik+Handelsgesellschaft+mbH-2099/ueber,http://www.renz-med.de
ResMed Germany Inc.,https://www.weltzentrum-der-medizintechnik.de/profil/ResMed+Germany+Inc.-2102/ueber,http://www.resmed.de
Rescue Trade OHG,https://www.weltzentrum-der-medizintechnik.de/profil/Rescue+Trade+OHG-2101/ueber,http://www.rescuetrade.de
RfQ-Medizintechnik GmbH & Co. KG,https://www.weltzentrum-der-medizintechnik.de/profil/RfQMedizintechnik+GmbH+%2526+Co.+KG-2/ueber,https://www.rfq.de/willkommen
Rhein-Maas Klinikum,https://www.weltzentrum-der-medizintechnik.de/profil/RheinMaas+Klinikum-10469/ueber,http://www.rheinmaasklinikum.de
Rhein-Mosel-Fachklinik,https://www.weltzentrum-der-medizintechnik.de/profil/RheinMoselFachklinik-10470/ueber,http://www.rhein-mosel-fachklinik-andernach.de
Rheinhessen-Fachklinik Alzey,https://www.weltzentrum-der-medizintechnik.de/profil/RheinhessenFachklinik+Alzey-10468/ueber,http://www.rheinhessen-fachklinik-alzey.de
Rheinland Klinikum Dormagen,https://www.weltzentrum-der-medizintechnik.de/profil/Rheinland+Klinikum+Dormagen-10799/ueber,https://rheinlandklinikum.de/
Rheinland Klinikum Grevenbroich Elisabethkrankenhaus,https://www.weltzentrum-der-medizintechnik.de/profil/Rheinland+Klinikum+Grevenbroich+Elisabethkrankenhaus-10798/ueber,https://rheinlandklinikum.de/
Rheinland Klinikum Neuss GmbH - Rheintor Klinik,https://www.weltzentrum-der-medizintechnik.de/profil/Rheinland+Klinikum+Neuss+GmbH++Rheintor+Klinik-10471/ueber,http://www.rheintorklinik.de
Rheuma-Klinik Dr. Lauven,https://www.weltzentrum-der-medizintechnik.de/profil/RheumaKlinik+Dr.+Lauven-10472/ueber,http://www.rheumaklinik-dr.lauven.de
Rheumaklinik Ostbayern,https://www.weltzentrum-der-medizintechnik.de/profil/Rheumaklinik+Ostbayern-9236/ueber,http://ge-passau.de/kliniken-schulen/rheumaklinik-ostbayern/
Rheumazentrum Rheinland-Pfalz,https://www.weltzentrum-der-medizintechnik.de/profil/Rheumazentrum+RheinlandPfalz-10778/ueber,https://rheumazentrum-rlp.de/
Rheumazentrum Ruhrgebiet,https://www.weltzentrum-der-medizintechnik.de/profil/Rheumazentrum+Ruhrgebiet-10473/ueber,http://www.rheumazentrum-ruhrgebiet.de/
Richard Wolf GmbH,https://www.weltzentrum-der-medizintechnik.de/profil/Richard+Wolf+GmbH-2110/ueber,https://www.richard-wolf.com/en/
Richardson Electronics GmbH,https://www.weltzentrum-der-medizintechnik.de/profil/Richardson+Electronics+GmbH-399/ueber,https://www.canvys.de/
Richter Reha Technik Richter R.M.S. GmbH,https://www.weltzentrum-der-medizintechnik.de/profil/Richter+Reha+Technik+Richter+R.M.S.+GmbH-2111/ueber,http://www.richter-reha-technik.de
Riede Instrumente,https://www.weltzentrum-der-medizintechnik.de/profil/Riede+Instrumente-188/ueber,
Rieger GmbH,https://www.weltzentrum-der-medizintechnik.de/profil/Rieger+GmbH-786/ueber,https://www.rieger-gmbh.com/
Ritzi Industriedrucktechnik GmbH,https://www.weltzentrum-der-medizintechnik.de/profil/Ritzi+Industriedrucktechnik+GmbH-2401/ueber,
RoMed Klinik Bad Aibling,https://www.weltzentrum-der-medizintechnik.de/profil/RoMed+Klinik+Bad+Aibling-11211/ueber,https://www.romed-kliniken.de/de/bad-aibling/die-klinik-im-ueberblick.htm
RoMed Klinik Prien am Chiemsee,https://www.weltzentrum-der-medizintechnik.de/profil/RoMed+Klinik+Prien+am+Chiemsee-10482/ueber,http://www.romed-kliniken.de
RoMed Klinik Wasserburg am Inn,https://www.weltzentrum-der-medizintechnik.de/profil/RoMed+Klinik+Wasserburg+am+Inn-11212/ueber,https://www.romed-kliniken.de/de/wasserburg/die-klinik-im-ueberblick.htm
RoMed Klinikum Rosenheim,https://www.weltzentrum-der-medizintechnik.de/profil/RoMed+Klinikum+Rosenheim-11210/ueber,https://www.romed-kliniken.de/
Robert-Bosch-Krankenhaus,https://www.weltzentrum-der-medizintechnik.de/profil/RobertBoschKrankenhaus-10457/ueber,http://www.rbk.de/
Robert-Koch-Krankenhaus Apolda GmbH,https://www.weltzentrum-der-medizintechnik.de/profil/RobertKochKrankenhaus+Apolda+GmbH-11209/ueber,https://www.rkk-apolda.de/
Robin GmbH,https://www.weltzentrum-der-medizintechnik.de/profil/Robin+GmbH-2118/ueber,http://www.robin-solutions.com
RoboDent GmbH,https://www.weltzentrum-der-medizintechnik.de/profil/RoboDent+GmbH-2119/ueber,http://www.robodent.com
Roesys GmbH,https://www.weltzentrum-der-medizintechnik.de/profil/Roesys+GmbH-2120/ueber,http://www.roesys.de
Roland Klinik gGmbH,https://www.weltzentrum-der-medizintechnik.de/profil/Roland+Klinik+gGmbH-10481/ueber,http://www.roland-klinik.de
Rolf Babbe Vertriebs-GmbH,https://www.weltzentrum-der-medizintechnik.de/profil/Rolf+Babbe+VertriebsGmbH-2123/ueber,http://www.babbe.de
Rometsch GmbH,https://www.weltzentrum-der-medizintechnik.de/profil/Rometsch+GmbH-2125/ueber,https://www.rometsch-heilbronn.de
Rominger Medizintechnik GmbH,https://www.weltzentrum-der-medizintechnik.de/profil/Rominger+Medizintechnik+GmbH-78/ueber,http://www.romingermed.de
Rommel-Klinik GmbH,https://www.weltzentrum-der-medizintechnik.de/profil/RommelKlinik+GmbH-10483/ueber,http://www.rommel-klinik.de
Rotec Medizintechnik GmbH,https://www.weltzentrum-der-medizintechnik.de/profil/Rotec+Medizintechnik+GmbH-2130/ueber,http://www.rotec-medizintechnik.de
Rotes Kreuz Krankenhaus Bremen gGmbH,https://www.weltzentrum-der-medizintechnik.de/profil/Rotes+Kreuz+Krankenhaus+Bremen+gGmbH-10484/ueber,http://www.roteskreuzkrankenhaus.de
Roth Medizintechnik,https://www.weltzentrum-der-medizintechnik.de/profil/Roth+Medizintechnik-37/ueber,
Rotkreuzklinik Lindenberg gGmbH,https://www.weltzentrum-der-medizintechnik.de/profil/Rotkreuzklinik+Lindenberg+gGmbH-10487/ueber,http://www.rotkreuzklinik-lindenberg.de/
Rotkreuzklinik Würzburg gGmbH,https://www.weltzentrum-der-medizintechnik.de/profil/Rotkreuzklinik+Wuerzburg+gGmbH-10491/ueber,http://www.rotkreuzklinik-wuerzburg.de
Rottal-Inn Kliniken KU - Psychosomatische Fachklinik,https://www.weltzentrum-der-medizintechnik.de/profil/RottalInn+Kliniken+KU++Psychosomatische+Fachklinik-10492/ueber,http://www.rottalinnkliniken.de
Rottal-Inn Kliniken Kommunalunternehmen (KU),https://www.weltzentrum-der-medizintechnik.de/profil/RottalInn+Kliniken+Kommunalunternehmen+KU-10493/ueber,http://www.rottalinnkliniken.de/
Rudi Müller Medizintechnik,https://www.weltzentrum-der-medizintechnik.de/profil/Rudi+Mueller+Medizintechnik-2134/ueber,http://www.rudimueller-med.de
Rudischhauser Surgical Instruments & Implants Manufacturing GmbH,https://www.weltzentrum-der-medizintechnik.de/profil/Rudischhauser+Surgical+Instruments+%2526+Implants+Manufacturing+GmbH-191/ueber,http://www.rudischhauser.com/
Rudolf Manz GmbH & Co. KG,https://www.weltzentrum-der-medizintechnik.de/profil/Rudolf+Manz+GmbH+%2526+Co.+KG-263/ueber,http://www.manz-kg.de
Rudolf Storz GmbH,https://www.weltzentrum-der-medizintechnik.de/profil/Rudolf+Storz+GmbH-468/ueber,http://www.rudolf-storz.de/
Rudolf Virchow Klinikum Glauchau,https://www.weltzentrum-der-medizintechnik.de/profil/Rudolf+Virchow+Klinikum+Glauchau-10045/ueber,http://www.klinikum-glauchau.de/
Ruetschi Technology GmbH,https://www.weltzentrum-der-medizintechnik.de/profil/Ruetschi+Technology+GmbH-356/ueber,https://www.ruetschi.com
Ruhrpharm AG,https://www.weltzentrum-der-medizintechnik.de/profil/Ruhrpharm+AG-2136/ueber,http://www.ruhrpharm.de
S+N Medizinbedarf Handels-GmbH,https://www.weltzentrum-der-medizintechnik.de/profil/S%252BN+Medizinbedarf+HandelsGmbH-2139/ueber,http://www.dubinsky-medizintechnik.com
S & R Instruments GmbH,https://www.weltzentrum-der-medizintechnik.de/profil/S+%2526+R+Instruments+GmbH-736/ueber,http://www.sr-instruments.de/
S & U Medizintechnik GmbH,https://www.weltzentrum-der-medizintechnik.de/profil/S+%2526+U+Medizintechnik+GmbH-2141/ueber,http://www.su-medizintechnik.de
SALOG GmbH,https://www.weltzentrum-der-medizintechnik.de/profil/SALOG+GmbH-2148/ueber,http://www.salzmann-group.ch
SANIMED GmbH,https://www.weltzentrum-der-medizintechnik.de/profil/SANIMED+GmbH-2153/ueber,http://www.sanimed.de
SANITÄTSHAUS KLEIN INH. KLAUS LENG,https://www.weltzentrum-der-medizintechnik.de/profil/SANIT%25C3%2584TSHAUS+KLEIN+INH.+KLAUS+LENG-2160/ueber,http://www.sani-klein.de
SANITÄTSHAUS PFÄNDeutschlandR INH. MIKE DeutschlandHN E.K.,https://www.weltzentrum-der-medizintechnik.de/profil/SANIT%25C3%2584TSHAUS+PF%25C3%2584NDeutschlandR+INH.+MIKE+DeutschlandHN+E.K.-2162/ueber,http://www.pfaender-freiburg.de
SAUTER METALL GmbH,https://www.weltzentrum-der-medizintechnik.de/profil/SAUTER+METALL+GmbH-2437/ueber,http://www.sauter-metall.com
SCHREIBER GmbH,https://www.weltzentrum-der-medizintechnik.de/profil/SCHREIBER+GmbH-138/ueber,http://www.schreibergmbh.de/
SCHWERT - A. Schweickhardt GmbH & Co. KG,https://www.weltzentrum-der-medizintechnik.de/profil/SCHWERT++A.+Schweickhardt+GmbH+%2526+Co.+KG-85/ueber,http://www.schwert.com
SCHWIND eye-tech-solutions GmbH & Co. KG,https://www.weltzentrum-der-medizintechnik.de/profil/SCHWIND+eyetechsolutions+GmbH+%2526+Co.+KG-2191/ueber,http://www.eye-tech-solutions.com
SCIVIAS Caritas gGmbH St. Valentinus Krankenhaus,https://www.weltzentrum-der-medizintechnik.de/profil/SCIVIAS+Caritas+gGmbH+St.+Valentinus+Krankenhaus-10541/ueber,http://www.scivias-caritas.de
SCIVIAS Caritas gGmbH St. Valentinus-Krankenhaus,https://www.weltzentrum-der-medizintechnik.de/profil/SCIVIAS+Caritas+gGmbH+St.+ValentinusKrankenhaus-10542/ueber,http://www.scivias-caritas.de/
SCM Service-Center Koblenz e.K.,https://www.weltzentrum-der-medizintechnik.de/profil/SCM+ServiceCenter+Koblenz+e.K.-2196/ueber,http://www.scm-koblenz.de
SERIMED GmbH & Co. KG,https://www.weltzentrum-der-medizintechnik.de/profil/SERIMED+GmbH+%2526+Co.+KG-2210/ueber,http://www.serimed.com
"SHG-Kliniken Sonnenberg, Standort Halberg",https://www.weltzentrum-der-medizintechnik.de/profil/SHGKliniken+Sonnenberg%252C+Standort+Halberg-9273/ueber,http://sb.shg-kliniken.de
SHG-Kliniken Völklingen,https://www.weltzentrum-der-medizintechnik.de/profil/SHGKliniken+Voelklingen-9279/ueber,http://vk.shg-kliniken.de/
SIMEON Medical GmbH & Co. KG,https://www.weltzentrum-der-medizintechnik.de/profil/SIMEON+Medical+GmbH+%2526+Co.+KG-21/ueber,http://www.simeonmedical.com/
SINEXYS GmbH,https://www.weltzentrum-der-medizintechnik.de/profil/SINEXYS+GmbH-2220/ueber,https://www.sinexys.com/
SINOVA Ravensburg,https://www.weltzentrum-der-medizintechnik.de/profil/SINOVA+Ravensburg-11344/ueber,https://www.zfp-web.de/
SK GmbH-Neurologisches Zentrum,https://www.weltzentrum-der-medizintechnik.de/profil/SK+GmbHNeurologisches+Zentrum-10545/ueber,http://www.segebergerkliniken.de
SK GmbH-Psychosomatische Tagesklinik,https://www.weltzentrum-der-medizintechnik.de/profil/SK+GmbHPsychosomatische+Tagesklinik-10546/ueber,http://www.segebergerkliniken.de
SK GmbH-Standort Praxisklinik Norderstedt,https://www.weltzentrum-der-medizintechnik.de/profil/SK+GmbHStandort+Praxisklinik+Norderstedt-10549/ueber,http://www.segebergerkliniken.de
SKIN JET GmbH,https://www.weltzentrum-der-medizintechnik.de/profil/SKIN+JET+GmbH-2222/ueber,http://www.skin-jet.com
S-L-E Germany GmbH,https://www.weltzentrum-der-medizintechnik.de/profil/SLE+Germany+GmbH-2138/ueber,http://www.sle-germany.de
SLK-Kliniken Heilbronn GmbH - Klinikum am Gesundbrunnen,https://www.weltzentrum-der-medizintechnik.de/profil/SLKKliniken+Heilbronn+GmbH++Klinikum+am+Gesundbrunnen-10560/ueber,http://www.slk-kliniken.de/home/
SM Medizintechnik Inh. Stefan Metzger,https://www.weltzentrum-der-medizintechnik.de/profil/SM+Medizintechnik+Inh.+Stefan+Metzger-2223/ueber,http://www.sm-medizintechnik.de
SMI - Schad Medical Instruments GmbH & Co. KG,https://www.weltzentrum-der-medizintechnik.de/profil/SMI++Schad+Medical+Instruments+GmbH+%2526+Co.+KG-81/ueber,http://smi-schad.de
SMS medipool GmbH,https://www.weltzentrum-der-medizintechnik.de/profil/SMS+medipool+GmbH-2225/ueber,http://www.sms-medipool.de
SMT Medical Technology GmbH & Co. KG,https://www.weltzentrum-der-medizintechnik.de/profil/SMT+Medical+Technology+GmbH+%2526+Co.+KG-2226/ueber,http://www.smt-medical.com
SMT Schilling Metalltechnik GmbH,https://www.weltzentrum-der-medizintechnik.de/profil/SMT+Schilling+Metalltechnik+GmbH-180/ueber,http://www.smt-metalltechnik.de/
SN.B-HTE UG (haftungsbeschränkt),https://www.weltzentrum-der-medizintechnik.de/profil/SN.BHTE+UG+haftungsbeschraenkt-2227/ueber,http://www.snb-hte.de
SOL-Medizintechnik GmbH,https://www.weltzentrum-der-medizintechnik.de/profil/SOLMedizintechnik+GmbH-2229/ueber,http://www.dastutgut.net
SOMATEX Medical Technologies GmbH,https://www.weltzentrum-der-medizintechnik.de/profil/SOMATEX+Medical+Technologies+GmbH-2232/ueber,http://www.somatex.com
SOMI medical GmbH,https://www.weltzentrum-der-medizintechnik.de/profil/SOMI+medical+GmbH-452/ueber,http://www.somi-medical.com
SOMNOmedics GmbH,https://www.weltzentrum-der-medizintechnik.de/profil/SOMNOmedics+GmbH-2233/ueber,http://www.somnomedics.de
SONOTREND,https://www.weltzentrum-der-medizintechnik.de/profil/SONOTREND-2235/ueber,http://www.sonotrend.de
SONOZENTRUM Berg,https://www.weltzentrum-der-medizintechnik.de/profil/SONOZENTRUM+Berg-2237/ueber,http://www.sonozentrum.de
SPEAD Doppler-Systeme Vertriebs GmbH,https://www.weltzentrum-der-medizintechnik.de/profil/SPEAD+DopplerSysteme+Vertriebs+GmbH-2239/ueber,http://www.spead.de
SPIN Sennwitz & Partner Ingenieurbüro Gesellschaft für Geräteprüfung mbH,https://www.weltzentrum-der-medizintechnik.de/profil/SPIN+Sennwitz+%2526+Partner+Ingenieurbuero+Gesellschaft+fuer+Geraetepruefung+mbH-2242/ueber,http://www.spin-gmbh.de
SPINENDOS GmbH,https://www.weltzentrum-der-medizintechnik.de/profil/SPINENDOS+GmbH-2243/ueber,http://www.spinendos.com
SPREITZER GmbH & Co. KG,https://www.weltzentrum-der-medizintechnik.de/profil/SPREITZER+GmbH+%2526+Co.+KG-404/ueber,https://www.spreitzer.de
SPRINTEX Trainingsgeräte GmbH,https://www.weltzentrum-der-medizintechnik.de/profil/SPRINTEX+Trainingsgeraete+GmbH-2244/ueber,http://www.sprintex.de
SPT Roth Ltd,https://www.weltzentrum-der-medizintechnik.de/profil/SPT+Roth+Ltd++-770/ueber,http://www.smallprecisiontools.com/
SQ Products AG,https://www.weltzentrum-der-medizintechnik.de/profil/SQ+Products+AG-732/ueber,http://www.sqproducts.ch/
SRH Fachkrankenhaus Neresheim GmbH,https://www.weltzentrum-der-medizintechnik.de/profil/SRH+Fachkrankenhaus+Neresheim+GmbH-9678/ueber,https://www.fachkrankenhaus-neresheim.de/
SRH Klinikum Karlsbad-Langensteinbach GmbH,https://www.weltzentrum-der-medizintechnik.de/profil/SRH+Klinikum+KarlsbadLangensteinbach+GmbH-10051/ueber,http://www.klinikum-karlsbad.de
SRH Klinikum Zeitz,https://www.weltzentrum-der-medizintechnik.de/profil/SRH+Klinikum+Zeitz-10019/ueber,http://www.klinikum-burgenlandkreis.de
SRH Krankenhaus Oberndorf a.N.,https://www.weltzentrum-der-medizintechnik.de/profil/SRH+Krankenhaus+Oberndorf+a.N.-10183/ueber,http://www.krankenhaus-oberndorf.de
SRH Krankenhaus Sigmaringen,https://www.weltzentrum-der-medizintechnik.de/profil/SRH+Krankenhaus+Sigmaringen-11036/ueber,https://www.kliniken-sigmaringen.de/
SRH Krankenhaus Waltershausen-Friedrichroda GmbH,https://www.weltzentrum-der-medizintechnik.de/profil/SRH+Krankenhaus+WaltershausenFriedrichroda+GmbH-10202/ueber,http://www.krankenhaus-waltershausen-friedrichroda.de/
SRH Kurpfalzkrankenhaus Heidelberg GmbH,https://www.weltzentrum-der-medizintechnik.de/profil/SRH+Kurpfalzkrankenhaus+Heidelberg+GmbH-10218/ueber,http://www.kurpfalzkrankenhaus.de/
SRH Wald-Klinikum Gera GmbH,https://www.weltzentrum-der-medizintechnik.de/profil/SRH+WaldKlinikum+Gera+GmbH-10712/ueber,http://www.waldklinikumgera.de
SRH Zentralklinikum Suhl GmbH,https://www.weltzentrum-der-medizintechnik.de/profil/SRH+Zentralklinikum+Suhl+GmbH-10732/ueber,http://www.zentralklinikum-suhl.de
SRI Rechtsanwaltsgesellschaft mbH,https://www.weltzentrum-der-medizintechnik.de/profil/SRI+Rechtsanwaltsgesellschaft+mbH-2245/ueber,http://www.sri.de
STEIGER GALVANOTECHNIQUE SA,https://www.weltzentrum-der-medizintechnik.de/profil/STEIGER+GALVANOTECHNIQUE+SA-685/ueber,http://www.steiger.ch/
STEMA Medizintechnik GmbH,https://www.weltzentrum-der-medizintechnik.de/profil/STEMA+Medizintechnik+GmbH-89/ueber,http://www.stema-medizintechnik.de
STENUM Ortho GmbH,https://www.weltzentrum-der-medizintechnik.de/profil/STENUM+Ortho+GmbH-10582/ueber,http://www.stenum-ortho.de/
STORZ & BICKEL GmbH & Co. KG,https://www.weltzentrum-der-medizintechnik.de/profil/STORZ+%2526+BICKEL+GmbH+%2526+Co.+KG-551/ueber,http://www.storz-bickel.com
STR CNC-Technik GmbH,https://www.weltzentrum-der-medizintechnik.de/profil/STR+CNCTechnik+GmbH-264/ueber,http://www.st-r.de
STROMBOLI GmbH,https://www.weltzentrum-der-medizintechnik.de/profil/STROMBOLI+GmbH-2260/ueber,http://www.stromboli.de
STRUB MEDICAL GmbH & Co. KG,https://www.weltzentrum-der-medizintechnik.de/profil/STRUB+MEDICAL+GmbH+%2526+Co.+KG-90/ueber,http://www.strub-medical.de
SURGIWELL GmbH,https://www.weltzentrum-der-medizintechnik.de/profil/SURGIWELL+GmbH-397/ueber,http://www.surgiwell.de
SaGlobe e.K.,https://www.weltzentrum-der-medizintechnik.de/profil/SaGlobe+e.K.-2146/ueber,http://www.saglobe.de
Saale-Med Medizintechnik GmbH,https://www.weltzentrum-der-medizintechnik.de/profil/SaaleMed+Medizintechnik+GmbH-2142/ueber,http://www.saale-med.de
Sachtleben GmbH,https://www.weltzentrum-der-medizintechnik.de/profil/Sachtleben+GmbH-2143/ueber,http://www.citresearch.de
Sächsisches Krankenhaus Rodewisch,https://www.weltzentrum-der-medizintechnik.de/profil/Saechsisches+Krankenhaus+Rodewisch-10557/ueber,http://www.skh-rodewisch.de
Saegeling Medizintechnik Service- und Vertriebs GmbH,https://www.weltzentrum-der-medizintechnik.de/profil/Saegeling+Medizintechnik+Service+und+Vertriebs+GmbH-2144/ueber,http://www.saegeling-mt.de
Sakura Finetek GmbH,https://www.weltzentrum-der-medizintechnik.de/profil/Sakura+Finetek+GmbH-2147/ueber,http://www.sakura.de
Salus Gesundheitszentrum Bad Reichenhall,https://www.weltzentrum-der-medizintechnik.de/profil/Salus+Gesundheitszentrum+Bad+Reichenhall-11214/ueber,https://www.salus-klinik.de
"Salus gGmbH, Fachklinikum Bernburg",https://www.weltzentrum-der-medizintechnik.de/profil/Salus+gGmbH%252C+Fachklinikum+Bernburg-10502/ueber,http://www.salus-lsa.de
Salus gGmbH Fachklinikum Uchtspringe,https://www.weltzentrum-der-medizintechnik.de/profil/Salus+gGmbH+Fachklinikum+Uchtspringe-11217/ueber,https://www.salus-lsa.de/kliniken-einrichtungen-leistungen/fachklinikum-uchtspringe/
Salus gGmbH Tagesklinik für Erwachsenenpsychiatrie/-psychotherapie Salzwedel,https://www.weltzentrum-der-medizintechnik.de/profil/Salus+gGmbH+Tagesklinik+fuer+Erwachsenenpsychiatriepsychotherapie+Salzwedel-11220/ueber,https://www.salus-lsa.de/kliniken-einrichtungen-leistungen/fachklinikum-uchtspringe/kliniken-leistungen/kliniken/psychiatrie-und-psychotherapie/tageskliniken/tagesklinik-salzwedel/tagesklinik-salzwedel/
Salus gGmbH Tagesklinik für Erwachsenenpsychiatrie/-psychotherapie Seehausen,https://www.weltzentrum-der-medizintechnik.de/profil/Salus+gGmbH+Tagesklinik+fuer+Erwachsenenpsychiatriepsychotherapie+Seehausen-11221/ueber,https://www.salus-lsa.de/kliniken-einrichtungen-leistungen/fachklinikum-uchtspringe/kliniken-leistungen/kliniken/psychiatrie-und-psychotherapie/tageskliniken/tagesklinik-seehausen/tagesklinik-seehausen/
Salus gGmbH Tagesklinik für Erwachsenenpsychiatrie/-psychotherapie Stendal,https://www.weltzentrum-der-medizintechnik.de/profil/Salus+gGmbH+Tagesklinik+fuer+Erwachsenenpsychiatriepsychotherapie+Stendal-11222/ueber,https://www.salus-lsa.de/kliniken-einrichtungen-leistungen/fachklinikum-uchtspringe/kliniken-leistungen/kliniken/psychiatrie-und-psychotherapie/tageskliniken/tagesklinik-stendal/tagesklinik-stendal/
"Salus gGmbH Tagesklinik für Kinder- und Jugendpsychiatrie, Psychosomatik und Psychotherapie Salzwede",https://www.weltzentrum-der-medizintechnik.de/profil/Salus+gGmbH+Tagesklinik+fuer+Kinder+und+Jugendpsychiatrie%252C+Psychosomatik+und+Psychotherapie+Salzwede-11218/ueber,https://www.salus-lsa.de/kliniken-einrichtungen-leistungen/fachklinikum-uchtspringe/kliniken-leistungen/kliniken/kinder-und-jugendpsychiatrie-psychosomatik-und-psychotherapie/tageskliniken/tagesklinik-salzwedel/tagesklinik-salzwedel/
"Salus gGmbH Tagesklinik für Kinder- und Jugendpsychiatrie, Psychosomatik und Psychotherapie Stendal",https://www.weltzentrum-der-medizintechnik.de/profil/Salus+gGmbH+Tagesklinik+fuer+Kinder+und+Jugendpsychiatrie%252C+Psychosomatik+und+Psychotherapie+Stendal-11219/ueber,https://www.salus-lsa.de/kliniken-einrichtungen-leistungen/fachklinikum-uchtspringe/kliniken-leistungen/kliniken/kinder-und-jugendpsychiatrie-psychosomatik-und-psychotherapie/tageskliniken/tagesklinik-stendal/tagesklinik-stendal/
Salzachklinik Fridolfing,https://www.weltzentrum-der-medizintechnik.de/profil/Salzachklinik+Fridolfing-10503/ueber,http://www.salzachklinik-fridolfing.de
Samco Clinhand GmbH,https://www.weltzentrum-der-medizintechnik.de/profil/Samco+Clinhand+GmbH-2149/ueber,http://www.samco-clinhand.de
Sana Fabricius-Klinik Remscheid GmbH,https://www.weltzentrum-der-medizintechnik.de/profil/Sana+FabriciusKlinik+Remscheid+GmbH-10509/ueber,http://www.sana-fabricius-remscheid.de
Sana HANSE-Klinikum Wismar GmbH,https://www.weltzentrum-der-medizintechnik.de/profil/Sana+HANSEKlinikum+Wismar+GmbH-10504/ueber,http://www.sana.de
Sana HANSE-Klinikum Wismar- TK Gdb,https://www.weltzentrum-der-medizintechnik.de/profil/Sana+HANSEKlinikum+Wismar+TK+Gdb-10505/ueber,http://www.sana.de
Sana HANSE-Klinikum Wismar- TK Gvm,https://www.weltzentrum-der-medizintechnik.de/profil/Sana+HANSEKlinikum+Wismar+TK+Gvm-10506/ueber,http://www.sana.de
Sana HANSE-Klinikum Wismar- TK Wis,https://www.weltzentrum-der-medizintechnik.de/profil/Sana+HANSEKlinikum+Wismar+TK+Wis-10507/ueber,http://www.sana.de
Sana Klinik München GmbH,https://www.weltzentrum-der-medizintechnik.de/profil/Sana+Klinik+Muenchen+GmbH-11233/ueber,https://www.sana.de/muenchen
"Sana Kliniken Düsseldorf, Standort Gerresheim",https://www.weltzentrum-der-medizintechnik.de/profil/Sana+Kliniken+Duesseldorf%252C+Standort+Gerresheim-11250/ueber,https://www.sana-gerresheim.de/home.html
Sana Kliniken Leipziger Land GmbH - Klinik Zwenkau,https://www.weltzentrum-der-medizintechnik.de/profil/Sana+Kliniken+Leipziger+Land+GmbH++Klinik+Zwenkau-11029/ueber,https://www.kliniken-leipziger-land.de/home.html
Sana Kliniken Leipziger Land GmbH - Klinikum Borna,https://www.weltzentrum-der-medizintechnik.de/profil/Sana+Kliniken+Leipziger+Land+GmbH++Klinikum+Borna-11030/ueber,https://www.kliniken-leipziger-land.de/home.html
"Sana Kliniken Lübeck GmbH, Krankenhaus Süd",https://www.weltzentrum-der-medizintechnik.de/profil/Sana+Kliniken+Luebeck+GmbH%252C+Krankenhaus+Sued-10508/ueber,http://www.sana.de/luebeck
"Sana Kliniken Lübeck GmbH, Praxisklinik Travemünde",https://www.weltzentrum-der-medizintechnik.de/profil/Sana+Kliniken+Luebeck+GmbH%252C+Praxisklinik+Travemuende-11232/ueber,https://www.sana.de/luebeck
"Sana Kliniken Ostholstein GmbH, Klinik Middelburg",https://www.weltzentrum-der-medizintechnik.de/profil/Sana+Kliniken+Ostholstein+GmbH%252C+Klinik+Middelburg-10513/ueber,http://www.sana-oh.de
Sana Kliniken Ostholstein GmbH - Inselklinik Fehmarn,https://www.weltzentrum-der-medizintechnik.de/profil/Sana+Kliniken+Ostholstein+GmbH++Inselklinik+Fehmarn-10801/ueber,https://sana-oh.de
Sana Kliniken Ostholstein GmbH - Klinik Eutin,https://www.weltzentrum-der-medizintechnik.de/profil/Sana+Kliniken+Ostholstein+GmbH++Klinik+Eutin-11252/ueber,https://www.sana-oh.de
Sana Kliniken Ostholstein GmbH - Klinik Oldenburg,https://www.weltzentrum-der-medizintechnik.de/profil/Sana+Kliniken+Ostholstein+GmbH++Klinik+Oldenburg-11253/ueber,https://www.sana-oh.de
Sana Kliniken Sommerfeld,https://www.weltzentrum-der-medizintechnik.de/profil/Sana+Kliniken+Sommerfeld-11243/ueber,https://www.sana.de/sommerfeld
Sana Klinikum Biberach,https://www.weltzentrum-der-medizintechnik.de/profil/Sana+Klinikum+Biberach-11228/ueber,https://www.sana.de/biberach
Sana Klinikum Hof,https://www.weltzentrum-der-medizintechnik.de/profil/Sana+Klinikum+Hof-10512/ueber,http://www.sana-klinikum-hof.de
Sana Klinikum Lichtenberg,https://www.weltzentrum-der-medizintechnik.de/profil/Sana+Klinikum+Lichtenberg-11226/ueber,https://www.sana.de/berlin
Sana Krankenhaus Bad Doberan GmbH,https://www.weltzentrum-der-medizintechnik.de/profil/Sana+Krankenhaus+Bad+Doberan+GmbH-11225/ueber,https://www.sana.de/bad-doberan
Sana Krankenhaus Templin,https://www.weltzentrum-der-medizintechnik.de/profil/Sana+Krankenhaus+Templin-11244/ueber,https://www.sana.de/templin/
Sana-Herzzentrum Cottbus GmbH,https://www.weltzentrum-der-medizintechnik.de/profil/SanaHerzzentrum+Cottbus+GmbH-10987/ueber,https://www.hz-cottbus.de/
Sana-Klinik Nürnberg GmbH,https://www.weltzentrum-der-medizintechnik.de/profil/SanaKlinik+Nuernberg+GmbH-11234/ueber,https://www.sana.de/nuernberg
Sana-Klinikum Remscheid GmbH,https://www.weltzentrum-der-medizintechnik.de/profil/SanaKlinikum+Remscheid+GmbH-11251/ueber,https://www.sana-klinikum-remscheid.de/
Sana-Krankenhaus Hürth,https://www.weltzentrum-der-medizintechnik.de/profil/SanaKrankenhaus+Huerth-10511/ueber,http://www.sana-huerth.de
Sana-Krankenhaus Rügen GmbH,https://www.weltzentrum-der-medizintechnik.de/profil/SanaKrankenhaus+Ruegen+GmbH-11242/ueber,https://www.sana.de/ruegen
Sanatherm GmbH,https://www.weltzentrum-der-medizintechnik.de/profil/Sanatherm+GmbH-2151/ueber,http://www.sanatherm.de
Saniana GmbH & Co.KG,https://www.weltzentrum-der-medizintechnik.de/profil/Saniana+GmbH+%2526+Co.KG-2152/ueber,https://www.saniana.de
Sanitäts-Bedarf und Medizintechnik Nord GmbH,https://www.weltzentrum-der-medizintechnik.de/profil/SanitaetsBedarf+und+Medizintechnik+Nord+GmbH-2156/ueber,http://www.sani-rd.de
Sanitätshaus AKB,https://www.weltzentrum-der-medizintechnik.de/profil/Sanitaetshaus+AKB-2157/ueber,http://www.status8.de
Sanitätshaus Burg GmbH,https://www.weltzentrum-der-medizintechnik.de/profil/Sanitaetshaus+Burg+GmbH-2158/ueber,http://www.saniburg.de
Sanitätshaus G. Morant GmbH,https://www.weltzentrum-der-medizintechnik.de/profil/Sanitaetshaus+G.+Morant+GmbH-2159/ueber,http://www.morant-gmbH.de
Sanitätshaus Rudolf Laufer GmbH,https://www.weltzentrum-der-medizintechnik.de/profil/Sanitaetshaus+Rudolf+Laufer+GmbH-2165/ueber,http://www.rudolf-laufer.de
Sanitätshaus technische Orthopädie Gießler GmbH,https://www.weltzentrum-der-medizintechnik.de/profil/Sanitaetshaus+technische+Orthopaedie+Giessler+GmbH-790/ueber,https://www.giessler-ott.de
Sanitop GmbH,https://www.weltzentrum-der-medizintechnik.de/profil/Sanitop+GmbH-621/ueber,http://www.sanitop.com
Sankt Elisabeth Hospital GmbH,https://www.weltzentrum-der-medizintechnik.de/profil/Sankt+Elisabeth+Hospital+GmbH-11255/ueber,https://www.sankt-elisabeth-hospital.de
Sankt Elisabeth Krankenhaus Eutin,https://www.weltzentrum-der-medizintechnik.de/profil/Sankt+Elisabeth+Krankenhaus+Eutin-10550/ueber,http://www.sek-eutin.de
Sankt Gertrauden-Krankenhaus GmbH,https://www.weltzentrum-der-medizintechnik.de/profil/Sankt+GertraudenKrankenhaus+GmbH-10802/ueber,https://sankt-gertrauden.eu/
Sankt Katharinen-Krankenhaus GmbH,https://www.weltzentrum-der-medizintechnik.de/profil/Sankt+KatharinenKrankenhaus+GmbH-10518/ueber,http://www.sankt-katharinen-ffm.de
Sankt Marien Krankenhaus,https://www.weltzentrum-der-medizintechnik.de/profil/Sankt+Marien+Krankenhaus-10519/ueber,http://www.sankt-marien-ratingen.de/sankt-marien-krankenhaus-ratingen/
Sankt Vinzenz Hospital Rheda-Wiedenbrück,https://www.weltzentrum-der-medizintechnik.de/profil/Sankt+Vinzenz+Hospital+RhedaWiedenbrueck-10521/ueber,http://www.sankt-vinzenz.de
Sauerlandklinik Hachen gGmbH,https://www.weltzentrum-der-medizintechnik.de/profil/Sauerlandklinik+Hachen+gGmbH-10522/ueber,http://www.sauerlandklinik.de
Sauter Drehteile Bärenthal GmbH & Co. KG,https://www.weltzentrum-der-medizintechnik.de/profil/Sauter+Drehteile+Baerenthal+GmbH+%2526+Co.+KG-277/ueber,http://www.sauter-cnc.de
Schanz Medizintechnik,https://www.weltzentrum-der-medizintechnik.de/profil/Schanz+Medizintechnik-2508/ueber,https://www.moehrle-dental.eu
Scheller Medizintechnik GmbH & Co. KG,https://www.weltzentrum-der-medizintechnik.de/profil/Scheller+Medizintechnik+GmbH+%2526+Co.+KG-2171/ueber,http://www.medizintechnik.seibt.com
Schiller Medizintechnik GmbH,https://www.weltzentrum-der-medizintechnik.de/profil/Schiller+Medizintechnik+GmbH-2174/ueber,http://www.schillermed.de
Schindler Krankenhausentwicklung GmbH,https://www.weltzentrum-der-medizintechnik.de/profil/Schindler+Krankenhausentwicklung+GmbH-2175/ueber,http://www.schindler-krankenhausentwicklung.de
Schlossklinik Rottenburg,https://www.weltzentrum-der-medizintechnik.de/profil/Schlossklinik+Rottenburg-10225/ueber,http://www.lakumed.de
Schlosspark-Klinik,https://www.weltzentrum-der-medizintechnik.de/profil/SchlossparkKlinik-10527/ueber,http://www.schlosspark-klinik.de/
Schlumbohm GmbH & Co. KG,https://www.weltzentrum-der-medizintechnik.de/profil/Schlumbohm+GmbH+%2526+Co.+KG-2176/ueber,http://www.schlumbohm.de
Schlumbohm Medizin-Labor-Technologie GmbH,https://www.weltzentrum-der-medizintechnik.de/profil/Schlumbohm+MedizinLaborTechnologie+GmbH-2177/ueber,http://www.schlumbohm-medizintechnik.de
Schmid Medizintechnik GmbH,https://www.weltzentrum-der-medizintechnik.de/profil/Schmid+Medizintechnik+GmbH-309/ueber,http://www.schmid-medizintechnik-gmbh.de
Schmitz Medizintechnik,https://www.weltzentrum-der-medizintechnik.de/profil/Schmitz+Medizintechnik-2179/ueber,http://www.schmitz-medizintechnik.de
Schmölz GmbH,https://www.weltzentrum-der-medizintechnik.de/profil/Schmoelz+GmbH-2417/ueber,https://www.schmoelz-cnc.de/Home/
Schnakenberg Medizin- & Labortechnik GmbH,https://www.weltzentrum-der-medizintechnik.de/profil/Schnakenberg+Medizin+%2526+Labortechnik+GmbH-2181/ueber,http://www.schnakenberg-bremen.de
Schön Klinik Bad Aibling SE & Co. KG,https://www.weltzentrum-der-medizintechnik.de/profil/Schoen+Klinik+Bad+Aibling+SE+%2526+Co.+KG-10532/ueber,http://www.schoen-klinik.de
Schön Klinik Bad Staffelstein,https://www.weltzentrum-der-medizintechnik.de/profil/Schoen+Klinik+Bad+Staffelstein-10538/ueber,http://www.schoen-klinik.de/bad-staffelstein
Schön Klinik Berchtesgadener Land SE & Co. KG -AKUT,https://www.weltzentrum-der-medizintechnik.de/profil/Schoen+Klinik+Berchtesgadener+Land+SE+%2526+Co.+KG+AKUT-10535/ueber,http://www.schoen-klinik.de
Schön Klinik Düsseldorf,https://www.weltzentrum-der-medizintechnik.de/profil/Schoen+Klinik+Duesseldorf-10531/ueber,http://www.schoen-klinik.de
Schön Klinik Hamburg Eilbek,https://www.weltzentrum-der-medizintechnik.de/profil/Schoen+Klinik+Hamburg+Eilbek-11261/ueber,https://www.schoen-klinik.de/hamburg-eilbek
Schön Klinik Lorsch SE & Co. KG,https://www.weltzentrum-der-medizintechnik.de/profil/Schoen+Klinik+Lorsch+SE+%2526+Co.+KG-10533/ueber,http://www.schoen-klinik.de
Schön Klinik München Harlaching,https://www.weltzentrum-der-medizintechnik.de/profil/Schoen+Klinik+Muenchen+Harlaching-11262/ueber,https://www.schoen-klinik.de/muenchen-harlaching
Schön Klinik München Schwabing,https://www.weltzentrum-der-medizintechnik.de/profil/Schoen+Klinik+Muenchen+Schwabing-10530/ueber,http://www.schoen-klinik.de
Schön Klinik Roseneck SE & Co. KG,https://www.weltzentrum-der-medizintechnik.de/profil/Schoen+Klinik+Roseneck+SE+%2526+Co.+KG-11260/ueber,https://www.schoen-klinik.de/
Schön Klinik Vogtareuth,https://www.weltzentrum-der-medizintechnik.de/profil/Schoen+Klinik+Vogtareuth-10534/ueber,http://www.schoen-klinik.de
Schreyer-Elektronik GmbH,https://www.weltzentrum-der-medizintechnik.de/profil/SchreyerElektronik+GmbH-2185/ueber,http://www.schreyer-elektronik.de
Schröter Medizintechnik GmbH,https://www.weltzentrum-der-medizintechnik.de/profil/Schroeter+Medizintechnik+GmbH-2186/ueber,http://www.schroeter-medizintechnik.de
Schüchtermann-Klinik,https://www.weltzentrum-der-medizintechnik.de/profil/SchuechtermannKlinik-10539/ueber,http://www.schuechtermann-klinik.de/
Schultz Instrumente Medizintechnik GmbH & Co. KG,https://www.weltzentrum-der-medizintechnik.de/profil/Schultz+Instrumente+Medizintechnik+GmbH+%2526+Co.+KG-2187/ueber,http://www.schultz-instrumente.de
Schulze & Böhm GmbH,https://www.weltzentrum-der-medizintechnik.de/profil/Schulze+%2526+Boehm+GmbH-2188/ueber,http://www.medisun.de
Schussental-Klinik,https://www.weltzentrum-der-medizintechnik.de/profil/SchussentalKlinik-11263/ueber,https://www.schussental-klinik.de/de/
Schuster Medical Service,https://www.weltzentrum-der-medizintechnik.de/profil/Schuster+Medical+Service+-83/ueber,http://www.schuster-ms.de
Schwabe Medizin Technik SMT Dipl.-Ing. Florian Schwabe,https://www.weltzentrum-der-medizintechnik.de/profil/Schwabe+Medizin+Technik+SMT+Dipl.Ing.+Florian+Schwabe-2189/ueber,http://www.sauerstoff-mehrschritt-therapie.com
Schwabe-Medizin-Technik,https://www.weltzentrum-der-medizintechnik.de/profil/SchwabeMedizinTechnik-11409/ueber,http://www.sauerstoff-mehrschritt-therapie.com
Schwäbisch Media,https://www.weltzentrum-der-medizintechnik.de/profil/Schwaebisch+Media-561/ueber,https://www.schwaebisch-media.de/
Schwan-STABILO Promotion Products GmbH & Co. KG,https://www.weltzentrum-der-medizintechnik.de/profil/SchwanSTABILO+Promotion+Products+GmbH+%2526+Co.+KG-808/ueber,https://www.stabilo-promotion.com
Schwarzwald-Baar Klinikum Villingen-Schwenningen GmbH,https://www.weltzentrum-der-medizintechnik.de/profil/SchwarzwaldBaar+Klinikum+VillingenSchwenningen+GmbH-10523/ueber,http://www.sbk-vs.de
Schweigert Medizintechnik Inh.: Thomas Franke,https://www.weltzentrum-der-medizintechnik.de/profil/Schweigert+Medizintechnik+Inh.%253A+Thomas+Franke-2190/ueber,http://www.schweigertmedizintechnik.de
Schwind Medizin-Technik,https://www.weltzentrum-der-medizintechnik.de/profil/Schwind+MedizinTechnik-2192/ueber,http://www.schwind-erlangen.de
Schyns Medizintechnik GmbH,https://www.weltzentrum-der-medizintechnik.de/profil/Schyns+Medizintechnik+GmbH-2193/ueber,http://www.schyns.de
Scil Animal Care Company GmbH,https://www.weltzentrum-der-medizintechnik.de/profil/Scil+Animal+Care+Company+GmbH-2195/ueber,http://www.scilvet.com
Securos Europe GmbH,https://www.weltzentrum-der-medizintechnik.de/profil/Securos+Europe+GmbH-3/ueber,https://www.securos.com/
Seemann Technologies,https://www.weltzentrum-der-medizintechnik.de/profil/Seemann+Technologies+-86/ueber,http://www.seemann-technologies.de
Sellas Medizinische Geräte GmbH,https://www.weltzentrum-der-medizintechnik.de/profil/Sellas+Medizinische+Geraete+GmbH-2205/ueber,http://www.sellamed.de
Senstech AG,https://www.weltzentrum-der-medizintechnik.de/profil/Senstech+AG-337/ueber,https://senstech.ch/
Seriph Medizintechnik GmbH,https://www.weltzentrum-der-medizintechnik.de/profil/Seriph+Medizintechnik+GmbH-11448/ueber,https://seriphinternational.com/
Service Compact GmbH,https://www.weltzentrum-der-medizintechnik.de/profil/Service+Compact+GmbH-2211/ueber,http://www.service-compact.com
Servona GmbH,https://www.weltzentrum-der-medizintechnik.de/profil/Servona+GmbH-2212/ueber,http://www.servona.de
Sessler Feinmechanik GmbH & Co. KG,https://www.weltzentrum-der-medizintechnik.de/profil/Sessler+Feinmechanik+GmbH+%2526+Co.+KG-87/ueber,http://www.sessler-feinmechanik.de
Shinano Kenshi Europe GmbH,https://www.weltzentrum-der-medizintechnik.de/profil/Shinano+Kenshi+Europe+GmbH-2214/ueber,https://eu.aspina-group.com/en/
Shiva Medicare GmbH,https://www.weltzentrum-der-medizintechnik.de/profil/Shiva+Medicare+GmbH-2215/ueber,http://www.shivamed.de
Short Care Klinik GmbH,https://www.weltzentrum-der-medizintechnik.de/profil/Short+Care+Klinik+GmbH-10554/ueber,http://www.short-care-klinik.de
Silrotech GmbH,https://www.weltzentrum-der-medizintechnik.de/profil/Silrotech+GmbH-2219/ueber,http://www.silrotech.de
Simmank GmbH & Co.KG,https://www.weltzentrum-der-medizintechnik.de/profil/Simmank+GmbH+%2526+Co.KG-204/ueber,http://www.simmank.net/
Simon Nann GmbH & Co. KG,https://www.weltzentrum-der-medizintechnik.de/profil/Simon+Nann+GmbH+%2526+Co.+KG-609/ueber,https://nann.de
SinfoMed GmbH,https://www.weltzentrum-der-medizintechnik.de/profil/SinfoMed+GmbH-2221/ueber,https://www.sinfomed.de
Smith & Nephew GmbH,https://www.weltzentrum-der-medizintechnik.de/profil/Smith+%2526+Nephew+GmbH-22/ueber,http://www.smith-nephew.de/
Smolders Rettungsdienstausrüstung Inh. Guido Smolders,https://www.weltzentrum-der-medizintechnik.de/profil/Smolders+Rettungsdienstausruestung+Inh.+Guido+Smolders-2224/ueber,http://www.smolders-rettungsdienstausruestung.de
Soleni Beauty & Medical Group GmbH,https://www.weltzentrum-der-medizintechnik.de/profil/Soleni+Beauty+%2526+Medical+Group+GmbH-2230/ueber,https://soleni.de/
SolidCAM GmbH,https://www.weltzentrum-der-medizintechnik.de/profil/SolidCAM+GmbH-299/ueber,http://www.solidcam.de/
Solidpro Informationssysteme GmbH,https://www.weltzentrum-der-medizintechnik.de/profil/Solidpro+Informationssysteme+GmbH-387/ueber,http://www.solidpro.de
Solnovis GmbH,https://www.weltzentrum-der-medizintechnik.de/profil/Solnovis+GmbH-2231/ueber,http://www.solnovis.com
Sonnenberg Klinik,https://www.weltzentrum-der-medizintechnik.de/profil/Sonnenberg+Klinik-10562/ueber,http://www.sonnenbergklinik.de
Sonogel Vertriebs GmbH,https://www.weltzentrum-der-medizintechnik.de/profil/Sonogel+Vertriebs+GmbH-2234/ueber,http://www.sonogel.de
Sonowied Vertriebs- und Beratungsgesellschaft für Sonographische Systeme mbH,https://www.weltzentrum-der-medizintechnik.de/profil/Sonowied+Vertriebs+und+Beratungsgesellschaft+fuer+Sonographische+Systeme+mbH-2236/ueber,http://www.sonowied.de
"Sophien- u. Hufeland-Klinikum gGmbH, psychiatr.-psychotherap. Tagesklinik Apolda",https://www.weltzentrum-der-medizintechnik.de/profil/Sophien+u.+HufelandKlinikum+gGmbH%252C+psychiatr.psychotherap.+Tagesklinik+Apolda-10100/ueber,http://www.klinikum-weimar.de
Sophien- und Hufeland-Klinikum gGmbH,https://www.weltzentrum-der-medizintechnik.de/profil/Sophien+und+HufelandKlinikum+gGmbH-10101/ueber,http://www.klinikum-weimar.de
Sophienklinik GmbH,https://www.weltzentrum-der-medizintechnik.de/profil/Sophienklinik+GmbH-10563/ueber,http://www.sophienklinik.de/
"Sozialzentrum am Rosensee, Aschaffenburg",https://www.weltzentrum-der-medizintechnik.de/profil/Sozialzentrum+am+Rosensee%252C+Aschaffenburg-9277/ueber,http://sozialzentrum-am-rosensee.bezirk-unterfranken.de
Spacelabs Healthcare GmbH,https://www.weltzentrum-der-medizintechnik.de/profil/Spacelabs+Healthcare+GmbH-2238/ueber,http://www.spacelabs.com
Spezialklinik Neukirchen GmbH & Co KG,https://www.weltzentrum-der-medizintechnik.de/profil/Spezialklinik+Neukirchen+GmbH+%2526+Co+KG-9278/ueber,http://spezialklinik-neukirchen.de
Spiegel Medizintechnik GmbH & Co. KG,https://www.weltzentrum-der-medizintechnik.de/profil/Spiegel+Medizintechnik+GmbH+%2526+Co.+KG-782/ueber,http://www.spiegel-med.de
Spiegelberg GmbH & Co. KG,https://www.weltzentrum-der-medizintechnik.de/profil/Spiegelberg+GmbH+%2526+Co.+KG-2241/ueber,https://www.spiegelberg.de
Spillerstraße,https://www.weltzentrum-der-medizintechnik.de/profil/Spillerstrasse-9561/ueber,http://www.diebruecke-luebeck.de/behandlung-reha/tagesklinik/
Spörl oHG,https://www.weltzentrum-der-medizintechnik.de/profil/Spoerl+oHG-719/ueber,http://www.spoerl.de
Sprenger GmbH,https://www.weltzentrum-der-medizintechnik.de/profil/Sprenger+GmbH-88/ueber,http://www.sprenger-chirurgietechnik.de
Squadhouse Media GmbH & Co. KG,https://www.weltzentrum-der-medizintechnik.de/profil/Squadhouse+Media+GmbH+%2526+Co.+KG-311/ueber,https://www.sq.de
St Josefskrankenhaus (RkK) Freiburg,https://www.weltzentrum-der-medizintechnik.de/profil/St+Josefskrankenhaus+RkK+Freiburg-10475/ueber,http://www.rkk-klinikum.de
St. Agatha Krankenhaus Köln,https://www.weltzentrum-der-medizintechnik.de/profil/St.+Agatha+Krankenhaus+Koeln-11273/ueber,https://www.st-agatha-krankenhaus.de/
St. Anna Hospital Herne,https://www.weltzentrum-der-medizintechnik.de/profil/St.+Anna+Hospital+Herne-10826/ueber,https://www.annahospital.de/home.html
St. Anna Klinik,https://www.weltzentrum-der-medizintechnik.de/profil/St.+Anna+Klinik-9340/ueber,http://www.anna-klinik.de
St. Anna Krankenhaus,https://www.weltzentrum-der-medizintechnik.de/profil/St.+Anna+Krankenhaus-9854/ueber,http://www.kh-as.de
St. Anna-Virngrund-Klinik,https://www.weltzentrum-der-medizintechnik.de/profil/St.+AnnaVirngrundKlinik-9939/ueber,http://www.klinik-ellwangen.de
St. Ansgar Krankenhaus Höxter,https://www.weltzentrum-der-medizintechnik.de/profil/St.+Ansgar+Krankenhaus+Hoexter-9872/ueber,http://www.khwe.de
St. Antonius Krankenhaus Hörstel - Klinik für Suchtmedizin und Psychotherapie,https://www.weltzentrum-der-medizintechnik.de/profil/St.+Antonius+Krankenhaus+Hoerstel++Klinik+fuer+Suchtmedizin+und+Psychotherapie-9671/ueber,http://www.fachklinik-hoerstel.de/
St. Antonius-Hospital Gronau GmbH,https://www.weltzentrum-der-medizintechnik.de/profil/St.+AntoniusHospital+Gronau+GmbH-10574/ueber,http://www.st-antonius-gronau.de
St. Augustinus Krankenhaus gGmbH,https://www.weltzentrum-der-medizintechnik.de/profil/St.+Augustinus+Krankenhaus+gGmbH-9521/ueber,http://www.ct-west.de/st-augustinus-krankenhaus-dueren/
St. Barbara-Klinik Hamm-Heessen,https://www.weltzentrum-der-medizintechnik.de/profil/St.+BarbaraKlinik+HammHeessen-10852/ueber,https://www.barbaraklinik.de
St. Bernhard-Hospital gemeinnützige GmbH,https://www.weltzentrum-der-medizintechnik.de/profil/St.+BernhardHospital+gemeinnuetzige+GmbH-10152/ueber,http://www.krankenhaus-brake.de
St. Bernward Krankenhaus,https://www.weltzentrum-der-medizintechnik.de/profil/St.+Bernward+Krankenhaus-10855/ueber,https://www.bernward-khs.de/
St. Camillus,https://www.weltzentrum-der-medizintechnik.de/profil/St.+Camillus-10935/ueber,https://www.gfo-kliniken-niederrhein.de/startseite.html
St. Elisabeth Krankenhaus Wittlich,https://www.weltzentrum-der-medizintechnik.de/profil/St.+Elisabeth+Krankenhaus+Wittlich-11307/ueber,https://www.verbund-krankenhaus.de
St. Elisabeth Krankenhaus,https://www.weltzentrum-der-medizintechnik.de/profil/St.+Elisabeth+Krankenhaus-9632/ueber,http://www.elisabeth-krankenhaus-volkmarsen.de
St. Elisabeth-Hospital Beckum GmbH,https://www.weltzentrum-der-medizintechnik.de/profil/St.+ElisabethHospital+Beckum+GmbH-10150/ueber,http://www.krankenhaus-beckum.de
St. Elisabeth-Hospital Herten,https://www.weltzentrum-der-medizintechnik.de/profil/St.+ElisabethHospital+Herten-10580/ueber,http://www.st-elisabeth-hospital.de
St. Elisabeth-Hospital Meerbusch-Lank,https://www.weltzentrum-der-medizintechnik.de/profil/St.+ElisabethHospital+MeerbuschLank-10496/ueber,http://www.rrz-meerbusch.de/de/startseite.html
St. Elisabeth-Hospital,https://www.weltzentrum-der-medizintechnik.de/profil/St.+ElisabethHospital-10014/ueber,http://www.klinikum-bochum.de
St. Elisabeth-Krankenhaus GmbH,https://www.weltzentrum-der-medizintechnik.de/profil/St.+ElisabethKrankenhaus+GmbH-9767/ueber,http://www.hohenlind.de
"St. Elisabeth-Krankenhaus Jülich, katholische Nord-Kreis Kliniken GmbH",https://www.weltzentrum-der-medizintechnik.de/profil/St.+ElisabethKrankenhaus+Juelich%252C+katholische+NordKreis+Kliniken+GmbH-10168/ueber,http://www.krankenhaus-juelich.de/
St. Elisabeth-Krankenhaus Leipzig,https://www.weltzentrum-der-medizintechnik.de/profil/St.+ElisabethKrankenhaus+Leipzig-9610/ueber,http://www.ek-leipzig.de
St. Elisabeth-Krankenhaus Salzgitter,https://www.weltzentrum-der-medizintechnik.de/profil/St.+ElisabethKrankenhaus+Salzgitter-10581/ueber,http://www.st-elisabeth-sz.de
St. Elisabeth-Krankenhaus,https://www.weltzentrum-der-medizintechnik.de/profil/St.+ElisabethKrankenhaus-11055/ueber,https://www.klinikum-ibbenbueren.de/
St. Elisabethen-Klinikum,https://www.weltzentrum-der-medizintechnik.de/profil/St.+ElisabethenKlinikum-10398/ueber,http://www.oberschwabenklinik.de
St. Elisabethen-Krankenhaus Lörrach gGmbH,https://www.weltzentrum-der-medizintechnik.de/profil/St.+ElisabethenKrankenhaus+Loerrach+gGmbH-9626/ueber,http://www.elikh.de
"St. Elisabethen-Krankenhaus gGmbH, Tagesklinik Lauchringen",https://www.weltzentrum-der-medizintechnik.de/profil/St.+ElisabethenKrankenhaus+gGmbH%252C+Tagesklinik+Lauchringen-10127/ueber,http://www.klinloe.de
St. Elisabethen-Krankenhaus,https://www.weltzentrum-der-medizintechnik.de/profil/St.+ElisabethenKrankenhaus-9628/ueber,http://www.elisabethen-krankenhaus-frankfurt.de
St. Franziskus Krankenhaus GmbH,https://www.weltzentrum-der-medizintechnik.de/profil/St.+Franziskus+Krankenhaus+GmbH-11077/ueber,https://www.krankenhaus-eitorf.de/
St. Franziskus-Hospital Ahlen,https://www.weltzentrum-der-medizintechnik.de/profil/St.+FranziskusHospital+Ahlen-10551/ueber,http://www.sfh-ahlen.de
St. Franziskus-Hospital,https://www.weltzentrum-der-medizintechnik.de/profil/St.+FranziskusHospital-9699/ueber,http://www.gesundheitszentrum-winterberg.de/
St. Georg Klinikum Eisenach gemeinnützige GmbH,https://www.weltzentrum-der-medizintechnik.de/profil/St.+Georg+Klinikum+Eisenach+gemeinnuetzige+GmbH-10584/ueber,http://www.stgeorgklinikum.de
St. Hedwig-Krankenhaus Berlin,https://www.weltzentrum-der-medizintechnik.de/profil/St.+HedwigKrankenhaus+Berlin-9306/ueber,http://www.alexianer-berlin-hedwigkliniken.de/st_hedwig_krankenhaus/home/
St. Hildegardis Krankenhaus,https://www.weltzentrum-der-medizintechnik.de/profil/St.+Hildegardis+Krankenhaus-10278/ueber,http://www.malteser-krankenhaus-koeln.de
St. Hubertus-Stift GmbH,https://www.weltzentrum-der-medizintechnik.de/profil/St.+HubertusStift+GmbH-10585/ueber,http://www.st-hubertusstift.de
St. Johannes Klinik,https://www.weltzentrum-der-medizintechnik.de/profil/St.+Johannes+Klinik-9855/ueber,http://www.kh-as.de/
St. Johannes-Hospital gGmbH,https://www.weltzentrum-der-medizintechnik.de/profil/St.+JohannesHospital+gGmbH-10200/ueber,http://www.krankenhaus-varel.de
St. Josef Hospital Bad Driburg,https://www.weltzentrum-der-medizintechnik.de/profil/St.+Josef+Hospital+Bad+Driburg-9875/ueber,http://www.khwe.de/
St. Josef Krankenhaus Essen-Werden GmbH,https://www.weltzentrum-der-medizintechnik.de/profil/St.+Josef+Krankenhaus+EssenWerden+GmbH-10517/ueber,http://www.sankt-josef-werden.de
St. Josef Krankenhaus GmbH Moers - Betriebsstätte St. Josef Krankenhaus Moers,https://www.weltzentrum-der-medizintechnik.de/profil/St.+Josef+Krankenhaus+GmbH+Moers++Betriebsstaette+St.+Josef+Krankenhaus+Moers-10597/ueber,http://www.st-josef-moers.de
St. Josef Krankenhaus GmbH Moers - Betriebsstätte St. Nikolaus Hospital,https://www.weltzentrum-der-medizintechnik.de/profil/St.+Josef+Krankenhaus+GmbH+Moers++Betriebsstaette+St.+Nikolaus+Hospital-10598/ueber,http://www.st-josef-moers.de
St. Josef Krankenhaus Haan,https://www.weltzentrum-der-medizintechnik.de/profil/St.+Josef+Krankenhaus+Haan-11277/ueber,https://www.st-josef-haan.de/
St. Josef Krankenhaus Wiesdorf,https://www.weltzentrum-der-medizintechnik.de/profil/St.+Josef+Krankenhaus+Wiesdorf-10146/ueber,http://www.kplusgruppe.de
St. Josef Krankenhaus,https://www.weltzentrum-der-medizintechnik.de/profil/St.+Josef+Krankenhaus-10294/ueber,http://www.marienhaus-klinikum-ahr.de
St. Josef-Hospital,https://www.weltzentrum-der-medizintechnik.de/profil/St.+JosefHospital-10015/ueber,http://www.klinikum-bochum.de
"St. Josef-Krankenhaus, Hamm Bockum-Hövel",https://www.weltzentrum-der-medizintechnik.de/profil/St.+JosefKrankenhaus%252C+Hamm+BockumHoevel-9428/ueber,http://www.barbaraklinik.de
St. Josef-Krankenhaus Hermeskeil,https://www.weltzentrum-der-medizintechnik.de/profil/St.+JosefKrankenhaus+Hermeskeil-10166/ueber,http://www.krankenhaus-hermeskeil.de
St. Josef-Krankenhaus Viernheim,https://www.weltzentrum-der-medizintechnik.de/profil/St.+JosefKrankenhaus+Viernheim-11271/ueber,https://www.st.josef-kh.de
St. Josef-Stift Sendenhorst,https://www.weltzentrum-der-medizintechnik.de/profil/St.+JosefStift+Sendenhorst-11279/ueber,https://www.st-josef-stift.de
St. Josefs Krankenhaus Hilden,https://www.weltzentrum-der-medizintechnik.de/profil/St.+Josefs+Krankenhaus+Hilden-11278/ueber,https://www.st-josefs-krankenhaus.de
St. Josefs-Hospital Cloppenburg,https://www.weltzentrum-der-medizintechnik.de/profil/St.+JosefsHospital+Cloppenburg-10998/ueber,https://www.josefshospital-cloppenburg.de/
St. Josefs-Hospital Lennestadt,https://www.weltzentrum-der-medizintechnik.de/profil/St.+JosefsHospital+Lennestadt-9772/ueber,http://www.hospitalgesellschaft.de
St. Josefs-Krankenhaus Potsdam-Sanssouci,https://www.weltzentrum-der-medizintechnik.de/profil/St.+JosefsKrankenhaus+PotsdamSanssouci-9310/ueber,http://www.alexianer-potsdam.de/home/
St. Josefs-Krankenhaus,https://www.weltzentrum-der-medizintechnik.de/profil/St.+JosefsKrankenhaus-10599/ueber,http://www.st-josefs.de
St. Josefskrankenhaus Heidelberg GmbH,https://www.weltzentrum-der-medizintechnik.de/profil/St.+Josefskrankenhaus+Heidelberg+GmbH-10570/ueber,http://www.st.josefskrankenhaus.de
St. Joseph Krankenhaus Prüm,https://www.weltzentrum-der-medizintechnik.de/profil/St.+Joseph+Krankenhaus+Pruem-10186/ueber,http://www.krankenhaus-pruem.de
St. Lukas Klinik,https://www.weltzentrum-der-medizintechnik.de/profil/St.+Lukas+Klinik-10148/ueber,http://www.kplusgruppe.de
St. Maria-Hilf-Krankenhaus,https://www.weltzentrum-der-medizintechnik.de/profil/St.+MariaHilfKrankenhaus-10013/ueber,http://www.klinikum-bochum.de
St. Marien Hospital Eickel,https://www.weltzentrum-der-medizintechnik.de/profil/St.+Marien+Hospital+Eickel-10306/ueber,http://www.marienhospital-eickel.de
St. Marien Krankenhaus Lampertheim GmbH,https://www.weltzentrum-der-medizintechnik.de/profil/St.+Marien+Krankenhaus+Lampertheim+GmbH-10601/ueber,http://www.stmarienkrankenhaus.de
St. Marien- und St. Annastiftskrankenhaus,https://www.weltzentrum-der-medizintechnik.de/profil/St.+Marien+und+St.+Annastiftskrankenhaus-11281/ueber,https://www.st-marienkrankenhaus.de/
St. Marien-Hospital Hamm gem. GmbH,https://www.weltzentrum-der-medizintechnik.de/profil/St.+MarienHospital+Hamm+gem.+GmbH-10307/ueber,http://www.marienhospital-hamm.de
St. Marien-Hospital Hamm gem. GmbH,https://www.weltzentrum-der-medizintechnik.de/profil/St.+MarienHospital+Hamm+gem.+GmbH-10308/ueber,http://www.marienhospital-hamm.de
St. Marien-Hospital Lüdinghausen GmbH,https://www.weltzentrum-der-medizintechnik.de/profil/St.+MarienHospital+Luedinghausen+GmbH-10561/ueber,http://www.smh-luedinghausen.de
St. Marien-Hospital Mülheim an der Ruhr GmbH,https://www.weltzentrum-der-medizintechnik.de/profil/St.+MarienHospital+Muelheim+an+der+Ruhr+GmbH-9516/ueber,http://www.contilia.de
St. Marien-Hospital gGmbH,https://www.weltzentrum-der-medizintechnik.de/profil/St.+MarienHospital+gGmbH-10305/ueber,http://www.marien-hospital-dueren.de
St. Marien-Hospital,https://www.weltzentrum-der-medizintechnik.de/profil/St.+MarienHospital-11280/ueber,https://www.st-marien-hospital.de/
St. Marien-Krankenhaus Berlin,https://www.weltzentrum-der-medizintechnik.de/profil/St.+MarienKrankenhaus+Berlin-10316/ueber,http://www.marienkrankenhaus-berlin.de
St. Marienhospital Vechta,https://www.weltzentrum-der-medizintechnik.de/profil/St.+Marienhospital+Vechta-11129/ueber,https://www.marienhospital-vechta.de/
St. Martini GmbH Krankenhaus Duderstadt,https://www.weltzentrum-der-medizintechnik.de/profil/St.+Martini+GmbH+Krankenhaus+Duderstadt-11076/ueber,https://www.krankenhaus-duderstadt.de/
St. Martinus Krankenhaus,https://www.weltzentrum-der-medizintechnik.de/profil/St.+Martinus+Krankenhaus-10603/ueber,http://www.stmartinus-langenfeld.de
St. Martinus-Hospital Olpe,https://www.weltzentrum-der-medizintechnik.de/profil/St.+MartinusHospital+Olpe-10986/ueber,https://www.hospitalgesellschaft.com/
St. Mauritius Therapieklinik,https://www.weltzentrum-der-medizintechnik.de/profil/St.+Mauritius+Therapieklinik-10604/ueber,http://www.stmtk.de
St. Nikolaus Hospital,https://www.weltzentrum-der-medizintechnik.de/profil/St.+Nikolaus+Hospital-10520/ueber,http://www.sankt-nikolaus-hospital.de
St. Nikolaus-Hospital,https://www.weltzentrum-der-medizintechnik.de/profil/St.+NikolausHospital-9910/ueber,http://www.kkle.de
St. Nikolaus-Stiftshospital GmbH Andernach,https://www.weltzentrum-der-medizintechnik.de/profil/St.+NikolausStiftshospital+GmbH+Andernach-11275/ueber,https://www.stiftshospital-andernach.de
St. Remigius Krankenhaus Opladen,https://www.weltzentrum-der-medizintechnik.de/profil/St.+Remigius+Krankenhaus+Opladen-10147/ueber,http://www.kplusgruppe.de
St. Rochus Krankenhaus Steinheim,https://www.weltzentrum-der-medizintechnik.de/profil/St.+Rochus+Krankenhaus+Steinheim-9873/ueber,http://www.khwe.de
St. Rochus-Hospital Castrop-Rauxel (Einrichtung des St. Lukas Klinikums),https://www.weltzentrum-der-medizintechnik.de/profil/St.+RochusHospital+CastropRauxel+Einrichtung+des+St.+Lukas+Klinikums-10479/ueber,http://www.rochus-hospital.de/
St. Sixtus-Hospital Haltern,https://www.weltzentrum-der-medizintechnik.de/profil/St.+SixtusHospital+Haltern-9919/ueber,http://www.kkrn.de
St. Theresien-Krankenhaus Nürnberg gGmbH,https://www.weltzentrum-der-medizintechnik.de/profil/St.+TheresienKrankenhaus+Nuernberg+gGmbH-11287/ueber,https://www.theresien-krankenhaus.de
St. Vincenz Hospital Brakel,https://www.weltzentrum-der-medizintechnik.de/profil/St.+Vincenz+Hospital+Brakel-9874/ueber,http://www.khwe.de
St. Vincenz-Krankenhaus Limburg,https://www.weltzentrum-der-medizintechnik.de/profil/St.+VincenzKrankenhaus+Limburg-10605/ueber,https://www.st-vincenz.de/
St. Vinzenz Klinik Pfronten im Allgäu GmbH,https://www.weltzentrum-der-medizintechnik.de/profil/St.+Vinzenz+Klinik+Pfronten+im+Allgaeu+GmbH-11308/ueber,https://www.vinzenz-klinik.de/
St. Vinzenz-Hospital,https://www.weltzentrum-der-medizintechnik.de/profil/St.+VinzenzHospital-10606/ueber,http://www.st-vinzenz-hospital.de
St. Willibrord-Spital Emmerich-Rees gGmbH,https://www.weltzentrum-der-medizintechnik.de/profil/St.+WillibrordSpital+EmmerichRees+gGmbH-10441/ueber,http://www.prohomine.de
St.-Antonius-Hospital gGmbh,https://www.weltzentrum-der-medizintechnik.de/profil/St.AntoniusHospital+gGmbh-11213/ueber,https://www.sah-eschweiler.de/start
St.-Elisabeth-Krankenhaus Fachklinik für Geriatrie,https://www.weltzentrum-der-medizintechnik.de/profil/St.ElisabethKrankenhaus+Fachklinik+fuer+Geriatrie-9862/ueber,http://www.kh-lengenfeld.de
St.-Elisabeth-Krankenhaus,https://www.weltzentrum-der-medizintechnik.de/profil/St.ElisabethKrankenhaus-9627/ueber,http://www.elisabeth-dortmund.de
St.Joseph Krankenhaus,https://www.weltzentrum-der-medizintechnik.de/profil/St.Joseph+Krankenhaus-11267/ueber,https://www.sjk.de/
St.-Katharinen-Hospital GmbH,https://www.weltzentrum-der-medizintechnik.de/profil/St.KatharinenHospital+GmbH-10600/ueber,http://www.st-katharinen-hospital.de/
St.-Laurentius-Stift,https://www.weltzentrum-der-medizintechnik.de/profil/St.LaurentiusStift-10226/ueber,http://www.laurentius-stift.de
St.-Marien-Hospital Marsberg,https://www.weltzentrum-der-medizintechnik.de/profil/St.MarienHospital+Marsberg-9476/ueber,http://www.bk-marsberg.de
St.-Marien-Hospital gGmbH,https://www.weltzentrum-der-medizintechnik.de/profil/St.MarienHospital+gGmbH-9259/ueber,http://marienstift-friesoythe.de
Stadt Tuttlingen,https://www.weltzentrum-der-medizintechnik.de/profil/Stadt+Tuttlingen-296/ueber,https://www.tuttlingen.de/
Stadtklinik Frankenthal,https://www.weltzentrum-der-medizintechnik.de/profil/Stadtklinik+Frankenthal-11272/ueber,https://www.stadklinik-ft.de
"Stadtklinik Werdohl, Märkische Kliniken GmbH",https://www.weltzentrum-der-medizintechnik.de/profil/Stadtklinik+Werdohl%252C+Maerkische+Kliniken+GmbH-10269/ueber,http://www.maerkische-kliniken.de
Städt. Krankenhaus Maria-Hilf Brilon gGmbH,https://www.weltzentrum-der-medizintechnik.de/profil/Staedt.+Krankenhaus+MariaHilf+Brilon+gGmbH-10153/ueber,http://www.krankenhaus-brilon.de
Städtische Kliniken Mönchengladbach GmbH,https://www.weltzentrum-der-medizintechnik.de/profil/Staedtische+Kliniken+Moenchengladbach+GmbH-10558/ueber,http://www.sk-mg.de
Städtisches Klinikum Braunschweig gGmbH,https://www.weltzentrum-der-medizintechnik.de/profil/Staedtisches+Klinikum+Braunschweig+gGmbH-2746/ueber,http://www.klinikum-braunschweig.de
Städtisches Klinikum Dessau,https://www.weltzentrum-der-medizintechnik.de/profil/Staedtisches+Klinikum+Dessau-10022/ueber,http://www.klinikum-dessau.de/
Städtisches Klinikum Görlitz gGmbH,https://www.weltzentrum-der-medizintechnik.de/profil/Staedtisches+Klinikum+Goerlitz+gGmbH-11053/ueber,https://www.klinikum-goerlitz.de/
Städtisches Klinikum Wolfenbüttel gGmbH,https://www.weltzentrum-der-medizintechnik.de/profil/Staedtisches+Klinikum+Wolfenbuettel+gGmbH-11070/ueber,https://www.klinikum-wolfenbuettel.de
Städtisches Krankenhaus Eisenhüttenstadt GmbH,https://www.weltzentrum-der-medizintechnik.de/profil/Staedtisches+Krankenhaus+Eisenhuettenstadt+GmbH-9859/ueber,http://www.khehst.de
Städtisches Krankenhaus Pirmasens gGmbH - Standort Rodalben,https://www.weltzentrum-der-medizintechnik.de/profil/Staedtisches+Krankenhaus+Pirmasens+gGmbH++Standort+Rodalben-9867/ueber,http://www.kh-pirmasens.de
Städtisches Krankenhaus Pirmasens gGmbH,https://www.weltzentrum-der-medizintechnik.de/profil/Staedtisches+Krankenhaus+Pirmasens+gGmbH-9866/ueber,http://www.kh-pirmasens.de
Stäubli Electrical Connectors,https://www.weltzentrum-der-medizintechnik.de/profil/Staeubli+Electrical+Connectors-304/ueber,https://www.staubli.com/global/de/electrical-connectors.html?utm_source=weltzentrum-der-medizintechnik.de&utm_medium=refferral&utm_campaign=ECS-IND-companyprofile
Stahl Oberflächentechnik GmbH,https://www.weltzentrum-der-medizintechnik.de/profil/Stahl+Oberflaechentechnik+GmbH-2394/ueber,
"Standard Instruments GmbH Gesellschaft fuer Medizintechnik, Mess- und Reg",https://www.weltzentrum-der-medizintechnik.de/profil/Standard+Instruments+GmbH+Gesellschaft+fuer+Medizintechnik%252C+Mess+und+Reg-2246/ueber,http://www.stdi.de
Standort Seelow,https://www.weltzentrum-der-medizintechnik.de/profil/Standort+Seelow-9609/ueber,http://www.ekh-lutherstift.de
Starkling e.K.,https://www.weltzentrum-der-medizintechnik.de/profil/Starkling+e.K.-2439/ueber,
Station 1014 Allgemein Psychiatrie Ehingen,https://www.weltzentrum-der-medizintechnik.de/profil/Station+1014+Allgemein+Psychiatrie+Ehingen-10738/ueber,http://www.zfp-web.de
Steiner Präzisionsdrehteile,https://www.weltzentrum-der-medizintechnik.de/profil/Steiner+Praezisionsdrehteile-527/ueber,http://www.steiner-praezision.de
Steiner-Pinzetten GmbH,https://www.weltzentrum-der-medizintechnik.de/profil/SteinerPinzetten+GmbH-655/ueber,http://www.steiner-pinzetten.de/
Steinlach-Klinik GmbH,https://www.weltzentrum-der-medizintechnik.de/profil/SteinlachKlinik+GmbH-10579/ueber,http://www.steinlach-klinik.com
Stengelin Medical GmbH,https://www.weltzentrum-der-medizintechnik.de/profil/Stengelin+Medical+GmbH-345/ueber,http://www.stengelin.de/
Steri-Forum,https://www.weltzentrum-der-medizintechnik.de/profil/SteriForum-11411/ueber,http://www.steriforum.de/start/
Steri-Tech GmbH,https://www.weltzentrum-der-medizintechnik.de/profil/SteriTech+GmbH-2250/ueber,http://www.steri-tech.de
Stiftungsklinik Weißenhorn,https://www.weltzentrum-der-medizintechnik.de/profil/Stiftungsklinik+Weissenhorn-10586/ueber,http://www.stiftungsklinik-weissenhorn.de
Stiftungskrankenhaus Nördlingen,https://www.weltzentrum-der-medizintechnik.de/profil/Stiftungskrankenhaus+Noerdlingen-9571/ueber,http://www.donkliniken.de
Störk Instrumente GmbH,https://www.weltzentrum-der-medizintechnik.de/profil/Stoerk+Instrumente+GmbH-450/ueber,http://www.stoerk-instrumente.de/
Stoma / Storz am Mark GmbH,https://www.weltzentrum-der-medizintechnik.de/profil/Stoma++Storz+am+Mark+GmbH-17/ueber,http://www.stoma.de/
Strätz FN GmbH,https://www.weltzentrum-der-medizintechnik.de/profil/Straetz+FN+GmbH-2257/ueber,http://www.straetz-fn.de
Strehlow GmbH,https://www.weltzentrum-der-medizintechnik.de/profil/Strehlow+GmbH-2259/ueber,http://www.strehlow2000.de
"Stroke Unit am Klinikum Barnim, Werner Forßmann Krankenhaus",https://www.weltzentrum-der-medizintechnik.de/profil/Stroke+Unit+am+Klinikum+Barnim%252C+Werner+Forssmann+Krankenhaus-10953/ueber,https://www.glg-gesundheit.de
Stryker GmbH & Co.KG,https://www.weltzentrum-der-medizintechnik.de/profil/Stryker+GmbH+%2526+Co.KG-164/ueber,http://www.stryker.de/
Stryker Trauma GmbH,https://www.weltzentrum-der-medizintechnik.de/profil/Stryker+Trauma+GmbH-2261/ueber,http://www.stryker.com
Stuckenbrock Medizintechnik GmbH,https://www.weltzentrum-der-medizintechnik.de/profil/Stuckenbrock+Medizintechnik+GmbH+-190/ueber,
Studenroth Präzisionstechnik GmbH,https://www.weltzentrum-der-medizintechnik.de/profil/Studenroth+Praezisionstechnik+GmbH-595/ueber,http://www.studenroth.com
StudiBucht,https://www.weltzentrum-der-medizintechnik.de/profil/StudiBucht-11438/ueber,http://info@studibucht.de
Stuhlfauth Medizintechnik e.K.,https://www.weltzentrum-der-medizintechnik.de/profil/Stuhlfauth+Medizintechnik+e.K.-2262/ueber,https://www.stuhlfauth-pflege.de
Stumpp Medizintechnik GmbH,https://www.weltzentrum-der-medizintechnik.de/profil/Stumpp+Medizintechnik+GmbH-2263/ueber,https://www.stump-medizintechnik.de/index.html
Suchttagesklinik Ulm,https://www.weltzentrum-der-medizintechnik.de/profil/Suchttagesklinik+Ulm-10739/ueber,http://www.zfp-web.de
Südharz Klinikum Nordhausen gGmbH,https://www.weltzentrum-der-medizintechnik.de/profil/Suedharz+Klinikum+Nordhausen+gGmbH-10553/ueber,http://www.shk-ndh.de
Sunrise Medical GmbH,https://www.weltzentrum-der-medizintechnik.de/profil/Sunrise+Medical+GmbH-569/ueber,https://www.sunrisemedical.de/
Sydow-Druckguss GmbH,https://www.weltzentrum-der-medizintechnik.de/profil/SydowDruckguss+GmbH-2269/ueber,http://www.sydow.de
Synthes Tuttlingen GmbH,https://www.weltzentrum-der-medizintechnik.de/profil/Synthes+Tuttlingen+GmbH-24/ueber,http://www.synthes.com
T.I.M. Medizintechnische Beratungsges. mbH,https://www.weltzentrum-der-medizintechnik.de/profil/T.I.M.+Medizintechnische+Beratungsges.+mbH-2274/ueber,http://www.tim-medizintechnik.de
TCI - Gesellschaft für technische Informatik mbH,https://www.weltzentrum-der-medizintechnik.de/profil/TCI++Gesellschaft+fuer+technische+Informatik+mbH-2499/ueber,https://www.tci.de/
TCM-Klinik Bad Kötzting,https://www.weltzentrum-der-medizintechnik.de/profil/TCMKlinik+Bad+Koetzting-11286/ueber,https://www.tcm.info
TEM-MED,https://www.weltzentrum-der-medizintechnik.de/profil/TEMMED-102/ueber,
TEREMED Nord Gesellschaft für technische Rehabilitation und Medizintechnik mbH,https://www.weltzentrum-der-medizintechnik.de/profil/TEREMED+Nord+Gesellschaft+fuer+technische+Rehabilitation+und+Medizintechnik+mbH-2288/ueber,http://www.teremed-nord.de
TK Ravensburg,https://www.weltzentrum-der-medizintechnik.de/profil/TK+Ravensburg-11346/ueber,https://www.zfp-web.de/
TNI medical AG,https://www.weltzentrum-der-medizintechnik.de/profil/TNI+medical+AG-2303/ueber,http://www.tni-medical.de
TRACOE medical GmbH,https://www.weltzentrum-der-medizintechnik.de/profil/TRACOE+medical+GmbH-2308/ueber,http://www.tracoe.com
TRANSUMED GmbH,https://www.weltzentrum-der-medizintechnik.de/profil/TRANSUMED+GmbH-2310/ueber,http://www.transumed.de
TRAxL Medizin-Technik / Medica-Technik Lingen,https://www.weltzentrum-der-medizintechnik.de/profil/TRAxL+MedizinTechnik++MedicaTechnik+Lingen-2311/ueber,http://www.traxl-medizin-technik.de
TREU-Instrumente GmbH,https://www.weltzentrum-der-medizintechnik.de/profil/TREUInstrumente+GmbH-140/ueber,http://1.treu.com
TRICONmed GmbH,https://www.weltzentrum-der-medizintechnik.de/profil/TRICONmed+GmbH-2313/ueber,http://www.triconmed.de
TRIGOMED GmbH,https://www.weltzentrum-der-medizintechnik.de/profil/TRIGOMED+GmbH-2316/ueber,http://www.trigomed.de
TRUMPF Laser- und Systemtechnik GmbH,https://www.weltzentrum-der-medizintechnik.de/profil/TRUMPF+Laser+und+Systemtechnik+GmbH-564/ueber,http://www.trumpf.com
TRUMPF Medizin Systeme GmbH + Co. KG,https://www.weltzentrum-der-medizintechnik.de/profil/TRUMPF+Medizin+Systeme+GmbH+%252B+Co.+KG-2322/ueber,http://www.trumpf-med.com
TSD medical devices,https://www.weltzentrum-der-medizintechnik.de/profil/TSD+medical+devices-2323/ueber,http://videoprinter.de/index.html
TSE Systems GmbH,https://www.weltzentrum-der-medizintechnik.de/profil/TSE+Systems+GmbH-2324/ueber,http://www.TSE-Systems.com
TUR Therapietechnik GmbH,https://www.weltzentrum-der-medizintechnik.de/profil/TUR+Therapietechnik+GmbH-2326/ueber,https://www.tur-web.com
TURBOMED Vertriebs- und Service GmbH,https://www.weltzentrum-der-medizintechnik.de/profil/TURBOMED+Vertriebs+und+Service+GmbH-2327/ueber,https://www.cgm.com/turbomed-service/index.de.jsp
TUT INSTRUMENTS GmbH,https://www.weltzentrum-der-medizintechnik.de/profil/TUT+INSTRUMENTS+GmbH-2328/ueber,http://www.tut-instruments.com
TUTTLINGER INSTRUMENTEN MANUFAKTUR GMBH,https://www.weltzentrum-der-medizintechnik.de/profil/TUTTLINGER+INSTRUMENTEN+MANUFAKTUR+GMBH-431/ueber,http://www.tim-instruments.de/
TZM GmbH,https://www.weltzentrum-der-medizintechnik.de/profil/TZM+GmbH-11426/ueber,https://www.tzm.de
Tagesklinik 2,https://www.weltzentrum-der-medizintechnik.de/profil/Tagesklinik+2-9300/ueber,http://www.alexianer-aachen.de
Tagesklinik 3 Simmerath,https://www.weltzentrum-der-medizintechnik.de/profil/Tagesklinik+3+Simmerath-9301/ueber,http://www.alexianer-aachen.de
Tagesklinik 4 Stolberg,https://www.weltzentrum-der-medizintechnik.de/profil/Tagesklinik+4+Stolberg-9302/ueber,http://www.alexianer-aachen.de
Tagesklinik Am Mühlenweg Dülmen,https://www.weltzentrum-der-medizintechnik.de/profil/Tagesklinik+Am+Muehlenweg+Duelmen-9829/ueber,http://www.kas-duelmen.de
Tagesklinik Biberach,https://www.weltzentrum-der-medizintechnik.de/profil/Tagesklinik+Biberach-10743/ueber,http://www.zfp-web.de/
Tagesklinik Ehingen,https://www.weltzentrum-der-medizintechnik.de/profil/Tagesklinik+Ehingen-10744/ueber,http://www.zfp-web.de/
Tagesklinik Erkelenz,https://www.weltzentrum-der-medizintechnik.de/profil/Tagesklinik+Erkelenz-10650/ueber,http://www.vianobis-fachklinik.de
Tagesklinik Freiberg Fachkrankenhaus für Psychiatrie und Psychotherapie Bethanie,https://www.weltzentrum-der-medizintechnik.de/profil/Tagesklinik+Freiberg+Fachkrankenhaus+fuer+Psychiatrie+und+Psychotherapie+Bethanie-9595/ueber,http://www.ediacon.de
Tagesklinik Fürstenwalde,https://www.weltzentrum-der-medizintechnik.de/profil/Tagesklinik+Fuerstenwalde-10795/ueber,https://psychiatrie.immanuel.de/einrichtung/versorgungsbereiche/tagesklinik-fuerstenwalde/
Tagesklinik Heinsberg,https://www.weltzentrum-der-medizintechnik.de/profil/Tagesklinik+Heinsberg-10651/ueber,http://www.vianobis-fachklinik.de
Tagesklinik Ibbenbüren,https://www.weltzentrum-der-medizintechnik.de/profil/Tagesklinik+Ibbenbueren-10255/ueber,http://www.lwl-klinik-lengerich.de
"Tagesklinik Kinder- und Jugendpsychiatrie, Tagesklinik Psychiatrie",https://www.weltzentrum-der-medizintechnik.de/profil/Tagesklinik+Kinder+und+Jugendpsychiatrie%252C+Tagesklinik+Psychiatrie-10326/ueber,http://www.med.uni-rostock.de/
Tagesklinik Klaus Groth Platz,https://www.weltzentrum-der-medizintechnik.de/profil/Tagesklinik+Klaus+Groth+Platz-11348/ueber,https://www.zip-kiel.de
Tagesklinik Klinik Königshof am Helios Krefeld,https://www.weltzentrum-der-medizintechnik.de/profil/Tagesklinik+Klinik+Koenigshof+am+Helios+Krefeld-2861/ueber,http://www.klinik-koenigshof-krefeld.de
Tagesklinik Lemgo - Tagesklinik für Psychiatrie und Psychosomatik,https://www.weltzentrum-der-medizintechnik.de/profil/Tagesklinik+Lemgo++Tagesklinik+fuer+Psychiatrie+und+Psychosomatik-11289/ueber,https://www.tk-lemgo.de
Tagesklinik Riedlingen,https://www.weltzentrum-der-medizintechnik.de/profil/Tagesklinik+Riedlingen-10741/ueber,http://www.zfp-web.de
Tagesklinik Singen,https://www.weltzentrum-der-medizintechnik.de/profil/Tagesklinik+Singen-11340/ueber,https://www.zfp-reichenau.de
Tagesklinik Steinfurt,https://www.weltzentrum-der-medizintechnik.de/profil/Tagesklinik+Steinfurt-10253/ueber,http://www.lwl-klinik-lengerich.de
Tagesklinik Strausberg,https://www.weltzentrum-der-medizintechnik.de/profil/Tagesklinik+Strausberg-10796/ueber,https://psychiatrie.immanuel.de/einrichtung/versorgungsbereiche/tagesklinik-strausberg/
Tagesklinik Vaihingen,https://www.weltzentrum-der-medizintechnik.de/profil/Tagesklinik+Vaihingen-11201/ueber,https://www.rkh-kliniken.de/kliniken-zentren/fachbereiche/bietigheim-vaihingen/internistisch-diagnostische-tagesklinik-fuer-geriatrische-patienten/
Tagesklinik Westend,https://www.weltzentrum-der-medizintechnik.de/profil/Tagesklinik+Westend-10123/ueber,http://www.klinik-windach.de
"Tagesklinik für Kinder- und Jugendpsychiatrie, Amberg",https://www.weltzentrum-der-medizintechnik.de/profil/Tagesklinik+fuer+Kinder+und+Jugendpsychiatrie%252C+Amberg-10332/ueber,http://www.medbo.de/kliniken-heime/kinder-jugendpsychiatrie/amberg.html
"Tagesklinik für Kinder- und Jugendpsychiatrie, Psychosomatik und Psychotherapie",https://www.weltzentrum-der-medizintechnik.de/profil/Tagesklinik+fuer+Kinder+und+Jugendpsychiatrie%252C+Psychosomatik+und+Psychotherapie-10614/ueber,http://www.tagesklinik-wuerzburg.de
Tagesklinik für Kinder- und Jugendpsychiatrie und -psychotherapie Aulendorf (im Gebäude der Schussen,https://www.weltzentrum-der-medizintechnik.de/profil/Tagesklinik+fuer+Kinder+und+Jugendpsychiatrie+und+psychotherapie+Aulendorf+im+Gebaeude+der+Schussen-10740/ueber,http://www.zfp-web.de
Tagesklinik für Kinder- und Jugendpsychiatrie und -psychotherapie,https://www.weltzentrum-der-medizintechnik.de/profil/Tagesklinik+fuer+Kinder+und+Jugendpsychiatrie+und+psychotherapie-11075/ueber,https://www.kn-calw.de/tagesklinik-fuer-kinder-jugendpsychiatrie-psychotherapie-boeblingen
"Tagesklinik für Onkologie, chronische Erkrankungen im Kinder- und Jugendalter, Dermatologie, Neurolo",https://www.weltzentrum-der-medizintechnik.de/profil/Tagesklinik+fuer+Onkologie%252C+chronische+Erkrankungen+im+Kinder+und+Jugendalter%252C+Dermatologie%252C+Neurolo-10325/ueber,http://www.med.uni-rostock.de/
"Tagesklinik für Psychiatrie, Psychotherapie und Psychosomatik ""Bernstein",https://www.weltzentrum-der-medizintechnik.de/profil/Tagesklinik+fuer+Psychiatrie%252C+Psychotherapie+und+Psychosomatik+%2522Bernstein%2522-10954/ueber,https://www.glg-gesundheit.de
"Tagesklinik für Psychiatrie, Psychotherapie und Psychosomatik Bad Freienwalde",https://www.weltzentrum-der-medizintechnik.de/profil/Tagesklinik+fuer+Psychiatrie%252C+Psychotherapie+und+Psychosomatik+Bad+Freienwalde-10955/ueber,https://www.glg-gesundheit.de
"Tagesklinik für Psychiatrie, Psychotherapie und Psychosomatik Falkensee",https://www.weltzentrum-der-medizintechnik.de/profil/Tagesklinik+fuer+Psychiatrie%252C+Psychotherapie+und+Psychosomatik+Falkensee-9746/ueber,http://www.havelland-kliniken.de
Tagesklinik für Psychiatrie Schweinfurt des BKH Werneck,https://www.weltzentrum-der-medizintechnik.de/profil/Tagesklinik+fuer+Psychiatrie+Schweinfurt+des+BKH+Werneck-9869/ueber,http://www.kh-schloss-werneck.de/leistung/tagesklinik/index.html
"Tagesklinik für Psychiatrie und Psychotherapie, Haus am Maienplatz",https://www.weltzentrum-der-medizintechnik.de/profil/Tagesklinik+fuer+Psychiatrie+und+Psychotherapie%252C+Haus+am+Maienplatz-11073/ueber,https://www.kn-calw.de/psychiatrische-tagesklinik-boeblingen
Tagesklinik für Psychiatrie und Psychotherapie Bad Belzig,https://www.weltzentrum-der-medizintechnik.de/profil/Tagesklinik+fuer+Psychiatrie+und+Psychotherapie+Bad+Belzig-9812/ueber,http://www.johanniter-treuenbrietzen.de
Tagesklinik für Psychiatrie und Psychotherapie Jüterbog,https://www.weltzentrum-der-medizintechnik.de/profil/Tagesklinik+fuer+Psychiatrie+und+Psychotherapie+Jueterbog-9813/ueber,http://www.johanniter-treuenbrietzen.de
Tagesklinik für Psychiatrie und Psychotherapie Landkreis Tuttlingen,https://www.weltzentrum-der-medizintechnik.de/profil/Tagesklinik+fuer+Psychiatrie+und+Psychotherapie+Landkreis+Tuttlingen-10704/ueber,http://www.VvPH.de
Tagesklinik für Psychiatrie und Psychotherapie Schwarzwald-Baar-Kreis,https://www.weltzentrum-der-medizintechnik.de/profil/Tagesklinik+fuer+Psychiatrie+und+Psychotherapie+SchwarzwaldBaarKreis-10705/ueber,http://www.VvPH.de
Tagesklinik für Psychiatrie und Psychotherapie Zollernalbkreis gGmbH,https://www.weltzentrum-der-medizintechnik.de/profil/Tagesklinik+fuer+Psychiatrie+und+Psychotherapie+Zollernalbkreis+gGmbH-10706/ueber,http://www.VvPH.de
Tagesklinik für Psychiatrie und Psychotherapie für Erwachsene Prenzlau,https://www.weltzentrum-der-medizintechnik.de/profil/Tagesklinik+fuer+Psychiatrie+und+Psychotherapie+fuer+Erwachsene+Prenzlau-10946/ueber,https://www.glg-gesundheit.de
Tagesklinik für Psychiatrie und Psychotherapie für Erwachsene Templin,https://www.weltzentrum-der-medizintechnik.de/profil/Tagesklinik+fuer+Psychiatrie+und+Psychotherapie+fuer+Erwachsene+Templin-10947/ueber,https://www.glg-gesundheit.de
Tagesklinik im Schlössle,https://www.weltzentrum-der-medizintechnik.de/profil/Tagesklinik+im+Schloessle-11224/ueber,https://www.samariterstiftung.de/standorte/sozialpsychiatrie/esslingen/tagesklinik-im-schloessle-nuertingen.html
Tagesklinik und Ambulanz Gotha der Klinik für Kinder- u. Jugendpsychiatrie u. -psychotherapie des ÖH,https://www.weltzentrum-der-medizintechnik.de/profil/Tagesklinik+und+Ambulanz+Gotha+der+Klinik+fuer+Kinder+u.+Jugendpsychiatrie+u.+psychotherapie+des+%25C3%2596H-11169/ueber,https://www.oehk.de
"Tagesklinik und Institutsambulanz für Kinder- und Jugendpsychiatrie, Psychotherapie und Psychosomati",https://www.weltzentrum-der-medizintechnik.de/profil/Tagesklinik+und+Institutsambulanz+fuer+Kinder+und+Jugendpsychiatrie%252C+Psychotherapie+und+Psychosomati-9474/ueber,http://www.bkh-landshut.de
Tagesklinik und PIA für Kinder und Jugendliche Prenzlau,https://www.weltzentrum-der-medizintechnik.de/profil/Tagesklinik+und+PIA+fuer+Kinder+und+Jugendliche+Prenzlau-10956/ueber,https://www.glg-gesundheit.de
Technischer Labor Service Inh. Rüdiger Leitlof,https://www.weltzentrum-der-medizintechnik.de/profil/Technischer+Labor+Service+Inh.+Ruediger+Leitlof-2279/ueber,http://www.technischer-laborservice.de
Techno Technische Geraete Vertriebsgesellschaft mbH,https://www.weltzentrum-der-medizintechnik.de/profil/Techno+Technische+Geraete+Vertriebsgesellschaft+mbH-2280/ueber,http://www.techno-versand.de
Technolas Perfect Vision GmbH,https://www.weltzentrum-der-medizintechnik.de/profil/Technolas+Perfect+Vision+GmbH-2281/ueber,http://www.technolaspv.com
Technomed Elektromedizinischer Apparatebau GmbH,https://www.weltzentrum-der-medizintechnik.de/profil/Technomed+Elektromedizinischer+Apparatebau+GmbH-2282/ueber,http://www.technomed.de
Tekno-Medical Optik-Chirurgie GmbH,https://www.weltzentrum-der-medizintechnik.de/profil/TeknoMedical+OptikChirurgie+GmbH-696/ueber,http://www.tekno-medical.com/
Teleflex Medical GmbH,https://www.weltzentrum-der-medizintechnik.de/profil/Teleflex+Medical+GmbH-768/ueber,https://www.teleflex-homecare.de/
Tentamus Pharma & Med Deutschland GmbH,https://www.weltzentrum-der-medizintechnik.de/profil/Tentamus+Pharma+%2526+Med+Deutschland+GmbH-344/ueber,https://www.tentamus-pharma.de
TerniMed UG,https://www.weltzentrum-der-medizintechnik.de/profil/TerniMed+UG-2290/ueber,http://www.ternimed.de
Ternieden GmbH,https://www.weltzentrum-der-medizintechnik.de/profil/Ternieden+GmbH-2289/ueber,http://www.ternieden.de
Terumo Deutschland GmbH,https://www.weltzentrum-der-medizintechnik.de/profil/Terumo+Deutschland+GmbH-2292/ueber,http://www.terumo-europe.com
Testfirma Matze,https://www.weltzentrum-der-medizintechnik.de/profil/Testfirma+Matze-11421/ueber,http://www.sq.de
Teufel & Gerlach GmbH,https://www.weltzentrum-der-medizintechnik.de/profil/Teufel+%2526+Gerlach+GmbH-91/ueber,http://www.teufel-gerlach.de
Tharmac GmbH,https://www.weltzentrum-der-medizintechnik.de/profil/Tharmac+GmbH-2293/ueber,https://tharmac.de
"The Pockwood, Corp.",https://www.weltzentrum-der-medizintechnik.de/profil/The+Pockwood%252C+Corp.-2294/ueber,http://www.pockwood-corp.com
Theodor Labarre Werkstätte für Silberchirurgische Instrumente GmbH,https://www.weltzentrum-der-medizintechnik.de/profil/Theodor+Labarre+Werkstaette+fuer+Silberchirurgische+Instrumente+GmbH-2295/ueber,http://www.labarre-gmbh.de/
Theresienklinik Würzburg,https://www.weltzentrum-der-medizintechnik.de/profil/Theresienklinik+Wuerzburg-10617/ueber,http://www.theresienklinik-wuerzburg.de
Thermo Electron LED GmbH,https://www.weltzentrum-der-medizintechnik.de/profil/Thermo+Electron+LED+GmbH-2296/ueber,http://www.thermo.com
ThiesMediCenter GmbH,https://www.weltzentrum-der-medizintechnik.de/profil/ThiesMediCenter+GmbH-2297/ueber,http://www.thies-gesundheitspartner.de
Thomas Müller Elektronik GmbH,https://www.weltzentrum-der-medizintechnik.de/profil/Thomas+Mueller+Elektronik+GmbH-2298/ueber,http://www.mueller-elektronik-gmbh.de
Thomas Ongaro,https://www.weltzentrum-der-medizintechnik.de/profil/Thomas+Ongaro-2299/ueber,http://www.ost-stuttgart.de
"Thüringen-Kliniken ""Georgius Agricola"" GmbH, Standort Rudolstadt",https://www.weltzentrum-der-medizintechnik.de/profil/ThueringenKliniken+%2522Georgius+Agricola%2522+GmbH%252C+Standort+Rudolstadt-11288/ueber,https://www.thueringen-kliniken.de/
Titanium Industries International GmbH,https://www.weltzentrum-der-medizintechnik.de/profil/Titanium+Industries+International+GmbH-2443/ueber,
Titanium Textiles AG,https://www.weltzentrum-der-medizintechnik.de/profil/Titanium+Textiles+AG-2489/ueber,https://www.titaniumtex.com
Topocrom GmbH,https://www.weltzentrum-der-medizintechnik.de/profil/Topocrom+GmbH-11423/ueber,http://www.topocrom.com
Train To Trade,https://www.weltzentrum-der-medizintechnik.de/profil/Train+To+Trade-11389/ueber,https://www.traintotradesialkot.com/
Transline Gruppe GmbH,https://www.weltzentrum-der-medizintechnik.de/profil/Transline+Gruppe+GmbH-343/ueber,https://www.transline.de/
Translumina GmbH,https://www.weltzentrum-der-medizintechnik.de/profil/Translumina+GmbH-700/ueber,http://www.translumina.de
Transmed Medizintechnik GmbH & Co. KG,https://www.weltzentrum-der-medizintechnik.de/profil/Transmed+Medizintechnik+GmbH+%2526+Co.+KG-2309/ueber,http://www.sarstedt.com
TriLas Medical GmbH,https://www.weltzentrum-der-medizintechnik.de/profil/TriLas+Medical+GmbH-2317/ueber,http://www.trilas-medical.com
Triamed GmbH,https://www.weltzentrum-der-medizintechnik.de/profil/Triamed+GmbH-2312/ueber,http://www.tri-amed.de
Tricumed Medizintechnik GmbH,https://www.weltzentrum-der-medizintechnik.de/profil/Tricumed+Medizintechnik+GmbH-2314/ueber,http://www.tricumed.de
Trinon Titanium GmbH,https://www.weltzentrum-der-medizintechnik.de/profil/Trinon+Titanium+GmbH-2318/ueber,http://www.trinon.com
Troge Medical GmbH,https://www.weltzentrum-der-medizintechnik.de/profil/Troge+Medical+GmbH-2319/ueber,http://www.trogemedical.de
Trolab Medizintechnik Lucia Tropp KG,https://www.weltzentrum-der-medizintechnik.de/profil/Trolab+Medizintechnik+Lucia+Tropp+KG-2320/ueber,http://www.trolab.de
Tropenklinik Paul-Lechler-Krankenhaus,https://www.weltzentrum-der-medizintechnik.de/profil/Tropenklinik+PaulLechlerKrankenhaus-11291/ueber,https://www.tropenklinik.de
Trout GmbH,https://www.weltzentrum-der-medizintechnik.de/profil/Trout+GmbH-2321/ueber,http://www.trout-gmbh.de
TuR Service und Zubehörvertrieb Medizintechnik Berlin GmbH,https://www.weltzentrum-der-medizintechnik.de/profil/TuR+Service+und+Zubehoervertrieb+Medizintechnik+Berlin+GmbH-2325/ueber,http://www.medizintechnik-berlin-gmbh.de
Türk+Hillinger GmbH,https://www.weltzentrum-der-medizintechnik.de/profil/Tuerk%252BHillinger+GmbH-253/ueber,http://www.tuerk-hillinger.de
U. Klein GmbH,https://www.weltzentrum-der-medizintechnik.de/profil/U.+Klein+GmbH-2330/ueber,http://www.u-klein-gmbh.de
UFSK-International OSYS GmbH,https://www.weltzentrum-der-medizintechnik.de/profil/UFSKInternational+OSYS+GmbH-2331/ueber,http://www.ufsk-osys.com
UNGER Medizintechnik GmbH & Co. KG,https://www.weltzentrum-der-medizintechnik.de/profil/UNGER+Medizintechnik+GmbH+%2526+Co.+KG-2338/ueber,http://www.unger-medizintechnik.de
UNICURA Ritter von Kempski Privathotels GmbH,https://www.weltzentrum-der-medizintechnik.de/profil/UNICURA+Ritter+von+Kempski+Privathotels+GmbH-2339/ueber,http://www.unicura.de
"UNIVERSITÄTSKLINIKUM Schleswig-Holstein, Campus Kiel",https://www.weltzentrum-der-medizintechnik.de/profil/UNIVERSIT%25C3%2584TSKLINIKUM+SchleswigHolstein%252C+Campus+Kiel-11294/ueber,https://www.uksh.de
"UNIVERSITÄTSKLINIKUM Schleswig-Holstein, Campus Lübeck",https://www.weltzentrum-der-medizintechnik.de/profil/UNIVERSIT%25C3%2584TSKLINIKUM+SchleswigHolstein%252C+Campus+Luebeck-11295/ueber,https://www.uksh.de
Uhlenhaus Tagesklinik für Psychosomatische Medizin und Psychotherapie,https://www.weltzentrum-der-medizintechnik.de/profil/Uhlenhaus+Tagesklinik+fuer+Psychosomatische+Medizin+und+Psychotherapie-11292/ueber,https://www.uhlenhaus.de/
Ulrich Böttger,https://www.weltzentrum-der-medizintechnik.de/profil/Ulrich+Boettger-2332/ueber,https://www.incon-technik.de/
Uniklinik RWTH Aachen,https://www.weltzentrum-der-medizintechnik.de/profil/Uniklinik+RWTH+Aachen-2745/ueber,http://www.ukaachen.de/
Uniphy Elektromedizin GmbH & Co. KG,https://www.weltzentrum-der-medizintechnik.de/profil/Uniphy+Elektromedizin+GmbH+%2526+Co.+KG-2341/ueber,http://www.uniphy-elmed.com
Uniquely Industrial Limited,https://www.weltzentrum-der-medizintechnik.de/profil/Uniquely+Industrial+Limited-2398/ueber,
United Machining Germany GmbH,https://www.weltzentrum-der-medizintechnik.de/profil/United+Machining+Germany+GmbH-692/ueber,https://www.gfms.com/
Universal Robots (Germany) GmbH,https://www.weltzentrum-der-medizintechnik.de/profil/Universal+Robots+Germany+GmbH-382/ueber,http://www.universal-robots.com
Universitäts-Herzzentrum Freiburg • Bad Krozingen GmbH,https://www.weltzentrum-der-medizintechnik.de/profil/UniversitaetsHerzzentrum+Freiburg+%25E2%2580%25A2+Bad+Krozingen+GmbH-10644/ueber,http://www.universitaets-herzzentrum.de
Universitätsklinikum Augsburg - am Standort Medizincampus Süd,https://www.weltzentrum-der-medizintechnik.de/profil/Universitaetsklinikum+Augsburg++am+Standort+Medizincampus+Sued-10631/ueber,http://www.uk-augsburg.de
Universitätsklinikum Erlangen,https://www.weltzentrum-der-medizintechnik.de/profil/Universitaetsklinikum+Erlangen-2754/ueber,http://www.uk-erlangen.de
Universitätsklinikum Essen,https://www.weltzentrum-der-medizintechnik.de/profil/Universitaetsklinikum+Essen-10634/ueber,http://www.uk-essen.de
Universitätsklinikum Frankfurt,https://www.weltzentrum-der-medizintechnik.de/profil/Universitaetsklinikum+Frankfurt-9852/ueber,http://www.kgu.de
Universitätsklinikum Freiburg,https://www.weltzentrum-der-medizintechnik.de/profil/Universitaetsklinikum+Freiburg-2736/ueber,https://www.uniklinik-freiburg.de/de.html
"Universitätsklinikum Gießen und Marburg, Standort Gießen",https://www.weltzentrum-der-medizintechnik.de/profil/Universitaetsklinikum+Giessen+und+Marburg%252C+Standort+Giessen-10636/ueber,http://www.ukgm.de
"Universitätsklinikum Gießen und Marburg GmbH, Standort Marburg",https://www.weltzentrum-der-medizintechnik.de/profil/Universitaetsklinikum+Giessen+und+Marburg+GmbH%252C+Standort+Marburg-10635/ueber,http://www.ukgm.de
Universitätsklinikum Halle (Saale),https://www.weltzentrum-der-medizintechnik.de/profil/Universitaetsklinikum+Halle+Saale-10350/ueber,https://www.umh.de/
Universitätsklinikum Heidelberg,https://www.weltzentrum-der-medizintechnik.de/profil/Universitaetsklinikum+Heidelberg-2733/ueber,https://www.klinikum.uni-heidelberg.de/
Universitätsklinikum Jena,https://www.weltzentrum-der-medizintechnik.de/profil/Universitaetsklinikum+Jena-2752/ueber,https://www.uniklinikum-jena.de
Universitätsklinikum Knappschaftskrankenhaus Bochum,https://www.weltzentrum-der-medizintechnik.de/profil/Universitaetsklinikum+Knappschaftskrankenhaus+Bochum-9891/ueber,http://www.kk-bochum.de
Universitätsklinikum Magdeburg A. ö. R.,https://www.weltzentrum-der-medizintechnik.de/profil/Universitaetsklinikum+Magdeburg+A.+oe.+R.-10323/ueber,http://www.med.uni-magdeburg.de/
Universitätsklinikum Münster,https://www.weltzentrum-der-medizintechnik.de/profil/Universitaetsklinikum+Muenster-2747/ueber,http://www.ukm.de
Universitätsklinikum Regensburg,https://www.weltzentrum-der-medizintechnik.de/profil/Universitaetsklinikum+Regensburg-10638/ueber,http://www.ukr.de
Universitätsklinikum Würzburg,https://www.weltzentrum-der-medizintechnik.de/profil/Universitaetsklinikum+Wuerzburg-2749/ueber,https://www.ukw.de
Universitätsklinikum des Saarlandes,https://www.weltzentrum-der-medizintechnik.de/profil/Universitaetsklinikum+des+Saarlandes-2748/ueber,http://www.uks.eu
Universitätsmedizin Essen Ruhrlandklinik - Westdeutsches Lungenzentrum,https://www.weltzentrum-der-medizintechnik.de/profil/Universitaetsmedizin+Essen+Ruhrlandklinik++Westdeutsches+Lungenzentrum-10497/ueber,http://www.ruhrlandklinik.de/
Universitätsmedizin Göttingen,https://www.weltzentrum-der-medizintechnik.de/profil/Universitaetsmedizin+Goettingen-2738/ueber,http://www.med.uni-goettingen.de
Universitätsmedizin Greifswald - Körperschaft des öffentlichen Rechts,https://www.weltzentrum-der-medizintechnik.de/profil/Universitaetsmedizin+Greifswald++Koerperschaft+des+oeffentlichen+Rechts-10348/ueber,http://www.medizin.uni-greifswald.de/
Universitätsmedizin Greifswald - Tagesklinik Psychiatrie,https://www.weltzentrum-der-medizintechnik.de/profil/Universitaetsmedizin+Greifswald++Tagesklinik+Psychiatrie-10349/ueber,http://www.medizin.uni-greifswald.de/
Universitätsmedizin der Johannes Gutenberg-Universität Mainz,https://www.weltzentrum-der-medizintechnik.de/profil/Universitaetsmedizin+der+Johannes+GutenbergUniversitaet+Mainz-2735/ueber,http://www.unimedizin-mainz.de
Urban Medizin-Technik GmbH,https://www.weltzentrum-der-medizintechnik.de/profil/Urban+MedizinTechnik+GmbH-2342/ueber,http://www.urban-med.de
Urologische Klinik München - Planegg,https://www.weltzentrum-der-medizintechnik.de/profil/Urologische+Klinik+Muenchen++Planegg-10637/ueber,http://www.ukmp.de
Uromaster GmbH,https://www.weltzentrum-der-medizintechnik.de/profil/Uromaster+GmbH-2343/ueber,http://www.uromaster.de
Uronovis GmbH,https://www.weltzentrum-der-medizintechnik.de/profil/Uronovis+GmbH-2345/ueber,http://www.uronovis.de
Ustomed Instrumente GmbH & Co. KG,https://www.weltzentrum-der-medizintechnik.de/profil/Ustomed+Instrumente+GmbH+%2526+Co.+KG-201/ueber,http://www.ustomed.de/
VAMED Klinik Bad Berleburg GmbH,https://www.weltzentrum-der-medizintechnik.de/profil/VAMED+Klinik+Bad+Berleburg+GmbH-11299/ueber,https://www.vamed-gesundheit.de/kliniken/bad-berleburg/
VAMED Klinik Hagen Ambrock,https://www.weltzentrum-der-medizintechnik.de/profil/VAMED+Klinik+Hagen+Ambrock-11301/ueber,https://www.vamed-gesundheit.de/kliniken/hagen-ambrock/unser-angebot/unser-fachbereich-pneumologie/
VAMED Klinik Hohenstücken [BRBH],https://www.weltzentrum-der-medizintechnik.de/profil/VAMED+Klinik+Hohenstuecken+%255BBRBH%255D-11302/ueber,https://www.vamed-gesundheit.de/reha/hohenstuecken/
VBM Medizintechnik GmbH,https://www.weltzentrum-der-medizintechnik.de/profil/VBM+Medizintechnik+GmbH-443/ueber,https://www.vbm-medical.de/
VDI,https://www.weltzentrum-der-medizintechnik.de/profil/VDI-760/ueber,http://www.vdi.de
VE Valley Electronics GmbH,https://www.weltzentrum-der-medizintechnik.de/profil/VE+Valley+Electronics+GmbH-2351/ueber,http://www.lady-comp.de
VELIXX GmbH,https://www.weltzentrum-der-medizintechnik.de/profil/VELIXX+GmbH-775/ueber,https://www.velixx.com/
VENEN-CLINIC,https://www.weltzentrum-der-medizintechnik.de/profil/VENENCLINIC-10646/ueber,http://www.venen-clinic.de
VIA DA VINCI.dialog GmbH,https://www.weltzentrum-der-medizintechnik.de/profil/VIA+DA+VINCI.dialog+GmbH-2361/ueber,http://www.viadavinci.de
VITATEC Medizintechnik GmbH,https://www.weltzentrum-der-medizintechnik.de/profil/VITATEC+Medizintechnik+GmbH-2373/ueber,http://vitatec.com
VIVISOL Deutschland GmbH,https://www.weltzentrum-der-medizintechnik.de/profil/VIVISOL+Deutschland+GmbH-2374/ueber,http://www.vivisol.de
VOMED Volzer Medizintechnik GmbH & Co. KG,https://www.weltzentrum-der-medizintechnik.de/profil/VOMED+Volzer+Medizintechnik+GmbH+%2526+Co.+KG-550/ueber,http://www.vomed.de
VOSTRA GmbH,https://www.weltzentrum-der-medizintechnik.de/profil/VOSTRA+GmbH-2379/ueber,http://www.vostra.de
VUBU - Medical Instruments Germany UG,https://www.weltzentrum-der-medizintechnik.de/profil/VUBU++Medical+Instruments+Germany+UG-386/ueber,http://www.vubu-medical.de
Validation Lab GmbH,https://www.weltzentrum-der-medizintechnik.de/profil/Validation+Lab+GmbH-2346/ueber,http://www.validation-lab.com/
Vamed Ostseeklinik Damp,https://www.weltzentrum-der-medizintechnik.de/profil/Vamed+Ostseeklinik+Damp-11300/ueber,https://www.vamed-gesundheit.de/kliniken/damp-ostseeklinik/
Varialux GmbH,https://www.weltzentrum-der-medizintechnik.de/profil/Varialux+GmbH-2347/ueber,http://www.varialux.de
Varian Medical Systems Deutschland GmbH,https://www.weltzentrum-der-medizintechnik.de/profil/Varian+Medical+Systems+Deutschland+GmbH-2348/ueber,http://www.varian.com
Varitec AG,https://www.weltzentrum-der-medizintechnik.de/profil/Varitec+AG-2349/ueber,http://www.varitec.de
Vascotube GmbH,https://www.weltzentrum-der-medizintechnik.de/profil/Vascotube+GmbH-2350/ueber,http://www.vascotube.de
Vector Med-Consult GmbH,https://www.weltzentrum-der-medizintechnik.de/profil/Vector+MedConsult+GmbH-2352/ueber,http://www.vectormed.de
Vectura GmbH,https://www.weltzentrum-der-medizintechnik.de/profil/Vectura+GmbH-2353/ueber,http://www.vectura.com
Velamed GmbH - Science in Motion,https://www.weltzentrum-der-medizintechnik.de/profil/Velamed+GmbH++Science+in+Motion-2354/ueber,http://www.velamed.com
Velumount Süd GmbH,https://www.weltzentrum-der-medizintechnik.de/profil/Velumount+Sued+GmbH-2355/ueber,http://www.velumount.de
VendoraMED,https://www.weltzentrum-der-medizintechnik.de/profil/VendoraMED-11407/ueber,https://www.vendoramed.de/
Venner Medical (Deutschland) GmbH,https://www.weltzentrum-der-medizintechnik.de/profil/Venner+Medical+Deutschland+GmbH-2356/ueber,http://www.vennermedical.de
Veramedklinik am Wendelstein,https://www.weltzentrum-der-medizintechnik.de/profil/Veramedklinik+am+Wendelstein-10647/ueber,http://www.veramed.de
Verbandkasten-Service Stage Werner,https://www.weltzentrum-der-medizintechnik.de/profil/VerbandkastenService+Stage+Werner-2357/ueber,http://www.verbandkaesten.de
VerbandkastenService,https://www.weltzentrum-der-medizintechnik.de/profil/VerbandkastenService-2358/ueber,http://www.verbandkastenservice.de
Very Important Product Maschinenvertriebs GmbH,https://www.weltzentrum-der-medizintechnik.de/profil/Very+Important+Product+Maschinenvertriebs+GmbH-2359/ueber,http://www.vip-products.de
Vestische Kinder- und Jugendklinik Datteln - Universität Witten/Herdecke,https://www.weltzentrum-der-medizintechnik.de/profil/Vestische+Kinder+und+Jugendklinik+Datteln++Universitaet+WittenHerdecke-9878/ueber,http://www.kinderklinik-datteln.de
ViaNobis - Die Fachklinik am Standort Gangelt,https://www.weltzentrum-der-medizintechnik.de/profil/ViaNobis++Die+Fachklinik+am+Standort+Gangelt-10652/ueber,http://www.vianobis-fachklinik.de
VibraWorld Ltd. Physiofly-Sports Schulz&Knels GbR,https://www.weltzentrum-der-medizintechnik.de/profil/VibraWorld+Ltd.+PhysioflySports+Schulz%2526Knels+GbR-2362/ueber,https://www.vibraworld.de
Viktor Hegedüs GmbH,https://www.weltzentrum-der-medizintechnik.de/profil/Viktor+Hegedues+GmbH-230/ueber,http://www.hegedues.de
Villing GmbH,https://www.weltzentrum-der-medizintechnik.de/profil/Villing+GmbH-671/ueber,http://www.villing-gmbh.de
Vinzenz Pallotti Hospital,https://www.weltzentrum-der-medizintechnik.de/profil/Vinzenz+Pallotti+Hospital-10938/ueber,https://www.gfo-kliniken-rhein-berg.de/startseite.html
Vinzenz Sattler GmbH,https://www.weltzentrum-der-medizintechnik.de/profil/Vinzenz+Sattler+GmbH-193/ueber,http://www.vinzenzsattler.de/
Vinzenz von Paul Hospital gGmbH,https://www.weltzentrum-der-medizintechnik.de/profil/Vinzenz+von+Paul+Hospital+gGmbH-10707/ueber,http://www.VvPH.de
Vinzenzkrankenhaus Hannover,https://www.weltzentrum-der-medizintechnik.de/profil/Vinzenzkrankenhaus+Hannover-10665/ueber,http://www.vinzenzkrankenhaus.de
Viramed Biotech AG,https://www.weltzentrum-der-medizintechnik.de/profil/Viramed+Biotech+AG-2363/ueber,http://www.viramed.de
Virex GmbH,https://www.weltzentrum-der-medizintechnik.de/profil/Virex+GmbH-2364/ueber,http://www.virex.eu
Viro Schmiedeteile GmbH,https://www.weltzentrum-der-medizintechnik.de/profil/Viro+Schmiedeteile+GmbH-626/ueber,http://www.viro.com
Visel Medizintechnik GmbH,https://www.weltzentrum-der-medizintechnik.de/profil/Visel+Medizintechnik+GmbH-2365/ueber,http://www.visel-med.de
Vistec AG,https://www.weltzentrum-der-medizintechnik.de/profil/Vistec+AG-2366/ueber,http://www.vistec-ag.de
Vital Age Meditech GmbH,https://www.weltzentrum-der-medizintechnik.de/profil/Vital+Age+Meditech+GmbH-2368/ueber,http://www.vital-age.de
Vitalitec International Medizintechnik GmbH,https://www.weltzentrum-der-medizintechnik.de/profil/Vitalitec+International+Medizintechnik+GmbH-2369/ueber,http://www.vitalitec.de
Vitalograph GmbH,https://www.weltzentrum-der-medizintechnik.de/profil/Vitalograph+GmbH-2370/ueber,http://www.vitalograph.de
Vitamed Matthias Quinger e.K.,https://www.weltzentrum-der-medizintechnik.de/profil/Vitamed+Matthias+Quinger+e.K.-2371/ueber,http://www.vitamed-quinger.de
Vitanas Klinik & Tagesklinik für Geriatrie,https://www.weltzentrum-der-medizintechnik.de/profil/Vitanas+Klinik+%2526+Tagesklinik+fuer+Geriatrie-11309/ueber,https://www.vitanas.de/de/klinische_centren/geriatrie_maerkisches_viertel/krankenhaus_geriatrie_maerkisches_viertel.php
Vitos Heppenheim,https://www.weltzentrum-der-medizintechnik.de/profil/Vitos+Heppenheim-10671/ueber,http://www.vitos-heppenheim.de/heppenheim/heppenheim-homepage.html
Vitos Klinik Hofheim Standort Heppenheim,https://www.weltzentrum-der-medizintechnik.de/profil/Vitos+Klinik+Hofheim+Standort+Heppenheim-10686/ueber,http://www.vitos-riedstadt.de
Vitos Klinik Lahnhöhe Marburg / Tagesklinik Alsfeld,https://www.weltzentrum-der-medizintechnik.de/profil/Vitos+Klinik+Lahnhoehe+Marburg++Tagesklinik+Alsfeld-10667/ueber,http://www.vitos-giessen-marburg.de
Vitos Klinik für Psychiatrie und Psychotherapie Hadamar,https://www.weltzentrum-der-medizintechnik.de/profil/Vitos+Klinik+fuer+Psychiatrie+und+Psychotherapie+Hadamar-11330/ueber,https://www.vitos.de/gesellschaften/vitos-weil-lahn/einrichtungen/vitos-klinik-fuer-psychiatrie-und-psychotherapie-hadamar-1
Vitos Klinik für Psychiatrie und Psychotherapie Standort Haina,https://www.weltzentrum-der-medizintechnik.de/profil/Vitos+Klinik+fuer+Psychiatrie+und+Psychotherapie+Standort+Haina-11310/ueber,https://www.vitos.de/gesellschaften/vitos-haina/einrichtungen/vitos-klinik-fuer-psychiatrie-und-psychotherapie-haina
Vitos Klinik für Psychiatrie und Psychotherapie Standort Korbach,https://www.weltzentrum-der-medizintechnik.de/profil/Vitos+Klinik+fuer+Psychiatrie+und+Psychotherapie+Standort+Korbach-11311/ueber,https://www.vitos.de/gesellschaften/vitos-haina/einrichtungen/vitos-klinik-fuer-psychiatrie-und-psychotherapie-haina
Vitos Klinik für Psychosomatik Kassel,https://www.weltzentrum-der-medizintechnik.de/profil/Vitos+Klinik+fuer+Psychosomatik+Kassel-11324/ueber,https://www.vitos.de/gesellschaften/vitos-kurhessen
Vitos Klinikum Gießen-Marburg / Standort Gießen,https://www.weltzentrum-der-medizintechnik.de/profil/Vitos+Klinikum+GiessenMarburg++Standort+Giessen-10668/ueber,http://www.vitos-giessen-marburg.de
Vitos Klinikum Gießen-Marburg / Standort Marburg,https://www.weltzentrum-der-medizintechnik.de/profil/Vitos+Klinikum+GiessenMarburg++Standort+Marburg-10669/ueber,http://www.vitos-giessen-marburg.de
Vitos Klinikum Heppenheim Standort Bensheim,https://www.weltzentrum-der-medizintechnik.de/profil/Vitos+Klinikum+Heppenheim+Standort+Bensheim-10672/ueber,http://www.vitos-heppenheim.de/heppenheim/heppenheim-homepage.html
Vitos Klinikum Herborn,https://www.weltzentrum-der-medizintechnik.de/profil/Vitos+Klinikum+Herborn-11314/ueber,https://www.vitos.de/gesellschaften/vitos-herborn
"Vitos Klinikum Rheingau, Eltville",https://www.weltzentrum-der-medizintechnik.de/profil/Vitos+Klinikum+Rheingau%252C+Eltville-10680/ueber,http://www.vitos-rheingau.de
"Vitos Klinikum Rheingau, Vitos kinder- und jugendpsychiatrische Klinik Idstein",https://www.weltzentrum-der-medizintechnik.de/profil/Vitos+Klinikum+Rheingau%252C+Vitos+kinder+und+jugendpsychiatrische+Klinik+Idstein-10681/ueber,http://www.vitos-rheingau.de
"Vitos Klinikum Rheingau, Vitos kinder-und jugendpsychiatrische Tagesklinik und Ambulanz Kelkheim",https://www.weltzentrum-der-medizintechnik.de/profil/Vitos+Klinikum+Rheingau%252C+Vitos+kinderund+jugendpsychiatrische+Tagesklinik+und+Ambulanz+Kelkheim-10682/ueber,http://www.vitos-rheingau.de
Vitos Klinikum Riedstadt Standort Riedstadt,https://www.weltzentrum-der-medizintechnik.de/profil/Vitos+Klinikum+Riedstadt+Standort+Riedstadt-10688/ueber,http://www.vitos-riedstadt.de
"Vitos Klinikum Weil-Lahn, Standort Weilmünster",https://www.weltzentrum-der-medizintechnik.de/profil/Vitos+Klinikum+WeilLahn%252C+Standort+Weilmuenster-11327/ueber,https://www.vitos.de/gesellschaften/vitos-weil-lahn
Vitos Philippshospital Riedstadt Standort Gross-Gerau,https://www.weltzentrum-der-medizintechnik.de/profil/Vitos+Philippshospital+Riedstadt+Standort+GrossGerau-10689/ueber,http://www.vitos-riedstadt.de
Vitos Philippshospital Riedstadt Standort Rüsselsheim,https://www.weltzentrum-der-medizintechnik.de/profil/Vitos+Philippshospital+Riedstadt+Standort+Ruesselsheim-10690/ueber,http://www.vitos-riedstadt.de
Vitos Psychiatrische Tagesklinik Martinshof,https://www.weltzentrum-der-medizintechnik.de/profil/Vitos+Psychiatrische+Tagesklinik+Martinshof-10670/ueber,http://www.vitos-giessen-marburg.de
Vitos kinder- und jugendpsychiatrische Tagesklinik Limburg,https://www.weltzentrum-der-medizintechnik.de/profil/Vitos+kinder+und+jugendpsychiatrische+Tagesklinik+Limburg-11313/ueber,https://www.vitos.de/gesellschaften/vitos-herborn
Vitos kinder- und jugendpsychiatrische Tagesklinik und Ambulanz Oberursel,https://www.weltzentrum-der-medizintechnik.de/profil/Vitos+kinder+und+jugendpsychiatrische+Tagesklinik+und+Ambulanz+Oberursel-10679/ueber,http://www.vitos-rheingau.de
Vitos kinder- und jugendpsychiatrische sowie psychiatrische Tageskliniken und Ambulanzen Wetzlar,https://www.weltzentrum-der-medizintechnik.de/profil/Vitos+kinder+und+jugendpsychiatrische+sowie+psychiatrische+Tageskliniken+und+Ambulanzen+Wetzlar-11312/ueber,https://www.vitos.de/gesellschaften/vitos-herborn
Vitos psychiatrische Tagesklinik Kassel,https://www.weltzentrum-der-medizintechnik.de/profil/Vitos+psychiatrische+Tagesklinik+Kassel-11325/ueber,https://www.vitos.de/gesellschaften/vitos-kurhessen
Vitos psychiatrische Tagesklinik Limburg der Vitos Klinik für Psychiatrie und Psychotherapie Hadamar,https://www.weltzentrum-der-medizintechnik.de/profil/Vitos+psychiatrische+Tagesklinik+Limburg+der+Vitos+Klinik+fuer+Psychiatrie+und+Psychotherapie+Hadamar-11328/ueber,https://www.vitos.de/gesellschaften/vitos-weil-lahn
Vitos psychiatrische Tagesklinik Melsungen,https://www.weltzentrum-der-medizintechnik.de/profil/Vitos+psychiatrische+Tagesklinik+Melsungen-11326/ueber,https://www.vitos.de/gesellschaften/vitos-kurhessen
Vitos psychiatrische Tagesklinik Weilburg der Vitos Klinik für Psychiatrie und Psychotherapie Weil-L,https://www.weltzentrum-der-medizintechnik.de/profil/Vitos+psychiatrische+Tagesklinik+Weilburg+der+Vitos+Klinik+fuer+Psychiatrie+und+Psychotherapie+WeilL-11329/ueber,https://www.vitos.de/gesellschaften/vitos-weil-lahn
Vivantes Auguste-Viktoria-Klinikum,https://www.weltzentrum-der-medizintechnik.de/profil/Vivantes+AugusteViktoriaKlinikum-10700/ueber,http://www.vivantes.de/
Vivantes Humboldt-Klinikum,https://www.weltzentrum-der-medizintechnik.de/profil/Vivantes+HumboldtKlinikum-10695/ueber,http://www.vivantes.de
Vivantes Ida-Wolff-Krankenhaus,https://www.weltzentrum-der-medizintechnik.de/profil/Vivantes+IdaWolffKrankenhaus-10701/ueber,http://www.vivantes-ida-wolff.de
Vivantes Klinikum Am Urban,https://www.weltzentrum-der-medizintechnik.de/profil/Vivantes+Klinikum+Am+Urban-10698/ueber,http://www.vivantes.de
Vivantes Klinikum Kaulsdorf - ö.B. Mehrower Allee Mahrzahn,https://www.weltzentrum-der-medizintechnik.de/profil/Vivantes+Klinikum+Kaulsdorf++oe.B.+Mehrower+Allee+Mahrzahn-10694/ueber,http://www.vivantes.de
Vivantes Klinikum Kaulsdorf,https://www.weltzentrum-der-medizintechnik.de/profil/Vivantes+Klinikum+Kaulsdorf-10693/ueber,http://www.vivantes.de
Vivantes Klinikum Neukölln,https://www.weltzentrum-der-medizintechnik.de/profil/Vivantes+Klinikum+Neukoelln-10699/ueber,http://www.vivantes.de/
Vivantes Klinikum Spandau,https://www.weltzentrum-der-medizintechnik.de/profil/Vivantes+Klinikum+Spandau-10696/ueber,http://www.vivantes.de
Vivantes Klinikum im Friedrichshain,https://www.weltzentrum-der-medizintechnik.de/profil/Vivantes+Klinikum+im+Friedrichshain-10691/ueber,http://www.vivantes.de
Vivantes Wenckebach-Klinikum,https://www.weltzentrum-der-medizintechnik.de/profil/Vivantes+WenckebachKlinikum-10697/ueber,http://www.vivantes.de
Völker GmbH,https://www.weltzentrum-der-medizintechnik.de/profil/Voelker+GmbH-2376/ueber,http://www.voelker-gmbh.de
Voigt Systemtechnik GmbH,https://www.weltzentrum-der-medizintechnik.de/profil/Voigt+Systemtechnik+GmbH-2375/ueber,http://www.voigt-systemtechnik.de
Volksbank Schwarzwald-Donau-Neckar eG,https://www.weltzentrum-der-medizintechnik.de/profil/Volksbank+SchwarzwaldDonauNeckar+eG-351/ueber,https://www.vbsdn.de/
Volz Gruppe GmbH,https://www.weltzentrum-der-medizintechnik.de/profil/Volz+Gruppe+GmbH-482/ueber,http://www.volz.de
Vorwerker Fachklinik Kinder- und Jugendpsychiatrie (stat. Bereich Lübeck),https://www.weltzentrum-der-medizintechnik.de/profil/Vorwerker+Fachklinik+Kinder+und+Jugendpsychiatrie+stat.+Bereich+Luebeck-11334/ueber,https://www.vorwerker-diakonie.de
Vorwerker Fachklinik (Tagesklinik Büchen),https://www.weltzentrum-der-medizintechnik.de/profil/Vorwerker+Fachklinik+Tagesklinik+Buechen-11331/ueber,https://www.vorwerker-diakonie.de
Vorwerker Fachklinik (Tagesklinik Eutin),https://www.weltzentrum-der-medizintechnik.de/profil/Vorwerker+Fachklinik+Tagesklinik+Eutin-11332/ueber,https://www.vorwerker-diakonie.de
Vorwerker Fachklinik (Tagesklinik Lübeck),https://www.weltzentrum-der-medizintechnik.de/profil/Vorwerker+Fachklinik+Tagesklinik+Luebeck-11333/ueber,https://www.vorwerker-diakonie.de
Vulpius Klinik GmbH,https://www.weltzentrum-der-medizintechnik.de/profil/Vulpius+Klinik+GmbH-10703/ueber,http://www.vulpiusklinik.de
W.Hafner GmbH & Co.KG,https://www.weltzentrum-der-medizintechnik.de/profil/W.Hafner+GmbH+%2526+Co.KG-347/ueber,http://www.hafner-gmbh.com
W.O.M. World of Medicine GmbH,https://www.weltzentrum-der-medizintechnik.de/profil/W.O.M.+World+of+Medicine+GmbH-2384/ueber,https://www.wom.group/de/
"WALB SANIMEDT, Inh. Ulrike Walb",https://www.weltzentrum-der-medizintechnik.de/profil/WALB+SANIMEDT%252C+Inh.+Ulrike+Walb-2387/ueber,http://www.walb-sanimedt.de
WALT-STEDT GmbH,https://www.weltzentrum-der-medizintechnik.de/profil/WALTSTEDT+GmbH-2391/ueber,http://www.walt-stedt.de
WERMA Signaltechnik GmbH + Co. KG,https://www.weltzentrum-der-medizintechnik.de/profil/WERMA+Signaltechnik+GmbH+%252B+Co.+KG+-216/ueber,http://www.werma.com
Wagner & Munz GmbH,https://www.weltzentrum-der-medizintechnik.de/profil/Wagner+%2526+Munz+GmbH-2386/ueber,http://www.wagnermunz.com
Wagner Dental GmbH & Co. KG,https://www.weltzentrum-der-medizintechnik.de/profil/Wagner+Dental+GmbH+%2526+Co.+KG-2385/ueber,http://www.wagnerdent.de
Waiblinger Zentralklinik,https://www.weltzentrum-der-medizintechnik.de/profil/Waiblinger+Zentralklinik-9282/ueber,http://wn-zentralklinik.de
Waizenegger GbR CNC-Fräs-Medizintechnik,https://www.weltzentrum-der-medizintechnik.de/profil/Waizenegger+GbR+CNCFraesMedizintechnik-94/ueber,http://www.waizenegger-cnctechnik.de
Waldemar Link GmbH & Co. KG,https://www.weltzentrum-der-medizintechnik.de/profil/Waldemar+Link+GmbH+%2526+Co.+KG-2388/ueber,http://www.linkhh.de
Waldhausklinik Deuringen gGmbH,https://www.weltzentrum-der-medizintechnik.de/profil/Waldhausklinik+Deuringen+gGmbH-10709/ueber,http://www.waldhausklinik.de
Waldklinik Bernburg,https://www.weltzentrum-der-medizintechnik.de/profil/Waldklinik+Bernburg-10710/ueber,http://www.waldklinik-bernburg.de
Waldklinik Jesteburg,https://www.weltzentrum-der-medizintechnik.de/profil/Waldklinik+Jesteburg-10711/ueber,http://www.waldklinik-jesteburg.de
Waldkliniken Eisenberg,https://www.weltzentrum-der-medizintechnik.de/profil/Waldkliniken+Eisenberg-11335/ueber,https://www.waldkliniken-eisenberg.de
Walitschek Medizintechnik GmbH,https://www.weltzentrum-der-medizintechnik.de/profil/Walitschek+Medizintechnik+GmbH-2389/ueber,http://www.clinic-master.com
Wallcase.com,https://www.weltzentrum-der-medizintechnik.de/profil/Wallcase.com-2390/ueber,http://www.wallcase.com
Weba Medizintechnik GmbH & Co.,https://www.weltzentrum-der-medizintechnik.de/profil/Weba+Medizintechnik+GmbH+%2526+Co.-96/ueber,http://www.weba-medizintechnik.de
Weber Instrumente GmbH,https://www.weltzentrum-der-medizintechnik.de/profil/Weber+Instrumente+GmbH-469/ueber,http://weber-instrumente.com/
Weihbrecht Lasertechnik GmbH,https://www.weltzentrum-der-medizintechnik.de/profil/Weihbrecht+Lasertechnik+GmbH-11432/ueber,http://www.weihbrecht.de
Weinmann GmbH,https://www.weltzentrum-der-medizintechnik.de/profil/Weinmann+GmbH-305/ueber,http://www.weinmann-gmbh.de/
Weiss Präzisionstechnik GmbH & Co. KG,https://www.weltzentrum-der-medizintechnik.de/profil/Weiss+Praezisionstechnik+GmbH+%2526+Co.+KG-662/ueber,http://www.jowede.com
Welch Allyn GmbH,https://www.weltzentrum-der-medizintechnik.de/profil/Welch+Allyn+GmbH-529/ueber,http://www.welchallyn.de
Welcome Center Schwarzwald-Baar-Heuberg & Hochrhein-Bodensee,https://www.weltzentrum-der-medizintechnik.de/profil/Welcome+Center+SchwarzwaldBaarHeuberg+%2526+HochrheinBodensee-330/ueber,http://wirtschaftsfoerderung-sbh.de/welcomecenter/
Weltzentrum der Medizintechnik,https://www.weltzentrum-der-medizintechnik.de/profil/Weltzentrum+der+Medizintechnik-313/ueber,https://www.weltzentrum-der-medizintechnik.de/start
Wenkert Medizintechnik,https://www.weltzentrum-der-medizintechnik.de/profil/Wenkert+Medizintechnik-97/ueber,http://www.wenkert.com
Wenzler Medizintechnik GmbH,https://www.weltzentrum-der-medizintechnik.de/profil/Wenzler+Medizintechnik+GmbH+-98/ueber,http://www.wenzler-med.de
Werner Esslinger oHG Offsetdruck,https://www.weltzentrum-der-medizintechnik.de/profil/Werner+Esslinger+oHG+Offsetdruck-424/ueber,http://www.esslinger-druck.de
Werner Wicker Klinik - Orthopädisches Schwerpunktklinikum Werner Wicker GmbH & Co. KG,https://www.weltzentrum-der-medizintechnik.de/profil/Werner+Wicker+Klinik++Orthopaedisches+Schwerpunktklinikum+Werner+Wicker+GmbH+%2526+Co.+KG-9280/ueber,http://werner-wicker-klinik.de
Werner-Schwidder-Klinik,https://www.weltzentrum-der-medizintechnik.de/profil/WernerSchwidderKlinik-10540/ueber,http://www.schwarzwaldkliniken.de
Wertachklinik Schwabmünchen,https://www.weltzentrum-der-medizintechnik.de/profil/Wertachklinik+Schwabmuenchen-10717/ueber,http://www.wertachkliniken.de
Westerstede,https://www.weltzentrum-der-medizintechnik.de/profil/Westerstede-9281/ueber,http://westerstede.bwkrankenhaus.de/
Westklinik Dahlem Betriebsgesellschaft mbH,https://www.weltzentrum-der-medizintechnik.de/profil/Westklinik+Dahlem+Betriebsgesellschaft+mbH-10718/ueber,http://www.westklinik-dahlem.de
Widmaier Instrumente GmbH & Co. KG,https://www.weltzentrum-der-medizintechnik.de/profil/Widmaier+Instrumente+GmbH+%2526+Co.+KG-75/ueber,http://www.widmaier-instrumente.de
Wilhelmsburger Krankenhaus Groß-Sand,https://www.weltzentrum-der-medizintechnik.de/profil/Wilhelmsburger+Krankenhaus+GrossSand-10163/ueber,http://www.krankenhaus-gross-sand.de
Winghofer Medicum Klinik GmbH,https://www.weltzentrum-der-medizintechnik.de/profil/Winghofer+Medicum+Klinik+GmbH-10727/ueber,http://www.winghofermedicum.de
Wirth Schaumstoffe OHG,https://www.weltzentrum-der-medizintechnik.de/profil/Wirth+Schaumstoffe+OHG-212/ueber,http://www.wirth-schaumstoffe.de
Wölfle Medizin- und Kabeltechnik GmbH & Co. KG,https://www.weltzentrum-der-medizintechnik.de/profil/Woelfle+Medizin+und+Kabeltechnik+GmbH+%2526+Co.+KG-265/ueber,http://www.woelfle-medizintechnik.de
WolfartKlinik,https://www.weltzentrum-der-medizintechnik.de/profil/WolfartKlinik-10730/ueber,http://www.wolfartklinik.de
Wolfgang Sixt Vertrieb von Werkzeugmaschinen,https://www.weltzentrum-der-medizintechnik.de/profil/Wolfgang+Sixt+Vertrieb+von+Werkzeugmaschinen-2455/ueber,http://www.sixt-wzm.de
ZISTERER Präzisionsdrehteile GmbH,https://www.weltzentrum-der-medizintechnik.de/profil/ZISTERER+Praezisionsdrehteile+GmbH-243/ueber,https://orca-grp.de/
Z-Medical GmbH + Co. KG,https://www.weltzentrum-der-medizintechnik.de/profil/ZMedical+GmbH+%252B+Co.+KG-476/ueber,https://www.z-medical.de/
Zahnspiegel.com Regionale Produkte aus Edelstahlt,https://www.weltzentrum-der-medizintechnik.de/profil/Zahnspiegel.com+Regionale+Produkte+aus+Edelstahlt-2395/ueber,https://zahnspiegel.com
Zeisigwaldkliniken Bethanien Chemnitz,https://www.weltzentrum-der-medizintechnik.de/profil/Zeisigwaldkliniken+Bethanien+Chemnitz-9447/ueber,http://www.bethanien-chemnitz.de/
Zentralinstitut für Seelische Gesundheit (ZI),https://www.weltzentrum-der-medizintechnik.de/profil/Zentralinstitut+fuer+Seelische+Gesundheit+ZI-10751/ueber,http://www.zi-mannheim.de/
Zentralklinik Bad Berka GmbH,https://www.weltzentrum-der-medizintechnik.de/profil/Zentralklinik+Bad+Berka+GmbH-10731/ueber,http://www.zentralklinik.de
Zentrum für Integratrive Psychiatrie - ZIP gGmbH,https://www.weltzentrum-der-medizintechnik.de/profil/Zentrum+fuer+Integratrive+Psychiatrie++ZIP+gGmbH-10753/ueber,http://www.zip-luebeck.de
Zentrum für Psychiatrie Calw – Klinikum Nordschwarzwald,https://www.weltzentrum-der-medizintechnik.de/profil/Zentrum+fuer+Psychiatrie+Calw+%25E2%2580%2593+Klinikum+Nordschwarzwald-10142/ueber,http://www.kn-calw.de
Zentrum für Psychiatrie Emmendingen,https://www.weltzentrum-der-medizintechnik.de/profil/Zentrum+fuer+Psychiatrie+Emmendingen-11338/ueber,https://www.zfp-emmendingen.de
Zentrum für Psychiatrie Reichenau,https://www.weltzentrum-der-medizintechnik.de/profil/Zentrum+fuer+Psychiatrie+Reichenau-11341/ueber,https://www.zfp-reichenau.de/
Zentrum für Seelische Gesundheit Marienheide -Klinik Marienheide,https://www.weltzentrum-der-medizintechnik.de/profil/Zentrum+fuer+Seelische+Gesundheit+Marienheide+Klinik+Marienheide-10082/ueber,http://www.klinikum-oberberg.de
Zetec Zerspanungstechnik GmbH + Co. KG,https://www.weltzentrum-der-medizintechnik.de/profil/Zetec+Zerspanungstechnik+GmbH+%252B+Co.+KG-245/ueber,http://www.zetec-zerspanung.de
ZfP Südwürttemberg Weissenau,https://www.weltzentrum-der-medizintechnik.de/profil/ZfP+Suedwuerttemberg+Weissenau-10750/ueber,http://www.zfp-zentrum.de
ZfP Südwürttemberg Zwiefalten,https://www.weltzentrum-der-medizintechnik.de/profil/ZfP+Suedwuerttemberg+Zwiefalten-10748/ueber,http://www.zfp-web.de/
Zollernalb Klinikum Albstadt,https://www.weltzentrum-der-medizintechnik.de/profil/Zollernalb+Klinikum+Albstadt-10754/ueber,http://www.zollernalb-klinikum.de
Zwan Impex,https://www.weltzentrum-der-medizintechnik.de/profil/Zwan+Impex-11445/ueber,http://www.zwanimpex.com
Zweckverband Krankenhaus St. Camillus Ursberg,https://www.weltzentrum-der-medizintechnik.de/profil/Zweckverband+Krankenhaus+St.+Camillus+Ursberg-10196/ueber,http://www.krankenhaus-st-camillus.de
Zwisler Laboratorium GmbH,https://www.weltzentrum-der-medizintechnik.de/profil/Zwisler+Laboratorium+GmbH-11416/ueber,http://www.zwisler-laboratorium.com
achtzehn medical,https://www.weltzentrum-der-medizintechnik.de/profil/achtzehn+medical-841/ueber,http://www.18medical.de
ackermann medical systems GmbH,https://www.weltzentrum-der-medizintechnik.de/profil/ackermann+medical+systems+GmbH-843/ueber,http://www.ackermann-medical.de
add'n solutions GmbH & Co.KG,https://www.weltzentrum-der-medizintechnik.de/profil/add%2527n+solutions+GmbH+%2526+Co.KG-463/ueber,http://www.addn-solutions.de
adeor medical AG,https://www.weltzentrum-der-medizintechnik.de/profil/adeor+medical+AG-848/ueber,https://www.adeor.com/Imprint/
adesso SE,https://www.weltzentrum-der-medizintechnik.de/profil/adesso+SE-333/ueber,https://www.adesso.de/
aerovita Medizintechnik GmbH,https://www.weltzentrum-der-medizintechnik.de/profil/aerovita+Medizintechnik+GmbH-853/ueber,http://www.aerovita.de
afaprax e.K. Hygiene- & Medical Handel,https://www.weltzentrum-der-medizintechnik.de/profil/afaprax+e.K.+Hygiene+%2526+Medical+Handel-855/ueber,http://www.hygiene-medical.de
akrus GmbH & Co. KG,https://www.weltzentrum-der-medizintechnik.de/profil/akrus+GmbH+%2526+Co.+KG-867/ueber,http://www.akrus.de
anthos Mikrosysteme GmbH,https://www.weltzentrum-der-medizintechnik.de/profil/anthos+Mikrosysteme+GmbH-900/ueber,http://www.anthos.de
anwerina Deutschland GmbH,https://www.weltzentrum-der-medizintechnik.de/profil/anwerina+Deutschland+GmbH-902/ueber,http://www.anwerina.com
arthronet Germany Ltd. & Co. KG,https://www.weltzentrum-der-medizintechnik.de/profil/arthronet+Germany+Ltd.+%2526+Co.+KG-913/ueber,http://arthronet.com
artmann vertriebs gmbh,https://www.weltzentrum-der-medizintechnik.de/profil/artmann+vertriebs+gmbh-915/ueber,http://www.artmann-vertrieb.de
astraia software gmbh,https://www.weltzentrum-der-medizintechnik.de/profil/astraia+software+gmbh-650/ueber,http://www.astraia.com
atrify GMBH,https://www.weltzentrum-der-medizintechnik.de/profil/atrify+GMBH-801/ueber,https://platform.atrify.com/healthcare
avasis AG,https://www.weltzentrum-der-medizintechnik.de/profil/avasis+AG-282/ueber,http://www.avasis.biz
axomed GmbH,https://www.weltzentrum-der-medizintechnik.de/profil/axomed+GmbH-520/ueber,http://www.axomed.de
baholzer Endoskopie-Systeme GmbH & Co.KG,https://www.weltzentrum-der-medizintechnik.de/profil/baholzer+EndoskopieSysteme+GmbH+%2526+Co.KG-794/ueber,http://www.baholzer.de/
bauch24.shop,https://www.weltzentrum-der-medizintechnik.de/profil/bauch24.shop-952/ueber,http://www.praxis-lieferant.de
bayer Feinwerk GmbH & Co. KG,https://www.weltzentrum-der-medizintechnik.de/profil/bayer+Feinwerk+GmbH+%2526+Co.+KG-630/ueber,http://www.bayer-feinwerk.com
bes Funkenerosion GmbH,https://www.weltzentrum-der-medizintechnik.de/profil/bes+Funkenerosion+GmbH-11437/ueber,http://www.bes-edm.de
bfp Versand Anton Lindemann eK,https://www.weltzentrum-der-medizintechnik.de/profil/bfp+Versand+Anton+Lindemann+eK-978/ueber,http://bfpversand.de
bioMérieux Deutschland GmbH,https://www.weltzentrum-der-medizintechnik.de/profil/bioM%25C3%25A9rieux+Deutschland+GmbH-2463/ueber,https://www.biomerieux-industry.com
biocima Biomedical Research GmbH,https://www.weltzentrum-der-medizintechnik.de/profil/biocima+Biomedical+Research+GmbH-985/ueber,http://www.biocima.de
biocon Medizintechnik GmbH,https://www.weltzentrum-der-medizintechnik.de/profil/biocon+Medizintechnik+GmbH-986/ueber,http://www.biocon-online.de
blache medical GmbH & Co.KG,https://www.weltzentrum-der-medizintechnik.de/profil/blache+medical+GmbH+%2526+Co.KG-1000/ueber,http://www.s-blache.de
blink surgident instruments,https://www.weltzentrum-der-medizintechnik.de/profil/blink+surgident+instruments-11376/ueber,http://www.blinksurgident.com
bluemedic Medizintechnik,https://www.weltzentrum-der-medizintechnik.de/profil/bluemedic+Medizintechnik-1003/ueber,http://www.bluemedic.de
bluepoint medical GmbH & Co. KG,https://www.weltzentrum-der-medizintechnik.de/profil/bluepoint+medical+GmbH+%2526+Co.+KG-358/ueber,http://www.bluepoint-medical.com
bronner+martin KG,https://www.weltzentrum-der-medizintechnik.de/profil/bronner%252Bmartin+KG+-197/ueber,http://www.bronner-martin.de
brumaba GmbH & Co. KG,https://www.weltzentrum-der-medizintechnik.de/profil/brumaba+GmbH+%2526+Co.+KG-1026/ueber,http://www.brumaba.de
carepoint Thum & Wilharm oHG,https://www.weltzentrum-der-medizintechnik.de/profil/carepoint+Thum+%2526+Wilharm+oHG-1041/ueber,http://www.carepoint.eu
caromed GmbH,https://www.weltzentrum-der-medizintechnik.de/profil/caromed+GmbH-1045/ueber,http://www.caromed.de
castus GmbH & Co. KG,https://www.weltzentrum-der-medizintechnik.de/profil/castus+GmbH+%2526+Co.+KG-1047/ueber,http://www.castus.pro
cerbomed GmbH,https://www.weltzentrum-der-medizintechnik.de/profil/cerbomed+GmbH-1058/ueber,http://www.cerbomed.com
c-med Medizintechnik GmbH,https://www.weltzentrum-der-medizintechnik.de/profil/cmed+Medizintechnik+GmbH-1034/ueber,http://www.c-med-berlin.de
cms electronics germany gmbh,https://www.weltzentrum-der-medizintechnik.de/profil/cms+electronics+germany+gmbh-1066/ueber,http://www.cms-electronics-germany.com
custo med GmbH,https://www.weltzentrum-der-medizintechnik.de/profil/custo+med+GmbH-1103/ueber,http://www.customed.de
dantschke Medizintechnik GmbH & Co KG,https://www.weltzentrum-der-medizintechnik.de/profil/dantschke+Medizintechnik+GmbH+%2526+Co+KG-1111/ueber,http://www.dantschke-med.de
dental bauer GmbH & Co. KG,https://www.weltzentrum-der-medizintechnik.de/profil/dental+bauer+GmbH+%2526+Co.+KG-1123/ueber,https://www.dentalbauer.de/
die stadtklinik im diako,https://www.weltzentrum-der-medizintechnik.de/profil/die+stadtklinik+im+diako-10803/ueber,https://stadtklinik-diako.de/
e.l. zepf GmbH,https://www.weltzentrum-der-medizintechnik.de/profil/e.l.+zepf+GmbH-199/ueber,http://www.elzepf.de
"eBorchardt Gesellschaft für Daten-, Netzwerk- und Medizintechnik mbH",https://www.weltzentrum-der-medizintechnik.de/profil/eBorchardt+Gesellschaft+fuer+Daten%252C+Netzwerk+und+Medizintechnik+mbH-1200/ueber,http://www.eborchardt.de
eCraft GmbH,https://www.weltzentrum-der-medizintechnik.de/profil/eCraft+GmbH-1209/ueber,http://www.ecraft-gmbh.de
eZono AG,https://www.weltzentrum-der-medizintechnik.de/profil/eZono+AG-1255/ueber,http://www.ezono.com
easy.breath GmbH,https://www.weltzentrum-der-medizintechnik.de/profil/easy.breath+GmbH-1199/ueber,http://www.easy-breath.de
em-tec GmbH,https://www.weltzentrum-der-medizintechnik.de/profil/emtec+GmbH-1225/ueber,http://www.em-tec.de
endorepair GmbH,https://www.weltzentrum-der-medizintechnik.de/profil/endorepair+GmbH-11370/ueber,https://endorepair.de/
endox Feinwerktechnik GmbH,https://www.weltzentrum-der-medizintechnik.de/profil/endox+Feinwerktechnik+GmbH-659/ueber,http://www.endox-technik.de
esogetics GmbH,https://www.weltzentrum-der-medizintechnik.de/profil/esogetics+GmbH-1239/ueber,http://www.esogetics.com
ess Mikromechanik GmbH,https://www.weltzentrum-der-medizintechnik.de/profil/ess+Mikromechanik+GmbH-215/ueber,http://www.ess-mikromechanik.de/
evonos GmbH & Co. KG,https://www.weltzentrum-der-medizintechnik.de/profil/evonos+GmbH+%2526+Co.+KG-30/ueber,http://www.evonos.de
ewimed GmbH,https://www.weltzentrum-der-medizintechnik.de/profil/ewimed+GmbH-427/ueber,https://ewimed.com/
exep Einrichtungssysteme Inh. Karl Demuth,https://www.weltzentrum-der-medizintechnik.de/profil/exep+Einrichtungssysteme+Inh.+Karl+Demuth-1250/ueber,http://www.exep.de
expo-med Harald Jezischek,https://www.weltzentrum-der-medizintechnik.de/profil/expomed+Harald+Jezischek-1252/ueber,http://www.expo-med.de
finetech Feinmechanische Werkstätte GmbH,https://www.weltzentrum-der-medizintechnik.de/profil/finetech+Feinmechanische+Werkstaette+GmbH-346/ueber,http://www.finetech-gmbh.de
first medical gmbh,https://www.weltzentrum-der-medizintechnik.de/profil/first+medical+gmbh-1271/ueber,http://praxisbedarf.first-medical.de
fluidmobile GmbH – apps that better users' lives,https://www.weltzentrum-der-medizintechnik.de/profil/fluidmobile+GmbH+%25E2%2580%2593+apps+that+better+users%2527+lives-2446/ueber,https://fluidmobile.de/app-entwicklung/medical-apps-nach-iso-13485/
for me do GmbH,https://www.weltzentrum-der-medizintechnik.de/profil/for+me+do+GmbH-1277/ueber,http://www.formedo.de
gke-GmbH,https://www.weltzentrum-der-medizintechnik.de/profil/gkeGmbH-1327/ueber,http://www.gke.eu
gpz GmbH Gemeindepsychiatrisches Zentrum GmbH,https://www.weltzentrum-der-medizintechnik.de/profil/gpz+GmbH+Gemeindepsychiatrisches+Zentrum+GmbH-9718/ueber,http://www.gpz-lippe.de
graphik-pool,https://www.weltzentrum-der-medizintechnik.de/profil/graphikpool-292/ueber,
h&h DiabetesCare GmbH,https://www.weltzentrum-der-medizintechnik.de/profil/h%2526h+DiabetesCare+GmbH-1375/ueber,http://www.hh-diabetescare.de
haSCot handelsagentur Abt. Stefans legendärer Käsekuchen Sonja Kohler-Reinartz,https://www.weltzentrum-der-medizintechnik.de/profil/haSCot+handelsagentur+Abt.+Stefans+legendaerer+Kaesekuchen+Sonja+KohlerReinartz-1397/ueber,http://www.hascot.de
humacentris Medizintechnik GmbH,https://www.weltzentrum-der-medizintechnik.de/profil/humacentris+Medizintechnik+GmbH-1447/ueber,http://www.humacentris.de
i3 Membrane GmbH,https://www.weltzentrum-der-medizintechnik.de/profil/i3+Membrane+GmbH-1455/ueber,http://www.i3membrane.de
iQ-medtec GmbH & Co. KG,https://www.weltzentrum-der-medizintechnik.de/profil/iQmedtec+GmbH+%2526+Co.+KG-1499/ueber,http://www.iq-medtec.de
ibismed Medizintechnik GmbH,https://www.weltzentrum-der-medizintechnik.de/profil/ibismed+Medizintechnik+GmbH-534/ueber,http://www.ibismed.de/
imland GmbH - imland Klinik Eckernförde,https://www.weltzentrum-der-medizintechnik.de/profil/imland+GmbH++imland+Klinik+Eckernfoerde-9794/ueber,http://www.imland.de
imland GmbH - imland Klinik Rendsburg,https://www.weltzentrum-der-medizintechnik.de/profil/imland+GmbH++imland+Klinik+Rendsburg-9795/ueber,http://www.imland.de
inmed medizintechnik GmbH,https://www.weltzentrum-der-medizintechnik.de/profil/inmed+medizintechnik+GmbH-1476/ueber,http://www.inmed.de/de/
innolase GmbH,https://www.weltzentrum-der-medizintechnik.de/profil/innolase+GmbH-1478/ueber,http://www.innolase.de
j. söllner AG,https://www.weltzentrum-der-medizintechnik.de/profil/j.+soellner+AG-1503/ueber,http://www.soellner.ag
jd-design,https://www.weltzentrum-der-medizintechnik.de/profil/jddesign-461/ueber,http://www.jd-design-agentur.de
joimax GmbH,https://www.weltzentrum-der-medizintechnik.de/profil/joimax+GmbH-1515/ueber,http://www.joimax.com
jr-medizintechnik,https://www.weltzentrum-der-medizintechnik.de/profil/jrmedizintechnik-385/ueber,http://jr-medizintechnik.de/
juwell medical GmbH,https://www.weltzentrum-der-medizintechnik.de/profil/juwell+medical+GmbH-1529/ueber,http://www.juwell.de
kardialgut GmbH,https://www.weltzentrum-der-medizintechnik.de/profil/kardialgut+GmbH-1538/ueber,http://www.kardialgut.de
"kbo - Heckscher-Klinikum gGmbH, Abteilung Rosenheim",https://www.weltzentrum-der-medizintechnik.de/profil/kbo++HeckscherKlinikum+gGmbH%252C+Abteilung+Rosenheim-10775/ueber,https://kbo-heckscher-klinikum.de/standorte/rosenheim
"kbo - Heckscher-Klinikum gGmbH, Abteilung Rottmannshöhe",https://www.weltzentrum-der-medizintechnik.de/profil/kbo++HeckscherKlinikum+gGmbH%252C+Abteilung+Rottmannshoehe-10776/ueber,https://kbo-heckscher-klinikum.de/standorte/rottmannshoehe
"kbo - Heckscher-Klinikum gGmbH, Abteilung Wasserburg",https://www.weltzentrum-der-medizintechnik.de/profil/kbo++HeckscherKlinikum+gGmbH%252C+Abteilung+Wasserburg-10777/ueber,https://kbo-heckscher-klinikum.de/standorte/wasserburg
"kbo-Heckscher-Klinikum gGmbH, Abteilung Ingolstadt",https://www.weltzentrum-der-medizintechnik.de/profil/kboHeckscherKlinikum+gGmbH%252C+Abteilung+Ingolstadt-10773/ueber,https://kbo-heckscher-klinikum.de/standorte/ingolstadt
"kbo-Heckscher-Klinikum gGmbH, Abteilung Landsberg am Lech",https://www.weltzentrum-der-medizintechnik.de/profil/kboHeckscherKlinikum+gGmbH%252C+Abteilung+Landsberg+am+Lech-10774/ueber,https://kbo-heckscher-klinikum.de/standorte/landsberg
kbo-Inn-Salzach-Klinikum Altötting,https://www.weltzentrum-der-medizintechnik.de/profil/kboInnSalzachKlinikum+Altoetting-9840/ueber,http://www.kbo-isk.de
kbo-Inn-Salzach-Klinikum Ebersberg,https://www.weltzentrum-der-medizintechnik.de/profil/kboInnSalzachKlinikum+Ebersberg-9841/ueber,http://www.kbo-isk.de
kbo-Inn-Salzach-Klinikum Freilassing,https://www.weltzentrum-der-medizintechnik.de/profil/kboInnSalzachKlinikum+Freilassing-9839/ueber,http://www.kbo-isk.de
kbo-Inn-Salzach-Klinikum Rosenheim,https://www.weltzentrum-der-medizintechnik.de/profil/kboInnSalzachKlinikum+Rosenheim-9842/ueber,http://www.kbo-isk.de
kbo-Inn-Salzach-Klinikum Wasserburg,https://www.weltzentrum-der-medizintechnik.de/profil/kboInnSalzachKlinikum+Wasserburg-9843/ueber,http://www.kbo-isk.de
kbo-Isar-Amper-Kinikum Taufkirchen Pychiatrische Tagklinik Freising,https://www.weltzentrum-der-medizintechnik.de/profil/kboIsarAmperKinikum+Taufkirchen+Pychiatrische+Tagklinik+Freising-9837/ueber,http://www.kbo-iak.de
kbo-Isar-Amper-Klinikum Fürstenfeldbruck,https://www.weltzentrum-der-medizintechnik.de/profil/kboIsarAmperKlinikum+Fuerstenfeldbruck-9784/ueber,http://www.iak-kmo.de
kbo-Isar-Amper-Klinikum Tagesklinik und Ambulanz München Berg am Laim,https://www.weltzentrum-der-medizintechnik.de/profil/kboIsarAmperKlinikum+Tagesklinik+und+Ambulanz+Muenchen+Berg+am+Laim-9787/ueber,http://www.iak-kmo.de
kbo-Isar-Amper-Klinikum Taufkirchen (Vils),https://www.weltzentrum-der-medizintechnik.de/profil/kboIsarAmperKlinikum+Taufkirchen+Vils-9838/ueber,http://www.kbo-iak.de
kbo-Kinderzentrum München,https://www.weltzentrum-der-medizintechnik.de/profil/kboKinderzentrum+Muenchen-9844/ueber,http://www.kbo-kinderzentrum-muenchen.de
kbo-Lech-Mangfall-Klinik Agatharied,https://www.weltzentrum-der-medizintechnik.de/profil/kboLechMangfallKlinik+Agatharied-9835/ueber,http://www.kbo-agatharied.de
kbo-Lech-Mangfall-Klinik Garmisch-Partenkirchen,https://www.weltzentrum-der-medizintechnik.de/profil/kboLechMangfallKlinik+GarmischPartenkirchen-9836/ueber,http://www.kbo-gap.de
kbo-Lech-Mangfall-Klinik Landsberg am Lech,https://www.weltzentrum-der-medizintechnik.de/profil/kboLechMangfallKlinik+Landsberg+am+Lech-9845/ueber,http://www.kbo-landsberg.de
kbo-Lech-Mangfall-Klinik Peißenberg,https://www.weltzentrum-der-medizintechnik.de/profil/kboLechMangfallKlinik+Peissenberg-9846/ueber,http://www.kbo-peissenberg.de
konplan systemhaus ag,https://www.weltzentrum-der-medizintechnik.de/profil/konplan+systemhaus+ag-814/ueber,http://www.konplan.com
livetec Ingenieurbüro GmbH,https://www.weltzentrum-der-medizintechnik.de/profil/livetec+Ingenieurbuero+GmbH-1608/ueber,http://www.livetec.de
lomeQ GmbH,https://www.weltzentrum-der-medizintechnik.de/profil/lomeQ+GmbH-1616/ueber,http://www.lomeq.de
m&i Fachklinik Bad Heilbrunn,https://www.weltzentrum-der-medizintechnik.de/profil/m%2526i+Fachklinik+Bad+Heilbrunn-9664/ueber,http://www.fachklinik-bad-heilbrunn.de
m&i Fachklinik Herzogenaurach,https://www.weltzentrum-der-medizintechnik.de/profil/m%2526i+Fachklinik+Herzogenaurach-9670/ueber,http://www.fachklinik-herzogenaurach.de
m&i-Fachklinik Bad Liebenstein,https://www.weltzentrum-der-medizintechnik.de/profil/m%2526iFachklinik+Bad+Liebenstein-9665/ueber,http://www.fachklinik-bad-liebenstein.de
m&i-Fachklinik Enzensberg,https://www.weltzentrum-der-medizintechnik.de/profil/m%2526iFachklinik+Enzensberg-9668/ueber,http://www.fachklinik-enzensberg.de
m&i-Fachklinik Ichenhausen,https://www.weltzentrum-der-medizintechnik.de/profil/m%2526iFachklinik+Ichenhausen-9672/ueber,http://www.fachklinik-ichenhausen.de
m&i-Fachkliniken Hohenurach,https://www.weltzentrum-der-medizintechnik.de/profil/m%2526iFachkliniken+Hohenurach-9230/ueber,https://www.fachkliniken-hohenurach.de/
mNemoScience GmbH,https://www.weltzentrum-der-medizintechnik.de/profil/mNemoScience+GmbH-1857/ueber,https://ww8.mnemoscience.de
marwehlous,https://www.weltzentrum-der-medizintechnik.de/profil/marwehlous-553/ueber,http://www.marwehlous.de
mdc medical device certification GmbH,https://www.weltzentrum-der-medizintechnik.de/profil/mdc+medical+device+certification+GmbH-11403/ueber,https://www.mdc-ce.de/startseite.html
mebamed Medizintechnik GmbH,https://www.weltzentrum-der-medizintechnik.de/profil/mebamed+Medizintechnik+GmbH-2481/ueber,http://www.mebamed.de
med100 GmbH,https://www.weltzentrum-der-medizintechnik.de/profil/med100+GmbH-11417/ueber,https://www.med100.de/
medconsult | dr.heberlein,https://www.weltzentrum-der-medizintechnik.de/profil/medconsult+%257C+dr.heberlein-1674/ueber,http://www.medconsult-heberlein.de
medesign I.C. GmbH,https://www.weltzentrum-der-medizintechnik.de/profil/medesign+I.C.+GmbH-1676/ueber,http://www.medesign.de
medi1one medical GmbH - Ein Unternehmen der Fresenius Kabi Gruppe,https://www.weltzentrum-der-medizintechnik.de/profil/medi1one+medical+GmbH++Ein+Unternehmen+der+Fresenius+Kabi+Gruppe-1686/ueber,http://www.medi1one.de
mediCZentra Vertriebs GmbH,https://www.weltzentrum-der-medizintechnik.de/profil/mediCZentra+Vertriebs+GmbH-1732/ueber,http://www.mediczentra.de
medi-G GmbH,https://www.weltzentrum-der-medizintechnik.de/profil/mediG+GmbH-548/ueber,https://medi-g.com/
medica Medizintechnik GmbH,https://www.weltzentrum-der-medizintechnik.de/profil/medica+Medizintechnik+GmbH-1700/ueber,http://www.thera-trainer.de
medica nord Vertriebs GmbH,https://www.weltzentrum-der-medizintechnik.de/profil/medica+nord+Vertriebs+GmbH-1701/ueber,http://www.medica-nord.de
medical bees GmbH,https://www.weltzentrum-der-medizintechnik.de/profil/medical+bees+GmbH-467/ueber,https://www.medical-bees.de
medical euro discount GmbH,https://www.weltzentrum-der-medizintechnik.de/profil/medical+euro+discount+GmbH-1706/ueber,http://www.medicaleurodiscount.de
medical plus GmbH,https://www.weltzentrum-der-medizintechnik.de/profil/medical+plus+GmbH-1710/ueber,http://www.medical-plus.de
medicalnetworks CJ GmbH & Co.KG,https://www.weltzentrum-der-medizintechnik.de/profil/medicalnetworks+CJ+GmbH+%2526+Co.KG-1720/ueber,https://www.medicalnetworks.de
medicap home care GmbH,https://www.weltzentrum-der-medizintechnik.de/profil/medicap+home+care+GmbH-1722/ueber,http://www.medicap.de
medico verde GmbH,https://www.weltzentrum-der-medizintechnik.de/profil/medico+verde+GmbH-1728/ueber,http://www.medicoverde.de
medifa GmbH & Co. KG,https://www.weltzentrum-der-medizintechnik.de/profil/medifa+GmbH+%2526+Co.+KG-1733/ueber,http://www.medifa.com
medika Medizintechnik GmbH,https://www.weltzentrum-der-medizintechnik.de/profil/medika+Medizintechnik+GmbH-1734/ueber,http://www.medika.de
mediplus Handelskontor f. medizinischen Bedarf GmbH,https://www.weltzentrum-der-medizintechnik.de/profil/mediplus+Handelskontor+f.+medizinischen+Bedarf+GmbH-1744/ueber,http://www.mediplus-hamburg.de
medi-plus Instrumente GmbH,https://www.weltzentrum-der-medizintechnik.de/profil/mediplus+Instrumente+GmbH-40/ueber,http://www.mediplus-instrumente.com
medipro GmbH,https://www.weltzentrum-der-medizintechnik.de/profil/medipro+GmbH-1746/ueber,http://www.medipro-mt.de
mediquip Medizintechnik,https://www.weltzentrum-der-medizintechnik.de/profil/mediquip+Medizintechnik-1748/ueber,http://www.mediquip.de
medis.Medizinische Meßtechnik GmbH,https://www.weltzentrum-der-medizintechnik.de/profil/medis.Medizinische+Messtechnik+GmbH-1751/ueber,http://www.medis-de.com
medit GmbH,https://www.weltzentrum-der-medizintechnik.de/profil/medit+GmbH-1758/ueber,http://www.medit-medical.de
med-i-tec Service GmbH,https://www.weltzentrum-der-medizintechnik.de/profil/meditec+Service+GmbH-1663/ueber,http://www.med-i-tec.de
medius KLINIK KIRCHHEIM,https://www.weltzentrum-der-medizintechnik.de/profil/medius+KLINIK+KIRCHHEIM-10347/ueber,https://www.medius-kliniken.de/
medwaves GmbH,https://www.weltzentrum-der-medizintechnik.de/profil/medwaves+GmbH-1810/ueber,http://www.medwaves.de
meetB Gesellschaft für Medizintechnik mbH,https://www.weltzentrum-der-medizintechnik.de/profil/meetB+Gesellschaft+fuer+Medizintechnik+mbH-1813/ueber,http://www.meetb.de
megro GmbH & Co KG,https://www.weltzentrum-der-medizintechnik.de/profil/megro+GmbH+%2526+Co+KG-1817/ueber,http://www.megro.de
meso international GmbH,https://www.weltzentrum-der-medizintechnik.de/profil/meso+international+GmbH-1830/ueber,http://www.sonowin.de
microsensys GmbH,https://www.weltzentrum-der-medizintechnik.de/profil/microsensys+GmbH-549/ueber,https://www.microsensys.de/
modul technik GmbH,https://www.weltzentrum-der-medizintechnik.de/profil/modul+technik+GmbH-1861/ueber,http://www.modul-technik.de
möLab GmbH,https://www.weltzentrum-der-medizintechnik.de/profil/moeLab+GmbH-1863/ueber,http://www.moelab.de
mta automation gmbh,https://www.weltzentrum-der-medizintechnik.de/profil/mta+automation+gmbh-1877/ueber,http://www.mta.ch
mtd-systems Erich Neumann,https://www.weltzentrum-der-medizintechnik.de/profil/mtdsystems+Erich+Neumann-1879/ueber,http://www.mtd-systems.de
mth medical GmbH & Co. KG,https://www.weltzentrum-der-medizintechnik.de/profil/mth+medical+GmbH+%2526+Co.+KG-1883/ueber,http://www.mth-medical.com
m-u-t GmbH,https://www.weltzentrum-der-medizintechnik.de/profil/mut+GmbH-1635/ueber,http://mut-group.com/?https://www.mut-group.com/de/industrielle-spektrometrie
nSpire Health GmbH,https://www.weltzentrum-der-medizintechnik.de/profil/nSpire+Health+GmbH-1930/ueber,http://www.nspirehealth.com
ndd Medizintechnik AG,https://www.weltzentrum-der-medizintechnik.de/profil/ndd+Medizintechnik+AG-740/ueber,https://www.ndd.ch
neuroCare Group GmbH,https://www.weltzentrum-der-medizintechnik.de/profil/neuroCare+Group+GmbH-1906/ueber,http://www.neuroconn.de/
nopa instruments Medizintechnik GmbH,https://www.weltzentrum-der-medizintechnik.de/profil/nopa+instruments+Medizintechnik+GmbH-142/ueber,http://www.nopainstruments.de
nordiska GmbH & Co. KG,https://www.weltzentrum-der-medizintechnik.de/profil/nordiska+GmbH+%2526+Co.+KG-1918/ueber,http://www.nordiska.de
o.k. Medical team Handelsgesellschaft mbH,https://www.weltzentrum-der-medizintechnik.de/profil/o.k.+Medical+team+Handelsgesellschaft+mbH-1937/ueber,http://www.okmedical-team.de
optimed Medizinische Instrumente GmbH,https://www.weltzentrum-der-medizintechnik.de/profil/optimed+Medizinische+Instrumente+GmbH-458/ueber,http://www.optimed.com
passioPharm GmbH,https://www.weltzentrum-der-medizintechnik.de/profil/passioPharm+GmbH-1979/ueber,http://www.passiopharm.de
pd medical GmbH,https://www.weltzentrum-der-medizintechnik.de/profil/pd+medical+GmbH-1984/ueber,http://www.pdmedical.de
pema elektrotechnik gmbh,https://www.weltzentrum-der-medizintechnik.de/profil/pema+elektrotechnik+gmbh-2408/ueber,http://www.pema-elektrotechnik.com
peramed Medizintechnik,https://www.weltzentrum-der-medizintechnik.de/profil/peramed+Medizintechnik-206/ueber,https://www.linkedin.com/in/drazen-perazic-708ba687/
persona service AG & Co. KG,https://www.weltzentrum-der-medizintechnik.de/profil/persona+service+AG+%2526+Co.+KG-593/ueber,http://www.persona.de
pfm medical titanium gmbh,https://www.weltzentrum-der-medizintechnik.de/profil/pfm+medical+titanium+gmbh-2001/ueber,https://www.pfmmedical.de/
phg Peter Hengstler GmbH + Co. KG,https://www.weltzentrum-der-medizintechnik.de/profil/phg+Peter+Hengstler+GmbH+%252B+Co.+KG-423/ueber,https://www.phg.de/
plus10 GmbH,https://www.weltzentrum-der-medizintechnik.de/profil/plus10+GmbH-803/ueber,https://plus10.de/
point-med Vertriebsgesellschaft mbH,https://www.weltzentrum-der-medizintechnik.de/profil/pointmed+Vertriebsgesellschaft+mbH-2020/ueber,http://www.pointmed.de
prima-med GmbH & Co. KG,https://www.weltzentrum-der-medizintechnik.de/profil/primamed+GmbH+%2526+Co.+KG-2034/ueber,http://www.prima-med.de
privelop AG,https://www.weltzentrum-der-medizintechnik.de/profil/privelop+AG-2039/ueber,http://www.privelop.ag
pro med instruments GmbH,https://www.weltzentrum-der-medizintechnik.de/profil/pro+med+instruments+GmbH-2040/ueber,http://www.pmisurgical.com
proMIS - Medical Systems GmbH,https://www.weltzentrum-der-medizintechnik.de/profil/proMIS++Medical+Systems+GmbH-2052/ueber,http://www.promis-medical.de
projekt medizin GmbH,https://www.weltzentrum-der-medizintechnik.de/profil/projekt+medizin+GmbH-2047/ueber,http://www.projekt-medizin.de
provita medical gmbh,https://www.weltzentrum-der-medizintechnik.de/profil/provita+medical+gmbh-2056/ueber,http://www.provita.de
radar-elektronik,https://www.weltzentrum-der-medizintechnik.de/profil/radarelektronik-2069/ueber,http://radarelektronik.de
radimed Gesellschaft für Kommunikationsdienstleistungen und Medizintechnik mbH,https://www.weltzentrum-der-medizintechnik.de/profil/radimed+Gesellschaft+fuer+Kommunikationsdienstleistungen+und+Medizintechnik+mbH-2071/ueber,http://www.radimed.de
radprax Krankenhaus Plettenberg GmbH,https://www.weltzentrum-der-medizintechnik.de/profil/radprax+Krankenhaus+Plettenberg+GmbH-11193/ueber,https://www.radprax.de/krankenhaus-plettenberg/
recusana GmbH,https://www.weltzentrum-der-medizintechnik.de/profil/recusana+GmbH-730/ueber,http://www.recusana.de
reha team Bayreuth Gesundheits-Technik GmbH,https://www.weltzentrum-der-medizintechnik.de/profil/reha+team+Bayreuth+GesundheitsTechnik+GmbH-2083/ueber,http://www.rehateam-bayreuth.de
reha team Mais Das Sanitätshaus Aktuell e. K.,https://www.weltzentrum-der-medizintechnik.de/profil/reha+team+Mais+Das+Sanitaetshaus+Aktuell+e.+K.-2085/ueber,http://www.rehateammais.de
reha team NORDWÜRTTEMBERG,https://www.weltzentrum-der-medizintechnik.de/profil/reha+team+NORDW%25C3%259CRTTEMBERG-2086/ueber,http://www.mein-rehateam.de
reintex GmbH Einwegprodukte & Sanitätstextilien Inh. Cenk Sacli,https://www.weltzentrum-der-medizintechnik.de/profil/reintex+GmbH+Einwegprodukte+%2526+Sanitaetstextilien+Inh.+Cenk+Sacli-2094/ueber,http://sacli-group.eu/
rescue-tec GmbH & Co. KG,https://www.weltzentrum-der-medizintechnik.de/profil/rescuetec+GmbH+%2526+Co.+KG-2100/ueber,http://www.rescue-tec.de
rmcStolze GmbH,https://www.weltzentrum-der-medizintechnik.de/profil/rmcStolze+GmbH-2116/ueber,http://www.rmcstolze.de/
rose plastic medical packaging GmbH,https://www.weltzentrum-der-medizintechnik.de/profil/rose+plastic+medical+packaging+GmbH-11451/ueber,http://www.rose-medipack.de
safeTic AG,https://www.weltzentrum-der-medizintechnik.de/profil/safeTic+AG-2145/ueber,http://www.safe-tic.de
sanalux Vertriebsbüro Deutschland,https://www.weltzentrum-der-medizintechnik.de/profil/sanalux+Vertriebsbuero+Deutschland-602/ueber,https://www.lichtwecker-lichttherapie.com/
scienova GmbH,https://www.weltzentrum-der-medizintechnik.de/profil/scienova+GmbH-2194/ueber,http://www.scienova.com
sfm medical devices GmbH,https://www.weltzentrum-der-medizintechnik.de/profil/sfm+medical+devices+GmbH-2213/ueber,http://www.sfm.de
softgate,https://www.weltzentrum-der-medizintechnik.de/profil/softgate-2228/ueber,http://www.soft-gate.de
speziMED GmbH,https://www.weltzentrum-der-medizintechnik.de/profil/speziMED+GmbH-2240/ueber,http://www.spezimed.net
starMed GmbH & Co. KG,https://www.weltzentrum-der-medizintechnik.de/profil/starMed+GmbH+%2526+Co.+KG-515/ueber,https://www.starmed-technik.de
suademus KG,https://www.weltzentrum-der-medizintechnik.de/profil/suademus+KG-2264/ueber,https://www.suademus.com
terramenta Chirurgische Instrumente GmbH,https://www.weltzentrum-der-medizintechnik.de/profil/terramenta+Chirurgische+Instrumente+GmbH-2291/ueber,http://www.terramenta.de
tpm taberna pro medicum GmbH,https://www.weltzentrum-der-medizintechnik.de/profil/tpm+taberna+pro+medicum+GmbH-2306/ueber,http://www.tpm-online.de
tpx group Anling Richter,https://www.weltzentrum-der-medizintechnik.de/profil/tpx+group+Anling+Richter-2307/ueber,http://www.tpx-group.de
unikom. gmbh,https://www.weltzentrum-der-medizintechnik.de/profil/unikom.+gmbh-2340/ueber,http://www.mdfinstruments.de
vi2parts,https://www.weltzentrum-der-medizintechnik.de/profil/vi2parts-530/ueber,https://vi2parts.com
vitaphone GmbH,https://www.weltzentrum-der-medizintechnik.de/profil/vitaphone+GmbH-2372/ueber,https://www.vitagroup.ag/de_Deutschland/Ueber-uns/vitaphone
vividesign 3D,https://www.weltzentrum-der-medizintechnik.de/profil/vividesign+3D-470/ueber,http://www.vividesign.de
von Hoerner & Sulger GmbH,https://www.weltzentrum-der-medizintechnik.de/profil/von+Hoerner+%2526+Sulger+GmbH-2378/ueber,http://www.vh-s.de
GRN-Klinik WeinheimFirmenportrait,https://www.weltzentrum-der-medizintechnik.de/profil/GRNKlinik+Weinheim-9722/ueber,http://www.grn.de
Vital Klinik AlzenauFirmenportrait,https://www.weltzentrum-der-medizintechnik.de/profil/Vital+Klinik+Alzenau-10666/ueber,http://www.vital-klinik.de
Vitos Klinik für Psychiatrie und Psychotherapie Bad EmstalFirmenportrait,https://www.weltzentrum-der-medizintechnik.de/profil/Vitos+Klinik+fuer+Psychiatrie+und+Psychotherapie+Bad+Emstal-11321/ueber,https://www.vitos.de/gesellschaften/vitos-kurhessen
Content' Ed Net GmbhFirmenportrait,https://www.weltzentrum-der-medizintechnik.de/profil/Content%2527+Ed+Net+Gmbh-1082/ueber,http://www.contentednet.com
DONAUISAR Klinikum DingolfingFirmenportrait,https://www.weltzentrum-der-medizintechnik.de/profil/DONAUISAR+Klinikum+Dingolfing-9567/ueber,http://www.donau-isar-klinikum.de/
Klinikum Werra Meißner GmbH / Standort WitzenhausenFirmenportrait,https://www.weltzentrum-der-medizintechnik.de/profil/Klinikum+Werra+Meissner+GmbH++Standort+Witzenhausen-10103/ueber,http://www.klinikum-werra-meissner.de
Polar Electro GmbHFirmenportrait,https://www.weltzentrum-der-medizintechnik.de/profil/Polar+Electro+GmbH-2021/ueber,http://www.polar-deutschland.de
medical equipment Jochen Spicker GmbHFirmenportrait,https://www.weltzentrum-der-medizintechnik.de/profil/medical+equipment+Jochen+Spicker+GmbH-1705/ueber,http://www.me-spicker.de
Deutsche Gesellschaft für Kardiologie – Herz- und Kreislaufforschung e.V.Firmenportrait,https://www.weltzentrum-der-medizintechnik.de/profil/Deutsche+Gesellschaft+fuer+Kardiologie+%25E2%2580%2593+Herz+und+Kreislaufforschung+e.V.-495/ueber,https://dgk.org/
Helora Oberflächentechnik GmbHFirmenportrait,https://www.weltzentrum-der-medizintechnik.de/profil/Helora+Oberflaechentechnik+GmbH-270/ueber,http://www.helora.de/
kbo-Isar-Amper-Klinikum DachauFirmenportrait,https://www.weltzentrum-der-medizintechnik.de/profil/kboIsarAmperKlinikum+Dachau-9783/ueber,http://www.iak-kmo.de
Krankenhaus Maria HilfFirmenportrait,https://www.weltzentrum-der-medizintechnik.de/profil/Krankenhaus+Maria+Hilf-10295/ueber,http://www.marienhaus-klinikum-ahr.de
HB Turn-Key GmbHFirmenportrait,https://www.weltzentrum-der-medizintechnik.de/profil/HB+TurnKey+GmbH-267/ueber,http://www.hb-turnkey.de
Klinikum Landau-Südliche Weinstraße GmbH - Klinik Bad BergzabernFirmenportrait,https://www.weltzentrum-der-medizintechnik.de/profil/Klinikum+LandauSuedliche+Weinstrasse+GmbH++Klinik+Bad+Bergzabern-11060/ueber,https://www.klinikum-ld-suew.de/
Vitos kinder- und jugendpsychiatrische Tagesklinik EschwegeFirmenportrait,https://www.weltzentrum-der-medizintechnik.de/profil/Vitos+kinder+und+jugendpsychiatrische+Tagesklinik+Eschwege-11316/ueber,https://www.vitos.de/gesellschaften/vitos-kurhessen
kbo - Heckscher-Klinikum gGmbH MünchenFirmenportrait,https://www.weltzentrum-der-medizintechnik.de/profil/kbo++HeckscherKlinikum+gGmbH+Muenchen-11002/ueber,https://www.kbo-heckscher-klinikum.de/
Mechanik-Moduls GmbHFirmenportrait,https://www.weltzentrum-der-medizintechnik.de/profil/MechanikModuls+GmbH-1657/ueber,http://www.mechanik-moduls.de
Stero Medizinische Geräte Prof. Dr. H. Stegat GmbH & Co. KGFirmenportrait,https://www.weltzentrum-der-medizintechnik.de/profil/Stero+Medizinische+Geraete+Prof.+Dr.+H.+Stegat+GmbH+%2526+Co.+KG-2251/ueber,http://www.stero-med.de
medic assist GmbH & Co. KGFirmenportrait,https://www.weltzentrum-der-medizintechnik.de/profil/medic+assist+GmbH+%2526+Co.+KG-1694/ueber,http://www.rettetleben.de
CODAN Medizinische Geräte GmbH & Co. KGFirmenportrait,https://www.weltzentrum-der-medizintechnik.de/profil/CODAN+Medizinische+Geraete+GmbH+%2526+Co.+KG-1069/ueber,http://www.codan.de
Klinik Bad WindsheimFirmenportrait,https://www.weltzentrum-der-medizintechnik.de/profil/Klinik+Bad+Windsheim-9948/ueber,http://www.kliniken-nea.de
St. Elisabeth-Krankenhaus Geilenkirchen gemeinnützige Gesellschaft mbHFirmenportrait,https://www.weltzentrum-der-medizintechnik.de/profil/St.+ElisabethKrankenhaus+Geilenkirchen+gemeinnuetzige+Gesellschaft+mbH-11078/ueber,https://www.krankenhaus-geilenkirchen.de
Essity Germany GmbHFirmenportrait,https://www.weltzentrum-der-medizintechnik.de/profil/Essity+Germany+GmbH-327/ueber,https://www.essity.de/
Rettungstechnik Klein GmbHFirmenportrait,https://www.weltzentrum-der-medizintechnik.de/profil/Rettungstechnik+Klein+GmbH-2104/ueber,http://www.rettungstechnik-klein.de
devemed GmbHFirmenportrait,https://www.weltzentrum-der-medizintechnik.de/profil/devemed+GmbH-734/ueber,
Zorn Maschinenbau GmbHFirmenportrait,https://www.weltzentrum-der-medizintechnik.de/profil/Zorn+Maschinenbau+GmbH-531/ueber,http://www.zorn-maschinenbau.com
ALMECON Instruments GmbHFirmenportrait,https://www.weltzentrum-der-medizintechnik.de/profil/ALMECON+Instruments+GmbH-460/ueber,http://www.almecon-instruments.com
Johanniter GmbH - Ev. Krankenhaus Bethesda MönchengladbachFirmenportrait,https://www.weltzentrum-der-medizintechnik.de/profil/Johanniter+GmbH++Ev.+Krankenhaus+Bethesda+Moenchengladbach-9806/ueber,http://www.johanniter-kliniken.de
Klinikum Fichtelgebirge gGmbH - Haus SelbFirmenportrait,https://www.weltzentrum-der-medizintechnik.de/profil/Klinikum+Fichtelgebirge+gGmbH++Haus+Selb-10038/ueber,http://www.klinikum-fichtelgebirge.de
Niels-Stensen-Kliniken St.-Vinzenz-Hospital Haselünne GmbHFirmenportrait,https://www.weltzentrum-der-medizintechnik.de/profil/NielsStensenKliniken+St.VinzenzHospital+Haseluenne+GmbH-10384/ueber,http://www.niels-stensen-kliniken.de
Thomas RECORDING GmbHFirmenportrait,https://www.weltzentrum-der-medizintechnik.de/profil/Thomas+RECORDING+GmbH-2300/ueber,http://www.thomasrecording.com
Psychiatrische Tagesklinik Bad SalzhausenFirmenportrait,https://www.weltzentrum-der-medizintechnik.de/profil/Psychiatrische+Tagesklinik+Bad+Salzhausen-9729/ueber,http://www.gz-wetterau.de
GML AGFirmenportrait,https://www.weltzentrum-der-medizintechnik.de/profil/GML+AG-1336/ueber,http://www.gml-ag.de
DRK-Kliniken Nordhessen Gemeinnützige GmbH Standort WehlheidenFirmenportrait,https://www.weltzentrum-der-medizintechnik.de/profil/DRKKliniken+Nordhessen+Gemeinnuetzige+GmbH+Standort+Wehlheiden-9587/ueber,http://www.drk-nh.de
Oncotherm GmbHFirmenportrait,https://www.weltzentrum-der-medizintechnik.de/profil/Oncotherm+GmbH-1944/ueber,http://www.oncotherm.de
Kliniken im Theodor-Wenzel-WerkFirmenportrait,https://www.weltzentrum-der-medizintechnik.de/profil/Kliniken+im+TheodorWenzelWerk-10625/ueber,http://www.tww-berlin.de/kliniken
Stadtkrankenhaus Delmenhorst GmbHFirmenportrait,https://www.weltzentrum-der-medizintechnik.de/profil/Stadtkrankenhaus+Delmenhorst+GmbH-9799/ueber,http://www.jh-del.de
Rotkreuzklinik WertheimFirmenportrait,https://www.weltzentrum-der-medizintechnik.de/profil/Rotkreuzklinik+Wertheim-10490/ueber,http://www.rotkreuzklinik-wertheim.de
ZEPF MEDICAL INSTRUMENTS GmbHFirmenportrait,https://www.weltzentrum-der-medizintechnik.de/profil/ZEPF+MEDICAL+INSTRUMENTS+GmbH-502/ueber,http://www.zepf-medical-instruments.de/
AIIM GmbHFirmenportrait,https://www.weltzentrum-der-medizintechnik.de/profil/AIIM+GmbH-107/ueber,http://www.ai2m.de
HiTec Consult GmbHFirmenportrait,https://www.weltzentrum-der-medizintechnik.de/profil/HiTec+Consult+GmbH-616/ueber,http://www.hitec-consult.de
"Fliedner Krankenhaus / Klinik für Psychiatrie und Psychotherapie, Gerontopsychiatrie und SuchtmediziFirmenportrait",https://www.weltzentrum-der-medizintechnik.de/profil/Fliedner+Krankenhaus++Klinik+fuer+Psychiatrie+und+Psychotherapie%252C+Gerontopsychiatrie+und+Suchtmedizi-10913/ueber,https://www.fliedner.de/de/seelische_gesundheit/fliedner_krankenhaus_ratingen/fliedner_krankenhaus_ratingen.php
"Klinikum Nordfriesland gGmbH, Klinik HusumFirmenportrait",https://www.weltzentrum-der-medizintechnik.de/profil/Klinikum+Nordfriesland+gGmbH%252C+Klinik+Husum-10073/ueber,http://www.klinikum-nf.de
W. Meiners Medizintechnik GmbHFirmenportrait,https://www.weltzentrum-der-medizintechnik.de/profil/W.+Meiners+Medizintechnik+GmbH-2383/ueber,http://www.meinersmed.de
Venenzentrum BraunschweigFirmenportrait,https://www.weltzentrum-der-medizintechnik.de/profil/Venenzentrum+Braunschweig-11305/ueber,https://www.venenzentrum-braunschweig.de/
Diakonissen-Stiftungs-Krankenhaus SpeyerFirmenportrait,https://www.weltzentrum-der-medizintechnik.de/profil/DiakonissenStiftungsKrankenhaus+Speyer-9554/ueber,http://www.diakonissen.de/krankenhaeuser/diakonissen-stiftungs-krankenhaus-speyer/home.html
"Tagesklinik für Psychiatrie, Psychotherapie und Psychosomatik NauenFirmenportrait",https://www.weltzentrum-der-medizintechnik.de/profil/Tagesklinik+fuer+Psychiatrie%252C+Psychotherapie+und+Psychosomatik+Nauen-9747/ueber,http://www.havelland-kliniken.de
St. Josef-KrankenhausFirmenportrait,https://www.weltzentrum-der-medizintechnik.de/profil/St.+JosefKrankenhaus-11082/ueber,https://www.krankenhaus-linnich.de/
Aachen Resonance Entwicklungsgesellschaft für magnetresonanz-kompatible Medizinprodukte mbHFirmenportrait,https://www.weltzentrum-der-medizintechnik.de/profil/Aachen+Resonance+Entwicklungsgesellschaft+fuer+magnetresonanzkompatible+Medizinprodukte+mbH-830/ueber,http://www.aachen-resonance.com
eibmarkt.com GmbHFirmenportrait,https://www.weltzentrum-der-medizintechnik.de/profil/eibmarkt.com+GmbH-1215/ueber,http://www.eibmarkt.com/cgi-bin/eibmarkt.storefront/Deutschland?PID=WLW_DIRECT
"Klinikum Nordfriesland gGmbH, Klinik NiebüllFirmenportrait",https://www.weltzentrum-der-medizintechnik.de/profil/Klinikum+Nordfriesland+gGmbH%252C+Klinik+Niebuell-10074/ueber,http://www.klinikum-nf.de
Reinhold MedizintechnikFirmenportrait,https://www.weltzentrum-der-medizintechnik.de/profil/Reinhold+Medizintechnik-2091/ueber,http://www.reinhold-medizintechnik.de
Centrum für Technische Orthopädie GmbHFirmenportrait,https://www.weltzentrum-der-medizintechnik.de/profil/Centrum+fuer+Technische+Orthopaedie+GmbH-1056/ueber,http://www.cto-lueneburg.de
Inselkrankenhaus BorkumFirmenportrait,https://www.weltzentrum-der-medizintechnik.de/profil/Inselkrankenhaus+Borkum-9797/ueber,http://www.inselkrankenhaus-borkum.de/kliniken/fuer-ihre-gesundheit.html
Therapiezentrum BurgauFirmenportrait,https://www.weltzentrum-der-medizintechnik.de/profil/Therapiezentrum+Burgau-10616/ueber,http://www.therapiezentrum-burgau.de
MediClin Müritz-KlinikumFirmenportrait,https://www.weltzentrum-der-medizintechnik.de/profil/MediClin+MueritzKlinikum-10370/ueber,http://www.mueritz-klinikum.de
SK GmbH-Standort Am KurparkFirmenportrait,https://www.weltzentrum-der-medizintechnik.de/profil/SK+GmbHStandort+Am+Kurpark-10548/ueber,http://www.segebergerkliniken.de
Asid-Bonz GmbHFirmenportrait,https://www.weltzentrum-der-medizintechnik.de/profil/AsidBonz+GmbH-921/ueber,http://www.asid-bonz.de
Heinrich Sengelmann Tagesklinik UhlenhosrtFirmenportrait,https://www.weltzentrum-der-medizintechnik.de/profil/Heinrich+Sengelmann+Tagesklinik+Uhlenhosrt-10975/ueber,https://www.heinrich-sengelmann-kliniken.de
Buck Medizin- und LabortechnikFirmenportrait,https://www.weltzentrum-der-medizintechnik.de/profil/Buck+Medizin+und+Labortechnik-683/ueber,http://www.buck-medizintechnik.de/
Klinik SchillerhöheFirmenportrait,https://www.weltzentrum-der-medizintechnik.de/profil/Klinik+Schillerhoehe-11196/ueber,https://www.rbk.de/standorte/klinik-schillerhoehe.html
Chin Bone Technique Corp.Firmenportrait,https://www.weltzentrum-der-medizintechnik.de/profil/Chin+Bone+Technique+Corp.-2487/ueber,https://chin-bone.com/
PP.rt Klinik für Psychiatrie und Psychosomatik Haus Dietrich BonhoefferFirmenportrait,https://www.weltzentrum-der-medizintechnik.de/profil/PP.rt+Klinik+fuer+Psychiatrie+und+Psychosomatik+Haus+Dietrich+Bonhoeffer-10437/ueber,http://www.pprt.de
Krankenhaus St. Joseph-Stift Bremen GmbHFirmenportrait,https://www.weltzentrum-der-medizintechnik.de/profil/Krankenhaus+St.+JosephStift+Bremen+GmbH-10555/ueber,http://www.sjs-bremen.de/
Universitätsklinikum TübingenFirmenportrait,https://www.weltzentrum-der-medizintechnik.de/profil/Universitaetsklinikum+Tuebingen-2737/ueber,https://www.medizin.uni-tuebingen.de/
HP Labortechnik GmbHFirmenportrait,https://www.weltzentrum-der-medizintechnik.de/profil/HP+Labortechnik+GmbH-1439/ueber,http://www.hp-lab.com
Asklepios Klinik Nord - TK AlstertorFirmenportrait,https://www.weltzentrum-der-medizintechnik.de/profil/Asklepios+Klinik+Nord++TK+Alstertor-10841/ueber,https://www.asklepios.com/nord
SAMAPLAST AG KunststofftechnikFirmenportrait,https://www.weltzentrum-der-medizintechnik.de/profil/SAMAPLAST+AG+Kunststofftechnik-645/ueber,http://
Medco GmbH & Co. KGFirmenportrait,https://www.weltzentrum-der-medizintechnik.de/profil/Medco+GmbH+%2526+Co.+KG-1673/ueber,http://www.medcoweb.de
Universitätsklinikum DüsseldorfFirmenportrait,https://www.weltzentrum-der-medizintechnik.de/profil/Universitaetsklinikum+Duesseldorf-10639/ueber,http://www.uniklinik-duesseldorf.de/
Praxisklinik KronshagenFirmenportrait,https://www.weltzentrum-der-medizintechnik.de/profil/Praxisklinik+Kronshagen-9269/ueber,http://praxisklinik-kronshagen.de/
Avantgarde Medizintechnik GmbHFirmenportrait,https://www.weltzentrum-der-medizintechnik.de/profil/Avantgarde+Medizintechnik+GmbH-936/ueber,http://www.avantgarde-medtech.de
Danuvius Klinik PfaffenhofenFirmenportrait,https://www.weltzentrum-der-medizintechnik.de/profil/Danuvius+Klinik+Pfaffenhofen-9526/ueber,http://www.danuviusklinik.de
Klinikum Bremen-NordFirmenportrait,https://www.weltzentrum-der-medizintechnik.de/profil/Klinikum+BremenNord-9696/ueber,http://www.gesundheitnord.de/krankenhaeuserundzentren/kbn/kontakt.html
LVR-Klinik ViersenFirmenportrait,https://www.weltzentrum-der-medizintechnik.de/profil/LVRKlinik+Viersen-10118/ueber,http://www.klinik-viersen.lvr.de
Israelitisches Krankenhaus in HamburgFirmenportrait,https://www.weltzentrum-der-medizintechnik.de/profil/Israelitisches+Krankenhaus+in+Hamburg-9788/ueber,http://www.ik-h.de/
Klinikum Forchheim Fränkische Schweiz gGmbH Standort ForchheimFirmenportrait,https://www.weltzentrum-der-medizintechnik.de/profil/Klinikum+Forchheim+Fraenkische+Schweiz+gGmbH+Standort+Forchheim-10039/ueber,http://www.klinikumforchheim.de
Parkland-Klinik (Bad Wildungen)Firmenportrait,https://www.weltzentrum-der-medizintechnik.de/profil/ParklandKlinik+Bad+Wildungen-10427/ueber,http://www.parkland-klinik.de
Krömker Spezialvertrieb GmbHFirmenportrait,https://www.weltzentrum-der-medizintechnik.de/profil/Kroemker+Spezialvertrieb+GmbH-1578/ueber,http://www.kroemker.de
Dixion Vertrieb medizinischer Geräte GmbHFirmenportrait,https://www.weltzentrum-der-medizintechnik.de/profil/Dixion+Vertrieb+medizinischer+Geraete+GmbH-1156/ueber,http://www.dixion.de/
Cicor Management AGFirmenportrait,https://www.weltzentrum-der-medizintechnik.de/profil/Cicor+Management+AG-483/ueber,https://www.cicor.com/
bess medizintechnik gmbhFirmenportrait,https://www.weltzentrum-der-medizintechnik.de/profil/bess+medizintechnik+gmbh-504/ueber,http://www.bess.eu
SK GmbH-Standort Allgemeine KlinikFirmenportrait,https://www.weltzentrum-der-medizintechnik.de/profil/SK+GmbHStandort+Allgemeine+Klinik-10547/ueber,http://www.segebergerkliniken.de
Sana-Kliniken Bad Wildbad GmbHFirmenportrait,https://www.weltzentrum-der-medizintechnik.de/profil/SanaKliniken+Bad+Wildbad+GmbH-11254/ueber,https://www.sana-wildbad.de
BG-Unfallklinik - Unfallkrankenhaus Berlin gGmbHFirmenportrait,https://www.weltzentrum-der-medizintechnik.de/profil/BGUnfallklinik++Unfallkrankenhaus+Berlin+gGmbH-10632/ueber,http://www.ukb.de
Bezirkskrankenhaus ParsbergFirmenportrait,https://www.weltzentrum-der-medizintechnik.de/profil/Bezirkskrankenhaus+Parsberg-10331/ueber,http://www.medbo.de/kliniken-heime/forensik/parsberg-lungen-bronchialheilkunde.html
arztladen.de Nadine KarbeFirmenportrait,https://www.weltzentrum-der-medizintechnik.de/profil/arztladen.de+Nadine+Karbe-917/ueber,http://www.arzt-laden.de
K & R Industrieservice GmbHFirmenportrait,https://www.weltzentrum-der-medizintechnik.de/profil/K+%2526+R+Industrieservice+GmbH-1532/ueber,http://www.kur-medizintechnik.de
Medical Index GmbHFirmenportrait,https://www.weltzentrum-der-medizintechnik.de/profil/Medical+Index+GmbH-1707/ueber,http://www.medical-index.de
St. Franziskus-Hospital GmbH MünsterFirmenportrait,https://www.weltzentrum-der-medizintechnik.de/profil/St.+FranziskusHospital+GmbH+Muenster-10552/ueber,http://www.sfh-muenster.de
Hesta Blasformtechnik GmbH & Co. KGFirmenportrait,https://www.weltzentrum-der-medizintechnik.de/profil/Hesta+Blasformtechnik+GmbH+%2526+Co.+KG-1404/ueber,http://www.hesta.de
ASANUS Medizintechnik GmbHFirmenportrait,https://www.weltzentrum-der-medizintechnik.de/profil/ASANUS+Medizintechnik+GmbH-33/ueber,http://www.asanus.de
"Ubbo-Emmius-Klinik gGmbH, Ostfriesisches Krankenhaus, Klinik AurichFirmenportrait",https://www.weltzentrum-der-medizintechnik.de/profil/UbboEmmiusKlinik+gGmbH%252C+Ostfriesisches+Krankenhaus%252C+Klinik+Aurich-10824/ueber,https://www.anevita.de/kliniken/klinik-aurich/
Vitalzentrum Kühlmuss & Grabbe GmbHFirmenportrait,https://www.weltzentrum-der-medizintechnik.de/profil/Vitalzentrum+Kuehlmuss+%2526+Grabbe+GmbH-11381/ueber,https://vitalzentrum-detmold-paulinenstrasse.sanoa.net/service/badewannenlift/
MEDIAN Klinik Berus - FachkrankenhausFirmenportrait,https://www.weltzentrum-der-medizintechnik.de/profil/MEDIAN+Klinik+Berus++Fachkrankenhaus-11143/ueber,https://www.median-kliniken.de/de/median-klinik-berus-fachkrankenhaus/
BioMed-Klinik Betriebs-GmbHFirmenportrait,https://www.weltzentrum-der-medizintechnik.de/profil/BioMedKlinik+BetriebsGmbH-9466/ueber,http://www.BioMed-Klinik.de
Dr. Ing. Manfrid Dreher GmbH & Co. KGFirmenportrait,https://www.weltzentrum-der-medizintechnik.de/profil/Dr.+Ing.+Manfrid+Dreher+GmbH+%2526+Co.+KG-266/ueber,http://www.dreher-finish.com 
NFS-Medizin-& Brandschutztechnik Andreas FoersterFirmenportrait,https://www.weltzentrum-der-medizintechnik.de/profil/NFSMedizin%2526+Brandschutztechnik+Andreas+Foerster-1911/ueber,http://www.medi-drive.de
nordBLICK Augenklinik Bellevue GmbHFirmenportrait,https://www.weltzentrum-der-medizintechnik.de/profil/nordBLICK+Augenklinik+Bellevue+GmbH-11163/ueber,https://www.nordblick.de
COLLM KLINIK OSCHATZ GmbHFirmenportrait,https://www.weltzentrum-der-medizintechnik.de/profil/COLLM+KLINIK+OSCHATZ+GmbH-9515/ueber,http://www.collm-klinik-oschatz.de
Coretec - Service GmbHFirmenportrait,https://www.weltzentrum-der-medizintechnik.de/profil/Coretec++Service+GmbH-1087/ueber,http://www.trainer1000.de
Telos GmbHFirmenportrait,https://www.weltzentrum-der-medizintechnik.de/profil/Telos+GmbH-2287/ueber,http://www.telos-marburg.de
Medishop Medizinprodukte Vertriebs-GmbHFirmenportrait,https://www.weltzentrum-der-medizintechnik.de/profil/Medishop+Medizinprodukte+VertriebsGmbH-1756/ueber,http://www.medishop-meseico.com
Marienhospital Bottrop gGmbHFirmenportrait,https://www.weltzentrum-der-medizintechnik.de/profil/Marienhospital+Bottrop+gGmbH-10354/ueber,http://www.mhb-bottrop.de
BHT Hygienetechnik GmbHFirmenportrait,https://www.weltzentrum-der-medizintechnik.de/profil/BHT+Hygienetechnik+GmbH-636/ueber,http://www.bht.de
St. Vincenz-KrankenhausFirmenportrait,https://www.weltzentrum-der-medizintechnik.de/profil/St.+VincenzKrankenhaus-10657/ueber,http://www.vincenz.de
Marien Hospital Papenburg Aschendorf gGmbHFirmenportrait,https://www.weltzentrum-der-medizintechnik.de/profil/Marien+Hospital+Papenburg+Aschendorf+gGmbH-10310/ueber,http://www.marien-hospital-papenburg.de/
AGAPLESION BETHANIEN KRANKENHAUS HEIDELBERGFirmenportrait,https://www.weltzentrum-der-medizintechnik.de/profil/AGAPLESION+BETHANIEN+KRANKENHAUS+HEIDELBERG-9448/ueber,http://www.bethanien-heidelberg.de/Start.381.0.html
HARVEST TECHNOLOGIES GMBHFirmenportrait,https://www.weltzentrum-der-medizintechnik.de/profil/HARVEST+TECHNOLOGIES+GMBH-1396/ueber,http://www.harvesttech.com
Universitätsklinikum UlmFirmenportrait,https://www.weltzentrum-der-medizintechnik.de/profil/Universitaetsklinikum+Ulm-10641/ueber,http://www.uniklinik-ulm.de/
Ecomedis medizintechnik gmbhFirmenportrait,https://www.weltzentrum-der-medizintechnik.de/profil/Ecomedis+medizintechnik+gmbh-1208/ueber,http://www.ecomedis.de
Paracelsus Klinik Düsseldorf GolzheimFirmenportrait,https://www.weltzentrum-der-medizintechnik.de/profil/Paracelsus+Klinik+Duesseldorf+Golzheim-10420/ueber,http://www.paracelsus-kliniken.de/duesseldorf
BG Klinikum Hamburg gGmbHFirmenportrait,https://www.weltzentrum-der-medizintechnik.de/profil/BG+Klinikum+Hamburg+gGmbH-9464/ueber,http://www.bg-klinikum-hamburg.de/
ada dental-labor GmbH & Co. KGFirmenportrait,https://www.weltzentrum-der-medizintechnik.de/profil/ada+dentallabor+GmbH+%2526+Co.+KG-847/ueber,http://www.ada-dental.de
Sensor-Data Instruments e.K.Firmenportrait,https://www.weltzentrum-der-medizintechnik.de/profil/SensorData+Instruments+e.K.-2208/ueber,http://www.sensor-data.de
BEST - Ärzte-Service GmbHFirmenportrait,https://www.weltzentrum-der-medizintechnik.de/profil/BEST++%25C3%2584rzteService+GmbH-974/ueber,http://www.best-med.de
Cenibra GmbHFirmenportrait,https://www.weltzentrum-der-medizintechnik.de/profil/Cenibra+GmbH-1054/ueber,http://www.cenibra.de
Rettenberger MetallveredelungFirmenportrait,https://www.weltzentrum-der-medizintechnik.de/profil/Rettenberger+Metallveredelung-555/ueber,https://www.rettenberger.com/
Klinik LilienthalFirmenportrait,https://www.weltzentrum-der-medizintechnik.de/profil/Klinik+Lilienthal-9978/ueber,http://www.klinik-lilienthal.de
Psychiatrische Tagesklinik Bad VilbelFirmenportrait,https://www.weltzentrum-der-medizintechnik.de/profil/Psychiatrische+Tagesklinik+Bad+Vilbel-10932/ueber,https://www.gesundheitszentrum-wetterau.de
apoplex medical technologies GmbHFirmenportrait,https://www.weltzentrum-der-medizintechnik.de/profil/apoplex+medical+technologies+GmbH-904/ueber,http://www.apoplexmedical.com
Eckert & Ziegler Bebig GmbHFirmenportrait,https://www.weltzentrum-der-medizintechnik.de/profil/Eckert+%2526+Ziegler+Bebig+GmbH-1204/ueber,https://www.bebig.com/home/
Peter Pflugbeil GmbHFirmenportrait,https://www.weltzentrum-der-medizintechnik.de/profil/Peter+Pflugbeil+GmbH-1994/ueber,https://www.pflugbeil.com
Diamedic Gesellschaft für Medizintechnik mbHFirmenportrait,https://www.weltzentrum-der-medizintechnik.de/profil/Diamedic+Gesellschaft+fuer+Medizintechnik+mbH-1145/ueber,http://www.diamedic.com
Agesa Rehatechnik GmbHFirmenportrait,https://www.weltzentrum-der-medizintechnik.de/profil/Agesa+Rehatechnik+GmbH-860/ueber,http://www.agesa.de
Krankenhaus Bad Arolsen GmbHFirmenportrait,https://www.weltzentrum-der-medizintechnik.de/profil/Krankenhaus+Bad+Arolsen+GmbH-10929/ueber,https://www.gesundheit-nordhessen.de/krankenhaus-bad-arolsen/
Vitos kinder- und jugendpsychiatrische Tagesklinik WabernFirmenportrait,https://www.weltzentrum-der-medizintechnik.de/profil/Vitos+kinder+und+jugendpsychiatrische+Tagesklinik+Wabern-11319/ueber,https://www.vitos.de/gesellschaften/vitos-kurhessen
Uhlenhaus Tagesklinik für Psychosomatische Medizin und Psychotherapie am DRK-Krankenhaus GrimmenFirmenportrait,https://www.weltzentrum-der-medizintechnik.de/profil/Uhlenhaus+Tagesklinik+fuer+Psychosomatische+Medizin+und+Psychotherapie+am+DRKKrankenhaus+Grimmen-10629/ueber,http://www.uhlenhaus.de/tagesklinik/tagesklink-bartmannshagen/
Hane Produktmanagement GmbHFirmenportrait,https://www.weltzentrum-der-medizintechnik.de/profil/Hane+Produktmanagement+GmbH-1386/ueber,http://www.promag.biz
Praxisdienst NordOst GmbHFirmenportrait,https://www.weltzentrum-der-medizintechnik.de/profil/Praxisdienst+NordOst+GmbH-2029/ueber,http://www.praxisstore.de
DRK-Kliniken Nordhessen Gemeinnützige GmbH Standort BettenhausenFirmenportrait,https://www.weltzentrum-der-medizintechnik.de/profil/DRKKliniken+Nordhessen+Gemeinnuetzige+GmbH+Standort+Bettenhausen-9588/ueber,http://www.drk-nh.de
Tagesklinik für Psychiatrie und PsychosomatikFirmenportrait,https://www.weltzentrum-der-medizintechnik.de/profil/Tagesklinik+fuer+Psychiatrie+und+Psychosomatik-10719/ueber,http://www.westkuestenklinikum.de
Sana Kliniken des Landkreises Cham - Krankenhaus Bad KötztingFirmenportrait,https://www.weltzentrum-der-medizintechnik.de/profil/Sana+Kliniken+des+Landkreises+Cham++Krankenhaus+Bad+Koetzting-10885/ueber,https://www.diekliniken.de
botiss biomaterials GmbHFirmenportrait,https://www.weltzentrum-der-medizintechnik.de/profil/botiss+biomaterials+GmbH-514/ueber,http://www.botiss.com
Juergen Classen MEDICAL / AED & HygienemanagementFirmenportrait,https://www.weltzentrum-der-medizintechnik.de/profil/Juergen+Classen+MEDICAL++AED+%2526+Hygienemanagement-1519/ueber,http://www.classen-medical.com
Vitos Klinik für Psychiatrie und Psychotherapie KasselFirmenportrait,https://www.weltzentrum-der-medizintechnik.de/profil/Vitos+Klinik+fuer+Psychiatrie+und+Psychotherapie+Kassel-11323/ueber,https://www.vitos.de/gesellschaften/vitos-kurhessen
BMDSys JenaFirmenportrait,https://www.weltzentrum-der-medizintechnik.de/profil/BMDSys+Jena-1004/ueber,http://www.bmdsys.com
Ahrtal-KlinikFirmenportrait,https://www.weltzentrum-der-medizintechnik.de/profil/AhrtalKlinik-9289/ueber,http://www.ahrtal-klinik.de
cpc Europa GmbHFirmenportrait,https://www.weltzentrum-der-medizintechnik.de/profil/cpc+Europa+GmbH-805/ueber,https://cpc-europa.de
Rotkreuzklinikum München - FrauenklinikFirmenportrait,https://www.weltzentrum-der-medizintechnik.de/profil/Rotkreuzklinikum+Muenchen++Frauenklinik-10489/ueber,http://www.rotkreuzklinikum-muenchen.de
Boehringer Ingelheim microParts GmbHFirmenportrait,https://www.weltzentrum-der-medizintechnik.de/profil/Boehringer+Ingelheim+microParts+GmbH-1008/ueber,http://www.boehringer-ingelheim.de/microparts
Fachklinik HornheideFirmenportrait,https://www.weltzentrum-der-medizintechnik.de/profil/Fachklinik+Hornheide-10911/ueber,https://www.fachklinik-hornheide.de
Urologische Klinik am LerchenbergFirmenportrait,https://www.weltzentrum-der-medizintechnik.de/profil/Urologische+Klinik+am+Lerchenberg-9976/ueber,http://www.klinik-lerchenberg.de
RELUX Lichtmedizintechnik GmbHFirmenportrait,https://www.weltzentrum-der-medizintechnik.de/profil/RELUX+Lichtmedizintechnik+GmbH-2097/ueber,http://www.repuls-relux.de
Vitos Klinik Hofheim Standort DietzenbachFirmenportrait,https://www.weltzentrum-der-medizintechnik.de/profil/Vitos+Klinik+Hofheim+Standort+Dietzenbach-10685/ueber,http://www.vitos-riedstadt.de
Einbecker BürgerSpital GmbHFirmenportrait,https://www.weltzentrum-der-medizintechnik.de/profil/Einbecker+BuergerSpital+GmbH-9604/ueber,http://www.einbecker-buergerspital.de
HMT Homecare-Medizin-Technik Service GmbHFirmenportrait,https://www.weltzentrum-der-medizintechnik.de/profil/HMT+HomecareMedizinTechnik+Service+GmbH-1422/ueber,http://www.hmt-homecare.de
Alexianer St. Joseph-Krankenhaus Berlin-WeißenseeFirmenportrait,https://www.weltzentrum-der-medizintechnik.de/profil/Alexianer+St.+JosephKrankenhaus+BerlinWeissensee-9298/ueber,http://www.alexianer.de
St.-Marien-Krankenhaus DresdenFirmenportrait,https://www.weltzentrum-der-medizintechnik.de/profil/St.MarienKrankenhaus+Dresden-10356/ueber,http://www.mkh-dresden.de
Dr. Gruss GmbHFirmenportrait,https://www.weltzentrum-der-medizintechnik.de/profil/Dr.+Gruss+GmbH-1172/ueber,http://www.drgruss.de
REINHARD Feinmechanik GmbHFirmenportrait,https://www.weltzentrum-der-medizintechnik.de/profil/REINHARD+Feinmechanik+GmbH-2089/ueber,http://www.reinhard-feinmechanik.de
"VAMED Klinik Schloss Pulsnitz GmbH: Krankenhausbereich, enthalten sind nur die Daten der PatientinneFirmenportrait",https://www.weltzentrum-der-medizintechnik.de/profil/VAMED+Klinik+Schloss+Pulsnitz+GmbH%253A+Krankenhausbereich%252C+enthalten+sind+nur+die+Daten+der+Patientinne-11304/ueber,https://www.vamed-gesundheit.de/reha/schloss-pulsnitz/
DunleeFirmenportrait,https://www.weltzentrum-der-medizintechnik.de/profil/Dunlee-1192/ueber,https://www.dunlee.com/
BG Klinikum Duisburg gGmbHFirmenportrait,https://www.weltzentrum-der-medizintechnik.de/profil/BG+Klinikum+Duisburg+gGmbH-9463/ueber,http://www.bg-klinikum-duisburg.de
LWL Klinik Dortmund - Elisabeth-Klinik -Firmenportrait,https://www.weltzentrum-der-medizintechnik.de/profil/LWL+Klinik+Dortmund++ElisabethKlinik+-9256/ueber,http://lwl-jugendpsychiatrie-dortmund.de
Psychiatrisches Krankenhaus Rickling (TK Kaltenkirchen)Firmenportrait,https://www.weltzentrum-der-medizintechnik.de/profil/Psychiatrisches+Krankenhaus+Rickling+TK+Kaltenkirchen-10608/ueber,http://www.tagesklinik-kaltenkirchen.de
Baldus Medizintechnik GmbHFirmenportrait,https://www.weltzentrum-der-medizintechnik.de/profil/Baldus+Medizintechnik+GmbH-947/ueber,http://www.baldus-medical.de
Asklepios Fachklinikum Teupitz TK Schönefeld - WaßmannsdorfFirmenportrait,https://www.weltzentrum-der-medizintechnik.de/profil/Asklepios+Fachklinikum+Teupitz+TK+Schoenefeld++Wassmannsdorf-9404/ueber,http://www.asklepios.com/teupitz
Atelier Dieter BülkFirmenportrait,https://www.weltzentrum-der-medizintechnik.de/profil/Atelier+Dieter+Buelk-927/ueber,http://www.atelier-buelk.de
Isar Kliniken GmbHFirmenportrait,https://www.weltzentrum-der-medizintechnik.de/profil/Isar+Kliniken+GmbH-9798/ueber,http://www.isarklinikum.de
Asklepios Fachklinikum TiefenbrunnFirmenportrait,https://www.weltzentrum-der-medizintechnik.de/profil/Asklepios+Fachklinikum+Tiefenbrunn-9405/ueber,http://www.asklepios.com/tiefenbrunn
Oxyven-Geräte Dr.med. H. S. Regelsberger GmbH & Co.Firmenportrait,https://www.weltzentrum-der-medizintechnik.de/profil/OxyvenGeraete+Dr.med.+H.+S.+Regelsberger+GmbH+%2526+Co.-1970/ueber,http://www.oxyven.de
Pfitzner Rettungsausrüstung GmbHFirmenportrait,https://www.weltzentrum-der-medizintechnik.de/profil/Pfitzner+Rettungsausruestung+GmbH-1999/ueber,http://www.pfitzner.de
St. Bernhard-Hospital Kamp-Lintfort GmbHFirmenportrait,https://www.weltzentrum-der-medizintechnik.de/profil/St.+BernhardHospital+KampLintfort+GmbH-10577/ueber,http://www.st-bernhard-hospital.de/startseite.html
Topcon Deutschland GmbHFirmenportrait,https://www.weltzentrum-der-medizintechnik.de/profil/Topcon+Deutschland+GmbH-2304/ueber,http://www.topcon.de
TONTARRA Medizintechnik GmbHFirmenportrait,https://www.weltzentrum-der-medizintechnik.de/profil/TONTARRA+Medizintechnik+GmbH-68/ueber,http://www.tontarra.de/
Hologic Deutschland GmbHFirmenportrait,https://www.weltzentrum-der-medizintechnik.de/profil/Hologic+Deutschland+GmbH-1429/ueber,http://www.hologic.de
Hilotherm GmbHFirmenportrait,https://www.weltzentrum-der-medizintechnik.de/profil/Hilotherm+GmbH-1410/ueber,http://www.hilotherapie.com
Helios Klinikum Berlin-BuchFirmenportrait,https://www.weltzentrum-der-medizintechnik.de/profil/Helios+Klinikum+BerlinBuch-2757/ueber,https://www.helios-gesundheit.de/kliniken/berlin-b...
medwork medical products and services GmbHFirmenportrait,https://www.weltzentrum-der-medizintechnik.de/profil/medwork+medical+products+and+services+GmbH-1811/ueber,http://www.medwork.eu
Michael FlockFirmenportrait,https://www.weltzentrum-der-medizintechnik.de/profil/Michael+Flock-417/ueber,https://flock-cnc.de
MediClin SeidelklinikFirmenportrait,https://www.weltzentrum-der-medizintechnik.de/profil/MediClin+Seidelklinik-9217/ueber,http://www.mediclin.de
Dr. - Ing. Peter KaminskiFirmenportrait,https://www.weltzentrum-der-medizintechnik.de/profil/Dr.++Ing.+Peter+Kaminski-1174/ueber,http://www.medizintechnik-neustrelitz.de
Stoll Medizintechnik GmbHFirmenportrait,https://www.weltzentrum-der-medizintechnik.de/profil/Stoll+Medizintechnik+GmbH-2254/ueber,http://www.stoll-mt.de
Evangelisches Stadtkrankenhaus SaarbrückenFirmenportrait,https://www.weltzentrum-der-medizintechnik.de/profil/Evangelisches+Stadtkrankenhaus+Saarbruecken-11096/ueber,https://www.kreuznacherdiakonie.de/krankenhaeuser/ev-stadtkrankenhaus-saarbruecken/
HUPFER Metallwerke GmbH & Co. KGFirmenportrait,https://www.weltzentrum-der-medizintechnik.de/profil/HUPFER+Metallwerke+GmbH+%2526+Co.+KG-1448/ueber,http://www.hupfer.com
iie GmbH & Co. KGFirmenportrait,https://www.weltzentrum-der-medizintechnik.de/profil/iie+GmbH+%2526+Co.+KG-1461/ueber,http://www.iie-gmbh.de
Epilepsieklinik TaborFirmenportrait,https://www.weltzentrum-der-medizintechnik.de/profil/Epilepsieklinik+Tabor-10905/ueber,https://www.epi-tabor.de
St. Martinus-Krankenhaus DüsseldorfFirmenportrait,https://www.weltzentrum-der-medizintechnik.de/profil/St.+MartinusKrankenhaus+Duesseldorf-10320/ueber,http://www.martinus-duesseldorf.de
SCHMITZ u. Söhne GmbH & Co KGFirmenportrait,https://www.weltzentrum-der-medizintechnik.de/profil/SCHMITZ+u.+Soehne+GmbH+%2526+Co+KG-2180/ueber,http://www.schmitz-soehne.com
"Klinikum Barnim GmbH, Werner Forßmann KrankenhausFirmenportrait",https://www.weltzentrum-der-medizintechnik.de/profil/Klinikum+Barnim+GmbH%252C+Werner+Forssmann+Krankenhaus-10957/ueber,https://www.glg-gesundheit.de
SGA GMBHFirmenportrait,https://www.weltzentrum-der-medizintechnik.de/profil/SGA+GMBH-583/ueber,https://www.sga-servicezentrum.de/
St. Josef-HospitalFirmenportrait,https://www.weltzentrum-der-medizintechnik.de/profil/St.+JosefHospital-9895/ueber,http://www.kkel.de/
MF Medizintechnik GmbHFirmenportrait,https://www.weltzentrum-der-medizintechnik.de/profil/MF+Medizintechnik+GmbH-1836/ueber,http://www.mf-medtec.de
MediCare Flughafen München Medizinisches Zentrum GmbH - AirportClinic MFirmenportrait,https://www.weltzentrum-der-medizintechnik.de/profil/MediCare+Flughafen+Muenchen+Medizinisches+Zentrum+GmbH++AirportClinic+M-9290/ueber,http://www.airportclinic-m.de
Dr. Lubos Kliniken - PasingFirmenportrait,https://www.weltzentrum-der-medizintechnik.de/profil/Dr.+Lubos+Kliniken++Pasing-10233/ueber,http://www.lubos-klinken.de
Ev. Diakonissenkrankenhaus Leipzig gGmbHFirmenportrait,https://www.weltzentrum-der-medizintechnik.de/profil/Ev.+Diakonissenkrankenhaus+Leipzig+gGmbH-9542/ueber,http://www.diako-leipzig.de/
INSIGHT INSTRUMENTS Dr. KropfreiterFirmenportrait,https://www.weltzentrum-der-medizintechnik.de/profil/INSIGHT+INSTRUMENTS+Dr.+Kropfreiter-1483/ueber,https://biofeedback.co.at
Amann Ophthalmic Instruments GmbH & Co.Firmenportrait,https://www.weltzentrum-der-medizintechnik.de/profil/Amann+Ophthalmic+Instruments+GmbH+%2526+Co.-183/ueber,
Mediaire GmbHFirmenportrait,https://www.weltzentrum-der-medizintechnik.de/profil/Mediaire+GmbH-1687/ueber,https://mediaire.de
Gerontopsychiatrische Tagesklinik Wuppertal Hofaue 52Firmenportrait,https://www.weltzentrum-der-medizintechnik.de/profil/Gerontopsychiatrische+Tagesklinik+Wuppertal+Hofaue+52-10588/ueber,http://www.stiftung-tannenhof.de
Peter M. Börsch KGFirmenportrait,https://www.weltzentrum-der-medizintechnik.de/profil/Peter+M.+Boersch+KG-1993/ueber,http://www.egona.de
Horcher GmbHFirmenportrait,https://www.weltzentrum-der-medizintechnik.de/profil/Horcher+GmbH-1434/ueber,http://www.horcher.com
"München Klinik Thalkirchner Straße, München Klinik gGmbHFirmenportrait",https://www.weltzentrum-der-medizintechnik.de/profil/Muenchen+Klinik+Thalkirchner+Strasse%252C+Muenchen+Klinik+gGmbH-10367/ueber,http://www.muenchen-klinik.de
KUTEGA GmbHFirmenportrait,https://www.weltzentrum-der-medizintechnik.de/profil/KUTEGA+GmbH-1585/ueber,http://www.kutega-gmbh.de
LNT Automation GmbHFirmenportrait,https://www.weltzentrum-der-medizintechnik.de/profil/LNT+Automation+GmbH-1612/ueber,http://www.lnt-automation.de
MEA MEDIZINTECHNIK MORSCHECK e.K.Firmenportrait,https://www.weltzentrum-der-medizintechnik.de/profil/MEA+MEDIZINTECHNIK+MORSCHECK+e.K.-1655/ueber,http://www.medizintechnik-morscheck.de
Allgemeinpsychiatrie WangenFirmenportrait,https://www.weltzentrum-der-medizintechnik.de/profil/Allgemeinpsychiatrie+Wangen-11343/ueber,https://www.zfp-web.de/
RHÖN-KLINIKUM Campus Bad NeustadtFirmenportrait,https://www.weltzentrum-der-medizintechnik.de/profil/RH%25C3%2596NKLINIKUM+Campus+Bad+Neustadt-10867/ueber,https://www.campus-nes.de/
Cochlear Deutschland GmbH & Co. KGFirmenportrait,https://www.weltzentrum-der-medizintechnik.de/profil/Cochlear+Deutschland+GmbH+%2526+Co.+KG-1068/ueber,http://www.Cochlear.de
novel GmbHFirmenportrait,https://www.weltzentrum-der-medizintechnik.de/profil/novel+GmbH-1924/ueber,http://www.novel.de
GP+S Consulting GmbHFirmenportrait,https://www.weltzentrum-der-medizintechnik.de/profil/GP%252BS+Consulting+GmbH-1345/ueber,http://www.gps-consulting.com
Städtisches Krankenhaus Nettetal GmbHFirmenportrait,https://www.weltzentrum-der-medizintechnik.de/profil/Staedtisches+Krankenhaus+Nettetal+GmbH-9249/ueber,http://krankenhaus-nettetal.de
GRN-Klinik SinsheimFirmenportrait,https://www.weltzentrum-der-medizintechnik.de/profil/GRNKlinik+Sinsheim-9723/ueber,http://www.grn.de
JakuTec Medizintechnik GmbH & Co. KGFirmenportrait,https://www.weltzentrum-der-medizintechnik.de/profil/JakuTec+Medizintechnik+GmbH+%2526+Co.+KG-370/ueber,http://www.jakutec.com
Evangelisches Krankenhaus Königin Elisabeth Herzberge gGmbHFirmenportrait,https://www.weltzentrum-der-medizintechnik.de/profil/Evangelisches+Krankenhaus+Koenigin+Elisabeth+Herzberge+gGmbH-11003/ueber,https://www.keh-berlin.de/de/index
Richard Schilder Sani-Med GmbH & Co. KGFirmenportrait,https://www.weltzentrum-der-medizintechnik.de/profil/Richard+Schilder+SaniMed+GmbH+%2526+Co.+KG-2109/ueber,http://www.schilder-medizin.de/
SEDLBAUER AGFirmenportrait,https://www.weltzentrum-der-medizintechnik.de/profil/SEDLBAUER+AG-2200/ueber,http://www.sedlbauer.de/de/startseite.html
Vitos Klinik Hofheim Standort Höchst/OdenwaldFirmenportrait,https://www.weltzentrum-der-medizintechnik.de/profil/Vitos+Klinik+Hofheim+Standort+HoechstOdenwald-10687/ueber,http://www.vitos-riedstadt.de
St. Vinzenz-Krankenhaus HanauFirmenportrait,https://www.weltzentrum-der-medizintechnik.de/profil/St.+VinzenzKrankenhaus+Hanau-10662/ueber,http://www.vinzenz-hanau.de
BIOPRO Baden-Württemberg GmbHFirmenportrait,https://www.weltzentrum-der-medizintechnik.de/profil/BIOPRO+BadenWuerttemberg+GmbH-335/ueber,http://www.bio-pro.de
Sanoa GmbHFirmenportrait,https://www.weltzentrum-der-medizintechnik.de/profil/Sanoa+GmbH-11355/ueber,https://www.sanoa.net/
ASKION GmbHFirmenportrait,https://www.weltzentrum-der-medizintechnik.de/profil/ASKION+GmbH-922/ueber,http://www.askion.com
LOGICA Medizintechnik GmbHFirmenportrait,https://www.weltzentrum-der-medizintechnik.de/profil/LOGICA+Medizintechnik+GmbH-1614/ueber,http://www.logicamed.de
Coltène/Whaledent AGFirmenportrait,https://www.weltzentrum-der-medizintechnik.de/profil/Colt%25C3%25A8neWhaledent+AG-457/ueber,http://www.coltene.com
Pinter Guss GmbHFirmenportrait,https://www.weltzentrum-der-medizintechnik.de/profil/Pinter+Guss+GmbH-2011/ueber,http://www.pinterguss.de
St. Marien-Hospital BorkenFirmenportrait,https://www.weltzentrum-der-medizintechnik.de/profil/St.+MarienHospital+Borken-10109/ueber,http://www.klinikum-westmuensterland.de/borken/
Artemed Fachklinik MünchenFirmenportrait,https://www.weltzentrum-der-medizintechnik.de/profil/Artemed+Fachklinik+Muenchen-9347/ueber,http://www.artemedmuenchen.de
Klinikum Landkreis Erding - Außenstelle DorfenFirmenportrait,https://www.weltzentrum-der-medizintechnik.de/profil/Klinikum+Landkreis+Erding++Aussenstelle+Dorfen-11050/ueber,https://www.klinikum-erding.de
Coframed Medizinalbedarfs GmbHFirmenportrait,https://www.weltzentrum-der-medizintechnik.de/profil/Coframed+Medizinalbedarfs+GmbH-1071/ueber,http://www.coframed.de
HVS Oliver Hörnla GmbH & Co. KGFirmenportrait,https://www.weltzentrum-der-medizintechnik.de/profil/HVS+Oliver+Hoernla+GmbH+%2526+Co.+KG-1450/ueber,http://www.hvshoernla.de
LWL-Klinik Lippstadt/Tagesklinik Psychiatrie SoestFirmenportrait,https://www.weltzentrum-der-medizintechnik.de/profil/LWLKlinik+LippstadtTagesklinik+Psychiatrie+Soest-11122/ueber,https://www.lwl-klinik-lippstadt.de/de/
Defibrillator24.de - ein Portal von Starmedic Medical Solutions and ServicesFirmenportrait,https://www.weltzentrum-der-medizintechnik.de/profil/Defibrillator24.de++ein+Portal+von+Starmedic+Medical+Solutions+and+Services-1116/ueber,http://www.defibrillator24.de/?utm_source=wlw
Medical Park Betriebs GmbH & Co KG - BS ReithofparkFirmenportrait,https://www.weltzentrum-der-medizintechnik.de/profil/Medical+Park+Betriebs+GmbH+%2526+Co+KG++BS+Reithofpark-11151/ueber,https://www.medicalpark.de/de/Kliniken_und_Zentren/Reithofpark__Bad_Feilnbach.html
Krankenhaus NorderneyFirmenportrait,https://www.weltzentrum-der-medizintechnik.de/profil/Krankenhaus+Norderney-10181/ueber,http://www.krankenhaus-norderney.de/
Eichsfeld Klinikum gGmbHFirmenportrait,https://www.weltzentrum-der-medizintechnik.de/profil/Eichsfeld+Klinikum+gGmbH-9601/ueber,http://www.eichsfeld-klinikum.de
"gpz, Tagesklinik Lage, Hindenburgstraße 1, LageFirmenportrait",https://www.weltzentrum-der-medizintechnik.de/profil/gpz%252C+Tagesklinik+Lage%252C+Hindenburgstrasse+1%252C+Lage-9720/ueber,http://www.gpz-lippe.de
Klinikum Garmisch-Partenkirchen - HaupthausFirmenportrait,https://www.weltzentrum-der-medizintechnik.de/profil/Klinikum+GarmischPartenkirchen++Haupthaus-10042/ueber,http://www.klinikum-gap.de
Kolb GmbH MaschinenbauFirmenportrait,https://www.weltzentrum-der-medizintechnik.de/profil/Kolb+GmbH+Maschinenbau-1566/ueber,http://www.kolb-fremdingen.de
Dietrich-Bonhoeffer-Klinikum Standort AltentreptowFirmenportrait,https://www.weltzentrum-der-medizintechnik.de/profil/DietrichBonhoefferKlinikum+Standort+Altentreptow-9529/ueber,http://www.dbknb.de
Augustahospital AnholtFirmenportrait,https://www.weltzentrum-der-medizintechnik.de/profil/Augustahospital+Anholt-10848/ueber,https://www.augustahospital.de/
Stiehl MedizintechnikFirmenportrait,https://www.weltzentrum-der-medizintechnik.de/profil/Stiehl+Medizintechnik-2252/ueber,http://www.stiehl-medizintechnik.de
"Helios Klinik Leezen GmbH: Akutbereich, enthalten sind nur die Daten der Patientinnen/Patienten derFirmenportrait",https://www.weltzentrum-der-medizintechnik.de/profil/Helios+Klinik+Leezen+GmbH%253A+Akutbereich%252C+enthalten+sind+nur+die+Daten+der+PatientinnenPatienten+der-2799/ueber,https://www.helios-gesundheit.de/kliniken/leezen/
Dr. Sennewald Medizintechnik GmbHFirmenportrait,https://www.weltzentrum-der-medizintechnik.de/profil/Dr.+Sennewald+Medizintechnik+GmbH-1181/ueber,http://www.sennewald.de
HELIOS Klinik SangerhausenFirmenportrait,https://www.weltzentrum-der-medizintechnik.de/profil/HELIOS+Klinik+Sangerhausen-2793/ueber,http://www.helios-kliniken.de/klinik/sangerhausen....
Kliniken Schmieder Stuttgart-GerlingenFirmenportrait,https://www.weltzentrum-der-medizintechnik.de/profil/Kliniken+Schmieder+StuttgartGerlingen-9956/ueber,http://www.kliniken-schmieder.de
Sicherheitstechnik by Drägerwerk AG & Co. KGaAFirmenportrait,https://www.weltzentrum-der-medizintechnik.de/profil/Sicherheitstechnik+by+Draegerwerk+AG+%2526+Co.+KGaA-2216/ueber,https://www.draeger.com/de_de/Safety
PETEK Reinraumtechnik GmbHFirmenportrait,https://www.weltzentrum-der-medizintechnik.de/profil/PETEK+Reinraumtechnik+GmbH-11449/ueber,http://www.petek-cleanroom.com
MedicalMountains GmbHFirmenportrait,https://www.weltzentrum-der-medizintechnik.de/profil/MedicalMountains+GmbH-285/ueber,http://www.medicalmountains.de/
DREHERtec GmbHFirmenportrait,https://www.weltzentrum-der-medizintechnik.de/profil/DREHERtec+GmbH-779/ueber,https://drehertec.de/
PLATH EFT GmbHFirmenportrait,https://www.weltzentrum-der-medizintechnik.de/profil/PLATH+EFT+GmbH-2015/ueber,http://www.e-f-t.de
Marienkrankenhaus Schwerte-SchützenstraßeFirmenportrait,https://www.weltzentrum-der-medizintechnik.de/profil/Marienkrankenhaus+SchwerteSchuetzenstrasse-10314/ueber,http://www.marien-kh.de
Theresienkrankenhaus MannheimFirmenportrait,https://www.weltzentrum-der-medizintechnik.de/profil/Theresienkrankenhaus+Mannheim-10619/ueber,http://www.theresienkrankenhaus.de
KLT Hummel Plastic GmbHFirmenportrait,https://www.weltzentrum-der-medizintechnik.de/profil/KLT+Hummel+Plastic+GmbH-11367/ueber,https://klt.de/
BRK Tagesklinik SüdFirmenportrait,https://www.weltzentrum-der-medizintechnik.de/profil/BRK+Tagesklinik+Sued-10865/ueber,https://www.brk-muenchen.de/wir-sind-fuer-sie-da/mit-therapeutischen-einrichtungen
St. Vincentius Kliniken KarlsruheFirmenportrait,https://www.weltzentrum-der-medizintechnik.de/profil/St.+Vincentius+Kliniken+Karlsruhe-10654/ueber,http://www.vidia-kliniken.de/
Hospital zum Heiligen Geist gGmbHFirmenportrait,https://www.weltzentrum-der-medizintechnik.de/profil/Hospital+zum+Heiligen+Geist+gGmbH-9771/ueber,http://www.hospital-fritzlar.de
LVR-Klinik LangenfeldFirmenportrait,https://www.weltzentrum-der-medizintechnik.de/profil/LVRKlinik+Langenfeld-9975/ueber,http://www.klinik-langenfeld.lvr.de
KLINGEL medical metal GmbHFirmenportrait,https://www.weltzentrum-der-medizintechnik.de/profil/KLINGEL+medical+metal+GmbH-509/ueber,https://www.klingel-med.de/
MEDIAN Klinik St. Georg Bad DürrheimFirmenportrait,https://www.weltzentrum-der-medizintechnik.de/profil/MEDIAN+Klinik+St.+Georg+Bad+Duerrheim-11141/ueber,https://www.median-kliniken.de//de/standorte/median-klinik-st-georg-bad-duerrheim/klinikprofil/
CONGATEC AGFirmenportrait,https://www.weltzentrum-der-medizintechnik.de/profil/CONGATEC+AG-1080/ueber,https://www.congatec.com
"St. Antonius Krankenhaus, Köln, gGmbHFirmenportrait",https://www.weltzentrum-der-medizintechnik.de/profil/St.+Antonius+Krankenhaus%252C+Koeln%252C+gGmbH-9341/ueber,http://www.antonius-koeln.de
Inovamed GmbHFirmenportrait,https://www.weltzentrum-der-medizintechnik.de/profil/Inovamed+GmbH-1481/ueber,http://www.inovamed.org
Marienkrankenhaus SchwerteFirmenportrait,https://www.weltzentrum-der-medizintechnik.de/profil/Marienkrankenhaus+Schwerte-10313/ueber,http://www.marien-kh.de
ebm-papst Mulfingen GmbH & Co. KGFirmenportrait,https://www.weltzentrum-der-medizintechnik.de/profil/ebmpapst+Mulfingen+GmbH+%2526+Co.+KG-252/ueber,http://www.ebmpapst.com
Frankenalb-Klinik EngelthalFirmenportrait,https://www.weltzentrum-der-medizintechnik.de/profil/FrankenalbKlinik+Engelthal-10858/ueber,https://www.bezirkskliniken-mfr.de/standorte-und-kliniken/engelthal/
Klinikum Frankfurt (Oder) Tagesklinik SeelowFirmenportrait,https://www.weltzentrum-der-medizintechnik.de/profil/Klinikum+Frankfurt+Oder+Tagesklinik+Seelow-10036/ueber,http://www.klinikumffo.de
Tagesklinik Alteburger Straße gGmbHFirmenportrait,https://www.weltzentrum-der-medizintechnik.de/profil/Tagesklinik+Alteburger+Strasse+gGmbH-10624/ueber,http://www.tka-koeln.de
Convita Medizintechnik GmbHFirmenportrait,https://www.weltzentrum-der-medizintechnik.de/profil/Convita+Medizintechnik+GmbH-1083/ueber,http://www.convita-medtec.de
KSM Stahl GmbHFirmenportrait,https://www.weltzentrum-der-medizintechnik.de/profil/KSM+Stahl+GmbH+-689/ueber,https://www.ksm-stahl.de/
Klinik für Psychosomatische Medizin und PsychotherapieFirmenportrait,https://www.weltzentrum-der-medizintechnik.de/profil/Klinik+fuer+Psychosomatische+Medizin+und+Psychotherapie-11001/ueber,https://www.karl-jaspers-klinik.de/
Krankenhaus St. Joseph-Stift Dresden GmbHFirmenportrait,https://www.weltzentrum-der-medizintechnik.de/profil/Krankenhaus+St.+JosephStift+Dresden+GmbH-9823/ueber,http://www.josephstift-dresden.de
Systemhaus Thomann GmbHFirmenportrait,https://www.weltzentrum-der-medizintechnik.de/profil/Systemhaus+Thomann+GmbH-2273/ueber,http://www.systemhaus-thomann.de
"Dr. rer.nat. Westerboer, Hofhansel & Cie. GmbHFirmenportrait",https://www.weltzentrum-der-medizintechnik.de/profil/Dr.+rer.nat.+Westerboer%252C+Hofhansel+%2526+Cie.+GmbH-1179/ueber,http://www.westerboer.de
Reinhard Hebach GmbHFirmenportrait,https://www.weltzentrum-der-medizintechnik.de/profil/Reinhard+Hebach+GmbH-715/ueber,https://hebach.de/
Kinderzentrum PelzerhakenFirmenportrait,https://www.weltzentrum-der-medizintechnik.de/profil/Kinderzentrum+Pelzerhaken-9883/ueber,http://www.kinderzentrum-pelzerhaken.de
Ortenau Klinikum Lahr-Ettenheim Standort EttenheimFirmenportrait,https://www.weltzentrum-der-medizintechnik.de/profil/Ortenau+Klinikum+LahrEttenheim+Standort+Ettenheim-10404/ueber,http://www.ortenau-klinikum.de
Reproplan GmbHFirmenportrait,https://www.weltzentrum-der-medizintechnik.de/profil/Reproplan+GmbH-731/ueber,http://www.reproplan.eu
SURGIFORT INDUSTRIESFirmenportrait,https://www.weltzentrum-der-medizintechnik.de/profil/SURGIFORT+INDUSTRIES-11410/ueber,http://www.surgifort.co
Evangelisches Krankenhaus Lutherstift Frankfurt (Oder)Firmenportrait,https://www.weltzentrum-der-medizintechnik.de/profil/Evangelisches+Krankenhaus+Lutherstift+Frankfurt+Oder-9608/ueber,http://www.ekh-lutherstift.de
Pumpen OhlFirmenportrait,https://www.weltzentrum-der-medizintechnik.de/profil/Pumpen+Ohl-2060/ueber,http://www.pumpenohl.de
"UNIVERSITÄTSKLINIKUM Schleswig-Holstein, Standort WKK HeideFirmenportrait",https://www.weltzentrum-der-medizintechnik.de/profil/UNIVERSIT%25C3%2584TSKLINIKUM+SchleswigHolstein%252C+Standort+WKK+Heide-11296/ueber,https://www.uksh.de
Vitos Klinik für Psychiatrie und Psychotherapie HofgeismarFirmenportrait,https://www.weltzentrum-der-medizintechnik.de/profil/Vitos+Klinik+fuer+Psychiatrie+und+Psychotherapie+Hofgeismar-11322/ueber,https://www.vitos.de/gesellschaften/vitos-kurhessen
Wertachklinik BobingenFirmenportrait,https://www.weltzentrum-der-medizintechnik.de/profil/Wertachklinik+Bobingen-10716/ueber,http://www.wertachkliniken.de
Reinert & Bläsius Medizintechnik GmbHFirmenportrait,https://www.weltzentrum-der-medizintechnik.de/profil/Reinert+%2526+Blaesius+Medizintechnik+GmbH-2088/ueber,http://www.reinert-blaesius.de
BioKat Systeme GmbHFirmenportrait,https://www.weltzentrum-der-medizintechnik.de/profil/BioKat+Systeme+GmbH-554/ueber,http://www.bio-kat.de
mms Medizintechnik GmbHFirmenportrait,https://www.weltzentrum-der-medizintechnik.de/profil/mms+Medizintechnik+GmbH-1856/ueber,http://www.mms-medizintechnik.de
HiToP Praxis Dr. J. GerhardFirmenportrait,https://www.weltzentrum-der-medizintechnik.de/profil/HiToP+Praxis+Dr.+J.+Gerhard-1417/ueber,http://www.hitopcenter.de/
Medica EsensFirmenportrait,https://www.weltzentrum-der-medizintechnik.de/profil/Medica+Esens-2427/ueber,http://www.medica-technik.de
LWL-Klinik Marsberg (Kinder- u. Jugendpsychiatrie) - Standort PaderbornFirmenportrait,https://www.weltzentrum-der-medizintechnik.de/profil/LWLKlinik+Marsberg+Kinder+u.+Jugendpsychiatrie++Standort+Paderborn-11114/ueber,https://www.lwl-jugendpsychiatrie-marsberg.de/de/fur-patienteninnen/teilstat_behandlung/tagesklinik_paderb/
ERO-Führungen GmbHFirmenportrait,https://www.weltzentrum-der-medizintechnik.de/profil/EROFuehrungen+GmbH-11375/ueber,https://ero-fuehrungen.de/
Vitos Klinik Bad WilhelmshöheFirmenportrait,https://www.weltzentrum-der-medizintechnik.de/profil/Vitos+Klinik+Bad+Wilhelmshoehe-11320/ueber,https://www.vitos.de/gesellschaften/vitos-kurhessen
Psychiatrische Tagesklinik Wuppertal Hofaue 52/Wesendonkstr.7Firmenportrait,https://www.weltzentrum-der-medizintechnik.de/profil/Psychiatrische+Tagesklinik+Wuppertal+Hofaue+52Wesendonkstr.7-10594/ueber,http://www.stiftung-tannenhof.de
Comretix GmbH​Firmenportrait,https://www.weltzentrum-der-medizintechnik.de/profil/Comretix+GmbH%25E2%2580%258B-552/ueber,https://www.comretix.net/
Berufsgenossenschaftliches Universitätsklinikum Bergmannsheil gGmbHFirmenportrait,https://www.weltzentrum-der-medizintechnik.de/profil/Berufsgenossenschaftliches+Universitaetsklinikum+Bergmannsheil+gGmbH-9443/ueber,http://www.bergmannsheil.de
melab Medizintechnik und Labor GmbHFirmenportrait,https://www.weltzentrum-der-medizintechnik.de/profil/melab+Medizintechnik+und+Labor+GmbH-1821/ueber,http://www.melab.de
Sekisui Diagnostics GmbHFirmenportrait,https://www.weltzentrum-der-medizintechnik.de/profil/Sekisui+Diagnostics+GmbH-2203/ueber,http://www.sekisuidiagnostics.com/
Sankt Rochus KlinikenFirmenportrait,https://www.weltzentrum-der-medizintechnik.de/profil/Sankt+Rochus+Kliniken-11259/ueber,https://www.sankt-rochus-kliniken.de
Petrus-KrankenhausFirmenportrait,https://www.weltzentrum-der-medizintechnik.de/profil/PetrusKrankenhaus-10429/ueber,http://www.petrus-krankenhaus-wuppertal.de/start/
Westallgäu-KlinikumFirmenportrait,https://www.weltzentrum-der-medizintechnik.de/profil/WestallgaeuKlinikum-10399/ueber,http://www.oberschwabenklinik.de
Krankenhaus FreyungFirmenportrait,https://www.weltzentrum-der-medizintechnik.de/profil/Krankenhaus+Freyung-10917/ueber,https://www.frg-kliniken.de
Klinikum Westmünsterland St. Vinzenz-Hospital RhedeFirmenportrait,https://www.weltzentrum-der-medizintechnik.de/profil/Klinikum+Westmuensterland+St.+VinzenzHospital+Rhede-10572/ueber,http://www.st-agnes-bocholt.de
Tecnomatix-Medical GmbHFirmenportrait,https://www.weltzentrum-der-medizintechnik.de/profil/TecnomatixMedical+GmbH-2284/ueber,http://www.tecnomatix-atmd.de
InoNet Computer GmbHFirmenportrait,https://www.weltzentrum-der-medizintechnik.de/profil/InoNet+Computer+GmbH-1479/ueber,http://www.inonet.com
Moritz Klinik GmbH & Co. KGFirmenportrait,https://www.weltzentrum-der-medizintechnik.de/profil/Moritz+Klinik+GmbH+%2526+Co.+KG-10361/ueber,http://www.moritz-klinik.de/
Alexianer Krankenhaus MünsterFirmenportrait,https://www.weltzentrum-der-medizintechnik.de/profil/Alexianer+Krankenhaus+Muenster-9309/ueber,http://www.alexianer-muenster.de
Johanna-Etienne-KrankenhausFirmenportrait,https://www.weltzentrum-der-medizintechnik.de/profil/JohannaEtienneKrankenhaus-9802/ueber,http://www.johanna-etienne-krankenhaus.de
Altmark Klinikum SalzwedelFirmenportrait,https://www.weltzentrum-der-medizintechnik.de/profil/Altmark+Klinikum+Salzwedel-10811/ueber,https://www.altmark-klinikum.de/seiteninfos/startseite/
LOGA PRÄZISIONSTEILE GMBH & CO. KGFirmenportrait,https://www.weltzentrum-der-medizintechnik.de/profil/LOGA+PR%25C3%2584ZISIONSTEILE+GMBH+%2526+CO.+KG-239/ueber,http://www.drehteile-loga.de/
analysio GmbHFirmenportrait,https://www.weltzentrum-der-medizintechnik.de/profil/analysio+GmbH-891/ueber,http://www.analysio.de
Klinikum Fulda gAGFirmenportrait,https://www.weltzentrum-der-medizintechnik.de/profil/Klinikum+Fulda+gAG-10041/ueber,http://www.klinikum-fulda.de
Johanniter-Tagesklinik Siegburg gGmbH - Klinik für Psychiatrie und PsychotherapieFirmenportrait,https://www.weltzentrum-der-medizintechnik.de/profil/JohanniterTagesklinik+Siegburg+gGmbH++Klinik+fuer+Psychiatrie+und+Psychotherapie-10613/ueber,http://www.tagesklinik-siegburg.de
SBA | Management School der Steinbeis-HochschuleFirmenportrait,https://www.weltzentrum-der-medizintechnik.de/profil/SBA+%257C+Management+School+der+SteinbeisHochschule-631/ueber,https://www.steinbeis-academy.de/
Qsistant GmbH & Co. KGFirmenportrait,https://www.weltzentrum-der-medizintechnik.de/profil/Qsistant+GmbH+%2526+Co.+KG-11394/ueber,http://www.qsistant.de
Reco Medizintechnik Wolfgang Rentsch eKFirmenportrait,https://www.weltzentrum-der-medizintechnik.de/profil/Reco+Medizintechnik+Wolfgang+Rentsch+eK-2076/ueber,http://www.reco-medical.de
Medizintechnik Fritze GmbHFirmenportrait,https://www.weltzentrum-der-medizintechnik.de/profil/Medizintechnik+Fritze+GmbH-1775/ueber,http://www.medizintechnik-fritze.de
IMCARMED GmbHFirmenportrait,https://www.weltzentrum-der-medizintechnik.de/profil/IMCARMED+GmbH-1462/ueber,http://www.imcarmed.de
Fachklinik BokholtFirmenportrait,https://www.weltzentrum-der-medizintechnik.de/profil/Fachklinik+Bokholt-10615/ueber,http://www.therapiehilfe.de
Herz-Jesu-Krankenhaus Hiltrup GmbHFirmenportrait,https://www.weltzentrum-der-medizintechnik.de/profil/HerzJesuKrankenhaus+Hiltrup+GmbH-10979/ueber,https://www.hjk-muenster.de/startseite.html
August Manser AGFirmenportrait,https://www.weltzentrum-der-medizintechnik.de/profil/August+Manser+AG-812/ueber,http://www.manser-ag.com
Katholisches Klinikum Lünen/Werne GmbH St. Christophorus-KrankenhausFirmenportrait,https://www.weltzentrum-der-medizintechnik.de/profil/Katholisches+Klinikum+LuenenWerne+GmbH+St.+ChristophorusKrankenhaus-11085/ueber,https://www.krankenhaus-werne.de
Centramed GmbH & Co. KGFirmenportrait,https://www.weltzentrum-der-medizintechnik.de/profil/Centramed+GmbH+%2526+Co.+KG-1055/ueber,http://www.centramed.de
Europäische Forschungsgesellschaft Dünne Schichten e.V.Firmenportrait,https://www.weltzentrum-der-medizintechnik.de/profil/Europaeische+Forschungsgesellschaft+Duenne+Schichten+e.V.-1243/ueber,http://www.efds.org
Komitec electronics GmbHFirmenportrait,https://www.weltzentrum-der-medizintechnik.de/profil/Komitec+electronics+GmbH-1568/ueber,http://www.komitec.de
Greive GmbH & Co KGFirmenportrait,https://www.weltzentrum-der-medizintechnik.de/profil/Greive+GmbH+%2526+Co+KG-1353/ueber,http://www.greive.de
Sana Klinik Bethesda Stuttgart gGmbHFirmenportrait,https://www.weltzentrum-der-medizintechnik.de/profil/Sana+Klinik+Bethesda+Stuttgart+gGmbH-11227/ueber,https://www.sana.de/bethesda-stuttgart
Vitos kinder- und jugendpsychiatrische Tagesklinik HanauFirmenportrait,https://www.weltzentrum-der-medizintechnik.de/profil/Vitos+kinder+und+jugendpsychiatrische+Tagesklinik+Hanau-11315/ueber,https://www.vitos.de/gesellschaften/vitos-herborn/einrichtungen/vitos-kinder-und-jugendpsychiatrische-tagesklinik-hanau
ACSYS Lasertechnik GmbHFirmenportrait,https://www.weltzentrum-der-medizintechnik.de/profil/ACSYS+Lasertechnik+GmbH-604/ueber,https://www.acsys.de/
Kliniken SindelfingenFirmenportrait,https://www.weltzentrum-der-medizintechnik.de/profil/Kliniken+Sindelfingen-10112/ueber,http://www.klinikverbund-suedwest.de/klinikum-sindelfingen-boeblingen/startseite.html
Medizintechnik StrombergerFirmenportrait,https://www.weltzentrum-der-medizintechnik.de/profil/Medizintechnik+Stromberger-1789/ueber,http://www.medizintechnik-stromberger.com
Siemens AktiengesellschaftFirmenportrait,https://www.weltzentrum-der-medizintechnik.de/profil/Siemens+Aktiengesellschaft-2217/ueber,http://www.siemens.de
ROWAmed InstrumenteFirmenportrait,https://www.weltzentrum-der-medizintechnik.de/profil/ROWAmed+Instrumente-757/ueber,http://www.rowamed.de/
MechanikZentrum SchmidbauerFirmenportrait,https://www.weltzentrum-der-medizintechnik.de/profil/MechanikZentrum+Schmidbauer-1658/ueber,http://www.mechanikzentrum.de
Sächsische Schweiz Klinik SebnitzFirmenportrait,https://www.weltzentrum-der-medizintechnik.de/profil/Saechsische+Schweiz+Klinik+Sebnitz-9393/ueber,http://www.asklepios.com/sebnitz
Famos Medizintechnik Vertriebs GmbHFirmenportrait,https://www.weltzentrum-der-medizintechnik.de/profil/Famos+Medizintechnik+Vertriebs+GmbH-1260/ueber,http://www.famos-med.de
Pilot Blankenfelde Medizinisch- elektronische Geräte GmbHFirmenportrait,https://www.weltzentrum-der-medizintechnik.de/profil/Pilot+Blankenfelde+Medizinisch+elektronische+Geraete+GmbH-2010/ueber,http://www.pilot-blankenfelde.de
Borer Chemie AGFirmenportrait,https://www.weltzentrum-der-medizintechnik.de/profil/Borer+Chemie+AG-494/ueber,https://www.borer.ch/
Caritas-Krankenhaus St. JosefFirmenportrait,https://www.weltzentrum-der-medizintechnik.de/profil/CaritasKrankenhaus+St.+Josef-9499/ueber,http://www.caritasstjosef.de/
"Thüringen-Kliniken ""Georgius Agricola"" GmbHFirmenportrait",https://www.weltzentrum-der-medizintechnik.de/profil/ThueringenKliniken+%2522Georgius+Agricola%2522+GmbH-10621/ueber,http://www.thueringen-kliniken.de
Ermstalklinik Bad UrachFirmenportrait,https://www.weltzentrum-der-medizintechnik.de/profil/Ermstalklinik+Bad+Urach-10208/ueber,http://www.kreiskliniken-reutlingen.de
coloprint GmbHFirmenportrait,https://www.weltzentrum-der-medizintechnik.de/profil/coloprint+GmbH-1073/ueber,http://www.coloprint.de
Rhein-KlinikFirmenportrait,https://www.weltzentrum-der-medizintechnik.de/profil/RheinKlinik-11199/ueber,https://www.rhein-klinik.de
Feintechnik R. Rittmeyer GmbHFirmenportrait,https://www.weltzentrum-der-medizintechnik.de/profil/Feintechnik+R.+Rittmeyer+GmbH-1264/ueber,http://www.rittmeyer-beri.de
Klinikum Fünfseenland Gauting GmbHFirmenportrait,https://www.weltzentrum-der-medizintechnik.de/profil/Klinikum+Fuenfseenland+Gauting+GmbH-11189/ueber,https://www.psychiatrie-gauting.de
Orthopädie- und Reha-Technik Wolf GmbH & Co. KGFirmenportrait,https://www.weltzentrum-der-medizintechnik.de/profil/Orthopaedie+und+RehaTechnik+Wolf+GmbH+%2526+Co.+KG-1962/ueber,http://www.wolf-orthopaedie.de
HOLTSCH Medizinprodukte GmbHFirmenportrait,https://www.weltzentrum-der-medizintechnik.de/profil/HOLTSCH+Medizinprodukte+GmbH-1430/ueber,http://www.holtsch-med.com
UROMED Kurt Drews KGFirmenportrait,https://www.weltzentrum-der-medizintechnik.de/profil/UROMED+Kurt+Drews+KG-2344/ueber,http://www.uromed.de
LOGIMED Logistik + Medizin Vertriebsgesellschaft mbHFirmenportrait,https://www.weltzentrum-der-medizintechnik.de/profil/LOGIMED+Logistik+%252B+Medizin+Vertriebsgesellschaft+mbH-1615/ueber,http://www.logimed.de
Hochtaunus-Kliniken gGmbH - Königstein GeriatrieFirmenportrait,https://www.weltzentrum-der-medizintechnik.de/profil/HochtaunusKliniken+gGmbH++Koenigstein+Geriatrie-10983/ueber,https://www.hochtaunus-kliniken.de/medizinische-fachabteilungen/koenigstein/geriatrie
"Psychiatrische Tagesklinik Wuppertal - Elberfeld, Hofkamp 31 - 35Firmenportrait",https://www.weltzentrum-der-medizintechnik.de/profil/Psychiatrische+Tagesklinik+Wuppertal++Elberfeld%252C+Hofkamp+31++35-10593/ueber,http://www.stiftung-tannenhof.de
Klinikum Garmisch-Partenkirchen Aussenstelle MurnauFirmenportrait,https://www.weltzentrum-der-medizintechnik.de/profil/Klinikum+GarmischPartenkirchen+Aussenstelle+Murnau-10043/ueber,http://www.klinikum-gap.de
Psychiatrische Klinik Wuppertal Sanderstr. 7Firmenportrait,https://www.weltzentrum-der-medizintechnik.de/profil/Psychiatrische+Klinik+Wuppertal+Sanderstr.+7-10590/ueber,http://www.stiftung-tannenhof.de
Johanniter Tagesklinik SchwarzenbekFirmenportrait,https://www.weltzentrum-der-medizintechnik.de/profil/Johanniter+Tagesklinik+Schwarzenbek-9807/ueber,http://www.johanniter-krankenhaus.de
AAT Alber Antriebstechnik GmbHFirmenportrait,https://www.weltzentrum-der-medizintechnik.de/profil/AAT+Alber+Antriebstechnik+GmbH-831/ueber,http://www.cargomaster.org/
Schuler Präzisionstechnik KGFirmenportrait,https://www.weltzentrum-der-medizintechnik.de/profil/Schuler+Praezisionstechnik+KG-11440/ueber,https://www.schuler-praezision.de/
LOMA Drehteile GmbH & Co. KGFirmenportrait,https://www.weltzentrum-der-medizintechnik.de/profil/LOMA+Drehteile+GmbH+%2526+Co.+KG-240/ueber,https://www.loma-metall.de/
Feiner Services Inh. Dr. Franz FeinerFirmenportrait,https://www.weltzentrum-der-medizintechnik.de/profil/Feiner+Services+Inh.+Dr.+Franz+Feiner-1263/ueber,https://feiner-services.com
DID medical Vertriebsgesellschaft für medizinische Technologien mbHFirmenportrait,https://www.weltzentrum-der-medizintechnik.de/profil/DID+medical+Vertriebsgesellschaft+fuer+medizinische+Technologien+mbH-1148/ueber,http://www.did-medical.de
ats Medizintechnik GmbHFirmenportrait,https://www.weltzentrum-der-medizintechnik.de/profil/ats+Medizintechnik+GmbH-929/ueber,http://www.ats-medizintechnik.de
AMEOS Klinikum UeckermündeFirmenportrait,https://www.weltzentrum-der-medizintechnik.de/profil/AMEOS+Klinikum+Ueckermuende-9331/ueber,http://www.ameos.eu
TEBIT GmbH & Co. KG - The Medical GroupFirmenportrait,https://www.weltzentrum-der-medizintechnik.de/profil/TEBIT+GmbH+%2526+Co.+KG++The+Medical+Group-2436/ueber,https://www.tebit.de
SUESS Medizin-Technik GmbHFirmenportrait,https://www.weltzentrum-der-medizintechnik.de/profil/SUESS+MedizinTechnik+GmbH-2265/ueber,http://www.suess-medtec.de
Asklepios Orthopädische Klinik HohwaldFirmenportrait,https://www.weltzentrum-der-medizintechnik.de/profil/Asklepios+Orthopaedische+Klinik+Hohwald-9770/ueber,http://www.hohwaldklinik.de
Smiths Medical Deutschland GmbHFirmenportrait,https://www.weltzentrum-der-medizintechnik.de/profil/Smiths+Medical+Deutschland+GmbH-673/ueber,https://www.smiths-medical.com/de-de/
Reintjes GmbH Medizinischer FachhandelFirmenportrait,https://www.weltzentrum-der-medizintechnik.de/profil/Reintjes+GmbH+Medizinischer+Fachhandel-2095/ueber,http://www.reintjes.de
HIRSCH-BRAUEREI HONER GMBH & CO. KGFirmenportrait,https://www.weltzentrum-der-medizintechnik.de/profil/HIRSCHBRAUEREI+HONER+GMBH+%2526+CO.+KG-466/ueber,https://hirschbrauerei.de/
Dreifaltigkeits-Krankenhaus WesselingFirmenportrait,https://www.weltzentrum-der-medizintechnik.de/profil/DreifaltigkeitsKrankenhaus+Wesseling-10204/ueber,http://www.krankenhaus-wesseling.de
Anton Häring KGFirmenportrait,https://www.weltzentrum-der-medizintechnik.de/profil/Anton+Haering+KG-361/ueber,https://www.anton-haering.com
HASOMED Hard- und Software für Medizin Gesellschaft mbHFirmenportrait,https://www.weltzentrum-der-medizintechnik.de/profil/HASOMED+Hard+und+Software+fuer+Medizin+Gesellschaft+mbH-1399/ueber,http://www.hasomed.de
Bezirksklinikum RegensburgFirmenportrait,https://www.weltzentrum-der-medizintechnik.de/profil/Bezirksklinikum+Regensburg-10330/ueber,http://www.medbo.de
Marienhospital Steinfurt Krankenhaus Standort SteinfurtFirmenportrait,https://www.weltzentrum-der-medizintechnik.de/profil/Marienhospital+Steinfurt+Krankenhaus+Standort+Steinfurt-10806/ueber,https://ukm-mhs.de/
TELATEC GmbHFirmenportrait,https://www.weltzentrum-der-medizintechnik.de/profil/TELATEC+GmbH-2286/ueber,http://www.telatec.de
Kreisklinik Groß-UmstadtFirmenportrait,https://www.weltzentrum-der-medizintechnik.de/profil/Kreisklinik+GrossUmstadt-10205/ueber,http://www.kreiskliniken-dadi.de
Zepf MedizintechnikFirmenportrait,https://www.weltzentrum-der-medizintechnik.de/profil/Zepf+Medizintechnik-106/ueber,http://www.zm-medizintechnik.de
ECHOSENS Deutschland GmbHFirmenportrait,https://www.weltzentrum-der-medizintechnik.de/profil/ECHOSENS+Deutschland+GmbH-1202/ueber,http://www.echosens.de
Chirurgische Klinik Dr. Kübel/ Dr. Albrecht/ Dr. GühringFirmenportrait,https://www.weltzentrum-der-medizintechnik.de/profil/Chirurgische+Klinik+Dr.+Kuebel+Dr.+Albrecht+Dr.+Guehring-10217/ueber,http://www.kronprinzenbau-klinik.de
röntgen bender GmbH & Co. KGFirmenportrait,https://www.weltzentrum-der-medizintechnik.de/profil/roentgen+bender+GmbH+%2526+Co.+KG-2127/ueber,http://www.be-imaging.de
mtp medical technical promotion gmbhFirmenportrait,https://www.weltzentrum-der-medizintechnik.de/profil/mtp+medical+technical+promotion+gmbh-73/ueber,
Sankt Elisabeth Krankenhaus KielFirmenportrait,https://www.weltzentrum-der-medizintechnik.de/profil/Sankt+Elisabeth+Krankenhaus+Kiel-10231/ueber,http://www.lubinus-stiftung.de
Sana Kliniken des Landkreises Cham - Krankenhaus ChamFirmenportrait,https://www.weltzentrum-der-medizintechnik.de/profil/Sana+Kliniken+des+Landkreises+Cham++Krankenhaus+Cham-10886/ueber,https://www.diekliniken.de
Curatec Services GmbHFirmenportrait,https://www.weltzentrum-der-medizintechnik.de/profil/Curatec+Services+GmbH-1102/ueber,http://www.curatec.de
Rems-Murr-Klinik SchorndorfFirmenportrait,https://www.weltzentrum-der-medizintechnik.de/profil/RemsMurrKlinik+Schorndorf-11198/ueber,https://www.rems-murr-kliniken.de
Evangelisches Krankenhaus DüsseldorfFirmenportrait,https://www.weltzentrum-der-medizintechnik.de/profil/Evangelisches+Krankenhaus+Duesseldorf-10907/ueber,https://www.evk-duesseldorf.de
Asklepios Fachklinikum Stadtroda TK PößneckFirmenportrait,https://www.weltzentrum-der-medizintechnik.de/profil/Asklepios+Fachklinikum+Stadtroda+TK+Poessneck-9398/ueber,http://www.asklepios.com/stadtroda
Eppendorf AGFirmenportrait,https://www.weltzentrum-der-medizintechnik.de/profil/Eppendorf+AG-1229/ueber,http://www.eppendorf.com
Arabella-Klinik GmbHFirmenportrait,https://www.weltzentrum-der-medizintechnik.de/profil/ArabellaKlinik+GmbH-9343/ueber,http://www.arabellaklinik.de
BRAHMS GmbHFirmenportrait,https://www.weltzentrum-der-medizintechnik.de/profil/BRAHMS+GmbH-644/ueber,http://www.brahms.de
Rechbergklinik BrettenFirmenportrait,https://www.weltzentrum-der-medizintechnik.de/profil/Rechbergklinik+Bretten-11205/ueber,https://www.rkh-kliniken.de/kliniken-zentren/standorte/rechbergklinik-bretten/
Paul Hafner GmbH WerkzeugbauFirmenportrait,https://www.weltzentrum-der-medizintechnik.de/profil/Paul+Hafner+GmbH+Werkzeugbau-486/ueber,https://www.paul-hafner.de/
OLPE Jena GmbHFirmenportrait,https://www.weltzentrum-der-medizintechnik.de/profil/OLPE+Jena+GmbH-1941/ueber,http://praezisionsmontage.de
Macs Meditec and Calibration Service GmbHFirmenportrait,https://www.weltzentrum-der-medizintechnik.de/profil/Macs+Meditec+and+Calibration+Service+GmbH-1640/ueber,http://www.macs-tec.de
"gpz, Tagesklinik Bad Meinberg, Pyrmonter Straße 12c, Horn-Bad MeinbergFirmenportrait",https://www.weltzentrum-der-medizintechnik.de/profil/gpz%252C+Tagesklinik+Bad+Meinberg%252C+Pyrmonter+Strasse+12c%252C+HornBad+Meinberg-9719/ueber,http://www.gpz-lippe.de
mediparts GmbHFirmenportrait,https://www.weltzentrum-der-medizintechnik.de/profil/mediparts+GmbH-1740/ueber,https://meddax24.de
ATOS Starmed Klinik GmbHFirmenportrait,https://www.weltzentrum-der-medizintechnik.de/profil/ATOS+Starmed+Klinik+GmbH-10575/ueber,http://www.starmedklinik.de
Maier Werkzeugmaschinen GmbH & Co. KGFirmenportrait,https://www.weltzentrum-der-medizintechnik.de/profil/Maier+Werkzeugmaschinen+GmbH+%2526+Co.+KG-713/ueber,http://www.maier-machines.de
Abt. für Alterspsychiatrie und -Psychotherapie Standort Ulm Agaplesion BethesdaFirmenportrait,https://www.weltzentrum-der-medizintechnik.de/profil/Abt.+fuer+Alterspsychiatrie+und+Psychotherapie+Standort+Ulm+Agaplesion+Bethesda-10742/ueber,http://www.zfp-web.de/
fem | Forschungsinstitut Edelmetalle + MetallchemieFirmenportrait,https://www.weltzentrum-der-medizintechnik.de/profil/fem+%257C+Forschungsinstitut+Edelmetalle+%252B+Metallchemie-578/ueber,http://www.fem-online.de
Dejo-MediaFirmenportrait,https://www.weltzentrum-der-medizintechnik.de/profil/DejoMedia-716/ueber,http://www.dejo-medical.de
Schneider & Gemsa GmbHFirmenportrait,https://www.weltzentrum-der-medizintechnik.de/profil/Schneider+%2526+Gemsa+GmbH-2182/ueber,http://www.schneiderfertigung.com
Vinzentius-Krankenhaus LandauFirmenportrait,https://www.weltzentrum-der-medizintechnik.de/profil/VinzentiusKrankenhaus+Landau-10660/ueber,http://www.vinzentius.de
Wirtschaftsförderung Schwarzwald-Baar-HeubergFirmenportrait,https://www.weltzentrum-der-medizintechnik.de/profil/Wirtschaftsfoerderung+SchwarzwaldBaarHeuberg-799/ueber,https://wirtschaftsfoerderung-sbh.de/
Städtisches Klinikum KarlsruheFirmenportrait,https://www.weltzentrum-der-medizintechnik.de/profil/Staedtisches+Klinikum+Karlsruhe-2739/ueber,http://www.klinikum-karlsruhe.de
Ludgerus-Kliniken Münster GmbH-Standort ClemenshospitalFirmenportrait,https://www.weltzentrum-der-medizintechnik.de/profil/LudgerusKliniken+Muenster+GmbHStandort+Clemenshospital-10871/ueber,https://www.clemenshospital.de
DRK-Krankenhaus Teterow gGmbHFirmenportrait,https://www.weltzentrum-der-medizintechnik.de/profil/DRKKrankenhaus+Teterow+gGmbH-9579/ueber,http://www.drk-kh-mv.de
Romedial Dialyse und Krankenhausbedarf Handelsgesellschaft mbHFirmenportrait,https://www.weltzentrum-der-medizintechnik.de/profil/Romedial+Dialyse+und+Krankenhausbedarf+Handelsgesellschaft+mbH-2124/ueber,http://www.dialysebedarf.de
HEIKO WILD GmbH Med. InstrumenteFirmenportrait,https://www.weltzentrum-der-medizintechnik.de/profil/HEIKO+WILD+GmbH+Med.+Instrumente-442/ueber,http://www.heikowild.de/
BOAGON Heftrig und Schwiersch GbRFirmenportrait,https://www.weltzentrum-der-medizintechnik.de/profil/BOAGON+Heftrig+und+Schwiersch+GbR-1007/ueber,http://boagon.de
HELIOS Psychiatrische Tagesklinik und Institutsambulanz in BergenFirmenportrait,https://www.weltzentrum-der-medizintechnik.de/profil/HELIOS+Psychiatrische+Tagesklinik+und+Institutsambulanz+in+Bergen-2848/ueber,http://www.helios-gesundheit.de/stralsund
Sana Klinikum Offenbach GmbHFirmenportrait,https://www.weltzentrum-der-medizintechnik.de/profil/Sana+Klinikum+Offenbach+GmbH-11064/ueber,https://www.klinikum-offenbach.de
SCHUNK GmbH & Co. KGFirmenportrait,https://www.weltzentrum-der-medizintechnik.de/profil/SCHUNK+GmbH+%2526+Co.+KG-373/ueber,https://schunk.com/
Flad System Components GmbH & Co. KGFirmenportrait,https://www.weltzentrum-der-medizintechnik.de/profil/Flad+System+Components+GmbH+%2526+Co.+KG-590/ueber,http://www.flad-praezision.de
Asklepios Klinik Lich GmbHFirmenportrait,https://www.weltzentrum-der-medizintechnik.de/profil/Asklepios+Klinik+Lich+GmbH-9378/ueber,http://www.asklepios.com/lich
Evangelisches Johannesstift Wichernkrankenhaus gGmbHFirmenportrait,https://www.weltzentrum-der-medizintechnik.de/profil/Evangelisches+Johannesstift+Wichernkrankenhaus+gGmbH-10906/ueber,https://www.evangelisches-johannesstift.de/wichernkrankenhaus
Evangelisches Krankenhaus Kalk gGmbHFirmenportrait,https://www.weltzentrum-der-medizintechnik.de/profil/Evangelisches+Krankenhaus+Kalk+gGmbH-10909/ueber,https://www.evkk.de
Krankenhaus MarbachFirmenportrait,https://www.weltzentrum-der-medizintechnik.de/profil/Krankenhaus+Marbach-11204/ueber,https://www.rkh-kliniken.de/kliniken-zentren/standorte/krankenhaus-marbach/
Evangelische LungenklinikFirmenportrait,https://www.weltzentrum-der-medizintechnik.de/profil/Evangelische+Lungenklinik-10992/ueber,https://www.johannesstift-diakonie.de/medizinische-versorgung/evangelische-lungenklinik/
Asklepios Schlossberg KlinikFirmenportrait,https://www.weltzentrum-der-medizintechnik.de/profil/Asklepios+Schlossberg+Klinik-9352/ueber,http://www.asklepios.com/bad-koenig
Fachkrankenhaus Bethanien HochweitzschenFirmenportrait,https://www.weltzentrum-der-medizintechnik.de/profil/Fachkrankenhaus+Bethanien+Hochweitzschen-9594/ueber,http://www.ediacon.de
HELIOS Klinik Titisee-NeustadtFirmenportrait,https://www.weltzentrum-der-medizintechnik.de/profil/HELIOS+Klinik+TitiseeNeustadt-2818/ueber,http://www.helios-gesundheit.de/titisee
clean4med GmbHFirmenportrait,https://www.weltzentrum-der-medizintechnik.de/profil/clean4med+GmbH-408/ueber,http://www.clean4med.de
Berglandklinik Lüdenscheid GmbH & Co. KGFirmenportrait,https://www.weltzentrum-der-medizintechnik.de/profil/Berglandklinik+Luedenscheid+GmbH+%2526+Co.+KG-9440/ueber,http://www.berglandklinik-luedenscheid.de
Berger Surgical Medical Products GmbHFirmenportrait,https://www.weltzentrum-der-medizintechnik.de/profil/Berger+Surgical+Medical+Products+GmbH-582/ueber,http://www.berger-surgical.de/
ARCUS KlinikFirmenportrait,https://www.weltzentrum-der-medizintechnik.de/profil/ARCUS+Klinik-9345/ueber,http://www.arcus-klinik.de
Psychiatrische Tagesklinik mit Institutsambulanz Neustadt/AischFirmenportrait,https://www.weltzentrum-der-medizintechnik.de/profil/Psychiatrische+Tagesklinik+mit+Institutsambulanz+NeustadtAisch-9457/ueber,http://www.bezirkskliniken-mfr.de
redam-instrumente GmbHFirmenportrait,https://www.weltzentrum-der-medizintechnik.de/profil/redaminstrumente+GmbH-41/ueber,http://www.redam-instrumente.de
SC-Sanguis Counting Kontrollblutherstellungs- und Vertriebs GmbHFirmenportrait,https://www.weltzentrum-der-medizintechnik.de/profil/SCSanguis+Counting+Kontrollblutherstellungs+und+Vertriebs+GmbH-2170/ueber,http://www.sanguis-counting.de
Kohn & Dorfner Medizintechnik-Vertriebs GmbHFirmenportrait,https://www.weltzentrum-der-medizintechnik.de/profil/Kohn+%2526+Dorfner+MedizintechnikVertriebs+GmbH-1565/ueber,http://www.kohn-dorfner.de
Klinikum Leverkusen gGmbHFirmenportrait,https://www.weltzentrum-der-medizintechnik.de/profil/Klinikum+Leverkusen+gGmbH-10057/ueber,http://www.klinikum-lev.de
Vitos-Klinik HasselbornFirmenportrait,https://www.weltzentrum-der-medizintechnik.de/profil/VitosKlinik+Hasselborn-10677/ueber,http://www.vitos-hochtaunus.de
F & S GmbH&Co. KGFirmenportrait,https://www.weltzentrum-der-medizintechnik.de/profil/F+%2526+S+GmbH%2526Co.+KG-323/ueber,http://www.fehrenbach-zerspanung.de
Sana Dreifaltigkeits-Krankenhaus KölnFirmenportrait,https://www.weltzentrum-der-medizintechnik.de/profil/Sana+DreifaltigkeitsKrankenhaus+Koeln-9271/ueber,http://sana.de/koeln
Dr. Lubos Kliniken BogenhausenFirmenportrait,https://www.weltzentrum-der-medizintechnik.de/profil/Dr.+Lubos+Kliniken+Bogenhausen-10232/ueber,http://www.lubos-kliniken.de
"SHG-Kliniken Sonnenberg, Standort QuierschiedFirmenportrait",https://www.weltzentrum-der-medizintechnik.de/profil/SHGKliniken+Sonnenberg%252C+Standort+Quierschied-9275/ueber,http://sb.shg-kliniken.de
Evangelisches Krankenhaus Bethanien Iserlohn gGmbHFirmenportrait,https://www.weltzentrum-der-medizintechnik.de/profil/Evangelisches+Krankenhaus+Bethanien+Iserlohn+gGmbH-9449/ueber,http://www.bethanien-iserlohn.de
Universitätsklinikum Hamburg-EppendorfFirmenportrait,https://www.weltzentrum-der-medizintechnik.de/profil/Universitaetsklinikum+HamburgEppendorf-2751/ueber,http://www.uke.de
Westmecklenburg Klinikum Helene von BülowFirmenportrait,https://www.weltzentrum-der-medizintechnik.de/profil/Westmecklenburg+Klinikum+Helene+von+Buelow-10728/ueber,http://www.wmk-hvb.de
St. Johannisstift Ev. Krankenhaus PaderbornFirmenportrait,https://www.weltzentrum-der-medizintechnik.de/profil/St.+Johannisstift+Ev.+Krankenhaus+Paderborn-9804/ueber,http://www.johannisstift.de
Bundeswehrkrankenhaus UlmFirmenportrait,https://www.weltzentrum-der-medizintechnik.de/profil/Bundeswehrkrankenhaus+Ulm-10807/ueber,https://ulm.bwkrankenhaus.de
CAmed Medical Systems GmbHFirmenportrait,https://www.weltzentrum-der-medizintechnik.de/profil/CAmed+Medical+Systems+GmbH-1036/ueber,http://www.camed-medical.de
St. Hedwig-KlinikFirmenportrait,https://www.weltzentrum-der-medizintechnik.de/profil/St.+HedwigKlinik-10618/ueber,http://www.theresienkrankenhaus.de
Schmidt Medizintechnik GmbHFirmenportrait,https://www.weltzentrum-der-medizintechnik.de/profil/Schmidt+Medizintechnik+GmbH-2178/ueber,http://www.schmidt-medizintechnik.de
Cosacare GmbHFirmenportrait,https://www.weltzentrum-der-medizintechnik.de/profil/Cosacare+GmbH-1091/ueber,http://www.cosacare.de
HVM Medical Products GmbHFirmenportrait,https://www.weltzentrum-der-medizintechnik.de/profil/HVM+Medical+Products+GmbH-1449/ueber,http://www.hvm-medical.com
Danuvius Klinik NeuburgFirmenportrait,https://www.weltzentrum-der-medizintechnik.de/profil/Danuvius+Klinik+Neuburg-9525/ueber,http://www.danuviusklinik.de
"Kliniken Nordoberpfalz AG - Weiden, Vohenstrauß, NeustadtFirmenportrait",https://www.weltzentrum-der-medizintechnik.de/profil/Kliniken+Nordoberpfalz+AG++Weiden%252C+Vohenstrauss%252C+Neustadt-9952/ueber,http://www.kliniken-nordoberpfalz.de
Behandlungszentrum Kempfenhausen für Multiple Sklerose Kranke gemeinnützige GmbHFirmenportrait,https://www.weltzentrum-der-medizintechnik.de/profil/Behandlungszentrum+Kempfenhausen+fuer+Multiple+Sklerose+Kranke+gemeinnuetzige+GmbH-10363/ueber,http://www.ms-klinik.de
Stiftung Herzogin Elisabeth HospitalFirmenportrait,https://www.weltzentrum-der-medizintechnik.de/profil/Stiftung+Herzogin+Elisabeth+Hospital-10971/ueber,https://www.heh-bs.de
BISTIAN Handels GmbHFirmenportrait,https://www.weltzentrum-der-medizintechnik.de/profil/BISTIAN+Handels+GmbH-996/ueber,http://www.bistian.de
Spreewaldklinik LübbenFirmenportrait,https://www.weltzentrum-der-medizintechnik.de/profil/Spreewaldklinik+Luebben-11049/ueber,https://www.klinikum-ds.de
"Peter Pohl, EinzelkaufmannFirmenportrait",https://www.weltzentrum-der-medizintechnik.de/profil/Peter+Pohl%252C+Einzelkaufmann-1995/ueber,http://www.ppm-marburg.de
ACIG Inh. Bernd Müller e.K.Firmenportrait,https://www.weltzentrum-der-medizintechnik.de/profil/ACIG+Inh.+Bernd+Mueller+e.K.-842/ueber,http://www.acig.de
Gesundheitszentrum Wetterau gGmbH Kreiskrankenhaus SchottenFirmenportrait,https://www.weltzentrum-der-medizintechnik.de/profil/Gesundheitszentrum+Wetterau+gGmbH+Kreiskrankenhaus+Schotten-9731/ueber,http://www.gz-wetterau.de
AMETSBICHLER Kunststoff-Technik GmbHFirmenportrait,https://www.weltzentrum-der-medizintechnik.de/profil/AMETSBICHLER+KunststoffTechnik+GmbH-888/ueber,https://www.ametsbichler.com/
MediClin Klinik an der LindenhöheFirmenportrait,https://www.weltzentrum-der-medizintechnik.de/profil/MediClin+Klinik+an+der+Lindenhoehe-9979/ueber,http://www.klinik-lindenhoehe.de
MedSolution Dr. A. Kamp & M. Stegmann GbRFirmenportrait,https://www.weltzentrum-der-medizintechnik.de/profil/MedSolution+Dr.+A.+Kamp+%2526+M.+Stegmann+GbR-1801/ueber,https://vet.medsolution.de
Tagesklinik OstholsteinFirmenportrait,https://www.weltzentrum-der-medizintechnik.de/profil/Tagesklinik+Ostholstein-10610/ueber,http://www.tagesklinik-ostholstein.de
"München Klinik Schwabing, München Klinik gGmbHFirmenportrait",https://www.weltzentrum-der-medizintechnik.de/profil/Muenchen+Klinik+Schwabing%252C+Muenchen+Klinik+gGmbH-11155/ueber,https://www.muenchen-klinik.de
LWL-Universitätsklink Hamm/ Tagesklinik GüterslohFirmenportrait,https://www.weltzentrum-der-medizintechnik.de/profil/LWLUniversitaetsklink+Hamm+Tagesklinik+Guetersloh-11124/ueber,https://www.lwl-uk-hamm.de/de/tagesklinisches-angebot/tagesklinik-gutersloh/
CAD First Dental Fräszentrum GmbHFirmenportrait,https://www.weltzentrum-der-medizintechnik.de/profil/CAD+First+Dental+Fraeszentrum+GmbH-1035/ueber,http://www.cadfirst.de
Marienhospital StuttgartFirmenportrait,https://www.weltzentrum-der-medizintechnik.de/profil/Marienhospital+Stuttgart-10311/ueber,http://www.marienhospital-stuttgart.de
Städtisches Klinikum Solingen gemeinnützige GmbHFirmenportrait,https://www.weltzentrum-der-medizintechnik.de/profil/Staedtisches+Klinikum+Solingen+gemeinnuetzige+GmbH-11066/ueber,https://www.klinikumsolingen.de
DYNEX Technologies GmbHFirmenportrait,https://www.weltzentrum-der-medizintechnik.de/profil/DYNEX+Technologies+GmbH-1195/ueber,http://www.dynextechnologies.com
ASC Pharma GmbHFirmenportrait,https://www.weltzentrum-der-medizintechnik.de/profil/ASC+Pharma+GmbH-918/ueber,http://www.asc-pharma.de
Mediason GmbHFirmenportrait,https://www.weltzentrum-der-medizintechnik.de/profil/Mediason+GmbH-1690/ueber,http://www.mediason.de
Joachim Huss Personalberatung & PersonalvermittlungFirmenportrait,https://www.weltzentrum-der-medizintechnik.de/profil/Joachim+Huss+Personalberatung+%2526+Personalvermittlung-227/ueber,http://www.huss-personal.de
AMEOS Klinikum St. Clemens OberhausenFirmenportrait,https://www.weltzentrum-der-medizintechnik.de/profil/AMEOS+Klinikum+St.+Clemens+Oberhausen-10821/ueber,https://www.ameos.eu/standorte/ameos-west/oberhausen/
Orthopädie-Technik Krieg GmbHFirmenportrait,https://www.weltzentrum-der-medizintechnik.de/profil/OrthopaedieTechnik+Krieg+GmbH-1961/ueber,https://ot-krieg.de/
Thoraxzentrum Bezirk UnterfrankenFirmenportrait,https://www.weltzentrum-der-medizintechnik.de/profil/Thoraxzentrum+Bezirk+Unterfranken-10626/ueber,http://www.tzbu.de
HELIOS Klinikum Emil von Behring GmbHFirmenportrait,https://www.weltzentrum-der-medizintechnik.de/profil/HELIOS+Klinikum+Emil+von+Behring+GmbH-2767/ueber,https://www.helios-gesundheit.de/kliniken/berlin-k...
AxynTeC Dünnschichttechnik GmbHFirmenportrait,https://www.weltzentrum-der-medizintechnik.de/profil/AxynTeC+Duennschichttechnik+GmbH-325/ueber,http://www.axyntec.de
Sportklinik Stuttgart GmbHFirmenportrait,https://www.weltzentrum-der-medizintechnik.de/profil/Sportklinik+Stuttgart+GmbH-10568/ueber,http://www.sportklinik-stuttgart.de
Knappschaftskrankenhaus Bottrop GmbHFirmenportrait,https://www.weltzentrum-der-medizintechnik.de/profil/Knappschaftskrankenhaus+Bottrop+GmbH-9892/ueber,http://www.kk-bottrop.de/
HEBUmedicalFirmenportrait,https://www.weltzentrum-der-medizintechnik.de/profil/HEBUmedical-372/ueber,https://hebumedical.com/
Ortho-Klinik DortmundFirmenportrait,https://www.weltzentrum-der-medizintechnik.de/profil/OrthoKlinik+Dortmund-10408/ueber,http://www.ortho-klinik.de
Klinik Neustadt an der AischFirmenportrait,https://www.weltzentrum-der-medizintechnik.de/profil/Klinik+Neustadt+an+der+Aisch-9949/ueber,http://www.kliniken-nea.de
Zentrum für Integrative Psychiatrie - ZIP gGmbHFirmenportrait,https://www.weltzentrum-der-medizintechnik.de/profil/Zentrum+fuer+Integrative+Psychiatrie++ZIP+gGmbH-10752/ueber,http://www.zip-kiel.de
Kreisklinik JugenheimFirmenportrait,https://www.weltzentrum-der-medizintechnik.de/profil/Kreisklinik+Jugenheim-10206/ueber,http://www.kreiskliniken-darmstadt-dieburg.de/
Asklepios Klinikum Bad Abbach GmbHFirmenportrait,https://www.weltzentrum-der-medizintechnik.de/profil/Asklepios+Klinikum+Bad+Abbach+GmbH-9350/ueber,http://www.asklepios.com/badabbach
Malteser-Krankenhaus Berlin-CharlottenburgFirmenportrait,https://www.weltzentrum-der-medizintechnik.de/profil/MalteserKrankenhaus+BerlinCharlottenburg-11125/ueber,https://www.malteser-krankenhaus-berlin.de
Medana GmbH Medizintechnik für den OPFirmenportrait,https://www.weltzentrum-der-medizintechnik.de/profil/Medana+GmbH+Medizintechnik+fuer+den+OP-1671/ueber,http://www.medana-medizin.de/
Westpfalz-Klinikum GmbH - Standort I KaiserslauternFirmenportrait,https://www.weltzentrum-der-medizintechnik.de/profil/WestpfalzKlinikum+GmbH++Standort+I+Kaiserslautern-10722/ueber,http://www.westpfalz-klinikum.de
EcoMedic GmbHFirmenportrait,https://www.weltzentrum-der-medizintechnik.de/profil/EcoMedic+GmbH-1207/ueber,http://www.ecomedic.de
ASD Advanced Simulation & Design GmbHFirmenportrait,https://www.weltzentrum-der-medizintechnik.de/profil/ASD+Advanced+Simulation+%2526+Design+GmbH-919/ueber,http://www.asd-online.com
"Knappschaftskrankenhaus Dortmund, Klinikum Westfalen GmbHFirmenportrait",https://www.weltzentrum-der-medizintechnik.de/profil/Knappschaftskrankenhaus+Dortmund%252C+Klinikum+Westfalen+GmbH-10105/ueber,http://www.klinikum-westfalen.de
Abbas Medizintechnik GmbHFirmenportrait,https://www.weltzentrum-der-medizintechnik.de/profil/Abbas+Medizintechnik+GmbH-2428/ueber,
SRH Klinikum Klinikum NaumburgFirmenportrait,https://www.weltzentrum-der-medizintechnik.de/profil/SRH+Klinikum+Klinikum+Naumburg-10018/ueber,http://www.klinikum-burgenlandkreis.de
Ambulantes Operationszentrum München-Giesing Management GmbH & Co. KGFirmenportrait,https://www.weltzentrum-der-medizintechnik.de/profil/Ambulantes+Operationszentrum+MuenchenGiesing+Management+GmbH+%2526+Co.+KG-885/ueber,http://www.op-centrum.org
Gönner + Gaissmeyer OHGFirmenportrait,https://www.weltzentrum-der-medizintechnik.de/profil/Goenner+%252B+Gaissmeyer+OHG-268/ueber,http://www.goenner-gaissmeyer.de
Ambident GmbHFirmenportrait,https://www.weltzentrum-der-medizintechnik.de/profil/Ambident+GmbH-884/ueber,http://www.ambident.de
OCTUM GmbHFirmenportrait,https://www.weltzentrum-der-medizintechnik.de/profil/OCTUM+GmbH-669/ueber,http://www.octum.de
medius KLINIK NÜRTINGENFirmenportrait,https://www.weltzentrum-der-medizintechnik.de/profil/medius+KLINIK+N%25C3%259CRTINGEN-10346/ueber,http://www.medius-kliniken.de
SKH Stadtteilklinik Hamburg GmbHFirmenportrait,https://www.weltzentrum-der-medizintechnik.de/profil/SKH+Stadtteilklinik+Hamburg+GmbH-10571/ueber,http://www.stadtteilklinik-hamburg.de
Fachklinik 360Firmenportrait,https://www.weltzentrum-der-medizintechnik.de/profil/Fachklinik+360-9662/ueber,http://www.fachklinik360grad.de/
"München Klinik Bogenhausen, München Klinik gGmbHFirmenportrait",https://www.weltzentrum-der-medizintechnik.de/profil/Muenchen+Klinik+Bogenhausen%252C+Muenchen+Klinik+gGmbH-11154/ueber,https://www.muenchen-klinik.de
Oberlausitz-Kliniken gGmbH / Krankenhaus BischofswerdaFirmenportrait,https://www.weltzentrum-der-medizintechnik.de/profil/OberlausitzKliniken+gGmbH++Krankenhaus+Bischofswerda-10394/ueber,http://www.oberlausitz-kliniken.de/
Teleflex Medical Tuttlingen GmbHFirmenportrait,https://www.weltzentrum-der-medizintechnik.de/profil/Teleflex+Medical+Tuttlingen+GmbH-192/ueber,http://www.teleflex.com/de/emea/
FEDTER Computer + Medizintechnik Joachim FedterFirmenportrait,https://www.weltzentrum-der-medizintechnik.de/profil/FEDTER+Computer+%252B+Medizintechnik+Joachim+Fedter-1261/ueber,http://www.fedter.de
Semaco Sun Sky GmbHFirmenportrait,https://www.weltzentrum-der-medizintechnik.de/profil/Semaco+Sun+Sky+GmbH-2206/ueber,http://www.toplite.de/
Niels-Stensen-Kliniken Marienhospital Ankum-Bersenbrück GmbHFirmenportrait,https://www.weltzentrum-der-medizintechnik.de/profil/NielsStensenKliniken+Marienhospital+AnkumBersenbrueck+GmbH-10385/ueber,http://www.niels-stensen-kliniken.de/
Renfert GmbHFirmenportrait,https://www.weltzentrum-der-medizintechnik.de/profil/Renfert+GmbH-758/ueber,http://www.renfert.com
ATP Elektronik GmbHFirmenportrait,https://www.weltzentrum-der-medizintechnik.de/profil/ATP+Elektronik+GmbH-928/ueber,http://www.atp-elektronik.de
Steinicke AGFirmenportrait,https://www.weltzentrum-der-medizintechnik.de/profil/Steinicke+AG-2247/ueber,http://www.steinicke.de
Epigenomics AGFirmenportrait,https://www.weltzentrum-der-medizintechnik.de/profil/Epigenomics+AG-1228/ueber,http://www.epigenomics.com
Asklepios Klinik SeligenstadtFirmenportrait,https://www.weltzentrum-der-medizintechnik.de/profil/Asklepios+Klinik+Seligenstadt-9395/ueber,http://www.asklepios.com/seligenstadt
Richts + Chedor Orthopädietechnik GmbH & Co. KGFirmenportrait,https://www.weltzentrum-der-medizintechnik.de/profil/Richts+%252B+Chedor+Orthopaedietechnik+GmbH+%2526+Co.+KG-2112/ueber,http://www.richts-chedor.de
Dentalmetronic e.K.Firmenportrait,https://www.weltzentrum-der-medizintechnik.de/profil/Dentalmetronic+e.K.-1130/ueber,http://www.dentalmetronic.de
ASSKEA GmbHFirmenportrait,https://www.weltzentrum-der-medizintechnik.de/profil/ASSKEA+GmbH-925/ueber,http://www.asskea.de
Vivantes Klinikum im Friedrichshain - öB Fröbelstraße Prenzlauer BergFirmenportrait,https://www.weltzentrum-der-medizintechnik.de/profil/Vivantes+Klinikum+im+Friedrichshain++oeB+Froebelstrasse+Prenzlauer+Berg-10692/ueber,http://www.vivantes.de
Klinikum Bremen-OstFirmenportrait,https://www.weltzentrum-der-medizintechnik.de/profil/Klinikum+BremenOst-10017/ueber,http://www.Klinikum-Bremen-Ost.de
Krankenhaus St. JosefFirmenportrait,https://www.weltzentrum-der-medizintechnik.de/profil/Krankenhaus+St.+Josef-9819/ueber,http://www.josef.de
Krankenhaus HedwigshöheFirmenportrait,https://www.weltzentrum-der-medizintechnik.de/profil/Krankenhaus+Hedwigshoehe-9303/ueber,http://www.alexianer-berlin-hedwigkliniken.de
Danuvius Klinik IngolstadtFirmenportrait,https://www.weltzentrum-der-medizintechnik.de/profil/Danuvius+Klinik+Ingolstadt-9524/ueber,http://www.danuviusklinik.de
Alb-Donau Klinikum LangenauFirmenportrait,https://www.weltzentrum-der-medizintechnik.de/profil/AlbDonau+Klinikum+Langenau-9287/ueber,http://www.adk-gmbh.de
"Dr. Wolf, Beckelmann und Partner Handelsgesellschaft mbHFirmenportrait",https://www.weltzentrum-der-medizintechnik.de/profil/Dr.+Wolf%252C+Beckelmann+und+Partner+Handelsgesellschaft+mbH-1186/ueber,http://www.beckelmann.de
"Thüringen-Kliniken ""Georgius Agricola"" GmbH,Firmenportrait",https://www.weltzentrum-der-medizintechnik.de/profil/ThueringenKliniken+%2522Georgius+Agricola%2522+GmbH%252C-10623/ueber,http://www.thueringen-kliniken.de
Heinrich Sengelmann Tagesklinik ReinbekFirmenportrait,https://www.weltzentrum-der-medizintechnik.de/profil/Heinrich+Sengelmann+Tagesklinik+Reinbek-10974/ueber,https://www.heinrich-sengelmann-kliniken.de
Martin-Luther-StiftungFirmenportrait,https://www.weltzentrum-der-medizintechnik.de/profil/MartinLutherStiftung-10663/ueber,http://www.vinzenz-hanau.de
Siliris GmbHFirmenportrait,https://www.weltzentrum-der-medizintechnik.de/profil/Siliris+GmbH-2218/ueber,http://www.siliris.de
Inspiration Medical GmbHFirmenportrait,https://www.weltzentrum-der-medizintechnik.de/profil/Inspiration+Medical+GmbH-1484/ueber,http://www.inspiration-medical.com
SECONA Conrad GmbHFirmenportrait,https://www.weltzentrum-der-medizintechnik.de/profil/SECONA+Conrad+GmbH-2199/ueber,http://www.secona.de
designbar VISUELLE KOMMUNIKATIONFirmenportrait,https://www.weltzentrum-der-medizintechnik.de/profil/designbar+VISUELLE+KOMMUNIKATION-289/ueber,
St.-Clemens-Hospital GeldernFirmenportrait,https://www.weltzentrum-der-medizintechnik.de/profil/St.ClemensHospital+Geldern-9512/ueber,http://www.clemens-hospital.de
Neubeck FertigungstechnikFirmenportrait,https://www.weltzentrum-der-medizintechnik.de/profil/Neubeck+Fertigungstechnik-721/ueber,https://www.neubeck-fertigungstechnik.de/
Rheinland Klinikum Neuss GmbH - LukaskrankenhausFirmenportrait,https://www.weltzentrum-der-medizintechnik.de/profil/Rheinland+Klinikum+Neuss+GmbH++Lukaskrankenhaus-10241/ueber,http://www.lukasneuss.de
CORDAMED GmbHFirmenportrait,https://www.weltzentrum-der-medizintechnik.de/profil/CORDAMED+GmbH-1086/ueber,http://www.cordamed.de
Keller & Marter GmbH & Co. KGFirmenportrait,https://www.weltzentrum-der-medizintechnik.de/profil/Keller+%2526+Marter+GmbH+%2526+Co.+KG-271/ueber,http://www.keller-marter.de/
Hessische Berglandklinik Koller GmbHFirmenportrait,https://www.weltzentrum-der-medizintechnik.de/profil/Hessische+Berglandklinik+Koller+GmbH-9439/ueber,http://www.berglandklinik.de
LeukoCare AGFirmenportrait,https://www.weltzentrum-der-medizintechnik.de/profil/LeukoCare+AG-1600/ueber,https://www.leukocare.com
TechnologyMountains e. V.Firmenportrait,https://www.weltzentrum-der-medizintechnik.de/profil/TechnologyMountains+e.+V.-682/ueber,http://www.technologymountains.de
TAIGER DeutschlandUTSCHLAND GMBHFirmenportrait,https://www.weltzentrum-der-medizintechnik.de/profil/TAIGER+DeutschlandUTSCHLAND+GMBH-2275/ueber,http://www.taiger.de
ONKOPHARM Arzneimittel GmbHFirmenportrait,https://www.weltzentrum-der-medizintechnik.de/profil/ONKOPHARM+Arzneimittel+GmbH-1945/ueber,http://www.onkopharm.com
MEDIAN Heinrich-Mann-KlinikFirmenportrait,https://www.weltzentrum-der-medizintechnik.de/profil/MEDIAN+HeinrichMannKlinik-11142/ueber,https://www.median-kliniken.de/de/median-heinrich-mann-klinik-bad-liebenstein/ueber-uns/
Pader Medi-Tech GmbH & Co. KGFirmenportrait,https://www.weltzentrum-der-medizintechnik.de/profil/Pader+MediTech+GmbH+%2526+Co.+KG-1975/ueber,http://www.padermeditech.de
St. Irmgardis-Krankenhaus Viersen-Süchteln GmbHFirmenportrait,https://www.weltzentrum-der-medizintechnik.de/profil/St.+IrmgardisKrankenhaus+ViersenSuechteln+GmbH-10595/ueber,http://www.st-irmgardis.de/de/startseite.html
Dr. Walser Dental GmbHFirmenportrait,https://www.weltzentrum-der-medizintechnik.de/profil/Dr.+Walser+Dental+GmbH-1184/ueber,http://www.walser-dental.com/de/
3mach GmbHFirmenportrait,https://www.weltzentrum-der-medizintechnik.de/profil/3mach+GmbH-418/ueber,http://www.3mach.de
Bacher Medizintechnik GmbHFirmenportrait,https://www.weltzentrum-der-medizintechnik.de/profil/Bacher+Medizintechnik+GmbH-45/ueber,http://www.bacher-medizintechnik.de
medical electronics Dieter JossnerFirmenportrait,https://www.weltzentrum-der-medizintechnik.de/profil/medical+electronics+Dieter+Jossner-1704/ueber,http://www.medical-electronics.de
Curacom Praxistechnik Inh.Dipl.-Ing. Ingrid GersdorfFirmenportrait,https://www.weltzentrum-der-medizintechnik.de/profil/Curacom+Praxistechnik+Inh.Dipl.Ing.+Ingrid+Gersdorf-1101/ueber,http://www.curacom.de
Siema Siegfried Martin GmbHFirmenportrait,https://www.weltzentrum-der-medizintechnik.de/profil/Siema+Siegfried+Martin+GmbH-162/ueber,http://www.siema.de/
GFO Kliniken Bonn - Betriebsstätte CURA Krankenhaus Bad HonnefFirmenportrait,https://www.weltzentrum-der-medizintechnik.de/profil/GFO+Kliniken+Bonn++Betriebsstaette+CURA+Krankenhaus+Bad+Honnef-10934/ueber,https://www.gfo-kliniken-bonn.de
Praxiseinrichtungen & Medizintechnik Johannes Will - SAN Stahlbau GmbHFirmenportrait,https://www.weltzentrum-der-medizintechnik.de/profil/Praxiseinrichtungen+%2526+Medizintechnik+Johannes+Will++SAN+Stahlbau+GmbH-2030/ueber,http://besser-stahlbauen.de
Neurologisches Fach- und Privatkrankenhaus Klinik Bavaria in Bad KissingenFirmenportrait,https://www.weltzentrum-der-medizintechnik.de/profil/Neurologisches+Fach+und+Privatkrankenhaus+Klinik+Bavaria+in+Bad+Kissingen-9925/ueber,http://www.klinik-bavaria.com
"Bezirkskrankenhaus Augsburg, Klinik für Psychiatrie, Psychotherapie und PsychosomatikFirmenportrait",https://www.weltzentrum-der-medizintechnik.de/profil/Bezirkskrankenhaus+Augsburg%252C+Klinik+fuer+Psychiatrie%252C+Psychotherapie+und+Psychosomatik-9467/ueber,http://www.bkh-augsburg.de
go-tec GmbHFirmenportrait,https://www.weltzentrum-der-medizintechnik.de/profil/gotec+GmbH-1339/ueber,http://www.go-tec.de
Asklepios Fachklinikum LübbenFirmenportrait,https://www.weltzentrum-der-medizintechnik.de/profil/Asklepios+Fachklinikum+Luebben-9384/ueber,http://www.asklepios.com/luebben
Krankenhäuser Nürnberger Land GmbH - Krankenhaus LaufFirmenportrait,https://www.weltzentrum-der-medizintechnik.de/profil/Krankenhaeuser+Nuernberger+Land+GmbH++Krankenhaus+Lauf-11008/ueber,https://www.kh-nuernberger-land.de/
kbo-Isar-Amper-Klinikum Tagesklinik für Psychiatrie am kbo-Kinderzentrum MünchenFirmenportrait,https://www.weltzentrum-der-medizintechnik.de/profil/kboIsarAmperKlinikum+Tagesklinik+fuer+Psychiatrie+am+kboKinderzentrum+Muenchen-9786/ueber,http://www.iak-kmo.de
Ulrich Weigel Kranken- u. Altenpflegeartikel GmbHFirmenportrait,https://www.weltzentrum-der-medizintechnik.de/profil/Ulrich+Weigel+Kranken+u.+Altenpflegeartikel+GmbH-2333/ueber,http://www.sanitaetshaus-weigel.de
Biosepar Gesellschaft für Medizin- und Labortechnik mbHFirmenportrait,https://www.weltzentrum-der-medizintechnik.de/profil/Biosepar+Gesellschaft+fuer+Medizin+und+Labortechnik+mbH-992/ueber,https://www.biosepar.de
St. Antonius-KrankenhausFirmenportrait,https://www.weltzentrum-der-medizintechnik.de/profil/St.+AntoniusKrankenhaus-9342/ueber,http://www.antonius-wissen.de
AGAPLESION DIAKONIE KLINIKEN KASSELFirmenportrait,https://www.weltzentrum-der-medizintechnik.de/profil/AGAPLESION+DIAKONIE+KLINIKEN+KASSEL-10875/ueber,https://www.diako-kassel.de
Westküstenklinikum HeideFirmenportrait,https://www.weltzentrum-der-medizintechnik.de/profil/Westkuestenklinikum+Heide-10720/ueber,http://www.westkuestenklinikum.de
Hohenloher Krankenhaus ÖhringenFirmenportrait,https://www.weltzentrum-der-medizintechnik.de/profil/Hohenloher+Krankenhaus+%25C3%2596hringen-9769/ueber,http://www.hohenloher-krankenhaus.net
SANITÄTSHAUS WALETZKOFirmenportrait,https://www.weltzentrum-der-medizintechnik.de/profil/SANIT%25C3%2584TSHAUS+WALETZKO-2166/ueber,http://www.sanitaetshaus-waletzko.de
reinmedic e.K.Firmenportrait,https://www.weltzentrum-der-medizintechnik.de/profil/reinmedic+e.K.-2093/ueber,http://www.reinmedic.de
med-commerce Medizintechnik GmbH & Co. KGFirmenportrait,https://www.weltzentrum-der-medizintechnik.de/profil/medcommerce+Medizintechnik+GmbH+%2526+Co.+KG-71/ueber,http://www.med-commerce.de
Die medizinische Gemeinschaft Patrick RürupFirmenportrait,https://www.weltzentrum-der-medizintechnik.de/profil/Die+medizinische+Gemeinschaft+Patrick+Ruerup-1149/ueber,http://www.dmg-geyer.de
METRONIK SUESS OHGFirmenportrait,https://www.weltzentrum-der-medizintechnik.de/profil/METRONIK+SUESS+OHG-1834/ueber,http://www.metronik-suess.de
ulrich GmbH & Co. KGFirmenportrait,https://www.weltzentrum-der-medizintechnik.de/profil/ulrich+GmbH+%2526+Co.+KG-406/ueber,http://www.ulrichmedical.com
Balda Medical GmbH & Co. KGFirmenportrait,https://www.weltzentrum-der-medizintechnik.de/profil/Balda+Medical+GmbH+%2526+Co.+KG-946/ueber,https://pharma.stevanatogroup.com/plastic-solutions/
MED TECH SOLUTIONS GmbHFirmenportrait,https://www.weltzentrum-der-medizintechnik.de/profil/MED+TECH+SOLUTIONS+GmbH-1669/ueber,http://www.med-tech-solutions.com
"Dr. Vetter Gesellschaft für Medizinische Datentechnik, Bio- und Umwelttechnik mbHFirmenportrait",https://www.weltzentrum-der-medizintechnik.de/profil/Dr.+Vetter+Gesellschaft+fuer+Medizinische+Datentechnik%252C+Bio+und+Umwelttechnik+mbH-1183/ueber,http://www.dr-vetter.de
Brennenstuhl Medizintechnik GmbHFirmenportrait,https://www.weltzentrum-der-medizintechnik.de/profil/Brennenstuhl+Medizintechnik+GmbH-1024/ueber,http://www.therapie-plus-brennenstuhl.de
Lmb Technologie GmbHFirmenportrait,https://www.weltzentrum-der-medizintechnik.de/profil/Lmb+Technologie+GmbH-1610/ueber,http://www.lmb.de
PRAXXIS GmbHFirmenportrait,https://www.weltzentrum-der-medizintechnik.de/profil/PRAXXIS+GmbH-2031/ueber,http://www.praxxis.de
Universität StuttgartFirmenportrait,https://www.weltzentrum-der-medizintechnik.de/profil/Universitaet+Stuttgart-579/ueber,http://www.uni-stuttgart.de
Hörger & Gäßler oHGFirmenportrait,https://www.weltzentrum-der-medizintechnik.de/profil/Hoerger+%2526+Gaessler+oHG-1435/ueber,http://www.hoerger-gaessler.de
Clinic Dr. Decker GmbHFirmenportrait,https://www.weltzentrum-der-medizintechnik.de/profil/Clinic+Dr.+Decker+GmbH-10872/ueber,https://www.clinic-dr-decker.de
MediClin Müritz-KlinikumFirmenportrait,https://www.weltzentrum-der-medizintechnik.de/profil/MediClin+MueritzKlinikum-10368/ueber,http://www.mueritz-klinikum.de
Hegau-Bodensee-Klinikum SingenFirmenportrait,https://www.weltzentrum-der-medizintechnik.de/profil/HegauBodenseeKlinikum+Singen-9711/ueber,http://www.glkn.de/glkn/index.php
ProCon Gesellschaft für Kontinenzversorgung Rehabilitation GmbHFirmenportrait,https://www.weltzentrum-der-medizintechnik.de/profil/ProCon+Gesellschaft+fuer+Kontinenzversorgung+Rehabilitation+GmbH-2044/ueber,https://www.procon-contrain.de
SANA-ONE GMBHFirmenportrait,https://www.weltzentrum-der-medizintechnik.de/profil/SANAONE+GMBH-2150/ueber,https://sana-one.de/
Maslanka H+H Chirurgische Instrumente GmbHFirmenportrait,https://www.weltzentrum-der-medizintechnik.de/profil/Maslanka+H%252BH+Chirurgische+Instrumente+GmbH-159/ueber,http://www.maslanka.de/
LHmedical GmbHFirmenportrait,https://www.weltzentrum-der-medizintechnik.de/profil/LHmedical+GmbH-1601/ueber,http://www.lhmedical.de
Helios Klinik Köthen GmbHFirmenportrait,https://www.weltzentrum-der-medizintechnik.de/profil/Helios+Klinik+Koethen+GmbH-2802/ueber,https://www.helios-gesundheit.de/kliniken/koethen/
MMT AutomotiveFirmenportrait,https://www.weltzentrum-der-medizintechnik.de/profil/MMT+Automotive-2440/ueber,
Ultradent Dental medizinische Geräte GmbH & Co. KGFirmenportrait,https://www.weltzentrum-der-medizintechnik.de/profil/Ultradent+Dental+medizinische+Geraete+GmbH+%2526+Co.+KG-2336/ueber,http://www.ultradent.de
Sanitätshaus Rosenau GmbHFirmenportrait,https://www.weltzentrum-der-medizintechnik.de/profil/Sanitaetshaus+Rosenau+GmbH-2164/ueber,http://www.san-rosenau.de
Leufen Medical GmbHFirmenportrait,https://www.weltzentrum-der-medizintechnik.de/profil/Leufen+Medical+GmbH-1599/ueber,http://www.leufen-medical.de
Kreisklinik Vinzentinum RuhpoldingFirmenportrait,https://www.weltzentrum-der-medizintechnik.de/profil/Kreisklinik+Vinzentinum+Ruhpolding-9961/ueber,http://www.kliniken-suedostbayern.de/de/leistungsspektrum/kreisklinik-ruhpolding.htm
Hochschulcampus Tuttlingen Förderverein e.V.Firmenportrait,https://www.weltzentrum-der-medizintechnik.de/profil/Hochschulcampus+Tuttlingen+Foerderverein+e.V.-375/ueber,http://www.hctf.de/
Fliedner Krankenhaus NeunkirchenFirmenportrait,https://www.weltzentrum-der-medizintechnik.de/profil/Fliedner+Krankenhaus+Neunkirchen-11097/ueber,https://www.kreuznacherdiakonie.de/krankenhaeuser/fliedner-krankenhaus-neunkirchen/
Med Tec ExpertFirmenportrait,https://www.weltzentrum-der-medizintechnik.de/profil/Med+Tec+Expert-1667/ueber,http://www.medtec-expert.de
Leasecontrol AGFirmenportrait,https://www.weltzentrum-der-medizintechnik.de/profil/Leasecontrol+AG-1595/ueber,http://www.leasecontrol.eu
Bürgerhospital und Clementine Kinderhospital gGmbH Standort: Bürgerhospital FrankfurtFirmenportrait,https://www.weltzentrum-der-medizintechnik.de/profil/Buergerhospital+und+Clementine+Kinderhospital+gGmbH+Standort%253A+Buergerhospital+Frankfurt-10866/ueber,https://www.buergerhospital-ffm.de
Rechtsanwälte Preuß & Bürvenich Partnerschaft mbBFirmenportrait,https://www.weltzentrum-der-medizintechnik.de/profil/Rechtsanwaelte+Preuss+%2526+Buervenich+Partnerschaft+mbB-2438/ueber,
CODImed GmbHFirmenportrait,https://www.weltzentrum-der-medizintechnik.de/profil/CODImed+GmbH-1070/ueber,http://www.codimed.eu
FEG Textiltechnik Forschungs- und Entwicklungsgesellschaft mbHFirmenportrait,https://www.weltzentrum-der-medizintechnik.de/profil/FEG+Textiltechnik+Forschungs+und+Entwicklungsgesellschaft+mbH-1262/ueber,http://feg-textiltechnik.de
Neways Neunkirchen GmbHFirmenportrait,https://www.weltzentrum-der-medizintechnik.de/profil/Neways+Neunkirchen+GmbH-1910/ueber,https://www.newayselectronics.com/contact
MEDIAN Klinik Gunzenbachhof Baden-BadenFirmenportrait,https://www.weltzentrum-der-medizintechnik.de/profil/MEDIAN+Klinik+Gunzenbachhof+BadenBaden-10338/ueber,http://www.median-kliniken.de
Sanitätshaus Wittlich GmbHFirmenportrait,https://www.weltzentrum-der-medizintechnik.de/profil/Sanitaetshaus+Wittlich+GmbH-2168/ueber,http://www.sanitaetshaus-wittlich.de
Fachklinik Freudenholm-Ruhleben / Klinische AbteilungFirmenportrait,https://www.weltzentrum-der-medizintechnik.de/profil/Fachklinik+FreudenholmRuhleben++Klinische+Abteilung-9669/ueber,http://www.fachklinik-freudenholm-ruhleben.de
Mack Medizintechnik GmbHFirmenportrait,https://www.weltzentrum-der-medizintechnik.de/profil/Mack+Medizintechnik+GmbH-1638/ueber,http://www.mack-team.de
Berthold Liedtke GmbHFirmenportrait,https://www.weltzentrum-der-medizintechnik.de/profil/Berthold+Liedtke+GmbH-973/ueber,http://www.sanitaetshaus-liedtke.de
Homecare St.Stephan OHGFirmenportrait,https://www.weltzentrum-der-medizintechnik.de/profil/Homecare+St.Stephan+OHG-1432/ueber,http://www.ststephan.de
Krüger & Gothe GmbHFirmenportrait,https://www.weltzentrum-der-medizintechnik.de/profil/Krueger+%2526+Gothe+GmbH-1580/ueber,http://www.kug-ems.de
Krankenhaus Markt WerneckFirmenportrait,https://www.weltzentrum-der-medizintechnik.de/profil/Krankenhaus+Markt+Werneck-11086/ueber,https://www.krankenhaus-werneck.de
Hans-Karl Seid Chirurgische InstrumenteFirmenportrait,https://www.weltzentrum-der-medizintechnik.de/profil/HansKarl+Seid+Chirurgische+Instrumente-202/ueber,http://www.seid-instrumente.de/
"Klinik ""Helle Mitte"" GmbHFirmenportrait",https://www.weltzentrum-der-medizintechnik.de/profil/Klinik+%2522Helle+Mitte%2522+GmbH-9969/ueber,http://www.klinik-helle-mitte.de
REA Elektronik GmbHFirmenportrait,https://www.weltzentrum-der-medizintechnik.de/profil/REA+Elektronik+GmbH-11444/ueber,http://www.rea-jet.de
Marienhaus Klinikum St. Elisabeth NeuwiedFirmenportrait,https://www.weltzentrum-der-medizintechnik.de/profil/Marienhaus+Klinikum+St.+Elisabeth+Neuwied-10292/ueber,http://www.marienhaus-klinikum.de
"Sana Kliniken Düsseldorf, Standort BenrathFirmenportrait",https://www.weltzentrum-der-medizintechnik.de/profil/Sana+Kliniken+Duesseldorf%252C+Standort+Benrath-11351/ueber,http://www.sana.de
Psychiatrische Tagesklinik Neumünster gGmbHFirmenportrait,https://www.weltzentrum-der-medizintechnik.de/profil/Psychiatrische+Tagesklinik+Neumuenster+gGmbH-10609/ueber,http://www.tagesklinik-nms.de
Digital Life Sciences GmbHFirmenportrait,https://www.weltzentrum-der-medizintechnik.de/profil/Digital+Life+Sciences+GmbH-208/ueber,https://www.digital-ls.de/
DeutschlandHAG Medizin-Technische Produktion GmbH & Co. KGFirmenportrait,https://www.weltzentrum-der-medizintechnik.de/profil/DeutschlandHAG+MedizinTechnische+Produktion+GmbH+%2526+Co.+KG-1117/ueber,http://www.dehag.com
Kohdent Roland Kohler Medizintechnik GmbH & Co. KGFirmenportrait,https://www.weltzentrum-der-medizintechnik.de/profil/Kohdent+Roland+Kohler+Medizintechnik+GmbH+%2526+Co.+KG-150/ueber,http://www.kohler-medizintechnik.de/
PTF Pfüller GmbH & Co.KGFirmenportrait,https://www.weltzentrum-der-medizintechnik.de/profil/PTF+Pfueller+GmbH+%2526+Co.KG-2058/ueber,http://www.ptf-group.com
Universitäres Herz- und Gefäßzentrum UKE Hamburg GmbHFirmenportrait,https://www.weltzentrum-der-medizintechnik.de/profil/Universitaeres+Herz+und+Gefaesszentrum+UKE+Hamburg+GmbH-10630/ueber,http://www.uhz.de
"München Klinik Neuperlach, Städtisches Klinikum München GmbHFirmenportrait",https://www.weltzentrum-der-medizintechnik.de/profil/Muenchen+Klinik+Neuperlach%252C+Staedtisches+Klinikum+Muenchen+GmbH-10366/ueber,http://www.muenchen-klinik.de
"SHG-Kliniken Sonnenberg, Standort KleinblittersdorfFirmenportrait",https://www.weltzentrum-der-medizintechnik.de/profil/SHGKliniken+Sonnenberg%252C+Standort+Kleinblittersdorf-9274/ueber,http://sb.shg-kliniken.de
"Tagesklinik für Kinder- und Jugendpsychiatrie, ChamFirmenportrait",https://www.weltzentrum-der-medizintechnik.de/profil/Tagesklinik+fuer+Kinder+und+Jugendpsychiatrie%252C+Cham-10333/ueber,http://www.medbo.de/kliniken-heime/kinder-jugendpsychiatrie/cham.html
Hohenloher Krankenhaus KünzelsauFirmenportrait,https://www.weltzentrum-der-medizintechnik.de/profil/Hohenloher+Krankenhaus+Kuenzelsau-9768/ueber,http://www.hohenloher-krankenhaus.net
VAMED Klinik Kipfenberg GmbHFirmenportrait,https://www.weltzentrum-der-medizintechnik.de/profil/VAMED+Klinik+Kipfenberg+GmbH-11303/ueber,https://www.vamed-gesundheit.de/reha/kipfenberg/
Reda Instrumente GmbHFirmenportrait,https://www.weltzentrum-der-medizintechnik.de/profil/Reda+Instrumente+GmbH-475/ueber,http://www.reda-instrumente.de/
Stauferklinikum Schwäbisch-GmündFirmenportrait,https://www.weltzentrum-der-medizintechnik.de/profil/Stauferklinikum+SchwaebischGmuend-10576/ueber,http://www.stauferklinikum.de
Ortenau Klinikum Offenburg-Kehl Betriebsstelle KehlFirmenportrait,https://www.weltzentrum-der-medizintechnik.de/profil/Ortenau+Klinikum+OffenburgKehl+Betriebsstelle+Kehl-9268/ueber,http://offenburg-kehl.ortenau-klinikum.de/
Linde Gas Therapeutics GmbHFirmenportrait,https://www.weltzentrum-der-medizintechnik.de/profil/Linde+Gas+Therapeutics+GmbH-1603/ueber,http://www.linde-gastherapeutics.de
Carl Teufel GmbH & Co. KGFirmenportrait,https://www.weltzentrum-der-medizintechnik.de/profil/Carl+Teufel+GmbH+%2526+Co.+KG-151/ueber,http://www.carl-teufel.com/
Chirurgisches Klinikum München Süd GmbH & Co. KGFirmenportrait,https://www.weltzentrum-der-medizintechnik.de/profil/Chirurgisches+Klinikum+Muenchen+Sued+GmbH+%2526+Co.+KG-9346/ueber,http://www.artemed.de/ckms/de/
LVR-Klinik MönchengladbachFirmenportrait,https://www.weltzentrum-der-medizintechnik.de/profil/LVRKlinik+Moenchengladbach-9984/ueber,http://www.klinik-moenchengladbach.lvr.de
Niels-Stensen-Kliniken Bramsche GmbHFirmenportrait,https://www.weltzentrum-der-medizintechnik.de/profil/NielsStensenKliniken+Bramsche+GmbH-10386/ueber,http://www.niels-stensen-klinken.de/
"Hopf, Ringleb & Co. GmbH & CieFirmenportrait",https://www.weltzentrum-der-medizintechnik.de/profil/Hopf%252C+Ringleb+%2526+Co.+GmbH+%2526+Cie-1433/ueber,http://www.horico.com
Tagesklinik PionierstraßeFirmenportrait,https://www.weltzentrum-der-medizintechnik.de/profil/Tagesklinik+Pionierstrasse-10611/ueber,http://www.tagesklinik-pionierstrasse.de
Institut für Lasertechnologien in der Medizin und Meßtechnik an der Universität UlmFirmenportrait,https://www.weltzentrum-der-medizintechnik.de/profil/Institut+fuer+Lasertechnologien+in+der+Medizin+und+Messtechnik+an+der+Universitaet+Ulm-1485/ueber,http://www.ilm-ulm.de
bredent medical GmbH & Co. KGFirmenportrait,https://www.weltzentrum-der-medizintechnik.de/profil/bredent+medical+GmbH+%2526+Co.+KG-1022/ueber,http://www.bredent-medical.com
ANregiomed-Klinik DinkelsbühlFirmenportrait,https://www.weltzentrum-der-medizintechnik.de/profil/ANregiomedKlinik+Dinkelsbuehl-10828/ueber,https://www.anregiomed.de/medizin-und-pflege/klinik-dinkelsbuehl
Klinik NeuendettelsauFirmenportrait,https://www.weltzentrum-der-medizintechnik.de/profil/Klinik+Neuendettelsau-9985/ueber,http://www.Klinik-Neuendettelsau.de
Reha & Care Service GmbHFirmenportrait,https://www.weltzentrum-der-medizintechnik.de/profil/Reha+%2526+Care+Service+GmbH-2081/ueber,http://www.rcsd.de
LWL-Klinik Lippstadt/Tagesklinik Psychiatrie LippstadtFirmenportrait,https://www.weltzentrum-der-medizintechnik.de/profil/LWLKlinik+LippstadtTagesklinik+Psychiatrie+Lippstadt-11121/ueber,https://www.lwl-klinik-lippstadt.de
Bergerhof Maschinenbau GmbH & Co KGFirmenportrait,https://www.weltzentrum-der-medizintechnik.de/profil/Bergerhof+Maschinenbau+GmbH+%2526+Co+KG-969/ueber,http://www.bergerhof-maschinenbau.de
Orthopädie Bad Hersfeld GmbHFirmenportrait,https://www.weltzentrum-der-medizintechnik.de/profil/Orthopaedie+Bad+Hersfeld+GmbH-11171/ueber,https://www.orthopaedie-badhersfeld.de/
ökoDeutschlandNT GmbHFirmenportrait,https://www.weltzentrum-der-medizintechnik.de/profil/oekoDeutschlandNT+GmbH-1940/ueber,http://www.oekodent.de
Hitachi Medical Systems GmbHFirmenportrait,https://www.weltzentrum-der-medizintechnik.de/profil/Hitachi+Medical+Systems+GmbH-1416/ueber,http://hitachi-medical-systems.de
majesty GmbHFirmenportrait,https://www.weltzentrum-der-medizintechnik.de/profil/majesty+GmbH-317/ueber,http://www.majesty.de
Accura Medizintechnik GmbHFirmenportrait,https://www.weltzentrum-der-medizintechnik.de/profil/Accura+Medizintechnik+GmbH-628/ueber,http://www.accuramed.de
PLC Systemas Medicos Internacionais (Deutschland) GmbHFirmenportrait,https://www.weltzentrum-der-medizintechnik.de/profil/PLC+Systemas+Medicos+Internacionais+Deutschland+GmbH-2016/ueber,http://www.plcmed.com
AMEOS Klinikum KielFirmenportrait,https://www.weltzentrum-der-medizintechnik.de/profil/AMEOS+Klinikum+Kiel-9322/ueber,http://www.ameos.eu
ORGA Labor management GmbHFirmenportrait,https://www.weltzentrum-der-medizintechnik.de/profil/ORGA+Labor+management+GmbH-1953/ueber,http://www.orgalabor.de
Friedrich-Husemann-KlinikFirmenportrait,https://www.weltzentrum-der-medizintechnik.de/profil/FriedrichHusemannKlinik-10919/ueber,https://www.friedrich-husemann-klinik.de
Tagesklink für Psychiatrie und PsychotherapieFirmenportrait,https://www.weltzentrum-der-medizintechnik.de/profil/Tagesklink+fuer+Psychiatrie+und+Psychotherapie-9705/ueber,http://www.ggp-gruppe.de
LWL-Tagesklinik DortmundFirmenportrait,https://www.weltzentrum-der-medizintechnik.de/profil/LWLTagesklinik+Dortmund-10999/ueber,https://www.jugendpsychiatrie-dortmund.lwl.org/de/
Biocyber GmbHFirmenportrait,https://www.weltzentrum-der-medizintechnik.de/profil/Biocyber+GmbH-987/ueber,http://www.biocyber.de
diamed-depot-system Dipl.Kfm. Michael OhleFirmenportrait,https://www.weltzentrum-der-medizintechnik.de/profil/diameddepotsystem+Dipl.Kfm.+Michael+Ohle-1142/ueber,http://www.diameddepot.de
Sambol-IBS GmbHFirmenportrait,https://www.weltzentrum-der-medizintechnik.de/profil/SambolIBS+GmbH-766/ueber,https://sambol.de/
Krankenhaus Wermelskirchen GmbHFirmenportrait,https://www.weltzentrum-der-medizintechnik.de/profil/Krankenhaus+Wermelskirchen+GmbH-11084/ueber,https://www.krankenhaus-wermelskirchen.de/
ADMEDES GmbHFirmenportrait,https://www.weltzentrum-der-medizintechnik.de/profil/ADMEDES+GmbH-665/ueber,http://www.admedes.com
BMTF Biomedizinische TechnikFirmenportrait,https://www.weltzentrum-der-medizintechnik.de/profil/BMTF+Biomedizinische+Technik-1006/ueber,http://www.bmtf.de
a1 Medical GmbHFirmenportrait,https://www.weltzentrum-der-medizintechnik.de/profil/a1+Medical+GmbH-149/ueber,http://www.a1-medical.com
Medi-Stim Deutschland GmbHFirmenportrait,https://www.weltzentrum-der-medizintechnik.de/profil/MediStim+Deutschland+GmbH-1685/ueber,http://www.medi-stim.de
Michael SchlickFirmenportrait,https://www.weltzentrum-der-medizintechnik.de/profil/Michael+Schlick-1841/ueber,http://www.medischlick.de
"Christophorus Kliniken Coesfeld – Dülmen – Nottuln, Standort NottulnFirmenportrait",https://www.weltzentrum-der-medizintechnik.de/profil/Christophorus+Kliniken+Coesfeld+%25E2%2580%2593+Duelmen+%25E2%2580%2593+Nottuln%252C+Standort+Nottuln-9505/ueber,http://www.christophorus-kliniken.de
BIT Analytical Instruments GmbHFirmenportrait,https://www.weltzentrum-der-medizintechnik.de/profil/BIT+Analytical+Instruments+GmbH-997/ueber,http://www.bit-instruments.com
MedizintechnikzentrumFirmenportrait,https://www.weltzentrum-der-medizintechnik.de/profil/Medizintechnikzentrum-1792/ueber,http://www.medizintechnikzentrum.de
Städtisches Krankenhaus Kiel GmbHFirmenportrait,https://www.weltzentrum-der-medizintechnik.de/profil/Staedtisches+Krankenhaus+Kiel+GmbH-11081/ueber,https://www.krankenhaus-kiel.de
Facharztklinik HamburgFirmenportrait,https://www.weltzentrum-der-medizintechnik.de/profil/Facharztklinik+Hamburg-9660/ueber,http://www.facharztklinik-hamburg.de
DIAKOMED Diakoniekrankenhaus Chemnitzer Land gGmbHFirmenportrait,https://www.weltzentrum-der-medizintechnik.de/profil/DIAKOMED+Diakoniekrankenhaus+Chemnitzer+Land+gGmbH-9543/ueber,http://www.diakomed.de
"Katholisches Krankenhaus ""St. Johann Nepomuk"" ErfurtFirmenportrait",https://www.weltzentrum-der-medizintechnik.de/profil/Katholisches+Krankenhaus+%2522St.+Johann+Nepomuk%2522+Erfurt-9898/ueber,http://www.kkh-erfurt.de
Tietze Medical GmbHFirmenportrait,https://www.weltzentrum-der-medizintechnik.de/profil/Tietze+Medical+GmbH-2301/ueber,http://www.tietze-medical.de
Schwarzwald-Baar Klinikum Villingen-Schwenningen GmbHFirmenportrait,https://www.weltzentrum-der-medizintechnik.de/profil/SchwarzwaldBaar+Klinikum+VillingenSchwenningen+GmbH-10524/ueber,http://www.sbk-vs.de
Hollister IncorporatedFirmenportrait,https://www.weltzentrum-der-medizintechnik.de/profil/Hollister+Incorporated-1428/ueber,http://www.hollister.de
Asklepios Klinikum HarburgFirmenportrait,https://www.weltzentrum-der-medizintechnik.de/profil/Asklepios+Klinikum+Harburg-9372/ueber,http://www.asklepios.com/harburg
Klinikum Landshut gGmbHFirmenportrait,https://www.weltzentrum-der-medizintechnik.de/profil/Klinikum+Landshut+gGmbH-10055/ueber,http://www.klinikum-landshut.de
Swiss Medtech Schweizer MedizintechnikverbandFirmenportrait,https://www.weltzentrum-der-medizintechnik.de/profil/Swiss+Medtech+Schweizer+Medizintechnikverband-464/ueber,https://www.swiss-medtech.ch/
"Psychiatrische Tagesklinik Wuppertal - Barmen, Märkische Str. 8Firmenportrait",https://www.weltzentrum-der-medizintechnik.de/profil/Psychiatrische+Tagesklinik+Wuppertal++Barmen%252C+Maerkische+Str.+8-10592/ueber,http://www.stiftung-tannenhof.de
HIM-Harry Ittner MedizinprodukteFirmenportrait,https://www.weltzentrum-der-medizintechnik.de/profil/HIMHarry+Ittner+Medizinprodukte-1411/ueber,http://www.him-medizinprodukte.info
Orthopädische Klinik VolmarsteinFirmenportrait,https://www.weltzentrum-der-medizintechnik.de/profil/Orthopaedische+Klinik+Volmarstein-10120/ueber,http://www.klinik-volmarstein.de
IMA Medtech Switzerland SAFirmenportrait,https://www.weltzentrum-der-medizintechnik.de/profil/IMA+Medtech+Switzerland+SA-813/ueber,https://ima.it/automation/about/ima-automation-sysmelec/
PHOTON ENERGY GmbHFirmenportrait,https://www.weltzentrum-der-medizintechnik.de/profil/PHOTON+ENERGY+GmbH-11435/ueber,http://www.photon-energy.de
Schmerzklinik KielFirmenportrait,https://www.weltzentrum-der-medizintechnik.de/profil/Schmerzklinik+Kiel-10528/ueber,http://www.schmerzklinik.de/
Bezirkskrankenhaus PassauFirmenportrait,https://www.weltzentrum-der-medizintechnik.de/profil/Bezirkskrankenhaus+Passau-9475/ueber,http://www.bkh-passau.de/
Frauenklinik Dr. GeisenhoferFirmenportrait,https://www.weltzentrum-der-medizintechnik.de/profil/Frauenklinik+Dr.+Geisenhofer-9691/ueber,http://www.geisenhoferklinik.de
Psychiatrische Institutsambulanz Kinder und Jugendpsychiatrie in der Arberlandklinik ZwieselFirmenportrait,https://www.weltzentrum-der-medizintechnik.de/profil/Psychiatrische+Institutsambulanz+Kinder+und+Jugendpsychiatrie+in+der+Arberlandklinik+Zwiesel-9472/ueber,http://www.bkh-landshut.de
Amedo smart tracking solutions GmbHFirmenportrait,https://www.weltzentrum-der-medizintechnik.de/profil/Amedo+smart+tracking+solutions+GmbH-887/ueber,http://www.amedo-gmbh.com
MEDAGENT GMBHFirmenportrait,https://www.weltzentrum-der-medizintechnik.de/profil/MEDAGENT+GMBH-169/ueber,http://www.medagent.de/
PHYSIOMED ELEKTROMEDIZIN AGFirmenportrait,https://www.weltzentrum-der-medizintechnik.de/profil/PHYSIOMED+ELEKTROMEDIZIN+AG-2466/ueber,http://www.physiomed.de
"Krankenhaus St. Vincentius der Evang. Stadtmission Heidelberg gGmbH, Klinik für Innere MedizinFirmenportrait",https://www.weltzentrum-der-medizintechnik.de/profil/Krankenhaus+St.+Vincentius+der+Evang.+Stadtmission+Heidelberg+gGmbH%252C+Klinik+fuer+Innere+Medizin-10655/ueber,http://www.vincentius-hd.de
"Gemeinschaftsklinikum Mittelrhein, PaulinenstiftFirmenportrait",https://www.weltzentrum-der-medizintechnik.de/profil/Gemeinschaftsklinikum+Mittelrhein%252C+Paulinenstift-10943/ueber,https://www.gk.de/
Evangelisches Krankenhaus Luckau gGmbHFirmenportrait,https://www.weltzentrum-der-medizintechnik.de/profil/Evangelisches+Krankenhaus+Luckau+gGmbH-9606/ueber,http://www.ekh-luckau.de
Josef Bacher GmbHFirmenportrait,https://www.weltzentrum-der-medizintechnik.de/profil/Josef+Bacher+GmbH-38/ueber,https://www.bacher-josef.de/
Haselmeier GmbHFirmenportrait,https://www.weltzentrum-der-medizintechnik.de/profil/Haselmeier+GmbH-1398/ueber,http://www.haselmeier.de
Hahn-Schickard-Gesellschaft für angewandte Forschung e.V.Firmenportrait,https://www.weltzentrum-der-medizintechnik.de/profil/HahnSchickardGesellschaft+fuer+angewandte+Forschung+e.V.++-258/ueber,http://www.hahn-schickard.de
Helios St. Elisabeth Klinik HünfeldFirmenportrait,https://www.weltzentrum-der-medizintechnik.de/profil/Helios+St.+Elisabeth+Klinik+Huenfeld-2817/ueber,http://www.helios-gesundheit.de/huenfeld.html
GOLTec Innovative Medizintechnik GmbHFirmenportrait,https://www.weltzentrum-der-medizintechnik.de/profil/GOLTec+Innovative+Medizintechnik+GmbH-1343/ueber,http://www.goltec-gmbh.de
Psychosomatische Tagesklinik PassauFirmenportrait,https://www.weltzentrum-der-medizintechnik.de/profil/Psychosomatische+Tagesklinik+Passau-9235/ueber,http://ge-passau.de/
Medishop GmbHFirmenportrait,https://www.weltzentrum-der-medizintechnik.de/profil/Medishop+GmbH-1755/ueber,http://www.medishop-gmbh.eu
Paracelsus-Nordseeklinik HelgolandFirmenportrait,https://www.weltzentrum-der-medizintechnik.de/profil/ParacelsusNordseeklinik+Helgoland-11174/ueber,https://www.paracelsus-kliniken.de/helgoland.html
Helios Kliniken Schwerin Tagesklinik für Kinder - und Jugendpsychiatrie LudwigslustFirmenportrait,https://www.weltzentrum-der-medizintechnik.de/profil/Helios+Kliniken+Schwerin+Tagesklinik+fuer+Kinder++und+Jugendpsychiatrie+Ludwigslust-2859/ueber,https://www.helios-gesundheit.de/kliniken/schwerin...
Ortenau Klinikum WolfachFirmenportrait,https://www.weltzentrum-der-medizintechnik.de/profil/Ortenau+Klinikum+Wolfach-10407/ueber,http://www.ortenau-klinikum.de/klinikum-wolfach
Zollernalb Klinikum BalingenFirmenportrait,https://www.weltzentrum-der-medizintechnik.de/profil/Zollernalb+Klinikum+Balingen-10755/ueber,http://www.zollernalb-klinikum.de
Orthopädie Forum GmbHFirmenportrait,https://www.weltzentrum-der-medizintechnik.de/profil/Orthopaedie+Forum+GmbH-1960/ueber,http://www.rehateam-hoechstadt.de
ElringKlinger Kunststofftechnik GmbHFirmenportrait,https://www.weltzentrum-der-medizintechnik.de/profil/ElringKlinger+Kunststofftechnik+GmbH-454/ueber,https://www.elringklinger-kunststoff.de/
SeCoMed Medizintechnik Vertriebs-GmbHFirmenportrait,https://www.weltzentrum-der-medizintechnik.de/profil/SeCoMed+Medizintechnik+VertriebsGmbH-2198/ueber,http://www.secomed.com
Städtisches Klinikum Dresden - Standort Weißer HirschFirmenportrait,https://www.weltzentrum-der-medizintechnik.de/profil/Staedtisches+Klinikum+Dresden++Standort+Weisser+Hirsch-11047/ueber,https://www.klinikum-dresden.de/
Klinik Bosse WittenbergFirmenportrait,https://www.weltzentrum-der-medizintechnik.de/profil/Klinik+Bosse+Wittenberg-9312/ueber,http://www.alexianer-sachsen-anhalt.de/
Marienkrankenhaus St. WendelFirmenportrait,https://www.weltzentrum-der-medizintechnik.de/profil/Marienkrankenhaus+St.+Wendel-10358/ueber,http://www.mkh-wnd.de
Kliniken des Main-Taunus-Kreises GmbHFirmenportrait,https://www.weltzentrum-der-medizintechnik.de/profil/Kliniken+des+MainTaunusKreises+GmbH-9947/ueber,http://www.kliniken-mtk.de
Tagesklinik für Psychiatrtie und Psychotherapie für Erwachsene Schwedt/OderFirmenportrait,https://www.weltzentrum-der-medizintechnik.de/profil/Tagesklinik+fuer+Psychiatrtie+und+Psychotherapie+fuer+Erwachsene+SchwedtOder-10948/ueber,https://www.glg-gesundheit.de
Safety Medical UGFirmenportrait,https://www.weltzentrum-der-medizintechnik.de/profil/Safety+Medical+UG-2414/ueber,http://www.safety-med.de
Krankenhaus St. Elisabeth und St. Barbara Halle (Saale) GmbHFirmenportrait,https://www.weltzentrum-der-medizintechnik.de/profil/Krankenhaus+St.+Elisabeth+und+St.+Barbara+Halle+Saale+GmbH-11080/ueber,https://www.krankenhaus-halle-saale.de/startseite/
Hempel GesundheitsPartner GmbHFirmenportrait,https://www.weltzentrum-der-medizintechnik.de/profil/Hempel+GesundheitsPartner+GmbH-11368/ueber,https://hempel-berlin-kreuzberg.sanoa.net/
Zentrum für Psychiatrie ChamFirmenportrait,https://www.weltzentrum-der-medizintechnik.de/profil/Zentrum+fuer+Psychiatrie+Cham-10335/ueber,http://www.medbo.de/kliniken-heime/psychiatrie/cham.html
SK Laser GmbHFirmenportrait,https://www.weltzentrum-der-medizintechnik.de/profil/SK+Laser+GmbH-415/ueber,https://www.sk-laser.de/
Novo Klink Service GmbHFirmenportrait,https://www.weltzentrum-der-medizintechnik.de/profil/Novo+Klink+Service+GmbH-1925/ueber,https://its-novo.de
Bezirkskrankenhaus WöllershofFirmenportrait,https://www.weltzentrum-der-medizintechnik.de/profil/Bezirkskrankenhaus+Woellershof-10336/ueber,http://www.medbo.de/kliniken-heime/psychiatrie/woellershof.html
PKT Präzisions-Kunststoff-Teile GmbHFirmenportrait,https://www.weltzentrum-der-medizintechnik.de/profil/PKT+PraezisionsKunststoffTeile+GmbH-419/ueber,http://www.pkt-gmbh.de
Irmtraud Schienagel - Medizinische ApparateFirmenportrait,https://www.weltzentrum-der-medizintechnik.de/profil/Irmtraud+Schienagel++Medizinische+Apparate-1501/ueber,http://www.klingelmatte.de
Barmherzige Brüder Paul Gerhardt Haus RegensburgFirmenportrait,https://www.weltzentrum-der-medizintechnik.de/profil/Barmherzige+Brueder+Paul+Gerhardt+Haus+Regensburg-11184/ueber,https://www.paulgerhardthaus.de/
A.Henniss e.K.Firmenportrait,https://www.weltzentrum-der-medizintechnik.de/profil/A.Henniss+e.K.-60/ueber,http://www.henniss-med.com
OPTIMA life science GmbHFirmenportrait,https://www.weltzentrum-der-medizintechnik.de/profil/OPTIMA+life+science+GmbH-1949/ueber,http://pm.optima-packaging.com/lifescience
Hegau-Bodensee-Klinikum StühlingenFirmenportrait,https://www.weltzentrum-der-medizintechnik.de/profil/HegauBodenseeKlinikum+Stuehlingen-9713/ueber,http://www.glkn.de/glkn/index.php
Krankenhaus Martha-Maria MünchenFirmenportrait,https://www.weltzentrum-der-medizintechnik.de/profil/Krankenhaus+MarthaMaria+Muenchen-11133/ueber,https://www.martha-maria.de/krankenhaus-muenchen.php
St. Anna-KlinikFirmenportrait,https://www.weltzentrum-der-medizintechnik.de/profil/St.+AnnaKlinik-10573/ueber,http://www.st-anna-klinik.de
MAT GmbH & Co. KGFirmenportrait,https://www.weltzentrum-der-medizintechnik.de/profil/MAT+GmbH+%2526+Co.+KG-161/ueber,http://www.mat-medical.com
Tecsana GmbHFirmenportrait,https://www.weltzentrum-der-medizintechnik.de/profil/Tecsana+GmbH-2285/ueber,http://www.epino.de
Horst Rattenhuber GmbHFirmenportrait,https://www.weltzentrum-der-medizintechnik.de/profil/Horst+Rattenhuber+GmbH-1437/ueber,http://www.rattenhuber.de
Klinikum am WeissenhofFirmenportrait,https://www.weltzentrum-der-medizintechnik.de/profil/Klinikum+am+Weissenhof-10102/ueber,http://www.klinikum-weissenhof.de/
St. Rochus-Hospital TelgteFirmenportrait,https://www.weltzentrum-der-medizintechnik.de/profil/St.+RochusHospital+Telgte-10569/ueber,http://www.srh-telgte.de
Johanniter Tagesklnik MöllnFirmenportrait,https://www.weltzentrum-der-medizintechnik.de/profil/Johanniter+Tagesklnik+Moelln-9808/ueber,http://www.johanniter-krankenhaus.de
MEVATEC Medizin und Röntgentechnik GmbHFirmenportrait,https://www.weltzentrum-der-medizintechnik.de/profil/MEVATEC+Medizin+und+Roentgentechnik+GmbH-1835/ueber,http://www.mevatec.de
Gebrüder Eberhard GmbH & Co.KGFirmenportrait,https://www.weltzentrum-der-medizintechnik.de/profil/Gebrueder+Eberhard+GmbH+%2526+Co.KG-667/ueber,https://www.eberhard.de/
St. Barbara-HospitalFirmenportrait,https://www.weltzentrum-der-medizintechnik.de/profil/St.+BarbaraHospital-9894/ueber,http://www.kkel.de/
AMEOS Klinikum AnklamFirmenportrait,https://www.weltzentrum-der-medizintechnik.de/profil/AMEOS+Klinikum+Anklam-9330/ueber,http://www.ameos.eu
NovaNox GmbH & Co. KGFirmenportrait,https://www.weltzentrum-der-medizintechnik.de/profil/NovaNox+GmbH+%2526+Co.+KG-1923/ueber,http://www.novanox.eu
Universitätsklinikum Mannheim GmbHFirmenportrait,https://www.weltzentrum-der-medizintechnik.de/profil/Universitaetsklinikum+Mannheim+GmbH-11297/ueber,https://www.umm.de/start/
St. Marien-Krankenhaus SiegenFirmenportrait,https://www.weltzentrum-der-medizintechnik.de/profil/St.+MarienKrankenhaus+Siegen-11126/ueber,https://www.mariengesellschaft.de
Albklinik MünsingenFirmenportrait,https://www.weltzentrum-der-medizintechnik.de/profil/Albklinik+Muensingen-10207/ueber,http://www.kreiskliniken-reutlingen.de
mahe medical gmbHFirmenportrait,https://www.weltzentrum-der-medizintechnik.de/profil/mahe+medical+gmbH-153/ueber,http://www.mahe-med.de/
Kreisklinikum Siegen GmbHFirmenportrait,https://www.weltzentrum-der-medizintechnik.de/profil/Kreisklinikum+Siegen+GmbH-11089/ueber,https://www.kreisklinikum-siegen.de/
Krankenhaus der AugustinerinnenFirmenportrait,https://www.weltzentrum-der-medizintechnik.de/profil/Krankenhaus+der+Augustinerinnen-11264/ueber,https://www.severinskloesterchen.de/
A&R Textilproduktion GmbHFirmenportrait,https://www.weltzentrum-der-medizintechnik.de/profil/A%2526R+Textilproduktion+GmbH-826/ueber,https://www.ar-textil.de
Asklepios Klinik Fürstenhof Bad Wildungen GmbHFirmenportrait,https://www.weltzentrum-der-medizintechnik.de/profil/Asklepios+Klinik+Fuerstenhof+Bad+Wildungen+GmbH-10831/ueber,https://www.asklepios.com/bad-wildungen/fuerstenhof/
Rieth VerbindungstechnikFirmenportrait,https://www.weltzentrum-der-medizintechnik.de/profil/Rieth+Verbindungstechnik-580/ueber,https://www.rieth24.de/
Städtisches Klinikum Dresden - Standort FriedrichstadtFirmenportrait,https://www.weltzentrum-der-medizintechnik.de/profil/Staedtisches+Klinikum+Dresden++Standort+Friedrichstadt-10025/ueber,http://www.klinikum-dresden.de
Klinikum St. Georg gGmbHFirmenportrait,https://www.weltzentrum-der-medizintechnik.de/profil/Klinikum+St.+Georg+gGmbH-11258/ueber,https://www.sanktgeorg.de/home.html
SHG-Kliniken SonnenbergFirmenportrait,https://www.weltzentrum-der-medizintechnik.de/profil/SHGKliniken+Sonnenberg-9272/ueber,http://sb.shg-kliniken.de
Meko Med. GmbHFirmenportrait,https://www.weltzentrum-der-medizintechnik.de/profil/Meko+Med.+GmbH-1820/ueber,http://www.mekomed.de
OnVista Media GmbHFirmenportrait,https://www.weltzentrum-der-medizintechnik.de/profil/OnVista+Media+GmbH-1946/ueber,http://www.onvista-group.de/
﻿Tagesklinik Walstedde GmbHFirmenportrait,https://www.weltzentrum-der-medizintechnik.de/profil/%25EF%25BB%25BFTagesklinik+Walstedde+GmbH-9212/ueber,http://www.haus-walstedde.de
senetics healthcare group GmbH & Co. KGFirmenportrait,https://www.weltzentrum-der-medizintechnik.de/profil/senetics+healthcare+group+GmbH+%2526+Co.+KG-2207/ueber,http://www.senetics.de
Vitos Orthopädische Klinik Kassel gemeinnützige GmbHFirmenportrait,https://www.weltzentrum-der-medizintechnik.de/profil/Vitos+Orthopaedische+Klinik+Kassel+gemeinnuetzige+GmbH-10678/ueber,http://www.vitos-okk.de
HELIOS Klinik LengerichFirmenportrait,https://www.weltzentrum-der-medizintechnik.de/profil/HELIOS+Klinik+Lengerich-2812/ueber,https://www.helios-gesundheit.de/kliniken/lengeric...
Christoph Miethke GmbH & Co. KGFirmenportrait,https://www.weltzentrum-der-medizintechnik.de/profil/Christoph+Miethke+GmbH+%2526+Co.+KG-751/ueber,http://www.miethke.com
Klinikum Links der WeserFirmenportrait,https://www.weltzentrum-der-medizintechnik.de/profil/Klinikum+Links+der+Weser-9697/ueber,http://www.gesundheitnord.de/krankenhaeuserundzentren/ldw/kontakt.html
Asklepios Fachklinikum Brandenburg TK TeltowFirmenportrait,https://www.weltzentrum-der-medizintechnik.de/profil/Asklepios+Fachklinikum+Brandenburg+TK+Teltow-9362/ueber,http://www.asklepios.com/brandenburg
Rilogistic Berlin - Dipl.-Ing. Günter ZietlowFirmenportrait,https://www.weltzentrum-der-medizintechnik.de/profil/Rilogistic+Berlin++Dipl.Ing.+Guenter+Zietlow-2113/ueber,http://www.hfhealthcare.de
Kreissparkasse TuttlingenFirmenportrait,https://www.weltzentrum-der-medizintechnik.de/profil/Kreissparkasse+Tuttlingen-374/ueber,https://www.ksk-tut.de/
Dr. Wilfried Müller GmbHFirmenportrait,https://www.weltzentrum-der-medizintechnik.de/profil/Dr.+Wilfried+Mueller+GmbH-1185/ueber,http://www.med-geraete.de
Krankenhaus WeilheimFirmenportrait,https://www.weltzentrum-der-medizintechnik.de/profil/Krankenhaus+Weilheim-10792/ueber,https://meinkrankenhaus2030.de
Helios Kliniken MittelweserFirmenportrait,https://www.weltzentrum-der-medizintechnik.de/profil/Helios+Kliniken+Mittelweser-2836/ueber,https://www.helios-gesundheit.de/kliniken/mittelwe...
AMEOS Klinikum KaiserstuhlFirmenportrait,https://www.weltzentrum-der-medizintechnik.de/profil/AMEOS+Klinikum+Kaiserstuhl-9329/ueber,http://www.ameos.eu
BEXAMED GmbHFirmenportrait,https://www.weltzentrum-der-medizintechnik.de/profil/BEXAMED+GmbH-976/ueber,https://www.bexamed.de
Helios Kliniken Schwerin - Tagesklinik für Psychiatrie SternbergFirmenportrait,https://www.weltzentrum-der-medizintechnik.de/profil/Helios+Kliniken+Schwerin++Tagesklinik+fuer+Psychiatrie+Sternberg-2857/ueber,https://www.helios-gesundheit.de/kliniken/schwerin...
PP.rt Klinik für Psychiatrie und Psychosomatik EchTAZFirmenportrait,https://www.weltzentrum-der-medizintechnik.de/profil/PP.rt+Klinik+fuer+Psychiatrie+und+Psychosomatik+EchTAZ-10436/ueber,http://www.pprt.de
Helios Kliniken SchwerinFirmenportrait,https://www.weltzentrum-der-medizintechnik.de/profil/Helios+Kliniken+Schwerin-2758/ueber,https://www.helios-gesundheit.de/kliniken/schwerin...
ASSAYMATIC GmbHFirmenportrait,https://www.weltzentrum-der-medizintechnik.de/profil/ASSAYMATIC+GmbH-923/ueber,http://www.assaymatic.de
Heilpädagogisch-Psychotherapeutisches Zentrum - Fachklinik für Kinder- und Jugendpsychiatrie und -psFirmenportrait,https://www.weltzentrum-der-medizintechnik.de/profil/HeilpaedagogischPsychotherapeutisches+Zentrum++Fachklinik+fuer+Kinder+und+Jugendpsychiatrie+und+ps-9438/ueber,http://www.bergische-diakonie.de
Klinik ÖschelbronnFirmenportrait,https://www.weltzentrum-der-medizintechnik.de/profil/Klinik+%25C3%2596schelbronn-9987/ueber,http://www.klinik-oeschelbronn.de
Diakonissenkrankenhaus Karlsruhe-RüppurrFirmenportrait,https://www.weltzentrum-der-medizintechnik.de/profil/Diakonissenkrankenhaus+KarlsruheRueppurr-10653/ueber,http://www.vidia-kliniken.de/
Klinikum Leer gGmbHFirmenportrait,https://www.weltzentrum-der-medizintechnik.de/profil/Klinikum+Leer+gGmbH-10056/ueber,http://www.klinikum-leer.de
Klinikum Frankfurt Höchst GmbHFirmenportrait,https://www.weltzentrum-der-medizintechnik.de/profil/Klinikum+Frankfurt+Hoechst+GmbH-10040/ueber,http://www.klinikumfrankfurt.de
RH-DeutschlandNT Vertriebs GmbHFirmenportrait,https://www.weltzentrum-der-medizintechnik.de/profil/RHDeutschlandNT+Vertriebs+GmbH-2106/ueber,http://www.rh-dent.de
Kröber Medizintechnik GmbHFirmenportrait,https://www.weltzentrum-der-medizintechnik.de/profil/Kroeber+Medizintechnik+GmbH-1577/ueber,http://www.kroeber.de
Helios Kliniken KasselFirmenportrait,https://www.weltzentrum-der-medizintechnik.de/profil/Helios+Kliniken+Kassel-2868/ueber,https://www.helios-gesundheit.de/kliniken/kassel/
Klinikum Wetzlar-BraunfelsFirmenportrait,https://www.weltzentrum-der-medizintechnik.de/profil/Klinikum+WetzlarBraunfels-10222/ueber,http://www.lahn-dill-kliniken.de
Psychiatrie Schwäbisch Hall gGmbHFirmenportrait,https://www.weltzentrum-der-medizintechnik.de/profil/Psychiatrie+Schwaebisch+Hall+gGmbH-10735/ueber,http://www.zfpg-sha.de/
Kisker Biotech GmbH & Co. KGFirmenportrait,https://www.weltzentrum-der-medizintechnik.de/profil/Kisker+Biotech+GmbH+%2526+Co.+KG-1554/ueber,http://www.kisker-biotech.com
Schön Klinik NeustadtFirmenportrait,https://www.weltzentrum-der-medizintechnik.de/profil/Schoen+Klinik+Neustadt-10529/ueber,http://www.schoen-klinik.de
"Pius-Hospital Oldenburg, Medizinischer Campus Universität OldenburgFirmenportrait",https://www.weltzentrum-der-medizintechnik.de/profil/PiusHospital+Oldenburg%252C+Medizinischer+Campus+Universitaet+Oldenburg-10431/ueber,http://www.pius-hospital.de
AshiqFirmenportrait,https://www.weltzentrum-der-medizintechnik.de/profil/Ashiq-920/ueber,http://www.ashiq-instrumente.de
ef-medical technic GmbHFirmenportrait,https://www.weltzentrum-der-medizintechnik.de/profil/efmedical+technic+GmbH-496/ueber,http://www.ef-mt.com/
inotec Forschungs- und Entwicklungsgesellschaft mbHFirmenportrait,https://www.weltzentrum-der-medizintechnik.de/profil/inotec+Forschungs+und+Entwicklungsgesellschaft+mbH-1480/ueber,http://www.inotec-feg.de
Alice-HospitalFirmenportrait,https://www.weltzentrum-der-medizintechnik.de/profil/AliceHospital-10809/ueber,https://www.alice-hospital.de
BützowFirmenportrait,https://www.weltzentrum-der-medizintechnik.de/profil/Buetzow-10715/ueber,http://www.warnowklinik-buetzow.de
discountmed e.K. Medizintechnik & GroßhandelFirmenportrait,https://www.weltzentrum-der-medizintechnik.de/profil/discountmed+e.K.+Medizintechnik+%2526+Grosshandel-1155/ueber,http://www.discountmed.de
Krankenhaus der Elisabeth StiftungFirmenportrait,https://www.weltzentrum-der-medizintechnik.de/profil/Krankenhaus+der+Elisabeth+Stiftung-9637/ueber,http://www.e-s-b.org/krankenhaus/
Peter Schlechte MedizintechnikFirmenportrait,https://www.weltzentrum-der-medizintechnik.de/profil/Peter+Schlechte+Medizintechnik-1996/ueber,http://www.medizintechnik-schlechte.de
NRI Medizintechnik GmbHFirmenportrait,https://www.weltzentrum-der-medizintechnik.de/profil/NRI+Medizintechnik+GmbH-1929/ueber,http://www.nri-med.de
Happersberger Otopront GmbHFirmenportrait,https://www.weltzentrum-der-medizintechnik.de/profil/Happersberger+Otopront+GmbH-1393/ueber,http://www.otopront.de
DRK Krankenhaus NeuwiedFirmenportrait,https://www.weltzentrum-der-medizintechnik.de/profil/DRK+Krankenhaus+Neuwied-10896/ueber,https://www.drk-kh-neuwied.de
"ProMediPac, Medical Packaging TechnologyFirmenportrait",https://www.weltzentrum-der-medizintechnik.de/profil/ProMediPac%252C+Medical+Packaging+Technology-274/ueber,
Rotkreuzklinikum MünchenFirmenportrait,https://www.weltzentrum-der-medizintechnik.de/profil/Rotkreuzklinikum+Muenchen-10488/ueber,http://www.rotkreuzklinikum-muenchen.de
Buergerhospital FriedbergFirmenportrait,https://www.weltzentrum-der-medizintechnik.de/profil/Buergerhospital+Friedberg-9730/ueber,http://www.gz-wetterau.de
Schön Klinik Bad BramstedtFirmenportrait,https://www.weltzentrum-der-medizintechnik.de/profil/Schoen+Klinik+Bad+Bramstedt-10537/ueber,http://www.Schoen-Klinik.de/Bad-Bramstedt
Krankenhaus GelnhausenFirmenportrait,https://www.weltzentrum-der-medizintechnik.de/profil/Krankenhaus+Gelnhausen-10359/ueber,http://www.mkkliniken.de/
Stadtkrankenhaus Korbach gGmbHFirmenportrait,https://www.weltzentrum-der-medizintechnik.de/profil/Stadtkrankenhaus+Korbach+gGmbH-10172/ueber,http://www.krankenhaus-korbach.de/
Asklepios Klinik OberviechtachFirmenportrait,https://www.weltzentrum-der-medizintechnik.de/profil/Asklepios+Klinik+Oberviechtach-9385/ueber,http://www.asklepios.com/oberviechtach
Klinik fuer Psychiatrie und Psychotherapie FriedbergFirmenportrait,https://www.weltzentrum-der-medizintechnik.de/profil/Klinik+fuer+Psychiatrie+und+Psychotherapie+Friedberg-9728/ueber,http://www.gz-wetterau.de
Fintec Holding GmbHFirmenportrait,https://www.weltzentrum-der-medizintechnik.de/profil/Fintec+Holding+GmbH-1269/ueber,http://www.fintec-holding.de
PAUL KUOLT FEINMECHANIK GmbH & Co. KGFirmenportrait,https://www.weltzentrum-der-medizintechnik.de/profil/PAUL+KUOLT+FEINMECHANIK+GmbH+%2526+Co.+KG-557/ueber,http://www.pk-feinmechanik.de
Trokamed GmbHFirmenportrait,https://www.weltzentrum-der-medizintechnik.de/profil/Trokamed+GmbH-584/ueber,http://www.trokamed.de/
"MSZ Uckermark gGmbH, Kreiskrankenhaus PrenzlauFirmenportrait",https://www.weltzentrum-der-medizintechnik.de/profil/MSZ+Uckermark+gGmbH%252C+Kreiskrankenhaus+Prenzlau-10949/ueber,https://www.glg-gesundheit.de
Margarethen Klinik gemeinnützige GmbHFirmenportrait,https://www.weltzentrum-der-medizintechnik.de/profil/Margarethen+Klinik+gemeinnuetzige+GmbH-10281/ueber,http://www.margarethen-klinik.de
Asklepios Fachklinikum Brandenburg TK RathenowFirmenportrait,https://www.weltzentrum-der-medizintechnik.de/profil/Asklepios+Fachklinikum+Brandenburg+TK+Rathenow-9361/ueber,http://www.asklepios.com/brandenburg
Burger GmbHFirmenportrait,https://www.weltzentrum-der-medizintechnik.de/profil/Burger+GmbH-326/ueber,http://www.castrol-burger.de
HONER Medizin-Technik GmbH & Co. KGFirmenportrait,https://www.weltzentrum-der-medizintechnik.de/profil/HONER+MedizinTechnik+GmbH+%2526+Co.+KG-141/ueber,http://www.honer-med.de/
kbo-Isar-Amper-Klinikum München-NordFirmenportrait,https://www.weltzentrum-der-medizintechnik.de/profil/kboIsarAmperKlinikum+MuenchenNord-9785/ueber,http://www.iak-kmo.de
Bürgerhospital und Clementine Kinderhospital gGmbHFirmenportrait,https://www.weltzentrum-der-medizintechnik.de/profil/Buergerhospital+und+Clementine+Kinderhospital+gGmbH-9513/ueber,http://www.clementine-kinderhospital.de
CORTEX Biophysik GmbHFirmenportrait,https://www.weltzentrum-der-medizintechnik.de/profil/CORTEX+Biophysik+GmbH-1090/ueber,http://www.cortex-medical.de
Seelig & Co Feinblechbau GmbHFirmenportrait,https://www.weltzentrum-der-medizintechnik.de/profil/Seelig+%2526+Co+Feinblechbau+GmbH-2201/ueber,http://www.seelig-feinblechbau.de/
Hardtwaldklinik IIFirmenportrait,https://www.weltzentrum-der-medizintechnik.de/profil/Hardtwaldklinik+II-9780/ueber,http://www.hwk2.de
Danmedics Medical Engineering GmbHFirmenportrait,https://www.weltzentrum-der-medizintechnik.de/profil/Danmedics+Medical+Engineering+GmbH-48/ueber,http://www.danmedics.de
"Ubbo-Emmius-Klinik gGmbH, Ostfriesisches Krankenhaus, Klinik NordenFirmenportrait",https://www.weltzentrum-der-medizintechnik.de/profil/UbboEmmiusKlinik+gGmbH%252C+Ostfriesisches+Krankenhaus%252C+Klinik+Norden-10825/ueber,https://www.anevita.de/kliniken/klinik-norden/
Reininger AGFirmenportrait,https://www.weltzentrum-der-medizintechnik.de/profil/Reininger+AG-2092/ueber,http://www.reininger-ag.de
Krankenhaus RummelsbergFirmenportrait,https://www.weltzentrum-der-medizintechnik.de/profil/Krankenhaus+Rummelsberg-11083/ueber,https://www.krankenhaus-rummelsberg.de/home.html
ULTRATONE GmbHFirmenportrait,https://www.weltzentrum-der-medizintechnik.de/profil/ULTRATONE+GmbH-2337/ueber,http://www.ultratone.net
Savuna GmbHFirmenportrait,https://www.weltzentrum-der-medizintechnik.de/profil/Savuna+GmbH-2169/ueber,http://www.savuna.de
New Surgical Insturments Co.Firmenportrait,https://www.weltzentrum-der-medizintechnik.de/profil/New+Surgical+Insturments+Co.-11398/ueber,http://www.nsi-dental.com
Synergy Health Radeberg GmbHFirmenportrait,https://www.weltzentrum-der-medizintechnik.de/profil/Synergy+Health+Radeberg+GmbH-2271/ueber,https://www.steris-labs.com
Paracelsus-Klinik Adorf/Schöneck -Standort Schöneck-Firmenportrait,https://www.weltzentrum-der-medizintechnik.de/profil/ParacelsusKlinik+AdorfSchoeneck+Standort+Schoeneck-10422/ueber,http://www.paracelsus-kliniken.de/schoeneck
"Medizinischer Apparatebau Suchatzki, Inhaber Andreas Braun e.K.Firmenportrait",https://www.weltzentrum-der-medizintechnik.de/profil/Medizinischer+Apparatebau+Suchatzki%252C+Inhaber+Andreas+Braun+e.K.-1772/ueber,http://www.suchatzki.com
Berger Med GmbHFirmenportrait,https://www.weltzentrum-der-medizintechnik.de/profil/Berger+Med+GmbH-968/ueber,http://www.bergermed.de
"Universitätsklinikum Carl Gustav Carus Dresden an der Technischen Universität Dresden, Anstalt des öFirmenportrait",https://www.weltzentrum-der-medizintechnik.de/profil/Universitaetsklinikum+Carl+Gustav+Carus+Dresden+an+der+Technischen+Universitaet+Dresden%252C+Anstalt+des+oe-10642/ueber,http://www.uniklinikum-dresden.de/
digiraster GmbH & Co. KGFirmenportrait,https://www.weltzentrum-der-medizintechnik.de/profil/digiraster+GmbH+%2526+Co.+KG-668/ueber,http://www.digiraster.de 
Steripower GmbH & Co. KGFirmenportrait,https://www.weltzentrum-der-medizintechnik.de/profil/Steripower+GmbH+%2526+Co.+KG-2504/ueber,http://shop.steripower.de
AGAPLESION ELISABETHENSTIFT EVANGELISCHES KRANKENHAUSFirmenportrait,https://www.weltzentrum-der-medizintechnik.de/profil/AGAPLESION+ELISABETHENSTIFT+EVANGELISCHES+KRANKENHAUS-9288/ueber,http://www.agaplesion-elisabethenstift.de/
Brüderkrankenhaus St. Josef PaderbornFirmenportrait,https://www.weltzentrum-der-medizintechnik.de/profil/Bruederkrankenhaus+St.+Josef+Paderborn-9477/ueber,http://www.bk-paderborn.de
"Tagesklinik der GGP Fachbereich Kinder-und Jugendpsychiatrie,- Psychotherapie und Psychosomatik 0-7Firmenportrait",https://www.weltzentrum-der-medizintechnik.de/profil/Tagesklinik+der+GGP+Fachbereich+Kinderund+Jugendpsychiatrie%252C+Psychotherapie+und+Psychosomatik+07+-9701/ueber,http://www.ggp-gruppe.de
Clemens-August-KlinikFirmenportrait,https://www.weltzentrum-der-medizintechnik.de/profil/ClemensAugustKlinik-10870/ueber,https://www.clemensaugust.de
ARBRA Oberflächentechnik GmbH & Co KGFirmenportrait,https://www.weltzentrum-der-medizintechnik.de/profil/ARBRA+Oberflaechentechnik+GmbH+%2526+Co+KG-226/ueber,http://www.arbra-technik.de
Universitätsklinikum Leipzig Anstalt öffentlichen RechtsFirmenportrait,https://www.weltzentrum-der-medizintechnik.de/profil/Universitaetsklinikum+Leipzig+Anstalt+oeffentlichen+Rechts-10640/ueber,http://www.uniklinik-leipzig.de
Göttling GmbHFirmenportrait,https://www.weltzentrum-der-medizintechnik.de/profil/Goettling+GmbH-1344/ueber,http://www.goettling-bamberg.de
Rheinisch-Westfälisches Zentrum für Frührehabilitation und BeatmungFirmenportrait,https://www.weltzentrum-der-medizintechnik.de/profil/RheinischWestfaelisches+Zentrum+fuer+Fruehrehabilitation+und+Beatmung-9528/ueber,http://www.dbkg.de/rwzfb
MEDIAN Klinik OdenwaldFirmenportrait,https://www.weltzentrum-der-medizintechnik.de/profil/MEDIAN+Klinik+Odenwald-11144/ueber,https://www.median-kliniken.de/de/median-kliniken-odenwald
Vitos Klinikum Heppenheim Standort LampertheimFirmenportrait,https://www.weltzentrum-der-medizintechnik.de/profil/Vitos+Klinikum+Heppenheim+Standort+Lampertheim-10673/ueber,http://www.vitos-heppenheim.de/heppenheim/heppenheim-homepage.html
MEDIAN Franz-Alexander-Klinik NordrachFirmenportrait,https://www.weltzentrum-der-medizintechnik.de/profil/MEDIAN+FranzAlexanderKlinik+Nordrach-11140/ueber,https://www.median-kliniken.de//de/standorte/median-franz-alexander-klinik-nordrach/klinikprofil/
Charlottenklinik für AugenheilkundeFirmenportrait,https://www.weltzentrum-der-medizintechnik.de/profil/Charlottenklinik+fuer+Augenheilkunde-10869/ueber,https://www.charlottenklinik.de/
MEDIC-MedizintechnikFirmenportrait,https://www.weltzentrum-der-medizintechnik.de/profil/MEDICMedizintechnik-1696/ueber,http://www.medic-medizintechnik.de
Hegau-Bodensee-Klinikum RadolfzellFirmenportrait,https://www.weltzentrum-der-medizintechnik.de/profil/HegauBodenseeKlinikum+Radolfzell-9712/ueber,http://www.glkn.de/glkn/index.php
Seiwa Optical Europe GmbHFirmenportrait,https://www.weltzentrum-der-medizintechnik.de/profil/Seiwa+Optical+Europe+GmbH-2202/ueber,http://www.seiwaeurope.com
Klinik Dr. Steib Betriebs GmbHFirmenportrait,https://www.weltzentrum-der-medizintechnik.de/profil/Klinik+Dr.+Steib+Betriebs+GmbH-11041/ueber,https://www.klinik-steib.de
Klinikum Landau-Südliche Weinstraße GmbH - Klinik LandauFirmenportrait,https://www.weltzentrum-der-medizintechnik.de/profil/Klinikum+LandauSuedliche+Weinstrasse+GmbH++Klinik+Landau-11061/ueber,https://www.klinikum-ld-suew.de/
DIAKO Ev. Diakonie-Krankenhaus gemeinnützige GmbHFirmenportrait,https://www.weltzentrum-der-medizintechnik.de/profil/DIAKO+Ev.+DiakonieKrankenhaus+gemeinnuetzige+GmbH-10874/ueber,https://www.diako-bremen.de
EdisonstraßeFirmenportrait,https://www.weltzentrum-der-medizintechnik.de/profil/Edisonstrasse-9304/ueber,http://www.alexianer-berlin-hedwigkliniken.de
Alb-Donau Klinikum BlaubeurenFirmenportrait,https://www.weltzentrum-der-medizintechnik.de/profil/AlbDonau+Klinikum+Blaubeuren-9285/ueber,http://www.adk-gmbh.de
Rheumazentrum MittelhessenFirmenportrait,https://www.weltzentrum-der-medizintechnik.de/profil/Rheumazentrum+Mittelhessen-10501/ueber,http://www.rzmh.de
Karl-Olga-Krankenhaus GmbHFirmenportrait,https://www.weltzentrum-der-medizintechnik.de/profil/KarlOlgaKrankenhaus+GmbH-11231/ueber,https://www.sana.de/kok-stuttgart
DRK Tagesklinik WormsFirmenportrait,https://www.weltzentrum-der-medizintechnik.de/profil/DRK+Tagesklinik+Worms-9589/ueber,http://www.drk-tk-worms.de
HERZKönig Medizintechnik GmbHFirmenportrait,https://www.weltzentrum-der-medizintechnik.de/profil/HERZKoenig+Medizintechnik+GmbH-1402/ueber,https://www.AED-Defibrillator.kaufen
Cormedics Medizintechnik GmbHFirmenportrait,https://www.weltzentrum-der-medizintechnik.de/profil/Cormedics+Medizintechnik+GmbH-1088/ueber,http://www.cormedics.com
Heinrich Sengelmann KrankenhausFirmenportrait,https://www.weltzentrum-der-medizintechnik.de/profil/Heinrich+Sengelmann+Krankenhaus-10972/ueber,https://www.heinrich-sengelmann-kliniken.de
NOVAFON Elektomedizinische Geräte GmbHFirmenportrait,https://www.weltzentrum-der-medizintechnik.de/profil/NOVAFON+Elektomedizinische+Geraete+GmbH-1922/ueber,http://www.novafon.de
best medical GmbHFirmenportrait,https://www.weltzentrum-der-medizintechnik.de/profil/best+medical+GmbH-31/ueber,http://bestmedical.biz
Diener AG Precision MachiningFirmenportrait,https://www.weltzentrum-der-medizintechnik.de/profil/Diener+AG+Precision+Machining+-718/ueber,https://www.diener-ag.com/de
Siloah St. Trudpert KlinikumFirmenportrait,https://www.weltzentrum-der-medizintechnik.de/profil/Siloah+St.+Trudpert+Klinikum-11265/ueber,https://www.siloah.de/
Fachklinik für Neurologie Dietenbronn GmbHFirmenportrait,https://www.weltzentrum-der-medizintechnik.de/profil/Fachklinik+fuer+Neurologie+Dietenbronn+GmbH-11229/ueber,https://www.sana.de/dietenbronn
Evangelische Stiftung TannenhofFirmenportrait,https://www.weltzentrum-der-medizintechnik.de/profil/Evangelische+Stiftung+Tannenhof-10587/ueber,http://www.stiftung-tannenhof.de
Steinmeier Audio-Med GmbHFirmenportrait,https://www.weltzentrum-der-medizintechnik.de/profil/Steinmeier+AudioMed+GmbH-2248/ueber,http://www.audio-med.de
Amoena Medizin-Orthopädie-Technik GmbHFirmenportrait,https://www.weltzentrum-der-medizintechnik.de/profil/Amoena+MedizinOrthopaedieTechnik+GmbH-575/ueber,http://www.amoena.com
St. Vinzenz-KrankenhausFirmenportrait,https://www.weltzentrum-der-medizintechnik.de/profil/St.+VinzenzKrankenhaus-10661/ueber,http://www.vinzenz-duesseldorf.de
Sportklinik HellersenFirmenportrait,https://www.weltzentrum-der-medizintechnik.de/profil/Sportklinik+Hellersen-10567/ueber,http://www.sportklinik-hellersen.de
Sanitätshaus Werner Krell GmbHFirmenportrait,https://www.weltzentrum-der-medizintechnik.de/profil/Sanitaetshaus+Werner+Krell+GmbH-2167/ueber,http://www.wkrell.de
Mosaik Interim gmbhFirmenportrait,https://www.weltzentrum-der-medizintechnik.de/profil/Mosaik+Interim+gmbh-2415/ueber,
Thure von Uexkuell KlinikFirmenportrait,https://www.weltzentrum-der-medizintechnik.de/profil/Thure+von+Uexkuell+Klinik-10627/ueber,http://www.uexkuell-klinik.de
ORANGE Engineering Ost GmbH & Co. KGFirmenportrait,https://www.weltzentrum-der-medizintechnik.de/profil/ORANGE+Engineering+Ost+GmbH+%2526+Co.+KG-1952/ueber,http://www.orange-engineering.de
MKW Lasersystem GmbHFirmenportrait,https://www.weltzentrum-der-medizintechnik.de/profil/MKW+Lasersystem+GmbH-1854/ueber,http://www.mkw-laser.de
Sankt Marien-Hospital Buer GmbHFirmenportrait,https://www.weltzentrum-der-medizintechnik.de/profil/Sankt+MarienHospital+Buer+GmbH-9221/ueber,https://www.marienhospital-buer.eu
MK medical GmbH & Co. KGFirmenportrait,https://www.weltzentrum-der-medizintechnik.de/profil/MK+medical+GmbH+%2526+Co.+KG-562/ueber,http://www.mk-medical.de
Klinik für MICFirmenportrait,https://www.weltzentrum-der-medizintechnik.de/profil/Klinik+fuer+MIC-10355/ueber,http://www.mic-berlin.de/
Psychiatrische Tagesklinik RemscheidFirmenportrait,https://www.weltzentrum-der-medizintechnik.de/profil/Psychiatrische+Tagesklinik+Remscheid-10591/ueber,http://www.stiftung-tannenhof.de
Josef Schnee KGFirmenportrait,https://www.weltzentrum-der-medizintechnik.de/profil/Josef+Schnee+KG-714/ueber,http://www.schnee-gruppe.com
Capio Franz von Prümmer KlinikFirmenportrait,https://www.weltzentrum-der-medizintechnik.de/profil/Capio+Franz+von+Pruemmer+Klinik-9492/ueber,http://www.capio-franz-von-pruemmer-klinik.de
Axel Koch u. Frank WagFirmenportrait,https://www.weltzentrum-der-medizintechnik.de/profil/Axel+Koch+u.+Frank+Wag-939/ueber,http://www.chirotech.de
ORM SANITÄTSHAUS ORTHOPÄDIE-REHAMED GMBHFirmenportrait,https://www.weltzentrum-der-medizintechnik.de/profil/ORM+SANIT%25C3%2584TSHAUS+ORTHOP%25C3%2584DIEREHAMED+GMBH-1954/ueber,http://www.orm-gmbh.de/
IMS Institut für Management-Systeme GmbHFirmenportrait,https://www.weltzentrum-der-medizintechnik.de/profil/IMS+Institut+fuer+ManagementSysteme+GmbH-231/ueber,http://www.ims-management.de
medi-pharm medizinischpharmazeutische Vertriebsgesellschaft mbHFirmenportrait,https://www.weltzentrum-der-medizintechnik.de/profil/medipharm+medizinischpharmazeutische+Vertriebsgesellschaft+mbH-1684/ueber,http://www.medi-pharm.de
Regina Lange MedizintechnikFirmenportrait,https://www.weltzentrum-der-medizintechnik.de/profil/Regina+Lange+Medizintechnik-2078/ueber,http://www.lange-medizintechnik.de
med-tec medizinisch-technische Vertriebs GmbHFirmenportrait,https://www.weltzentrum-der-medizintechnik.de/profil/medtec+medizinischtechnische+Vertriebs+GmbH-1668/ueber,http://www.medtecgmbh.de
Klinikum NeumarktFirmenportrait,https://www.weltzentrum-der-medizintechnik.de/profil/Klinikum+Neumarkt-11063/ueber,https://www.klinikum-neumarkt.de
Ammerland-Klinik WesterstedeFirmenportrait,https://www.weltzentrum-der-medizintechnik.de/profil/AmmerlandKlinik+Westerstede-9339/ueber,http://www.ammerland-klinik.de
GEWATEC GmbH & Co.KGFirmenportrait,https://www.weltzentrum-der-medizintechnik.de/profil/GEWATEC+GmbH+%2526+Co.KG-236/ueber,http://gewatec.com/
trifolium - Ideen & Lösungen Scott IngenieurberatungFirmenportrait,https://www.weltzentrum-der-medizintechnik.de/profil/trifolium++Ideen+%2526+Loesungen+Scott+Ingenieurberatung-2315/ueber,http://www.trifolium.de
STOMARIO GbRFirmenportrait,https://www.weltzentrum-der-medizintechnik.de/profil/STOMARIO+GbR-2255/ueber,http://www.stomario.de
"Christophorus Kliniken Coesfeld – Dülmen – Nottuln, Standort DülmenFirmenportrait",https://www.weltzentrum-der-medizintechnik.de/profil/Christophorus+Kliniken+Coesfeld+%25E2%2580%2593+Duelmen+%25E2%2580%2593+Nottuln%252C+Standort+Duelmen-9504/ueber,http://www.christophorus-kliniken.de
CM Instrumente GmbHFirmenportrait,https://www.weltzentrum-der-medizintechnik.de/profil/CM+Instrumente+GmbH-118/ueber,http://www.cm-instrumente.de/
Lermann Konstruktion GmbHFirmenportrait,https://www.weltzentrum-der-medizintechnik.de/profil/Lermann+Konstruktion+GmbH-1598/ueber,http://www.lermann-konstruktion.de
AMEOS Tagesklinik für Psychiatrie und PsychotherapieFirmenportrait,https://www.weltzentrum-der-medizintechnik.de/profil/AMEOS+Tagesklinik+fuer+Psychiatrie+und+Psychotherapie-9332/ueber,http://www.ameos.eu
Vitos kinder- und jugendpsychiatrische Tagesklinik HofgeismarFirmenportrait,https://www.weltzentrum-der-medizintechnik.de/profil/Vitos+kinder+und+jugendpsychiatrische+Tagesklinik+Hofgeismar-11317/ueber,https://www.vitos.de/gesellschaften/vitos-kurhessen
Sana Herzchirurgie Suttgart GmbHFirmenportrait,https://www.weltzentrum-der-medizintechnik.de/profil/Sana+Herzchirurgie+Suttgart+GmbH-11230/ueber,https://www.sana.de/herzchirurgie-stuttgart
Reger Medizintechnik GmbHFirmenportrait,https://www.weltzentrum-der-medizintechnik.de/profil/Reger+Medizintechnik+GmbH-493/ueber,http://www.reger-medical.de/
Klinikum Worms gGmbHFirmenportrait,https://www.weltzentrum-der-medizintechnik.de/profil/Klinikum+Worms+gGmbH-10111/ueber,http://www.klinikum-worms.de
AMEOS Klinikum BernburgFirmenportrait,https://www.weltzentrum-der-medizintechnik.de/profil/AMEOS+Klinikum+Bernburg-9333/ueber,http://www.ameos.eu/bernburg
Krankenhaus Eichhof LauterbachFirmenportrait,https://www.weltzentrum-der-medizintechnik.de/profil/Krankenhaus+Eichhof+Lauterbach-9600/ueber,http://www.eichhof-online.de
Josephs-Hospital WarendorfFirmenportrait,https://www.weltzentrum-der-medizintechnik.de/profil/JosephsHospital+Warendorf-9800/ueber,http://www.jhwaf.de
Sensorelektronik Stahnsdorf GmbHFirmenportrait,https://www.weltzentrum-der-medizintechnik.de/profil/Sensorelektronik+Stahnsdorf+GmbH-2209/ueber,http://www.medizingeraeteservice.de
RTS Bodensee - TuttlingenFirmenportrait,https://www.weltzentrum-der-medizintechnik.de/profil/RTS+Bodensee++Tuttlingen-2433/ueber,https://www.rtskg.de/standorte/steuerberater-tuttlingen.html
Universitätsklinikum BonnFirmenportrait,https://www.weltzentrum-der-medizintechnik.de/profil/Universitaetsklinikum+Bonn-10633/ueber,http://www.ukbonn.de
STEPHAN + PARTNER Medizintechnik GmbHFirmenportrait,https://www.weltzentrum-der-medizintechnik.de/profil/STEPHAN+%252B+PARTNER+Medizintechnik+GmbH-2249/ueber,http://www.stephanundpartner.de
Städtisches Klinikum Dresden - Standort Neustadt/TrachauFirmenportrait,https://www.weltzentrum-der-medizintechnik.de/profil/Staedtisches+Klinikum+Dresden++Standort+NeustadtTrachau-10026/ueber,http://www.klinikum-dresden.de
Dr. med. Hans Haindl Sachverständiger für MedizintechnikFirmenportrait,https://www.weltzentrum-der-medizintechnik.de/profil/Dr.+med.+Hans+Haindl+Sachverstaendiger+fuer+Medizintechnik-1176/ueber,http://www.haindl.eu
Achenbach Krankenhaus Königs WusterhausenFirmenportrait,https://www.weltzentrum-der-medizintechnik.de/profil/Achenbach+Krankenhaus+Koenigs+Wusterhausen-11048/ueber,https://www.klinikum-ds.de
Marienhaus Klinikum St. Elisabeth SaarlouisFirmenportrait,https://www.weltzentrum-der-medizintechnik.de/profil/Marienhaus+Klinikum+St.+Elisabeth+Saarlouis-10298/ueber,http://www.marienhaus-klinikum-saar.de
ZfP Südwürttemberg Bad SchussenriedFirmenportrait,https://www.weltzentrum-der-medizintechnik.de/profil/ZfP+Suedwuerttemberg+Bad+Schussenried-10745/ueber,http://www.zfp-web.de/
"Tagesklinik für Kinder- und Jugendpsychiatrie, WeidenFirmenportrait",https://www.weltzentrum-der-medizintechnik.de/profil/Tagesklinik+fuer+Kinder+und+Jugendpsychiatrie%252C+Weiden-10334/ueber,http://www.medbo.de/kliniken-heime/kinder-jugendpsychiatrie/weiden.html
Interlock Medizintechnik GmbHFirmenportrait,https://www.weltzentrum-der-medizintechnik.de/profil/Interlock+Medizintechnik+GmbH-1491/ueber,http://www.interlockmed.com
DRK-Krankenhaus Grimmen GmbHFirmenportrait,https://www.weltzentrum-der-medizintechnik.de/profil/DRKKrankenhaus+Grimmen+GmbH-11079/ueber,https://www.krankenhaus-grimmen.de
Richard Moser KGFirmenportrait,https://www.weltzentrum-der-medizintechnik.de/profil/Richard+Moser+KG-589/ueber,https://www.moser-drehteile.de/
Evangelisches KrankenhausFirmenportrait,https://www.weltzentrum-der-medizintechnik.de/profil/Evangelisches+Krankenhaus-10883/ueber,https://www.diakonissen.de/evangelisches-krankenhaus-bad-duerkheim/home/
Hunzinger Eugen Instrumentengriffe GmbHFirmenportrait,https://www.weltzentrum-der-medizintechnik.de/profil/Hunzinger+Eugen+Instrumentengriffe+GmbH-64/ueber,
Kreiskrankenhaus Rotenburg a. d. FuldaFirmenportrait,https://www.weltzentrum-der-medizintechnik.de/profil/Kreiskrankenhaus+Rotenburg+a.+d.+Fulda-9906/ueber,http://www.kkh-rotenburg.de
Schön Klinik Bad ArolsenFirmenportrait,https://www.weltzentrum-der-medizintechnik.de/profil/Schoen+Klinik+Bad+Arolsen-10536/ueber,http://www.schoen-klinik.de/bad-arolsen
EyeNovation Vertriebsgesellschaft für medizinische Produkte und medizinisches Verbrauchsmaterial mbHFirmenportrait,https://www.weltzentrum-der-medizintechnik.de/profil/EyeNovation+Vertriebsgesellschaft+fuer+medizinische+Produkte+und+medizinisches+Verbrauchsmaterial+mbH-1253/ueber,http://www.eyenovation.de
Paracelsus-Klinik BremenFirmenportrait,https://www.weltzentrum-der-medizintechnik.de/profil/ParacelsusKlinik+Bremen-11173/ueber,https://www.paracelsus-kliniken.de/bremen.html
"Tagesklinik und Institutsambulanz für Kinder- und Jugendpsychiatrie, Psychotherapie und PsychosomatiFirmenportrait",https://www.weltzentrum-der-medizintechnik.de/profil/Tagesklinik+und+Institutsambulanz+fuer+Kinder+und+Jugendpsychiatrie%252C+Psychotherapie+und+Psychosomati-9473/ueber,http://www.bkh-landshut.de
Sana Kliniken des Landkreises Cham - Krankenhaus RodingFirmenportrait,https://www.weltzentrum-der-medizintechnik.de/profil/Sana+Kliniken+des+Landkreises+Cham++Krankenhaus+Roding-10887/ueber,https://www.diekliniken.de
Klinik für Kinder- und Jugendpsychiatrie Wichernstift gGmbHFirmenportrait,https://www.weltzentrum-der-medizintechnik.de/profil/Klinik+fuer+Kinder+und+Jugendpsychiatrie+Wichernstift+gGmbH-10726/ueber,http://www.wichernstift.de
Omnia Pro Medico GmbHFirmenportrait,https://www.weltzentrum-der-medizintechnik.de/profil/Omnia+Pro+Medico+GmbH-1942/ueber,http://www.opm-frankfurt.de
REHA-ACTIV-BUSCH GmbHFirmenportrait,https://www.weltzentrum-der-medizintechnik.de/profil/REHAACTIVBUSCH+GmbH-2079/ueber,http://www.reha-activ-busch.de
Klinikum Landau-Südliche Weinstraße GmbH - Klinik AnnweilerFirmenportrait,https://www.weltzentrum-der-medizintechnik.de/profil/Klinikum+LandauSuedliche+Weinstrasse+GmbH++Klinik+Annweiler-11059/ueber,https://www.klinikum-ld-suew.de/
LWL-Klinik MünsterFirmenportrait,https://www.weltzentrum-der-medizintechnik.de/profil/LWLKlinik+Muenster-11123/ueber,https://www.lwl-klinik-muenster.de/de/
OMNIS Hospitalbedarf- Vertriebs GmbHFirmenportrait,https://www.weltzentrum-der-medizintechnik.de/profil/OMNIS+Hospitalbedarf+Vertriebs+GmbH-1943/ueber,http://www.omnis.de
Psychiatrische Fachklinik LangenbergFirmenportrait,https://www.weltzentrum-der-medizintechnik.de/profil/Psychiatrische+Fachklinik+Langenberg-10589/ueber,http://www.stiftung-tannenhof.de
Kliniken HochFranken - Klinik NailaFirmenportrait,https://www.weltzentrum-der-medizintechnik.de/profil/Kliniken+HochFranken++Klinik+Naila-11028/ueber,https://www.kliniken-hochfranken.de
K.A. HuberFirmenportrait,https://www.weltzentrum-der-medizintechnik.de/profil/K.A.+Huber+-63/ueber,
C. Bruno Bayha GmbHFirmenportrait,https://www.weltzentrum-der-medizintechnik.de/profil/C.+Bruno+Bayha+GmbH-111/ueber,http://www.bayha-skalpelle.de
Kliniken Dritter Orden gGmbH Standort Kinderklinik Dritter Orden PassauFirmenportrait,https://www.weltzentrum-der-medizintechnik.de/profil/Kliniken+Dritter+Orden+gGmbH+Standort+Kinderklinik+Dritter+Orden+Passau-11012/ueber,https://www.kinderklinik-passau.de/
Dietrich-Bonhoeffer-Klinikum Standort MalchinFirmenportrait,https://www.weltzentrum-der-medizintechnik.de/profil/DietrichBonhoefferKlinikum+Standort+Malchin-9530/ueber,http://www.dbknb.de
Rincon Chirurgische InstrumenteFirmenportrait,https://www.weltzentrum-der-medizintechnik.de/profil/Rincon+Chirurgische+Instrumente-77/ueber,
amaderm GmbHFirmenportrait,https://www.weltzentrum-der-medizintechnik.de/profil/amaderm+GmbH-883/ueber,http://www.amaderm.de
Berlin Heart GmbHFirmenportrait,https://www.weltzentrum-der-medizintechnik.de/profil/Berlin+Heart+GmbH-971/ueber,https://www.berlinheart.de
Klinikum Westbrandenburg GmbH - Standort BrandenburgFirmenportrait,https://www.weltzentrum-der-medizintechnik.de/profil/Klinikum+Westbrandenburg+GmbH++Standort+Brandenburg-10099/ueber,http://www.klinikumwb.de/
Diakonie Klinikum Neunkirchen gemeinnützige GmbHFirmenportrait,https://www.weltzentrum-der-medizintechnik.de/profil/Diakonie+Klinikum+Neunkirchen+gemeinnuetzige+GmbH-10214/ueber,http://www.kreuznacherdiakonie.de/Krankenhaeuser/Diakonie-Klinikum-Neunkirchen/
Klinikum SaarbrückenFirmenportrait,https://www.weltzentrum-der-medizintechnik.de/profil/Klinikum+Saarbruecken-10090/ueber,http://www.klinikum-saarbruecken.de
Kliniken Maria Hilf GmbHFirmenportrait,https://www.weltzentrum-der-medizintechnik.de/profil/Kliniken+Maria+Hilf+GmbH-10282/ueber,http://www.mariahilf.de
Diakonie-Klinikum StuttgartFirmenportrait,https://www.weltzentrum-der-medizintechnik.de/profil/DiakonieKlinikum+Stuttgart-10881/ueber,https://www.diakonie-klinikum.de/
Schreiber & Tholen Medizintechnik GmbHFirmenportrait,https://www.weltzentrum-der-medizintechnik.de/profil/Schreiber+%2526+Tholen+Medizintechnik+GmbH-2184/ueber,http://www.schreiber-tholen.de
Marienkrankenhaus gGmbHFirmenportrait,https://www.weltzentrum-der-medizintechnik.de/profil/Marienkrankenhaus+gGmbH-10357/ueber,http://www.mkh-soest.de
kbo-Isar-Amper-Klinikum München-OstFirmenportrait,https://www.weltzentrum-der-medizintechnik.de/profil/kboIsarAmperKlinikum+MuenchenOst-9782/ueber,http://www.iak-kmo.de
Adeka SAFirmenportrait,https://www.weltzentrum-der-medizintechnik.de/profil/Adeka+SA-810/ueber,http://www.adeka.ch
HAJOVITAL KGFirmenportrait,https://www.weltzentrum-der-medizintechnik.de/profil/HAJOVITAL+KG-1382/ueber,http://www.hajovital.de
Sankt Elisabeth Hospital St. Lucia Hospital HarsewinkelFirmenportrait,https://www.weltzentrum-der-medizintechnik.de/profil/Sankt+Elisabeth+Hospital+St.+Lucia+Hospital+Harsewinkel-11256/ueber,https://www.sankt-elisabeth-hospital.de
Klinik Dr. MuschinskyFirmenportrait,https://www.weltzentrum-der-medizintechnik.de/profil/Klinik+Dr.+Muschinsky-10372/ueber,http://www.Muschinsky.de
P. C. Turck Produktions- und Verwaltungs GmbHFirmenportrait,https://www.weltzentrum-der-medizintechnik.de/profil/P.+C.+Turck+Produktions+und+Verwaltungs+GmbH-1972/ueber,http://www.pcturck.de
Ackermann Instruments GmbHFirmenportrait,https://www.weltzentrum-der-medizintechnik.de/profil/Ackermann+Instruments+GmbH-43/ueber,http://www.ackermanninstrumente.de
METLOG Deutschland GmbHFirmenportrait,https://www.weltzentrum-der-medizintechnik.de/profil/METLOG+Deutschland+GmbH-1833/ueber,http://www.metlog-biomed.eu/
ambutrade GmbHFirmenportrait,https://www.weltzentrum-der-medizintechnik.de/profil/ambutrade+GmbH-886/ueber,http://www.ambutrade.de
Asklepios Fachklinikum Brandenburg TK PotsdamFirmenportrait,https://www.weltzentrum-der-medizintechnik.de/profil/Asklepios+Fachklinikum+Brandenburg+TK+Potsdam-9360/ueber,http://www.asklepios.com/brandenburg
AGAPLESION DIAKONIEKLINIKUM HAMBURGFirmenportrait,https://www.weltzentrum-der-medizintechnik.de/profil/AGAPLESION+DIAKONIEKLINIKUM+HAMBURG-9564/ueber,http://www.d-k-h.de
Psychiatrisches Krankenhaus Rickling (TK Bad Segeberg)Firmenportrait,https://www.weltzentrum-der-medizintechnik.de/profil/Psychiatrisches+Krankenhaus+Rickling+TK+Bad+Segeberg-11284/ueber,https://www.tagesklinik-badsegeberg.de
Bruno KellerFirmenportrait,https://www.weltzentrum-der-medizintechnik.de/profil/Bruno+Keller-389/ueber,http://www.keller-medizintechnik.com
a3Ds GmbH automated 3D scanningFirmenportrait,https://www.weltzentrum-der-medizintechnik.de/profil/a3Ds+GmbH+automated+3D+scanning-828/ueber,http://www.a3ds.de
Ruppiner KlinikenFirmenportrait,https://www.weltzentrum-der-medizintechnik.de/profil/Ruppiner+Kliniken-10498/ueber,http://www.ruppiner-kliniken.de
Brill Industrievertretung GmbH & Co. KGFirmenportrait,https://www.weltzentrum-der-medizintechnik.de/profil/Brill+Industrievertretung+GmbH+%2526+Co.+KG-1025/ueber,http://www.iv-brill.de
Vitos kinder- und jugendpsychiatrische Tagesklinik KorbachFirmenportrait,https://www.weltzentrum-der-medizintechnik.de/profil/Vitos+kinder+und+jugendpsychiatrische+Tagesklinik+Korbach-11318/ueber,https://www.vitos.de/gesellschaften/vitos-kurhessen
Psychiatrische Tagesklinik GeislingenFirmenportrait,https://www.weltzentrum-der-medizintechnik.de/profil/Psychiatrische+Tagesklinik+Geislingen-9507/ueber,http://www.christophsbad.de
Tagesklinik WangenFirmenportrait,https://www.weltzentrum-der-medizintechnik.de/profil/Tagesklinik+Wangen-11345/ueber,https://www.zfp-web.de/
Bossard Deutschland GmbHFirmenportrait,https://www.weltzentrum-der-medizintechnik.de/profil/Bossard+Deutschland+GmbH-11388/ueber,https://www.bossard.com/de-de/ueber-uns/company/deutschland/
Kröner Medizintechnik GmbHFirmenportrait,https://www.weltzentrum-der-medizintechnik.de/profil/Kroener+Medizintechnik+GmbH-1579/ueber,http://www.kroener-medical.de
Delbramed GmbHFirmenportrait,https://www.weltzentrum-der-medizintechnik.de/profil/Delbramed+GmbH-334/ueber,http://www.delbramed.com
Krankenhaus SchlüchternFirmenportrait,https://www.weltzentrum-der-medizintechnik.de/profil/Krankenhaus+Schluechtern-10360/ueber,http://www.mkkliniken.de/
Albrecht Präzision GmbH & Co. KGFirmenportrait,https://www.weltzentrum-der-medizintechnik.de/profil/Albrecht+Praezision+GmbH+%2526+Co.+KG-179/ueber,http://www.albrecht-germany.com
Helios Klinik Cuxhaven GmbHFirmenportrait,https://www.weltzentrum-der-medizintechnik.de/profil/Helios+Klinik+Cuxhaven+GmbH-2807/ueber,http://www.helios-gesundheit.de/cuxhaven
Klinikum Werra Meißner GmbH / Standort EschwegeFirmenportrait,https://www.weltzentrum-der-medizintechnik.de/profil/Klinikum+Werra+Meissner+GmbH++Standort+Eschwege-10104/ueber,http://www.klinikum-werra-meissner.de
Augenklinik Berlin-Marzahn GmbHFirmenportrait,https://www.weltzentrum-der-medizintechnik.de/profil/Augenklinik+BerlinMarzahn+GmbH-9218/ueber,http://www.augenklinik-berlin.de
Pulmokard GmbHFirmenportrait,https://www.weltzentrum-der-medizintechnik.de/profil/Pulmokard+GmbH-2059/ueber,http://www.pulmokard.de
kbo-Isar-Amper-Klinikum AtriumhausFirmenportrait,https://www.weltzentrum-der-medizintechnik.de/profil/kboIsarAmperKlinikum+Atriumhaus-9781/ueber,http://www.iak-kmo.de
RINECKER PROTON THERAPY CENTERFirmenportrait,https://www.weltzentrum-der-medizintechnik.de/profil/RINECKER+PROTON+THERAPY+CENTER-2114/ueber,https://www.rptc.de/de/
Medizintechnik Eilts GmbH & Co. KGFirmenportrait,https://www.weltzentrum-der-medizintechnik.de/profil/Medizintechnik+Eilts+GmbH+%2526+Co.+KG-1774/ueber,http://www.medizintechnik-eilts.com
SDR Nordqualität UG (haftungsbeschränkt)Firmenportrait,https://www.weltzentrum-der-medizintechnik.de/profil/SDR+Nordqualitaet+UG+haftungsbeschraenkt-2197/ueber,http://www.nordqualitaet.de
DÜRR DeutschlandNTAL AGFirmenportrait,https://www.weltzentrum-der-medizintechnik.de/profil/D%25C3%259CRR+DeutschlandNTAL+AG-1194/ueber,http://www.duerrdental.com
Klinikum Niederlausitz GmbHFirmenportrait,https://www.weltzentrum-der-medizintechnik.de/profil/Klinikum+Niederlausitz+GmbH-10075/ueber,http://www.klinikum-niederlausitz.de
SANITÄTSHAUS REHA-TEAM BAUER GMBHFirmenportrait,https://www.weltzentrum-der-medizintechnik.de/profil/SANIT%25C3%2584TSHAUS+REHATEAM+BAUER+GMBH-2163/ueber,http://www.sanitaetshausbauer.de
Denzel Medical GmbH & Co. KGFirmenportrait,https://www.weltzentrum-der-medizintechnik.de/profil/Denzel+Medical+GmbH+%2526+Co.+KG-303/ueber,http://www.denzel.com/
Reinhard Weidlich GesundheitsmarketingFirmenportrait,https://www.weltzentrum-der-medizintechnik.de/profil/Reinhard+Weidlich+Gesundheitsmarketing-2090/ueber,http://www.sauerstoffprofi.de
SOGA Gallenbach GmbHFirmenportrait,https://www.weltzentrum-der-medizintechnik.de/profil/SOGA+Gallenbach+GmbH-2473/ueber,http://www.soga.de
Capnomed GmbHFirmenportrait,https://www.weltzentrum-der-medizintechnik.de/profil/Capnomed+GmbH-332/ueber,https://www.capnomed.de/
DRK Krankenhaus KirchenFirmenportrait,https://www.weltzentrum-der-medizintechnik.de/profil/DRK+Krankenhaus+Kirchen-10895/ueber,https://www.drk-kh-kirchen.de.
"Paradigm Spine GmbH (RTI Surgical Holdings, Inc.)Firmenportrait",https://www.weltzentrum-der-medizintechnik.de/profil/Paradigm+Spine+GmbH+RTI+Surgical+Holdings%252C+Inc.-447/ueber,http://www.paradigmspine.com
Klinikum rechts der Isar der Technischen Universität MünchenFirmenportrait,https://www.weltzentrum-der-medizintechnik.de/profil/Klinikum+rechts+der+Isar+der+Technischen+Universitaet+Muenchen-10362/ueber,http://www.mri.tum.de
Karl-Jaspers-KlinikFirmenportrait,https://www.weltzentrum-der-medizintechnik.de/profil/KarlJaspersKlinik-11000/ueber,https://www.karl-jaspers-klinik.de/
St. Josef-Krankenhaus KönigsteinFirmenportrait,https://www.weltzentrum-der-medizintechnik.de/profil/St.+JosefKrankenhaus+Koenigstein-10982/ueber,https://www.hochtaunus-kliniken.de/medizinische-fachabteilungen/koenigstein
Heiko MesleFirmenportrait,https://www.weltzentrum-der-medizintechnik.de/profil/Heiko+Mesle-428/ueber,http://www.heikomesle.de
Medizintechnik Degner GmbHFirmenportrait,https://www.weltzentrum-der-medizintechnik.de/profil/Medizintechnik+Degner+GmbH-1773/ueber,http://www.medizintechnik-degner.de
proLab GmbHFirmenportrait,https://www.weltzentrum-der-medizintechnik.de/profil/proLab+GmbH-2048/ueber,http://www.prolab-medical.com/
Deutsches Rotes Kreuz Krankenhaus Chemnitz-RabensteinFirmenportrait,https://www.weltzentrum-der-medizintechnik.de/profil/Deutsches+Rotes+Kreuz+Krankenhaus+ChemnitzRabenstein-9270/ueber,http://rab.drk-khs.de/
AMEOS Klinikum St. Marien OberhausenFirmenportrait,https://www.weltzentrum-der-medizintechnik.de/profil/AMEOS+Klinikum+St.+Marien+Oberhausen-10823/ueber,https://www.ameos.eu/standorte/ameos-west/oberhausen/
Orthopädie Wolfgang Lattrich GmbHFirmenportrait,https://www.weltzentrum-der-medizintechnik.de/profil/Orthopaedie+Wolfgang+Lattrich+GmbH-1963/ueber,http://www.lattrich.de
